seq,t_us,raw_x,raw_y,raw_z,mv_x,mv_y,mv_z
0,340060,1840,1805,1302,1653,1619,1218
1,349297,1842,1779,1303,1653,1618,1211
2,359298,1841,1804,1304,1667,1617,1210
3,369297,1841,1799,1311,1652,1622,1215
4,379298,1837,1798,1304,1640,1624,1212
5,389298,1840,1799,1302,1650,1626,1218
6,399298,1840,1785,1312,1653,1613,1210
7,409298,1840,1795,1310,1675,1618,1208
8,419298,1843,1793,1311,1632,1613,1215
9,429298,1841,1797,1303,1654,1617,1212
10,439298,1840,1801,1311,1660,1619,1223
11,449298,1840,1793,1307,1652,1625,1218
12,459297,1842,1798,1301,1661,1614,1212
13,469298,1835,1802,1306,1651,1622,1216
14,479297,1837,1791,1307,1654,1618,1215
15,489297,1840,1770,1311,1655,1618,1213
16,499298,1842,1808,1305,1653,1615,1206
17,509297,1840,1802,1309,1653,1622,1223
18,519297,1841,1798,1305,1653,1621,1214
19,529298,1842,1795,1305,1661,1619,1210
20,539298,1846,1797,1306,1653,1623,1208
21,549298,1840,1792,1301,1654,1619,1213
22,559298,1840,1799,1302,1651,1626,1218
23,569297,1840,1817,1306,1664,1618,1217
24,579297,1840,1802,1313,1649,1622,1218
25,589298,1858,1808,1312,1648,1622,1232
26,599297,1842,1796,1311,1653,1621,1215
27,609297,1842,1805,1326,1644,1626,1216
28,619298,1845,1804,1312,1675,1612,1214
29,629297,1840,1797,1314,1650,1629,1218
30,639298,1845,1801,1303,1653,1626,1218
31,649297,1847,1802,1302,1654,1614,1213
32,659298,1842,1799,1311,1657,1619,1220
33,669298,1845,1804,1297,1658,1621,1217
34,679297,1843,1807,1308,1652,1624,1220
35,689298,1839,1813,1305,1653,1626,1219
36,699298,1842,1806,1299,1650,1614,1218
37,709298,1840,1799,1315,1654,1617,1208
38,719298,1847,1797,1301,1655,1612,1212
39,729297,1843,1798,1300,1657,1622,1216
40,739298,1844,1814,1310,1655,1615,1206
41,749298,1839,1795,1300,1653,1617,1206
42,759298,1843,1801,1304,1653,1629,1206
43,769297,1840,1803,1306,1655,1614,1204
44,779297,1843,1792,1296,1658,1617,1211
45,789298,1844,1805,1310,1654,1619,1214
46,799298,1840,1797,1306,1653,1625,1208
47,809298,1840,1801,1299,1653,1596,1206
48,819297,1840,1802,1310,1656,1619,1211
49,829297,1841,1795,1314,1653,1626,1218
50,839297,1849,1797,1317,1656,1616,1215
51,849297,1838,1806,1321,1653,1619,1212
52,859298,1840,1803,1307,1653,1622,1224
53,869297,1840,1798,1297,1664,1619,1214
54,879298,1843,1798,1302,1656,1619,1223
55,889298,1840,1805,1303,1653,1615,1218
56,899298,1839,1802,1301,1653,1617,1218
57,909298,1845,1803,1305,1649,1621,1206
58,919297,1846,1798,1309,1649,1624,1213
59,929297,1851,1793,1316,1657,1615,1212
60,939297,1840,1803,1309,1657,1624,1208
61,949298,1846,1794,1310,1649,1626,1217
62,959298,1837,1798,1307,1657,1619,1214
63,969298,1846,1799,1312,1658,1613,1220
64,979298,1842,1797,1307,1665,1626,1220
65,989297,1840,1807,1298,1658,1621,1214
66,999297,1841,1799,1311,1653,1622,1215
67,1009298,1842,1807,1309,1654,1619,1213
68,1019297,1840,1798,1301,1635,1619,1211
69,1029298,1839,1800,1310,1650,1614,1214
70,1039297,1845,1808,1305,1652,1621,1228
71,1049298,1845,1808,1311,1653,1622,1218
72,1059297,1843,1797,1303,1638,1623,1218
73,1069297,1840,1799,1299,1653,1621,1217
74,1079297,1845,1802,1303,1652,1626,1208
75,1089297,1841,1796,1309,1653,1624,1217
76,1099298,1839,1799,1301,1653,1617,1211
77,1109298,1849,1802,1307,1653,1619,1208
78,1119297,1847,1805,1306,1653,1619,1206
79,1129297,1841,1798,1316,1655,1619,1214
80,1139298,1842,1803,1314,1652,1618,1217
81,1149298,1840,1795,1306,1653,1622,1218
82,1159298,1842,1799,1301,1652,1621,1216
83,1169298,1841,1798,1280,1652,1619,1200
84,1179297,1842,1804,1303,1653,1624,1218
85,1189297,1843,1799,1306,1653,1616,1213
86,1199298,1844,1798,1301,1653,1618,1217
87,1209298,1842,1802,1306,1658,1619,1215
88,1219298,1846,1803,1303,1654,1619,1218
89,1229297,1842,1802,1311,1652,1617,1213
90,1239298,1845,1806,1309,1653,1622,1209
91,1249297,1840,1801,1275,1649,1626,1219
92,1259298,1842,1803,1301,1654,1619,1215
93,1269298,1845,1808,1311,1653,1626,1222
94,1279297,1843,1798,1301,1653,1625,1214
95,1289297,1841,1797,1307,1653,1621,1215
96,1299298,1840,1798,1309,1655,1623,1212
97,1309298,1840,1799,1309,1655,1617,1215
98,1319298,1840,1805,1309,1653,1622,1222
99,1329298,1846,1806,1312,1654,1622,1209
100,1339297,1842,1795,1301,1658,1626,1213
101,1349297,1841,1807,1312,1653,1619,1213
102,1359298,1840,1799,1310,1653,1619,1220
103,1369298,1843,1798,1288,1657,1597,1195
104,1379297,1840,1803,1303,1655,1618,1214
105,1389298,1840,1798,1307,1653,1618,1214
106,1399298,1846,1802,1302,1653,1616,1212
107,1409298,1841,1791,1311,1657,1618,1213
108,1419298,1840,1806,1298,1658,1619,1211
109,1429298,1839,1799,1328,1653,1626,1228
110,1439298,1844,1806,1310,1652,1619,1215
111,1449298,1842,1798,1281,1658,1617,1194
112,1459297,1840,1805,1301,1653,1617,1214
113,1469297,1847,1807,1299,1653,1617,1212
114,1479298,1840,1800,1305,1653,1625,1214
115,1489298,1840,1795,1308,1650,1617,1211
116,1499298,1842,1801,1299,1655,1639,1212
117,1509297,1840,1797,1312,1657,1615,1215
118,1519298,1839,1798,1307,1661,1604,1207
119,1529298,1844,1802,1306,1650,1627,1206
120,1539298,1840,1793,1316,1655,1624,1214
121,1549298,1838,1795,1306,1651,1617,1210
122,1559298,1843,1798,1308,1653,1602,1212
123,1569298,1839,1807,1300,1655,1619,1211
124,1579298,1840,1796,1313,1657,1618,1213
125,1589298,1840,1795,1284,1654,1623,1207
126,1599298,1840,1802,1300,1653,1621,1212
127,1609298,1840,1793,1313,1653,1615,1219
128,1619297,1840,1806,1305,1653,1619,1213
129,1629297,1840,1802,1311,1653,1625,1211
130,1639297,1840,1808,1309,1657,1619,1212
131,1649297,1841,1796,1303,1642,1622,1204
132,1659298,1840,1802,1307,1646,1617,1215
133,1669298,1841,1800,1298,1653,1617,1211
134,1679297,1840,1791,1310,1657,1615,1217
135,1689297,1841,1807,1307,1653,1622,1214
136,1699298,1841,1801,1302,1651,1622,1217
137,1709298,1846,1795,1303,1657,1617,1214
138,1719298,1841,1802,1303,1653,1617,1215
139,1729298,1839,1785,1296,1657,1635,1208
140,1739298,1843,1795,1310,1653,1617,1213
141,1749297,1840,1795,1300,1639,1621,1217
142,1759298,1844,1793,1302,1653,1596,1212
143,1769298,1841,1807,1303,1664,1623,1215
144,1779298,1840,1798,1306,1656,1595,1214
145,1789298,1840,1824,1308,1653,1624,1213
146,1799297,1840,1796,1307,1638,1624,1206
147,1809298,1839,1799,1317,1653,1626,1194
148,1819297,1841,1823,1302,1653,1617,1214
149,1829298,1840,1802,1311,1650,1617,1219
150,1839298,1841,1799,1308,1658,1624,1215
151,1849297,1840,1811,1303,1653,1621,1210
152,1859297,1845,1776,1306,1665,1619,1220
153,1869298,1846,1797,1308,1655,1619,1219
154,1879298,1840,1805,1308,1658,1618,1210
155,1889298,1846,1799,1323,1650,1619,1219
156,1899297,1845,1801,1306,1653,1617,1210
157,1909298,1841,1797,1303,1653,1618,1215
158,1919297,1843,1795,1302,1655,1616,1215
159,1929298,1840,1797,1297,1652,1621,1215
160,1939298,1843,1797,1328,1656,1619,1213
161,1949297,1840,1793,1290,1655,1606,1218
162,1959298,1841,1805,1303,1653,1615,1212
163,1969297,1842,1797,1284,1653,1621,1218
164,1979298,1838,1798,1309,1657,1616,1213
165,1989298,1843,1803,1302,1655,1617,1213
166,1999298,1837,1818,1299,1653,1616,1208
167,2009298,1840,1803,1311,1654,1626,1214
168,2019297,1843,1790,1301,1653,1626,1215
169,2029298,1840,1798,1313,1655,1616,1208
170,2039298,1840,1802,1301,1651,1617,1211
171,2049298,1843,1805,1296,1650,1617,1217
172,2059297,1839,1797,1309,1649,1611,1208
173,2069298,1839,1803,1275,1653,1624,1214
174,2079297,1840,1797,1310,1653,1626,1214
175,2089298,1840,1801,1306,1649,1626,1220
176,2099298,1845,1787,1287,1653,1614,1223
177,2109298,1840,1806,1294,1652,1617,1217
178,2119298,1840,1799,1308,1654,1617,1218
179,2129297,1840,1803,1275,1653,1619,1217
180,2139298,1840,1789,1301,1653,1616,1214
181,2149297,1840,1794,1303,1653,1612,1213
182,2159297,1841,1794,1300,1655,1626,1222
183,2169298,1840,1809,1309,1655,1621,1220
184,2179298,1835,1798,1307,1653,1621,1195
185,2189298,1845,1805,1301,1653,1613,1207
186,2199297,1840,1806,1311,1653,1618,1211
187,2209298,1839,1802,1309,1651,1617,1220
188,2219298,1841,1803,1303,1653,1622,1211
189,2229298,1843,1800,1302,1657,1618,1212
190,2239298,1840,1805,1306,1653,1624,1212
191,2249297,1842,1801,1308,1653,1617,1222
192,2259298,1842,1803,1302,1646,1617,1210
193,2269298,1841,1798,1309,1652,1624,1217
194,2279298,1839,1798,1305,1652,1622,1210
195,2289297,1843,1806,1309,1654,1618,1218
196,2299298,1841,1808,1293,1658,1617,1208
197,2309298,1840,1794,1305,1653,1621,1210
198,2319298,1840,1802,1308,1657,1632,1210
199,2329298,1843,1809,1308,1658,1619,1212
200,2339297,1840,1805,1307,1653,1615,1217
201,2349297,1843,1800,1284,1663,1626,1211
202,2359297,1843,1794,1302,1651,1621,1213
203,2369298,1840,1795,1308,1653,1621,1214
204,2379297,1838,1799,1297,1651,1618,1206
205,2389298,1840,1803,1310,1652,1621,1214
206,2399298,1845,1793,1307,1654,1621,1212
207,2409297,1840,1799,1307,1653,1621,1190
208,2419298,1845,1808,1302,1653,1617,1213
209,2429298,1842,1802,1309,1653,1624,1218
210,2439297,1844,1791,1313,1658,1605,1214
211,2449298,1840,1805,1307,1654,1619,1208
212,2459297,1838,1801,1311,1653,1616,1214
213,2469297,1837,1797,1309,1654,1615,1218
214,2479298,1840,1799,1307,1656,1616,1208
215,2489297,1843,1794,1307,1655,1614,1214
216,2499298,1840,1802,1315,1655,1618,1212
217,2509298,1842,1797,1306,1654,1624,1207
218,2519298,1845,1799,1309,1655,1623,1219
219,2529298,1834,1805,1303,1652,1619,1218
220,2539298,1841,1795,1303,1653,1618,1210
221,2549297,1840,1797,1309,1654,1621,1206
222,2559298,1836,1803,1303,1655,1615,1214
223,2569297,1845,1798,1298,1651,1618,1217
224,2579298,1842,1802,1303,1655,1626,1211
225,2589298,1843,1805,1309,1650,1621,1219
226,2599297,1840,1797,1311,1657,1619,1213
227,2609297,1843,1796,1312,1653,1625,1215
228,2619297,1842,1794,1307,1666,1624,1215
229,2629297,1843,1792,1309,1651,1619,1216
230,2639298,1844,1798,1306,1653,1619,1211
231,2649298,1842,1791,1307,1653,1618,1206
232,2659298,1841,1791,1309,1658,1624,1218
233,2669297,1841,1802,1303,1654,1624,1216
234,2679298,1840,1808,1310,1651,1618,1210
235,2689298,1843,1797,1306,1652,1617,1219
236,2699297,1840,1804,1315,1653,1622,1211
237,2709298,1842,1799,1299,1655,1620,1215
238,2719298,1842,1808,1313,1653,1621,1210
239,2729298,1836,1797,1302,1652,1619,1212
240,2739297,1843,1794,1302,1658,1622,1208
241,2749298,1840,1802,1307,1659,1623,1208
242,2759297,1840,1808,1298,1653,1622,1218
243,2769297,1841,1806,1302,1658,1615,1220
244,2779298,1841,1782,1311,1653,1626,1217
245,2789298,1841,1779,1303,1655,1614,1208
246,2799298,1841,1794,1303,1650,1626,1218
247,2809297,1839,1791,1306,1654,1617,1218
248,2819298,1840,1804,1307,1655,1625,1205
249,2829298,1840,1793,1301,1652,1616,1214
250,2839298,1838,1798,1310,1660,1618,1216
251,2849298,1840,1799,1299,1658,1617,1217
252,2859297,1841,1799,1310,1650,1617,1210
253,2869297,1840,1799,1301,1660,1623,1208
254,2879297,1840,1800,1308,1652,1614,1210
255,2889298,1840,1796,1305,1653,1617,1214
256,2899298,1842,1799,1309,1658,1618,1218
257,2909297,1846,1799,1298,1650,1616,1213
258,2919297,1840,1794,1306,1653,1618,1216
259,2929297,1840,1803,1354,1655,1609,1212
260,2939298,1840,1799,1310,1666,1615,1219
261,2949297,1835,1802,1326,1653,1626,1214
262,2959298,1840,1801,1306,1654,1619,1218
263,2969297,1841,1790,1307,1653,1619,1216
264,2979297,1847,1802,1310,1649,1621,1216
265,2989297,1845,1797,1312,1653,1613,1220
266,2999297,1840,1803,1302,1650,1622,1210
267,3009298,1840,1797,1310,1650,1619,1212
268,3019297,1840,1795,1300,1635,1617,1214
269,3029298,1840,1795,1302,1653,1619,1222
270,3039298,1841,1779,1298,1657,1622,1217
271,3049298,1838,1805,1309,1656,1624,1213
272,3059298,1850,1763,1306,1653,1626,1213
273,3069298,1842,1802,1299,1653,1617,1205
274,3079298,1840,1803,1305,1658,1617,1213
275,3089298,1842,1791,1313,1652,1619,1212
276,3099297,1842,1794,1305,1652,1614,1212
277,3109298,1840,1792,1291,1652,1619,1220
278,3119298,1839,1797,1314,1653,1626,1208
279,3129297,1840,1799,1303,1658,1621,1219
280,3139298,1840,1800,1302,1654,1619,1208
281,3149298,1840,1797,1306,1653,1619,1213
282,3159297,1840,1814,1317,1653,1617,1219
283,3169298,1843,1797,1318,1655,1615,1198
284,3179298,1840,1792,1304,1653,1615,1213
285,3189297,1842,1801,1302,1652,1621,1218
286,3199297,1845,1793,1308,1658,1622,1209
287,3209298,1840,1803,1313,1657,1626,1222
288,3219298,1841,1811,1311,1661,1618,1214
289,3229298,1840,1793,1301,1653,1622,1212
290,3239298,1842,1797,1307,1653,1623,1212
291,3249298,1841,1799,1296,1644,1622,1217
292,3259298,1844,1805,1305,1656,1621,1218
293,3269298,1837,1801,1296,1655,1621,1218
294,3279298,1844,1799,1310,1653,1616,1213
295,3289297,1843,1799,1305,1656,1619,1204
296,3299298,1842,1801,1308,1653,1616,1220
297,3309298,1838,1801,1305,1653,1617,1217
298,3319298,1845,1802,1310,1653,1615,1215
299,3329298,1840,1808,1301,1654,1622,1223
300,3339298,1845,1803,1310,1654,1621,1245
301,3349298,1847,1805,1317,1658,1629,1217
302,3359298,1840,1803,1309,1651,1614,1208
303,3369298,1841,1798,1306,1653,1621,1247
304,3379298,1842,1806,1301,1653,1621,1214
305,3389297,1840,1801,1292,1654,1612,1222
306,3399298,1840,1808,1307,1664,1617,1213
307,3409298,1843,1803,1328,1655,1618,1212
308,3419297,1840,1801,1310,1644,1617,1222
309,3429298,1843,1805,1305,1653,1616,1222
310,3439298,1841,1797,1306,1658,1613,1218
311,3449298,1841,1802,1301,1653,1616,1208
312,3459298,1840,1803,1309,1655,1616,1208
313,3469298,1842,1803,1305,1653,1621,1219
314,3479298,1842,1795,1306,1639,1621,1213
315,3489298,1843,1795,1302,1653,1614,1208
316,3499297,1840,1798,1303,1652,1621,1190
317,3509298,1840,1794,1284,1653,1624,1225
318,3519297,1845,1813,1303,1653,1622,1215
319,3529298,1841,1806,1308,1655,1626,1222
320,3539297,1841,1803,1307,1664,1622,1212
321,3549297,1840,1799,1309,1653,1622,1211
322,3559298,1842,1791,1299,1663,1616,1213
323,3569297,1840,1799,1311,1678,1619,1208
324,3579297,1843,1791,1299,1653,1618,1208
325,3589298,1840,1794,1312,1653,1615,1214
326,3599298,1840,1802,1312,1653,1619,1212
327,3609298,1840,1801,1331,1654,1624,1222
328,3619298,1840,1801,1337,1653,1616,1207
329,3629298,1840,1794,1302,1653,1617,1212
330,3639298,1843,1799,1299,1654,1621,1221
331,3649297,1840,1793,1303,1653,1624,1219
332,3659297,1841,1797,1303,1674,1615,1215
333,3669298,1842,1798,1306,1651,1617,1215
334,3679297,1840,1803,1302,1657,1626,1214
335,3689297,1842,1797,1307,1649,1621,1217
336,3699298,1842,1797,1301,1652,1617,1212
337,3709297,1842,1792,1308,1668,1614,1215
338,3719297,1840,1803,1282,1658,1612,1212
339,3729297,1840,1811,1306,1652,1618,1208
340,3739297,1840,1806,1312,1653,1621,1218
341,3749297,1840,1791,1303,1656,1621,1217
342,3759297,1845,1790,1301,1649,1615,1210
343,3769297,1842,1806,1299,1660,1617,1211
344,3779297,1838,1805,1300,1647,1618,1214
345,3789297,1840,1799,1306,1655,1622,1213
346,3799298,1842,1797,1306,1652,1621,1217
347,3809298,1842,1808,1309,1653,1624,1217
348,3819298,1840,1797,1300,1658,1620,1220
349,3829297,1840,1797,1310,1653,1639,1218
350,3839298,1840,1808,1302,1653,1626,1213
351,3849298,1840,1798,1306,1644,1618,1209
352,3859298,1840,1797,1307,1653,1618,1211
353,3869298,1843,1805,1311,1653,1622,1217
354,3879297,1840,1793,1296,1653,1625,1210
355,3889298,1840,1792,1311,1658,1621,1221
356,3899297,1842,1798,1303,1657,1621,1212
357,3909298,1843,1803,1307,1657,1622,1214
358,3919297,1840,1797,1306,1653,1616,1211
359,3929298,1843,1797,1307,1649,1605,1212
360,3939297,1841,1797,1313,1657,1617,1214
361,3949297,1840,1802,1302,1662,1621,1211
362,3959298,1840,1799,1344,1655,1626,1218
363,3969297,1834,1802,1303,1657,1618,1216
364,3979297,1843,1815,1313,1655,1622,1217
365,3989298,1840,1797,1315,1656,1616,1215
366,3999298,1842,1807,1301,1655,1621,1218
367,4009297,1843,1804,1302,1653,1624,1210
368,4019297,1846,1808,1307,1662,1617,1210
369,4029298,1843,1799,1297,1655,1614,1220
370,4039297,1840,1795,1298,1653,1622,1204
371,4049298,1840,1798,1297,1653,1617,1223
372,4059297,1843,1807,1312,1653,1616,1214
373,4069297,1833,1801,1303,1653,1624,1215
374,4079298,1841,1795,1309,1653,1617,1207
375,4089298,1840,1795,1306,1657,1617,1206
376,4099297,1841,1796,1315,1653,1615,1209
377,4109297,1839,1797,1302,1652,1614,1220
378,4119298,1840,1798,1303,1656,1614,1213
379,4129297,1840,1803,1334,1653,1627,1208
380,4139298,1840,1800,1307,1653,1617,1209
381,4149298,1841,1794,1307,1653,1617,1214
382,4159298,1845,1797,1298,1654,1621,1208
383,4169297,1840,1797,1302,1654,1597,1211
384,4179297,1840,1799,1307,1656,1626,1221
385,4189298,1840,1795,1306,1660,1612,1215
386,4199298,1842,1801,1306,1653,1619,1213
387,4209298,1840,1803,1312,1653,1626,1220
388,4219297,1840,1801,1307,1653,1622,1212
389,4229298,1845,1797,1301,1666,1621,1217
390,4239298,1842,1797,1306,1653,1626,1211
391,4249297,1845,1801,1307,1656,1619,1220
392,4259298,1840,1796,1310,1637,1624,1208
393,4269298,1830,1799,1305,1648,1597,1217
394,4279297,1840,1807,1311,1653,1619,1213
395,4289297,1842,1801,1302,1653,1618,1222
396,4299298,1843,1805,1310,1653,1614,1221
397,4309298,1840,1794,1307,1653,1618,1220
398,4319298,1843,1801,1303,1662,1626,1181
399,4329298,1841,1815,1309,1653,1617,1218
400,4339297,1840,1802,1303,1641,1616,1212
401,4349297,1840,1803,1303,1653,1619,1217
402,4359298,1842,1799,1307,1653,1616,1210
403,4369297,1844,1806,1307,1658,1621,1215
404,4379298,1840,1793,1311,1653,1618,1222
405,4389297,1840,1789,1309,1653,1616,1214
406,4399298,1847,1831,1309,1658,1622,1214
407,4409298,1840,1801,1313,1650,1625,1212
408,4419297,1842,1799,1310,1653,1619,1213
409,4429298,1843,1799,1296,1655,1622,1211
410,4439298,1842,1803,1310,1657,1618,1250
411,4449297,1841,1797,1296,1653,1618,1212
412,4459298,1840,1792,1312,1658,1616,1217
413,4469298,1840,1807,1310,1653,1622,1219
414,4479298,1839,1802,1306,1650,1621,1220
415,4489298,1843,1808,1315,1658,1626,1216
416,4499298,1841,1798,1298,1655,1622,1220
417,4509297,1840,1799,1307,1657,1616,1211
418,4519297,1842,1802,1306,1652,1620,1220
419,4529298,1837,1808,1306,1652,1617,1217
420,4539297,1841,1798,1303,1653,1620,1220
421,4549298,1840,1804,1306,1654,1608,1220
422,4559298,1842,1798,1307,1653,1616,1218
423,4569298,1840,1807,1309,1658,1621,1219
424,4579297,1840,1798,1312,1653,1621,1208
425,4589297,1846,1802,1299,1657,1626,1220
426,4599298,1841,1806,1307,1658,1626,1224
427,4609298,1840,1803,1303,1663,1621,1212
428,4619298,1843,1806,1307,1653,1604,1217
429,4629298,1840,1803,1322,1653,1621,1214
430,4639297,1843,1796,1311,1658,1625,1210
431,4649297,1841,1801,1303,1653,1621,1214
432,4659298,1841,1804,1299,1653,1620,1214
433,4669297,1842,1821,1307,1657,1621,1222
434,4679298,1840,1808,1314,1658,1622,1214
435,4689298,1841,1802,1303,1653,1621,1218
436,4699298,1843,1802,1315,1655,1618,1227
437,4709298,1839,1794,1309,1653,1619,1210
438,4719298,1840,1802,1316,1653,1626,1212
439,4729297,1840,1802,1300,1656,1618,1218
440,4739297,1839,1803,1285,1654,1624,1215
441,4749298,1844,1802,1311,1652,1614,1210
442,4759298,1841,1802,1299,1658,1616,1209
443,4769297,1840,1793,1311,1653,1622,1212
444,4779297,1845,1794,1319,1653,1621,1235
445,4789298,1840,1794,1306,1657,1616,1213
446,4799298,1844,1798,1306,1650,1613,1215
447,4809297,1840,1803,1313,1653,1628,1212
448,4819298,1841,1797,1299,1654,1619,1228
449,4829298,1840,1777,1303,1630,1616,1211
450,4839298,1839,1795,1301,1657,1615,1210
451,4849298,1840,1803,1290,1658,1621,1207
452,4859298,1842,1793,1296,1655,1626,1213
453,4869297,1841,1797,1313,1662,1639,1215
454,4879298,1840,1808,1299,1653,1614,1206
455,4889298,1840,1795,1306,1654,1622,1218
456,4899298,1843,1798,1308,1650,1608,1217
457,4909298,1840,1805,1306,1653,1617,1216
458,4919298,1844,1799,1317,1653,1619,1210
459,4929298,1842,1805,1302,1657,1621,1220
460,4939297,1840,1799,1297,1647,1619,1208
461,4949298,1840,1798,1278,1653,1626,1212
462,4959297,1838,1795,1307,1653,1617,1215
463,4969298,1840,1807,1309,1635,1621,1217
464,4979297,1840,1799,1310,1653,1616,1218
465,4989297,1840,1798,1311,1660,1626,1211
466,4999297,1840,1798,1307,1653,1614,1215
467,5009298,1841,1801,1313,1654,1626,1217
468,5019298,1840,1786,1307,1680,1626,1211
469,5029297,1843,1798,1298,1650,1619,1220
470,5039298,1843,1803,1310,1652,1612,1215
471,5049298,1847,1799,1304,1653,1616,1204
472,5059298,1840,1803,1309,1653,1615,1212
473,5069297,1840,1805,1304,1657,1617,1211
474,5079298,1840,1799,1297,1655,1625,1218
475,5089298,1840,1799,1312,1653,1626,1214
476,5099297,1840,1799,1312,1653,1613,1219
477,5109298,1840,1799,1305,1653,1621,1207
478,5119298,1839,1793,1312,1654,1614,1214
479,5129298,1842,1798,1302,1656,1614,1212
480,5139298,1842,1811,1305,1653,1624,1214
481,5149297,1842,1798,1305,1653,1616,1211
482,5159297,1839,1799,1307,1658,1622,1215
483,5169297,1846,1805,1303,1653,1616,1208
484,5179297,1842,1808,1306,1654,1619,1217
485,5189297,1840,1803,1312,1662,1624,1222
486,5199297,1844,1802,1310,1658,1618,1214
487,5209298,1841,1807,1301,1653,1625,1208
488,5219298,1842,1794,1328,1657,1626,1211
489,5229298,1840,1801,1306,1653,1619,1211
490,5239298,1838,1790,1305,1653,1618,1206
491,5249297,1842,1803,1343,1658,1621,1218
492,5259298,1842,1798,1301,1652,1617,1208
493,5269298,1842,1798,1308,1653,1625,1215
494,5279298,1846,1793,1298,1652,1600,1209
495,5289297,1841,1791,1316,1657,1619,1212
496,5299298,1840,1801,1318,1652,1617,1210
497,5309297,1840,1802,1312,1651,1623,1213
498,5319298,1839,1803,1299,1673,1614,1211
499,5329298,1842,1799,1306,1636,1616,1212
500,5339298,1844,1793,1314,1649,1617,1220
501,5349298,1839,1802,1306,1653,1614,1217
502,5359298,1841,1799,1332,1653,1619,1210
503,5369298,1841,1803,1305,1653,1626,1206
504,5379298,1841,1798,1311,1654,1621,1219
505,5389298,1841,1798,1307,1657,1614,1215
506,5399298,1843,1792,1299,1658,1622,1212
507,5409298,1841,1795,1300,1652,1619,1218
508,5419297,1843,1799,1326,1652,1619,1206
509,5429297,1840,1799,1307,1656,1618,1216
510,5439298,1843,1797,1306,1652,1626,1217
511,5449298,1840,1799,1299,1653,1618,1210
512,5459297,1840,1799,1301,1653,1622,1215
513,5469298,1839,1798,1321,1653,1621,1221
514,5479298,1841,1794,1314,1653,1614,1215
515,5489298,1842,1793,1303,1651,1617,1213
516,5499298,1840,1811,1303,1671,1612,1215
517,5509298,1844,1799,1303,1667,1619,1218
518,5519298,1841,1802,1309,1653,1618,1218
519,5529298,1840,1796,1302,1656,1626,1218
520,5539298,1843,1797,1313,1655,1624,1214
521,5549298,1840,1798,1302,1658,1623,1220
522,5559298,1840,1798,1299,1653,1622,1204
523,5569297,1841,1798,1307,1643,1618,1222
524,5579298,1840,1798,1302,1653,1624,1218
525,5589298,1842,1806,1315,1631,1617,1212
526,5599298,1840,1795,1303,1636,1615,1216
527,5609297,1842,1795,1303,1653,1618,1215
528,5619298,1840,1795,1311,1650,1621,1217
529,5629298,1842,1801,1315,1653,1614,1210
530,5639298,1842,1801,1305,1652,1624,1215
531,5649298,1840,1797,1311,1663,1618,1210
532,5659297,1839,1794,1309,1652,1616,1211
533,5669298,1840,1803,1300,1653,1621,1210
534,5679297,1840,1803,1302,1650,1616,1209
535,5689298,1840,1808,1303,1639,1619,1208
536,5699297,1840,1799,1310,1649,1615,1214
537,5709298,1840,1808,1313,1653,1615,1215
538,5719297,1840,1807,1301,1653,1630,1214
539,5729298,1840,1776,1311,1653,1626,1218
540,5739298,1840,1803,1307,1652,1621,1214
541,5749297,1843,1799,1296,1657,1614,1218
542,5759298,1842,1808,1311,1652,1612,1208
543,5769297,1844,1804,1301,1655,1617,1208
544,5779298,1841,1801,1311,1653,1621,1218
545,5789298,1840,1794,1307,1658,1619,1212
546,5799297,1841,1804,1311,1654,1619,1214
547,5809297,1840,1801,1308,1653,1621,1210
548,5819298,1845,1805,1302,1657,1621,1210
549,5829297,1842,1802,1309,1657,1621,1209
550,5839298,1844,1802,1299,1653,1621,1231
551,5849298,1840,1796,1315,1653,1624,1215
552,5859297,1840,1808,1313,1653,1618,1217
553,5869297,1844,1799,1311,1653,1622,1212
554,5879298,1842,1803,1311,1653,1624,1214
555,5889298,1847,1806,1309,1655,1619,1214
556,5899297,1841,1805,1317,1652,1619,1213
557,5909297,1842,1794,1312,1655,1619,1214
558,5919298,1843,1801,1319,1653,1619,1207
559,5929298,1840,1799,1314,1651,1626,1230
560,5939297,1844,1802,1309,1650,1640,1212
561,5949298,1842,1803,1307,1655,1617,1222
562,5959297,1839,1795,1303,1655,1618,1214
563,5969298,1839,1799,1310,1654,1624,1217
564,5979298,1840,1796,1296,1653,1613,1231
565,5989297,1846,1783,1298,1653,1601,1220
566,5999298,1844,1799,1302,1654,1616,1217
567,6009297,1838,1801,1310,1657,1614,1210
568,6019298,1841,1793,1307,1655,1614,1211
569,6029297,1841,1795,1310,1654,1623,1211
570,6039298,1840,1807,1312,1656,1626,1210
571,6049298,1842,1802,1306,1655,1626,1215
572,6059298,1842,1798,1301,1652,1622,1221
573,6069297,1840,1797,1303,1653,1619,1223
574,6079297,1841,1787,1302,1653,1619,1220
575,6089298,1842,1795,1309,1653,1617,1215
576,6099297,1840,1793,1315,1653,1612,1218
577,6109298,1840,1799,1311,1653,1626,1211
578,6119297,1845,1795,1321,1654,1615,1218
579,6129298,1839,1805,1307,1653,1614,1217
580,6139298,1841,1798,1302,1653,1618,1212
581,6149298,1849,1801,1306,1649,1623,1218
582,6159297,1845,1793,1309,1655,1618,1217
583,6169298,1840,1794,1311,1656,1621,1218
584,6179298,1840,1799,1308,1654,1619,1215
585,6189298,1840,1797,1309,1660,1616,1232
586,6199298,1843,1807,1312,1652,1621,1211
587,6209297,1845,1799,1328,1658,1632,1222
588,6219298,1838,1799,1315,1649,1621,1218
589,6229297,1841,1799,1296,1653,1630,1210
590,6239298,1841,1801,1297,1653,1621,1209
591,6249298,1847,1802,1307,1660,1618,1213
592,6259298,1847,1798,1311,1648,1622,1218
593,6269298,1843,1803,1312,1655,1619,1215
594,6279298,1838,1801,1313,1653,1621,1218
595,6289298,1840,1791,1306,1655,1622,1221
596,6299298,1842,1807,1307,1653,1621,1222
597,6309298,1840,1799,1306,1653,1618,1215
598,6319298,1843,1802,1305,1656,1612,1214
599,6329298,1839,1795,1305,1653,1619,1218
600,6339297,1835,1798,1303,1660,1616,1218
601,6349297,1840,1799,1298,1652,1621,1214
602,6359298,1843,1802,1298,1654,1619,1219
603,6369298,1839,1791,1305,1662,1615,1211
604,6379298,1840,1798,1301,1657,1614,1212
605,6389298,1840,1801,1305,1657,1616,1214
606,6399298,1840,1805,1312,1661,1617,1192
607,6409298,1840,1794,1309,1653,1624,1214
608,6419298,1837,1803,1328,1653,1619,1210
609,6429298,1840,1802,1303,1653,1617,1215
610,6439297,1847,1802,1303,1662,1622,1219
611,6449298,1840,1803,1311,1654,1619,1223
612,6459298,1840,1798,1298,1653,1616,1216
613,6469298,1845,1795,1301,1658,1618,1213
614,6479298,1840,1776,1311,1653,1622,1217
615,6489298,1825,1803,1296,1654,1615,1209
616,6499297,1841,1792,1308,1655,1641,1219
617,6509298,1839,1803,1299,1653,1621,1218
618,6519298,1843,1802,1303,1653,1612,1214
619,6529298,1841,1797,1310,1653,1622,1210
620,6539297,1841,1797,1303,1653,1621,1215
621,6549298,1845,1793,1303,1655,1618,1227
622,6559297,1841,1799,1274,1654,1612,1212
623,6569297,1842,1793,1306,1652,1624,1213
624,6579298,1843,1801,1307,1656,1605,1213
625,6589298,1842,1792,1307,1653,1617,1218
626,6599298,1840,1799,1307,1648,1620,1213
627,6609297,1840,1801,1310,1652,1616,1215
628,6619298,1844,1797,1306,1660,1620,1208
629,6629298,1840,1798,1307,1653,1618,1208
630,6639297,1834,1802,1287,1653,1617,1213
631,6649298,1841,1802,1309,1653,1612,1215
632,6659298,1841,1803,1307,1647,1622,1211
633,6669298,1843,1795,1309,1653,1626,1215
634,6679298,1862,1793,1307,1653,1621,1214
635,6689297,1841,1792,1314,1653,1619,1213
636,6699298,1843,1803,1303,1655,1626,1218
637,6709297,1840,1808,1302,1660,1624,1208
638,6719298,1840,1802,1314,1659,1613,1212
639,6729297,1842,1797,1306,1653,1619,1210
640,6739298,1840,1795,1306,1658,1621,1208
641,6749298,1843,1796,1314,1652,1621,1220
642,6759298,1840,1796,1302,1649,1617,1210
643,6769298,1842,1806,1307,1674,1614,1217
644,6779298,1842,1802,1309,1655,1616,1208
645,6789297,1839,1806,1305,1653,1619,1214
646,6799298,1841,1809,1312,1676,1616,1213
647,6809298,1847,1802,1307,1658,1613,1215
648,6819298,1842,1792,1313,1654,1621,1211
649,6829297,1840,1791,1317,1656,1626,1211
650,6839298,1840,1799,1306,1647,1622,1210
651,6849298,1845,1801,1303,1654,1619,1217
652,6859298,1840,1799,1313,1653,1613,1213
653,6869297,1842,1814,1310,1668,1621,1218
654,6879297,1840,1799,1306,1658,1612,1217
655,6889298,1840,1802,1303,1652,1617,1215
656,6899297,1846,1796,1299,1653,1621,1207
657,6909298,1846,1804,1307,1654,1617,1222
658,6919298,1839,1798,1304,1654,1621,1216
659,6929297,1841,1805,1311,1651,1620,1210
660,6939298,1849,1807,1302,1640,1617,1215
661,6949297,1839,1795,1315,1635,1617,1210
662,6959298,1838,1809,1313,1653,1622,1215
663,6969297,1841,1792,1309,1651,1623,1215
664,6979297,1841,1802,1308,1653,1617,1210
665,6989298,1842,1808,1307,1653,1618,1213
666,6999297,1840,1797,1309,1653,1625,1213
667,7009297,1839,1809,1311,1654,1623,1215
668,7019298,1844,1805,1307,1653,1617,1216
669,7029298,1841,1798,1307,1660,1618,1206
670,7039297,1843,1808,1305,1645,1621,1210
671,7049297,1842,1795,1312,1657,1620,1218
672,7059297,1840,1799,1296,1653,1625,1208
673,7069298,1845,1805,1311,1653,1615,1208
674,7079297,1840,1798,1308,1654,1622,1211
675,7089298,1839,1802,1305,1653,1617,1210
676,7099297,1840,1803,1307,1654,1622,1215
677,7109298,1840,1797,1301,1653,1615,1217
678,7119298,1846,1801,1306,1653,1612,1218
679,7129297,1840,1801,1302,1651,1619,1212
680,7139298,1840,1797,1312,1658,1626,1219
681,7149298,1841,1797,1306,1653,1621,1209
682,7159298,1842,1811,1307,1653,1612,1215
683,7169298,1840,1804,1308,1656,1619,1218
684,7179298,1840,1793,1303,1653,1627,1208
685,7189298,1843,1798,1298,1653,1626,1218
686,7199298,1841,1796,1309,1653,1619,1215
687,7209297,1842,1808,1310,1652,1615,1212
688,7219298,1850,1794,1296,1653,1603,1216
689,7229298,1841,1799,1313,1655,1624,1212
690,7239298,1842,1796,1289,1657,1624,1211
691,7249298,1843,1807,1315,1653,1618,1214
692,7259298,1843,1802,1307,1653,1614,1215
693,7269298,1840,1798,1296,1655,1626,1206
694,7279298,1843,1800,1309,1635,1617,1211
695,7289298,1845,1799,1313,1652,1622,1220
696,7299297,1840,1804,1311,1657,1625,1218
697,7309298,1841,1795,1307,1653,1622,1208
698,7319297,1843,1804,1309,1668,1617,1213
699,7329298,1842,1797,1312,1654,1625,1214
700,7339298,1840,1803,1309,1649,1612,1219
701,7349298,1840,1807,1310,1653,1624,1220
702,7359298,1843,1805,1317,1653,1612,1219
703,7369298,1840,1793,1306,1656,1619,1215
704,7379298,1843,1794,1307,1653,1619,1214
705,7389298,1840,1799,1306,1658,1627,1213
706,7399298,1842,1802,1305,1653,1617,1213
707,7409297,1841,1805,1311,1653,1615,1215
708,7419298,1840,1799,1296,1653,1614,1220
709,7429298,1840,1795,1299,1654,1628,1212
710,7439298,1840,1795,1303,1649,1617,1208
711,7449298,1853,1799,1298,1655,1622,1215
712,7459297,1842,1805,1305,1653,1613,1215
713,7469298,1840,1795,1299,1654,1619,1221
714,7479298,1840,1799,1306,1654,1624,1241
715,7489298,1841,1807,1311,1653,1618,1215
716,7499298,1842,1805,1307,1653,1621,1217
717,7509298,1841,1797,1291,1651,1612,1204
718,7519298,1849,1797,1303,1653,1621,1214
719,7529298,1842,1797,1315,1651,1614,1218
720,7539298,1838,1798,1302,1650,1617,1215
721,7549298,1840,1794,1312,1653,1614,1210
722,7559297,1840,1801,1303,1653,1617,1228
723,7569298,1842,1803,1310,1653,1612,1217
724,7579298,1842,1802,1306,1654,1618,1218
725,7589297,1840,1798,1295,1653,1616,1215
726,7599298,1840,1799,1306,1653,1621,1217
727,7609297,1840,1787,1307,1645,1620,1206
728,7619298,1839,1801,1305,1653,1617,1219
729,7629297,1830,1799,1309,1653,1625,1217
730,7639298,1840,1799,1298,1653,1619,1206
731,7649297,1840,1796,1304,1653,1617,1209
732,7659297,1840,1794,1309,1653,1624,1220
733,7669298,1843,1795,1303,1653,1625,1219
734,7679298,1844,1797,1309,1653,1617,1216
735,7689298,1842,1802,1282,1650,1623,1213
736,7699297,1840,1796,1309,1658,1612,1216
737,7709298,1843,1805,1297,1654,1625,1211
738,7719298,1841,1798,1313,1655,1617,1218
739,7729297,1840,1799,1310,1649,1612,1218
740,7739298,1840,1798,1300,1656,1618,1210
741,7749297,1839,1793,1303,1657,1620,1217
742,7759298,1840,1798,1313,1653,1622,1217
743,7769298,1847,1792,1310,1653,1621,1211
744,7779297,1840,1793,1309,1653,1618,1218
745,7789298,1843,1808,1309,1653,1622,1214
746,7799298,1845,1795,1312,1658,1622,1226
747,7809298,1845,1799,1303,1660,1623,1214
748,7819298,1842,1806,1310,1658,1626,1217
749,7829297,1842,1800,1311,1657,1626,1206
750,7839298,1843,1797,1307,1653,1622,1208
751,7849297,1840,1803,1307,1654,1622,1218
752,7859298,1843,1794,1313,1654,1619,1213
753,7869297,1841,1801,1306,1653,1621,1219
754,7879298,1840,1793,1299,1653,1621,1222
755,7889298,1840,1798,1308,1655,1622,1218
756,7899298,1839,1802,1307,1653,1614,1211
757,7909298,1840,1794,1310,1657,1619,1215
758,7919298,1839,1799,1315,1653,1621,1209
759,7929297,1840,1802,1301,1656,1617,1210
760,7939298,1843,1802,1302,1653,1626,1204
761,7949297,1845,1797,1314,1654,1621,1214
762,7959298,1840,1796,1301,1662,1617,1207
763,7969297,1842,1795,1309,1661,1602,1208
764,7979297,1840,1791,1306,1653,1621,1215
765,7989298,1839,1791,1307,1662,1616,1222
766,7999297,1840,1802,1305,1652,1616,1212
767,8009297,1840,1802,1305,1653,1621,1208
768,8019297,1842,1805,1302,1651,1616,1213
769,8029297,1848,1803,1305,1652,1626,1207
770,8039297,1856,1803,1302,1658,1619,1222
771,8049298,1840,1802,1324,1658,1624,1232
772,8059298,1846,1797,1311,1653,1618,1210
773,8069297,1843,1806,1305,1649,1616,1217
774,8079298,1840,1799,1303,1652,1616,1212
775,8089297,1840,1798,1303,1653,1617,1217
776,8099297,1834,1794,1309,1652,1625,1218
777,8109297,1840,1793,1306,1657,1615,1207
778,8119297,1824,1796,1301,1668,1626,1218
779,8129298,1861,1805,1313,1654,1617,1213
780,8139298,1843,1799,1310,1653,1612,1218
781,8149298,1841,1793,1301,1653,1621,1221
782,8159298,1842,1805,1306,1654,1621,1213
783,8169298,1847,1803,1303,1665,1623,1218
784,8179298,1831,1802,1302,1653,1621,1218
785,8189298,1840,1791,1297,1657,1616,1223
786,8199298,1841,1802,1312,1650,1613,1211
787,8209298,1838,1805,1311,1658,1617,1217
788,8219297,1840,1807,1303,1653,1608,1213
789,8229298,1840,1798,1302,1675,1619,1214
790,8239298,1839,1803,1311,1654,1611,1213
791,8249297,1840,1796,1310,1650,1615,1222
792,8259298,1839,1800,1308,1655,1611,1212
793,8269298,1845,1797,1309,1657,1618,1218
794,8279298,1849,1793,1322,1657,1626,1219
795,8289297,1840,1788,1308,1653,1631,1213
796,8299297,1844,1799,1307,1653,1619,1217
797,8309298,1828,1801,1312,1653,1619,1218
798,8319298,1840,1799,1303,1653,1621,1214
799,8329298,1840,1795,1306,1658,1618,1210
800,8339298,1840,1794,1303,1653,1618,1222
801,8349298,1840,1805,1307,1652,1622,1215
802,8359297,1840,1797,1299,1653,1618,1212
803,8369298,1840,1802,1307,1662,1615,1218
804,8379297,1840,1795,1306,1653,1626,1218
805,8389298,1808,1805,1309,1653,1621,1215
806,8399298,1842,1815,1303,1653,1626,1215
807,8409298,1855,1800,1307,1655,1618,1215
808,8419298,1849,1796,1301,1655,1618,1212
809,8429298,1840,1797,1302,1651,1621,1217
810,8439297,1843,1805,1308,1652,1621,1214
811,8449298,1836,1795,1311,1652,1619,1213
812,8459297,1842,1797,1301,1653,1621,1213
813,8469298,1844,1804,1311,1657,1613,1212
814,8479298,1845,1792,1306,1653,1619,1213
815,8489297,1840,1802,1300,1653,1614,1210
816,8499298,1843,1805,1327,1654,1619,1212
817,8509298,1841,1797,1307,1653,1626,1212
818,8519297,1841,1798,1301,1653,1616,1218
819,8529297,1843,1801,1313,1655,1622,1208
820,8539298,1842,1795,1309,1654,1614,1217
821,8549298,1840,1795,1309,1654,1618,1218
822,8559297,1840,1805,1309,1653,1621,1218
823,8569298,1840,1806,1309,1664,1619,1212
824,8579298,1840,1795,1317,1656,1621,1218
825,8589298,1845,1798,1292,1653,1618,1208
826,8599298,1839,1802,1309,1653,1617,1212
827,8609298,1839,1790,1311,1655,1618,1216
828,8619298,1840,1797,1328,1653,1607,1208
829,8629298,1844,1778,1312,1653,1612,1218
830,8639297,1840,1802,1301,1652,1624,1217
831,8649298,1841,1802,1309,1653,1614,1250
832,8659297,1842,1794,1307,1653,1626,1210
833,8669297,1842,1807,1312,1639,1617,1215
834,8679298,1840,1797,1296,1654,1625,1211
835,8689298,1845,1806,1312,1655,1616,1215
836,8699298,1841,1807,1302,1658,1623,1213
837,8709297,1845,1797,1296,1650,1614,1204
838,8719298,1845,1803,1306,1654,1621,1212
839,8729298,1840,1802,1327,1660,1619,1222
840,8739299,1840,1801,1301,1645,1617,1212
841,8749298,1839,1802,1307,1660,1618,1217
842,8759298,1842,1799,1310,1653,1622,1212
843,8769297,1845,1803,1301,1654,1612,1223
844,8779298,1845,1803,1307,1653,1621,1218
845,8789298,1846,1799,1307,1655,1618,1218
846,8799298,1840,1801,1305,1667,1617,1218
847,8809297,1843,1795,1314,1655,1626,1216
848,8819298,1840,1793,1310,1654,1626,1202
849,8829298,1846,1800,1300,1654,1613,1212
850,8839298,1842,1795,1297,1650,1618,1215
851,8849298,1843,1798,1309,1653,1626,1221
852,8859298,1847,1808,1302,1655,1618,1219
853,8869297,1845,1801,1287,1653,1619,1222
854,8879297,1838,1792,1309,1653,1616,1215
855,8889297,1841,1806,1296,1655,1619,1214
856,8899298,1840,1794,1297,1655,1619,1215
857,8909298,1840,1799,1305,1664,1612,1213
858,8919298,1841,1808,1311,1658,1616,1205
859,8929298,1838,1794,1307,1658,1624,1212
860,8939298,1846,1798,1307,1653,1616,1217
861,8949298,1844,1797,1310,1664,1619,1210
862,8959298,1846,1801,1303,1653,1606,1217
863,8969298,1840,1795,1310,1653,1616,1219
864,8979298,1841,1794,1301,1655,1613,1213
865,8989297,1837,1793,1303,1652,1618,1215
866,8999298,1845,1798,1316,1653,1619,1218
867,9009297,1840,1796,1306,1653,1616,1215
868,9019297,1843,1799,1312,1651,1620,1218
869,9029298,1847,1802,1307,1653,1617,1215
870,9039298,1845,1806,1303,1654,1621,1215
871,9049297,1841,1795,1312,1653,1615,1218
872,9059298,1841,1797,1310,1653,1618,1213
873,9069298,1842,1802,1307,1655,1618,1236
874,9079298,1846,1802,1311,1653,1619,1218
875,9089298,1841,1798,1312,1652,1622,1218
876,9099298,1840,1797,1309,1654,1626,1213
877,9109297,1844,1801,1302,1656,1619,1215
878,9119298,1839,1802,1313,1649,1626,1218
879,9129298,1841,1798,1307,1658,1622,1217
880,9139298,1828,1801,1301,1652,1619,1214
881,9149298,1847,1796,1307,1655,1626,1218
882,9159297,1845,1802,1302,1657,1617,1208
883,9169298,1843,1797,1323,1657,1625,1212
884,9179298,1840,1805,1309,1650,1619,1220
885,9189298,1840,1807,1308,1655,1617,1218
886,9199298,1845,1803,1306,1657,1621,1221
887,9209298,1844,1797,1312,1658,1621,1218
888,9219298,1850,1805,1303,1662,1612,1218
889,9229298,1840,1797,1307,1657,1612,1212
890,9239298,1839,1795,1309,1655,1614,1227
891,9249298,1841,1801,1308,1653,1621,1215
892,9259298,1835,1801,1306,1651,1619,1227
893,9269298,1845,1799,1331,1655,1621,1222
894,9279298,1843,1805,1309,1658,1621,1206
895,9289298,1840,1796,1306,1644,1624,1221
896,9299298,1841,1795,1304,1653,1625,1213
897,9309297,1842,1798,1298,1657,1619,1214
898,9319298,1841,1802,1309,1655,1624,1208
899,9329298,1840,1801,1309,1652,1623,1218
900,9339298,1853,1797,1306,1650,1622,1212
901,9349298,1835,1806,1300,1661,1625,1210
902,9359297,1846,1795,1319,1653,1614,1218
903,9369298,1844,1799,1297,1636,1626,1221
904,9379298,1840,1797,1306,1655,1618,1220
905,9389297,1846,1797,1307,1653,1616,1211
906,9399297,1847,1801,1303,1640,1626,1215
907,9409298,1841,1799,1307,1639,1616,1212
908,9419297,1842,1791,1305,1665,1626,1214
909,9429298,1845,1799,1311,1653,1616,1214
910,9439298,1840,1791,1312,1653,1626,1218
911,9449297,1839,1786,1303,1648,1618,1214
912,9459298,1839,1799,1309,1653,1621,1218
913,9469297,1843,1794,1310,1653,1621,1212
914,9479298,1843,1801,1308,1651,1622,1219
915,9489298,1827,1799,1311,1654,1616,1215
916,9499297,1841,1796,1309,1653,1621,1221
917,9509298,1840,1805,1309,1654,1624,1217
918,9519297,1854,1799,1314,1658,1618,1216
919,9529298,1839,1797,1302,1658,1621,1217
920,9539297,1837,1797,1309,1666,1619,1214
921,9549298,1841,1808,1303,1653,1615,1209
922,9559297,1842,1796,1309,1653,1616,1210
923,9569298,1843,1781,1303,1653,1621,1208
924,9579298,1840,1802,1309,1653,1621,1212
925,9589297,1844,1798,1311,1645,1621,1214
926,9599297,1845,1796,1305,1665,1624,1221
927,9609298,1839,1805,1309,1655,1619,1214
928,9619297,1846,1808,1307,1653,1619,1213
929,9629298,1835,1808,1305,1653,1615,1218
930,9639297,1845,1803,1280,1653,1612,1214
931,9649298,1847,1802,1331,1653,1626,1206
932,9659297,1840,1797,1318,1652,1622,1211
933,9669298,1845,1795,1312,1660,1624,1213
934,9679298,1846,1803,1291,1671,1621,1218
935,9689297,1840,1794,1309,1665,1621,1218
936,9699298,1846,1797,1312,1657,1619,1219
937,9709297,1847,1795,1319,1635,1622,1213
938,9719298,1840,1804,1301,1655,1617,1208
939,9729297,1840,1805,1309,1660,1617,1215
940,9739298,1840,1803,1313,1653,1624,1218
941,9749298,1840,1806,1296,1653,1600,1204
942,9759297,1847,1802,1308,1653,1621,1232
943,9769297,1850,1805,1299,1653,1621,1208
944,9779298,1839,1802,1307,1652,1626,1219
945,9789298,1840,1808,1307,1654,1617,1214
946,9799298,1840,1801,1307,1654,1622,1212
947,9809297,1843,1803,1309,1648,1615,1215
948,9819298,1840,1802,1292,1653,1622,1214
949,9829297,1842,1799,1344,1651,1621,1214
950,9839297,1837,1797,1313,1652,1618,1218
951,9849298,1843,1797,1297,1653,1613,1225
952,9859298,1840,1808,1315,1653,1630,1223
953,9869298,1845,1799,1309,1655,1619,1211
954,9879297,1839,1808,1307,1655,1623,1218
955,9889297,1840,1801,1317,1658,1612,1208
956,9899298,1842,1798,1299,1656,1621,1230
957,9909298,1847,1806,1296,1655,1623,1214
958,9919298,1840,1803,1310,1658,1621,1212
959,9929298,1845,1798,1306,1650,1625,1212
960,9939298,1847,1798,1307,1653,1626,1215
961,9949297,1840,1798,1314,1654,1626,1220
962,9959298,1843,1802,1296,1653,1626,1208
963,9969298,1841,1798,1306,1657,1630,1240
964,9979298,1840,1805,1303,1654,1621,1213
965,9989298,1847,1802,1309,1653,1626,1209
966,9999297,1840,1798,1312,1653,1615,1212
967,10009298,1841,1803,1302,1644,1624,1210
968,10019298,1851,1807,1302,1653,1618,1202
969,10029298,1840,1794,1306,1673,1626,1218
970,10039297,1847,1802,1339,1650,1626,1214
971,10049297,1841,1799,1307,1658,1618,1217
972,10059298,1834,1795,1315,1653,1616,1205
973,10069298,1841,1802,1308,1653,1616,1204
974,10079298,1845,1799,1313,1649,1617,1231
975,10089297,1850,1804,1311,1654,1624,1213
976,10099297,1843,1801,1298,1649,1617,1217
977,10109298,1839,1797,1309,1653,1616,1208
978,10119298,1850,1807,1303,1655,1624,1212
979,10129298,1850,1794,1305,1651,1621,1208
980,10139298,1843,1793,1311,1653,1623,1214
981,10149298,1842,1796,1311,1653,1619,1217
982,10159297,1846,1790,1313,1654,1622,1207
983,10169298,1858,1808,1312,1655,1616,1218
984,10179298,1843,1797,1303,1657,1615,1216
985,10189298,1849,1799,1307,1653,1621,1210
986,10199297,1851,1798,1302,1663,1624,1220
987,10209297,1840,1808,1303,1653,1624,1211
988,10219297,1840,1799,1303,1653,1617,1207
989,10229297,1840,1802,1303,1657,1624,1217
990,10239297,1850,1795,1307,1653,1626,1217
991,10249298,1841,1808,1308,1653,1630,1218
992,10259298,1846,1802,1301,1658,1615,1213
993,10269298,1847,1801,1312,1661,1618,1215
994,10279297,1837,1806,1309,1653,1618,1210
995,10289298,1839,1798,1308,1653,1613,1215
996,10299297,1841,1799,1306,1653,1619,1208
997,10309298,1842,1782,1309,1658,1626,1215
998,10319298,1850,1802,1306,1662,1624,1216
999,10329298,1851,1801,1307,1660,1622,1212
1000,10339298,1841,1799,1324,1653,1617,1218
1001,10349298,1841,1804,1313,1657,1622,1211
1002,10359298,1842,1796,1307,1653,1621,1212
1003,10369298,1843,1796,1303,1654,1625,1215
1004,10379298,1840,1803,1308,1652,1622,1225
1005,10389298,1845,1803,1307,1653,1619,1215
1006,10399298,1840,1794,1302,1657,1625,1218
1007,10409298,1841,1794,1303,1653,1619,1218
1008,10419298,1840,1807,1319,1658,1643,1215
1009,10429298,1840,1806,1308,1653,1621,1210
1010,10439298,1842,1803,1296,1654,1617,1223
1011,10449298,1840,1795,1309,1653,1611,1208
1012,10459298,1841,1798,1309,1653,1615,1208
1013,10469298,1839,1803,1312,1654,1617,1211
1014,10479298,1843,1793,1306,1658,1621,1218
1015,10489298,1847,1794,1306,1653,1616,1218
1016,10499298,1843,1803,1312,1652,1619,1215
1017,10509298,1841,1779,1302,1657,1626,1212
1018,10519298,1829,1797,1298,1653,1616,1215
1019,10529297,1840,1797,1310,1653,1626,1214
1020,10539298,1842,1797,1296,1653,1617,1214
1021,10549298,1839,1801,1306,1654,1621,1213
1022,10559298,1842,1797,1339,1652,1624,1215
1023,10569298,1841,1799,1305,1653,1617,1211
1024,10579297,1840,1810,1299,1654,1615,1213
1025,10589298,1845,1792,1315,1655,1617,1218
1026,10599299,1844,1797,1307,1653,1617,1212
1027,10609298,1841,1792,1300,1653,1621,1215
1028,10619297,1842,1800,1307,1660,1626,1193
1029,10629298,1841,1797,1302,1637,1624,1208
1030,10639298,1841,1791,1330,1655,1622,1212
1031,10649298,1840,1796,1310,1657,1618,1208
1032,10659298,1839,1798,1309,1653,1617,1209
1033,10669298,1848,1797,1313,1658,1626,1212
1034,10679298,1845,1804,1301,1658,1621,1220
1035,10689298,1845,1806,1303,1663,1619,1211
1036,10699298,1843,1808,1310,1653,1619,1216
1037,10709298,1844,1806,1307,1639,1613,1220
1038,10719298,1840,1798,1295,1629,1624,1215
1039,10729298,1840,1795,1295,1652,1626,1204
1040,10739298,1840,1803,1303,1662,1617,1214
1041,10749298,1846,1797,1309,1653,1621,1208
1042,10759297,1840,1801,1294,1648,1626,1208
1043,10769297,1815,1806,1310,1659,1622,1215
1044,10779298,1840,1808,1306,1661,1617,1215
1045,10789298,1850,1805,1309,1662,1621,1212
1046,10799298,1844,1797,1306,1667,1621,1208
1047,10809298,1842,1792,1298,1653,1624,1217
1048,10819298,1840,1797,1302,1652,1614,1218
1049,10829298,1815,1811,1303,1653,1622,1206
1050,10839298,1840,1787,1306,1653,1621,1195
1051,10849298,1842,1799,1302,1654,1621,1208
1052,10859298,1840,1789,1305,1655,1622,1208
1053,10869298,1841,1796,1310,1653,1621,1227
1054,10879298,1846,1791,1301,1655,1613,1219
1055,10889298,1846,1799,1301,1657,1617,1211
1056,10899298,1837,1791,1306,1653,1624,1194
1057,10909298,1840,1795,1303,1653,1620,1215
1058,10919298,1839,1794,1302,1656,1619,1213
1059,10929298,1821,1806,1297,1658,1615,1219
1060,10939298,1840,1795,1311,1652,1625,1216
1061,10949298,1839,1799,1308,1653,1618,1212
1062,10959298,1845,1796,1301,1653,1616,1222
1063,10969298,1847,1801,1300,1653,1617,1211
1064,10979298,1840,1797,1302,1655,1615,1214
1065,10989298,1840,1797,1296,1653,1617,1225
1066,10999298,1810,1797,1311,1653,1621,1211
1067,11009298,1840,1793,1306,1653,1622,1210
1068,11019298,1841,1803,1310,1657,1616,1215
1069,11029298,1840,1797,1298,1653,1616,1214
1070,11039298,1840,1797,1302,1652,1615,1213
1071,11049298,1840,1802,1309,1649,1608,1211
1072,11059298,1815,1805,1306,1653,1621,1208
1073,11069298,1840,1795,1311,1657,1616,1218
1074,11079297,1840,1799,1296,1650,1619,1219
1075,11089298,1846,1799,1303,1653,1618,1214
1076,11099298,1843,1807,1317,1652,1626,1231
1077,11109298,1840,1786,1303,1653,1621,1213
1078,11119297,1842,1800,1298,1638,1618,1218
1079,11129298,1840,1798,1300,1653,1619,1213
1080,11139298,1839,1803,1308,1653,1629,1221
1081,11149298,1840,1799,1302,1653,1621,1211
1082,11159298,1840,1791,1289,1653,1617,1208
1083,11169298,1843,1798,1305,1650,1626,1218
1084,11179298,1842,1795,1296,1653,1620,1214
1085,11189298,1843,1801,1296,1654,1621,1209
1086,11199298,1847,1796,1306,1646,1617,1207
1087,11209297,1843,1797,1291,1653,1619,1215
1088,11219298,1846,1795,1303,1655,1627,1208
1089,11229298,1865,1789,1303,1653,1618,1217
1090,11239298,1841,1795,1280,1654,1634,1195
1091,11249298,1834,1799,1300,1649,1621,1214
1092,11259298,1815,1808,1301,1655,1616,1217
1093,11269298,1841,1801,1315,1653,1627,1240
1094,11279298,1844,1799,1305,1658,1621,1208
1095,11289298,1840,1804,1303,1653,1612,1209
1096,11299298,1840,1795,1302,1653,1598,1218
1097,11309298,1842,1799,1312,1653,1618,1210
1098,11319297,1840,1797,1307,1655,1626,1215
1099,11329298,1839,1797,1285,1653,1621,1219
1100,11339298,1840,1806,1307,1653,1622,1219
1101,11349298,1840,1797,1305,1653,1624,1230
1102,11359298,1843,1807,1309,1658,1619,1208
1103,11369298,1843,1799,1306,1653,1626,1220
1104,11379298,1840,1802,1299,1653,1616,1210
1105,11389298,1842,1799,1303,1653,1614,1213
1106,11399298,1847,1808,1302,1654,1616,1204
1107,11409298,1840,1803,1312,1653,1622,1210
1108,11419298,1844,1795,1309,1660,1624,1219
1109,11429297,1840,1797,1303,1649,1616,1212
1110,11439298,1849,1792,1307,1655,1626,1219
1111,11449298,1841,1803,1309,1658,1622,1220
1112,11459298,1837,1806,1306,1663,1621,1215
1113,11469298,1835,1794,1305,1654,1624,1209
1114,11479298,1840,1793,1306,1654,1612,1214
1115,11489298,1846,1793,1306,1648,1617,1211
1116,11499298,1841,1793,1303,1653,1616,1218
1117,11509297,1834,1794,1299,1653,1625,1218
1118,11519298,1842,1798,1306,1654,1616,1217
1119,11529298,1841,1790,1306,1658,1616,1213
1120,11539297,1842,1805,1302,1654,1625,1215
1121,11549298,1842,1801,1309,1658,1622,1212
1122,11559298,1838,1794,1301,1653,1618,1221
1123,11569297,1840,1798,1302,1658,1616,1220
1124,11579298,1839,1802,1300,1654,1617,1213
1125,11589298,1840,1797,1309,1654,1621,1210
1126,11599297,1840,1807,1306,1653,1621,1215
1127,11609298,1836,1800,1304,1654,1617,1218
1128,11619298,1846,1795,1310,1653,1617,1215
1129,11629298,1840,1802,1301,1652,1619,1215
1130,11639298,1843,1806,1302,1653,1612,1208
1131,11649298,1840,1797,1307,1654,1616,1224
1132,11659297,1848,1802,1303,1651,1621,1210
1133,11669297,1840,1786,1296,1654,1626,1214
1134,11679297,1840,1793,1305,1652,1621,1214
1135,11689298,1841,1805,1302,1653,1621,1217
1136,11699298,1839,1791,1296,1653,1622,1207
1137,11709298,1843,1797,1299,1653,1618,1213
1138,11719298,1841,1795,1299,1650,1621,1217
1139,11729298,1840,1797,1305,1629,1618,1209
1140,11739297,1847,1795,1311,1655,1618,1213
1141,11749298,1840,1796,1306,1654,1617,1217
1142,11759298,1843,1792,1307,1656,1627,1211
1143,11769297,1843,1799,1305,1656,1620,1213
1144,11779298,1840,1798,1301,1669,1622,1218
1145,11789298,1844,1801,1309,1653,1618,1219
1146,11799298,1842,1794,1299,1655,1615,1219
1147,11809298,1840,1802,1295,1653,1624,1210
1148,11819297,1840,1793,1308,1653,1638,1218
1149,11829298,1839,1799,1305,1655,1621,1216
1150,11839298,1841,1802,1307,1666,1619,1211
1151,11849298,1840,1801,1303,1652,1612,1215
1152,11859298,1849,1799,1306,1652,1613,1213
1153,11869297,1840,1797,1313,1656,1626,1219
1154,11879298,1840,1797,1297,1649,1617,1215
1155,11889298,1840,1801,1310,1653,1623,1212
1156,11899298,1840,1792,1293,1653,1619,1208
1157,11909298,1840,1803,1301,1629,1616,1215
1158,11919298,1837,1799,1307,1650,1626,1215
1159,11929298,1845,1798,1305,1650,1626,1217
1160,11939298,1841,1791,1296,1651,1624,1213
1161,11949298,1840,1796,1309,1653,1624,1213
1162,11959298,1842,1792,1309,1640,1617,1210
1163,11969298,1838,1806,1314,1653,1621,1215
1164,11979298,1840,1802,1309,1662,1624,1218
1165,11989298,1838,1798,1299,1653,1626,1217
1166,11999298,1847,1804,1296,1650,1619,1219
1167,12009298,1846,1797,1315,1654,1626,1218
1168,12019298,1840,1802,1306,1653,1618,1215
1169,12029298,1857,1820,1309,1653,1625,1222
1170,12039298,1846,1804,1302,1652,1621,1214
1171,12049298,1869,1806,1312,1661,1625,1218
1172,12059298,1841,1801,1301,1653,1618,1214
1173,12069298,1842,1795,1301,1653,1616,1218
1174,12079298,1840,1821,1309,1653,1616,1213
1175,12089298,1838,1793,1300,1653,1612,1217
1176,12099298,1840,1797,1306,1653,1622,1209
1177,12109298,1853,1805,1303,1650,1619,1212
1178,12119298,1843,1781,1307,1658,1622,1208
1179,12129298,1842,1793,1297,1653,1618,1214
1180,12139298,1841,1803,1302,1653,1618,1213
1181,12149298,1840,1803,1303,1655,1617,1208
1182,12159298,1843,1777,1299,1657,1616,1208
1183,12169298,1840,1793,1311,1657,1616,1207
1184,12179297,1835,1799,1309,1653,1613,1210
1185,12189298,1840,1782,1306,1653,1622,1222
1186,12199298,1824,1793,1305,1654,1617,1216
1187,12209298,1840,1794,1299,1653,1617,1211
1188,12219298,1843,1807,1309,1657,1617,1212
1189,12229298,1845,1801,1305,1649,1618,1206
1190,12239298,1841,1798,1299,1645,1614,1213
1191,12249298,1840,1799,1296,1653,1618,1208
1192,12259298,1838,1805,1303,1653,1617,1214
1193,12269298,1838,1796,1301,1653,1615,1217
1194,12279298,1839,1795,1305,1653,1624,1212
1195,12289298,1843,1802,1301,1651,1622,1219
1196,12299297,1840,1802,1309,1654,1616,1212
1197,12309297,1840,1803,1303,1653,1617,1233
1198,12319297,1841,1799,1310,1656,1621,1214
1199,12329298,1840,1801,1299,1648,1619,1214
1200,12339298,1838,1796,1287,1653,1626,1211
1201,12349298,1840,1799,1283,1655,1624,1218
1202,12359298,1835,1802,1303,1655,1626,1207
1203,12369298,1847,1797,1316,1653,1615,1200
1204,12379298,1842,1799,1305,1655,1616,1208
1205,12389298,1839,1808,1351,1654,1625,1214
1206,12399298,1840,1793,1325,1654,1619,1199
1207,12409298,1842,1799,1297,1653,1624,1209
1208,12419298,1840,1791,1312,1657,1615,1214
1209,12429298,1843,1798,1302,1653,1616,1212
1210,12439298,1842,1802,1305,1655,1618,1212
1211,12449298,1835,1799,1311,1656,1622,1212
1212,12459297,1873,1802,1347,1653,1625,1223
1213,12469298,1840,1799,1305,1661,1624,1206
1214,12479297,1840,1798,1297,1658,1624,1207
1215,12489297,1843,1803,1315,1651,1616,1216
1216,12499298,1840,1798,1317,1655,1618,1223
1217,12509298,1838,1795,1301,1659,1619,1214
1218,12519298,1846,1804,1310,1662,1623,1219
1219,12529298,1846,1775,1305,1653,1621,1215
1220,12539298,1841,1801,1303,1658,1617,1218
1221,12549297,1840,1798,1306,1654,1616,1215
1222,12559297,1840,1801,1310,1655,1614,1222
1223,12569298,1840,1799,1306,1653,1612,1212
1224,12579298,1839,1802,1310,1657,1619,1214
1225,12589298,1841,1797,1302,1655,1622,1197
1226,12599298,1839,1793,1307,1653,1621,1218
1227,12609298,1841,1796,1305,1658,1617,1206
1228,12619297,1840,1794,1311,1658,1621,1227
1229,12629298,1840,1798,1299,1653,1625,1211
1230,12639298,1845,1799,1300,1653,1624,1218
1231,12649298,1840,1801,1287,1660,1606,1203
1232,12659298,1843,1802,1315,1656,1624,1227
1233,12669297,1843,1806,1328,1653,1624,1211
1234,12679298,1839,1781,1302,1653,1613,1212
1235,12689297,1841,1787,1303,1653,1615,1218
1236,12699298,1844,1795,1311,1653,1619,1210
1237,12709298,1840,1801,1315,1654,1618,1222
1238,12719298,1844,1808,1306,1653,1615,1217
1239,12729298,1829,1805,1302,1653,1598,1214
1240,12739297,1842,1797,1307,1656,1621,1215
1241,12749298,1841,1798,1303,1653,1622,1212
1242,12759298,1840,1802,1305,1652,1618,1217
1243,12769298,1845,1802,1302,1653,1612,1218
1244,12779298,1840,1805,1297,1640,1618,1230
1245,12789297,1842,1807,1307,1652,1624,1215
1246,12799298,1844,1802,1298,1653,1621,1215
1247,12809298,1835,1794,1306,1653,1622,1211
1248,12819298,1839,1795,1305,1653,1617,1213
1249,12829298,1842,1807,1309,1653,1623,1210
1250,12839298,1847,1799,1306,1653,1621,1219
1251,12849297,1849,1793,1310,1658,1619,1217
1252,12859298,1840,1798,1307,1657,1621,1218
1253,12869298,1842,1804,1303,1655,1621,1200
1254,12879298,1841,1796,1309,1653,1619,1213
1255,12889298,1842,1793,1298,1653,1625,1208
1256,12899298,1841,1805,1307,1653,1618,1215
1257,12909297,1839,1802,1319,1651,1626,1215
1258,12919298,1839,1797,1308,1653,1624,1212
1259,12929297,1846,1802,1308,1653,1621,1212
1260,12939298,1840,1798,1310,1655,1619,1217
1261,12949297,1842,1805,1314,1652,1618,1211
1262,12959298,1839,1808,1306,1653,1626,1218
1263,12969297,1840,1806,1307,1653,1621,1215
1264,12979298,1843,1797,1306,1653,1629,1219
1265,12989298,1843,1809,1298,1653,1618,1215
1266,12999297,1840,1776,1307,1657,1625,1219
1267,13009298,1840,1795,1314,1654,1623,1215
1268,13019298,1842,1804,1309,1653,1622,1215
1269,13029297,1841,1803,1307,1653,1616,1202
1270,13039298,1853,1797,1313,1654,1619,1214
1271,13049298,1840,1795,1306,1652,1621,1215
1272,13059298,1846,1798,1319,1638,1624,1219
1273,13069298,1840,1803,1309,1663,1617,1222
1274,13079298,1833,1803,1300,1651,1617,1218
1275,13089298,1841,1802,1309,1653,1615,1191
1276,13099298,1842,1792,1303,1658,1619,1217
1277,13109298,1840,1793,1307,1653,1618,1210
1278,13119298,1840,1805,1313,1657,1625,1217
1279,13129297,1840,1796,1298,1655,1618,1222
1280,13139297,1841,1802,1307,1653,1615,1215
1281,13149298,1841,1801,1313,1658,1626,1214
1282,13159298,1840,1795,1307,1653,1618,1210
1283,13169298,1840,1797,1306,1653,1612,1206
1284,13179298,1840,1794,1309,1676,1622,1220
1285,13189297,1842,1799,1317,1658,1612,1215
1286,13199298,1842,1799,1309,1649,1621,1210
1287,13209298,1838,1810,1306,1658,1626,1210
1288,13219297,1847,1798,1309,1667,1624,1218
1289,13229298,1836,1797,1307,1657,1619,1215
1290,13239297,1854,1797,1307,1654,1624,1217
1291,13249297,1845,1802,1313,1658,1619,1212
1292,13259298,1841,1799,1307,1652,1612,1212
1293,13269298,1844,1802,1310,1653,1621,1210
1294,13279297,1840,1795,1309,1653,1617,1222
1295,13289298,1853,1790,1301,1653,1621,1215
1296,13299298,1843,1799,1317,1654,1621,1213
1297,13309298,1835,1798,1303,1657,1640,1214
1298,13319298,1847,1799,1305,1653,1626,1223
1299,13329298,1839,1805,1298,1653,1621,1219
1300,13339298,1843,1794,1302,1653,1624,1214
1301,13349298,1844,1826,1302,1653,1613,1224
1302,13359298,1846,1801,1303,1654,1632,1216
1303,13369298,1852,1811,1312,1653,1625,1216
1304,13379298,1851,1807,1312,1654,1614,1210
1305,13389297,1840,1802,1309,1655,1623,1218
1306,13399297,1845,1803,1310,1655,1621,1216
1307,13409298,1846,1801,1306,1653,1622,1215
1308,13419298,1842,1805,1307,1650,1626,1217
1309,13429298,1841,1807,1307,1653,1621,1214
1310,13439298,1840,1806,1305,1653,1614,1213
1311,13449297,1837,1803,1321,1652,1618,1214
1312,13459297,1842,1808,1299,1649,1621,1213
1313,13469298,1841,1806,1323,1653,1621,1216
1314,13479297,1840,1800,1296,1652,1621,1215
1315,13489298,1840,1806,1327,1652,1616,1225
1316,13499298,1839,1796,1307,1655,1622,1212
1317,13509298,1857,1794,1312,1653,1621,1208
1318,13519298,1840,1795,1311,1653,1624,1215
1319,13529298,1839,1799,1304,1655,1621,1217
1320,13539298,1841,1791,1302,1658,1622,1222
1321,13549297,1833,1808,1309,1662,1621,1218
1322,13559298,1838,1803,1299,1653,1617,1216
1323,13569298,1850,1805,1295,1654,1626,1222
1324,13579298,1840,1803,1286,1655,1618,1213
1325,13589297,1839,1802,1311,1657,1615,1210
1326,13599298,1840,1794,1306,1653,1618,1209
1327,13609298,1840,1797,1309,1658,1618,1216
1328,13619298,1841,1793,1307,1653,1613,1214
1329,13629298,1841,1802,1309,1655,1617,1215
1330,13639298,1840,1797,1312,1653,1626,1206
1331,13649298,1843,1793,1298,1656,1622,1206
1332,13659297,1841,1805,1303,1652,1626,1230
1333,13669298,1844,1801,1305,1655,1621,1214
1334,13679298,1838,1802,1297,1653,1621,1218
1335,13689298,1844,1795,1303,1653,1617,1218
1336,13699298,1835,1801,1307,1653,1616,1212
1337,13709298,1840,1798,1306,1655,1621,1220
1338,13719297,1845,1798,1310,1651,1598,1215
1339,13729298,1846,1795,1328,1653,1617,1228
1340,13739298,1847,1795,1302,1658,1616,1213
1341,13749297,1840,1799,1296,1652,1613,1210
1342,13759298,1841,1806,1312,1654,1615,1207
1343,13769297,1841,1795,1310,1655,1623,1222
1344,13779297,1840,1794,1311,1651,1616,1210
1345,13789298,1844,1799,1309,1655,1602,1216
1346,13799297,1841,1798,1305,1655,1609,1216
1347,13809298,1843,1808,1301,1667,1619,1213
1348,13819298,1839,1803,1312,1653,1616,1213
1349,13829298,1839,1802,1306,1638,1622,1215
1350,13839298,1849,1799,1314,1650,1622,1224
1351,13849298,1847,1795,1305,1658,1619,1225
1352,13859298,1845,1801,1300,1653,1615,1217
1353,13869298,1841,1795,1312,1654,1621,1215
1354,13879298,1847,1794,1309,1653,1632,1214
1355,13889298,1849,1796,1312,1654,1621,1213
1356,13899297,1840,1797,1310,1661,1613,1218
1357,13909297,1854,1793,1308,1658,1618,1214
1358,13919298,1845,1798,1301,1653,1617,1216
1359,13929298,1840,1795,1309,1657,1621,1212
1360,13939297,1843,1801,1309,1651,1626,1224
1361,13949298,1867,1783,1311,1658,1618,1209
1362,13959298,1842,1806,1303,1653,1626,1217
1363,13969298,1851,1799,1305,1653,1625,1218
1364,13979298,1840,1798,1311,1653,1621,1218
1365,13989297,1840,1801,1309,1658,1616,1216
1366,13999297,1838,1808,1307,1651,1621,1215
1367,14009298,1851,1802,1307,1653,1617,1218
1368,14019298,1847,1795,1307,1657,1619,1211
1369,14029298,1822,1804,1301,1653,1617,1217
1370,14039298,1894,1795,1305,1649,1619,1215
1371,14049298,1840,1793,1311,1655,1618,1209
1372,14059297,1840,1803,1300,1653,1617,1218
1373,14069298,1841,1798,1309,1650,1624,1212
1374,14079298,1815,1799,1311,1653,1615,1219
1375,14089298,1840,1782,1306,1654,1619,1210
1376,14099298,1840,1799,1307,1645,1626,1218
1377,14109297,1841,1798,1308,1653,1619,1214
1378,14119298,1840,1801,1307,1653,1616,1218
1379,14129298,1845,1802,1312,1657,1618,1212
1380,14139298,1845,1803,1305,1653,1616,1217
1381,14149298,1841,1803,1299,1655,1621,1215
1382,14159298,1841,1802,1303,1653,1619,1212
1383,14169298,1840,1783,1308,1653,1617,1217
1384,14179298,1830,1795,1307,1653,1614,1213
1385,14189298,1840,1809,1306,1658,1617,1218
1386,14199298,1844,1804,1301,1653,1614,1213
1387,14209297,1840,1803,1306,1649,1625,1218
1388,14219298,1840,1801,1311,1660,1616,1215
1389,14229298,1840,1798,1310,1653,1616,1215
1390,14239298,1844,1802,1307,1653,1619,1217
1391,14249298,1837,1808,1309,1662,1626,1213
1392,14259298,1840,1795,1306,1657,1639,1218
1393,14269298,1840,1801,1310,1653,1621,1217
1394,14279298,1846,1796,1319,1653,1624,1215
1395,14289298,1841,1795,1307,1653,1621,1209
1396,14299298,1840,1795,1306,1654,1617,1212
1397,14309298,1841,1797,1307,1652,1619,1211
1398,14319298,1847,1792,1309,1653,1617,1222
1399,14329298,1844,1793,1303,1647,1618,1222
1400,14339298,1842,1799,1296,1664,1626,1218
1401,14349298,1845,1802,1308,1658,1616,1210
1402,14359298,1855,1807,1308,1658,1621,1218
1403,14369298,1873,1808,1306,1655,1618,1211
1404,14379298,1840,1776,1314,1659,1617,1212
1405,14389298,1840,1801,1308,1653,1618,1213
1406,14399298,1837,1797,1311,1658,1618,1215
1407,14409298,1846,1802,1305,1654,1621,1211
1408,14419298,1842,1801,1310,1653,1637,1222
1409,14429298,1838,1798,1307,1650,1617,1211
1410,14439298,1841,1794,1313,1653,1616,1220
1411,14449298,1839,1793,1328,1652,1614,1221
1412,14459298,1833,1796,1307,1663,1623,1214
1413,14469297,1840,1797,1296,1657,1612,1217
1414,14479298,1837,1791,1307,1655,1618,1215
1415,14489298,1834,1803,1314,1651,1622,1213
1416,14499298,1838,1797,1317,1653,1622,1212
1417,14509298,1843,1795,1306,1653,1626,1213
1418,14519297,1835,1799,1311,1654,1624,1218
1419,14529298,1841,1795,1301,1661,1613,1215
1420,14539298,1840,1798,1291,1652,1617,1211
1421,14549297,1839,1798,1301,1653,1616,1217
1422,14559298,1839,1799,1299,1653,1630,1220
1423,14569298,1851,1800,1303,1652,1617,1217
1424,14579297,1845,1793,1301,1645,1621,1222
1425,14589297,1831,1801,1307,1653,1616,1218
1426,14599298,1840,1793,1311,1656,1618,1216
1427,14609297,1845,1795,1309,1662,1618,1213
1428,14619298,1821,1795,1296,1658,1616,1222
1429,14629298,1839,1807,1302,1653,1615,1228
1430,14639298,1811,1823,1307,1645,1617,1215
1431,14649298,1841,1794,1303,1651,1621,1209
1432,14659298,1837,1794,1301,1653,1626,1207
1433,14669298,1840,1794,1307,1653,1619,1221
1434,14679298,1840,1791,1318,1653,1618,1206
1435,14689298,1843,1807,1311,1653,1626,1214
1436,14699298,1844,1797,1318,1641,1622,1213
1437,14709297,1835,1810,1306,1652,1621,1206
1438,14719298,1840,1807,1311,1653,1621,1221
1439,14729297,1844,1801,1299,1653,1611,1211
1440,14739298,1842,1791,1311,1653,1618,1215
1441,14749298,1840,1799,1312,1654,1621,1213
1442,14759298,1839,1797,1301,1653,1618,1207
1443,14769298,1839,1791,1306,1653,1613,1216
1444,14779298,1843,1798,1312,1652,1626,1220
1445,14789298,1840,1795,1307,1653,1616,1214
1446,14799298,1823,1797,1311,1655,1616,1211
1447,14809297,1846,1797,1309,1653,1615,1218
1448,14819297,1839,1779,1310,1653,1621,1215
1449,14829298,1839,1798,1309,1654,1622,1216
1450,14839297,1851,1798,1303,1652,1616,1213
1451,14849298,1840,1782,1297,1655,1621,1210
1452,14859298,1841,1798,1309,1653,1617,1232
1453,14869298,1841,1792,1315,1654,1623,1204
1454,14879297,1840,1801,1322,1653,1614,1223
1455,14889298,1850,1811,1309,1658,1617,1215
1456,14899298,1822,1803,1309,1653,1624,1212
1457,14909298,1837,1770,1310,1656,1615,1227
1458,14919297,1846,1803,1305,1658,1623,1215
1459,14929298,1840,1801,1307,1658,1613,1218
1460,14939298,1835,1808,1335,1653,1619,1210
1461,14949298,1840,1799,1312,1653,1621,1210
1462,14959298,1839,1808,1303,1653,1624,1215
1463,14969298,1840,1792,1310,1657,1616,1214
1464,14979298,1869,1795,1310,1653,1617,1217
1465,14989298,1843,1806,1321,1655,1617,1218
1466,14999298,1841,1806,1303,1652,1615,1213
1467,15009298,1838,1798,1319,1670,1625,1223
1468,15019297,1844,1794,1328,1653,1619,1215
1469,15029298,1840,1798,1313,1653,1612,1215
1470,15039298,1840,1803,1283,1654,1624,1212
1471,15049298,1839,1800,1308,1654,1619,1215
1472,15059298,1845,1799,1298,1653,1622,1206
1473,15069297,1843,1807,1295,1654,1624,1220
1474,15079298,1840,1791,1296,1653,1621,1211
1475,15089298,1847,1797,1310,1657,1619,1206
1476,15099298,1840,1801,1311,1653,1615,1213
1477,15109298,1840,1795,1305,1655,1618,1214
1478,15119298,1842,1797,1303,1653,1617,1214
1479,15129298,1849,1796,1298,1627,1616,1208
1480,15139297,1840,1807,1302,1653,1617,1216
1481,15149298,1835,1799,1305,1655,1621,1218
1482,15159297,1839,1794,1305,1653,1616,1215
1483,15169297,1840,1799,1309,1655,1614,1217
1484,15179297,1840,1799,1303,1652,1622,1223
1485,15189298,1841,1802,1309,1654,1621,1221
1486,15199298,1838,1797,1305,1653,1614,1220
1487,15209298,1836,1805,1313,1653,1616,1210
1488,15219297,1840,1799,1301,1649,1626,1208
1489,15229298,1843,1793,1310,1657,1623,1212
1490,15239298,1840,1798,1302,1650,1623,1221
1491,15249298,1840,1801,1312,1658,1614,1215
1492,15259298,1853,1791,1309,1655,1621,1210
1493,15269298,1845,1802,1307,1658,1603,1217
1494,15279298,1830,1803,1303,1653,1616,1213
1495,15289298,1855,1797,1311,1654,1622,1211
1496,15299298,1840,1797,1311,1653,1622,1208
1497,15309298,1840,1798,1307,1653,1622,1216
1498,15319297,1840,1794,1309,1653,1617,1215
1499,15329298,1846,1795,1309,1654,1612,1218
1500,15339298,1843,1800,1302,1653,1621,1215
1501,15349298,1839,1804,1309,1653,1618,1215
1502,15359297,1840,1793,1302,1658,1625,1219
1503,15369298,1846,1793,1303,1651,1626,1214
1504,15379298,1840,1794,1301,1653,1621,1210
1505,15389298,1841,1797,1301,1658,1619,1215
1506,15399298,1843,1805,1306,1653,1616,1217
1507,15409298,1840,1805,1307,1654,1621,1221
1508,15419298,1838,1791,1307,1655,1613,1217
1509,15429298,1841,1806,1302,1653,1625,1213
1510,15439298,1838,1795,1305,1660,1621,1208
1511,15449298,1841,1797,1312,1664,1614,1218
1512,15459297,1846,1797,1309,1653,1625,1217
1513,15469297,1841,1783,1277,1654,1611,1215
1514,15479297,1851,1802,1308,1652,1622,1212
1515,15489297,1839,1795,1310,1654,1617,1217
1516,15499298,1861,1789,1310,1650,1623,1214
1517,15509297,1838,1806,1307,1652,1626,1217
1518,15519297,1842,1803,1310,1653,1622,1218
1519,15529298,1845,1802,1307,1658,1624,1213
1520,15539297,1841,1799,1310,1657,1605,1239
1521,15549297,1845,1790,1307,1655,1617,1217
1522,15559298,1837,1795,1301,1655,1615,1213
1523,15569298,1844,1799,1306,1653,1619,1215
1524,15579298,1842,1805,1308,1653,1621,1215
1525,15589297,1841,1795,1301,1661,1617,1215
1526,15599298,1840,1805,1311,1666,1617,1218
1527,15609298,1840,1805,1309,1652,1622,1208
1528,15619298,1844,1803,1309,1653,1626,1214
1529,15629297,1841,1794,1317,1662,1619,1215
1530,15639298,1845,1795,1317,1653,1617,1215
1531,15649298,1841,1798,1310,1655,1617,1212
1532,15659298,1842,1797,1309,1642,1617,1208
1533,15669298,1843,1795,1311,1651,1618,1212
1534,15679298,1841,1807,1308,1656,1619,1218
1535,15689298,1823,1803,1308,1649,1621,1222
1536,15699298,1844,1795,1309,1655,1623,1219
1537,15709298,1840,1798,1296,1653,1618,1210
1538,15719298,1853,1797,1305,1653,1614,1211
1539,15729298,1845,1798,1303,1655,1617,1210
1540,15739298,1840,1798,1309,1649,1616,1211
1541,15749298,1834,1802,1307,1652,1622,1217
1542,15759297,1842,1799,1309,1653,1616,1219
1543,15769298,1840,1797,1313,1658,1611,1218
1544,15779298,1840,1774,1312,1653,1614,1214
1545,15789298,1840,1799,1309,1653,1619,1212
1546,15799297,1845,1794,1302,1653,1626,1219
1547,15809297,1853,1809,1307,1652,1621,1214
1548,15819298,1840,1797,1307,1653,1619,1215
1549,15829298,1850,1797,1312,1653,1618,1213
1550,15839297,1840,1808,1298,1652,1615,1214
1551,15849298,1846,1794,1302,1657,1614,1213
1552,15859297,1841,1791,1308,1653,1618,1215
1553,15869298,1845,1797,1307,1656,1621,1214
1554,15879298,1841,1799,1303,1653,1619,1212
1555,15889298,1840,1803,1312,1653,1622,1214
1556,15899298,1843,1794,1311,1653,1622,1211
1557,15909298,1835,1798,1307,1653,1619,1227
1558,15919298,1828,1795,1305,1654,1619,1222
1559,15929298,1843,1793,1308,1653,1622,1212
1560,15939298,1840,1802,1305,1653,1618,1223
1561,15949298,1845,1779,1308,1653,1621,1215
1562,15959298,1840,1803,1313,1653,1616,1214
1563,15969298,1847,1799,1308,1654,1619,1212
1564,15979298,1845,1796,1312,1662,1622,1213
1565,15989298,1843,1797,1314,1653,1625,1211
1566,15999297,1843,1797,1309,1653,1620,1209
1567,16009298,1840,1806,1306,1658,1621,1218
1568,16019297,1841,1823,1312,1657,1617,1211
1569,16029298,1844,1802,1307,1654,1621,1218
1570,16039298,1845,1808,1306,1657,1617,1211
1571,16049298,1839,1802,1305,1653,1622,1214
1572,16059298,1833,1805,1314,1653,1616,1218
1573,16069298,1839,1794,1307,1655,1621,1212
1574,16079298,1840,1808,1303,1639,1619,1218
1575,16089298,1842,1790,1309,1638,1617,1227
1576,16099298,1840,1796,1301,1665,1621,1215
1577,16109297,1840,1803,1299,1653,1627,1214
1578,16119298,1843,1796,1305,1671,1626,1218
1579,16129298,1843,1790,1295,1657,1624,1221
1580,16139298,1873,1802,1292,1653,1619,1218
1581,16149298,1827,1798,1303,1652,1619,1220
1582,16159298,1841,1797,1302,1655,1615,1219
1583,16169298,1855,1797,1313,1658,1618,1218
1584,16179298,1841,1798,1307,1653,1619,1216
1585,16189298,1843,1805,1298,1653,1622,1206
1586,16199298,1837,1794,1295,1653,1624,1217
1587,16209298,1845,1805,1306,1657,1621,1218
1588,16219298,1847,1799,1314,1657,1622,1208
1589,16229298,1838,1797,1307,1653,1613,1214
1590,16239297,1839,1802,1311,1652,1621,1215
1591,16249298,1837,1797,1313,1656,1618,1192
1592,16259298,1840,1798,1315,1654,1622,1208
1593,16269299,1841,1802,1309,1655,1609,1211
1594,16279297,1871,1799,1307,1653,1620,1217
1595,16289298,1840,1795,1312,1655,1618,1217
1596,16299297,1842,1799,1308,1653,1625,1218
1597,16309298,1840,1795,1315,1653,1612,1223
1598,16319298,1840,1801,1309,1652,1626,1207
1599,16329298,1847,1800,1313,1662,1619,1218
1600,16339298,1840,1798,1311,1652,1640,1213
1601,16349298,1843,1789,1307,1654,1621,1221
1602,16359298,1841,1805,1311,1656,1626,1218
1603,16369298,1842,1798,1309,1655,1625,1220
1604,16379298,1834,1798,1314,1653,1622,1211
1605,16389298,1840,1802,1306,1652,1626,1214
1606,16399297,1846,1807,1312,1653,1622,1212
1607,16409298,1836,1809,1310,1651,1620,1210
1608,16419298,1843,1796,1297,1651,1614,1229
1609,16429297,1847,1796,1313,1661,1626,1225
1610,16439298,1818,1805,1307,1657,1624,1218
1611,16449297,1840,1779,1296,1654,1618,1220
1612,16459297,1838,1794,1313,1649,1627,1212
1613,16469298,1845,1795,1301,1661,1621,1217
1614,16479298,1840,1797,1311,1658,1626,1219
1615,16489298,1843,1806,1313,1653,1621,1213
1616,16499298,1840,1801,1306,1653,1618,1218
1617,16509298,1845,1802,1306,1654,1624,1218
1618,16519297,1840,1803,1330,1653,1609,1215
1619,16529297,1840,1802,1310,1676,1621,1214
1620,16539298,1841,1795,1301,1653,1614,1214
1621,16549298,1835,1803,1313,1653,1615,1216
1622,16559298,1841,1803,1308,1651,1622,1210
1623,16569298,1845,1798,1331,1655,1618,1212
1624,16579297,1840,1805,1309,1658,1618,1218
1625,16589298,1840,1794,1307,1653,1617,1218
1626,16599298,1839,1802,1306,1658,1617,1217
1627,16609297,1841,1803,1311,1654,1622,1217
1628,16619298,1840,1796,1307,1653,1621,1210
1629,16629298,1842,1808,1305,1649,1624,1213
1630,16639298,1845,1809,1310,1657,1618,1218
1631,16649298,1845,1798,1303,1658,1616,1222
1632,16659298,1841,1801,1308,1656,1626,1223
1633,16669298,1840,1805,1312,1653,1621,1208
1634,16679298,1846,1806,1303,1653,1622,1214
1635,16689298,1840,1798,1310,1657,1612,1221
1636,16699297,1840,1797,1310,1653,1618,1224
1637,16709298,1840,1799,1308,1663,1615,1211
1638,16719298,1835,1795,1306,1655,1625,1210
1639,16729297,1842,1798,1309,1652,1621,1219
1640,16739298,1835,1803,1309,1651,1617,1217
1641,16749298,1840,1798,1310,1671,1617,1217
1642,16759298,1841,1800,1302,1652,1616,1219
1643,16769298,1843,1805,1303,1658,1616,1213
1644,16779298,1840,1799,1311,1653,1617,1217
1645,16789297,1840,1804,1308,1655,1618,1217
1646,16799298,1834,1802,1313,1653,1616,1210
1647,16809298,1842,1803,1309,1654,1623,1215
1648,16819298,1840,1796,1298,1661,1624,1217
1649,16829297,1843,1792,1311,1653,1610,1214
1650,16839298,1843,1803,1310,1664,1625,1214
1651,16849298,1840,1798,1311,1641,1622,1218
1652,16859297,1841,1794,1302,1654,1626,1218
1653,16869298,1841,1798,1301,1652,1619,1218
1654,16879298,1842,1791,1312,1655,1618,1211
1655,16889298,1841,1797,1313,1653,1631,1217
1656,16899298,1845,1797,1314,1657,1621,1215
1657,16909298,1838,1794,1303,1655,1614,1222
1658,16919298,1842,1803,1306,1655,1618,1236
1659,16929298,1841,1795,1303,1658,1617,1220
1660,16939297,1840,1791,1355,1655,1626,1204
1661,16949298,1845,1793,1306,1653,1618,1210
1662,16959298,1843,1797,1311,1653,1618,1210
1663,16969298,1846,1801,1311,1651,1617,1218
1664,16979297,1843,1801,1299,1655,1626,1216
1665,16989298,1841,1799,1309,1658,1621,1222
1666,16999298,1841,1800,1309,1657,1622,1214
1667,17009297,1840,1801,1313,1651,1622,1215
1668,17019298,1841,1805,1296,1653,1614,1214
1669,17029298,1843,1776,1302,1655,1625,1212
1670,17039298,1828,1796,1299,1653,1625,1215
1671,17049298,1840,1801,1303,1655,1626,1218
1672,17059298,1838,1807,1307,1663,1618,1222
1673,17069297,1835,1805,1307,1658,1624,1220
1674,17079298,1833,1794,1287,1656,1618,1212
1675,17089298,1843,1804,1313,1645,1621,1221
1676,17099298,1839,1794,1298,1666,1616,1214
1677,17109297,1840,1798,1303,1653,1631,1219
1678,17119297,1839,1799,1315,1663,1621,1218
1679,17129298,1851,1803,1305,1653,1622,1219
1680,17139298,1846,1794,1303,1653,1617,1213
1681,17149298,1834,1797,1308,1652,1617,1215
1682,17159298,1846,1803,1299,1653,1618,1215
1683,17169298,1841,1799,1306,1653,1625,1212
1684,17179297,1836,1797,1312,1653,1619,1208
1685,17189298,1847,1793,1305,1653,1616,1215
1686,17199297,1840,1794,1306,1653,1618,1217
1687,17209298,1846,1795,1307,1654,1616,1217
1688,17219298,1835,1802,1312,1650,1616,1217
1689,17229298,1848,1810,1303,1648,1619,1220
1690,17239298,1846,1796,1310,1653,1615,1211
1691,17249298,1840,1797,1309,1653,1616,1218
1692,17259298,1845,1806,1310,1650,1616,1210
1693,17269297,1846,1797,1297,1652,1626,1207
1694,17279298,1840,1799,1310,1653,1619,1211
1695,17289298,1842,1799,1296,1654,1613,1213
1696,17299298,1841,1792,1303,1653,1613,1210
1697,17309297,1840,1793,1312,1653,1616,1210
1698,17319298,1852,1797,1321,1653,1613,1218
1699,17329298,1842,1795,1306,1653,1618,1214
1700,17339298,1840,1797,1297,1653,1617,1217
1701,17349298,1837,1798,1302,1652,1621,1217
1702,17359298,1837,1798,1309,1652,1622,1215
1703,17369298,1809,1808,1322,1658,1619,1212
1704,17379298,1849,1801,1304,1652,1619,1221
1705,17389298,1839,1806,1314,1653,1621,1220
1706,17399298,1840,1808,1305,1661,1618,1214
1707,17409298,1839,1803,1318,1653,1618,1220
1708,17419298,1840,1802,1311,1651,1626,1217
1709,17429297,1840,1797,1308,1658,1618,1218
1710,17439298,1840,1799,1303,1653,1619,1224
1711,17449298,1840,1794,1303,1653,1621,1214
1712,17459298,1840,1794,1312,1651,1621,1213
1713,17469297,1841,1795,1311,1664,1616,1218
1714,17479298,1840,1794,1311,1653,1622,1215
1715,17489298,1841,1806,1311,1653,1626,1213
1716,17499298,1843,1796,1314,1653,1626,1218
1717,17509298,1841,1797,1305,1653,1621,1215
1718,17519298,1838,1798,1278,1652,1622,1200
1719,17529298,1840,1799,1296,1653,1616,1229
1720,17539298,1840,1802,1310,1656,1621,1212
1721,17549298,1840,1798,1305,1653,1622,1218
1722,17559297,1845,1800,1309,1653,1619,1222
1723,17569297,1835,1792,1311,1661,1616,1218
1724,17579297,1840,1818,1293,1653,1612,1202
1725,17589298,1840,1796,1296,1653,1626,1218
1726,17599298,1844,1810,1310,1653,1619,1217
1727,17609298,1841,1797,1306,1657,1619,1211
1728,17619298,1840,1802,1312,1635,1621,1218
1729,17629298,1841,1799,1311,1653,1613,1223
1730,17639298,1845,1799,1309,1652,1625,1218
1731,17649298,1840,1798,1305,1658,1617,1222
1732,17659298,1850,1795,1311,1657,1618,1208
1733,17669298,1846,1798,1307,1652,1617,1217
1734,17679297,1845,1795,1306,1653,1626,1213
1735,17689297,1850,1807,1308,1658,1614,1221
1736,17699297,1840,1819,1306,1653,1619,1213
1737,17709297,1840,1796,1309,1656,1619,1218
1738,17719297,1840,1795,1316,1653,1621,1222
1739,17729298,1840,1803,1312,1655,1621,1215
1740,17739298,1839,1805,1306,1655,1602,1195
1741,17749297,1840,1805,1309,1656,1617,1206
1742,17759298,1857,1783,1325,1658,1612,1214
1743,17769298,1839,1806,1331,1654,1621,1222
1744,17779298,1841,1801,1307,1654,1621,1206
1745,17789298,1840,1801,1310,1655,1622,1213
1746,17799298,1840,1796,1283,1657,1621,1218
1747,17809298,1841,1806,1311,1653,1618,1217
1748,17819298,1841,1805,1308,1651,1616,1204
1749,17829298,1840,1803,1311,1651,1616,1218
1750,17839298,1846,1793,1310,1653,1617,1223
1751,17849298,1840,1801,1298,1655,1617,1218
1752,17859298,1842,1803,1307,1651,1618,1211
1753,17869298,1838,1801,1313,1653,1626,1218
1754,17879298,1840,1808,1307,1652,1625,1213
1755,17889297,1850,1803,1318,1654,1618,1212
1756,17899298,1841,1804,1309,1653,1619,1217
1757,17909298,1841,1805,1307,1653,1619,1213
1758,17919298,1841,1803,1311,1655,1621,1217
1759,17929298,1841,1806,1325,1653,1618,1213
1760,17939298,1840,1809,1313,1654,1619,1214
1761,17949297,1845,1801,1307,1666,1619,1212
1762,17959298,1846,1797,1314,1653,1619,1219
1763,17969297,1835,1798,1328,1653,1619,1206
1764,17979297,1843,1805,1302,1653,1626,1206
1765,17989298,1822,1799,1311,1653,1615,1222
1766,17999297,1840,1792,1305,1655,1618,1216
1767,18009298,1840,1803,1298,1653,1621,1222
1768,18019297,1850,1806,1310,1653,1623,1218
1769,18029298,1838,1802,1311,1653,1618,1218
1770,18039298,1842,1804,1315,1653,1621,1206
1771,18049298,1835,1797,1309,1653,1618,1211
1772,18059297,1840,1797,1308,1653,1619,1212
1773,18069297,1850,1794,1303,1656,1622,1222
1774,18079298,1842,1795,1305,1653,1612,1213
1775,18089297,1840,1801,1299,1659,1621,1221
1776,18099298,1840,1793,1300,1654,1624,1219
1777,18109298,1841,1804,1297,1653,1623,1214
1778,18119297,1840,1801,1312,1652,1617,1219
1779,18129297,1846,1798,1313,1660,1622,1225
1780,18139297,1840,1795,1307,1654,1622,1210
1781,18149298,1840,1796,1315,1653,1625,1217
1782,18159297,1842,1805,1308,1653,1618,1218
1783,18169298,1835,1799,1301,1653,1615,1220
1784,18179298,1835,1801,1318,1654,1622,1217
1785,18189298,1839,1801,1313,1652,1618,1212
1786,18199298,1837,1802,1307,1653,1617,1218
1787,18209298,1840,1797,1305,1653,1618,1222
1788,18219298,1844,1805,1307,1654,1618,1208
1789,18229297,1855,1795,1309,1655,1623,1217
1790,18239298,1841,1799,1307,1658,1629,1220
1791,18249297,1836,1805,1311,1653,1626,1216
1792,18259297,1838,1802,1306,1651,1621,1218
1793,18269298,1847,1795,1312,1663,1621,1227
1794,18279298,1840,1798,1310,1654,1621,1217
1795,18289298,1837,1797,1316,1653,1616,1228
1796,18299298,1840,1799,1312,1654,1621,1213
1797,18309298,1840,1792,1317,1654,1625,1218
1798,18319298,1869,1799,1303,1666,1621,1212
1799,18329297,1847,1803,1302,1658,1620,1218
1800,18339298,1839,1792,1311,1658,1618,1214
1801,18349298,1837,1794,1309,1653,1618,1218
1802,18359298,1843,1806,1307,1652,1614,1214
1803,18369298,1839,1798,1308,1656,1616,1217
1804,18379298,1842,1792,1306,1653,1621,1221
1805,18389298,1841,1811,1303,1654,1618,1208
1806,18399298,1839,1808,1307,1653,1614,1214
1807,18409298,1841,1797,1313,1653,1623,1217
1808,18419298,1840,1802,1315,1655,1619,1207
1809,18429297,1839,1798,1312,1654,1626,1225
1810,18439298,1840,1803,1310,1653,1620,1217
1811,18449298,1850,1799,1306,1651,1617,1214
1812,18459297,1843,1802,1313,1655,1619,1218
1813,18469297,1824,1787,1313,1653,1617,1219
1814,18479297,1840,1805,1299,1653,1622,1219
1815,18489297,1845,1798,1308,1653,1614,1218
1816,18499297,1840,1798,1307,1649,1621,1219
1817,18509297,1840,1794,1306,1653,1622,1215
1818,18519298,1840,1799,1312,1654,1615,1220
1819,18529298,1839,1797,1305,1653,1622,1211
1820,18539297,1839,1821,1317,1649,1621,1215
1821,18549297,1837,1795,1302,1651,1619,1217
1822,18559297,1859,1803,1308,1653,1619,1219
1823,18569298,1841,1793,1313,1653,1618,1217
1824,18579298,1842,1798,1308,1650,1617,1220
1825,18589298,1841,1792,1307,1650,1621,1211
1826,18599297,1840,1806,1313,1650,1621,1206
1827,18609298,1842,1795,1312,1656,1632,1192
1828,18619298,1840,1797,1301,1655,1615,1218
1829,18629297,1840,1799,1351,1652,1622,1222
1830,18639297,1841,1801,1307,1655,1619,1211
1831,18649298,1840,1793,1315,1663,1619,1219
1832,18659297,1838,1797,1310,1653,1618,1220
1833,18669297,1849,1799,1302,1650,1625,1222
1834,18679298,1841,1797,1311,1639,1617,1213
1835,18689298,1840,1776,1308,1651,1622,1220
1836,18699298,1840,1801,1297,1652,1617,1212
1837,18709298,1840,1801,1303,1653,1617,1216
1838,18719297,1842,1827,1328,1664,1622,1213
1839,18729297,1841,1808,1316,1652,1621,1220
1840,18739298,1847,1793,1307,1660,1616,1218
1841,18749298,1840,1803,1303,1653,1619,1217
1842,18759298,1845,1798,1323,1654,1616,1219
1843,18769298,1839,1801,1314,1653,1616,1214
1844,18779298,1842,1803,1314,1655,1616,1219
1845,18789297,1844,1790,1313,1653,1617,1196
1846,18799298,1842,1793,1300,1655,1617,1213
1847,18809297,1841,1799,1307,1653,1624,1215
1848,18819298,1837,1807,1311,1671,1625,1214
1849,18829298,1839,1808,1299,1652,1622,1213
1850,18839297,1843,1793,1307,1653,1617,1202
1851,18849298,1838,1803,1311,1653,1617,1218
1852,18859297,1840,1801,1319,1650,1625,1215
1853,18869297,1843,1797,1302,1654,1626,1220
1854,18879297,1837,1802,1315,1653,1614,1218
1855,18889298,1842,1800,1307,1653,1618,1217
1856,18899298,1840,1795,1312,1657,1603,1227
1857,18909298,1843,1805,1271,1656,1618,1213
1858,18919297,1841,1798,1314,1652,1619,1228
1859,18929298,1840,1808,1306,1653,1612,1215
1860,18939298,1843,1797,1316,1653,1622,1210
1861,18949298,1843,1794,1308,1654,1619,1215
1862,18959298,1835,1794,1305,1651,1621,1213
1863,18969298,1853,1798,1306,1653,1622,1218
1864,18979298,1840,1794,1306,1654,1617,1220
1865,18989298,1840,1799,1313,1653,1618,1219
1866,18999297,1838,1791,1310,1653,1626,1208
1867,19009297,1841,1800,1307,1653,1621,1218
1868,19019298,1850,1803,1330,1653,1621,1214
1869,19029298,1849,1801,1315,1653,1621,1219
1870,19039297,1843,1803,1306,1655,1623,1212
1871,19049298,1842,1805,1307,1653,1621,1218
1872,19059297,1840,1802,1319,1654,1624,1214
1873,19069298,1839,1808,1311,1678,1617,1221
1874,19079297,1843,1805,1303,1653,1617,1212
1875,19089298,1840,1802,1313,1653,1616,1215
1876,19099298,1843,1791,1310,1651,1617,1218
1877,19109298,1840,1798,1299,1653,1619,1219
1878,19119298,1841,1790,1306,1653,1621,1221
1879,19129298,1845,1803,1310,1658,1626,1213
1880,19139298,1842,1801,1307,1648,1624,1218
1881,19149298,1845,1795,1303,1653,1618,1218
1882,19159297,1836,1799,1310,1653,1625,1215
1883,19169297,1840,1799,1306,1656,1615,1213
1884,19179298,1840,1794,1321,1653,1612,1217
1885,19189298,1841,1796,1307,1654,1619,1218
1886,19199298,1840,1795,1325,1655,1624,1212
1887,19209297,1840,1798,1306,1653,1624,1221
1888,19219297,1840,1808,1309,1653,1619,1222
1889,19229298,1841,1801,1303,1664,1621,1207
1890,19239298,1840,1804,1311,1654,1622,1218
1891,19249297,1840,1794,1312,1656,1622,1216
1892,19259298,1843,1798,1310,1654,1618,1216
1893,19269298,1840,1776,1313,1658,1617,1224
1894,19279297,1826,1795,1302,1653,1601,1215
1895,19289297,1842,1805,1302,1647,1622,1220
1896,19299297,1840,1801,1308,1652,1619,1217
1897,19309298,1844,1798,1308,1651,1616,1213
1898,19319298,1851,1802,1310,1653,1626,1216
1899,19329298,1842,1805,1317,1654,1614,1218
1900,19339298,1842,1792,1313,1656,1621,1218
1901,19349298,1846,1798,1312,1656,1624,1213
1902,19359297,1850,1803,1313,1653,1616,1227
1903,19369297,1841,1791,1307,1662,1622,1210
1904,19379298,1837,1801,1306,1653,1621,1219
1905,19389297,1841,1793,1311,1679,1613,1213
1906,19399298,1839,1802,1306,1648,1619,1212
1907,19409298,1840,1802,1296,1653,1619,1214
1908,19419298,1843,1795,1307,1657,1621,1210
1909,19429297,1843,1797,1302,1652,1622,1213
1910,19439298,1840,1799,1315,1657,1622,1215
1911,19449298,1840,1794,1306,1653,1618,1210
1912,19459298,1846,1808,1306,1653,1614,1217
1913,19469297,1842,1799,1333,1656,1614,1204
1914,19479298,1839,1795,1309,1653,1619,1215
1915,19489298,1845,1801,1318,1655,1618,1216
1916,19499298,1837,1797,1309,1652,1618,1212
1917,19509298,1840,1801,1313,1656,1625,1218
1918,19519297,1840,1805,1315,1653,1626,1221
1919,19529297,1842,1805,1315,1654,1622,1217
1920,19539298,1840,1801,1313,1657,1617,1220
1921,19549298,1843,1802,1325,1653,1619,1227
1922,19559298,1840,1799,1313,1657,1624,1220
1923,19569297,1845,1802,1313,1653,1621,1218
1924,19579298,1840,1798,1295,1653,1621,1207
1925,19589297,1846,1799,1306,1653,1626,1214
1926,19599297,1839,1807,1313,1653,1618,1212
1927,19609297,1844,1796,1311,1653,1617,1218
1928,19619298,1842,1806,1315,1657,1614,1220
1929,19629298,1841,1798,1319,1653,1614,1222
1930,19639298,1849,1801,1317,1651,1623,1225
1931,19649298,1847,1792,1307,1653,1620,1221
1932,19659297,1843,1795,1308,1652,1625,1214
1933,19669298,1845,1795,1305,1654,1613,1215
1934,19679298,1840,1799,1305,1653,1613,1217
1935,19689297,1840,1802,1311,1653,1618,1218
1936,19699298,1840,1802,1310,1653,1625,1219
1937,19709298,1842,1799,1311,1653,1616,1214
1938,19719298,1843,1797,1306,1653,1622,1210
1939,19729298,1843,1806,1307,1651,1614,1222
1940,19739298,1861,1801,1308,1652,1621,1217
1941,19749298,1840,1797,1311,1649,1622,1215
1942,19759297,1839,1801,1313,1653,1626,1215
1943,19769298,1846,1797,1306,1662,1615,1215
1944,19779298,1844,1806,1307,1653,1619,1227
1945,19789298,1843,1798,1303,1656,1617,1212
1946,19799297,1844,1799,1311,1653,1624,1222
1947,19809298,1838,1793,1314,1653,1626,1218
1948,19819298,1841,1775,1315,1652,1621,1218
1949,19829298,1842,1808,1299,1653,1622,1210
1950,19839298,1839,1797,1327,1679,1621,1215
1951,19849298,1840,1802,1331,1653,1625,1217
1952,19859298,1840,1799,1305,1658,1621,1220
1953,19869298,1840,1804,1307,1657,1616,1218
1954,19879298,1840,1790,1308,1657,1616,1210
1955,19889298,1840,1801,1305,1653,1623,1222
1956,19899298,1841,1793,1314,1657,1619,1213
1957,19909298,1838,1803,1319,1653,1621,1218
1958,19919298,1840,1799,1303,1654,1621,1215
1959,19929297,1849,1799,1313,1653,1626,1213
1960,19939298,1840,1781,1311,1657,1618,1227
1961,19949298,1842,1797,1313,1653,1617,1221
1962,19959298,1840,1798,1306,1653,1626,1218
1963,19969298,1840,1802,1328,1654,1609,1222
1964,19979297,1840,1802,1306,1654,1614,1181
1965,19989297,1840,1801,1309,1653,1630,1214
1966,19999297,1838,1798,1306,1662,1626,1205
1967,20009297,1850,1808,1302,1657,1618,1219
1968,20019298,1835,1801,1313,1654,1621,1214
1969,20029298,1840,1799,1301,1652,1623,1219
1970,20039297,1845,1797,1308,1655,1618,1211
1971,20049298,1839,1797,1293,1653,1616,1215
1972,20059298,1843,1794,1309,1650,1622,1220
1973,20069298,1851,1801,1330,1653,1626,1217
1974,20079298,1835,1797,1310,1653,1617,1219
1975,20089298,1846,1802,1323,1653,1626,1206
1976,20099298,1840,1805,1310,1653,1617,1218
1977,20109297,1840,1798,1310,1657,1623,1215
1978,20119298,1851,1804,1309,1658,1617,1222
1979,20129298,1840,1793,1319,1653,1619,1214
1980,20139297,1837,1806,1310,1653,1621,1212
1981,20149297,1842,1789,1305,1655,1623,1213
1982,20159298,1840,1795,1313,1653,1623,1215
1983,20169298,1840,1803,1296,1653,1609,1217
1984,20179298,1840,1802,1313,1649,1615,1212
1985,20189298,1840,1808,1314,1650,1623,1218
1986,20199297,1841,1797,1325,1656,1617,1202
1987,20209298,1839,1799,1306,1658,1624,1217
1988,20219298,1840,1786,1311,1653,1626,1207
1989,20229298,1845,1801,1302,1653,1615,1218
1990,20239298,1843,1797,1307,1653,1614,1222
1991,20249298,1843,1803,1313,1653,1614,1218
1992,20259298,1841,1799,1307,1658,1624,1215
1993,20269298,1840,1797,1311,1653,1619,1221
1994,20279298,1847,1796,1312,1653,1617,1214
1995,20289298,1840,1797,1309,1655,1618,1220
1996,20299298,1842,1796,1307,1652,1623,1215
1997,20309298,1839,1806,1308,1652,1617,1215
1998,20319298,1840,1794,1297,1657,1615,1219
1999,20329298,1842,1806,1311,1651,1619,1212
2000,20339298,1840,1799,1307,1650,1617,1218
2001,20349298,1840,1798,1311,1640,1617,1213
2002,20359298,1843,1797,1319,1653,1617,1205
2003,20369298,1840,1805,1308,1653,1626,1213
2004,20379298,1842,1799,1310,1655,1612,1218
2005,20389298,1840,1797,1313,1653,1614,1225
2006,20399298,1840,1794,1307,1655,1617,1218
2007,20409298,1846,1802,1309,1663,1623,1214
2008,20419298,1863,1801,1311,1653,1619,1215
2009,20429298,1840,1796,1305,1661,1623,1217
2010,20439298,1840,1798,1306,1649,1624,1220
2011,20449298,1836,1798,1316,1653,1621,1216
2012,20459298,1840,1799,1296,1653,1617,1215
2013,20469298,1841,1804,1307,1651,1617,1217
2014,20479298,1845,1801,1311,1653,1626,1223
2015,20489298,1837,1803,1315,1658,1622,1220
2016,20499297,1840,1801,1303,1653,1613,1212
2017,20509298,1842,1793,1313,1653,1618,1217
2018,20519298,1821,1801,1306,1655,1616,1210
2019,20529298,1840,1799,1308,1653,1628,1218
2020,20539298,1843,1806,1312,1653,1617,1217
2021,20549298,1833,1801,1307,1652,1619,1218
2022,20559297,1837,1796,1313,1658,1622,1215
2023,20569297,1840,1794,1275,1652,1621,1222
2024,20579298,1840,1798,1308,1655,1619,1214
2025,20589298,1836,1794,1309,1653,1613,1217
2026,20599298,1840,1798,1307,1648,1622,1214
2027,20609298,1838,1808,1311,1652,1619,1213
2028,20619298,1840,1807,1318,1655,1614,1212
2029,20629297,1871,1794,1316,1653,1626,1222
2030,20639298,1841,1798,1302,1652,1612,1207
2031,20649298,1842,1803,1307,1653,1621,1224
2032,20659298,1839,1803,1316,1653,1600,1214
2033,20669298,1841,1799,1311,1653,1617,1218
2034,20679298,1843,1805,1314,1657,1619,1218
2035,20689298,1839,1797,1307,1653,1614,1215
2036,20699298,1843,1798,1328,1653,1608,1227
2037,20709297,1841,1773,1313,1653,1619,1217
2038,20719298,1839,1791,1307,1653,1622,1218
2039,20729298,1847,1795,1309,1650,1620,1219
2040,20739297,1842,1793,1306,1658,1618,1212
2041,20749297,1843,1806,1311,1657,1626,1218
2042,20759298,1845,1798,1310,1653,1613,1213
2043,20769298,1833,1807,1310,1674,1617,1213
2044,20779297,1840,1798,1314,1654,1626,1218
2045,20789298,1840,1801,1316,1654,1621,1219
2046,20799298,1840,1803,1308,1653,1617,1227
2047,20809298,1845,1806,1303,1653,1625,1217
2048,20819298,1843,1803,1310,1651,1619,1219
2049,20829298,1846,1792,1287,1654,1616,1218
2050,20839297,1840,1811,1316,1648,1614,1217
2051,20849298,1842,1799,1311,1652,1616,1217
2052,20859298,1840,1802,1310,1653,1620,1217
2053,20869298,1845,1794,1311,1655,1619,1211
2054,20879298,1840,1798,1310,1653,1616,1221
2055,20889298,1842,1799,1309,1653,1617,1219
2056,20899298,1840,1808,1313,1654,1617,1211
2057,20909298,1839,1797,1306,1654,1624,1218
2058,20919297,1839,1807,1312,1650,1621,1216
2059,20929298,1846,1805,1310,1653,1627,1222
2060,20939298,1845,1799,1283,1642,1625,1221
2061,20949298,1840,1797,1314,1670,1619,1217
2062,20959297,1847,1796,1305,1658,1619,1221
2063,20969298,1843,1794,1288,1653,1618,1208
2064,20979298,1837,1798,1318,1658,1622,1206
2065,20989298,1841,1797,1312,1653,1618,1218
2066,20999298,1839,1795,1280,1653,1621,1212
2067,21009298,1836,1803,1308,1652,1622,1216
2068,21019298,1840,1806,1312,1652,1615,1223
2069,21029298,1850,1792,1311,1670,1624,1213
2070,21039297,1841,1797,1305,1668,1619,1222
2071,21049298,1842,1801,1311,1653,1620,1207
2072,21059298,1839,1789,1311,1664,1616,1211
2073,21069297,1839,1794,1325,1652,1614,1218
2074,21079298,1827,1798,1316,1653,1621,1208
2075,21089297,1845,1799,1305,1640,1619,1211
2076,21099298,1840,1786,1317,1652,1613,1215
2077,21109297,1839,1802,1296,1653,1621,1215
2078,21119297,1840,1797,1308,1653,1619,1218
2079,21129298,1840,1790,1306,1653,1623,1218
2080,21139297,1840,1803,1305,1653,1625,1224
2081,21149297,1840,1799,1298,1655,1621,1216
2082,21159298,1850,1801,1309,1653,1614,1218
2083,21169297,1831,1796,1310,1651,1619,1211
2084,21179297,1842,1825,1307,1653,1626,1215
2085,21189297,1841,1804,1315,1653,1619,1212
2086,21199298,1842,1807,1307,1656,1617,1218
2087,21209297,1833,1796,1304,1661,1613,1218
2088,21219298,1839,1799,1315,1653,1619,1213
2089,21229298,1840,1797,1307,1653,1626,1216
2090,21239298,1840,1799,1310,1655,1622,1221
2091,21249298,1840,1792,1309,1653,1616,1220
2092,21259298,1849,1803,1301,1650,1618,1219
2093,21269297,1840,1803,1325,1653,1628,1223
2094,21279297,1840,1801,1309,1653,1617,1213
2095,21289298,1840,1805,1311,1654,1622,1212
2096,21299297,1840,1803,1313,1653,1618,1215
2097,21309298,1840,1791,1313,1672,1621,1215
2098,21319298,1840,1797,1313,1653,1621,1226
2099,21329298,1838,1803,1312,1658,1617,1218
2100,21339298,1861,1808,1283,1649,1617,1218
2101,21349298,1841,1778,1316,1650,1625,1216
2102,21359298,1839,1795,1306,1653,1634,1212
2103,21369298,1823,1783,1311,1653,1618,1222
2104,21379297,1841,1800,1313,1651,1618,1217
2105,21389297,1840,1801,1312,1655,1616,1211
2106,21399297,1845,1802,1311,1653,1622,1216
2107,21409298,1840,1804,1299,1653,1610,1220
2108,21419297,1845,1793,1321,1653,1626,1211
2109,21429298,1839,1793,1328,1653,1621,1218
2110,21439298,1840,1797,1315,1658,1619,1222
2111,21449297,1840,1807,1313,1653,1621,1212
2112,21459298,1840,1795,1309,1653,1621,1217
2113,21469297,1841,1798,1313,1653,1619,1219
2114,21479297,1840,1806,1299,1650,1617,1218
2115,21489298,1840,1799,1307,1651,1622,1211
2116,21499298,1840,1795,1309,1653,1622,1222
2117,21509297,1827,1803,1307,1653,1621,1222
2118,21519298,1841,1798,1314,1653,1618,1219
2119,21529298,1845,1797,1315,1649,1618,1218
2120,21539298,1841,1805,1327,1655,1619,1224
2121,21549298,1830,1799,1309,1654,1621,1214
2122,21559298,1839,1794,1306,1653,1621,1213
2123,21569298,1846,1799,1322,1652,1600,1218
2124,21579298,1840,1799,1307,1650,1619,1210
2125,21589298,1844,1797,1310,1658,1617,1220
2126,21599298,1841,1802,1298,1653,1595,1206
2127,21609298,1840,1794,1312,1654,1617,1211
2128,21619297,1840,1807,1313,1654,1621,1218
2129,21629298,1845,1801,1303,1662,1617,1212
2130,21639297,1842,1802,1310,1653,1616,1218
2131,21649298,1840,1789,1302,1655,1617,1218
2132,21659298,1869,1794,1313,1651,1617,1215
2133,21669298,1841,1803,1312,1653,1621,1217
2134,21679298,1843,1796,1310,1656,1615,1212
2135,21689298,1847,1797,1296,1653,1619,1214
2136,21699298,1840,1799,1309,1652,1618,1219
2137,21709298,1840,1797,1303,1658,1617,1218
2138,21719298,1842,1793,1309,1654,1617,1214
2139,21729298,1841,1802,1316,1658,1626,1210
2140,21739298,1840,1791,1309,1653,1622,1219
2141,21749297,1840,1809,1303,1653,1614,1215
2142,21759298,1853,1792,1314,1637,1621,1212
2143,21769298,1841,1800,1313,1653,1617,1217
2144,21779298,1851,1791,1296,1652,1621,1218
2145,21789297,1843,1802,1313,1661,1600,1210
2146,21799297,1842,1781,1308,1653,1624,1213
2147,21809298,1840,1803,1315,1655,1621,1217
2148,21819298,1845,1796,1305,1655,1619,1213
2149,21829297,1840,1808,1306,1653,1617,1227
2150,21839298,1839,1805,1311,1656,1626,1209
2151,21849297,1843,1799,1303,1654,1622,1202
2152,21859297,1841,1806,1305,1653,1609,1219
2153,21869298,1853,1806,1310,1653,1621,1218
2154,21879298,1841,1806,1311,1657,1624,1219
2155,21889298,1845,1794,1310,1653,1618,1213
2156,21899298,1841,1794,1315,1660,1620,1217
2157,21909298,1840,1799,1309,1658,1611,1214
2158,21919298,1847,1797,1310,1657,1624,1216
2159,21929298,1843,1802,1307,1653,1619,1218
2160,21939298,1841,1802,1311,1653,1619,1214
2161,21949298,1842,1796,1289,1652,1622,1219
2162,21959298,1841,1799,1315,1653,1616,1213
2163,21969298,1841,1807,1310,1653,1617,1219
2164,21979297,1845,1797,1307,1650,1622,1212
2165,21989298,1843,1802,1312,1648,1624,1212
2166,21999298,1837,1810,1309,1660,1616,1220
2167,22009298,1839,1804,1312,1655,1621,1220
2168,22019298,1842,1795,1306,1653,1622,1218
2169,22029298,1840,1799,1315,1653,1640,1219
2170,22039297,1839,1800,1314,1653,1621,1218
2171,22049298,1843,1807,1310,1653,1621,1220
2172,22059297,1842,1801,1309,1656,1618,1213
2173,22069298,1833,1799,1318,1658,1618,1218
2174,22079297,1838,1794,1307,1655,1617,1222
2175,22089298,1841,1799,1319,1649,1630,1211
2176,22099298,1839,1797,1316,1662,1618,1216
2177,22109297,1840,1806,1307,1653,1612,1219
2178,22119298,1840,1799,1313,1665,1625,1212
2179,22129298,1843,1802,1306,1653,1609,1220
2180,22139298,1821,1801,1308,1653,1623,1218
2181,22149298,1851,1793,1319,1653,1619,1217
2182,22159298,1840,1805,1302,1650,1621,1218
2183,22169297,1840,1804,1303,1655,1622,1221
2184,22179298,1847,1793,1318,1653,1617,1218
2185,22189298,1840,1805,1313,1649,1603,1217
2186,22199298,1844,1797,1310,1655,1619,1220
2187,22209298,1839,1807,1317,1664,1621,1224
2188,22219297,1849,1795,1303,1640,1617,1221
2189,22229298,1847,1801,1307,1653,1618,1214
2190,22239298,1840,1795,1313,1653,1624,1220
2191,22249298,1814,1795,1311,1662,1619,1217
2192,22259298,1834,1805,1298,1657,1622,1218
2193,22269298,1839,1800,1307,1651,1621,1216
2194,22279298,1839,1797,1305,1653,1614,1218
2195,22289298,1840,1793,1303,1653,1616,1213
2196,22299298,1840,1805,1306,1653,1617,1218
2197,22309298,1840,1804,1300,1652,1616,1220
2198,22319298,1845,1798,1310,1653,1612,1220
2199,22329298,1838,1802,1318,1653,1618,1213
2200,22339298,1841,1803,1312,1653,1614,1220
2201,22349298,1845,1791,1301,1652,1617,1218
2202,22359297,1844,1801,1311,1655,1614,1215
2203,22369298,1840,1805,1312,1653,1626,1212
2204,22379298,1870,1808,1301,1651,1617,1212
2205,22389297,1842,1796,1311,1667,1615,1213
2206,22399297,1840,1808,1303,1653,1612,1215
2207,22409298,1840,1795,1309,1653,1613,1217
2208,22419298,1840,1802,1311,1655,1619,1215
2209,22429298,1840,1797,1307,1652,1622,1218
2210,22439298,1840,1789,1315,1658,1617,1212
2211,22449298,1843,1825,1308,1651,1616,1215
2212,22459298,1839,1801,1318,1653,1619,1212
2213,22469297,1839,1793,1307,1653,1613,1214
2214,22479298,1845,1798,1305,1654,1614,1212
2215,22489298,1841,1805,1308,1653,1621,1218
2216,22499298,1839,1799,1314,1667,1619,1219
2217,22509298,1842,1808,1328,1658,1618,1216
2218,22519298,1840,1803,1307,1654,1621,1220
2219,22529298,1841,1798,1310,1657,1626,1215
2220,22539298,1837,1798,1313,1654,1621,1219
2221,22549298,1836,1805,1307,1653,1615,1213
2222,22559298,1841,1798,1309,1655,1621,1228
2223,22569297,1847,1799,1314,1648,1619,1219
2224,22579298,1831,1798,1302,1654,1614,1215
2225,22589298,1839,1802,1316,1653,1616,1208
2226,22599297,1840,1795,1295,1655,1617,1218
2227,22609297,1845,1798,1323,1653,1612,1210
2228,22619298,1840,1799,1305,1650,1622,1214
2229,22629298,1839,1805,1307,1653,1617,1215
2230,22639298,1841,1797,1310,1654,1621,1218
2231,22649298,1840,1803,1307,1649,1616,1217
2232,22659297,1845,1799,1323,1654,1616,1217
2233,22669297,1840,1799,1307,1653,1621,1213
2234,22679298,1840,1804,1298,1653,1621,1218
2235,22689297,1839,1800,1303,1655,1618,1220
2236,22699297,1840,1805,1310,1653,1622,1213
2237,22709298,1841,1798,1306,1650,1626,1212
2238,22719297,1842,1795,1307,1657,1619,1218
2239,22729297,1842,1806,1308,1649,1616,1217
2240,22739297,1844,1798,1306,1653,1619,1222
2241,22749298,1840,1801,1314,1653,1622,1215
2242,22759297,1839,1797,1313,1650,1621,1200
2243,22769298,1808,1792,1309,1653,1626,1212
2244,22779297,1843,1798,1317,1649,1617,1214
2245,22789298,1840,1805,1313,1653,1616,1218
2246,22799298,1841,1797,1309,1653,1621,1218
2247,22809298,1838,1796,1309,1652,1622,1215
2248,22819298,1835,1801,1303,1652,1621,1217
2249,22829297,1843,1798,1301,1655,1613,1216
2250,22839298,1840,1799,1311,1655,1616,1222
2251,22849297,1840,1805,1313,1653,1626,1218
2252,22859297,1845,1808,1302,1653,1623,1217
2253,22869297,1842,1799,1302,1653,1617,1214
2254,22879297,1840,1807,1308,1657,1619,1219
2255,22889298,1840,1795,1303,1653,1619,1208
2256,22899298,1842,1793,1319,1657,1611,1208
2257,22909298,1839,1794,1311,1657,1624,1216
2258,22919297,1837,1801,1310,1653,1612,1210
2259,22929298,1840,1792,1312,1658,1621,1215
2260,22939297,1843,1796,1308,1653,1621,1219
2261,22949297,1841,1796,1303,1652,1637,1230
2262,22959297,1840,1806,1306,1653,1624,1222
2263,22969297,1850,1791,1313,1653,1621,1218
2264,22979297,1840,1791,1311,1653,1618,1211
2265,22989298,1845,1808,1315,1651,1621,1221
2266,22999297,1840,1796,1308,1652,1602,1212
2267,23009297,1839,1802,1311,1655,1619,1218
2268,23019297,1841,1794,1307,1652,1621,1208
2269,23029298,1847,1794,1307,1653,1619,1220
2270,23039298,1842,1794,1302,1648,1617,1212
2271,23049298,1847,1809,1305,1649,1612,1214
2272,23059297,1841,1793,1312,1653,1617,1218
2273,23069297,1833,1799,1302,1653,1617,1206
2274,23079297,1846,1812,1307,1654,1619,1215
2275,23089298,1840,1799,1311,1649,1626,1217
2276,23099298,1841,1807,1311,1650,1612,1221
2277,23109298,1846,1793,1307,1662,1620,1212
2278,23119298,1838,1798,1311,1653,1617,1220
2279,23129297,1839,1798,1327,1651,1616,1212
2280,23139297,1843,1791,1303,1655,1614,1217
2281,23149297,1837,1796,1307,1653,1617,1219
2282,23159298,1841,1785,1306,1652,1622,1218
2283,23169298,1838,1796,1310,1653,1621,1212
2284,23179298,1839,1801,1312,1653,1621,1214
2285,23189298,1840,1794,1311,1654,1622,1217
2286,23199297,1837,1790,1306,1654,1621,1220
2287,23209298,1840,1798,1311,1661,1619,1219
2288,23219298,1840,1790,1311,1653,1617,1220
2289,23229298,1840,1805,1307,1656,1617,1225
2290,23239298,1840,1798,1312,1653,1619,1221
2291,23249297,1838,1796,1315,1658,1626,1218
2292,23259298,1837,1795,1306,1647,1618,1218
2293,23269297,1842,1802,1300,1655,1621,1217
2294,23279298,1841,1793,1305,1649,1621,1220
2295,23289298,1843,1802,1311,1653,1619,1212
2296,23299298,1840,1793,1319,1653,1615,1220
2297,23309298,1846,1794,1306,1657,1615,1222
2298,23319298,1841,1806,1312,1653,1617,1218
2299,23329298,1840,1798,1316,1654,1617,1212
2300,23339298,1842,1802,1310,1654,1621,1212
2301,23349298,1830,1789,1311,1656,1617,1213
2302,23359298,1840,1793,1301,1645,1618,1220
2303,23369298,1840,1795,1308,1653,1615,1213
2304,23379298,1840,1803,1309,1653,1617,1214
2305,23389297,1848,1803,1311,1656,1615,1218
2306,23399297,1849,1800,1314,1661,1616,1217
2307,23409297,1841,1805,1302,1657,1612,1227
2308,23419298,1842,1797,1309,1652,1616,1223
2309,23429298,1842,1798,1307,1651,1616,1218
2310,23439297,1842,1795,1321,1653,1622,1212
2311,23449298,1840,1790,1312,1656,1618,1222
2312,23459298,1841,1794,1311,1658,1621,1212
2313,23469297,1842,1799,1306,1649,1619,1211
2314,23479298,1840,1798,1313,1653,1617,1218
2315,23489298,1833,1806,1309,1649,1617,1221
2316,23499298,1839,1798,1307,1661,1619,1224
2317,23509297,1846,1792,1309,1652,1622,1214
2318,23519297,1840,1773,1313,1663,1626,1218
2319,23529298,1843,1798,1309,1653,1616,1222
2320,23539298,1837,1800,1315,1653,1626,1217
2321,23549298,1842,1799,1303,1656,1619,1220
2322,23559297,1843,1797,1301,1652,1625,1211
2323,23569298,1834,1797,1305,1667,1614,1218
2324,23579297,1853,1797,1311,1655,1618,1222
2325,23589298,1847,1803,1314,1654,1618,1213
2326,23599298,1841,1799,1312,1652,1616,1217
2327,23609298,1838,1802,1311,1653,1621,1218
2328,23619297,1839,1802,1315,1652,1617,1212
2329,23629297,1839,1794,1313,1654,1621,1210
2330,23639297,1840,1803,1309,1653,1619,1215
2331,23649298,1840,1798,1312,1649,1621,1207
2332,23659297,1840,1813,1313,1653,1619,1224
2333,23669297,1838,1796,1306,1653,1622,1222
2334,23679298,1854,1795,1311,1655,1624,1215
2335,23689298,1844,1808,1312,1653,1616,1222
2336,23699297,1845,1801,1302,1662,1622,1221
2337,23709298,1840,1797,1316,1653,1623,1218
2338,23719298,1820,1803,1309,1658,1617,1218
2339,23729298,1843,1805,1285,1651,1618,1218
2340,23739298,1842,1808,1298,1655,1621,1219
2341,23749298,1842,1797,1333,1653,1618,1219
2342,23759298,1841,1800,1309,1653,1619,1215
2343,23769298,1842,1803,1299,1653,1612,1218
2344,23779297,1842,1803,1301,1652,1621,1219
2345,23789297,1871,1797,1314,1654,1616,1220
2346,23799298,1839,1801,1301,1654,1617,1211
2347,23809298,1840,1799,1309,1653,1626,1215
2348,23819298,1842,1796,1310,1653,1612,1219
2349,23829297,1840,1815,1306,1663,1616,1232
2350,23839297,1845,1796,1311,1650,1605,1218
2351,23849297,1847,1798,1297,1659,1615,1211
2352,23859298,1842,1795,1316,1659,1615,1219
2353,23869298,1844,1801,1302,1652,1616,1217
2354,23879298,1841,1796,1311,1654,1619,1211
2355,23889298,1840,1799,1308,1653,1626,1222
2356,23899297,1844,1798,1310,1653,1600,1218
2357,23909298,1840,1795,1306,1657,1624,1208
2358,23919298,1846,1804,1311,1656,1617,1219
2359,23929298,1840,1799,1310,1638,1617,1208
2360,23939298,1840,1797,1305,1653,1615,1218
2361,23949297,1851,1808,1311,1648,1621,1215
2362,23959298,1841,1805,1320,1658,1608,1217
2363,23969297,1839,1797,1319,1658,1621,1218
2364,23979298,1861,1792,1310,1652,1619,1218
2365,23989298,1843,1803,1316,1631,1626,1214
2366,23999298,1840,1801,1310,1652,1619,1225
2367,24009299,1845,1803,1307,1660,1622,1216
2368,24019298,1837,1792,1316,1655,1619,1210
2369,24029298,1847,1799,1310,1655,1635,1222
2370,24039298,1846,1798,1310,1661,1619,1213
2371,24049297,1840,1811,1315,1650,1626,1218
2372,24059298,1840,1801,1326,1653,1618,1218
2373,24069298,1845,1799,1313,1653,1618,1223
2374,24079297,1844,1802,1330,1653,1613,1201
2375,24089298,1840,1807,1309,1665,1618,1222
2376,24099298,1841,1798,1314,1651,1624,1221
2377,24109298,1842,1802,1313,1653,1626,1224
2378,24119297,1840,1804,1310,1653,1622,1225
2379,24129298,1857,1794,1317,1665,1617,1218
2380,24139298,1835,1799,1310,1651,1621,1218
2381,24149297,1848,1803,1312,1649,1630,1218
2382,24159298,1852,1807,1313,1653,1626,1212
2383,24169297,1840,1808,1311,1653,1626,1219
2384,24179298,1841,1796,1297,1656,1624,1221
2385,24189297,1846,1803,1311,1653,1624,1218
2386,24199297,1835,1806,1314,1658,1614,1213
2387,24209298,1845,1798,1305,1653,1626,1211
2388,24219297,1840,1824,1299,1653,1618,1218
2389,24229297,1840,1803,1313,1654,1600,1221
2390,24239297,1838,1795,1314,1653,1626,1219
2391,24249298,1841,1801,1314,1654,1624,1223
2392,24259297,1847,1796,1296,1657,1622,1215
2393,24269298,1841,1797,1305,1653,1616,1218
2394,24279298,1840,1803,1312,1653,1621,1220
2395,24289298,1841,1803,1315,1655,1601,1221
2396,24299298,1840,1801,1317,1658,1626,1210
2397,24309298,1840,1795,1306,1654,1622,1213
2398,24319297,1839,1806,1318,1650,1626,1220
2399,24329297,1841,1796,1307,1650,1622,1219
2400,24339298,1839,1806,1307,1653,1617,1213
2401,24349298,1843,1799,1312,1653,1616,1209
2402,24359297,1843,1789,1301,1658,1617,1218
2403,24369298,1840,1803,1313,1651,1617,1215
2404,24379298,1839,1805,1306,1655,1621,1214
2405,24389298,1843,1798,1303,1653,1619,1219
2406,24399298,1844,1795,1312,1658,1617,1217
2407,24409297,1839,1802,1306,1653,1618,1218
2408,24419298,1840,1802,1313,1653,1604,1208
2409,24429298,1840,1808,1337,1651,1618,1217
2410,24439298,1837,1801,1312,1653,1625,1214
2411,24449298,1837,1798,1329,1653,1618,1222
2412,24459297,1847,1805,1303,1654,1621,1210
2413,24469297,1845,1798,1309,1651,1619,1220
2414,24479298,1842,1802,1312,1653,1623,1220
2415,24489298,1842,1797,1317,1653,1612,1216
2416,24499298,1840,1797,1303,1653,1622,1219
2417,24509298,1846,1802,1313,1653,1618,1215
2418,24519298,1845,1801,1311,1658,1622,1218
2419,24529298,1842,1799,1305,1657,1621,1213
2420,24539298,1841,1794,1310,1657,1626,1214
2421,24549297,1843,1804,1315,1655,1622,1233
2422,24559298,1841,1797,1310,1657,1614,1218
2423,24569298,1837,1808,1306,1656,1624,1219
2424,24579298,1845,1794,1310,1653,1621,1214
2425,24589298,1840,1801,1305,1653,1623,1219
2426,24599298,1837,1787,1303,1650,1617,1212
2427,24609298,1840,1795,1313,1653,1622,1218
2428,24619297,1840,1814,1315,1654,1615,1214
2429,24629297,1840,1797,1309,1653,1622,1218
2430,24639298,1840,1796,1301,1655,1619,1212
2431,24649297,1833,1797,1312,1652,1609,1219
2432,24659298,1840,1801,1307,1653,1624,1218
2433,24669297,1838,1797,1312,1655,1618,1227
2434,24679297,1840,1794,1315,1653,1617,1221
2435,24689298,1823,1802,1323,1653,1624,1218
2436,24699297,1840,1794,1284,1653,1613,1222
2437,24709298,1847,1795,1309,1653,1617,1215
2438,24719297,1835,1793,1313,1645,1619,1216
2439,24729298,1840,1797,1302,1653,1621,1213
2440,24739297,1840,1776,1315,1658,1616,1213
2441,24749298,1842,1799,1303,1653,1621,1204
2442,24759298,1840,1803,1308,1653,1615,1215
2443,24769297,1845,1801,1311,1653,1617,1215
2444,24779298,1846,1799,1305,1654,1624,1215
2445,24789297,1840,1797,1301,1653,1621,1215
2446,24799298,1859,1796,1315,1657,1617,1218
2447,24809297,1840,1803,1313,1658,1626,1217
2448,24819298,1847,1805,1313,1653,1621,1218
2449,24829298,1846,1793,1309,1634,1618,1215
2450,24839298,1840,1798,1315,1648,1617,1218
2451,24849298,1840,1799,1310,1626,1617,1220
2452,24859298,1841,1806,1317,1654,1618,1222
2453,24869297,1835,1805,1309,1650,1621,1220
2454,24879298,1870,1794,1304,1636,1624,1218
2455,24889298,1839,1802,1314,1653,1624,1233
2456,24899297,1838,1790,1307,1631,1621,1212
2457,24909298,1845,1799,1311,1653,1617,1220
2458,24919298,1830,1797,1311,1642,1619,1222
2459,24929298,1840,1803,1310,1654,1613,1221
2460,24939298,1831,1807,1310,1661,1616,1215
2461,24949297,1844,1804,1296,1653,1619,1219
2462,24959298,1840,1803,1313,1651,1616,1221
2463,24969298,1839,1802,1305,1653,1624,1217
2464,24979298,1840,1801,1303,1653,1617,1215
2465,24989298,1843,1794,1313,1653,1625,1217
2466,24999298,1840,1808,1303,1650,1617,1221
2467,25009297,1836,1806,1307,1653,1617,1218
2468,25019297,1839,1793,1293,1653,1617,1203
2469,25029298,1844,1815,1307,1652,1623,1219
2470,25039298,1841,1799,1303,1649,1622,1213
2471,25049298,1829,1806,1311,1666,1621,1215
2472,25059298,1843,1799,1312,1653,1619,1217
2473,25069298,1841,1793,1307,1653,1619,1221
2474,25079298,1840,1797,1313,1655,1626,1221
2475,25089298,1840,1803,1323,1655,1617,1224
2476,25099298,1840,1798,1307,1654,1618,1223
2477,25109298,1840,1797,1305,1653,1621,1195
2478,25119297,1840,1790,1319,1653,1621,1217
2479,25129297,1842,1801,1313,1653,1624,1215
2480,25139298,1843,1797,1296,1652,1618,1218
2481,25149297,1838,1793,1311,1655,1616,1219
2482,25159298,1841,1806,1316,1657,1621,1220
2483,25169298,1839,1802,1310,1650,1621,1219
2484,25179298,1840,1798,1300,1653,1624,1218
2485,25189298,1845,1805,1308,1653,1624,1219
2486,25199298,1839,1798,1319,1655,1616,1221
2487,25209297,1843,1793,1317,1657,1621,1215
2488,25219298,1840,1795,1282,1654,1619,1217
2489,25229297,1840,1792,1312,1644,1625,1221
2490,25239297,1841,1811,1313,1653,1621,1230
2491,25249297,1838,1793,1313,1653,1612,1217
2492,25259298,1846,1803,1306,1653,1619,1206
2493,25269298,1840,1807,1311,1652,1626,1221
2494,25279298,1839,1799,1299,1649,1623,1211
2495,25289298,1840,1801,1306,1655,1619,1221
2496,25299298,1840,1798,1333,1650,1626,1211
2497,25309297,1842,1805,1313,1658,1619,1219
2498,25319297,1839,1802,1305,1651,1625,1214
2499,25329298,1834,1797,1303,1653,1626,1206
2500,25339298,1839,1800,1307,1653,1626,1218
2501,25349297,1841,1797,1310,1649,1620,1206
2502,25359298,1840,1797,1313,1663,1626,1218
2503,25369298,1840,1806,1310,1653,1621,1218
2504,25379297,1840,1804,1313,1675,1624,1210
2505,25389298,1840,1799,1307,1658,1621,1215
2506,25399298,1841,1808,1304,1657,1622,1218
2507,25409298,1839,1795,1316,1653,1624,1221
2508,25419298,1840,1798,1314,1653,1622,1218
2509,25429297,1840,1799,1306,1657,1616,1214
2510,25439297,1841,1803,1321,1653,1621,1231
2511,25449297,1841,1807,1313,1655,1600,1226
2512,25459298,1840,1802,1309,1661,1625,1218
2513,25469298,1841,1801,1310,1653,1622,1218
2514,25479298,1842,1798,1313,1653,1625,1218
2515,25489298,1842,1798,1319,1655,1618,1218
2516,25499297,1840,1803,1308,1653,1618,1222
2517,25509298,1843,1805,1311,1657,1624,1213
2518,25519297,1837,1802,1317,1662,1621,1222
2519,25529298,1853,1793,1313,1654,1618,1221
2520,25539297,1840,1800,1309,1653,1619,1218
2521,25549298,1841,1793,1309,1653,1616,1224
2522,25559298,1840,1798,1309,1651,1623,1213
2523,25569298,1844,1808,1311,1653,1622,1221
2524,25579298,1843,1791,1308,1653,1619,1218
2525,25589298,1845,1802,1307,1653,1617,1216
2526,25599298,1840,1798,1307,1654,1617,1219
2527,25609298,1845,1797,1317,1653,1626,1218
2528,25619298,1838,1793,1303,1658,1619,1218
2529,25629298,1850,1795,1311,1653,1622,1222
2530,25639297,1839,1797,1317,1653,1617,1220
2531,25649298,1840,1794,1307,1653,1619,1219
2532,25659297,1825,1802,1314,1653,1624,1224
2533,25669298,1836,1800,1305,1677,1618,1207
2534,25679298,1849,1792,1309,1654,1612,1213
2535,25689298,1840,1808,1318,1654,1617,1220
2536,25699298,1851,1795,1311,1653,1619,1217
2537,25709297,1841,1805,1315,1655,1622,1218
2538,25719297,1840,1791,1314,1652,1616,1219
2539,25729298,1840,1802,1307,1649,1618,1221
2540,25739298,1840,1802,1313,1655,1615,1225
2541,25749298,1840,1807,1312,1653,1623,1211
2542,25759297,1835,1794,1319,1652,1612,1217
2543,25769297,1840,1798,1305,1649,1616,1219
2544,25779297,1837,1798,1306,1655,1614,1221
2545,25789298,1845,1794,1307,1653,1621,1220
2546,25799297,1839,1793,1314,1653,1626,1219
2547,25809297,1839,1794,1313,1653,1621,1222
2548,25819298,1839,1799,1309,1654,1617,1214
2549,25829298,1837,1795,1306,1641,1618,1218
2550,25839298,1845,1804,1315,1655,1621,1218
2551,25849298,1840,1794,1318,1652,1617,1209
2552,25859298,1843,1802,1313,1653,1627,1216
2553,25869298,1841,1801,1307,1654,1617,1210
2554,25879298,1845,1799,1296,1653,1618,1214
2555,25889298,1843,1796,1312,1654,1619,1218
2556,25899298,1840,1805,1306,1654,1612,1221
2557,25909298,1841,1793,1309,1645,1621,1224
2558,25919298,1841,1795,1297,1653,1617,1217
2559,25929297,1845,1804,1311,1653,1619,1216
2560,25939298,1839,1799,1316,1661,1617,1215
2561,25949298,1844,1776,1309,1653,1621,1218
2562,25959298,1840,1803,1312,1653,1618,1213
2563,25969298,1839,1803,1311,1653,1621,1218
2564,25979297,1840,1794,1309,1648,1614,1217
2565,25989298,1851,1799,1311,1653,1615,1224
2566,25999298,1843,1796,1325,1653,1615,1220
2567,26009298,1848,1806,1317,1653,1621,1216
2568,26019298,1840,1793,1301,1657,1617,1214
2569,26029297,1843,1796,1309,1638,1617,1221
2570,26039298,1843,1795,1307,1647,1626,1219
2571,26049298,1830,1804,1313,1654,1617,1222
2572,26059298,1846,1778,1319,1655,1617,1214
2573,26069298,1840,1797,1306,1653,1619,1204
2574,26079298,1845,1801,1310,1653,1621,1218
2575,26089297,1841,1790,1311,1657,1626,1221
2576,26099297,1835,1797,1303,1657,1615,1218
2577,26109298,1843,1802,1310,1653,1618,1215
2578,26119298,1841,1800,1311,1658,1619,1215
2579,26129298,1842,1796,1310,1653,1626,1213
2580,26139298,1853,1805,1313,1653,1617,1218
2581,26149298,1837,1794,1309,1649,1616,1218
2582,26159298,1855,1802,1311,1640,1621,1218
2583,26169298,1835,1797,1305,1657,1619,1212
2584,26179298,1843,1803,1310,1653,1624,1220
2585,26189297,1845,1803,1307,1653,1624,1218
2586,26199297,1840,1797,1311,1653,1610,1221
2587,26209297,1842,1795,1314,1661,1626,1215
2588,26219298,1829,1808,1303,1653,1609,1217
2589,26229298,1840,1802,1310,1680,1617,1218
2590,26239297,1847,1801,1321,1657,1619,1214
2591,26249298,1843,1806,1308,1653,1621,1215
2592,26259298,1841,1781,1314,1654,1616,1221
2593,26269298,1840,1802,1310,1653,1616,1218
2594,26279298,1840,1797,1312,1653,1614,1212
2595,26289298,1840,1808,1317,1653,1622,1211
2596,26299298,1839,1797,1306,1653,1616,1218
2597,26309298,1831,1798,1311,1653,1616,1219
2598,26319297,1843,1794,1319,1651,1617,1220
2599,26329298,1844,1807,1315,1653,1624,1218
2600,26339298,1837,1803,1294,1653,1626,1219
2601,26349298,1837,1805,1311,1654,1615,1209
2602,26359298,1866,1794,1305,1660,1616,1218
2603,26369298,1840,1793,1299,1653,1614,1217
2604,26379297,1844,1802,1311,1653,1617,1209
2605,26389298,1841,1791,1311,1653,1612,1220
2606,26399298,1840,1794,1315,1654,1617,1218
2607,26409297,1841,1797,1311,1653,1623,1220
2608,26419298,1840,1798,1308,1649,1621,1220
2609,26429297,1840,1791,1317,1653,1624,1216
2610,26439298,1845,1799,1308,1653,1618,1215
2611,26449298,1841,1798,1299,1653,1618,1232
2612,26459298,1840,1805,1309,1653,1618,1210
2613,26469298,1847,1798,1307,1653,1619,1219
2614,26479297,1840,1787,1313,1655,1621,1214
2615,26489298,1840,1804,1309,1656,1621,1220
2616,26499298,1840,1801,1313,1654,1619,1220
2617,26509298,1847,1795,1314,1658,1625,1220
2618,26519298,1841,1798,1307,1658,1619,1237
2619,26529298,1843,1798,1311,1660,1619,1218
2620,26539297,1844,1778,1298,1653,1614,1215
2621,26549298,1840,1795,1315,1658,1606,1218
2622,26559298,1835,1803,1311,1653,1599,1222
2623,26569297,1841,1797,1307,1653,1622,1218
2624,26579298,1840,1808,1307,1653,1615,1216
2625,26589298,1841,1798,1311,1653,1619,1221
2626,26599298,1825,1802,1313,1653,1621,1219
2627,26609298,1840,1797,1296,1658,1624,1217
2628,26619298,1842,1798,1314,1653,1618,1218
2629,26629297,1841,1805,1328,1658,1626,1217
2630,26639298,1843,1798,1306,1653,1626,1220
2631,26649298,1845,1801,1306,1632,1622,1215
2632,26659297,1840,1802,1312,1653,1621,1232
2633,26669298,1826,1802,1311,1653,1611,1212
2634,26679298,1850,1806,1303,1654,1614,1229
2635,26689297,1837,1795,1319,1655,1622,1216
2636,26699298,1842,1803,1310,1653,1621,1225
2637,26709298,1840,1802,1311,1658,1622,1218
2638,26719298,1829,1806,1321,1653,1622,1218
2639,26729298,1837,1801,1312,1653,1625,1215
2640,26739298,1840,1806,1309,1653,1625,1211
2641,26749297,1847,1805,1307,1653,1627,1218
2642,26759298,1837,1817,1306,1658,1619,1245
2643,26769297,1843,1795,1302,1653,1617,1219
2644,26779298,1843,1808,1302,1654,1616,1218
2645,26789298,1819,1807,1311,1652,1621,1219
2646,26799298,1841,1802,1310,1653,1621,1216
2647,26809297,1841,1806,1311,1658,1626,1220
2648,26819298,1847,1799,1316,1649,1628,1218
2649,26829298,1842,1795,1313,1653,1622,1218
2650,26839297,1843,1794,1326,1652,1613,1225
2651,26849298,1840,1799,1310,1651,1616,1214
2652,26859297,1827,1801,1303,1654,1621,1214
2653,26869298,1842,1801,1312,1653,1617,1207
2654,26879298,1841,1797,1313,1654,1611,1218
2655,26889298,1840,1807,1312,1671,1619,1214
2656,26899298,1841,1806,1315,1653,1624,1207
2657,26909298,1845,1803,1302,1653,1635,1218
2658,26919298,1840,1799,1313,1653,1621,1221
2659,26929297,1836,1797,1312,1655,1617,1234
2660,26939297,1838,1799,1303,1649,1615,1217
2661,26949299,1840,1793,1314,1653,1618,1224
2662,26959298,1839,1811,1310,1645,1624,1222
2663,26969297,1840,1799,1302,1652,1621,1223
2664,26979298,1845,1803,1308,1660,1618,1218
2665,26989298,1844,1801,1308,1653,1617,1218
2666,26999298,1847,1798,1303,1651,1617,1219
2667,27009298,1840,1797,1313,1657,1618,1219
2668,27019297,1840,1799,1319,1653,1618,1218
2669,27029298,1840,1797,1315,1649,1613,1218
2670,27039298,1843,1801,1308,1653,1621,1224
2671,27049298,1840,1796,1306,1653,1619,1210
2672,27059298,1843,1795,1315,1644,1624,1217
2673,27069298,1843,1793,1310,1654,1612,1218
2674,27079297,1840,1799,1301,1653,1619,1242
2675,27089298,1843,1799,1312,1651,1614,1216
2676,27099297,1837,1797,1310,1644,1626,1221
2677,27109298,1840,1792,1309,1669,1616,1218
2678,27119297,1840,1801,1310,1653,1614,1215
2679,27129298,1838,1797,1309,1653,1621,1223
2680,27139298,1840,1801,1302,1654,1617,1217
2681,27149298,1840,1804,1309,1641,1623,1217
2682,27159298,1838,1803,1315,1653,1615,1222
2683,27169298,1827,1795,1315,1655,1622,1215
2684,27179297,1840,1793,1309,1652,1621,1205
2685,27189298,1842,1795,1315,1657,1621,1219
2686,27199298,1843,1798,1311,1654,1618,1220
2687,27209298,1840,1798,1306,1652,1622,1211
2688,27219298,1841,1797,1301,1653,1624,1207
2689,27229298,1841,1796,1307,1653,1616,1222
2690,27239298,1839,1798,1309,1653,1626,1220
2691,27249298,1837,1795,1314,1653,1617,1217
2692,27259298,1854,1808,1313,1655,1619,1225
2693,27269298,1840,1797,1303,1658,1621,1222
2694,27279297,1838,1793,1313,1652,1619,1213
2695,27289297,1840,1799,1310,1653,1617,1221
2696,27299298,1846,1795,1314,1653,1621,1222
2697,27309297,1840,1803,1310,1665,1625,1219
2698,27319297,1843,1794,1313,1655,1621,1213
2699,27329298,1845,1795,1311,1650,1618,1217
2700,27339298,1837,1799,1311,1653,1612,1213
2701,27349297,1840,1795,1302,1650,1619,1217
2702,27359298,1836,1794,1310,1652,1617,1218
2703,27369297,1840,1805,1313,1664,1617,1217
2704,27379298,1843,1797,1313,1654,1621,1219
2705,27389298,1850,1805,1322,1653,1624,1214
2706,27399297,1856,1797,1310,1653,1615,1221
2707,27409297,1840,1792,1309,1657,1619,1222
2708,27419298,1840,1803,1307,1653,1612,1218
2709,27429297,1843,1797,1313,1658,1618,1220
2710,27439298,1840,1793,1316,1653,1616,1210
2711,27449298,1855,1805,1312,1658,1622,1214
2712,27459297,1843,1805,1306,1653,1617,1223
2713,27469298,1850,1803,1307,1651,1616,1220
2714,27479298,1838,1791,1313,1653,1616,1220
2715,27489298,1839,1796,1313,1653,1627,1217
2716,27499298,1840,1801,1312,1653,1618,1218
2717,27509298,1846,1797,1318,1657,1612,1217
2718,27519298,1840,1795,1310,1653,1618,1215
2719,27529298,1841,1801,1311,1652,1617,1232
2720,27539298,1840,1802,1314,1653,1632,1218
2721,27549298,1841,1808,1303,1658,1622,1207
2722,27559298,1839,1805,1313,1650,1621,1223
2723,27569298,1835,1804,1317,1653,1617,1219
2724,27579298,1839,1803,1311,1655,1622,1217
2725,27589298,1845,1801,1321,1653,1617,1217
2726,27599298,1840,1805,1313,1653,1614,1216
2727,27609298,1844,1794,1318,1655,1621,1220
2728,27619298,1840,1802,1298,1653,1612,1222
2729,27629298,1839,1799,1307,1653,1622,1235
2730,27639298,1845,1797,1313,1653,1618,1218
2731,27649298,1843,1795,1307,1661,1624,1215
2732,27659298,1842,1801,1302,1661,1622,1193
2733,27669297,1845,1801,1313,1653,1622,1215
2734,27679297,1847,1798,1313,1652,1616,1218
2735,27689298,1839,1791,1312,1647,1622,1222
2736,27699298,1840,1799,1295,1654,1617,1220
2737,27709297,1840,1802,1308,1658,1625,1218
2738,27719298,1841,1808,1302,1653,1621,1219
2739,27729298,1839,1799,1313,1653,1619,1220
2740,27739298,1841,1805,1313,1654,1617,1220
2741,27749298,1841,1798,1310,1652,1616,1217
2742,27759298,1841,1794,1305,1653,1617,1239
2743,27769297,1840,1801,1328,1653,1619,1228
2744,27779298,1840,1800,1310,1653,1618,1218
2745,27789298,1841,1808,1313,1653,1622,1212
2746,27799298,1825,1799,1307,1657,1618,1219
2747,27809298,1841,1803,1303,1651,1616,1218
2748,27819298,1840,1797,1315,1653,1621,1215
2749,27829298,1846,1794,1315,1657,1617,1233
2750,27839298,1838,1802,1327,1653,1629,1220
2751,27849298,1840,1798,1314,1655,1604,1215
2752,27859298,1837,1798,1302,1653,1618,1222
2753,27869298,1872,1801,1311,1658,1623,1211
2754,27879298,1842,1803,1316,1653,1618,1218
2755,27889298,1841,1807,1308,1657,1622,1215
2756,27899298,1840,1807,1303,1653,1612,1212
2757,27909298,1840,1796,1315,1653,1616,1227
2758,27919298,1840,1798,1317,1653,1616,1206
2759,27929298,1841,1802,1307,1652,1621,1231
2760,27939297,1840,1788,1314,1658,1621,1218
2761,27949298,1845,1802,1327,1653,1618,1217
2762,27959298,1843,1801,1311,1653,1616,1213
2763,27969298,1840,1800,1303,1652,1614,1227
2764,27979298,1845,1803,1283,1653,1598,1215
2765,27989298,1840,1794,1310,1652,1617,1217
2766,27999298,1839,1797,1311,1653,1618,1218
2767,28009297,1846,1807,1307,1657,1622,1219
2768,28019298,1840,1801,1311,1655,1621,1219
2769,28029298,1840,1792,1317,1634,1613,1218
2770,28039298,1840,1797,1333,1655,1621,1215
2771,28049297,1844,1803,1315,1654,1621,1219
2772,28059297,1840,1802,1305,1653,1616,1217
2773,28069298,1840,1799,1315,1653,1629,1211
2774,28079298,1843,1795,1308,1657,1621,1218
2775,28089298,1840,1797,1310,1652,1622,1215
2776,28099298,1842,1803,1311,1661,1615,1225
2777,28109297,1837,1795,1307,1653,1617,1216
2778,28119297,1839,1794,1310,1654,1621,1221
2779,28129298,1838,1802,1311,1658,1617,1210
2780,28139298,1839,1803,1319,1656,1620,1215
2781,28149297,1840,1795,1312,1653,1622,1221
2782,28159298,1837,1801,1309,1657,1622,1214
2783,28169298,1840,1799,1310,1658,1621,1212
2784,28179298,1840,1802,1314,1653,1617,1217
2785,28189298,1842,1796,1312,1655,1621,1219
2786,28199297,1834,1797,1310,1653,1622,1217
2787,28209298,1838,1808,1307,1653,1594,1218
2788,28219298,1843,1805,1307,1653,1618,1231
2789,28229298,1847,1808,1303,1655,1624,1218
2790,28239298,1841,1803,1310,1651,1626,1217
2791,28249298,1845,1791,1307,1651,1622,1216
2792,28259298,1858,1799,1305,1652,1626,1220
2793,28269298,1844,1802,1312,1653,1621,1217
2794,28279298,1846,1797,1307,1654,1619,1215
2795,28289298,1844,1803,1309,1652,1619,1216
2796,28299297,1850,1793,1306,1657,1616,1205
2797,28309298,1847,1797,1309,1653,1608,1219
2798,28319298,1835,1799,1308,1653,1624,1215
2799,28329297,1840,1802,1312,1654,1617,1219
2800,28339298,1842,1809,1309,1653,1621,1206
2801,28349298,1839,1803,1307,1656,1617,1220
2802,28359298,1845,1799,1314,1660,1618,1220
2803,28369298,1838,1803,1303,1650,1619,1219
2804,28379298,1840,1801,1312,1653,1621,1233
2805,28389298,1843,1799,1303,1653,1621,1218
2806,28399298,1840,1802,1301,1653,1622,1254
2807,28409297,1840,1803,1314,1654,1618,1218
2808,28419298,1849,1791,1311,1649,1626,1210
2809,28429298,1841,1803,1310,1653,1616,1220
2810,28439298,1840,1796,1312,1652,1621,1216
2811,28449297,1840,1802,1317,1655,1618,1210
2812,28459298,1838,1797,1310,1653,1616,1220
2813,28469298,1839,1801,1311,1652,1619,1208
2814,28479298,1841,1794,1313,1653,1617,1223
2815,28489297,1843,1799,1318,1649,1617,1218
2816,28499298,1814,1805,1310,1657,1625,1218
2817,28509298,1839,1793,1309,1653,1618,1218
2818,28519298,1840,1792,1301,1671,1618,1218
2819,28529298,1837,1798,1305,1652,1622,1219
2820,28539297,1846,1795,1305,1658,1619,1220
2821,28549298,1838,1802,1312,1658,1612,1232
2822,28559298,1841,1801,1311,1653,1612,1222
2823,28569298,1840,1795,1313,1653,1618,1220
2824,28579298,1847,1797,1311,1655,1614,1218
2825,28589298,1817,1798,1312,1641,1614,1217
2826,28599298,1840,1801,1312,1653,1617,1220
2827,28609297,1845,1801,1313,1651,1619,1219
2828,28619298,1840,1798,1297,1652,1617,1217
2829,28629297,1842,1803,1318,1657,1619,1219
2830,28639297,1840,1799,1309,1658,1612,1218
2831,28649298,1843,1795,1313,1653,1626,1218
2832,28659298,1837,1805,1315,1679,1626,1221
2833,28669298,1840,1806,1309,1653,1621,1218
2834,28679298,1843,1802,1302,1653,1619,1222
2835,28689298,1843,1806,1328,1660,1617,1212
2836,28699298,1841,1789,1312,1653,1612,1217
2837,28709297,1827,1803,1303,1653,1618,1215
2838,28719297,1840,1805,1309,1651,1619,1219
2839,28729298,1840,1799,1308,1652,1617,1215
2840,28739298,1848,1792,1307,1651,1618,1222
2841,28749297,1844,1793,1311,1653,1622,1225
2842,28759298,1844,1803,1310,1676,1621,1214
2843,28769298,1835,1797,1319,1644,1615,1221
2844,28779298,1835,1801,1313,1650,1617,1222
2845,28789298,1841,1807,1313,1655,1618,1215
2846,28799298,1846,1798,1315,1654,1618,1218
2847,28809298,1837,1802,1311,1657,1623,1218
2848,28819298,1840,1789,1322,1639,1618,1219
2849,28829298,1843,1798,1312,1653,1617,1219
2850,28839298,1850,1805,1311,1653,1619,1211
2851,28849298,1840,1807,1307,1653,1619,1219
2852,28859298,1839,1794,1307,1653,1617,1214
2853,28869298,1841,1795,1312,1651,1612,1221
2854,28879298,1841,1805,1317,1656,1624,1222
2855,28889297,1842,1804,1309,1648,1614,1216
2856,28899298,1846,1802,1313,1655,1626,1215
2857,28909297,1824,1795,1306,1653,1622,1215
2858,28919298,1839,1791,1314,1656,1617,1213
2859,28929298,1845,1799,1313,1660,1615,1229
2860,28939298,1840,1802,1307,1656,1619,1219
2861,28949298,1853,1805,1311,1651,1622,1220
2862,28959298,1843,1800,1313,1655,1619,1233
2863,28969298,1845,1797,1299,1652,1618,1231
2864,28979298,1841,1798,1307,1653,1617,1196
2865,28989297,1840,1798,1310,1652,1617,1210
2866,28999298,1842,1794,1312,1653,1630,1215
2867,29009298,1840,1793,1322,1657,1622,1220
2868,29019298,1843,1802,1306,1653,1626,1218
2869,29029298,1837,1799,1313,1653,1617,1215
2870,29039298,1837,1798,1311,1626,1619,1217
2871,29049298,1847,1799,1315,1652,1619,1218
2872,29059298,1843,1795,1322,1653,1640,1221
2873,29069298,1853,1805,1315,1653,1618,1223
2874,29079298,1840,1797,1313,1648,1640,1228
2875,29089298,1863,1799,1311,1660,1617,1219
2876,29099298,1841,1797,1309,1658,1616,1218
2877,29109298,1840,1804,1306,1643,1614,1222
2878,29119298,1839,1803,1310,1652,1623,1220
2879,29129297,1845,1786,1310,1655,1619,1214
2880,29139297,1843,1799,1322,1650,1615,1218
2881,29149298,1840,1809,1311,1658,1619,1218
2882,29159297,1842,1805,1312,1653,1622,1217
2883,29169297,1837,1799,1318,1653,1616,1222
2884,29179298,1851,1799,1308,1655,1632,1220
2885,29189298,1838,1798,1286,1655,1621,1222
2886,29199298,1840,1795,1310,1653,1621,1215
2887,29209298,1837,1797,1312,1653,1609,1218
2888,29219298,1840,1797,1309,1650,1617,1218
2889,29229298,1840,1800,1354,1653,1614,1217
2890,29239298,1837,1803,1312,1653,1615,1219
2891,29249298,1836,1799,1307,1655,1624,1222
2892,29259298,1839,1798,1313,1653,1617,1213
2893,29269298,1839,1805,1301,1653,1614,1232
2894,29279297,1840,1791,1307,1653,1622,1217
2895,29289297,1836,1801,1314,1652,1626,1212
2896,29299297,1840,1795,1307,1650,1622,1212
2897,29309298,1849,1799,1310,1654,1619,1215
2898,29319298,1843,1791,1314,1650,1619,1216
2899,29329298,1835,1801,1307,1653,1616,1214
2900,29339298,1845,1799,1311,1653,1624,1218
2901,29349298,1842,1797,1311,1655,1626,1219
2902,29359298,1840,1794,1301,1653,1613,1218
2903,29369298,1840,1802,1312,1657,1626,1218
2904,29379298,1845,1808,1308,1653,1624,1217
2905,29389298,1825,1795,1325,1666,1619,1220
2906,29399297,1838,1807,1311,1649,1623,1211
2907,29409298,1840,1802,1319,1653,1619,1227
2908,29419298,1840,1799,1307,1658,1606,1218
2909,29429298,1840,1803,1317,1653,1616,1217
2910,29439297,1846,1802,1313,1658,1618,1218
2911,29449297,1831,1797,1307,1653,1634,1216
2912,29459298,1840,1804,1314,1653,1623,1210
2913,29469297,1841,1802,1308,1653,1617,1221
2914,29479297,1842,1803,1318,1655,1622,1213
2915,29489297,1840,1800,1306,1653,1619,1206
2916,29499298,1839,1801,1312,1650,1621,1222
2917,29509298,1846,1806,1308,1653,1608,1220
2918,29519297,1845,1797,1303,1652,1613,1220
2919,29529298,1840,1805,1311,1655,1622,1236
2920,29539298,1838,1795,1302,1653,1618,1217
2921,29549298,1842,1794,1307,1653,1617,1217
2922,29559298,1840,1792,1313,1657,1626,1219
2923,29569298,1843,1802,1307,1658,1620,1208
2924,29579298,1844,1798,1309,1649,1619,1220
2925,29589298,1837,1799,1308,1653,1624,1218
2926,29599298,1842,1803,1309,1653,1624,1218
2927,29609298,1841,1805,1315,1652,1614,1218
2928,29619298,1838,1808,1306,1653,1622,1212
2929,29629298,1847,1804,1311,1653,1631,1212
2930,29639298,1840,1802,1312,1653,1600,1217
2931,29649298,1841,1809,1318,1655,1630,1221
2932,29659298,1839,1795,1313,1658,1627,1212
2933,29669298,1842,1798,1313,1651,1618,1222
2934,29679298,1838,1803,1310,1653,1622,1212
2935,29689298,1843,1795,1310,1644,1621,1218
2936,29699298,1839,1797,1311,1653,1618,1218
2937,29709298,1838,1801,1313,1648,1619,1210
2938,29719298,1827,1799,1309,1655,1619,1220
2939,29729298,1841,1806,1309,1653,1616,1217
2940,29739298,1846,1797,1303,1657,1624,1218
2941,29749298,1837,1802,1314,1660,1618,1206
2942,29759297,1840,1795,1296,1655,1615,1218
2943,29769298,1853,1799,1299,1653,1616,1218
2944,29779298,1841,1803,1311,1653,1611,1219
2945,29789298,1841,1797,1309,1655,1617,1212
2946,29799298,1841,1808,1306,1653,1619,1213
2947,29809298,1841,1795,1308,1653,1617,1219
2948,29819297,1841,1805,1314,1658,1620,1223
2949,29829297,1845,1799,1301,1655,1619,1219
2950,29839298,1834,1787,1317,1640,1624,1224
2951,29849298,1840,1799,1312,1658,1621,1217
2952,29859298,1839,1806,1309,1667,1615,1218
2953,29869298,1840,1799,1307,1653,1617,1227
2954,29879298,1841,1806,1315,1651,1624,1218
2955,29889298,1840,1806,1312,1653,1625,1210
2956,29899297,1849,1795,1294,1654,1635,1232
2957,29909297,1840,1798,1306,1667,1618,1218
2958,29919298,1835,1803,1311,1653,1613,1221
2959,29929298,1824,1793,1312,1651,1618,1214
2960,29939298,1840,1805,1313,1653,1621,1217
2961,29949298,1840,1799,1306,1653,1621,1212
2962,29959298,1840,1798,1309,1653,1625,1218
2963,29969298,1840,1795,1313,1649,1619,1221
2964,29979298,1846,1801,1311,1652,1624,1219
2965,29989298,1840,1801,1315,1667,1617,1218
2966,29999298,1859,1797,1307,1651,1621,1219
2967,30009298,1845,1798,1309,1654,1624,1220
2968,30019298,1834,1797,1302,1648,1621,1218
2969,30029298,1842,1797,1312,1651,1619,1219
2970,30039298,1845,1795,1311,1653,1617,1217
2971,30049298,1834,1804,1307,1653,1619,1217
2972,30059298,1841,1797,1303,1654,1619,1218
2973,30069298,1846,1798,1315,1650,1617,1217
2974,30079298,1840,1792,1299,1657,1619,1250
2975,30089298,1845,1795,1302,1652,1621,1217
2976,30099298,1840,1787,1310,1652,1618,1212
2977,30109298,1840,1795,1305,1665,1615,1220
2978,30119298,1846,1803,1308,1657,1621,1220
2979,30129298,1840,1789,1313,1666,1621,1222
2980,30139298,1838,1806,1309,1647,1622,1219
