seq,t_us,wall_s,raw_x,raw_y,raw_z,mv_x,mv_y,mv_z
19,529293,0.0394901,1853,1750,1535,1693,1580,1402
20,539293,0.0490098,1889,1746,1535,1705,1580,1402
21,549293,0.0557224,1887,1758,1535,1689,1579,1402
22,559293,0.0571368,1893,1754,1564,1690,1578,1421
23,569293,0.0579354,1893,1750,1535,1694,1580,1402
24,579293,0.0586417,1892,1751,1535,1697,1575,1421
25,589293,0.0593956,1890,1749,1534,1681,1578,1402
26,599293,0.0602585,1881,1761,1535,1690,1579,1402
27,609293,0.0610396,1890,1753,1535,1697,1589,1421
28,619293,0.0618027,1890,1755,1555,1688,1584,1401
29,629293,0.0625904,1892,1747,1535,1696,1585,1402
30,639293,0.0634141,1887,1742,1535,1700,1575,1402
31,649293,0.064114,1885,1746,1535,1701,1574,1402
32,659293,0.0648914,1884,1747,1555,1688,1575,1402
33,669293,0.0654556,1887,1725,1534,1695,1574,1401
34,679293,0.065998,1887,1764,1535,1700,1579,1402
35,689293,0.0666035,1895,1744,1535,1691,1574,1402
36,699293,0.067477,1887,1747,1535,1695,1576,1402
37,709293,0.0681766,1892,1760,1554,1697,1584,1402
38,719293,0.0693861,1887,1746,1535,1696,1577,1402
39,729293,0.0703681,1889,1755,1558,1698,1575,1402
40,739293,0.0720859,1894,1748,1535,1692,1582,1402
41,749293,0.0732271,1894,1751,1535,1695,1581,1427
42,759293,0.0740497,1889,1753,1535,1690,1587,1420
43,769293,0.0745884,1895,1747,1535,1697,1575,1402
44,779293,0.0751457,1889,1754,1535,1695,1582,1402
45,789293,0.0763164,1893,1749,1535,1695,1583,1402
46,799293,0.076998,1883,1739,1535,1696,1582,1402
47,809293,0.0775092,1891,1758,1535,1691,1579,1402
48,819293,0.0780661,1889,1757,1535,1690,1583,1402
49,829293,0.0790766,1887,1751,1535,1695,1580,1402
50,839293,0.0797381,1890,1749,1535,1678,1581,1402
51,849293,0.0803683,1889,1752,1535,1691,1581,1398
52,859293,0.0810465,1903,1748,1535,1693,1586,1402
53,869293,0.0816864,1883,1758,1535,1690,1575,1402
54,879293,0.0822969,1890,1750,1535,1698,1577,1402
55,889293,0.0829975,1889,1748,1535,1692,1589,1402
56,899293,0.0836894,1891,1750,1535,1709,1579,1402
57,909293,0.0849269,1871,1749,1534,1694,1575,1402
58,919293,0.0866836,1892,1754,1571,1691,1562,1402
59,929293,0.0874221,1893,1747,1535,1698,1583,1402
60,939293,0.0880413,1885,1748,1535,1697,1574,1402
61,949293,0.0885589,1883,1751,1535,1693,1589,1399
62,959293,0.0895421,1897,1755,1535,1679,1581,1402
63,969293,0.0905947,1890,1747,1535,1703,1578,1402
64,979293,0.0912681,1892,1757,1535,1699,1579,1402
65,989293,0.0918155,1886,1750,1535,1671,1575,1402
66,999293,0.0927672,1889,1755,1564,1699,1582,1422
67,1009293,0.0934421,1892,1746,1535,1696,1584,1402
68,1019293,0.0939034,1895,1755,1535,1702,1582,1402
69,1029293,0.0943741,1889,1746,1535,1690,1575,1402
70,1039293,0.0949143,1895,1751,1559,1695,1585,1419
71,1049293,0.0954565,1883,1751,1535,1693,1576,1430
72,1059293,0.0959034,1885,1749,1535,1695,1582,1402
73,1069293,0.0964386,1892,1748,1565,1695,1585,1402
74,1079293,0.0968835,1894,1747,1566,1695,1576,1402
75,1089293,0.0973303,1894,1754,1535,1688,1581,1402
76,1099293,0.0977399,1890,1756,1533,1695,1588,1402
77,1109293,0.098233,1894,1754,1535,1694,1576,1402
78,1119293,0.0987862,1887,1754,1535,1688,1577,1402
79,1129293,0.0992676,1893,1754,1568,1697,1580,1402
80,1139293,0.0997457,1887,1755,1535,1695,1575,1402
81,1149293,0.1008672,1889,1751,1514,1693,1579,1402
82,1159293,0.1019612,1884,1751,1535,1694,1583,1386
83,1169293,0.1031843,1891,1752,1535,1696,1578,1402
84,1179293,0.1040753,1892,1750,1535,1694,1594,1402
85,1189293,0.1056742,1888,1751,1535,1695,1580,1402
86,1199293,0.1068859,1885,1745,1535,1695,1582,1402
87,1209292,0.1078749,1915,1753,1535,1708,1575,1402
88,1219293,0.1089194,1878,1757,1535,1692,1592,1402
89,1229293,0.1106214,1889,1750,1535,1695,1580,1402
90,1239293,0.112235,1890,1751,1535,1695,1575,1402
91,1249293,0.1134276,1895,1745,1535,1691,1579,1402
92,1259293,0.1144266,1886,1755,1535,1693,1575,1402
93,1269293,0.1153721,1883,1754,1535,1695,1600,1402
94,1279293,0.1162244,1893,1744,1535,1690,1576,1402
95,1289293,0.1167512,1891,1748,1535,1689,1579,1402
96,1299293,0.1173219,1889,1747,1535,1694,1578,1402
97,1309293,0.1178336,1904,1754,1535,1690,1579,1402
98,1319293,0.1186898,1890,1750,1535,1691,1579,1402
99,1329293,0.1196665,1886,1754,1535,1697,1582,1402
100,1339293,0.1212477,1887,1750,1535,1690,1580,1401
101,1349293,0.1222271,1893,1756,1535,1693,1585,1402
102,1359293,0.1230496,1887,1747,1535,1681,1588,1402
103,1369293,0.1237401,1887,1750,1535,1687,1583,1402
104,1379293,0.1244574,1885,1749,1535,1695,1583,1402
105,1389293,0.1250619,1879,1744,1535,1691,1574,1402
106,1399293,0.1256257,1885,1753,1520,1694,1580,1402
107,1409293,0.1261727,1879,1749,1535,1687,1575,1402
108,1419293,0.1267085,1875,1746,1535,1693,1582,1402
109,1429293,0.1272085,1895,1747,1535,1694,1585,1402
110,1439293,0.1277467,1890,1751,1535,1685,1579,1402
111,1449293,0.1283273,1887,1755,1535,1685,1579,1402
112,1459293,0.1289769,1892,1747,1535,1691,1579,1402
113,1469293,0.129624,1891,1751,1535,1691,1576,1402
114,1479293,0.1300972,1886,1751,1535,1690,1579,1402
115,1489293,0.1305853,1892,1753,1535,1694,1584,1402
116,1499293,0.1310276,1886,1753,1535,1696,1582,1402
117,1509293,0.1317745,1889,1744,1535,1685,1575,1402
118,1519293,0.1322876,1899,1744,1535,1691,1580,1402
119,1529293,0.1327661,1884,1746,1535,1674,1580,1402
120,1539293,0.1332728,1888,1754,1535,1685,1573,1401
121,1549293,0.1337084,1888,1751,1535,1691,1581,1402
122,1559293,0.1349454,1888,1749,1535,1690,1578,1402
123,1569293,0.136314,1889,1754,1535,1695,1579,1419
124,1579293,0.1372343,1891,1759,1535,1690,1579,1402
125,1589293,0.1380794,1887,1744,1535,1690,1576,1402
126,1599293,0.1386995,1889,1749,1535,1691,1582,1402
127,1609293,0.1393171,1886,1749,1535,1693,1575,1402
128,1619293,0.139961,1891,1747,1535,1693,1576,1402
129,1629293,0.1405961,1884,1754,1535,1690,1585,1419
130,1639293,0.1411811,1887,1747,1535,1691,1577,1402
131,1649293,0.1418213,1892,1751,1535,1696,1574,1402
132,1659293,0.142489,1882,1749,1535,1690,1581,1402
133,1669293,0.1432112,1875,1749,1535,1692,1575,1402
134,1679293,0.1438176,1879,1745,1558,1690,1579,1402
135,1689293,0.1443306,1885,1752,1535,1698,1579,1402
136,1699293,0.1447675,1883,1746,1535,1688,1579,1402
137,1709293,0.1452234,1878,1748,1535,1690,1579,1402
138,1719293,0.1456529,1891,1750,1535,1693,1578,1402
139,1729293,0.1461292,1889,1753,1535,1692,1575,1402
140,1739293,0.1465907,1886,1749,1535,1691,1579,1402
141,1749293,0.1480128,1890,1750,1535,1695,1581,1402
142,1759293,0.1487626,1887,1750,1559,1690,1582,1402
143,1769293,0.1495757,1889,1755,1535,1688,1580,1402
144,1779293,0.1503859,1899,1758,1535,1693,1575,1402
145,1789293,0.1510934,1883,1753,1535,1694,1579,1395
146,1799293,0.1523802,1879,1750,1555,1696,1575,1402
147,1809293,0.1537294,1872,1753,1513,1691,1578,1401
148,1819293,0.1547057,1890,1754,1535,1695,1576,1402
149,1829293,0.1556379,1891,1754,1535,1692,1576,1402
150,1839293,0.1564446,1894,1746,1535,1679,1579,1402
151,1849293,0.1572832,1888,1749,1535,1690,1580,1402
152,1859293,0.1580662,1886,1749,1557,1695,1585,1402
153,1869293,0.1591691,1874,1751,1535,1693,1580,1402
154,1879293,0.1602385,1885,1751,1535,1693,1579,1402
155,1889293,0.1615687,1883,1747,1535,1694,1573,1419
156,1899293,0.1623665,1890,1754,1535,1693,1581,1402
157,1909293,0.1637218,1889,1747,1535,1695,1580,1402
158,1919293,0.164486,1893,1751,1535,1700,1581,1424
159,1929293,0.1652374,1892,1750,1535,1693,1575,1402
160,1939293,0.1659896,1894,1747,1535,1697,1574,1402
161,1949293,0.1668893,1887,1755,1535,1686,1582,1402
162,1959293,0.1676737,1890,1749,1535,1691,1581,1402
163,1969293,0.168284,1885,1755,1535,1690,1580,1419
164,1979293,0.1697203,1891,1757,1555,1690,1577,1402
165,1989293,0.1709017,1882,1745,1535,1695,1574,1402
166,1999293,0.1722283,1899,1749,1533,1693,1593,1402
167,2009293,0.1734566,1904,1751,1535,1691,1580,1402
168,2019293,0.1744105,1892,1758,1535,1697,1576,1402
169,2029293,0.1753259,1890,1745,1535,1695,1585,1402
170,2039293,0.1763276,1887,1744,1535,1691,1575,1402
171,2049293,0.1775351,1893,1751,1535,1694,1579,1402
172,2059293,0.1788752,1866,1745,1535,1687,1583,1402
173,2069293,0.179813,1894,1755,1535,1694,1579,1402
174,2079293,0.1807901,1885,1753,1535,1692,1582,1402
175,2089293,0.1814923,1885,1753,1520,1692,1578,1442
176,2099293,0.1835161,1891,1749,1535,1697,1584,1402
177,2109293,0.1881496,1872,1754,1558,1694,1579,1402
178,2119293,0.1891405,1899,1749,1535,1695,1584,1402
179,2129293,0.1901916,1889,1746,1535,1695,1583,1402
180,2139293,0.1909902,1887,1746,1535,1694,1576,1402
181,2149293,0.1917711,1882,1751,1566,1690,1582,1402
182,2159293,0.1927317,1905,1745,1535,1690,1582,1402
183,2169293,0.1934626,1888,1753,1535,1698,1575,1402
184,2179293,0.1943808,1883,1757,1535,1694,1581,1402
185,2189293,0.1950849,1890,1754,1535,1690,1578,1402
186,2199293,0.1957749,1887,1746,1535,1693,1580,1402
187,2209293,0.1964244,1881,1754,1535,1691,1580,1402
188,2219293,0.1970224,1895,1746,1535,1683,1580,1402
189,2229293,0.1976329,1884,1748,1535,1690,1578,1402
190,2239293,0.1981498,1888,1751,1535,1690,1584,1402
191,2249293,0.1986621,1888,1754,1535,1673,1582,1402
192,2259293,0.1992873,1889,1756,1517,1692,1585,1402
193,2269293,0.1998211,1895,1751,1535,1693,1580,1402
194,2279293,0.2010965,1893,1748,1535,1696,1579,1402
195,2289293,0.2022275,1889,1746,1535,1691,1576,1402
196,2299293,2.5835079,1889,1751,1535,1685,1581,1402
197,2309293,2.584796,1888,1745,1535,1688,1584,1402
198,2319293,2.5858844,1890,1751,1535,1690,1575,1402
199,2329293,2.5871345,1879,1754,1535,1692,1582,1400
200,2339293,2.5888642,1897,1747,1535,1690,1584,1402
201,2349293,2.5902495,1898,1755,1535,1694,1577,1402
202,2359293,2.5930995,1891,1745,1535,1692,1581,1402
203,2369293,2.5954578,1891,1754,1535,1693,1577,1402
204,2379293,2.5965225,1890,1754,1535,1698,1582,1402
205,2389293,2.5976533,1889,1751,1535,1694,1585,1402
206,2399293,2.5987375,1882,1755,1535,1691,1593,1402
207,2409293,2.5996564,1885,1749,1535,1700,1584,1402
208,2419293,2.6006041,1888,1750,1535,1691,1575,1402
209,2429293,2.6017794,1885,1750,1535,1699,1582,1402
210,2439293,2.6031689,1893,1748,1535,1693,1575,1402
211,2449293,2.60662,1882,1744,1535,1695,1574,1392
212,2459293,2.6087637,1889,1755,1535,1693,1570,1402
213,2469293,2.6097136,1889,1755,1535,1699,1579,1402
214,2479293,2.6108067,1898,1756,1535,1696,1582,1402
215,2489293,2.6118993,1877,1747,1522,1699,1579,1402
216,2499293,2.613723,1889,1746,1535,1681,1573,1402
217,2509293,2.6149743,1885,1749,1535,1687,1578,1402
218,2519293,2.6158232,1881,1747,1535,1678,1583,1402
219,2529294,2.6173391,1879,1753,1535,1691,1578,1402
220,2539293,2.6185696,1879,1749,1535,1683,1571,1419
221,2549293,2.6203044,1893,1747,1535,1685,1585,1402
222,2559293,2.6228334,1890,1754,1535,1697,1582,1402
223,2569293,2.6251135,1874,1753,1535,1690,1578,1402
224,2579293,2.6261327,1893,1749,1535,1696,1578,1402
225,2589293,2.6268969,1902,1745,1535,1698,1575,1402
226,2599293,2.6281986,1887,1757,1535,1696,1578,1402
227,2609293,2.6301164,1886,1751,1535,1691,1580,1402
228,2619293,2.6318126,1892,1746,1535,1693,1583,1402
229,2629293,2.634606,1887,1749,1534,1693,1584,1402
230,2639293,2.6382195,1890,1749,1535,1694,1585,1402
231,2649293,2.6402874,1869,1747,1535,1705,1578,1402
232,2659293,2.6423701,1891,1758,1535,1698,1573,1402
233,2669293,2.6438144,1889,1750,1535,1704,1580,1401
234,2679293,2.645375,1897,1747,1535,1691,1578,1402
235,2689293,2.6468579,1883,1732,1535,1690,1580,1402
236,2699293,2.6481871,1889,1754,1531,1692,1582,1402
237,2709293,2.6497153,1890,1753,1535,1692,1579,1402
238,2719293,2.6515852,1887,1755,1535,1691,1582,1402
239,2729293,2.6555244,1890,1753,1535,1692,1582,1402
240,2739293,2.6575291,1889,1757,1535,1688,1576,1402
241,2749293,2.6588676,1894,1745,1535,1705,1576,1402
242,2759293,2.6606702,1879,1747,1557,1692,1575,1402
243,2769293,2.6620121,1884,1750,1535,1688,1585,1402
244,2779293,2.6637242,1866,1746,1535,1689,1575,1402
245,2789293,2.665063,1883,1744,1535,1690,1575,1402
246,2799293,2.6673296,1889,1751,1535,1696,1574,1402
247,2809292,2.6688903,1891,1751,1534,1674,1578,1402
248,2819293,2.6707707,1890,1754,1535,1691,1574,1402
249,2829293,2.6737027,1888,1746,1535,1686,1576,1402
250,2839293,2.6750651,1895,1756,1535,1695,1583,1399
251,2849293,2.676424,1889,1747,1530,1690,1579,1402
252,2859293,2.679657,1890,1749,1535,1694,1577,1402
253,2869293,2.6813211,1879,1759,1535,1688,1580,1402
254,2879293,2.6831357,1891,1754,1535,1695,1579,1402
255,2889293,2.684545,1887,1757,1535,1686,1583,1402
256,2899293,2.6862917,1893,1760,1535,1690,1583,1402
257,2909293,2.6876526,1882,1749,1530,1692,1574,1398
258,2919293,2.6894283,1893,1747,1535,1699,1576,1402
259,2929293,2.6906725,1891,1744,1535,1675,1575,1402
260,2939293,2.6927493,1891,1749,1535,1698,1580,1402
261,2949293,2.6948004,1890,1748,1535,1691,1577,1402
262,2959292,2.6962223,1886,1744,1534,1694,1574,1402
263,2969293,2.6975907,1890,1751,1535,1686,1575,1402
264,2979293,2.6989632,1883,1745,1535,1696,1576,1402
265,2989293,2.7000439,1889,1749,1533,1690,1576,1424
266,2999293,2.7010094,1891,1750,1535,1691,1574,1424
267,3009293,2.7037544,1891,1735,1557,1691,1576,1427
268,3019293,2.7051764,1872,1754,1567,1690,1574,1402
269,3029292,2.7063736,1887,1744,1535,1695,1579,1402
270,3039294,2.7083164,1887,1744,1522,1691,1574,1402
271,3049293,2.7098827,1891,1749,1535,1692,1582,1402
272,3059293,2.7110145,1888,1751,1535,1687,1580,1382
273,3069293,2.7125858,1888,1751,1535,1690,1576,1402
274,3079293,2.7138816,1894,1745,1535,1697,1579,1402
275,3089293,2.7154679,1886,1747,1535,1693,1578,1402
276,3099293,2.7176414,1899,1755,1535,1695,1576,1402
277,3109293,2.7191607,1885,1746,1535,1688,1560,1402
278,3119293,2.7217982,1881,1764,1535,1670,1580,1402
279,3129293,2.7236028,1885,1744,1535,1693,1579,1402
280,3139293,2.7254802,1890,1756,1535,1690,1583,1402
281,3149293,2.7267179,1888,1747,1535,1696,1580,1399
282,3159293,2.7291951,1872,1754,1535,1701,1579,1402
283,3169293,2.7306708,1883,1749,1516,1691,1574,1391
284,3179293,2.7320202,1889,1749,1535,1691,1583,1402
285,3189293,2.7342493,1891,1749,1535,1696,1578,1402
286,3199293,2.7355166,1883,1750,1535,1691,1576,1402
287,3209293,2.7366483,1886,1744,1535,1685,1579,1402
288,3219293,2.7377162,1889,1751,1535,1690,1580,1402
289,3229293,2.7389763,1895,1746,1535,1693,1572,1401
290,3239293,2.7399433,1895,1748,1534,1695,1583,1419
291,3249293,2.7424144,1886,1749,1535,1690,1579,1402
292,3259293,2.743814,1888,1755,1567,1692,1575,1402
293,3269293,2.7457907,1891,1763,1535,1695,1580,1402
294,3279293,2.7473605,1889,1744,1531,1693,1576,1420
295,3289293,2.7485171,1884,1749,1535,1693,1579,1390
296,3299293,2.7509933,1856,1744,1520,1689,1583,1420
297,3309293,2.7525851,1891,1760,1535,1692,1583,1402
298,3319293,2.754723,1889,1751,1535,1693,1584,1402
299,3329293,2.7574827,1889,1751,1520,1692,1581,1402
300,3339293,2.7588433,1889,1753,1535,1694,1597,1402
301,3349293,2.7607419,1891,1754,1535,1696,1579,1402
302,3359293,2.7642978,1867,1746,1535,1694,1580,1424
303,3369293,2.766566,1897,1751,1535,1691,1580,1402
304,3379293,2.7676091,1889,1751,1535,1695,1588,1402
305,3389293,2.769012,1882,1754,1535,1701,1582,1402
306,3399293,2.7715035,1886,1752,1557,1693,1574,1402
307,3409293,2.7742201,1890,1746,1535,1699,1578,1402
308,3419293,2.7760996,1893,1744,1535,1693,1578,1402
309,3429293,2.777345,1890,1750,1535,1695,1574,1421
310,3439293,2.7784308,1888,1742,1535,1688,1583,1402
311,3449293,2.780567,1891,1752,1535,1696,1574,1390
312,3459293,2.781779,1888,1754,1511,1695,1578,1402
313,3469293,2.783208,1885,1751,1535,1696,1578,1402
314,3479293,2.7849117,1890,1746,1535,1696,1578,1402
315,3489293,2.7868732,1888,1747,1581,1697,1585,1386
316,3499293,2.7883762,1909,1755,1561,1697,1562,1402
317,3509293,2.7896774,1883,1746,1535,1694,1578,1402
318,3519293,2.7907988,1890,1755,1535,1694,1575,1402
319,3529293,2.7919628,1889,1747,1535,1690,1589,1401
320,3539293,2.7935799,1893,1751,1535,1697,1580,1425
321,3549293,2.7953322,1893,1751,1535,1696,1589,1402
322,3559293,2.7965264,1883,1749,1535,1690,1580,1402
323,3569293,2.7976748,1886,1753,1535,1690,1581,1402
324,3579293,2.7985776,1885,1754,1535,1692,1582,1402
325,3589293,2.7993814,1876,1749,1535,1699,1576,1402
326,3599293,2.8008344,1894,1751,1535,1694,1579,1402
327,3609293,2.8020994,1890,1748,1535,1690,1569,1402
328,3619293,2.8039067,1888,1753,1535,1693,1576,1402
329,3629293,2.8055231,1890,1751,1535,1690,1576,1402
330,3639293,2.8065426,1890,1754,1535,1686,1582,1402
331,3649293,2.8077088,1887,1751,1535,1695,1586,1402
332,3659293,2.8086767,1893,1755,1535,1694,1580,1402
333,3669293,2.8101403,1891,1756,1535,1694,1583,1402
334,3679293,2.8111504,1887,1750,1535,1691,1582,1402
335,3689293,2.8122643,1889,1751,1535,1690,1576,1402
336,3699293,2.8137672,1889,1754,1535,1692,1579,1402
337,3709293,2.8147183,1889,1751,1557,1692,1581,1402
338,3719293,2.8155039,1889,1755,1561,1694,1581,1402
339,3729293,2.8164195,1887,1730,1535,1696,1583,1402
340,3739293,2.8174864,1897,1760,1535,1690,1585,1402
341,3749293,2.8187454,1889,1749,1535,1688,1578,1402
342,3759293,2.8209363,1890,1750,1535,1695,1578,1396
343,3769293,2.8230913,1891,1750,1530,1691,1582,1402
344,3779293,2.8244881,1884,1748,1535,1699,1576,1402
345,3789293,2.8256791,1886,1754,1535,1698,1589,1402
346,3799293,2.8269056,1886,1744,1535,1692,1575,1417
347,3809293,2.8282008,1885,1747,1535,1693,1577,1402
348,3819293,2.8289828,1898,1753,1535,1695,1579,1402
349,3829292,2.8300876,1888,1751,1535,1697,1574,1402
350,3839293,2.8309027,1890,1744,1535,1694,1580,1402
351,3849293,2.8323857,1894,1751,1535,1690,1574,1402
352,3859293,2.8337499,1882,1744,1535,1689,1579,1402
353,3869293,2.8352053,1887,1751,1535,1690,1574,1402
354,3879293,2.8370995,1890,1750,1535,1691,1574,1402
355,3889293,2.8388852,1889,1758,1535,1687,1579,1402
356,3899293,2.840192,1897,1758,1535,1690,1578,1402
357,3909293,2.8413615,1891,1750,1535,1690,1576,1432
358,3919293,2.8436786,1885,1751,1535,1692,1580,1402
359,3929293,2.8448112,1895,1753,1535,1697,1581,1402
360,3939293,2.8458601,1885,1754,1535,1695,1579,1402
361,3949293,2.8470249,1899,1747,1563,1697,1577,1402
362,3959293,2.8483407,1894,1745,1564,1693,1576,1402
363,3969293,2.8495972,1890,1751,1535,1691,1582,1402
364,3979293,2.8518373,1895,1749,1535,1700,1574,1402
365,3989293,2.8543541,1885,1747,1535,1695,1581,1402
366,3999293,2.8561244,1887,1751,1535,1695,1584,1402
367,4009293,2.8572591,1874,1755,1535,1695,1578,1402
368,4019293,2.8586479,1891,1749,1535,1694,1580,1402
369,4029293,2.8597964,1888,1758,1535,1691,1583,1402
370,4039293,2.8608706,1895,1755,1535,1698,1589,1402
371,4049293,2.8624879,1888,1755,1535,1690,1588,1402
372,4059293,2.8641955,1882,1750,1535,1697,1579,1402
373,4069293,2.865628,1893,1751,1535,1698,1589,1402
374,4079293,2.8670461,1895,1753,1535,1696,1592,1402
375,4089293,2.8683107,1898,1758,1535,1682,1584,1402
376,4099293,2.8696139,1891,1751,1535,1692,1585,1402
377,4109293,2.872036,1886,1744,1535,1692,1576,1402
378,4119293,2.8741179,1893,1750,1535,1686,1583,1402
379,4129293,2.8751512,1891,1747,1535,1695,1578,1402
380,4139293,2.876289,1890,1760,1535,1698,1581,1402
381,4149293,2.8774893,1886,1751,1535,1690,1583,1402
382,4159293,2.8785322,1883,1758,1531,1693,1579,1402
383,4169293,2.8793988,1889,1744,1535,1696,1581,1402
384,4179293,2.8801175,1891,1755,1535,1695,1578,1402
385,4189293,2.8809686,1891,1749,1535,1692,1583,1402
386,4199293,2.8821245,1885,1754,1535,1696,1580,1402
387,4209293,2.8830614,1894,1753,1535,1698,1583,1402
388,4219293,2.8837249,1891,1750,1535,1695,1585,1402
389,4229293,2.8844897,1890,1749,1556,1692,1583,1402
390,4239293,2.8856379,1887,1749,1535,1694,1575,1402
391,4249293,2.88684,1890,1750,1535,1696,1580,1402
392,4259293,2.8878241,1883,1758,1535,1693,1573,1402
393,4269293,2.8888004,1891,1749,1535,1690,1579,1402
394,4279292,2.8896352,1888,1745,1534,1696,1579,1401
395,4289293,2.8909542,1894,1754,1535,1693,1584,1402
396,4299293,2.8919649,1891,1745,1535,1693,1580,1402
397,4309293,2.8931038,1895,1747,1534,1695,1580,1398
398,4319293,2.8941832,1882,1749,1535,1694,1579,1419
399,4329293,2.8951479,1894,1753,1535,1694,1586,1402
400,4339293,2.8959707,1890,1746,1535,1695,1581,1402
401,4349294,2.8966067,1891,1759,1535,1695,1582,1402
402,4359293,2.8974736,1895,1749,1535,1699,1579,1402
403,4369293,2.8982826,1889,1758,1521,1696,1583,1402
404,4379293,2.8991475,1893,1750,1535,1696,1581,1402
405,4389293,2.8999984,1893,1759,1533,1690,1576,1402
406,4399293,2.9008271,1895,1755,1535,1699,1580,1402
407,4409293,2.9017071,1889,1747,1535,1695,1578,1402
408,4419293,2.9033784,1887,1745,1535,1698,1584,1402
409,4429293,2.9042041,1886,1757,1535,1694,1585,1402
410,4439293,2.9052475,1890,1752,1535,1711,1579,1402
411,4449293,2.9062626,1894,1746,1560,1691,1578,1402
412,4459293,2.9073272,1889,1758,1535,1685,1574,1402
413,4469293,2.9083268,1885,1751,1535,1687,1583,1420
414,4479293,2.9093695,1888,1748,1535,1703,1581,1402
415,4489293,2.9103466,1888,1755,1535,1697,1576,1419
416,4499293,2.9116934,1881,1757,1535,1697,1578,1402
417,4509293,2.9130556,1891,1749,1535,1695,1575,1438
418,4519293,2.9142012,1892,1748,1535,1695,1576,1402
419,4529293,2.9152361,1899,1759,1535,1689,1580,1402
420,4539293,2.9159895,1886,1751,1535,1691,1576,1402
421,4549292,2.9165415,1894,1756,1535,1685,1581,1402
422,4559293,2.9171029,1899,1755,1582,1690,1578,1432
423,4569293,2.917663,1885,1757,1535,1690,1575,1402
424,4579293,2.9181653,1889,1747,1535,1693,1577,1398
425,4589293,2.919176,1893,1749,1535,1691,1579,1402
426,4599293,2.9201907,1893,1745,1535,1694,1585,1402
427,4609293,2.920959,1893,1758,1535,1678,1577,1419
428,4619293,2.9220735,1878,1749,1535,1695,1592,1420
429,4629293,2.9230314,1888,1754,1535,1698,1586,1402
430,4639293,2.9240363,1891,1751,1535,1695,1580,1402
431,4649293,2.9248805,1889,1755,1535,1675,1576,1402
432,4659293,2.9254243,1885,1751,1535,1697,1588,1442
433,4669293,2.9264671,1888,1749,1535,1695,1575,1390
434,4679293,2.9271789,1891,1751,1535,1688,1580,1402
435,4689293,2.9279648,1865,1750,1535,1692,1574,1402
436,4699293,2.9289981,1890,1755,1535,1693,1583,1402
437,4709293,2.9297043,1893,1758,1535,1697,1576,1402
438,4719293,2.9303299,1889,1755,1535,1698,1582,1402
439,4729293,2.9310091,1890,1755,1535,1691,1573,1399
440,4739293,2.9319467,1889,1744,1535,1695,1582,1402
441,4749293,2.9328732,1893,1750,1531,1690,1580,1402
442,4759292,2.9337542,1887,1753,1535,1691,1575,1390
443,4769293,2.93467,1888,1746,1535,1694,1579,1418
444,4779293,2.9363962,1886,1746,1535,1691,1583,1402
445,4789293,2.9374239,1890,1749,1535,1703,1577,1419
446,4799293,2.9387282,1888,1751,1535,1688,1576,1402
447,4809293,2.9397389,1893,1749,1535,1690,1576,1402
448,4819293,2.9406707,1890,1755,1535,1693,1578,1402
449,4829293,2.941645,1883,1751,1535,1698,1578,1402
450,4839293,2.9426915,1887,1747,1535,1690,1575,1402
451,4849293,2.9438231,1893,1744,1535,1695,1580,1402
452,4859293,2.9447096,1891,1751,1535,1694,1577,1435
453,4869292,2.9457115,1893,1754,1535,1690,1572,1420
454,4879293,2.9465227,1893,1746,1535,1693,1579,1402
455,4889293,2.9475556,1886,1747,1535,1696,1584,1402
456,4899293,2.9482871,1883,1775,1535,1688,1582,1402
457,4909293,2.9491047,1886,1746,1535,1694,1583,1402
458,4919292,2.9499108,1887,1757,1556,1691,1574,1402
459,4929293,2.9509586,1888,1752,1535,1688,1576,1402
460,4939293,2.952154,1891,1751,1535,1694,1577,1402
461,4949293,2.9537039,1886,1744,1535,1700,1576,1402
462,4959293,2.9550681,1889,1749,1554,1708,1582,1401
463,4969293,2.9569163,1883,1733,1535,1695,1583,1402
464,4979292,2.9579162,1891,1751,1535,1699,1575,1402
465,4989293,2.9589584,1888,1750,1535,1693,1579,1402
466,4999292,2.9600331,1888,1757,1535,1698,1580,1402
467,5009293,2.9610398,1889,1746,1578,1691,1568,1384
468,5019293,2.9625778,1891,1765,1535,1690,1583,1402
469,5029292,2.9637483,1890,1757,1535,1695,1576,1402
470,5039293,2.9649667,1883,1747,1535,1704,1579,1402
471,5049293,2.9707896,1885,1755,1535,1703,1576,1402
472,5059292,3.0538309,1891,1749,1535,1690,1575,1402
473,5069293,3.0549618,1890,1770,1535,1690,1575,1402
474,5079293,3.0561299,1887,1750,1535,1690,1585,1402
475,5089292,3.0568972,1887,1749,1535,1692,1583,1430
476,5099293,3.0582019,1891,1751,1535,1695,1580,1402
477,5109293,3.0589892,1903,1751,1535,1695,1583,1402
478,5119293,3.0597689,1893,1753,1535,1688,1582,1402
479,5129292,3.0604347,1891,1747,1535,1697,1575,1402
480,5139293,3.0616298,1895,1745,1535,1692,1579,1402
481,5149293,3.0630107,1886,1745,1535,1703,1576,1402
482,5159293,3.2637102,1887,1767,1535,1709,1575,1402
483,5169293,3.264688,1887,1757,1535,1695,1580,1402
484,5179293,3.2655321,1891,1738,1535,1683,1576,1402
485,5189293,3.2664614,1886,1761,1535,1695,1579,1402
486,5199293,3.2676008,1886,1746,1535,1694,1575,1402
487,5209293,3.2688846,1890,1735,1535,1690,1575,1402
488,5219293,3.2698917,1888,1749,1535,1691,1581,1402
489,5229294,3.2706366,1888,1747,1535,1696,1579,1402
490,5239293,3.2713754,1883,1751,1535,1693,1578,1402
491,5249293,3.2726113,1893,1761,1535,1697,1579,1402
492,5259293,3.2739258,1879,1744,1535,1694,1581,1398
493,5269293,3.2750599,1887,1749,1533,1700,1577,1402
494,5279292,3.2759691,1888,1747,1535,1695,1585,1402
495,5289293,3.276918,1893,1750,1535,1688,1578,1402
496,5299293,3.2778151,1885,1751,1533,1694,1578,1402
497,5309292,3.2788153,1883,1745,1535,1700,1578,1402
498,5319293,3.279767,1889,1749,1535,1696,1581,1402
499,5329293,3.2807223,1891,1759,1535,1698,1576,1402
500,5339293,3.281538,1891,1749,1535,1691,1581,1402
501,5349293,3.2823062,1891,1753,1558,1691,1576,1402
502,5359293,3.2837033,1894,1755,1535,1690,1582,1402
503,5369293,3.2919922,1890,1757,1535,1691,1583,1402
504,5379293,3.2929529,1891,1760,1535,1674,1578,1402
505,5389293,3.5242218,1894,1751,1535,1699,1574,1402
506,5399293,3.5256487,1889,1749,1535,1694,1579,1402
507,5409293,3.5269762,1889,1750,1535,1693,1578,1402
508,5419293,3.5282427,1884,1756,1535,1691,1582,1402
509,5429293,3.535867,1890,1746,1535,1687,1580,1402
510,5439293,3.5379272,1889,1749,1520,1691,1575,1402
511,5449293,3.5398116,1887,1747,1535,1695,1578,1402
512,5459293,3.5411959,1883,1747,1535,1691,1575,1402
513,5469293,3.5432686,1886,1727,1554,1686,1575,1402
514,5479293,3.5447733,1887,1744,1535,1698,1578,1402
515,5489293,3.5461485,1882,1754,1535,1690,1579,1402
516,5499293,3.5475425,1889,1750,1535,1694,1579,1390
517,5509293,3.5490351,1889,1747,1535,1690,1578,1402
518,5519293,3.5503477,1892,1749,1535,1690,1576,1402
519,5529293,3.5517842,1885,1771,1561,1690,1580,1402
520,5539293,3.5533183,1886,1741,1535,1694,1572,1402
521,5549293,3.5548645,1887,1749,1535,1689,1588,1402
522,5559293,3.5560003,1886,1750,1535,1690,1576,1402
523,5569293,3.5585699,1887,1751,1535,1695,1576,1420
524,5579293,3.5603256,1889,1759,1535,1691,1580,1421
525,5589293,3.5625624,1894,1754,1535,1693,1585,1422
526,5599293,3.5657473,1885,1749,1535,1690,1574,1402
527,5609292,3.5675555,1888,1747,1535,1693,1583,1402
528,5619293,3.5695058,1887,1753,1535,1691,1579,1402
529,5629293,3.5721451,1887,1746,1535,1690,1578,1402
530,5639293,3.5746678,1890,1757,1535,1685,1575,1402
531,5649293,3.5769941,1894,1747,1535,1691,1576,1402
532,5659293,3.5789659,1890,1755,1535,1694,1576,1402
533,5669293,3.8701451,1887,1750,1535,1697,1578,1402
534,5679292,3.8736304,1889,1754,1535,1689,1575,1402
535,5689293,3.876408,1889,1749,1562,1693,1579,1433
536,5699293,3.8780898,1891,1754,1535,1694,1578,1402
537,5709293,3.8800273,1890,1746,1535,1692,1576,1417
538,5719293,3.8817081,1883,1748,1535,1693,1579,1402
539,5729293,3.8837407,1890,1755,1533,1691,1576,1402
540,5739293,3.8851558,1894,1751,1589,1690,1582,1402
541,5749293,3.8864544,1890,1754,1535,1694,1574,1402
542,5759293,3.887945,1888,1754,1535,1693,1578,1402
543,5769293,3.8894293,1890,1751,1580,1693,1583,1432
544,5779293,3.8905659,1889,1751,1535,1695,1580,1402
545,5789292,3.8919851,1886,1756,1535,1694,1588,1402
546,5799293,3.893981,1891,1755,1535,1693,1565,1402
547,5809293,3.8961732,1889,1749,1534,1690,1578,1402
548,5819292,3.8978866,1887,1751,1555,1695,1579,1402
549,5829293,3.899503,1887,1748,1535,1695,1574,1402
550,5839294,3.9005237,1891,1755,1535,1683,1579,1402
551,5849293,3.901673,1891,1747,1535,1691,1584,1402
552,5859293,3.9045345,1891,1753,1535,1697,1577,1402
553,5869293,3.9063267,1894,1755,1534,1693,1581,1402
554,5879293,3.9078498,1894,1751,1535,1694,1584,1402
555,5889292,3.9095152,1893,1755,1534,1697,1585,1402
556,5899293,3.9111412,1892,1755,1535,1698,1581,1402
557,5909293,3.912509,1898,1750,1530,1691,1587,1402
558,5919293,3.9142591,1894,1747,1535,1698,1576,1402
559,5929292,3.9168619,1897,1749,1535,1691,1580,1402
560,5939293,3.9183338,1887,1751,1535,1694,1594,1402
561,5949293,3.9245362,1892,1744,1535,1675,1578,1402
562,5959293,3.92706,1887,1754,1535,1688,1579,1402
563,5969293,3.928756,1891,1747,1535,1691,1579,1402
564,5979293,3.9306538,1894,1754,1535,1692,1566,1402
565,5989293,3.9325194,1886,1753,1567,1691,1578,1402
566,5999293,3.9343575,1887,1760,1535,1695,1574,1402
567,6009293,3.9366848,1895,1751,1535,1691,1571,1402
568,6019293,3.9387198,1889,1754,1535,1692,1578,1428
569,6029293,4.2657928,1883,1751,1535,1691,1596,1402
570,6039293,4.2671813,1891,1755,1535,1695,1581,1402
571,6049293,4.268494,1889,1751,1535,1695,1581,1402
572,6059293,4.2698755,1890,1729,1535,1666,1582,1402
573,6069293,4.2710622,1894,1757,1535,1693,1576,1420
574,6079293,4.2724811,1890,1749,1530,1695,1578,1402
575,6089293,4.2740631,1883,1754,1535,1704,1583,1402
576,6099292,4.2756495,1890,1749,1535,1686,1588,1419
577,6109293,4.2767301,1890,1749,1535,1681,1583,1402
578,6119293,4.2775962,1888,1747,1535,1695,1580,1402
579,6129293,4.278333,1887,1750,1535,1692,1575,1402
580,6139293,4.2790082,1890,1756,1535,1699,1578,1402
581,6149293,4.2796076,1895,1760,1535,1696,1579,1402
582,6159293,4.2803743,1894,1761,1535,1692,1586,1402
583,6169293,4.2812614,1894,1750,1535,1695,1563,1378
584,6179293,4.2821977,1891,1753,1535,1690,1577,1402
585,6189293,4.2831831,1888,1750,1535,1695,1575,1402
586,6199292,4.2852134,1892,1762,1535,1688,1583,1402
587,6209293,4.2877336,1890,1747,1535,1686,1586,1402
588,6219293,4.2900465,1890,1753,1535,1693,1582,1402
589,6229293,4.2920692,1887,1753,1535,1696,1579,1402
590,6239293,4.2942596,1888,1754,1535,1693,1574,1402
591,6249293,4.2964215,1891,1747,1535,1689,1585,1402
592,6259293,4.2986542,1893,1753,1535,1688,1579,1402
593,6269293,4.3004975,1891,1757,1535,1693,1590,1399
594,6279293,4.3021353,1887,1751,1569,1689,1575,1399
595,6289293,4.3052245,1891,1758,1535,1701,1583,1402
596,6299293,4.3074127,1889,1755,1535,1695,1584,1402
597,6309293,4.3091054,1889,1747,1535,1690,1574,1402
598,6319293,4.3110191,1887,1754,1535,1696,1578,1402
599,6329293,4.3123657,1892,1755,1535,1695,1601,1402
600,6339293,4.314014,1885,1751,1535,1692,1582,1402
601,6349293,4.3161398,1888,1751,1535,1690,1573,1442
602,6359293,4.3206247,1881,1750,1535,1694,1577,1402
603,6369293,4.3225665,1897,1756,1535,1704,1577,1402
604,6379293,4.3239534,1887,1765,1535,1692,1573,1401
605,6389293,4.3260059,1894,1753,1535,1696,1577,1402
606,6399293,4.3298826,1891,1749,1535,1692,1583,1402
607,6409293,4.3316907,1887,1753,1535,1686,1586,1402
608,6419293,4.6927582,1889,1751,1535,1689,1583,1402
609,6429293,4.6946968,1890,1746,1535,1687,1580,1402
610,6439293,4.6964036,1891,1748,1535,1690,1576,1402
611,6449293,4.6978786,1883,1750,1535,1697,1563,1402
612,6459293,4.7006092,1887,1754,1535,1697,1579,1402
613,6469293,4.70225,1891,1747,1535,1691,1593,1402
614,6479293,4.7040742,1887,1749,1535,1695,1575,1422
615,6489293,4.705568,1892,1757,1535,1690,1575,1402
616,6499293,4.7071644,1887,1751,1535,1690,1578,1402
617,6509293,4.7108433,1886,1743,1535,1694,1575,1420
618,6519293,4.7147944,1885,1748,1535,1697,1575,1402
619,6529293,4.7194417,1889,1741,1525,1683,1576,1402
620,6539293,4.7211143,1887,1750,1535,1685,1579,1419
621,6549293,4.7225009,1893,1749,1535,1691,1582,1402
622,6559293,4.7239836,1886,1745,1535,1691,1581,1402
623,6569293,4.7253593,1893,1756,1535,1691,1578,1402
624,6579293,4.7266841,1881,1749,1535,1693,1574,1402
625,6589293,4.7379036,1894,1751,1535,1695,1580,1402
626,6599293,4.7395662,1885,1760,1535,1698,1580,1402
627,6609293,4.7413845,1885,1758,1535,1687,1575,1402
628,6619293,4.7433473,1887,1753,1535,1693,1586,1402
629,6629293,4.7452639,1890,1746,1535,1694,1581,1402
630,6639293,4.7472047,1893,1750,1535,1695,1582,1402
631,6649293,4.7492751,1885,1755,1535,1691,1583,1402
632,6659293,4.7513309,1889,1753,1535,1691,1584,1402
633,6669293,4.7531951,1892,1748,1535,1698,1578,1418
634,6679293,4.7550661,1888,1748,1535,1691,1583,1402
635,6689293,4.7575267,1885,1757,1535,1694,1580,1402
636,6699293,4.7593503,1892,1746,1535,1691,1582,1402
637,6709293,4.7607032,1886,1744,1535,1693,1579,1402
638,6719293,4.7634661,1885,1748,1535,1697,1578,1402
639,6729293,4.7655931,1887,1749,1535,1690,1583,1402
640,6739293,4.768048,1886,1749,1535,1697,1576,1402
641,6749293,4.769642,1895,1748,1535,1695,1585,1402
642,6759293,4.7711733,1890,1755,1535,1693,1586,1402
643,6769293,4.7727286,1887,1757,1529,1695,1585,1417
644,6779293,4.7933764,1887,1757,1535,1690,1582,1402
645,6789293,4.7946537,1890,1758,1555,1694,1580,1402
646,6799292,4.7958728,1891,1751,1535,1705,1576,1402
647,6809293,4.7980362,1891,1751,1535,1696,1575,1402
648,6819293,4.799527,1890,1759,1535,1693,1582,1402
649,6829293,4.8005364,1895,1753,1535,1693,1588,1402
650,6839293,4.8015946,1892,1755,1535,1693,1575,1402
651,6849293,4.8032252,1886,1751,1535,1694,1582,1402
652,6859293,4.8053197,1885,1749,1535,1690,1574,1402
653,6869293,4.8090661,1889,1755,1535,1689,1579,1402
654,6879293,4.8121311,1887,1749,1535,1691,1580,1401
655,6889293,4.8175093,1893,1751,1535,1694,1578,1417
656,6899293,4.81966,1898,1751,1535,1697,1579,1402
657,6909293,5.0978228,1888,1749,1535,1687,1578,1402
658,6919293,5.1001492,1889,1750,1535,1689,1577,1402
659,6929293,5.1028472,1893,1749,1535,1690,1585,1402
660,6939293,5.1044405,1882,1749,1535,1694,1574,1402
661,6949293,5.1073746,1891,1753,1535,1694,1582,1402
662,6959293,5.1094576,1889,1745,1535,1677,1575,1402
663,6969292,5.1124834,1904,1755,1569,1697,1580,1402
664,6979293,5.1146281,1889,1745,1535,1702,1576,1402
665,6989293,5.1186256,1893,1749,1535,1688,1579,1402
666,6999293,5.1222765,1889,1749,1535,1696,1580,1402
667,7009293,5.124534,1890,1759,1535,1691,1584,1402
668,7019293,5.1267353,1894,1749,1535,1698,1581,1402
669,7029293,5.1288597,1887,1744,1535,1710,1576,1402
670,7039293,5.130507,1891,1754,1535,1699,1580,1402
671,7049293,5.1320589,1889,1750,1535,1700,1574,1402
672,7059293,5.1340236,1893,1750,1535,1702,1581,1402
673,7069293,5.1374098,1894,1751,1535,1695,1581,1402
674,7079293,5.1391828,1894,1751,1535,1693,1582,1402
675,7089293,5.1413941,1886,1757,1535,1697,1580,1402
676,7099293,5.1435926,1891,1755,1535,1683,1584,1402
677,7109292,5.1455776,1888,1743,1569,1692,1577,1402
678,7119293,5.1471902,1886,1757,1535,1690,1576,1402
679,7129293,5.14857,1886,1755,1535,1687,1582,1402
680,7139293,5.1499523,1884,1755,1535,1692,1580,1402
681,7149293,5.1517535,1895,1757,1535,1691,1580,1402
682,7159293,5.1539784,1887,1758,1535,1697,1581,1402
683,7169293,5.1573755,1891,1753,1535,1681,1576,1402
684,7179293,5.1599376,1891,1749,1535,1698,1587,1402
685,7189293,5.1659292,1888,1746,1535,1691,1583,1402
686,7199293,5.1673431,1887,1750,1535,1693,1589,1402
687,7209292,5.1688927,1890,1751,1535,1699,1575,1402
688,7219293,5.1722063,1859,1756,1535,1696,1583,1418
689,7229293,5.1749009,1894,1747,1535,1693,1578,1402
690,7239293,5.1774221,1888,1751,1535,1698,1581,1402
691,7249293,5.1805495,1891,1748,1535,1697,1583,1402
692,7259293,5.1832802,1892,1747,1535,1692,1586,1419
693,7269293,5.1856524,1888,1755,1535,1694,1580,1420
694,7279293,5.463458,1889,1751,1535,1696,1565,1402
695,7289293,5.4652189,1887,1745,1558,1693,1584,1402
696,7299293,5.4673085,1891,1749,1535,1697,1579,1402
697,7309293,5.4683587,1889,1750,1535,1679,1580,1402
698,7319293,5.4696084,1887,1737,1535,1705,1575,1402
699,7329293,5.471905,1891,1750,1535,1698,1576,1402
700,7339293,5.4733574,1889,1753,1523,1693,1574,1402
701,7349293,5.4762292,1885,1735,1535,1701,1585,1402
702,7359293,5.4783997,1890,1754,1535,1695,1583,1402
703,7369293,5.4809773,1888,1753,1535,1690,1585,1402
704,7379293,5.4848985,1882,1751,1556,1718,1578,1402
705,7389293,5.4875411,1897,1747,1563,1688,1580,1418
706,7399293,5.4890726,1882,1773,1535,1683,1574,1402
707,7409293,5.4902074,1888,1755,1535,1701,1581,1402
708,7419293,5.4925862,1886,1750,1535,1697,1582,1402
709,7429293,5.4941991,1887,1753,1535,1698,1580,1402
710,7439293,5.4953941,1885,1757,1535,1693,1579,1402
711,7449293,5.4973351,1889,1757,1535,1704,1576,1402
712,7459293,5.4990603,1893,1759,1535,1678,1580,1399
713,7469293,5.5016032,1885,1765,1535,1685,1583,1402
714,7479293,5.5054238,1887,1746,1535,1705,1578,1402
715,7489293,5.5077066,1904,1744,1535,1696,1580,1402
716,7499293,5.5093851,1894,1754,1535,1697,1581,1402
717,7509293,5.5110984,1890,1760,1535,1694,1580,1424
718,7519292,5.5122825,1895,1744,1535,1691,1580,1402
719,7529293,5.5139769,1889,1754,1535,1691,1574,1402
720,7539293,5.5157567,1891,1743,1535,1688,1579,1402
721,7549293,5.5293238,1891,1754,1535,1695,1588,1402
722,7559293,5.5482943,1895,1749,1535,1696,1582,1402
723,7569293,5.5503123,1891,1759,1535,1698,1583,1402
724,7579293,5.5604814,1888,1755,1535,1692,1580,1417
725,7589293,5.5684875,1891,1751,1535,1690,1585,1402
726,7599293,5.5702374,1891,1751,1553,1688,1583,1402
727,7609293,5.5741039,1888,1754,1535,1695,1579,1402
728,7619293,5.57539,1888,1753,1535,1696,1574,1424
729,7629293,5.5765739,1895,1746,1535,1702,1579,1402
730,7639293,5.5934908,1890,1747,1535,1698,1580,1402
731,7649292,5.5982271,1890,1750,1535,1690,1580,1402
732,7659292,5.6005296,1889,1745,1535,1693,1575,1419
733,7669293,5.6255669,1891,1751,1535,1676,1578,1402
734,7679293,5.6385521,1892,1747,1535,1693,1579,1402
735,7689293,5.6423131,1885,1744,1535,1692,1582,1427
736,7699293,5.6514191,1890,1751,1535,1701,1577,1402
737,7709293,5.6567057,1893,1754,1535,1690,1583,1402
738,7719293,5.6661928,1893,1751,1535,1690,1580,1402
739,7729292,5.6696051,1887,1754,1535,1693,1585,1402
740,7739293,5.6765593,1891,1756,1535,1676,1575,1402
741,7749293,5.6791746,1887,1745,1535,1695,1578,1402
742,7759293,5.6847442,1890,1751,1535,1696,1578,1402
743,7769293,5.6942865,1893,1739,1535,1701,1585,1402
744,7779293,5.698196,1888,1751,1535,1694,1580,1402
745,7789293,5.9084251,1893,1759,1535,1690,1574,1402
746,7799293,5.9098437,1887,1758,1535,1692,1578,1402
747,7809293,5.9115551,1889,1747,1535,1693,1581,1402
748,7819293,5.9141266,1890,1754,1561,1697,1578,1402
749,7829293,5.9159908,1888,1744,1535,1691,1582,1402
750,7839293,5.9177433,1889,1753,1535,1690,1580,1402
751,7849293,5.9198501,1888,1751,1567,1696,1577,1402
752,7859293,5.922197,1888,1749,1535,1693,1580,1402
753,7869293,5.9251357,1889,1754,1525,1691,1579,1402
754,7879293,5.9274867,1882,1751,1535,1688,1582,1402
755,7889293,5.9286731,1889,1751,1529,1693,1581,1402
756,7899293,5.9295757,1888,1751,1535,1695,1583,1402
757,7909293,5.930912,1891,1760,1535,1695,1578,1390
758,7919293,5.9325116,1887,1748,1522,1704,1575,1402
759,7929293,5.9343007,1888,1762,1535,1694,1581,1402
760,7939293,5.9360897,1889,1755,1535,1687,1580,1402
761,7949293,5.9374761,1893,1755,1535,1686,1576,1402
762,7959293,5.9396897,1891,1754,1557,1690,1582,1402
763,7969293,5.9413475,1885,1758,1565,1691,1580,1402
764,7979293,5.9453191,1890,1749,1535,1693,1574,1424
765,7989293,5.950935,1901,1759,1535,1695,1586,1429
766,7999293,5.9549038,1897,1760,1573,1699,1580,1402
767,8009293,5.9580483,1889,1751,1535,1691,1589,1398
768,8019293,5.9597858,1889,1753,1535,1694,1586,1429
769,8029293,5.9619891,1890,1749,1535,1697,1575,1402
770,8039292,5.9641773,1888,1749,1535,1696,1581,1402
771,8049293,5.965395,1887,1759,1565,1695,1575,1402
772,8059293,6.2085288,1891,1745,1535,1695,1578,1402
773,8069293,6.2100797,1889,1747,1535,1697,1588,1402
774,8079293,6.2123742,1888,1751,1530,1692,1582,1402
775,8089293,6.2145548,1890,1752,1535,1688,1580,1402
776,8099293,6.2165305,1893,1753,1535,1694,1580,1402
777,8109293,6.2185868,1883,1754,1535,1694,1582,1402
778,8119293,6.2201396,1892,1748,1535,1691,1578,1402
779,8129293,6.2215029,1889,1746,1535,1694,1580,1402
780,8139293,6.2230691,1889,1757,1535,1693,1576,1419
781,8149293,6.2244223,1889,1754,1535,1690,1575,1420
782,8159293,6.2254936,1887,1749,1535,1688,1578,1402
783,8169293,6.226535,1892,1747,1535,1696,1583,1402
784,8179293,6.2275965,1887,1749,1535,1690,1580,1402
785,8189293,6.228541,1887,1759,1535,1705,1580,1402
786,8199293,6.2295468,1888,1758,1535,1688,1582,1402
787,8209293,6.231111,1894,1747,1535,1693,1582,1402
788,8219293,6.2337557,1887,1735,1535,1697,1585,1402
789,8229293,6.2362109,1893,1755,1535,1692,1581,1402
790,8239293,6.2381757,1885,1749,1535,1711,1587,1402
791,8249293,6.2395882,1887,1750,1577,1693,1581,1402
792,8259293,6.2408991,1894,1751,1535,1695,1576,1402
793,8269293,6.2417548,1887,1757,1535,1691,1585,1402
794,8279293,6.2427585,1890,1754,1535,1697,1576,1402
795,8289293,6.2437383,1890,1751,1535,1694,1582,1402
796,8299293,6.2455136,1889,1750,1535,1697,1573,1402
797,8309293,6.2471433,1883,1747,1533,1692,1578,1402
798,8319293,6.2497123,1891,1750,1535,1693,1574,1418
799,8329293,6.2521897,1892,1753,1535,1690,1585,1402
800,8339293,6.2548155,1883,1765,1535,1694,1577,1402
801,8349293,6.4988326,1890,1751,1535,1695,1574,1401
802,8359293,6.4997836,1886,1743,1535,1694,1586,1383
803,8369293,6.5013343,1894,1750,1535,1693,1580,1402
804,8379293,6.5031489,1882,1731,1535,1691,1568,1402
805,8389293,6.5048407,1890,1747,1535,1691,1574,1402
806,8399293,6.5062596,1882,1749,1535,1691,1585,1402
807,8409293,6.5075431,1889,1749,1535,1690,1576,1402
808,8419293,6.5086867,1887,1757,1535,1694,1592,1424
809,8429293,6.5099726,1891,1741,1533,1694,1582,1402
810,8439293,6.5118183,1893,1759,1535,1693,1585,1402
811,8449293,6.5136928,1889,1743,1535,1690,1561,1397
812,8459293,6.5152693,1891,1745,1535,1693,1576,1402
813,8469293,6.5169677,1893,1732,1535,1695,1575,1402
814,8479293,6.5180466,1887,1750,1525,1690,1583,1418
815,8489293,6.5191561,1890,1750,1535,1693,1573,1402
816,8499293,6.5209633,1887,1759,1535,1690,1578,1402
817,8509293,6.5228716,1893,1758,1535,1688,1578,1402
818,8519293,6.5243993,1884,1745,1535,1694,1582,1402
819,8529293,6.5262406,1888,1751,1535,1695,1579,1402
820,8539293,6.527753,1889,1757,1535,1693,1574,1402
821,8549293,6.5288532,1887,1749,1559,1692,1585,1402
822,8559293,6.5300151,1891,1750,1535,1691,1574,1402
823,8569293,6.5312858,1893,1749,1535,1696,1574,1402
824,8579293,6.5328875,1891,1747,1555,1692,1579,1402
825,8589293,6.5357441,1893,1746,1535,1693,1579,1402
826,8599293,6.5376213,1889,1751,1535,1677,1580,1402
827,8609293,6.5386091,1890,1751,1535,1700,1581,1402
828,8619293,6.5393889,1888,1754,1526,1697,1585,1402
829,8629293,6.8414551,1889,1751,1535,1695,1579,1402
830,8639293,6.8432322,1890,1751,1535,1694,1575,1402
831,8649293,6.8450611,1887,1751,1559,1698,1566,1402
832,8659293,6.8470236,1894,1757,1535,1696,1585,1402
833,8669293,6.8486283,1894,1728,1535,1695,1577,1402
834,8679293,6.8506867,1899,1753,1535,1693,1582,1402
835,8689294,6.8528606,1888,1754,1523,1691,1576,1402
836,8699293,6.8554535,1890,1749,1535,1691,1580,1402
837,8709293,6.8583684,1889,1744,1531,1695,1588,1425
838,8719293,6.8606165,1881,1750,1535,1690,1592,1402
839,8729293,6.8625368,1889,1758,1535,1691,1575,1402
840,8739293,6.8641423,1894,1744,1535,1694,1575,1402
841,8749293,6.8665114,1891,1758,1535,1699,1574,1402
842,8759293,6.8683513,1886,1754,1555,1703,1589,1402
843,8769293,6.8703597,1895,1753,1535,1696,1585,1421
844,8779293,6.872644,1891,1755,1535,1695,1580,1402
845,8789293,6.8753737,1892,1758,1535,1696,1580,1402
846,8799293,6.8769466,1888,1757,1535,1699,1583,1402
847,8809293,6.8795722,1890,1750,1535,1694,1574,1402
848,8819293,6.8832122,1893,1751,1535,1696,1588,1420
849,8829293,6.8891013,1886,1769,1535,1691,1580,1402
850,8839293,6.8959547,1899,1754,1535,1688,1575,1402
851,8849293,6.899768,1891,1754,1535,1692,1578,1402
852,8859293,6.9035627,1889,1754,1535,1691,1585,1402
853,8869294,6.9093703,1892,1755,1535,1691,1582,1402
854,8879293,6.9133007,1888,1757,1535,1696,1580,1402
855,8889293,6.9158207,1891,1750,1535,1700,1585,1402
856,8899293,6.918625,1893,1745,1535,1696,1586,1402
857,8909293,6.9236661,1887,1745,1535,1691,1582,1402
858,8919293,6.9286588,1890,1759,1535,1697,1574,1424
859,8929293,6.9307664,1895,1749,1535,1693,1582,1402
860,8939293,6.9325806,1894,1751,1530,1693,1580,1402
861,8949293,6.9343509,1890,1753,1535,1692,1582,1402
862,8959293,6.9370128,1891,1753,1535,1695,1582,1402
863,8969293,6.9409053,1887,1750,1535,1695,1580,1402
864,8979293,6.9490752,1894,1748,1535,1694,1581,1402
865,8989293,6.9508055,1903,1749,1535,1700,1583,1402
866,8999293,6.9537717,1891,1756,1535,1691,1585,1402
867,9009293,6.9667451,1895,1750,1535,1693,1585,1402
868,9019292,6.9686497,1895,1753,1535,1694,1586,1424
869,9029293,6.9706978,1889,1749,1522,1694,1582,1402
870,9039293,6.9732412,1897,1749,1535,1691,1567,1424
871,9049293,6.9772214,1889,1752,1535,1696,1584,1402
872,9059293,6.9804898,1895,1758,1554,1694,1588,1402
873,9069293,6.9853026,1895,1756,1535,1697,1587,1402
874,9079293,7.2438344,1890,1753,1535,1698,1583,1402
875,9089293,7.2452955,1895,1758,1557,1700,1586,1421
876,9099293,7.2470781,1895,1751,1535,1697,1585,1402
877,9109293,7.2495884,1886,1753,1535,1693,1576,1402
878,9119293,7.2520111,1892,1751,1554,1698,1582,1402
879,9129293,7.2539871,1890,1757,1535,1697,1584,1402
880,9139293,7.2559863,1888,1758,1535,1695,1583,1419
881,9149293,7.2583504,1893,1751,1535,1685,1581,1402
882,9159293,7.2600823,1885,1751,1535,1692,1577,1402
883,9169293,7.2654053,1890,1747,1535,1695,1583,1402
884,9179293,7.2713679,1889,1746,1535,1698,1578,1402
885,9189293,7.2744942,1886,1754,1535,1698,1585,1402
886,9199293,7.2772141,1890,1751,1535,1694,1588,1402
887,9209293,7.2786425,1897,1753,1535,1698,1581,1402
888,9219293,7.2812237,1894,1759,1565,1700,1585,1402
889,9229293,7.2831492,1885,1754,1535,1688,1586,1402
890,9239293,7.2854253,1885,1754,1535,1692,1577,1402
891,9249293,7.2877288,1887,1750,1535,1686,1582,1402
892,9259293,7.2927351,1850,1746,1535,1666,1576,1402
893,9269293,7.2951474,1766,1650,1505,1587,1500,1387
894,9279293,7.2962288,1929,1732,1569,1729,1576,1427
895,9289293,7.2973209,1950,1745,1554,1733,1572,1420
896,9299293,7.2986972,1924,1773,1563,1724,1599,1429
897,9309293,7.2998417,1894,1779,1562,1694,1604,1420
898,9319293,7.3025354,1887,1778,1556,1692,1601,1402
899,9329293,7.305105,1884,1777,1565,1679,1604,1429
900,9339293,7.306882,1878,1769,1561,1679,1593,1402
901,9349293,7.3104645,1885,1756,1557,1690,1585,1424
902,9359293,7.3122577,1897,1739,1535,1691,1565,1402
903,9369293,7.3143684,1894,1721,1520,1698,1545,1392
904,9379293,7.3163781,1898,1713,1522,1698,1539,1401
905,9389293,7.319454,1899,1702,1535,1699,1543,1399
906,9399293,7.3220649,1891,1706,1535,1695,1548,1399
907,9409293,7.3257922,1893,1728,1532,1700,1558,1390
908,9419293,7.5203307,1872,1734,1535,1681,1570,1402
909,9429293,7.5222923,1872,1731,1535,1679,1560,1402
910,9439293,7.5235319,1891,1719,1534,1693,1556,1402
911,9449293,7.5249327,1887,1709,1535,1695,1548,1402
912,9459293,7.5265246,1875,1700,1527,1687,1539,1402
913,9469293,7.5288831,1881,1686,1523,1685,1536,1390
914,9479293,7.5307351,1874,1685,1527,1681,1533,1395
915,9489293,7.5323061,1872,1681,1521,1679,1527,1389
916,9499293,7.5337632,1875,1679,1523,1679,1524,1402
917,9509293,7.53549,1870,1679,1519,1678,1530,1389
918,9519293,7.5376225,1871,1680,1519,1678,1522,1390
919,9529293,7.5395462,1867,1673,1520,1672,1521,1379
920,9539293,7.5432654,1870,1671,1517,1679,1512,1391
921,9549293,7.54633,1877,1664,1516,1681,1505,1390
922,9559293,7.5521933,1873,1661,1526,1700,1509,1390
923,9569293,7.5556154,1866,1666,1521,1679,1514,1390
924,9579293,7.5581568,1872,1671,1533,1679,1510,1398
925,9589293,7.5602851,1872,1664,1525,1679,1509,1428
926,9599293,7.5621326,1872,1658,1510,1675,1497,1382
927,9609293,7.563135,1862,1648,1494,1671,1493,1382
928,9619293,7.5641083,1854,1636,1491,1685,1490,1364
929,9629293,7.5654004,1854,1633,1479,1665,1482,1361
930,9639293,7.5676734,1846,1634,1475,1663,1486,1353
931,9649293,7.7404727,1865,1604,1466,1667,1454,1344
932,9659293,7.7417434,1899,1566,1472,1693,1426,1356
933,9669293,7.7431969,1923,1566,1502,1714,1424,1369
934,9679293,7.7449952,1871,1587,1456,1680,1452,1345
935,9689293,7.7465424,1808,1652,1474,1631,1500,1350
936,9699293,7.7482046,1824,1668,1484,1637,1508,1351
937,9709293,7.7516654,1830,1504,1474,1637,1383,1353
938,9719293,7.7574672,1807,1808,1680,1665,1667,1557
939,9729293,7.7605905,1867,1571,1465,1679,1430,1337
940,9739293,7.761926,1882,1572,1456,1679,1435,1336
941,9749293,7.7633561,1859,1584,1418,1661,1430,1305
942,9759293,7.7654167,1842,1554,1391,1645,1402,1277
943,9769293,7.7672143,1827,1498,1381,1639,1363,1276
944,9779293,7.7692013,1858,1533,1429,1668,1402,1322
945,9789293,7.7712331,1866,1613,1503,1672,1476,1383
946,9799293,7.7731128,1856,1527,1440,1662,1402,1322
947,9809293,7.7754127,1859,1535,1461,1675,1395,1337
948,9819293,7.7769576,1904,1641,1523,1718,1474,1394
949,9829293,7.7785258,1935,1600,1499,1714,1456,1378
950,9839293,7.7794676,1908,1578,1455,1708,1442,1340
951,9849293,7.7802958,1908,1535,1426,1718,1402,1314
952,9859293,7.7816564,1905,1535,1408,1710,1402,1285
953,9869293,7.7836679,1909,1519,1406,1714,1390,1296
954,9879293,7.9855268,1886,1495,1408,1687,1364,1298
955,9889293,7.986753,1777,1418,1317,1598,1306,1227
956,9899293,7.9877634,1714,1392,1327,1561,1285,1232
957,9909293,7.9885189,1762,1430,1329,1586,1314,1233
958,9919293,7.9892544,1814,1452,1337,1639,1332,1231
959,9929293,7.9899309,1874,1490,1322,1687,1366,1232
960,9939293,7.9907229,1968,1635,1425,1758,1481,1309
961,9949293,7.9914328,1922,1647,1457,1729,1495,1343
962,9959292,7.992368,1831,1645,1504,1652,1493,1378
963,9969293,7.9933406,1845,1462,1481,1659,1339,1360
964,9979293,7.9942625,1877,1431,1504,1685,1337,1379
965,9989293,7.9957475,1938,1630,1557,1734,1486,1424
966,9999293,7.9970678,1923,1521,1456,1732,1377,1339
967,10009293,7.9979772,1856,1465,1457,1644,1342,1337
968,10019293,7.9987556,1887,1479,1461,1691,1360,1342
969,10029293,7.9995459,1979,1521,1456,1756,1390,1346
970,10039293,8.0003818,1971,1505,1430,1758,1378,1320
971,10049293,8.001662,1890,1455,1408,1696,1326,1298
972,10059293,8.0028301,1869,1407,1367,1670,1307,1268
973,10069293,8.0058497,1840,1393,1341,1653,1287,1231
974,10079293,8.0086518,1833,1392,1300,1630,1281,1212
975,10089293,8.0113253,1818,1418,1315,1641,1306,1232
976,10099293,8.0238987,1822,1439,1341,1634,1323,1245
977,10109293,8.0257191,1822,1465,1354,1649,1337,1256
978,10119293,8.219278,1856,1485,1399,1668,1379,1289
979,10129293,8.2205626,1893,1555,1434,1700,1429,1317
980,10139293,8.2220121,1891,1581,1455,1681,1421,1337
981,10149293,8.2230856,1901,1535,1475,1701,1402,1366
982,10159293,8.2239609,1930,1535,1477,1718,1402,1350
983,10169293,8.2246332,1915,1535,1488,1722,1402,1352
984,10179293,8.2254082,1917,1510,1375,1716,1374,1298
985,10189293,8.2263106,1959,1616,1360,1754,1456,1259
986,10199293,8.2272601,1898,1613,1346,1699,1490,1246
987,10209293,8.2281931,1765,1609,1355,1592,1459,1257
988,10219293,8.2291879,1776,1623,1380,1600,1495,1273
989,10229293,8.2299445,1813,1680,1413,1635,1521,1304
990,10239293,8.2336395,1804,1676,1424,1621,1530,1298
991,10249293,8.2359154,1795,1723,1481,1612,1552,1361
992,10259293,8.2378649,1778,1680,1479,1596,1516,1360
993,10269293,8.239286,1762,1567,1469,1575,1428,1342
994,10279293,8.2418803,1765,1414,1461,1589,1322,1332
995,10289292,8.2430623,1787,1358,1457,1612,1250,1340
996,10299293,8.2443992,1829,1296,1421,1647,1206,1304
997,10309293,8.2485258,1853,1269,1367,1663,1171,1259
998,10319293,8.2507122,1840,1312,1391,1653,1232,1268
999,10329293,8.2532945,1844,1356,1344,1665,1259,1241
1000,10339293,8.265562,1793,1421,1298,1616,1306,1206
1001,10349293,8.2682501,1769,1455,1255,1600,1340,1174
1002,10359293,8.456619,1778,1533,1296,1601,1402,1199
1003,10369293,8.4584773,1767,1651,1356,1592,1498,1252
1004,10379293,8.4597193,1744,1769,1411,1574,1599,1285
1005,10389293,8.4616215,1714,1853,1456,1548,1663,1342
1006,10399293,8.4639313,1743,1967,1563,1566,1757,1430
1007,10409293,8.4662052,1806,1967,1637,1631,1757,1491
1008,10419293,8.4681864,1776,1789,1584,1599,1616,1461
1009,10429293,8.4694809,1814,1663,1563,1640,1490,1424
1010,10439293,8.4729996,1874,1363,1445,1679,1254,1326
1011,10449293,8.4748379,1905,1269,1427,1703,1168,1322
1012,10459293,8.4762524,1932,1267,1408,1731,1186,1298
1013,10469293,8.4775324,1850,1067,1217,1661,1022,1152
1014,10479293,8.4789462,1855,1131,1215,1667,1075,1138
1015,10489293,8.4801934,1851,1200,1171,1667,1130,1101
1016,10499293,8.4817211,1842,1319,1168,1655,1216,1115
1017,10509293,8.4835713,1841,1424,1233,1649,1309,1158
1018,10519293,8.4871445,1843,1574,1328,1655,1442,1236
1019,10529293,8.4889411,1822,1719,1393,1635,1563,1291
1020,10539293,8.4918739,1775,1796,1411,1583,1624,1304
1021,10549293,8.4938499,1715,1926,1505,1547,1705,1382
1022,10559293,8.4953012,1729,1983,1609,1571,1759,1453
1023,10569293,8.4970827,1799,1936,1661,1621,1731,1499
1024,10579293,8.4990053,1855,1790,1607,1662,1605,1458
1025,10589293,8.7569204,1905,1561,1495,1713,1402,1390
1026,10599293,8.75788,1931,1349,1444,1731,1251,1317
1027,10609293,8.7587822,1955,1216,1386,1745,1142,1263
1028,10619293,8.7596326,1949,1186,1274,1741,1114,1193
1029,10629293,8.760319,1890,875,880,1679,905,914
1030,10639293,8.7610365,1842,1179,1094,1654,1114,1040
1031,10649293,8.7616215,1862,1254,1151,1667,1179,1097
1032,10659293,8.7621194,1882,1367,1246,1676,1272,1161
1033,10669293,8.7625672,1870,1488,1326,1690,1366,1227
1034,10679293,8.7631395,1866,1602,1375,1674,1457,1283
1035,10689293,8.7637597,1841,1689,1442,1655,1538,1330
1036,10699293,8.7644558,1808,1779,1477,1622,1589,1362
1037,10709293,8.7651415,1759,1827,1513,1584,1643,1387
1038,10719293,8.7657947,1751,1825,1535,1576,1632,1402
1039,10729293,8.7665965,1783,1809,1603,1614,1635,1460
1040,10739293,8.7672598,1841,1674,1535,1657,1511,1401
1041,10749293,8.767946,1872,1524,1501,1679,1389,1345
1042,10759293,8.7688566,1894,1364,1434,1701,1259,1316
1043,10769293,8.7705001,1904,1279,1357,1710,1189,1259
1044,10779293,8.7716168,1877,1173,1227,1683,1103,1180
1045,10789293,8.7726571,1856,1152,1173,1663,1079,1106
1046,10799293,8.7738493,1839,1200,1153,1653,1134,1089
1047,10809293,8.7752758,1834,1282,1200,1649,1206,1127
1048,10819293,8.7765742,1853,1387,1296,1666,1277,1192
1049,10829293,8.778017,1862,1469,1358,1668,1365,1259
1050,10839293,8.7799887,1851,1584,1393,1667,1455,1302
1051,10849293,8.7842554,1819,1683,1449,1631,1531,1337
1052,10859293,8.7872793,1773,1781,1475,1599,1602,1355
1053,10869293,8.7905569,1714,1872,1510,1556,1679,1402
1054,10879293,8.7932728,1702,1907,1569,1537,1732,1428
1055,10889293,8.9964169,1728,1951,1626,1550,1758,1481
1056,10899293,8.9976163,1805,1853,1627,1626,1653,1494
1057,10909293,8.9987934,1865,1664,1584,1679,1516,1438
1058,10919293,8.9995848,1905,1450,1507,1708,1336,1382
1059,10929294,9.0002476,1936,1231,1401,1730,1151,1294
1060,10939293,9.0008629,1961,1095,1301,1749,1018,1218
1061,10949293,9.0017324,1900,990,1210,1707,962,1132
1062,10959293,9.002914,1876,1039,1104,1688,1004,1045
1063,10969293,9.0045073,1851,1138,1110,1653,1076,1050
1064,10979293,9.0058005,1863,1299,1222,1674,1204,1138
1065,10989293,9.0065751,1873,1423,1287,1680,1316,1206
1066,10999293,9.0073827,1865,1535,1373,1676,1402,1261
1067,11009293,9.0080537,1851,1661,1415,1681,1512,1306
1068,11019293,9.0086914,1821,1766,1459,1635,1600,1341
1069,11029293,9.0094705,1758,1853,1515,1576,1662,1362
1070,11039293,9.0108858,1690,1941,1535,1534,1727,1402
1071,11049293,9.0132032,1682,1933,1584,1522,1730,1443
1072,11059293,9.0150533,1749,1918,1646,1583,1718,1493
1073,11069293,9.0163072,1839,1779,1615,1649,1602,1469
1074,11079293,9.0175783,1914,1584,1526,1705,1402,1393
1075,11089293,9.0187413,1917,1360,1406,1711,1231,1294
1076,11099293,9.019576,1926,1253,1367,1717,1165,1264
1077,11109293,9.2246326,1936,1163,1335,1731,1097,1241
1078,11119293,9.2258958,1919,1076,1237,1708,1035,1148
1079,11129293,9.227167,1869,1136,1174,1676,1082,1106
1080,11139293,9.2283875,1844,1231,1179,1651,1158,1103
1081,11149293,9.2297665,1847,1309,1179,1663,1213,1091
1082,11159293,9.2310429,1854,1424,1279,1667,1320,1204
1083,11169293,9.2319576,1854,1535,1350,1666,1402,1251
1084,11179293,9.2326119,1853,1632,1370,1658,1489,1289
1085,11189293,9.233289,1833,1749,1437,1644,1574,1332
1086,11199293,9.2339768,1767,1851,1467,1580,1652,1348
1087,11209293,9.2347399,1695,1897,1486,1533,1699,1346
1088,11219293,9.2354616,1694,1935,1569,1530,1744,1433
1089,11229293,9.2364221,1767,1904,1636,1594,1702,1456
1090,11239293,9.2373135,1862,1622,1488,1658,1488,1377
1091,11249293,9.2382297,1913,1567,1509,1711,1402,1387
1092,11259293,9.2390716,1944,1394,1467,1741,1291,1351
1093,11269293,9.2397323,1984,1263,1423,1770,1176,1309
1094,11279293,9.2404443,1989,1071,1274,1775,1009,1184
1095,11289293,9.2416147,1966,1063,1201,1753,1014,1133
1096,11299293,9.2438866,1904,1122,1147,1699,1051,1080
1097,11309293,9.2471691,1883,1195,1125,1684,1119,1073
1098,11319293,9.2490028,1888,1280,1183,1693,1193,1119
1099,11329293,9.2518051,1894,1419,1278,1701,1304,1197
1100,11339293,9.253431,1904,1535,1345,1707,1402,1243
1101,11349293,9.4488685,1901,1653,1406,1704,1506,1285
1102,11359293,9.4502303,1894,1800,1429,1696,1594,1313
1103,11369293,9.4515479,1826,1862,1442,1640,1667,1332
1104,11379293,9.4532005,1731,1869,1455,1569,1673,1355
1105,11389293,9.4545909,1712,1879,1535,1553,1687,1402
1106,11399293,9.4553412,1748,1771,1531,1579,1598,1401
1107,11409293,9.4559974,1839,1712,1597,1662,1539,1442
1108,11419293,9.4570621,1883,1594,1535,1696,1433,1394
1109,11429293,9.4580179,1916,1476,1482,1718,1351,1353
1110,11439293,9.4591048,1943,1361,1425,1731,1259,1314
1111,11449293,9.460277,1942,1263,1371,1739,1175,1268
1112,11459293,9.4621737,1951,1230,1353,1739,1149,1241
1113,11469292,9.464328,1922,1005,1084,1705,975,1046
1114,11479293,9.4663647,1895,1181,1201,1688,1114,1127
1115,11489293,9.4679807,1891,1246,1207,1690,1180,1139
1116,11499293,9.470249,1883,1339,1234,1695,1250,1155
1117,11509293,9.4725676,1887,1500,1309,1690,1377,1214
1118,11519293,9.4750155,1877,1680,1360,1679,1517,1263
1119,11529293,9.477068,1837,1819,1423,1653,1634,1314
1120,11539293,9.4789052,1786,1890,1495,1606,1693,1373
1121,11549293,9.4800171,1729,1829,1482,1559,1642,1358
1122,11559293,9.4817109,1741,1877,1613,1570,1693,1469
1123,11569293,9.4837585,1814,1771,1590,1635,1590,1452
1124,11579293,9.6676482,1861,1629,1535,1672,1487,1402
1125,11589293,9.668512,1911,1498,1514,1709,1376,1371
1126,11599293,9.6696201,1953,1392,1488,1744,1286,1364
1127,11609293,9.6708055,1971,1184,1349,1759,1126,1259
1128,11619293,9.6716107,1969,1199,1328,1759,1131,1236
1129,11629293,9.6727307,1931,1104,1198,1731,1038,1109
1130,11639293,9.6738518,1914,1147,1199,1709,1087,1103
1131,11649293,9.6751271,1904,1208,1168,1706,1133,1098
1132,11659293,9.6760877,1904,1307,1206,1700,1211,1128
1133,11669293,9.6768141,1909,1462,1265,1704,1349,1176
1134,11679293,9.6776983,1885,1634,1333,1690,1491,1244
1135,11689293,9.6788266,1857,1783,1404,1668,1607,1298
1136,11699293,9.6805166,1805,1858,1463,1626,1680,1352
1137,11709293,9.682213,1756,1904,1519,1592,1700,1389
1138,11719293,9.6834905,1735,1865,1522,1565,1678,1401
1139,11729293,9.684543,1782,1828,1586,1598,1641,1442
1140,11739293,9.6860488,1872,1712,1570,1668,1540,1432
1141,11749293,9.6874018,1901,1595,1515,1699,1447,1390
1142,11759293,9.6891777,1911,1492,1478,1713,1364,1342
1143,11769293,9.6910276,1946,1361,1410,1733,1259,1302
1144,11779293,9.9695147,1949,1233,1329,1757,1144,1220
1145,11789293,9.9704655,1962,1250,1330,1754,1167,1236
1146,11799294,9.971184,1914,1166,1203,1705,1107,1143
1147,11809293,9.9725388,1891,1201,1180,1695,1136,1103
1148,11819293,9.9762502,1888,1280,1200,1691,1195,1127
1149,11829293,9.9776308,1886,1370,1261,1701,1266,1181
1150,11839293,9.9789773,1893,1465,1329,1695,1345,1233
1151,11849293,9.9799152,1881,1554,1373,1681,1419,1268
1152,11859293,9.9810022,1876,1643,1423,1685,1495,1309
1153,11869293,9.9821557,1847,1723,1447,1653,1548,1329
1154,11879293,9.9835266,1808,1781,1499,1627,1612,1378
1155,11889293,9.9844344,1778,1815,1534,1604,1630,1397
1156,11899293,9.9853812,1790,1791,1535,1612,1621,1429
1157,11909293,9.9874498,1831,1701,1519,1644,1535,1386
1158,11919293,9.9892186,1872,1615,1465,1681,1460,1351
1159,11929293,9.9918158,1887,1526,1407,1693,1391,1300
1160,11939293,9.9935615,1902,1436,1357,1705,1309,1246
1161,11949293,9.9954026,1917,1328,1312,1721,1232,1207
1162,11959293,9.997387,1936,1229,1269,1731,1146,1181
1163,11969293,9.9994013,1955,1163,1232,1750,1088,1146
1164,11979293,10.0006446,1961,1115,1198,1745,1053,1122
1165,11989293,10.0016954,1949,1129,1183,1736,1073,1115
1166,11999293,10.0031823,1952,1199,1214,1744,1127,1133
1167,12009293,10.004775,1958,1308,1264,1744,1218,1184
1168,12019293,10.0064439,1952,1431,1311,1745,1319,1218
1169,12029293,10.0078873,1933,1535,1333,1731,1402,1236
1170,12039293,10.0091971,1881,1684,1363,1685,1537,1278
1171,12049293,10.0100634,1839,1841,1437,1663,1652,1326
1172,12059293,10.0119098,1771,1946,1517,1594,1741,1422
1173,12069293,10.013546,1725,1951,1523,1552,1736,1401
1174,12079293,10.0153104,1749,1952,1614,1590,1746,1469
1175,12089293,10.0166595,1838,1808,1586,1641,1634,1450
1176,12099293,10.2136157,1899,1679,1535,1697,1513,1402
1177,12109293,10.2159493,1907,1491,1438,1708,1364,1323
1178,12119292,10.2173152,1929,1311,1346,1734,1206,1245
1179,12129293,10.2186493,1983,1217,1345,1767,1140,1243
1180,12139293,10.2203373,1977,995,1190,1767,964,1115
1181,12149293,10.221315,1969,1023,1187,1759,996,1107
1182,12159293,10.2226333,1951,1102,1155,1743,1035,1098
1183,12169293,10.2241705,1930,1183,1170,1718,1108,1107
1184,12179293,10.2251237,1940,1295,1229,1732,1206,1154
1185,12189293,10.2257893,1946,1438,1301,1736,1369,1207
1186,12199293,10.2263816,1936,1611,1350,1737,1461,1250
1187,12209293,10.2268912,1917,1717,1406,1711,1548,1295
1188,12219293,10.2278271,1841,1837,1441,1658,1640,1334
1189,12229293,10.2297331,1764,1883,1498,1591,1689,1349
1190,12239293,10.2315925,1714,1882,1490,1557,1687,1368
1191,12249293,10.2334991,1751,1905,1573,1585,1705,1431
1192,12259293,10.2348465,1838,1822,1584,1649,1638,1445
1193,12269293,10.2359702,1875,1649,1507,1695,1484,1374
1194,12279293,10.2378157,1904,1488,1392,1705,1351,1282
1195,12289293,10.2400908,1936,1411,1381,1727,1286,1279
1196,12299293,10.2422125,1947,1198,1238,1736,1126,1163
1197,12309293,10.244683,1974,1137,1259,1754,1079,1167
1198,12319293,10.2457057,1971,1003,1137,1770,961,1077
1199,12329293,10.2466522,1968,1005,1088,1758,974,1051
1200,12339293,10.4690717,1959,1126,1129,1750,1071,1062
1201,12349293,10.4708405,1947,1247,1175,1726,1169,1107
1202,12359293,10.4723529,1950,1389,1253,1754,1284,1175
1203,12369293,10.4736161,1939,1533,1340,1731,1402,1234
1204,12379293,10.4747771,1902,1697,1376,1683,1529,1272
1205,12389293,10.4760586,1843,1822,1435,1658,1635,1324
1206,12399293,10.4773628,1771,1925,1506,1595,1722,1371
1207,12409293,10.4782494,1743,1943,1562,1574,1752,1422
1208,12419293,10.479598,1773,1917,1602,1594,1723,1464
1209,12429293,10.4807206,1840,1839,1600,1649,1650,1452
1210,12439293,10.4816484,1874,1636,1502,1705,1494,1374
1211,12449293,10.4823559,1901,1507,1406,1699,1364,1289
1212,12459293,10.4832955,1926,1329,1328,1723,1227,1228
1213,12469293,10.4846888,1947,1163,1215,1736,1092,1137
1214,12479293,10.4863074,1950,979,1072,1740,944,1031
1215,12489293,10.4878855,1949,1043,1136,1752,998,1074
1216,12499293,10.4890381,1931,1119,1149,1731,1062,1087
1217,12509293,10.4903411,1922,1250,1199,1705,1166,1123
1218,12519293,10.4915277,1922,1366,1261,1719,1276,1181
1219,12529293,10.492822,1904,1506,1329,1701,1361,1232
1220,12539293,10.4941199,1865,1571,1354,1676,1437,1248
1221,12549293,10.4952279,1838,1692,1422,1653,1536,1314
1222,12559293,10.4970459,1821,1781,1469,1639,1599,1342
1223,12569293,10.4987925,1807,1792,1474,1618,1614,1354
1224,12579293,10.5014344,1799,1771,1481,1612,1595,1352
1225,12589293,10.5104774,1822,1718,1483,1641,1548,1356
1226,12599293,10.7112122,1828,1653,1447,1648,1494,1355
1227,12609293,10.7151054,1805,1591,1387,1621,1455,1283
1228,12619293,10.7169929,1853,1535,1328,1653,1382,1202
1229,12629293,10.7192272,1863,1446,1328,1672,1323,1232
1230,12639293,10.722078,1869,1374,1294,1687,1262,1205
1231,12649293,10.723503,1878,1344,1312,1690,1246,1208
1232,12659293,10.7253035,1904,1360,1301,1705,1254,1214
1233,12669293,10.726647,1891,1411,1330,1698,1300,1232
1234,12679293,10.7277356,1877,1487,1359,1679,1367,1259
1235,12689293,10.7290818,1904,1585,1399,1704,1450,1283
1236,12699293,10.7307236,1875,1616,1392,1688,1468,1289
1237,12709293,10.7332912,1836,1632,1439,1653,1484,1323
1238,12719293,10.7357244,1806,1666,1486,1629,1494,1351
1239,12729293,10.7374295,1838,1587,1470,1653,1459,1364
1240,12739293,10.7393621,1892,1535,1463,1698,1402,1338
1241,12749293,10.7416177,1927,1513,1487,1721,1378,1360
1242,12759293,10.7428596,1948,1499,1503,1747,1365,1367
1243,12769293,10.7440231,1937,1566,1535,1731,1434,1402
1244,12779293,10.7451428,1888,1638,1525,1699,1482,1390
1245,12789293,10.7460302,1926,1535,1491,1722,1397,1366
1246,12799293,10.7473057,1904,1524,1454,1713,1396,1345
1247,12809293,10.7486924,1905,1532,1443,1704,1402,1337
1248,12819293,10.7502718,1889,1520,1423,1694,1402,1313
1249,12829293,10.7539199,1879,1564,1413,1686,1425,1297
1250,12839293,10.7573769,1872,1579,1404,1682,1450,1304
1251,12849293,10.9582858,1875,1593,1427,1679,1445,1310
1252,12859293,10.9592956,1897,1628,1455,1695,1471,1337
1253,12869293,10.9600476,1915,1649,1495,1715,1496,1366
1254,12879293,10.9619132,1904,1622,1503,1711,1496,1376
1255,12889293,10.9645678,1898,1696,1533,1681,1519,1401
1256,12899293,10.9666426,1899,1662,1505,1703,1507,1394
1257,12909293,10.9680737,1898,1633,1491,1697,1484,1361
1258,12919293,10.9696057,1904,1627,1478,1705,1464,1355
1259,12929293,10.9711073,1911,1554,1449,1711,1427,1337
1260,12939293,10.9740866,1909,1566,1463,1713,1422,1346
1261,12949293,10.9761681,1946,1535,1488,1741,1402,1368
1262,12959293,10.9777085,1951,1583,1495,1746,1442,1369
1263,12969293,10.9792968,1955,1583,1500,1734,1451,1364
1264,12979293,10.9808034,1943,1603,1486,1739,1459,1358
1265,12989293,10.9837014,1949,1634,1481,1747,1478,1351
1266,12999293,10.9862228,1951,1657,1477,1741,1497,1346
1267,13009294,10.9880855,1943,1690,1456,1745,1534,1338
1268,13019293,10.9901146,1946,1694,1442,1736,1548,1338
1269,13029293,10.9916836,1936,1697,1424,1731,1548,1314
1270,13039293,10.9934861,1922,1664,1424,1719,1483,1322
1271,13049293,10.9954507,2257,1523,1488,1987,1420,1355
1272,13059293,10.9969969,1907,1625,1527,1711,1484,1402
1273,13069293,10.9975962,1937,1636,1519,1731,1484,1382
1274,13079293,11.0028428,1963,1602,1478,1754,1454,1377
1275,13089293,11.0049916,1973,1613,1456,1762,1467,1327
1276,13099293,11.1900132,1975,1606,1453,1766,1458,1335
1277,13109293,11.1910953,2007,1584,1392,1796,1442,1282
1278,13119293,11.1925326,2099,1570,1314,1875,1432,1211
1279,13129293,11.1934604,2135,1535,1231,1889,1402,1155
1280,13139292,11.1941268,2033,1681,1423,1806,1529,1320
1281,13149293,11.1946513,2030,1776,1597,1802,1595,1442
1282,13159293,11.1951586,1999,1779,1568,1786,1595,1429
1283,13169293,11.1958277,1264,1862,1328,1153,1703,1222
1284,13179293,11.1967279,1734,1524,1136,1526,1337,1007
1285,13189293,11.1977844,1826,1680,1443,1649,1521,1337
1286,13199293,11.1984763,1863,1603,1408,1695,1471,1313
1287,13209293,11.1990996,1903,1767,1577,1718,1598,1440
1288,13219293,11.1996856,1892,1744,1513,1695,1571,1391
1289,13229293,11.2001563,1893,1778,1535,1692,1599,1419
1290,13239293,11.2005488,1871,1921,1594,1675,1717,1446
1291,13249293,11.2009319,1859,1842,1568,1670,1644,1437
1292,13259293,11.2013317,1879,1727,1535,1690,1548,1402
1293,13269293,11.2018876,1915,1687,1526,1713,1521,1392
1294,13279293,11.2068172,1914,1690,1523,1723,1511,1392
1295,13289293,11.2077538,1915,1700,1535,1705,1521,1387
1296,13299293,11.3969691,1895,1757,1535,1701,1583,1402
1297,13309293,11.3987604,1879,1767,1535,1685,1599,1402
1298,13319293,11.4002551,1857,1794,1535,1662,1635,1429
1299,13329293,11.4029482,1840,1802,1559,1653,1626,1432
1300,13339292,11.4042554,1879,1729,1534,1681,1572,1392
1301,13349293,11.4051606,1918,1680,1525,1722,1516,1397
1302,13359293,11.4062481,1937,1680,1521,1727,1521,1389
1303,13369293,11.4075254,1927,1681,1513,1727,1545,1386
1304,13379293,11.4084013,1919,1699,1522,1708,1538,1368
1305,13389293,11.4091479,1919,1723,1535,1718,1549,1399
1306,13399293,11.4098106,1907,1715,1535,1706,1573,1402
1307,13409293,11.4106046,1890,1739,1553,1700,1568,1402
1308,13419293,11.4112851,1899,1738,1535,1701,1572,1402
1309,13429293,11.412278,1911,1770,1555,1708,1598,1402
1310,13439293,11.4140395,1902,1730,1535,1704,1561,1402
1311,13449293,11.4159024,1890,1761,1535,1703,1579,1391
1312,13459293,11.4180299,1889,1739,1535,1695,1562,1424
1313,13469293,11.4196342,1897,1748,1535,1705,1578,1402
1314,13479293,11.4216562,1895,1744,1535,1690,1578,1402
1315,13489293,11.4242611,1893,1749,1535,1702,1581,1402
1316,13499293,11.4259871,1890,1742,1534,1696,1574,1402
1317,13509293,11.4271394,1899,1744,1535,1695,1573,1402
1318,13519293,11.434561,1892,1746,1535,1695,1572,1402
1319,13529293,11.6850144,1899,1743,1535,1704,1574,1402
1320,13539293,11.6863189,1904,1757,1515,1693,1574,1400
1321,13549293,11.6878379,1900,1745,1535,1695,1574,1402
1322,13559293,11.688746,1898,1757,1535,1700,1578,1402
1323,13569293,11.6905585,1898,1748,1571,1701,1574,1402
1324,13579293,11.6920897,1900,1745,1535,1695,1574,1402
1325,13589293,11.6942233,1897,1744,1535,1694,1564,1402
1326,13599292,11.6959111,1895,1746,1535,1699,1573,1402
1327,13609293,11.6972239,1901,1744,1535,1698,1575,1402
1328,13619293,11.6984014,1898,1743,1535,1701,1579,1402
1329,13629293,11.6999165,1899,1745,1535,1696,1578,1402
1330,13639293,11.7011993,1894,1746,1574,1695,1575,1402
1331,13649293,11.7029274,1898,1770,1535,1705,1575,1402
1332,13659293,11.7044015,1901,1744,1535,1695,1575,1395
1333,13669293,11.7054515,1890,1739,1535,1703,1574,1402
1334,13679293,11.7086003,1900,1735,1535,1690,1575,1402
1335,13689293,11.7120084,1895,1744,1535,1701,1574,1402
1336,13699293,11.7138456,1889,1745,1535,1696,1589,1402
1337,13709293,11.716417,1902,1746,1535,1704,1575,1402
1338,13719293,11.7186627,1889,1747,1535,1696,1580,1376
1339,13729293,11.7224032,1893,1744,1535,1694,1574,1400
1340,13739293,11.7250653,1895,1747,1535,1704,1574,1402
1341,13749293,11.7264627,1889,1749,1535,1698,1576,1402
1342,13759293,11.727497,1897,1755,1535,1697,1574,1402
1343,13769293,11.7287651,1892,1743,1535,1696,1580,1402
1344,13779293,11.730776,1893,1746,1535,1698,1575,1402
1345,13789293,11.7322537,1894,1744,1535,1701,1576,1402
1346,13799293,11.7335198,1895,1744,1535,1696,1574,1402
1347,13809292,11.734875,1888,1744,1535,1704,1575,1402
1348,13819293,12.0098465,1890,1746,1535,1697,1575,1402
1349,13829293,12.0114361,1897,1745,1557,1700,1578,1399
1350,13839293,12.0133757,1893,1745,1535,1698,1574,1402
1351,13849293,12.0146853,1893,1744,1535,1699,1574,1402
1352,13859293,12.0159803,1897,1741,1535,1700,1576,1402
1353,13869293,12.0172665,1891,1745,1535,1697,1575,1402
1354,13879293,12.0184355,1894,1742,1535,1693,1574,1402
1355,13889293,12.0197583,1899,1730,1535,1701,1573,1402
1356,13899293,12.0213869,1899,1744,1535,1697,1586,1402
1357,13909293,12.0235525,1894,1751,1535,1685,1574,1402
1358,13919293,12.0247733,1890,1744,1535,1701,1574,1402
1359,13929293,12.0257157,1894,1744,1535,1704,1575,1402
1360,13939293,12.0266261,1894,1744,1535,1701,1578,1402
1361,13949293,12.0273288,1901,1747,1535,1695,1572,1402
1362,13959293,12.0284011,1902,1761,1535,1696,1574,1402
1363,13969293,12.0295728,1895,1746,1535,1701,1574,1402
1364,13979293,12.0312999,1899,1748,1535,1695,1576,1402
1365,13989293,12.0335714,1893,1765,1535,1698,1575,1418
1366,13999293,12.0358253,1891,1745,1535,1696,1574,1402
1367,14009293,12.0392468,1894,1744,1535,1692,1574,1402
1368,14019293,12.0422757,1898,1749,1535,1698,1575,1402
1369,14029293,12.0493428,1889,1747,1535,1692,1578,1402
1370,14039293,12.052446,1890,1741,1535,1692,1579,1402
1371,14049293,12.0549401,1901,1729,1535,1694,1573,1402
1372,14059293,12.0601261,1894,1744,1535,1698,1578,1402
1373,14069293,12.063993,1890,1744,1535,1692,1574,1402
1374,14079293,12.0655098,1894,1745,1535,1698,1583,1419
1375,14089293,12.0665236,1894,1745,1535,1704,1575,1402
1376,14099293,12.0676258,1902,1743,1535,1699,1574,1402
1377,14109293,12.0689922,1898,1732,1535,1698,1573,1402
1378,14119293,12.0716089,1889,1751,1535,1694,1576,1398
1379,14129293,12.0759286,1898,1754,1535,1698,1574,1402
1380,14139293,12.078907,1894,1743,1535,1698,1572,1402
1381,14149293,12.0806354,1894,1744,1535,1701,1574,1402
1382,14159293,12.0828519,1891,1752,1530,1696,1575,1402
1383,14169293,12.0841462,1903,1745,1535,1695,1575,1402
1384,14179293,12.2879585,1891,1744,1534,1695,1576,1402
1385,14189293,12.2887878,1894,1729,1535,1693,1575,1402
1386,14199293,12.2892031,1890,1745,1535,1704,1575,1402
1387,14209293,12.2895687,1887,1759,1535,1700,1575,1399
1388,14219293,12.2899736,1893,1756,1535,1690,1575,1402
1389,14229293,12.2905818,1895,1744,1535,1691,1574,1402
1390,14239293,12.2913125,1894,1746,1535,1698,1581,1402
1391,14249293,12.2923964,1894,1747,1535,1679,1579,1402
1392,14259293,12.2935783,1899,1745,1535,1693,1571,1402
1393,14269293,12.2952026,1899,1745,1535,1708,1580,1402
1394,14279293,12.2964577,1898,1749,1535,1696,1574,1402
1395,14289293,12.2975586,1901,1744,1535,1698,1575,1402
1396,14299293,12.2983875,1889,1744,1535,1696,1574,1402
1397,14309293,12.2990512,1897,1747,1529,1697,1574,1402
1398,14319293,12.2994542,1890,1741,1535,1696,1577,1402
1399,14329293,12.2999154,1897,1767,1535,1701,1589,1402
1400,14339293,12.300495,1892,1747,1555,1695,1578,1402
1401,14349293,12.3011787,1904,1749,1535,1695,1573,1391
1402,14359293,12.3019858,1895,1744,1535,1705,1575,1402
1403,14369293,12.303384,1891,1746,1557,1697,1574,1402
1404,14379293,12.3047118,1891,1744,1535,1703,1581,1402
1405,14389293,12.4888415,1894,1741,1535,1687,1576,1402
1406,14399293,12.4896322,1887,1747,1535,1696,1575,1402
1407,14409293,12.4902379,1887,1745,1535,1693,1575,1402
1408,14419293,12.490842,1902,1749,1535,1686,1566,1402
1409,14429293,12.4915555,1887,1744,1535,1694,1571,1402
1410,14439293,12.4926582,1897,1744,1535,1699,1575,1402
1411,14449293,12.4945279,1892,1747,1535,1689,1573,1402
1412,14459293,12.496721,1890,1743,1535,1697,1561,1395
1413,14469293,12.4984772,1894,1744,1535,1698,1579,1402
1414,14479293,12.4997955,1893,1744,1535,1695,1574,1402
1415,14489293,12.5012611,1897,1742,1535,1690,1580,1402
1416,14499293,12.5029446,1894,1745,1533,1699,1593,1402
1417,14509293,12.5047822,1881,1751,1535,1694,1576,1402
1418,14519293,12.5059817,1891,1747,1535,1696,1574,1402
1419,14529293,12.507978,1894,1744,1535,1701,1574,1440
1420,14539293,12.5093288,1892,1747,1535,1699,1576,1402
1421,14549293,12.5102238,1893,1745,1535,1690,1574,1402
1422,14559293,12.5110972,1903,1744,1535,1695,1565,1402
1423,14569293,12.5118125,1894,1744,1535,1699,1574,1402
1424,14579293,12.5130927,1888,1745,1535,1700,1571,1399
1425,14589293,12.5138374,1894,1744,1535,1694,1576,1402
1426,14599293,12.5152937,1889,1736,1535,1703,1583,1402
1427,14609293,12.7595774,1892,1747,1535,1698,1579,1402
1428,14619293,12.761194,1897,1751,1535,1705,1576,1402
1429,14629293,12.7630769,1897,1747,1535,1697,1584,1402
1430,14639293,12.7643553,1897,1743,1535,1694,1579,1402
1431,14649293,12.765233,1894,1747,1535,1704,1576,1402
1432,14659293,12.7657883,1894,1746,1535,1696,1576,1402
1433,14669293,12.7663071,1893,1745,1535,1699,1584,1402
1434,14679293,12.7669661,1893,1749,1535,1694,1575,1402
1435,14689293,12.7676018,1895,1771,1535,1704,1574,1402
1436,14699293,12.7683278,1894,1747,1568,1694,1574,1401
1437,14709293,12.7694173,1892,1744,1535,1697,1578,1402
1438,14719293,12.7703065,1889,1745,1535,1703,1577,1402
1439,14729293,12.7707434,1898,1744,1535,1704,1576,1402
1440,14739293,12.7711131,1890,1744,1535,1698,1575,1402
1441,14749293,12.7714991,1889,1746,1535,1695,1574,1402
1442,14759293,12.7721984,1895,1744,1555,1704,1574,1402
1443,14769293,12.7731734,1891,1744,1535,1702,1574,1402
1444,14779293,12.7745991,1898,1744,1535,1701,1574,1402
1445,14789293,12.7758429,1888,1747,1533,1693,1574,1402
1446,14799293,12.7768187,1900,1745,1535,1703,1574,1402
1447,14809293,12.7782066,1892,1747,1535,1699,1558,1402
1448,14819293,12.7796684,1893,1744,1535,1691,1577,1402
1449,14829293,12.7811195,1895,1742,1535,1694,1580,1402
1450,14839294,12.7831671,1894,1743,1535,1698,1574,1402
1451,14849293,12.7841538,1895,1755,1555,1691,1574,1402
1452,14859293,12.7850987,1890,1745,1535,1695,1581,1402
1453,14869293,12.7865851,1894,1750,1535,1701,1575,1394
1454,14879293,12.9553282,1894,1758,1535,1688,1575,1402
1455,14889293,12.9562797,1889,1745,1535,1696,1576,1438
1456,14899293,12.9571655,1898,1750,1535,1675,1573,1402
1457,14909293,12.957944,1894,1747,1535,1699,1589,1402
1458,14919293,12.9588615,1893,1746,1535,1697,1581,1402
1459,14929293,12.9597847,1888,1744,1554,1702,1574,1402
1460,14939293,12.9612163,1895,1741,1535,1698,1576,1402
1461,14949293,12.9640893,1894,1762,1559,1693,1574,1402
1462,14959293,12.966166,1890,1751,1535,1695,1575,1402
1463,14969293,12.9674166,1890,1746,1535,1693,1580,1402
1464,14979293,12.9682509,1895,1753,1559,1698,1585,1402
1465,14989293,12.96942,1900,1747,1535,1701,1576,1402
1466,14999293,12.9713843,1890,1755,1535,1699,1575,1402
1467,15009293,12.9726006,1902,1750,1535,1690,1584,1402
1468,15019293,12.9743143,1875,1749,1535,1695,1574,1402
1469,15029293,12.9755389,1885,1744,1535,1695,1572,1402
1470,15039293,12.9767148,1892,1751,1535,1698,1574,1402
1471,15049293,12.9785798,1891,1744,1535,1688,1576,1402
1472,15059293,12.9795843,1898,1747,1568,1697,1575,1402
1473,15069293,12.9814978,1901,1751,1584,1694,1580,1402
1474,15079293,13.1672809,1899,1746,1535,1696,1576,1402
1475,15089293,13.1687373,1893,1753,1535,1703,1584,1402
1476,15099293,13.1703432,1891,1744,1535,1697,1574,1402
1477,15109293,13.1712954,1892,1759,1535,1699,1575,1402
1478,15119293,13.1724023,1883,1744,1535,1690,1576,1402
1479,15129293,13.1732976,1889,1744,1535,1690,1574,1402
1480,15139293,13.1743351,1897,1728,1563,1693,1575,1402
1481,15149293,13.1752539,1898,1747,1535,1695,1574,1402
1482,15159293,13.1760568,1889,1753,1535,1696,1574,1402
1483,15169293,13.177124,1901,1735,1535,1695,1575,1397
1484,15179293,13.1784591,1889,1750,1535,1713,1575,1402
1485,15189293,13.1794427,1896,1740,1535,1692,1580,1402
1486,15199293,13.180385,1896,1747,1535,1691,1574,1402
1487,15209293,13.1812068,1895,1746,1525,1692,1570,1402
1488,15219293,13.1818775,1891,1744,1535,1693,1575,1402
1489,15229293,13.1825322,1889,1750,1535,1695,1575,1402
1490,15239293,13.1840921,1889,1749,1535,1698,1576,1402
1491,15249293,13.1857752,1897,1749,1535,1695,1580,1400
1492,15259293,13.1884235,1898,1746,1535,1701,1574,1402
1493,15269293,13.1896761,1901,1723,1535,1698,1575,1431
1494,15279293,13.3826477,1889,1747,1535,1693,1579,1402
1495,15289293,13.3839959,1887,1757,1535,1695,1573,1402
1496,15299293,13.3847902,1891,1747,1535,1694,1575,1402
1497,15309293,13.3860457,1895,1758,1535,1695,1583,1395
1498,15319293,13.3865887,1889,1761,1535,1699,1574,1402
1499,15329293,13.3870626,1889,1747,1535,1703,1579,1402
1500,15339293,13.3874638,1894,1749,1535,1697,1575,1402
1501,15349293,13.3878996,1891,1748,1535,1697,1575,1402
1502,15359293,13.3883196,1897,1771,1535,1704,1580,1402
1503,15369293,13.3887616,1903,1755,1535,1700,1579,1402
1504,15379293,13.389223,1894,1744,1535,1697,1580,1402
1505,15389293,13.3896825,1896,1753,1535,1701,1582,1389
1506,15399293,13.3901523,1891,1745,1557,1694,1584,1402
1507,15409293,13.3906092,1889,1752,1566,1695,1579,1402
1508,15419293,13.3911417,1889,1749,1535,1698,1575,1402
1509,15429293,13.3916558,1889,1751,1535,1692,1574,1402
1510,15439293,13.3921266,1891,1745,1535,1695,1576,1402
1511,15449293,13.3926712,1890,1755,1535,1695,1585,1402
1512,15459293,13.3933643,1899,1749,1535,1693,1573,1402
1513,15469293,13.3948512,1894,1746,1511,1696,1574,1402
1514,15479293,13.5797597,1894,1745,1535,1699,1577,1402
1515,15489293,13.5811302,1894,1744,1535,1693,1586,1402
1516,15499293,13.5819588,1894,1750,1535,1703,1576,1418
1517,15509293,13.5825214,1902,1748,1554,1698,1574,1401
1518,15519293,13.582965,1891,1745,1535,1697,1579,1402
1519,15529293,13.5834409,1899,1762,1535,1704,1572,1402
1520,15539293,13.5841078,1898,1744,1535,1698,1585,1419
1521,15549293,13.5846014,1898,1757,1483,1690,1582,1402
1522,15559293,13.5852949,1891,1751,1535,1704,1583,1402
1523,15569294,13.5864317,1891,1745,1535,1700,1585,1399
1524,15579293,13.5875034,1895,1753,1535,1694,1575,1402
1525,15589293,13.5885493,1895,1744,1535,1699,1576,1402
1526,15599293,13.5890768,1898,1746,1558,1694,1578,1402
1527,15609293,13.5895763,1903,1758,1535,1701,1578,1402
1528,15619293,13.5900758,1892,1747,1535,1696,1565,1402
1529,15629293,13.5906912,1895,1747,1535,1705,1583,1402
1530,15639293,13.5912803,1887,1744,1535,1695,1576,1402
1531,15649293,13.5923392,1886,1747,1535,1693,1582,1402
1532,15659293,13.5932483,1897,1743,1535,1690,1575,1402
1533,15669293,13.5949811,1901,1744,1535,1693,1587,1402
1534,15679293,13.596243,1895,1751,1523,1694,1578,1402
1535,15689293,13.7775517,1894,1751,1535,1699,1579,1424
1536,15699293,13.7788924,1890,1745,1535,1695,1553,1402
1537,15709293,13.780154,1895,1753,1585,1703,1582,1402
1538,15719293,13.7810589,1895,1745,1535,1704,1574,1402
1539,15729292,13.7817857,1896,1752,1535,1705,1579,1402
1540,15739293,13.7822858,1899,1747,1535,1702,1587,1402
1541,15749293,13.7830975,1898,1763,1555,1690,1575,1402
1542,15759293,13.7838921,1891,1751,1535,1693,1589,1396
1543,15769293,13.7844647,1887,1761,1535,1701,1571,1402
1544,15779293,13.7850284,1893,1771,1535,1696,1580,1402
1545,15789293,13.7861323,1891,1747,1535,1695,1576,1402
1546,15799293,13.7869427,1895,1747,1535,1700,1576,1402
1547,15809293,13.7874205,1886,1755,1535,1684,1580,1402
1548,15819293,13.7879032,1894,1744,1535,1699,1574,1402
1549,15829293,13.7884553,1891,1749,1535,1693,1576,1402
1550,15839293,13.7894278,1893,1726,1535,1692,1558,1402
1551,15849293,13.7904019,1900,1744,1535,1697,1578,1402
1552,15859293,13.7917713,1862,1699,1520,1653,1565,1429
1553,15869293,13.7925586,1899,1789,1563,1694,1612,1418
1554,15879293,13.7938039,1895,1771,1535,1680,1601,1402
1555,15889293,13.9812735,1895,1762,1535,1703,1580,1402
1556,15899293,13.9832489,1891,1765,1535,1687,1586,1402
1557,15909293,13.984255,1901,1758,1557,1704,1592,1402
1558,15919293,13.9853001,1886,1748,1561,1694,1589,1420
1559,15929293,13.9867959,1902,1775,1535,1701,1608,1420
1560,15939293,13.9875026,1891,1767,1535,1698,1596,1401
1561,15949293,13.9882221,1885,1777,1535,1693,1593,1402
1562,15959293,13.9888061,1890,1746,1529,1692,1589,1402
1563,15969293,13.989366,1902,1799,1557,1690,1601,1419
1564,15979293,13.9899323,1891,1794,1520,1693,1605,1402
1565,15989293,13.990852,1894,1789,1558,1696,1614,1433
1566,15999293,13.9917372,1893,1808,1557,1697,1621,1427
1567,16009293,13.9928161,1899,1802,1535,1705,1624,1402
1568,16019293,13.9952112,1904,1795,1567,1703,1619,1395
1569,16029293,13.9970472,1901,1811,1559,1704,1630,1422
1570,16039293,13.9987891,1899,1819,1562,1705,1632,1424
1571,16049293,13.9994831,1904,1824,1557,1704,1641,1420
1572,16059293,14.0003775,1904,1837,1557,1705,1637,1424
1573,16069294,14.0018694,1901,1815,1553,1696,1639,1424
1574,16079293,14.0034088,1903,1824,1558,1705,1630,1420
1575,16089293,14.0052989,1911,1834,1569,1705,1644,1420
1576,16099293,14.1848031,1902,1844,1559,1700,1668,1420
1577,16109293,14.1861974,1907,1840,1557,1702,1653,1430
1578,16119293,14.1873993,1903,1855,1535,1710,1682,1420
1579,16129293,14.1878754,1904,1882,1555,1720,1681,1402
1580,16139293,14.1882764,1911,1879,1557,1709,1683,1419
1581,16149293,14.188659,1908,1893,1555,1708,1713,1402
1582,16159293,14.1892019,1906,1905,1555,1707,1703,1421
1583,16169293,14.189625,1910,1905,1535,1710,1701,1419
1584,16179293,14.190113,1906,1902,1535,1708,1703,1402
1585,16189293,14.1907309,1904,1901,1555,1722,1700,1424
1586,16199293,14.1914446,1904,1886,1563,1707,1691,1419
1587,16209293,14.1921593,1902,1888,1535,1707,1695,1402
1588,16219293,14.1928619,1907,1903,1556,1708,1691,1402
1589,16229293,14.1936511,1904,1904,1535,1718,1695,1402
1590,16239293,14.1946339,1914,1904,1535,1707,1709,1402
1591,16249293,14.1962129,1910,1915,1535,1705,1704,1402
1592,16259293,14.1974046,1910,1905,1535,1708,1698,1402
1593,16269293,14.1989866,1907,1890,1535,1707,1700,1402
1594,16279293,14.1996086,1910,1904,1535,1706,1699,1402
1595,16289293,14.3941842,1915,1921,1535,1700,1708,1402
1596,16299293,14.3961244,1915,1943,1535,1717,1729,1400
1597,16309293,14.3977312,1919,1946,1527,1718,1741,1390
1598,16319293,14.3994709,1922,1933,1520,1721,1754,1390
1599,16329293,14.4005648,1927,1981,1518,1721,1768,1388
1600,16339293,14.4017474,1927,1984,1503,1709,1782,1390
1601,16349293,14.4029551,1914,1960,1534,1713,1758,1395
1602,16359293,14.4042623,1918,1923,1569,1722,1743,1442
1603,16369293,14.4055115,1909,1905,1505,1706,1714,1386
1604,16379293,14.4064094,1914,1930,1514,1718,1740,1398
1605,16389293,14.4073837,1914,1998,1535,1707,1783,1418
1606,16399293,14.4102511,1905,1904,1477,1711,1709,1353
1607,16409293,14.4122171,1904,1936,1486,1705,1736,1362
1608,16419293,14.4148308,1907,1943,1493,1708,1709,1343
1609,16429293,14.4164789,1927,1959,1484,1718,1747,1364
1610,16439293,14.4191596,1921,1955,1477,1727,1741,1352
1611,16449293,14.4212291,1926,1988,1503,1720,1769,1355
1612,16459293,14.4253485,1926,1999,1526,1727,1782,1401
1613,16469293,14.4283075,1913,1966,1494,1713,1744,1364
1614,16479293,14.4304,1917,1954,1489,1720,1758,1364
1615,16489293,14.4326791,1909,1965,1488,1718,1750,1372
1616,16499293,14.4349904,1915,1975,1507,1718,1762,1379
1617,16509293,14.436732,1915,1974,1493,1707,1764,1372
1618,16519293,14.4436136,1909,1969,1473,1713,1754,1359
1619,16529293,14.4458201,1915,1943,1487,1713,1759,1359
1620,16539293,14.9441249,1915,1968,1489,1716,1764,1369
1621,16549293,14.9454664,1918,1971,1488,1722,1757,1369
1622,16559293,14.9466611,1919,1973,1486,1710,1783,1364
1623,16569293,14.9482787,1913,1965,1488,1706,1758,1360
1624,16579293,14.9497502,1914,1969,1478,1713,1758,1356
1625,16589293,14.9511669,1912,1969,1489,1718,1759,1364
1626,16599293,14.9540259,1919,1972,1486,1719,1762,1359
1627,16609293,14.9563237,1920,1969,1487,1710,1765,1360
1628,16619293,14.9582201,1925,1972,1484,1718,1764,1364
1629,16629293,14.9598516,1909,1968,1488,1717,1765,1355
1630,16639293,14.9631577,1917,1974,1478,1718,1763,1361
1631,16649293,14.965268,1919,1969,1491,1716,1765,1353
1632,16659293,14.9676185,1915,1977,1481,1720,1772,1355
1633,16669293,14.9693902,1911,1971,1478,1721,1759,1357
1634,16679293,14.9720951,1918,1979,1473,1717,1757,1353
1635,16689293,14.9756915,1917,1973,1481,1718,1765,1356
1636,16699293,14.9808454,1919,1968,1475,1714,1756,1364
1637,16709293,14.983119,1917,1969,1475,1729,1762,1361
1638,16719293,14.9843195,1920,1969,1483,1713,1762,1360
1639,16729293,14.9858749,1910,1973,1474,1709,1764,1355
1640,16739293,14.9875076,1916,1971,1477,1732,1762,1355
1641,16749293,14.9907329,1910,1964,1479,1713,1758,1353
1642,16759294,14.9943567,1915,1968,1482,1718,1758,1353
1643,16769293,14.9975651,1917,1967,1479,1718,1759,1355
1644,16779293,14.9992353,1915,1973,1487,1714,1758,1350
1645,16789293,15.0007226,1908,1967,1476,1713,1764,1360
1646,16799293,15.0030739,1913,1966,1485,1714,1762,1355
1647,16809293,15.0060231,1918,1973,1488,1713,1764,1361
1648,16819293,15.0081835,1919,1968,1483,1718,1760,1364
1649,16829293,15.0107353,1916,1966,1487,1710,1759,1355
1650,16839293,15.0127762,1918,1968,1476,1721,1761,1360
1651,16849293,15.0145739,1915,1975,1488,1713,1757,1362
1652,16859293,15.0162104,1918,1975,1479,1718,1774,1359
1653,16869293,15.0173012,1914,1967,1478,1716,1758,1358
1654,16879293,15.0183962,1910,1963,1478,1710,1758,1341
1655,16889293,15.0194758,1921,1969,1484,1714,1759,1364
1656,16899293,15.0205551,1916,1967,1482,1706,1764,1351
1657,16909293,15.0222113,1906,1971,1483,1718,1765,1358
1658,16919293,15.0238825,1909,1967,1485,1714,1759,1355
1659,16929293,15.0253985,1910,1971,1474,1695,1764,1358
1660,16939293,15.0272455,1918,1965,1482,1717,1777,1353
1661,16949293,15.0290007,1913,1971,1478,1718,1757,1355
1662,16959293,15.0304631,1911,1972,1458,1718,1766,1358
1663,16969293,15.0323726,1917,1963,1477,1716,1758,1356
1664,16979293,15.0350169,1919,1969,1477,1718,1760,1350
1665,16989293,15.0368024,1918,1972,1478,1718,1764,1360
1666,16999293,15.0382356,1907,1964,1503,1716,1759,1347
1667,17009293,15.041494,1919,1979,1479,1711,1761,1353
1668,17019293,15.0440975,1914,1971,1478,1718,1758,1346
1669,17029293,15.0469061,1907,1968,1475,1705,1764,1356
1670,17039293,15.0490677,1919,1974,1476,1710,1763,1354
1671,17049293,15.0509217,1915,1972,1482,1711,1756,1356
1672,17059293,15.0534125,1919,1970,1471,1710,1778,1355
1673,17069293,15.0563424,1914,1966,1472,1727,1760,1351
1674,17079293,15.0585935,1906,1967,1477,1713,1758,1348
1675,17089293,15.059978,1919,1954,1478,1711,1762,1355
1676,17099293,15.0616284,1911,1968,1479,1718,1763,1328
1677,17109293,15.0639337,1915,1970,1475,1709,1760,1353
1678,17119293,15.0657011,1910,1968,1472,1718,1760,1351
1679,17129293,15.0672468,1914,1968,1477,1730,1763,1349
1680,17139293,15.069129,1910,1973,1475,1711,1761,1348
1681,17149293,15.0708883,1909,1971,1481,1714,1757,1353
1682,17159293,15.2827668,1907,1969,1477,1713,1759,1351
1683,17169293,15.2846934,1913,1968,1473,1708,1762,1350
1684,17179293,15.2897917,1914,1967,1474,1713,1756,1348
1685,17189293,15.2922448,1905,1969,1467,1718,1760,1351
1686,17199293,15.2939005,1917,1971,1472,1708,1750,1360
1687,17209293,15.2955968,1914,1979,1471,1714,1758,1348
1688,17219293,15.2971536,1909,1972,1474,1718,1758,1346
1689,17229293,15.3009032,1907,1971,1473,1708,1759,1351
1690,17239293,15.3041346,1914,1985,1479,1710,1761,1351
1691,17249293,15.3076027,1910,1968,1472,1713,1758,1352
1692,17259293,15.3101863,1914,1970,1472,1711,1759,1350
1693,17269293,15.3130287,1906,1965,1467,1709,1763,1350
1694,17279293,15.3146706,1914,1971,1479,1714,1754,1351
1695,17289293,15.3199394,1914,1969,1461,1706,1764,1351
1696,17299293,15.3235217,1909,1968,1469,1718,1759,1349
1697,17309293,15.3264688,1908,1983,1469,1715,1758,1350
1698,17319293,15.3290534,1905,1970,1474,1708,1760,1349
1699,17329293,15.3303648,1906,1973,1456,1705,1758,1346
1700,17339293,15.3320007,1913,1968,1471,1715,1758,1338
1701,17349293,15.3335425,1906,1962,1468,1732,1754,1350
1702,17359293,15.3381244,1915,1973,1472,1717,1747,1351
1703,17369293,15.341002,1911,1979,1470,1705,1758,1360
1704,17379293,15.3448689,1907,1969,1472,1711,1760,1349
1705,17389293,15.3464037,1911,1973,1471,1713,1750,1349
1706,17399293,15.3485024,1916,1967,1466,1718,1758,1352
1707,17409293,15.3501115,1915,1954,1479,1709,1759,1351
1708,17419293,15.3541013,1917,1971,1471,1710,1759,1346
1709,17429293,15.3585536,1906,1965,1475,1708,1759,1355
1710,17439293,15.3637591,1908,1981,1463,1711,1764,1346
1711,17449293,15.6686647,1914,1973,1495,1714,1759,1346
1712,17459292,15.669958,1905,1961,1471,1704,1760,1346
1713,17469292,15.6707939,1911,1967,1468,1733,1758,1348
1714,17479293,15.6717202,1905,1970,1463,1707,1759,1351
1715,17489293,15.6731428,1907,1981,1461,1706,1759,1351
1716,17499293,15.6742435,1921,1968,1469,1710,1763,1351
1717,17509293,15.6752387,1911,1969,1471,1708,1760,1353
1718,17519293,15.6761315,1905,1971,1471,1710,1759,1351
1719,17529293,15.6768676,1908,1971,1477,1705,1758,1349
1720,17539293,15.6774751,1910,1968,1473,1711,1761,1345
1721,17549293,15.6779575,1908,1947,1485,1708,1756,1329
1722,17559293,15.679164,1910,1968,1467,1713,1760,1349
1723,17569293,15.680024,1913,1956,1471,1698,1759,1342
1724,17579293,15.6807829,1905,1968,1463,1709,1758,1336
1725,17589293,15.6817401,1915,1970,1460,1710,1750,1375
1726,17599293,15.6824583,1914,1971,1467,1711,1758,1342
1727,17609293,15.6831286,1911,1955,1475,1716,1759,1351
1728,17619293,15.6840897,1909,1969,1471,1714,1758,1351
1729,17629293,15.6851724,1917,1971,1473,1719,1758,1351
1730,17639293,15.6865398,1910,1970,1473,1709,1762,1347
1731,17649293,15.6879644,1904,1966,1472,1714,1764,1346
1732,17659293,15.689008,1918,1975,1463,1713,1760,1346
1733,17669293,15.6906961,1905,1968,1471,1713,1768,1346
1734,17679293,15.6921899,1917,1963,1465,1708,1762,1352
1735,17689293,15.6941302,1916,1968,1468,1714,1759,1351
1736,17699293,15.6959978,1911,1974,1467,1718,1763,1340
1737,17709293,15.6974403,1915,1968,1442,1718,1759,1346
1738,17719293,15.6985813,1911,1968,1466,1718,1759,1333
1739,17729293,15.6995374,1907,1968,1488,1716,1759,1339
1740,17739293,15.7004549,1911,1968,1471,1711,1758,1351
1741,17749293,15.7026442,1917,1964,1466,1710,1758,1349
1742,17759293,15.7042155,1915,1971,1463,1708,1758,1346
1743,17769293,15.7056563,1912,1941,1467,1708,1758,1349
1744,17779293,15.7069424,1906,1968,1467,1717,1766,1348
1745,17789293,15.7079976,1914,1970,1473,1713,1761,1348
1746,17799293,15.8725691,1915,1969,1469,1709,1759,1346
1747,17809293,15.8740845,1913,1969,1471,1713,1757,1348
1748,17819294,15.8750221,1906,1977,1459,1710,1763,1355
1749,17829293,15.8760202,1911,1972,1469,1711,1758,1346
1750,17839293,15.8771379,1911,1971,1471,1713,1760,1346
1751,17849293,15.878915,1911,1968,1468,1713,1759,1348
1752,17859293,15.8808619,1915,1969,1473,1705,1758,1349
1753,17869292,15.8832216,1910,1973,1467,1705,1760,1343
1754,17879293,15.8853092,1914,1978,1472,1711,1763,1350
1755,17889293,15.8869749,1905,1973,1470,1717,1759,1348
1756,17899293,15.888293,1905,1969,1473,1711,1760,1343
1757,17909293,15.8895412,1909,1973,1479,1707,1762,1349
1758,17919293,15.8902466,1909,1971,1501,1713,1761,1345
1759,17929293,15.8914996,1910,1978,1470,1709,1759,1345
1760,17939293,15.892815,1904,1973,1472,1705,1759,1342
1761,17949293,15.8935703,1907,1971,1456,1709,1771,1343
1762,17959293,15.8943232,1909,1973,1467,1711,1762,1346
1763,17969293,15.8953395,1904,1963,1504,1711,1758,1348
1764,17979293,15.8961733,1907,1973,1460,1715,1764,1338
1765,17989293,15.9111743,1907,1971,1472,1713,1759,1346
1766,17999293,16.0839188,1904,1968,1471,1710,1758,1346
1767,18009293,16.0848139,1914,1974,1465,1708,1745,1347
1768,18019293,16.0863786,1913,1969,1466,1713,1758,1346
1769,18029293,16.0876334,1910,1972,1469,1713,1760,1338
1770,18039293,16.088757,1911,1968,1487,1708,1754,1353
1771,18049293,16.0896002,1909,1971,1463,1710,1766,1353
1772,18059293,16.0905945,1907,1970,1477,1716,1758,1350
1773,18069293,16.0915368,1914,1975,1457,1709,1759,1342
1774,18079293,16.092809,1911,1971,1451,1711,1759,1349
1775,18089293,16.0941112,1899,1969,1471,1711,1760,1346
1776,18099293,16.0955146,1911,1971,1489,1713,1758,1351
1777,18109293,16.0970858,1906,1972,1473,1713,1759,1344
1778,18119293,16.0981551,1909,1974,1469,1709,1762,1345
1779,18129293,16.0993752,1909,1971,1479,1710,1766,1348
1780,18139293,16.100843,1911,1974,1465,1709,1762,1328
1781,18149293,16.103336,1911,1967,1458,1706,1758,1350
1782,18159293,16.1049932,1919,1968,1473,1706,1763,1342
1783,18169293,16.1071403,1905,1975,1466,1716,1762,1351
1784,18179293,16.1079942,1910,1968,1469,1709,1758,1350
1785,18189293,16.1091452,1911,1970,1477,1714,1768,1345
1786,18199293,16.3886905,1904,1973,1463,1709,1760,1347
1787,18209293,16.3896377,1915,1968,1471,1715,1760,1355
1788,18219293,16.3906218,1909,1968,1467,1706,1763,1351
1789,18229293,16.3918998,1913,1971,1463,1705,1759,1348
1790,18239293,16.3935475,1913,1969,1466,1708,1755,1337
1791,18249293,16.3954028,1903,1969,1469,1710,1756,1340
1792,18259293,16.3971488,1911,1973,1463,1708,1760,1346
1793,18269293,16.3989953,1913,1968,1462,1705,1745,1337
1794,18279293,16.4001188,1909,1970,1461,1713,1758,1346
1795,18289293,16.4013702,1910,1968,1473,1708,1765,1345
1796,18299294,16.4033635,1908,1973,1453,1709,1762,1351
1797,18309293,16.4045884,1914,1970,1463,1706,1759,1343
1798,18319293,16.4065621,1904,1958,1471,1718,1758,1350
1799,18329293,16.408341,1909,1967,1463,1711,1741,1348
1800,18339293,16.4096884,1910,1974,1459,1714,1758,1348
1801,18349293,16.4108028,1909,1975,1464,1705,1760,1349
1802,18359293,16.4120883,1914,1972,1469,1706,1755,1351
1803,18369293,16.4132919,1917,1970,1467,1710,1757,1343
1804,18379293,16.4145567,1916,1978,1463,1711,1744,1353
1805,18389293,16.4158363,1905,1977,1470,1708,1767,1337
1806,18399293,16.4166792,1907,1969,1443,1709,1741,1351
1807,18409293,16.4175992,1907,1968,1467,1710,1757,1343
1808,18419293,16.4183816,1915,1975,1460,1707,1759,1348
1809,18429293,16.4191881,1906,1974,1471,1710,1762,1346
1810,18439293,16.4201867,1904,1979,1472,1711,1767,1337
1811,18449293,16.4210624,1910,1989,1462,1719,1758,1350
1812,18459293,16.4222542,1905,1970,1473,1710,1758,1374
1813,18469293,16.4238814,1905,1980,1461,1708,1759,1346
1814,18479293,16.4258137,1907,1969,1470,1709,1759,1346
1815,18489293,16.426751,1911,1969,1467,1710,1780,1346
1816,18499293,16.4275767,1908,1968,1471,1709,1757,1342
1817,18509293,16.6092703,1909,1973,1472,1716,1754,1379
1818,18519293,16.6115369,1910,1967,1470,1713,1755,1342
1819,18529293,16.6129826,1913,1968,1468,1713,1758,1346
1820,18539293,16.6151266,1913,1969,1463,1717,1760,1355
1821,18549293,16.6160025,1907,1972,1469,1714,1758,1346
1822,18559293,16.6167826,1913,1972,1463,1711,1759,1355
1823,18569293,16.6176082,1914,1977,1467,1710,1759,1345
1824,18579293,16.6181906,1907,1967,1463,1718,1758,1349
1825,18589293,16.6187498,1914,1971,1469,1709,1763,1349
1826,18599293,16.6193505,1907,1970,1469,1705,1759,1342
1827,18609293,16.619921,1914,1971,1467,1708,1765,1344
1828,18619293,16.6208184,1906,1975,1462,1705,1758,1343
1829,18629293,16.6222041,1910,1968,1465,1709,1731,1351
1830,18639293,16.6230869,1911,1974,1469,1711,1766,1348
1831,18649293,16.6239619,1908,1968,1466,1708,1757,1346
1832,18659293,16.6246673,1915,1971,1469,1713,1758,1338
1833,18669293,16.6253233,1911,1967,1468,1706,1760,1348
1834,18679293,16.6259715,1915,1968,1466,1713,1758,1345
1835,18689293,16.6267164,1905,1979,1463,1715,1759,1350
1836,18699293,16.6288719,1913,1975,1460,1709,1763,1346
1837,18709294,16.6300419,1904,1971,1460,1709,1758,1349
1838,18719293,16.6375968,1916,1971,1459,1710,1759,1342
1839,18729293,16.8217634,1913,1968,1467,1700,1765,1346
1840,18739293,16.8233545,1914,1975,1467,1714,1764,1342
1841,18749293,16.82456,1911,1970,1458,1708,1758,1351
1842,18759293,16.8257088,1914,1981,1459,1709,1759,1346
1843,18769293,16.8268029,1905,1971,1459,1708,1758,1340
1844,18779293,16.8281847,1913,1978,1469,1714,1764,1346
1845,18789293,16.8296194,1914,1970,1459,1705,1762,1347
1846,18799293,16.8315654,1909,1977,1467,1708,1759,1343
1847,18809293,16.8330846,1905,1970,1466,1706,1759,1339
1848,18819293,16.8342827,1909,1968,1463,1709,1759,1342
1849,18829294,16.83523,1908,1979,1461,1713,1762,1341
1850,18839293,16.8367752,1915,1974,1463,1711,1759,1345
1851,18849293,16.8377523,1904,1977,1466,1709,1763,1347
1852,18859293,16.840606,1910,1979,1463,1711,1760,1342
1853,18869293,16.8444034,1909,1982,1462,1707,1759,1342
1854,18879293,16.8470881,1913,1968,1463,1709,1758,1346
1855,18889293,16.8489804,1907,1979,1465,1701,1761,1340
1856,18899293,16.8502602,1911,1973,1460,1713,1760,1349
1857,18909293,16.8511303,1917,1972,1471,1716,1762,1342
1858,18919293,16.8526238,1908,1968,1463,1709,1762,1343
1859,18929293,16.8537733,1909,1974,1464,1710,1762,1341
1860,18939293,16.8548495,1919,1981,1459,1710,1760,1351
1861,18949293,17.0268454,1914,1967,1462,1713,1765,1343
1862,18959293,17.0283144,1906,1968,1462,1710,1758,1337
1863,18969293,17.0295703,1906,1969,1461,1706,1758,1346
1864,18979293,17.0304741,1905,1974,1463,1705,1762,1343
1865,18989293,17.0311437,1913,1978,1461,1709,1760,1341
1866,18999293,17.0317147,1904,1968,1456,1705,1759,1342
1867,19009293,17.0326142,1911,1973,1456,1707,1769,1339
1868,19019293,17.0334326,1900,1973,1469,1705,1758,1339
1869,19029293,17.0342751,1910,1977,1456,1706,1758,1343
1870,19039293,17.0348341,1918,1979,1469,1705,1765,1346
1871,19049293,17.035342,1915,1972,1460,1709,1762,1346
1872,19059293,17.0357956,1915,1970,1467,1705,1776,1345
1873,19069293,17.0361931,1906,1984,1488,1708,1758,1352
1874,19079293,17.0370432,1906,1981,1464,1706,1762,1343
1875,19089293,17.0378843,1905,1973,1456,1706,1763,1345
1876,19099293,17.0391474,1907,1970,1459,1710,1767,1342
1877,19109293,17.0400695,1921,1973,1471,1707,1760,1343
1878,19119293,17.0418096,1910,1975,1456,1717,1758,1346
1879,19129293,17.0436322,1905,1967,1465,1715,1761,1341
1880,19139293,17.2306681,1910,1968,1456,1710,1760,1346
1881,19149293,17.2320141,1904,1968,1459,1704,1762,1337
1882,19159293,17.2325798,1907,1977,1470,1714,1760,1342
1883,19169293,17.2331207,1909,1971,1461,1710,1760,1344
1884,19179293,17.2337233,1908,1968,1464,1708,1760,1348
1885,19189293,17.2342123,1905,1971,1465,1706,1760,1349
1886,19199293,17.2345955,1909,1969,1458,1705,1763,1340
1887,19209293,17.2354065,1908,1973,1459,1704,1760,1346
1888,19219293,17.2359923,1910,1968,1456,1706,1764,1346
1889,19229293,17.2375836,1907,1968,1459,1711,1760,1340
1890,19239293,17.2383872,1905,1968,1458,1714,1759,1346
1891,19249293,17.2389644,1915,1948,1467,1707,1759,1337
1892,19259293,17.2398187,1905,1974,1471,1711,1765,1340
1893,19269293,17.2410664,1910,1967,1463,1704,1765,1343
1894,19279293,17.2432266,1909,1973,1471,1716,1759,1342
1895,19289293,17.2457415,1914,1979,1481,1714,1753,1340
1896,19299293,17.2487505,1906,1967,1463,1709,1753,1340
1897,19309293,17.2512399,1909,1970,1467,1720,1759,1346
1898,19319293,17.254134,1907,1978,1456,1701,1768,1345
1899,19329293,17.2556617,1908,1970,1457,1711,1768,1340
1900,19339293,17.2586723,1914,1950,1485,1716,1761,1346
1901,19349293,17.4711163,1908,1971,1467,1706,1771,1367
1902,19359293,17.4730068,1907,1973,1463,1693,1764,1342
1903,19369293,17.4740682,1909,1966,1461,1708,1759,1350
1904,19379293,17.4749256,1914,1975,1466,1706,1764,1346
1905,19389293,17.4758593,1909,1971,1469,1718,1763,1346
1906,19399294,17.4770095,1909,1974,1463,1707,1762,1339
1907,19409293,17.4782525,1914,1970,1461,1705,1753,1346
1908,19419293,17.4794846,1907,1973,1464,1710,1757,1342
1909,19429293,17.4807702,1905,1971,1461,1711,1759,1342
1910,19439293,17.4825398,1907,1967,1458,1710,1758,1339
1911,19449293,17.4841823,1909,1958,1465,1708,1759,1342
1912,19459293,17.4866584,1911,1964,1466,1707,1758,1345
1913,19469293,17.488282,1909,1974,1461,1720,1759,1342
1914,19479293,17.48968,1904,1973,1474,1707,1759,1342
1915,19489293,17.490661,1905,1968,1469,1713,1759,1343
1916,19499293,17.4916094,1907,1969,1466,1706,1758,1346
1917,19509293,17.492625,1913,1977,1463,1716,1762,1343
1918,19519293,17.4934078,1913,1973,1462,1708,1763,1343
1919,19529293,17.4941564,1915,1973,1469,1707,1758,1342
1920,19539293,17.4951142,1907,1957,1463,1718,1757,1340
1921,19549293,17.4963655,1907,1968,1462,1707,1761,1342
1922,19559293,17.4983384,1911,1975,1464,1706,1758,1338
1923,19569293,17.50133,1913,1970,1461,1707,1762,1342
1924,19579293,17.5028103,1914,1974,1472,1711,1771,1342
1925,19589293,17.5050647,1905,1969,1466,1706,1758,1337
1926,19599293,17.6926156,1910,1965,1463,1706,1760,1338
1927,19609293,17.6945097,1911,1973,1460,1705,1747,1340
1928,19619293,17.6959639,1913,1967,1466,1710,1763,1343
1929,19629293,17.6967821,1907,1973,1456,1708,1760,1342
1930,19639293,17.6987067,1904,1969,1455,1719,1758,1344
1931,19649293,17.6997933,1911,1968,1459,1704,1759,1346
1932,19659293,17.700745,1911,1984,1473,1691,1762,1339
1933,19669293,17.7018465,1909,1950,1469,1708,1758,1343
1934,19679293,17.7037581,1907,1980,1458,1713,1758,1343
1935,19689293,17.7045387,1911,1957,1471,1705,1759,1345
1936,19699293,17.7059335,1904,1974,1464,1709,1758,1342
1937,19709293,17.7072418,1905,1974,1463,1713,1764,1346
1938,19719293,17.7084117,1913,1966,1457,1708,1766,1345
1939,19729293,17.7096303,1908,1973,1465,1707,1771,1343
1940,19739293,17.7112407,1911,1975,1445,1707,1765,1348
1941,19749293,17.713263,1904,1968,1454,1715,1763,1364
1942,19759293,17.7147904,1909,1979,1463,1707,1767,1342
1943,19769293,17.717168,1912,1969,1487,1705,1768,1351
1944,19779293,17.7208513,1907,1966,1467,1710,1756,1349
1945,19789293,17.7227381,1910,1962,1479,1713,1758,1351
1946,19799293,17.7252349,1904,1971,1473,1711,1758,1339
1947,19809293,17.7270736,1904,1977,1475,1714,1769,1351
1948,19819293,17.7352043,1911,1975,1487,1710,1764,1351
1949,19829293,17.9246319,1910,1975,1477,1714,1764,1356
1950,19839293,17.9257174,1914,1979,1488,1709,1767,1364
1951,19849293,17.9264767,1907,1969,1488,1710,1754,1362
1952,19859293,17.9270312,1907,1962,1497,1707,1758,1369
1953,19869293,17.9279349,1904,1964,1488,1713,1758,1365
1954,19879293,17.9291594,1903,1963,1489,1707,1764,1355
1955,19889293,17.9305927,1909,1968,1485,1707,1757,1369
1956,19899293,17.9315954,1904,1985,1500,1731,1758,1371
1957,19909293,17.9323164,1909,1968,1503,1713,1769,1377
1958,19919293,17.9328392,1904,1983,1510,1713,1769,1387
1959,19929294,17.9333574,1902,1951,1505,1681,1745,1381
1960,19939293,17.9338976,1919,1936,1513,1702,1736,1379
1961,19949293,17.9343827,1907,1935,1513,1709,1736,1386
1962,19959293,17.9349401,1903,1931,1514,1705,1729,1386
1963,19969293,17.9357656,1896,1930,1534,1705,1724,1391
1964,19979293,17.9367644,1904,1926,1526,1707,1727,1396
1965,19989293,17.9371422,1906,1930,1533,1709,1727,1393
1966,19999293,17.9375363,1914,1940,1521,1711,1737,1392
1967,20009294,17.937941,1899,1952,1518,1712,1739,1391
1968,20019293,17.9386558,1907,1936,1531,1705,1731,1402
1969,20029293,18.1472313,1870,1859,1554,1667,1664,1402
1970,20039294,18.1481318,1936,1957,1535,1731,1747,1402
1971,20049293,18.1487263,1906,1920,1535,1710,1719,1399
1972,20059293,18.1492163,1903,1902,1535,1705,1705,1402
1973,20069293,18.1497079,1904,1914,1535,1697,1705,1402
1974,20079293,18.1502576,1901,1904,1535,1705,1711,1402
1975,20089293,18.1508185,1902,1899,1535,1701,1708,1402
1976,20099292,18.1513142,1886,1899,1535,1688,1703,1399
1977,20109293,18.15181,1901,1899,1531,1704,1699,1453
1978,20119293,18.1523295,1908,1903,1555,1718,1711,1402
1979,20129293,18.1529018,1911,1904,1535,1707,1705,1402
1980,20139293,18.1535564,1911,1911,1535,1711,1711,1402
1981,20149293,18.1540658,1904,1919,1535,1708,1714,1422
1982,20159293,18.1545751,1904,1908,1577,1705,1710,1402
1983,20169293,18.1550517,1898,1905,1535,1701,1711,1432
1984,20179293,18.1555031,1889,1893,1521,1700,1709,1402
1985,20189293,18.1559777,1915,1911,1555,1716,1708,1420
1986,20199293,18.1564327,1909,1913,1535,1707,1716,1402
1987,20209293,18.1570769,1905,1886,1535,1707,1706,1402
1988,20219293,18.1579954,1915,1906,1535,1704,1710,1402
1989,20229293,18.1595347,1902,1907,1535,1705,1704,1402
1990,20239293,18.1607647,1901,1882,1535,1708,1705,1402
1991,20249293,18.1714934,1907,1910,1535,1708,1722,1390
1992,20259293,18.1752143,1904,1904,1535,1705,1710,1402
1993,20269293,18.3970593,1907,1904,1535,1708,1701,1402
1994,20279293,18.3991107,1904,1911,1568,1704,1706,1402
1995,20289293,18.4001966,1904,1907,1535,1698,1704,1402
1996,20299293,18.4010224,1907,1907,1535,1706,1708,1417
1997,20309293,18.4020478,1904,1906,1535,1705,1705,1402
1998,20319293,18.4033887,1905,1904,1535,1706,1706,1424
1999,20329293,18.404452,1904,1906,1535,1706,1704,1402
2000,20339293,18.4053625,1904,1905,1535,1709,1705,1402
2001,20349293,18.4061371,1907,1897,1535,1705,1707,1402
2002,20359293,18.4070961,1904,1904,1535,1706,1708,1402
2003,20369293,18.407975,1907,1911,1535,1709,1710,1417
2004,20379293,18.4089015,1904,1905,1567,1707,1704,1402
2005,20389293,18.4112435,1904,1904,1535,1704,1704,1418
2006,20399293,18.4129874,1911,1906,1535,1708,1709,1402
2007,20409293,18.4146884,1904,1907,1535,1705,1708,1425
2008,20419293,18.4163704,1905,1905,1535,1709,1691,1401
2009,20429293,18.4173236,1906,1926,1535,1705,1716,1419
2010,20439293,18.4182568,1904,1904,1520,1709,1706,1402
2011,20449293,18.4198614,1904,1903,1535,1709,1708,1402
2012,20459293,18.4218835,1905,1899,1535,1710,1704,1402
2013,20469293,18.4240331,1903,1909,1557,1711,1705,1402
2014,20479293,18.4260517,1904,1904,1535,1706,1704,1402
2015,20489293,18.4274815,1907,1904,1553,1707,1705,1391
2016,20499293,18.4284309,1910,1902,1535,1706,1710,1402
2017,20509293,18.4363366,1906,1905,1535,1706,1705,1402
2018,20519293,18.4384863,1904,1903,1522,1711,1703,1402
2019,20529293,18.6967079,1905,1899,1535,1707,1705,1420
2020,20539293,18.6981213,1904,1904,1535,1705,1697,1402
2021,20549293,18.6993212,1904,1904,1557,1705,1703,1402
2022,20559293,18.6999783,1906,1907,1535,1707,1705,1402
2023,20569293,18.7004039,1901,1910,1555,1705,1707,1402
2024,20579293,18.7014227,1906,1906,1535,1707,1703,1402
2025,20589292,18.7027733,1904,1904,1535,1706,1708,1402
2026,20599293,18.7042116,1904,1902,1557,1705,1705,1397
2027,20609293,18.705318,1904,1904,1535,1706,1705,1402
2028,20619293,18.7073239,1904,1910,1557,1705,1706,1402
2029,20629293,18.7091932,1907,1906,1529,1705,1704,1428
2030,20639293,18.7103547,1905,1904,1535,1704,1703,1402
2031,20649293,18.7124973,1903,1901,1535,1705,1709,1402
2032,20659293,18.717681,1906,1903,1571,1708,1705,1424
2033,20669293,18.7204505,1910,1907,1535,1705,1705,1419
2034,20679293,18.7220256,1905,1903,1535,1708,1705,1402
2035,20689293,18.7229963,1913,1904,1535,1706,1710,1402
2036,20699293,18.7249541,1905,1902,1566,1705,1706,1402
2037,20709293,18.7264907,1909,1904,1535,1714,1705,1422
2038,20719293,18.7280133,1904,1904,1535,1710,1707,1390
2039,20729293,18.7296398,1904,1903,1535,1708,1705,1402
2040,20739293,18.7318511,1902,1903,1535,1705,1704,1402
2041,20749293,18.733403,1909,1905,1535,1710,1709,1402
2042,20759293,18.7350909,1905,1904,1535,1709,1705,1419
2043,20769293,18.7372754,1909,1905,1535,1705,1702,1402
2044,20779293,18.7388703,1907,1904,1535,1704,1690,1419
2045,20789293,18.7400705,1910,1900,1554,1707,1700,1419
2046,20799293,18.741809,1905,1895,1535,1704,1699,1402
2047,20809293,18.7429466,1905,1905,1554,1710,1705,1434
2048,20819294,18.7438312,1911,1910,1553,1705,1709,1402
2049,20829293,18.9979361,1913,1908,1535,1708,1705,1402
2050,20839293,18.9992808,1906,1904,1554,1707,1698,1402
2051,20849293,19.0003011,1904,1898,1535,1705,1696,1386
2052,20859293,19.0010095,1906,1904,1535,1705,1709,1401
2053,20869293,19.0022368,1910,1921,1509,1708,1717,1402
2054,20879294,19.0039447,1909,1914,1535,1711,1708,1402
2055,20889293,19.0057636,1904,1905,1535,1704,1708,1402
2056,20899293,19.0073922,1906,1910,1521,1706,1721,1392
2057,20909293,19.0086345,1904,1906,1530,1684,1706,1401
2058,20919293,19.0097694,1915,1927,1535,1718,1733,1402
2059,20929293,19.0112291,1905,1921,1535,1708,1722,1402
2060,20939293,19.0126052,1909,1910,1555,1711,1718,1424
2061,20949293,19.0143841,1903,1888,1564,1705,1679,1421
2062,20959293,19.0166452,1904,1907,1535,1711,1705,1402
2063,20969293,19.018827,1913,1904,1535,1709,1709,1402
2064,20979293,19.0214853,1905,1903,1570,1713,1704,1421
2065,20989293,19.0240583,1910,1925,1561,1706,1718,1428
2066,20999293,19.0262125,1906,1899,1535,1705,1706,1402
2067,21009293,19.028274,1904,1902,1535,1705,1704,1439
2068,21019293,19.0298677,1909,1899,1562,1711,1698,1421
2069,21029293,19.031749,1899,1891,1535,1705,1681,1402
2070,21039293,19.0339938,1905,1893,1566,1708,1690,1421
2071,21049293,19.0364818,1904,1869,1557,1700,1679,1402
2072,21059293,19.0387544,1904,1872,1535,1698,1676,1402
2073,21069293,19.0434513,1897,1851,1535,1694,1660,1394
2074,21079293,19.0459152,1900,1901,1569,1685,1719,1461
2075,21089293,19.0472924,1903,1884,1557,1705,1703,1425
2076,21099293,19.0493782,1922,1821,1561,1705,1625,1433
2077,21109293,19.0515628,1920,1755,1669,1713,1598,1558
2078,21119293,19.0542464,1887,1841,1565,1694,1653,1430
2079,21129293,19.0578451,1919,1846,1561,1714,1660,1402
2080,21139293,19.2887051,1885,1815,1527,1688,1642,1399
2081,21149293,19.2895646,1897,1808,1535,1698,1632,1402
2082,21159293,19.2903479,1890,1799,1535,1695,1624,1402
2083,21169293,19.2910667,1936,1852,1776,1741,1653,1630
2084,21179293,19.2927647,1817,1479,1197,1636,1354,1127
2085,21189293,19.2946803,1946,1520,1510,1747,1391,1371
2086,21199293,19.2971906,1840,1664,1307,1600,1506,1232
2087,21209293,19.2992369,1922,1821,1567,1720,1648,1428
2088,21219293,19.3006891,1857,1652,1485,1657,1495,1356
2089,21229293,19.3017774,1873,1780,1577,1686,1601,1437
2090,21239293,19.3036426,1891,1759,1535,1684,1562,1402
2091,21249293,19.3052336,1891,1763,1535,1696,1586,1402
2092,21259293,19.3066999,1885,1744,1532,1692,1574,1402
2093,21269293,19.3083839,1884,1755,1557,1672,1580,1402
2094,21279293,19.3097525,1890,1759,1535,1691,1580,1402
2095,21289293,19.3110302,1889,1743,1535,1693,1563,1384
2096,21299293,19.3122246,1887,1748,1535,1698,1581,1402
2097,21309293,19.3132937,1890,1744,1535,1691,1576,1402
2098,21319293,19.3151925,1883,1744,1535,1683,1576,1402
2099,21329293,19.3176515,1889,1739,1530,1690,1576,1402
2100,21339293,19.3199426,1885,1748,1535,1687,1586,1402
2101,21349293,19.3237673,1888,1745,1535,1690,1580,1402
2102,21359293,19.3256971,1886,1749,1535,1692,1580,1402
2103,21369293,19.3280842,1890,1755,1535,1685,1575,1402
2104,21379293,19.3300941,1891,1755,1535,1684,1574,1402
2105,21389293,19.3313155,1888,1750,1535,1692,1582,1402
2106,21399293,19.332786,1887,1747,1535,1687,1576,1401
2107,21409293,19.3344654,1887,1744,1535,1687,1580,1402
2108,21419293,19.3358995,1887,1747,1535,1687,1578,1402
2109,21429293,19.5046515,1889,1751,1535,1691,1576,1402
2110,21439293,19.505275,1892,1750,1535,1690,1576,1401
2111,21449293,19.5058343,1883,1745,1535,1690,1575,1402
2112,21459293,19.506349,1893,1748,1535,1691,1580,1390
2113,21469293,19.5071512,1885,1742,1535,1690,1576,1397
2114,21479293,19.5081043,1889,1750,1535,1690,1581,1402
2115,21489293,19.5094358,1888,1751,1535,1690,1580,1402
2116,21499293,19.510908,1885,1746,1535,1682,1575,1402
2117,21509293,19.5132984,1887,1755,1535,1695,1582,1402
2118,21519293,19.5152662,1894,1746,1535,1686,1575,1402
2119,21529293,19.5168624,1885,1750,1535,1692,1584,1402
2120,21539293,19.5177603,1888,1749,1535,1686,1582,1402
2121,21549293,19.5186077,1889,1746,1535,1690,1577,1402
2122,21559293,19.5196327,1885,1758,1520,1691,1576,1402
2123,21569293,19.520532,1897,1747,1535,1694,1580,1402
2124,21579293,19.5214268,1892,1755,1535,1688,1576,1402
2125,21589293,19.5223473,1889,1744,1535,1691,1566,1401
2126,21599293,19.5234031,1886,1750,1534,1687,1579,1402
2127,21609293,19.5292762,1890,1752,1535,1695,1576,1402
2128,21619293,19.542737,1883,1747,1535,1690,1575,1402
2129,21629293,19.5441291,1886,1749,1535,1696,1578,1432
2130,21639293,19.7392626,1887,1750,1535,1678,1582,1402
2131,21649293,19.7407238,1879,1745,1535,1686,1580,1402
2132,21659293,19.7416451,1888,1746,1535,1693,1578,1402
2133,21669293,19.7426578,1888,1747,1558,1685,1572,1401
2134,21679293,19.7438798,1886,1747,1535,1684,1586,1402
2135,21689293,19.7448959,1889,1751,1535,1693,1575,1401
2136,21699293,19.7459435,1889,1749,1518,1693,1583,1402
2137,21709293,19.7470682,1887,1759,1535,1698,1576,1402
2138,21719293,19.748463,1889,1748,1535,1665,1575,1402
2139,21729292,19.749413,1887,1744,1535,1695,1574,1402
2140,21739293,19.7503085,1885,1754,1535,1692,1575,1402
2141,21749293,19.7511608,1894,1746,1525,1688,1582,1390
2142,21759293,19.7521242,1889,1751,1516,1694,1575,1424
2143,21769293,19.7537238,1887,1745,1535,1693,1575,1402
2144,21779293,19.755016,1887,1746,1535,1705,1579,1402
2145,21789293,19.7568114,1891,1748,1535,1688,1576,1402
2146,21799293,19.7582325,1887,1747,1533,1692,1562,1402
2147,21809293,19.7593207,1886,1744,1535,1691,1579,1402
2148,21819293,19.7602144,1887,1753,1535,1691,1581,1402
2149,21829293,19.7617765,1887,1757,1531,1690,1575,1401
2150,21839293,19.7633772,1889,1744,1535,1697,1576,1395
2151,21849293,19.9336312,1889,1751,1535,1692,1578,1401
2152,21859293,19.9349254,1888,1758,1535,1700,1575,1402
2153,21869293,19.9360986,1885,1747,1534,1690,1580,1402
2154,21879293,19.9375192,1885,1748,1535,1707,1577,1401
2155,21889293,19.9382584,1890,1735,1535,1694,1573,1402
2156,21899293,19.9387674,1883,1750,1535,1690,1575,1402
2157,21909293,19.9391622,1894,1749,1535,1697,1578,1402
2158,21919293,19.9395451,1886,1744,1535,1697,1578,1402
2159,21929293,19.9399395,1891,1750,1535,1693,1582,1402
2160,21939293,19.9408809,1880,1744,1535,1701,1580,1402
2161,21949293,19.9416581,1893,1750,1535,1695,1581,1402
2162,21959293,19.9424161,1889,1747,1573,1693,1596,1402
2163,21969293,19.9430747,1891,1751,1535,1690,1577,1402
2164,21979293,19.9439809,1888,1747,1563,1690,1569,1402
2165,21989293,19.9461343,1883,1758,1535,1695,1575,1402
2166,21999293,19.9490916,1887,1749,1535,1688,1590,1402
2167,22009293,19.9512791,1887,1750,1535,1691,1582,1402
2168,22019293,19.9527801,1911,1753,1535,1698,1581,1402
2169,22029293,19.9563459,1883,1750,1533,1691,1576,1402
2170,22039293,19.9616784,1895,1744,1535,1691,1575,1402
2171,22049293,19.9641886,1886,1734,1535,1695,1574,1402
2172,22059293,20.1403619,1890,1748,1535,1695,1580,1402
2173,22069293,20.1415911,1887,1750,1535,1688,1583,1402
2174,22079293,20.1436073,1886,1751,1535,1697,1581,1402
2175,22089293,20.1453096,1894,1725,1535,1695,1561,1402
2176,22099293,20.1465605,1887,1751,1535,1691,1575,1402
2177,22109293,20.1477511,1882,1687,1520,1693,1548,1394
2178,22119293,20.1491261,1881,1764,1535,1690,1590,1420
2179,22129293,20.14985,1883,1805,1563,1690,1621,1402
2180,22139293,20.1504293,1901,1779,1535,1698,1606,1402
2181,22149293,20.1509871,1899,1750,1535,1706,1575,1402
2182,22159293,20.1515714,1900,1747,1535,1697,1560,1397
2183,22169293,20.1525943,1886,1722,1531,1698,1553,1385
2184,22179293,20.1536153,1885,1745,1533,1682,1563,1402
2185,22189293,20.1542243,1881,1761,1535,1679,1585,1402
2186,22199293,20.1548422,1874,1762,1535,1684,1593,1402
2187,22209293,20.1553814,1879,1746,1535,1689,1582,1402
2188,22219293,20.15609,1890,1745,1535,1698,1568,1402
2189,22229293,20.1572076,1893,1742,1535,1696,1574,1402
2190,22239293,20.1583512,1891,1757,1535,1690,1586,1402
2191,22249293,20.1652463,1893,1761,1535,1696,1589,1420
2192,22259293,20.3674601,1893,1751,1535,1694,1576,1402
2193,22269293,20.3681559,1890,1735,1527,1699,1563,1399
2194,22279294,20.3690834,1891,1718,1535,1695,1555,1402
2195,22289293,20.3703632,1890,1731,1557,1702,1563,1401
2196,22299293,20.3707966,1889,1739,1535,1684,1575,1402
2197,22309293,20.3711693,1872,1776,1535,1690,1601,1402
2198,22319293,20.3721428,1874,1778,1554,1676,1600,1402
2199,22329293,20.3731778,1886,1756,1535,1681,1586,1401
2200,22339293,20.3755418,1897,1735,1535,1693,1566,1402
2201,22349293,20.3796286,1898,1730,1535,1698,1556,1402
2202,22359293,20.3821981,1898,1737,1535,1700,1565,1398
2203,22369293,20.3841653,1893,1758,1535,1691,1583,1402
2204,22379293,20.3857254,1891,1767,1535,1700,1595,1402
2205,22389293,20.3877012,1892,1763,1554,1703,1598,1419
2206,22399293,20.3889488,1887,1759,1527,1690,1583,1402
2207,22409293,20.3905151,1889,1744,1535,1690,1574,1402
2208,22419293,20.3913775,1881,1730,1535,1693,1571,1402
2209,22429293,20.3923481,1885,1747,1535,1687,1582,1402
2210,22439293,20.3934488,1882,1749,1535,1688,1585,1402
2211,22449293,20.3943046,1889,1750,1554,1698,1582,1402
2212,22459293,20.3957779,1903,1745,1533,1702,1580,1402
2213,22469293,20.3973356,1904,1735,1535,1674,1566,1402
2214,22479293,20.3997768,1892,1731,1535,1699,1570,1402
2215,22489293,20.4023782,1887,1748,1531,1690,1575,1435
2216,22499293,20.5980533,1877,1770,1535,1681,1584,1402
2217,22509293,20.5993862,1877,1757,1535,1679,1578,1402
2218,22519293,20.6002634,1879,1744,1535,1690,1574,1402
2219,22529293,20.6008808,1874,1735,1535,1672,1563,1402
2220,22539293,20.601319,1891,1738,1535,1693,1569,1402
2221,22549293,20.6019767,1901,1747,1535,1694,1575,1402
2222,22559293,20.603375,1894,1783,1535,1696,1591,1402
2223,22569293,20.6040878,1893,1761,1535,1695,1584,1402
2224,22579293,20.6045231,1888,1739,1535,1703,1573,1402
2225,22589293,20.6049537,1889,1734,1527,1706,1566,1402
2226,22599293,20.6054028,1884,1735,1535,1700,1571,1402
2227,22609293,20.6059225,1879,1744,1535,1686,1574,1402
2228,22619293,20.6064598,1881,1757,1535,1685,1586,1402
2229,22629293,20.6072263,1885,1753,1535,1687,1590,1402
2230,22639293,20.6085391,1893,1749,1535,1696,1575,1402
2231,22649293,20.6099305,1891,1744,1535,1699,1558,1399
2232,22659293,20.611805,1901,1744,1535,1701,1558,1390
2233,22669293,20.6136467,1888,1761,1535,1685,1580,1402
2234,22679293,20.6154938,1885,1771,1535,1700,1592,1402
2235,22689293,20.6174787,1887,1756,1535,1694,1592,1402
2236,22699293,20.6188722,1887,1745,1535,1694,1574,1401
2237,22709293,20.6289389,1898,1744,1535,1695,1574,1402
2238,22719293,20.8610154,1898,1750,1535,1689,1578,1402
2239,22729293,20.8629432,1887,1763,1555,1675,1585,1402
2240,22739293,20.8644402,1892,1757,1535,1697,1589,1402
2241,22749293,20.865323,1889,1755,1535,1696,1579,1402
2242,22759293,20.8657801,1891,1755,1535,1695,1575,1402
2243,22769293,20.8662382,1885,1745,1535,1691,1572,1402
2244,22779293,20.8667478,1885,1744,1535,1694,1566,1402
2245,22789293,20.8672434,1888,1744,1554,1695,1596,1402
2246,22799293,20.8676309,1882,1738,1533,1685,1568,1400
2247,22809293,20.8682578,1883,1739,1535,1686,1566,1392
2248,22819293,20.8695963,1888,1727,1535,1691,1562,1402
2249,22829293,20.8703801,1889,1733,1535,1672,1561,1399
2250,22839293,20.8715888,1890,1751,1535,1695,1575,1402
2251,22849293,20.8726949,1893,1761,1558,1696,1595,1402
2252,22859293,20.874435,1890,1759,1535,1702,1585,1429
2253,22869293,20.8756278,1893,1756,1553,1700,1574,1402
2254,22879293,20.8770289,1889,1760,1535,1694,1582,1402
2255,22889293,20.8788758,1889,1754,1535,1699,1582,1402
2256,22899293,20.8813124,1888,1747,1535,1693,1583,1402
2257,22909293,20.8827186,1889,1751,1535,1690,1582,1402
2258,22919293,20.8842775,1889,1761,1525,1697,1585,1402
2259,22929293,20.8859962,1891,1758,1535,1691,1585,1402
2260,22939293,20.887756,1903,1755,1535,1701,1583,1402
2261,22949293,20.8888332,1899,1748,1535,1703,1584,1402
2262,22959293,20.8910395,1887,1745,1513,1691,1582,1399
2263,22969293,20.892475,1889,1746,1535,1695,1578,1402
2264,22979293,20.8941951,1889,1753,1535,1680,1580,1402
2265,22989293,21.0786618,1883,1747,1535,1690,1576,1402
2266,22999293,21.0810874,1885,1749,1535,1694,1576,1402
2267,23009293,21.0831462,1889,1749,1535,1695,1578,1402
2268,23019293,21.0845347,1902,1747,1535,1695,1579,1402
2269,23029293,21.0855338,1890,1743,1533,1695,1588,1402
2270,23039293,21.0869649,1883,1762,1511,1690,1574,1419
2271,23049293,21.0877042,1887,1763,1535,1690,1587,1402
2272,23059293,21.0889305,1887,1757,1535,1690,1577,1402
2273,23069293,21.0899821,1879,1758,1565,1691,1572,1402
2274,23079293,21.0910038,1879,1746,1562,1682,1573,1402
2275,23089293,21.0921068,1885,1726,1535,1695,1558,1402
2276,23099293,21.0929443,1879,1727,1535,1690,1570,1401
2277,23109293,21.0939104,1885,1712,1531,1688,1547,1402
2278,23119293,21.0950939,1887,1717,1535,1690,1543,1402
2279,23129293,21.0963852,1891,1739,1522,1691,1564,1402
2280,23139293,21.0976608,1892,1745,1535,1694,1578,1402
2281,23149293,21.0986395,1894,1754,1584,1691,1577,1402
2282,23159293,21.0993308,1894,1747,1535,1696,1577,1402
2283,23169293,21.1009682,1893,1734,1535,1694,1569,1402
2284,23179293,21.102673,1893,1743,1573,1690,1565,1402
2285,23189293,21.1052407,1877,1712,1535,1690,1565,1402
2286,23199293,21.3617994,1888,1744,1535,1690,1574,1402
2287,23209293,21.3636246,1889,1740,1534,1690,1574,1402
2288,23219293,21.3662098,1883,1744,1535,1694,1589,1402
2289,23229293,21.3674936,1886,1744,1535,1697,1576,1402
2290,23239293,21.368593,1893,1760,1535,1698,1591,1402
2291,23249293,21.3699668,1898,1770,1519,1701,1595,1421
2292,23259293,21.3707796,1902,1805,1535,1696,1600,1417
2293,23269293,21.37199,1898,1778,1565,1699,1604,1399
2294,23279293,21.3726139,1903,1789,1535,1706,1600,1418
2295,23289293,21.3730489,1891,1781,1556,1696,1601,1402
2296,23299293,21.3735818,1894,1760,1565,1698,1586,1402
2297,23309293,21.3741221,1881,1743,1535,1690,1563,1402
2298,23319293,21.3749187,1875,1750,1534,1685,1585,1402
2299,23329293,21.3757167,1881,1745,1535,1679,1571,1402
2300,23339293,21.3766614,1881,1758,1535,1690,1585,1402
2301,23349293,21.378021,1885,1749,1535,1693,1574,1402
2302,23359293,21.3796164,1890,1746,1535,1697,1566,1402
2303,23369293,21.3809214,1890,1738,1535,1691,1565,1402
2304,23379293,21.3818884,1890,1729,1530,1693,1557,1401
2305,23389293,21.3826718,1891,1712,1564,1690,1533,1402
2306,23399293,21.3834259,1890,1712,1527,1700,1548,1401
2307,23409293,21.3841803,1888,1719,1530,1687,1553,1399
2308,23419293,21.3851718,1882,1735,1535,1681,1574,1402
2309,23429293,21.3864836,1886,1761,1535,1694,1581,1402
2310,23439293,21.3877182,1891,1738,1530,1701,1582,1402
2311,23449293,21.3893077,1887,1744,1535,1695,1574,1402
2312,23459293,21.3904892,1891,1746,1535,1701,1581,1402
2313,23469293,21.3916093,1898,1749,1535,1695,1570,1402
2314,23479293,21.5679694,1893,1744,1535,1688,1584,1402
2315,23489293,21.569811,1889,1750,1535,1693,1589,1422
2316,23499293,21.5715574,1890,1759,1535,1701,1583,1402
2317,23509293,21.5724315,1902,1762,1535,1699,1588,1402
2318,23519293,21.5733524,1893,1773,1535,1694,1592,1419
2319,23529293,21.5741269,1901,1778,1557,1698,1596,1419
2320,23539293,21.5750627,1902,1778,1555,1705,1598,1402
2321,23549293,21.5759745,1895,1791,1558,1705,1626,1420
2322,23559293,21.5773318,1904,1779,1535,1704,1600,1402
2323,23569293,21.5789147,1894,1757,1535,1696,1599,1402
2324,23579293,21.5807283,1893,1737,1535,1700,1566,1402
2325,23589293,21.5828893,1893,1777,1554,1695,1595,1402
2326,23599293,21.5843059,1889,1767,1534,1695,1592,1402
2327,23609293,21.5857409,1887,1775,1535,1695,1599,1427
2328,23619293,21.588218,1889,1773,1535,1690,1593,1402
2329,23629293,21.5895322,1889,1759,1535,1687,1581,1402
2330,23639293,21.5912792,1890,1745,1535,1700,1575,1402
2331,23649293,21.5927862,1895,1744,1535,1694,1573,1402
2332,23659293,21.594764,1891,1731,1535,1685,1562,1402
2333,23669293,21.5958697,1886,1713,1535,1691,1548,1398
2334,23679293,21.5970418,1885,1712,1533,1682,1541,1402
2335,23689293,21.835736,1885,1701,1523,1681,1530,1398
2336,23699293,21.8379445,1886,1712,1517,1690,1533,1399
2337,23709293,21.8390334,1886,1727,1532,1686,1561,1376
2338,23719293,21.8405944,1882,1758,1535,1688,1593,1402
2339,23729293,21.8419568,1889,1751,1535,1695,1573,1402
2340,23739293,21.8432189,1894,1744,1535,1701,1575,1402
2341,23749293,21.8455169,1888,1744,1535,1698,1575,1402
2342,23759293,21.8474234,1899,1744,1535,1700,1574,1402
2343,23769293,21.8496465,1893,1751,1535,1690,1578,1402
2344,23779293,21.8511327,1887,1746,1535,1688,1578,1419
2345,23789293,21.8534097,1891,1772,1535,1713,1595,1402
2346,23799293,21.8557819,1887,1767,1535,1695,1585,1402
2347,23809293,21.8574591,1901,1780,1558,1701,1606,1402
2348,23819293,21.8592063,1899,1789,1535,1700,1602,1418
2349,23829293,21.8609158,1901,1793,1574,1704,1612,1426
2350,23839293,21.8624948,1889,1776,1535,1698,1600,1402
2351,23849293,21.8641515,1889,1753,1535,1697,1576,1402
2352,23859293,21.8664325,1893,1776,1535,1701,1596,1402
2353,23869293,21.8684772,1894,1777,1535,1679,1600,1420
2354,23879293,21.8705249,1887,1789,1557,1691,1614,1402
2355,23889293,21.8726341,1892,1782,1521,1698,1605,1402
2356,23899293,21.8768314,1893,1775,1535,1694,1600,1402
2357,23909293,21.8783817,1893,1754,1535,1694,1582,1402
2358,23919293,21.8809231,1889,1745,1534,1688,1573,1402
2359,23929293,21.8858843,1885,1725,1535,1680,1558,1401
2360,23939293,21.8888577,1874,1713,1534,1683,1553,1397
2361,23949293,21.894957,1868,1707,1529,1681,1547,1402
2362,23959293,21.8973655,1877,1700,1523,1681,1534,1391
2363,23969293,21.8991007,1873,1680,1520,1680,1520,1392
2364,23979293,21.9040572,1883,1673,1522,1691,1518,1390
2365,23989293,22.2098768,1884,1705,1530,1683,1534,1395
2366,23999293,22.2114972,1887,1749,1535,1685,1576,1402
2367,24009293,22.2127668,1886,1744,1529,1698,1575,1401
2368,24019293,22.2142274,1891,1730,1535,1693,1548,1419
2369,24029293,22.2162865,1890,1738,1529,1697,1573,1402
2370,24039293,22.2177905,1889,1735,1535,1696,1570,1402
2371,24049293,22.2192161,1900,1753,1535,1699,1575,1397
2372,24059293,22.2209828,1888,1749,1535,1702,1578,1392
2373,24069293,22.2263374,1892,1758,1535,1697,1581,1402
2374,24079293,22.2282532,1888,1750,1535,1693,1578,1401
2375,24089293,22.2302651,1886,1760,1535,1693,1592,1402
2376,24099293,22.232587,1894,1765,1535,1693,1591,1402
2377,24109293,22.2346126,1893,1769,1535,1686,1599,1421
2378,24119293,22.2362253,1894,1771,1558,1701,1608,1402
2379,24129293,22.2378037,1897,1779,1556,1697,1605,1427
2380,24139293,22.2390884,1902,1782,1559,1704,1608,1418
2381,24149293,22.2410702,1898,1780,1558,1692,1608,1419
2382,24159293,22.2429486,1901,1775,1561,1705,1596,1421
2383,24169293,22.2445331,1895,1749,1535,1692,1576,1402
2384,24179293,22.2468029,1894,1761,1535,1692,1589,1402
2385,24189293,22.2487405,1890,1765,1560,1667,1601,1402
2386,24199293,22.253109,1885,1775,1558,1695,1600,1418
2387,24209293,22.2552967,1887,1766,1555,1693,1600,1419
2388,24219293,22.2595213,1889,1773,1535,1692,1608,1391
2389,24229293,22.2633788,1893,1777,1535,1695,1595,1402
2390,24239293,22.2654253,1891,1770,1535,1698,1593,1402
2391,24249293,22.2670259,1893,1751,1535,1690,1587,1402
2392,24259293,22.2684229,1883,1745,1535,1697,1578,1401
2393,24269293,22.2722299,1889,1723,1535,1685,1566,1402
2394,24279293,22.2897819,1872,1717,1535,1682,1553,1401
2395,24289293,22.2926985,1876,1699,1525,1680,1557,1390
2396,24299293,22.2954566,1872,1696,1525,1679,1535,1395
2397,24309293,22.2969059,1875,1680,1520,1680,1516,1387
2398,24319293,22.2980097,1874,1653,1521,1680,1519,1389
2399,24329293,22.2990195,1887,1699,1519,1684,1538,1397
2400,24339293,22.2998925,1890,1743,1535,1698,1576,1402
2401,24349293,22.301151,1895,1751,1535,1695,1573,1402
2402,24359293,22.3029014,1901,1741,1535,1681,1561,1402
2403,24369293,22.3046744,1900,1723,1520,1708,1559,1393
2404,24379293,22.3063016,1889,1745,1535,1690,1559,1402
2405,24389293,22.3089795,1870,1742,1535,1691,1571,1402
2406,24399293,22.6145829,1882,1726,1535,1686,1569,1402
2407,24409293,22.6192624,1882,1741,1557,1683,1585,1440
2408,24419293,22.6223287,1883,1737,1529,1687,1563,1398
2409,24429293,22.6260385,1882,1747,1535,1690,1575,1419
2410,24439293,22.6276274,1887,1745,1535,1709,1576,1402
2411,24449293,22.6287133,1893,1762,1556,1695,1599,1422
2412,24459293,22.6297979,1886,1762,1535,1701,1593,1402
2413,24469293,22.6308663,1895,1779,1570,1704,1600,1421
2414,24479293,22.6335049,1893,1787,1535,1698,1606,1402
2415,24489293,22.6355875,1903,1810,1558,1707,1617,1429
2416,24499293,22.6382823,1904,1805,1565,1708,1626,1420
2417,24509293,22.6400425,1899,1806,1561,1705,1624,1420
2418,24519293,22.6424726,1907,1795,1565,1705,1613,1425
2419,24529293,22.6440919,1902,1771,1535,1683,1588,1402
2420,24539293,22.6455172,1891,1735,1535,1695,1564,1402
2421,24549293,22.6486266,1883,1758,1535,1683,1592,1402
2422,24559293,22.6507457,1887,1760,1535,1681,1589,1402
2423,24569293,22.6550594,1887,1775,1535,1663,1595,1402
2424,24579293,22.6585552,1891,1753,1535,1684,1589,1402
2425,24589293,22.6610966,1890,1761,1535,1690,1587,1402
2426,24599293,22.6633865,1894,1748,1535,1703,1580,1402
2427,24609293,22.6652929,1897,1750,1535,1700,1585,1402
2428,24619293,22.6674204,1885,1741,1535,1696,1570,1402
2429,24629293,22.6705527,1889,1728,1531,1687,1562,1390
2430,24639293,22.6734764,1883,1716,1535,1687,1555,1389
2431,24649293,22.6800848,1882,1715,1527,1682,1548,1401
2432,24659293,22.6820798,1878,1696,1533,1685,1537,1402
2433,24669293,22.6850893,1885,1707,1524,1681,1538,1395
2434,24679293,22.6877742,1888,1740,1535,1697,1571,1402
2435,24689293,22.6923256,1885,1767,1535,1677,1592,1402
2436,24699293,22.699632,1885,1715,1535,1687,1566,1402
2437,24709293,22.7011677,1897,1745,1535,1695,1578,1402
2438,24719293,22.7035779,1894,1744,1535,1698,1570,1402
2439,24729293,22.7056453,1899,1750,1535,1698,1580,1432
2440,24739293,22.7090741,1898,1755,1535,1684,1576,1402
2441,24749293,22.7143238,1899,1751,1554,1703,1587,1402
2442,24759293,22.7160109,1888,1756,1535,1690,1583,1402
2443,24769293,22.7171733,1890,1767,1554,1693,1586,1402
2444,24779293,22.7185694,1893,1762,1535,1695,1585,1402
2445,24789293,22.7247344,1887,1742,1535,1699,1588,1402
2446,24799293,22.7273386,1895,1770,1535,1693,1600,1402
2447,24809293,22.7289334,1895,1777,1535,1701,1599,1402
2448,24819293,22.9944276,1895,1776,1554,1695,1602,1420
2449,24829293,22.996689,1894,1767,1535,1704,1593,1402
2450,24839293,22.9988897,1895,1754,1554,1696,1580,1402
2451,24849293,23.0015467,1896,1728,1535,1704,1572,1402
2452,24859293,23.0042233,1887,1725,1532,1691,1563,1402
2453,24869293,23.0096236,1879,1750,1535,1688,1580,1402
2454,24879293,23.0122327,1886,1753,1535,1688,1577,1402
2455,24889293,23.0143361,1882,1735,1535,1666,1580,1402
2456,24899293,23.0168563,1886,1725,1535,1695,1581,1402
2457,24909293,23.0194332,1892,1754,1535,1696,1585,1402
2458,24919293,23.0217851,1888,1750,1559,1693,1582,1390
2459,24929293,23.0256512,1892,1760,1556,1691,1590,1402
2460,24939293,23.0285403,1893,1761,1535,1690,1575,1402
2461,24949293,23.0300166,1893,1751,1535,1696,1581,1402
2462,24959293,23.0314978,1886,1744,1535,1700,1569,1402
2463,24969294,23.0340736,1882,1730,1535,1690,1564,1394
2464,24979293,23.0383086,1883,1735,1535,1694,1557,1402
2465,24989293,23.0434814,1886,1721,1535,1695,1559,1402
2466,24999293,23.0464505,1888,1724,1535,1687,1561,1402
2467,25009293,23.0484991,1887,1746,1534,1693,1575,1402
2468,25019293,23.0506094,1891,1765,1535,1690,1591,1402
2469,25029293,23.0541334,1897,1766,1535,1695,1594,1402
2470,25039293,23.0595895,1905,1766,1535,1704,1585,1402
2471,25049293,23.063976,1891,1750,1535,1704,1585,1402
2472,25059293,23.0658549,1889,1744,1535,1687,1573,1402
2473,25069293,23.0675592,1885,1750,1535,1695,1578,1402
2474,25079293,23.0722432,1890,1750,1535,1695,1577,1402
2475,25089293,23.0752022,1883,1747,1535,1690,1598,1402
2476,25099293,23.0788298,1887,1750,1535,1690,1574,1402
2477,25109293,23.0807649,1894,1745,1535,1693,1574,1402
2478,25119293,23.0838187,1895,1747,1535,1701,1574,1402
2479,25129293,23.0871825,1901,1755,1535,1697,1580,1402
2480,25139293,23.0898641,1899,1757,1535,1695,1586,1402
2481,25149293,23.0956554,1892,1761,1555,1697,1583,1402
2482,25159293,23.0975571,1888,1744,1535,1693,1576,1402
2483,25169293,23.0992281,1889,1750,1535,1696,1573,1402
2484,25179293,23.1003551,1890,1741,1523,1693,1565,1402
2485,25189293,23.4210108,1895,1741,1535,1693,1580,1402
2486,25199293,23.423656,1890,1751,1535,1695,1581,1402
2487,25209293,23.4267596,1895,1763,1535,1695,1583,1402
2488,25219293,23.4291395,1887,1765,1535,1697,1585,1402
2489,25229293,23.4308545,1890,1761,1535,1694,1581,1420
2490,25239293,23.4346167,1895,1754,1535,1690,1575,1401
2491,25249293,23.4374455,1894,1741,1535,1696,1569,1402
2492,25259293,23.444134,1889,1741,1573,1693,1574,1402
2493,25269293,23.4471251,1884,1745,1535,1693,1577,1402
2494,25279293,23.4498648,1887,1745,1535,1694,1581,1402
2495,25289293,23.4598478,1893,1762,1534,1697,1585,1402
2496,25299293,23.4622013,1891,1751,1535,1691,1576,1402
2497,25309293,23.465598,1897,1750,1535,1690,1578,1402
2498,25319293,23.4684057,1923,1771,1535,1723,1593,1402
2499,25329293,23.4717678,1860,1701,1493,1664,1545,1378
2500,25339293,23.4746767,1891,1691,1579,1700,1526,1457
2501,25349293,23.4766165,1915,1786,1613,1718,1606,1442
2502,25359293,23.4782987,1844,1756,1458,1650,1577,1339
2503,25369293,23.4799266,1870,1709,1591,1681,1548,1464
2504,25379293,23.4817886,1895,1772,1562,1695,1593,1400
2505,25389293,23.4832347,1890,1751,1516,1696,1585,1395
2506,25399293,23.4845171,1917,1757,1575,1718,1585,1430
2507,25409293,23.4857443,1905,1744,1535,1706,1571,1402
2508,25419292,23.4876666,1915,1742,1555,1710,1574,1430
2509,25429293,23.4927316,1893,1756,1535,1704,1598,1398
2510,25439293,23.4979372,1880,1754,1584,1690,1579,1402
2511,25449293,23.4998894,1869,1750,1529,1677,1579,1402
2512,25459293,23.5031954,1873,1742,1553,1675,1573,1402
2513,25469293,23.5050089,1874,1746,1535,1680,1571,1402
2514,25479293,23.5074288,1878,1743,1535,1690,1574,1402
2515,25489293,23.5101996,1899,1755,1535,1701,1579,1402
2516,25499293,23.5128279,1904,1757,1535,1705,1580,1387
2517,25509293,23.5164053,1914,1755,1559,1709,1591,1402
2518,25519293,23.5194999,1902,1749,1535,1704,1576,1399
2519,25529293,23.5235646,1900,1743,1535,1695,1571,1402
2520,25539293,23.5326355,1888,1735,1535,1703,1569,1402
2521,25549293,23.5379162,1878,1744,1535,1687,1576,1402
2522,25559293,23.5742355,1907,1789,1535,1715,1612,1427
2523,25569293,23.5772709,1825,1716,1511,1652,1552,1389
2524,25579293,23.5795329,1874,1710,1607,1679,1552,1455
2525,25589293,23.5808893,1887,1776,1535,1695,1593,1402
2526,25599293,23.5830757,1865,1759,1513,1670,1578,1389
2527,25609293,23.5875417,1904,1740,1589,1714,1576,1442
2528,25619293,23.5902274,1887,1747,1520,1694,1574,1387
2529,25629293,23.5927012,1907,1739,1535,1705,1571,1402
2530,25639293,23.5940529,1911,1754,1557,1706,1575,1392
2531,25649294,23.5951511,1906,1744,1535,1703,1574,1402
2532,25659293,23.5965865,1883,1750,1535,1700,1575,1402
2533,25669293,23.5989411,1895,1756,1535,1691,1585,1402
2534,25679293,23.6009134,1876,1761,1535,1683,1593,1402
2535,25689293,23.6207788,1870,1750,1535,1679,1583,1402
2536,25699293,23.6234313,1874,1744,1535,1689,1581,1402
2537,25709293,23.6258654,1875,1739,1535,1690,1565,1396
2538,25719293,23.9680879,1895,1744,1533,1702,1566,1390
2539,25729293,23.9693607,1901,1739,1535,1706,1580,1402
2540,25739293,23.9714211,1904,1755,1535,1708,1588,1429
2541,25749293,23.9728881,1904,1750,1535,1714,1587,1402
2542,25759293,23.9744845,1902,1753,1535,1700,1585,1402
2543,25769293,23.975649,1891,1749,1535,1694,1563,1402
2544,25779293,23.9767855,1875,1749,1535,1682,1574,1402
2545,25789293,23.9785475,1874,1744,1535,1680,1574,1402
2546,25799293,23.9801646,1875,1744,1535,1682,1566,1402
2547,25809293,23.9818428,1885,1751,1535,1686,1578,1402
2548,25819293,23.9843075,1890,1750,1535,1692,1575,1402
2549,25829294,23.9864754,1903,1747,1535,1702,1580,1402
2550,25839293,23.988578,1911,1733,1535,1707,1576,1402
2551,25849293,23.9903767,1902,1749,1535,1704,1579,1402
2552,25859293,23.9922149,1904,1753,1535,1705,1581,1420
2553,25869293,23.9936557,1891,1748,1535,1695,1575,1402
2554,25879293,23.9949163,1882,1746,1535,1681,1576,1402
2555,25889293,23.9961625,1872,1744,1535,1680,1580,1419
2556,25899293,23.998294,1878,1746,1535,1679,1575,1402
2557,25909293,24.0003701,1885,1744,1535,1692,1576,1402
2558,25919293,24.0063848,1890,1749,1535,1693,1563,1402
2559,25929293,24.0081606,1902,1758,1535,1683,1592,1418
2560,25939293,24.0115127,1903,1761,1535,1705,1585,1402
2561,25949294,24.0139591,1901,1754,1535,1706,1589,1402
2562,25959293,24.0158191,1903,1740,1535,1682,1575,1402
2563,25969293,24.0177682,1893,1744,1535,1690,1575,1402
2564,25979293,24.0195863,1881,1744,1535,1690,1573,1402
2565,25989293,24.0268634,1874,1744,1535,1690,1576,1402
2566,25999293,24.0298681,1877,1757,1535,1681,1574,1402
2567,26009293,24.031176,1884,1771,1535,1688,1583,1402
2568,26019293,24.0328621,1891,1755,1535,1690,1580,1402
2569,26029293,24.0342848,1895,1770,1535,1705,1574,1402
2570,26039293,24.0358245,1904,1746,1535,1702,1577,1402
2571,26049293,24.0377541,1904,1743,1535,1701,1576,1402
2572,26059293,24.039139,1904,1755,1535,1701,1584,1401
2573,26069293,24.0422902,1889,1747,1535,1690,1576,1402
2574,26079293,24.0448719,1883,1750,1535,1683,1576,1402
2575,26089293,24.0474909,1906,1745,1535,1685,1586,1402
2576,26099293,24.049107,1887,1741,1535,1685,1574,1401
2577,26109294,24.0509994,1890,1747,1535,1693,1582,1402
2578,26119293,24.0544784,1892,1749,1535,1698,1579,1402
2579,26129293,24.058537,1898,1755,1535,1702,1582,1402
2580,26139293,24.0600473,1898,1755,1535,1704,1575,1393
2581,26149293,24.368049,1902,1750,1535,1698,1581,1402
2582,26159293,24.3699084,1893,1747,1535,1718,1576,1402
2583,26169293,24.3715482,1888,1749,1535,1695,1583,1392
2584,26179293,24.3731783,1887,1744,1535,1689,1575,1429
2585,26189293,24.3745472,1881,1753,1535,1688,1581,1402
2586,26199293,24.3761145,1889,1755,1535,1686,1581,1402
2587,26209294,24.3777657,1886,1753,1535,1698,1582,1402
2588,26219293,24.3794279,1891,1750,1554,1698,1574,1402
2589,26229293,24.3813923,1899,1744,1535,1699,1582,1402
2590,26239293,24.3835641,1899,1747,1514,1696,1575,1402
2591,26249293,24.3849342,1901,1747,1535,1699,1575,1402
2592,26259293,24.3869526,1904,1749,1535,1698,1580,1402
2593,26269293,24.3889872,1890,1751,1535,1694,1578,1402
2594,26279293,24.3927895,1890,1754,1535,1691,1576,1402
2595,26289293,24.3949218,1885,1753,1535,1686,1575,1402
2596,26299293,24.3963,1882,1755,1534,1691,1587,1401
2597,26309293,24.3976714,1870,1712,1610,1680,1548,1478
2598,26319293,24.3996277,1901,1771,1520,1690,1596,1378
2599,26329293,24.4016464,1853,1717,1392,1654,1549,1293
2600,26339293,24.4045481,1931,1755,1663,1736,1600,1503
2601,26349293,24.4085768,1872,1775,1412,1679,1585,1306
2602,26359293,24.4111229,1921,1804,1735,1715,1638,1573
2603,26369293,24.4126359,1889,1773,1424,1690,1589,1313
2604,26379293,24.4148967,1924,1723,1675,1722,1558,1521
2605,26389293,24.4171675,1877,1773,1498,1679,1595,1363
2606,26399293,24.422186,1862,1679,1519,1675,1522,1396
2607,26409293,24.4279661,1901,1770,1582,1700,1591,1438
2608,26419293,24.4306441,1867,1727,1453,1679,1559,1337
2609,26429293,24.4321896,1908,1772,1648,1708,1596,1497
2610,26439293,24.4338791,1887,1755,1454,1688,1574,1338
2611,26449293,24.4354411,1931,1754,1599,1713,1589,1477
2612,26459293,24.4391284,1894,1750,1488,1695,1583,1361
2613,26469293,24.4409439,1890,1733,1584,1693,1570,1448
2614,26479293,24.4436717,1889,1762,1535,1695,1594,1402
2615,26489293,24.4452491,1872,1739,1527,1680,1552,1399
2616,26499293,24.4468262,1890,1765,1564,1694,1585,1429
2617,26509293,24.4484201,1874,1733,1488,1688,1570,1374
2618,26519293,24.450651,1902,1758,1586,1701,1588,1448
2619,26529293,24.4555814,1895,1751,1518,1691,1576,1383
2620,26539293,24.4603486,1899,1760,1584,1708,1587,1438
2621,26549293,24.7625955,1744,1637,1503,1585,1479,1456
2622,26559293,24.7644948,1897,1767,1473,1695,1595,1351
2623,26569293,24.7659961,1903,1797,1455,1703,1610,1337
2624,26579293,24.7674217,2091,1680,1865,1929,1644,1705
2625,26589293,24.7686446,1830,1754,1422,1642,1589,1307
2626,26599293,24.7711165,1885,1753,1403,1690,1576,1295
2627,26609293,24.7738632,1889,2047,1745,1653,1773,1467
2628,26619293,24.7759096,1860,1805,1414,1626,1626,1287
2629,26629293,24.7776561,1840,1659,1303,1604,1475,1192
2630,26639293,24.7790602,1872,1787,1424,1676,1596,1312
2631,26649293,24.7805986,2191,1946,1918,1994,1784,1717
2632,26659293,24.7828131,1872,1764,1393,1694,1593,1300
2633,26669293,24.7848123,2224,2075,1934,1887,1816,1661
2634,26679293,24.7876846,1893,1794,1471,1676,1613,1348
2635,26689293,24.7928511,1882,1713,1568,1686,1549,1442
2636,26699293,24.7950021,1877,1750,1479,1680,1571,1348
2637,26709293,24.7965775,1892,1751,1614,1696,1585,1460
2638,26719293,24.7982185,1869,1763,1519,1684,1587,1387
2639,26729293,24.7996858,1885,1744,1570,1693,1574,1432
2640,26739293,24.8011144,1898,1763,1525,1697,1578,1392
2641,26749293,24.8027029,1888,1729,1520,1694,1562,1419
2642,26759293,24.8061392,1895,1746,1565,1702,1619,1425
2643,26769293,24.8185243,1887,1758,1397,1697,1589,1289
2644,26779293,24.8209703,1903,1791,1625,1699,1594,1460
2645,26789293,24.8240599,1886,1806,1455,1690,1627,1351
2646,26799293,24.8324427,1586,1623,1172,1438,1444,1114
2647,26809293,24.835942,1819,1485,1171,1600,1383,1128
2648,26819293,24.8375677,1883,1791,1456,1688,1612,1335
2649,26829293,24.8393717,1761,1115,1569,1632,1021,1475
2650,26839293,24.8480963,1917,1750,1434,1705,1578,1316
2651,26849293,24.8518752,2266,1942,1917,1956,1748,1663
2652,26859293,24.8537198,1872,1824,1469,1704,1639,1343
2653,26869293,24.8554565,1770,1523,1415,1617,1335,1386
2654,26879294,24.8610597,1855,1767,1424,1708,1600,1320
2655,26889293,24.8634933,1746,1527,1411,1599,1365,1364
2656,26899293,24.8671081,1851,1769,1435,1696,1601,1325
2657,26909293,24.8691612,1967,1630,1680,1763,1491,1510
2658,26919293,24.8710263,1899,1762,1486,1701,1584,1362
2659,26929293,24.8773888,1885,1709,1566,1700,1543,1438
2660,26939293,24.8788761,1893,1765,1535,1693,1583,1402
2661,26949293,24.8816173,1872,1726,1511,1681,1560,1390
2662,26959293,24.8855115,1899,1761,1595,1701,1587,1444
2663,26969293,24.887437,1884,1734,1488,1685,1566,1358
2664,26979293,25.1829755,1904,1759,1589,1705,1586,1447
2665,26989293,25.1853751,1893,1770,1408,1697,1589,1300
2666,26999293,25.1871697,1968,1823,1755,1744,1627,1548
2667,27009293,25.1905841,1888,1787,1431,1695,1609,1321
2668,27019293,25.1923088,1687,1629,1226,1524,1473,1151
2669,27029293,25.1946593,1801,1600,1274,1615,1461,1201
2670,27039293,25.1962437,1881,1789,1444,1695,1610,1327
2671,27049293,25.1974262,1895,1818,1904,1810,1773,1730
2672,27059293,25.1987056,1852,1800,1447,1656,1626,1332
2673,27069293,25.2000712,1719,1408,1562,1594,1220,1483
2674,27079293,25.2031383,1894,1777,1440,1679,1606,1332
2675,27089293,25.2058998,1707,1669,1283,1534,1509,1192
2676,27099293,25.2089211,1899,1713,1378,1664,1557,1286
2677,27109293,25.213825,1744,1645,1339,1588,1487,1272
2678,27119293,25.2159529,1858,1814,1535,1661,1624,1396
2679,27129293,25.2195497,1885,1688,1509,1690,1518,1384
2680,27139293,25.2223043,1893,1774,1562,1701,1592,1402
2681,27149293,25.2294176,1863,1733,1469,1677,1556,1352
2682,27159293,25.2319383,1893,1775,1615,1691,1608,1456
2683,27169293,25.2337579,1871,1754,1475,1681,1577,1355
2684,27179293,25.2352594,1898,1754,1606,1701,1585,1464
2685,27189293,25.2368188,1887,1753,1503,1692,1579,1364
2686,27199293,25.2391704,1902,1731,1571,1704,1550,1433
2687,27209293,25.2435843,1874,1750,1397,1677,1569,1285
2688,27219293,25.2483073,1905,1778,1643,1718,1603,1493
2689,27229293,25.2537779,1888,1781,1408,1695,1604,1321
2690,27239293,25.258796,2045,1566,1807,1915,1539,1663
2691,27249293,25.2608567,1870,1776,1418,1679,1600,1273
2692,27259293,25.2633288,1748,1645,1315,1576,1441,1236
2693,27269293,25.2659904,1871,1776,1457,1667,1601,1336
2694,27279293,25.2705497,1795,1627,1424,1624,1473,1327
2695,27289293,25.2746654,1914,1757,1584,1710,1589,1425
2696,27299293,25.2778243,1860,1765,1415,1666,1587,1303
2697,27309293,25.2802397,1905,1825,1637,1705,1627,1479
2698,27319293,25.2825437,1874,1765,1439,1684,1588,1324
2699,27329293,25.2844641,1919,1789,1690,1714,1608,1530
2700,27339293,25.2872744,1894,1786,1505,1701,1608,1376
2701,27349293,25.2898097,1904,1732,1597,1709,1560,1456
2702,27359293,25.2962731,1894,1759,1515,1699,1585,1380
2703,27369293,25.302977,1887,1728,1535,1686,1569,1402
2704,27379293,25.3137566,1894,1769,1584,1701,1585,1438
2705,27389293,25.3164345,1882,1738,1511,1683,1571,1389
2706,27399293,25.3188576,1890,1761,1584,1696,1588,1442
2707,27409293,25.3208436,1887,1749,1495,1691,1567,1374
2708,27419293,25.6403536,1903,1759,1515,1707,1594,1378
2709,27429293,25.6435382,1950,1745,1818,1756,1582,1626
2710,27439293,25.646207,1879,1762,1425,1683,1594,1310
2711,27449293,25.6483994,1776,1648,1328,1598,1483,1236
2712,27459293,25.6497873,1906,1771,1482,1717,1589,1383
2713,27469293,25.6510724,1846,1743,1390,1651,1570,1273
2714,27479294,25.6541591,1888,1859,1646,1701,1664,1467
2715,27489293,25.6558141,1872,1744,1415,1674,1585,1296
2716,27499293,25.658162,1904,1818,1642,1694,1630,1510
2717,27509294,25.6601832,1871,1775,1445,1680,1603,1336
2718,27519293,25.6614108,1935,1692,1673,1732,1553,1520
2719,27529293,25.6635064,1891,1759,1497,1703,1589,1369
2720,27539293,25.6660031,1899,1695,1558,1697,1536,1431
2721,27549293,25.6683351,1911,1763,1535,1707,1594,1419
2722,27559293,25.6702484,1879,1728,1478,1683,1555,1351
2723,27569293,25.6720576,1913,1765,1602,1704,1589,1450
2724,27579293,25.6743111,1885,1743,1471,1686,1573,1346
2725,27589293,25.6755785,1889,1755,1618,1697,1587,1468
2726,27599293,25.6767078,1879,1758,1503,1681,1587,1379
2727,27609293,25.6775762,1889,1741,1581,1695,1575,1435
2728,27619293,25.6785319,1890,1751,1521,1704,1579,1384
2729,27629293,25.679502,1899,1727,1515,1698,1574,1374
2730,27639293,25.6809281,1909,1733,1772,1722,1569,1612
2731,27649293,25.6830512,1890,1779,1472,1686,1599,1337
2732,27659293,25.6850781,1827,1718,1339,1626,1548,1242
2733,27669293,25.6868156,1872,1757,1469,1674,1593,1361
2734,27679293,25.6881387,1872,1776,1424,1679,1605,1305
2735,27689293,25.6894992,1936,1869,1725,1723,1679,1539
2736,27699293,25.690818,1881,1778,1422,1681,1593,1306
2737,27709293,25.6919842,1939,1840,1749,1729,1651,1569
2738,27719293,25.6929437,1872,1780,1469,1684,1600,1353
2739,27729293,25.6941892,1895,1659,1625,1713,1497,1494
2740,27739293,25.6952195,1901,1756,1497,1701,1575,1381
2741,27749293,25.6962704,1883,1697,1494,1682,1533,1374
2742,27759293,25.6985157,1912,1771,1586,1708,1591,1441
2743,27769293,25.7004758,1879,1726,1462,1690,1562,1347
2744,27779293,25.7025086,1905,1770,1615,1699,1610,1460
2745,27789293,25.7053336,1882,1747,1472,1686,1566,1349
2746,27799293,26.0482868,1895,1749,1585,1696,1588,1461
2747,27809293,26.0498173,1881,1762,1520,1690,1579,1390
2748,27819293,26.0516438,1885,1744,1566,1693,1570,1431
2749,27829293,26.053458,1891,1759,1535,1694,1576,1402
2750,27839293,26.0560756,1885,1744,1518,1695,1571,1387
2751,27849293,26.0594363,1904,1751,1573,1705,1585,1433
2752,27859293,26.0613314,1895,1763,1429,1696,1589,1308
2753,27869293,26.0631587,1920,1797,1757,1723,1616,1575
2754,27879293,26.0651557,1883,1773,1430,1693,1604,1312
2755,27889293,26.0672028,1735,1587,1283,1574,1402,1231
2756,27899293,26.06968,1859,1755,1418,1673,1575,1285
2757,27909293,26.0720747,1887,1782,1443,1695,1601,1307
2758,27919293,26.076786,1871,1825,1513,1681,1644,1402
2759,27929293,26.0817584,1840,1716,1356,1648,1552,1277
2760,27939293,26.0846867,1901,1774,1632,1707,1591,1480
2761,27949293,26.0875061,1872,1763,1431,1678,1586,1318
2762,27959293,26.0891408,1919,1811,1706,1711,1634,1557
2763,27969293,26.0928034,1885,1772,1456,1685,1592,1340
2764,27979293,26.0966128,1919,1744,1654,1711,1580,1501
2765,27989293,26.100167,1893,1778,1521,1695,1601,1385
2766,27999293,26.1018447,1889,1718,1535,1705,1549,1402
2767,28009293,26.1057801,1892,1762,1507,1698,1583,1373
2768,28019293,26.1080319,1875,1718,1499,1682,1560,1389
2769,28029293,26.1099622,1890,1766,1581,1699,1579,1443
2770,28039293,26.1160185,1876,1744,1513,1683,1583,1364
2771,28049293,26.1276066,1893,1751,1594,1696,1588,1452
2772,28059293,26.1323109,1883,1745,1493,1695,1574,1374
2773,28069293,26.135554,1901,1744,1559,1705,1548,1432
2774,28079293,26.1368958,1872,1731,1475,1670,1570,1363
2775,28089293,26.1383476,1905,1761,1606,1704,1586,1454
2776,28099293,26.1407883,1862,1746,1428,1671,1569,1295
2777,28109293,26.1449247,1904,1790,1661,1713,1600,1508
2778,28119293,26.1468998,1875,1765,1419,1678,1590,1313
2779,28129293,26.1479882,1950,1727,1707,1736,1566,1543
2780,28139293,26.1492111,1893,1773,1485,1690,1598,1364
2781,28149293,26.1504115,1897,1714,1584,1703,1553,1472
2782,28159293,26.1516925,1898,1766,1566,1696,1593,1421
2783,28169293,26.1542846,1869,1718,1457,1676,1548,1346
2784,28179293,26.1560523,1904,1766,1607,1709,1586,1469
2785,28189293,26.159546,1875,1745,1463,1675,1570,1338
2786,28199293,26.160691,1904,1767,1630,1704,1600,1475
2787,28209293,26.162347,1888,1741,1498,1695,1588,1361
2788,28219293,26.1640698,1904,1734,1575,1705,1568,1436
2789,28229293,26.1660297,1891,1754,1520,1698,1585,1419
2790,28239293,26.1680372,1878,1732,1523,1673,1559,1402
2791,28249293,26.1693942,1890,1759,1576,1693,1586,1438
2792,28259293,26.4333671,1881,1742,1504,1683,1589,1402
2793,28269293,26.4348828,1898,1751,1584,1696,1598,1453
2794,28279293,26.4369863,1888,1747,1479,1693,1582,1353
2795,28289293,26.4380997,1904,1693,1771,1720,1539,1618
2796,28299293,26.4393966,1888,1773,1474,1688,1600,1338
2797,28309293,26.4431319,1824,1729,1363,1635,1555,1244
2798,28319292,26.4489909,1858,1785,1516,1677,1626,1386
2799,28329293,26.4531913,1871,1783,1422,1672,1600,1310
2800,28339293,26.4559511,1929,1853,1678,1718,1664,1519
2801,28349293,26.458348,1875,1763,1423,1685,1592,1305
2802,28359293,26.4609945,1938,1818,1727,1750,1642,1548
2803,28369293,26.4642024,1867,1775,1469,1675,1614,1349
2804,28379293,26.466264,1911,1661,1634,1723,1516,1495
2805,28389293,26.4684618,1899,1761,1517,1703,1591,1384
2806,28399293,26.4703533,1871,1697,1502,1678,1540,1379
2807,28409293,26.4726467,1904,1759,1589,1703,1583,1443
2808,28419293,26.4761554,1872,1730,1459,1678,1562,1346
2809,28429293,26.4787028,1909,1758,1626,1709,1585,1465
2810,28439293,26.4800341,1890,1744,1477,1691,1574,1351
2811,28449293,26.4815022,1893,1748,1602,1700,1580,1464
2812,28459293,26.4835599,1877,1755,1517,1683,1585,1378
2813,28469293,26.4871135,1887,1734,1561,1692,1566,1429
2814,28479293,26.4905082,1895,1755,1535,1694,1580,1419
2815,28489293,26.4928492,1891,1739,1518,1690,1562,1390
2816,28499293,26.496013,1903,1767,1471,1703,1591,1340
2817,28509293,26.4984769,1919,1771,1683,1724,1594,1520
2818,28519293,26.5043715,1867,1770,1423,1667,1584,1309
2819,28529293,26.508752,1949,1754,1766,1740,1585,1586
2820,28539293,26.5109562,1901,1777,1491,1696,1600,1351
2821,28549293,26.5190058,1850,1660,1462,1667,1500,1359
2822,28559293,26.5213803,1907,1749,1567,1705,1581,1429
2823,28569293,26.5266707,1842,1723,1455,1654,1568,1336
2824,28579293,26.5290736,1905,1767,1622,1705,1589,1474
2825,28589293,26.5381539,1878,1751,1443,1683,1585,1337
2826,28599293,26.5425327,1901,1763,1650,1704,1592,1497
2827,28609293,26.5464014,1889,1744,1487,1689,1583,1354
2828,28619293,26.5490137,1888,1723,1581,1698,1557,1442
2829,28629293,26.551389,1902,1766,1535,1702,1591,1401
2830,28639293,26.7807058,1887,1728,1509,1688,1561,1385
2831,28649293,26.782964,1894,1758,1583,1704,1586,1442
2832,28659293,26.7872514,1879,1744,1482,1685,1574,1364
2833,28669293,26.7925264,1903,1762,1609,1706,1583,1460
2834,28679293,26.7953338,1875,1750,1504,1684,1581,1375
2835,28689294,26.7979699,1890,1746,1586,1695,1584,1443
2836,28699293,26.8001323,1893,1749,1533,1694,1583,1376
2837,28709293,26.8022021,1890,1746,1533,1704,1569,1399
2838,28719293,26.8054986,1894,1714,1632,1693,1550,1495
2839,28729293,26.8078848,1895,1762,1514,1700,1596,1376
2840,28739293,26.8097479,1840,1725,1379,1650,1549,1297
2841,28749293,26.8112991,1926,1783,1616,1710,1585,1460
2842,28759293,26.8132258,1866,1753,1407,1673,1577,1296
2843,28769293,26.8151015,1909,1837,1706,1705,1628,1535
2844,28779293,26.8167213,1882,1751,1424,1682,1589,1313
2845,28789293,26.8181989,1910,1776,1677,1695,1600,1516
2846,28799293,26.8213505,1878,1765,1474,1687,1595,1350
2847,28809293,26.8237463,1889,1690,1566,1701,1540,1437
2848,28819293,26.8262312,1893,1757,1522,1700,1583,1394
2849,28829293,26.828112,1879,1729,1501,1689,1558,1375
2850,28839293,26.8301583,1899,1761,1574,1701,1590,1435
2851,28849293,26.831937,1887,1742,1495,1690,1574,1369
2852,28859293,26.8335032,1899,1749,1587,1705,1579,1448
2853,28869293,26.8353133,1887,1743,1517,1693,1574,1364
2854,28879293,26.8390072,1891,1747,1578,1694,1578,1441
2855,28889293,26.8491088,1887,1753,1527,1686,1575,1396
2856,28899293,26.8515864,1892,1739,1535,1685,1570,1402
2857,28909293,26.854329,1898,1759,1535,1694,1584,1402
2858,28919293,26.8588175,1894,1744,1424,1694,1581,1312
2859,28929293,26.8653373,1920,1771,1706,1726,1599,1539
2860,28939293,26.8682763,1873,1764,1396,1678,1586,1296
2861,28949293,27.105085,2019,1691,1904,1801,1557,1727
2862,28959293,27.1059927,1890,1771,1442,1691,1592,1329
2863,28969293,27.1070494,1856,1616,1511,1678,1465,1429
2864,28979293,27.108121,1903,1758,1520,1704,1588,1388
2865,28989293,27.1094033,1832,1707,1421,1640,1534,1313
2866,28999293,27.1112947,1914,1759,1609,1713,1589,1453
2867,29009293,27.1138058,1872,1725,1449,1675,1562,1328
2868,29019293,27.1159567,1905,1760,1647,1704,1589,1484
2869,29029293,27.1183095,1875,1745,1470,1684,1573,1346
2870,29039293,27.1198418,1903,1746,1612,1695,1577,1468
2871,29049293,27.1212268,1889,1760,1514,1695,1591,1382
2872,29059293,27.122255,1899,1743,1561,1705,1574,1429
2873,29069293,27.1231497,1893,1754,1579,1700,1581,1402
2874,29079293,27.1243727,1883,1730,1517,1686,1553,1392
2875,29089293,27.1254396,1895,1761,1599,1696,1585,1452
2876,29099293,27.1266065,1873,1743,1510,1683,1578,1378
2877,29109293,27.1275668,1893,1753,1591,1695,1580,1447
2878,29119293,27.1282935,1885,1744,1508,1668,1575,1385
2879,29129293,27.12903,1892,1750,1571,1704,1576,1428
2880,29139293,27.1297656,1905,1776,1462,1708,1598,1337
2881,29149293,27.1314587,1955,1778,1823,1747,1612,1611
2882,29159293,27.1338168,1881,1765,1421,1685,1594,1303
2883,29169293,27.1354897,1765,1654,1303,1584,1486,1221
2884,29179293,27.1372433,1918,1760,1506,1718,1583,1360
2885,29189293,27.1390266,1831,1744,1369,1641,1565,1266
2886,29199293,27.1415571,1870,1815,1603,1665,1624,1452
2887,29209293,27.1432139,1861,1753,1398,1666,1583,1285
2888,29219293,27.1445047,1901,1790,1664,1699,1612,1502
2889,29229293,27.1458347,1876,1776,1455,1681,1595,1332
2890,29239293,27.3749432,1935,1751,1714,1727,1599,1553
2891,29249293,27.3765847,1886,1775,1487,1690,1593,1351
2892,29259293,27.3785941,1911,1714,1594,1706,1556,1456
2893,29269293,27.3917546,1894,1767,1533,1695,1588,1394
2894,29279293,27.3960379,1882,1723,1495,1687,1552,1383
2895,29289293,27.3996936,1898,1763,1572,1698,1582,1434
2896,29299293,27.4030075,1887,1739,1471,1683,1566,1352
2897,29309293,27.405226,1901,1759,1605,1701,1575,1464
2898,29319293,27.409729,1877,1751,1507,1679,1574,1372
2899,29329293,27.4149159,1889,1744,1585,1699,1580,1447
2900,29339293,27.4171211,1895,1757,1522,1698,1578,1387
2901,29349293,27.4236503,1897,1743,1535,1705,1566,1402
2902,29359293,27.427201,1895,1765,1532,1691,1586,1397
2903,29369293,27.4311736,1873,1652,1706,1695,1521,1574
2904,29379293,27.4339643,1891,1785,1503,1681,1606,1364
2905,29389293,27.4389249,1849,1744,1377,1653,1571,1268
2906,29399293,27.4474353,1889,1782,1616,1705,1600,1465
2907,29409293,27.4516683,1863,1763,1411,1664,1598,1303
2908,29419293,27.453249,1911,1842,1687,1704,1639,1521
2909,29429293,27.4609696,1878,1771,1427,1672,1589,1314
2910,29439293,27.4634925,1930,1802,1699,1727,1626,1521
2911,29449293,27.4665016,1878,1770,1479,1679,1596,1348
2912,29459293,27.4685803,1901,1650,1585,1706,1512,1466
2913,29469293,27.4715353,1899,1775,1517,1694,1589,1384
2914,29479293,27.4797847,1878,1725,1490,1684,1548,1368
2915,29489293,27.4889788,1905,1770,1595,1709,1599,1445
2916,29499293,27.4917487,1877,1734,1479,1679,1562,1351
2917,29509293,27.4936797,1903,1737,1604,1705,1582,1451
2918,29519293,27.495803,1875,1745,1488,1700,1574,1367
2919,29529293,27.4985193,1872,1744,1584,1681,1579,1446
2920,29539293,27.5008676,1886,1751,1520,1690,1578,1392
2921,29549293,27.5031149,1889,1739,1559,1690,1568,1428
2922,29559293,27.5086964,1888,1750,1535,1703,1578,1402
2923,29569293,27.5107826,1887,1742,1501,1695,1563,1402
2924,29579293,27.5127387,1909,1731,1693,1701,1566,1543
2925,29589293,27.5168135,1888,1765,1474,1697,1596,1347
2926,29599293,27.5192861,1842,1675,1429,1653,1494,1339
2927,29609293,27.7004851,1920,1757,1535,1717,1588,1402
2928,29619293,27.7012194,1847,1735,1405,1665,1562,1297
2929,29629293,27.7019509,1904,1795,1651,1705,1603,1494
2930,29639293,27.7030033,1878,1759,1435,1674,1579,1313
2931,29649293,27.7041381,1902,1776,1651,1707,1575,1499
2932,29659293,27.705181,1872,1749,1469,1683,1585,1342
2933,29669293,27.7062979,1890,1731,1613,1716,1571,1458
2934,29679293,27.7077976,1889,1761,1515,1705,1580,1386
2935,29689293,27.7092446,1895,1742,1535,1700,1570,1402
2936,29699293,27.711252,1898,1771,1583,1705,1591,1433
2937,29709293,27.7128421,1883,1739,1510,1695,1572,1388
2938,29719293,27.7146952,1902,1763,1581,1705,1579,1438
2939,29729293,27.7165421,1883,1743,1490,1687,1562,1366
2940,29739293,27.7184784,1899,1762,1594,1699,1578,1447
2941,29749293,27.720601,1872,1749,1521,1688,1581,1402
2942,29759293,27.722444,1882,1742,1568,1683,1576,1432
2943,29769293,27.7239311,1889,1749,1533,1697,1579,1399
2944,29779293,27.7251387,1893,1744,1535,1697,1575,1402
2945,29789293,27.7266318,1901,1773,1511,1704,1593,1364
2946,29799293,27.7276542,1925,1757,1779,1731,1578,1596
2947,29809293,27.7286276,1872,1763,1431,1674,1593,1309
2948,29819293,27.9587317,1849,1598,1554,1672,1448,1467
2949,29829293,27.9608587,1909,1764,1495,1705,1588,1361
2950,29839293,27.9628175,1843,1711,1399,1651,1555,1298
2951,29849293,27.9642465,1905,1776,1630,1713,1595,1474
2952,29859293,27.9658462,1854,1750,1412,1652,1574,1300
2953,29869293,27.9669566,1898,1763,1669,1698,1585,1517
2954,29879293,27.9676531,1881,1763,1468,1684,1598,1342
2955,29889293,27.9682678,1904,1755,1653,1705,1588,1502
2956,29899293,27.9690635,1886,1760,1483,1687,1586,1363
2957,29909293,27.9703736,1892,1744,1561,1691,1561,1433
2958,29919293,27.9714529,1893,1780,1535,1697,1602,1402
2959,29929293,27.973,1884,1741,1509,1685,1571,1385
2960,29939293,27.9745738,1904,1760,1589,1704,1585,1448
2961,29949293,27.9762843,1882,1743,1489,1686,1569,1364
2962,29959293,27.9781734,1887,1750,1588,1695,1590,1456
2963,29969293,27.9796932,1878,1746,1517,1684,1579,1383
2964,29979293,27.9810688,1891,1745,1582,1695,1574,1441
2965,29989293,27.9825008,1893,1755,1492,1700,1586,1376
2966,29999293,27.9840282,1893,1763,1450,1700,1585,1330
2967,30009293,27.985519,1925,1774,1723,1721,1596,1547
2968,30019293,27.9884351,1859,1752,1404,1691,1586,1285
2969,30029293,27.9896747,2007,1703,1910,1796,1574,1708
2970,30039293,27.9921663,1885,1767,1435,1692,1593,1329
2971,30049293,27.9936843,1846,1605,1485,1667,1458,1390
2972,30059293,27.9956408,1894,1760,1535,1698,1591,1394
2973,30069293,27.9973214,1837,1711,1423,1649,1539,1323
2974,30079293,27.998611,1909,1762,1620,1714,1587,1461
2975,30089293,28.0069159,1863,1730,1423,1674,1564,1323
2976,30099293,28.17054,1893,1764,1639,1696,1604,1481
2977,30109293,28.1720182,1883,1750,1486,1685,1577,1349
2978,30119293,28.1737708,1904,1749,1610,1699,1579,1470
2979,30129293,28.1752666,1891,1765,1520,1699,1588,1388
2980,30139293,28.1769444,1893,1735,1567,1695,1569,1424
2981,30149293,28.1787142,1891,1760,1562,1704,1585,1402
2982,30159293,28.1806636,1888,1726,1511,1691,1558,1380
2983,30169293,28.182615,1897,1759,1584,1705,1585,1448
2984,30179293,28.184112,1873,1745,1515,1684,1574,1381
2985,30189293,28.1855729,1894,1756,1573,1689,1581,1454
2986,30199293,28.1881301,1886,1753,1506,1696,1579,1390
2987,30209293,28.1898001,1899,1749,1535,1705,1583,1419
2988,30219293,28.1915722,1891,1712,1680,1708,1553,1539
2989,30229293,28.1930131,1887,1771,1488,1685,1594,1354
2990,30239293,28.1942421,1853,1690,1433,1664,1520,1316
2991,30249293,28.1953862,1933,1767,1573,1726,1598,1402
2992,30259293,28.1979043,1855,1743,1411,1657,1569,1300
2993,30269293,28.1996503,1897,1790,1660,1706,1612,1502
2994,30279293,28.2010764,1872,1751,1424,1677,1579,1316
2995,30289293,28.2102471,1898,1776,1669,1701,1598,1512
2996,30299293,28.2560928,1872,1759,1465,1679,1586,1341
2997,30309293,28.2573709,1891,1719,1602,1701,1549,1456
2998,30319293,28.2582315,1887,1759,1511,1698,1578,1378
2999,30329293,28.258956,1891,1731,1513,1695,1562,1402
3000,30339293,28.2595852,1894,1765,1573,1704,1586,1419
3001,30349293,28.4145636,1883,1744,1511,1690,1576,1390
3002,30359293,28.4158104,1905,1761,1589,1705,1595,1442
3003,30369293,28.4165691,1894,1745,1491,1690,1576,1377
3004,30379293,28.417432,1892,1746,1578,1693,1585,1440
3005,30389293,28.418163,1879,1751,1562,1680,1582,1392
3006,30399293,28.4195878,1891,1744,1566,1694,1575,1426
3007,30409293,28.4204656,1893,1753,1535,1690,1583,1402
3008,30419293,28.4213944,1882,1754,1526,1695,1570,1399
3009,30429293,28.422048,1894,1749,1562,1699,1585,1419
3010,30439293,28.4226004,1846,1706,1475,1664,1524,1376
3011,30449293,28.4230908,1909,1763,1587,1711,1591,1440
3012,30459293,28.4236911,1865,1755,1408,1673,1575,1292
3013,30469293,28.4243618,1893,1781,1663,1699,1598,1506
3014,30479293,28.4253852,1874,1762,1404,1679,1596,1299
3015,30489293,28.4262023,1945,1806,1742,1736,1630,1568
3016,30499293,28.4279249,1885,1775,1441,1685,1602,1352
3017,30509293,28.4291789,1929,1740,1739,1724,1577,1555
3018,30519293,28.5840631,1883,1766,1501,1690,1594,1379
3019,30529293,28.5849616,1869,1680,1509,1683,1521,1379
3020,30539293,28.5866146,1904,1757,1535,1705,1588,1402
3021,30549293,28.5876235,1870,1725,1461,1681,1556,1338
3022,30559293,28.5883964,1905,1763,1619,1708,1589,1473
3023,30569293,28.589035,1888,1746,1472,1689,1572,1358
3024,30579293,28.5895729,1904,1753,1583,1701,1579,1447
3025,30589293,28.5905814,1887,1753,1501,1691,1581,1373
3026,30599293,28.5912887,1883,1739,1568,1691,1571,1437
3027,30609293,28.5918683,1887,1758,1535,1696,1587,1401
3028,30619293,28.592356,1888,1744,1504,1692,1571,1401
3029,30629293,28.5928654,1895,1758,1562,1708,1585,1425
3030,30639293,28.5934255,1886,1735,1507,1691,1566,1366
3031,30649293,28.5940139,1898,1744,1575,1701,1585,1435
3032,30659293,28.5945471,1856,1711,1530,1666,1543,1434
3033,30669293,28.5950768,1904,1765,1569,1701,1594,1402
3034,30679293,28.5959933,1861,1731,1411,1700,1560,1306
