seq,t_us,wall_s,raw_x,raw_y,raw_z,mv_x,mv_y,mv_z
84,1179289,0.194906,1903,1731,1442,1705,1566,1326
85,1189289,0.2194079,1904,1730,1440,1704,1560,1326
86,1199289,0.2344786,1900,1733,1449,1705,1566,1325
87,1209289,0.243867,1905,1728,1442,1705,1563,1325
88,1219288,0.2736976,1902,1727,1445,1707,1562,1325
89,1229289,0.2810629,1909,1734,1445,1703,1562,1325
90,1239289,0.2829437,1918,1731,1442,1705,1570,1326
91,1249289,0.2856904,1901,1735,1441,1703,1562,1319
92,1259289,0.2882353,1904,1731,1455,1704,1564,1325
93,1269289,0.2911876,1901,1729,1440,1703,1560,1322
94,1279289,0.2943471,1904,1725,1447,1705,1557,1323
95,1289289,0.296584,1904,1720,1434,1704,1564,1323
96,1299289,0.2996617,1899,1730,1453,1707,1558,1328
97,1309289,0.3027066,1902,1727,1438,1705,1563,1324
98,1319289,0.3051314,1903,1730,1442,1706,1561,1320
99,1329289,0.3074141,1905,1727,1443,1704,1562,1319
100,1339288,0.3094716,1899,1728,1440,1707,1563,1325
101,1349288,0.3119687,1904,1732,1426,1698,1566,1328
102,1359289,0.3151744,1905,1725,1431,1707,1569,1337
103,1369289,0.3183253,1898,1728,1443,1705,1559,1317
104,1379289,0.3204962,1897,1730,1440,1702,1563,1324
105,1389289,0.3231541,1905,1722,1443,1701,1564,1323
106,1399288,0.325438,1895,1729,1442,1706,1562,1323
107,1409288,0.3281938,1901,1708,1440,1705,1566,1326
108,1419289,0.3322193,1904,1722,1439,1704,1562,1329
109,1429288,0.3353899,1902,1727,1439,1708,1565,1320
110,1439288,0.3381287,1901,1727,1443,1706,1557,1324
111,1449288,0.3404262,1903,1728,1440,1704,1562,1325
112,1459289,0.342627,1898,1727,1443,1702,1560,1323
113,1469289,0.3444623,1873,1727,1441,1704,1559,1328
114,1479289,0.3468687,1904,1738,1443,1704,1562,1329
115,1489289,0.3492817,1902,1728,1443,1701,1561,1328
116,1499289,0.3513527,1899,1733,1439,1704,1549,1337
117,1509289,0.3531152,1902,1723,1441,1705,1562,1323
118,1519289,0.3551348,1895,1729,1438,1705,1558,1321
119,1529289,0.3572833,1902,1729,1440,1704,1562,1319
120,1539289,0.3591462,1904,1732,1437,1706,1565,1325
121,1549288,0.361453,1902,1729,1442,1705,1558,1327
122,1559288,0.3639847,1900,1727,1443,1704,1562,1322
123,1569289,0.36617,1901,1739,1440,1705,1555,1325
124,1579289,0.3687923,1904,1733,1439,1705,1562,1324
125,1589289,0.3714387,1903,1734,1447,1704,1563,1323
126,1599288,0.3736136,1895,1727,1433,1699,1561,1323
127,1609289,0.3755853,1901,1728,1442,1705,1561,1327
128,1619289,0.3787892,1897,1716,1439,1703,1568,1328
129,1629289,0.3814605,1906,1726,1443,1705,1562,1323
130,1639289,0.3835456,1904,1728,1439,1705,1565,1335
131,1649289,0.3854676,1900,1733,1433,1705,1553,1327
132,1659289,0.387397,1903,1737,1438,1705,1556,1327
133,1669289,0.3891833,1905,1731,1434,1705,1560,1327
134,1679288,0.3908333,1904,1730,1446,1701,1559,1323
135,1689289,0.3931301,1901,1729,1434,1702,1553,1320
136,1699289,0.3951909,1901,1729,1446,1702,1560,1329
137,1709289,0.397145,1925,1706,1437,1705,1553,1323
138,1719289,0.399007,1904,1722,1445,1705,1558,1319
139,1729288,0.4006767,1904,1722,1436,1705,1560,1325
140,1739289,0.4023663,1904,1728,1435,1704,1562,1322
141,1749289,0.4039993,1902,1731,1439,1704,1562,1324
142,1759289,0.4056613,1903,1732,1437,1707,1561,1328
143,1769289,0.4077681,1898,1717,1440,1704,1562,1320
144,1779288,0.4103537,1895,1732,1440,1703,1563,1320
145,1789288,0.4122135,1904,1728,1434,1706,1562,1324
146,1799288,0.4139139,1903,1729,1441,1704,1562,1323
147,1809289,0.4155651,1899,1729,1451,1704,1561,1325
148,1819289,0.4173847,1904,1727,1441,1705,1561,1316
149,1829289,0.4190192,1906,1728,1435,1697,1553,1325
150,1839289,0.420583,1901,1726,1441,1709,1562,1324
151,1849289,0.4221787,1895,1727,1438,1704,1557,1325
152,1859289,0.4255278,1904,1730,1445,1718,1568,1319
153,1869288,0.4275025,1899,1729,1440,1703,1563,1324
154,1879288,0.4293495,1899,1727,1442,1704,1564,1325
155,1889289,0.431168,1904,1723,1439,1699,1565,1326
156,1899289,0.4331972,1893,1726,1437,1704,1559,1326
157,1909289,0.4351096,1902,1737,1453,1705,1562,1356
158,1919288,0.4374775,1903,1725,1439,1701,1555,1328
159,1929289,0.4404986,1904,1728,1456,1701,1564,1307
160,1939289,0.4432136,1909,1731,1438,1705,1566,1328
161,1949289,0.4456508,1904,1724,1446,1706,1562,1321
162,1959289,0.4477252,1898,1729,1441,1700,1565,1325
163,1969289,0.4496761,1913,1726,1439,1705,1562,1320
164,1979288,0.4517868,1903,1732,1445,1708,1561,1327
165,1989288,0.455759,1899,1728,1456,1701,1562,1332
166,1999289,0.4582997,1894,1728,1467,1707,1562,1337
167,2009289,0.4604427,1901,1732,1431,1679,1563,1320
168,2019289,0.4625267,1899,1729,1431,1705,1560,1332
169,2029288,0.4648454,1903,1728,1442,1694,1561,1325
170,2039289,0.4672775,1903,1730,1445,1703,1564,1324
171,2049289,0.469617,1881,1730,1437,1704,1562,1315
172,2059289,0.4724185,1901,1729,1441,1707,1565,1326
173,2069289,0.4747799,1905,1744,1436,1705,1562,1323
174,2079289,0.4770373,1901,1734,1440,1705,1557,1328
175,2089288,0.4793805,1902,1722,1445,1705,1562,1319
176,2099289,0.4818317,1901,1711,1442,1704,1558,1324
177,2109289,0.4843137,1906,1722,1440,1707,1563,1317
178,2119288,0.4882088,1905,1730,1439,1696,1570,1319
179,2129289,0.4912884,1903,1730,1440,1700,1563,1324
180,2139289,0.4934452,1903,1740,1441,1705,1562,1327
181,2149289,0.4956418,1911,1728,1441,1704,1573,1319
182,2159289,0.4979093,1902,1730,1442,1707,1566,1326
183,2169289,0.49995,1909,1729,1440,1704,1563,1327
184,2179289,0.5024034,1903,1724,1437,1705,1559,1323
185,2189289,0.5044022,1902,1726,1437,1699,1563,1328
186,2199289,0.5064993,1925,1733,1443,1704,1566,1330
187,2209289,0.5083636,1909,1723,1447,1706,1561,1330
188,2219289,0.5101492,1905,1736,1451,1700,1561,1326
189,2229289,0.5124608,1895,1735,1439,1698,1562,1327
190,2239289,0.5141722,1910,1726,1450,1705,1559,1311
191,2249289,0.5166618,1911,1730,1439,1704,1560,1327
192,2259288,0.5194035,1909,1731,1427,1705,1559,1326
193,2269289,0.5219043,1898,1727,1442,1705,1562,1322
194,2279289,0.5243059,1903,1730,1445,1708,1558,1324
195,2289289,0.526957,1904,1728,1437,1707,1543,1328
196,2299288,0.5293912,1902,1733,1438,1705,1565,1320
197,2309289,0.5325863,1908,1703,1455,1703,1562,1327
198,2319289,0.5356641,1901,1733,1440,1705,1563,1329
199,2329289,0.5384239,1923,1733,1443,1700,1561,1320
200,2339289,0.5408277,1898,1739,1440,1706,1561,1326
201,2349288,0.5430804,1873,1723,1443,1716,1563,1323
202,2359288,0.5450762,1895,1733,1440,1705,1561,1323
203,2369288,0.5471561,1904,1731,1441,1698,1561,1334
204,2379289,0.549777,1907,1738,1444,1696,1566,1312
205,2389289,0.5521207,1894,1730,1445,1704,1562,1325
206,2399289,0.5547256,1905,1730,1447,1703,1561,1321
207,2409289,0.5574542,1904,1730,1441,1708,1561,1319
208,2419289,0.5604391,1906,1737,1445,1704,1557,1332
209,2429289,0.5649966,1905,1710,1440,1707,1562,1332
210,2439289,0.5676151,1906,1729,1438,1705,1566,1323
211,2449289,0.5705039,1885,1734,1441,1692,1565,1325
212,2459289,0.5727405,1904,1730,1443,1705,1563,1323
213,2469289,0.575695,1903,1728,1439,1706,1561,1330
214,2479289,0.5792012,1899,1728,1440,1704,1562,1328
215,2489289,0.5818851,1910,1729,1447,1705,1563,1328
216,2499289,0.5846789,1902,1741,1448,1703,1555,1325
217,2509289,0.5873546,1905,1734,1442,1705,1561,1323
218,2519289,0.5899216,1904,1729,1443,1705,1564,1323
219,2529289,0.5922465,1905,1731,1441,1705,1561,1324
220,2539289,0.5952402,1904,1730,1437,1707,1566,1327
221,2549289,0.5976984,1894,1726,1437,1705,1561,1328
222,2559289,0.6004432,1907,1720,1441,1705,1565,1325
223,2569289,0.6032282,1901,1719,1458,1697,1562,1323
224,2579289,0.605359,1901,1735,1444,1696,1565,1335
225,2589289,0.6075598,1904,1727,1441,1706,1559,1321
226,2599289,0.6098464,1899,1731,1438,1702,1585,1329
227,2609289,0.6125106,1903,1728,1437,1705,1560,1330
228,2619289,0.6159398,1904,1716,1446,1705,1566,1332
229,2629289,0.6187838,1899,1738,1453,1701,1560,1327
230,2639289,0.6216775,1904,1722,1443,1705,1562,1323
231,2649289,0.6242298,1904,1725,1442,1705,1556,1319
232,2659289,0.6271215,1901,1732,1429,1704,1564,1323
233,2669289,0.6302393,1903,1749,1450,1688,1559,1328
234,2679289,0.6331937,1905,1727,1435,1702,1565,1325
235,2689289,0.6358489,1906,1734,1443,1697,1560,1323
236,2699289,0.6387582,1902,1728,1443,1705,1559,1330
237,2709288,0.6418015,1904,1728,1445,1705,1562,1324
238,2719288,0.6453387,1901,1728,1438,1704,1556,1325
239,2729288,0.6486429,1904,1729,1445,1701,1561,1326
240,2739289,0.6516876,1902,1727,1434,1696,1561,1323
241,2749288,0.6546638,1906,1735,1442,1705,1563,1319
242,2759289,0.6581118,1903,1727,1451,1705,1561,1328
243,2769289,0.6621752,1904,1735,1447,1705,1562,1327
244,2779289,0.6651086,1903,1729,1436,1705,1566,1332
245,2789289,0.6676766,1911,1728,1438,1704,1563,1320
246,2799289,0.670318,1899,1727,1440,1705,1561,1321
247,2809289,0.6725438,1899,1701,1440,1704,1562,1323
248,2819289,0.6753392,1879,1735,1443,1679,1562,1330
249,2829288,0.6776226,1899,1731,1434,1707,1560,1328
250,2839289,0.6798765,1904,1729,1442,1710,1562,1326
251,2849289,0.6821163,1901,1727,1450,1704,1565,1323
252,2859289,0.6843168,1920,1728,1439,1711,1563,1318
253,2869288,0.6864228,1903,1725,1439,1708,1561,1327
254,2879289,0.6891523,1906,1730,1446,1697,1566,1322
255,2889289,0.6920711,1899,1731,1438,1702,1564,1328
256,2899289,0.6949004,1899,1722,1429,1704,1559,1327
257,2909289,0.697794,1902,1729,1425,1700,1560,1324
258,2919289,0.6999793,1909,1725,1436,1705,1560,1327
259,2929289,0.7022778,1897,1734,1435,1705,1560,1322
260,2939289,0.7047111,1893,1733,1435,1709,1562,1324
261,2949289,0.7075734,1903,1729,1437,1705,1549,1328
262,2959289,0.7096734,1905,1733,1446,1705,1557,1326
263,2969289,0.7117233,1902,1737,1442,1705,1562,1325
264,2979288,0.7136429,1903,1711,1440,1708,1565,1318
265,2989289,0.7157103,1902,1727,1441,1704,1569,1326
266,2999289,0.7175864,1904,1728,1439,1703,1571,1326
267,3009289,0.7197048,1899,1722,1437,1705,1571,1333
268,3019289,0.7226022,1904,1735,1443,1707,1565,1324
269,3029289,0.7249237,1895,1734,1439,1697,1563,1330
270,3039289,0.7270277,1904,1732,1442,1702,1558,1320
271,3049289,0.7291418,1901,1725,1443,1696,1562,1332
272,3059289,0.7312247,1899,1728,1445,1704,1562,1324
273,3069289,0.7333625,1895,1728,1447,1707,1560,1323
274,3079288,0.7358555,1904,1727,1435,1706,1561,1329
275,3089289,0.7380443,1904,1734,1437,1705,1562,1320
276,3099289,0.7399803,1904,1728,1442,1707,1563,1317
277,3109289,0.7418477,1904,1730,1453,1705,1556,1329
278,3119289,0.7438669,1909,1728,1424,1705,1557,1323
279,3129289,0.7459161,1898,1735,1433,1707,1572,1320
280,3139289,0.7479306,1922,1737,1442,1704,1562,1311
281,3149289,0.7499,1903,1727,1424,1704,1561,1325
282,3159289,0.7528041,1902,1738,1445,1708,1563,1324
283,3169289,0.7552463,1902,1727,1457,1706,1562,1328
284,3179289,0.7577428,1903,1730,1433,1705,1561,1323
285,3189288,0.7601859,1901,1725,1433,1701,1562,1325
286,3199289,0.7623748,1899,1725,1439,1699,1555,1320
287,3209289,0.7642691,1883,1728,1442,1705,1566,1328
288,3219289,0.7660262,1905,1733,1456,1705,1571,1323
289,3229289,0.7678112,1888,1735,1442,1706,1563,1323
290,3239289,0.7698317,1903,1729,1445,1709,1564,1317
291,3249289,0.7716105,1899,1728,1433,1704,1565,1330
292,3259289,0.7733037,1903,1728,1437,1705,1565,1323
293,3269288,0.7749201,1879,1729,1447,1704,1568,1327
294,3279289,0.7774968,1904,1731,1435,1705,1562,1325
295,3289289,0.7803947,1905,1728,1450,1703,1556,1319
296,3299289,0.7828407,1901,1727,1441,1705,1562,1319
297,3309289,0.786234,1898,1727,1441,1696,1560,1336
298,3319289,0.7882436,1898,1728,1439,1701,1560,1311
299,3329288,0.790132,1902,1725,1448,1702,1566,1328
300,3339289,0.7922012,1902,1735,1431,1704,1550,1328
301,3349289,0.7942773,1904,1731,1447,1699,1566,1326
302,3359289,0.796307,1899,1735,1444,1704,1575,1337
303,3369289,0.7984052,1910,1734,1442,1705,1561,1328
304,3379289,0.8015613,1904,1727,1448,1708,1563,1325
305,3389289,0.8042583,1906,1728,1441,1705,1562,1319
306,3399289,0.8059088,1902,1732,1441,1711,1565,1327
307,3409289,0.8076346,1895,1727,1446,1698,1562,1324
308,3419289,0.8092186,1905,1731,1442,1705,1557,1337
309,3429289,0.8107859,1904,1726,1439,1703,1565,1332
310,3439289,0.8123686,1902,1729,1439,1708,1562,1327
311,3449289,0.8140152,1904,1728,1442,1704,1562,1316
312,3459289,0.8167991,1907,1735,1438,1703,1562,1323
313,3469289,0.8187572,1925,1730,1441,1718,1565,1325
314,3479289,0.8209091,1904,1725,1439,1704,1565,1315
315,3489289,0.8227788,1899,1727,1443,1705,1557,1324
316,3499289,0.8246875,1902,1730,1445,1700,1563,1323
317,3509289,0.8265595,1883,1729,1444,1704,1562,1324
318,3519289,0.8287362,1909,1730,1440,1704,1562,1325
319,3529288,0.8314201,1904,1725,1439,1697,1563,1319
320,3539289,0.8332165,1901,1737,1440,1706,1566,1319
321,3549289,0.8350042,1907,1730,1445,1704,1566,1320
322,3559289,0.8367554,1909,1730,1459,1703,1572,1320
323,3569289,0.8385061,1904,1730,1425,1706,1562,1328
324,3579289,0.8405285,1893,1729,1440,1706,1561,1323
325,3589289,0.8427297,1903,1728,1429,1704,1563,1325
326,3599288,0.8445054,1902,1733,1454,1704,1562,1326
327,3609289,0.8471961,1901,1735,1440,1707,1561,1322
328,3619289,0.8491139,1903,1731,1441,1703,1563,1329
329,3629288,0.8509082,1906,1731,1439,1706,1558,1329
330,3639289,0.8528192,1899,1722,1432,1705,1561,1312
331,3649288,0.8550936,1903,1731,1434,1704,1558,1319
332,3659289,0.8569613,1903,1727,1446,1705,1563,1323
333,3669289,0.858605,1902,1727,1438,1705,1572,1323
334,3679289,0.860889,1899,1725,1450,1704,1557,1329
335,3689289,0.8631859,1904,1735,1439,1705,1565,1325
336,3699289,0.8650205,1902,1738,1441,1699,1563,1332
337,3709289,0.8678294,1909,1734,1439,1700,1560,1326
338,3719289,0.8707122,1909,1728,1445,1706,1562,1325
339,3729288,0.8733735,1900,1733,1439,1705,1561,1323
340,3739289,0.8766046,1903,1728,1446,1705,1561,1326
341,3749289,0.8795448,1904,1730,1439,1706,1563,1326
342,3759289,0.8824706,1902,1728,1438,1704,1562,1326
343,3769289,0.8852565,1899,1731,1442,1708,1562,1325
344,3779289,0.8882135,1904,1735,1443,1693,1561,1325
345,3789289,0.8904589,1909,1727,1447,1703,1566,1325
346,3799289,0.8930119,1904,1731,1439,1703,1562,1327
347,3809288,0.8952475,1903,1733,1440,1705,1555,1323
348,3819289,0.8976202,1909,1730,1442,1707,1560,1333
349,3829289,0.8999291,1920,1728,1441,1711,1561,1317
350,3839289,0.9017285,1907,1732,1440,1698,1563,1332
351,3849289,0.9034826,1907,1725,1437,1700,1571,1332
352,3859289,0.9055775,1904,1728,1450,1708,1563,1325
353,3869289,0.9080208,1904,1727,1443,1695,1564,1324
354,3879289,0.9102736,1904,1738,1441,1699,1566,1327
355,3889289,0.9119465,1910,1730,1440,1705,1553,1323
356,3899289,0.9135734,1904,1729,1435,1707,1569,1325
357,3909289,0.9152452,1904,1729,1455,1707,1562,1324
358,3919289,0.9169843,1904,1738,1447,1705,1563,1334
359,3929289,0.9186084,1898,1729,1448,1705,1551,1328
360,3939288,0.920443,1904,1735,1444,1703,1566,1322
361,3949288,0.9224136,1904,1729,1442,1705,1556,1328
362,3959289,0.9253155,1901,1734,1440,1704,1568,1325
363,3969289,0.9272844,1904,1733,1441,1705,1566,1327
364,3979289,0.9291954,1904,1734,1441,1705,1566,1330
365,3989289,0.9310053,1916,1721,1446,1704,1563,1323
366,3999289,0.9329585,1903,1730,1439,1704,1562,1328
367,4009289,0.9352748,1895,1727,1439,1709,1563,1329
368,4019289,0.9373177,1915,1729,1446,1706,1565,1328
369,4029289,0.9399367,1904,1733,1434,1705,1565,1325
370,4039289,0.9418122,1904,1727,1446,1708,1563,1330
371,4049289,0.9435518,1889,1742,1444,1704,1562,1323
372,4059289,0.9453247,1904,1727,1451,1708,1562,1323
373,4069289,0.9470829,1902,1735,1441,1705,1562,1328
374,4079289,0.9487524,1883,1727,1449,1706,1566,1324
375,4089289,0.9506904,1907,1730,1436,1704,1562,1326
376,4099289,0.9526846,1905,1734,1440,1704,1560,1323
377,4109289,0.9552798,1906,1731,1439,1704,1562,1319
378,4119288,0.9578877,1909,1715,1445,1706,1560,1326
379,4129289,0.9604266,1904,1733,1433,1701,1562,1315
380,4139289,0.9627817,1893,1733,1444,1705,1562,1325
381,4149289,0.9650785,1904,1744,1418,1700,1562,1324
382,4159289,0.9667947,1907,1727,1441,1703,1562,1325
383,4169289,0.9686945,1905,1731,1450,1704,1561,1326
384,4179289,0.9718217,1895,1737,1440,1705,1560,1323
385,4189289,0.9747521,1904,1735,1445,1704,1564,1330
386,4199289,0.9765405,1905,1731,1445,1694,1561,1324
387,4209289,0.9784287,1906,1744,1441,1705,1563,1328
388,4219288,0.9802319,1905,1726,1441,1705,1558,1332
389,4229289,0.9819887,1899,1728,1434,1702,1568,1323
390,4239288,0.983761,1904,1729,1445,1704,1563,1329
391,4249289,0.9860377,1904,1728,1441,1704,1566,1323
392,4259289,0.9880394,1900,1728,1439,1705,1563,1327
393,4269289,0.9899923,1903,1730,1452,1704,1560,1325
394,4279289,0.9916422,1895,1733,1431,1701,1563,1320
395,4289289,0.993225,1905,1743,1444,1708,1560,1329
396,4299289,0.994739,1901,1731,1437,1701,1548,1323
397,4309289,0.9962947,1904,1738,1453,1705,1562,1328
398,4319289,0.9978836,1904,1735,1439,1704,1566,1326
399,4329289,0.9994388,1904,1729,1437,1706,1563,1324
400,4339289,1.0017922,1910,1728,1439,1705,1565,1319
401,4349289,1.0040748,1903,1729,1442,1704,1557,1326
402,4359289,1.0056558,1904,1730,1451,1703,1562,1329
403,4369289,1.0075209,1901,1729,1439,1705,1560,1319
404,4379288,1.0091672,1904,1731,1436,1704,1564,1323
405,4389289,1.0107244,1899,1733,1439,1714,1564,1327
406,4399289,1.0122738,1903,1728,1456,1704,1566,1322
407,4409289,1.0138279,1910,1728,1442,1705,1562,1322
408,4419289,1.0158821,1904,1729,1442,1706,1566,1327
409,4429288,1.019124,1901,1722,1441,1707,1559,1327
410,4439289,1.0215011,1883,1726,1447,1713,1562,1326
411,4449289,1.0236261,1904,1725,1443,1708,1569,1320
412,4459289,1.0253831,1903,1731,1438,1707,1565,1319
413,4469288,1.0271129,1904,1728,1436,1701,1563,1334
414,4479289,1.0288332,1904,1742,1443,1704,1569,1328
415,4489289,1.0306443,1901,1726,1456,1701,1562,1330
416,4499289,1.0332134,1898,1726,1443,1705,1566,1333
417,4509289,1.0356428,1905,1733,1443,1703,1561,1324
418,4519289,1.0376625,1906,1729,1445,1702,1570,1306
419,4529289,1.0398117,1905,1733,1444,1704,1562,1321
420,4539289,1.0414249,1904,1741,1441,1709,1559,1325
421,4549289,1.042954,1909,1711,1441,1704,1560,1329
422,4559289,1.0444919,1903,1730,1441,1705,1563,1328
423,4569289,1.046357,1904,1737,1441,1706,1568,1325
424,4579288,1.0485885,1883,1734,1442,1705,1564,1325
425,4589289,1.0504248,1906,1733,1442,1708,1571,1330
426,4599289,1.0522574,1904,1731,1446,1703,1565,1312
427,4609289,1.053981,1904,1728,1441,1704,1563,1325
428,4619289,1.0558814,1903,1735,1446,1703,1566,1325
429,4629288,1.0579114,1901,1734,1450,1704,1563,1323
430,4639289,1.0602157,1873,1735,1443,1687,1563,1337
431,4649289,1.0618967,1903,1712,1447,1685,1566,1329
432,4659289,1.0646863,1905,1727,1439,1701,1559,1334
433,4669289,1.0663946,1901,1723,1443,1703,1562,1319
434,4679288,1.0681061,1898,1733,1440,1706,1562,1318
435,4689289,1.0697089,1904,1731,1430,1705,1566,1325
436,4699289,1.0714786,1904,1726,1443,1705,1562,1326
437,4709289,1.0734967,1902,1734,1425,1703,1563,1337
438,4719289,1.0751581,1903,1733,1443,1704,1565,1326
439,4729289,1.0768582,1905,1737,1442,1705,1564,1327
440,4739289,1.0787925,1903,1731,1451,1706,1566,1304
441,4749289,1.0812214,1905,1732,1441,1705,1558,1332
442,4759289,1.0831927,1885,1727,1449,1705,1562,1330
443,4769289,1.0852116,1904,1729,1450,1699,1574,1310
444,4779289,1.0876798,1903,1729,1438,1705,1566,1330
445,4789288,1.0893989,1902,1723,1441,1708,1568,1332
446,4799289,1.09114,1904,1731,1449,1707,1566,1327
447,4809289,1.0930462,1904,1733,1443,1704,1566,1323
448,4819289,1.0955126,1904,1729,1442,1700,1561,1314
449,4829288,1.0977466,1899,1725,1444,1703,1559,1323
450,4839289,1.0997031,1905,1733,1437,1710,1562,1327
451,4849289,1.1018736,1906,1730,1452,1702,1570,1336
452,4859289,1.1036134,1902,1734,1434,1704,1562,1333
453,4869289,1.1055768,1904,1731,1440,1705,1562,1327
454,4879289,1.1076459,1904,1739,1443,1706,1560,1314
455,4889289,1.1101636,1900,1735,1442,1708,1562,1319
456,4899289,1.1123413,1909,1732,1458,1695,1562,1332
457,4909289,1.1143555,1929,1727,1441,1695,1555,1329
458,4919289,1.1166807,1904,1729,1444,1706,1563,1320
459,4929289,1.1186526,1931,1727,1441,1718,1561,1328
460,4939289,1.1206466,1898,1723,1440,1713,1566,1323
461,4949289,1.1225549,1925,1731,1433,1705,1561,1324
462,4959288,1.1245158,1905,1730,1431,1700,1562,1328
463,4969289,1.1272511,1920,1755,1440,1707,1562,1330
464,4979289,1.1294209,1904,1729,1442,1705,1560,1323
465,4989289,1.1316221,1904,1727,1445,1706,1574,1329
466,4999289,1.1345384,1902,1741,1444,1711,1563,1324
467,5009289,1.1371578,1902,1741,1440,1704,1565,1334
468,5019289,1.139078,1907,1728,1440,1705,1566,1330
469,5029289,1.1411955,1915,1703,1430,1706,1561,1326
470,5039289,1.1455704,1889,1731,1442,1705,1566,1323
471,5049289,1.1480328,1889,1725,1439,1705,1562,1323
472,5059289,1.1504721,1904,1739,1450,1710,1561,1332
473,5069288,1.1528633,1905,1731,1445,1705,1563,1324
474,5079289,1.1547743,1903,1731,1441,1705,1566,1325
475,5089289,1.1575328,1902,1733,1443,1703,1560,1337
476,5099289,1.1602076,1894,1733,1442,1703,1562,1329
477,5109289,1.162661,1906,1729,1443,1704,1562,1355
478,5119289,1.1647236,1904,1729,1436,1704,1566,1320
479,5129289,1.1668252,1903,1731,1440,1704,1574,1329
480,5139288,1.1689014,1902,1746,1440,1706,1562,1330
481,5149289,1.1709219,1904,1731,1447,1696,1563,1323
482,5159289,1.1738717,1905,1731,1454,1705,1574,1328
483,5169289,1.1761252,1910,1723,1446,1714,1569,1314
484,5179289,1.1782543,1899,1728,1444,1705,1563,1323
485,5189289,1.1803049,1895,1728,1444,1705,1555,1323
486,5199289,1.1825444,1904,1728,1442,1698,1562,1325
487,5209288,1.1847283,1894,1712,1437,1696,1558,1328
488,5219289,1.1871165,1901,1727,1439,1703,1564,1322
489,5229289,1.1899115,1904,1730,1434,1704,1561,1320
490,5239288,1.1921298,1904,1741,1443,1717,1562,1323
491,5249289,1.1939645,1899,1723,1440,1711,1565,1319
492,5259289,1.1955917,1904,1741,1447,1705,1566,1323
493,5269289,1.1972526,1894,1731,1455,1704,1562,1329
494,5279288,1.1988747,1906,1718,1445,1706,1571,1322
495,5289289,1.2008209,1904,1735,1447,1705,1560,1323
496,5299289,1.2025651,1904,1727,1441,1705,1557,1328
497,5309289,1.2041477,1901,1728,1456,1699,1562,1326
498,5319289,1.2066617,1899,1727,1453,1701,1558,1327
499,5329289,1.2085376,1904,1733,1440,1704,1566,1320
500,5339289,1.2104182,1903,1728,1437,1705,1565,1335
501,5349289,1.2122174,1904,1733,1441,1719,1563,1327
502,5359289,1.2142408,1905,1735,1439,1705,1560,1324
503,5369288,1.2161498,1902,1736,1442,1701,1563,1320
504,5379289,1.2177556,1904,1728,1443,1701,1558,1325
505,5389289,1.2193199,1904,1733,1453,1708,1562,1333
506,5399289,1.2217724,1899,1727,1456,1705,1566,1322
507,5409289,1.2241651,1904,1741,1452,1706,1562,1330
508,5419289,1.2263547,1902,1727,1454,1704,1560,1327
509,5429288,1.2284218,1901,1734,1435,1705,1565,1323
510,5439288,1.2300553,1904,1727,1434,1698,1563,1315
511,5449289,1.231858,1903,1735,1440,1695,1560,1325
512,5459289,1.2354465,1905,1731,1443,1705,1562,1323
513,5469289,1.238879,1892,1733,1441,1698,1562,1329
514,5479288,1.241073,1909,1734,1443,1705,1560,1322
515,5489289,1.2428836,1909,1730,1438,1705,1559,1329
516,5499289,1.2445749,1898,1735,1438,1701,1565,1323
517,5509289,1.2465684,1883,1730,1439,1703,1565,1326
518,5519289,1.2482387,1902,1734,1451,1704,1565,1320
519,5529289,1.249895,1900,1733,1445,1703,1563,1321
520,5539288,1.2525449,1902,1729,1438,1704,1562,1326
521,5549289,1.2543454,1904,1728,1438,1705,1562,1332
522,5559289,1.2561456,1904,1725,1438,1703,1564,1325
523,5569289,1.2581053,1903,1727,1443,1705,1561,1324
524,5579288,1.2601388,1898,1731,1436,1707,1566,1315
525,5589289,1.2619407,1904,1725,1441,1692,1560,1328
526,5599289,1.2636826,1904,1723,1439,1704,1561,1325
527,5609289,1.2654398,1901,1741,1439,1705,1558,1327
528,5619289,1.2677062,1904,1733,1425,1704,1562,1322
529,5629289,1.2696204,1903,1729,1441,1705,1558,1323
530,5639289,1.2718728,1904,1727,1451,1708,1557,1340
531,5649289,1.2741365,1905,1731,1440,1698,1560,1328
532,5659289,1.2759836,1902,1744,1451,1707,1566,1329
533,5669289,1.2779401,1899,1722,1442,1700,1563,1329
534,5679289,1.2797462,1911,1721,1441,1687,1561,1327
535,5689289,1.2822748,1903,1729,1447,1704,1560,1327
536,5699289,1.285033,1902,1733,1443,1702,1561,1329
537,5709289,1.287472,1904,1733,1441,1710,1562,1326
538,5719289,1.2900885,1904,1727,1430,1700,1562,1324
539,5729289,1.2925651,1905,1728,1446,1705,1560,1337
540,5739289,1.294568,1904,1721,1451,1704,1560,1322
541,5749289,1.2969063,1903,1728,1438,1705,1562,1329
542,5759289,1.299601,1899,1735,1440,1705,1560,1324
543,5769289,1.3026714,1904,1727,1442,1705,1563,1319
544,5779289,1.3046241,1902,1729,1437,1705,1544,1328
545,5789289,1.3068747,1907,1731,1452,1705,1565,1332
546,5799289,1.3087561,1904,1726,1440,1704,1560,1319
547,5809289,1.3106777,1894,1735,1439,1706,1563,1320
548,5819290,1.3125567,1907,1728,1439,1706,1560,1332
549,5829289,1.3151944,1894,1729,1446,1704,1570,1328
550,5839289,1.3172125,1904,1735,1439,1708,1569,1329
551,5849289,1.3195884,1897,1709,1437,1705,1566,1323
552,5859289,1.3218172,1902,1739,1442,1698,1560,1327
553,5869288,1.3241969,1901,1729,1439,1705,1562,1325
554,5879288,1.3263373,1904,1727,1438,1704,1563,1323
555,5889289,1.3294493,1900,1732,1441,1704,1565,1319
556,5899289,1.3320201,1904,1734,1437,1707,1566,1323
557,5909289,1.3340748,1904,1730,1440,1706,1571,1326
558,5919289,1.3361509,1899,1735,1441,1696,1568,1329
559,5929288,1.3382438,1904,1727,1433,1700,1562,1328
560,5939289,1.3404371,1902,1737,1441,1707,1563,1330
561,5949288,1.3423093,1902,1729,1442,1704,1555,1319
562,5959289,1.3442095,1904,1731,1446,1703,1555,1330
563,5969289,1.3467989,1899,1728,1440,1698,1559,1348
564,5979289,1.3489014,1895,1722,1455,1695,1558,1326
565,5989288,1.3506997,1904,1732,1442,1708,1563,1338
566,5999289,1.3525868,1898,1728,1445,1705,1558,1311
567,6009289,1.355015,1905,1731,1443,1705,1565,1323
568,6019289,1.3569827,1895,1730,1443,1701,1562,1326
569,6029289,1.3587562,1906,1731,1450,1705,1564,1327
570,6039289,1.3611493,1904,1728,1447,1705,1559,1332
571,6049289,1.3634889,1909,1727,1435,1700,1574,1327
572,6059289,1.36557,1894,1739,1440,1704,1560,1322
573,6069289,1.3675101,1903,1727,1442,1704,1558,1328
574,6079289,1.3693585,1905,1730,1441,1701,1548,1323
575,6089289,1.3713474,1903,1731,1441,1705,1560,1331
576,6099289,1.3733472,1907,1729,1442,1697,1563,1332
577,6109289,1.3768501,1901,1728,1445,1701,1571,1317
578,6119289,1.3800402,1902,1729,1441,1700,1561,1330
579,6129290,1.3829371,1889,1726,1439,1705,1562,1328
580,6139289,1.3849213,1903,1725,1437,1705,1562,1323
581,6149289,1.3870541,1882,1731,1443,1709,1557,1323
582,6159289,1.3894181,1904,1726,1440,1698,1566,1325
583,6169289,1.3915104,1905,1726,1447,1708,1560,1323
584,6179289,1.3944615,1905,1729,1438,1708,1562,1323
585,6189289,1.3972503,1904,1728,1445,1705,1563,1320
586,6199288,1.3993667,1899,1731,1439,1702,1553,1325
587,6209289,1.4013042,1913,1749,1452,1705,1563,1332
588,6219289,1.4036498,1894,1724,1449,1698,1560,1327
589,6229289,1.4055233,1903,1727,1441,1705,1560,1317
590,6239289,1.40896,1899,1730,1447,1696,1562,1332
591,6249289,1.4117182,1899,1728,1436,1698,1563,1325
592,6259289,1.4143279,1905,1739,1442,1705,1562,1328
593,6269289,1.416766,1898,1726,1445,1705,1577,1337
594,6279289,1.4191186,1911,1729,1443,1688,1568,1319
595,6289289,1.4216709,1903,1727,1439,1705,1566,1327
596,6299289,1.4247303,1907,1734,1431,1695,1560,1327
597,6309289,1.4272779,1903,1731,1439,1705,1565,1324
598,6319289,1.4290838,1908,1731,1441,1705,1557,1324
599,6329289,1.4311065,1906,1735,1443,1701,1562,1326
600,6339289,1.4332852,1911,1728,1446,1704,1566,1327
601,6349289,1.4361182,1903,1733,1441,1705,1561,1325
602,6359289,1.4390079,1904,1729,1442,1699,1564,1323
603,6369289,1.4413738,1904,1733,1444,1704,1558,1325
604,6379289,1.4432625,1904,1729,1435,1703,1556,1328
605,6389289,1.4450452,1901,1733,1437,1704,1563,1322
606,6399289,1.4470513,1907,1728,1448,1705,1558,1334
607,6409289,1.4489598,1909,1729,1431,1701,1553,1324
608,6419288,1.4512522,1904,1727,1435,1704,1562,1323
609,6429289,1.4531072,1903,1727,1438,1706,1567,1326
610,6439289,1.4554027,1898,1728,1441,1703,1566,1323
611,6449289,1.4573428,1902,1728,1440,1704,1563,1324
612,6459289,1.4594327,1904,1729,1444,1701,1561,1322
613,6469289,1.4614181,1904,1727,1440,1706,1563,1332
614,6479289,1.4633517,1901,1730,1445,1705,1561,1325
615,6489289,1.4653352,1894,1729,1441,1705,1559,1331
616,6499289,1.467299,1907,1731,1433,1711,1566,1319
617,6509289,1.4707292,1898,1734,1429,1705,1560,1323
618,6519289,1.4727429,1903,1728,1444,1708,1562,1327
619,6529289,1.4746304,1903,1729,1441,1704,1561,1313
620,6539289,1.4767468,1901,1727,1446,1705,1573,1324
621,6549289,1.4790265,1897,1737,1446,1705,1562,1328
622,6559289,1.4816798,1891,1730,1437,1710,1559,1319
623,6569289,1.4838238,1903,1727,1445,1704,1561,1323
624,6579289,1.4864947,1905,1727,1443,1705,1561,1327
625,6589289,1.4894651,1903,1733,1446,1704,1563,1326
626,6599288,1.4916126,1901,1733,1441,1705,1563,1319
627,6609289,1.4936724,1899,1728,1438,1699,1571,1328
628,6619289,1.495724,1913,1733,1438,1706,1563,1323
629,6629289,1.4980371,1901,1729,1446,1696,1563,1328
630,6639289,1.5000638,1906,1727,1438,1699,1562,1324
631,6649289,1.5032669,1904,1744,1437,1701,1556,1326
632,6659289,1.505353,1905,1730,1447,1704,1561,1323
633,6669289,1.5072207,1903,1726,1436,1694,1559,1320
634,6679289,1.509093,1904,1718,1444,1705,1563,1328
635,6689289,1.5109963,1904,1729,1441,1704,1557,1322
636,6699289,1.5128671,1898,1727,1443,1704,1560,1333
637,6709289,1.514686,1902,1726,1445,1705,1564,1325
638,6719289,1.5169667,1904,1725,1441,1696,1565,1326
639,6729289,1.5188908,1902,1727,1433,1699,1563,1328
640,6739289,1.5208089,1901,1719,1445,1705,1560,1322
641,6749289,1.5227912,1904,1730,1440,1709,1562,1323
642,6759289,1.524642,1903,1725,1440,1701,1560,1324
643,6769289,1.5265271,1906,1734,1441,1704,1562,1323
644,6779289,1.5283741,1905,1733,1437,1718,1566,1327
645,6789289,1.5301697,1906,1735,1439,1701,1566,1327
646,6799289,1.5322885,1904,1724,1437,1703,1562,1323
647,6809289,1.5384411,1904,1733,1438,1708,1570,1330
648,6819289,1.5411978,1901,1731,1447,1705,1562,1326
649,6829289,1.5435074,1904,1729,1439,1704,1557,1330
650,6839289,1.5453519,1904,1743,1441,1705,1560,1326
651,6849289,1.5479593,1900,1730,1449,1710,1562,1323
652,6859289,1.5505241,1914,1729,1438,1700,1566,1328
653,6869289,1.552236,1905,1728,1445,1701,1558,1319
654,6879289,1.5540397,1904,1733,1439,1695,1560,1319
655,6889289,1.5557793,1898,1726,1441,1706,1569,1322
656,6899289,1.5576858,1904,1727,1444,1706,1565,1329
657,6909289,1.559534,1904,1734,1446,1708,1557,1330
658,6919288,1.5612522,1905,1727,1445,1704,1565,1329
659,6929289,1.5640653,1910,1726,1434,1703,1571,1323
660,6939289,1.5660855,1903,1731,1441,1705,1558,1325
661,6949289,1.5679637,1902,1726,1442,1721,1562,1323
662,6959289,1.5696636,1898,1738,1438,1706,1564,1323
663,6969289,1.5713108,1901,1728,1442,1709,1570,1332
664,6979289,1.5733861,1894,1729,1445,1705,1558,1322
665,6989289,1.5753283,1902,1725,1435,1706,1558,1319
666,6999289,1.5778445,1885,1731,1443,1705,1561,1327
667,7009289,1.5801631,1917,1731,1439,1707,1562,1330
668,7019289,1.582135,1896,1730,1447,1704,1561,1328
669,7029289,1.584063,1905,1715,1442,1713,1561,1319
670,7039289,1.5860845,1895,1729,1442,1705,1566,1332
671,7049289,1.5883879,1900,1728,1447,1704,1559,1319
672,7059289,1.5904448,1904,1731,1450,1705,1562,1334
673,7069289,1.5923831,1904,1728,1443,1705,1560,1327
674,7079288,1.5946564,1896,1737,1439,1705,1563,1323
675,7089289,1.59677,1907,1717,1442,1705,1562,1327
676,7099288,1.5987638,1904,1732,1437,1706,1562,1325
677,7109289,1.6003478,1903,1728,1437,1705,1550,1328
678,7119289,1.6023071,1899,1723,1441,1690,1558,1325
679,7129289,1.6041263,1899,1734,1435,1698,1562,1322
680,7139289,1.6058091,1903,1734,1447,1705,1555,1320
681,7149288,1.6074913,1917,1734,1440,1708,1562,1328
682,7159289,1.6099844,1902,1726,1444,1699,1562,1324
683,7169289,1.6120957,1893,1729,1440,1706,1563,1323
684,7179289,1.6140936,1904,1728,1443,1713,1565,1326
685,7189289,1.616245,1892,1729,1450,1705,1561,1330
686,7199289,1.6185305,1910,1730,1441,1711,1559,1323
687,7209289,1.6204743,1897,1737,1438,1700,1564,1325
688,7219289,1.6224895,1886,1732,1440,1711,1562,1324
689,7229289,1.6253062,1905,1729,1437,1701,1560,1325
690,7239289,1.6279328,1906,1726,1441,1708,1560,1327
691,7249289,1.6304428,1895,1733,1430,1704,1585,1317
692,7259288,1.6330602,1917,1730,1444,1708,1566,1322
693,7269289,1.6354392,1904,1729,1444,1703,1566,1329
694,7279288,1.6379965,1904,1730,1442,1705,1559,1327
695,7289289,1.6404337,1903,1733,1446,1703,1565,1326
696,7299289,1.6421224,1904,1719,1442,1706,1570,1325
697,7309289,1.6438971,1903,1727,1445,1694,1563,1330
698,7319289,1.645573,1886,1717,1441,1704,1559,1337
699,7329289,1.6478905,1898,1725,1439,1703,1563,1324
700,7339289,1.6494114,1899,1726,1445,1704,1561,1326
701,7349289,1.6509108,1901,1728,1445,1697,1561,1323
702,7359289,1.6523798,1903,1735,1438,1707,1562,1317
703,7369289,1.6542511,1927,1718,1443,1705,1563,1323
704,7379289,1.6565288,1906,1726,1454,1705,1561,1323
705,7389289,1.658284,1910,1741,1439,1699,1563,1320
706,7399289,1.6599986,1894,1728,1437,1709,1558,1325
707,7409289,1.6618294,1904,1724,1438,1704,1559,1327
708,7419289,1.6635601,1910,1731,1430,1718,1562,1320
709,7429289,1.6653281,1904,1725,1445,1705,1559,1328
710,7439289,1.6672492,1905,1730,1441,1705,1560,1325
711,7449289,1.669016,1899,1728,1434,1699,1553,1327
712,7459289,1.6711323,1904,1724,1451,1711,1555,1330
713,7469289,1.6731869,1897,1726,1431,1701,1556,1329
714,7479289,1.6748989,1904,1731,1441,1705,1566,1325
715,7489289,1.6766354,1904,1713,1439,1685,1562,1337
716,7499289,1.6784436,1898,1738,1431,1705,1564,1327
717,7509289,1.680422,1905,1734,1447,1703,1564,1326
718,7519288,1.6821461,1919,1732,1440,1705,1565,1326
719,7529289,1.6838293,1909,1731,1444,1704,1566,1325
720,7539289,1.6855653,1894,1738,1441,1701,1560,1329
721,7549289,1.6879538,1903,1728,1442,1704,1564,1332
722,7559288,1.6902555,1898,1722,1449,1705,1566,1323
723,7569289,1.6924748,1901,1734,1447,1703,1568,1330
724,7579289,1.6947311,1902,1726,1440,1691,1557,1321
725,7589289,1.6964434,1898,1729,1438,1696,1573,1321
726,7599289,1.6981226,1915,1725,1447,1717,1561,1323
727,7609289,1.6998904,1908,1727,1436,1703,1561,1319
728,7619289,1.7015527,1903,1709,1436,1701,1559,1322
729,7629289,1.703635,1902,1730,1439,1703,1571,1320
730,7639289,1.7055916,1905,1731,1445,1690,1558,1320
731,7649289,1.7076193,1904,1729,1437,1701,1564,1323
732,7659289,1.7094021,1902,1735,1440,1703,1565,1330
733,7669289,1.7110895,1904,1728,1441,1705,1563,1322
734,7679289,1.7129259,1904,1730,1443,1704,1567,1332
735,7689289,1.7147051,1901,1725,1439,1700,1563,1323
736,7699289,1.7165031,1905,1728,1442,1705,1561,1328
737,7709289,1.7187481,1904,1734,1441,1708,1560,1330
738,7719288,1.7205373,1898,1734,1439,1705,1548,1328
739,7729289,1.7224237,1903,1725,1445,1697,1563,1319
740,7739289,1.7242072,1904,1723,1442,1707,1560,1317
741,7749289,1.7260897,1899,1725,1458,1721,1560,1323
742,7759289,1.7279646,1904,1727,1427,1704,1575,1324
743,7769289,1.7297236,1894,1727,1437,1705,1562,1323
744,7779289,1.7315351,1907,1738,1440,1704,1565,1321
745,7789288,1.7335251,1905,1729,1443,1721,1566,1329
746,7799288,1.7356995,1904,1733,1436,1705,1562,1328
747,7809289,1.7375746,1902,1728,1450,1705,1562,1333
748,7819289,1.7393255,1904,1733,1438,1704,1563,1323
749,7829288,1.7409694,1904,1731,1442,1704,1560,1325
750,7839289,1.7427498,1895,1731,1442,1698,1568,1327
751,7849289,1.7444923,1885,1726,1444,1704,1560,1325
752,7859289,1.7462234,1899,1730,1421,1699,1561,1328
753,7869288,1.7481894,1904,1724,1440,1709,1563,1326
754,7879289,1.7509668,1903,1728,1439,1699,1558,1319
755,7889289,1.7536194,1897,1731,1443,1707,1562,1322
756,7899289,1.755475,1904,1725,1442,1705,1563,1327
757,7909289,1.7573109,1904,1729,1435,1709,1562,1328
758,7919289,1.7590503,1907,1729,1444,1704,1561,1323
759,7929289,1.7609039,1902,1729,1442,1705,1563,1324
760,7939288,1.7628292,1903,1723,1441,1699,1562,1327
761,7949288,1.7651346,1904,1734,1418,1695,1559,1323
762,7959289,1.7678917,1905,1731,1440,1706,1559,1326
763,7969289,1.7698312,1904,1732,1438,1710,1563,1304
764,7979289,1.7715717,1895,1728,1437,1705,1568,1322
765,7989289,1.7736144,1906,1732,1442,1708,1561,1324
766,7999289,1.7759831,1904,1735,1442,1698,1557,1327
767,8009289,1.7785824,1904,1731,1450,1708,1565,1328
768,8019289,1.7828763,1903,1728,1410,1704,1561,1325
769,8029288,1.7845276,1904,1721,1435,1726,1560,1323
770,8039288,1.7862295,1911,1744,1456,1709,1573,1337
771,8049289,1.7878484,1950,1736,1446,1704,1568,1328
772,8059289,1.7894321,1906,1728,1439,1707,1562,1327
773,8069289,1.7912222,1904,1743,1438,1706,1566,1317
774,8079289,1.7931658,1900,1730,1425,1704,1566,1327
775,8089289,1.7947243,1895,1733,1456,1704,1562,1327
776,8099289,1.7964668,1899,1735,1439,1706,1565,1315
777,8109288,1.7989357,1919,1727,1437,1704,1557,1321
778,8119289,1.8006845,1900,1727,1423,1696,1561,1315
779,8129288,1.8026245,1903,1727,1451,1707,1562,1319
780,8139289,1.804859,1903,1731,1433,1706,1557,1320
781,8149289,1.8077888,1901,1721,1440,1705,1564,1324
782,8159288,1.8124046,1904,1731,1445,1705,1562,1328
783,8169289,1.8158536,1904,1728,1438,1705,1559,1337
784,8179289,1.8188116,1904,1738,1441,1704,1565,1325
785,8189289,1.8212312,1904,1734,1438,1701,1562,1323
786,8199289,1.825099,1898,1725,1454,1701,1553,1330
787,8209289,1.8278816,1907,1748,1446,1705,1566,1324
788,8219289,1.8304507,1905,1736,1440,1705,1566,1332
789,8229288,1.8329771,1906,1738,1441,1703,1565,1311
790,8239289,1.835352,1912,1729,1445,1705,1571,1326
791,8249288,1.8375524,1901,1728,1438,1704,1565,1325
792,8259289,1.8393867,1904,1739,1442,1704,1566,1325
793,8269289,1.8411052,1915,1750,1437,1707,1574,1317
794,8279289,1.843015,1894,1727,1434,1703,1558,1310
795,8289289,1.8450101,1904,1729,1460,1705,1571,1332
796,8299289,1.8474608,1902,1737,1471,1705,1562,1329
797,8309289,1.849807,1905,1732,1441,1704,1566,1319
798,8319289,1.8520473,1904,1710,1447,1705,1573,1335
799,8329288,1.8539952,1899,1733,1424,1704,1565,1323
800,8339289,1.8558083,1903,1728,1445,1705,1562,1323
801,8349288,1.8578841,1905,1743,1456,1705,1571,1328
802,8359289,1.8596772,1907,1735,1440,1705,1563,1313
803,8369289,1.8619565,1904,1734,1425,1705,1555,1316
804,8379289,1.8638475,1902,1729,1433,1705,1562,1337
805,8389289,1.8657576,1907,1733,1440,1706,1573,1332
806,8399289,1.8676684,1901,1733,1438,1700,1560,1323
807,8409288,1.8696995,1909,1729,1456,1705,1566,1326
808,8419289,1.871351,1902,1733,1450,1703,1563,1316
809,8429289,1.873183,1905,1733,1449,1704,1560,1326
810,8439289,1.8749707,1901,1735,1441,1705,1560,1323
811,8449289,1.8772027,1904,1723,1447,1708,1558,1310
812,8459289,1.8790182,1903,1734,1445,1704,1562,1329
813,8469289,1.880916,1898,1726,1439,1696,1570,1329
814,8479289,1.8831196,1911,1734,1450,1708,1562,1326
815,8489289,1.8848461,1931,1520,1306,1612,1372,1202
816,8499289,1.8866965,1915,1708,1442,1707,1526,1317
817,8509289,1.8886436,1903,1729,1435,1704,1563,1320
818,8519289,1.8905757,1904,1732,1444,1701,1563,1335
819,8529288,1.8931641,1901,1740,1441,1707,1562,1323
820,8539289,1.8950424,1902,1727,1440,1705,1563,1330
821,8549289,1.8976891,1904,1729,1434,1705,1565,1324
822,8559289,1.9014953,1895,1725,1431,1705,1557,1321
823,8569289,1.9037401,1904,1716,1437,1706,1562,1327
824,8579289,1.9061864,1900,1726,1439,1705,1569,1314
825,8589288,1.909284,1919,1734,1456,1706,1557,1332
826,8599289,1.911626,1906,1729,1435,1707,1560,1320
827,8609289,1.9145428,1901,1721,1447,1704,1568,1330
828,8619289,1.9168135,1897,1731,1454,1705,1574,1328
829,8629288,1.919063,1909,1728,1440,1706,1578,1322
830,8639289,1.920865,1904,1728,1444,1704,1557,1327
831,8649289,1.9229503,1903,1731,1443,1706,1555,1322
832,8659288,1.9252674,1904,1732,1447,1708,1563,1329
833,8669289,1.9272928,1899,1719,1424,1705,1563,1322
834,8679289,1.9293473,1904,1732,1446,1704,1563,1311
835,8689289,1.9315933,1899,1739,1445,1705,1561,1323
836,8699289,1.9334801,1903,1727,1445,1698,1569,1321
837,8709289,1.9354071,1936,1711,1421,1786,1535,1300
838,8719289,1.9375197,1936,1838,1389,1722,1634,1282
839,8729289,1.939873,1886,1747,1442,1697,1584,1321
840,8739289,1.9420323,1904,1732,1451,1726,1563,1333
841,8749289,1.9442113,1903,1729,1444,1700,1557,1322
842,8759289,1.946366,1899,1740,1439,1705,1570,1324
843,8769289,1.9490599,1895,1742,1443,1704,1565,1328
844,8779289,1.9508133,1898,1733,1433,1695,1561,1322
845,8789289,1.9526766,1904,1727,1437,1705,1553,1337
846,8799289,1.9548698,1893,1723,1451,1705,1561,1295
847,8809289,1.9568673,1901,1741,1450,1703,1564,1320
848,8819289,1.958674,1904,1729,1437,1701,1574,1323
849,8829289,1.9604487,1898,1731,1437,1704,1557,1327
850,8839289,1.9624637,1901,1730,1439,1701,1568,1320
851,8849289,1.964499,1904,1733,1443,1706,1557,1314
852,8859289,1.9661104,1905,1729,1445,1705,1561,1333
853,8869289,1.9679876,1904,1730,1425,1704,1564,1319
854,8879289,1.9702407,1906,1730,1450,1700,1561,1324
855,8889288,1.9720654,1907,1735,1435,1705,1560,1319
856,8899289,1.9738122,1895,1731,1440,1705,1570,1320
857,8909289,1.9761279,1904,1744,1441,1719,1562,1327
858,8919289,1.978299,2239,1654,1294,2020,1464,1201
859,8929289,1.979934,1887,1893,1427,1694,1706,1325
860,8939289,1.9815324,1891,1769,1442,1704,1583,1323
861,8949289,1.9833108,1904,1730,1450,1705,1561,1327
862,8959289,1.9855132,1904,1740,1439,1703,1571,1317
863,8969289,1.9874629,1905,1733,1440,1706,1539,1332
864,8979289,1.9892029,1924,1734,1424,1705,1562,1319
865,8989289,1.9911662,1899,1728,1435,1705,1558,1315
866,8999289,1.9931081,1904,1742,1439,1706,1557,1329
867,9009289,1.994912,1904,1726,1434,1705,1561,1315
868,9019289,1.9969904,1901,1730,1445,1703,1562,1329
869,9029289,1.9986017,1904,1732,1434,1714,1566,1326
870,9039289,2.0004444,1903,1725,1442,1704,1571,1326
871,9049289,2.0024785,1904,1727,1437,1705,1566,1323
872,9059288,2.0043173,1905,1731,1440,1703,1566,1335
873,9069289,2.0061917,1901,1733,1441,1704,1558,1327
874,9079289,2.0081585,1899,1726,1430,1706,1562,1317
875,9089289,2.0104075,1892,1732,1456,1704,1570,1327
876,9099289,2.0135567,1891,1731,1431,1701,1562,1320
877,9109289,2.0155152,1897,1729,1463,1701,1564,1323
878,9119289,2.0180027,1904,1725,1435,1708,1562,1319
879,9129289,2.0206321,2362,1584,1326,1952,1378,1240
880,9139289,2.0228171,1965,1675,1494,1743,1505,1366
881,9149289,2.0245483,1905,1723,1435,1705,1560,1322
882,9159289,2.0262208,1907,1727,1441,1705,1561,1325
883,9169288,2.0278788,1895,1730,1438,1704,1571,1326
884,9179289,2.0294449,1908,1739,1453,1705,1563,1332
885,9189289,2.0313524,1895,1743,1430,1698,1569,1316
886,9199288,2.0337593,1895,1721,1435,1711,1562,1319
887,9209289,2.0356361,1901,1729,1434,1703,1557,1323
888,9219289,2.0375996,1894,1731,1430,1698,1560,1316
889,9229289,2.0393983,1900,1733,1442,1705,1562,1333
890,9239289,2.0415501,1905,1727,1439,1705,1558,1319
891,9249289,2.0435496,1907,1727,1443,1706,1561,1328
892,9259288,2.045477,1894,1733,1410,1705,1562,1318
893,9269289,2.0473106,1906,1731,1443,1705,1562,1324
894,9279290,2.0496524,1901,1730,1437,1706,1571,1325
895,9289289,2.051383,1904,1730,1438,1701,1565,1325
896,9299289,2.0531312,1901,1733,1438,1706,1563,1322
897,9309289,2.054784,1897,1725,1439,1704,1558,1319
898,9319289,2.0566467,1901,1729,1450,1703,1562,1332
899,9329289,2.0586055,1881,1630,1434,1578,1576,1395
900,9339289,2.0602064,1952,1680,1461,1758,1520,1339
901,9349289,2.0618309,1907,1728,1424,1698,1566,1306
902,9359289,2.0638783,1904,1735,1452,1697,1566,1335
903,9369289,2.0657611,1904,1725,1426,1705,1563,1314
904,9379289,2.0675251,1903,1727,1431,1706,1562,1324
905,9389289,2.0692032,1899,1726,1439,1700,1568,1324
906,9399289,2.0710551,1915,1733,1440,1705,1565,1320
907,9409288,2.0728434,1903,1734,1445,1708,1562,1332
908,9419289,2.0745551,1904,1729,1433,1705,1562,1315
909,9429289,2.0762002,1898,1730,1450,1704,1559,1330
910,9439289,2.0778272,1904,1726,1435,1704,1561,1323
911,9449288,2.0799501,1903,1728,1439,1706,1560,1323
912,9459288,2.0819534,1895,1732,1437,1704,1570,1327
913,9469289,2.0841066,1899,1730,1445,1702,1561,1319
914,9479289,2.086118,1904,1726,1431,1703,1564,1334
915,9489289,2.0880883,1902,1728,1438,1705,1562,1328
916,9499289,2.0898301,1899,1733,1439,1705,1559,1323
917,9509289,2.0915732,1898,1721,1435,1705,1561,1321
918,9519288,2.0933423,1904,1730,1441,1705,1562,1325
919,9529289,2.0959352,1907,1728,1438,1701,1555,1321
920,9539289,2.0984368,1904,1729,1433,1709,1563,1317
921,9549289,2.100473,1902,1731,1445,1704,1562,1319
922,9559289,2.1021891,1901,1729,1440,1701,1562,1322
923,9569288,2.1039473,1895,1728,1433,1706,1560,1314
924,9579289,2.1057151,1904,1734,1427,1707,1566,1323
925,9589289,2.1076645,1904,1725,1441,1701,1574,1330
926,9599289,2.110002,1886,1730,1443,1703,1563,1316
927,9609289,2.115675,1907,1729,1438,1702,1566,1361
928,9619288,2.1183142,1901,1729,1433,1703,1562,1319
929,9629289,2.1213079,1905,1734,1441,1700,1569,1324
930,9639289,2.1239449,1899,1733,1438,1706,1561,1322
931,9649288,2.127092,1902,1731,1437,1705,1565,1300
932,9659288,2.1299612,1902,1733,1443,1704,1561,1328
933,9669289,2.1319852,1921,1726,1426,1704,1565,1327
934,9679289,2.1338988,1904,1733,1437,1703,1553,1317
935,9689289,2.1358101,1900,1737,1439,1705,1563,1329
936,9699289,2.1379977,1889,1736,1451,1705,1564,1323
937,9709288,2.1403715,1902,1731,1441,1706,1566,1324
938,9719289,2.143475,1906,1731,1437,1705,1553,1328
939,9729289,2.1471837,1907,1730,1442,1705,1566,1323
940,9739289,2.1490315,1904,1729,1434,1704,1562,1329
941,9749289,2.1508115,1900,1733,1434,1705,1562,1322
942,9759289,2.1525579,1901,1730,1438,1698,1565,1304
943,9769289,2.1543116,1907,1729,1441,1705,1563,1322
944,9779289,2.1564673,1904,1719,1440,1704,1560,1332
945,9789289,2.1583516,1899,1730,1433,1700,1565,1325
946,9799289,2.1604449,1893,1725,1441,1705,1559,1324
947,9809289,2.1621545,1901,1733,1431,1703,1570,1321
948,9819289,2.1637724,1898,1738,1449,1709,1557,1327
949,9829289,2.1653593,1901,1717,1440,1702,1561,1320
950,9839289,2.1669617,1897,1730,1465,1704,1565,1327
951,9849289,2.1684887,1903,1735,1441,1706,1566,1325
952,9859289,2.1700254,1892,1731,1435,1704,1566,1322
953,9869289,2.1726054,1901,1729,1434,1705,1563,1323
954,9879289,2.1744693,1904,1730,1440,1699,1566,1317
955,9889289,2.1761705,1898,1730,1440,1706,1564,1332
956,9899289,2.1778714,1895,1728,1447,1688,1566,1328
957,9909289,2.1795743,1905,1731,1443,1698,1562,1316
958,9919289,2.1813174,1905,1731,1436,1705,1561,1320
959,9929289,2.1830176,1903,1725,1431,1708,1562,1327
960,9939289,2.1850272,1895,1725,1433,1703,1562,1324
961,9949288,2.1872178,1903,1737,1436,1704,1563,1327
962,9959288,2.1892153,1904,1730,1442,1714,1561,1320
963,9969289,2.1908658,1888,1730,1450,1704,1562,1317
964,9979289,2.192557,1889,1733,1446,1698,1564,1323
965,9989289,2.1941389,1897,1734,1439,1708,1562,1328
966,9999289,2.195729,1904,1728,1422,1711,1565,1322
967,10009289,2.1973309,1894,1725,1437,1705,1562,1320
968,10019289,2.1989529,1915,1732,1441,1704,1560,1328
969,10029289,2.2006954,1901,1735,1441,1704,1563,1323
970,10039289,2.202684,1906,1730,1443,1704,1565,1320
971,10049289,2.2042221,1904,1728,1442,1705,1563,1328
972,10059289,2.2056807,1903,1726,1440,1697,1561,1329
973,10069288,2.2072631,1901,1726,1444,1714,1562,1323
974,10079289,2.2087939,1903,1723,1435,1705,1557,1320
975,10089289,2.2103473,1897,1730,1441,1704,1559,1323
976,10099288,2.2118,1898,1731,1440,1690,1566,1328
977,10109288,2.2132464,1905,1723,1445,1695,1563,1325
978,10119289,2.2148807,1904,1733,1437,1700,1562,1329
979,10129289,2.2165816,1904,1743,1447,1711,1564,1323
980,10139288,2.2185581,1905,1731,1441,1698,1562,1328
981,10149289,2.2203424,1904,1733,1425,1704,1571,1322
982,10159289,2.2221094,1905,1728,1431,1704,1558,1321
983,10169289,2.2238287,1899,1733,1444,1700,1560,1319
984,10179289,2.2255626,1905,1729,1442,1702,1562,1326
985,10189289,2.2274062,1897,1724,1438,1704,1563,1327
986,10199289,2.2294123,1901,1728,1440,1705,1562,1323
987,10209289,2.2313044,1905,1742,1439,1705,1560,1324
988,10219289,2.2334486,1903,1728,1443,1705,1558,1321
989,10229289,2.2358194,1904,1727,1434,1710,1556,1324
990,10239288,2.2375784,1899,1731,1438,1703,1570,1326
991,10249289,2.2394805,1907,1737,1441,1704,1563,1327
992,10259289,2.2412066,1904,1726,1468,1711,1560,1326
993,10269289,2.2429797,1895,1734,1441,1704,1561,1317
994,10279289,2.2449015,1905,1734,1447,1704,1561,1329
995,10289289,2.2467773,1903,1731,1437,1704,1561,1322
996,10299289,2.2486531,1904,1733,1425,1703,1563,1323
997,10309289,2.2513942,1904,1726,1450,1698,1561,1327
998,10319289,2.2532916,1899,1729,1442,1701,1565,1322
999,10329289,2.2551322,1901,1716,1441,1707,1562,1330
1000,10339289,2.2574988,1904,1732,1434,1698,1560,1322
1001,10349289,2.2590956,1904,1729,1437,1727,1562,1328
1002,10359289,2.260794,1907,1727,1445,1705,1548,1323
1003,10369289,2.2627414,1904,1728,1425,1696,1560,1311
1004,10379289,2.264876,1912,1723,1443,1704,1560,1332
1005,10389288,2.266678,1906,1743,1456,1711,1569,1339
1006,10399289,2.2686379,1901,1732,1423,1704,1557,1309
1007,10409289,2.2710449,1911,1715,1457,1704,1563,1343
1008,10419289,2.2730742,1904,1727,1427,1695,1574,1311
1009,10429289,2.2747638,1907,1736,1451,1705,1569,1328
1010,10439289,2.2765575,1897,1731,1431,1704,1562,1322
1011,10449289,2.2784049,1909,1731,1439,1704,1558,1327
1012,10459289,2.2798985,1909,1730,1440,1704,1565,1330
1013,10469289,2.2820167,1902,1721,1426,1700,1557,1320
1014,10479289,2.2837007,1904,1729,1445,1711,1563,1329
1015,10489289,2.2854416,1904,1730,1440,1700,1560,1319
1016,10499289,2.2871511,1904,1728,1444,1710,1562,1323
1017,10509289,2.288848,1902,1729,1429,1704,1562,1326
1018,10519289,2.2906241,1910,1734,1447,1701,1572,1335
1019,10529289,2.2925236,1921,1722,1451,1704,1562,1324
1020,10539289,2.294305,1907,1725,1440,1705,1558,1327
1021,10549289,2.2965397,1904,1731,1456,1705,1561,1327
1022,10559289,2.2981551,1904,1728,1437,1694,1564,1324
1023,10569289,2.2997816,1905,1728,1449,1710,1561,1323
1024,10579289,2.301496,1903,1727,1439,1707,1566,1323
1025,10589289,2.3031116,1908,1734,1445,1704,1574,1323
1026,10599289,2.3047149,1904,1730,1462,1704,1566,1337
1027,10609290,2.3072126,1906,1718,1434,1705,1560,1326
1028,10619289,2.3117464,1898,1725,1420,1696,1565,1311
1029,10629289,2.3154267,1909,1709,1463,1709,1569,1342
1030,10639289,2.3183167,1891,1727,1422,1695,1560,1311
1031,10649289,2.3218531,1904,1723,1446,1705,1562,1316
1032,10659289,2.3246534,1899,1728,1438,1704,1568,1316
1033,10669289,2.3281844,1895,1727,1439,1699,1561,1326
1034,10679289,2.3315509,1902,1741,1431,1703,1559,1320
1035,10689289,2.3342129,1904,1740,1459,1705,1564,1319
1036,10699289,2.3375379,1891,1728,1446,1705,1561,1329
1037,10709289,2.3402498,1900,1726,1434,1698,1561,1306
1038,10719289,2.3441046,1903,1727,1446,1705,1560,1330
1039,10729289,2.3466511,1904,1727,1431,1704,1558,1323
1040,10739289,2.349518,1901,1734,1430,1705,1553,1323
1041,10749289,2.3522324,1901,1733,1441,1704,1562,1320
1042,10759289,2.355306,1904,1727,1438,1701,1562,1323
1043,10769288,2.3589411,1905,1738,1441,1707,1561,1323
1044,10779289,2.3629062,1905,1728,1435,1706,1560,1319
1045,10789289,2.3654007,1902,1727,1467,1704,1561,1319
1046,10799289,2.3679975,1901,1724,1427,1705,1557,1312
1047,10809289,2.3705283,1904,1729,1443,1705,1560,1329
1048,10819289,2.3724944,1903,1715,1438,1700,1566,1320
1049,10829289,2.3753934,1905,1726,1452,1704,1558,1327
1050,10839289,2.3778267,1898,1733,1419,1695,1558,1307
1051,10849289,2.3801919,1910,1738,1465,1707,1561,1323
1052,10859289,2.3826144,1899,1729,1426,1697,1553,1311
1053,10869289,2.3858453,1898,1731,1451,1701,1563,1337
1054,10879289,2.3899023,1904,1738,1435,1703,1565,1327
1055,10889289,2.3942477,1899,1729,1434,1705,1560,1319
1056,10899288,2.4005214,1904,1729,1442,1706,1560,1325
1057,10909289,2.4051665,1904,1728,1424,1705,1561,1321
1058,10919288,2.4092668,1911,1726,1455,1704,1569,1337
1059,10929289,2.4134396,1904,1733,1437,1704,1563,1323
1060,10939289,2.4161202,1906,1729,1451,1704,1562,1330
1061,10949289,2.4189174,1895,1729,1431,1705,1561,1318
1062,10959289,2.4226285,1907,1731,1442,1703,1562,1337
1063,10969289,2.4278077,1904,1730,1441,1704,1563,1323
1064,10979289,2.4302556,1885,1756,1439,1706,1557,1324
1065,10989289,2.4327226,1903,1726,1455,1704,1574,1322
1066,10999289,2.4351188,1897,1723,1426,1705,1560,1325
1067,11009289,2.437994,1904,1731,1446,1706,1562,1329
1068,11019289,2.4407069,1905,1734,1438,1698,1563,1323
1069,11029289,2.4427983,1891,1733,1449,1705,1557,1326
1070,11039289,2.4446253,1891,1726,1444,1705,1557,1325
1071,11049289,2.4464252,1907,1731,1455,1705,1565,1325
1072,11059289,2.4486286,1894,1723,1408,1699,1559,1299
1073,11069289,2.4507737,1909,1735,1503,1706,1578,1350
1074,11079289,2.4542139,1904,1733,1424,1698,1561,1306
1075,11089289,2.4571162,1904,1725,1446,1703,1559,1333
1076,11099289,2.461848,1895,1731,1456,1704,1570,1322
1077,11109289,2.4657705,1904,1732,1429,1695,1563,1321
1078,11119288,2.4683491,1903,1737,1452,1705,1566,1327
1079,11129289,2.4707467,1902,1733,1421,1701,1564,1316
1080,11139289,2.473912,1905,1729,1439,1711,1553,1361
1081,11149288,2.4769818,1897,1729,1429,1704,1562,1314
1082,11159289,2.4801009,1904,1732,1455,1705,1565,1337
1083,11169289,2.4835568,1902,1728,1431,1705,1565,1311
1084,11179289,2.4860337,1897,1726,1442,1705,1564,1327
1085,11189289,2.4881924,1904,1733,1440,1706,1566,1297
1086,11199289,2.4905064,1901,1729,1435,1703,1560,1316
1087,11209289,2.4939365,1904,1732,1439,1705,1566,1345
1088,11219289,2.4962201,1897,1743,1434,1698,1553,1317
1089,11229289,2.4999895,1897,1730,1452,1709,1566,1337
1090,11239289,2.5028607,1904,1730,1442,1705,1562,1317
1091,11249289,2.5059087,1899,1729,1445,1707,1556,1328
1092,11259289,2.508846,1901,1739,1438,1705,1561,1323
1093,11269289,2.5115823,1904,1738,1437,1705,1566,1327
1094,11279289,2.5143483,1904,1730,1440,1704,1559,1317
1095,11289289,2.517388,1900,1728,1433,1701,1561,1322
1096,11299289,2.5207118,1903,1734,1447,1705,1566,1346
1097,11309289,2.5233716,1893,1728,1437,1704,1559,1311
1098,11319289,2.5260547,1896,1735,1440,1706,1566,1330
1099,11329289,2.5281148,1911,1729,1437,1705,1558,1314
1100,11339289,2.5299582,1911,1747,1442,1695,1559,1323
1101,11349289,2.5324316,1899,1731,1440,1701,1565,1323
1102,11359289,2.5342536,1903,1728,1437,1704,1576,1326
1103,11369289,2.5363065,1907,1729,1444,1700,1559,1325
1104,11379289,2.538466,1903,1723,1442,1708,1570,1319
1105,11389289,2.5405358,1904,1735,1439,1705,1566,1328
1106,11399289,2.5425067,1902,1729,1435,1695,1562,1320
1107,11409289,2.5444987,1901,1730,1441,1705,1564,1335
1108,11419289,2.5466568,1905,1734,1443,1715,1565,1323
1109,11429289,2.5486516,1909,1734,1434,1710,1561,1323
1110,11439289,2.550284,1899,1734,1435,1713,1562,1323
1111,11449289,2.5520566,1905,1737,1439,1705,1566,1324
1112,11459289,2.5542178,1902,1729,1447,1698,1557,1323
1113,11469289,2.5563655,1907,1727,1439,1691,1565,1320
1114,11479289,2.5583852,1894,1729,1442,1709,1565,1326
1115,11489289,2.5607175,1898,1728,1445,1691,1563,1324
1116,11499289,2.5635757,1902,1728,1443,1701,1556,1323
1117,11509288,2.5661652,1885,1731,1442,1681,1560,1330
1118,11519289,2.5684684,1903,1727,1431,1708,1561,1323
1119,11529289,2.5706477,1920,1730,1438,1705,1562,1327
1120,11539289,2.5733017,1907,1728,1437,1705,1561,1323
1121,11549289,2.5751502,1903,1731,1445,1701,1539,1326
1122,11559288,2.5778715,1903,1729,1431,1701,1566,1332
1123,11569289,2.5801924,1903,1733,1440,1704,1560,1326
1124,11579289,2.5827373,1904,1728,1439,1706,1565,1320
1125,11589289,2.5849795,1903,1743,1443,1705,1565,1327
1126,11599288,2.5872031,1903,1723,1439,1704,1563,1320
1127,11609289,2.5892621,1895,1729,1435,1704,1562,1320
1128,11619289,2.5913689,1900,1728,1441,1704,1558,1323
1129,11629289,2.5942501,1910,1734,1443,1705,1553,1323
1130,11639289,2.5964761,1903,1732,1450,1705,1557,1327
1131,11649288,2.5986342,1904,1703,1438,1700,1562,1324
1132,11659289,2.6005956,1907,1725,1438,1706,1559,1327
1133,11669289,2.6025914,1904,1733,1446,1701,1565,1321
1134,11679289,2.6046056,1898,1730,1441,1706,1561,1322
1135,11689289,2.6066522,1899,1728,1437,1700,1548,1322
1136,11699288,2.6089652,1902,1728,1440,1705,1560,1326
1137,11709288,2.610782,1897,1726,1440,1703,1562,1323
1138,11719289,2.612706,1904,1733,1431,1698,1563,1314
1139,11729289,2.6147153,1902,1734,1434,1703,1556,1328
1140,11739289,2.6167932,1911,1728,1430,1704,1561,1324
1141,11749289,2.6188686,1902,1729,1449,1710,1559,1323
1142,11759289,2.620845,1905,1732,1442,1705,1561,1323
1143,11769288,2.6228051,1904,1728,1440,1704,1562,1324
1144,11779289,2.6258219,1902,1723,1419,1705,1563,1328
1145,11789289,2.628356,1904,1727,1437,1705,1556,1323
1146,11799289,2.6307032,1904,1731,1440,1707,1562,1314
1147,11809289,2.6332698,1904,1737,1443,1703,1562,1323
1148,11819289,2.6360573,1899,1731,1439,1704,1562,1325
1149,11829289,2.6382692,1905,1730,1435,1704,1562,1323
1150,11839289,2.6413172,1905,1731,1441,1708,1566,1329
1151,11849289,2.6439887,1904,1727,1430,1699,1562,1314
1152,11859289,2.6468968,1903,1727,1440,1705,1562,1323
1153,11869289,2.6495185,1904,1727,1447,1704,1566,1323
1154,11879289,2.6524277,1903,1729,1431,1705,1564,1330
1155,11889289,2.6552037,1905,1725,1434,1705,1562,1332
1156,11899288,2.6582586,1895,1728,1433,1697,1558,1324
1157,11909289,2.6610807,1903,1730,1441,1705,1557,1326
1158,11919289,2.663695,1895,1719,1442,1701,1562,1328
1159,11929289,2.666609,1905,1727,1445,1696,1562,1323
1160,11939289,2.6692674,1889,1718,1443,1699,1563,1326
1161,11949289,2.6741544,1893,1730,1437,1704,1560,1323
1162,11959289,2.677738,1902,1726,1442,1706,1562,1330
1163,11969289,2.6810934,1902,1733,1439,1705,1566,1323
1164,11979289,2.6836151,1904,1735,1440,1709,1571,1328
1165,11989289,2.6862207,1905,1727,1458,1704,1565,1323
1166,11999289,2.689058,1905,1723,1445,1708,1561,1320
1167,12009289,2.6916777,1903,1725,1449,1703,1558,1323
1168,12019289,2.6946981,1904,1729,1442,1704,1561,1328
1169,12029289,2.6973899,1907,1735,1441,1690,1565,1327
1170,12039289,2.6998985,1903,1729,1452,1704,1561,1323
1171,12049289,2.7025765,1900,1731,1433,1708,1562,1334
1172,12059289,2.7048976,1907,1741,1429,1703,1560,1323
1173,12069289,2.7072532,1903,1725,1446,1707,1548,1332
1174,12079289,2.7092925,1906,1729,1427,1709,1562,1320
1175,12089289,2.7113133,1909,1738,1431,1704,1559,1323
1176,12099289,2.7133621,1903,1721,1440,1705,1565,1319
1177,12109289,2.7155156,1899,1728,1437,1701,1568,1333
1178,12119289,2.7180052,1898,1732,1446,1698,1568,1327
1179,12129288,2.7203188,1904,1735,1443,1703,1563,1308
1180,12139289,2.7230485,1904,1727,1446,1705,1557,1323
1181,12149289,2.7250826,1904,1733,1438,1700,1558,1324
1182,12159289,2.7271977,1906,1741,1433,1708,1561,1322
1183,12169289,2.7292481,1903,1725,1440,1705,1562,1328
1184,12179289,2.7312271,1905,1722,1433,1704,1565,1327
1185,12189289,2.7335248,1899,1727,1437,1697,1562,1311
1186,12199289,2.7360816,1904,1739,1449,1703,1570,1321
1187,12209289,2.7384014,1903,1725,1437,1705,1558,1332
1188,12219289,2.7405283,1904,1719,1439,1700,1565,1328
1189,12229289,2.7428122,1903,1726,1430,1701,1558,1326
1190,12239289,2.7455745,1902,1733,1441,1705,1559,1326
1191,12249289,2.7478731,1903,1722,1437,1705,1565,1332
1192,12259288,2.7503875,1904,1735,1444,1701,1562,1328
1193,12269289,2.7524235,1909,1730,1434,1718,1557,1319
1194,12279289,2.7544224,1904,1732,1435,1705,1562,1323
1195,12289289,2.7567394,1905,1729,1443,1701,1562,1319
1196,12299289,2.7588269,1895,1743,1442,1702,1562,1337
1197,12309289,2.7609247,1904,1738,1442,1698,1562,1328
1198,12319289,2.7634332,1899,1730,1439,1680,1557,1324
1199,12329289,2.7664878,1899,1719,1450,1705,1561,1327
1200,12339289,2.7690334,1906,1739,1427,1704,1553,1323
1201,12349289,2.7715768,1905,1725,1453,1708,1561,1329
1202,12359289,2.774392,1894,1728,1440,1705,1562,1319
1203,12369289,2.7765322,1904,1738,1435,1704,1566,1324
1204,12379289,2.779011,1899,1717,1433,1695,1566,1324
1205,12389289,2.7817357,1877,1713,1442,1703,1563,1327
1206,12399288,2.7842522,1899,1729,1443,1705,1565,1323
1207,12409290,2.7860904,1907,1729,1442,1700,1561,1328
1208,12419289,2.7887359,1903,1726,1451,1717,1560,1324
1209,12429288,2.7909021,1904,1706,1441,1700,1558,1325
1210,12439289,2.7932809,1895,1727,1441,1699,1557,1323
1211,12449289,2.7957914,1923,1739,1442,1695,1561,1324
1212,12459289,2.7981124,1902,1735,1441,1702,1563,1327
1213,12469289,2.8001766,1903,1727,1440,1704,1560,1327
1214,12479289,2.8026633,1899,1729,1434,1705,1561,1323
1215,12489289,2.804839,1904,1739,1439,1705,1562,1322
1216,12499289,2.8071248,1906,1726,1434,1704,1562,1323
1217,12509289,2.8096626,1905,1727,1453,1698,1562,1326
1218,12519289,2.8120419,1906,1731,1441,1705,1574,1320
1219,12529289,2.8144155,1907,1730,1439,1705,1565,1323
1220,12539289,2.816546,1905,1735,1429,1690,1565,1325
1221,12549289,2.8186048,1899,1727,1442,1708,1561,1325
1222,12559289,2.8207555,1909,1745,1442,1704,1562,1327
1223,12569289,2.8229969,1889,1725,1435,1705,1561,1326
1224,12579289,2.8253014,1905,1731,1430,1704,1566,1330
1225,12589289,2.8281349,1905,1715,1439,1701,1560,1323
1226,12599289,2.8306963,1904,1726,1456,1705,1561,1313
1227,12609289,2.8337634,1903,1733,1443,1705,1564,1326
1228,12619289,2.8364252,1907,1723,1438,1705,1564,1325
1229,12629289,2.8389397,1893,1738,1444,1715,1563,1325
1230,12639289,2.8414735,1904,1734,1444,1705,1560,1323
1231,12649289,2.8445762,1904,1734,1443,1705,1565,1322
1232,12659288,2.8471433,1898,1728,1458,1707,1562,1325
1233,12669289,2.849631,1904,1730,1438,1705,1536,1323
1234,12679289,2.8525214,1911,1726,1439,1695,1565,1319
1235,12689288,2.855233,1891,1738,1446,1698,1568,1337
1236,12699289,2.8579561,1903,1723,1450,1706,1561,1320
1237,12709289,2.8604517,1904,1729,1438,1700,1563,1322
1238,12719289,2.8627639,1909,1729,1436,1705,1561,1326
1239,12729289,2.8651079,1904,1743,1440,1695,1566,1323
1240,12739289,2.8676807,1904,1742,1445,1704,1570,1328
1241,12749289,2.8702732,1903,1730,1436,1696,1572,1328
1242,12759289,2.8730161,1904,1734,1447,1706,1563,1327
1243,12769289,2.8759366,1904,1706,1445,1705,1571,1324
1244,12779289,2.878551,1904,1725,1443,1704,1555,1319
1245,12789289,2.8812927,1894,1744,1434,1698,1557,1328
1246,12799289,2.8835999,1903,1725,1438,1698,1562,1324
1247,12809289,2.8858343,1897,1728,1438,1699,1562,1323
1248,12819289,2.8881767,1899,1727,1437,1705,1559,1324
1249,12829288,2.8909219,1903,1721,1449,1706,1558,1323
1250,12839289,2.8929161,1912,1738,1438,1705,1562,1323
1251,12849289,2.8955395,1906,1722,1438,1711,1565,1322
1252,12859289,2.898099,1898,1735,1443,1703,1563,1325
1253,12869289,2.9005092,1905,1727,1437,1705,1570,1323
1254,12879289,2.903599,1897,1718,1444,1704,1566,1323
1255,12889289,2.9064818,1904,1724,1461,1704,1577,1326
1256,12899289,2.9088052,1903,1725,1441,1704,1553,1319
1257,12909289,2.9114466,1897,1734,1451,1705,1566,1323
1258,12919289,2.9140813,1899,1733,1435,1701,1580,1326
1259,12929289,2.9164666,1905,1741,1444,1698,1571,1329
1260,12939289,2.9185186,1904,1743,1442,1707,1570,1321
1261,12949289,2.9207171,1916,1719,1443,1713,1559,1324
1262,12959289,2.9230733,1928,1724,1430,1708,1566,1325
1263,12969289,2.9255475,1904,1725,1435,1706,1562,1325
1264,12979289,2.9273544,1902,1728,1429,1704,1562,1323
1265,12989289,2.9292099,1902,1733,1442,1698,1566,1323
1266,12999289,2.931326,1902,1740,1443,1698,1560,1333
1267,13009289,2.9336864,1901,1730,1443,1694,1563,1324
1268,13019289,2.9359946,1904,1735,1446,1698,1560,1326
1269,13029289,2.9384038,1901,1728,1453,1705,1563,1323
1270,13039289,2.9404862,1903,1725,1438,1696,1562,1328
1271,13049289,2.9422667,1894,1719,1441,1704,1562,1319
1272,13059289,2.9441054,1901,1737,1439,1703,1564,1323
1273,13069289,2.946764,1907,1734,1442,1705,1562,1327
1274,13079288,2.9485058,1904,1728,1429,1704,1562,1320
1275,13089289,2.9502542,1906,1733,1442,1705,1561,1313
1276,13099289,2.9525282,1905,1729,1430,1703,1562,1324
1277,13109289,2.9546172,1888,1729,1436,1703,1560,1319
1278,13119289,2.9567825,1904,1733,1444,1698,1543,1317
1279,13129289,2.9593856,1904,1725,1427,1703,1560,1327
1280,13139289,2.9624045,1904,1723,1433,1716,1559,1314
1281,13149289,2.9652867,1904,1723,1434,1708,1559,1319
1282,13159289,2.9679926,1902,1730,1446,1705,1560,1326
1283,13169289,2.9701538,1904,1738,1430,1705,1562,1325
1284,13179289,2.9723793,1904,1740,1439,1697,1564,1323
1285,13189289,2.9744162,1903,1727,1442,1706,1564,1324
1286,13199289,2.9766079,1901,1727,1436,1703,1558,1323
1287,13209289,2.9792159,1903,1722,1455,1696,1556,1329
1288,13219289,2.981251,1901,1728,1442,1698,1555,1328
1289,13229289,2.9846737,1907,1731,1446,1704,1568,1323
1290,13239289,2.9882766,1904,1744,1438,1705,1569,1329
1291,13249288,2.9921521,1906,1736,1443,1707,1574,1319
1292,13259289,2.9955244,1917,1735,1445,1718,1566,1330
1293,13269288,2.9990584,1904,1733,1439,1709,1562,1325
1294,13279289,3.0020643,1906,1714,1435,1706,1556,1323
1295,13289288,3.0047987,1901,1725,1439,1703,1555,1324
1296,13299289,3.0075545,1891,1728,1443,1704,1563,1324
1297,13309288,3.01002,1891,1726,1431,1699,1563,1326
1298,13319289,3.0126911,1889,1729,1426,1695,1559,1337
1299,13329289,3.0155414,1896,1737,1445,1703,1572,1324
1300,13339289,3.018444,1904,1731,1441,1706,1566,1320
1301,13349289,3.0207948,1907,1734,1445,1705,1569,1323
1302,13359289,3.0234756,1907,1733,1434,1705,1570,1330
1303,13369289,3.026375,1904,1730,1441,1707,1560,1325
1304,13379289,3.0289632,1909,1718,1453,1708,1561,1322
1305,13389288,3.0324427,1899,1728,1445,1705,1552,1336
1306,13399289,3.035343,1897,1731,1442,1704,1557,1324
1307,13409289,3.0380458,1889,1728,1452,1693,1560,1330
1308,13419289,3.0406337,1901,1735,1448,1683,1563,1328
1309,13429289,3.0432526,1891,1738,1439,1705,1578,1332
1310,13439289,3.0460548,1910,1739,1446,1705,1562,1322
1311,13449289,3.0488568,1907,1727,1444,1705,1559,1326
1312,13459289,3.0515423,1913,1729,1430,1713,1561,1319
1313,13469289,3.0546168,1906,1735,1437,1708,1560,1328
1314,13479289,3.0576968,1904,1739,1435,1705,1566,1330
1315,13489289,3.0603954,1904,1730,1441,1701,1566,1322
1316,13499288,3.0636791,1899,1733,1436,1697,1564,1323
1317,13509289,3.066676,1897,1731,1451,1679,1561,1324
1318,13519289,3.0698925,1893,1728,1442,1699,1569,1337
1319,13529289,3.0724006,1894,1729,1438,1686,1569,1314
1320,13539289,3.0748691,1905,1730,1441,1705,1566,1321
1321,13549289,3.0774644,1903,1732,1439,1705,1574,1323
1322,13559289,3.0800272,1916,1727,1451,1705,1562,1323
1323,13569289,3.0826185,1905,1731,1445,1714,1558,1327
1324,13579289,3.085136,1907,1723,1445,1708,1560,1334
1325,13589289,3.087802,1906,1735,1442,1707,1563,1321
1326,13599289,3.0899002,1901,1733,1439,1697,1566,1320
1327,13609289,3.0928057,1901,1739,1451,1695,1562,1330
1328,13619289,3.0947471,1901,1732,1446,1703,1562,1334
1329,13629288,3.0966689,1897,1731,1443,1705,1556,1323
1330,13639289,3.0990366,1914,1726,1439,1718,1560,1321
1331,13649289,3.1014532,1919,1727,1445,1706,1569,1328
1332,13659289,3.1038542,1893,1731,1444,1716,1563,1332
1333,13669289,3.1062363,1914,1738,1442,1708,1566,1324
1334,13679289,3.1092166,1918,1735,1447,1709,1576,1322
1335,13689289,3.1120532,1925,1730,1437,1707,1566,1326
1336,13699289,3.114852,1899,1733,1447,1705,1558,1325
1337,13709289,3.1173076,1889,1727,1451,1697,1560,1321
1338,13719289,3.1196969,1903,1728,1446,1695,1553,1323
1339,13729289,3.1228393,1904,1726,1445,1702,1559,1327
1340,13739289,3.1256735,1914,1734,1441,1705,1568,1323
1341,13749289,3.1276756,1907,1735,1440,1713,1568,1328
1342,13759289,3.1293535,1906,1728,1413,1701,1559,1325
1343,13769289,3.1309745,1904,1741,1442,1708,1563,1329
1344,13779289,3.1326941,1904,1743,1435,1707,1566,1328
1345,13789289,3.1345318,1898,1730,1442,1700,1564,1325
1346,13799289,3.1362762,1898,1727,1450,1704,1562,1309
1347,13809289,3.1380131,1895,1717,1435,1698,1561,1322
1348,13819289,3.1406323,1900,1724,1435,1703,1561,1321
1349,13829289,3.1428988,1902,1728,1435,1705,1560,1336
1350,13839289,3.1447624,1899,1730,1444,1711,1565,1346
1351,13849288,3.1470796,1907,1735,1447,1713,1569,1332
1352,13859289,3.1492278,1915,1739,1447,1706,1568,1330
1353,13869288,3.1515515,1915,1730,1443,1707,1549,1324
1354,13879289,3.1534427,1904,1740,1445,1708,1566,1327
1355,13889289,3.1565557,1904,1744,1443,1707,1568,1332
1356,13899289,3.1594228,1897,1729,1440,1705,1562,1322
1357,13909289,3.1619209,1897,1723,1441,1700,1562,1316
1358,13919289,3.1637702,1904,1730,1445,1699,1572,1329
1359,13929289,3.1660016,1903,1732,1445,1707,1562,1323
1360,13939289,3.1686204,1909,1729,1447,1704,1563,1327
1361,13949288,3.1711845,1907,1733,1441,1708,1565,1326
1362,13959289,3.1735522,1917,1730,1442,1708,1561,1323
1363,13969289,3.1765047,1898,1730,1442,1705,1557,1323
1364,13979289,3.1790236,1905,1729,1455,1705,1567,1331
1365,13989289,3.1814325,1897,1731,1442,1704,1565,1325
1366,13999289,3.1838279,1897,1743,1450,1690,1568,1330
1367,14009289,3.1867459,1894,1739,1441,1691,1548,1326
1368,14019289,3.1892571,1904,1726,1444,1701,1560,1319
1369,14029289,3.1913805,1911,1731,1446,1729,1565,1325
1370,14039289,3.194261,1906,1727,1440,1712,1560,1320
1371,14049289,3.1966501,1904,1726,1440,1723,1563,1320
1372,14059289,3.1988521,1909,1741,1443,1709,1561,1324
1373,14069288,3.20148,1907,1741,1439,1705,1568,1325
1374,14079288,3.2039411,1919,1731,1442,1704,1566,1328
1375,14089289,3.2061522,1899,1739,1438,1699,1571,1325
1376,14099289,3.2084997,1888,1703,1443,1700,1566,1320
1377,14109289,3.2107298,1887,1735,1441,1693,1560,1325
1378,14119289,3.212886,1907,1715,1442,1703,1558,1327
1379,14129288,3.2152596,1904,1729,1441,1701,1553,1326
1380,14139289,3.2183857,1904,1733,1438,1712,1564,1336
1381,14149289,3.2208874,1915,1725,1444,1708,1558,1322
1382,14159288,3.2237512,1932,1746,1450,1709,1566,1327
1383,14169289,3.2261518,1909,1735,1445,1705,1566,1323
1384,14179289,3.2286148,1904,1738,1445,1705,1562,1316
1385,14189289,3.2311705,1904,1712,1441,1698,1568,1325
1386,14199288,3.2334277,1890,1723,1439,1704,1559,1326
1387,14209289,3.2353363,1893,1718,1442,1699,1549,1328
1388,14219289,3.2379286,1894,1714,1441,1696,1549,1317
1389,14229289,3.2403889,1905,1725,1443,1701,1553,1317
1390,14239289,3.2425925,1904,1718,1444,1706,1565,1324
1391,14249289,3.2444146,1910,1737,1446,1708,1573,1328
1392,14259289,3.2462346,1909,1740,1439,1711,1570,1327
1393,14269289,3.2494197,1906,1739,1446,1705,1574,1337
1394,14279289,3.2518775,1905,1733,1444,1706,1562,1323
1395,14289289,3.253803,1902,1728,1439,1693,1566,1323
1396,14299289,3.2551116,1894,1722,1441,1692,1555,1323
1397,14309289,3.2566469,1895,1725,1435,1698,1562,1324
1398,14319289,3.2578532,1902,1725,1439,1703,1565,1327
1399,14329289,3.2612622,1904,1743,1445,1706,1560,1325
1400,14339289,3.2639158,1904,1741,1443,1701,1574,1326
1401,14349289,3.2658426,1904,1746,1441,1711,1574,1328
1402,14359289,3.267764,1909,1740,1424,1708,1570,1328
1403,14369289,3.2690513,1906,1744,1438,1706,1572,1327
1404,14379288,3.270165,1911,1734,1437,1706,1568,1326
1405,14389289,3.2717483,1899,1728,1439,1708,1559,1325
1406,14399289,3.2733029,1903,1723,1439,1704,1555,1326
1407,14409289,3.2750273,1895,1729,1417,1697,1558,1315
1408,14419289,3.2765974,1894,1732,1442,1698,1561,1326
1409,14429289,3.277964,1894,1731,1447,1696,1562,1327
1410,14439289,3.2797109,1906,1745,1439,1701,1570,1329
1411,14449289,3.2811173,1908,1741,1449,1709,1563,1327
1412,14459289,3.2826892,1915,1728,1443,1705,1559,1327
1413,14469289,3.2841594,1904,1724,1419,1713,1557,1326
1414,14479289,3.2857756,1909,1717,1442,1708,1557,1323
1415,14489289,3.2873635,1904,1723,1446,1704,1556,1320
1416,14499289,3.2889876,1902,1734,1439,1704,1558,1320
1417,14509289,3.2905031,1900,1727,1444,1696,1560,1326
1418,14519289,3.2923509,1891,1725,1440,1697,1566,1322
1419,14529289,3.293898,1900,1749,1441,1711,1561,1325
1420,14539289,3.2957751,1905,1721,1438,1717,1558,1328
1421,14549289,3.2972971,1910,1727,1443,1709,1561,1323
1422,14559289,3.2987337,1906,1725,1423,1711,1562,1351
1423,14569288,3.3002379,1901,1727,1430,1710,1560,1323
1424,14579289,3.3019366,1903,1730,1439,1709,1569,1327
1425,14589289,3.3036193,1904,1736,1455,1704,1561,1324
1426,14599289,3.305255,1899,1745,1445,1705,1574,1328
1427,14609288,3.3072343,1901,1745,1447,1705,1578,1325
1428,14619289,3.3089938,1903,1744,1446,1705,1574,1330
1429,14629289,3.3107828,1901,1744,1453,1699,1574,1336
1430,14639289,3.3124463,1904,1719,1444,1695,1561,1324
1431,14649289,3.3140794,1911,1734,1442,1705,1562,1330
1432,14659289,3.3157186,1906,1734,1445,1705,1559,1328
1433,14669289,3.3173053,1904,1728,1442,1705,1556,1317
1434,14679289,3.3188882,1909,1733,1450,1704,1562,1323
1435,14689289,3.3205073,1893,1737,1438,1698,1563,1323
1436,14699289,3.3222346,1893,1738,1441,1700,1572,1323
1437,14709289,3.3238754,1920,1728,1444,1701,1562,1324
1438,14719289,3.3262204,1902,1728,1447,1705,1557,1327
1439,14729289,3.3282551,1905,1727,1437,1703,1559,1325
1440,14739289,3.3295153,1904,1726,1443,1706,1556,1317
1441,14749289,3.3307278,1904,1725,1440,1705,1560,1319
1442,14759289,3.3321048,1909,1727,1439,1713,1550,1328
1443,14769289,3.3332408,1918,1723,1439,1705,1570,1323
1444,14779289,3.334724,1901,1719,1445,1706,1561,1322
1445,14789289,3.3362062,1899,1734,1430,1699,1565,1328
1446,14799289,3.3376501,1897,1729,1445,1698,1560,1320
1447,14809288,3.3389292,1904,1725,1445,1699,1557,1328
1448,14819289,3.3404979,1901,1715,1440,1698,1558,1321
1449,14829289,3.3430837,1905,1730,1441,1704,1555,1325
1450,14839289,3.3448938,1903,1724,1441,1705,1558,1321
1451,14849289,3.3465505,1914,1721,1440,1698,1563,1326
1452,14859289,3.3479629,1891,1727,1445,1705,1561,1332
1453,14869289,3.3493306,1907,1727,1440,1705,1561,1325
1454,14879289,3.3507004,1895,1744,1457,1702,1574,1330
1455,14889289,3.3522531,1900,1738,1453,1704,1575,1323
1456,14899289,3.3534854,1918,1744,1443,1691,1575,1329
1457,14909289,3.354645,1893,1742,1442,1704,1573,1323
1458,14919289,3.3558438,1901,1735,1451,1703,1570,1332
1459,14929288,3.3576468,1902,1729,1450,1711,1558,1324
1460,14939289,3.3597181,1906,1726,1438,1707,1560,1320
1461,14949289,3.3613294,1898,1730,1438,1705,1572,1320
1462,14959289,3.3628147,1907,1725,1446,1693,1565,1332
1463,14969289,3.36434,1898,1730,1440,1696,1564,1327
1464,14979289,3.366114,1917,1739,1444,1699,1565,1324
1465,14989289,3.367804,1902,1737,1441,1705,1564,1328
1466,14999289,3.3694379,1893,1723,1445,1705,1574,1322
1467,15009289,3.3708031,1922,1728,1440,1705,1563,1322
1468,15019289,3.3735881,1905,1719,1454,1705,1564,1326
1469,15029289,3.3760671,1892,1723,1435,1705,1562,1320
1470,15039289,3.3781267,1907,1722,1439,1703,1556,1318
1471,15049289,3.3796915,1904,1724,1435,1705,1562,1316
1472,15059289,3.3811778,1901,1723,1441,1705,1552,1325
1473,15069289,3.3826094,1904,1718,1435,1706,1554,1332
1474,15079289,3.3839699,1926,1725,1439,1705,1562,1322
1475,15089289,3.3854281,1898,1728,1444,1698,1558,1328
1476,15099289,3.3869765,1904,1723,1439,1694,1548,1317
1477,15109289,3.3884866,1900,1727,1453,1704,1552,1323
1478,15119289,3.3903531,1899,1723,1431,1707,1548,1323
1479,15129289,3.392073,1905,1730,1443,1701,1558,1323
1480,15139289,3.3937905,1909,1743,1443,1705,1570,1321
1481,15149289,3.395216,1903,1765,1450,1704,1582,1334
1482,15159289,3.3965316,1920,1744,1441,1703,1575,1328
1483,15169289,3.3976527,1898,1709,1447,1700,1560,1328
1484,15179289,3.3987602,1901,1725,1441,1705,1565,1336
1485,15189289,3.399922,1904,1744,1438,1705,1574,1327
1486,15199289,3.4011356,1894,1742,1444,1705,1574,1323
1487,15209289,3.4023863,1923,1724,1438,1706,1562,1323
1488,15219289,3.4036147,1900,1738,1445,1700,1561,1326
1489,15229289,3.4052213,1901,1726,1450,1704,1556,1325
1490,15239289,3.4066488,1905,1724,1447,1704,1553,1320
1491,15249289,3.4080622,1904,1728,1435,1704,1560,1319
1492,15259289,3.4100588,1901,1724,1436,1705,1560,1325
1493,15269289,3.4122118,1911,1728,1434,1704,1558,1323
1494,15279289,3.414058,1901,1727,1441,1713,1568,1324
1495,15289289,3.4158901,1893,1731,1443,1707,1561,1324
1496,15299289,3.4178701,1905,1739,1440,1705,1562,1323
1497,15309289,3.4197635,1903,1728,1434,1704,1564,1335
1498,15319289,3.4221281,1903,1726,1436,1704,1560,1327
1499,15329289,3.4240045,1905,1721,1445,1704,1559,1327
1500,15339289,3.4261241,1903,1723,1443,1705,1565,1319
1501,15349289,3.4281143,1903,1728,1436,1696,1555,1323
1502,15359289,3.4300855,1903,1735,1451,1701,1556,1320
1503,15369289,3.4321541,1903,1729,1437,1700,1560,1332
1504,15379289,3.4339388,1903,1734,1436,1704,1559,1329
1505,15389289,3.4360356,1906,1722,1442,1704,1565,1333
1506,15399288,3.4384909,1903,1735,1444,1705,1563,1336
1507,15409289,3.4396534,1894,1728,1443,1702,1566,1322
1508,15419289,3.4407191,1904,1744,1450,1705,1571,1326
1509,15429289,3.4421164,1899,1743,1449,1700,1577,1323
1510,15439289,3.4433175,1904,1739,1443,1679,1575,1330
1511,15449289,3.4446384,1900,1742,1441,1707,1572,1328
1512,15459289,3.4461329,1905,1735,1431,1708,1562,1323
1513,15469289,3.4474338,1905,1737,1439,1705,1558,1321
1514,15479289,3.4486605,1904,1722,1441,1704,1561,1323
1515,15489289,3.4498225,1899,1722,1435,1707,1565,1319
1516,15499289,3.4514997,1897,1723,1446,1702,1535,1329
1517,15509289,3.4531126,1906,1725,1442,1703,1564,1326
1518,15519289,3.4544118,1904,1717,1439,1704,1559,1323
1519,15529289,3.4554897,1908,1728,1450,1708,1558,1328
1520,15539289,3.4566638,1904,1734,1434,1705,1563,1324
1521,15549289,3.4578338,1908,1732,1439,1711,1563,1323
1522,15559289,3.4591319,1905,1739,1419,1704,1565,1343
1523,15569289,3.4604571,1902,1722,1447,1709,1563,1325
1524,15579289,3.4615622,1903,1723,1434,1705,1563,1324
1525,15589289,3.4626984,1893,1729,1439,1699,1558,1332
1526,15599289,3.4637837,1897,1732,1439,1704,1557,1329
1527,15609289,3.4648043,1902,1735,1442,1696,1565,1317
1528,15619289,3.4658257,1903,1729,1427,1697,1562,1320
1529,15629289,3.4674954,1904,1739,1445,1698,1565,1330
1530,15639289,3.4687392,1901,1729,1440,1705,1564,1324
1531,15649289,3.4703629,1904,1735,1444,1705,1561,1328
1532,15659289,3.4718807,1900,1729,1442,1707,1559,1327
1533,15669288,3.4735277,1904,1728,1441,1701,1558,1321
1534,15679289,3.4747856,1899,1726,1438,1704,1560,1329
1535,15689289,3.4762242,1899,1731,1450,1705,1549,1323
1536,15699288,3.4776694,1899,1732,1438,1700,1566,1323
1537,15709289,3.4788463,1904,1728,1442,1703,1560,1320
1538,15719289,3.4800002,1899,1719,1446,1701,1569,1323
1539,15729288,3.481091,1905,1731,1433,1709,1562,1305
1540,15739289,3.4825067,1898,1727,1437,1711,1559,1335
1541,15749289,3.4837477,1906,1728,1441,1701,1558,1320
1542,15759289,3.4850708,1904,1726,1457,1705,1566,1320
1543,15769288,3.4863099,1905,1725,1446,1714,1561,1324
1544,15779289,3.4876306,1903,1734,1437,1705,1559,1326
1545,15789289,3.4889177,1903,1725,1429,1704,1574,1324
1546,15799289,3.4901224,1903,1729,1442,1704,1566,1319
1547,15809288,3.4912949,1903,1734,1431,1700,1566,1327
1548,15819289,3.4926037,1901,1732,1445,1704,1566,1321
1549,15829289,3.4940218,1895,1723,1441,1709,1563,1329
1550,15839289,3.4957065,1911,1732,1435,1704,1557,1332
1551,15849289,3.4973154,1897,1728,1450,1705,1558,1314
1552,15859289,3.4993764,1908,1744,1447,1709,1562,1317
1553,15869289,3.5012284,1903,1733,1439,1705,1566,1322
1554,15879289,3.5030818,1902,1728,1434,1705,1562,1327
1555,15889289,3.5050328,1899,1728,1442,1705,1562,1313
1556,15899289,3.506813,1903,1730,1441,1699,1562,1325
1557,15909289,3.5087278,1902,1733,1437,1703,1566,1319
1558,15919288,3.5106602,1906,1730,1439,1704,1559,1330
1559,15929289,3.5124002,1907,1718,1440,1705,1553,1326
1560,15939289,3.5143135,1904,1731,1447,1706,1569,1322
1561,15949289,3.5160218,1905,1727,1457,1705,1562,1326
1562,15959289,3.5177319,1904,1730,1427,1705,1560,1337
1563,15969289,3.5194054,1910,1745,1450,1700,1559,1327
1564,15979289,3.5208865,1906,1733,1438,1708,1545,1325
1565,15989289,3.5223911,1904,1735,1445,1700,1549,1323
1566,15999289,3.5238103,1904,1727,1447,1690,1557,1325
1567,16009289,3.5254142,1904,1727,1443,1705,1560,1328
1568,16019289,3.5267993,1895,1728,1440,1704,1562,1337
1569,16029289,3.5282139,1901,1728,1435,1704,1559,1327
1570,16039289,3.5296345,1904,1738,1441,1700,1563,1326
1571,16049288,3.5308543,1907,1731,1440,1713,1558,1317
1572,16059289,3.5320696,1897,1741,1437,1705,1563,1333
1573,16069289,3.5331095,1898,1737,1441,1698,1569,1323
1574,16079289,3.5341437,1901,1737,1442,1705,1571,1330
1575,16089288,3.5353809,1910,1742,1445,1703,1553,1326
1576,16099289,3.5367092,1906,1715,1442,1705,1561,1314
1577,16109289,3.5377919,1901,1730,1441,1705,1562,1323
1578,16119289,3.5389075,1898,1729,1441,1701,1565,1326
1579,16129289,3.5403187,1903,1734,1445,1705,1579,1326
1580,16139289,3.5416487,1909,1728,1437,1707,1568,1320
1581,16149289,3.5428477,1908,1729,1431,1697,1555,1322
1582,16159289,3.5439894,1903,1725,1435,1723,1563,1326
1583,16169289,3.5455237,1906,1730,1442,1713,1563,1326
1584,16179289,3.5469641,1899,1723,1443,1705,1567,1330
1585,16189289,3.5483666,1904,1727,1440,1699,1557,1326
1586,16199289,3.5495999,1897,1722,1441,1705,1561,1323
1587,16209289,3.5507252,1893,1723,1440,1707,1564,1320
1588,16219289,3.5520585,1905,1713,1443,1708,1557,1326
1589,16229289,3.5537912,1879,1727,1435,1696,1562,1322
1590,16239289,3.5556967,1901,1728,1441,1703,1562,1327
1591,16249289,3.5570625,1898,1744,1443,1704,1566,1328
1592,16259289,3.5585038,1909,1744,1443,1704,1566,1328
1593,16269289,3.5602108,1904,1732,1449,1706,1566,1322
1594,16279288,3.562128,1917,1729,1417,1705,1566,1330
1595,16289289,3.5636357,1902,1698,1444,1710,1548,1320
1596,16299288,3.5648987,1897,1722,1438,1704,1561,1343
1597,16309289,3.5662955,1902,1730,1456,1695,1560,1322
1598,16319289,3.5679523,1895,1736,1441,1701,1583,1323
1599,16329289,3.570005,1900,1736,1447,1709,1572,1322
1600,16339289,3.5718835,1905,1733,1438,1703,1562,1329
1601,16349289,3.574515,1904,1729,1437,1705,1566,1323
1602,16359289,3.5770426,1904,1743,1444,1708,1564,1326
1603,16369289,3.5784769,1904,1730,1440,1708,1563,1323
1604,16379289,3.5801005,1902,1729,1443,1704,1568,1342
1605,16389289,3.5819645,1904,1728,1439,1705,1562,1327
1606,16399289,3.5835193,1899,1722,1441,1703,1558,1323
1607,16409289,3.5848378,1901,1714,1435,1704,1562,1323
1608,16419290,3.5861985,1904,1730,1451,1701,1558,1336
1609,16429288,3.5876309,1895,1742,1436,1704,1569,1332
1610,16439289,3.5891688,1904,1730,1442,1699,1564,1328
1611,16449289,3.5906401,1897,1728,1449,1707,1566,1327
1612,16459289,3.5921997,1904,1722,1442,1706,1558,1323
1613,16469289,3.5940149,1909,1719,1441,1705,1560,1317
1614,16479289,3.5959552,1909,1726,1433,1705,1558,1326
1615,16489289,3.5977261,1909,1744,1440,1705,1566,1324
1616,16499289,3.599101,1921,1737,1441,1704,1562,1323
1617,16509289,3.6003795,1908,1729,1445,1697,1573,1325
1618,16519289,3.6015279,1903,1746,1442,1701,1570,1326
1619,16529289,3.6031111,1898,1728,1439,1699,1574,1315
1620,16539289,3.6042701,1905,1734,1441,1710,1546,1320
1621,16549289,3.6053811,1906,1728,1442,1714,1563,1326
1622,16559289,3.6067801,1903,1724,1440,1703,1562,1326
1623,16569289,3.6086523,1910,1733,1445,1711,1559,1329
1624,16579289,3.6109348,1895,1721,1444,1705,1567,1326
1625,16589289,3.6127188,1901,1730,1439,1698,1562,1325
1626,16599290,3.6141544,1903,1734,1446,1711,1566,1327
1627,16609289,3.6156531,1901,1738,1437,1709,1570,1328
1628,16619289,3.6172811,1904,1737,1443,1706,1560,1328
1629,16629289,3.6185129,1906,1729,1433,1704,1561,1325
1630,16639289,3.6198072,1900,1725,1430,1703,1562,1323
1631,16649289,3.621039,1904,1724,1431,1704,1561,1323
1632,16659289,3.6223152,1904,1731,1440,1713,1561,1322
1633,16669289,3.6242869,1903,1742,1440,1706,1563,1329
1634,16679289,3.6261357,1904,1727,1443,1710,1566,1330
1635,16689289,3.6281955,1895,1735,1446,1705,1565,1327
1636,16699289,3.629773,1905,1728,1445,1698,1572,1327
1637,16709289,3.6316171,1903,1728,1437,1704,1558,1328
1638,16719289,3.6332752,1908,1726,1441,1705,1562,1319
1639,16729289,3.6344513,1916,1717,1443,1703,1560,1325
1640,16739289,3.6356706,1905,1727,1439,1710,1563,1328
1641,16749289,3.6371071,1898,1723,1432,1704,1565,1327
1642,16759289,3.6383439,1907,1739,1445,1705,1566,1333
1643,16769289,3.6403814,1904,1734,1440,1706,1566,1322
1644,16779289,3.6421097,1905,1735,1446,1705,1563,1323
1645,16789289,3.6436801,1908,1729,1446,1705,1566,1323
1646,16799289,3.6452247,1904,1732,1448,1704,1562,1328
1647,16809289,3.6467546,1895,1715,1446,1706,1558,1324
1648,16819289,3.6483526,1899,1731,1434,1708,1560,1325
1649,16829289,3.6499181,1902,1727,1439,1708,1562,1320
1650,16839289,3.6515008,1905,1736,1441,1700,1566,1323
1651,16849289,3.6529735,1904,1727,1445,1706,1573,1327
1652,16859289,3.6549223,1920,1728,1447,1705,1566,1323
1653,16869289,3.6565463,1904,1731,1438,1704,1568,1327
1654,16879289,3.6580296,1895,1730,1437,1704,1566,1323
1655,16889288,3.6594781,1897,1728,1434,1705,1562,1328
1656,16899289,3.6609802,1900,1726,1445,1704,1566,1327
1657,16909289,3.6624872,1898,1728,1443,1700,1565,1323
1658,16919289,3.6639537,1903,1741,1445,1698,1571,1327
1659,16929288,3.6658357,1906,1739,1447,1705,1574,1324
1660,16939289,3.6673819,1908,1766,1450,1705,1568,1332
1661,16949289,3.6683394,1904,1728,1439,1705,1563,1330
1662,16959289,3.6697274,1903,1731,1445,1704,1563,1323
1663,16969289,3.6712729,1907,1725,1441,1707,1558,1327
1664,16979289,3.6727234,1906,1725,1456,1705,1562,1329
1665,16989289,3.6739693,1903,1729,1449,1704,1559,1329
1666,16999289,3.6751841,1905,1730,1439,1706,1566,1323
1667,17009290,3.6762475,1909,1731,1442,1688,1564,1327
1668,17019289,3.6772468,1904,1719,1445,1711,1560,1323
1669,17029289,3.6782383,1906,1739,1450,1707,1561,1337
1670,17039289,3.6794953,1914,1726,1445,1705,1558,1323
1671,17049289,3.6805971,1900,1717,1442,1693,1559,1328
1672,17059289,3.6815081,1922,1739,1444,1713,1562,1323
1673,17069289,3.6823861,1907,1730,1445,1713,1571,1325
1674,17079289,3.6833012,1893,1740,1435,1705,1570,1326
1675,17089288,3.6843154,1901,1757,1446,1705,1570,1325
1676,17099289,3.6863003,1887,1744,1439,1685,1569,1328
1677,17109289,3.6875334,1901,1728,1442,1705,1566,1322
1678,17119289,3.6885622,1901,1719,1438,1705,1550,1323
1679,17129289,3.6895938,1909,1708,1447,1703,1548,1314
1680,17139289,3.6908556,1905,1712,1435,1705,1560,1326
1681,17149289,3.6922022,1913,1731,1444,1705,1565,1346
1682,17159289,3.6932612,1904,1743,1439,1704,1570,1319
1683,17169289,3.6942662,1906,1754,1459,1705,1579,1329
1684,17179289,3.6952093,1905,1749,1450,1698,1574,1332
1685,17189289,3.6961868,1898,1739,1445,1700,1569,1326
1686,17199289,3.6971785,1904,1727,1441,1701,1559,1324
1687,17209289,3.6982194,1904,1718,1438,1708,1548,1325
1688,17219289,3.699216,1925,1719,1441,1706,1548,1322
1689,17229289,3.7005191,1903,1724,1435,1704,1562,1324
1690,17239289,3.7016869,1899,1721,1440,1704,1566,1330
1691,17249289,3.7030668,1913,1732,1443,1705,1562,1324
1692,17259289,3.7041655,1907,1733,1447,1705,1574,1325
1693,17269289,3.7051421,1909,1734,1438,1705,1565,1320
1694,17279289,3.7062031,1903,1729,1435,1704,1560,1322
1695,17289289,3.7072074,1902,1722,1440,1700,1562,1328
1696,17299289,3.7081816,1905,1717,1441,1694,1557,1319
1697,17309289,3.7091353,1907,1724,1445,1703,1553,1323
1698,17319289,3.7100708,1904,1726,1451,1706,1557,1306
1699,17329289,3.7109324,1905,1745,1439,1706,1553,1326
1700,17339289,3.7118655,1902,1727,1440,1708,1574,1327
1701,17349289,3.7128932,1893,1744,1443,1705,1572,1335
1702,17359289,3.7141534,1899,1746,1447,1704,1574,1329
1703,17369288,3.71557,1902,1742,1439,1704,1571,1329
1704,17379289,3.7167256,1906,1721,1442,1706,1566,1327
1705,17389289,3.7176465,1904,1721,1449,1700,1553,1323
1706,17399289,3.7183538,1901,1719,1434,1688,1553,1320
1707,17409289,3.7191873,1903,1723,1440,1705,1562,1321
1708,17419289,3.7200749,1903,1734,1438,1696,1563,1329
1709,17429289,3.7210096,1899,1734,1456,1703,1563,1332
1710,17439289,3.7217441,1897,1743,1451,1709,1576,1332
1711,17449289,3.7224247,1906,1744,1456,1709,1574,1351
1712,17459289,3.7231127,1908,1741,1443,1706,1563,1324
1713,17469289,3.7238154,1921,1727,1439,1704,1561,1324
1714,17479288,3.7245723,1910,1721,1435,1704,1553,1314
1715,17489289,3.725414,1902,1722,1441,1715,1551,1322
1716,17499289,3.7265662,1898,1724,1443,1705,1564,1329
1717,17509288,3.727983,1901,1719,1442,1705,1560,1327
1718,17519289,3.7289957,1898,1727,1439,1698,1563,1328
1719,17529289,3.72999,1905,1723,1440,1693,1558,1327
1720,17539289,3.7312989,1894,1723,1443,1705,1561,1324
1721,17549289,3.7324842,1899,1726,1447,1706,1559,1323
1722,17559288,3.7335756,1901,1729,1451,1705,1569,1323
1723,17569289,3.7345745,1902,1723,1425,1703,1557,1327
1724,17579289,3.735572,1891,1728,1447,1710,1559,1326
1725,17589289,3.736757,1904,1715,1435,1698,1557,1318
1726,17599289,3.7381202,1893,1721,1439,1704,1559,1320
1727,17609289,3.7394783,1904,1743,1441,1681,1564,1325
1728,17619289,3.7405935,1883,1735,1445,1690,1570,1328
1729,17629288,3.7414846,1901,1745,1437,1700,1575,1323
1730,17639289,3.7421838,1921,1744,1439,1708,1571,1329
1731,17649288,3.7428577,1901,1734,1441,1708,1570,1323
1732,17659289,3.7435728,1898,1721,1425,1704,1550,1311
1733,17669289,3.7442682,1903,1725,1440,1707,1557,1321
1734,17679289,3.7449745,1901,1744,1445,1715,1563,1323
1735,17689289,3.7457856,1890,1723,1440,1704,1562,1328
1736,17699288,3.7471511,1902,1738,1441,1702,1565,1348
1737,17709288,3.7482096,1898,1729,1442,1704,1573,1323
1738,17719289,3.7492584,1897,1744,1437,1704,1566,1326
1739,17729288,3.7504268,1899,1735,1454,1685,1565,1332
1740,17739289,3.7518808,1903,1728,1435,1701,1566,1327
1741,17749289,3.7529335,1909,1723,1439,1705,1562,1328
1742,17759289,3.7540309,1903,1725,1439,1701,1559,1325
1743,17769289,3.7551103,1909,1724,1437,1704,1553,1327
1744,17779289,3.7562649,1896,1722,1437,1701,1559,1327
1745,17789288,3.7572889,1917,1724,1434,1715,1562,1324
1746,17799289,3.7583245,1905,1721,1442,1706,1552,1322
1747,17809288,3.7593061,1892,1738,1439,1699,1562,1328
1748,17819289,3.7604164,1904,1726,1447,1699,1563,1324
1749,17829289,3.7621496,1904,1724,1438,1705,1550,1319
1750,17839289,3.7633931,1902,1713,1439,1700,1552,1323
1751,17849289,3.7644871,1904,1723,1434,1705,1553,1323
1752,17859289,3.7654229,1904,1731,1445,1706,1561,1325
1753,17869289,3.7663665,1915,1744,1437,1704,1563,1328
1754,17879289,3.76728,1899,1739,1441,1709,1571,1337
1755,17889289,3.7682115,1904,1741,1450,1701,1566,1329
1756,17899289,3.7691776,1905,1738,1452,1705,1573,1327
1757,17909289,3.7703884,1898,1739,1436,1708,1570,1338
1758,17919289,3.7715653,1891,1733,1431,1697,1568,1322
1759,17929289,3.7728051,1902,1727,1441,1690,1559,1328
1760,17939289,3.7740587,1904,1725,1446,1698,1561,1321
1761,17949289,3.77537,1905,1729,1444,1714,1559,1327
1762,17959289,3.7773583,1909,1729,1437,1708,1558,1330
1763,17969289,3.7788753,1910,1729,1444,1711,1565,1327
1764,17979289,3.7803291,1904,1742,1438,1705,1571,1324
1765,17989288,3.7816412,1901,1744,1446,1704,1575,1328
1766,17999289,3.7827709,1904,1748,1420,1703,1571,1321
1767,18009289,3.7838839,1904,1714,1449,1703,1566,1326
1768,18019288,3.7850141,1898,1723,1441,1701,1557,1325
1769,18029289,3.7863716,1904,1718,1442,1705,1547,1323
1770,18039289,3.7875442,1894,1712,1435,1707,1553,1327
1771,18049289,3.7888858,1911,1727,1450,1706,1539,1324
1772,18059289,3.7899557,1905,1733,1433,1709,1563,1327
1773,18069289,3.7912394,1899,1731,1440,1708,1562,1328
1774,18079289,3.7929751,1918,1733,1440,1707,1559,1324
1775,18089289,3.7949669,1903,1728,1439,1705,1562,1336
1776,18099289,3.7965483,1898,1727,1441,1706,1558,1345
1777,18109288,3.7980714,1904,1726,1446,1705,1560,1326
1778,18119289,3.7996625,1901,1696,1445,1701,1558,1327
1779,18129289,3.801072,1903,1728,1444,1698,1557,1323
1780,18139289,3.8022881,1904,1725,1434,1704,1560,1328
1781,18149289,3.804209,1904,1727,1446,1705,1561,1325
1782,18159289,3.8057813,1902,1741,1445,1703,1572,1335
1783,18169288,3.8071493,1904,1739,1442,1705,1578,1335
1784,18179289,3.8084217,1897,1743,1441,1708,1575,1314
1785,18189289,3.8097626,1899,1737,1431,1704,1568,1327
1786,18199288,3.8109975,1903,1728,1436,1700,1566,1326
1787,18209289,3.8122053,1901,1712,1436,1699,1563,1324
1788,18219289,3.8134105,1904,1725,1451,1705,1562,1320
1789,18229288,3.8145467,1905,1718,1438,1707,1562,1324
1790,18239289,3.8160399,1905,1728,1435,1697,1566,1324
1791,18249288,3.8176284,1904,1747,1446,1704,1566,1333
1792,18259289,3.8193261,1901,1749,1447,1700,1576,1332
1793,18269289,3.8209443,1891,1736,1456,1704,1573,1328
1794,18279289,3.8225597,1897,1739,1439,1711,1562,1323
1795,18289289,3.8243896,1914,1719,1441,1711,1557,1319
1796,18299289,3.8263222,1903,1738,1449,1699,1566,1323
1797,18309289,3.82757,1894,1739,1443,1700,1568,1328
1798,18319289,3.8287814,1895,1734,1456,1701,1566,1323
1799,18329288,3.8298831,1904,1730,1449,1705,1562,1332
1800,18339289,3.8309992,1903,1726,1449,1702,1540,1328
1801,18349289,3.8321979,1909,1723,1438,1711,1548,1319
1802,18359289,3.833278,1908,1712,1435,1708,1548,1323
1803,18369289,3.8344646,1914,1708,1431,1709,1543,1340
1804,18379289,3.8360491,1906,1707,1441,1711,1540,1323
1805,18389289,3.8375464,1904,1726,1435,1705,1563,1340
1806,18399289,3.8391868,1904,1740,1441,1705,1555,1333
1807,18409289,3.8418241,1894,1744,1450,1704,1579,1332
1808,18419289,3.84399,1903,1733,1444,1705,1573,1332
1809,18429289,3.8453863,1901,1735,1438,1705,1566,1319
1810,18439288,3.8465484,1903,1731,1450,1695,1562,1326
1811,18449289,3.847849,1899,1742,1441,1704,1566,1325
1812,18459289,3.8518491,1903,1737,1445,1703,1562,1323
1813,18469289,3.853153,1903,1727,1429,1702,1572,1328
1814,18479289,3.8543929,1906,1730,1445,1706,1557,1325
1815,18489289,3.855989,1906,1731,1452,1713,1562,1345
1816,18499289,3.8572379,1909,1738,1443,1714,1564,1327
1817,18509289,3.8584473,1905,1742,1447,1707,1576,1324
1818,18519289,3.8595334,1878,1734,1444,1705,1574,1328
1819,18529289,3.8606662,1897,1744,1440,1695,1574,1325
1820,18539289,3.8618173,1893,1745,1442,1697,1571,1326
1821,18549289,3.8636319,1899,1732,1443,1705,1570,1327
1822,18559289,3.8653878,1877,1725,1434,1708,1557,1326
1823,18569288,3.8665907,1906,1725,1439,1704,1556,1322
1824,18579289,3.8677577,1905,1728,1441,1707,1543,1323
1825,18589288,3.8687787,1904,1747,1439,1707,1571,1328
1826,18599288,3.8705417,1898,1742,1434,1705,1574,1337
1827,18609289,3.8727349,1894,1743,1445,1706,1576,1332
1828,18619289,3.8744394,1903,1739,1439,1716,1568,1322
1829,18629289,3.8760664,1901,1731,1453,1705,1553,1326
1830,18639289,3.8776887,1901,1721,1439,1705,1560,1331
1831,18649289,3.8793003,1899,1707,1430,1704,1540,1321
1832,18659289,3.8812025,1914,1710,1440,1708,1542,1320
1833,18669289,3.8828393,1890,1699,1450,1717,1539,1320
1834,18679289,3.8843087,1906,1710,1431,1717,1548,1321
1835,18689288,3.885528,1919,1727,1438,1717,1563,1323
1836,18699289,3.8876239,1910,1727,1444,1707,1572,1326
1837,18709289,3.8889897,1907,1742,1444,1708,1571,1330
1838,18719289,3.8902825,1889,1737,1439,1705,1567,1326
1839,18729288,3.8914945,1890,1729,1442,1680,1562,1332
1840,18739289,3.8926054,1898,1727,1439,1703,1562,1323
1841,18749289,3.8937578,1891,1728,1447,1697,1558,1321
1842,18759289,3.8950224,1896,1725,1434,1695,1559,1330
1843,18769289,3.8965702,1904,1731,1443,1707,1558,1325
1844,18779289,3.898107,1906,1742,1437,1708,1569,1330
1845,18789289,3.8993323,1905,1738,1444,1705,1560,1328
1846,18799289,3.9005764,1911,1738,1449,1707,1573,1328
1847,18809289,3.9025144,1904,1735,1445,1705,1574,1327
1848,18819289,3.9040496,1903,1749,1446,1700,1576,1325
1849,18829289,3.9052257,1898,1754,1449,1699,1581,1326
1850,18839289,3.9065108,1897,1744,1441,1701,1574,1330
1851,18849289,3.9076336,1895,1754,1445,1699,1573,1320
1852,18859289,3.9086464,1903,1731,1441,1704,1555,1327
1853,18869289,3.9097092,1904,1717,1438,1704,1556,1320
1854,18879289,3.9108909,1906,1725,1434,1703,1561,1322
1855,18889289,3.9122494,1905,1734,1445,1710,1563,1309
1856,18899289,3.9133274,1911,1733,1445,1709,1569,1323
1857,18909289,3.9144511,1904,1743,1447,1709,1574,1307
1858,18919289,3.9155947,1904,1731,1443,1700,1566,1326
1859,18929289,3.9168312,1901,1726,1437,1701,1543,1330
1860,18939289,3.9183177,1902,1723,1435,1699,1549,1322
1861,18949289,3.9196069,1901,1705,1427,1701,1552,1324
1862,18959289,3.9209002,1893,1712,1434,1701,1547,1325
1863,18969289,3.9221501,1909,1709,1436,1704,1543,1326
1864,18979289,3.9233068,1909,1709,1438,1705,1556,1325
1865,18989289,3.9244197,1904,1731,1440,1717,1565,1327
1866,18999290,3.9255515,1911,1747,1445,1707,1574,1337
1867,19009290,3.9268658,1910,1742,1447,1709,1574,1314
1868,19019289,3.9281553,1910,1734,1441,1704,1565,1327
1869,19029289,3.9292803,1898,1742,1446,1697,1562,1325
1870,19039289,3.9303751,1895,1728,1438,1698,1569,1328
1871,19049289,3.9314425,1899,1731,1446,1701,1566,1328
1872,19059289,3.9325485,1891,1718,1446,1701,1562,1323
1873,19069289,3.9345052,1904,1731,1434,1701,1562,1330
1874,19079289,3.9361254,1905,1740,1444,1707,1560,1327
1875,19089289,3.9377327,1886,1743,1449,1707,1574,1335
1876,19099289,3.9387373,1898,1745,1446,1708,1579,1329
1877,19109289,3.9398746,1867,1746,1450,1704,1576,1327
1878,19119289,3.9411087,1899,1744,1439,1702,1572,1333
1879,19129289,3.9423898,1905,1727,1437,1703,1562,1328
1880,19139289,3.943389,1895,1725,1442,1705,1550,1324
1881,19149289,3.9442667,1903,1736,1442,1710,1560,1326
1882,19159288,3.9451383,1894,1730,1454,1700,1565,1332
1883,19169289,3.9460694,1902,1731,1424,1698,1566,1323
1884,19179289,3.947075,1902,1741,1440,1705,1565,1326
1885,19189289,3.9479728,1902,1729,1415,1704,1566,1328
1886,19199289,3.9491529,1904,1718,1441,1705,1557,1328
1887,19209289,3.9501503,1904,1717,1440,1705,1552,1324
1888,19219289,3.9511776,1903,1712,1435,1705,1539,1322
1889,19229288,3.9521485,1904,1706,1441,1705,1539,1323
1890,19239289,3.9533927,1913,1700,1438,1709,1542,1323
1891,19249289,3.9547016,1907,1714,1440,1713,1550,1326
1892,19259289,3.9557457,1910,1739,1442,1709,1570,1319
1893,19269289,3.9568168,1904,1745,1444,1704,1574,1332
1894,19279289,3.9579761,1913,1733,1439,1708,1562,1325
1895,19289289,3.959002,1911,1724,1440,1704,1562,1328
1896,19299289,3.9599667,1906,1733,1438,1697,1565,1330
1897,19309289,3.960932,1901,1733,1437,1703,1560,1323
1898,19319288,3.9618554,1894,1729,1441,1700,1561,1326
1899,19329289,3.9627919,1898,1730,1440,1706,1561,1323
1900,19339289,3.9639852,1907,1737,1437,1701,1565,1323
1901,19349289,3.965648,1893,1743,1440,1704,1569,1320
1902,19359289,3.966953,1900,1744,1425,1699,1568,1314
1903,19369289,3.9681911,1906,1745,1443,1703,1574,1320
1904,19379289,3.9692815,1897,1751,1451,1703,1583,1329
1905,19389289,3.9702463,1897,1758,1450,1693,1588,1323
1906,19399289,3.9712456,1903,1759,1454,1702,1589,1317
1907,19409289,3.9722947,1899,1744,1439,1705,1574,1325
1908,19419289,3.9732993,1910,1722,1439,1706,1557,1326
1909,19429289,3.974289,1905,1719,1441,1699,1557,1322
1910,19439289,3.9754143,1889,1743,1440,1697,1567,1332
1911,19449289,3.9765015,1899,1735,1446,1703,1573,1326
1912,19459289,3.97748,1901,1739,1446,1699,1566,1332
1913,19469289,3.9784925,1892,1729,1443,1704,1562,1324
1914,19479289,3.9797188,1904,1723,1441,1706,1553,1323
1915,19489289,3.9813198,1906,1711,1437,1705,1545,1319
1916,19499288,3.9824116,1904,1697,1430,1707,1542,1320
1917,19509288,3.9833518,1910,1701,1428,1707,1539,1320
1918,19519289,3.9843503,1904,1701,1437,1705,1545,1319
1919,19529289,3.9852698,1908,1740,1439,1705,1561,1323
1920,19539289,3.9862728,1899,1745,1452,1699,1575,1324
1921,19549289,3.9872122,1910,1744,1444,1706,1574,1332
1922,19559289,3.9880686,1904,1737,1450,1706,1570,1338
1923,19569289,3.9888913,1905,1723,1446,1704,1567,1330
1924,19579289,3.9897531,1920,1726,1438,1697,1569,1333
1925,19589289,3.9908576,1891,1721,1443,1698,1566,1323
1926,19599289,3.9919736,1903,1718,1453,1695,1569,1330
1927,19609289,3.9929266,1895,1725,1439,1697,1563,1317
1928,19619289,3.9938301,1907,1739,1441,1710,1566,1321
1929,19629289,3.9951557,1911,1736,1446,1705,1568,1330
1930,19639289,3.9969008,1904,1745,1450,1710,1571,1328
1931,19649289,3.9981091,1903,1751,1447,1701,1580,1326
1932,19659289,3.9991984,1895,1746,1446,1695,1574,1317
1933,19669289,4.0003721,1899,1733,1439,1700,1562,1321
1934,19679290,4.0016159,1904,1720,1439,1695,1556,1332
1935,19689289,4.0029118,1887,1712,1438,1701,1552,1330
1936,19699289,4.0042998,1894,1735,1439,1684,1560,1332
1937,19709288,4.005429,1903,1738,1438,1703,1571,1329
1938,19719289,4.0066621,1907,1726,1449,1705,1562,1329
1939,19729289,4.0082034,1903,1737,1443,1702,1568,1328
1940,19739289,4.0094506,1907,1715,1443,1708,1553,1327
1941,19749289,4.0104825,1914,1714,1437,1704,1548,1322
1942,19759289,4.0120012,1911,1703,1438,1705,1544,1337
1943,19769289,4.0130348,1909,1702,1434,1707,1542,1328
1944,19779288,4.0139659,1909,1714,1440,1710,1552,1327
1945,19789289,4.0149761,1894,1731,1443,1698,1562,1327
1946,19799289,4.0159587,1905,1741,1445,1705,1574,1328
1947,19809289,4.0169231,1905,1733,1451,1704,1570,1330
1948,19819289,4.0178457,1904,1742,1441,1704,1563,1323
1949,19829289,4.0187911,1909,1734,1439,1705,1554,1327
1950,19839289,4.0198959,1901,1725,1437,1698,1558,1323
1951,19849289,4.0210399,1901,1731,1447,1711,1561,1330
1952,19859289,4.0220696,1886,1729,1445,1704,1561,1322
1953,19869288,4.0230218,1904,1733,1423,1705,1562,1332
1954,19879289,4.0239499,1904,1738,1449,1704,1565,1323
1955,19889289,4.0248828,1915,1746,1439,1690,1566,1326
1956,19899289,4.0259013,1901,1743,1453,1705,1580,1328
1957,19909289,4.0274828,1895,1754,1443,1714,1575,1324
1958,19919288,4.0285825,1899,1754,1434,1705,1586,1324
1959,19929289,4.0294654,1898,1742,1446,1705,1569,1329
1960,19939289,4.0304828,1901,1731,1427,1694,1559,1328
1961,19949289,4.0316565,1905,1712,1441,1704,1547,1323
1962,19959289,4.0330665,1894,1727,1439,1705,1561,1330
1963,19969289,4.0343236,1902,1730,1440,1700,1562,1322
1964,19979289,4.0352994,1897,1744,1445,1707,1551,1326
1965,19989289,4.0365044,1904,1742,1440,1707,1574,1329
1966,19999289,4.037501,1907,1729,1441,1709,1562,1330
1967,20009289,4.0384191,1904,1726,1436,1708,1560,1324
1968,20019289,4.0393343,1905,1718,1441,1707,1548,1330
1969,20029288,4.0402506,1907,1690,1435,1705,1550,1328
1970,20039289,4.0411871,1885,1710,1439,1700,1548,1328
1971,20049289,4.0428641,1904,1725,1444,1705,1562,1323
1972,20059289,4.0440455,1904,1734,1446,1704,1562,1335
1973,20069289,4.0452024,1911,1741,1449,1700,1573,1327
1974,20079289,4.0466453,1905,1738,1441,1709,1572,1332
1975,20089288,4.0476555,1899,1739,1447,1708,1566,1328
1976,20099289,4.0486078,1889,1738,1445,1714,1566,1327
1977,20109288,4.0495438,1919,1756,1451,1705,1562,1324
1978,20119289,4.0504562,1903,1723,1441,1705,1559,1329
1979,20129289,4.0515164,1899,1733,1440,1708,1561,1323
1980,20139289,4.0525958,1904,1712,1441,1706,1557,1327
1981,20149289,4.0535968,1898,1729,1439,1705,1564,1327
1982,20159289,4.0545482,1903,1730,1450,1707,1563,1324
1983,20169289,4.0555395,1909,1735,1436,1703,1573,1336
1984,20179289,4.0565263,1902,1728,1454,1705,1574,1332
1985,20189289,4.0585756,1904,1745,1447,1703,1571,1326
1986,20199289,4.0598725,1904,1744,1457,1704,1580,1332
1987,20209289,4.061186,1911,1715,1439,1696,1574,1332
1988,20219288,4.0624193,1903,1730,1440,1708,1559,1327
1989,20229289,4.0634769,1910,1715,1456,1704,1553,1332
1990,20239289,4.0645064,1900,1725,1439,1704,1565,1332
1991,20249289,4.065606,1889,1751,1451,1693,1571,1326
1992,20259289,4.0669892,1895,1744,1438,1704,1569,1328
1993,20269289,4.068,1905,1730,1443,1706,1572,1333
1994,20279289,4.069275,1909,1733,1439,1693,1564,1323
1995,20289288,4.0704099,1907,1719,1442,1705,1535,1325
1996,20299289,4.07151,1904,1722,1444,1706,1552,1323
1997,20309289,4.0729036,1906,1711,1423,1706,1547,1314
1998,20319289,4.0746568,1909,1700,1437,1713,1543,1317
1999,20329289,4.0764465,1909,1710,1441,1713,1548,1326
2000,20339289,4.0781206,1899,1721,1435,1701,1561,1327
2001,20349289,4.0798165,1904,1728,1445,1705,1569,1320
2002,20359289,4.0815087,1906,1744,1440,1705,1575,1327
2003,20369289,4.0830717,1904,1729,1447,1705,1570,1325
2004,20379289,4.0846577,1903,1738,1439,1705,1570,1325
2005,20389289,4.0860901,1897,1741,1451,1703,1562,1327
2006,20399289,4.0877523,1902,1739,1444,1704,1566,1326
2007,20409289,4.0900271,1901,1719,1438,1705,1559,1320
2008,20419289,4.091803,1905,1728,1438,1701,1562,1323
2009,20429288,4.093283,1907,1728,1449,1700,1569,1319
2010,20439289,4.0950283,1905,1734,1440,1705,1566,1325
2011,20449289,4.0965069,1904,1737,1443,1698,1568,1326
2012,20459289,4.0979898,1906,1753,1444,1700,1575,1332
2013,20469289,4.0992537,1895,1752,1451,1705,1578,1332
2014,20479289,4.1006111,1895,1744,1456,1704,1566,1353
2015,20489289,4.1021068,1897,1722,1433,1705,1559,1303
2016,20499289,4.1037598,1905,1712,1439,1703,1543,1320
2017,20509289,4.1056659,1897,1722,1435,1705,1570,1315
2018,20519289,4.1071916,1904,1723,1454,1701,1558,1333
2019,20529288,4.1084226,1905,1735,1438,1705,1566,1324
2020,20539289,4.1098137,1910,1723,1441,1700,1562,1322
2021,20549289,4.1107722,1905,1725,1434,1703,1566,1319
2022,20559289,4.1116884,1908,1721,1435,1708,1540,1316
2023,20569289,4.112514,1910,1722,1431,1704,1557,1332
2024,20579289,4.1133395,1905,1718,1445,1704,1546,1323
2025,20589289,4.1141499,1904,1724,1446,1705,1563,1325
2026,20599289,4.1151586,1894,1728,1446,1706,1560,1323
2027,20609289,4.116216,1899,1739,1442,1704,1558,1308
2028,20619289,4.1184446,1904,1729,1449,1704,1566,1320
2029,20629289,4.1207046,1906,1742,1450,1705,1564,1329
2030,20639289,4.122214,1904,1740,1450,1705,1560,1319
2031,20649289,4.1235824,1904,1730,1467,1705,1568,1333
2032,20659289,4.1249016,1901,1743,1439,1705,1566,1327
2033,20669289,4.1258855,1907,1729,1439,1706,1558,1327
2034,20679289,4.1269082,1904,1728,1441,1700,1571,1339
2035,20689289,4.1278656,1904,1726,1441,1704,1553,1326
2036,20699289,4.1288012,1898,1731,1439,1701,1570,1323
2037,20709289,4.1297187,1903,1738,1450,1703,1563,1323
2038,20719289,4.1306981,1903,1738,1434,1705,1572,1323
2039,20729289,4.1315578,1904,1741,1436,1704,1574,1328
2040,20739289,4.1323926,1904,1741,1440,1705,1566,1325
2041,20749289,4.1332285,1896,1714,1439,1703,1566,1326
2042,20759289,4.1342367,1898,1719,1447,1705,1555,1323
2043,20769289,4.1360286,1903,1723,1451,1704,1547,1325
2044,20779289,4.137448,1903,1721,1455,1698,1561,1328
2045,20789289,4.1386104,1903,1743,1441,1708,1571,1329
2046,20799289,4.1397184,1899,1739,1427,1705,1571,1328
2047,20809289,4.140749,1898,1734,1438,1706,1569,1315
2048,20819289,4.1416895,1904,1730,1441,1704,1563,1328
2049,20829289,4.1427528,1903,1715,1437,1705,1557,1307
2050,20839289,4.1437678,1909,1717,1415,1705,1553,1320
2051,20849288,4.1450255,1914,1712,1439,1705,1544,1324
2052,20859289,4.1460301,1904,1711,1438,1696,1553,1326
2053,20869289,4.1471919,1886,1725,1434,1705,1555,1323
2054,20879289,4.1484212,1901,1730,1434,1704,1563,1324
2055,20889289,4.1495409,1901,1741,1435,1705,1572,1317
2056,20899289,4.1506158,1904,1744,1438,1705,1574,1326
2057,20909289,4.1519443,1905,1738,1451,1699,1568,1313
2058,20919289,4.1535958,1903,1734,1451,1704,1566,1330
2059,20929289,4.1548279,1900,1729,1447,1694,1555,1326
2060,20939289,4.1562151,1891,1724,1440,1703,1564,1312
2061,20949289,4.1571651,1899,1728,1443,1703,1564,1351
2062,20959289,4.1579233,1904,1730,1441,1701,1563,1324
2063,20969289,4.1587064,1903,1733,1445,1705,1566,1312
2064,20979289,4.1596425,1904,1737,1439,1707,1566,1324
2065,20989289,4.1605859,1904,1732,1445,1704,1566,1333
2066,20999289,4.1618458,1902,1738,1436,1704,1574,1332
2067,21009289,4.1626582,1923,1744,1445,1699,1574,1332
2068,21019289,4.1633551,1904,1737,1441,1705,1565,1324
2069,21029289,4.1642233,1902,1721,1437,1696,1556,1325
2070,21039289,4.1650539,1911,1717,1442,1705,1558,1327
2071,21049289,4.1658173,1904,1718,1442,1703,1567,1327
2072,21059289,4.1665166,1901,1727,1445,1704,1563,1330
2073,21069289,4.1680372,1899,1737,1442,1703,1566,1327
2074,21079289,4.1691866,1904,1730,1443,1701,1570,1328
2075,21089289,4.1705589,1888,1733,1446,1705,1562,1326
2076,21099289,4.1716525,1899,1723,1445,1705,1557,1322
2077,21109289,4.1725448,1937,1730,1433,1708,1550,1325
2078,21119289,4.1738416,1905,1716,1442,1707,1553,1319
2079,21129289,4.1751035,1904,1725,1440,1703,1556,1316
2080,21139289,4.1759907,1902,1729,1439,1703,1553,1328
2081,21149289,4.1767289,1895,1742,1453,1695,1573,1325
2082,21159289,4.1776107,1896,1741,1437,1702,1576,1330
2083,21169288,4.1783223,1903,1739,1451,1705,1561,1328
2084,21179289,4.1791253,1905,1728,1442,1705,1561,1323
2085,21189289,4.1799902,1902,1731,1443,1703,1576,1324
2086,21199289,4.1809559,1901,1734,1424,1705,1574,1325
2087,21209289,4.1817355,1897,1737,1442,1698,1564,1323
2088,21219289,4.1826232,1899,1730,1440,1695,1562,1317
2089,21229289,4.1843348,1904,1715,1445,1701,1560,1332
2090,21239289,4.1852997,1899,1729,1469,1708,1561,1339
2091,21249289,4.186289,1904,1733,1446,1705,1566,1326
2092,21259289,4.1875801,1899,1740,1442,1709,1573,1323
2093,21269289,4.1886056,1901,1742,1443,1695,1578,1328
2094,21279289,4.1901118,1901,1730,1441,1705,1566,1328
2095,21289289,4.1913696,1904,1723,1442,1706,1566,1326
2096,21299289,4.1923895,1904,1715,1445,1708,1548,1324
2097,21309289,4.1933162,1901,1723,1433,1704,1560,1327
2098,21319289,4.1941362,1893,1728,1445,1702,1563,1323
2099,21329289,4.194779,1904,1730,1447,1711,1574,1337
2100,21339289,4.1957627,1904,1730,1449,1700,1562,1327
2101,21349289,4.19715,1901,1719,1440,1708,1565,1322
2102,21359289,4.1991476,1904,1715,1447,1704,1552,1323
2103,21369289,4.2010384,1909,1712,1433,1709,1548,1320
2104,21379289,4.2029368,1905,1712,1439,1705,1550,1317
2105,21389289,4.2041688,1906,1729,1439,1701,1563,1328
2106,21399289,4.2054642,1904,1733,1447,1704,1571,1327
2107,21409289,4.2065327,1895,1742,1443,1704,1568,1323
2108,21419289,4.2074777,1904,1738,1455,1705,1563,1328
2109,21429289,4.2086765,1905,1727,1450,1707,1562,1325
2110,21439289,4.2096196,1901,1728,1441,1706,1566,1324
2111,21449289,4.2104589,1899,1728,1439,1700,1568,1323
2112,21459289,4.2113098,1892,1731,1446,1704,1562,1332
2113,21469289,4.2123535,1897,1729,1453,1704,1566,1325
2114,21479289,4.2140545,1901,1731,1439,1705,1561,1323
2115,21489289,4.2154813,1902,1733,1437,1704,1564,1338
2116,21499288,4.2167269,1910,1734,1453,1705,1566,1330
2117,21509289,4.2180461,1907,1743,1442,1701,1566,1323
2118,21519288,4.2194341,1898,1745,1443,1705,1575,1322
2119,21529289,4.2206798,1901,1744,1463,1701,1575,1332
2120,21539289,4.2220681,1900,1741,1446,1708,1566,1330
2121,21549288,4.2240762,1900,1727,1439,1704,1565,1330
2122,21559289,4.2258416,1904,1718,1443,1705,1548,1322
2123,21569289,4.2275654,1903,1721,1437,1699,1557,1323
2124,21579288,4.2292319,1904,1733,1444,1695,1569,1333
2125,21589289,4.230732,1903,1728,1444,1700,1565,1325
2126,21599289,4.2318424,1902,1728,1451,1705,1563,1329
2127,21609289,4.2333545,1906,1731,1439,1705,1543,1324
2128,21619289,4.2349408,1907,1727,1465,1709,1559,1320
2129,21629288,4.2368001,1915,1718,1440,1706,1555,1323
2130,21639289,4.238086,1908,1717,1432,1704,1556,1317
2131,21649289,4.2391531,1903,1727,1442,1705,1559,1328
2132,21659289,4.2401961,1893,1726,1440,1704,1562,1323
2133,21669289,4.2412,1905,1723,1437,1705,1561,1324
2134,21679289,4.2423257,1907,1727,1449,1711,1562,1322
2135,21689289,4.2433312,1904,1725,1440,1699,1563,1329
2136,21699289,4.2456775,1903,1731,1441,1703,1568,1332
2137,21709289,4.2469255,1897,1739,1446,1705,1563,1325
2138,21719289,4.2477535,1904,1733,1440,1704,1563,1322
2139,21729288,4.2484995,1904,1727,1439,1700,1566,1325
2140,21739289,4.2491755,1904,1742,1444,1706,1560,1322
2141,21749289,4.2498677,1895,1735,1442,1698,1566,1332
2142,21759289,4.2505736,1902,1735,1443,1704,1562,1325
2143,21769288,4.251566,1904,1730,1446,1703,1572,1327
2144,21779289,4.2533069,1895,1731,1453,1705,1568,1324
2145,21789289,4.2545319,1898,1739,1441,1693,1574,1323
2146,21799288,4.2552974,1903,1744,1447,1699,1571,1327
2147,21809289,4.2559935,1905,1734,1434,1707,1561,1328
2148,21819289,4.2568447,1897,1733,1420,1705,1565,1327
2149,21829289,4.2576025,1901,1720,1434,1704,1553,1325
2150,21839289,4.2583297,1899,1722,1431,1703,1559,1306
2151,21849289,4.2596656,1895,1735,1442,1701,1579,1325
2152,21859289,4.2611359,1903,1737,1441,1704,1566,1325
2153,21869289,4.2624571,1898,1732,1444,1706,1571,1328
2154,21879289,4.2638067,1906,1729,1442,1705,1560,1330
2155,21889288,4.2657935,1907,1718,1445,1710,1559,1327
2156,21899289,4.267377,1907,1715,1437,1710,1547,1312
2157,21909289,4.2691011,1898,1712,1434,1708,1542,1317
2158,21919288,4.2705079,1902,1717,1438,1706,1549,1320
2159,21929289,4.2718549,1904,1724,1437,1704,1560,1325
2160,21939289,4.273193,1907,1739,1445,1705,1563,1325
2161,21949289,4.2742539,1905,1744,1455,1704,1571,1328
2162,21959289,4.2760021,1904,1744,1456,1709,1565,1312
2163,21969289,4.2770911,1911,1740,1444,1711,1566,1325
2164,21979289,4.2781175,1906,1730,1449,1701,1563,1330
2165,21989288,4.2794349,1895,1738,1446,1695,1566,1325
2166,21999289,4.280492,1894,1726,1433,1698,1566,1323
2167,22009289,4.2814655,1905,1723,1439,1695,1561,1330
2168,22019289,4.2825685,1903,1729,1443,1704,1564,1325
2169,22029289,4.2835949,1904,1739,1450,1708,1558,1327
2170,22039289,4.2847945,1902,1739,1442,1696,1565,1333
2171,22049289,4.2860774,1906,1738,1447,1707,1570,1330
2172,22059288,4.2875313,1904,1741,1444,1698,1574,1327
2173,22069288,4.2885562,1903,1750,1442,1701,1578,1337
2174,22079289,4.289652,1897,1744,1444,1724,1569,1329
2175,22089289,4.2906306,1895,1724,1454,1705,1561,1327
2176,22099289,4.2925829,1900,1716,1447,1705,1562,1327
2177,22109288,4.293904,1903,1725,1436,1705,1556,1323
2178,22119289,4.2953972,1898,1742,1447,1701,1574,1327
2179,22129289,4.297848,1900,1737,1448,1704,1562,1325
2180,22139288,4.3000924,1899,1742,1440,1705,1568,1323
2181,22149289,4.3030598,1904,1728,1439,1708,1574,1323
2182,22159289,4.3053928,1892,1743,1445,1707,1562,1335
2183,22169289,4.3075999,1910,1719,1433,1709,1553,1329
2184,22179288,4.3092896,1906,1718,1430,1706,1549,1330
2185,22189289,4.3105882,1905,1714,1441,1707,1543,1327
2186,22199289,4.3116503,1904,1709,1442,1704,1547,1321
2187,22209289,4.3126603,1907,1725,1439,1705,1558,1317
2188,22219288,4.3138489,1926,1733,1441,1685,1571,1332
2189,22229288,4.3153109,1902,1734,1441,1715,1575,1326
2190,22239289,4.3166022,1915,1739,1444,1719,1580,1334
2191,22249288,4.3177002,1915,1737,1451,1705,1572,1326
2192,22259288,4.3187414,1907,1738,1442,1706,1562,1320
2193,22269289,4.3202474,1904,1733,1445,1705,1562,1312
2194,22279289,4.3216476,1911,1725,1447,1706,1558,1333
2195,22289289,4.3237602,1903,1716,1433,1704,1563,1327
2196,22299289,4.325378,1907,1728,1435,1704,1562,1325
2197,22309288,4.3270841,1900,1733,1439,1699,1565,1337
2198,22319289,4.328538,1904,1718,1447,1705,1566,1328
2199,22329289,4.3300166,1899,1745,1443,1705,1568,1326
2200,22339288,4.3313748,1904,1744,1450,1703,1570,1332
2201,22349289,4.3327435,1886,1753,1447,1707,1584,1334
2202,22359288,4.3342806,1899,1744,1441,1705,1570,1329
2203,22369289,4.3359164,1903,1733,1444,1701,1562,1350
2204,22379289,4.3371295,1899,1723,1450,1692,1556,1324
2205,22389289,4.3388512,1906,1722,1442,1701,1557,1335
2206,22399288,4.3405136,1897,1735,1438,1704,1569,1332
2207,22409289,4.3420259,1904,1727,1438,1681,1570,1329
2208,22419289,4.3435213,1904,1744,1440,1704,1569,1324
2209,22429289,4.3448928,1907,1741,1443,1705,1569,1327
2210,22439289,4.3462317,1899,1734,1434,1695,1571,1337
2211,22449289,4.3478206,1899,1728,1447,1698,1566,1326
2212,22459289,4.3493806,1904,1719,1440,1708,1558,1337
2213,22469289,4.3508988,1904,1712,1449,1704,1548,1322
2214,22479289,4.3527006,1900,1711,1442,1687,1545,1323
2215,22489288,4.3546387,1903,1702,1434,1706,1544,1323
2216,22499289,4.3562002,1906,1712,1437,1714,1548,1320
2217,22509289,4.3578656,1921,1728,1445,1704,1563,1322
2218,22519289,4.3591906,1906,1750,1439,1711,1574,1327
2219,22529289,4.3606119,1907,1744,1455,1709,1574,1323
2220,22539289,4.3621391,1903,1743,1447,1705,1571,1319
2221,22549288,4.3636304,1901,1732,1438,1705,1560,1323
2222,22559289,4.3650561,1894,1735,1441,1697,1568,1334
2223,22569289,4.3664826,1902,1721,1435,1696,1563,1325
2224,22579289,4.3679536,1904,1730,1442,1693,1566,1328
2225,22589289,4.3699768,1906,1734,1445,1705,1563,1328
2226,22599288,4.371564,1905,1740,1443,1702,1570,1327
2227,22609289,4.3730657,1908,1742,1437,1706,1566,1323
2228,22619289,4.3745467,1904,1737,1445,1709,1571,1333
2229,22629289,4.3759219,1887,1757,1445,1706,1578,1337
2230,22639289,4.3774419,1903,1743,1447,1701,1574,1337
2231,22649289,4.3788213,1910,1735,1453,1700,1565,1330
2232,22659289,4.3801105,1903,1734,1435,1701,1556,1323
2233,22669289,4.3816367,1902,1712,1442,1698,1553,1320
2234,22679289,4.3829793,1903,1728,1442,1704,1563,1323
2235,22689288,4.384483,1902,1732,1442,1711,1567,1323
2236,22699289,4.3859972,1905,1744,1440,1705,1563,1323
2237,22709289,4.3873964,1905,1729,1441,1705,1565,1327
2238,22719289,4.3887041,1911,1725,1447,1714,1563,1331
2239,22729288,4.3897248,1906,1738,1443,1706,1559,1326
2240,22739289,4.3906724,1911,1715,1424,1708,1557,1320
2241,22749289,4.3916329,1904,1707,1447,1709,1558,1323
2242,22759288,4.3928573,1873,1712,1441,1713,1553,1323
2243,22769288,4.3941285,1904,1729,1438,1705,1566,1324
2244,22779288,4.3953571,1909,1733,1441,1698,1566,1322
2245,22789288,4.3964658,1904,1728,1450,1697,1570,1324
2246,22799288,4.3975138,1907,1743,1445,1701,1573,1322
2247,22809288,4.3984676,1910,1747,1447,1691,1566,1320
2248,22819289,4.3994155,1906,1732,1443,1691,1561,1323
2249,22829289,4.4011735,1906,1731,1446,1705,1566,1327
2250,22839289,4.403299,1899,1733,1442,1703,1562,1324
2251,22849289,4.4044399,1899,1731,1444,1705,1566,1323
2252,22859289,4.4054672,1891,1726,1431,1704,1560,1319
2253,22869289,4.4065409,1903,1739,1447,1705,1565,1323
2254,22879289,4.4077023,1907,1743,1445,1705,1561,1334
2255,22889289,4.4087861,1904,1746,1487,1705,1575,1332
2256,22899289,4.409712,1904,1745,1447,1718,1578,1323
2257,22909289,4.4106586,1904,1742,1435,1705,1573,1323
2258,22919288,4.4128694,1906,1731,1444,1705,1560,1328
2259,22929289,4.4142697,1907,1728,1434,1710,1561,1328
2260,22939289,4.4156151,1901,1715,1440,1705,1549,1323
2261,22949289,4.4173567,1869,1738,1440,1705,1553,1324
2262,22959288,4.4185818,1884,1731,1451,1705,1572,1324
2263,22969289,4.4197492,1902,1731,1447,1705,1566,1323
2264,22979289,4.4208249,1905,1729,1445,1690,1564,1320
2265,22989289,4.4216897,1901,1715,1445,1705,1557,1328
2266,22999289,4.422843,1911,1715,1447,1705,1557,1311
2267,23009289,4.4238617,1903,1703,1442,1710,1548,1323
2268,23019289,4.425036,1904,1723,1445,1700,1559,1321
2269,23029289,4.4264734,1904,1730,1433,1705,1565,1324
2270,23039289,4.4273823,1895,1730,1436,1705,1561,1336
2271,23049289,4.4282644,1899,1758,1473,1704,1566,1335
2272,23059289,4.4290855,1898,1731,1442,1704,1559,1327
2273,23069289,4.4299641,1904,1733,1452,1705,1566,1327
2274,23079289,4.4310008,1903,1724,1442,1708,1570,1320
2275,23089289,4.4329391,1903,1734,1438,1700,1562,1320
2276,23099289,4.4343189,1897,1728,1443,1692,1561,1320
2277,23109288,4.4352306,1906,1730,1442,1707,1562,1322
2278,23119289,4.4362922,1904,1728,1443,1705,1562,1324
2279,23129289,4.4377208,1904,1733,1438,1698,1564,1323
2280,23139288,4.4389368,1907,1735,1443,1705,1566,1328
2281,23149289,4.4402383,1905,1744,1432,1701,1571,1327
2282,23159289,4.4412948,1901,1744,1437,1704,1575,1336
2283,23169289,4.4422302,1901,1744,1443,1703,1575,1338
2284,23179289,4.4432388,1902,1733,1431,1703,1565,1338
2285,23189289,4.4441945,1904,1723,1434,1705,1562,1329
2286,23199289,4.445161,1905,1717,1444,1708,1557,1323
2287,23209288,4.446218,1904,1721,1437,1705,1558,1317
2288,23219289,4.447195,1904,1740,1443,1700,1570,1315
2289,23229289,4.4492753,1903,1735,1445,1705,1569,1322
2290,23239289,4.4505925,1907,1744,1471,1711,1563,1325
2291,23249289,4.4516958,1898,1737,1442,1704,1571,1327
2292,23259289,4.4530214,1902,1712,1442,1705,1557,1325
2293,23269289,4.4546707,1909,1723,1453,1705,1565,1320
2294,23279289,4.4560393,1904,1712,1437,1706,1552,1322
2295,23289289,4.457106,1901,1712,1426,1705,1544,1327
2296,23299289,4.4580447,1909,1701,1439,1701,1545,1325
2297,23309289,4.4590522,1911,1712,1438,1693,1540,1319
2298,23319288,4.4599985,1907,1713,1456,1713,1562,1332
2299,23329289,4.4611109,1904,1743,1437,1704,1566,1332
2300,23339289,4.4621988,1903,1745,1449,1706,1578,1333
2301,23349288,4.4637992,1908,1755,1456,1705,1575,1320
2302,23359289,4.4654842,1904,1728,1413,1704,1564,1319
2303,23369288,4.4669968,1880,1729,1455,1698,1568,1326
2304,23379289,4.4682835,1890,1725,1427,1692,1577,1325
2305,23389289,4.4695657,1901,1729,1439,1695,1562,1323
2306,23399289,4.471045,1903,1733,1443,1705,1562,1329
2307,23409289,4.4722775,1904,1740,1447,1705,1563,1326
2308,23419289,4.4733726,1904,1739,1433,1718,1572,1330
2309,23429288,4.4745515,1908,1744,1439,1708,1580,1351
2310,23439289,4.4755785,1899,1747,1457,1705,1575,1332
2311,23449289,4.4766714,1899,1746,1415,1705,1580,1327
2312,23459289,4.4778152,1903,1744,1443,1703,1566,1328
2313,23469289,4.4792531,1901,1730,1437,1719,1559,1323
2314,23479289,4.4808327,1909,1715,1440,1701,1553,1321
2315,23489289,4.482008,1895,1723,1441,1701,1557,1321
2316,23499289,4.4830972,1892,1737,1443,1691,1575,1327
2317,23509289,4.4842257,1893,1739,1441,1694,1573,1323
2318,23519289,4.485335,1902,1737,1445,1706,1585,1329
2319,23529289,4.4867149,1910,1738,1437,1705,1571,1322
2320,23539289,4.487997,1904,1730,1437,1724,1561,1325
2321,23549289,4.4889849,1899,1721,1430,1706,1548,1324
2322,23559289,4.4899379,1914,1715,1455,1706,1553,1323
2323,23569289,4.4909806,1915,1708,1439,1705,1550,1328
2324,23579289,4.4919862,1909,1712,1435,1705,1543,1342
2325,23589289,4.4930305,1915,1712,1443,1707,1556,1327
2326,23599289,4.4941969,1903,1729,1421,1695,1571,1330
2327,23609289,4.4957116,1904,1744,1440,1705,1575,1326
2328,23619289,4.49717,1904,1748,1441,1701,1579,1322
2329,23629288,4.4983754,1901,1739,1441,1708,1566,1332
2330,23639289,4.4998023,1904,1735,1421,1704,1568,1329
2331,23649289,4.5009822,1889,1745,1435,1705,1572,1325
2332,23659288,4.5021832,1904,1729,1442,1703,1566,1325
2333,23669289,4.5036913,1898,1728,1443,1690,1557,1323
2334,23679288,4.5050033,1898,1725,1440,1700,1563,1322
2335,23689289,4.5058671,1905,1722,1451,1711,1566,1330
2336,23699289,4.5067465,1923,1742,1454,1708,1564,1332
2337,23709288,4.5076072,1919,1735,1445,1706,1559,1325
2338,23719288,4.5084025,1905,1741,1438,1705,1567,1332
2339,23729289,4.5091743,1893,1744,1444,1705,1575,1326
2340,23739289,4.5099017,1901,1731,1439,1705,1566,1327
2341,23749289,4.5120663,1902,1726,1450,1698,1562,1327
2342,23759288,4.5130774,1902,1730,1440,1705,1562,1325
2343,23769289,4.513933,1905,1728,1446,1700,1563,1326
2344,23779289,4.5147691,1892,1729,1436,1705,1560,1327
2345,23789288,4.5155209,1897,1731,1435,1703,1563,1323
2346,23799289,4.5163764,1915,1737,1436,1705,1568,1319
2347,23809288,4.5175168,1903,1731,1443,1713,1566,1324
2348,23819288,4.5186938,1913,1723,1447,1704,1561,1323
2349,23829289,4.519632,1901,1732,1440,1707,1552,1324
2350,23839289,4.5204586,1899,1727,1442,1705,1559,1325
2351,23849289,4.5213027,1907,1734,1442,1699,1562,1327
2352,23859288,4.5220043,1899,1735,1443,1704,1560,1322
2353,23869289,4.5228096,1901,1729,1445,1705,1565,1325
2354,23879289,4.523545,1891,1733,1435,1698,1566,1329
2355,23889288,4.5243369,1904,1731,1434,1705,1566,1328
2356,23899288,4.525158,1904,1739,1427,1705,1564,1317
2357,23909288,4.5259592,1904,1728,1426,1696,1562,1328
2358,23919288,4.5281419,1901,1730,1457,1706,1566,1328
2359,23929288,4.5295372,1906,1731,1459,1705,1562,1323
2360,23939289,4.5309668,1904,1727,1446,1704,1551,1328
2361,23949289,4.5325492,1905,1729,1432,1706,1561,1325
2362,23959288,4.5340394,1897,1723,1430,1705,1565,1328
2363,23969288,4.5354176,1904,1733,1440,1698,1568,1323
2364,23979288,4.536716,1904,1733,1438,1704,1571,1323
2365,23989289,4.5378327,1902,1738,1442,1705,1570,1326
2366,23999289,4.538605,1902,1738,1449,1709,1580,1327
2367,24009288,4.5393626,1904,1731,1441,1705,1562,1327
2368,24019289,4.5399732,1910,1731,1445,1705,1557,1322
2369,24029289,4.5405648,1899,1726,1445,1704,1562,1323
2370,24039288,4.5412031,1894,1733,1447,1705,1563,1327
2371,24049289,4.5418137,1904,1729,1437,1708,1566,1329
2372,24059289,4.5428994,1897,1733,1438,1699,1566,1324
2373,24069288,4.5439046,1889,1732,1444,1695,1562,1328
2374,24079289,4.5446561,1902,1734,1450,1705,1563,1322
2375,24089289,4.5453027,1910,1735,1435,1701,1561,1323
2376,24099289,4.5462119,1914,1733,1441,1698,1553,1324
2377,24109288,4.5473327,1898,1725,1440,1700,1568,1319
2378,24119289,4.5485976,1905,1719,1443,1704,1565,1325
2379,24129289,4.5494947,1896,1727,1439,1705,1558,1320
2380,24139289,4.5501655,1903,1735,1441,1705,1570,1323
2381,24149289,4.5507734,1916,1732,1440,1703,1562,1325
2382,24159288,4.5513557,1905,1732,1443,1704,1561,1324
2383,24169289,4.5519585,1879,1741,1445,1699,1562,1320
2384,24179289,4.5526761,1904,1719,1432,1697,1566,1323
2385,24189289,4.5534315,1901,1730,1451,1695,1561,1328
2386,24199289,4.5541539,1904,1732,1439,1704,1560,1330
2387,24209289,4.5549402,1904,1725,1442,1705,1566,1322
2388,24219289,4.5558831,1906,1733,1437,1708,1565,1327
2389,24229289,4.5567108,1908,1733,1437,1707,1564,1327
2390,24239289,4.5573805,1901,1737,1443,1703,1565,1323
2391,24249289,4.5586272,1903,1739,1443,1704,1562,1319
2392,24259289,4.5597244,1901,1730,1447,1704,1557,1323
2393,24269289,4.5608313,1899,1738,1449,1701,1550,1325
2394,24279288,4.5616299,1904,1734,1445,1698,1561,1323
2395,24289289,4.5622747,1904,1733,1438,1703,1562,1322
2396,24299289,4.5629071,1906,1734,1437,1705,1562,1323
2397,24309289,4.5634959,1906,1733,1441,1704,1571,1324
2398,24319289,4.5640927,1905,1731,1441,1710,1565,1320
2399,24329288,4.564731,1904,1734,1437,1705,1573,1323
2400,24339289,4.5653199,1907,1727,1446,1703,1572,1329
2401,24349288,4.566129,1911,1730,1440,1706,1562,1328
2402,24359289,4.5669246,1904,1723,1435,1704,1563,1327
2403,24369288,4.5675812,1898,1733,1441,1693,1562,1327
2404,24379289,4.5682386,1904,1745,1447,1685,1562,1325
2405,24389289,4.5688706,1893,1733,1439,1701,1565,1326
2406,24399289,4.5694515,1917,1733,1443,1704,1560,1323
2407,24409288,4.5700247,1904,1725,1450,1705,1566,1323
2408,24419288,4.5706924,1905,1740,1442,1705,1561,1341
2409,24429289,4.5715285,1909,1728,1435,1703,1564,1328
2410,24439289,4.5726492,1890,1730,1444,1710,1563,1327
2411,24449288,4.5741892,1904,1729,1441,1705,1552,1323
2412,24459289,4.5755044,1899,1727,1439,1703,1558,1332
2413,24469289,4.5763972,1904,1731,1446,1704,1561,1314
2414,24479289,4.5772733,1911,1728,1439,1697,1561,1322
2415,24489289,4.5778974,1902,1732,1436,1700,1563,1323
2416,24499289,4.5785031,1900,1728,1441,1695,1561,1328
2417,24509289,4.5791567,1903,1734,1441,1703,1560,1313
2418,24519288,4.5798357,1904,1731,1441,1698,1570,1334
2419,24529289,4.5804508,1902,1728,1445,1698,1561,1320
2420,24539289,4.5810548,1923,1731,1442,1703,1562,1327
2421,24549289,4.5816473,1903,1737,1431,1707,1566,1316
2422,24559289,4.5822325,1894,1737,1448,1698,1562,1330
2423,24569289,4.5828152,1899,1735,1440,1726,1565,1327
2424,24579289,4.5834431,1904,1730,1441,1699,1563,1327
2425,24589289,4.5842564,1902,1725,1435,1705,1561,1336
2426,24599289,4.5852037,1899,1727,1446,1705,1564,1320
2427,24609289,4.5862405,1904,1726,1442,1705,1561,1336
2428,24619289,4.5871403,1907,1726,1446,1714,1560,1323
2429,24629288,4.5878235,1901,1733,1447,1704,1561,1327
2430,24639288,4.5884057,1897,1735,1434,1702,1560,1328
2431,24649288,4.5891264,1904,1731,1442,1705,1561,1325
2432,24659289,4.5904879,1903,1729,1440,1705,1566,1325
2433,24669289,4.5918653,1904,1735,1438,1701,1562,1328
2434,24679289,4.5929729,1913,1731,1443,1710,1566,1324
2435,24689288,4.5938962,1904,1729,1441,1683,1564,1328
2436,24699289,4.5947253,1906,1735,1450,1704,1565,1328
2437,24709289,4.5956793,1898,1727,1437,1704,1571,1324
2438,24719289,4.5970065,1904,1727,1435,1705,1569,1325
2439,24729289,4.5981382,1903,1730,1442,1700,1569,1328
2440,24739289,4.5995218,1907,1729,1437,1701,1574,1324
2441,24749288,4.6005247,1911,1738,1438,1703,1563,1333
2442,24759289,4.6014276,1905,1743,1443,1702,1566,1327
2443,24769289,4.6024165,1906,1738,1449,1703,1560,1333
2444,24779288,4.6034301,1899,1728,1451,1705,1555,1330
2445,24789289,4.6046378,1901,1728,1441,1705,1564,1324
2446,24799289,4.6058124,1904,1739,1440,1720,1560,1325
2447,24809289,4.6066779,1904,1729,1444,1706,1563,1341
2448,24819289,4.6073123,1907,1729,1446,1705,1565,1323
2449,24829289,4.6078837,1906,1725,1438,1705,1560,1324
2450,24839289,4.6084887,1904,1717,1435,1703,1565,1323
2451,24849289,4.6090752,1904,1744,1443,1705,1565,1322
2452,24859289,4.6096862,1904,1712,1445,1705,1562,1328
2453,24869289,4.6103466,1881,1729,1437,1710,1561,1322
2454,24879288,4.6111083,1904,1722,1443,1698,1557,1326
2455,24889289,4.6121668,1899,1726,1437,1704,1561,1323
2456,24899289,4.6130583,1899,1728,1445,1705,1563,1335
2457,24909289,4.6137423,1901,1735,1445,1706,1561,1326
2458,24919289,4.6143801,1901,1726,1447,1705,1565,1323
2459,24929289,4.6149792,1905,1732,1447,1700,1559,1324
2460,24939289,4.6155815,1889,1723,1431,1697,1562,1326
2461,24949289,4.6162357,1893,1731,1443,1705,1566,1319
2462,24959289,4.6170514,1903,1730,1433,1705,1561,1324
2463,24969288,4.6177613,1901,1731,1439,1701,1555,1327
2464,24979289,4.6183873,1903,1733,1447,1704,1568,1323
2465,24989288,4.6190112,1910,1730,1447,1701,1567,1329
2466,24999289,4.6199465,1892,1729,1440,1703,1560,1329
2467,25009289,4.6213184,1902,1727,1445,1701,1561,1323
2468,25019289,4.6224686,1905,1729,1438,1704,1563,1332
2469,25029289,4.6236816,1898,1728,1441,1704,1564,1329
2470,25039289,4.6250232,1903,1735,1445,1709,1562,1332
2471,25049289,4.6267072,1911,1733,1439,1705,1563,1325
2472,25059289,4.6280909,1904,1729,1440,1702,1559,1323
2473,25069289,4.6292535,1907,1744,1442,1705,1565,1326
2474,25079289,4.6303668,1909,1727,1451,1723,1564,1326
2475,25089289,4.631461,1904,1732,1440,1701,1562,1323
2476,25099289,4.6326692,1901,1726,1446,1704,1557,1322
2477,25109288,4.6337947,1900,1727,1437,1700,1540,1330
2478,25119289,4.6350391,1901,1740,1443,1703,1563,1320
2479,25129289,4.6373824,1905,1729,1445,1706,1553,1324
2480,25139289,4.638681,1904,1739,1435,1701,1560,1324
2481,25149288,4.6404761,1903,1728,1441,1698,1566,1327
2482,25159289,4.6419299,1904,1734,1439,1701,1563,1319
2483,25169289,4.6431097,1904,1734,1443,1705,1563,1327
2484,25179289,4.6440857,1904,1733,1445,1701,1559,1325
2485,25189289,4.6449334,1921,1722,1440,1704,1562,1329
2486,25199289,4.6457734,1907,1725,1441,1705,1571,1323
2487,25209289,4.6466425,1898,1726,1443,1705,1563,1327
2488,25219289,4.648001,1898,1731,1443,1700,1571,1325
2489,25229289,4.649387,1904,1727,1440,1697,1562,1326
2490,25239289,4.6516296,1904,1723,1439,1698,1560,1319
2491,25249289,4.6529741,1900,1728,1439,1705,1562,1322
2492,25259289,4.6539951,1910,1733,1439,1697,1561,1327
2493,25269289,4.6550285,1902,1735,1444,1705,1561,1325
2494,25279289,4.6559521,1904,1727,1445,1705,1566,1327
2495,25289289,4.6569385,1901,1733,1446,1705,1558,1326
2496,25299289,4.6579267,1888,1723,1439,1704,1568,1327
2497,25309289,4.6587574,1898,1731,1445,1702,1562,1319
2498,25319289,4.6593502,1901,1731,1437,1704,1560,1327
2499,25329289,4.6599408,1905,1729,1428,1704,1561,1327
2500,25339289,4.6605738,1897,1727,1449,1704,1559,1327
2501,25349288,4.6612121,1907,1721,1439,1702,1563,1324
2502,25359289,4.6619311,1903,1728,1441,1696,1565,1327
2503,25369289,4.6625351,1901,1727,1443,1685,1564,1325
2504,25379288,4.6631032,1904,1734,1445,1701,1565,1327
2505,25389288,4.6637263,1899,1737,1443,1704,1566,1327
2506,25399289,4.6643009,1897,1743,1451,1703,1570,1329
2507,25409289,4.6649052,1902,1741,1459,1701,1566,1325
2508,25419289,4.6656166,1906,1731,1440,1710,1561,1323
2509,25429289,4.6663209,1904,1728,1445,1698,1561,1328
2510,25439289,4.667405,1900,1721,1440,1697,1557,1326
2511,25449289,4.6685661,1902,1712,1439,1704,1548,1313
2512,25459289,4.6695459,1904,1717,1428,1705,1556,1319
2513,25469289,4.6702602,1913,1719,1434,1709,1553,1317
2514,25479289,4.6709055,1910,1717,1434,1708,1559,1331
2515,25489289,4.6715287,1914,1744,1443,1708,1574,1326
2516,25499289,4.6721605,1894,1748,1446,1710,1574,1322
2517,25509289,4.6727662,1901,1744,1455,1701,1573,1323
2518,25519289,4.6733484,1899,1734,1437,1706,1573,1315
2519,25529289,4.6739702,1894,1725,1439,1704,1554,1325
2520,25539289,4.6747585,1904,1717,1445,1700,1557,1323
2521,25549289,4.6754278,1899,1719,1440,1702,1556,1330
2522,25559289,4.6760452,1899,1728,1445,1693,1558,1348
2523,25569289,4.6766921,1904,1734,1456,1705,1566,1351
2524,25579289,4.6773732,1899,1732,1442,1705,1566,1323
2525,25589289,4.6780195,1904,1737,1453,1710,1568,1329
2526,25599289,4.6786072,1904,1742,1441,1705,1576,1328
2527,25609289,4.6792257,1893,1727,1441,1705,1570,1321
2528,25619289,4.6798028,1902,1736,1456,1708,1563,1331
2529,25629289,4.6803855,1899,1744,1442,1704,1572,1322
2530,25639289,4.6809966,1898,1729,1447,1704,1564,1332
2531,25649289,4.6815725,1904,1731,1421,1705,1574,1324
2532,25659289,4.6821872,1907,1732,1442,1697,1566,1329
2533,25669289,4.6830194,1904,1719,1446,1705,1548,1314
2534,25679289,4.6844886,1904,1716,1435,1706,1552,1314
2535,25689289,4.6857199,1899,1725,1427,1698,1566,1332
2536,25699289,4.6868225,1910,1727,1443,1711,1555,1322
2537,25709289,4.6877839,1905,1721,1447,1713,1556,1307
2538,25719289,4.6884632,1908,1724,1443,1707,1561,1320
2539,25729289,4.6891698,1903,1738,1439,1705,1566,1327
2540,25739289,4.6897676,1897,1754,1439,1706,1573,1351
2541,25749289,4.6903466,1902,1744,1449,1690,1573,1324
2542,25759289,4.690949,1900,1729,1440,1704,1555,1323
2543,25769289,4.6915295,1900,1725,1443,1703,1555,1328
2544,25779289,4.6921994,1911,1722,1447,1705,1551,1323
2545,25789289,4.6928113,1907,1713,1439,1705,1555,1340
2546,25799289,4.6934103,1905,1735,1440,1709,1561,1319
2547,25809289,4.6940191,1899,1730,1423,1704,1573,1326
2548,25819289,4.6945964,1903,1742,1440,1706,1568,1326
2549,25829289,4.6952099,1901,1737,1445,1706,1571,1322
2550,25839289,4.6958832,1902,1744,1446,1703,1580,1323
2551,25849289,4.6965604,1898,1744,1445,1704,1570,1324
2552,25859289,4.6971863,1899,1747,1440,1703,1578,1328
2553,25869289,4.6977771,1899,1732,1445,1701,1563,1321
2554,25879289,4.6984113,1900,1721,1444,1705,1561,1325
2555,25889289,4.6996598,1904,1723,1443,1709,1552,1337
2556,25899289,4.7004615,1904,1714,1440,1705,1561,1332
2557,25909289,4.7011672,1901,1733,1436,1708,1555,1323
2558,25919289,4.7019675,1899,1726,1440,1705,1562,1335
2559,25929289,4.7029043,1904,1731,1454,1704,1560,1329
2560,25939289,4.7036724,1906,1728,1443,1708,1563,1309
2561,25949289,4.7047707,1910,1716,1437,1709,1551,1319
2562,25959289,4.7060916,1902,1718,1432,1713,1551,1337
2563,25969289,4.7072077,1905,1728,1452,1710,1561,1336
2564,25979289,4.7082089,1896,1738,1449,1705,1570,1333
2565,25989288,4.70912,1901,1739,1430,1707,1564,1329
2566,25999289,4.7099727,1904,1737,1449,1704,1548,1328
2567,26009289,4.710685,1891,1734,1437,1705,1570,1332
2568,26019289,4.7115733,1903,1735,1453,1703,1552,1327
2569,26029289,4.7123855,1904,1727,1447,1693,1562,1329
2570,26039289,4.713164,1895,1724,1440,1691,1563,1325
2571,26049289,4.7141196,1902,1729,1435,1704,1566,1326
2572,26059289,4.715478,1895,1734,1437,1704,1562,1328
2573,26069289,4.716705,1904,1740,1450,1706,1574,1329
2574,26079289,4.7176396,1915,1741,1441,1707,1575,1336
2575,26089289,4.7185264,1905,1739,1439,1705,1573,1330
2576,26099289,4.7193334,1926,1741,1440,1705,1571,1320
2577,26109289,4.7201633,1903,1731,1456,1698,1560,1328
2578,26119289,4.721043,1900,1728,1439,1703,1566,1330
2579,26129289,4.7220256,1893,1730,1442,1699,1562,1326
2580,26139289,4.7228704,1895,1734,1442,1699,1573,1329
2581,26149289,4.7235953,1889,1734,1443,1704,1562,1323
2582,26159289,4.7241771,1903,1723,1440,1708,1559,1323
2583,26169289,4.7247553,1895,1746,1424,1704,1572,1323
2584,26179289,4.7253231,1913,1730,1435,1707,1564,1328
2585,26189289,4.725952,1910,1719,1435,1713,1555,1311
2586,26199289,4.7265354,1909,1720,1440,1705,1563,1320
2587,26209289,4.7271506,1906,1714,1436,1704,1545,1319
2588,26219289,4.7277783,1918,1712,1415,1711,1547,1328
2589,26229289,4.7283682,1910,1715,1438,1705,1548,1323
2590,26239289,4.7289423,1904,1732,1443,1705,1562,1330
2591,26249288,4.7297626,1904,1744,1446,1703,1576,1319
2592,26259289,4.730608,1895,1746,1452,1705,1578,1334
2593,26269289,4.7314589,1904,1750,1449,1697,1575,1332
2594,26279289,4.7323803,1891,1743,1435,1690,1569,1323
2595,26289289,4.7332055,1893,1726,1445,1699,1557,1321
2596,26299289,4.7341212,1919,1724,1434,1700,1557,1323
2597,26309289,4.7351246,1899,1716,1442,1707,1553,1326
2598,26319289,4.736001,1905,1731,1439,1709,1566,1330
2599,26329289,4.7368155,1909,1743,1441,1707,1580,1326
2600,26339289,4.7377098,1911,1749,1442,1707,1579,1326
2601,26349289,4.7385097,1906,1749,1447,1705,1574,1327
2602,26359289,4.739308,1899,1733,1445,1703,1568,1325
2603,26369289,4.7400775,1903,1723,1438,1720,1562,1324
2604,26379289,4.7408309,1894,1733,1440,1705,1562,1327
2605,26389289,4.7416077,1904,1725,1437,1704,1562,1328
2606,26399289,4.7423668,1901,1738,1453,1693,1576,1317
2607,26409289,4.743074,1895,1737,1443,1690,1566,1326
2608,26419289,4.7438584,1901,1723,1438,1707,1559,1322
2609,26429289,4.7446009,1909,1727,1443,1704,1547,1320
2610,26439289,4.7453596,1909,1709,1433,1713,1543,1320
2611,26449289,4.7469073,1906,1699,1440,1716,1548,1325
2612,26459289,4.747911,1921,1713,1439,1718,1547,1323
2613,26469289,4.7490996,1909,1723,1442,1707,1557,1320
2614,26479289,4.7502306,1909,1744,1441,1714,1570,1328
2615,26489289,4.7512366,1906,1744,1442,1704,1575,1329
2616,26499289,4.752435,1898,1743,1449,1701,1574,1325
2617,26509289,4.7539776,1895,1742,1439,1704,1566,1322
2618,26519289,4.7553431,1894,1738,1440,1705,1563,1326
2619,26529289,4.7568367,1893,1725,1445,1699,1573,1317
2620,26539289,4.7579197,1899,1719,1435,1702,1553,1325
2621,26549289,4.7591324,1894,1727,1446,1705,1562,1319
2622,26559289,4.7601278,1910,1734,1445,1707,1569,1324
2623,26569289,4.7614618,1914,1747,1450,1704,1575,1324
2624,26579289,4.7633443,1904,1747,1444,1709,1576,1328
2625,26589289,4.7645578,1907,1744,1455,1709,1574,1323
2626,26599289,4.7656817,1895,1744,1446,1706,1577,1324
2627,26609288,4.7671914,1899,1744,1439,1700,1574,1327
2628,26619289,4.7684137,1904,1728,1446,1703,1566,1328
2629,26629289,4.7695931,1878,1745,1446,1684,1575,1333
2630,26639289,4.7710905,1897,1735,1456,1698,1563,1329
2631,26649289,4.7731121,1904,1742,1437,1702,1560,1303
2632,26659289,4.7756238,1899,1723,1437,1711,1548,1319
2633,26669289,4.7776883,1904,1706,1435,1698,1548,1326
2634,26679288,4.7793113,1914,1699,1439,1711,1530,1322
2635,26689289,4.7810392,1919,1687,1430,1713,1534,1319
2636,26699289,4.7827828,1919,1705,1435,1715,1539,1327
2637,26709289,4.7841862,1909,1731,1439,1718,1563,1323
2638,26719289,4.7859537,1906,1753,1443,1713,1581,1332
2639,26729289,4.7876988,1902,1773,1445,1704,1584,1336
2640,26739289,4.7892238,1869,1753,1446,1705,1579,1328
2641,26749289,4.7905486,1890,1741,1440,1697,1566,1342
2642,26759289,4.7918665,1894,1719,1443,1695,1553,1321
2643,26769289,4.7937941,1897,1715,1438,1709,1548,1327
2644,26779289,4.7961019,1899,1713,1431,1704,1548,1322
2645,26789289,4.7985622,1904,1733,1439,1705,1566,1330
2646,26799289,4.8000576,1906,1751,1446,1713,1574,1328
2647,26809289,4.8014345,1917,1743,1446,1716,1586,1333
2648,26819289,4.8027941,1910,1753,1454,1718,1582,1337
2649,26829289,4.8040281,1908,1753,1454,1709,1580,1335
2650,26839289,4.8054538,1893,1740,1451,1703,1562,1327
2651,26849289,4.8069015,1900,1718,1442,1695,1552,1327
2652,26859289,4.8086552,1882,1732,1444,1694,1563,1326
2653,26869289,4.8098482,1899,1715,1429,1701,1559,1329
2654,26879289,4.8110569,1901,1703,1443,1708,1548,1326
2655,26889289,4.8123422,1913,1709,1425,1711,1546,1329
2656,26899289,4.813647,1917,1712,1442,1711,1543,1323
2657,26909289,4.8149897,1918,1727,1443,1716,1563,1324
2658,26919289,4.8165209,1909,1739,1482,1708,1575,1330
2659,26929289,4.8177225,1906,1758,1444,1705,1575,1330
2660,26939289,4.8188979,1904,1744,1451,1704,1580,1328
2661,26949289,4.8201884,1894,1745,1443,1680,1571,1327
2662,26959289,4.8212882,1884,1743,1442,1692,1563,1326
2663,26969288,4.8222915,1887,1725,1438,1693,1557,1323
2664,26979288,4.823226,1899,1715,1436,1696,1561,1324
2665,26989289,4.8245859,1904,1726,1441,1705,1562,1328
2666,26999288,4.82582,1909,1738,1446,1707,1571,1323
2667,27009289,4.8270747,1910,1744,1443,1706,1589,1333
2668,27019289,4.8281274,1904,1749,1442,1721,1576,1335
2669,27029289,4.8290946,1914,1742,1439,1711,1570,1329
2670,27039289,4.8299856,1889,1742,1443,1705,1568,1324
2671,27049289,4.8310767,1895,1742,1455,1700,1569,1351
2672,27059289,4.8324481,1885,1731,1456,1708,1566,1317
2673,27069289,4.833399,1903,1732,1442,1700,1562,1328
2674,27079289,4.8342094,1893,1724,1430,1698,1553,1322
2675,27089289,4.8349749,1899,1729,1444,1696,1561,1314
2676,27099289,4.8357919,1919,1714,1433,1710,1548,1320
2677,27109289,4.8368624,1919,1681,1439,1726,1542,1333
2678,27119289,4.8378719,1917,1712,1442,1718,1540,1324
2679,27129289,4.8391227,1910,1715,1441,1714,1548,1321
2680,27139289,4.8400219,1918,1731,1442,1706,1555,1333
2681,27149289,4.8407615,1905,1744,1441,1705,1570,1326
2682,27159289,4.8420241,1914,1747,1447,1701,1575,1327
2683,27169289,4.8433214,1893,1745,1447,1704,1574,1327
2684,27179289,4.8448198,1897,1728,1441,1690,1566,1330
2685,27189289,4.8462326,1903,1726,1445,1706,1559,1319
2686,27199289,4.8473662,1894,1729,1435,1691,1560,1324
2687,27209289,4.8486099,1890,1722,1434,1701,1550,1329
2688,27219289,4.8501001,1911,1731,1442,1708,1562,1324
2689,27229289,4.8512493,1907,1738,1447,1710,1571,1314
2690,27239289,4.8527221,1910,1759,1438,1705,1575,1317
2691,27249289,4.8552417,1909,1744,1443,1710,1575,1330
2692,27259289,4.8571841,1911,1737,1440,1699,1575,1328
2693,27269289,4.8586074,1899,1737,1445,1700,1569,1330
2694,27279289,4.8600537,1902,1743,1439,1704,1571,1337
2695,27289289,4.8614795,1900,1735,1451,1693,1562,1327
2696,27299289,4.8628975,1893,1730,1441,1700,1565,1314
2697,27309289,4.8644787,1888,1747,1442,1679,1575,1332
2698,27319288,4.8656466,1895,1731,1442,1707,1563,1322
2699,27329289,4.8667178,1917,1730,1443,1707,1556,1332
2700,27339289,4.8678504,1905,1714,1443,1708,1555,1319
2701,27349289,4.8688158,1908,1712,1434,1708,1548,1318
2702,27359289,4.8704235,1918,1707,1429,1716,1539,1323
2703,27369289,4.8716942,1910,1706,1440,1717,1548,1320
2704,27379289,4.8730277,1919,1712,1427,1711,1548,1317
2705,27389288,4.8742859,1910,1725,1447,1713,1560,1328
2706,27399289,4.8753516,1903,1744,1444,1704,1574,1330
2707,27409288,4.8763496,1898,1758,1445,1699,1575,1336
2708,27419289,4.8774412,1903,1751,1451,1694,1583,1323
2709,27429289,4.878501,1891,1739,1437,1691,1571,1323
2710,27439289,4.8796408,1876,1715,1442,1695,1559,1317
2711,27449288,4.8805608,1902,1718,1438,1703,1551,1314
2712,27459289,4.8813429,1910,1718,1433,1705,1551,1319
2713,27469289,4.88205,1913,1725,1443,1713,1560,1323
2714,27479289,4.882789,1916,1744,1451,1708,1574,1326
2715,27489289,4.8837429,1910,1745,1450,1709,1575,1328
2716,27499289,4.8849018,1911,1741,1446,1706,1573,1329
2717,27509288,4.8865041,1917,1734,1427,1706,1566,1332
2718,27519289,4.8874275,1893,1731,1448,1693,1553,1326
2719,27529289,4.8882112,1904,1718,1439,1693,1559,1319
2720,27539289,4.8890469,1895,1719,1434,1697,1558,1323
2721,27549289,4.8899683,1898,1722,1446,1701,1559,1323
2722,27559289,4.8908764,1904,1728,1439,1707,1562,1328
2723,27569289,4.8917321,1903,1739,1446,1704,1569,1330
2724,27579289,4.8925836,1907,1744,1442,1704,1570,1324
2725,27589289,4.8934098,1904,1743,1447,1708,1574,1330
2726,27599288,4.8941827,1905,1738,1449,1708,1558,1323
2727,27609289,4.8949972,1904,1717,1435,1705,1561,1322
2728,27619289,4.8958011,1893,1715,1431,1705,1557,1328
2729,27629288,4.8966017,1908,1721,1440,1704,1553,1312
2730,27639289,4.8974299,1899,1730,1436,1704,1555,1324
2731,27649289,4.8982345,1894,1735,1442,1704,1569,1328
2732,27659289,4.899074,1889,1741,1457,1685,1576,1312
2733,27669288,4.8998543,1898,1731,1440,1698,1571,1327
2734,27679289,4.9007641,1915,1735,1445,1714,1568,1330
2735,27689289,4.902291,1910,1738,1443,1713,1562,1330
2736,27699289,4.9040052,1909,1727,1446,1705,1562,1323
2737,27709289,4.9050772,1906,1731,1439,1705,1557,1323
2738,27719289,4.905895,1909,1726,1446,1705,1569,1324
2739,27729289,4.9068487,1917,1728,1441,1705,1562,1328
2740,27739289,4.9077661,1900,1751,1449,1693,1566,1327
2741,27749288,4.9087063,1899,1738,1439,1704,1575,1330
2742,27759289,4.9096427,1899,1732,1440,1703,1570,1323
2743,27769289,4.9104434,1909,1733,1447,1714,1565,1323
2744,27779289,4.9112844,1904,1726,1438,1706,1561,1323
2745,27789289,4.9120779,1904,1717,1430,1709,1563,1323
2746,27799288,4.9128346,1904,1745,1450,1705,1562,1319
2747,27809288,4.9136352,1904,1728,1437,1704,1562,1336
2748,27819289,4.9143979,1903,1733,1442,1705,1570,1337
2749,27829289,4.9153109,1901,1725,1442,1702,1571,1323
2750,27839289,4.9165726,1898,1740,1438,1704,1569,1329
2751,27849288,4.918055,1901,1730,1450,1704,1563,1324
2752,27859288,4.9188956,1904,1729,1441,1705,1558,1328
2753,27869289,4.9196397,1904,1728,1439,1710,1549,1317
2754,27879289,4.9202692,1892,1734,1450,1705,1562,1330
2755,27889289,4.9208242,1908,1737,1444,1704,1563,1330
2756,27899289,4.9213895,1916,1738,1437,1704,1559,1325
2757,27909289,4.9219363,1904,1728,1472,1707,1563,1337
2758,27919289,4.9225315,1891,1727,1453,1704,1574,1328
2759,27929289,4.9230712,1886,1739,1451,1705,1566,1325
2760,27939289,4.9236463,1893,1728,1444,1699,1560,1326
2761,27949289,4.9242058,1894,1728,1436,1698,1562,1326
2762,27959289,4.9247467,1904,1717,1429,1703,1563,1323
2763,27969289,4.9254551,1909,1724,1456,1703,1563,1331
2764,27979289,4.9261628,1875,1733,1415,1716,1566,1323
2765,27989288,4.9269055,1905,1734,1437,1708,1567,1327
2766,27999289,4.927612,1907,1734,1441,1707,1562,1327
2767,28009288,4.9285252,1903,1729,1438,1694,1559,1332
2768,28019289,4.9294768,1906,1722,1441,1705,1566,1323
2769,28029289,4.9302872,1901,1728,1443,1705,1566,1337
2770,28039289,4.9310203,1895,1715,1446,1705,1562,1325
2771,28049289,4.9320157,1898,1730,1441,1700,1557,1319
2772,28059288,4.9329543,1895,1733,1441,1705,1565,1320
2773,28069289,4.9335475,1903,1725,1434,1704,1563,1323
2774,28079289,4.9341116,1905,1731,1444,1701,1561,1327
2775,28089288,4.9347167,1904,1741,1439,1706,1560,1327
2776,28099288,4.9352977,1904,1733,1431,1705,1560,1328
2777,28109288,4.9360359,1901,1738,1445,1705,1562,1322
2778,28119288,4.9367561,1901,1730,1445,1705,1559,1319
2779,28129289,4.9373916,1915,1727,1447,1696,1557,1323
2780,28139289,4.9379649,1899,1725,1461,1704,1561,1319
2781,28149288,4.9385402,1901,1731,1437,1704,1561,1328
2782,28159289,4.9391023,1904,1731,1438,1708,1553,1311
2783,28169289,4.9396596,1913,1743,1446,1705,1573,1345
2784,28179289,4.9402472,1906,1735,1454,1705,1570,1328
2785,28189289,4.9410433,1910,1726,1435,1705,1548,1332
2786,28199289,4.9419827,1905,1717,1435,1707,1565,1325
2787,28209289,4.942916,1898,1728,1436,1705,1561,1327
2788,28219289,4.9435347,1901,1729,1444,1691,1562,1325
2789,28229289,4.9440945,1904,1741,1439,1702,1570,1323
2790,28239289,4.9446469,1905,1742,1444,1705,1573,1323
2791,28249289,4.9452754,1904,1730,1444,1704,1564,1326
2792,28259289,4.945859,1904,1723,1450,1706,1553,1327
2793,28269289,4.9464265,1904,1726,1459,1705,1560,1307
2794,28279289,4.9470699,1904,1733,1449,1705,1565,1320
2795,28289289,4.9479103,1891,1730,1439,1701,1557,1330
2796,28299289,4.9489481,1904,1726,1443,1705,1562,1335
2797,28309289,4.9497238,1904,1730,1450,1703,1570,1328
2798,28319289,4.9503148,1905,1728,1441,1704,1562,1328
2799,28329288,4.9509243,1902,1729,1453,1706,1566,1323
2800,28339289,4.9514811,1904,1744,1439,1700,1570,1324
2801,28349289,4.9521018,1904,1737,1427,1709,1548,1320
2802,28359289,4.9528383,1902,1732,1451,1701,1561,1314
2803,28369289,4.9537725,1904,1730,1443,1709,1559,1335
2804,28379289,4.9547848,1902,1734,1442,1711,1558,1324
2805,28389289,4.9555464,1911,1719,1446,1691,1562,1332
2806,28399288,4.9562186,1897,1730,1435,1707,1551,1319
2807,28409289,4.9568882,1876,1725,1440,1702,1569,1324
2808,28419289,4.9574773,1904,1718,1450,1707,1571,1330
2809,28429289,4.9580775,1909,1730,1444,1705,1559,1324
2810,28439289,4.9586424,1914,1731,1437,1704,1548,1322
2811,28449288,4.9591961,1911,1722,1451,1713,1556,1323
2812,28459289,4.9597959,1904,1721,1446,1708,1560,1323
2813,28469289,4.9603581,1895,1727,1443,1698,1569,1327
2814,28479289,4.9609142,1893,1735,1452,1698,1571,1322
2815,28489289,4.9614842,1902,1743,1426,1704,1563,1317
2816,28499288,4.9620793,1909,1739,1446,1703,1572,1325
2817,28509289,4.962766,1903,1725,1445,1708,1574,1325
2818,28519289,4.963489,1906,1725,1426,1704,1548,1323
2819,28529289,4.9648704,1908,1734,1450,1706,1572,1325
2820,28539288,4.9659636,1904,1739,1425,1704,1565,1315
2821,28549289,4.9670969,1919,1730,1442,1703,1558,1326
2822,28559289,4.9680095,1904,1733,1440,1704,1560,1314
2823,28569289,4.9687646,1904,1731,1438,1701,1556,1328
2824,28579288,4.9698326,1904,1751,1443,1699,1559,1326
2825,28589289,4.9705696,1898,1735,1449,1697,1573,1326
2826,28599289,4.9711257,1906,1729,1441,1705,1578,1324
2827,28609289,4.9717007,1900,1728,1459,1700,1548,1328
2828,28619289,4.9722639,1910,1743,1439,1705,1561,1315
2829,28629289,4.9728145,1901,1739,1437,1701,1571,1332
2830,28639289,4.9733424,1910,1744,1446,1705,1562,1323
2831,28649289,4.9739195,1906,1726,1440,1705,1561,1323
2832,28659289,4.9744947,1915,1734,1441,1706,1564,1328
2833,28669289,4.97507,1903,1731,1441,1705,1550,1330
2834,28679289,4.9756396,1878,1737,1441,1703,1557,1326
2835,28689289,4.9762836,1904,1730,1457,1700,1568,1332
2836,28699289,4.9770281,1889,1737,1446,1696,1566,1337
2837,28709289,4.9780431,1894,1738,1434,1705,1571,1325
2838,28719289,4.9790706,1904,1727,1449,1706,1553,1330
2839,28729289,4.9802018,1910,1722,1441,1706,1552,1327
2840,28739289,4.98082,1907,1733,1433,1713,1563,1326
2841,28749289,4.9813956,1910,1727,1440,1713,1570,1329
2842,28759289,4.9819891,1904,1740,1440,1707,1572,1335
2843,28769289,4.9827045,1903,1744,1439,1701,1566,1337
2844,28779289,4.9834727,1904,1733,1448,1679,1569,1327
2845,28789289,4.9842831,1902,1722,1443,1704,1566,1337
2846,28799289,4.9850543,1905,1719,1447,1705,1559,1325
2847,28809289,4.9859586,1904,1714,1439,1705,1557,1328
2848,28819289,4.9868419,1918,1719,1431,1709,1559,1322
2849,28829289,4.9875992,1904,1733,1446,1705,1571,1325
2850,28839288,4.9884176,1904,1741,1444,1704,1571,1333
2851,28849289,4.9893044,1904,1744,1449,1709,1574,1326
2852,28859289,4.9903581,1904,1729,1441,1704,1564,1326
2853,28869289,4.9911596,1899,1735,1443,1710,1560,1327
2854,28879289,4.991755,1904,1721,1437,1706,1555,1328
2855,28889289,4.9924124,1906,1723,1442,1704,1556,1325
2856,28899289,4.9929765,1901,1732,1438,1707,1548,1323
2857,28909289,4.9935256,1894,1716,1443,1701,1560,1335
2858,28919289,4.9941017,1899,1739,1439,1705,1560,1327
2859,28929289,4.9946525,1907,1732,1447,1706,1563,1329
2860,28939289,4.9956921,1914,1711,1434,1708,1552,1316
2861,28949289,4.9967439,1903,1719,1440,1705,1565,1329
2862,28959289,4.9979245,1898,1729,1449,1704,1566,1328
2863,28969289,4.9988881,1903,1723,1438,1701,1561,1317
2864,28979289,4.99984,1899,1721,1434,1697,1557,1326
2865,28989289,5.0008569,1899,1723,1444,1704,1562,1327
2866,28999289,5.0021911,1904,1728,1440,1703,1562,1319
2867,29009288,5.0034641,1903,1727,1442,1703,1561,1313
2868,29019289,5.0043895,1895,1726,1440,1705,1557,1327
2869,29029289,5.0052638,1899,1729,1437,1708,1561,1337
2870,29039289,5.0062724,1905,1741,1454,1705,1573,1337
2871,29049289,5.0072331,1904,1747,1450,1709,1585,1335
2872,29059289,5.0081672,1904,1759,1456,1708,1586,1346
2873,29069289,5.0090627,1905,1762,1471,1714,1593,1340
2874,29079289,5.0099739,1901,1763,1461,1705,1589,1330
2875,29089289,5.0112856,1904,1761,1446,1703,1591,1332
2876,29099289,5.0122612,1900,1765,1456,1698,1591,1336
2877,29109289,5.0131681,1903,1750,1447,1701,1575,1333
2878,29119289,5.0140429,1906,1733,1443,1704,1558,1325
2879,29129289,5.015019,1919,1712,1439,1705,1548,1323
2880,29139289,5.0160075,1911,1713,1442,1714,1553,1324
2881,29149289,5.0168632,1899,1719,1441,1704,1559,1325
2882,29159289,5.0181936,1908,1743,1439,1701,1561,1329
2883,29169289,5.0203728,1905,1739,1463,1704,1566,1327
2884,29179289,5.0211535,1904,1731,1446,1705,1571,1328
2885,29189289,5.0217511,1904,1722,1442,1704,1563,1328
2886,29199289,5.0224033,1901,1731,1451,1696,1566,1323
2887,29209289,5.0229496,1902,1729,1438,1704,1566,1324
2888,29219288,5.0235074,1902,1736,1442,1708,1566,1328
2889,29229289,5.0240324,1904,1745,1437,1702,1562,1334
2890,29239288,5.0245594,1901,1719,1444,1698,1563,1323
2891,29249289,5.025169,1904,1727,1451,1707,1558,1324
2892,29259289,5.0257623,1895,1722,1441,1707,1556,1328
2893,29269289,5.0268292,1915,1717,1453,1719,1550,1328
2894,29279289,5.0276719,1904,1720,1447,1708,1548,1320
2895,29289289,5.0284721,1909,1723,1434,1705,1553,1320
2896,29299289,5.0294339,1910,1722,1439,1713,1562,1328
2897,29309289,5.0305904,1895,1738,1441,1705,1566,1333
2898,29319289,5.0317618,1903,1733,1446,1704,1566,1333
2899,29329289,5.0326711,1908,1731,1439,1703,1562,1328
2900,29339289,5.0334464,1910,1726,1442,1705,1561,1325
2901,29349289,5.0342089,1895,1725,1435,1697,1553,1324
2902,29359289,5.0350622,1899,1724,1443,1700,1560,1325
2903,29369289,5.0361731,1877,1725,1443,1714,1559,1323
2904,29379289,5.0372135,1883,1729,1442,1705,1553,1332
2905,29389289,5.0380673,1904,1728,1445,1698,1556,1329
2906,29399289,5.0388391,1904,1733,1419,1705,1555,1322
2907,29409289,5.0394856,1902,1721,1443,1709,1559,1332
2908,29419289,5.0402103,1903,1731,1445,1703,1565,1324
2909,29429288,5.041031,1904,1731,1437,1699,1569,1327
2910,29439289,5.0422046,1901,1738,1443,1709,1572,1356
2911,29449289,5.0434793,1903,1738,1455,1704,1571,1328
2912,29459288,5.0446056,1901,1742,1446,1701,1569,1315
2913,29469289,5.0455215,1897,1744,1439,1704,1572,1330
2914,29479289,5.0463698,1898,1748,1456,1702,1575,1330
2915,29489289,5.0471364,1879,1747,1442,1698,1583,1323
2916,29499288,5.0480105,1893,1747,1446,1703,1579,1323
2917,29509289,5.0488534,1901,1743,1446,1698,1572,1328
2918,29519289,5.0496938,1913,1723,1434,1704,1562,1324
2919,29529289,5.0505325,1905,1715,1441,1705,1549,1327
2920,29539289,5.0513854,1903,1718,1436,1705,1552,1325
2921,29549289,5.0524283,1894,1730,1446,1704,1562,1324
2922,29559289,5.0534068,1899,1735,1446,1703,1570,1330
2923,29569288,5.0546061,1879,1723,1450,1696,1574,1322
2924,29579289,5.0556986,1891,1744,1441,1706,1578,1333
2925,29589289,5.0567693,1904,1751,1447,1695,1575,1332
2926,29599289,5.0578316,1898,1743,1443,1704,1575,1329
2927,29609289,5.0587952,1904,1739,1459,1699,1571,1323
2928,29619289,5.0596441,1894,1739,1437,1707,1566,1325
2929,29629289,5.0605422,1907,1726,1437,1700,1563,1328
2930,29639289,5.0614828,1903,1728,1438,1705,1553,1328
2931,29649289,5.0624337,1904,1715,1446,1718,1555,1327
2932,29659288,5.0633135,1906,1707,1440,1709,1548,1322
2933,29669289,5.0642423,1910,1709,1433,1711,1539,1324
2934,29679289,5.0651266,1915,1695,1440,1716,1539,1324
2935,29689288,5.0659807,1920,1694,1431,1710,1533,1326
2936,29699289,5.0671883,1918,1712,1446,1714,1548,1323
2937,29709289,5.0681559,1904,1742,1451,1707,1571,1325
2938,29719289,5.0690123,1905,1745,1451,1705,1581,1326
2939,29729289,5.0699945,1898,1747,1447,1695,1574,1328
2940,29739289,5.0707206,1894,1738,1446,1695,1573,1332
2941,29749289,5.0714172,1893,1751,1446,1704,1574,1333
2942,29759289,5.0721003,1887,1740,1441,1689,1566,1326
2943,29769289,5.072785,1890,1727,1443,1698,1568,1326
2944,29779289,5.0738755,1904,1730,1441,1700,1563,1326
2945,29789288,5.0749691,1913,1727,1445,1723,1563,1330
2946,29799289,5.0758474,1915,1751,1442,1710,1563,1332
2947,29809289,5.0766336,1905,1742,1445,1706,1569,1323
2948,29819289,5.0773697,1904,1723,1451,1704,1570,1337
2949,29829289,5.0780916,1901,1741,1442,1697,1562,1329
2950,29839288,5.0789951,1902,1730,1443,1700,1569,1330
2951,29849289,5.0799331,1904,1727,1444,1705,1560,1326
2952,29859289,5.0808216,1899,1739,1445,1704,1566,1332
2953,29869289,5.0815373,1897,1729,1454,1704,1565,1325
2954,29879289,5.0823709,1902,1728,1441,1687,1562,1326
2955,29889289,5.0831217,1904,1726,1439,1709,1550,1322
2956,29899289,5.0838473,1907,1724,1436,1688,1553,1323
2957,29909288,5.0846737,1900,1719,1438,1708,1549,1317
2958,29919289,5.0854974,1918,1701,1440,1705,1557,1328
2959,29929289,5.0864416,1910,1724,1439,1709,1548,1327
2960,29939289,5.0872799,1910,1732,1446,1695,1563,1323
2961,29949289,5.0880163,1904,1743,1443,1705,1572,1324
2962,29959289,5.0888059,1901,1744,1442,1705,1574,1330
2963,29969289,5.0899994,1897,1744,1453,1701,1568,1333
2964,29979289,5.0910441,1894,1735,1445,1696,1574,1328
2965,29989289,5.0921275,1891,1727,1441,1705,1566,1326
2966,29999289,5.0931701,1907,1717,1440,1707,1539,1330
2967,30009289,5.0943096,1904,1723,1443,1700,1565,1324
2968,30019289,5.0956265,1899,1731,1443,1716,1562,1329
2969,30029288,5.0965799,1898,1731,1444,1702,1562,1332
2970,30039289,5.097489,1904,1741,1439,1706,1573,1323
2971,30049289,5.0983217,1902,1745,1443,1701,1573,1337
2972,30059289,5.0991738,1902,1743,1445,1709,1578,1332
2973,30069289,5.1001237,1899,1745,1435,1703,1570,1323
2974,30079289,5.1010313,1892,1738,1442,1695,1569,1326
2975,30089289,5.1018817,1899,1721,1443,1705,1553,1334
2976,30099289,5.103109,1904,1723,1454,1705,1556,1316
2977,30109289,5.1042797,1919,1731,1440,1706,1566,1332
2978,30119289,5.1062494,1904,1730,1442,1703,1564,1325
2979,30129289,5.1073782,1905,1726,1446,1705,1569,1328
2980,30139289,5.1083798,1906,1726,1440,1709,1560,1320
2981,30149288,5.1094486,1904,1725,1440,1708,1550,1328
2982,30159289,5.1103454,1915,1721,1438,1706,1552,1323
2983,30169289,5.1112393,1902,1716,1444,1707,1552,1322
2984,30179289,5.1121838,1906,1714,1435,1708,1555,1325
2985,30189289,5.1130687,1922,1728,1437,1704,1562,1328
2986,30199289,5.1138271,1880,1745,1455,1709,1571,1335
2987,30209289,5.1145868,1905,1741,1454,1707,1574,1335
2988,30219289,5.1154584,1901,1734,1445,1698,1573,1341
2989,30229289,5.1166119,1903,1730,1441,1708,1562,1328
2990,30239289,5.117593,1905,1729,1445,1705,1557,1329
2991,30249289,5.1183525,1904,1727,1444,1705,1557,1336
2992,30259289,5.1192966,1903,1730,1444,1704,1562,1326
2993,30269289,5.1201954,1904,1728,1443,1709,1562,1325
2994,30279289,5.1209381,1904,1739,1439,1704,1566,1337
2995,30289289,5.1228072,1904,1742,1447,1705,1566,1336
2996,30299289,5.1238494,1904,1742,1442,1710,1570,1325
2997,30309289,5.1247381,1904,1744,1439,1705,1573,1333
2998,30319289,5.1256618,1905,1743,1445,1704,1572,1328
2999,30329289,5.1265523,1898,1718,1440,1705,1566,1323
3000,30339289,5.1277823,1897,1724,1440,1698,1560,1328
3001,30349288,5.1286482,1904,1723,1447,1705,1562,1321
3002,30359289,5.1295287,1899,1731,1449,1704,1552,1324
3003,30369288,5.1306446,1904,1739,1439,1705,1563,1333
3004,30379289,5.1317983,1901,1740,1435,1703,1571,1312
3005,30389289,5.1328424,1902,1727,1443,1705,1565,1323
3006,30399289,5.1336728,1906,1729,1450,1710,1562,1325
3007,30409289,5.1344311,1904,1755,1455,1705,1569,1336
3008,30419289,5.1352489,1900,1728,1434,1716,1562,1314
3009,30429289,5.1362348,1902,1732,1453,1705,1560,1335
3010,30439289,5.1375587,1901,1726,1456,1700,1562,1323
3011,30449289,5.1384848,1904,1718,1439,1708,1548,1314
3012,30459289,5.1394727,1909,1711,1445,1706,1550,1321
3013,30469289,5.1404936,1907,1725,1438,1714,1552,1319
3014,30479289,5.1416859,1906,1729,1441,1706,1565,1327
3015,30489289,5.14252,1903,1737,1434,1711,1565,1326
3016,30499289,5.1433844,1900,1750,1451,1705,1570,1335
3017,30509289,5.1444833,1905,1760,1439,1705,1575,1332
3018,30519289,5.1458672,1889,1731,1455,1706,1575,1325
3019,30529289,5.1470781,1893,1744,1450,1693,1571,1337
3020,30539289,5.1481963,1891,1723,1441,1688,1561,1325
3021,30549289,5.1490725,1903,1729,1443,1705,1559,1328
3022,30559288,5.1500248,1900,1727,1445,1701,1559,1323
3023,30569289,5.1512272,1914,1728,1445,1710,1568,1330
3024,30579289,5.1523463,1909,1742,1445,1708,1563,1327
3025,30589289,5.1542939,1901,1744,1450,1687,1571,1335
3026,30599289,5.1557428,1906,1745,1446,1701,1574,1319
3027,30609289,5.1572606,1899,1744,1467,1705,1575,1330
3028,30619288,5.1594241,1898,1735,1443,1701,1570,1329
3029,30629289,5.1604861,1899,1726,1443,1695,1566,1325
3030,30639289,5.1616472,1901,1728,1437,1701,1558,1332
3031,30649289,5.162637,1902,1725,1435,1704,1556,1327
3032,30659289,5.1639018,1905,1723,1462,1706,1549,1329
3033,30669289,5.1649498,1904,1744,1442,1703,1580,1327
3034,30679288,5.1661796,1906,1733,1446,1693,1576,1327
3035,30689289,5.1671101,1895,1744,1456,1704,1563,1332
3036,30699289,5.1679772,1897,1731,1443,1709,1565,1330
3037,30709289,5.1691954,1903,1723,1435,1689,1562,1324
3038,30719289,5.17029,1904,1715,1457,1697,1558,1337
3039,30729289,5.1712281,1911,1714,1439,1707,1548,1320
3040,30739289,5.1720584,1904,1707,1437,1710,1543,1316
3041,30749289,5.17295,1904,1707,1433,1707,1533,1328
3042,30759289,5.173694,1916,1717,1439,1710,1552,1330
3043,30769289,5.1744998,1904,1733,1449,1704,1571,1324
3044,30779289,5.1753067,1898,1744,1439,1701,1575,1349
3045,30789289,5.1761384,1895,1750,1451,1704,1580,1332
3046,30799289,5.1769324,1899,1740,1431,1703,1571,1309
3047,30809289,5.1777133,1898,1728,1447,1704,1562,1325
3048,30819289,5.1787045,1902,1729,1442,1690,1565,1333
3049,30829289,5.1797083,1903,1733,1447,1695,1550,1325
3050,30839289,5.1805708,1904,1733,1443,1705,1562,1323
3051,30849289,5.1813586,1905,1732,1446,1706,1561,1328
3052,30859289,5.1821928,1909,1728,1435,1709,1571,1326
3053,30869289,5.1829855,1904,1735,1442,1713,1559,1324
3054,30879289,5.1837253,1898,1741,1445,1718,1566,1322
3055,30889289,5.1853404,1891,1744,1442,1706,1574,1325
3056,30899289,5.1864253,1877,1743,1439,1703,1573,1329
3057,30909289,5.187389,1895,1735,1447,1698,1569,1332
3058,30919289,5.1882722,1904,1725,1440,1700,1558,1326
3059,30929289,5.1891552,1905,1742,1435,1705,1557,1323
3060,30939289,5.189923,1903,1726,1449,1703,1543,1328
3061,30949289,5.1907661,1902,1735,1444,1705,1562,1334
3062,30959289,5.1919151,1902,1707,1446,1705,1566,1330
3063,30969289,5.1929456,1902,1749,1457,1701,1576,1333
3064,30979289,5.1938016,1904,1741,1450,1700,1574,1326
3065,30989289,5.1946528,1895,1748,1447,1705,1574,1326
3066,30999289,5.195473,1910,1742,1431,1704,1571,1330
3067,31009288,5.1963049,1879,1734,1442,1708,1566,1328
3068,31019289,5.1971569,1882,1718,1441,1711,1562,1330
3069,31029289,5.1979398,1904,1712,1435,1703,1548,1320
3070,31039289,5.1990752,1904,1715,1433,1706,1548,1326
3071,31049289,5.2001545,1904,1707,1434,1712,1547,1325
3072,31059289,5.201304,1907,1698,1427,1717,1524,1319
3073,31069289,5.2025793,1911,1711,1438,1704,1548,1320
3074,31079289,5.2035155,1909,1727,1438,1704,1561,1328
3075,31089289,5.2048786,1903,1744,1443,1705,1574,1329
3076,31099289,5.2060115,1909,1745,1454,1705,1586,1329
3077,31109289,5.2070041,1903,1744,1454,1704,1574,1330
3078,31119289,5.2079396,1897,1731,1448,1703,1566,1330
3079,31129289,5.2088165,1893,1744,1441,1700,1569,1323
3080,31139289,5.2095972,1904,1738,1441,1693,1559,1328
3081,31149289,5.2103214,1902,1722,1455,1705,1561,1323
3082,31159289,5.2113615,1909,1726,1443,1705,1563,1328
3083,31169289,5.2123144,1916,1731,1442,1709,1562,1321
3084,31179289,5.2131227,1911,1741,1435,1696,1562,1338
3085,31189289,5.2139248,1910,1714,1438,1718,1572,1329
3086,31199289,5.2152633,1904,1742,1446,1697,1575,1337
3087,31209289,5.216449,1890,1743,1446,1699,1573,1323
3088,31219289,5.2174889,1890,1740,1451,1695,1570,1328
3089,31229289,5.2185599,1898,1726,1453,1692,1566,1319
3090,31239288,5.219592,1904,1717,1443,1708,1552,1323
3091,31249289,5.2206403,1901,1717,1443,1705,1556,1328
3092,31259289,5.2215141,1905,1733,1446,1706,1562,1324
3093,31269289,5.2224642,1908,1737,1450,1705,1566,1323
3094,31279289,5.2233204,1902,1741,1440,1705,1573,1332
3095,31289288,5.2240889,1906,1734,1443,1709,1561,1323
3096,31299289,5.2250543,1894,1745,1450,1700,1579,1337
3097,31309289,5.2259282,1899,1741,1441,1705,1570,1327
3098,31319288,5.2268309,1902,1743,1445,1699,1560,1328
3099,31329289,5.2276907,1901,1730,1447,1692,1557,1330
3100,31339288,5.2286061,1919,1698,1442,1709,1548,1326
3101,31349289,5.2294528,1909,1710,1444,1709,1548,1320
3102,31359289,5.2307645,1905,1706,1435,1709,1548,1322
3103,31369288,5.2323776,1914,1707,1435,1710,1534,1319
3104,31379289,5.2333936,1918,1715,1442,1709,1548,1327
3105,31389289,5.2344398,1907,1727,1435,1704,1560,1324
3106,31399289,5.2353885,1902,1750,1450,1705,1579,1330
3107,31409289,5.2364282,1894,1755,1448,1703,1581,1328
3108,31419289,5.2373422,1906,1743,1445,1701,1574,1332
3109,31429289,5.2381999,1918,1732,1449,1704,1566,1323
3110,31439289,5.2392381,1897,1731,1446,1705,1563,1323
3111,31449288,5.2401972,1901,1737,1445,1705,1571,1330
3112,31459289,5.2410595,1889,1733,1441,1705,1564,1327
3113,31469289,5.241848,1914,1733,1441,1708,1562,1329
3114,31479289,5.2427412,1905,1733,1447,1705,1569,1332
3115,31489289,5.2436608,1909,1758,1443,1705,1556,1333
3116,31499289,5.2446385,1898,1743,1447,1702,1572,1323
3117,31509289,5.2457517,1902,1744,1439,1698,1574,1323
3118,31519289,5.246781,1900,1731,1442,1703,1566,1322
3119,31529289,5.2477127,1901,1733,1439,1705,1562,1330
3120,31539289,5.248769,1903,1723,1441,1705,1553,1327
3121,31549289,5.2496508,1898,1733,1444,1705,1562,1332
3122,31559289,5.2505355,1899,1729,1446,1705,1563,1330
3123,31569289,5.2513939,1900,1726,1427,1704,1571,1330
3124,31579289,5.2524452,1895,1738,1433,1698,1564,1328
3125,31589289,5.2534129,1905,1709,1456,1708,1560,1333
3126,31599290,5.2542708,1908,1741,1450,1704,1574,1326
3127,31609289,5.2554027,1905,1728,1445,1700,1563,1335
3128,31619289,5.2563921,1902,1728,1439,1704,1562,1332
3129,31629289,5.2574455,1903,1717,1442,1705,1553,1325
3130,31639289,5.2583879,1904,1710,1439,1707,1548,1327
3131,31649289,5.2592194,1907,1712,1445,1709,1547,1322
3132,31659289,5.2601138,1901,1711,1445,1707,1547,1329
3133,31669289,5.2614649,1914,1723,1445,1708,1559,1328
3134,31679289,5.2628695,1904,1741,1450,1705,1566,1353
3135,31689289,5.2641145,1910,1746,1451,1705,1578,1330
3136,31699288,5.2655514,1911,1745,1451,1704,1574,1332
3137,31709289,5.2668211,1911,1739,1447,1705,1569,1325
3138,31719289,5.2677596,1904,1735,1456,1701,1572,1349
3139,31729288,5.2686513,1894,1735,1445,1704,1562,1333
3140,31739289,5.2696114,1900,1733,1444,1716,1566,1327
3141,31749289,5.2711388,1893,1738,1443,1703,1566,1332
3142,31759289,5.2730769,1902,1738,1445,1705,1564,1329
3143,31769289,5.2741245,1904,1733,1440,1708,1563,1321
3144,31779289,5.2750428,1904,1738,1442,1707,1565,1323
3145,31789289,5.2760625,1904,1735,1446,1704,1570,1324
3146,31799289,5.2772242,1893,1730,1443,1711,1573,1327
3147,31809289,5.2781595,1905,1731,1438,1702,1566,1332
3148,31819289,5.27908,1910,1730,1450,1708,1558,1317
3149,31829289,5.2799666,1899,1727,1439,1705,1564,1323
3150,31839289,5.2808008,1899,1728,1439,1706,1561,1320
3151,31849289,5.281545,1901,1746,1442,1697,1565,1328
3152,31859289,5.2822359,1899,1741,1453,1698,1563,1332
3153,31869288,5.2830182,1903,1739,1474,1701,1571,1329
3154,31879289,5.2837801,1911,1728,1445,1703,1566,1328
3155,31889289,5.2844428,1893,1723,1447,1716,1561,1325
3156,31899289,5.2851006,1904,1750,1451,1705,1574,1334
3157,31909289,5.2859801,1906,1732,1443,1706,1563,1328
3158,31919288,5.2868201,1903,1735,1439,1703,1561,1326
3159,31929288,5.2876962,1904,1722,1447,1711,1553,1326
3160,31939289,5.2885922,1901,1727,1446,1704,1552,1320
3161,31949289,5.2894523,1902,1707,1447,1704,1545,1317
3162,31959289,5.290539,1906,1712,1413,1706,1543,1314
3163,31969289,5.2916195,1910,1728,1438,1705,1569,1316
3164,31979289,5.2933552,1904,1735,1445,1704,1566,1327
3165,31989289,5.2946352,1914,1744,1438,1717,1574,1327
3166,31999289,5.2957412,1904,1746,1451,1699,1583,1332
3167,32009289,5.2968066,1904,1741,1439,1704,1574,1329
3168,32019288,5.2978806,1905,1733,1441,1704,1564,1330
3169,32029289,5.2986271,1903,1725,1437,1704,1574,1320
3170,32039289,5.2993086,1901,1728,1445,1704,1550,1322
3171,32049289,5.2999782,1904,1729,1444,1704,1553,1324
3172,32059289,5.30071,1898,1715,1442,1707,1562,1332
3173,32069289,5.301414,1909,1734,1447,1718,1563,1333
3174,32079289,5.3021676,1901,1739,1441,1717,1560,1325
3175,32089289,5.3029367,1904,1744,1447,1680,1574,1335
3176,32099289,5.3040057,1901,1730,1441,1706,1562,1310
3177,32109289,5.3050061,1903,1729,1452,1705,1570,1328
3178,32119289,5.3058395,1903,1733,1441,1697,1575,1326
3179,32129289,5.3066599,1897,1742,1441,1703,1572,1323
3180,32139289,5.3075501,1904,1745,1456,1705,1572,1342
3181,32149289,5.3086912,1904,1738,1449,1701,1573,1343
3182,32159289,5.3095408,1904,1731,1443,1710,1561,1328
3183,32169289,5.3103515,1915,1733,1439,1706,1561,1328
3184,32179289,5.3111934,1904,1719,1442,1701,1565,1328
3185,32189289,5.3119596,1904,1733,1441,1704,1566,1329
3186,32199289,5.3126888,1903,1728,1439,1705,1571,1327
3187,32209289,5.3134209,1916,1738,1437,1705,1562,1327
3188,32219289,5.3142644,1899,1750,1441,1701,1575,1330
3189,32229289,5.3150361,1902,1734,1446,1704,1562,1330
3190,32239289,5.3158609,1908,1728,1437,1704,1573,1331
3191,32249289,5.3169828,1906,1734,1445,1705,1566,1325
3192,32259289,5.3179263,1904,1726,1440,1697,1560,1326
3193,32269289,5.3186142,1883,1727,1439,1697,1558,1329
3194,32279289,5.3192227,1901,1719,1443,1704,1552,1330
3195,32289289,5.3199876,1899,1725,1435,1704,1556,1321
3196,32299289,5.3207675,1907,1712,1431,1705,1548,1330
3197,32309288,5.3215274,1911,1709,1439,1697,1543,1325
3198,32319289,5.3222247,1917,1717,1437,1710,1558,1320
3199,32329289,5.3229324,1907,1724,1438,1701,1557,1320
3200,32339289,5.3250755,1904,1738,1434,1705,1571,1330
3201,32349288,5.3265888,1891,1741,1438,1705,1575,1320
3202,32359289,5.3277504,1904,1713,1437,1706,1574,1327
3203,32369289,5.3287246,1904,1744,1437,1691,1567,1332
3204,32379289,5.3296732,1897,1727,1441,1701,1569,1326
3205,32389289,5.3307798,1891,1729,1437,1704,1559,1323
3206,32399288,5.3317812,1904,1733,1428,1721,1560,1333
3207,32409289,5.3327245,1900,1725,1439,1701,1557,1324
3208,32419289,5.3338314,1917,1714,1450,1705,1550,1325
3209,32429288,5.3351452,1914,1728,1443,1705,1569,1327
3210,32439288,5.3362946,1929,1744,1439,1705,1572,1337
3211,32449289,5.3372946,1906,1744,1450,1705,1572,1333
3212,32459289,5.3385563,1904,1743,1444,1706,1562,1326
3213,32469289,5.3394881,1903,1742,1454,1711,1571,1347
3214,32479289,5.3400795,1891,1738,1447,1696,1571,1337
3215,32489289,5.3405913,1901,1729,1438,1705,1560,1330
3216,32499289,5.3412326,1904,1730,1445,1704,1561,1327
3217,32509289,5.3420593,1905,1714,1438,1705,1560,1328
3218,32519289,5.3429422,1904,1733,1441,1705,1560,1330
3219,32529289,5.3438258,1921,1737,1438,1704,1571,1325
3220,32539289,5.3448287,1904,1739,1446,1699,1570,1330
3221,32549289,5.3458424,1903,1734,1445,1705,1568,1330
3222,32559289,5.346797,1898,1744,1444,1705,1575,1326
3223,32569289,5.3481527,1887,1740,1437,1706,1570,1328
3224,32579289,5.3492136,1904,1730,1439,1699,1560,1323
3225,32589289,5.3500418,1899,1719,1449,1700,1551,1319
3226,32599289,5.3507813,1904,1712,1442,1698,1548,1319
3227,32609289,5.3515663,1904,1703,1456,1713,1533,1316
3228,32619289,5.3525499,1905,1707,1433,1706,1548,1306
3229,32629289,5.3534362,1904,1712,1437,1716,1547,1322
3230,32639288,5.3546966,1903,1743,1436,1704,1560,1323
3231,32649288,5.3559587,1904,1748,1456,1703,1585,1323
3232,32659289,5.3568799,1890,1758,1453,1695,1584,1337
3233,32669289,5.3576389,1900,1755,1446,1702,1574,1328
3234,32679289,5.3583677,1905,1739,1455,1704,1571,1332
3235,32689289,5.3591354,1902,1742,1441,1706,1562,1332
3236,32699289,5.3600059,1902,1722,1443,1705,1560,1324
3237,32709289,5.3610879,1898,1731,1443,1707,1553,1323
3238,32719289,5.3621532,1904,1726,1443,1711,1562,1332
3239,32729289,5.3629704,1905,1733,1470,1705,1568,1333
3240,32739289,5.3635274,1904,1744,1447,1707,1574,1322
3241,32749289,5.3640389,1911,1744,1446,1709,1576,1334
3242,32759289,5.3645858,1904,1744,1444,1700,1575,1329
3243,32769289,5.3651395,1898,1744,1453,1696,1566,1342
3244,32779289,5.3656816,1903,1728,1443,1700,1571,1328
3245,32789289,5.3662204,1895,1723,1445,1698,1565,1316
3246,32799289,5.3669022,1903,1719,1444,1705,1553,1317
3247,32809289,5.3674794,1897,1728,1438,1705,1562,1324
3248,32819289,5.367999,1902,1738,1442,1708,1561,1336
3249,32829289,5.3685468,1901,1733,1445,1705,1563,1337
3250,32839289,5.3692038,1905,1743,1453,1709,1568,1330
3251,32849289,5.3704916,1904,1734,1449,1717,1574,1330
3252,32859289,5.371203,1904,1744,1442,1701,1564,1330
3253,32869289,5.3717679,1904,1744,1452,1704,1571,1327
3254,32879289,5.3723489,1900,1733,1440,1705,1563,1330
3255,32889289,5.3731102,1904,1728,1442,1701,1562,1326
3256,32899289,5.3740202,1903,1712,1440,1703,1554,1321
3257,32909289,5.3747909,1906,1707,1442,1704,1548,1327
3258,32919289,5.3753231,1915,1707,1429,1718,1543,1320
3259,32929289,5.3758862,1913,1697,1452,1713,1549,1337
3260,32939289,5.3764349,1914,1722,1443,1709,1555,1322
3261,32949288,5.3770702,1907,1734,1447,1710,1572,1324
3262,32959289,5.3775887,1909,1740,1441,1705,1578,1337
3263,32969289,5.3781153,1894,1757,1447,1705,1581,1333
3264,32979289,5.3786613,1895,1745,1453,1698,1574,1335
3265,32989288,5.3791876,1902,1730,1439,1699,1562,1326
3266,32999289,5.3796702,1904,1725,1445,1704,1560,1332
3267,33009289,5.3802153,1893,1725,1438,1704,1557,1330
3268,33019289,5.3807715,1899,1728,1440,1705,1540,1323
3269,33029289,5.3812958,1904,1735,1440,1707,1559,1330
3270,33039289,5.3818043,1905,1734,1437,1711,1559,1323
3271,33049289,5.3832945,1931,1742,1453,1710,1562,1328
3272,33059289,5.3840119,1901,1742,1437,1707,1575,1333
3273,33069288,5.3848562,1903,1735,1443,1705,1571,1323
3274,33079289,5.3865279,1899,1737,1449,1698,1574,1332
3275,33089289,5.3877093,1889,1733,1445,1701,1561,1332
3276,33099289,5.388661,1886,1726,1453,1705,1546,1338
3277,33109289,5.3894711,1903,1727,1434,1695,1558,1330
3278,33119289,5.3901875,1907,1721,1434,1701,1560,1320
3279,33129289,5.3909213,1904,1728,1447,1701,1564,1329
3280,33139289,5.3916909,1909,1737,1441,1705,1562,1333
3281,33149288,5.3922964,1906,1741,1455,1697,1566,1323
3282,33159289,5.3929398,1908,1742,1438,1705,1565,1323
3283,33169289,5.3936837,1907,1726,1446,1679,1559,1324
3284,33179289,5.394301,1904,1726,1436,1710,1557,1326
3285,33189289,5.3949045,1902,1740,1446,1694,1556,1332
3286,33199289,5.3955638,1915,1722,1437,1704,1555,1324
3287,33209289,5.3961787,1904,1713,1453,1703,1552,1323
3288,33219288,5.3970498,1904,1711,1435,1716,1548,1332
3289,33229289,5.3980444,1933,1725,1427,1715,1555,1323
3290,33239289,5.3989818,1905,1738,1435,1706,1568,1326
3291,33249289,5.3997484,1911,1742,1443,1709,1585,1328
3292,33259289,5.4006711,1904,1739,1446,1709,1570,1323
3293,33269289,5.4017148,1904,1738,1441,1699,1585,1330
3294,33279289,5.4023305,1904,1728,1434,1705,1560,1340
3295,33289289,5.4029844,1875,1719,1441,1694,1558,1323
3296,33299289,5.4035197,1893,1722,1454,1704,1553,1324
3297,33309288,5.4040592,1894,1734,1441,1700,1560,1316
3298,33319289,5.4045661,1892,1717,1437,1718,1553,1319
3299,33329289,5.4050718,1903,1722,1439,1701,1557,1329
3300,33339289,5.4056337,1906,1725,1443,1705,1560,1324
3301,33349289,5.4061367,1904,1732,1444,1707,1565,1328
3302,33359289,5.4067456,1907,1729,1453,1704,1571,1332
3303,33369289,5.4072692,1895,1738,1440,1702,1568,1323
3304,33379289,5.4078268,1904,1744,1456,1703,1574,1332
3305,33389288,5.4084187,1904,1743,1446,1703,1573,1324
3306,33399289,5.4091491,1895,1753,1452,1704,1577,1330
3307,33409289,5.4099434,1901,1750,1443,1703,1578,1324
3308,33419289,5.4106496,1904,1744,1453,1696,1574,1328
3309,33429288,5.4111568,1902,1727,1449,1704,1558,1340
3310,33439289,5.4116397,1904,1723,1456,1709,1557,1327
3311,33449289,5.4121235,1910,1721,1438,1703,1558,1323
3312,33459289,5.4127189,1901,1725,1457,1705,1559,1325
3313,33469289,5.4132109,1899,1745,1447,1716,1573,1337
3314,33479289,5.4136862,1892,1744,1445,1705,1574,1328
3315,33489289,5.4141563,1899,1753,1440,1705,1582,1332
3316,33499289,5.414645,1909,1735,1446,1704,1575,1323
3317,33509289,5.4151289,1895,1744,1447,1699,1571,1328
3318,33519289,5.416176,1899,1742,1449,1700,1572,1335
3319,33529290,5.4170065,1904,1725,1439,1698,1561,1327
3320,33539289,5.4177084,1904,1719,1441,1707,1549,1325
3321,33549289,5.418465,1905,1718,1429,1705,1547,1322
3322,33559288,5.4193643,1902,1694,1441,1713,1537,1316
3323,33569289,5.4200984,1914,1685,1434,1715,1533,1319
3324,33579289,5.4208453,1918,1688,1441,1713,1533,1312
3325,33589289,5.4216815,1904,1714,1438,1713,1549,1328
3326,33599289,5.4224499,1915,1733,1441,1708,1572,1329
3327,33609288,5.4230379,1895,1754,1446,1704,1588,1334
3328,33619289,5.4235431,1904,1745,1445,1705,1570,1326
3329,33629289,5.4240134,1893,1728,1457,1702,1566,1351
3330,33639289,5.4244855,1891,1735,1439,1704,1570,1323
3331,33649289,5.4249552,1872,1728,1442,1716,1560,1332
3332,33659289,5.4254589,1899,1731,1437,1698,1564,1323
3333,33669289,5.4260313,1904,1727,1439,1705,1558,1320
3334,33679289,5.4265886,1904,1719,1450,1709,1558,1332
3335,33689289,5.4272656,1909,1734,1442,1707,1562,1330
3336,33699289,5.4279159,1913,1733,1450,1713,1566,1331
3337,33709289,5.4285591,1903,1731,1450,1705,1570,1330
3338,33719289,5.4292258,1903,1735,1447,1701,1563,1324
3339,33729289,5.4299553,1902,1745,1437,1702,1574,1325
3340,33739289,5.4306187,1903,1743,1449,1704,1574,1329
3341,33749289,5.4318385,1903,1744,1449,1702,1583,1328
3342,33759289,5.4328057,1896,1749,1437,1699,1574,1310
3343,33769289,5.4340938,1904,1744,1449,1700,1565,1329
3344,33779289,5.4355172,1904,1729,1437,1705,1560,1329
3345,33789288,5.4366865,1903,1719,1430,1695,1555,1330
3346,33799289,5.4379122,1899,1719,1441,1702,1558,1323
3347,33809288,5.4388302,1907,1728,1445,1705,1557,1326
3348,33819289,5.4397693,1903,1746,1454,1706,1572,1331
3349,33829289,5.4405693,1901,1744,1451,1699,1573,1325
3350,33839289,5.4413821,1904,1734,1443,1697,1574,1326
3351,33849289,5.4422313,1905,1730,1440,1700,1570,1332
3352,33859289,5.4429925,1898,1730,1415,1704,1562,1328
3353,33869289,5.4437635,1904,1727,1443,1705,1553,1324
3354,33879289,5.4446239,1908,1712,1441,1703,1550,1328
3355,33889288,5.4455938,1904,1711,1441,1707,1548,1325
3356,33899289,5.4465785,1900,1708,1437,1704,1539,1319
3357,33909288,5.4482576,1906,1703,1433,1713,1539,1323
3358,33919289,5.4490878,1915,1706,1438,1714,1552,1320
3359,33929288,5.4496171,1911,1727,1437,1708,1560,1332
3360,33939289,5.4501587,1891,1744,1443,1704,1575,1327
3361,33949289,5.4508201,1905,1745,1445,1705,1570,1323
3362,33959289,5.4513468,1898,1727,1455,1706,1562,1329
3363,33969289,5.4518541,1898,1723,1446,1700,1557,1319
3364,33979289,5.4524222,1897,1729,1445,1707,1553,1325
3365,33989288,5.4531068,1898,1725,1442,1697,1562,1333
3366,33999289,5.4537849,1904,1729,1442,1704,1561,1327
3367,34009289,5.4544735,1895,1704,1441,1705,1558,1322
3368,34019288,5.4553176,1903,1738,1446,1703,1558,1322
3369,34029289,5.4563179,1906,1745,1438,1705,1562,1314
3370,34039289,5.4573387,1904,1734,1450,1708,1566,1326
3371,34049289,5.4582585,1904,1738,1442,1704,1575,1328
3372,34059289,5.4591091,1904,1734,1436,1703,1585,1328
3373,34069289,5.4599736,1898,1744,1445,1703,1574,1328
3374,34079289,5.4609467,1899,1750,1442,1705,1578,1332
3375,34089289,5.4620477,1905,1754,1452,1703,1582,1328
3376,34099288,5.4634229,1902,1751,1454,1706,1576,1323
3377,34109289,5.4645437,1903,1743,1455,1705,1579,1330
3378,34119289,5.4654145,1904,1731,1451,1705,1569,1337
3379,34129288,5.4662279,1896,1729,1453,1705,1556,1323
3380,34139289,5.467158,1904,1719,1445,1709,1555,1322
3381,34149288,5.4679824,1904,1717,1443,1708,1551,1326
3382,34159289,5.4688267,1899,1719,1447,1704,1560,1329
3383,34169289,5.4698131,1901,1734,1439,1708,1559,1328
3384,34179288,5.4706493,1904,1744,1447,1700,1574,1316
3385,34189289,5.4715061,1901,1744,1449,1704,1572,1326
3386,34199289,5.4724676,1906,1743,1450,1709,1569,1327
3387,34209289,5.4734304,1904,1739,1453,1705,1570,1325
3388,34219288,5.4746038,1908,1728,1436,1703,1563,1330
3389,34229289,5.4756607,1902,1730,1444,1697,1568,1329
3390,34239289,5.4764538,1901,1750,1447,1704,1574,1336
3391,34249289,5.4771585,1900,1753,1450,1699,1575,1314
3392,34259289,5.4784514,1899,1751,1454,1699,1588,1332
3393,34269289,5.4793421,1895,1761,1456,1700,1588,1332
3394,34279289,5.4801793,1892,1773,1456,1696,1596,1335
3395,34289289,5.4810018,1889,1771,1452,1695,1602,1328
3396,34299289,5.4818404,1869,1771,1455,1703,1599,1332
3397,34309289,5.4828115,1903,1765,1451,1693,1600,1333
3398,34319288,5.4839083,1891,1767,1451,1698,1579,1327
3399,34329288,5.4847742,1904,1737,1440,1701,1574,1323
3400,34339289,5.4857154,1915,1674,1427,1709,1517,1314
3401,34349289,5.486649,1902,1677,1426,1712,1521,1317
3402,34359289,5.4876667,1913,1702,1410,1709,1540,1311
3403,34369289,5.4886168,1911,1719,1438,1718,1560,1322
3404,34379289,5.4895604,1909,1719,1445,1712,1560,1335
3405,34389289,5.4905016,1898,1722,1437,1703,1552,1310
3406,34399289,5.4913094,1918,1703,1445,1704,1548,1330
3407,34409289,5.4921626,1895,1697,1425,1715,1530,1327
3408,34419289,5.4929729,1914,1706,1431,1710,1539,1306
3409,34429289,5.4940288,1926,1712,1456,1727,1551,1336
3410,34439289,5.4950163,1907,1692,1437,1713,1534,1337
3411,34449288,5.4959282,1919,1683,1438,1705,1533,1312
3412,34459289,5.4968933,1919,1695,1410,1715,1540,1321
3413,34469289,5.497832,1909,1727,1447,1708,1549,1328
3414,34479289,5.4986317,1907,1772,1456,1707,1575,1330
3415,34489289,5.4994759,1885,1767,1456,1700,1595,1325
3416,34499289,5.5003833,1894,1757,1442,1706,1580,1337
3417,34509289,5.5013187,1894,1745,1441,1696,1574,1328
3418,34519289,5.502234,1894,1733,1438,1695,1565,1328
3419,34529289,5.5029443,1907,1714,1435,1705,1547,1326
3420,34539289,5.5037033,1918,1711,1441,1718,1545,1322
3421,34549289,5.5043998,1921,1714,1442,1718,1555,1322
3422,34559289,5.505102,1919,1730,1440,1718,1559,1319
3423,34569289,5.5058083,1915,1734,1459,1714,1557,1320
3424,34579289,5.5066837,1904,1727,1437,1701,1562,1314
3425,34589288,5.5074227,1901,1729,1444,1707,1562,1338
3426,34599289,5.5081249,1889,1742,1429,1690,1574,1313
3427,34609289,5.5088559,1877,1744,1455,1693,1584,1330
3428,34619289,5.5101945,1904,1754,1463,1698,1580,1324
3429,34629289,5.5111543,1938,1743,1447,1716,1573,1332
3430,34639289,5.512076,1911,1731,1445,1722,1569,1326
3431,34649288,5.5129357,1919,1734,1434,1710,1562,1321
3432,34659289,5.5140964,1907,1733,1441,1713,1563,1331
3433,34669289,5.515265,1899,1734,1453,1695,1575,1333
3434,34679289,5.5162529,1889,1731,1446,1701,1563,1323
3435,34689289,5.5174003,1889,1715,1445,1702,1550,1324
3436,34699288,5.5193328,1904,1719,1439,1708,1553,1320
3437,34709289,5.5204738,1903,1726,1444,1703,1558,1324
3438,34719288,5.5213303,1890,1741,1445,1709,1566,1332
3439,34729289,5.5221578,1929,1722,1440,1713,1572,1333
3440,34739289,5.5229828,1910,1747,1442,1707,1574,1327
3441,34749289,5.5238547,1907,1717,1439,1722,1566,1329
3442,34759289,5.5250882,1917,1727,1447,1705,1559,1319
3443,34769289,5.5260332,1905,1727,1440,1705,1553,1323
3444,34779289,5.5268941,1901,1723,1446,1702,1566,1323
3445,34789289,5.5278161,1890,1737,1438,1705,1569,1327
3446,34799289,5.5286012,1891,1746,1450,1695,1562,1328
3447,34809289,5.5292978,1889,1734,1443,1698,1560,1329
3448,34819289,5.5299959,1901,1728,1444,1705,1566,1328
3449,34829289,5.530845,1904,1718,1443,1701,1562,1328
3450,34839289,5.5317616,1911,1735,1442,1707,1560,1327
3451,34849289,5.5326878,1909,1744,1436,1710,1560,1327
3452,34859288,5.533861,1919,1728,1430,1709,1566,1332
3453,34869289,5.5350263,1906,1746,1446,1706,1565,1335
3454,34879289,5.5359891,1895,1730,1454,1714,1562,1315
3455,34889288,5.5370382,1899,1725,1438,1705,1553,1328
3456,34899289,5.5380106,1903,1724,1440,1708,1559,1322
3457,34909289,5.5388365,1903,1689,1439,1705,1542,1325
3458,34919289,5.5398046,1906,1706,1426,1706,1552,1322
3459,34929289,5.54058,1904,1712,1472,1705,1548,1324
3460,34939289,5.5417126,1895,1712,1433,1710,1556,1326
3461,34949289,5.5428897,1904,1714,1437,1711,1537,1325
3462,34959289,5.544223,1904,1713,1431,1708,1543,1323
3463,34969289,5.5458204,1907,1726,1437,1705,1552,1325
3464,34979289,5.5467742,1917,1718,1447,1706,1551,1324
3465,34989288,5.5476478,1907,1739,1441,1696,1558,1323
3466,34999289,5.5485181,1899,1715,1424,1708,1548,1320
3467,35009289,5.5494583,1904,1712,1437,1705,1560,1337
3468,35019289,5.5504123,1907,1744,1479,1703,1566,1337
3469,35029288,5.5513891,1894,1728,1407,1698,1549,1281
3470,35039289,5.5522761,1902,1687,1377,1704,1537,1311
3471,35049289,5.553078,1907,1719,1535,1719,1575,1435
3472,35059289,5.5539248,1936,1795,1555,1730,1629,1364
3473,35069289,5.5547252,1918,1810,1406,1677,1602,1263
3474,35079289,5.5555327,1858,1777,1351,1667,1578,1234
3475,35089289,5.5569154,1867,1744,1333,1697,1537,1235
3476,35099289,5.5579815,1931,1649,1386,1705,1492,1323
3477,35109289,5.558977,1858,1661,1535,1675,1571,1436
3478,35119289,5.559926,1853,1759,1598,1718,1631,1440
3479,35129288,5.5609624,1937,1845,1535,1753,1664,1371
3480,35139289,5.5621495,1911,1827,1414,1677,1612,1257
3481,35149289,5.5630716,1857,1776,1334,1679,1571,1233
3482,35159289,5.5646427,1874,1727,1335,1724,1519,1254
3483,35169289,5.5660312,1937,1646,1438,1708,1478,1333
3484,35179289,5.5670104,1867,1705,1535,1688,1575,1441
3485,35189289,5.5680459,1903,1811,1590,1733,1652,1402
3486,35199289,5.5690865,1920,1835,1452,1695,1623,1291
3487,35209289,5.5702393,1877,1712,1357,1688,1523,1268
3488,35219289,5.5714505,1883,1739,1534,1701,1598,1433
3489,35229289,5.5727788,1935,1821,1513,1718,1635,1337
3490,35239289,5.5737024,1883,1765,1353,1682,1556,1245
3491,35249289,5.5748654,1881,1712,1436,1694,1566,1346
3492,35259289,5.5756963,1904,1755,1492,1705,1588,1342
3493,35269289,5.5766516,1898,1721,1424,1699,1548,1311
3494,35279289,5.577619,1909,1713,1441,1705,1549,1337
3495,35289289,5.578983,1937,1710,1441,1705,1548,1313
3496,35299288,5.5803252,1895,1722,1434,1724,1556,1337
3497,35309288,5.5814702,1905,1733,1444,1711,1568,1322
3498,35319289,5.5824184,1909,1737,1440,1704,1553,1323
3499,35329289,5.5833657,1895,1747,1443,1704,1574,1315
3500,35339289,5.5841653,1900,1744,1441,1695,1574,1321
3501,35349289,5.5853652,1907,1728,1438,1700,1560,1329
3502,35359288,5.5868476,1910,1731,1435,1701,1560,1323
3503,35369289,5.5878036,1897,1717,1441,1704,1549,1323
3504,35379289,5.5891322,1904,1713,1422,1698,1551,1317
3505,35389288,5.5902361,1906,1715,1443,1707,1558,1330
3506,35399289,5.5910545,1914,1738,1445,1704,1562,1324
3507,35409289,5.5921374,1904,1744,1438,1705,1575,1319
3508,35419289,5.5930922,1901,1734,1441,1693,1571,1334
3509,35429289,5.5940777,1899,1742,1435,1704,1574,1327
3510,35439289,5.595547,1897,1727,1424,1705,1561,1355
3511,35449289,5.5964987,1903,1723,1443,1701,1548,1322
3512,35459288,5.5973977,1898,1712,1437,1698,1553,1324
3513,35469289,5.5984137,1904,1721,1471,1705,1550,1328
3514,35479289,5.5995221,1902,1727,1440,1705,1561,1320
3515,35489289,5.6007362,1904,1732,1450,1704,1568,1325
3516,35499289,5.6020948,1904,1741,1445,1705,1571,1337
3517,35509289,5.6042092,1904,1742,1451,1705,1569,1323
3518,35519289,5.605592,1918,1731,1447,1705,1561,1323
3519,35529289,5.6066022,1904,1728,1434,1704,1563,1309
3520,35539289,5.6076023,1904,1721,1438,1704,1559,1329
3521,35549289,5.6083795,1902,1722,1445,1708,1556,1326
3522,35559289,5.6091456,1903,1726,1439,1702,1556,1317
3523,35569289,5.6099776,1893,1735,1430,1704,1565,1337
3524,35579289,5.6107536,1902,1739,1436,1705,1561,1327
3525,35589289,5.6116506,1904,1738,1443,1705,1561,1320
3526,35599289,5.6126525,1907,1742,1445,1706,1569,1328
3527,35609289,5.6134672,1907,1733,1434,1686,1563,1325
3528,35619290,5.6143006,1913,1729,1443,1708,1564,1316
3529,35629289,5.6151929,1905,1729,1440,1704,1557,1324
3530,35639289,5.6159697,1904,1727,1441,1704,1548,1322
3531,35649289,5.6168637,1894,1729,1438,1708,1562,1323
3532,35659289,5.6179455,1904,1729,1443,1703,1563,1328
3533,35669289,5.619241,1893,1738,1443,1705,1550,1323
3534,35679289,5.6212771,1904,1737,1441,1706,1575,1325
3535,35689289,5.6225333,1902,1739,1439,1708,1562,1323
3536,35699289,5.6234464,1904,1729,1439,1704,1562,1329
3537,35709289,5.6245962,1904,1726,1440,1708,1563,1323
3538,35719289,5.6257488,1902,1729,1435,1706,1561,1328
3539,35729289,5.6268846,1903,1728,1446,1697,1560,1330
3540,35739289,5.6280066,1894,1728,1442,1714,1559,1326
3541,35749288,5.6290246,1904,1734,1457,1702,1566,1309
3542,35759289,5.6301102,1893,1733,1438,1696,1572,1328
3543,35769289,5.6310644,1913,1741,1439,1710,1566,1328
3544,35779289,5.6323873,1904,1738,1441,1705,1560,1327
3545,35789289,5.6334026,1909,1731,1443,1717,1559,1322
3546,35799288,5.6346494,1909,1725,1439,1705,1557,1326
3547,35809289,5.6356278,1903,1733,1461,1705,1570,1324
3548,35819289,5.637263,1901,1723,1442,1701,1557,1325
3549,35829289,5.6387175,1904,1723,1450,1705,1565,1322
3550,35839289,5.6401949,1903,1735,1435,1696,1568,1326
3551,35849289,5.641471,1888,1739,1444,1709,1568,1332
3552,35859289,5.6427916,1900,1732,1440,1707,1562,1329
3553,35869289,5.6441972,1907,1729,1447,1705,1568,1327
3554,35879288,5.6455403,1903,1728,1438,1704,1561,1324
3555,35889289,5.6469078,1902,1729,1425,1705,1566,1327
3556,35899289,5.6481911,1908,1731,1442,1706,1566,1319
3557,35909289,5.6494363,1900,1735,1443,1705,1559,1330
3558,35919289,5.6506165,1906,1739,1454,1707,1569,1324
3559,35929289,5.6520742,1895,1737,1445,1709,1569,1323
3560,35939289,5.6534405,1899,1744,1440,1705,1572,1319
3561,35949289,5.6548253,1901,1729,1456,1704,1559,1329
3562,35959289,5.6559922,1907,1728,1439,1705,1569,1328
3563,35969289,5.6571908,1902,1727,1445,1706,1573,1323
3564,35979289,5.6586662,1903,1732,1445,1706,1559,1329
3565,35989289,5.6600812,1911,1730,1439,1695,1561,1335
3566,35999288,5.6614407,1908,1731,1440,1710,1563,1330
3567,36009289,5.6627715,1904,1727,1439,1698,1565,1332
3568,36019289,5.6643522,1906,1744,1442,1705,1562,1325
3569,36029288,5.6657958,1899,1743,1442,1701,1560,1325
3570,36039289,5.667336,1906,1728,1446,1704,1568,1322
3571,36049289,5.6689551,1904,1728,1446,1705,1562,1332
3572,36059289,5.6706226,1904,1724,1439,1707,1564,1328
3573,36069289,5.6717383,1905,1729,1440,1716,1559,1331
3574,36079289,5.6731983,1904,1733,1449,1706,1566,1327
3575,36089289,5.6745759,1904,1722,1439,1704,1561,1328
3576,36099288,5.6819394,1902,1735,1446,1705,1562,1322
3577,36109289,5.6847904,1902,1727,1437,1705,1563,1321
3578,36119289,5.6887136,1905,1731,1444,1707,1569,1317
3579,36129289,5.6911614,1905,1737,1449,1706,1562,1326
3580,36139289,5.6960972,1905,1729,1439,1711,1560,1337
3581,36149289,5.6977584,1898,1730,1440,1704,1569,1302
3582,36159289,5.6993784,1898,1731,1427,1713,1568,1323
3583,36169289,5.7007527,1904,1733,1449,1705,1568,1326
3584,36179289,5.7023034,1890,1723,1456,1708,1566,1330
3585,36189289,5.7038645,1901,1732,1440,1701,1564,1325
3586,36199288,5.7052567,1903,1739,1441,1707,1568,1328
3587,36209289,5.7073038,1903,1728,1443,1705,1565,1330
3588,36219289,5.7091298,1904,1733,1445,1706,1557,1333
3589,36229289,5.7106628,1906,1727,1443,1705,1562,1325
3590,36239289,5.7123875,1904,1730,1442,1703,1561,1328
3591,36249288,5.7151393,1899,1712,1453,1704,1561,1323
3592,36259289,5.7165179,1901,1725,1445,1705,1563,1324
3593,36269289,5.7178551,1902,1728,1438,1704,1566,1329
3594,36279289,5.71945,1911,1729,1448,1708,1571,1323
3595,36289289,5.7217123,1903,1738,1440,1710,1568,1329
3596,36299288,5.7235773,1904,1717,1448,1706,1561,1332
3597,36309289,5.726201,1904,1728,1455,1703,1562,1340
3598,36319288,5.728105,1857,1701,1349,1679,1542,1270
3599,36329289,5.729238,1882,1730,1511,1679,1561,1392
3600,36339289,5.7305825,1910,1749,1456,1718,1575,1333
3601,36349288,5.731791,1893,1722,1411,1699,1560,1303
3602,36359289,5.7328385,1883,1764,1486,1698,1569,1345
3603,36369289,5.7339427,1888,1713,1367,1689,1548,1264
3604,36379289,5.7351865,1918,1727,1477,1708,1553,1361
3605,36389289,5.7365671,1905,1723,1426,1720,1565,1309
3606,36399289,5.737986,1904,1725,1444,1705,1557,1323
3607,36409289,5.7392733,1897,1743,1443,1676,1568,1330
3608,36419289,5.7401796,1901,1722,1419,1699,1561,1310
3609,36429289,5.7410594,1905,1735,1461,1704,1552,1346
3610,36439289,5.7420028,1899,1735,1427,1702,1566,1319
3611,36449288,5.743339,1894,1724,1453,1705,1561,1337
3612,36459289,5.744253,1902,1721,1437,1705,1556,1311
3613,36469289,5.7452668,1903,1730,1445,1706,1566,1323
3614,36479289,5.7463822,1904,1730,1441,1706,1565,1327
3615,36489289,5.7471609,1904,1735,1443,1692,1562,1330
3616,36499289,5.7480992,1901,1742,1437,1705,1558,1328
3617,36509289,5.749224,1904,1727,1433,1711,1558,1316
3618,36519288,5.750349,1905,1729,1439,1705,1566,1324
3619,36529288,5.7512482,1900,1734,1441,1699,1566,1329
3620,36539289,5.7523327,1894,1734,1455,1701,1568,1336
3621,36549289,5.75321,1903,1725,1436,1704,1560,1323
3622,36559289,5.7541059,1909,1733,1451,1704,1560,1332
3623,36569289,5.7550061,1910,1717,1438,1704,1548,1315
3624,36579288,5.7559125,1904,1727,1447,1711,1561,1337
3625,36589289,5.7567383,1904,1731,1437,1705,1562,1327
3626,36599289,5.7575506,1901,1741,1449,1704,1568,1335
3627,36609289,5.7590064,1894,1747,1447,1704,1568,1336
3628,36619289,5.7601283,1902,1722,1438,1698,1557,1319
3629,36629289,5.7610161,1904,1733,1442,1705,1560,1327
3630,36639289,5.7617388,1899,1724,1464,1698,1555,1317
3631,36649289,5.7624978,1866,1708,1398,1679,1546,1296
3632,36659289,5.7632081,1904,1727,1438,1690,1562,1320
3633,36669289,5.7639528,1911,1745,1460,1716,1574,1342
3634,36679289,5.7647052,1899,1744,1427,1704,1574,1309
3635,36689289,5.7654839,1863,1748,1455,1688,1574,1338
3636,36699289,5.7663823,1889,1729,1435,1680,1566,1320
3637,36709289,5.7671533,1904,1731,1429,1705,1557,1319
3638,36719289,5.7678063,1904,1744,1473,1716,1570,1352
3639,36729289,5.7684388,1890,1725,1403,1698,1565,1296
3640,36739289,5.7693279,1901,1723,1455,1694,1557,1336
3641,36749289,5.7701349,1904,1727,1430,1705,1558,1319
3642,36759289,5.7709175,1893,1727,1437,1705,1549,1314
3643,36769289,5.7719952,1920,1735,1465,1707,1571,1340
3644,36779289,5.7731677,1899,1728,1421,1705,1557,1306
3645,36789289,5.7746666,1915,1731,1458,1710,1562,1339
3646,36799289,5.7755427,1903,1725,1424,1709,1574,1311
3647,36809289,5.7764103,1922,1723,1454,1722,1564,1332
3648,36819289,5.7773052,1893,1735,1431,1690,1571,1326
3649,36829289,5.7781716,1897,1721,1443,1703,1562,1338
3650,36839289,5.7789183,1904,1726,1451,1705,1569,1333
3651,36849289,5.7796508,1901,1725,1424,1697,1569,1310
3652,36859289,5.7803328,1904,1730,1457,1705,1565,1337
3653,36869289,5.7808869,1902,1741,1439,1704,1568,1323
3654,36879289,5.7814426,1913,1731,1456,1703,1563,1337
3655,36889289,5.7820394,1904,1731,1435,1706,1551,1304
3656,36899289,5.7829542,1904,1717,1439,1705,1553,1323
3657,36909289,5.783847,1904,1716,1445,1705,1557,1325
3658,36919289,5.7845753,1914,1729,1437,1704,1563,1320
3659,36929289,5.7854603,1895,1727,1449,1703,1563,1332
3660,36939289,5.7866567,1855,1696,1429,1674,1536,1317
3661,36949289,5.7877463,1887,1745,1457,1684,1566,1355
3662,36959289,5.7884808,1895,1739,1409,1713,1576,1310
3663,36969289,5.7894695,1906,1741,1470,1716,1575,1359
3664,36979289,5.7909758,1861,1746,1456,1686,1566,1333
3665,36989289,5.7931268,1897,1722,1428,1695,1560,1314
3666,36999288,5.794773,1901,1729,1421,1707,1560,1311
3667,37009289,5.7961832,1904,1742,1495,1713,1570,1369
3668,37019289,5.7974168,1893,1731,1394,1698,1559,1287
3669,37029288,5.7986863,1901,1723,1461,1703,1562,1342
3670,37039289,5.8000122,1925,1722,1439,1706,1559,1316
3671,37049289,5.8011683,1904,1715,1434,1704,1559,1312
3672,37059289,5.8022883,1904,1742,1485,1696,1571,1355
3673,37069289,5.8036169,1892,1729,1397,1703,1553,1289
3674,37079289,5.8049273,1918,1727,1472,1708,1562,1351
3675,37089289,5.8065105,1919,1726,1424,1698,1565,1303
3676,37099289,5.8078544,1907,1728,1467,1706,1557,1337
3677,37109288,5.8088396,1894,1741,1437,1704,1574,1323
3678,37119289,5.8096458,1911,1734,1439,1708,1562,1322
3679,37129288,5.8105208,1914,1738,1450,1704,1579,1335
3680,37139289,5.8114217,1916,1723,1422,1706,1561,1309
3681,37149289,5.8125299,1908,1725,1458,1723,1563,1341
3682,37159288,5.8137799,1910,1731,1419,1695,1558,1312
3683,37169288,5.8149389,1909,1719,1462,1704,1564,1338
3684,37179288,5.8160209,1905,1735,1433,1713,1559,1311
3685,37189289,5.8171354,1904,1734,1431,1721,1560,1327
3686,37199289,5.8179874,1901,1746,1573,1718,1571,1402
3687,37209288,5.8187977,1846,1725,1398,1653,1566,1299
3688,37219289,5.8198913,1899,1744,1557,1706,1575,1402
3689,37229288,5.8211232,1921,1733,1366,1716,1559,1254
3690,37239289,5.8230918,1929,1723,1455,1730,1550,1340
3691,37249289,5.8242759,1904,1721,1436,1705,1553,1311
3692,37259289,5.8252267,1882,1731,1411,1688,1548,1304
3693,37269289,5.8263984,1909,1727,1488,1698,1575,1364
3694,37279289,5.8274259,1901,1714,1383,1698,1561,1280
3695,37289288,5.8282486,1911,1726,1490,1715,1566,1378
3696,37299289,5.8290783,1892,1725,1378,1695,1562,1277
3697,37309288,5.8299606,1909,1743,1493,1714,1566,1364
3698,37319289,5.8309405,1904,1740,1424,1702,1563,1305
3699,37329289,5.8319893,1901,1727,1429,1706,1559,1336
3700,37339288,5.8328857,1906,1737,1456,1705,1571,1337
3701,37349289,5.833904,1889,1727,1393,1704,1557,1299
3702,37359289,5.8348959,1904,1734,1487,1710,1572,1364
3703,37369289,5.8358091,1887,1722,1401,1698,1557,1293
3704,37379289,5.8366106,1908,1729,1474,1705,1566,1369
3705,37389289,5.8384412,1899,1733,1407,1704,1562,1313
3706,37399289,5.8396739,1919,1726,1451,1711,1564,1332
3707,37409289,5.8410261,1901,1739,1448,1696,1573,1322
3708,37419289,5.8423275,1894,1730,1430,1691,1560,1322
3709,37429289,5.8435775,1921,1738,1474,1709,1568,1330
3710,37439289,5.8446607,1901,1725,1413,1699,1561,1304
3711,37449289,5.8456201,1915,1731,1308,1693,1549,1200
3712,37459288,5.8465793,1970,1734,1489,1759,1560,1368
3713,37469288,5.8476429,1929,1712,1415,1718,1540,1309
3714,37479289,5.8486801,1906,1722,1389,1703,1553,1285
3715,37489289,5.8497101,1882,1744,1389,1681,1566,1286
3716,37499288,5.8507551,1925,1744,1530,1715,1573,1390
3717,37509289,5.8525985,1891,1732,1344,1704,1557,1245
3718,37519288,5.8539765,1903,1749,1533,1704,1579,1399
3719,37529289,5.8552446,1892,1733,1414,1696,1574,1293
3720,37539289,5.8564538,1903,1722,1437,1703,1553,1329
3721,37549289,5.8576433,1914,1745,1472,1732,1574,1337
3722,37559289,5.8588772,1899,1717,1382,1696,1552,1277
3723,37569289,5.8599603,1910,1735,1509,1710,1569,1378
3724,37579289,5.8609866,1888,1724,1379,1690,1558,1276
3725,37589289,5.8620622,1909,1735,1489,1716,1561,1366
3726,37599289,5.86295,1895,1726,1410,1706,1559,1297
3727,37609289,5.8640451,1902,1719,1479,1707,1561,1342
3728,37619290,5.8651486,1904,1744,1451,1705,1571,1322
3729,37629288,5.8661876,1886,1739,1430,1696,1562,1314
3730,37639289,5.8672299,1909,1741,1476,1710,1561,1361
3731,37649288,5.8687198,1891,1719,1401,1694,1556,1296
3732,37659289,5.8698311,1902,1738,1471,1708,1558,1361
3733,37669289,5.8707814,1904,1733,1402,1700,1563,1302
3734,37679289,5.8717878,1904,1741,1467,1704,1566,1346
3735,37689289,5.8726338,1897,1733,1437,1703,1571,1323
3736,37699289,5.8734164,1899,1726,1445,1711,1560,1337
3737,37709289,5.8741553,1905,1755,1655,1731,1586,1508
3738,37719289,5.8749787,1842,1715,1303,1658,1540,1214
3739,37729288,5.875853,1911,1729,1589,1708,1563,1442
3740,37739289,5.8767051,1914,1754,1411,1720,1574,1290
3741,37749289,5.8776879,1904,1712,1424,1690,1548,1319
3742,37759289,5.878675,1909,1733,1502,1703,1566,1346
3743,37769289,5.8794087,1890,1719,1402,1705,1564,1296
3744,37779289,5.8800906,1918,1730,1520,1712,1574,1376
3745,37789289,5.8807526,1893,1718,1357,1698,1557,1245
3746,37799289,5.8815166,1915,1739,1518,1711,1566,1383
3747,37809289,5.8823652,1897,1722,1378,1699,1565,1268
3748,37819289,5.8834953,1904,1714,1483,1708,1557,1366
3749,37829289,5.884534,1904,1743,1453,1701,1569,1326
3750,37839289,5.8856836,1894,1722,1405,1703,1548,1305
3751,37849289,5.8868316,1913,1743,1485,1710,1569,1364
3752,37859289,5.8878013,1895,1730,1385,1691,1557,1273
3753,37869289,5.8887857,1916,1739,1482,1713,1570,1368
3754,37879289,5.8895932,1891,1731,1385,1686,1573,1282
3755,37889288,5.8904849,1905,1726,1482,1706,1565,1366
3756,37899288,5.8916241,1904,1725,1417,1706,1579,1303
3757,37909289,5.8924581,1903,1712,1434,1702,1555,1323
3758,37919288,5.8931978,1905,1737,1459,1709,1565,1337
3759,37929288,5.8941283,1891,1726,1418,1695,1560,1311
3760,37939289,5.8951407,1919,1737,1488,1714,1570,1360
3761,37949289,5.8962312,1899,1753,1411,1704,1560,1299
3762,37959288,5.897325,1899,1748,1292,1697,1565,1205
3763,37969289,5.8982979,1969,1703,1435,1757,1547,1349
3764,37979288,5.899819,1914,1715,1405,1710,1548,1299
3765,37989289,5.9008446,1918,1728,1429,1719,1560,1306
3766,37999288,5.9017057,1886,1713,1331,1690,1556,1248
3767,38009289,5.9024915,1931,1744,1557,1731,1591,1438
3768,38019288,5.9032502,1906,1734,1328,1704,1553,1228
3769,38029289,5.9038534,1900,1731,1518,1704,1572,1399
3770,38039288,5.904473,1897,1738,1424,1691,1566,1277
3771,38049289,5.9052393,1897,1717,1423,1697,1548,1313
3772,38059289,5.9060907,1916,1745,1503,1714,1574,1374
3773,38069288,5.9073376,1884,1727,1377,1686,1556,1271
3774,38079289,5.9084741,1907,1738,1530,1706,1570,1390
3775,38089288,5.9093961,1887,1727,1347,1694,1546,1260
3776,38099289,5.9102037,1906,1727,1498,1697,1571,1374
3777,38109289,5.9113255,1904,1731,1399,1708,1557,1290
3778,38119289,5.9122764,1904,1720,1454,1699,1559,1337
3779,38129289,5.9133696,1908,1746,1458,1705,1570,1338
3780,38139289,5.9145263,1894,1727,1420,1690,1553,1286
3781,38149289,5.915846,1914,1728,1488,1708,1566,1364
3782,38159289,5.9167917,1890,1714,1390,1695,1549,1279
3783,38169289,5.9175422,1915,1729,1502,1709,1547,1364
3784,38179288,5.9183827,1885,1734,1405,1697,1570,1303
3785,38189289,5.9197298,1897,1735,1471,1704,1562,1349
3786,38199289,5.920752,1901,1733,1424,1704,1559,1315
3787,38209288,5.9218424,1896,1719,1428,1706,1553,1313
3788,38219289,5.9229177,1891,1728,1665,1701,1572,1536
3789,38229289,5.9238918,1853,1777,1381,1657,1592,1264
3790,38239289,5.9251739,1904,1712,1437,1705,1548,1342
3791,38249288,5.9263542,1923,1779,1506,1715,1608,1364
3792,38259288,5.9272915,1854,1733,1429,1670,1557,1310
3793,38269289,5.9281491,1905,1741,1490,1705,1571,1372
3794,38279289,5.9292749,1875,1719,1389,1681,1560,1258
3795,38289289,5.9305107,1918,1734,1535,1718,1572,1402
3796,38299289,5.9317421,1886,1719,1339,1700,1559,1244
3797,38309288,5.9328523,1909,1730,1515,1711,1559,1387
3798,38319289,5.9339863,1897,1723,1392,1700,1562,1282
3799,38329289,5.9350133,1904,1712,1442,1701,1549,1335
3800,38339289,5.9362943,1919,1749,1482,1718,1566,1343
3801,38349289,5.9373845,1891,1717,1383,1698,1553,1283
3802,38359289,5.9381441,1925,1738,1513,1727,1562,1372
3803,38369289,5.9388868,1890,1728,1382,1701,1564,1271
3804,38379289,5.9396569,1904,1735,1501,1703,1566,1368
3805,38389289,5.9403405,1890,1734,1416,1690,1569,1298
3806,38399289,5.941014,1906,1728,1456,1703,1578,1337
3807,38409289,5.9417003,1911,1735,1446,1705,1561,1324
3808,38419289,5.9425521,1891,1718,1414,1701,1556,1309
3809,38429289,5.9432918,1910,1731,1475,1705,1570,1354
3810,38439289,5.943869,1883,1728,1406,1684,1570,1292
3811,38449289,5.9444433,1913,1744,1488,1713,1574,1364
3812,38459289,5.9450532,1903,1727,1399,1710,1564,1286
3813,38469289,5.9460754,1911,1719,1459,1706,1557,1337
3814,38479288,5.9474739,1903,1728,1426,1690,1558,1314
3815,38489289,5.9488622,1887,1727,1447,1701,1560,1328
3816,38499289,5.9500512,1895,1733,1459,1709,1563,1332
3817,38509289,5.9514328,1896,1730,1414,1700,1560,1309
3818,38519289,5.9530204,1907,1732,1479,1706,1560,1349
3819,38529289,5.9541737,1904,1723,1413,1698,1559,1304
3820,38539289,5.9552718,1910,1735,1470,1707,1573,1351
3821,38549289,5.9566748,1904,1744,1425,1703,1567,1309
3822,38559289,5.9578292,1906,1738,1465,1706,1566,1338
3823,38569289,5.9588095,1907,1730,1437,1708,1576,1326
3824,38579289,5.9598949,1903,1725,1435,1703,1562,1323
3825,38589289,5.9610895,1903,1728,1459,1704,1563,1337
3826,38599289,5.9626951,1895,1719,1425,1695,1556,1311
3827,38609289,5.9648087,1902,1732,1467,1699,1563,1346
3828,38619289,5.9659251,1904,1728,1424,1706,1562,1311
3829,38629289,5.9675231,1917,1728,1459,1699,1565,1337
3830,38639289,5.9688054,1894,1734,1436,1705,1562,1314
3831,38649289,5.9700325,1904,1714,1444,1706,1560,1328
3832,38659289,5.9732896,1907,1734,1443,1705,1568,1327
3833,38669289,5.9774061,1899,1723,1427,1705,1536,1319
3834,38679289,5.9806661,1905,1742,1458,1710,1563,1333
3835,38689289,5.9822696,1883,1730,1429,1697,1565,1313
3836,38699289,5.9836209,1902,1729,1459,1705,1563,1346
3837,38709289,5.984936,1906,1733,1426,1700,1557,1315
3838,38719289,5.9862932,1889,1727,1456,1706,1563,1334
3839,38729288,5.9876384,1899,1737,1442,1701,1561,1298
3840,38739288,5.9888295,1903,1729,1439,1704,1557,1324
3841,38749289,5.989806,1904,1728,1447,1704,1565,1329
3842,38759289,5.9907772,1904,1721,1441,1704,1552,1320
3843,38769289,5.9917397,1906,1723,1456,1700,1568,1336
3844,38779289,5.992985,1901,1729,1430,1706,1562,1321
3845,38789289,5.994521,1899,1741,1458,1704,1562,1332
3846,38799289,5.9956273,1903,1731,1439,1695,1566,1317
3847,38809289,5.9966608,1899,1734,1448,1707,1560,1325
3848,38819289,5.997742,1904,1722,1442,1705,1565,1325
3849,38829289,5.9985925,1902,1724,1438,1704,1562,1323
3850,38839289,5.9995033,1904,1729,1450,1703,1560,1330
3851,38849288,6.0009322,1905,1723,1439,1707,1565,1320
3852,38859289,6.0019118,1905,1726,1454,1705,1560,1326
3853,38869288,6.0027913,1899,1731,1434,1708,1570,1322
3854,38879288,6.0035523,1897,1733,1449,1707,1566,1330
3855,38889289,6.0046712,1904,1737,1424,1704,1548,1328
3856,38899289,6.0056764,1900,1729,1438,1701,1565,1329
3857,38909289,6.0066082,1907,1731,1445,1705,1560,1342
3858,38919289,6.0079669,1894,1726,1433,1700,1562,1324
3859,38929288,6.0096293,1904,1728,1446,1709,1565,1338
3860,38939289,6.0107158,1894,1729,1437,1697,1560,1312
3861,38949289,6.0116657,1904,1727,1447,1708,1562,1333
3862,38959289,6.0126179,1902,1738,1433,1705,1558,1336
3863,38969289,6.013487,1899,1731,1453,1704,1563,1325
3864,38979288,6.0145017,1902,1738,1435,1705,1565,1328
3865,38989288,6.015344,1902,1722,1443,1704,1559,1323
3866,38999289,6.0159929,1900,1729,1446,1706,1562,1328
3867,39009289,6.016811,1901,1730,1435,1700,1561,1319
3868,39019289,6.0175946,1883,1731,1447,1708,1564,1323
3869,39029289,6.0185003,1920,1734,1439,1704,1563,1317
3870,39039288,6.0196039,1904,1733,1444,1705,1561,1332
3871,39049289,6.0205453,1903,1733,1441,1704,1562,1321
3872,39059289,6.021407,1904,1725,1447,1711,1567,1322
3873,39069288,6.0222514,1904,1730,1447,1705,1565,1322
3874,39079289,6.0229571,1903,1718,1438,1705,1563,1323
3875,39089289,6.0236615,1905,1729,1440,1705,1563,1327
3876,39099289,6.0244456,1907,1739,1433,1704,1565,1325
3877,39109289,6.0258534,1904,1725,1444,1696,1560,1329
3878,39119289,6.0268328,1894,1719,1436,1701,1560,1326
3879,39129289,6.0276592,1909,1728,1445,1700,1561,1328
3880,39139289,6.0286078,1905,1729,1439,1704,1562,1319
3881,39149289,6.0293367,1904,1723,1444,1705,1560,1329
3882,39159289,6.0300419,1901,1729,1434,1727,1564,1324
3883,39169289,6.030705,1904,1731,1442,1705,1563,1320
3884,39179289,6.0315262,1907,1723,1443,1703,1560,1323
3885,39189289,6.0323957,1902,1728,1439,1704,1561,1346
3886,39199289,6.0330935,1894,1728,1429,1704,1565,1329
3887,39209289,6.0338262,1911,1731,1441,1689,1562,1319
3888,39219289,6.0347128,1903,1733,1447,1705,1560,1320
3889,39229289,6.0357798,1909,1735,1443,1703,1566,1332
3890,39239289,6.0367034,1908,1730,1446,1708,1563,1318
3891,39249289,6.0374747,1920,1738,1456,1708,1565,1329
3892,39259289,6.0382079,1890,1728,1447,1705,1561,1338
3893,39269289,6.0389861,1903,1707,1431,1705,1563,1330
3894,39279289,6.0400399,1898,1728,1443,1695,1565,1324
3895,39289288,6.0414915,1907,1731,1439,1705,1565,1327
3896,39299289,6.0424864,1901,1738,1447,1703,1562,1324
3897,39309289,6.0434315,1889,1717,1443,1706,1560,1324
3898,39319289,6.0442822,1904,1730,1441,1711,1571,1327
3899,39329289,6.0450773,1901,1741,1439,1685,1566,1326
3900,39339289,6.0459488,1907,1729,1443,1706,1557,1326
3901,39349288,6.0467757,1907,1730,1439,1705,1560,1325
3902,39359288,6.0476294,1904,1731,1440,1704,1564,1320
3903,39369288,6.0486414,1904,1727,1444,1705,1566,1332
3904,39379288,6.0494246,1904,1722,1431,1705,1565,1320
3905,39389289,6.0501265,1904,1731,1444,1705,1564,1325
3906,39399289,6.0508725,1898,1728,1438,1708,1562,1326
3907,39409289,6.0518814,1906,1740,1442,1700,1562,1331
3908,39419288,6.052826,1901,1727,1442,1704,1565,1325
3909,39429289,6.0536687,1907,1728,1446,1708,1570,1335
3910,39439289,6.0553534,1901,1728,1454,1705,1562,1330
3911,39449289,6.0564822,1899,1729,1439,1695,1559,1322
3912,39459289,6.0573315,1904,1733,1443,1705,1569,1330
3913,39469289,6.0580989,1906,1731,1447,1713,1564,1329
3914,39479289,6.0589962,1904,1734,1443,1706,1562,1323
3915,39489289,6.0599547,1903,1722,1438,1693,1559,1319
3916,39499289,6.060654,1866,1738,1446,1653,1570,1326
3917,39509289,6.0614632,1840,1774,1454,1653,1595,1340
3918,39519289,6.062578,1883,1774,1456,1690,1589,1324
3919,39529289,6.0633381,1947,1808,1510,1758,1629,1381
3920,39539289,6.0640957,1989,1687,1453,1775,1524,1333
3921,39549289,6.0647854,1819,1652,1415,1635,1503,1309
3922,39559289,6.0655909,1890,1712,1447,1686,1548,1335
3923,39569289,6.0665454,1901,1701,1440,1705,1540,1322
3924,39579289,6.0673446,1871,1699,1439,1677,1537,1322
3925,39589289,6.0681926,1878,1684,1430,1679,1530,1323
3926,39599288,6.0692782,1907,1703,1434,1708,1519,1320
3927,39609289,6.0702327,1929,1723,1441,1736,1553,1321
3928,39619289,6.0723005,1937,1739,1454,1730,1574,1337
3929,39629289,6.0732796,1946,1744,1441,1736,1562,1334
3930,39639289,6.074212,1968,1754,1447,1754,1582,1332
3931,39649288,6.0749215,1973,1771,1447,1765,1600,1339
3932,39659289,6.0757518,1961,1762,1451,1752,1588,1325
3933,39669289,6.0766095,1969,1744,1431,1758,1586,1327
3934,39679288,6.0774166,1971,1737,1454,1759,1572,1323
3935,39689288,6.0781289,1961,1766,1435,1759,1574,1322
3936,39699289,6.0789419,1970,1747,1441,1753,1569,1328
3937,39709289,6.0798589,1975,1719,1421,1761,1557,1309
3938,39719289,6.0806594,1981,1712,1405,1773,1546,1296
3939,39729289,6.0814842,1992,1712,1402,1777,1539,1294
3940,39739289,6.0823861,1998,1706,1394,1785,1553,1302
3941,39749289,6.08312,2046,1781,1485,1800,1611,1364
3942,39759289,6.0838998,2010,1777,1440,1785,1613,1324
3943,39769289,6.0846676,2009,1773,1442,1784,1599,1326
3944,39779289,6.0853618,2037,1748,1444,1819,1588,1337
3945,39789289,6.0869618,2084,1754,1450,1852,1589,1339
3946,39799289,6.0881595,2073,1747,1398,1849,1574,1296
3947,39809289,6.0892686,2065,1714,1378,1834,1534,1282
3948,39819289,6.0903609,2061,1685,1376,1837,1525,1268
3949,39829288,6.0914114,2032,1690,1355,1798,1522,1255
3950,39839289,6.0925307,2000,1677,1366,1764,1519,1258
3951,39849289,6.0934812,2154,1806,1741,1915,1626,1580
3952,39859289,6.0943895,1968,1759,1462,1684,1594,1351
3953,39869289,6.0954672,1907,1571,1288,1722,1442,1199
3954,39879289,6.0968472,1978,1679,1343,1771,1521,1246
3955,39889289,6.0980672,1957,1808,1506,1759,1626,1364
3956,39899289,6.0988304,1904,1762,1420,1705,1570,1303
3957,39909289,6.0995356,1981,1714,1439,1796,1573,1351
3958,39919289,6.1003592,1888,1826,1418,1699,1640,1310
3959,39929289,6.1013877,1915,1712,1407,1706,1538,1302
3960,39939289,6.1030444,1902,1733,1435,1706,1566,1313
3961,39949289,6.1042704,1907,1731,1456,1704,1559,1330
3962,39959289,6.1053908,1902,1735,1437,1703,1563,1312
3963,39969288,6.1063793,1905,1730,1451,1690,1564,1330
3964,39979289,6.1071536,1899,1731,1442,1705,1565,1317
3965,39989289,6.1079381,1902,1733,1433,1705,1552,1348
3966,39999289,6.1086707,1917,1745,1441,1716,1561,1322
3967,40009289,6.1093801,1904,1730,1439,1704,1560,1314
3968,40019289,6.1101553,1903,1735,1449,1704,1566,1321
3969,40029288,6.1108893,1903,1730,1438,1704,1553,1315
3970,40039289,6.1116584,1917,1729,1443,1711,1565,1326
3971,40049289,6.1123662,1904,1733,1441,1710,1564,1326
3972,40059289,6.1130834,1894,1730,1419,1709,1566,1328
3973,40069289,6.113903,1903,1729,1438,1707,1568,1318
3974,40079289,6.1147133,1901,1730,1440,1706,1563,1327
3975,40089289,6.1156188,1901,1728,1436,1705,1560,1327
3976,40099289,6.1164919,1903,1727,1442,1694,1562,1325
3977,40109289,6.1178739,1902,1726,1447,1704,1563,1336
3978,40119289,6.1191554,1905,1728,1435,1718,1563,1326
3979,40129289,6.1204409,1903,1733,1438,1705,1573,1328
3980,40139289,6.1214807,1904,1726,1439,1710,1560,1328
3981,40149289,6.1225812,1901,1733,1441,1705,1557,1337
3982,40159289,6.123684,1904,1726,1440,1705,1562,1321
3983,40169289,6.1244785,1904,1744,1446,1705,1574,1333
3984,40179289,6.1255308,1907,1728,1475,1708,1566,1325
3985,40189289,6.1265174,1937,1743,1438,1733,1573,1322
3986,40199289,6.1273414,1907,1776,1456,1705,1608,1347
3987,40209289,6.1280507,1861,1808,1466,1672,1631,1336
3988,40219289,6.1287024,1822,1872,1459,1638,1678,1346
3989,40229289,6.129381,1852,1886,1485,1667,1697,1364
3990,40239289,6.1300182,1862,1912,1745,1691,1682,1553
3991,40249289,6.1306081,2159,1260,1374,1901,1187,1260
3992,40259288,6.1313425,1841,1556,1303,1655,1427,1213
3993,40269289,6.1324538,1921,1703,1472,1731,1553,1369
3994,40279289,6.133725,1904,1674,1499,1705,1503,1376
3995,40289288,6.1344136,1918,1674,1507,1727,1517,1387
3996,40299289,6.1349811,1940,1714,1534,1727,1556,1402
3997,40309289,6.1355201,1923,1797,1521,1718,1612,1374
3998,40319289,6.1361934,1919,1806,1488,1721,1621,1367
3999,40329289,6.1368046,1904,1794,1451,1703,1612,1327
4000,40339289,6.1375283,1883,1785,1406,1688,1609,1314
4001,40349289,6.1382456,1849,1754,1386,1666,1584,1268
4002,40359289,6.1389767,1852,1727,1392,1654,1568,1259
4003,40369289,6.1398377,1827,1773,1387,1635,1600,1294
4004,40379289,6.1407225,1810,1773,1403,1626,1600,1291
4005,40389289,6.141486,1829,1760,1420,1649,1588,1297
4006,40399289,6.1421882,1847,1751,1426,1658,1588,1312
4007,40409289,6.1429438,1841,1728,1424,1655,1573,1311
4008,40419288,6.1436256,1841,1711,1418,1653,1544,1310
4009,40429289,6.1442743,1841,1710,1414,1649,1540,1306
4010,40439289,6.1449858,1843,1696,1418,1649,1530,1309
4011,40449289,6.1456926,1844,1712,1410,1658,1548,1311
4012,40459289,6.1463949,1844,1714,1443,1662,1540,1298
4013,40469288,6.1471652,1846,1695,1407,1659,1530,1296
4014,40479289,6.1478365,1869,1699,1407,1679,1546,1284
4015,40489289,6.1500829,1876,1718,1395,1684,1560,1287
4016,40499289,6.1517741,1887,1741,1391,1700,1571,1286
4017,40509289,6.1536174,1903,1757,1389,1704,1585,1285
4018,40519289,6.1550116,1887,1735,1389,1700,1589,1286
4019,40529289,6.1562407,1911,1766,1419,1709,1597,1300
4020,40539288,6.1574847,1775,1719,1264,1604,1559,1155
4021,40549288,6.1586205,1882,1952,1535,1731,1771,1449
4022,40559288,6.1598259,1923,1738,1332,1720,1572,1250
4023,40569289,6.161066,1926,1663,1281,1729,1506,1195
4024,40579289,6.1622774,2330,2267,1935,1915,2067,1737
4025,40589289,6.1634132,1744,1203,985,1567,1060,864
4026,40599289,6.1668142,1895,1721,1308,1705,1563,1198
4027,40609289,6.1680158,1941,1669,1458,1740,1513,1348
4028,40619289,6.170655,1949,1907,1566,1726,1786,1495
4029,40629288,6.172362,1873,1535,1317,1680,1422,1209
4030,40639289,6.1737112,1871,1603,1338,1667,1457,1245
4031,40649288,6.1749162,1874,2064,1632,1743,1911,1548
4032,40659289,6.1762641,1931,1682,1424,1721,1521,1299
4033,40669289,6.177915,1904,1776,1458,1709,1594,1337
4034,40679288,6.179401,1905,1729,1439,1705,1559,1324
4035,40689289,6.1807457,1907,1728,1439,1701,1559,1328
4036,40699289,6.1823902,1914,1728,1441,1703,1573,1329
4037,40709289,6.183944,1897,1735,1425,1701,1561,1319
4038,40719288,6.1857679,1920,1744,1444,1705,1562,1326
4039,40729289,6.1877063,1904,1731,1440,1700,1562,1317
4040,40739289,6.189225,1894,1714,1449,1703,1561,1325
4041,40749288,6.1911512,1904,1729,1442,1705,1562,1326
4042,40759289,6.1926073,1904,1728,1440,1703,1562,1325
4043,40769289,6.1938049,1904,1727,1446,1707,1562,1333
4044,40779289,6.1952905,1900,1729,1441,1700,1560,1320
4045,40789289,6.1984317,1907,1790,1443,1704,1608,1327
4046,40799289,6.2007748,1930,1745,1443,1731,1574,1328
4047,40809289,6.2022733,1890,1623,1429,1695,1473,1319
4048,40819289,6.2035521,1899,1734,1449,1697,1559,1335
4049,40829289,6.2050485,1957,1722,1459,1746,1557,1337
4050,40839289,6.2082152,1870,1748,1447,1678,1574,1323
4051,40849289,6.2093927,1894,1745,1443,1703,1566,1339
4052,40859289,6.2110969,1872,1696,1491,1685,1539,1366
4053,40869289,6.2127807,1903,1662,1509,1704,1507,1384
4054,40879289,6.213967,1894,1639,1500,1694,1482,1373
4055,40889289,6.2149816,1881,1623,1483,1690,1476,1364
4056,40899289,6.2159313,1871,1638,1454,1687,1489,1342
4057,40909289,6.2172232,1895,1690,1446,1706,1526,1326
4058,40919289,6.2180599,1920,1746,1427,1717,1570,1323
4059,40929289,6.2190161,1920,1771,1425,1720,1596,1325
4060,40939289,6.2199606,1906,1767,1415,1714,1585,1309
4061,40949289,6.2206375,1907,1717,1407,1699,1558,1289
4062,40959289,6.2213138,1893,1709,1407,1695,1553,1289
4063,40969289,6.2222114,1887,1719,1409,1686,1557,1302
4064,40979289,6.2229749,1881,1719,1392,1690,1530,1283
4065,40989289,6.2236983,1866,1729,1392,1688,1560,1286
4066,40999289,6.2244714,1886,1728,1382,1686,1562,1276
4067,41009289,6.2253565,1882,1725,1382,1679,1558,1273
4068,41019289,6.2264508,1886,1713,1388,1664,1558,1284
4069,41029289,6.2278864,1872,1727,1402,1687,1553,1285
4070,41039288,6.2293941,1913,1746,1402,1707,1578,1300
4071,41049289,6.2309743,1934,1766,1408,1727,1590,1297
4072,41059288,6.2326101,1935,1766,1401,1740,1584,1290
4073,41069289,6.2343171,1861,1745,1305,1668,1573,1214
4074,41079288,6.2360818,1915,1790,1365,1713,1613,1268
4075,41089289,6.2376233,1916,1738,1307,1716,1560,1214
4076,41099289,6.2390152,1905,1695,1269,1704,1521,1186
4077,41109289,6.2400444,1899,1658,1259,1697,1507,1181
4078,41119289,6.2412499,1635,823,659,1443,759,653
4079,41129288,6.2426271,1975,1729,1858,1803,1665,1668
4080,41139288,6.2437429,1906,1372,1065,1679,1279,1010
4081,41149289,6.2444642,1987,1621,1260,1767,1468,1167
4082,41159289,6.2450737,1923,1697,1410,1678,1653,1385
4083,41169288,6.2457666,2119,1850,1626,1876,1661,1479
4084,41179289,6.2465398,1936,1808,1495,1706,1619,1354
4085,41189289,6.2473132,1946,1707,1391,1719,1540,1275
4086,41199289,6.2481728,1870,1707,1457,1672,1558,1337
4087,41209289,6.2490094,1937,1745,1511,1754,1600,1402
4088,41219289,6.24989,1901,1695,1401,1707,1530,1303
4089,41229288,6.2504922,1905,1731,1450,1710,1558,1323
4090,41239289,6.2510573,1889,1738,1439,1701,1563,1317
4091,41249289,6.2515486,1911,1731,1438,1705,1563,1322
4092,41259289,6.2522475,1893,1771,1427,1695,1585,1319
4093,41269289,6.2528105,1880,1809,1463,1687,1635,1343
4094,41279289,6.2533857,1888,1806,1456,1691,1618,1327
4095,41289289,6.2539304,1879,1840,1430,1690,1652,1342
4096,41299288,6.2544622,1937,1801,1456,1737,1616,1327
4097,41309289,6.2550084,2031,1535,1386,1796,1390,1284
4098,41319289,6.2555317,2057,1535,1346,1821,1402,1243
4099,41329289,6.2560985,1846,1522,1383,1663,1392,1276
4100,41339289,6.2566017,1888,1638,1422,1696,1484,1309
4101,41349289,6.2570402,1933,1675,1415,1724,1521,1310
4102,41359288,6.2577715,1902,1751,1455,1703,1582,1345
4103,41369289,6.2587391,1899,1774,1461,1708,1598,1337
4104,41379289,6.2596212,1937,1776,1441,1731,1600,1318
4105,41389289,6.2606003,1972,1773,1443,1759,1603,1325
4106,41399289,6.2614757,1979,1674,1409,1766,1513,1311
4107,41409289,6.2620837,2044,1701,1391,1819,1539,1275
4108,41419289,6.262774,2033,1936,1619,1810,1722,1452
4109,41429289,6.2636866,1943,1782,1429,1744,1603,1313
4110,41439289,6.2647801,1943,1755,1419,1747,1591,1311
4111,41449289,6.2654345,1987,1738,1431,1772,1571,1316
4112,41459289,6.2659676,1999,1739,1423,1785,1566,1312
4113,41469289,6.2665438,2027,1759,1435,1816,1583,1329
4114,41479289,6.2671833,2019,1779,1451,1805,1600,1327
4115,41489289,6.2676545,2021,1763,1426,1795,1586,1340
4116,41499289,6.2681663,2020,1739,1424,1797,1570,1313
4117,41509288,6.2687085,2025,1745,1421,1803,1585,1300
4118,41519290,6.2692141,2018,1773,1424,1801,1594,1310
4119,41529289,6.2697071,2021,1787,1415,1793,1611,1296
4120,41539289,6.270157,1956,1835,1408,1758,1647,1296
4121,41549288,6.2706173,1947,1829,1413,1745,1647,1285
4122,41559289,6.271173,2454,1520,1733,2165,1395,1548
4123,41569288,6.2717106,1891,1760,1433,1693,1587,1316
4124,41579289,6.2722283,1945,1761,1377,1747,1593,1282
4125,41589289,6.2727769,1999,1683,1365,1790,1530,1263
4126,41599289,6.2740642,2293,1625,1424,2034,1457,1307
4127,41609289,6.2756136,2176,1744,1426,1921,1571,1308
4128,41619289,6.2764517,2001,1737,1411,1784,1561,1312
4129,41629289,6.2769532,1387,1723,1356,1215,1458,1259
4130,41639288,6.2774191,1917,1818,1426,1788,1631,1303
4131,41649289,6.277885,2013,1703,1435,1722,1513,1322
4132,41659288,6.2784136,1985,1727,1402,1771,1562,1293
4133,41669289,6.2789002,1891,1799,1324,1611,1630,1197
4134,41679289,6.2794049,1894,1694,1326,1698,1530,1245
4135,41689289,6.2799186,1847,1584,1371,1682,1432,1274
4136,41699289,6.2804919,1887,1607,1363,1691,1468,1260
4137,41709288,6.2809599,1891,1789,1430,1697,1600,1330
4138,41719289,6.2814409,1898,1742,1442,1691,1571,1328
4139,41729288,6.2819362,1904,1733,1456,1710,1566,1325
4140,41739289,6.2825525,1909,1739,1442,1705,1571,1324
4141,41749289,6.2830199,1904,1743,1453,1708,1566,1334
4142,41759289,6.2834955,1907,1716,1430,1708,1568,1315
4143,41769289,6.2839851,1904,1733,1431,1709,1562,1322
4144,41779289,6.2845023,1894,1754,1425,1704,1565,1319
4145,41789289,6.284995,1901,1730,1435,1703,1571,1323
4146,41799289,6.2855355,1856,1872,1505,1670,1679,1382
4147,41809288,6.2860453,1957,1776,1446,1750,1599,1323
4148,41819289,6.2866035,1931,1866,1501,1723,1679,1372
4149,41829289,6.2872048,1989,1975,1526,1782,1759,1394
4150,41839289,6.2878801,1847,1357,1395,1677,1232,1288
4151,41849289,6.2885077,1850,1728,1520,1657,1585,1394
4152,41859289,6.2890536,1852,1639,1414,1666,1479,1307
4153,41869289,6.2902503,1888,1703,1488,1691,1545,1353
4154,41879289,6.2909171,1935,1674,1446,1744,1516,1330
4155,41889289,6.2914684,1895,1662,1447,1697,1507,1335
4156,41899288,6.2919857,1871,1676,1468,1679,1508,1346
4157,41909289,6.2925239,1877,1659,1453,1679,1507,1340
4158,41919288,6.2930404,1878,1651,1461,1676,1503,1341
4159,41929288,6.2936006,1873,1648,1449,1685,1495,1336
4160,41939289,6.2941346,1873,1675,1457,1673,1518,1337
4161,41949289,6.2946303,1877,1712,1469,1676,1539,1350
4162,41959288,6.2951562,1883,1743,1462,1691,1571,1343
4163,41969289,6.2957042,1889,1759,1441,1679,1589,1332
4164,41979289,6.2962217,1890,1773,1406,1701,1598,1311
4165,41989289,6.2967147,1883,1754,1406,1686,1583,1304
4166,41999289,6.2973091,1872,1712,1399,1681,1563,1294
4167,42009288,6.297819,1847,1717,1392,1670,1546,1292
4168,42019289,6.298298,1844,1715,1411,1658,1550,1304
4169,42029289,6.2987935,1855,1717,1433,1665,1551,1316
4170,42039289,6.299338,1856,1719,1427,1675,1552,1311
4171,42049288,6.299867,1891,1714,1406,1688,1548,1296
4172,42059289,6.3004768,1905,1712,1401,1704,1546,1286
4173,42069289,6.3012976,1919,1691,1374,1714,1539,1259
4174,42079289,6.3018518,1927,1696,1354,1722,1536,1259
4175,42089289,6.302335,1926,1712,1349,1736,1562,1243
4176,42099289,6.3028357,1915,1741,1357,1719,1578,1259
4177,42109289,6.3033644,1914,1734,1363,1704,1565,1259
4178,42119288,6.3038715,1897,1700,1374,1705,1542,1264
4179,42129289,6.3043436,1888,1830,1477,1705,1670,1385
4180,42139288,6.3048236,1913,1747,1398,1709,1582,1285
4181,42149288,6.305948,1861,1727,1293,1679,1548,1201
4182,42159288,6.3069135,1906,1688,1279,1718,1526,1190
4183,42169289,6.307568,1909,1637,1247,1708,1491,1166
4184,42179288,6.3084622,1893,1595,1227,1693,1469,1138
4185,42189289,6.3090755,1881,1535,1200,1683,1432,1140
4186,42199289,6.3095613,1873,1493,1163,1684,1373,1095
4187,42209289,6.3100371,1789,1648,1140,1546,1526,1048
4188,42219288,6.3104786,1991,2007,1463,1770,1787,1337
4189,42229289,6.3109645,1749,1952,1415,1593,1717,1232
4190,42239289,6.3118926,1857,1645,1235,1652,1524,1178
4191,42249289,6.3131077,1829,1508,1141,1626,1349,1080
4192,42259289,6.3137891,1929,1493,1129,1653,1351,1056
4193,42269289,6.3142477,1854,1759,1306,1653,1579,1245
4194,42279289,6.3148316,1887,1761,1456,1679,1574,1350
4195,42289289,6.3154985,1924,1769,1493,1711,1586,1360
4196,42299288,6.316243,1790,1680,1463,1612,1522,1361
4197,42309289,6.3168613,1873,1610,1321,1667,1458,1232
4198,42319289,6.3174165,1872,1770,1403,1650,1663,1363
4199,42329288,6.3178999,1872,1839,1599,1735,1704,1495
4200,42339288,6.3183712,1915,1735,1443,1707,1571,1319
4201,42349289,6.3188156,1909,1735,1455,1709,1566,1317
4202,42359289,6.3192471,1904,1727,1429,1698,1548,1311
4203,42369289,6.3196467,1905,1725,1439,1718,1558,1328
4204,42379289,6.3200554,1907,1725,1424,1704,1563,1315
4205,42389289,6.3204515,1911,1726,1431,1703,1556,1325
4206,42399289,6.3218196,1904,1725,1433,1705,1566,1317
4207,42409289,6.3225528,1895,1729,1424,1705,1560,1315
4208,42419289,6.3231766,1898,1727,1442,1704,1557,1320
4209,42429289,6.3238024,1902,1727,1431,1708,1558,1320
4210,42439289,6.3244352,1894,1722,1436,1701,1557,1325
4211,42449289,6.325048,1905,1718,1423,1699,1560,1311
4212,42459288,6.3256562,1905,1725,1435,1704,1563,1323
4213,42469289,6.3264169,1904,1728,1424,1698,1560,1313
4214,42479289,6.3272667,1901,1745,1447,1705,1553,1319
4215,42489289,6.3280455,1897,1710,1433,1704,1543,1294
4216,42499289,6.3285849,1903,1728,1425,1694,1559,1311
4217,42509289,6.3290282,1905,1725,1435,1700,1548,1316
4218,42519289,6.3294939,1897,1734,1426,1701,1562,1323
4219,42529289,6.3299891,1904,1723,1427,1705,1566,1319
4220,42539289,6.3304665,1889,1718,1422,1703,1545,1311
4221,42549289,6.3309398,1874,1751,1451,1710,1580,1327
4222,42559289,6.3314171,1898,1743,1431,1704,1574,1313
4223,42569289,6.331888,1903,1750,1439,1708,1591,1332
4224,42579289,6.3323465,1901,1750,1440,1704,1578,1323
4225,42589289,6.3328542,1908,1799,1462,1710,1618,1353
4226,42599289,6.3332875,1915,1793,1455,1706,1606,1330
4227,42609289,6.333666,1866,1643,1418,1687,1483,1300
4228,42619289,6.3340367,1917,1609,1399,1709,1470,1296
4229,42629288,6.3344216,1907,1738,1435,1718,1572,1320
4230,42639289,6.3347989,1897,1723,1427,1694,1562,1317
4231,42649289,6.3351798,1902,1694,1434,1698,1533,1325
4232,42659289,6.3355588,1937,1711,1472,1731,1551,1351
4233,42669289,6.3359268,1955,1712,1474,1750,1540,1325
4234,42679289,6.3368337,1929,1718,1474,1718,1553,1353
4235,42689289,6.3377244,1898,1742,1478,1697,1572,1351
4236,42699289,6.3385317,1887,1744,1477,1694,1573,1352
4237,42709289,6.3393799,1872,1722,1460,1685,1548,1338
4238,42719289,6.3401516,1874,1729,1455,1672,1565,1342
4239,42729288,6.340684,1866,1754,1475,1672,1586,1350
4240,42739289,6.3412361,1855,1749,1465,1658,1572,1350
4241,42749289,6.3417814,1836,1735,1463,1655,1571,1338
4242,42759289,6.3422568,1840,1730,1455,1653,1563,1332
4243,42769289,6.3426718,1841,1714,1457,1658,1557,1333
4244,42779289,6.3430539,1850,1705,1446,1681,1543,1328
4245,42789289,6.3434214,1862,1699,1441,1673,1557,1339
4246,42799289,6.3437861,1872,1714,1446,1679,1548,1322
4247,42809289,6.3441533,1887,1712,1424,1696,1553,1311
4248,42819289,6.3445354,1904,1723,1424,1700,1562,1306
4249,42829289,6.3449127,1913,1719,1392,1705,1561,1291
4250,42839289,6.3452998,1901,1712,1391,1701,1553,1276
4251,42849288,6.3456814,1903,1702,1378,1699,1539,1279
4252,42859288,6.3460502,1889,1698,1374,1689,1525,1269
4253,42869289,6.346483,1886,1713,1395,1695,1548,1299
4254,42879289,6.3468723,1889,1723,1378,1687,1552,1288
4255,42889288,6.3472405,1876,1714,1392,1687,1545,1294
4256,42899289,6.3476054,1891,1717,1397,1694,1553,1276
4257,42909289,6.3479871,1903,1729,1397,1700,1553,1286
4258,42919289,6.3483567,1904,1727,1399,1710,1558,1291
4259,42929289,6.3487455,1921,1695,1386,1721,1531,1286
4260,42939289,6.3491189,1925,1683,1387,1709,1521,1270
4261,42949289,6.3494889,1911,1675,1372,1713,1517,1273
4262,42959289,6.3499387,1885,1680,1377,1696,1517,1281
4263,42969289,6.3504612,1886,1696,1408,1678,1532,1291
4264,42979289,6.3510429,1872,1714,1416,1679,1553,1305
4265,42989289,6.3516034,1888,1730,1410,1691,1562,1295
4266,42999289,6.3524778,1887,1754,1401,1696,1585,1296
4267,43009289,6.353299,1873,1755,1382,1678,1580,1290
4268,43019289,6.3538971,1872,1724,1391,1681,1560,1281
4269,43029289,6.3544332,1872,1711,1388,1665,1543,1279
4270,43039289,6.354891,1877,1706,1373,1685,1544,1268
4271,43049289,6.3554276,1855,1621,1263,1672,1475,1184
4272,43059289,6.355973,1936,1712,1355,1729,1555,1251
4273,43069289,6.3566138,1936,1678,1301,1728,1521,1208
4274,43079289,6.3571764,1891,1671,1284,1717,1514,1198
4275,43089289,6.3577869,1911,1674,1287,1707,1520,1215
4276,43099289,6.3583956,1919,1680,1285,1718,1514,1195
4277,43109289,6.3590394,1904,1635,1280,1697,1483,1194
4278,43119289,6.3597011,2738,912,1778,2396,878,1605
4279,43129289,6.3603275,1727,1441,1049,1486,1296,990
4280,43139289,6.3608533,1943,1635,1279,1741,1488,1187
4281,43149288,6.3613907,1965,1668,1325,1759,1521,1235
4282,43159289,6.3619826,1937,1766,1349,1727,1622,1282
4283,43169289,6.3627382,1963,1679,1835,1745,1566,1615
4284,43179289,6.3635955,1915,1928,1485,1718,1711,1358
4285,43189289,6.3642763,1841,1968,1714,1619,1855,1585
4286,43199289,6.3647949,1830,1678,1360,1672,1524,1256
4287,43209288,6.3652829,1941,1705,1373,1736,1545,1274
4288,43219289,6.3658297,1566,1589,1456,1450,1441,1364
4289,43229289,6.36659,1903,1754,1435,1697,1586,1323
4290,43239289,6.3671701,1919,1686,1427,1714,1521,1308
4291,43249289,6.3681298,1907,1727,1430,1707,1553,1313
4292,43259289,6.3689493,1902,1719,1419,1699,1553,1311
4293,43269289,6.3695906,1904,1709,1434,1710,1553,1319
4294,43279289,6.3723877,1890,1718,1422,1705,1553,1307
4295,43289289,6.3830493,1901,1717,1439,1705,1553,1319
4296,43299289,6.3844592,1906,1710,1417,1699,1549,1314
4297,43309289,6.3852885,1899,1712,1434,1700,1549,1315
4298,43319289,6.3859376,1905,1729,1424,1703,1548,1311
4299,43329289,6.3865716,1904,1715,1419,1704,1557,1323
4300,43339289,6.3873556,1902,1725,1433,1705,1555,1317
4301,43349289,6.3882211,1909,1714,1433,1709,1557,1323
4302,43359289,6.3891198,1903,1718,1427,1710,1557,1316
4303,43369289,6.3897514,1899,1725,1423,1713,1552,1311
4304,43379289,6.3903492,1894,1719,1435,1703,1557,1320
4305,43389289,6.3909521,1905,1723,1423,1701,1557,1311
4306,43399289,6.3915522,1907,1715,1435,1695,1557,1320
4307,43409289,6.3921995,1895,1706,1424,1696,1543,1311
4308,43419288,6.3929029,1781,1535,1394,1610,1398,1296
4309,43429288,6.3936494,1811,1596,1399,1630,1452,1295
4310,43439289,6.394221,2005,1777,1455,1786,1621,1353
4311,43449289,6.3947277,1989,1843,1463,1772,1655,1344
4312,43459289,6.3952783,1897,1769,1438,1697,1588,1315
4313,43469289,6.395803,1906,1723,1434,1709,1556,1323
4314,43479289,6.3963039,1912,1744,1441,1705,1570,1325
4315,43489289,6.3968416,1920,1744,1445,1718,1574,1335
4316,43499289,6.3973102,1911,1779,1465,1705,1609,1354
4317,43509288,6.3977562,1965,1724,1421,1745,1552,1323
4318,43519288,6.3982607,1894,1743,1434,1700,1585,1320
4319,43529289,6.3989284,1878,1695,1419,1690,1521,1315
4320,43539288,6.4003176,1888,1635,1435,1688,1483,1319
4321,43549289,6.4010162,1917,1650,1470,1709,1495,1353
4322,43559288,6.4015117,1938,1639,1481,1732,1483,1352
4323,43569289,6.4020258,1947,1643,1475,1740,1490,1351
4324,43579288,6.4031104,1913,1676,1473,1717,1513,1351
4325,43589289,6.403891,1889,1707,1475,1697,1546,1355
4326,43599288,6.4044363,1885,1730,1457,1673,1555,1328
4327,43609288,6.4049442,1872,1745,1449,1674,1574,1337
4328,43619289,6.40565,1872,1738,1458,1683,1572,1340
4329,43629289,6.4064754,1865,1738,1456,1679,1569,1342
4330,43639289,6.4071833,1875,1714,1456,1687,1549,1335
4331,43649289,6.4077963,1876,1693,1424,1677,1535,1323
4332,43659289,6.4084003,1875,1691,1436,1683,1532,1319
4333,43669289,6.4090748,1889,1691,1430,1691,1534,1316
4334,43679289,6.4097208,1888,1686,1412,1697,1522,1304
4335,43689289,6.4103257,1908,1685,1415,1708,1521,1298
4336,43699289,6.410941,1919,1680,1409,1705,1523,1299
4337,43709289,6.4116273,1912,1695,1399,1710,1521,1292
4338,43719289,6.4124649,1916,1692,1395,1706,1539,1287
4339,43729289,6.4131775,1915,1687,1394,1716,1532,1285
4340,43739289,6.4138904,1899,1702,1410,1705,1525,1280
4341,43749289,6.4149617,1899,1695,1390,1704,1534,1288
4342,43759289,6.4158708,1901,1699,1398,1696,1524,1291
4343,43769289,6.4166232,1897,1685,1389,1691,1526,1282
4344,43779289,6.4173169,1901,1675,1377,1692,1520,1282
4345,43789289,6.4179741,1886,1685,1389,1694,1529,1285
4346,43799289,6.4186103,1898,1696,1396,1694,1530,1285
4347,43809289,6.4194105,1894,1683,1376,1700,1530,1282
4348,43819288,6.420163,1901,1686,1377,1706,1523,1280
4349,43829289,6.4208071,1893,1679,1386,1705,1519,1285
4350,43839289,6.421611,1889,1678,1386,1694,1519,1284
4351,43849289,6.4223729,1894,1682,1390,1698,1511,1286
4352,43859289,6.4229308,1898,1690,1392,1696,1531,1286
4353,43869289,6.4233652,1897,1694,1383,1704,1531,1284
4354,43879289,6.4239901,1882,1690,1388,1688,1524,1267
4355,43889289,6.4248001,1873,1690,1385,1678,1535,1281
4356,43899289,6.4255893,1867,1693,1383,1684,1535,1285
4357,43909289,6.4262002,1883,1702,1392,1680,1543,1284
4358,43919289,6.4266845,1890,1674,1391,1690,1526,1297
4359,43929289,6.4272003,1879,1695,1418,1698,1539,1308
4360,43939289,6.4276746,1899,1710,1391,1690,1548,1285
4361,43949289,6.4282344,1919,1711,1388,1708,1543,1277
4362,43959289,6.4286967,1915,1706,1391,1727,1542,1271
4363,43969289,6.4292098,1922,1707,1393,1723,1532,1296
4364,43979289,6.4301015,1909,1717,1382,1717,1557,1273
4365,43989289,6.4313578,1927,1642,1280,1705,1495,1193
4366,43999289,6.4322812,1906,1639,1267,1701,1492,1178
4367,44009289,6.4331572,1891,1619,1247,1697,1472,1172
4368,44019288,6.4338398,1874,1584,1226,1674,1442,1146
4369,44029289,6.4344342,1872,1578,1227,1679,1433,1148
4370,44039289,6.4350663,1861,1570,1205,1679,1421,1127
4371,44049289,6.4358019,1872,1619,1245,1681,1469,1165
4372,44059289,6.4367129,1829,2157,1840,1592,1774,1465
4373,44069289,6.4378213,1833,1657,1190,1645,1497,1110
4374,44079289,6.4387468,1890,1706,1276,1685,1554,1206
4375,44089289,6.4393205,1899,1820,1535,1713,1637,1402
4376,44099289,6.4398267,1921,1937,1392,1776,1695,1264
4377,44109289,6.4403463,2023,1722,1394,1815,1548,1294
4378,44119288,6.4409284,1910,1712,1314,1705,1537,1213
4379,44129289,6.4417462,1899,1749,1442,1697,1650,1359
4380,44139289,6.4423609,1872,1522,1364,1637,1402,1250
4381,44149289,6.4430267,1859,1647,1273,1679,1501,1191
4382,44159289,6.4436312,1914,1753,1367,1705,1579,1259
4383,44169289,6.4443281,1845,1559,1408,1669,1425,1317
4384,44179289,6.4450508,1849,1877,1635,1710,1724,1521
4385,44189289,6.4457133,1903,1744,1419,1706,1573,1308
4386,44199289,6.446896,1918,1733,1435,1710,1562,1328
4387,44209289,6.4476227,1878,1717,1423,1708,1552,1303
4388,44219289,6.4481043,1907,1706,1434,1709,1552,1312
4389,44229289,6.4486143,1898,1727,1424,1686,1555,1310
4390,44239289,6.4493794,1906,1727,1435,1705,1557,1314
4391,44249289,6.4501976,1903,1734,1439,1706,1570,1326
4392,44259289,6.4510412,1903,1731,1422,1705,1558,1311
4393,44269288,6.4518091,1898,1727,1430,1705,1558,1317
4394,44279289,6.452372,1904,1727,1419,1710,1553,1304
4395,44289289,6.452797,1907,1722,1439,1704,1560,1317
4396,44299289,6.4532951,1909,1722,1429,1705,1562,1318
4397,44309289,6.4538849,1902,1728,1423,1704,1565,1319
4398,44319289,6.4545204,1904,1721,1428,1705,1559,1315
4399,44329289,6.4550014,1909,1719,1424,1704,1553,1319
4400,44339289,6.4554615,1897,1747,1431,1707,1558,1315
4401,44349288,6.4560764,1904,1729,1427,1704,1556,1311
4402,44359289,6.4568439,1906,1723,1429,1708,1556,1314
4403,44369289,6.4574041,1904,1717,1434,1700,1557,1313
4404,44379289,6.4578846,1904,1731,1433,1706,1559,1319
4405,44389289,6.4583278,1903,1728,1429,1705,1557,1311
4406,44399289,6.4587556,1877,1728,1429,1700,1559,1314
4407,44409289,6.4592023,1907,1725,1431,1710,1564,1315
4408,44419289,6.4596388,1894,1727,1424,1705,1556,1314
4409,44429289,6.4602666,1904,1731,1429,1711,1557,1323
4410,44439289,6.4608933,1904,1723,1427,1707,1557,1314
4411,44449289,6.4615564,1904,1727,1439,1718,1556,1319
4412,44459289,6.462842,1903,1728,1424,1706,1559,1320
4413,44469289,6.4637294,1904,1729,1428,1697,1560,1326
4414,44479289,6.4644285,1931,1722,1429,1705,1559,1314
4415,44489289,6.4650949,1904,1722,1430,1705,1557,1311
4416,44499289,6.465631,1897,1728,1433,1704,1561,1314
4417,44509289,6.4661352,1910,1723,1426,1700,1562,1311
4418,44519289,6.4666268,1898,1712,1426,1700,1560,1322
4419,44529289,6.4670867,1893,1729,1435,1706,1559,1317
4420,44539289,6.4677005,1891,1733,1424,1704,1558,1316
4421,44549289,6.4684589,1904,1723,1433,1705,1559,1311
4422,44559289,6.4691485,1899,1722,1433,1705,1559,1315
4423,44569288,6.4696333,1891,1719,1441,1707,1561,1314
4424,44579288,6.4701559,1907,1723,1426,1709,1558,1314
4425,44589289,6.4706109,1903,1707,1429,1707,1560,1311
4426,44599289,6.4710422,1905,1707,1430,1705,1558,1321
4427,44609289,6.4715083,1903,1723,1421,1707,1555,1312
4428,44619289,6.4721663,1894,1731,1427,1704,1553,1312
4429,44629289,6.4728001,1904,1719,1424,1705,1557,1315
4430,44639289,6.4734668,1904,1718,1433,1706,1553,1313
4431,44649289,6.4741154,1904,1711,1429,1704,1557,1322
4432,44659289,6.4746997,1905,1720,1430,1705,1557,1317
4433,44669289,6.4752713,1902,1725,1429,1705,1558,1311
4434,44679289,6.4758918,1893,1719,1429,1704,1553,1321
4435,44689289,6.4765108,1903,1719,1424,1704,1553,1319
4436,44699289,6.4773117,1903,1728,1424,1700,1558,1319
4437,44709289,6.4786858,1895,1717,1426,1705,1557,1314
4438,44719288,6.479921,1905,1719,1435,1702,1556,1320
4439,44729289,6.4807129,1903,1735,1432,1710,1553,1311
4440,44739289,6.4812907,1904,1727,1436,1697,1557,1311
4441,44749289,6.4819335,1904,1728,1427,1702,1560,1319
4442,44759289,6.4825975,1904,1723,1439,1705,1562,1317
4443,44769289,6.4831693,1904,1725,1428,1706,1558,1313
4444,44779288,6.4839587,1905,1723,1433,1703,1562,1315
4445,44789289,6.4847315,1907,1728,1434,1703,1557,1318
4446,44799289,6.4857272,1897,1727,1426,1705,1555,1314
4447,44809289,6.4865586,1906,1725,1407,1707,1556,1316
4448,44819289,6.4873191,1903,1723,1434,1705,1553,1314
4449,44829289,6.4879929,1899,1727,1427,1704,1558,1319
4450,44839289,6.488584,1904,1727,1426,1706,1558,1323
4451,44849288,6.4891216,1904,1715,1433,1705,1557,1314
4452,44859289,6.4896854,1904,1717,1424,1704,1550,1315
4453,44869289,6.4903224,1901,1718,1424,1706,1553,1312
4454,44879289,6.4909313,1911,1724,1424,1702,1559,1322
4455,44889289,6.4914154,1905,1724,1433,1700,1561,1320
4456,44899289,6.4918725,1897,1732,1429,1705,1561,1311
4457,44909289,6.4922939,1897,1737,1437,1704,1562,1319
4458,44919289,6.4937063,1904,1727,1434,1707,1558,1313
4459,44929289,6.4946223,1905,1726,1433,1707,1558,1311
4460,44939289,6.4955713,1901,1716,1429,1700,1552,1317
4461,44949289,6.4963795,1904,1719,1434,1706,1553,1319
4462,44959289,6.4972382,1917,1726,1434,1705,1572,1311
4463,44969289,6.4982699,1904,1725,1438,1710,1559,1314
4464,44979289,6.4989522,1904,1726,1424,1705,1559,1297
4465,44989289,6.4995813,1906,1733,1436,1704,1560,1315
4466,44999288,6.5001276,1905,1728,1431,1705,1562,1315
4467,45009289,6.5007433,1904,1728,1429,1701,1559,1316
4468,45019289,6.5012848,1904,1724,1433,1705,1560,1313
4469,45029288,6.5019685,1901,1730,1428,1702,1553,1315
4470,45039289,6.5026762,1905,1718,1424,1701,1553,1317
4471,45049289,6.5035082,1901,1719,1434,1710,1548,1314
4472,45059289,6.5040469,1911,1721,1434,1707,1561,1322
4473,45069289,6.5046964,1903,1734,1429,1706,1560,1317
4474,45079289,6.5053329,1906,1729,1434,1706,1564,1324
4475,45089289,6.5060239,1915,1727,1434,1699,1572,1316
4476,45099289,6.5070413,1899,1731,1431,1706,1562,1322
4477,45109289,6.5078026,1903,1725,1433,1700,1559,1315
4478,45119288,6.5097398,1901,1717,1434,1699,1557,1319
4479,45129289,6.5109365,1905,1723,1413,1704,1563,1315
4480,45139288,6.5119425,1903,1727,1428,1705,1556,1319
4481,45149289,6.5126215,1901,1733,1438,1705,1562,1317
4482,45159289,6.5135699,1899,1729,1424,1709,1562,1317
4483,45169289,6.51462,1903,1722,1434,1709,1561,1319
4484,45179288,6.5153057,1906,1723,1426,1705,1559,1311
4485,45189289,6.5158196,1901,1717,1415,1705,1559,1320
4486,45199289,6.5164898,1897,1723,1424,1704,1559,1317
4487,45209289,6.5172251,1904,1723,1439,1702,1553,1319
4488,45219288,6.517746,1893,1721,1424,1704,1561,1313
4489,45229289,6.5182046,1904,1710,1437,1705,1566,1312
4490,45239289,6.5186695,1898,1727,1431,1711,1553,1314
4491,45249289,6.519179,1905,1728,1454,1705,1569,1317
4492,45259289,6.519673,1907,1735,1441,1706,1561,1312
4493,45269289,6.520099,1903,1722,1439,1698,1557,1317
4494,45279288,6.5205252,1914,1722,1425,1706,1557,1321
4495,45289289,6.5209468,1902,1719,1424,1701,1558,1322
4496,45299289,6.5213589,1904,1712,1440,1704,1550,1314
4497,45309289,6.5218845,1911,1725,1429,1706,1553,1322
4498,45319289,6.52255,1895,1717,1423,1705,1548,1337
4499,45329289,6.5232083,1897,1732,1430,1708,1562,1311
4500,45339289,6.5248623,1904,1721,1423,1705,1560,1311
4501,45349289,6.5260255,1904,1733,1431,1708,1553,1314
4502,45359289,6.5270172,1908,1721,1429,1705,1557,1311
4503,45369289,6.5279627,1904,1725,1419,1706,1562,1311
4504,45379289,6.528485,1904,1714,1432,1709,1556,1315
4505,45389289,6.528935,1904,1725,1427,1704,1557,1315
4506,45399289,6.5293879,1904,1723,1425,1706,1558,1319
4507,45409288,6.5298278,1904,1731,1424,1699,1559,1314
4508,45419289,6.5302409,1904,1725,1433,1708,1561,1322
4509,45429288,6.530668,1907,1726,1429,1705,1560,1323
4510,45439289,6.5311126,1898,1723,1427,1713,1558,1325
4511,45449289,6.531576,1905,1724,1429,1705,1562,1311
4512,45459289,6.5320934,1907,1722,1433,1704,1556,1293
4513,45469289,6.532515,1905,1726,1429,1708,1557,1313
4514,45479289,6.5329365,1906,1729,1428,1705,1561,1320
4515,45489289,6.5333756,1906,1724,1427,1704,1566,1319
4516,45499289,6.5338045,1907,1727,1419,1701,1539,1310
4517,45509289,6.5342189,1894,1728,1429,1714,1563,1319
4518,45519289,6.5346463,1904,1723,1435,1705,1555,1311
4519,45529289,6.535101,1903,1722,1424,1704,1553,1317
4520,45539289,6.5357644,1901,1723,1424,1705,1562,1314
4521,45549289,6.5364851,1894,1728,1423,1705,1566,1321
4522,45559289,6.5373593,1903,1725,1433,1708,1571,1319
4523,45569289,6.5380412,1907,1727,1427,1708,1576,1324
4524,45579289,6.5386682,1895,1729,1431,1705,1562,1312
4525,45589289,6.5393412,1900,1729,1435,1686,1559,1315
4526,45599289,6.5421822,1899,1724,1429,1708,1569,1319
4527,45609289,6.5454146,1906,1719,1427,1706,1557,1317
4528,45619289,6.5465967,1907,1705,1427,1701,1558,1311
4529,45629289,6.547643,1902,1726,1424,1704,1561,1312
4530,45639288,6.5486322,1901,1725,1427,1705,1563,1315
4531,45649289,6.5496675,1904,1727,1435,1707,1546,1314
4532,45659289,6.5505613,1909,1727,1437,1709,1556,1316
4533,45669289,6.5515821,1901,1719,1427,1705,1562,1320
4534,45679289,6.552684,1906,1726,1424,1709,1558,1320
4535,45689289,6.5536278,1895,1724,1432,1697,1559,1316
4536,45699289,6.5547291,1904,1722,1424,1707,1556,1314
4537,45709289,6.5558017,1895,1725,1427,1705,1558,1319
4538,45719289,6.5566385,1905,1727,1427,1718,1558,1310
4539,45729289,6.5573373,1901,1712,1431,1704,1557,1311
4540,45739288,6.5580901,1895,1725,1435,1706,1560,1314
4541,45749289,6.5589347,1904,1716,1427,1705,1556,1313
4542,45759289,6.559589,1907,1723,1431,1708,1555,1317
4543,45769289,6.5601455,1904,1720,1409,1701,1556,1322
4544,45779289,6.5606962,1901,1727,1426,1705,1555,1319
4545,45789289,6.5612549,1903,1714,1424,1696,1571,1319
4546,45799288,6.5616786,1905,1731,1426,1709,1557,1317
4547,45809289,6.5620868,1900,1717,1426,1702,1555,1311
4548,45819289,6.5624907,1908,1712,1424,1703,1560,1322
4549,45829289,6.5629326,1899,1727,1434,1708,1559,1313
4550,45839288,6.5633364,1901,1729,1426,1705,1555,1314
4551,45849289,6.5637481,1899,1722,1430,1706,1558,1317
4552,45859289,6.564148,1904,1719,1434,1701,1562,1323
4553,45869289,6.5645888,1903,1723,1426,1707,1553,1323
4554,45879289,6.5650805,1904,1717,1430,1705,1557,1312
4555,45889288,6.5655671,1903,1722,1429,1699,1549,1320
4556,45899289,6.5659884,1901,1723,1437,1705,1560,1325
4557,45909289,6.5664978,1904,1724,1428,1705,1559,1316
4558,45919289,6.5669474,1904,1729,1426,1707,1561,1312
4559,45929289,6.5674957,1907,1725,1424,1707,1557,1321
4560,45939289,6.5679262,1906,1715,1431,1708,1557,1311
4561,45949289,6.5683557,1905,1741,1427,1713,1553,1312
4562,45959289,6.5687995,1897,1721,1424,1700,1553,1310
4563,45969289,6.5693727,1905,1718,1435,1705,1553,1311
4564,45979289,6.570071,1904,1739,1431,1705,1557,1314
4565,45989288,6.57235,1898,1725,1427,1695,1560,1315
4566,45999289,6.5738118,1904,1722,1431,1705,1560,1315
4567,46009288,6.5749079,1904,1726,1435,1706,1553,1315
4568,46019289,6.5757039,1904,1721,1426,1704,1558,1314
4569,46029289,6.576355,1909,1721,1430,1704,1555,1317
4570,46039289,6.576965,1907,1722,1429,1706,1553,1323
4571,46049288,6.5776137,1904,1718,1424,1680,1553,1320
4572,46059289,6.578221,1904,1719,1431,1703,1553,1320
4573,46069288,6.5788497,1901,1728,1434,1704,1555,1315
4574,46079288,6.5795442,1904,1718,1430,1705,1556,1317
4575,46089289,6.5801402,1904,1723,1424,1708,1562,1319
4576,46099289,6.5807566,1897,1728,1433,1705,1557,1314
4577,46109289,6.5813248,1904,1727,1430,1706,1557,1319
4578,46119289,6.5819396,1910,1727,1433,1705,1562,1314
4579,46129289,6.5825591,1904,1727,1427,1703,1560,1319
4580,46139289,6.5831571,1901,1722,1426,1704,1562,1316
4581,46149288,6.5837191,1905,1726,1431,1704,1561,1311
4582,46159288,6.5842628,1895,1726,1427,1705,1558,1320
4583,46169289,6.5847475,1903,1718,1428,1714,1556,1316
4584,46179288,6.5853033,1905,1728,1431,1704,1553,1315
4585,46189289,6.5867587,1906,1731,1435,1703,1554,1315
4586,46199289,6.5878209,1901,1721,1427,1703,1558,1317
4587,46209289,6.5886197,1904,1722,1434,1709,1560,1311
4588,46219289,6.5893972,1904,1726,1433,1701,1550,1311
4589,46229289,6.5900528,1895,1728,1427,1701,1559,1315
4590,46239289,6.5906001,1899,1723,1428,1700,1553,1319
4591,46249289,6.5912963,1902,1721,1426,1701,1556,1315
4592,46259289,6.5919532,1905,1722,1424,1713,1560,1317
4593,46269288,6.5926058,1903,1727,1433,1708,1559,1316
4594,46279289,6.5933842,1901,1723,1430,1706,1558,1319
4595,46289288,6.5941171,1889,1720,1425,1704,1557,1322
4596,46299289,6.5948266,1904,1714,1441,1708,1558,1314
4597,46309289,6.5955743,1901,1742,1424,1705,1548,1325
4598,46319288,6.5963127,1921,1731,1433,1694,1561,1323
4599,46329289,6.597154,1904,1726,1427,1705,1557,1313
4600,46339289,6.5979349,1904,1728,1435,1705,1561,1319
4601,46349289,6.5989248,1907,1721,1431,1706,1557,1322
4602,46359289,6.5999167,1901,1722,1429,1700,1566,1317
4603,46369289,6.6006955,1904,1719,1430,1706,1556,1320
4604,46379289,6.6014419,1899,1723,1425,1711,1560,1319
4605,46389289,6.6027794,1898,1721,1433,1705,1562,1313
4606,46399289,6.6035894,1905,1724,1431,1704,1557,1313
4607,46409289,6.6042089,1909,1722,1435,1703,1555,1312
4608,46419289,6.6048692,1913,1718,1434,1719,1557,1325
4609,46429289,6.6054988,1898,1714,1425,1709,1558,1319
4610,46439289,6.6061917,1904,1723,1450,1704,1561,1327
4611,46449289,6.606966,1907,1729,1422,1704,1566,1327
4612,46459289,6.6074689,1900,1723,1434,1696,1548,1320
4613,46469288,6.6079029,1905,1726,1438,1708,1561,1317
4614,46479289,6.6083142,1903,1721,1447,1704,1560,1314
4615,46489288,6.6087167,1899,1719,1431,1705,1555,1319
4616,46499289,6.609125,1904,1726,1435,1697,1556,1314
4617,46509289,6.6095582,1903,1723,1411,1708,1555,1316
4618,46519289,6.6099721,1911,1728,1438,1707,1557,1315
4619,46529289,6.6104192,1907,1727,1443,1704,1561,1320
4620,46539289,6.6109025,1904,1726,1428,1704,1558,1323
4621,46549288,6.6115455,1905,1726,1435,1702,1558,1323
4622,46559289,6.6122647,1901,1728,1410,1702,1561,1320
4623,46569289,6.6128277,1905,1727,1440,1703,1556,1316
4624,46579289,6.6132521,1904,1722,1431,1709,1548,1316
4625,46589289,6.6136927,1901,1720,1452,1703,1557,1317
4626,46599288,6.6141058,1902,1723,1435,1703,1560,1316
4627,46609288,6.6145164,1907,1728,1438,1705,1560,1320
4628,46619289,6.6149251,1903,1717,1431,1705,1559,1314
4629,46629289,6.6153657,1885,1726,1435,1704,1561,1316
4630,46639289,6.6158917,1904,1728,1433,1713,1553,1321
4631,46649289,6.6163414,1910,1728,1425,1705,1562,1314
4632,46659289,6.6167638,1905,1725,1425,1701,1563,1314
4633,46669289,6.6173613,1899,1718,1430,1690,1559,1323
4634,46679289,6.6179552,1907,1721,1432,1704,1556,1319
4635,46689289,6.6183896,1894,1727,1433,1707,1560,1314
4636,46699289,6.6188384,1904,1719,1428,1701,1558,1307
4637,46709289,6.6192808,1904,1725,1431,1709,1557,1326
4638,46719289,6.6196984,1904,1726,1438,1705,1557,1316
4639,46729289,6.6201542,1907,1717,1438,1719,1560,1322
4640,46739288,6.6206528,1914,1716,1429,1704,1556,1319
4641,46749290,6.621105,1903,1723,1426,1705,1562,1309
4642,46759289,6.6215618,1904,1725,1434,1710,1559,1317
4643,46769289,6.6220918,1900,1727,1430,1701,1552,1325
4644,46779288,6.6228636,1901,1718,1408,1703,1561,1323
4645,46789289,6.6235414,1904,1725,1435,1707,1548,1317
4646,46799289,6.6239928,1898,1717,1434,1703,1559,1323
4647,46809289,6.6244186,1906,1721,1433,1704,1556,1319
4648,46819289,6.6248738,1904,1725,1437,1719,1555,1319
4649,46829289,6.6253931,1903,1742,1430,1704,1560,1319
4650,46839289,6.6258588,1902,1727,1438,1704,1552,1329
4651,46849289,6.6262834,1904,1730,1431,1697,1556,1318
4652,46859289,6.6267193,1897,1722,1415,1704,1557,1323
4653,46869289,6.6272698,1905,1719,1428,1703,1555,1321
4654,46879288,6.6280103,1903,1725,1425,1695,1552,1319
4655,46889289,6.6285374,1904,1727,1437,1697,1553,1314
4656,46899288,6.6289678,1909,1732,1430,1717,1555,1322
4657,46909289,6.6293808,1904,1721,1437,1704,1556,1311
4658,46919289,6.6298268,1907,1725,1433,1705,1561,1328
4659,46929289,6.6304076,1898,1727,1433,1706,1553,1322
4660,46939289,6.6309971,1904,1723,1429,1711,1555,1318
4661,46949289,6.6315449,1904,1723,1430,1718,1562,1311
4662,46959289,6.6319807,1910,1728,1428,1711,1562,1312
4663,46969289,6.6323896,1902,1726,1437,1704,1548,1332
4664,46979289,6.633568,1898,1723,1439,1704,1553,1319
4665,46989289,6.6345264,1902,1738,1431,1717,1560,1316
4666,46999289,6.6353196,1902,1725,1424,1705,1558,1319
4667,47009289,6.6360892,1894,1722,1431,1705,1555,1319
4668,47019289,6.6368348,1903,1726,1438,1700,1551,1323
4669,47029289,6.6375279,1909,1723,1429,1688,1562,1319
4670,47039288,6.6381873,1906,1721,1427,1710,1557,1313
4671,47049289,6.6388804,1895,1727,1437,1705,1559,1317
4672,47059289,6.6395278,1902,1719,1442,1705,1549,1316
4673,47069289,6.6401785,1903,1728,1427,1708,1558,1320
4674,47079289,6.6408793,1904,1728,1438,1709,1555,1317
4675,47089288,6.6415562,1895,1723,1445,1701,1559,1322
4676,47099289,6.6422958,1914,1729,1434,1706,1555,1319
4677,47109289,6.6429889,1905,1726,1433,1710,1555,1314
4678,47119289,6.6436381,1899,1722,1430,1693,1560,1314
4679,47129289,6.6443035,1906,1730,1428,1705,1560,1317
4680,47139289,6.6450862,1914,1728,1434,1714,1558,1317
4681,47149289,6.6459164,1914,1727,1431,1705,1562,1319
4682,47159289,6.6468989,1910,1723,1433,1704,1559,1322
4683,47169288,6.6477229,1891,1723,1437,1709,1559,1315
4684,47179289,6.6484169,1903,1725,1429,1706,1558,1319
4685,47189288,6.6497056,1879,1726,1434,1705,1558,1320
4686,47199289,6.6505189,1910,1727,1424,1705,1558,1315
4687,47209289,6.651369,1887,1725,1425,1723,1560,1312
4688,47219289,6.6523203,1905,1725,1422,1699,1560,1314
4689,47229289,6.6532189,1904,1724,1435,1706,1550,1320
4690,47239289,6.6539627,1900,1731,1443,1687,1557,1322
4691,47249289,6.654827,1904,1728,1435,1709,1562,1320
4692,47259289,6.6556355,1899,1722,1427,1704,1562,1317
4693,47269289,6.656433,1899,1719,1431,1705,1557,1311
4694,47279289,6.6571071,1877,1717,1437,1691,1562,1317
4695,47289289,6.6579246,1899,1744,1425,1705,1553,1310
4696,47299289,6.6586132,1904,1712,1438,1695,1559,1314
4697,47309289,6.6594062,1904,1726,1430,1705,1552,1317
4698,47319289,6.660212,1904,1729,1427,1708,1553,1324
4699,47329289,6.6610413,1903,1732,1429,1705,1556,1323
4700,47339289,6.6618484,1911,1728,1430,1704,1552,1320
4701,47349289,6.6626476,1903,1721,1433,1707,1557,1313
4702,47359288,6.6633467,1904,1726,1430,1704,1556,1320
4703,47369289,6.6642564,1895,1728,1438,1705,1560,1319
4704,47379289,6.6654596,1904,1727,1443,1710,1560,1318
4705,47389288,6.6662124,1907,1728,1435,1701,1546,1314
4706,47399289,6.666912,1904,1719,1434,1690,1555,1320
4707,47409289,6.6679409,1904,1726,1437,1707,1553,1317
4708,47419289,6.6688188,1899,1725,1437,1705,1558,1312
4709,47429289,6.6695468,1903,1725,1436,1705,1567,1317
4710,47439289,6.6702501,1904,1726,1425,1705,1560,1314
4711,47449289,6.6709134,1905,1723,1434,1705,1559,1313
4712,47459289,6.6715539,1898,1728,1435,1704,1561,1314
4713,47469289,6.6721759,1904,1722,1425,1703,1560,1316
4714,47479289,6.6729037,1914,1729,1431,1700,1560,1312
4715,47489289,6.6737486,1925,1715,1431,1700,1558,1311
4716,47499289,6.6745451,1890,1727,1430,1707,1562,1323
4717,47509289,6.6753165,1904,1719,1434,1710,1558,1320
4718,47519289,6.6760036,1901,1727,1446,1697,1556,1314
4719,47529289,6.6766696,1904,1719,1430,1707,1557,1322
4720,47539289,6.6773069,1900,1725,1429,1705,1558,1309
4721,47549289,6.6779618,1898,1730,1435,1710,1553,1323
4722,47559289,6.6786685,1935,1724,1431,1707,1560,1314
4723,47569288,6.6794176,1904,1719,1437,1710,1560,1319
4724,47579289,6.6803781,1907,1725,1425,1708,1556,1309
4725,47589289,6.6812917,1898,1727,1431,1706,1558,1312
4726,47599289,6.6820376,1897,1730,1437,1706,1561,1320
4727,47609289,6.6827768,1907,1723,1429,1705,1562,1323
4728,47619289,6.6833204,1911,1730,1438,1701,1562,1323
4729,47629289,6.6838214,1904,1728,1437,1705,1561,1317
4730,47639288,6.6842804,1908,1716,1429,1705,1558,1322
4731,47649289,6.6847945,1904,1725,1429,1708,1561,1317
4732,47659289,6.6855517,1906,1715,1433,1705,1561,1319
4733,47669289,6.6864057,1904,1723,1430,1705,1557,1321
4734,47679289,6.6871627,1904,1723,1434,1697,1560,1319
4735,47689289,6.6877939,1904,1729,1431,1711,1556,1318
4736,47699289,6.6884208,1910,1722,1415,1701,1557,1320
4737,47709289,6.6890541,1903,1722,1438,1705,1557,1320
4738,47719289,6.6896568,1904,1722,1430,1705,1557,1322
4739,47729289,6.6902234,1904,1729,1431,1705,1560,1322
4740,47739288,6.6908431,1905,1725,1429,1709,1557,1319
4741,47749289,6.6915596,1904,1729,1431,1707,1559,1323
4742,47759289,6.6922778,1902,1729,1434,1713,1561,1314
4743,47769289,6.6929206,1909,1711,1429,1708,1558,1330
4744,47779289,6.6935852,1903,1730,1433,1700,1562,1319
4745,47789289,6.6943033,1907,1727,1430,1704,1574,1311
4746,47799289,6.6954244,1904,1728,1429,1705,1558,1325
4747,47809289,6.6962408,1904,1725,1435,1705,1561,1319
4748,47819289,6.6969621,1913,1727,1435,1701,1562,1315
4749,47829288,6.6977913,1905,1727,1425,1703,1553,1319
4750,47839289,6.6986768,1908,1726,1435,1707,1558,1316
4751,47849289,6.6996218,1904,1725,1433,1708,1557,1317
4752,47859289,6.7004257,1903,1719,1435,1695,1560,1319
4753,47869288,6.7010803,1905,1727,1425,1704,1553,1324
4754,47879289,6.7016837,1898,1723,1438,1705,1558,1295
4755,47889288,6.7024015,1913,1724,1437,1703,1562,1319
4756,47899289,6.7029987,1904,1721,1434,1696,1560,1314
4757,47909289,6.7035476,1904,1722,1431,1707,1560,1320
4758,47919288,6.7041093,1904,1721,1433,1714,1557,1319
4759,47929289,6.70482,1904,1726,1435,1704,1562,1320
4760,47939289,6.7055623,1913,1719,1451,1705,1566,1317
4761,47949289,6.7061498,1899,1726,1431,1705,1559,1319
4762,47959289,6.7067648,1900,1728,1426,1706,1556,1319
4763,47969289,6.7073396,1905,1722,1436,1700,1555,1312
4764,47979289,6.707876,1904,1725,1429,1704,1557,1319
4765,47989288,6.7083851,1902,1723,1434,1706,1561,1319
4766,47999289,6.708927,1900,1719,1434,1705,1557,1319
4767,48009289,6.7094368,1885,1728,1428,1710,1553,1319
4768,48019289,6.7099539,1904,1725,1433,1704,1555,1315
4769,48029289,6.7107423,1902,1726,1424,1701,1557,1311
4770,48039289,6.7120433,1904,1718,1430,1697,1552,1315
4771,48049289,6.7130535,1906,1723,1434,1705,1560,1324
4772,48059289,6.7140593,1895,1722,1447,1704,1561,1316
4773,48069288,6.7150014,1903,1721,1440,1697,1559,1317
4774,48079289,6.7159029,1901,1727,1407,1705,1560,1315
4775,48089289,6.7168666,1903,1725,1427,1705,1557,1323
4776,48099289,6.7177533,1901,1722,1431,1704,1553,1317
4777,48109289,6.7184003,1904,1727,1425,1708,1552,1319
4778,48119289,6.7190666,1917,1729,1430,1708,1552,1307
4779,48129289,6.7196458,1911,1725,1427,1710,1555,1312
4780,48139289,6.7203126,1904,1717,1434,1705,1556,1314
4781,48149288,6.7209596,1903,1722,1435,1714,1557,1330
4782,48159289,6.7214034,1901,1723,1431,1705,1556,1323
4783,48169289,6.7218097,1894,1725,1426,1705,1557,1319
4784,48179289,6.7222562,1900,1722,1427,1707,1556,1318
4785,48189289,6.7229751,1897,1727,1434,1707,1560,1314
4786,48199289,6.7238437,1901,1728,1435,1701,1558,1313
4787,48209289,6.7244602,1904,1726,1426,1701,1558,1322
4788,48219288,6.7249171,1908,1725,1439,1708,1557,1314
4789,48229289,6.7253273,1903,1719,1431,1697,1553,1319
4790,48239289,6.7257159,1904,1727,1437,1705,1560,1311
4791,48249288,6.7268145,1895,1725,1435,1704,1560,1309
4792,48259289,6.7277695,1913,1719,1438,1705,1558,1317
4793,48269289,6.7284588,1906,1719,1436,1707,1563,1333
4794,48279289,6.7290724,1898,1723,1434,1705,1560,1312
4795,48289289,6.729713,1897,1723,1430,1707,1553,1316
4796,48299289,6.7304462,1903,1725,1424,1703,1560,1316
4797,48309289,6.7310974,1897,1721,1431,1697,1559,1315
4798,48319289,6.7315494,1904,1728,1427,1705,1559,1320
4799,48329289,6.7321342,1907,1719,1427,1704,1556,1323
4800,48339289,6.7326883,1911,1721,1437,1701,1555,1323
4801,48349289,6.7333831,1904,1730,1435,1701,1559,1319
4802,48359289,6.733884,1899,1726,1430,1718,1560,1312
4803,48369289,6.7342909,1904,1729,1438,1708,1557,1316
4804,48379289,6.7347485,1904,1723,1429,1706,1557,1319
4805,48389289,6.7353399,1905,1722,1434,1703,1558,1330
4806,48399288,6.7360064,1903,1733,1424,1710,1553,1315
4807,48409289,6.7369145,1904,1727,1433,1706,1562,1323
4808,48419289,6.7377821,1901,1723,1430,1705,1562,1319
4809,48429288,6.7383505,1904,1719,1433,1705,1557,1314
4810,48439289,6.7388623,1902,1723,1435,1703,1561,1317
4811,48449289,6.7393241,1900,1724,1434,1707,1558,1319
4812,48459289,6.7397644,1903,1719,1434,1704,1553,1315
4813,48469289,6.7401958,1905,1726,1425,1705,1557,1317
4814,48479289,6.7406047,1906,1727,1433,1699,1560,1317
4815,48489289,6.7411481,1901,1721,1436,1703,1557,1309
4816,48499289,6.7415613,1913,1727,1428,1705,1559,1320
4817,48509289,6.7429025,1907,1721,1426,1705,1562,1319
4818,48519289,6.7440989,1909,1721,1437,1709,1557,1323
4819,48529289,6.7451543,1905,1725,1428,1705,1559,1326
4820,48539289,6.7464097,1902,1719,1429,1684,1553,1314
4821,48549289,6.7471681,1904,1715,1431,1704,1557,1319
4822,48559289,6.7478204,1909,1725,1425,1710,1558,1320
4823,48569289,6.7484248,1904,1727,1436,1705,1556,1316
4824,48579289,6.7492466,1904,1730,1427,1697,1561,1307
4825,48589288,6.7500611,1905,1729,1434,1705,1553,1315
4826,48599289,6.7507964,1898,1722,1440,1701,1559,1319
4827,48609288,6.7516114,1904,1725,1427,1708,1562,1312
4828,48619289,6.752249,1904,1713,1440,1705,1558,1320
4829,48629289,6.7528552,1902,1721,1428,1705,1562,1321
4830,48639289,6.753853,1904,1725,1425,1705,1556,1343
4831,48649288,6.75497,1897,1712,1440,1705,1553,1323
4832,48659289,6.7556737,1902,1722,1425,1707,1563,1314
4833,48669289,6.7563608,1914,1717,1426,1708,1559,1322
4834,48679289,6.756939,1904,1728,1426,1709,1561,1311
4835,48689289,6.7579758,1904,1728,1430,1704,1562,1319
4836,48699289,6.7589975,1900,1731,1429,1706,1553,1327
4837,48709289,6.7596437,1904,1729,1435,1711,1555,1313
4838,48719289,6.7603282,1904,1732,1440,1705,1560,1312
4839,48729288,6.7612962,1904,1719,1433,1704,1547,1314
4840,48739289,6.7620619,1902,1725,1434,1707,1562,1317
4841,48749289,6.7627427,1902,1726,1430,1705,1557,1322
4842,48759289,6.7633195,1902,1723,1429,1708,1557,1320
4843,48769289,6.7638803,1904,1719,1437,1698,1557,1313
4844,48779289,6.764726,1904,1725,1435,1706,1560,1323
4845,48789289,6.7654876,1905,1727,1425,1705,1556,1311
4846,48799288,6.7662627,1902,1730,1426,1700,1559,1333
4847,48809289,6.767262,1904,1726,1426,1705,1552,1315
4848,48819289,6.7681487,1903,1719,1444,1708,1562,1322
4849,48829289,6.7688141,1906,1721,1433,1703,1559,1322
4850,48839289,6.7694567,1901,1723,1431,1705,1555,1313
4851,48849288,6.7701705,1904,1728,1427,1706,1568,1314
4852,48859289,6.7709206,1895,1718,1430,1703,1559,1316
4853,48869289,6.7715329,1907,1719,1431,1704,1559,1316
4854,48879289,6.7720882,1900,1730,1439,1708,1558,1320
4855,48889289,6.7726201,1906,1725,1437,1705,1558,1316
4856,48899289,6.7741319,1904,1727,1440,1701,1560,1311
4857,48909288,6.7751174,1904,1719,1437,1704,1560,1292
4858,48919289,6.7760474,1903,1723,1435,1713,1560,1315
4859,48929289,6.7770258,1883,1725,1433,1707,1558,1317
4860,48939289,6.7779558,1909,1727,1433,1710,1563,1315
4861,48949289,6.7787655,1910,1741,1441,1704,1556,1312
4862,48959289,6.7798455,1900,1730,1433,1704,1559,1319
4863,48969288,6.7812184,1901,1729,1430,1706,1557,1320
4864,48979289,6.7821849,1903,1722,1431,1705,1559,1322
4865,48989289,6.7830199,1898,1720,1431,1705,1557,1321
4866,48999289,6.7842965,1904,1728,1435,1705,1557,1320
4867,49009289,6.7853629,1904,1730,1430,1704,1555,1315
4868,49019289,6.7861317,1904,1718,1427,1711,1553,1323
4869,49029288,6.786799,1910,1722,1435,1701,1557,1316
4870,49039289,6.7875492,1904,1714,1426,1701,1553,1320
4871,49049289,6.7882932,1894,1727,1429,1707,1553,1314
4872,49059289,6.7894592,1902,1711,1426,1705,1558,1316
4873,49069289,6.7902989,1902,1717,1436,1705,1559,1308
4874,49079288,6.7911483,1903,1727,1435,1706,1560,1314
4875,49089289,6.7929899,1900,1725,1431,1698,1557,1337
4876,49099289,6.794363,1923,1730,1430,1704,1560,1320
4877,49109288,6.7951706,1904,1723,1435,1709,1557,1315
4878,49119289,6.7959943,1902,1733,1430,1699,1561,1313
4879,49129289,6.7967502,1905,1722,1427,1705,1556,1311
4880,49139289,6.79752,1904,1723,1425,1704,1553,1319
4881,49149289,6.7982787,1901,1719,1434,1705,1558,1319
4882,49159289,6.7990587,1901,1725,1434,1705,1558,1320
4883,49169289,6.7999615,1904,1731,1439,1708,1563,1311
4884,49179289,6.8007739,1904,1740,1437,1710,1558,1320
4885,49189289,6.8014028,1899,1725,1433,1704,1553,1319
4886,49199288,6.8019333,1901,1728,1430,1704,1557,1316
4887,49209289,6.8024199,1903,1723,1425,1707,1557,1309
4888,49219289,6.8029194,1902,1722,1427,1713,1558,1319
4889,49229289,6.8034503,1904,1723,1441,1703,1561,1315
4890,49239289,6.8045846,1904,1725,1426,1699,1553,1300
4891,49249289,6.805256,1906,1727,1426,1708,1556,1315
4892,49259289,6.8057871,1902,1722,1436,1701,1561,1314
4893,49269288,6.806326,1906,1726,1430,1705,1559,1325
4894,49279289,6.8068717,1907,1725,1441,1704,1560,1320
4895,49289289,6.8074776,1904,1724,1434,1705,1560,1323
4896,49299288,6.8081136,1901,1725,1431,1705,1563,1312
4897,49309289,6.8088403,1908,1728,1465,1708,1566,1314
4898,49319289,6.809462,1925,1718,1430,1705,1556,1319
4899,49329289,6.8099739,1904,1725,1434,1701,1555,1320
4900,49339289,6.8104211,1905,1727,1430,1705,1553,1319
4901,49349289,6.8108794,1909,1722,1440,1705,1565,1319
4902,49359289,6.8113484,1904,1735,1448,1702,1559,1319
4903,49369289,6.8119989,1904,1729,1438,1703,1557,1314
4904,49379289,6.8128382,1895,1725,1441,1697,1557,1311
4905,49389288,6.8141362,1897,1719,1426,1704,1562,1317
4906,49399289,6.8150553,1896,1727,1433,1708,1563,1319
4907,49409289,6.8158937,1896,1723,1431,1696,1556,1319
4908,49419288,6.8166318,1905,1722,1429,1696,1558,1316
4909,49429289,6.8172431,1913,1717,1442,1703,1562,1317
4910,49439289,6.817773,1905,1719,1434,1695,1562,1320
4911,49449289,6.8182986,1899,1719,1410,1704,1566,1319
4912,49459289,6.8188044,1898,1723,1435,1701,1559,1326
4913,49469289,6.8198503,1902,1725,1439,1705,1562,1322
4914,49479289,6.820986,1904,1723,1437,1708,1561,1319
4915,49489289,6.8222189,1904,1722,1435,1705,1555,1325
4916,49499289,6.8234196,1905,1719,1439,1720,1556,1315
4917,49509288,6.824272,1898,1723,1435,1703,1557,1319
4918,49519289,6.8248317,1903,1726,1425,1704,1548,1311
4919,49529288,6.8253979,1904,1726,1430,1706,1562,1317
4920,49539289,6.8261525,1901,1730,1429,1705,1557,1320
4921,49549289,6.8269213,1894,1727,1427,1700,1560,1314
4922,49559289,6.8278537,1905,1725,1434,1705,1558,1320
4923,49569289,6.8286218,1904,1723,1430,1701,1552,1317
4924,49579288,6.8294404,1899,1724,1437,1701,1557,1319
4925,49589289,6.8302104,1905,1726,1426,1709,1561,1322
4926,49599289,6.8309778,1899,1727,1426,1705,1553,1314
4927,49609289,6.8317481,1899,1723,1437,1704,1553,1314
4928,49619289,6.8323658,1907,1717,1436,1705,1561,1322
4929,49629289,6.8328943,1904,1728,1424,1708,1560,1315
4930,49639289,6.8476468,1902,1739,1438,1699,1562,1321
4931,49649289,6.8484365,1899,1727,1434,1704,1562,1311
4932,49659288,6.8490792,1907,1728,1439,1709,1559,1319
4933,49669288,6.8500744,1904,1729,1440,1706,1565,1322
4934,49679289,6.8510066,1904,1731,1431,1705,1559,1314
4935,49689289,6.8520883,1908,1722,1434,1710,1569,1315
4936,49699288,6.853159,1904,1723,1439,1708,1561,1320
4937,49709289,6.8546059,1903,1722,1437,1705,1535,1311
4938,49719289,6.8560777,1926,1712,1438,1705,1564,1323
4939,49729288,6.8571445,1906,1717,1431,1705,1559,1315
4940,49739289,6.8581214,1904,1721,1436,1704,1574,1314
4941,49749289,6.8591203,1913,1718,1441,1696,1560,1314
4942,49759289,6.8599545,1887,1721,1430,1701,1560,1317
4943,49769288,6.8610676,1904,1736,1426,1720,1557,1327
4944,49779289,6.8621213,1907,1717,1441,1699,1558,1314
4945,49789289,6.8629825,1914,1713,1425,1706,1560,1319
4946,49799289,6.8637657,1904,1725,1428,1707,1561,1322
4947,49809289,6.8646349,1910,1727,1430,1709,1556,1321
4948,49819289,6.8667261,1904,1724,1431,1703,1559,1323
4949,49829288,6.8677394,1899,1721,1429,1718,1556,1317
4950,49839289,6.870711,1905,1721,1433,1705,1555,1321
4951,49849288,6.872028,1900,1722,1444,1704,1553,1329
4952,49859289,6.8732928,1898,1722,1431,1700,1557,1321
4953,49869289,6.8743112,1904,1722,1438,1692,1553,1314
4954,49879289,6.8755588,1901,1718,1431,1705,1557,1317
4955,49889289,6.876939,1904,1721,1424,1705,1557,1319
4956,49899289,6.8778483,1881,1718,1427,1708,1556,1320
4957,49909289,6.878935,1887,1717,1436,1704,1560,1319
4958,49919289,6.8802495,1899,1725,1431,1704,1555,1317
4959,49929289,6.8815676,1904,1719,1427,1705,1556,1316
4960,49939289,6.882556,1919,1726,1436,1706,1560,1319
4961,49949289,6.8836338,1889,1719,1440,1705,1550,1312
4962,49959289,6.8849443,1894,1721,1433,1705,1558,1311
4963,49969288,6.8858349,1902,1719,1437,1710,1556,1314
4964,49979289,6.886875,1903,1730,1434,1702,1557,1322
4965,49989289,6.8877032,1899,1721,1434,1705,1557,1323
4966,49999289,6.8885391,1893,1711,1434,1704,1562,1320
4967,50009289,6.8893934,1903,1727,1430,1704,1557,1323
4968,50019289,6.8904059,1897,1723,1434,1705,1562,1318
4969,50029288,6.8912751,1890,1725,1429,1690,1561,1317
4970,50039289,6.8921249,1904,1723,1435,1711,1557,1326
4971,50049289,6.8930262,1904,1711,1432,1706,1557,1320
4972,50059289,6.8940472,1904,1733,1429,1710,1553,1313
4973,50069289,6.8949325,1904,1717,1430,1709,1553,1319
4974,50079289,6.8957,1910,1722,1435,1700,1555,1320
4975,50089289,6.8970279,1904,1725,1427,1705,1558,1314
4976,50099289,6.9036965,1904,1723,1433,1709,1560,1320
4977,50109289,6.9045381,1907,1716,1434,1705,1557,1322
4978,50119289,6.905286,1904,1727,1430,1708,1558,1316
4979,50129288,6.9061124,1904,1724,1435,1706,1563,1311
4980,50139289,6.9072053,1904,1721,1434,1708,1556,1319
4981,50149289,6.9079878,1904,1727,1428,1705,1559,1318
4982,50159289,12.9565888,1904,1728,1431,1698,1560,1311
4983,50169289,12.9621062,1903,1730,1435,1694,1558,1313
4984,50179288,12.9639327,1905,1728,1436,1697,1560,1320
4985,50189289,12.9652234,1904,1725,1437,1699,1559,1320
4986,50199289,12.9663437,1920,1719,1430,1708,1557,1324
4987,50209289,12.9673474,1907,1722,1438,1704,1560,1322
4988,50219289,12.9684009,1922,1721,1438,1691,1556,1316
4989,50229289,12.9697935,1904,1727,1426,1704,1559,1319
4990,50239289,12.9711331,1895,1717,1441,1705,1559,1312
4991,50249288,12.9727075,1904,1725,1430,1703,1560,1324
4992,50259289,12.9742898,1904,1728,1437,1706,1557,1320
4993,50269289,12.9753807,1900,1726,1439,1707,1550,1310
4994,50279289,12.9764592,1913,1725,1456,1704,1561,1325
4995,50289289,12.9777964,1907,1722,1434,1705,1555,1321
4996,50299289,12.9794259,1898,1733,1437,1705,1562,1319
4997,50309289,12.9805211,1905,1723,1427,1705,1561,1312
4998,50319289,12.9813989,1903,1733,1442,1706,1558,1317
4999,50329289,12.9823668,1904,1727,1431,1705,1562,1319
5000,50339289,12.9832501,1904,1721,1434,1704,1562,1316
5001,50349289,12.9842299,1909,1721,1430,1705,1556,1320
5002,50359289,12.9853862,1904,1714,1441,1696,1557,1320
5003,50369289,12.9866407,1904,1727,1430,1702,1556,1323
5004,50379289,12.9876135,1904,1726,1437,1709,1560,1307
5005,50389289,12.9886704,1906,1723,1435,1704,1561,1316
5006,50399289,12.9896771,1904,1727,1437,1705,1561,1320
5007,50409289,12.9906407,1904,1723,1410,1706,1556,1323
5008,50419288,12.9916109,1904,1714,1453,1706,1561,1319
5009,50429289,12.9925592,1903,1715,1453,1718,1550,1312
5010,50439288,12.9946945,1902,1725,1429,1704,1556,1323
5011,50449289,12.9961856,1904,1715,1434,1704,1553,1316
5012,50459289,12.9972225,1904,1724,1430,1705,1560,1323
5013,50469289,12.9980774,1899,1727,1434,1705,1561,1315
5014,50479288,12.9989606,1895,1720,1427,1705,1562,1313
5015,50489289,13.0000352,1910,1723,1427,1705,1560,1320
5016,50499289,13.0010903,1905,1725,1434,1700,1560,1315
5017,50509288,13.0024823,1904,1718,1429,1705,1550,1319
5018,50519289,13.0037888,1907,1725,1430,1704,1557,1319
5019,50529289,13.005224,1899,1727,1434,1708,1561,1314
5020,50539289,13.0072326,1904,1719,1426,1708,1557,1312
5021,50549289,13.0085222,1904,1722,1438,1705,1553,1319
5022,50559289,13.0109352,1906,1725,1433,1701,1556,1319
5023,50569289,13.0127197,1910,1727,1430,1703,1555,1314
5024,50579289,13.0142199,1901,1731,1421,1707,1556,1315
5025,50589289,13.0159449,1904,1723,1423,1708,1561,1314
5026,50599289,13.0211896,1883,1723,1424,1705,1557,1324
5027,50609289,13.0225684,1899,1724,1445,1704,1561,1314
5028,50619289,13.0242253,1904,1729,1442,1704,1565,1319
5029,50629288,13.0262056,1904,1727,1434,1705,1557,1321
5030,50639288,13.02741,1905,1722,1425,1701,1558,1316
5031,50649289,13.0292414,1906,1725,1424,1708,1561,1311
5032,50659289,13.0306242,1903,1726,1437,1718,1559,1319
5033,50669289,13.0337601,1907,1726,1431,1710,1557,1319
5034,50679289,13.0360411,1889,1722,1435,1705,1557,1317
5035,50689289,13.0382853,1904,1729,1449,1705,1557,1317
5036,50699289,13.0401481,1904,1722,1425,1696,1571,1322
5037,50709289,13.0421846,1902,1728,1439,1704,1558,1322
5038,50719289,13.0444647,1905,1726,1428,1698,1557,1318
5039,50729288,13.04601,1904,1715,1424,1708,1557,1312
5040,50739289,13.0473525,1906,1720,1434,1705,1558,1322
5041,50749289,13.049385,1903,1719,1441,1702,1559,1317
5042,50759289,13.0516522,1903,1723,1419,1699,1557,1316
5043,50769288,13.0530835,1903,1719,1431,1709,1557,1317
5044,50779289,13.0552769,1906,1711,1426,1707,1557,1319
5045,50789289,13.0573378,1906,1724,1437,1698,1557,1317
5046,50799289,13.0589191,1903,1723,1435,1705,1557,1323
5047,50809289,13.0599412,1902,1734,1426,1706,1564,1349
5048,50819288,13.0611007,1905,1728,1427,1705,1561,1322
5049,50829288,13.0622604,1904,1723,1431,1704,1548,1328
5050,50839289,13.0632624,1895,1718,1433,1711,1559,1319
5051,50849289,13.0642841,1893,1719,1433,1708,1562,1319
5052,50859289,13.0654135,1904,1723,1433,1706,1566,1297
5053,50869289,13.0663188,1898,1722,1435,1705,1553,1320
5054,50879289,13.0674076,1901,1718,1428,1708,1560,1316
5055,50889289,13.0694709,1901,1719,1433,1705,1569,1317
5056,50899289,13.0708673,1904,1719,1440,1704,1553,1319
5057,50909289,13.0724586,1904,1725,1437,1701,1557,1312
5058,50919289,13.0738215,1902,1728,1434,1704,1560,1315
5059,50929289,13.0749483,1900,1728,1424,1706,1560,1311
5060,50939289,13.0762298,1904,1728,1435,1705,1560,1322
5061,50949289,13.0772857,1905,1718,1429,1708,1556,1319
5062,50959289,13.0782722,1916,1725,1430,1709,1560,1327
5063,50969289,13.0792516,1895,1719,1431,1708,1562,1327
5064,50979289,13.0804538,1907,1724,1439,1683,1558,1323
5065,50989289,13.0817243,1895,1727,1427,1706,1560,1319
5066,50999288,13.0830913,1904,1727,1426,1709,1556,1337
5067,51009289,13.0843828,1901,1725,1436,1690,1560,1319
5068,51019288,13.085738,1905,1724,1429,1704,1558,1317
5069,51029289,13.087317,1909,1722,1429,1705,1552,1321
5070,51039289,13.0891455,1904,1722,1430,1707,1560,1315
5071,51049288,13.0907919,1906,1719,1431,1706,1559,1319
5072,51059289,13.0923136,1903,1722,1428,1705,1557,1322
5073,51069288,13.0940263,1899,1723,1440,1711,1556,1309
5074,51079288,13.0955579,1903,1730,1431,1698,1557,1317
5075,51089289,13.0970916,1909,1724,1435,1705,1560,1320
5076,51099289,13.098489,1905,1729,1439,1705,1553,1323
5077,51109289,13.0998096,1904,1728,1427,1713,1553,1314
5078,51119289,13.1010152,1891,1719,1435,1710,1557,1313
5079,51129288,13.1023829,1899,1719,1429,1697,1548,1313
5080,51139289,13.1040253,1902,1725,1437,1703,1555,1322
5081,51149289,13.1056571,1899,1728,1435,1704,1553,1321
5082,51159288,13.1071448,1903,1723,1434,1703,1552,1314
5083,51169289,13.1083888,1899,1722,1426,1705,1557,1335
5084,51179289,13.1099784,1907,1727,1435,1705,1559,1323
5085,51189289,13.1115552,1909,1723,1430,1704,1557,1323
5086,51199289,13.1129099,1905,1724,1433,1701,1558,1313
5087,51209289,13.1139486,1907,1715,1434,1704,1566,1290
5088,51219288,13.1148342,1905,1731,1429,1706,1557,1315
5089,51229289,13.1157249,1907,1725,1430,1704,1534,1316
5090,51239289,13.1177103,1895,1722,1430,1705,1558,1312
5091,51249289,13.119078,1903,1724,1469,1703,1552,1311
5092,51259289,13.1204391,1901,1727,1458,1705,1561,1312
5093,51269289,13.1212105,1904,1728,1437,1705,1556,1319
5094,51279289,13.1220727,1906,1727,1431,1710,1557,1317
5095,51289289,13.1228691,1907,1731,1431,1708,1559,1317
5096,51299289,13.123549,1903,1725,1431,1704,1552,1319
5097,51309289,13.1242989,1903,1721,1438,1702,1557,1311
5098,51319289,13.1254892,1908,1717,1428,1708,1557,1313
5099,51329289,13.1265196,1901,1722,1427,1706,1558,1314
5100,51339289,13.1276618,1905,1718,1429,1704,1562,1319
5101,51349289,13.1286816,1911,1726,1426,1707,1564,1315
5102,51359289,13.129411,1904,1725,1434,1706,1557,1325
5103,51369289,13.1301215,1904,1730,1429,1698,1558,1317
5104,51379289,13.130819,1904,1729,1429,1701,1558,1319
5105,51389289,13.1315302,1904,1725,1430,1707,1550,1296
5106,51399289,13.132585,1904,1712,1424,1683,1559,1315
5107,51409289,13.1338989,1899,1725,1437,1705,1553,1319
5108,51419289,13.1351912,1902,1728,1430,1704,1557,1317
5109,51429288,13.1365049,1906,1723,1433,1705,1553,1319
5110,51439289,13.1376455,1904,1725,1430,1701,1553,1320
5111,51449289,13.138681,1904,1723,1429,1705,1554,1346
5112,51459288,13.1400039,1904,1727,1431,1705,1556,1312
5113,51469289,13.1420996,1897,1725,1427,1704,1553,1314
5114,51479289,13.1432586,1898,1727,1430,1703,1560,1319
5115,51489289,13.1441894,1904,1722,1434,1706,1553,1319
5116,51499289,13.1450389,1898,1724,1433,1713,1558,1326
5117,51509289,13.1459628,1904,1722,1435,1701,1560,1314
5118,51519289,13.1469688,1914,1728,1430,1695,1561,1314
5119,51529288,13.1479624,1901,1717,1427,1705,1555,1314
5120,51539288,13.1496873,1904,1725,1439,1705,1555,1316
5121,51549289,13.1509548,1906,1726,1435,1708,1559,1320
5122,51559289,13.1522918,1903,1719,1425,1704,1557,1318
5123,51569289,13.1535456,1901,1722,1434,1708,1560,1321
5124,51579289,13.1547825,1901,1724,1426,1703,1555,1323
5125,51589289,13.1561141,1901,1725,1427,1706,1560,1313
5126,51599288,13.1570554,1911,1723,1428,1705,1552,1314
5127,51609289,13.1578473,1904,1729,1434,1705,1561,1319
5128,51619289,13.1586078,1899,1726,1435,1705,1557,1320
5129,51629289,13.1591213,1903,1722,1431,1696,1555,1320
5130,51639289,13.1597752,1904,1723,1430,1702,1561,1315
5131,51649289,13.1607462,1900,1722,1433,1700,1560,1317
5132,51659289,13.1614396,1903,1725,1434,1704,1558,1324
5133,51669288,13.1622079,1905,1723,1437,1703,1559,1311
5134,51679288,13.1631207,1904,1729,1434,1704,1553,1316
5135,51689288,13.1643862,1902,1737,1420,1701,1563,1316
5136,51699289,13.1652903,1903,1725,1437,1705,1559,1314
5137,51709289,13.1660652,1904,1718,1435,1703,1553,1315
5138,51719289,13.1667893,1904,1720,1430,1707,1557,1314
5139,51729289,13.1675695,1907,1722,1425,1705,1562,1314
5140,51739288,13.1683998,1899,1726,1430,1705,1557,1314
5141,51749288,13.1692814,1904,1729,1438,1703,1558,1319
5142,51759289,13.1699984,1903,1726,1434,1698,1561,1314
5143,51769289,13.170625,1904,1727,1433,1705,1559,1314
5144,51779289,13.17125,1899,1721,1437,1708,1556,1322
5145,51789288,13.1718854,1898,1719,1436,1707,1560,1314
5146,51799289,13.1725263,1904,1716,1453,1711,1557,1320
5147,51809289,13.1732095,1906,1723,1429,1702,1559,1323
5148,51819289,13.1738581,1905,1729,1429,1708,1557,1320
5149,51829288,13.1744617,1910,1722,1425,1706,1558,1316
5150,51839289,13.1751489,1901,1730,1443,1705,1560,1319
5151,51849289,13.1757866,1910,1727,1434,1703,1550,1312
5152,51859289,13.1763879,1902,1727,1435,1703,1557,1322
5153,51869289,13.1770451,1906,1725,1433,1713,1557,1317
5154,51879289,13.1776538,1907,1718,1437,1705,1560,1319
5155,51889289,13.1782849,1887,1717,1429,1705,1553,1317
5156,51899289,13.1795369,1904,1722,1430,1705,1561,1315
5157,51909289,13.1808902,1911,1725,1431,1705,1556,1312
5158,51919289,13.1818747,1903,1725,1445,1704,1559,1312
5159,51929289,13.1827152,1903,1723,1427,1704,1559,1323
5160,51939289,13.183641,1903,1726,1430,1711,1562,1319
5161,51949289,13.1845451,1909,1692,1439,1705,1555,1315
5162,51959289,13.1854064,1901,1721,1434,1705,1562,1311
5163,51969288,13.1861508,1904,1725,1425,1705,1561,1317
5164,51979289,13.1869356,1901,1727,1431,1708,1556,1323
5165,51989289,13.1878674,1904,1725,1433,1704,1557,1316
5166,51999289,13.1887727,1900,1728,1438,1701,1560,1321
5167,52009288,13.1894988,1905,1723,1424,1698,1559,1319
5168,52019289,13.1901677,1904,1728,1427,1705,1560,1321
5169,52029289,13.1908765,1905,1721,1433,1708,1557,1316
5170,52039289,13.1915366,1904,1723,1431,1708,1561,1327
5171,52049289,13.1922921,1905,1727,1435,1705,1553,1311
5172,52059289,13.1933052,1902,1721,1441,1706,1562,1315
5173,52069289,13.1942892,1894,1715,1431,1705,1557,1319
5174,52079289,13.1953942,1904,1725,1435,1705,1558,1310
5175,52089289,13.1962425,1905,1726,1429,1701,1553,1319
5176,52099289,13.1969787,1904,1726,1430,1697,1556,1319
5177,52109289,13.1976827,1892,1729,1431,1701,1557,1321
5178,52119289,13.1983327,1906,1726,1434,1700,1550,1323
5179,52129289,13.1989637,1901,1716,1429,1705,1558,1314
5180,52139289,13.1995981,1908,1723,1427,1705,1558,1303
5181,52149289,13.2003854,1888,1730,1433,1705,1559,1317
5182,52159289,13.2014596,1911,1718,1440,1705,1559,1323
5183,52169288,13.2022237,1902,1726,1430,1705,1559,1312
5184,52179289,13.2029016,1911,1725,1426,1707,1558,1312
5185,52189289,13.2035675,1903,1722,1434,1706,1559,1314
5186,52199289,13.2041935,1901,1725,1434,1700,1557,1314
5187,52209289,13.2049344,1899,1725,1425,1701,1553,1319
5188,52219289,13.2059192,1905,1721,1434,1705,1558,1325
5189,52229289,13.207057,1910,1723,1438,1710,1553,1311
5190,52239289,13.2078954,1900,1727,1435,1707,1557,1318
5191,52249289,13.208689,1901,1721,1436,1703,1562,1313
5192,52259289,13.2095254,1903,1723,1436,1709,1555,1317
5193,52269289,13.2102122,1907,1724,1443,1705,1556,1323
5194,52279289,13.2109487,1899,1727,1429,1705,1557,1325
5195,52289289,13.2123789,1910,1728,1433,1708,1561,1319
5196,52299289,13.2135953,1901,1723,1436,1705,1559,1316
5197,52309289,13.214665,1901,1725,1433,1703,1558,1315
5198,52319289,13.2156663,1910,1731,1431,1703,1557,1311
5199,52329289,13.2167216,1901,1722,1430,1709,1557,1314
5200,52339289,13.2176753,1885,1728,1427,1684,1557,1317
5201,52349289,13.2187764,1904,1722,1439,1718,1561,1320
5202,52359288,13.2198777,1904,1722,1437,1709,1560,1323
5203,52369288,13.2208657,1902,1727,1431,1691,1557,1317
5204,52379289,13.2218301,1897,1723,1437,1713,1560,1321
5205,52389289,13.2228198,1899,1718,1438,1708,1561,1315
5206,52399289,13.2237621,1904,1729,1437,1705,1562,1322
5207,52409289,13.2247402,1903,1725,1427,1704,1553,1316
5208,52419289,13.2256497,1904,1742,1437,1705,1539,1317
5209,52429288,13.2270114,1903,1711,1424,1704,1557,1328
5210,52439288,13.2287993,1899,1732,1426,1707,1559,1317
5211,52449289,13.2305237,1910,1738,1422,1697,1558,1342
5212,52459289,13.2315094,1901,1728,1433,1693,1552,1323
5213,52469289,13.2325558,1899,1725,1435,1714,1557,1319
5214,52479288,13.2343623,1903,1722,1438,1699,1560,1314
5215,52489288,13.2357515,1894,1717,1430,1705,1553,1325
5216,52499288,13.2370001,1906,1726,1439,1700,1560,1315
5217,52509288,13.2380522,1911,1725,1437,1722,1557,1325
5218,52519289,13.2390354,1904,1719,1439,1713,1557,1315
5219,52529288,13.2400697,1904,1722,1435,1708,1553,1319
5220,52539288,13.2411095,1904,1728,1434,1704,1559,1317
5221,52549289,13.242285,1897,1724,1435,1706,1545,1321
5222,52559288,13.2433101,1911,1722,1424,1705,1551,1317
5223,52569289,13.2440138,1904,1735,1441,1705,1561,1317
5224,52579288,13.2447478,1901,1727,1425,1697,1563,1319
5225,52589289,13.2455206,1903,1719,1427,1716,1562,1315
5226,52599288,13.2462548,1900,1717,1427,1705,1561,1323
5227,52609289,13.246972,1904,1723,1426,1705,1558,1313
5228,52619289,13.2476863,1909,1727,1440,1705,1556,1319
5229,52629289,13.248429,1909,1723,1431,1704,1553,1316
5230,52639288,13.2491778,1915,1725,1436,1701,1558,1314
5231,52649288,13.2498754,1904,1727,1424,1700,1557,1320
5232,52659289,13.2506396,1907,1725,1439,1705,1560,1326
5233,52669289,13.2513279,1902,1728,1436,1706,1546,1314
5234,52679289,13.2520573,1906,1727,1435,1708,1564,1319
5235,52689288,13.2528394,1904,1726,1439,1698,1559,1317
5236,52699289,13.2535304,1904,1725,1435,1705,1557,1314
5237,52709289,13.2542304,1904,1730,1428,1707,1553,1322
5238,52719288,13.2549534,1905,1728,1428,1704,1557,1319
5239,52729289,13.2556333,1891,1723,1426,1704,1552,1317
5240,52739289,13.2563558,1901,1725,1435,1711,1550,1313
5241,52749288,13.2570812,1909,1731,1424,1705,1553,1323
5242,52759289,13.2577973,1903,1727,1438,1698,1557,1313
5243,52769288,13.2592502,1903,1723,1427,1704,1548,1315
5244,52779288,13.260492,1901,1728,1437,1705,1560,1323
5245,52789289,13.2616141,1898,1722,1429,1727,1582,1319
5246,52799289,13.2627013,1904,1727,1437,1713,1560,1325
5247,52809289,13.2638327,1910,1725,1422,1706,1556,1319
5248,52819289,13.2647954,1904,1727,1435,1701,1562,1325
5249,52829289,13.2657615,1909,1712,1425,1707,1552,1315
5250,52839289,13.2666909,1904,1718,1438,1697,1556,1315
5251,52849288,13.2676264,1903,1734,1430,1716,1558,1319
5252,52859289,13.2684838,1901,1723,1429,1706,1557,1321
5253,52869289,13.2695215,1902,1726,1425,1706,1558,1313
5254,52879289,13.2704052,1901,1723,1431,1706,1558,1323
5255,52889289,13.2712291,1901,1726,1429,1705,1548,1316
5256,52899289,13.2722185,1902,1739,1424,1707,1559,1316
5257,52909288,13.2730562,1903,1727,1431,1705,1552,1319
5258,52919288,13.2743276,1902,1727,1434,1704,1553,1316
5259,52929289,13.2755301,1906,1729,1443,1703,1557,1323
5260,52939289,13.2765837,1903,1726,1425,1705,1553,1315
5261,52949289,13.277313,1904,1722,1428,1710,1548,1324
5262,52959289,13.2780477,1903,1725,1425,1705,1553,1320
5263,52969289,13.2788245,1910,1722,1435,1705,1562,1323
5264,52979289,13.279532,1913,1727,1456,1705,1556,1322
5265,52989289,13.2802535,1904,1723,1431,1702,1563,1320
5266,52999289,13.2809419,1905,1728,1431,1699,1560,1317
5267,53009289,13.2817109,1905,1727,1431,1702,1553,1320
5268,53019289,13.2824751,1906,1724,1429,1698,1553,1323
5269,53029289,13.2831751,1907,1725,1427,1701,1557,1325
5270,53039289,13.2838839,1910,1701,1431,1704,1556,1317
5271,53049289,13.2845802,1904,1714,1432,1705,1558,1320
5272,53059289,13.285403,1895,1726,1437,1716,1559,1323
5273,53069289,13.2863236,1902,1717,1429,1704,1560,1320
5274,53079289,13.2871434,1899,1721,1429,1705,1561,1319
5275,53089289,13.287856,1904,1728,1433,1709,1548,1337
5276,53099289,13.2885513,1904,1724,1435,1707,1559,1326
5277,53109289,13.2892357,1895,1725,1430,1703,1556,1319
5278,53119289,13.2906569,1904,1719,1429,1706,1562,1319
5279,53129289,13.2915025,1899,1713,1437,1704,1556,1313
5280,53139289,13.2921116,1894,1726,1434,1701,1560,1327
5281,53149289,13.2927288,1904,1725,1437,1703,1557,1323
5282,53159288,13.2933357,1906,1719,1440,1703,1562,1316
5283,53169288,13.2939914,1911,1722,1431,1706,1559,1324
5284,53179289,13.2946198,1906,1721,1428,1705,1562,1319
5285,53189289,13.2952768,1904,1724,1427,1708,1561,1319
5286,53199288,13.2958945,1903,1720,1434,1705,1553,1337
5287,53209289,13.2965385,1904,1723,1450,1704,1553,1317
5288,53219289,13.2971251,1910,1723,1428,1704,1553,1319
5289,53229289,13.2977487,1904,1728,1441,1705,1552,1319
5290,53239289,13.2983576,1904,1721,1431,1709,1555,1319
5291,53249289,13.2996264,1899,1723,1425,1705,1553,1319
5292,53259289,13.3009153,1904,1725,1425,1706,1553,1337
5293,53269289,13.3025169,1919,1724,1425,1704,1558,1323
5294,53279289,13.3037778,1903,1722,1398,1704,1553,1315
5295,53289289,13.3049967,1903,1722,1419,1705,1559,1323
5296,53299289,13.3111538,1895,1724,1439,1704,1553,1319
5297,53309289,13.3125178,1899,1717,1431,1704,1560,1314
5298,53319289,13.3154284,1895,1725,1454,1704,1557,1298
5299,53329289,13.3168686,1902,1718,1436,1704,1557,1311
5300,53339289,13.3180366,1901,1726,1438,1705,1558,1320
5301,53349288,13.3191994,1902,1728,1431,1718,1562,1312
5302,53359289,13.3205322,1904,1726,1434,1705,1557,1321
5303,53369289,13.3217522,1904,1726,1429,1705,1558,1319
5304,53379289,13.3228336,1905,1727,1425,1705,1553,1320
5305,53389289,13.323959,1904,1725,1424,1706,1557,1319
5306,53399289,13.3251604,1898,1726,1430,1705,1561,1311
5307,53409289,13.3264197,1904,1727,1430,1705,1562,1310
5308,53419289,13.327711,1903,1726,1429,1705,1540,1316
5309,53429288,13.3288844,1904,1720,1430,1708,1558,1314
5310,53439289,13.3299854,1892,1725,1438,1706,1563,1323
5311,53449289,13.3310928,1904,1722,1441,1713,1563,1319
5312,53459289,13.3322279,1904,1721,1439,1704,1565,1323
5313,53469289,13.3335711,1904,1723,1426,1704,1548,1300
5314,53479289,13.3347988,1899,1728,1435,1707,1555,1316
5315,53489289,13.3359797,1904,1724,1439,1700,1559,1314
5316,53499289,13.3372782,1901,1721,1424,1705,1547,1320
5317,53509289,13.3382673,1904,1718,1445,1705,1553,1319
5318,53519289,13.3392606,1904,1726,1435,1708,1561,1299
5319,53529289,13.3401794,1904,1720,1437,1693,1550,1334
5320,53539289,13.3411498,1901,1721,1446,1704,1560,1320
5321,53549289,13.3421301,1904,1731,1438,1705,1561,1328
5322,53559289,13.3433226,1901,1728,1427,1706,1557,1323
5323,53569289,13.3445828,1907,1725,1441,1704,1561,1316
5324,53579289,13.3463968,1903,1727,1437,1704,1560,1321
5325,53589289,13.3478139,1909,1719,1441,1700,1559,1315
5326,53599289,13.3492125,1899,1723,1428,1704,1574,1316
5327,53609289,13.3505452,1904,1724,1426,1705,1561,1290
5328,53619289,13.3517902,1901,1726,1430,1705,1562,1323
5329,53629288,13.3532205,1905,1722,1424,1711,1558,1316
5330,53639290,13.3549727,1903,1713,1401,1708,1553,1312
5331,53649289,13.3559893,1899,1725,1463,1713,1562,1311
5332,53659289,13.3568447,1903,1725,1434,1704,1559,1322
5333,53669289,13.3576993,1904,1729,1433,1713,1555,1314
5334,53679289,13.3584476,1900,1723,1437,1705,1558,1317
5335,53689289,13.3591507,1903,1723,1437,1702,1558,1317
5336,53699289,13.3598561,1905,1723,1430,1706,1559,1323
5337,53709288,13.3604742,1910,1718,1430,1696,1561,1319
5338,53719289,13.3610772,1905,1726,1434,1708,1556,1321
5339,53729289,13.3617835,1905,1724,1426,1704,1553,1312
5340,53739289,13.3624882,1899,1723,1430,1702,1557,1323
5341,53749289,13.363199,1910,1728,1431,1703,1553,1325
5342,53759288,13.3639623,1903,1728,1430,1705,1560,1315
5343,53769289,13.3647419,1894,1719,1424,1705,1557,1315
5344,53779289,13.3654784,1901,1721,1430,1705,1559,1323
5345,53789289,13.3661491,1904,1722,1438,1705,1558,1323
5346,53799289,13.3668342,1904,1725,1442,1705,1560,1321
5347,53809289,13.3679948,1899,1725,1439,1695,1559,1322
5348,53819289,13.369395,1910,1723,1456,1705,1559,1322
5349,53829288,13.3707933,1904,1725,1435,1705,1555,1315
5350,53839289,13.3731653,1915,1715,1436,1721,1560,1317
5351,53849289,13.3756094,1911,1729,1435,1703,1553,1323
5352,53859289,13.398078,1891,1727,1434,1706,1560,1317
5353,53869289,13.39906,1907,1728,1435,1705,1561,1327
5354,53879288,13.4004847,1900,1721,1433,1705,1553,1319
5355,53889289,13.401615,1909,1725,1436,1706,1557,1342
5356,53899289,13.402764,1909,1723,1430,1709,1559,1316
5357,53909288,13.4039305,1905,1725,1433,1708,1559,1320
5358,53919289,13.4051144,1903,1742,1425,1704,1559,1316
5359,53929289,13.408481,1904,1725,1430,1706,1561,1321
5360,53939289,13.4100123,1905,1723,1456,1703,1547,1325
5361,53949289,13.4113691,1904,1728,1424,1703,1559,1319
5362,53959289,13.412548,1904,1730,1432,1705,1555,1319
5363,53969289,13.4137751,1903,1729,1435,1701,1556,1316
5364,53979289,13.4151653,1904,1741,1431,1703,1553,1317
5365,53989289,13.4167765,1906,1726,1429,1696,1548,1315
5366,53999289,13.417942,1903,1721,1426,1699,1556,1323
5367,54009289,13.4194733,1903,1708,1431,1704,1555,1315
5368,54019289,13.4204942,1904,1728,1431,1706,1560,1320
5369,54029289,13.4217099,1883,1728,1434,1704,1557,1315
5370,54039289,13.4229014,1903,1720,1427,1707,1553,1317
5371,54049289,13.4240715,1904,1722,1435,1707,1557,1317
5372,54059289,13.4250729,1904,1725,1434,1705,1548,1314
5373,54069289,13.4261144,1898,1725,1424,1705,1557,1322
5374,54079289,13.4274369,1907,1723,1438,1711,1556,1316
5375,54089289,13.4290862,1902,1727,1439,1702,1560,1317
5376,54099289,13.4300663,1902,1725,1436,1700,1553,1322
5377,54109289,13.4308365,1904,1719,1438,1705,1558,1316
5378,54119288,13.4316693,1902,1723,1430,1710,1556,1323
5379,54129289,13.4328062,1904,1723,1427,1705,1562,1328
5380,54139289,13.4336204,1903,1724,1427,1706,1553,1320
5381,54149289,13.4343017,1903,1731,1435,1705,1558,1320
5382,54159289,13.4358947,1904,1723,1435,1707,1538,1322
5383,54169288,13.4370094,1902,1729,1441,1713,1553,1319
5384,54179289,13.4385217,1903,1717,1427,1706,1557,1321
5385,54189289,13.4419515,1904,1728,1435,1704,1559,1315
5386,54199289,13.4442138,1893,1712,1433,1709,1557,1312
5387,54209289,13.4453045,1905,1725,1433,1703,1549,1323
5388,54219289,13.4467386,1905,1726,1432,1703,1557,1320
5389,54229289,13.4476285,1902,1726,1437,1705,1552,1323
5390,54239288,13.4485497,1908,1723,1430,1704,1557,1315
5391,54249289,13.4495014,1905,1728,1431,1709,1555,1325
5392,54259289,13.4503956,1895,1729,1439,1707,1560,1322
5393,54269289,13.4513701,1904,1725,1429,1694,1557,1322
5394,54279289,13.4537319,1908,1728,1437,1704,1560,1323
5395,54289288,13.4550893,1883,1727,1431,1711,1560,1325
5396,54299289,13.4565403,1903,1723,1431,1705,1557,1314
5397,54309289,13.4577882,1889,1727,1436,1696,1561,1315
5398,54319289,13.4589368,1899,1721,1433,1703,1561,1317
5399,54329289,13.4600498,1902,1724,1432,1705,1562,1319
5400,54339289,13.4612425,1900,1723,1442,1705,1555,1323
5401,54349288,13.4626577,1904,1719,1436,1706,1555,1323
5402,54359289,13.4638446,1906,1726,1434,1700,1557,1314
5403,54369288,13.4649889,1904,1717,1437,1705,1553,1317
5404,54379289,13.4661264,1906,1719,1436,1707,1555,1321
5405,54389289,13.4673275,1906,1723,1429,1710,1556,1320
5406,54399289,13.468564,1902,1743,1429,1703,1559,1311
5407,54409289,13.469899,1903,1727,1440,1704,1550,1315
5408,54419289,13.4710658,1903,1722,1433,1699,1557,1319
5409,54429289,13.4721544,1906,1722,1425,1706,1555,1323
5410,54439289,13.473275,1897,1722,1437,1705,1558,1319
5411,54449289,13.4745331,1913,1719,1430,1704,1556,1323
5412,54459289,13.4758026,1907,1719,1425,1705,1557,1330
5413,54469289,13.4765014,1899,1722,1424,1703,1560,1316
5414,54479289,13.4771468,1906,1724,1441,1703,1553,1312
5415,54489289,13.4784928,1913,1726,1429,1704,1556,1317
5416,54499289,13.4797054,1904,1725,1430,1700,1557,1315
5417,54509289,13.4810162,1904,1725,1431,1705,1559,1323
5418,54519289,13.4822605,1903,1726,1418,1701,1553,1323
5419,54529288,13.4835411,1904,1723,1431,1705,1556,1319
5420,54539289,13.4843774,1899,1714,1433,1704,1558,1317
5421,54549289,13.4851806,1902,1721,1424,1704,1553,1322
5422,54559289,13.4860597,1904,1717,1429,1713,1560,1320
5423,54569288,13.4870697,1912,1722,1433,1699,1556,1317
5424,54579289,13.4879313,1907,1727,1437,1706,1553,1314
5425,54589288,13.4887705,1904,1727,1437,1707,1560,1317
5426,54599289,13.4895454,1905,1726,1433,1705,1559,1317
5427,54609288,13.4903301,1903,1730,1425,1705,1561,1319
5428,54619289,13.4910725,1895,1719,1435,1702,1555,1319
5429,54629289,13.4918178,1901,1724,1436,1705,1557,1314
5430,54639289,13.4926034,1904,1728,1437,1696,1557,1311
5431,54649289,13.4934194,1904,1719,1435,1706,1557,1317
5432,54659288,13.4943952,1904,1726,1435,1708,1557,1323
5433,54669288,13.4951716,1905,1733,1431,1707,1560,1322
5434,54679289,13.4961353,1899,1731,1433,1705,1558,1325
5435,54689289,13.4970061,1904,1729,1439,1705,1560,1323
5436,54699289,13.4978998,1904,1719,1428,1696,1557,1324
5437,54709288,13.4987397,1909,1728,1426,1706,1557,1317
5438,54719289,13.4995908,1904,1726,1442,1706,1562,1319
5439,54729289,13.5004285,1899,1726,1431,1708,1552,1314
5440,54739289,13.5012425,1903,1725,1433,1701,1559,1327
5441,54749289,13.5020509,1904,1725,1428,1701,1559,1317
5442,54759289,13.5029446,1901,1729,1441,1706,1558,1320
5443,54769289,13.5038774,1899,1728,1431,1698,1556,1320
5444,54779289,13.5048486,1906,1722,1434,1701,1560,1319
5445,54789289,13.5059014,1904,1728,1437,1704,1557,1317
5446,54799289,13.5070317,1904,1725,1412,1707,1553,1319
5447,54809289,13.507966,1904,1723,1435,1704,1564,1323
5448,54819289,13.5087458,1905,1719,1434,1705,1560,1337
5449,54829289,13.5100475,1900,1728,1435,1711,1560,1314
5450,54839289,13.5109201,1902,1721,1438,1705,1549,1314
5451,54849288,13.5115914,1903,1727,1430,1704,1555,1316
5452,54859289,13.5123157,1904,1729,1426,1705,1555,1323
5453,54869288,13.5130428,1910,1731,1435,1708,1559,1319
5454,54879288,13.5138173,1906,1723,1434,1704,1561,1319
5455,54889289,13.5144944,1904,1728,1431,1718,1550,1319
5456,54899289,13.5152294,1904,1726,1430,1709,1563,1322
5457,54909288,13.5160248,1892,1723,1434,1704,1556,1312
5458,54919288,13.5168373,1905,1714,1433,1706,1556,1315
5459,54929289,13.5176956,1904,1728,1431,1705,1553,1324
5460,54939289,13.518545,1901,1725,1443,1701,1562,1317
5461,54949289,13.5192539,1907,1725,1429,1704,1556,1323
5462,54959289,13.5200451,1904,1723,1435,1707,1558,1319
5463,54969289,13.5209295,1905,1712,1441,1718,1552,1316
5464,54979288,13.5217028,1903,1728,1431,1705,1558,1307
5465,54989288,13.5224018,1899,1718,1434,1713,1558,1312
5466,54999289,13.5232751,1905,1728,1438,1710,1555,1317
5467,55009289,13.5239348,1904,1729,1434,1701,1565,1319
5468,55019289,13.5248137,1904,1725,1431,1708,1558,1316
5469,55029289,13.5263264,1904,1734,1435,1705,1557,1324
5470,55039288,13.527256,1904,1728,1427,1707,1561,1322
5471,55049289,13.5280559,1918,1724,1433,1705,1562,1313
5472,55059289,13.5287627,1905,1727,1435,1716,1562,1317
5473,55069288,13.5294326,1906,1729,1434,1704,1572,1326
5474,55079289,13.5303875,1907,1726,1429,1705,1557,1322
5475,55089289,13.5313034,1904,1729,1434,1708,1550,1317
5476,55099289,13.5320081,1904,1723,1432,1707,1561,1318
5477,55109289,13.5327385,1901,1722,1424,1705,1565,1319
5478,55119289,13.5334753,1906,1725,1428,1707,1559,1317
5479,55129289,13.5341587,1895,1715,1434,1705,1556,1314
5480,55139289,13.5348606,1905,1717,1431,1705,1560,1319
5481,55149288,13.536006,1903,1717,1426,1704,1557,1325
5482,55159289,13.5372522,1905,1719,1432,1706,1560,1325
5483,55169289,13.5383474,1907,1726,1449,1707,1558,1313
5484,55179289,13.5394472,1904,1728,1435,1707,1560,1310
5485,55189289,13.5410524,1902,1721,1439,1701,1562,1323
5486,55199288,13.5423793,1902,1728,1434,1704,1564,1315
5487,55209289,13.5436588,1901,1725,1439,1702,1561,1332
5488,55219289,13.5448748,1910,1723,1430,1704,1561,1320
5489,55229288,13.5460417,1904,1723,1459,1711,1557,1319
5490,55239289,13.5472371,1903,1730,1441,1704,1555,1322
5491,55249289,13.5484476,1903,1730,1423,1710,1553,1316
5492,55259289,13.5497538,1904,1726,1434,1705,1561,1319
5493,55269289,13.5509674,1920,1714,1438,1705,1562,1320
5494,55279288,13.5516751,1883,1725,1433,1703,1563,1314
5495,55289289,13.5524482,1902,1718,1447,1705,1551,1316
5496,55299289,13.5534145,1915,1726,1424,1705,1560,1320
5497,55309289,13.5544436,1905,1727,1429,1704,1552,1320
5498,55319289,13.5552804,1904,1724,1447,1704,1563,1319
5499,55329289,13.5562944,1904,1719,1435,1701,1563,1321
5500,55339289,13.5572664,1903,1730,1438,1705,1553,1316
5501,55349289,13.5582786,1904,1730,1429,1704,1560,1310
5502,55359289,13.5591977,1897,1725,1437,1706,1553,1322
5503,55369289,13.5600104,1883,1724,1436,1699,1550,1314
5504,55379289,13.5608178,1901,1721,1413,1705,1561,1319
5505,55389289,13.5618622,1897,1728,1439,1704,1561,1316
5506,55399289,13.5629962,1911,1726,1439,1710,1557,1317
5507,55409288,13.5641516,1904,1727,1427,1704,1562,1322
5508,55419289,13.5653323,1901,1722,1430,1707,1556,1337
5509,55429289,13.5661702,1906,1725,1424,1705,1558,1319
5510,55439289,13.5670975,1905,1725,1435,1690,1559,1323
5511,55449289,13.5679493,1909,1725,1433,1711,1559,1317
5512,55459289,13.5689684,1904,1725,1439,1708,1556,1317
5513,55469289,13.5699483,1904,1731,1435,1708,1559,1320
5514,55479288,13.5709597,1905,1741,1434,1710,1557,1320
5515,55489289,13.5726181,1902,1722,1435,1705,1550,1313
5516,55499289,13.5738962,1902,1733,1438,1707,1558,1326
5517,55509288,13.5749191,1899,1719,1438,1706,1549,1314
5518,55519288,13.5757196,1904,1728,1424,1700,1559,1320
5519,55529289,13.5765023,1904,1726,1435,1708,1559,1322
5520,55539289,13.577753,1900,1725,1434,1704,1562,1319
5521,55549289,13.5789253,1901,1723,1431,1705,1562,1316
5522,55559288,13.5801518,1903,1722,1435,1704,1560,1323
5523,55569289,13.5812473,1907,1718,1456,1705,1556,1322
5524,55579289,13.5821412,1904,1737,1437,1704,1561,1322
5525,55589289,13.583109,1895,1712,1429,1699,1559,1337
5526,55599289,13.5841694,1907,1727,1445,1707,1553,1319
5527,55609289,13.5851365,1904,1725,1435,1705,1562,1315
5528,55619289,13.5861445,1905,1722,1430,1705,1558,1320
5529,55629289,13.5869916,1904,1723,1435,1704,1555,1317
5530,55639289,13.5880488,1904,1723,1443,1704,1557,1326
5531,55649289,13.5895936,1899,1728,1435,1701,1558,1314
5532,55659289,13.5907027,1894,1728,1442,1707,1558,1317
5533,55669289,13.5917485,1901,1719,1444,1703,1555,1322
5534,55679288,13.592898,1903,1720,1430,1704,1556,1315
5535,55689289,13.5939624,1903,1723,1430,1705,1552,1323
5536,55699289,13.5949998,1905,1725,1443,1704,1556,1319
5537,55709289,13.5962631,1902,1725,1439,1707,1561,1319
5538,55719289,13.5976164,1901,1726,1442,1708,1552,1318
5539,55729289,13.5990762,1904,1727,1436,1706,1568,1332
5540,55739289,13.6001374,1904,1726,1434,1710,1562,1317
5541,55749289,13.6009241,1883,1729,1431,1718,1557,1317
5542,55759289,13.6018309,1894,1721,1438,1703,1562,1319
5543,55769289,13.6031383,1902,1719,1424,1708,1553,1318
5544,55779288,13.6043711,1903,1724,1431,1705,1561,1324
5545,55789289,13.605345,1903,1723,1433,1705,1558,1317
5546,55799289,13.6063806,1904,1728,1431,1677,1561,1313
5547,55809289,13.6072638,1918,1725,1434,1705,1558,1321
5548,55819289,13.6082621,1904,1722,1434,1705,1557,1319
5549,55829289,13.6093052,1906,1725,1431,1705,1559,1323
5550,55839289,13.6102615,1904,1719,1434,1704,1559,1320
5551,55849288,13.6111039,1911,1725,1434,1705,1557,1312
5552,55859289,13.6120484,1899,1727,1453,1708,1562,1320
5553,55869289,13.612936,1899,1725,1431,1707,1555,1319
5554,55879289,13.6137723,1904,1726,1427,1710,1557,1315
5555,55889289,13.6146011,1904,1728,1437,1700,1559,1319
5556,55899289,13.6155692,1903,1727,1451,1704,1558,1320
5557,55909289,13.6165193,1905,1712,1432,1701,1557,1314
5558,55919289,13.6176026,1902,1726,1430,1707,1559,1325
5559,55929289,13.6192851,1899,1728,1442,1706,1557,1317
5560,55939289,13.6208133,1904,1724,1446,1705,1558,1322
5561,55949289,13.6217594,1905,1732,1433,1708,1559,1312
5562,55959289,13.6225868,1904,1719,1440,1705,1552,1313
5563,55969289,13.6233697,1903,1721,1451,1705,1556,1322
5564,55979289,13.6241152,1908,1727,1431,1708,1560,1324
5565,55989289,13.6248145,1904,1722,1434,1714,1558,1311
5566,55999289,13.6255143,1902,1722,1439,1705,1557,1319
5567,56009289,13.6263067,1906,1722,1433,1698,1551,1321
5568,56019289,13.6270704,1906,1723,1439,1705,1562,1313
5569,56029289,13.6278915,1904,1723,1446,1704,1560,1320
5570,56039288,13.6287384,1904,1725,1441,1709,1553,1319
5571,56049289,13.6297223,1894,1715,1411,1704,1553,1298
5572,56059289,13.6305651,1894,1724,1441,1704,1572,1323
5573,56069289,13.631412,1904,1722,1434,1704,1560,1317
5574,56079289,13.6324618,1905,1717,1431,1696,1555,1318
5575,56089288,13.6334675,1904,1729,1431,1700,1564,1315
5576,56099289,13.6350667,1907,1722,1437,1698,1561,1317
5577,56109289,13.6364883,1898,1722,1426,1701,1558,1317
5578,56119289,13.6375163,1904,1723,1450,1705,1556,1340
5579,56129289,13.6384425,1902,1727,1430,1704,1569,1315
5580,56139289,13.6392586,1902,1726,1430,1708,1559,1291
5581,56149289,13.640083,1899,1729,1435,1705,1560,1314
5582,56159289,13.6409255,1902,1725,1458,1708,1557,1323
5583,56169289,13.6424093,1904,1725,1431,1705,1558,1316
5584,56179289,13.6439017,1909,1724,1435,1699,1559,1327
5585,56189288,13.6447489,1902,1723,1450,1704,1559,1319
5586,56199289,13.6454879,1905,1726,1439,1705,1560,1317
5587,56209288,13.6464134,1904,1729,1430,1698,1559,1317
5588,56219289,13.6473513,1904,1726,1410,1711,1559,1324
5589,56229289,13.6481819,1904,1719,1425,1705,1562,1300
5590,56239288,13.6490647,1899,1723,1436,1703,1561,1319
5591,56249289,13.6502752,1910,1727,1423,1698,1552,1317
5592,56259288,13.6511686,1907,1723,1431,1703,1560,1311
5593,56269289,13.6519979,1897,1722,1445,1696,1548,1332
5594,56279289,13.6529324,1902,1714,1430,1705,1560,1320
5595,56289289,13.6540215,1904,1723,1437,1708,1561,1323
5596,56299289,13.6550875,1902,1725,1413,1704,1556,1316
5597,56309289,13.6560041,1904,1727,1428,1705,1554,1303
5598,56319289,13.6569218,1914,1721,1429,1706,1561,1323
5599,56329288,13.6577632,1904,1719,1434,1701,1561,1341
5600,56339289,13.6585935,1911,1723,1430,1703,1573,1314
5601,56349289,13.6593753,1903,1723,1434,1703,1557,1317
5602,56359289,13.6601782,1903,1722,1435,1703,1563,1319
5603,56369289,13.660935,1899,1717,1435,1702,1555,1317
5604,56379289,13.6617791,1904,1728,1438,1705,1543,1313
5605,56389289,13.6626143,1905,1726,1431,1707,1546,1313
5606,56399289,13.6633976,1902,1726,1431,1700,1556,1319
5607,56409289,13.664172,1905,1727,1435,1712,1557,1319
5608,56419289,13.6648969,1906,1724,1441,1705,1557,1319
5609,56429289,13.6659213,1904,1719,1434,1708,1557,1323
5610,56439289,13.6668234,1904,1723,1435,1708,1561,1327
5611,56449289,13.6675828,1904,1726,1440,1706,1562,1319
5612,56459290,13.6683595,1911,1725,1429,1705,1557,1322
5613,56469289,13.6691085,1904,1728,1429,1705,1561,1317
5614,56479289,13.6698797,1900,1725,1425,1704,1557,1317
5615,56489289,13.6706546,1920,1721,1437,1686,1558,1319
5616,56499289,13.6714246,1909,1727,1434,1706,1560,1321
5617,56509289,13.6721862,1904,1725,1424,1708,1562,1322
5618,56519289,13.6729626,1911,1719,1441,1705,1564,1319
5619,56529289,13.6737125,1904,1727,1437,1718,1557,1304
5620,56539289,13.6744693,1906,1727,1434,1701,1553,1320
5621,56549289,13.6752269,1904,1723,1455,1696,1557,1320
5622,56559289,13.6760215,1879,1715,1431,1705,1557,1316
5623,56569289,13.676751,1900,1719,1437,1703,1555,1319
5624,56579288,13.6774946,1903,1728,1430,1705,1557,1319
5625,56589289,13.6782624,1904,1731,1437,1705,1557,1317
5626,56599289,13.6789701,1904,1727,1433,1698,1557,1319
5627,56609289,13.6796886,1901,1729,1456,1710,1562,1315
5628,56619288,13.6804826,1902,1728,1437,1705,1559,1320
5629,56629289,13.6813554,1918,1724,1437,1707,1560,1311
5630,56639289,13.6823637,1898,1729,1437,1710,1576,1319
5631,56649289,13.6830716,1902,1725,1430,1705,1560,1323
5632,56659289,13.6838243,1905,1728,1430,1705,1557,1330
5633,56669289,13.6845852,1900,1726,1427,1704,1553,1316
5634,56679289,13.6851009,1905,1721,1435,1704,1562,1325
5635,56689289,13.6856445,1906,1727,1437,1708,1557,1320
5636,56699289,13.6861294,1899,1719,1439,1705,1561,1319
5637,56709289,13.6866171,1902,1726,1438,1698,1558,1314
5638,56719289,13.6870711,1899,1721,1425,1705,1561,1329
5639,56729289,13.6876083,1905,1727,1435,1700,1562,1319
5640,56739289,13.6881705,1904,1726,1425,1718,1553,1325
5641,56749289,13.6887155,1905,1717,1427,1706,1559,1302
5642,56759289,13.6891575,1903,1728,1427,1692,1553,1319
5643,56769289,13.6895793,1904,1724,1434,1705,1559,1319
5644,56779289,13.6899893,1910,1726,1424,1704,1553,1319
5645,56789289,13.6905324,1898,1723,1429,1700,1562,1320
5646,56799289,13.6909768,1893,1713,1421,1705,1560,1320
5647,56809289,13.6914175,1901,1728,1440,1706,1557,1314
5648,56819289,13.6919978,1902,1728,1441,1710,1556,1322
5649,56829289,13.6925624,1900,1723,1427,1705,1553,1319
5650,56839289,13.6930451,1898,1719,1430,1705,1555,1320
5651,56849289,13.6936122,1904,1719,1427,1700,1558,1319
5652,56859289,13.6942889,1906,1718,1431,1703,1558,1320
5653,56869289,13.6950465,1907,1725,1436,1702,1555,1323
5654,56879288,13.6956927,1890,1718,1438,1704,1560,1322
5655,56889289,13.6962827,1905,1727,1439,1707,1557,1320
5656,56899289,13.6979744,1906,1724,1434,1704,1553,1323
5657,56909288,13.6989228,1902,1721,1433,1708,1561,1315
5658,56919289,13.7000064,1901,1727,1427,1717,1558,1325
5659,56929289,13.7008909,1906,1726,1431,1711,1555,1317
5660,56939289,13.7016824,1904,1718,1425,1706,1558,1322
5661,56949289,13.7056171,1900,1725,1435,1704,1555,1322
5662,56959289,13.8257774,1881,1721,1435,1705,1553,1319
5663,56969289,13.8268363,1898,1722,1435,1704,1560,1323
5664,56979289,13.8277934,1904,1719,1439,1709,1558,1325
5665,56989289,13.8286952,1901,1725,1433,1705,1557,1315
5666,56999289,13.829472,1904,1723,1437,1704,1563,1319
5667,57009288,13.8302613,1905,1725,1431,1705,1563,1320
5668,57019289,13.8310589,1895,1725,1436,1702,1560,1319
5669,57029289,13.8318311,1899,1725,1434,1697,1560,1323
5670,57039289,13.8325927,1899,1727,1435,1707,1557,1317
5671,57049289,13.8333834,1902,1726,1440,1704,1555,1315
5672,57059289,13.8342254,1907,1726,1441,1713,1560,1323
5673,57069289,13.8351924,1904,1721,1431,1709,1562,1320
5674,57079289,13.8361469,1904,1729,1442,1704,1559,1316
5675,57089289,14.4504768,1906,1727,1435,1706,1559,1323
5676,57099289,14.4527259,1904,1728,1433,1707,1560,1319
5677,57109289,14.4539526,1904,1718,1425,1704,1559,1317
5678,57119289,14.4551023,1903,1726,1439,1705,1547,1322
5679,57129289,14.4564049,1904,1723,1431,1703,1560,1321
5680,57139289,14.4577326,1906,1728,1431,1703,1559,1316
5681,57149289,14.4588973,1904,1719,1428,1705,1559,1319
5682,57159289,14.4598304,1904,1727,1434,1705,1556,1322
5683,57169289,14.4606593,1902,1724,1431,1707,1560,1314
5684,57179289,14.4616812,1903,1723,1435,1708,1562,1325
5685,57189289,14.462565,1905,1726,1434,1706,1560,1312
5686,57199289,14.4636151,1904,1727,1434,1704,1553,1325
5687,57209289,14.4647025,1896,1727,1435,1711,1557,1323
5688,57219289,14.4663472,1909,1722,1431,1706,1566,1320
5689,57229288,14.4685671,1904,1727,1434,1705,1557,1319
5690,57239289,14.4699371,1903,1722,1429,1705,1557,1320
5691,57249289,14.4712006,1909,1717,1437,1704,1556,1319
5692,57259289,14.4728776,1886,1728,1435,1708,1557,1317
5693,57269289,14.4739082,1898,1727,1433,1700,1553,1321
5694,57279289,14.4756745,1906,1717,1434,1706,1552,1319
5695,57289288,14.478869,1901,1725,1431,1711,1556,1323
5696,57299289,14.4799315,1904,1726,1431,1708,1558,1314
5697,57309289,14.4808575,1905,1725,1437,1705,1566,1325
5698,57319289,14.481719,1903,1725,1447,1704,1548,1323
5699,57329288,14.4829988,1901,1723,1427,1708,1557,1319
5700,57339289,14.4846722,1904,1722,1438,1704,1559,1320
5701,57349289,14.4874147,1904,1726,1430,1706,1561,1314
5702,57359289,14.4904107,1898,1721,1428,1705,1553,1328
5703,57369289,14.4920772,1902,1721,1436,1703,1553,1317
5704,57379289,14.4934556,1904,1726,1437,1701,1562,1319
5705,57389289,14.4946988,1903,1722,1441,1706,1559,1319
5706,57399289,14.496002,1904,1733,1423,1705,1559,1315
5707,57409288,14.4971217,1909,1717,1435,1710,1558,1320
5708,57419289,14.4989799,1904,1720,1431,1708,1561,1301
5709,57429289,14.5002243,1907,1723,1431,1705,1566,1311
5710,57439288,14.5020668,1899,1727,1434,1706,1558,1317
5711,57449289,14.5044487,1904,1725,1437,1708,1555,1314
5712,57459289,14.5068559,1907,1719,1429,1705,1562,1323
5713,57469289,14.5085713,1898,1719,1431,1704,1562,1317
5714,57479289,14.509961,1905,1725,1430,1703,1556,1319
5715,57489289,14.5114256,1897,1725,1429,1706,1560,1314
5716,57499289,14.5125781,1903,1728,1435,1710,1557,1312
5717,57509289,14.5140676,1903,1729,1403,1705,1562,1319
5718,57519289,14.5150254,1903,1730,1425,1708,1552,1316
5719,57529289,14.5158477,1904,1723,1430,1690,1553,1315
5720,57539289,14.5166706,1903,1730,1431,1705,1556,1299
5721,57549289,14.5175212,1906,1727,1438,1707,1561,1327
5722,57559289,14.5182848,1905,1724,1436,1699,1557,1320
5723,57569289,14.5195618,1883,1722,1434,1728,1555,1325
5724,57579289,14.520867,1902,1721,1431,1704,1565,1320
5725,57589289,14.5223791,1904,1742,1429,1705,1562,1323
5726,57599289,14.5241353,1904,1729,1431,1705,1559,1319
5727,57609289,14.525622,1904,1729,1431,1708,1561,1319
5728,57619289,14.5273353,1905,1729,1437,1704,1557,1320
5729,57629289,14.5301681,1904,1723,1431,1707,1559,1323
5730,57639289,14.531802,1906,1727,1434,1706,1557,1326
5731,57649289,14.5330638,1899,1727,1430,1705,1560,1314
5732,57659289,14.5343757,1903,1712,1432,1707,1557,1324
5733,57669289,14.5357526,1907,1729,1435,1713,1557,1317
5734,57679289,14.5400364,1901,1722,1430,1705,1557,1322
5735,57689289,14.5417627,1902,1725,1433,1704,1558,1324
5736,57699289,14.5432062,1897,1725,1425,1708,1571,1317
5737,57709289,14.5462037,1915,1727,1431,1704,1556,1325
5738,57719289,14.5474108,1901,1740,1436,1705,1559,1327
5739,57729289,14.5484973,1904,1722,1438,1703,1560,1314
5740,57739289,14.5494435,1910,1725,1428,1705,1553,1314
5741,57749289,14.5506168,1904,1727,1429,1700,1558,1311
5742,57759289,14.5518344,1903,1726,1438,1704,1563,1320
5743,57769288,14.5545877,1907,1719,1437,1705,1559,1318
5744,57779289,14.5583173,1907,1721,1441,1708,1561,1323
5745,57789289,14.559861,1902,1730,1436,1701,1559,1319
5746,57799289,14.5624655,1907,1744,1440,1698,1562,1326
5747,57809288,15.5182202,1904,1734,1426,1704,1561,1311
5748,57819288,15.5210249,1901,1741,1430,1704,1566,1313
5749,57829289,15.5225591,1916,1728,1431,1704,1560,1316
5750,57839289,15.5238301,1904,1719,1436,1705,1557,1322
5751,57849289,15.5255251,1901,1714,1425,1705,1561,1317
5752,57859289,15.5286016,1904,1722,1430,1705,1558,1329
5753,57869289,15.5307978,1905,1729,1433,1709,1556,1341
5754,57879289,15.533804,1909,1723,1435,1707,1558,1315
5755,57889289,15.5381325,1921,1726,1426,1711,1558,1314
5756,57899289,15.539666,1879,1725,1428,1705,1560,1326
5757,57909288,15.5410447,1906,1719,1427,1704,1556,1319
5758,57919289,15.5423172,1904,1719,1435,1704,1560,1323
5759,57929288,15.5437169,1887,1723,1425,1704,1553,1320
5760,57939289,15.5456394,1907,1727,1431,1705,1560,1326
5761,57949289,15.5476942,1904,1731,1430,1708,1557,1317
5762,57959289,15.5547467,1904,1717,1430,1705,1557,1320
5763,57969289,15.5586373,1904,1725,1441,1689,1560,1308
5764,57979289,15.5605282,1904,1729,1426,1708,1555,1317
5765,57989289,15.5634228,1909,1726,1439,1713,1566,1315
5766,57999289,15.5648173,1911,1734,1441,1704,1557,1322
5767,58009289,15.5662038,1908,1728,1439,1705,1559,1323
5768,58019289,15.5675866,1896,1725,1435,1704,1562,1323
5769,58029289,15.5688923,1895,1729,1429,1709,1556,1314
5770,58039289,15.5706276,1904,1723,1433,1714,1562,1314
5771,58049289,15.5723788,1909,1726,1440,1705,1562,1327
5772,58059289,15.57487,1902,1721,1456,1704,1562,1319
5773,58069289,15.5767449,1899,1727,1448,1706,1560,1322
5774,58079289,15.5791745,1904,1725,1438,1708,1555,1305
5775,58089289,15.5813802,1910,1727,1429,1705,1559,1319
5776,58099289,15.5838256,1877,1733,1434,1702,1558,1317
5777,58109288,15.5860453,1904,1725,1442,1709,1562,1317
5778,58119289,15.58799,1907,1728,1430,1701,1561,1325
5779,58129289,15.59064,1903,1727,1426,1708,1562,1323
5780,58139289,15.5937811,1902,1724,1439,1708,1561,1323
5781,58149289,15.5985349,1903,1735,1431,1698,1557,1319
5782,58159288,15.6012355,1902,1729,1439,1692,1559,1326
5783,58169289,15.6080805,1899,1725,1434,1704,1556,1315
5784,58179289,15.6106623,1902,1727,1437,1705,1560,1319
5785,58189289,15.6153146,1904,1722,1451,1705,1553,1319
5786,58199289,15.6178479,1905,1730,1431,1708,1561,1311
5787,58209288,15.6198657,1908,1721,1434,1718,1562,1325
5788,58219289,15.6228708,1903,1725,1439,1705,1560,1323
5789,58229289,15.6269589,1889,1723,1429,1703,1555,1325
5790,58239289,15.6296145,1903,1728,1431,1707,1561,1315
5791,58249289,15.6333978,1903,1725,1430,1708,1560,1320
5792,58259288,15.6350581,1904,1725,1441,1708,1561,1320
5793,58269289,15.6395105,1899,1729,1429,1707,1561,1323
5794,58279289,15.6428379,1896,1725,1435,1709,1560,1317
5795,58289289,15.6443775,1904,1725,1438,1708,1553,1319
5796,58299289,15.6457317,1901,1728,1429,1705,1561,1314
5797,58309289,15.6474024,1911,1728,1440,1701,1559,1314
5798,58319289,15.648702,1904,1711,1430,1705,1560,1319
5799,58329289,15.6498489,1904,1727,1438,1708,1557,1317
5800,58339289,15.6537644,1893,1730,1435,1705,1546,1299
5801,58349289,15.6592618,1904,1715,1431,1705,1556,1315
5802,58359289,15.6613641,1895,1719,1445,1713,1556,1314
5803,58369289,15.6668906,1913,1728,1451,1707,1562,1323
5804,58379289,15.6686879,1907,1726,1429,1709,1558,1315
5805,58389288,15.6716791,1904,1724,1435,1704,1563,1322
5806,58399289,15.6736698,1900,1718,1444,1704,1559,1321
5807,58409288,15.67493,1903,1727,1425,1704,1546,1323
5808,58419289,15.6763119,1907,1720,1440,1707,1559,1311
5809,58429289,15.677827,1907,1712,1434,1707,1562,1335
5810,58439289,15.6788579,1905,1721,1435,1707,1557,1316
5811,58449289,15.6802574,1904,1722,1431,1708,1560,1314
5812,58459288,15.6819292,1902,1726,1437,1714,1557,1325
5813,58469289,15.6832744,1905,1721,1426,1706,1562,1311
5814,58479288,15.6847147,1905,1729,1442,1698,1556,1322
5815,58489289,15.6865259,1907,1725,1431,1705,1563,1323
5816,58499289,15.6885011,1904,1715,1439,1708,1561,1323
5817,58509289,15.6905455,1910,1725,1438,1708,1565,1319
5818,58519289,15.6930258,1903,1715,1424,1705,1558,1311
5819,58529289,15.6958059,1906,1729,1434,1707,1561,1321
5820,58539289,15.6976003,1911,1723,1419,1706,1557,1316
5821,58549288,15.6994645,1901,1728,1435,1704,1558,1316
5822,58559289,15.7006969,1910,1733,1438,1704,1561,1323
5823,58569289,15.7021519,1899,1730,1438,1704,1555,1314
5824,58579289,15.7037472,1904,1726,1442,1705,1562,1328
5825,58589289,15.705151,1901,1719,1437,1705,1553,1315
5826,58599288,15.7067129,1906,1725,1440,1681,1555,1313
5827,58609289,15.7078851,1903,1727,1439,1720,1560,1320
5828,58619288,15.7090885,1906,1725,1437,1708,1560,1325
5829,58629289,15.7103019,1904,1730,1439,1706,1559,1317
5830,58639289,15.7123475,1903,1722,1434,1706,1558,1320
5831,58649289,15.7139966,1904,1726,1439,1705,1566,1323
5832,58659289,15.715451,1904,1726,1438,1701,1562,1323
5833,58669289,15.7174124,1876,1725,1429,1705,1558,1317
5834,58679289,15.718898,1902,1724,1429,1703,1553,1323
5835,58689289,15.7203899,1897,1729,1441,1701,1547,1322
5836,58699289,15.7217572,1897,1726,1424,1704,1560,1320
5837,58709288,15.7230992,1903,1728,1437,1700,1560,1314
5838,58719289,15.724412,1900,1722,1448,1703,1560,1329
5839,58729289,15.7255346,1904,1714,1440,1709,1558,1322
5840,58739289,15.7265908,1903,1729,1438,1705,1561,1323
5841,58749288,15.7275534,1903,1727,1426,1711,1569,1322
5842,58759289,15.7284687,1908,1715,1457,1704,1568,1311
5843,58769289,15.7299377,1904,1727,1430,1702,1561,1319
5844,58779289,15.7310548,1904,1723,1436,1724,1562,1316
5845,58789289,15.7326389,1903,1730,1430,1705,1558,1314
5846,58799288,15.7346808,1899,1729,1408,1705,1553,1319
5847,58809289,15.7363871,1909,1726,1437,1704,1559,1315
5848,58819289,15.7384954,1904,1722,1442,1705,1560,1309
5849,58829289,15.7397076,1907,1734,1432,1706,1555,1314
5850,58839288,15.741172,1899,1727,1429,1705,1561,1325
5851,58849289,15.7423367,1894,1727,1470,1701,1556,1319
5852,58859288,15.7434543,1895,1725,1435,1704,1562,1325
5853,58869289,15.7451337,1910,1726,1433,1705,1557,1310
5854,58879289,15.7465852,1904,1717,1454,1705,1555,1319
5855,58889289,15.7483549,1904,1722,1441,1710,1557,1323
5856,58899289,15.7499015,1905,1727,1438,1705,1559,1319
5857,58909289,15.7510393,1908,1719,1429,1705,1559,1322
5858,58919288,15.7524089,1903,1721,1430,1709,1556,1300
5859,58929289,15.7549079,1903,1723,1438,1703,1557,1322
5860,58939289,15.7578555,1903,1727,1435,1704,1559,1337
5861,58949289,15.7592592,1917,1724,1438,1705,1559,1324
5862,58959289,15.7605614,1902,1725,1439,1705,1571,1314
5863,58969289,15.7616529,1905,1725,1422,1711,1565,1311
5864,58979289,15.7642487,1898,1726,1435,1713,1562,1324
5865,58989289,15.765306,1904,1730,1439,1703,1558,1317
5866,58999289,15.7662534,1906,1729,1431,1704,1560,1320
5867,59009289,15.7672266,1904,1729,1435,1711,1558,1335
5868,59019289,15.7685655,1894,1722,1438,1701,1558,1326
5869,59029288,16.0399938,1904,1726,1433,1704,1561,1320
5870,59039289,16.0412019,1903,1725,1434,1698,1544,1317
5871,59049289,16.0424344,1904,1719,1429,1705,1560,1316
5872,59059289,16.0441373,1915,1722,1436,1710,1559,1317
5873,59069289,16.0452847,1907,1726,1436,1701,1560,1319
5874,59079288,16.0466911,1904,1727,1434,1704,1562,1320
5875,59089289,16.0479667,1904,1727,1434,1704,1557,1323
5876,59099289,16.0488605,1907,1719,1435,1704,1558,1319
5877,59109289,16.0500932,1905,1717,1445,1713,1562,1319
5878,59119289,16.0514179,1905,1726,1440,1706,1552,1315
5879,59129289,16.05355,1904,1728,1438,1704,1558,1323
5880,59139289,16.0554568,1902,1717,1437,1704,1556,1324
5881,59149289,16.0572188,1903,1730,1430,1705,1553,1320
5882,59159289,16.0588175,1913,1726,1434,1705,1553,1325
5883,59169289,16.0600603,1904,1722,1431,1706,1558,1314
5884,59179289,16.061104,1905,1727,1427,1716,1559,1317
5885,59189289,16.0620916,1904,1728,1445,1718,1559,1314
5886,59199289,16.0629892,1904,1725,1434,1708,1558,1319
5887,59209289,16.0639886,1906,1726,1436,1705,1562,1319
5888,59219289,16.0649491,1904,1725,1442,1707,1553,1327
5889,59229289,16.0658596,1904,1735,1431,1713,1556,1323
5890,59239289,16.0667448,1909,1726,1429,1699,1557,1315
5891,59249289,16.0674985,1904,1718,1437,1701,1558,1324
5892,59259289,16.0683974,1883,1719,1429,1707,1562,1323
5893,59269289,16.0694307,1904,1724,1438,1707,1557,1317
5894,59279289,16.0711034,1903,1721,1427,1698,1553,1319
5895,59289289,16.073322,1904,1719,1436,1703,1555,1322
5896,59299289,16.0768614,1899,1728,1439,1705,1556,1317
5897,59309289,16.0784906,1904,1731,1437,1705,1560,1329
5898,59319289,16.0799413,1891,1722,1435,1708,1557,1313
5899,59329289,16.0818833,1900,1725,1445,1706,1557,1311
5900,59339289,16.2985245,1901,1728,1426,1701,1558,1323
5901,59349288,16.299571,1903,1724,1434,1703,1559,1325
5902,59359289,16.300725,1901,1727,1430,1704,1556,1322
5903,59369289,16.3017195,1903,1722,1438,1705,1557,1320
5904,59379288,16.3033519,1913,1730,1439,1705,1552,1314
5905,59389289,16.304753,1904,1728,1453,1707,1557,1324
5906,59399289,16.3065726,1904,1703,1436,1704,1550,1321
5907,59409289,16.3082839,1906,1726,1439,1708,1557,1325
5908,59419289,16.3092558,1904,1725,1438,1705,1561,1319
5909,59429289,16.3102097,1904,1723,1435,1708,1548,1319
5910,59439289,16.3112254,1895,1730,1427,1713,1558,1315
5911,59449289,16.3125909,1911,1723,1426,1705,1560,1317
5912,59459288,16.3142263,1899,1734,1429,1705,1558,1320
5913,59469288,16.3157079,1910,1719,1429,1706,1557,1315
5914,59479289,16.3170587,1903,1720,1431,1705,1556,1325
5915,59489288,16.3182412,1904,1710,1447,1705,1553,1312
5916,59499289,16.3196236,1904,1723,1425,1702,1559,1316
5917,59509289,16.3208508,1922,1719,1429,1706,1561,1326
5918,59519288,16.3228564,1906,1725,1437,1705,1556,1319
5919,59529289,16.3248801,1893,1732,1434,1703,1562,1323
5920,59539289,16.3267605,1907,1725,1431,1706,1559,1320
5921,59549289,16.3282994,1902,1726,1437,1705,1579,1324
5922,59559289,16.3297903,1890,1735,1427,1700,1562,1321
5923,59569289,16.3306921,1902,1721,1437,1701,1560,1322
5924,59579289,16.3316795,1902,1723,1437,1706,1562,1320
5925,59589288,16.4843498,1905,1723,1434,1713,1560,1317
5926,59599289,16.4855501,1911,1726,1438,1704,1559,1322
5927,59609288,16.486698,1904,1722,1435,1704,1558,1321
5928,59619289,16.488017,1907,1727,1435,1713,1560,1314
5929,59629289,16.4895592,1904,1722,1431,1704,1559,1323
5930,59639288,16.4907448,1904,1728,1439,1705,1560,1323
5931,59649289,16.4919119,1910,1723,1459,1704,1556,1325
5932,59659289,16.493263,1903,1723,1436,1714,1558,1314
5933,59669289,16.4945751,1899,1731,1431,1706,1557,1318
5934,59679289,16.4959697,1901,1726,1435,1707,1556,1319
5935,59689289,16.4974288,1904,1728,1439,1703,1561,1319
5936,59699289,16.4995151,1904,1729,1425,1705,1558,1322
5937,59709289,16.5008896,1904,1727,1434,1709,1557,1315
5938,59719288,16.502343,1903,1722,1437,1705,1561,1320
5939,59729289,16.504787,1904,1731,1441,1704,1561,1325
5940,59739289,16.5065791,1905,1729,1435,1708,1562,1322
5941,59749288,16.5081015,1913,1724,1431,1705,1561,1324
5942,59759289,16.5092551,1904,1741,1447,1710,1552,1323
5943,59769289,16.5623033,1902,1721,1439,1704,1558,1320
5944,59779289,16.5635573,1900,1741,1431,1704,1560,1311
5945,59789289,16.5649624,1904,1737,1429,1704,1556,1317
5946,59799289,16.5664404,1906,1724,1445,1708,1559,1324
5947,59809289,16.5680765,1904,1726,1440,1704,1560,1316
5948,59819289,16.5697808,1902,1725,1430,1705,1562,1323
5949,59829289,16.7309348,1899,1728,1443,1707,1557,1315
5950,59839289,16.7317843,1904,1724,1430,1701,1566,1323
5951,59849289,16.7327968,1902,1721,1437,1706,1562,1321
5952,59859289,16.7336637,1909,1730,1441,1700,1553,1315
5953,59869289,16.7342987,1904,1721,1427,1702,1558,1327
5954,59879289,16.7349316,1904,1728,1440,1703,1560,1321
5955,59889288,16.7356732,1906,1708,1431,1705,1560,1322
5956,59899289,16.7365744,1904,1721,1434,1705,1566,1314
5957,59909289,16.7374159,1906,1728,1437,1703,1562,1322
5958,59919289,16.7383164,1905,1718,1438,1706,1561,1317
5959,59929289,16.7392411,1904,1721,1429,1694,1560,1325
5960,59939289,16.740153,1907,1726,1439,1705,1557,1317
5961,59949289,16.7412701,1904,1725,1434,1705,1560,1320
5962,59959289,16.7424575,1911,1725,1435,1705,1553,1317
5963,59969289,16.7435761,1902,1724,1439,1708,1557,1316
5964,59979289,16.7448993,1901,1712,1428,1710,1560,1317
5965,59989288,16.7466603,1899,1729,1437,1705,1557,1323
5966,59999289,16.7521014,1911,1728,1437,1703,1561,1321
5967,60009289,16.7671823,1903,1728,1438,1704,1562,1325
5968,60019288,16.7772042,1903,1727,1438,1707,1560,1324
5969,60029289,16.789693,1926,1729,1434,1705,1558,1323
5970,60039289,16.7909882,1902,1735,1429,1706,1563,1321
5971,60049289,16.9422694,1885,1727,1443,1704,1559,1319
5972,60059289,16.9431672,1894,1726,1452,1710,1559,1322
5973,60069289,16.9442808,1898,1728,1440,1685,1557,1317
5974,60079289,16.9451047,1910,1730,1426,1709,1556,1329
5975,60089289,16.946206,1903,1723,1441,1705,1555,1325
5976,60099289,16.9471568,1901,1722,1435,1707,1545,1320
5977,60109289,16.9480141,1906,1728,1446,1698,1557,1315
5978,60119289,16.9487256,1903,1729,1431,1717,1557,1321
5979,60129289,16.9493801,1901,1727,1437,1703,1550,1319
5980,60139288,16.9500707,1899,1727,1430,1710,1556,1315
5981,60149289,16.9512398,1906,1721,1434,1704,1562,1320
5982,60159289,16.952974,1903,1727,1433,1702,1561,1317
5983,60169288,16.9548933,1899,1728,1400,1703,1560,1325
5984,60179289,16.9561873,1899,1720,1435,1700,1564,1315
5985,60189289,16.9573762,1908,1733,1438,1708,1553,1319
5986,60199289,16.9590667,1877,1721,1437,1703,1557,1316
5987,60209288,16.9722768,1904,1725,1429,1703,1562,1320
5988,60219289,16.9732554,1901,1719,1429,1696,1553,1320
5989,60229288,16.981648,1899,1725,1424,1705,1560,1323
5990,60239289,17.2542147,1904,1724,1438,1717,1557,1321
5991,60249288,17.2556307,1893,1723,1439,1705,1558,1324
5992,60259289,17.2569963,1909,1715,1425,1705,1558,1323
5993,60269289,17.2580603,1901,1719,1431,1705,1559,1320
5994,60279289,17.2590097,1895,1727,1439,1706,1555,1321
5995,60289288,17.2598891,1907,1723,1435,1704,1559,1322
5996,60299289,17.2607112,1904,1719,1430,1700,1557,1319
5997,60309289,17.2614994,1909,1726,1440,1690,1557,1320
5998,60319289,17.2625417,1903,1723,1424,1704,1557,1319
5999,60329289,17.2636883,1902,1730,1441,1710,1557,1312
6000,60339289,17.2648826,1904,1728,1431,1700,1560,1323
6001,60349289,17.2660595,1901,1726,1429,1704,1562,1314
6002,60359289,17.2673307,1913,1726,1440,1704,1552,1317
6003,60369289,17.268677,1899,1726,1430,1708,1562,1322
6004,60379289,17.271286,1904,1725,1399,1705,1557,1325
6005,60389288,17.273401,1910,1724,1443,1716,1555,1316
6006,60399289,17.2752358,1901,1725,1434,1711,1561,1320
6007,60409289,17.2763245,1905,1727,1431,1706,1552,1317
6008,60419289,17.2775448,1902,1731,1431,1704,1560,1326
6009,60429289,17.278774,1905,1725,1434,1709,1557,1319
6010,60439288,17.2798631,1904,1725,1439,1703,1560,1320
6011,60449289,17.2809326,1907,1728,1438,1693,1560,1315
6012,60459289,17.2820203,1911,1713,1442,1718,1565,1314
6013,60469288,17.2830861,1904,1727,1442,1705,1552,1314
6014,60479289,17.2842809,1904,1727,1440,1705,1562,1319
6015,60489289,17.28552,1904,1726,1438,1705,1562,1317
6016,60499289,17.287198,1913,1719,1442,1721,1566,1327
6017,60509289,17.2894052,1906,1718,1431,1705,1553,1320
6018,60519289,17.2906179,1903,1719,1438,1708,1562,1323
6019,60529288,17.291475,1902,1723,1438,1705,1561,1319
6020,60539289,17.2926009,1898,1726,1428,1711,1557,1319
6021,60549289,17.2997018,1900,1723,1438,1703,1557,1325
6022,60559289,17.4697998,1904,1725,1439,1706,1552,1316
6023,60569289,17.4710896,1905,1725,1433,1702,1556,1314
6024,60579289,17.4721359,1904,1722,1438,1695,1562,1322
6025,60589289,17.4728012,1898,1717,1434,1700,1559,1320
6026,60599288,17.4734536,1904,1712,1438,1692,1560,1323
6027,60609289,17.4740379,1902,1731,1431,1705,1558,1314
6028,60619289,17.4746549,1910,1725,1443,1705,1562,1317
6029,60629289,17.4762712,1904,1729,1430,1704,1561,1319
6030,60639289,17.4772885,1904,1738,1437,1704,1558,1323
6031,60649289,17.4782206,1899,1712,1435,1704,1558,1317
6032,60659289,17.479268,1902,1724,1436,1708,1557,1320
6033,60669289,17.4800121,1898,1727,1434,1717,1557,1316
6034,60679289,17.4806066,1917,1712,1430,1704,1552,1319
6035,60689289,17.4812949,1899,1724,1439,1704,1557,1330
6036,60699289,17.4819142,1904,1727,1431,1704,1560,1315
6037,60709289,17.482758,1899,1727,1430,1700,1557,1314
6038,60719289,17.4834489,1898,1722,1433,1705,1557,1317
6039,60729289,17.4845271,1903,1719,1436,1707,1559,1326
6040,60739289,17.5804645,1904,1740,1434,1703,1557,1308
6041,60749288,17.5813958,1904,1728,1439,1705,1557,1320
6042,60759289,17.5826462,1901,1727,1438,1706,1553,1324
6043,60769289,17.5838382,1903,1715,1439,1703,1560,1328
6044,60779289,17.5851253,1904,1726,1429,1706,1556,1319
6045,60789289,17.5866405,1904,1722,1437,1705,1557,1322
6046,60799289,17.5877306,1904,1725,1437,1708,1557,1320
6047,60809289,17.5887091,1897,1727,1443,1709,1553,1323
6048,60819288,17.5894438,1902,1723,1435,1703,1559,1311
6049,60829289,17.590118,1905,1727,1441,1704,1561,1323
6050,60839289,17.5911673,1904,1726,1425,1703,1558,1317
6051,60849289,17.7286178,1907,1713,1431,1708,1557,1319
6052,60859289,17.7300336,1907,1729,1442,1692,1560,1317
6053,60869289,17.730873,1904,1705,1432,1703,1565,1319
6054,60879289,17.7320056,1902,1707,1430,1704,1557,1315
6055,60889289,17.7329025,1902,1723,1425,1704,1558,1326
6056,60899289,17.7340026,1899,1726,1434,1701,1560,1323
6057,60909289,17.7348948,1901,1727,1439,1695,1552,1322
6058,60919289,17.7357284,1905,1727,1429,1705,1556,1314
6059,60929289,17.7364951,1903,1729,1438,1705,1562,1320
6060,60939289,17.7373004,1921,1727,1435,1705,1553,1311
6061,60949289,17.7380212,1905,1722,1439,1709,1556,1317
6062,60959289,17.7387686,1904,1726,1434,1705,1560,1323
6063,60969288,17.7394662,1904,1725,1425,1718,1553,1319
6064,60979288,17.7407116,1904,1726,1430,1705,1561,1319
6065,60989289,17.7417256,1916,1723,1439,1701,1557,1319
6066,60999289,17.7549408,1904,1726,1439,1705,1555,1322
6067,61009288,17.7859733,1904,1725,1430,1711,1575,1319
6068,61019289,17.7874937,1904,1726,1436,1683,1558,1320
6069,61029289,17.7890146,1904,1722,1427,1705,1558,1320
6070,61039289,17.7950975,1903,1728,1431,1706,1566,1317
6071,61049288,17.7994131,1931,1724,1436,1700,1562,1325
6072,61059289,17.9647865,1903,1726,1435,1704,1559,1319
6073,61069289,17.9660105,1905,1726,1455,1703,1564,1320
6074,61079288,17.9668353,1904,1731,1434,1708,1557,1319
6075,61089289,17.9676328,1904,1721,1433,1723,1552,1326
6076,61099289,17.9684423,1903,1725,1427,1703,1560,1323
6077,61109289,17.9697667,1910,1726,1431,1705,1558,1312
6078,61119288,17.9723425,1886,1717,1435,1704,1553,1316
6079,61129289,17.973774,1904,1715,1429,1707,1559,1319
6080,61139289,17.9751875,1904,1729,1441,1705,1560,1316
6081,61149289,17.9766967,1899,1729,1437,1704,1557,1322
6082,61159289,17.9783,1905,1725,1407,1701,1560,1324
6083,61169289,17.9799366,1898,1727,1439,1703,1560,1322
6084,61179289,17.9814031,1905,1726,1429,1703,1556,1323
6085,61189289,17.9825019,1903,1725,1433,1701,1558,1325
6086,61199289,17.9833164,1899,1725,1443,1705,1560,1323
6087,61209289,17.9843671,1902,1726,1438,1701,1557,1323
6088,61219289,17.9889053,1919,1724,1424,1707,1559,1326
6089,61229289,17.9899558,1904,1728,1438,1706,1558,1323
6090,61239289,18.0504007,1904,1719,1435,1704,1559,1322
6091,61249289,18.0518987,1904,1718,1430,1705,1555,1319
6092,61259288,18.0537051,1902,1727,1435,1701,1561,1322
6093,61269288,18.0555067,1907,1725,1437,1708,1562,1322
6094,61279288,18.0572947,1909,1725,1435,1700,1560,1317
6095,61289289,18.0587478,1905,1731,1436,1705,1553,1319
6096,61299289,18.0600211,1904,1725,1456,1705,1560,1322
6097,61309289,18.0615589,1904,1717,1427,1703,1557,1330
6098,61319289,18.3540572,1899,1729,1438,1704,1555,1324
6099,61329289,18.3560195,1903,1729,1441,1701,1558,1317
6100,61339289,18.357412,1898,1724,1438,1705,1558,1319
6101,61349289,18.3585229,1903,1727,1421,1708,1558,1320
6102,61359288,18.3596077,1904,1719,1435,1707,1561,1319
6103,61369288,18.3606328,1899,1715,1434,1705,1560,1315
6104,61379289,18.3617838,1905,1726,1439,1702,1560,1315
6105,61389289,18.3626062,1904,1720,1440,1705,1553,1323
6106,61399289,18.3635434,1904,1728,1455,1707,1557,1315
6107,61409289,18.3643976,1898,1726,1433,1699,1557,1324
6108,61419289,18.3656151,1904,1732,1433,1704,1562,1322
6109,61429289,18.3672407,1902,1725,1443,1706,1555,1323
6110,61439289,18.3683477,1903,1725,1439,1700,1558,1317
6111,61449289,18.3697621,1904,1725,1442,1704,1562,1319
6112,61459289,18.3712637,1896,1729,1436,1705,1557,1339
6113,61469289,18.3726141,1898,1726,1435,1706,1564,1322
6114,61479289,18.3739563,1897,1725,1435,1704,1561,1319
6115,61489289,18.3753431,1904,1723,1430,1704,1556,1326
6116,61499289,18.3768227,1902,1721,1425,1708,1559,1319
6117,61509289,18.3782678,1905,1723,1437,1705,1556,1298
6118,61519289,18.3798199,1904,1722,1428,1701,1557,1315
6119,61529289,18.3812224,1907,1728,1440,1699,1557,1319
6120,61539289,18.3831628,1904,1721,1441,1705,1557,1321
6121,61549289,18.3844575,1901,1723,1434,1704,1559,1320
6122,61559289,18.3859825,1904,1728,1431,1704,1560,1305
6123,61569289,18.3881359,1902,1727,1442,1708,1555,1321
6124,61579289,18.3909585,1909,1729,1437,1706,1562,1299
6125,61589289,18.3922093,1904,1730,1436,1705,1559,1319
6126,61599289,18.3942142,1901,1722,1435,1705,1566,1324
6127,61609289,18.3953905,1905,1721,1415,1704,1556,1329
6128,61619289,18.396896,1904,1727,1434,1704,1571,1314
6129,61629289,18.3985448,1903,1738,1427,1699,1565,1320
6130,61639289,18.3999885,1899,1729,1431,1718,1557,1323
6131,61649289,18.4023102,1904,1725,1436,1706,1566,1319
6132,61659289,18.5945227,1882,1747,1434,1701,1560,1320
6133,61669289,18.5956432,1904,1728,1431,1706,1546,1315
6134,61679289,18.596722,1900,1723,1441,1705,1555,1316
6135,61689289,18.5978847,1903,1727,1427,1701,1552,1320
6136,61699289,18.5988056,1906,1728,1434,1705,1559,1317
6137,61709288,18.5996356,1908,1725,1434,1705,1557,1313
6138,61719289,18.6004897,1910,1721,1434,1699,1571,1320
6139,61729289,18.6016444,1903,1723,1430,1699,1562,1326
6140,61739289,18.6029339,1908,1728,1435,1700,1564,1323
6141,61749288,18.6041545,1904,1727,1434,1706,1558,1320
6142,61759289,18.605297,1904,1727,1439,1704,1562,1316
6143,61769289,18.6063497,1904,1718,1435,1705,1557,1322
6144,61779288,18.607403,1907,1727,1452,1704,1558,1320
6145,61789289,18.6085807,1909,1717,1435,1705,1543,1323
6146,61799289,18.6099733,1910,1722,1431,1704,1560,1315
6147,61809289,18.6110093,1904,1726,1424,1703,1556,1324
6148,61819289,18.6123518,1904,1728,1434,1704,1557,1321
6149,61829289,18.613979,1909,1719,1439,1711,1546,1317
6150,61839289,18.6153396,1913,1725,1438,1700,1555,1325
6151,61849289,18.6176068,1897,1727,1434,1706,1557,1313
6152,61859289,18.6202468,1906,1721,1441,1713,1560,1321
6153,61869288,18.6220949,1905,1728,1435,1708,1574,1319
6154,61879289,18.8517695,1904,1723,1437,1705,1556,1321
6155,61889289,18.8530287,1905,1727,1446,1705,1560,1323
6156,61899289,18.8540006,1906,1725,1435,1705,1560,1324
6157,61909289,18.8551318,1909,1719,1425,1705,1557,1327
6158,61919289,18.8562579,1910,1717,1434,1699,1555,1317
6159,61929289,18.8574475,1904,1726,1433,1705,1555,1317
6160,61939289,18.858503,1903,1722,1437,1708,1540,1320
6161,61949288,18.859838,1907,1725,1433,1706,1558,1316
6162,61959289,18.8610521,1902,1733,1438,1716,1557,1321
6163,61969289,18.8622972,1904,1722,1441,1705,1557,1319
6164,61979289,18.8636968,1904,1725,1430,1705,1561,1313
6165,61989288,18.8650702,1904,1728,1438,1705,1558,1316
6166,61999289,18.8666828,1910,1721,1437,1708,1568,1329
6167,62009289,18.8685403,1904,1721,1434,1699,1553,1326
6168,62019288,18.8709706,1907,1725,1428,1704,1559,1324
6169,62029289,18.8721606,1898,1719,1436,1703,1563,1317
6170,62039289,18.8733842,1910,1724,1440,1706,1557,1322
6171,62049289,18.8747092,1904,1728,1434,1703,1556,1322
6172,62059288,18.8759059,1904,1739,1435,1706,1560,1328
6173,62069289,18.8769943,1904,1727,1441,1703,1558,1319
6174,62079289,18.8778819,1901,1725,1435,1706,1558,1328
6175,62089289,18.8788355,1898,1723,1434,1706,1559,1326
6176,62099288,18.8797525,1904,1722,1439,1701,1556,1319
6177,62109289,18.8811099,1902,1729,1431,1703,1557,1317
6178,62119288,18.8821577,1903,1729,1432,1705,1568,1317
6179,62129289,18.884228,1904,1727,1429,1727,1556,1317
6180,62139289,18.8949509,1905,1728,1432,1705,1548,1314
6181,62149288,19.0800701,1903,1730,1440,1699,1553,1319
6182,62159289,19.0811249,1895,1730,1433,1708,1543,1325
6183,62169289,19.0819574,1894,1716,1424,1706,1561,1319
6184,62179289,19.0830745,1905,1734,1434,1705,1558,1320
6185,62189289,19.0847413,1904,1723,1437,1703,1562,1324
6186,62199289,19.0861683,1911,1725,1425,1706,1560,1316
6187,62209289,19.0874335,1899,1727,1437,1710,1552,1323
6188,62219288,19.0889738,1904,1729,1438,1706,1555,1311
6189,62229288,19.0898661,1902,1722,1426,1706,1556,1315
6190,62239289,19.0906415,1906,1719,1445,1727,1555,1319
6191,62249289,19.091586,1904,1718,1436,1704,1553,1320
6192,62259289,19.0925699,1909,1722,1435,1700,1559,1326
6193,62269289,19.0938731,1908,1723,1433,1698,1562,1323
6194,62279289,19.0953902,1904,1726,1440,1704,1573,1323
6195,62289289,19.0966985,1905,1725,1433,1715,1562,1323
6196,62299289,19.0980038,1905,1722,1441,1706,1562,1323
6197,62309289,19.0992912,1904,1725,1427,1708,1562,1313
6198,62319289,19.1005128,1904,1721,1429,1705,1560,1323
6199,62329289,19.1027147,1904,1717,1429,1705,1560,1319
6200,62339289,19.1058351,1905,1725,1427,1702,1557,1320
6201,62349289,19.1071815,1902,1730,1434,1701,1560,1319
6202,62359289,19.1148331,1904,1721,1431,1706,1562,1319
6203,62369289,19.1170371,1904,1723,1431,1693,1559,1325
6204,62379289,19.3015818,1894,1731,1439,1708,1552,1315
6205,62389289,19.3033635,1908,1729,1434,1705,1556,1324
6206,62399289,19.3047095,1904,1729,1434,1705,1560,1323
6207,62409289,19.3056869,1895,1723,1431,1705,1559,1323
6208,62419289,19.3065275,1914,1723,1441,1705,1559,1323
6209,62429288,19.3073318,1901,1730,1439,1701,1561,1320
6210,62439289,19.3090035,1913,1723,1437,1708,1562,1314
6211,62449289,19.3103712,1903,1731,1447,1711,1565,1317
6212,62459289,19.311722,1906,1718,1435,1704,1563,1323
6213,62469289,19.3132565,1899,1730,1439,1705,1560,1327
6214,62479289,19.3145381,1906,1728,1438,1708,1562,1319
6215,62489289,19.3159735,1911,1717,1440,1705,1561,1323
6216,62499289,19.3175595,1906,1735,1430,1704,1559,1320
6217,62509289,19.3190412,1908,1728,1439,1708,1569,1323
6218,62519289,19.3207069,1906,1721,1440,1706,1556,1319
6219,62529289,19.3221593,1904,1728,1439,1711,1562,1315
6220,62539289,19.3241635,1904,1727,1430,1713,1557,1323
6221,62549289,19.3254615,1904,1719,1429,1700,1558,1323
6222,62559288,19.3270586,1902,1721,1435,1706,1566,1317
6223,62569289,19.3279244,1911,1724,1439,1705,1560,1317
6224,62579289,19.3289974,1906,1727,1437,1705,1556,1319
6225,62589289,19.5111071,1904,1727,1442,1704,1561,1320
6226,62599289,19.5122432,1902,1727,1435,1708,1558,1323
6227,62609289,19.513205,1904,1722,1441,1705,1561,1327
6228,62619288,19.5141132,1904,1713,1433,1704,1557,1316
6229,62629289,19.514803,1907,1731,1445,1702,1560,1323
6230,62639289,19.5157929,1901,1726,1435,1718,1555,1319
6231,62649289,19.5166537,1903,1718,1456,1703,1557,1320
6232,62659289,19.5174357,1906,1723,1436,1713,1562,1324
6233,62669289,19.5182608,1899,1718,1439,1709,1556,1321
6234,62679289,19.519683,1902,1719,1439,1698,1558,1327
6235,62689289,19.5211636,1897,1726,1441,1705,1559,1322
6236,62699289,19.5219632,1904,1718,1441,1703,1563,1325
6237,62709289,19.5227509,1906,1719,1441,1696,1560,1323
6238,62719288,19.5235616,1905,1725,1438,1701,1558,1317
6239,62729288,19.5243878,1887,1717,1428,1706,1560,1320
6240,62739289,19.5251972,1904,1723,1429,1705,1560,1313
6241,62749288,19.525989,1904,1728,1446,1701,1547,1315
6242,62759289,19.5268318,1905,1717,1433,1705,1543,1323
6243,62769288,19.5282619,1894,1725,1434,1704,1562,1323
6244,62779289,19.6977584,1902,1728,1435,1704,1559,1327
6245,62789289,19.698876,1905,1730,1423,1699,1558,1312
6246,62799288,19.7001956,1903,1720,1435,1700,1563,1325
6247,62809289,19.7013344,1904,1723,1427,1704,1557,1320
6248,62819289,19.7023951,1894,1719,1434,1704,1562,1325
6249,62829288,19.7035002,1904,1726,1446,1713,1559,1324
6250,62839289,19.7044262,1907,1723,1449,1708,1561,1313
6251,62849288,19.7052867,1905,1716,1438,1705,1553,1322
6252,62859289,19.7064832,1901,1727,1435,1701,1549,1326
6253,62869289,19.7076445,1917,1741,1435,1705,1560,1322
6254,62879289,19.7085402,1904,1722,1434,1696,1557,1314
6255,62889289,19.7094727,1893,1728,1442,1704,1552,1323
6256,62899289,19.71029,1895,1727,1437,1706,1562,1319
6257,62909289,19.7112332,1879,1723,1439,1704,1555,1322
6258,62919289,19.7122385,1901,1727,1439,1706,1553,1319
6259,62929289,19.7132379,1902,1721,1431,1706,1557,1328
6260,62939289,19.7140863,1908,1724,1434,1705,1551,1323
6261,62949289,19.7160457,1907,1734,1433,1698,1557,1313
6262,62959289,19.7174094,1911,1721,1435,1700,1561,1323
6263,62969289,19.7226271,1904,1725,1439,1705,1544,1324
6264,62979289,19.7714397,1904,1728,1439,1704,1564,1317
6265,62989288,19.7733248,1906,1735,1436,1704,1560,1328
6266,62999289,19.7744718,1902,1726,1433,1695,1553,1324
6267,63009289,19.7753733,1904,1727,1442,1701,1556,1313
6268,63019289,19.7767111,1904,1719,1435,1704,1561,1323
6269,63029289,19.7849937,1898,1717,1441,1707,1559,1317
6270,63039289,19.7888538,1901,1722,1429,1704,1562,1320
6271,63049289,19.9670412,1882,1718,1429,1714,1557,1323
6272,63059288,19.9684377,1904,1728,1429,1705,1559,1334
6273,63069289,19.9700199,1907,1728,1429,1704,1556,1327
6274,63079289,19.9716053,1904,1728,1429,1704,1552,1294
6275,63089289,19.973086,1904,1720,1438,1705,1549,1330
6276,63099289,19.9743986,1897,1726,1430,1701,1561,1319
6277,63109289,19.975422,1904,1717,1424,1697,1548,1314
6278,63119289,19.9764806,1907,1725,1436,1704,1561,1320
6279,63129288,19.9774484,1891,1724,1442,1701,1559,1321
6280,63139288,19.9784876,1899,1735,1439,1713,1566,1319
6281,63149289,19.9796279,1933,1739,1441,1704,1559,1311
6282,63159289,19.9810904,1903,1722,1437,1705,1558,1323
6283,63169289,19.9824621,1908,1723,1429,1709,1559,1316
6284,63179289,19.9841353,1902,1715,1434,1706,1562,1323
6285,63189289,19.9870444,1901,1744,1437,1701,1559,1319
6286,63199288,19.9883732,1898,1728,1430,1704,1555,1324
6287,63209288,19.9896481,1902,1711,1430,1705,1564,1328
6288,63219288,19.991092,1872,1729,1446,1702,1560,1327
6289,63229289,19.9922558,1903,1723,1469,1713,1560,1323
6290,63239289,19.9934827,1927,1725,1435,1727,1562,1323
6291,63249289,20.2085835,1899,1723,1426,1708,1557,1323
6292,63259289,20.2100288,1904,1721,1435,1722,1560,1324
6293,63269288,20.2112236,1905,1722,1430,1701,1562,1328
6294,63279288,20.2124099,1895,1731,1445,1699,1558,1324
6295,63289289,20.2136006,1905,1727,1433,1704,1559,1326
6296,63299289,20.2148805,1900,1727,1436,1706,1553,1320
6297,63309289,20.2161804,1906,1727,1442,1706,1535,1319
6298,63319289,20.2174124,1910,1719,1429,1705,1557,1319
6299,63329289,20.2190864,1901,1717,1446,1704,1561,1317
6300,63339289,20.2206093,1917,1723,1423,1706,1558,1320
6301,63349289,20.2217444,1904,1719,1431,1708,1557,1319
6302,63359288,20.222781,1903,1721,1430,1704,1559,1323
6303,63369289,20.2235703,1904,1725,1433,1701,1553,1313
6304,63379289,20.2244491,1905,1739,1430,1700,1552,1324
6305,63389289,20.2254224,1904,1728,1433,1710,1560,1329
6306,63399289,20.226624,1910,1731,1429,1704,1558,1311
6307,63409289,20.2277983,1904,1723,1438,1696,1557,1325
6308,63419289,20.2289943,1906,1722,1432,1708,1558,1323
6309,63429289,20.2298192,1902,1727,1438,1705,1553,1317
6310,63439289,20.2306226,1929,1734,1433,1710,1560,1336
6311,63449289,20.2316195,1904,1737,1441,1706,1561,1330
6312,63459289,20.2327896,1910,1719,1442,1705,1556,1319
6313,63469289,20.2346633,1913,1722,1431,1707,1561,1322
6314,63479289,20.2362454,1902,1710,1445,1713,1558,1313
6315,63489289,20.2436975,1932,1584,1377,1706,1451,1272
6316,63499289,20.4224898,1904,1781,1456,1698,1609,1337
6317,63509289,20.4233962,1898,1779,1427,1709,1598,1322
6318,63519289,20.4241539,1886,1785,1443,1702,1598,1328
6319,63529289,20.4247044,1919,1744,1467,1727,1569,1346
6320,63539289,20.4251323,1905,1723,1384,1701,1558,1277
6321,63549289,20.4255347,1907,1719,1487,1711,1548,1360
6322,63559289,20.4259984,1904,1693,1395,1707,1539,1294
6323,63569288,20.4264924,1903,1689,1418,1704,1525,1311
6324,63579289,20.4270263,1904,1731,1456,1710,1563,1327
6325,63589289,20.4275292,1907,1714,1425,1703,1556,1306
6326,63599289,20.4280991,1913,1728,1457,1717,1566,1345
6327,63609289,20.4286195,1910,1740,1424,1704,1565,1299
6328,63619289,20.429133,1909,1739,1463,1709,1566,1348
6329,63629289,20.4296382,1889,1738,1418,1693,1568,1310
6330,63639289,20.4301885,1898,1731,1456,1698,1559,1338
6331,63649289,20.4306797,1894,1712,1430,1698,1550,1310
6332,63659289,20.4311078,1903,1705,1449,1708,1544,1315
6333,63669288,20.4319683,1911,1711,1450,1711,1553,1327
6334,63679289,20.4325877,1907,1719,1422,1707,1560,1311
6335,63689289,20.7045498,1929,1738,1456,1710,1566,1337
6336,63699289,20.7054704,1907,1751,1424,1707,1580,1310
6337,63709289,20.7066051,1921,1743,1440,1718,1572,1336
6338,63719288,20.7076575,1899,1721,1424,1697,1553,1310
6339,63729289,20.7085136,1887,1712,1434,1704,1548,1323
6340,63739289,20.7093804,1895,1710,1441,1697,1546,1319
6341,63749288,20.7100458,1895,1711,1427,1695,1553,1314
6342,63759289,20.7105712,1906,1728,1453,1705,1569,1330
6343,63769289,20.7111742,1909,1744,1429,1719,1570,1315
6344,63779289,20.7118447,1922,1735,1441,1713,1565,1337
6345,63789289,20.7128316,1915,1740,1424,1711,1570,1323
6346,63799289,20.7135435,1915,1721,1443,1719,1556,1323
6347,63809289,20.7142238,1914,1535,1445,1718,1402,1328
6348,63819289,20.7149012,1902,1755,1413,1701,1586,1311
6349,63829288,20.7155631,1931,1783,1499,1731,1604,1364
6350,63839289,20.7162312,1871,1775,1392,1683,1600,1282
6351,63849288,20.716992,1894,1776,1535,1705,1601,1401
6352,63859289,20.7178866,1914,1749,1408,1703,1574,1291
6353,63869289,20.7190327,1901,1701,1427,1694,1532,1322
6354,63879289,20.7201199,1901,1713,1445,1705,1543,1332
6355,63889289,20.7210185,1904,1712,1429,1696,1548,1309
6356,63899289,20.7217402,1909,1713,1459,1706,1548,1328
6357,63909289,20.7224274,1904,1721,1401,1705,1553,1294
6358,63919289,20.7229475,1919,1727,1470,1717,1553,1340
6359,63929289,20.7234632,1906,1731,1402,1707,1561,1297
6360,63939289,20.7239817,1915,1730,1470,1708,1563,1339
6361,63949289,20.7244713,1895,1744,1424,1695,1578,1311
6362,63959289,20.7254387,1885,1737,1441,1693,1570,1319
6363,63969289,20.7261833,1890,1727,1447,1695,1563,1332
6364,63979289,20.7275935,1893,1706,1409,1705,1545,1310
6365,63989288,20.8954637,1907,1696,1450,1713,1536,1338
6366,63999289,20.8966663,1904,1707,1405,1713,1545,1323
6367,64009289,20.8978439,1925,1723,1458,1716,1566,1336
6368,64019288,20.8988138,1909,1744,1421,1713,1583,1311
6369,64029289,20.8998408,1909,1744,1443,1708,1576,1335
6370,64039289,20.9009891,1904,1743,1462,1706,1566,1327
6371,64049289,20.9027351,1897,1707,1433,1697,1548,1332
6372,64059289,20.9042816,1889,1703,1411,1696,1543,1332
6373,64069289,20.9054954,1873,1709,1417,1689,1548,1298
6374,64079289,20.9072809,1904,1726,1445,1703,1553,1330
6375,64089289,20.9085109,1902,1737,1422,1705,1569,1309
6376,64099289,20.9099067,1913,1743,1439,1719,1574,1342
6377,64109289,20.9111685,1919,1728,1431,1731,1562,1319
6378,64119289,20.9124755,1917,1727,1424,1711,1548,1317
6379,64129288,20.913961,1911,1727,1444,1708,1559,1337
6380,64139289,20.9164489,1893,1725,1425,1698,1562,1306
6381,64149289,20.9185656,1894,1723,1433,1695,1556,1337
6382,64159289,20.9203344,1892,1723,1422,1690,1556,1311
6383,64169288,21.4025298,1909,1717,1448,1708,1552,1335
6384,64179289,21.4033309,1902,1719,1427,1700,1565,1315
6385,64189289,21.4041144,1910,1723,1445,1708,1562,1332
6386,64199289,21.4048803,1917,1727,1428,1708,1564,1324
6387,64209288,21.4061036,1911,1729,1438,1711,1562,1315
6388,64219289,21.4071456,1907,1733,1444,1713,1563,1326
6389,64229288,21.4082661,1887,1723,1431,1705,1550,1317
6390,64239288,21.4094281,1902,1715,1443,1704,1549,1322
6391,64249288,21.4107265,1889,1721,1433,1696,1550,1315
6392,64259289,21.4122553,1900,1722,1457,1700,1553,1327
6393,64269289,21.4132547,1902,1744,1438,1683,1566,1326
6394,64279289,21.4141805,1905,1734,1435,1705,1566,1339
6395,64289289,21.4150904,1905,1732,1439,1708,1563,1324
6396,64299289,21.4159151,1907,1725,1424,1704,1553,1314
6397,64309289,21.4167363,1922,1726,1437,1705,1555,1320
6398,64319289,21.4174277,1903,1714,1399,1711,1556,1307
6399,64329289,21.4180971,1911,1712,1437,1708,1553,1333
6400,64339289,21.4188285,1904,1723,1439,1704,1559,1315
6401,64349289,21.419636,1894,1730,1435,1711,1565,1322
6402,64359288,21.4206659,1904,1730,1434,1700,1560,1323
6403,64369289,21.4218016,1903,1730,1441,1704,1562,1323
6404,64379289,21.4228766,1904,1722,1466,1705,1560,1320
6405,64389289,21.4239123,1911,1726,1433,1707,1561,1322
6406,64399288,21.4248876,1911,1713,1429,1705,1552,1327
6407,64409289,21.4264285,1903,1622,1351,1688,1467,1251
6408,64419289,21.4281493,1901,1751,1430,1690,1574,1322
6409,64429289,21.4300207,1881,1796,1488,1695,1626,1369
6410,64439289,21.4318031,1914,1798,1469,1713,1619,1346
6411,64449289,21.433426,1890,1776,1421,1707,1592,1308
6412,64459289,21.4349438,1887,1786,1437,1698,1604,1310
6413,64469289,21.4358781,1931,1743,1499,1731,1570,1369
6414,64479289,21.436961,1911,1677,1375,1716,1521,1256
6415,64489289,21.4376592,1901,1668,1451,1708,1516,1343
6416,64499288,21.4383472,1905,1727,1424,1709,1561,1312
6417,64509289,21.4392043,1907,1709,1414,1698,1545,1309
6418,64519288,21.4401551,1923,1751,1461,1723,1573,1351
6419,64529289,21.4410555,1898,1740,1408,1717,1573,1307
6420,64539289,21.4418828,1916,1727,1470,1713,1562,1348
6421,64549289,21.4428347,1904,1735,1406,1700,1565,1280
6422,64559288,21.4438187,1916,1743,1467,1705,1572,1346
6423,64569289,21.4446876,1892,1728,1419,1700,1562,1302
6424,64579289,21.4457482,1885,1726,1444,1698,1552,1329
6425,64589289,21.4472995,1917,1718,1441,1705,1559,1314
6426,64599289,21.4487017,1911,1693,1398,1706,1537,1294
6427,64609289,21.4498525,1926,1712,1455,1726,1536,1336
6428,64619289,21.4508266,1918,1733,1408,1716,1571,1299
6429,64629289,21.4518726,1909,1745,1457,1707,1574,1337
6430,64639289,21.4533634,1904,1755,1430,1701,1588,1313
6431,64649289,21.454513,1898,1741,1451,1695,1571,1337
6432,64659289,21.4561715,1896,1711,1437,1704,1548,1317
6433,64669289,21.4570301,1893,1700,1433,1700,1537,1317
6434,64679288,21.4577895,1900,1710,1434,1698,1553,1324
6435,64689289,21.4584747,1904,1721,1419,1702,1548,1303
6436,64699289,21.6198744,1911,1744,1456,1707,1574,1336
6437,64709289,21.6210534,1907,1744,1415,1706,1574,1323
6438,64719289,21.6218713,1925,1731,1456,1714,1566,1329
6439,64729289,21.6227497,1909,1725,1424,1707,1553,1320
6440,64739289,21.6237341,1900,1723,1439,1705,1534,1327
6441,64749288,21.6251465,1902,1725,1439,1700,1546,1316
6442,64759289,21.6263286,1899,1716,1429,1702,1556,1317
6443,64769289,21.6274745,1885,1718,1450,1695,1560,1325
6444,64779289,21.6287174,1904,1723,1424,1707,1556,1311
6445,64789289,21.6297799,1917,1731,1450,1705,1562,1327
6446,64799289,21.63084,1914,1729,1421,1717,1566,1313
6447,64809289,21.6319642,1929,1731,1434,1706,1557,1325
6448,64819289,21.6330733,1910,1735,1438,1708,1563,1323
6449,64829289,21.6338841,1904,1725,1431,1699,1558,1319
6450,64839289,21.6347778,1898,1725,1445,1705,1562,1337
6451,64849289,21.6370558,1900,1712,1424,1699,1553,1313
6452,64859289,21.6383295,1903,1712,1450,1679,1551,1328
6453,64869289,21.6396098,1897,1727,1429,1700,1556,1312
6454,64879289,21.6425015,1906,1729,1445,1707,1563,1329
6455,64889289,21.6805708,1906,1744,1436,1718,1566,1316
6456,64899289,21.6823749,1915,1731,1440,1717,1561,1340
6457,64909289,21.6835618,1910,1728,1433,1707,1561,1322
6458,64919289,21.6845997,1904,1709,1431,1705,1553,1314
6459,64929289,21.6862662,1908,1711,1437,1704,1538,1319
6460,64939289,21.696086,1898,1712,1429,1694,1570,1323
6461,64949289,21.6969392,1910,1730,1445,1705,1562,1326
6462,64959289,21.8627098,1906,1563,1421,1710,1421,1314
6463,64969288,21.8641037,1875,1535,1365,1678,1402,1267
6464,64979289,21.8652438,1919,1690,1489,1716,1548,1368
6465,64989289,21.8663796,1891,1793,1362,1690,1609,1251
6466,64999288,21.8674342,1840,1733,1411,1674,1574,1324
6467,65009289,21.868657,1904,1832,1498,1710,1642,1372
6468,65019288,21.8698639,1914,1771,1443,1718,1586,1314
6469,65029289,21.870986,1922,1764,1453,1724,1595,1338
6470,65039289,21.8723956,1905,1769,1441,1709,1598,1320
6471,65049289,21.873417,1937,1699,1470,1745,1530,1346
6472,65059289,21.8743111,1917,1715,1375,1704,1539,1271
6473,65069289,21.8751487,1904,1710,1477,1704,1550,1360
6474,65079289,21.8770653,1891,1712,1394,1691,1539,1303
6475,65089289,21.8780871,1883,1729,1436,1679,1565,1326
6476,65099289,21.8792455,1893,1744,1456,1686,1571,1332
6477,65109288,21.8810059,1881,1716,1411,1692,1548,1294
6478,65119289,21.8823081,1904,1744,1468,1713,1570,1338
6479,65129288,21.883856,1905,1733,1407,1701,1573,1294
6480,65139289,22.0832973,1921,1723,1462,1719,1558,1338
6481,65149288,22.084412,1908,1733,1419,1706,1564,1303
6482,65159288,22.0853702,1909,1710,1442,1708,1548,1333
6483,65169289,22.0867019,1907,1697,1424,1711,1542,1312
6484,65179289,22.0878885,1891,1710,1424,1705,1553,1317
6485,65189289,22.0889334,1904,1729,1456,1705,1568,1337
6486,65199289,22.089923,1891,1733,1423,1695,1565,1304
6487,65209289,22.0911537,1895,1751,1469,1701,1580,1340
6488,65219289,22.0926418,1903,1741,1414,1700,1571,1305
6489,65229289,22.0939091,1904,1731,1451,1705,1558,1331
6490,65239289,22.0956596,1913,1719,1431,1700,1549,1313
6491,65249289,22.0978761,1909,1702,1434,1711,1539,1311
6492,65259288,22.0992405,1911,1712,1440,1720,1548,1321
6493,65269289,22.1004975,1897,1725,1425,1709,1563,1313
6494,65279289,22.1024517,1915,1719,1435,1705,1571,1336
6495,65289288,22.104254,1890,1731,1422,1695,1562,1307
6496,65299289,22.1055983,1895,1739,1451,1704,1563,1335
6497,65309289,22.1070391,1895,1717,1429,1691,1552,1315
6498,65319289,22.1081748,1905,1717,1439,1705,1550,1321
6499,65329289,22.109988,1887,1728,1431,1705,1558,1311
6500,65339289,22.1128095,1889,1722,1430,1704,1550,1323
6501,65349289,22.1150613,1909,1716,1440,1714,1557,1332
6502,65359289,22.1279668,1915,1717,1423,1708,1556,1309
6503,65369289,22.1294563,1919,1724,1452,1709,1553,1332
6504,65379288,22.1311219,1909,1728,1429,1718,1562,1311
6505,65389289,22.318251,1917,1733,1431,1708,1562,1328
6506,65399289,22.3195365,1895,1734,1421,1705,1568,1316
6507,65409288,22.3207583,1891,1737,1437,1696,1557,1323
6508,65419288,22.3219493,1900,1723,1433,1705,1553,1328
6509,65429289,22.3228428,1893,1709,1428,1694,1552,1307
6510,65439289,22.3238373,1901,1715,1442,1708,1556,1321
6511,65449289,22.3249983,1904,1729,1427,1715,1550,1311
6512,65459289,22.3260407,1910,1729,1443,1709,1566,1323
6513,65469289,22.327435,1910,1741,1434,1704,1563,1315
6514,65479289,22.3285867,1911,1728,1442,1722,1566,1323
6515,65489289,22.3297001,1911,1731,1437,1699,1555,1323
6516,65499289,22.3306566,1895,1718,1442,1703,1548,1318
6517,65509289,22.3318541,1885,1722,1433,1707,1552,1322
6518,65519289,22.3329352,1897,1719,1434,1696,1558,1335
6519,65529289,22.3338898,1904,1735,1446,1699,1550,1319
6520,65539289,22.3346432,1908,1728,1432,1707,1563,1319
6521,65549289,22.3356844,1898,1726,1447,1714,1560,1332
6522,65559289,22.3370784,1917,1723,1429,1716,1562,1319
6523,65569289,22.3390359,1904,1727,1441,1708,1560,1312
6524,65579288,22.340192,1917,1692,1421,1710,1523,1319
6525,65589289,22.341579,1891,1603,1331,1691,1469,1238
6526,65599288,22.6495234,1898,1678,1388,1703,1521,1280
6527,65609289,22.6506987,1897,1830,1493,1704,1651,1363
6528,65619289,22.6519007,1893,1799,1463,1707,1609,1337
6529,65629289,22.6540921,1906,1797,1446,1705,1612,1326
6530,65639289,22.6567494,1903,1776,1414,1703,1604,1304
6531,65649289,22.6583343,1936,1753,1498,1727,1577,1368
6532,65659289,22.6597403,1913,1689,1360,1713,1525,1259
6533,65669289,22.6616437,1910,1683,1475,1718,1529,1360
6534,65679289,22.6640364,1904,1728,1414,1702,1561,1297
6535,65689289,22.6667721,1899,1714,1437,1701,1548,1337
6536,65699288,22.6690941,1902,1732,1453,1705,1560,1337
6537,65709288,22.6769071,1883,1744,1424,1693,1574,1311
6538,65719289,22.6784046,1906,1712,1467,1718,1561,1346
6539,65729289,22.6797196,1897,1728,1401,1704,1557,1287
6540,65739289,22.6809431,1910,1739,1479,1709,1571,1350
6541,65749288,22.6822534,1903,1729,1408,1705,1568,1298
6542,65759289,22.684273,1898,1727,1459,1704,1558,1342
6543,65769289,22.6892811,1899,1723,1424,1705,1558,1315
6544,65779289,22.6926575,1898,1684,1419,1709,1527,1311
6545,65789289,22.6966978,1915,1707,1450,1710,1545,1333
6546,65799288,22.6986737,1901,1726,1411,1705,1562,1293
6547,65809289,22.702224,1920,1735,1466,1713,1566,1343
6548,65819289,22.7141737,1886,1760,1419,1705,1589,1308
6549,65829289,22.7162516,1909,1747,1455,1694,1572,1337
6550,65839289,22.7187367,1902,1712,1425,1714,1548,1311
6551,65849289,22.7206311,1890,1701,1434,1704,1543,1315
6552,65859289,22.7242985,1906,1702,1431,1707,1540,1322
6553,65869289,22.7257559,1898,1709,1413,1703,1548,1299
6554,65879289,22.7276,1909,1733,1456,1704,1570,1330
6555,65889288,22.7300172,1919,1734,1419,1701,1574,1310
6556,65899289,22.7320976,1918,1732,1455,1718,1563,1337
6557,65909289,22.7408688,1907,1730,1425,1704,1566,1311
6558,65919289,22.7432124,1877,1723,1440,1705,1553,1328
6559,65929289,22.7465264,1893,1718,1430,1698,1550,1319
6560,65939289,22.747769,1895,1718,1429,1694,1557,1322
6561,65949289,22.7488309,1895,1730,1446,1694,1560,1328
6562,65959289,22.7498565,1899,1727,1425,1699,1562,1313
6563,65969289,22.7509892,1919,1715,1446,1713,1550,1338
6564,65979289,22.7529189,1909,1717,1424,1707,1553,1311
6565,65989289,22.7552112,1916,1722,1449,1711,1553,1329
6566,65999289,22.7564231,1905,1735,1431,1707,1569,1323
6567,66009289,22.9435517,1902,1737,1433,1706,1570,1319
6568,66019289,22.9444469,1885,1730,1439,1701,1558,1319
6569,66029289,22.9452762,1887,1714,1431,1705,1555,1314
6570,66039288,22.9463147,1900,1713,1439,1699,1548,1323
6571,66049289,22.9478788,1893,1716,1424,1702,1548,1310
6572,66059289,22.9489369,1904,1733,1446,1707,1563,1328
6573,66069289,22.9498191,1909,1738,1429,1691,1574,1311
6574,66079289,22.9506563,1915,1738,1438,1709,1566,1323
6575,66089289,22.9517684,1914,1723,1433,1709,1561,1316
6576,66099289,22.955057,1895,1718,1431,1708,1548,1330
6577,66109289,22.957143,1915,1716,1439,1708,1557,1328
6578,66119289,22.95818,1891,1719,1424,1716,1550,1307
6579,66129289,22.9589948,1901,1730,1442,1690,1557,1328
6580,66139289,22.9597639,1872,1741,1420,1700,1564,1317
6581,66149289,22.9605493,1904,1723,1439,1704,1560,1321
6582,66159288,22.9612129,1907,1722,1434,1705,1557,1320
6583,66169289,22.9619875,1904,1718,1437,1701,1559,1322
6584,66179289,22.962786,1909,1729,1431,1709,1561,1319
6585,66189288,22.9638683,1904,1734,1427,1705,1566,1316
6586,66199288,22.9647385,1899,1727,1439,1702,1553,1322
6587,66209289,22.9660581,1900,1726,1437,1705,1558,1315
6588,66219289,22.9674604,1909,1712,1414,1706,1556,1319
6589,66229289,23.1968141,1904,1721,1434,1698,1553,1313
6590,66239288,23.1985499,1904,1730,1440,1705,1561,1323
6591,66249289,23.1999016,1903,1731,1440,1707,1563,1323
6592,66259289,23.2012666,1904,1731,1438,1705,1566,1325
6593,66269289,23.2031583,1913,1726,1442,1711,1559,1322
6594,66279289,23.2047821,1913,1722,1436,1707,1559,1320
6595,66289289,23.2064504,1904,1712,1431,1713,1545,1326
6596,66299289,23.2074901,1905,1712,1427,1711,1546,1317
6597,66309289,23.2097937,1903,1722,1431,1700,1557,1316
6598,66319289,23.212257,1900,1734,1426,1704,1563,1326
6599,66329288,23.2140341,1899,1741,1439,1697,1571,1326
6600,66339288,23.2158754,1901,1730,1444,1705,1564,1326
6601,66349289,23.2188717,1904,1717,1435,1708,1557,1319
6602,66359288,23.2214627,1901,1712,1424,1714,1560,1316
6603,66369289,23.2238962,1908,1719,1430,1705,1549,1317
6604,66379289,23.225825,1911,1719,1439,1704,1559,1325
6605,66389288,23.2274258,1915,1733,1437,1696,1558,1315
6606,66399289,23.2288307,1903,1730,1430,1701,1565,1319
6607,66409289,23.2298921,1901,1731,1440,1705,1559,1322
6608,66419289,23.2310621,1906,1721,1429,1704,1550,1323
6609,66429289,23.2325288,1904,1729,1437,1713,1558,1320
6610,66439289,23.2337907,1904,1733,1429,1705,1566,1323
6611,66449289,23.2364615,1895,1728,1437,1695,1561,1314
6612,66459289,23.2420089,1900,1745,1447,1709,1566,1319
6613,66469288,23.2437145,1907,1721,1450,1706,1553,1322
6614,66479289,23.2465351,1907,1754,1431,1705,1583,1326
6615,66489288,23.2502519,1910,1741,1436,1711,1573,1323
6616,66499289,23.2537348,1910,1744,1453,1709,1572,1325
6617,66509288,23.6571981,1918,1758,1436,1710,1583,1324
6618,66519289,23.657993,1911,1761,1452,1718,1594,1335
6619,66529289,23.6587136,1922,1759,1433,1726,1589,1331
6620,66539289,23.6594242,1933,1770,1449,1713,1596,1325
6621,66549289,23.6601066,1926,1756,1443,1719,1583,1325
6622,66559289,23.6608015,1931,1749,1446,1714,1574,1322
6623,66569289,23.6615509,1908,1745,1445,1711,1574,1327
6624,66579289,23.6622344,1902,1747,1453,1721,1580,1337
6625,66589289,23.664011,1904,1727,1427,1705,1562,1329
6626,66599289,23.6651643,1901,1751,1439,1704,1570,1316
6627,66609289,23.6664964,1891,1690,1420,1695,1526,1314
6628,66619289,23.6677531,1879,1626,1431,1677,1487,1307
6629,66629289,23.6695934,1876,1631,1418,1678,1488,1298
6630,66639290,23.6711351,1870,1697,1421,1686,1535,1285
6631,66649289,23.6726295,1873,1680,1430,1688,1525,1316
6632,66659289,23.6740509,1867,1703,1429,1674,1544,1314
6633,66669289,23.6755485,1872,1695,1430,1674,1533,1314
6634,66679289,23.6769714,1868,1701,1427,1678,1542,1316
6635,66689289,23.6789442,1872,1702,1427,1688,1539,1320
6636,66699289,23.6805637,1893,1730,1442,1696,1566,1320
6637,66709289,23.6821834,1917,1738,1438,1717,1571,1327
6638,66719289,23.683487,1929,1739,1441,1731,1566,1337
6639,66729289,23.6845973,1936,1724,1435,1723,1562,1322
6640,66739289,23.6867605,1923,1727,1440,1727,1558,1324
6641,66749289,23.6884523,1917,1719,1435,1708,1558,1322
6642,66759289,23.6898315,1897,1728,1440,1696,1561,1314
6643,66769289,23.6918624,1885,1729,1437,1683,1558,1328
6644,66779289,23.6947986,1874,1728,1438,1683,1574,1323
6645,66789289,23.6993534,1877,1716,1438,1681,1561,1319
6646,66799289,23.7028028,1889,1717,1446,1705,1552,1320
6647,66809289,23.7056812,1904,1717,1436,1706,1553,1314
6648,66819289,23.7076553,1919,1732,1430,1719,1561,1315
6649,66829289,23.7095764,1927,1729,1451,1722,1574,1326
6650,66839289,23.711483,1925,1729,1433,1721,1565,1314
6651,66849289,23.7130096,1912,1725,1441,1726,1553,1323
6652,66859289,23.7145438,1904,1715,1425,1706,1549,1316
6653,66869289,23.7162807,1902,1718,1431,1675,1549,1322
6654,66879289,23.7181626,1881,1718,1438,1690,1558,1319
6655,66889289,23.7193682,1883,1734,1431,1689,1556,1325
6656,66899289,23.7204609,1886,1735,1438,1704,1562,1314
6657,66909289,23.7220146,1906,1726,1430,1705,1562,1317
6658,66919289,23.7232319,1907,1725,1455,1706,1551,1324
6659,66929289,23.725837,1909,1719,1423,1708,1548,1319
6660,66939289,23.7278907,1919,1719,1431,1717,1553,1319
6661,66949289,23.7300341,1924,1723,1435,1715,1549,1319
6662,66959289,23.7315658,1915,1725,1445,1705,1557,1325
6663,66969289,23.7330857,1899,1723,1447,1704,1561,1320
6664,66979289,23.7348931,1893,1719,1437,1696,1553,1314
6665,66989289,23.9386954,1883,1727,1448,1694,1561,1311
6666,66999289,23.9402516,1888,1726,1427,1695,1557,1315
6667,67009289,23.941678,1895,1721,1427,1702,1564,1319
6668,67019289,23.9434596,1902,1721,1433,1704,1558,1321
6669,67029289,23.9446808,1905,1717,1441,1705,1552,1327
6670,67039289,23.9459869,1921,1727,1437,1719,1561,1323
6671,67049289,23.947041,1909,1726,1435,1713,1561,1323
6672,67059289,23.9483474,1904,1726,1438,1708,1556,1316
6673,67069289,23.9496049,1901,1723,1425,1700,1559,1323
6674,67079289,23.9513855,1899,1729,1440,1695,1568,1317
6675,67089289,23.955244,1903,1728,1431,1694,1557,1314
6676,67099289,23.9571495,1891,1730,1430,1699,1555,1320
6677,67109289,23.9589012,1900,1727,1430,1705,1553,1337
6678,67119289,23.9598512,1904,1726,1427,1704,1558,1316
6679,67129289,23.9607761,1919,1723,1427,1708,1539,1341
6680,67139289,23.962081,1911,1726,1454,1713,1560,1311
6681,67149289,23.9634156,1912,1714,1437,1711,1562,1327
6682,67159289,23.9641978,1918,1729,1435,1709,1566,1323
6683,67169289,23.9647641,1905,1728,1436,1706,1556,1311
6684,67179289,23.9655274,1904,1727,1437,1704,1560,1329
6685,67189289,23.9672355,1895,1721,1438,1697,1558,1322
6686,67199289,23.9695646,1899,1728,1433,1698,1562,1319
6687,67209289,23.9712661,1906,1721,1442,1701,1563,1323
6688,67219289,23.9731528,1917,1719,1438,1702,1557,1325
6689,67229289,23.9832162,1909,1712,1441,1707,1561,1319
6690,67239289,24.2033008,1909,1722,1441,1715,1557,1325
6691,67249289,24.2047638,1909,1725,1409,1707,1539,1320
6692,67259289,24.206408,1902,1729,1441,1719,1560,1314
6693,67269289,24.2078662,1899,1721,1441,1704,1556,1337
6694,67279289,24.2100152,1897,1728,1434,1705,1561,1323
6695,67289289,24.2115781,1899,1718,1438,1702,1561,1323
6696,67299289,24.2130925,1892,1731,1431,1707,1562,1323
6697,67309289,24.2146188,1890,1723,1437,1703,1561,1319
6698,67319288,24.2163594,1911,1729,1430,1706,1557,1327
6699,67329289,24.2192573,1904,1715,1435,1705,1555,1317
6700,67339288,24.2213965,1914,1726,1435,1705,1543,1323
6701,67349288,24.2234685,1910,1719,1431,1705,1558,1300
6702,67359288,24.2286746,1899,1727,1434,1707,1543,1315
6703,67369289,24.2312106,1903,1726,1431,1707,1555,1332
6704,67379289,24.2344376,1903,1719,1439,1700,1559,1320
6705,67389289,24.2372418,1902,1724,1431,1697,1561,1320
6706,67399288,24.2396738,1902,1725,1431,1704,1559,1320
6707,67409289,24.2424634,1904,1717,1435,1708,1560,1319
6708,67419289,24.2445983,1903,1730,1435,1698,1558,1306
6709,67429289,24.2463386,1906,1725,1435,1709,1557,1316
6710,67439289,24.2486649,1907,1727,1434,1708,1560,1328
6711,67449289,24.2508239,1906,1731,1435,1704,1558,1317
6712,67459289,24.2545835,1903,1728,1434,1713,1559,1315
6713,67469289,24.2583556,1909,1725,1431,1707,1562,1312
6714,67479289,24.2600373,1900,1725,1433,1706,1558,1325
6715,67489289,24.2620975,1901,1722,1439,1704,1548,1322
6716,67499289,24.2636513,1907,1632,1422,1717,1478,1311
6717,67509289,24.266723,1882,1623,1354,1685,1481,1259
6718,67519289,24.4865189,1899,1808,1514,1706,1626,1389
6719,67529288,24.4883044,1893,1782,1413,1701,1600,1296
6720,67539289,24.4899054,1879,1750,1419,1683,1579,1311
6721,67549289,24.4915933,1913,1799,1485,1717,1612,1360
6722,67559289,24.4932754,1911,1742,1438,1713,1566,1311
6723,67569289,24.4949458,1904,1735,1437,1708,1565,1329
6724,67579289,24.4965855,1904,1715,1438,1685,1555,1319
6725,67589289,24.4979766,1919,1675,1455,1717,1521,1343
6726,67599289,24.4992426,1902,1699,1402,1705,1537,1299
6727,67609289,24.5007691,1910,1727,1455,1705,1565,1346
6728,67619289,24.50216,1910,1735,1431,1706,1569,1311
6729,67629289,24.5045261,1899,1745,1438,1702,1578,1314
6730,67639289,24.507137,1899,1753,1449,1704,1581,1332
6731,67649289,24.5082409,1904,1730,1424,1690,1540,1311
6732,67659289,24.5090542,1904,1731,1447,1705,1563,1332
6733,67669289,24.5098764,1894,1722,1427,1704,1560,1311
6734,67679288,24.5111288,1909,1696,1441,1706,1539,1324
6735,67689289,24.5127948,1907,1711,1419,1719,1548,1303
6736,67699289,24.5145707,1903,1708,1443,1718,1553,1326
6737,67709289,24.5163202,1919,1745,1431,1719,1563,1314
6738,67719289,24.5185858,1904,1744,1436,1714,1574,1300
6739,67729289,24.5236215,1915,1762,1442,1705,1574,1338
6740,67739289,24.5264367,1904,1737,1424,1699,1562,1315
6741,67749289,24.5282634,1893,1725,1443,1700,1557,1329
6742,67759289,24.5297916,1889,1709,1422,1686,1544,1310
6743,67769288,24.5318107,1891,1701,1441,1703,1539,1320
6744,67779289,24.5335206,1904,1717,1429,1707,1548,1315
6745,67789288,24.7193782,1905,1722,1437,1713,1572,1322
6746,67799289,24.7210871,1920,1744,1439,1714,1569,1323
6747,67809289,24.7225534,1934,1526,1439,1721,1390,1324
6748,67819289,24.7234679,1879,1666,1394,1682,1520,1319
6749,67829289,24.7245681,1931,1809,1473,1727,1626,1346
6750,67839289,24.7262186,1865,1758,1365,1673,1586,1268
6751,67849288,24.7277204,1881,1798,1535,1693,1626,1402
6752,67859289,24.7289837,1904,1779,1424,1705,1601,1302
6753,67869289,24.7301924,1898,1696,1422,1704,1538,1307
6754,67879289,24.7316663,1911,1707,1461,1708,1540,1340
6755,67889289,24.7328672,1891,1726,1431,1703,1561,1312
6756,67899289,24.7339253,1913,1705,1445,1701,1539,1332
6757,67909289,24.7349626,1904,1723,1424,1705,1556,1311
6758,67919289,24.7366826,1920,1742,1462,1708,1571,1346
6759,67929289,24.7380828,1901,1727,1413,1705,1562,1304
6760,67939289,24.7394692,1911,1713,1456,1710,1550,1337
6761,67949289,24.7408404,1899,1740,1431,1700,1574,1311
6762,67959289,24.7443478,1894,1743,1435,1704,1565,1322
6763,67969289,24.7456438,1886,1730,1449,1690,1564,1332
6764,67979288,24.746828,1882,1717,1424,1693,1554,1310
6765,67989288,24.7562562,1918,1699,1449,1704,1540,1335
6766,67999289,24.7587214,1904,1696,1413,1704,1534,1301
6767,68009289,24.9516429,1919,1714,1463,1710,1552,1336
6768,68019289,24.9541597,1913,1734,1424,1711,1562,1305
6769,68029289,24.9555193,1907,1747,1456,1714,1575,1343
6770,68039288,24.9567895,1908,1753,1431,1714,1582,1323
6771,68049288,24.9584882,1895,1734,1428,1704,1562,1315
6772,68059289,24.9617318,1899,1709,1442,1696,1546,1316
6773,68069289,24.9637248,1888,1712,1415,1691,1545,1303
6774,68079289,24.9652666,1903,1712,1447,1708,1546,1328
6775,68089289,24.96664,1895,1721,1426,1700,1562,1311
6776,68099289,24.9690958,1905,1680,1441,1714,1508,1317
6777,68109289,24.972272,1904,1626,1333,1698,1481,1228
6778,68119289,24.9734181,1882,1791,1475,1684,1615,1369
6779,68129289,24.9744595,1914,1833,1471,1721,1644,1346
6780,68139289,24.9758486,1925,1770,1414,1718,1586,1298
6781,68149289,24.9773124,1910,1776,1444,1705,1603,1333
6782,68159289,24.9786567,1904,1746,1424,1709,1570,1319
6783,68169289,24.9807898,1918,1694,1450,1714,1526,1325
6784,68179289,24.9829469,1891,1661,1348,1704,1509,1266
6785,68189289,24.9850736,1913,1725,1507,1715,1556,1373
6786,68199288,24.9887454,1891,1727,1397,1701,1569,1287
6787,68209289,24.9923637,1904,1720,1455,1705,1553,1338
6788,68219289,24.9942845,1915,1717,1431,1710,1548,1314
6789,68229289,24.995405,1901,1741,1425,1700,1568,1305
6790,68239289,24.9971549,1907,1751,1468,1707,1562,1345
6791,68249289,24.9982483,1891,1744,1397,1694,1570,1291
6792,68259289,25.1901884,1910,1746,1479,1705,1576,1353
6793,68269288,25.1910659,1883,1727,1396,1694,1565,1299
6794,68279289,25.1918828,1903,1700,1456,1726,1531,1333
6795,68289289,25.1928471,1895,1702,1422,1699,1545,1313
6796,68299289,25.1942259,1901,1707,1424,1705,1544,1313
6797,68309289,25.195838,1919,1730,1443,1714,1569,1330
6798,68319288,25.1968797,1905,1751,1419,1705,1578,1310
6799,68329288,25.1977357,1911,1748,1456,1711,1579,1339
6800,68339289,25.1985691,1900,1741,1418,1704,1571,1305
6801,68349288,25.1991504,1904,1719,1456,1701,1548,1335
6802,68359289,25.1996893,1888,1709,1421,1698,1540,1308
6803,68369288,25.200469,1899,1706,1443,1700,1539,1323
6804,68379289,25.2010661,1904,1728,1437,1694,1560,1317
6805,68389289,25.2015454,1922,1729,1425,1708,1563,1317
6806,68399289,25.2021333,1926,1639,1435,1724,1476,1325
6807,68409289,25.203425,1903,1639,1303,1693,1490,1220
6808,68419289,25.2044545,1918,1819,1575,1714,1640,1451
6809,68429289,25.2052965,1914,1814,1433,1713,1627,1310
6810,68439289,25.2064036,1924,1733,1382,1715,1565,1281
6811,68449289,25.2081795,1909,1808,1477,1705,1626,1358
6812,68459289,25.4091975,1900,1733,1439,1704,1569,1324
6813,68469289,25.4105409,1907,1693,1439,1716,1527,1329
6814,68479289,25.4115936,1885,1667,1342,1694,1500,1280
6815,68489289,25.4128989,1918,1718,1491,1720,1540,1363
6816,68499289,25.4143529,1891,1720,1385,1699,1556,1272
6817,68509289,25.4156427,1917,1715,1456,1706,1556,1355
6818,68519289,25.4168486,1911,1719,1413,1707,1552,1300
6819,68529289,25.4180122,1915,1728,1433,1706,1564,1330
6820,68539289,25.419802,1911,1747,1461,1709,1574,1336
6821,68549289,25.4212555,1891,1732,1409,1692,1571,1294
6822,68559289,25.4225927,1898,1745,1470,1705,1572,1353
6823,68569289,25.423994,1878,1734,1405,1689,1573,1287
6824,68579289,25.4257927,1903,1684,1467,1705,1543,1337
6825,68589289,25.4277206,1903,1703,1416,1704,1536,1303
6826,68599289,25.4289397,1913,1706,1443,1709,1548,1321
6827,68609289,25.4305591,1915,1726,1431,1713,1560,1316
6828,68619289,25.4320588,1911,1746,1426,1706,1574,1311
6829,68629289,25.4335646,1920,1749,1459,1716,1580,1343
6830,68639289,25.4358494,1889,1741,1402,1708,1565,1302
6831,68649289,25.4378951,1905,1721,1459,1705,1562,1340
6832,68659288,25.4389724,1882,1707,1407,1691,1546,1298
6833,68669289,25.4400668,1893,1699,1446,1694,1540,1336
6834,68679288,25.4408183,1898,1723,1429,1705,1560,1322
6835,68689289,25.4414003,1911,1723,1438,1701,1562,1319
6836,68699289,25.6194105,1935,1737,1444,1700,1566,1335
6837,68709289,25.6208322,1910,1680,1409,1716,1514,1297
6838,68719289,25.6220983,1908,1617,1339,1696,1476,1241
6839,68729289,25.6233644,1881,1761,1457,1685,1600,1364
6840,68739289,25.624772,1911,1821,1529,1714,1650,1397
6841,68749289,25.6261893,1927,1775,1392,1722,1589,1267
6842,68759289,25.6278069,1891,1779,1450,1694,1609,1342
6843,68769289,25.6300404,1902,1757,1456,1699,1575,1337
6844,68779289,25.6319023,1906,1691,1427,1705,1521,1309
6845,68789289,25.6336583,1893,1668,1381,1705,1513,1280
6846,68799289,25.6361647,1904,1717,1478,1708,1557,1355
6847,68809288,25.6385316,1919,1746,1403,1706,1561,1296
6848,68819289,25.6401199,1919,1719,1453,1714,1562,1337
6849,68829289,25.6414186,1922,1726,1434,1720,1553,1323
6850,68839289,25.6430334,1918,1730,1419,1707,1553,1313
6851,68849289,25.6443152,1915,1734,1456,1708,1566,1337
6852,68859289,25.6456627,1897,1744,1424,1695,1566,1309
6853,68869289,25.6470995,1894,1745,1453,1695,1575,1346
6854,68879289,25.6486337,1878,1730,1417,1681,1569,1311
6855,68889289,25.6494791,1911,1726,1439,1698,1534,1322
6856,68899289,25.6506693,1904,1709,1425,1705,1539,1307
6857,68909289,25.8327179,1909,1699,1424,1714,1534,1313
6858,68919289,25.8339448,1919,1723,1445,1716,1558,1322
6859,68929289,25.8350912,1910,1743,1424,1713,1575,1316
6860,68939289,25.8376008,1917,1743,1457,1713,1576,1350
6861,68949289,25.8388096,1887,1744,1425,1704,1572,1314
6862,68959289,25.840024,1900,1712,1451,1705,1566,1335
6863,68969289,25.8409669,1889,1707,1424,1690,1548,1320
6864,68979288,25.8419138,1889,1700,1436,1697,1540,1324
6865,68989289,25.8428269,1895,1713,1433,1702,1548,1323
6866,68999289,25.8438107,1906,1729,1426,1705,1566,1316
6867,69009289,25.8447742,1919,1737,1450,1717,1572,1335
6868,69019289,25.845943,1916,1734,1439,1713,1570,1285
6869,69029289,25.8471192,1922,1738,1444,1718,1557,1327
6870,69039289,25.8484866,1906,1716,1431,1708,1552,1316
6871,69049289,25.8500759,1903,1722,1445,1704,1549,1330
6872,69059289,25.8514706,1897,1729,1423,1697,1558,1319
6873,69069289,25.8532177,1898,1725,1423,1696,1553,1314
6874,69079289,25.8547127,1893,1742,1443,1697,1548,1337
6875,69089289,25.8565212,1901,1725,1433,1700,1553,1315
6876,69099289,25.8582164,1906,1718,1455,1709,1561,1329
6877,69109289,25.8623534,1918,1734,1430,1702,1563,1313
6878,69119289,26.0991376,1906,1729,1437,1716,1573,1351
6879,69129289,26.1007328,1910,1729,1426,1717,1559,1316
6880,69139289,26.102054,1903,1721,1438,1704,1558,1322
6881,69149289,26.1035994,1904,1731,1425,1718,1548,1320
6882,69159289,26.1047846,1895,1712,1429,1700,1548,1321
6883,69169289,26.1057851,1901,1719,1442,1704,1553,1322
6884,69179289,26.10678,1890,1726,1433,1705,1558,1314
6885,69189289,26.1077568,1899,1735,1441,1705,1562,1326
6886,69199289,26.1090954,1905,1734,1435,1703,1574,1319
6887,69209289,26.1102903,1904,1737,1439,1707,1561,1327
6888,69219289,26.1114115,1910,1719,1441,1720,1557,1327
6889,69229289,26.1127431,1909,1678,1426,1707,1548,1323
6890,69239289,26.1144824,1912,1723,1442,1708,1555,1316
6891,69249289,26.1157133,1904,1725,1431,1704,1560,1317
6892,69259289,26.1168671,1904,1723,1440,1706,1567,1323
6893,69269289,26.1180648,1898,1731,1439,1696,1562,1319
6894,69279289,26.1202233,1895,1732,1440,1705,1566,1327
6895,69289289,26.1219081,1904,1730,1440,1721,1563,1324
6896,69299289,26.1232096,1911,1729,1445,1705,1558,1325
6897,69309289,26.1244037,1911,1719,1438,1713,1557,1314
6898,69319289,26.1256029,1908,1729,1439,1708,1562,1306
6899,69329289,26.1269811,1905,1728,1440,1703,1548,1337
6900,69339289,26.1283185,1905,1728,1446,1705,1555,1313
6901,69349289,26.130442,1906,1723,1442,1704,1557,1316
6902,69359289,26.1328343,1899,1735,1427,1700,1562,1320
6903,69369289,26.1344751,1898,1725,1439,1699,1566,1325
6904,69379289,26.1395565,1899,1728,1436,1704,1562,1324
6905,69389289,26.1411139,1910,1713,1438,1704,1566,1323
6906,69399289,26.3614628,1897,1725,1428,1710,1557,1323
6907,69409289,26.3627508,1903,1723,1433,1708,1553,1317
6908,69419289,26.3639327,1912,1711,1441,1705,1553,1309
6909,69429289,26.365519,1903,1723,1430,1706,1549,1319
6910,69439289,26.3665804,1913,1727,1439,1711,1562,1330
6911,69449289,26.3678662,1907,1726,1434,1705,1561,1323
6912,69459289,26.3696659,1891,1743,1441,1686,1561,1322
6913,69469289,26.371789,1895,1730,1415,1698,1561,1320
6914,69479289,26.3738201,1904,1725,1438,1703,1557,1322
6915,69489289,26.3757939,1904,1728,1439,1701,1560,1325
6916,69499289,26.3775277,1900,1727,1435,1702,1557,1318
6917,69509289,26.3790092,1904,1725,1442,1706,1561,1317
6918,69519289,26.3809959,1904,1728,1437,1706,1558,1317
6919,69529289,26.3826242,1903,1728,1434,1705,1558,1311
6920,69539289,26.3842477,1906,1723,1442,1708,1560,1326
6921,69549289,26.3868181,1911,1727,1429,1705,1560,1332
6922,69559289,26.3886639,1907,1727,1418,1705,1555,1342
6923,69569289,26.3906038,1903,1729,1437,1698,1568,1313
6924,69579289,26.3920597,1897,1722,1444,1705,1564,1323
6925,69589289,26.3935987,1904,1719,1429,1699,1546,1313
6926,69599289,26.3971673,1900,1721,1442,1702,1556,1323
6927,69609289,26.3999831,1904,1725,1456,1705,1555,1315
6928,69619289,26.404003,1902,1726,1437,1705,1562,1314
6929,69629289,26.4060686,1906,1733,1442,1706,1562,1317
6930,69639290,26.4075934,1904,1727,1429,1709,1562,1322
6931,69649289,26.4090389,1908,1722,1434,1706,1557,1326
6932,69659289,26.5782022,1899,1723,1431,1695,1561,1324
6933,69669289,26.5791096,1902,1729,1435,1704,1557,1317
6934,69679290,26.5798737,1892,1725,1439,1705,1553,1322
6935,69689289,26.5808751,1895,1723,1435,1708,1561,1327
6936,69699289,26.5819088,1905,1729,1439,1705,1559,1328
6937,69709289,26.5826989,1908,1722,1427,1706,1557,1322
6938,69719289,26.5835312,1898,1727,1434,1713,1560,1327
6939,69729289,26.5843568,1903,1729,1455,1710,1560,1309
6940,69739289,26.5855027,1906,1725,1430,1705,1560,1328
6941,69749289,26.5873059,1911,1732,1449,1705,1560,1317
6942,69759289,26.5885537,1903,1725,1450,1708,1559,1337
6943,69769289,26.5896975,1905,1729,1439,1706,1562,1324
6944,69779289,26.5907636,1905,1725,1437,1705,1556,1322
6945,69789289,26.5919166,1898,1721,1440,1703,1563,1323
6946,69799289,26.5931142,1899,1731,1442,1710,1559,1319
6947,69809289,26.5941746,1904,1729,1437,1707,1558,1319
6948,69819289,26.5953529,1914,1728,1429,1709,1561,1323
6949,69829289,26.5975274,1907,1719,1437,1703,1557,1325
6950,69839289,26.5989556,1907,1726,1435,1704,1553,1314
6951,69849289,26.6038166,1900,1723,1439,1708,1558,1337
6952,69859288,26.6148822,1904,1723,1433,1703,1559,1314
6953,69869289,26.635963,1905,1718,1424,1700,1555,1313
6954,69879289,26.6424809,1902,1725,1433,1697,1562,1311
6955,69889289,26.6500056,1894,1727,1438,1701,1556,1322
6956,69899289,26.6527337,1904,1733,1438,1706,1561,1323
6957,69909289,26.8223026,1904,1721,1417,1709,1558,1323
6958,69919289,26.8262971,1904,1723,1435,1705,1548,1323
6959,69929289,26.8295266,1904,1728,1431,1708,1559,1325
6960,69939289,26.8373525,1904,1715,1441,1703,1555,1323
6961,69949289,26.8432405,1903,1725,1410,1708,1556,1324
6962,69959289,26.8469065,1929,1727,1440,1705,1562,1323
6963,69969289,26.8596632,1905,1726,1433,1710,1570,1322
6964,69979289,26.8616268,1904,1727,1435,1707,1557,1324
6965,69989289,26.869031,1911,1723,1457,1702,1553,1314
6966,69999289,26.8754081,1904,1727,1428,1707,1561,1328
6967,70009289,26.877452,1903,1726,1433,1705,1561,1323
6968,70019289,26.8819663,1899,1728,1439,1704,1561,1320
6969,70029289,26.8878599,1904,1725,1443,1704,1561,1319
6970,70039289,26.8979163,1911,1728,1431,1706,1565,1320
6971,70049289,26.90008,1887,1727,1442,1708,1553,1328
6972,70059289,26.9063234,1908,1725,1421,1706,1563,1319
6973,70069289,26.9087325,1904,1726,1441,1708,1560,1323
6974,70079289,26.91003,1905,1725,1439,1701,1558,1323
6975,70089289,26.9147875,1902,1718,1458,1702,1548,1307
6976,70099289,26.9178098,1899,1729,1434,1705,1558,1322
6977,70109289,26.9198563,1906,1729,1440,1701,1558,1319
6978,70119289,26.9220752,1904,1719,1440,1700,1556,1323
6979,70129289,26.9235415,1897,1725,1439,1711,1557,1320
6980,70139288,26.924628,1901,1723,1456,1705,1550,1323
6981,70149289,26.9256699,1911,1727,1440,1705,1557,1322
6982,70159289,26.9277548,1908,1731,1433,1707,1560,1328
6983,70169289,26.9291791,1922,1730,1432,1705,1560,1317
6984,70179289,26.9313332,1902,1726,1435,1704,1565,1319
6985,70189289,27.1904454,1904,1725,1437,1698,1565,1317
6986,70199289,27.1929787,1905,1724,1440,1709,1557,1320
6987,70209289,27.194541,1906,1727,1433,1707,1555,1330
6988,70219289,27.1965285,1903,1730,1431,1705,1559,1313
6989,70229289,27.198801,1904,1722,1435,1708,1559,1313
6990,70239288,27.2005528,1903,1711,1436,1706,1552,1319
6991,70249289,27.2023641,1906,1730,1433,1708,1554,1316
6992,70259289,27.2041807,1904,1730,1435,1711,1560,1316
6993,70269289,27.2067426,1910,1730,1443,1704,1557,1321
6994,70279289,27.2087231,1902,1726,1434,1703,1559,1319
6995,70289289,27.2108477,1901,1723,1439,1707,1557,1324
6996,70299289,27.2129741,1904,1729,1439,1705,1557,1319
6997,70309289,27.2152475,1904,1725,1429,1704,1561,1322
6998,70319289,27.2171359,1902,1722,1437,1701,1558,1316
6999,70329288,27.220034,1904,1734,1430,1711,1562,1327
7000,70339289,27.2324981,1907,1728,1435,1700,1562,1325
7001,70349289,27.2352349,1892,1722,1441,1705,1559,1317
7002,70359289,27.2604147,1903,1728,1430,1703,1557,1329
7003,70369289,27.2660064,1894,1722,1424,1707,1560,1320
7004,70379289,27.2736707,1899,1728,1435,1704,1561,1320
7005,70389289,27.2775639,1904,1722,1430,1705,1560,1316
7006,70399289,27.2873708,1904,1728,1434,1706,1553,1328
7007,70409289,27.293935,1905,1719,1441,1710,1562,1335
7008,70419289,27.2982791,1909,1729,1437,1700,1559,1328
7009,70429289,27.3047866,1903,1719,1437,1705,1558,1323
7010,70439289,27.3069361,1906,1718,1441,1710,1560,1323
7011,70449289,27.3125934,1903,1726,1432,1704,1553,1317
7012,70459289,27.315325,1930,1719,1441,1705,1553,1323
7013,70469289,27.3185374,1907,1726,1429,1708,1561,1326
7014,70479289,27.3246264,1905,1729,1442,1712,1559,1326
7015,70489289,27.3269527,1903,1731,1437,1706,1560,1314
7016,70499289,27.3287483,1903,1730,1440,1704,1557,1324
7017,70509289,27.3310943,1898,1729,1439,1705,1560,1322
7018,70519289,27.3327737,1899,1722,1447,1704,1560,1326
7019,70529289,27.3343735,1905,1723,1434,1705,1553,1342
7020,70539289,27.3359463,1902,1726,1427,1713,1560,1322
7021,70549289,27.3376615,1904,1729,1438,1707,1555,1314
7022,70559289,27.339131,1902,1731,1435,1705,1562,1322
7023,70569289,27.3410305,1904,1729,1437,1705,1558,1323
7024,70579289,27.3424642,1903,1727,1438,1711,1562,1317
7025,70589289,27.3437105,1905,1725,1428,1709,1553,1323
7026,70599289,27.6042627,1909,1725,1444,1701,1558,1322
7027,70609289,27.6059705,1921,1727,1444,1705,1557,1322
7028,70619289,27.6083553,1909,1731,1430,1701,1562,1326
7029,70629289,27.6100294,1904,1735,1432,1705,1560,1323
7030,70639289,27.6129053,1902,1729,1435,1705,1561,1333
7031,70649289,27.6241196,1904,1729,1435,1707,1558,1323
7032,70659289,27.625812,1902,1723,1431,1705,1562,1321
7033,70669289,27.6278625,1906,1729,1428,1704,1552,1324
7034,70679289,27.6293214,1908,1726,1429,1705,1556,1317
7035,70689289,27.6312446,1906,1727,1440,1702,1560,1328
7036,70699289,27.6332813,1904,1728,1436,1705,1557,1319
7037,70709289,27.6384094,1904,1729,1439,1709,1561,1319
7038,70719289,27.6434362,1905,1730,1441,1699,1556,1314
7039,70729289,27.6492201,1903,1728,1441,1709,1557,1327
7040,70739289,27.6531504,1904,1728,1435,1708,1562,1323
7041,70749289,27.6577641,1904,1729,1439,1729,1559,1321
7042,70759289,27.6600893,1913,1728,1434,1701,1582,1325
7043,70769289,27.662724,1903,1712,1431,1709,1558,1324
7044,70779289,27.6649306,1904,1718,1433,1705,1562,1327
7045,70789289,27.6680381,1905,1732,1433,1709,1563,1320
7046,70799289,27.6719503,1904,1725,1439,1727,1562,1311
7047,70809289,27.6787889,1905,1728,1441,1702,1562,1323
7048,70819289,27.6806517,1899,1727,1430,1700,1562,1327
7049,70829289,27.6826338,1904,1719,1443,1705,1561,1330
7050,70839289,27.6914327,1909,1728,1433,1708,1560,1319
7051,70849289,27.6952913,1901,1728,1445,1705,1559,1332
7052,70859289,27.7017999,1897,1719,1441,1705,1569,1321
7053,70869289,27.7053736,1889,1720,1435,1705,1558,1322
7054,70879289,27.707158,1891,1723,1436,1704,1563,1325
7055,70889289,27.7095133,1903,1719,1438,1705,1561,1320
7056,70899289,27.711515,1904,1730,1440,1698,1562,1317
7057,70909289,27.7130319,1913,1719,1434,1708,1562,1319
7058,70919289,27.7145196,1920,1744,1447,1708,1564,1324
7059,70929289,27.7155314,1910,1727,1433,1711,1558,1322
7060,70939289,27.7166035,1905,1733,1441,1704,1562,1319
7061,70949289,27.7177287,1899,1726,1431,1705,1556,1317
7062,70959288,27.7193046,1904,1733,1438,1711,1562,1319
7063,70969289,27.7204293,1904,1725,1425,1704,1565,1321
7064,70979289,27.941884,1904,1744,1439,1706,1574,1330
7065,70989289,27.9432426,1898,1722,1441,1705,1561,1323
7066,70999289,27.9443418,1897,1726,1438,1708,1548,1319
7067,71009289,27.9456345,1906,1719,1439,1705,1560,1311
7068,71019289,27.9468282,1904,1723,1429,1704,1557,1314
7069,71029289,27.9477138,1899,1725,1433,1705,1558,1326
7070,71039289,27.9486427,1904,1729,1433,1711,1560,1320
7071,71049289,27.9496132,1907,1733,1445,1707,1560,1322
7072,71059289,27.9508679,1907,1727,1440,1705,1557,1314
7073,71069289,27.9518813,1894,1718,1444,1706,1562,1322
7074,71079289,27.9531363,1895,1731,1428,1709,1564,1329
7075,71089289,27.9546083,1906,1727,1429,1702,1561,1323
7076,71099289,27.9563805,1905,1747,1431,1705,1560,1319
7077,71109289,27.9581787,1905,1728,1431,1705,1558,1319
7078,71119289,27.9602834,1906,1730,1424,1704,1555,1311
7079,71129289,27.9620108,1905,1726,1446,1696,1552,1319
7080,71139289,27.9637682,1921,1741,1446,1724,1574,1306
7081,71149289,27.965551,1943,1717,1437,1737,1558,1320
7082,71159289,27.9672172,2000,1710,1424,1774,1548,1314
7083,71169289,27.9692269,1933,1728,1430,1722,1566,1322
7084,71179289,27.9711087,1890,1744,1427,1685,1566,1337
7085,71189289,27.9734878,1836,1744,1447,1663,1582,1329
7086,71199289,27.9754694,1846,1732,1439,1649,1571,1327
7087,71209289,27.9767781,1893,1722,1443,1705,1561,1311
7088,71219288,27.9780029,1904,1722,1424,1705,1546,1315
7089,71229289,27.9797401,1899,1727,1435,1706,1557,1317
7090,71239289,28.2011333,1904,1729,1437,1704,1562,1323
7091,71249289,28.2023069,1901,1722,1445,1706,1558,1323
7092,71259289,28.2034911,1906,1724,1429,1705,1564,1312
7093,71269289,28.2046532,1905,1719,1427,1718,1561,1313
7094,71279289,28.2058754,1904,1725,1426,1704,1561,1313
7095,71289289,28.2072681,1888,1726,1437,1706,1559,1317
7096,71299289,28.2095485,1903,1743,1447,1706,1574,1325
7097,71309289,28.2128134,1885,1677,1387,1679,1504,1277
7098,71319289,28.2190314,1799,1520,1476,1627,1375,1337
7099,71329289,28.2207665,1947,1635,1409,1741,1493,1304
7100,71339289,28.2229289,1903,1719,1432,1721,1558,1321
7101,71349289,28.2265597,1923,1735,1456,1719,1566,1328
7102,71359289,28.2282603,1914,1755,1419,1711,1568,1317
7103,71369289,28.2294,1947,1759,1456,1745,1589,1335
7104,71379289,28.23036,1919,1810,1420,1698,1615,1314
7105,71389289,28.2315913,1872,1781,1455,1672,1606,1342
7106,71399289,28.2328283,1877,1699,1403,1705,1531,1296
7107,71409289,28.2341993,1907,1714,1433,1704,1551,1322
7108,71419289,28.2369186,1904,1731,1427,1705,1560,1329
7109,71429289,28.2386912,1905,1729,1441,1703,1564,1319
7110,71439289,28.2437119,1901,1734,1444,1709,1572,1322
7111,71449289,28.2460971,1888,1731,1429,1697,1568,1326
7112,71459289,28.2497159,1897,1737,1430,1701,1574,1320
7113,71469289,28.2520689,1911,1717,1425,1711,1549,1320
7114,71479289,28.25515,1904,1702,1439,1705,1548,1315
7115,71489289,28.2570599,1901,1719,1421,1705,1553,1320
7116,71499289,28.2594279,1894,1728,1424,1704,1557,1323
7117,71509289,28.262924,1895,1712,1421,1705,1548,1311
7118,71519289,28.5490742,1904,1723,1430,1704,1557,1316
7119,71529289,28.5501297,1903,1719,1437,1704,1557,1314
7120,71539289,28.5508568,1917,1717,1457,1706,1555,1326
7121,71549289,28.5520488,1911,1726,1435,1705,1568,1324
7122,71559289,28.5533886,1902,1743,1456,1704,1571,1327
7123,71569289,28.5545033,1893,1722,1443,1702,1552,1325
7124,71579289,28.5557605,1852,1736,1430,1658,1567,1322
7125,71589289,28.5569149,1877,1775,1435,1667,1583,1323
7126,71599289,28.5582766,1875,1754,1449,1683,1575,1335
7127,71609289,28.5594471,1890,1732,1452,1696,1563,1328
7128,71619289,28.5608638,1866,1733,1457,1667,1567,1339
7129,71629289,28.562166,1885,1689,1428,1685,1525,1319
7130,71639289,28.5638134,1889,1616,1445,1691,1469,1322
7131,71649289,28.5653878,1903,1680,1463,1695,1521,1340
7132,71659289,28.5664627,2081,1705,1381,1855,1546,1282
7133,71669289,28.5672192,1929,1794,1439,1716,1622,1331
7134,71679289,28.5682469,1902,1811,1498,1692,1630,1368
7135,71689289,28.5695272,1907,1775,1504,1705,1602,1373
7136,71699289,28.5706729,1921,1690,1477,1707,1532,1361
7137,71709289,28.5715971,1910,1684,1465,1717,1525,1339
7138,71719289,28.5728651,1903,1682,1433,1705,1530,1322
7139,71729289,28.5739096,1898,1693,1442,1703,1532,1308
7140,71739289,28.5752619,1904,1724,1452,1713,1566,1326
7141,71749288,28.5772897,1922,1744,1453,1720,1574,1335
7142,71759289,28.5789124,1923,1715,1429,1707,1553,1325
7143,71769289,28.5823268,1919,1686,1437,1736,1525,1324
7144,71779289,28.5841171,1968,1626,1431,1754,1474,1312
7145,71789289,28.5885726,1941,1424,1408,1730,1311,1297
7146,71799289,28.5914578,1872,1344,1349,1666,1236,1259
7147,71809289,28.5933179,1853,1493,1394,1664,1382,1285
7148,71819288,28.5982766,1872,1639,1439,1667,1498,1314
7149,71829289,28.5997732,1904,1693,1426,1715,1533,1285
7150,71839289,28.6063763,1908,1726,1411,1719,1568,1311
7151,71849289,28.6095447,1905,1746,1409,1700,1573,1298
7152,71859289,28.9448218,1919,1737,1417,1718,1570,1298
7153,71869289,28.9454859,1940,1698,1391,1727,1536,1289
7154,71879289,28.9459334,1909,1600,1370,1705,1452,1264
7155,71889289,28.9463437,1895,1535,1359,1698,1402,1260
7156,71899289,28.9468159,1903,1566,1374,1700,1420,1241
7157,71909289,28.9472789,1919,1615,1392,1721,1466,1283
7158,71919289,28.947704,1931,1679,1443,1729,1520,1321
7159,71929289,28.948103,1937,1706,1438,1732,1533,1323
7160,71939289,28.9485047,1949,1765,1462,1741,1595,1339
7161,71949289,28.9489081,1968,1767,1447,1745,1593,1327
7162,71959289,28.9493248,1948,1755,1423,1757,1579,1304
7163,71969289,28.9497212,1954,1726,1377,1755,1557,1269
7164,71979289,28.9501204,1935,1678,1354,1740,1512,1251
7165,71989289,28.9505113,1911,1679,1355,1714,1509,1255
7166,71999289,28.9509066,1905,1620,1360,1697,1479,1253
7167,72009289,28.9513454,1891,1647,1367,1704,1497,1276
7168,72019289,28.951769,1886,1686,1379,1687,1534,1283
7169,72029289,28.9522652,1878,1706,1381,1684,1539,1273
7170,72039289,28.9528468,1865,1722,1360,1671,1558,1254
7171,72049289,28.9533153,1882,1701,1354,1686,1532,1259
7172,72059289,28.9537381,1899,1704,1374,1698,1548,1256
7173,72069289,28.9541262,1872,1726,1332,1681,1548,1241
7174,72079289,28.9545076,1952,1718,1339,1736,1550,1238
7175,72089289,28.955056,1958,1679,1328,1744,1537,1237
7176,72099289,28.9555364,1936,1629,1287,1731,1493,1195
7177,72109289,28.9559738,1936,1630,1286,1727,1470,1192
7178,72119289,28.9564081,1914,1599,1250,1723,1458,1171
7179,72129289,28.9568395,1930,1602,1256,1714,1451,1163
7180,72139289,28.9572617,2457,1080,1589,2204,991,1479
7181,72149289,28.9576998,2038,1410,1215,1794,1320,1172
7182,72159289,28.9581271,1620,1830,859,1377,1706,820
7183,72169289,28.9585735,1923,1410,1179,1705,1286,1085
7184,72179289,28.9589812,1927,1710,1344,1744,1549,1248
7185,72189289,28.9597156,1979,1699,1323,1766,1550,1248
7186,72199289,28.9601961,1923,1730,1306,1732,1559,1215
7187,72209289,28.9606182,1951,1620,1808,1735,1476,1638
7188,72219289,29.3322362,1936,2010,1520,1741,1764,1378
7189,72229289,29.3334957,1519,1423,1305,1435,1300,1194
7190,72239289,29.3347371,1901,1641,1297,1707,1494,1197
7191,72249289,29.3362277,1969,1770,1488,1754,1601,1361
7192,72259289,29.3382986,1605,1680,1584,1491,1545,1469
7193,72269289,29.3399566,1929,1616,1313,1713,1469,1216
7194,72279289,29.3418221,1927,1808,1474,1721,1626,1366
7195,72289289,29.34455,1894,1727,1424,1705,1568,1321
7196,72299289,29.3469652,1895,1710,1431,1697,1549,1317
7197,72309289,29.3498001,1889,1713,1433,1705,1553,1314
7198,72319289,29.3514927,1899,1718,1418,1704,1549,1311
7199,72329289,29.355405,1910,1715,1435,1710,1550,1320
7200,72339289,29.3578609,1904,1719,1435,1705,1550,1323
7201,72349289,29.359561,1904,1725,1433,1706,1546,1323
7202,72359289,29.3618379,1910,1719,1431,1711,1548,1316
7203,72369289,29.3639339,1901,1721,1439,1701,1547,1319
7204,72379289,29.3652013,1904,1717,1434,1706,1557,1319
7205,72389289,29.3670685,1905,1724,1451,1705,1546,1312
7206,72399289,29.3700976,1904,1715,1437,1703,1548,1314
7207,72409289,29.3730195,1904,1713,1427,1722,1548,1314
7208,72419289,29.3749991,1906,1721,1435,1696,1553,1323
7209,72429289,29.3785518,1902,1717,1424,1703,1549,1316
7210,72439289,29.3816318,1902,1718,1437,1708,1546,1323
7211,72449289,29.3838711,1904,1727,1425,1705,1552,1319
7212,72459289,29.3887188,1910,1713,1431,1705,1548,1323
7213,72469289,29.3919213,1904,1713,1431,1705,1555,1328
7214,72479289,29.3940154,1907,1723,1437,1703,1552,1323
7215,72489289,29.395459,1905,1714,1432,1704,1553,1319
7216,72499289,29.3972673,1887,1717,1427,1708,1552,1316
7217,72509289,29.3986974,1903,1712,1430,1711,1557,1322
7218,72519289,29.4001111,1904,1713,1429,1709,1548,1311
7219,72529289,29.4032122,1904,1712,1429,1705,1550,1321
7220,72539288,29.4059566,1902,1713,1423,1704,1559,1312
7221,72549289,29.4105546,1904,1715,1437,1705,1542,1319
7222,72559289,29.4133307,1903,1722,1437,1726,1553,1314
7223,72569289,29.4167815,1907,1716,1430,1688,1549,1310
7224,72579289,29.4239644,1904,1724,1435,1701,1548,1322
7225,72589289,29.4279929,1894,1715,1424,1705,1548,1315
7226,72599289,29.4296715,1904,1722,1427,1701,1530,1307
7227,72609289,29.4308401,1905,1717,1440,1705,1553,1322
7228,72619289,29.431678,1905,1712,1435,1705,1543,1322
7229,72629288,29.4328671,1904,1723,1433,1705,1557,1323
7230,72639288,29.4339721,1903,1722,1433,1706,1549,1319
7231,72649289,29.4349081,1904,1713,1432,1704,1541,1303
7232,72659289,29.4363848,1904,1715,1405,1706,1550,1315
7233,72669289,29.4377411,1904,1712,1424,1704,1552,1320
7234,72679289,29.4393354,1899,1724,1427,1703,1547,1314
7235,72689289,29.6993678,1904,1713,1425,1705,1555,1336
7236,72699289,29.7002198,1898,1714,1459,1705,1549,1311
7237,72709289,29.7010669,1905,1713,1442,1705,1548,1315
7238,72719289,29.7021121,1903,1714,1435,1706,1552,1319
7239,72729289,29.7038991,1904,1716,1433,1705,1552,1317
7240,72739289,29.7050609,1904,1712,1427,1701,1557,1314
7241,72749289,29.7066011,1894,1719,1433,1709,1553,1313
7242,72759289,29.7079966,1898,1716,1440,1714,1551,1312
7243,72769289,29.7092057,1903,1715,1441,1700,1550,1317
7244,72779289,29.710801,1906,1726,1437,1705,1547,1323
7245,72789289,29.7123497,1907,1725,1438,1698,1553,1310
7246,72799289,29.7137969,1909,1717,1425,1703,1557,1324
7247,72809289,29.7156218,1901,1731,1426,1705,1556,1317
7248,72819289,29.7173852,1913,1719,1438,1696,1552,1319
7249,72829289,29.7190084,1908,1723,1437,1701,1557,1314
7250,72839289,29.7204712,1904,1717,1437,1705,1542,1340
7251,72849289,29.7217796,1904,1717,1425,1692,1550,1316
7252,72859289,29.7228434,1902,1718,1430,1705,1553,1314
7253,72869289,29.7240782,1919,1715,1438,1704,1555,1316
7254,72879289,29.7252426,1905,1722,1409,1704,1557,1318
7255,72889289,29.7265625,1895,1712,1435,1718,1551,1317
7256,72899289,29.7324219,1904,1715,1430,1705,1549,1315
7257,72909289,29.7538023,1902,1718,1441,1699,1566,1311
7258,72919289,29.7565199,1897,1713,1426,1699,1552,1320
7259,72929289,29.758504,1901,1717,1443,1708,1553,1317
7260,72939289,29.7601665,1899,1714,1424,1704,1552,1322
7261,72949289,29.7613193,1904,1718,1431,1698,1558,1320
7262,72959289,29.7633121,1903,1727,1431,1705,1552,1320
7263,72969289,29.764418,1899,1713,1427,1704,1550,1319
7264,72979289,29.7661974,1907,1718,1430,1704,1539,1322
7265,72989289,29.7674524,1904,1718,1431,1705,1563,1316
7266,72999289,29.7706279,1904,1714,1438,1711,1553,1319
7267,73009289,29.8469614,1909,1717,1439,1708,1553,1322
7268,73019289,29.8556094,1903,1712,1433,1701,1548,1321
7269,73029289,29.8567874,1907,1713,1431,1695,1548,1319
7270,73039288,29.8576319,1893,1712,1446,1700,1548,1316
7271,73049288,29.8583568,1904,1721,1395,1698,1553,1319
7272,73059289,29.8592794,1902,1721,1441,1705,1550,1315
7273,73069289,29.8605064,1905,1717,1440,1705,1548,1340
7274,73079289,29.8616189,1905,1713,1439,1705,1548,1321
7275,73089289,29.8626893,1899,1715,1439,1705,1553,1319
7276,73099289,29.8641212,1910,1721,1429,1705,1545,1320
7277,73109289,29.8657419,1904,1719,1424,1702,1548,1319
7278,73119289,29.8671393,1905,1712,1425,1703,1549,1322
7279,73129289,30.0394528,1907,1712,1428,1709,1547,1311
7280,73139289,30.0410311,1904,1718,1432,1690,1550,1320
7281,73149289,30.0427467,1907,1715,1435,1702,1553,1317
7282,73159289,30.0446505,1905,1715,1435,1704,1549,1319
7283,73169289,30.0467672,1903,1723,1426,1700,1562,1311
7284,73179289,30.0487614,1904,1725,1434,1704,1553,1317
7285,73189289,30.0503378,1906,1712,1435,1706,1551,1319
7286,73199289,30.0518716,1903,1718,1426,1713,1548,1315
7287,73209289,30.0541817,1904,1715,1428,1709,1549,1321
7288,73219289,30.0554504,1902,1713,1431,1708,1550,1316
7289,73229289,30.0575122,1901,1712,1427,1707,1552,1318
7290,73239289,30.0589425,1904,1712,1427,1676,1556,1321
7291,73249289,30.0600395,1891,1711,1438,1701,1552,1320
7292,73259289,30.0609002,1909,1717,1433,1703,1557,1315
7293,73269289,30.0623219,1904,1712,1437,1705,1558,1322
7294,73279289,30.0644539,1895,1715,1442,1704,1550,1326
7295,73289289,30.0663955,1899,1712,1424,1706,1551,1323
7296,73299289,30.0708755,1906,1713,1428,1705,1553,1320
7297,73309289,30.0763339,1906,1713,1427,1704,1552,1325
7298,73319289,30.0798077,1901,1712,1439,1715,1555,1323
7299,73329289,30.0825456,1907,1718,1440,1703,1556,1323
7300,73339289,31.2727128,1903,1710,1439,1718,1553,1319
7301,73349289,31.2751076,1904,1719,1429,1710,1553,1321
7302,73359289,31.2769565,1895,1717,1438,1705,1557,1314
7303,73369289,31.278246,1901,1722,1437,1711,1548,1317
7304,73379289,31.2795109,1901,1711,1427,1704,1549,1327
7305,73389289,31.28082,1911,1712,1427,1708,1546,1316
7306,73399289,31.2824711,1907,1717,1431,1704,1548,1327
7307,73409289,31.2839109,1902,1719,1448,1705,1550,1319
7308,73419289,31.285168,1899,1723,1434,1704,1553,1314
7309,73429289,31.2869545,1907,1722,1431,1699,1561,1326
7310,73439289,31.2884374,1904,1714,1436,1698,1548,1322
7311,73449288,31.2895952,1907,1712,1429,1701,1548,1320
7312,73459289,31.2907779,1895,1713,1428,1698,1553,1321
7313,73469289,31.2921995,1907,1712,1429,1705,1548,1316
7314,73479289,31.2935217,1904,1714,1435,1718,1557,1319
7315,73489289,31.2947641,1906,1722,1433,1705,1549,1316
7316,73499289,31.295904,1904,1718,1435,1703,1557,1316
7317,73509289,31.2969761,1904,1722,1441,1710,1553,1312
7318,73519289,31.2986712,1897,1720,1433,1706,1550,1320
7319,73529289,31.3000469,1897,1718,1433,1705,1557,1315
7320,73539289,31.3013016,1904,1714,1441,1703,1548,1319
7321,73549289,31.3026739,1903,1725,1435,1701,1548,1315
7322,73559289,31.3040095,1904,1717,1443,1704,1552,1319
7323,73569289,31.3054171,1906,1721,1429,1705,1545,1322
7324,73579289,31.3068323,1906,1711,1433,1706,1553,1322
7325,73589289,31.3081426,1906,1721,1426,1703,1548,1319
7326,73599288,31.3092438,1905,1725,1435,1704,1557,1323
7327,73609289,31.3103523,1911,1724,1436,1708,1549,1320
7328,73619288,31.3327738,1904,1721,1431,1704,1552,1322
7329,73629289,31.3339517,1899,1717,1434,1705,1550,1323
7330,73639289,31.3346654,1898,1712,1429,1696,1553,1316
7331,73649289,31.3353991,1889,1721,1423,1704,1546,1319
7332,73659289,31.3360302,1903,1712,1427,1704,1548,1320
7333,73669289,31.3366504,1906,1721,1435,1704,1558,1319
7334,73679289,31.3372543,1910,1720,1439,1705,1553,1324
7335,73689289,31.3378183,1911,1719,1437,1704,1557,1327
7336,73699289,31.3383615,1915,1724,1442,1694,1548,1320
7337,73709289,31.3389487,1898,1707,1431,1703,1553,1319
7338,73719289,31.3395186,1904,1715,1431,1704,1552,1314
7339,73729289,31.3403156,1899,1716,1429,1700,1552,1320
7340,73739289,31.3410721,1901,1719,1431,1705,1552,1317
7341,73749289,31.3416518,1904,1719,1426,1704,1551,1319
7342,73759289,31.3422129,1895,1715,1435,1704,1548,1322
7343,73769289,31.3428075,1903,1716,1429,1705,1549,1321
7344,73779289,31.3433706,1904,1712,1440,1713,1550,1325
7345,73789289,31.3439162,1894,1717,1440,1708,1553,1319
7346,73799289,31.3453183,1904,1714,1427,1706,1549,1319
7347,73809289,31.3463711,1903,1714,1431,1703,1549,1335
7348,73819289,31.3471241,1904,1730,1441,1701,1552,1328
7349,73829289,31.3477869,1904,1712,1441,1705,1557,1317
7350,73839289,31.3482427,1904,1721,1434,1705,1551,1320
7351,73849289,31.3486495,1903,1714,1431,1705,1548,1315
7352,73859289,31.3490663,1901,1718,1437,1707,1555,1316
7353,73869289,31.3495051,1904,1716,1436,1710,1555,1323
7354,73879288,31.3499424,1904,1717,1441,1704,1549,1320
7355,73889289,31.3503737,1901,1714,1437,1705,1561,1315
7356,73899289,31.3507906,1904,1719,1443,1700,1548,1319
7357,73909288,31.3512012,1899,1717,1439,1704,1548,1320
7358,73919289,31.3516202,1902,1714,1437,1698,1548,1326
7359,73929289,31.352103,1909,1717,1437,1706,1553,1311
7360,73939289,31.3526029,1907,1715,1430,1705,1553,1322
7361,73949289,31.3530249,1903,1716,1428,1700,1543,1320
7362,73959289,31.3534466,1901,1722,1442,1703,1557,1321
7363,73969288,31.3538594,1894,1719,1431,1705,1551,1319
7364,73979289,31.3543095,1902,1719,1437,1704,1555,1311
7365,73989289,31.3547796,1906,1715,1434,1705,1549,1320
7366,73999289,31.355213,1904,1715,1431,1707,1548,1317
7367,74009289,31.3556447,1904,1712,1435,1705,1553,1316
7368,74019289,31.3560962,1907,1718,1436,1707,1553,1323
7369,74029289,31.3565603,1904,1723,1434,1707,1553,1312
7370,74039289,31.3569822,1905,1717,1437,1701,1548,1323
7371,74049289,31.3573869,1903,1716,1439,1705,1557,1320
7372,74059289,31.3578005,1904,1714,1411,1704,1550,1323
7373,74069289,31.3582444,1904,1722,1433,1705,1550,1316
7374,74079289,31.3586714,1899,1714,1429,1701,1552,1324
7375,74089289,31.3590758,1905,1722,1439,1691,1553,1321
7376,74099289,31.3594777,1911,1719,1425,1705,1550,1323
7377,74109288,31.3603958,1905,1723,1441,1704,1557,1316
7378,74119289,31.3610143,1903,1712,1440,1707,1553,1317
7379,74129289,31.3617519,1905,1722,1439,1699,1555,1313
7380,74139289,31.3625209,1910,1723,1431,1701,1552,1322
7381,74149289,31.3632278,1899,1719,1437,1707,1548,1321
7382,74159289,31.3638832,1899,1714,1451,1706,1547,1322
7383,74169289,31.3653185,1901,1728,1436,1718,1548,1323
7384,74179289,31.3669362,1920,1715,1430,1701,1548,1317
7385,74189289,31.3684437,1898,1706,1449,1704,1557,1320
7386,74199289,31.3700655,1905,1712,1427,1698,1556,1319
7387,74209289,31.3712801,1907,1718,1437,1708,1557,1320
7388,74219289,31.3725025,1904,1730,1433,1705,1562,1329
7389,74229289,31.373694,1902,1716,1435,1711,1553,1316
7390,74239289,31.3748234,1909,1723,1431,1691,1553,1323
7391,74249289,31.3767735,1902,1721,1437,1705,1548,1324
7392,74259288,31.3780637,1910,1712,1438,1702,1555,1313
7393,74269289,31.3793061,1893,1715,1431,1706,1550,1315
7394,74279289,31.3804674,1904,1719,1433,1704,1546,1317
7395,74289289,31.3818316,1904,1717,1426,1720,1552,1316
7396,74299289,31.3828012,1911,1712,1430,1704,1549,1315
7397,74309289,31.3837592,1904,1717,1434,1705,1554,1320
7398,74319289,31.3846498,1895,1717,1435,1699,1548,1316
7399,74329289,31.3855766,1904,1715,1433,1704,1550,1319
7400,74339289,31.3864163,1891,1723,1439,1699,1550,1324
7401,74349289,31.3872116,1907,1714,1429,1703,1549,1328
7402,74359289,31.3878265,1898,1719,1431,1699,1548,1326
7403,74369289,31.3885811,1905,1702,1434,1705,1552,1315
7404,74379289,31.3892706,1898,1723,1426,1692,1550,1316
7405,74389289,31.3898727,1904,1719,1438,1698,1557,1326
7406,74399289,31.390618,1904,1720,1435,1696,1550,1320
7407,74409289,31.3916176,1902,1750,1469,1695,1576,1343
7408,74419289,31.3928184,1936,1711,1482,1742,1546,1355
7409,74429289,31.3938153,1905,1668,1435,1704,1514,1311
7410,74439289,31.3944973,1872,1677,1411,1681,1514,1305
7411,74449289,31.3952246,1886,1711,1424,1701,1552,1319
7412,74459289,31.395786,1891,1735,1447,1697,1571,1333
7413,74469289,31.3964821,1951,1713,1468,1749,1564,1348
7414,74479289,31.3974936,1927,1723,1501,1730,1562,1376
7415,74489288,31.3989632,1898,1722,1517,1705,1564,1390
7416,74499289,31.4000355,1881,1710,1509,1697,1546,1376
7417,74509289,31.4010574,1903,1715,1494,1697,1553,1363
7418,74519289,31.4017902,1891,1703,1453,1681,1540,1337
7419,74529289,31.4027129,1891,1661,1392,1694,1488,1279
7420,74539289,31.4036356,1920,1648,1344,1708,1479,1244
7421,74549288,31.4043699,1882,1602,1317,1696,1458,1221
7422,74559289,31.4050802,1874,1574,1307,1678,1441,1215
7423,74569289,31.4060552,1887,1586,1392,1690,1448,1281
7424,74579289,31.4069228,1904,1603,1378,1701,1453,1284
7425,74589289,31.4075532,1886,1556,1328,1690,1419,1232
7426,74599289,31.4083305,1818,1664,1287,1626,1523,1193
7427,74609288,31.409228,1867,1616,1535,1667,1469,1402
7428,74619289,31.4097261,1901,1574,1360,1688,1433,1259
7429,74629289,31.4106072,1935,1535,1345,1728,1398,1248
7430,74639288,31.4113895,1918,1535,1348,1722,1402,1254
7431,74649289,31.4125474,1894,1514,1323,1698,1390,1231
7432,74659289,31.414963,1901,1527,1346,1699,1402,1254
7433,74669289,31.4162327,1978,1589,1403,1756,1443,1292
7434,74679289,32.2374232,2214,1665,1455,1972,1511,1337
7435,74689289,32.2388358,1535,1283,1332,1375,1179,1236
7436,74699289,32.2404607,1747,1605,1325,1595,1452,1237
7437,74709288,32.2429247,1881,1456,1293,1679,1337,1199
7438,74719289,32.2451179,1872,1456,1264,1676,1335,1172
7439,74729289,32.2474586,1875,1493,1306,1679,1386,1227
7440,74739289,32.2510285,1893,1557,1396,1706,1419,1304
7441,74749289,32.2550684,1895,1515,1350,1697,1392,1264
7442,74759289,32.2579291,1802,1487,1344,1604,1367,1236
7443,74769289,32.2599557,1808,1505,1298,1637,1374,1193
7444,74779289,32.2627823,1904,1430,1232,1708,1317,1155
7445,74789288,32.2663918,1829,1473,1250,1626,1361,1169
7446,74799289,32.2704892,1869,1425,1276,1675,1312,1188
7447,74809289,32.2732965,1893,1453,1308,1679,1313,1203
7448,74819289,32.2758531,1868,1458,1296,1679,1346,1204
7449,74829289,32.2782836,1846,1468,1283,1663,1338,1177
7450,74839289,32.2796752,1861,1445,1269,1674,1337,1189
7451,74849289,32.2827292,1867,1457,1277,1674,1334,1191
7452,74859289,32.2850536,1858,1443,1264,1669,1346,1182
7453,74869289,32.288389,1866,1443,1263,1683,1328,1178
7454,74879289,32.2907989,1857,1445,1261,1663,1322,1171
7455,74889289,32.2927202,1867,1441,1229,1672,1310,1163
7456,74899289,32.2945302,1875,1424,1245,1678,1306,1155
7457,74909289,32.2966369,1868,1423,1253,1662,1311,1173
7458,74919289,32.2981753,1872,1433,1279,1679,1323,1194
7459,74929289,32.2997441,1872,1445,1277,1679,1323,1187
7460,74939289,32.3007736,1859,1458,1279,1663,1339,1190
7461,74949289,32.301694,1843,1456,1261,1666,1337,1175
7462,74959289,32.3024905,1846,1456,1234,1653,1345,1159
7463,74969289,32.3033129,1851,1424,1219,1663,1312,1141
7464,74979289,32.3041521,1847,1429,1207,1654,1314,1130
7465,74989289,32.3049142,1815,1437,1221,1642,1326,1151
7466,74999289,32.3054566,1843,1439,1238,1662,1322,1163
7467,75009289,32.3059712,1850,1453,1239,1666,1323,1164
7468,75019288,32.3065652,1854,1450,1245,1659,1323,1167
7469,75029289,32.3071036,1853,1442,1239,1668,1330,1162
7470,75039289,32.3076004,1854,1438,1232,1663,1319,1159
7471,75049289,32.3080792,1853,1440,1200,1663,1315,1143
7472,75059289,32.3085513,1858,1424,1216,1676,1314,1139
7473,75069289,32.3090323,1859,1422,1210,1667,1311,1140
7474,75079289,32.3094552,1865,1440,1223,1672,1311,1140
7475,75089289,32.3098443,1861,1433,1232,1672,1321,1146
7476,75099289,32.3102413,1874,1439,1264,1668,1326,1153
7477,75109289,32.3107573,1859,1434,1222,1672,1319,1142
7478,75119289,32.3113555,1855,1432,1215,1669,1314,1131
7479,75129289,32.3120709,1867,1424,1212,1679,1312,1142
7480,75139289,32.3125665,1867,1430,1222,1671,1313,1145
7481,75149289,32.3130221,1861,1438,1229,1667,1322,1153
7482,75159289,32.3139219,1856,1435,1218,1668,1319,1138
7483,75169289,32.3155796,1862,1434,1229,1667,1314,1146
7484,75179289,32.3170915,1857,1410,1223,1670,1337,1149
7485,75189289,32.318796,1859,1439,1231,1663,1326,1151
7486,75199289,32.3196511,1861,1440,1219,1673,1322,1144
7487,75209289,32.320451,1859,1430,1223,1666,1322,1150
7488,75219289,32.321229,1856,1430,1221,1665,1320,1139
7489,75229289,32.3219288,1862,1435,1219,1671,1324,1142
7490,75239289,32.3226087,1855,1428,1215,1672,1312,1131
7491,75249289,32.3231756,1870,1439,1217,1673,1323,1142
7492,75259289,32.3237279,1858,1429,1226,1662,1319,1131
7493,75269288,32.3243329,1859,1433,1222,1658,1322,1141
7494,75279289,32.3248748,1859,1435,1220,1669,1320,1143
7495,75289289,32.3254647,1859,1454,1219,1665,1319,1142
7496,75299289,32.3260143,1857,1446,1222,1672,1323,1149
7497,75309289,32.3265324,1841,1438,1221,1675,1327,1149
7498,75319289,32.3273546,1858,1431,1209,1667,1328,1140
7499,75329289,32.3280715,1858,1431,1216,1668,1325,1138
7500,75339289,32.3286658,1865,1437,1210,1667,1322,1149
7501,75349289,32.3291738,1861,1437,1217,1672,1312,1144
7502,75359289,32.3296519,1830,1442,1211,1666,1319,1131
7503,75369289,32.3302262,1861,1434,1200,1663,1323,1135
7504,75379289,32.3307759,1855,1442,1214,1667,1323,1141
7505,75389289,32.3313526,1866,1426,1210,1666,1312,1135
7506,75399289,32.3320427,1850,1427,1220,1674,1315,1131
7507,75409288,32.3326927,1856,1440,1203,1653,1323,1131
7508,75419289,32.3332774,1851,1435,1209,1665,1315,1137
7509,75429289,32.3338202,1854,1434,1209,1665,1320,1136
7510,75439289,32.3343574,1851,1439,1216,1663,1323,1140
7511,75449289,32.3348583,1861,1433,1214,1664,1319,1138
7512,75459289,32.3355456,1857,1441,1217,1668,1314,1130
7513,75469289,32.3360565,1856,1442,1217,1662,1323,1131
7514,75479289,32.3365215,1858,1431,1212,1658,1320,1129
7515,75489289,32.3376661,1858,1436,1199,1667,1314,1130
7516,75499288,32.3381701,1871,1434,1210,1667,1321,1135
7517,75509289,32.3385707,1860,1435,1209,1665,1320,1131
7518,75519288,32.3389911,1860,1430,1214,1658,1317,1130
7519,75529289,32.339394,1857,1435,1209,1666,1323,1129
7520,75539289,32.3398282,1861,1431,1207,1665,1316,1131
7521,75549289,32.3402447,1856,1430,1207,1662,1324,1127
7522,75559289,32.3406287,1859,1438,1221,1667,1323,1130
7523,75569289,32.3410417,1840,1440,1200,1665,1323,1132
7524,75579289,32.3414286,1854,1435,1206,1665,1323,1131
7525,75589289,32.3418116,1859,1437,1206,1664,1322,1132
7526,75599289,32.9263947,1854,1443,1201,1663,1319,1132
7527,75609289,32.9291278,1859,1441,1198,1672,1319,1132
7528,75619289,32.930977,1855,1431,1203,1664,1324,1137
7529,75629289,32.9329612,1856,1439,1205,1663,1316,1136
7530,75639289,32.9347743,1855,1438,1205,1663,1323,1139
7531,75649289,32.9365852,1855,1440,1207,1667,1321,1133
7532,75659289,32.9384195,1856,1441,1201,1670,1319,1130
7533,75669289,32.9408549,1856,1438,1211,1663,1314,1126
7534,75679289,32.9456682,1853,1441,1207,1666,1324,1133
7535,75689289,32.9546299,1851,1437,1218,1666,1316,1140
7536,75699289,32.9734122,1855,1442,1204,1670,1323,1127
7537,75709289,32.9807361,1857,1430,1204,1664,1316,1135
7538,75719289,32.9846219,1856,1436,1203,1662,1321,1133
7539,75729289,32.9875816,1856,1434,1205,1664,1325,1139
7540,75739289,32.991312,1855,1444,1213,1667,1322,1138
7541,75749288,32.997,1861,1435,1210,1673,1330,1131
7542,75759288,33.0028932,1852,1429,1213,1668,1317,1131
7543,75769289,33.0087773,1858,1439,1206,1663,1336,1136
7544,75779289,33.0135068,1853,1439,1208,1666,1319,1135
7545,75789289,33.0160865,1863,1438,1208,1664,1325,1128
7546,75799289,33.0347829,1859,1443,1205,1662,1315,1127
7547,75809289,33.0376921,1854,1439,1210,1673,1323,1135
7548,75819289,33.0395165,1854,1438,1185,1672,1303,1130
7549,75829289,33.0413277,1849,1445,1200,1667,1325,1132
7550,75839288,33.0448522,1843,1429,1201,1667,1324,1133
7551,75849288,33.0462412,1851,1437,1205,1663,1315,1132
7552,75859288,33.0476412,1856,1426,1206,1663,1314,1134
7553,75869289,33.0522708,1861,1438,1211,1666,1329,1133
7554,75879289,33.0558291,1854,1443,1215,1668,1341,1130
7555,75889289,33.0582301,1861,1439,1215,1662,1319,1126
7556,75899289,33.0600194,1846,1433,1209,1664,1319,1136
7557,75909289,33.0615748,1853,1437,1207,1662,1320,1127
7558,75919289,33.0632562,1857,1430,1207,1670,1323,1130
7559,75929289,33.0658682,1864,1438,1210,1664,1323,1132
7560,75939288,33.0691817,1856,1439,1204,1664,1320,1128
7561,75949289,33.0727614,1854,1430,1200,1683,1325,1129
7562,75959289,33.0763727,1855,1437,1205,1663,1319,1131
7563,75969289,33.0781089,1855,1437,1205,1665,1316,1137
7564,75979289,33.080221,1851,1453,1213,1668,1323,1135
7565,75989289,33.0818494,1852,1438,1221,1667,1320,1130
7566,75999289,33.0834956,1854,1429,1203,1667,1324,1128
7567,76009289,33.0863803,1859,1427,1203,1657,1323,1130
7568,76019289,33.0883353,1851,1436,1203,1663,1315,1130
7569,76029289,33.0899351,1859,1445,1209,1663,1324,1133
7570,76039289,33.0915503,1862,1438,1217,1667,1311,1137
7571,76049289,33.0926865,1860,1440,1209,1664,1321,1140
7572,76059289,33.0936581,1847,1439,1206,1668,1326,1135
7573,76069289,33.0947008,1859,1425,1207,1668,1325,1126
7574,76079289,33.095755,1858,1443,1204,1668,1320,1135
7575,76089289,33.0971899,1852,1435,1205,1668,1314,1127
7576,76099289,33.0988144,1849,1425,1208,1666,1323,1126
7577,76109289,33.1003885,1854,1431,1206,1670,1319,1132
7578,76119289,33.1015619,1854,1439,1205,1666,1323,1135
7579,76129289,33.1045094,1857,1439,1205,1658,1317,1140
7580,76139289,33.1057031,1855,1446,1206,1667,1320,1130
7581,76149289,33.1078096,1872,1439,1202,1666,1317,1130
7582,76159289,33.1089991,1862,1451,1203,1667,1320,1131
7583,76169289,33.109833,1866,1441,1211,1665,1326,1130
7584,76179289,33.1115565,1857,1430,1205,1672,1325,1128
7585,76189289,33.1148593,1863,1438,1207,1666,1319,1130
7586,76199289,33.1163906,1855,1434,1202,1664,1319,1130
7587,76209289,33.1177995,1859,1434,1202,1667,1312,1131
7588,76219289,33.1203511,1856,1437,1209,1668,1326,1136
7589,76229289,33.1223052,1854,1437,1216,1667,1325,1138
7590,76239289,33.1274903,1854,1439,1207,1665,1321,1140
7591,76249288,33.1323936,1850,1437,1209,1668,1319,1135
7592,76259288,33.1352205,1855,1431,1215,1675,1324,1132
7593,76269289,33.1392458,1863,1435,1209,1664,1334,1131
7594,76279289,33.1426064,1845,1435,1210,1671,1312,1135
7595,76289289,33.1456299,1854,1428,1200,1667,1319,1131
7596,76299289,33.1477925,1869,1440,1203,1668,1316,1132
7597,76309289,33.1492274,1855,1433,1209,1662,1324,1145
7598,76319289,33.1509126,1851,1433,1199,1663,1319,1130
7599,76329289,33.1521859,1846,1438,1207,1668,1319,1136
7600,76339289,33.1545066,1865,1433,1212,1667,1319,1139
7601,76349289,33.1562946,1860,1433,1207,1667,1313,1127
7602,76359289,33.1575861,1858,1434,1211,1669,1317,1129
7603,76369289,33.1591618,1859,1432,1204,1671,1316,1135
7604,76379289,33.1604114,1850,1444,1205,1668,1319,1130
7605,76389289,33.1616491,1849,1431,1213,1662,1320,1136
7606,76399289,33.1627528,1862,1440,1205,1673,1322,1139
7607,76409288,33.1643893,1853,1444,1210,1667,1323,1127
7608,76419289,33.4896473,1855,1442,1206,1666,1323,1135
7609,76429289,33.4919111,1853,1439,1217,1665,1324,1140
7610,76439289,33.4935994,1846,1439,1200,1663,1334,1135
7611,76449289,33.4947445,1865,1431,1202,1663,1319,1133
7612,76459289,33.495753,1854,1438,1204,1663,1319,1128
7613,76469288,33.49648,1856,1436,1201,1671,1320,1129
7614,76479289,33.4971885,1851,1427,1209,1674,1325,1127
7615,76489289,33.4979107,1856,1437,1206,1677,1320,1135
7616,76499289,33.4988665,1861,1441,1205,1666,1323,1130
7617,76509289,33.4996375,1853,1437,1202,1663,1312,1140
7618,76519288,33.50037,1857,1431,1203,1673,1326,1126
7619,76529289,33.5010269,1855,1436,1200,1691,1314,1131
7620,76539289,33.5016845,1855,1429,1200,1667,1319,1131
7621,76549289,33.5025531,1849,1436,1210,1665,1324,1128
7622,76559289,33.5036222,1857,1425,1199,1652,1322,1135
7623,76569289,33.5044548,1853,1427,1213,1658,1322,1126
7624,76579289,33.5051614,1857,1445,1197,1668,1323,1135
7625,76589288,33.5059154,1859,1439,1200,1665,1322,1148
7626,76599289,33.5066205,1856,1437,1210,1662,1328,1131
7627,76609289,33.5073695,1855,1440,1199,1670,1320,1127
7628,76619289,33.5080991,1845,1457,1204,1667,1319,1134
7629,76629288,33.5087606,1857,1441,1206,1666,1323,1126
7630,76639289,33.5095457,1851,1434,1207,1663,1329,1131
7631,76649288,33.5101567,1857,1441,1205,1670,1311,1131
7632,76659289,33.510676,1855,1434,1205,1670,1319,1123
7633,76669289,33.5113196,1854,1435,1200,1661,1317,1130
7634,76679289,33.5119398,1866,1427,1202,1663,1320,1132
7635,76689289,33.512548,1853,1440,1207,1663,1322,1129
7636,76699289,33.5132303,1861,1437,1205,1667,1322,1127
7637,76709289,33.5141045,1860,1433,1213,1666,1319,1136
7638,76719289,33.5149828,1845,1439,1209,1667,1317,1136
7639,76729289,33.5156234,1857,1445,1206,1670,1320,1125
7640,76739288,33.5161956,1857,1434,1209,1664,1322,1129
7641,76749289,33.5171322,1855,1433,1206,1676,1328,1130
7642,76759289,33.518418,1851,1437,1199,1666,1311,1127
7643,76769289,33.5208765,1855,1434,1205,1667,1322,1126
7644,76779289,33.7528775,1861,1440,1200,1667,1318,1130
7645,76789289,33.7542388,1872,1438,1207,1666,1321,1127
7646,76799289,33.7556617,1831,1443,1214,1667,1327,1125
7647,76809289,33.7570902,1859,1436,1211,1665,1314,1130
7648,76819288,33.7589334,1857,1431,1201,1661,1325,1135
7649,76829289,33.7603712,1857,1441,1204,1667,1322,1129
7650,76839288,33.7617483,1861,1437,1200,1678,1323,1126
7651,76849289,33.7653772,1849,1428,1199,1662,1314,1129
7652,76859289,33.7684199,1859,1428,1200,1672,1320,1127
7653,76869289,33.7715054,1847,1431,1203,1664,1323,1130
7654,76879289,33.7747015,1854,1424,1204,1663,1317,1131
7655,76889288,33.7764576,1859,1438,1200,1665,1319,1127
7656,76899289,33.7777792,1860,1439,1206,1665,1324,1130
7657,76909288,33.7798124,1851,1435,1204,1663,1325,1132
7658,76919289,33.7817656,1851,1439,1206,1667,1319,1131
7659,76929289,33.7840497,1847,1443,1207,1675,1323,1135
7660,76939289,33.787313,1856,1436,1204,1662,1320,1132
7661,76949289,33.789954,1875,1429,1202,1669,1323,1130
7662,76959289,33.7927682,1862,1439,1206,1666,1319,1126
7663,76969289,33.7969485,1846,1434,1200,1666,1322,1127
7664,76979289,33.8007476,1854,1431,1200,1666,1323,1128
7665,76989289,33.8029909,1839,1443,1202,1660,1323,1125
7666,76999289,33.8056172,1863,1434,1209,1642,1323,1131
7667,77009289,33.8080476,1853,1437,1203,1675,1322,1127
7668,77019289,33.8089735,1854,1441,1205,1667,1322,1123
7669,77029289,33.8099419,1841,1443,1203,1657,1323,1131
7670,77039289,33.8112357,1855,1429,1200,1666,1314,1128
7671,77049288,33.8129193,1863,1441,1200,1658,1335,1127
7672,77059289,34.0478124,1861,1435,1203,1665,1337,1135
7673,77069289,34.048805,1872,1427,1204,1666,1323,1123
7674,77079289,34.0495578,1854,1438,1207,1672,1320,1128
7675,77089289,34.050443,1862,1443,1195,1667,1315,1135
7676,77099289,34.0512717,1872,1452,1203,1691,1325,1131
7677,77109288,34.0522698,1854,1434,1201,1666,1319,1133
7678,77119289,34.0534404,1855,1425,1203,1658,1321,1128
7679,77129289,34.0545421,1866,1440,1200,1666,1325,1128
7680,77139289,34.0558552,1856,1434,1209,1674,1326,1140
7681,77149289,34.0571671,1859,1438,1206,1667,1328,1135
7682,77159288,34.0581259,1859,1430,1202,1660,1317,1131
7683,77169289,34.0594475,1853,1438,1189,1668,1324,1135
7684,77179288,34.0614817,1853,1427,1201,1667,1324,1127
7685,77189289,34.0631231,1856,1435,1200,1672,1320,1127
7686,77199289,34.0645683,1861,1442,1207,1685,1315,1127
7687,77209289,34.066882,1841,1440,1204,1667,1319,1127
7688,77219289,34.069576,1868,1437,1203,1667,1325,1127
7689,77229288,34.0713608,1865,1434,1201,1667,1317,1127
7690,77239289,34.0731407,1875,1433,1202,1667,1316,1133
7691,77249289,34.0744377,1860,1437,1200,1662,1323,1135
7692,77259289,34.0759113,1853,1438,1207,1668,1323,1131
7693,77269289,34.0770841,1850,1434,1202,1667,1321,1133
7694,77279289,34.0781978,1856,1437,1212,1668,1325,1128
7695,77289289,34.079445,1857,1431,1201,1666,1316,1128
7696,77299289,34.0813012,1859,1425,1203,1664,1320,1127
7697,77309289,34.0823879,1856,1444,1200,1663,1319,1130
7698,77319289,34.083885,1863,1433,1215,1672,1323,1139
7699,77329290,34.0860527,1858,1439,1204,1672,1317,1128
7700,77339289,34.290942,1859,1435,1203,1665,1310,1130
7701,77349289,34.2924904,1856,1446,1206,1677,1323,1127
7702,77359289,34.2939201,1859,1437,1204,1662,1324,1129
7703,77369289,34.2953519,1851,1439,1209,1666,1320,1132
7704,77379289,34.2966208,1855,1438,1200,1665,1322,1133
7705,77389288,34.2979769,1850,1439,1201,1664,1323,1127
7706,77399288,34.2993527,1864,1443,1210,1668,1317,1128
7707,77409289,34.3006957,1849,1439,1200,1669,1323,1135
7708,77419289,34.3025888,1865,1439,1183,1661,1322,1130
7709,77429289,34.3046209,1861,1437,1212,1664,1323,1127
7710,77439289,34.3066611,1859,1429,1202,1668,1322,1128
7711,77449289,34.3083155,1859,1439,1203,1675,1319,1129
7712,77459289,34.3098842,1857,1435,1200,1668,1330,1127
7713,77469289,34.3117843,1847,1437,1201,1670,1318,1126
7714,77479289,34.3136103,1856,1436,1203,1663,1323,1133
7715,77489289,34.3151531,1856,1430,1195,1661,1319,1129
7716,77499289,34.3169757,1860,1441,1199,1676,1317,1127
7717,77509289,34.319893,1856,1431,1204,1667,1326,1131
7718,77519289,34.3226045,1840,1436,1203,1667,1319,1128
7719,77529289,34.3249435,1854,1437,1200,1661,1319,1132
7720,77539289,34.3266481,1869,1435,1200,1662,1323,1125
7721,77549288,34.3282771,1866,1433,1200,1675,1320,1130
7722,77559289,34.3293077,1866,1435,1199,1667,1321,1127
7723,77569289,34.3303884,1863,1419,1205,1666,1319,1130
7724,77579289,34.3320569,1855,1435,1227,1667,1326,1126
7725,77589289,34.5594734,1867,1442,1194,1674,1313,1140
7726,77599289,34.5607309,1856,1440,1201,1666,1322,1127
7727,77609289,34.5617904,1872,1437,1210,1672,1320,1130
7728,77619289,34.5626662,1866,1442,1206,1668,1323,1128
7729,77629289,34.5635243,1861,1435,1205,1668,1323,1131
7730,77639289,34.564647,1854,1438,1200,1668,1316,1129
7731,77649289,34.5657086,1860,1430,1209,1653,1317,1131
7732,77659289,34.5666577,1849,1439,1201,1677,1324,1127
7733,77669290,34.5675361,1859,1454,1226,1666,1316,1113
7734,77679289,34.5684027,1855,1435,1201,1661,1319,1131
7735,77689289,34.569597,1858,1436,1205,1664,1332,1131
7736,77699289,34.5705582,1861,1427,1225,1671,1322,1140
7737,77709288,34.5714527,1860,1444,1206,1668,1317,1129
7738,77719288,34.5724024,1853,1436,1205,1666,1322,1126
7739,77729289,34.573507,1856,1439,1206,1667,1317,1129
7740,77739289,34.5750367,1854,1440,1200,1671,1319,1127
7741,77749288,34.5765832,1852,1440,1200,1645,1320,1127
7742,77759289,34.5778741,1858,1447,1204,1675,1328,1113
7743,77769289,34.5789551,1856,1426,1199,1659,1319,1127
7744,77779289,34.5803463,1855,1439,1201,1668,1322,1127
7745,77789289,34.5815907,1863,1441,1200,1666,1315,1132
7746,77799289,34.582812,1871,1438,1205,1667,1316,1130
7747,77809289,34.5849878,1856,1436,1202,1671,1324,1127
7748,77819289,34.587253,1852,1437,1202,1663,1316,1129
7749,77829289,34.5889008,1854,1424,1206,1675,1319,1133
7750,77839289,34.5980964,1861,1431,1211,1668,1316,1129
7751,77849289,34.5994497,1869,1434,1214,1664,1322,1127
7752,77859289,34.7838821,1853,1442,1200,1679,1319,1127
7753,77869289,34.7852263,1856,1437,1201,1667,1324,1123
7754,77879289,34.7869453,1851,1435,1200,1665,1320,1132
7755,77889289,34.788384,1858,1440,1201,1667,1320,1128
7756,77899289,34.7896923,1865,1439,1200,1665,1323,1129
7757,77909288,34.7910515,1859,1429,1207,1675,1325,1124
7758,77919288,34.792525,1862,1443,1204,1658,1325,1127
7759,77929289,34.7944446,1860,1435,1218,1665,1323,1126
7760,77939289,34.7962434,1858,1424,1166,1662,1319,1120
7761,77949288,34.7980061,1856,1430,1199,1668,1311,1114
7762,77959289,34.7997036,1856,1429,1207,1664,1320,1120
7763,77969289,34.8010866,1857,1432,1192,1665,1316,1117
7764,77979289,34.8029946,1853,1430,1177,1662,1319,1129
7765,77989288,34.8047899,1855,1431,1184,1667,1315,1127
7766,77999289,34.8060398,1856,1431,1190,1668,1309,1119
7767,78009288,34.8071019,1863,1424,1194,1665,1314,1121
7768,78019289,34.8079919,1858,1427,1200,1669,1315,1127
7769,78029289,34.8090577,1837,1410,1173,1652,1293,1099
7770,78039289,34.8109611,1822,1374,1104,1635,1272,1059
7771,78049289,34.81226,1926,1441,1231,1720,1323,1142
7772,78059289,34.815307,1869,1489,1312,1676,1364,1217
7773,78069289,34.8182544,1882,1431,1254,1686,1322,1154
7774,78079289,34.8310432,1857,1426,1201,1663,1311,1130
7775,78089289,35.0504617,1870,1423,1186,1670,1306,1123
7776,78099289,35.051929,1850,1404,1133,1666,1298,1089
7777,78109288,35.0537956,1867,1408,1168,1677,1299,1110
7778,78119289,35.0553572,1854,1489,1251,1665,1361,1172
7779,78129289,35.0568318,1856,1501,1280,1666,1380,1184
7780,78139289,35.0581598,1871,1515,1295,1694,1384,1212
7781,78149289,35.05955,1884,1516,1264,1683,1378,1195
7782,78159289,35.0610305,1909,1502,1281,1704,1378,1195
7783,78169289,35.0630761,1875,1529,1299,1679,1401,1214
7784,78179289,35.0645439,1852,1521,1325,1667,1425,1228
7785,78189289,35.0663531,1856,1578,1330,1663,1441,1258
7786,78199289,35.0680361,1906,1602,1415,1708,1456,1315
7787,78209289,35.0708147,2003,1728,1607,1789,1557,1469
7788,78219289,35.0725948,1945,1638,1488,1746,1488,1363
7789,78229289,35.0735664,1966,1593,1258,1739,1447,1166
7790,78239289,35.0744214,1840,1376,1183,1667,1281,1112
7791,78249289,35.0752637,1895,1534,1284,1691,1393,1190
7792,78259289,35.0762529,1941,1605,1220,1772,1402,1139
7793,78269289,35.077431,1990,1653,1358,1771,1483,1260
7794,78279289,35.0785326,1821,1697,1467,1639,1537,1345
7795,78289289,35.0795708,2310,1771,1616,2061,1598,1456
7796,78299289,35.0805597,2079,1691,1493,1821,1537,1366
7797,78309289,35.0821401,1937,1515,1136,1787,1368,1088
7798,78319289,35.083103,1761,1498,1341,1584,1373,1231
7799,78329289,35.0840638,1892,1569,1284,1697,1428,1192
7800,78339289,35.0875041,1968,1660,1389,1756,1498,1291
7801,78349289,35.2798395,1887,1776,1486,1690,1600,1361
7802,78359289,35.280863,1782,1796,1638,1605,1619,1495
7803,78369288,35.2820292,1935,1886,1623,1727,1693,1475
7804,78379289,35.2830083,1903,1665,1344,1700,1507,1235
7805,78389289,35.2838435,1938,1714,1472,1740,1549,1349
7806,78399288,35.2847517,1904,1731,1471,1714,1563,1346
7807,78409288,35.285721,1845,1825,1525,1658,1634,1389
7808,78419288,35.2871314,1945,1666,1297,1735,1498,1201
7809,78429289,35.2881101,1907,1819,1425,1705,1626,1316
7810,78439289,35.2890693,1899,1649,1421,1696,1495,1298
7811,78449289,35.2898482,1906,1729,1446,1705,1560,1324
7812,78459289,35.2906869,1904,1698,1424,1704,1546,1314
7813,78469289,35.2917079,1901,1707,1427,1690,1548,1315
7814,78479289,35.2928634,1908,1714,1422,1706,1540,1319
7815,78489289,35.2938395,1890,1715,1429,1703,1548,1313
7816,78499289,35.2948984,1907,1715,1428,1706,1550,1321
7817,78509289,35.296485,1898,1709,1434,1704,1543,1314
7818,78519289,35.2989851,1883,1749,1435,1684,1578,1327
7819,78529289,35.3007994,1904,1761,1435,1687,1580,1324
7820,78539289,35.3019938,1919,1730,1449,1720,1565,1316
7821,78549289,35.3048174,1921,1717,1424,1722,1536,1320
7822,78559289,35.3068519,1886,1635,1415,1704,1490,1304
7823,78569289,35.4779895,1904,1700,1436,1705,1542,1317
7824,78579289,35.4793039,1907,1707,1427,1706,1553,1319
7825,78589289,35.4801208,1907,1722,1433,1700,1552,1316
7826,78599289,35.48085,1902,1695,1421,1711,1525,1316
7827,78609289,35.4815306,1891,1686,1429,1699,1522,1310
7828,78619289,35.4823322,1893,1702,1432,1701,1539,1315
7829,78629289,35.4829973,1896,1693,1424,1701,1534,1312
7830,78639289,35.4837242,1903,1714,1437,1705,1543,1328
7831,78649288,35.4843971,1906,1730,1419,1701,1563,1317
7832,78659289,35.4851152,1904,1754,1437,1705,1582,1324
7833,78669289,35.4860386,1909,1761,1439,1709,1595,1323
7834,78679289,35.4879037,1921,1779,1434,1713,1606,1313
7835,78689289,35.4893812,1895,1795,1450,1690,1621,1328
7836,78699289,35.4905828,1858,1811,1424,1661,1634,1323
7837,78709288,35.4915765,1857,1753,1427,1680,1582,1320
7838,78719289,35.4925998,1984,1770,1502,1757,1594,1378
7839,78729289,35.4940017,1850,1839,1359,1666,1649,1269
7840,78739289,35.4951851,1973,1864,1404,1760,1673,1285
7841,78749289,35.5907007,1959,1995,1525,1750,1766,1369
7842,78759289,35.5913528,1975,1977,1353,1765,1782,1259
7843,78769289,35.5919855,1899,1957,1241,1711,1695,1172
7844,78779289,35.5926461,1950,2073,1602,1768,1850,1469
7845,78789289,35.5931948,1993,1721,1300,1789,1578,1221
7846,78799289,35.5937288,1982,1945,1763,1765,1757,1602
7847,78809289,35.5943132,1990,1869,1379,1776,1679,1281
7848,78819289,35.5948348,1881,1902,1434,1688,1714,1314
7849,78829289,35.5953772,1979,1954,1501,1771,1742,1372
7850,78839289,35.596423,1988,1861,1412,1760,1672,1303
7851,78849289,35.7429275,1755,2039,1398,1579,1811,1297
7852,78859288,35.7438001,1871,1972,1330,1679,1760,1235
7853,78869289,35.7445276,1904,2032,1466,1693,1814,1358
7854,78879289,35.7452085,1879,1830,1315,1690,1660,1234
7855,78889289,35.7458159,1904,1911,1415,1718,1721,1302
7856,78899289,35.7464808,1940,1946,1447,1731,1743,1327
7857,78909289,35.7471308,1922,1929,1418,1721,1731,1310
7858,78919289,35.7476372,1905,1937,1398,1708,1730,1294
7859,78929289,35.7483445,1917,1936,1395,1713,1722,1283
7860,78939289,35.7489391,1925,1932,1399,1707,1731,1290
7861,78949289,35.7495514,1926,1941,1397,1723,1733,1294
7862,78959289,35.7502349,1933,1937,1409,1720,1729,1300
7863,78969289,35.7508753,1922,1957,1408,1727,1746,1300
7864,78979288,35.7515013,1920,1945,1392,1713,1741,1297
7865,78989289,35.7528515,1918,1937,1390,1713,1737,1290
7866,78999289,35.7541777,1929,1949,1399,1723,1749,1295
