seq,t_us,wall_s,raw_x,raw_y,raw_z,mv_x,mv_y,mv_z
7148,71884745,0.1797144,1995,1685,0,1781,1525,142
7149,71894745,0.1865045,1987,1685,0,1773,1530,142
7150,71904745,0.1921277,1997,1690,0,1778,1530,142
7151,71914745,0.1944009,1993,1686,0,1775,1534,142
7152,71924745,0.1980722,1994,1682,0,1776,1526,142
7153,71934745,0.2028184,1987,1691,0,1769,1534,142
7154,71944745,0.2038457,1991,1686,0,1777,1530,142
7155,71954745,0.2044282,1989,1695,0,1772,1530,142
7156,71964745,0.204949,1991,1694,0,1780,1529,142
7157,71974745,0.205429,1991,1690,0,1776,1526,142
7158,71984745,0.206007,1991,1681,0,1779,1533,142
7159,71994745,0.2065787,1994,1690,0,1775,1530,142
7160,72004745,0.2075925,1991,1692,0,1779,1526,142
7161,72014745,0.2083383,1995,1680,0,1776,1532,142
7162,72024745,0.2094941,1991,1680,0,1775,1521,142
7163,72034745,0.2109468,1995,1683,0,1782,1526,142
7164,72044745,0.2118446,1994,1690,0,1778,1526,142
7165,72054745,0.212464,1996,1683,0,1775,1524,142
7166,72064745,0.2130481,1998,1683,0,1775,1524,142
7167,72074745,0.2142472,1994,1680,0,1775,1525,142
7168,72084745,0.215217,1990,1681,0,1775,1527,142
7169,72094745,0.2160872,1994,1680,0,1773,1527,142
7170,72104745,0.2170084,1991,1689,0,1782,1524,142
7171,72114745,0.2180965,1992,1687,0,1773,1526,142
7172,72124745,0.2196283,1994,1681,0,1779,1521,142
7173,72134745,0.2211245,1987,1683,0,1776,1524,142
7174,72144745,0.2217409,1990,1687,0,1777,1530,142
7175,72154747,0.2222503,1990,1689,0,1773,1530,142
7176,72164745,0.2228,1990,1689,0,1773,1530,142
7177,72174745,0.2232881,1989,1691,0,1773,1529,142
7178,72184745,0.2237278,1995,1691,0,1777,1526,142
7179,72194745,0.2243517,1993,1686,0,1776,1526,142
7180,72204745,0.2249406,1988,1686,0,1778,1532,142
7181,72214745,0.2254312,1985,1685,0,1774,1526,142
7182,72224745,0.225992,1989,1683,0,1775,1528,142
7183,72234745,0.2265639,1989,1689,0,1771,1525,142
7184,72244745,0.2273041,1990,1691,0,1778,1526,142
7185,72254745,0.2279873,1987,1685,0,1775,1525,142
7186,72264745,0.2285471,1988,1683,0,1775,1529,142
7187,72274745,0.2291343,1998,1683,0,1778,1521,142
7188,72284745,0.2297667,1995,1686,0,1777,1525,142
7189,72294745,0.2308667,1989,1681,0,1776,1522,142
7190,72304745,0.2316762,1995,1691,0,1775,1525,142
7191,72314745,0.2322085,1994,1682,0,1778,1526,142
7192,72324745,0.2327471,1989,1685,0,1776,1527,142
7193,72334745,0.2333769,1994,1687,0,1779,1524,142
7194,72344745,0.234048,1990,1686,0,1780,1527,142
7195,72354745,0.2353763,1991,1690,0,1782,1525,142
7196,72364745,0.2359392,1991,1686,0,1774,1526,142
7197,72374745,0.2364954,1988,1691,0,1777,1529,142
7198,72384745,0.2371328,1990,1687,0,1778,1527,142
7199,72394745,0.2376146,1987,1695,0,1777,1525,142
7200,72404745,0.238071,1985,1686,0,1777,1527,142
7201,72414745,0.2385272,1989,1685,0,1779,1522,142
7202,72424745,0.2390206,1991,1689,0,1773,1527,142
7203,72434745,0.2395449,1990,1685,0,1775,1527,142
7204,72444745,0.2399958,1990,1690,0,1779,1527,142
7205,72454745,0.2406219,1994,1691,0,1777,1522,142
7206,72464745,0.2413729,1986,1685,0,1775,1523,142
7207,72474745,0.2421531,1991,1687,0,1772,1521,142
7208,72484745,0.2427974,1996,1691,0,1779,1530,142
7209,72494745,0.2432842,1989,1680,0,1777,1530,142
7210,72504745,0.2437449,1993,1691,0,1776,1521,142
7211,72514745,0.244217,1987,1687,0,1779,1522,142
7212,72524745,0.2447453,1991,1690,0,1779,1521,142
7213,72534745,0.2453758,1994,1686,0,1778,1523,142
7214,72544745,0.2460801,1994,1681,0,1773,1522,142
7215,72554745,0.2465883,1997,1689,0,1777,1527,142
7216,72564745,0.2470392,1994,1683,0,1777,1527,142
7217,72574745,0.2474794,1995,1683,0,1779,1527,142
7218,72584745,0.2479877,1988,1686,0,1777,1527,142
7219,72594745,0.2485384,1991,1683,0,1767,1527,142
7220,72604745,0.249075,1994,1685,0,1775,1526,142
7221,72614745,0.249725,1989,1687,0,1777,1530,142
7222,72624745,0.2503671,1991,1684,0,1781,1527,142
7223,72634745,0.250925,1993,1686,0,1775,1530,142
7224,72644745,0.2514258,1991,1686,0,1776,1524,142
7225,72654745,0.2519668,1989,1684,0,1776,1530,142
7226,72664745,0.2524553,1991,1692,0,1777,1527,142
7227,72674745,0.2529173,1991,1683,0,1777,1525,142
7228,72684745,0.2533635,1989,1682,0,1779,1527,142
7229,72694745,0.2538321,1988,1688,0,1777,1529,142
7230,72704745,0.2543715,1994,1680,0,1778,1524,142
7231,72714745,0.2548755,1985,1686,0,1780,1530,142
7232,72724745,0.2553082,1995,1687,0,1777,1533,142
7233,72734745,0.2557651,1991,1683,0,1780,1526,142
7234,72744745,0.2568491,1989,1685,0,1779,1530,142
7235,72754745,0.257508,1991,1691,0,1775,1524,142
7236,72764745,0.2579922,1999,1691,0,1777,1530,142
7237,72774745,0.2585022,1991,1687,0,1780,1530,142
7238,72784745,0.2590113,1990,1685,0,1772,1525,142
7239,72794745,0.2595419,1990,1693,0,1773,1526,142
7240,72804745,0.2600047,1989,1690,0,1776,1523,142
7241,72814745,0.2611834,1989,1687,0,1773,1531,142
7242,72824745,0.261832,1996,1689,0,1778,1534,142
7243,72834745,0.2624636,1991,1687,0,1775,1525,142
7244,72844745,0.263094,1989,1690,0,1784,1527,142
7245,72854745,0.2635796,1991,1685,0,1780,1530,142
7246,72864745,0.2642594,1998,1693,0,1781,1521,142
7247,72874745,0.265345,1997,1686,0,1774,1525,142
7248,72884745,0.2659882,1987,1687,0,1774,1524,142
7249,72894745,0.2675175,1991,1685,0,1777,1525,142
7250,72904745,0.2705239,1993,1683,0,1777,1529,142
7251,72914745,0.2712362,1990,1686,0,1777,1527,142
7252,72924745,0.2718078,1991,1681,0,1778,1527,142
7253,72934745,0.2725312,1992,1683,0,1777,1525,142
7254,72944745,0.2731397,1996,1694,0,1781,1527,142
7255,72954745,0.2736219,1989,1687,0,1778,1525,142
7256,72964745,0.2745469,1989,1690,0,1786,1525,142
7257,72974745,0.2750438,1991,1686,0,1777,1529,142
7258,72984745,0.2754777,1991,1687,0,1779,1530,142
7259,72994745,0.2761189,1986,1687,0,1777,1529,142
7260,73004745,0.278151,1994,1682,0,1778,1527,142
7261,73014745,0.278904,1993,1689,0,1777,1529,142
7262,73024745,0.2795363,1994,1694,0,1772,1525,142
7263,73034745,0.280201,1994,1683,0,1776,1530,142
7264,73044745,0.2807088,1991,1684,0,1779,1526,142
7265,73054745,0.2814463,1993,1690,0,1774,1526,142
7266,73064745,0.2820487,1989,1681,0,1776,1532,142
7267,73074745,0.2825042,1990,1683,0,1780,1522,142
7268,73084745,0.2830112,1991,1683,0,1777,1527,142
7269,73094745,0.2834862,1991,1690,0,1775,1525,142
7270,73104745,0.2840398,1990,1687,0,1778,1527,142
7271,73114745,0.2845417,1989,1685,0,1778,1530,142
7272,73124745,0.2851005,1995,1683,0,1773,1530,142
7273,73134745,0.2858288,1991,1686,0,1775,1526,142
7274,73144745,0.2865715,1991,1683,0,1777,1530,142
7275,73154745,0.2872915,1994,1713,0,1767,1525,142
7276,73164745,0.2883798,1989,1692,0,1779,1521,142
7277,73174745,0.2891044,1994,1687,0,1782,1527,142
7278,73184745,2.0408475,1997,1693,0,1778,1523,142
7279,73194745,2.0426059,1994,1685,0,1779,1530,142
7280,73204745,2.0436595,1991,1691,0,1775,1525,142
7281,73214745,2.0445817,1994,1685,0,1777,1527,142
7282,73224745,2.0454291,1994,1687,0,1779,1524,142
7283,73234745,2.046221,1987,1685,0,1778,1524,142
7284,73244745,2.0470222,1998,1685,0,1777,1524,142
7285,73254745,2.0477183,1991,1686,0,1775,1526,142
7286,73264745,2.0483747,1997,1690,0,1779,1529,142
7287,73274745,2.0492691,1990,1690,0,1779,1524,142
7288,73284745,2.0501052,1997,1683,0,1780,1532,142
7289,73294745,2.0515725,1991,1689,0,1782,1527,142
7290,73304745,2.0526316,1998,1685,0,1776,1529,142
7291,73314745,2.0535935,1994,1689,0,1777,1526,142
7292,73324745,2.054585,1993,1686,0,1775,1521,142
7293,73334745,2.0557007,1994,1690,0,1782,1523,142
7294,73344745,2.0566538,1993,1682,0,1782,1523,142
7295,73354745,2.0576994,1991,1691,0,1776,1530,142
7296,73364746,2.0595181,1990,1686,0,1782,1530,142
7297,73374745,2.0605859,1990,1687,0,1780,1534,142
7298,73384745,2.061444,1991,1687,0,1776,1532,142
7299,73394745,2.0621898,1994,1681,0,1778,1526,142
7300,73404745,2.0630129,1991,1686,0,1780,1525,142
7301,73414745,2.0641395,1994,1691,0,1777,1529,142
7302,73424745,2.0651768,1993,1691,0,1775,1534,142
7303,73434745,2.0662871,1991,1686,0,1779,1529,142
7304,73444745,2.0673401,1996,1689,0,1780,1525,142
7305,73454745,2.0682168,1990,1683,0,1778,1525,142
7306,73464745,2.0691098,1994,1687,0,1777,1527,142
7307,73474745,2.0699836,1991,1686,0,1777,1534,142
7308,73484745,2.0708323,1989,1685,0,1776,1530,142
7309,73494745,2.0718131,1987,1682,0,1776,1527,142
7310,73504745,2.0726325,1998,1680,0,1779,1524,142
7311,73514745,2.0736234,1986,1693,0,1780,1522,142
7312,73524745,2.0746094,1991,1687,0,1782,1530,142
7313,73534745,2.0761123,1995,1689,0,1780,1523,142
7314,73544745,2.0770064,1997,1680,0,1777,1528,142
7315,73554745,2.0781135,1995,1686,0,1780,1526,142
7316,73564745,2.0796306,1996,1682,0,1778,1522,142
7317,73574745,2.0805051,1997,1687,0,1778,1521,142
7318,73584745,2.0814825,1993,1685,0,1780,1529,142
7319,73594745,2.0824425,1987,1685,0,1776,1526,142
7320,73604745,2.0832381,1996,1691,0,1777,1527,142
7321,73614745,2.0841702,1990,1686,0,1772,1530,142
7322,73624745,2.0850269,1993,1687,0,1780,1524,142
7323,73634745,2.0859668,1994,1684,0,1775,1526,142
7324,73644745,2.0868712,1991,1687,0,1776,1539,142
7325,73654745,2.0878306,1987,1685,0,1776,1524,142
7326,73664745,2.088666,1993,1683,0,1776,1530,142
7327,73674745,2.0895596,1990,1685,0,1775,1525,142
7328,73684745,2.0905563,1994,1687,0,1777,1526,142
7329,73694745,2.0915946,1991,1686,0,1777,1522,142
7330,73704745,2.0924562,1989,1690,0,1777,1527,142
7331,73714745,2.0933354,1986,1684,0,1777,1526,142
7332,73724745,2.0942695,1994,1686,0,1778,1524,142
7333,73734745,2.0951027,1987,1684,0,1781,1530,142
7334,73744745,2.0958507,1990,1686,0,1777,1522,142
7335,73754745,2.0967892,1991,1683,0,1780,1527,142
7336,73764745,2.0979907,1987,1687,0,1780,1532,142
7337,73774745,2.0988121,1992,1685,0,1769,1524,142
7338,73784745,2.1001145,1989,1686,0,1779,1521,142
7339,73794745,2.1016053,1995,1683,0,1782,1527,142
7340,73804745,2.103323,1992,1684,0,1774,1524,142
7341,73814745,2.1051794,1994,1689,0,1777,1530,142
7342,73824745,2.1066594,1991,1683,0,1777,1533,142
7343,73834745,2.1079498,1995,1689,0,1779,1530,142
7344,73844745,2.1095882,1994,1685,0,1775,1525,142
7345,73854745,2.1105425,1994,1690,0,1772,1530,142
7346,73864745,2.1119756,1995,1685,0,1780,1527,142
7347,73874745,2.1133389,1986,1686,0,1775,1530,142
7348,73884745,2.114963,1989,1683,0,1780,1522,142
7349,73894745,2.1162446,1995,1687,0,1776,1525,142
7350,73904745,2.1177637,1991,1683,0,1777,1526,142
7351,73914745,2.1191677,1994,1686,0,1780,1526,142
7352,73924745,2.1202195,2000,1682,0,1777,1525,142
7353,73934745,2.1210899,1989,1683,0,1773,1526,142
7354,73944745,2.1226899,1993,1686,0,1779,1530,142
7355,73954745,2.1241473,1994,1691,0,1775,1524,142
7356,73964745,2.1253034,1987,1685,0,1777,1524,142
7357,73974745,2.1263499,1987,1685,0,1782,1527,142
7358,73984745,2.1278738,1994,1689,0,1782,1524,142
7359,73994745,2.1291791,1997,1687,0,1777,1525,142
7360,74004745,2.1299977,1994,1690,0,1776,1527,142
7361,74014745,2.1308143,1991,1690,0,1780,1528,142
7362,74024745,2.1316997,1994,1691,0,1770,1525,142
7363,74034745,2.1325339,1991,1686,0,1779,1524,142
7364,74044745,2.1333829,1991,1686,0,1778,1526,142
7365,74054745,2.1341429,1991,1686,0,1776,1529,142
7366,74064745,2.1348686,1991,1683,0,1776,1525,142
7367,74074745,2.1355903,1995,1682,0,1779,1525,142
7368,74084745,2.1362107,1988,1687,0,1779,1530,142
7369,74094745,2.1369423,1986,1687,0,1776,1526,142
7370,74104745,2.1383537,1991,1684,0,1774,1522,142
7371,74114745,2.1396787,1989,1687,0,1775,1523,142
7372,74124745,2.1406965,1995,1686,0,1778,1525,142
7373,74134745,2.1416436,1990,1682,0,1778,1523,142
7374,74144745,2.1423881,1990,1683,0,1778,1529,142
7375,74154745,2.1430989,1995,1686,0,1773,1529,142
7376,74164745,2.143983,1993,1685,0,1776,1527,142
7377,74174745,2.144895,1990,1683,0,1776,1527,142
7378,74184745,2.1462928,1988,1690,0,1777,1530,142
7379,74194745,2.147244,1995,1687,0,1775,1529,142
7380,74204745,2.1481768,1991,1682,0,1782,1524,142
7381,74214745,2.1490963,1991,1686,0,1780,1527,142
7382,74224745,2.1499439,1989,1686,0,1773,1530,142
7383,74234745,2.150719,1991,1689,0,1778,1521,142
7384,74244745,2.1515172,1984,1691,0,1773,1527,142
7385,74254745,2.1523441,1991,1697,0,1775,1526,142
7386,74264745,2.1531485,1995,1691,0,1776,1529,142
7387,74274745,2.154287,1989,1691,0,1776,1530,142
7388,74284745,2.1553024,1995,1687,0,1776,1530,142
7389,74294745,2.1562495,1994,1692,0,1775,1527,142
7390,74304745,2.1574723,1989,1684,0,1777,1522,142
7391,74314745,2.1587452,1997,1690,0,1780,1524,142
7392,74324745,2.1597731,1997,1687,0,1784,1530,142
7393,74334745,2.1608368,1995,1682,0,1778,1524,142
7394,74344745,2.1620147,1993,1690,0,1779,1525,142
7395,74354745,2.1631148,1996,1689,0,1779,1530,142
7396,74364746,2.1642112,1991,1687,0,1782,1525,142
7397,74374745,2.1651803,1986,1692,0,1775,1524,142
7398,74384745,2.1662526,1997,1694,0,1776,1527,142
7399,74394745,2.167427,1987,1689,0,1777,1523,142
7400,74404745,2.168421,1990,1685,0,1774,1523,142
7401,74414745,2.1695218,1986,1685,0,1775,1531,142
7402,74424745,2.1706849,1991,1686,0,1778,1530,142
7403,74434745,2.171521,1994,1684,0,1777,1539,142
7404,74444745,2.1727989,1994,1639,0,1777,1530,142
7405,74454745,2.1734743,1994,1684,0,1777,1528,142
7406,74464745,2.1741575,1997,1680,0,1773,1529,142
7407,74474745,2.1748076,1993,1681,0,1773,1529,142
7408,74484745,2.1755178,1990,1689,0,1780,1530,142
7409,74494745,2.1762552,1989,1692,0,1780,1530,142
7410,74504745,2.1778689,1989,1683,0,1779,1524,142
7411,74514745,2.1784684,1991,1685,0,1779,1530,142
7412,74524745,2.1789911,1993,1683,0,1775,1527,142
7413,74534745,2.1795103,1986,1681,0,1777,1525,142
7414,74544745,2.1799791,1993,1681,0,1776,1527,142
7415,74554745,2.1804778,1995,1685,0,1774,1525,142
7416,74564745,2.1810368,1991,1681,0,1776,1529,142
7417,74574745,2.1816537,1994,1685,0,1775,1527,142
7418,74584745,2.1823988,1993,1691,0,1775,1527,142
7419,74594745,2.1829077,1991,1687,0,1775,1530,142
7420,74604745,2.1837307,2000,1685,0,1784,1524,142
7421,74614745,2.1846883,1990,1687,0,1776,1531,142
7422,74624745,2.1856238,1995,1680,0,1777,1525,142
7423,74634745,2.1863846,1997,1680,0,1777,1530,142
7424,74644745,2.1870586,1998,1687,0,1775,1527,142
7425,74654745,2.187634,1990,1689,0,1779,1526,142
7426,74664745,2.1890725,1990,1691,0,1776,1531,142
7427,74674745,2.1900567,1995,1686,0,1774,1525,142
7428,74684745,2.1907324,1987,1685,0,1780,1527,142
7429,74694745,2.1914621,1991,1686,0,1782,1533,142
7430,74704745,2.1921634,1991,1693,0,1776,1523,142
7431,74714745,2.1930344,1990,1687,0,1779,1524,142
7432,74724745,2.1937832,1991,1688,0,1776,1525,142
7433,74734745,2.1942718,1991,1681,0,1779,1534,142
7434,74744746,2.1947116,1984,1684,0,1778,1521,142
7435,74754745,2.1952491,1989,1689,0,1778,1526,142
7436,74764745,2.1957238,1991,1684,0,1778,1519,142
7437,74774745,2.1961698,1988,1687,0,1777,1525,142
7438,74784745,2.1966569,1991,1686,0,1780,1525,142
7439,74794745,2.1972901,1993,1683,0,1778,1532,142
7440,74804745,2.1979717,1989,1680,0,1773,1529,142
7441,74814745,2.1986147,1989,1684,0,1779,1527,142
7442,74824745,2.1992565,1995,1683,0,1776,1531,142
7443,74834745,2.199883,1991,1690,0,1774,1526,142
7444,74844745,2.2008859,1991,1686,0,1775,1526,142
7445,74854745,2.2018555,1991,1690,0,1780,1526,142
7446,74864745,2.2026204,1998,1689,0,1781,1526,142
7447,74874746,2.2032827,1997,1682,0,1776,1525,142
7448,74884745,2.2039621,1989,1684,0,1780,1527,142
7449,74894745,2.204692,1991,1690,0,1780,1526,142
7450,74904745,2.2053375,1991,1687,0,1773,1529,142
7451,74914745,2.2059234,1993,1686,0,1778,1524,142
7452,74924745,2.2064299,1997,1687,0,1779,1530,142
7453,74934745,2.2102476,1997,1697,0,1780,1524,142
7454,74944745,2.2111326,1988,1685,0,1776,1524,142
7455,74954745,2.2116478,1990,1689,0,1779,1529,142
7456,74964745,2.2121034,1992,1683,0,1778,1528,142
7457,74974745,2.2125205,1990,1690,0,1777,1525,142
7458,74984745,2.2133193,1987,1690,0,1779,1529,142
7459,74994745,2.2142873,1990,1682,0,1776,1525,142
7460,75004745,2.2150025,1991,1687,0,1778,1525,142
7461,75014745,2.2155218,1989,1687,0,1777,1525,142
7462,75024745,2.2162707,1988,1683,0,1779,1527,142
7463,75034745,2.2168371,1990,1687,0,1776,1526,142
7464,75044745,2.2175183,1995,1689,0,1775,1525,142
7465,75054745,2.2183238,1991,1687,0,1778,1530,142
7466,75064745,2.2190614,1992,1685,0,1777,1530,142
7467,75074745,2.2196972,1995,1689,0,1782,1526,142
7468,75084745,2.2203059,1992,1695,0,1771,1532,142
7469,75094745,2.2207987,1996,1685,0,1775,1525,142
7470,75104745,2.2212948,1993,1683,0,1779,1527,142
7471,75114745,2.2225647,1995,1692,0,1778,1525,142
7472,75124745,2.2810907,1997,1684,0,1780,1526,142
7473,75134745,2.2817482,1989,1690,0,1778,1530,142
7474,75144745,2.2822534,1991,1686,0,1779,1527,142
7475,75154745,2.2827267,1997,1689,0,1776,1530,142
7476,75164745,2.2836807,1986,1683,0,1773,1527,142
7477,75174745,2.2844681,1989,1682,0,1778,1530,142
7478,75184745,2.2851958,1991,1691,0,1778,1526,142
7479,75194745,2.5882887,1986,1685,0,1779,1530,142
7480,75204745,2.5901992,1993,1690,0,1772,1533,142
7481,75214745,2.592053,1993,1693,0,1776,1527,142
7482,75224745,2.5938544,1990,1686,0,1773,1530,142
7483,75234745,2.5955754,1986,1690,0,1775,1523,142
7484,75244745,2.5973695,1988,1683,0,1779,1530,142
7485,75254745,2.598462,1998,1685,0,1780,1530,142
7486,75264745,2.5992273,1991,1687,0,1775,1526,142
7487,75274745,2.5998792,1992,1680,0,1777,1525,142
7488,75284745,2.6005263,1989,1687,0,1773,1525,142
7489,75294745,2.601231,1998,1683,0,1782,1527,142
7490,75304745,2.6018952,1987,1687,0,1773,1525,142
7491,75314745,2.6025525,1997,1694,0,1779,1522,142
7492,75324745,2.6034684,1997,1686,0,1779,1525,142
7493,75334745,2.604771,1991,1686,0,1775,1530,142
7494,75344745,2.6061405,1993,1693,0,1773,1521,142
7495,75354745,2.6075951,1995,1685,0,1779,1526,142
7496,75364745,2.6089452,1986,1689,0,1774,1527,142
7497,75374745,2.6104735,1990,1685,0,1771,1529,142
7498,75384745,2.6120345,1994,1693,0,1782,1525,142
7499,75394745,2.6134445,1991,1691,0,1776,1527,142
7500,75404748,2.6149009,1994,1687,0,1779,1530,142
7501,75414749,2.6163791,1993,1686,0,1779,1532,142
7502,75424745,2.617535,1991,1685,0,1777,1527,142
7503,75434745,2.6187835,1988,1691,0,1774,1527,142
7504,75444745,2.6199522,1994,1690,0,1776,1530,142
7505,75454745,2.6211452,1993,1687,0,1776,1525,142
7506,75464745,2.622329,1991,1693,0,1783,1523,142
7507,75474745,2.6233992,1994,1685,0,1780,1527,142
7508,75484745,2.6241038,1990,1683,0,1777,1526,142
7509,75494745,2.6260714,1987,1681,0,1776,1529,142
7510,75504745,2.6272867,1991,1682,0,1777,1524,142
7511,75514745,2.6281745,1994,1686,0,1775,1530,142
7512,75524745,2.6292232,1994,1687,0,1773,1527,142
7513,75534745,2.7049354,1995,1691,0,1780,1530,142
7514,75544745,2.7063669,1994,1680,0,1780,1526,142
7515,75554745,2.707352,1988,1680,0,1777,1530,142
7516,75564745,2.7088949,1993,1682,0,1782,1527,142
7517,75574745,2.7097434,1994,1685,0,1775,1524,142
7518,75584745,2.7108723,1989,1680,0,1777,1525,142
7519,75594745,2.7117475,1993,1685,0,1782,1525,142
7520,75604745,2.7126307,1996,1689,0,1780,1524,142
7521,75614745,2.8571737,1994,1690,0,1774,1526,142
7522,75624745,2.8583206,1993,1683,0,1779,1531,142
7523,75634745,2.8594563,1989,1690,0,1782,1524,142
7524,75644745,2.8603618,1994,1700,0,1774,1530,142
7525,75654745,2.8612995,1992,1690,0,1774,1523,142
7526,75664745,2.8623583,1991,1687,0,1777,1530,142
7527,75674745,2.8635318,1990,1687,0,1776,1525,142
7528,75684745,2.8644789,1989,1683,0,1773,1528,142
7529,75694745,2.8657511,1991,1690,0,1775,1527,142
7530,75704745,2.8671487,1991,1690,0,1779,1526,142
7531,75714745,2.8682951,1989,1686,0,1777,1525,142
7532,75724745,2.8696189,1993,1683,0,1777,1527,142
7533,75734745,2.870755,1990,1693,0,1777,1525,142
7534,75744745,2.8725129,1994,1690,0,1773,1527,142
7535,75754747,2.8737303,1991,1682,0,1776,1526,142
7536,75764745,3.0525967,1996,1681,0,1783,1526,142
7537,75774745,3.054154,1997,1682,0,1777,1522,142
7538,75784745,3.0552501,1987,1690,0,1780,1530,142
7539,75794745,3.0563386,1989,1683,0,1777,1526,142
7540,75804745,3.0571966,1989,1685,0,1777,1529,142
7541,75814745,3.0587395,1991,1687,0,1775,1529,142
7542,75824745,3.0594095,1989,1682,0,1778,1523,142
7543,75834745,3.0603552,1987,1683,0,1780,1534,142
7544,75844745,3.0613903,1994,1689,0,1778,1527,142
7545,75854745,3.0620777,1993,1691,0,1779,1530,142
7546,75864745,3.0625652,1993,1693,0,1779,1524,142
7547,75874745,3.063091,1991,1686,0,1777,1526,142
7548,75884745,3.0637636,1990,1686,0,1779,1527,142
7549,75894745,3.0643608,1989,1687,0,1776,1533,142
7550,75904745,3.0650585,1990,1687,0,1778,1530,142
7551,75914745,3.0656114,1991,1687,0,1779,1527,142
7552,75924745,3.0660547,1991,1687,0,1779,1529,142
7553,75934745,3.0664945,1990,1681,0,1780,1530,142
7554,75944745,3.0669668,1985,1689,0,1775,1529,142
7555,75954745,3.0683109,1993,1691,0,1777,1529,142
7556,75964745,3.0810858,1991,1687,0,1775,1530,142
7557,75974745,3.0819067,1993,1687,0,1778,1525,142
7558,75984745,3.096304,1992,1652,0,1775,1530,142
7559,75994745,3.0975459,1985,1685,0,1775,1524,142
7560,76004745,3.2849819,1989,1680,0,1782,1525,142
7561,76014745,3.2858365,1994,1687,0,1772,1526,142
7562,76024745,3.2866104,1990,1686,0,1779,1530,142
7563,76034745,3.2874252,1986,1683,0,1779,1522,142
7564,76044745,3.2884456,1987,1686,0,1776,1527,142
7565,76054745,3.2893438,1989,1680,0,1778,1530,142
7566,76064745,3.29048,1989,1685,0,1776,1521,142
7567,76074745,3.2917411,1997,1690,0,1777,1530,142
7568,76084745,3.2932038,1987,1687,0,1772,1530,142
7569,76094745,3.2939598,1994,1687,0,1781,1525,142
7570,76104745,3.2949148,1987,1687,0,1773,1525,142
7571,76114745,3.2958983,1989,1679,0,1777,1530,142
7572,76124745,3.2970409,1994,1693,0,1774,1530,142
7573,76134745,3.2979238,1994,1687,0,1777,1525,142
7574,76144745,3.2989907,1990,1687,0,1773,1532,142
7575,76154745,3.2999641,1988,1690,0,1778,1532,142
7576,76164745,3.3007735,1987,1683,0,1773,1526,142
7577,76174745,3.301721,1991,1685,0,1775,1523,142
7578,76184745,3.3032126,1995,1690,0,1771,1529,142
7579,76194745,3.3043506,1990,1691,0,1773,1530,142
7580,76204745,3.3133814,1994,1686,0,1776,1524,142
7581,76214745,3.3148139,1988,1685,0,1778,1530,142
7582,76224747,3.4394942,1987,1689,0,1774,1530,142
7583,76234745,3.440332,1993,1683,0,1777,1530,142
7584,76244745,3.4410347,1988,1686,0,1775,1523,142
7585,76254745,3.4418296,1993,1685,0,1777,1527,142
7586,76264745,3.4426678,1991,1685,0,1777,1527,142
7587,76274745,3.4434719,1995,1678,0,1773,1527,142
7588,76284745,3.4444279,1990,1694,0,1777,1524,142
7589,76294745,3.4452156,1997,1685,0,1777,1527,142
7590,76304745,3.4461274,1987,1681,0,1777,1530,142
7591,76314745,3.4470157,1997,1690,0,1778,1524,142
7592,76324745,3.4480309,1995,1688,0,1776,1525,142
7593,76334745,3.4488803,1995,1683,0,1779,1526,142
7594,76344745,3.4633228,1988,1690,0,1778,1526,142
7595,76354745,3.4644125,1991,1690,0,1773,1529,142
7596,76364745,3.4709264,1990,1687,0,1775,1527,142
7597,76374745,4.0213473,1991,1691,0,1779,1525,142
7598,76384745,4.0221737,1990,1690,0,1775,1527,142
7599,76394745,4.0228976,1988,1690,0,1773,1522,142
7600,76404745,4.0237037,1987,1687,0,1780,1526,142
7601,76414745,4.0245322,1986,1683,0,1777,1530,142
7602,76424745,4.0253824,1991,1692,0,1773,1530,142
7603,76434745,4.0260531,1995,1682,0,1777,1526,142
7604,76444745,4.0271172,1991,1683,0,1780,1530,142
7605,76454745,4.0279767,1992,1689,0,1776,1531,142
7606,76464745,4.0288902,1995,1685,0,1778,1527,142
7607,76474745,4.0298451,1994,1689,0,1777,1525,142
7608,76484745,4.0306768,1990,1686,0,1780,1523,142
7609,76494745,4.0316466,1991,1686,0,1777,1521,142
7610,76504745,4.0325432,1990,1690,0,1782,1522,142
7611,76514745,4.0332687,1989,1680,0,1773,1525,142
7612,76524745,4.0340746,1989,1685,0,1776,1527,142
7613,76534745,4.0350052,1988,1681,0,1777,1523,142
7614,76544745,4.036365,1991,1690,0,1777,1523,142
7615,76554745,4.0373661,1989,1685,0,1773,1526,142
7616,76564745,4.0393534,1986,1687,0,1776,1529,142
7617,76574745,4.0402067,1989,1683,0,1778,1529,142
7618,76584745,4.0409573,1995,1691,0,1782,1524,142
7619,76594745,4.0415768,1991,1691,0,1777,1530,142
7620,76604745,4.0428445,1995,1687,0,1773,1524,142
7621,76614745,4.0446504,1993,1682,0,1773,1526,142
7622,76624745,4.0456563,1986,1680,0,1775,1525,142
7623,76634745,4.0467317,1989,1693,0,1776,1527,142
7624,76644745,4.0475696,1994,1680,0,1777,1527,142
7625,76654745,4.0483227,1989,1685,0,1782,1522,142
7626,76664745,4.0493588,1986,1683,0,1778,1525,142
7627,76674745,4.0509576,1989,1683,0,1775,1530,142
7628,76684745,4.0524888,1991,1683,0,1776,1525,142
7629,76694745,4.0540097,1991,1684,0,1775,1527,142
7630,76704745,4.0561195,1990,1685,0,1779,1525,142
7631,76714745,4.0582342,1993,1689,0,1778,1526,142
7632,76724745,4.0601954,1996,1690,0,1776,1525,142
7633,76734745,4.0617792,1991,1680,0,1776,1525,142
7634,76744745,4.0635426,1991,1686,0,1773,1527,142
7635,76754745,4.0652263,1986,1687,0,1777,1526,142
7636,76764745,4.066893,1989,1686,0,1777,1527,142
7637,76774745,4.0687007,1986,1687,0,1773,1525,142
7638,76784745,4.0704486,1991,1689,0,1776,1527,142
7639,76794745,4.0721417,1991,1685,0,1780,1526,142
7640,76804745,4.0740925,1991,1685,0,1775,1525,142
7641,76814745,4.0756889,1991,1690,0,1778,1525,142
7642,76824745,4.077329,1983,1685,0,1773,1530,142
7643,76834745,4.0790513,1986,1685,0,1775,1526,142
7644,76844745,4.080601,1995,1684,0,1776,1522,142
7645,76854745,4.0819227,1993,1689,0,1778,1524,142
7646,76864745,4.0832796,1989,1686,0,1773,1529,142
7647,76874746,4.0847764,1995,1683,0,1779,1525,142
7648,76884745,4.0858088,1991,1688,0,1780,1529,142
7649,76894745,4.0901278,1991,1690,0,1777,1526,142
7650,76904745,4.091231,1995,1691,0,1777,1532,142
7651,76914745,4.092091,1991,1690,0,1776,1529,142
7652,76924745,4.0931927,1990,1683,0,1779,1530,142
7653,76934745,4.0939856,1991,1682,0,1779,1530,142
7654,76944745,4.0947886,1995,1685,0,1775,1530,142
7655,76954745,4.0954028,1991,1681,0,1778,1526,142
7656,76964745,4.095949,1994,1686,0,1779,1527,142
7657,76974745,4.096525,1987,1680,0,1775,1521,142
7658,76984745,4.0970982,1995,1685,0,1783,1532,142
7659,76994745,4.1140774,1987,1682,0,1775,1527,142
7660,77004745,4.1147558,1990,1685,0,1784,1528,142
7661,77014745,4.2298514,1993,1689,0,1778,1527,142
7662,77024745,4.2310839,1991,1683,0,1775,1527,142
7663,77034745,4.2320714,1987,1680,0,1776,1525,142
7664,77044745,4.2329955,1989,1694,0,1774,1526,142
7665,77054745,4.2338518,1991,1682,0,1777,1529,142
7666,77064745,4.2345632,1995,1683,0,1778,1527,142
7667,77074745,4.2351101,1990,1692,0,1775,1526,142
7668,77084745,4.2356805,1993,1688,0,1776,1529,142
7669,77094745,4.2361159,1993,1684,0,1777,1524,142
7670,77104745,4.2365241,1991,1682,0,1779,1523,142
7671,77114745,4.2369455,1994,1687,0,1779,1523,142
7672,77124745,4.2373678,1991,1683,0,1776,1525,142
7673,77134745,4.5062691,1987,1691,0,1779,1530,142
7674,77144745,4.5078017,1999,1687,0,1775,1527,142
7675,77154745,4.5100379,1991,1685,0,1778,1525,142
7676,77164745,4.5127165,1991,1690,0,1778,1524,142
7677,77174745,4.5143187,1990,1687,0,1775,1526,142
7678,77184745,4.5159792,1991,1686,0,1778,1530,142
7679,77194746,4.5175505,1991,1684,0,1777,1524,142
7680,77204745,4.519231,1991,1687,0,1776,1529,142
7681,77214745,4.5208768,1991,1687,0,1777,1527,142
7682,77224745,4.522272,1994,1687,0,1780,1526,142
7683,77234745,4.5234431,1993,1683,0,1779,1527,142
7684,77244745,4.5252192,1995,1693,0,1779,1527,142
7685,77254745,4.526551,1989,1687,0,1781,1526,142
7686,77264745,4.527499,1997,1686,0,1778,1527,142
7687,77274745,4.52825,1993,1685,0,1778,1530,142
7688,77284745,4.5290303,1988,1695,0,1775,1530,142
7689,77294745,4.529826,1991,1686,0,1782,1527,142
7690,77304745,4.530461,2000,1685,0,1773,1525,142
7691,77314745,4.5310097,1987,1682,0,1775,1525,142
7692,77324745,4.5315316,1994,1683,0,1777,1524,142
7693,77334745,4.5321322,1991,1680,0,1781,1524,142
7694,77344746,4.5328385,1995,1683,0,1776,1525,142
7695,77354745,4.5335382,1990,1685,0,1777,1527,142
7696,77364745,4.5342503,1991,1687,0,1776,1530,142
7697,77374745,4.5350189,1986,1682,0,1780,1530,142
7698,77384745,4.5358751,1991,1687,0,1774,1530,142
7699,77394745,4.5369118,1989,1689,0,1779,1530,142
7700,77404745,4.5383783,1991,1683,0,1777,1524,142
7701,77414745,4.5392909,1994,1685,0,1775,1530,142
7702,77424745,4.5404423,1995,1691,0,1778,1526,142
7703,77434745,4.5422536,1990,1690,0,1776,1530,142
7704,77444745,4.543298,1985,1687,0,1776,1526,142
7705,77454745,4.6704768,1986,1690,0,1780,1527,142
7706,77464745,4.6712155,1991,1687,0,1773,1524,142
7707,77474745,4.6721857,1985,1683,0,1777,1530,142
7708,77484745,4.6729939,1991,1684,0,1776,1529,142
7709,77494745,4.6739781,1989,1681,0,1773,1527,142
7710,77504745,4.6748865,1990,1685,0,1777,1527,142
7711,77514745,4.6759539,1990,1683,0,1781,1528,142
7712,77524745,4.6768355,1989,1681,0,1777,1526,142
7713,77534745,4.6774846,1986,1685,0,1775,1530,142
7714,77544745,4.6779277,1991,1684,0,1777,1526,142
7715,77554745,4.6783393,1992,1689,0,1777,1526,142
7716,77564745,4.6787464,1991,1683,0,1772,1530,142
7717,77574745,4.686497,1990,1680,0,1778,1529,142
7718,77584745,4.6872869,1990,1683,0,1779,1525,142
7719,77594745,4.6976547,1991,1689,0,1777,1525,142
7720,77604745,4.7129189,1990,1685,0,1781,1530,142
7721,77614745,4.7140977,1991,1685,0,1776,1526,142
7722,77624745,4.72934,1991,1685,0,1780,1526,142
7723,77634745,4.7447897,1991,1689,0,1777,1533,142
7724,77644745,4.7461134,1989,1683,0,1777,1532,142
7725,77654745,4.8735146,1990,1694,0,1773,1530,142
7726,77664745,4.874675,1990,1694,0,1775,1530,142
7727,77674745,4.8753427,1995,1683,0,1777,1531,142
7728,77684745,4.8761248,1988,1689,0,1779,1534,142
7729,77694745,4.8768435,1988,1682,0,1777,1525,142
7730,77704745,4.8775166,1990,1685,0,1773,1528,142
7731,77714745,4.8784171,1994,1686,0,1776,1526,142
7732,77724745,4.8790982,1994,1687,0,1777,1527,142
7733,77734745,4.8797883,1989,1689,0,1773,1525,142
7734,77744745,4.8803563,1989,1685,0,1777,1525,142
7735,77754745,4.880989,1993,1687,0,1777,1525,142
7736,77764745,4.8820588,1991,1685,0,1775,1523,142
7737,77774745,4.8847676,1990,1691,0,1780,1526,142
7738,77784745,4.8856663,1994,1689,0,1776,1530,142
7739,77794745,4.9014322,1995,1685,0,1775,1527,142
7740,77804746,4.9026139,1993,1684,0,1778,1525,142
7741,77814745,4.9171516,1988,1686,0,1774,1524,142
7742,77824745,4.9328004,1988,1684,0,1777,1525,142
7743,77834745,4.9340204,1993,1680,0,1772,1526,142
7744,77844745,4.9485243,1991,1691,0,1778,1524,142
7745,77854745,4.9627767,1992,1689,0,1773,1529,142
7746,77864745,4.9636788,1991,1689,0,1778,1527,142
7747,77874745,5.0810962,1991,1683,0,1774,1527,142
7748,77884745,5.0823109,1995,1685,0,1782,1527,142
7749,77894745,5.0833366,1997,1683,0,1776,1530,142
7750,77904745,5.0842747,1994,1690,0,1779,1530,142
7751,77914745,5.0851718,1994,1690,0,1777,1523,142
7752,77924745,5.0861738,1994,1689,0,1778,1530,142
7753,77934745,5.0873162,1985,1686,0,1776,1525,142
7754,77944745,5.0885221,1987,1681,0,1775,1532,142
7755,77954745,5.0896378,1989,1684,0,1777,1527,142
7756,77964745,5.0906493,1987,1691,0,1779,1526,142
7757,77974745,5.0914763,1990,1693,0,1776,1527,142
7758,77984745,5.0926042,1997,1687,0,1777,1525,142
7759,77994745,5.1190982,1991,1688,0,1777,1525,142
7760,78004745,5.1200627,1994,1689,0,1779,1526,142
7761,78014745,5.1211508,1985,1686,0,1776,1521,142
7762,78024745,5.133825,1994,1690,0,1778,1525,142
7763,78034745,5.1346564,1993,1682,0,1779,1530,142
7764,78044745,5.1521807,1994,1685,0,1773,1529,142
7765,78054745,5.1529549,1994,1687,0,1773,1526,142
7766,78064745,5.1656756,1990,1685,0,1776,1524,142
7767,78074745,5.281217,1987,1684,0,1778,1524,142
7768,78084745,5.2826234,1985,1687,0,1779,1524,142
7769,78094745,5.2835496,1986,1689,0,1775,1530,142
7770,78104745,5.2842023,1991,1682,0,1777,1524,142
7771,78114745,5.2847162,1995,1690,0,1778,1524,142
7772,78124745,5.2851688,1989,1680,0,1773,1531,142
7773,78134745,5.2856018,1986,1686,0,1783,1523,142
7774,78144745,5.2861722,1989,1687,0,1777,1524,142
7775,78154745,5.2867746,1988,1687,0,1773,1525,142
7776,78164745,5.2872982,1985,1681,0,1780,1525,142
7777,78174745,5.2879145,1992,1691,0,1779,1530,142
7778,78184745,5.2922391,1989,1685,0,1780,1525,142
7779,78194745,5.2932594,1989,1692,0,1776,1522,142
7780,78204745,5.3084897,1993,1686,0,1772,1521,142
7781,78214745,5.3241428,1989,1684,0,1777,1530,142
7782,78224745,5.3251459,1993,1687,0,1773,1521,142
7783,78234745,5.3441683,1991,1691,0,1773,1522,142
7784,78244745,5.3551966,1989,1686,0,1775,1523,142
7785,78254745,5.3561206,1995,1689,0,1777,1527,142
7786,78264745,5.3708533,1990,1690,0,1774,1525,142
7787,78274745,5.3716805,1990,1686,0,1773,1525,142
7788,78284745,5.4889634,1986,1682,0,1773,1524,142
7789,78294745,5.4902013,1984,1681,0,1774,1525,142
7790,78304745,5.4909902,1989,1682,0,1773,1523,142
7791,78314745,5.4917244,1986,1683,0,1777,1522,142
7792,78324745,5.4923949,1991,1687,0,1777,1527,142
7793,78334745,5.4930318,1991,1685,0,1777,1525,142
7794,78344745,5.493477,1985,1681,0,1773,1523,142
7795,78354745,5.4938837,1991,1685,0,1775,1526,142
7796,78364745,5.4942869,1994,1690,0,1775,1524,142
7797,78374745,5.4951414,1986,1686,0,1775,1521,142
7798,78384745,5.4959402,1989,1681,0,1779,1527,142
7799,78394745,5.496925,1991,1682,0,1775,1525,142
7800,78404745,5.5117188,1987,1686,0,1777,1536,142
7801,78414745,5.5126893,1988,1690,0,1773,1525,142
7802,78424745,5.5302414,1987,1682,0,1777,1524,142
7803,78434745,5.543248,1990,1680,0,1777,1506,142
7804,78444745,5.5442117,1986,1686,0,1780,1525,142
7805,78454745,5.5598566,1991,1682,0,1774,1530,142
7806,78464745,5.5743772,1997,1689,0,1780,1527,142
7807,78474745,5.5751935,1986,1683,0,1771,1521,142
7808,78484745,5.702142,1990,1682,0,1778,1530,142
7809,78494745,5.7030974,1987,1685,0,1773,1526,142
7810,78504745,5.7037709,1987,1683,0,1778,1530,142
7811,78514745,5.7044303,1987,1686,0,1773,1530,142
7812,78524745,5.7052116,1989,1687,0,1773,1529,142
7813,78534745,5.705867,1994,1686,0,1778,1527,142
7814,78544745,5.7066736,1990,1687,0,1780,1532,142
7815,78554745,5.7073634,1991,1688,0,1780,1530,142
7816,78564745,5.7080585,1984,1684,0,1781,1524,142
7817,78574745,5.7087439,1987,1681,0,1775,1524,142
7818,78584745,5.7094299,1989,1680,0,1776,1532,142
7819,78594745,5.7101539,1991,1686,0,1773,1520,142
7820,78604745,5.7152347,1987,1690,0,1771,1527,142
7821,78614745,5.7160209,1993,1687,0,1774,1530,142
7822,78624745,5.7344191,1991,1684,0,1779,1527,142
7823,78634745,5.7470138,1995,1689,0,1778,1533,142
7824,78644745,5.7479839,1987,1691,0,1776,1527,142
7825,78654745,5.7659586,1994,1682,0,1779,1534,142
7826,78664745,5.7667575,1990,1685,0,1777,1526,142
7827,78674745,5.9190454,1995,1689,0,1777,1524,142
7828,78684745,5.9203234,1989,1688,0,1775,1530,142
7829,78694745,5.9211835,1986,1683,0,1780,1530,142
7830,78704745,5.9221813,1991,1690,0,1776,1529,142
7831,78714745,5.9231392,1998,1686,0,1777,1529,142
7832,78724745,5.9242088,1995,1680,0,1772,1526,142
7833,78734745,5.9255181,1993,1684,0,1776,1522,142
7834,78744745,5.9265457,1990,1691,0,1778,1525,142
7835,78754745,5.927554,1991,1694,0,1776,1527,142
7836,78764745,5.9284536,1993,1681,0,1777,1519,142
7837,78774745,5.9294275,1994,1690,0,1773,1527,142
7838,78784745,5.9303193,1991,1690,0,1777,1529,142
7839,78794745,5.9317259,1989,1680,0,1776,1525,142
7840,78804745,5.933381,1991,1683,0,1778,1530,142
7841,78814745,5.9345964,1988,1685,0,1781,1525,142
7842,78824745,5.9358719,1987,1678,0,1775,1530,142
7843,78834745,5.9368731,1993,1686,0,1775,1525,142
7844,78844745,5.9477835,1989,1690,0,1778,1521,142
7845,78854745,5.9632064,1991,1686,0,1775,1522,142
7846,78864745,5.9787227,1990,1691,0,1778,1523,142
7847,78874745,5.9795804,1990,1690,0,1777,1529,142
7848,78884745,5.9944341,1988,1686,0,1780,1527,142
7849,78894745,5.9956088,1990,1690,0,1777,1527,142
7850,78904745,6.1335142,1989,1686,0,1774,1530,142
7851,78914745,6.1344654,1997,1686,0,1775,1524,142
7852,78924745,6.1356111,1995,1687,0,1773,1530,142
7853,78934745,6.1368973,1993,1693,0,1776,1529,142
7854,78944745,6.1378122,1993,1688,0,1776,1530,142
7855,78954745,6.1385963,1991,1683,0,1777,1522,142
7856,78964745,6.1393822,1989,1687,0,1777,1525,142
7857,78974745,6.1401343,1986,1685,0,1778,1529,142
7858,78984745,6.1408909,1989,1689,0,1779,1525,142
7859,78994745,6.1416816,1990,1680,0,1776,1523,142
7860,79004745,6.1424205,1991,1687,0,1771,1525,142
7861,79014745,6.1432091,1991,1690,0,1776,1523,142
7862,79024745,6.1439642,1989,1687,0,1773,1526,142
7863,79034745,6.1451385,1997,1683,0,1775,1522,142
7864,79044745,6.1525846,1997,1685,0,1774,1527,142
7865,79054745,6.1537319,1989,1685,0,1776,1522,142
7866,79064745,6.1683868,1990,1690,0,1777,1525,142
7867,79074745,6.183351,1991,1683,0,1777,1524,142
7868,79084745,6.1844955,1993,1683,0,1778,1495,142
7869,79094745,6.1997319,1990,1681,0,1776,1530,142
7870,79104745,6.2146391,1987,1690,0,1778,1530,142
7871,79114745,6.215549,1989,1690,0,1779,1530,142
7872,79124745,6.3375635,1991,1685,0,1777,1527,142
7873,79134745,6.3386575,1993,1687,0,1773,1525,142
7874,79144745,6.3400696,1985,1683,0,1776,1529,142
7875,79154745,6.3407794,1987,1693,0,1777,1525,142
7876,79164745,6.3412859,1991,1687,0,1777,1530,142
7877,79174745,6.3417262,1985,1687,0,1775,1530,142
7878,79184745,6.3421318,1991,1690,0,1773,1526,142
7879,79194745,6.3425327,1990,1686,0,1772,1525,142
7880,79204745,6.342934,1990,1685,0,1777,1525,142
7881,79214745,6.3433604,1997,1687,0,1779,1530,142
7882,79224745,6.3437688,1990,1684,0,1773,1525,142
7883,79234745,6.3446785,1986,1689,0,1776,1530,142
7884,79244745,6.3565196,1994,1685,0,1776,1530,142
7885,79254745,6.3575511,1991,1682,0,1776,1522,142
7886,79264745,6.3735874,1989,1688,0,1776,1522,142
7887,79274745,6.3748044,1985,1695,0,1780,1524,142
7888,79284745,6.3887505,1990,1682,0,1779,1527,142
7889,79294745,6.4039684,1989,1686,0,1777,1526,142
7890,79304745,6.4049322,1995,1682,0,1770,1526,142
7891,79314745,6.4203145,1994,1682,0,1777,1522,142
7892,79324745,6.5349544,1988,1690,0,1773,1526,142
7893,79334745,6.5358078,1987,1689,0,1774,1525,142
7894,79344745,6.5366099,1991,1686,0,1779,1525,142
7895,79354745,6.5374691,1987,1683,0,1779,1532,142
7896,79364745,6.538494,1991,1691,0,1776,1521,142
7897,79374745,6.5397351,1990,1684,0,1777,1526,142
7898,79384745,6.5410806,1993,1692,0,1777,1527,142
7899,79394745,6.5423213,1986,1686,0,1776,1525,142
7900,79404745,6.5435892,1987,1689,0,1775,1524,142
7901,79414745,6.5449999,1993,1693,0,1777,1529,142
7902,79424745,6.5463767,1991,1692,0,1773,1525,142
7903,79434745,6.5480879,1989,1680,0,1778,1524,142
7904,79444745,6.5493455,1996,1681,0,1780,1525,142
7905,79454745,6.5653068,1988,1691,0,1770,1530,142
7906,79464745,6.5665995,1994,1682,0,1775,1530,142
7907,79474745,6.5802695,1987,1680,0,1773,1526,142
7908,79484745,6.5820904,1995,1683,0,1776,1523,142
7909,79494745,6.5935949,1994,1684,0,1774,1531,142
7910,79504745,6.612442,1993,1687,0,1777,1523,142
7911,79514745,6.6283496,1989,1683,0,1777,1525,142
7912,79524745,6.630876,1997,1685,0,1772,1527,142
7913,79534745,6.6324027,1986,1683,0,1777,1523,142
7914,79544745,6.7630797,1991,1686,0,1775,1527,142
7915,79554745,6.7640761,1994,1690,0,1776,1530,142
7916,79564745,6.764809,1994,1683,0,1775,1523,142
7917,79574745,6.7652503,1987,1682,0,1777,1530,142
7918,79584745,6.7656564,1987,1684,0,1777,1525,142
7919,79594745,6.7660601,1987,1682,0,1776,1527,142
7920,79604745,6.766482,1991,1683,0,1773,1527,142
7921,79614745,6.7669621,1989,1683,0,1780,1527,142
7922,79624745,6.7673731,1986,1702,0,1777,1529,142
7923,79634745,6.7677728,1985,1685,0,1775,1522,142
7924,79644745,6.7681744,1984,1689,0,1778,1527,142
7925,79654745,6.7688823,1994,1682,0,1773,1526,142
7926,79664745,6.7693384,1991,1690,0,1773,1526,142
7927,79674745,6.7814433,1990,1681,0,1773,1525,142
7928,79684745,6.7965012,1993,1683,0,1772,1523,142
7929,79694745,6.7973365,1989,1680,0,1775,1526,142
7930,79704745,6.8118609,1989,1681,0,1773,1527,142
7931,79714745,6.8127407,1995,1682,0,1777,1530,142
7932,79724745,6.8294256,1987,1687,0,1774,1524,142
7933,79734745,6.8434542,1986,1684,0,1777,1526,142
7934,79744745,6.8442966,1989,1686,0,1782,1524,142
7935,79754745,6.9769897,1990,1687,0,1779,1521,142
7936,79764745,6.9778718,1987,1686,0,1777,1529,142
7937,79774745,6.9786024,1994,1685,0,1780,1524,142
7938,79784745,6.97913,1988,1687,0,1780,1529,142
7939,79794745,6.9795726,1985,1686,0,1775,1525,142
7940,79804745,6.9802471,1988,1685,0,1772,1530,142
7941,79814745,6.9812942,1990,1687,0,1777,1527,142
7942,79824745,6.9819441,1991,1694,0,1779,1521,142
7943,79834745,6.9826233,1989,1686,0,1776,1530,142
7944,79844745,6.9834501,1987,1680,0,1779,1521,142
7945,79854745,6.984601,1991,1685,0,1777,1525,142
7946,79864745,6.9856772,1987,1682,0,1777,1524,142
7947,79874745,6.9869655,1992,1685,0,1773,1527,142
7948,79884745,6.9876165,1995,1681,0,1773,1527,142
7949,79894745,6.9979412,1987,1680,0,1780,1525,142
7950,79904745,7.0135582,1990,1687,0,1778,1525,142
7951,79914745,7.0148438,1985,1690,0,1776,1527,142
7952,79924745,7.0312625,1989,1690,0,1775,1531,142
7953,79934745,7.0446227,1994,1682,0,1773,1527,142
7954,79944745,7.045899,1988,1685,0,1775,1530,142
7955,79954745,7.1580367,1989,1689,0,1780,1527,142
7956,79964745,7.1591425,1993,1689,0,1773,1530,142
7957,79974745,7.1597799,1990,1687,0,1779,1525,142
7958,79984745,7.1603571,1986,1688,0,1772,1530,142
7959,79994745,7.160983,1990,1682,0,1777,1529,142
7960,80004745,7.1615634,1993,1690,0,1773,1527,142
7961,80014745,7.1621082,1990,1690,0,1772,1524,142
7962,80024745,7.1626689,1989,1682,0,1773,1531,142
7963,80034745,7.1632479,1992,1687,0,1777,1523,142
7964,80044745,7.1638882,1990,1697,0,1775,1521,142
7965,80054745,7.164531,1991,1682,0,1778,1525,142
7966,80064745,7.1715787,1986,1691,0,1776,1527,142
7967,80074745,7.172409,1989,1682,0,1777,1526,142
7968,80084745,7.1870473,1997,1686,0,1773,1527,142
7969,80094745,7.2025601,1995,1690,0,1775,1524,142
7970,80104745,7.2036438,1989,1689,0,1773,1524,142
7971,80114745,7.2176033,1993,1686,0,1775,1526,142
7972,80124745,7.2328359,1995,1686,0,1773,1529,142
7973,80134745,7.2337013,1986,1685,0,1776,1525,142
7974,80144745,7.2491404,1984,1691,0,1782,1521,142
7975,80154745,7.3579171,1991,1684,0,1777,1527,142
7976,80164745,7.3588065,1993,1687,0,1773,1534,142
7977,80174745,7.3595202,1994,1685,0,1778,1529,142
7978,80184745,7.3599691,1993,1686,0,1776,1525,142
7979,80194745,7.3603929,1987,1686,0,1779,1530,142
7980,80204745,7.3608139,1989,1683,0,1781,1530,142
7981,80214745,7.3612625,1993,1669,0,1780,1529,142
7982,80224745,7.3616947,1991,1689,0,1774,1526,142
7983,80234745,7.362104,1993,1685,0,1774,1532,142
7984,80244745,7.3625155,1999,1683,0,1777,1530,142
7985,80254745,7.3629474,1990,1683,0,1773,1527,142
7986,80264745,7.3752384,1988,1683,0,1774,1526,142
7987,80274745,7.3757436,1987,1685,0,1775,1527,142
7988,80284745,7.3889656,1990,1689,0,1777,1524,142
7989,80294745,7.4035496,1989,1684,0,1776,1531,142
7990,80304745,7.404962,1986,1685,0,1773,1530,142
7991,80314745,7.4194202,1993,1693,0,1771,1524,142
7992,80324745,7.4341163,1989,1685,0,1773,1526,142
7993,80334745,7.4349088,1995,1682,0,1783,1522,142
7994,80344745,7.4654112,1996,1684,0,1778,1522,142
7995,80354745,7.4661309,1989,1680,0,1773,1521,142
7996,80364745,7.4667938,1994,1682,0,1777,1529,142
7997,80374745,7.5688509,1997,1691,0,1780,1524,142
7998,80384745,7.5696689,1990,1689,0,1770,1522,142
7999,80394745,7.5703637,1989,1690,0,1775,1527,142
8000,80404748,7.5711045,1991,1694,0,1777,1529,142
8001,80414750,7.5718194,1991,1687,0,1775,1522,142
8002,80424745,7.5724863,1984,1689,0,1775,1523,142
8003,80434745,7.5730004,1984,1693,0,1782,1531,142
8004,80444746,7.573598,1991,1690,0,1773,1531,142
8005,80454745,7.574095,1993,1687,0,1773,1531,142
8006,80464745,7.5751809,1989,1687,0,1777,1527,142
8007,80474745,7.576681,1988,1685,0,1777,1530,142
8008,80484745,7.5911194,1989,1685,0,1776,1527,142
8009,80494745,7.592007,1990,1685,0,1773,1531,142
8010,80504745,7.6074278,1988,1690,0,1777,1526,142
8011,80514745,7.6112178,1991,1690,0,1775,1527,142
8012,80524745,7.6239005,1985,1682,0,1780,1527,142
8013,80534745,7.6392051,1989,1691,0,1780,1528,142
8014,80544745,7.6537682,1990,1689,0,1778,1525,142
8015,80554745,7.6544517,1993,1687,0,1777,1530,142
8016,80564745,7.7765013,1993,1687,0,1773,1525,142
8017,80574745,7.7775467,1990,1683,0,1776,1525,142
8018,80584745,7.7783613,1987,1687,0,1775,1527,142
8019,80594745,7.7792279,1995,1685,0,1779,1527,142
8020,80604745,7.7801131,1987,1683,0,1779,1526,142
8021,80614745,7.7807975,1993,1682,0,1779,1534,142
8022,80624745,7.7812403,1991,1693,0,1777,1527,142
8023,80634745,7.781673,1989,1686,0,1773,1530,142
8024,80644745,7.782097,1988,1686,0,1776,1529,142
8025,80654745,7.7825527,1989,1685,0,1777,1526,142
8026,80664745,7.782989,1998,1686,0,1775,1525,142
8027,80674745,7.7838396,1991,1680,0,1779,1530,142
8028,80684745,7.7845316,1990,1687,0,1772,1527,142
8029,80694745,7.7960533,1991,1682,0,1775,1523,142
8030,80704745,7.8115843,1993,1682,0,1775,1531,142
8031,80714745,7.8127459,1987,1685,0,1773,1526,142
8032,80724745,7.827702,1989,1682,0,1775,1530,142
8033,80734745,7.8452346,1988,1684,0,1776,1524,142
8034,80744745,7.8464761,1990,1690,0,1773,1530,142
8035,80754745,7.8581615,1995,1685,0,1772,1530,142
8036,80764745,7.8739353,1994,1687,0,1775,1527,142
8037,80774745,7.8748451,1985,1683,0,1776,1528,142
8038,80784745,7.9938647,1991,1683,0,1776,1533,142
8039,80794745,7.9947845,1995,1680,0,1777,1524,142
8040,80804745,7.9955086,1995,1691,0,1777,1526,142
8041,80814745,7.9961955,1995,1681,0,1780,1524,142
8042,80824745,7.9967764,1990,1687,0,1775,1525,142
8043,80834745,7.9974123,1990,1680,0,1777,1531,142
8044,80844745,7.9982739,1990,1683,0,1773,1529,142
8045,80854745,7.9989234,1985,1690,0,1775,1525,142
8046,80864745,7.9995045,1992,1691,0,1776,1530,142
8047,80874745,8.0001344,1994,1684,0,1777,1527,142
8048,80884745,8.0008422,1990,1682,0,1773,1525,142
8049,80894745,8.0017468,1991,1685,0,1777,1522,142
8050,80904745,8.0141672,1990,1687,0,1777,1525,142
8051,80914745,8.0149661,1989,1690,0,1777,1526,142
8052,80924745,8.0303229,1993,1689,0,1770,1527,142
8053,80934745,8.0309655,1990,1683,0,1775,1525,142
8054,80944745,8.0456175,1990,1690,0,1776,1531,142
8055,80954745,8.0613902,1990,1695,0,1781,1528,142
8056,80964745,8.0619199,1990,1691,0,1775,1527,142
8057,80974745,8.0773113,1987,1684,0,1775,1525,142
8058,80984745,8.0925483,1993,1686,0,1777,1526,142
8059,80994745,8.0933966,1987,1685,0,1776,1526,142
8060,81004745,8.2027163,1987,1685,0,1777,1524,142
8061,81014745,8.2035934,1986,1682,0,1774,1524,142
8062,81024745,8.2042808,1987,1690,0,1776,1527,142
8063,81034745,8.2048687,1991,1691,0,1777,1524,142
8064,81044745,8.2054288,1990,1680,0,1777,1532,142
8065,81054745,8.2059517,1989,1687,0,1777,1524,142
8066,81064745,8.2064511,1990,1687,0,1773,1526,142
8067,81074745,8.2069566,1993,1685,0,1780,1526,142
8068,81084745,8.2077837,1989,1686,0,1784,1530,142
8069,81094745,8.2086438,1987,1685,0,1775,1524,142
8070,81104745,8.2094749,1989,1687,0,1777,1524,142
8071,81114745,8.2172326,1985,1682,0,1773,1528,142
8072,81124745,8.2321221,1988,1690,0,1778,1525,142
8073,81134745,8.2328509,1989,1690,0,1776,1527,142
8074,81144745,8.247808,1990,1689,0,1776,1529,142
8075,81154745,8.2629005,1986,1693,0,1779,1533,142
8076,81164745,8.279287,1986,1693,0,1773,1529,142
8077,81174745,8.2804543,1989,1687,0,1777,1532,142
8078,81184745,8.2947046,1994,1691,0,1776,1532,142
8079,81194745,8.2952768,1995,1687,0,1775,1526,142
8080,81204745,8.3991791,1989,1695,0,1774,1527,142
8081,81214745,8.400048,1998,1687,0,1782,1529,142
8082,81224745,8.4008899,1991,1682,0,1782,1525,142
8083,81234745,8.4014877,1991,1691,0,1777,1516,142
8084,81244745,8.402103,1993,1685,0,1777,1528,142
8085,81254745,8.4030541,1991,1687,0,1775,1527,142
8086,81264745,8.4036003,1991,1686,0,1778,1521,142
8087,81274745,8.4041785,1994,1685,0,1783,1532,142
8088,81284745,8.4049924,1988,1683,0,1777,1522,142
8089,81294745,8.4060699,1993,1686,0,1775,1531,142
8090,81304745,8.4066622,1998,1686,0,1775,1525,142
8091,81314745,8.4190751,1991,1687,0,1771,1523,142
8092,81324745,8.4358351,1991,1684,0,1773,1527,142
8093,81334745,8.4370657,1989,1693,0,1776,1531,142
8094,81344745,8.4509128,1991,1686,0,1782,1526,142
8095,81354745,8.451749,1994,1686,0,1773,1524,142
8096,81364745,8.4824533,1991,1691,0,1773,1530,142
8097,81374745,8.4835651,1986,1686,0,1781,1525,142
8098,81384745,8.4846493,1990,1694,0,1782,1530,142
8099,81394745,8.6211332,1994,1686,0,1777,1525,142
8100,81404745,8.6227308,1988,1688,0,1773,1527,142
8101,81414745,8.6240935,1987,1685,0,1775,1530,142
8102,81424745,8.6248487,1985,1691,0,1775,1528,142
8103,81434745,8.6257238,1995,1685,0,1780,1526,142
8104,81444745,8.6266165,1985,1687,0,1777,1524,142
8105,81454745,8.6275499,1997,1689,0,1778,1534,142
8106,81464745,8.6284189,1990,1685,0,1779,1529,142
8107,81474745,8.6294606,1995,1682,0,1779,1530,142
8108,81484745,8.630477,1989,1686,0,1773,1523,142
8109,81494745,8.6314841,1990,1685,0,1776,1524,142
8110,81504745,8.632492,1990,1683,0,1779,1524,142
8111,81514745,8.6351748,1994,1686,0,1773,1526,142
8112,81524745,8.6386245,1988,1686,0,1777,1527,142
8113,81534745,8.6402018,1989,1684,0,1777,1527,142
8114,81544745,8.6534294,1994,1685,0,1773,1522,142
8115,81554745,8.6544597,1991,1684,0,1776,1527,142
8116,81564745,8.6693652,1990,1689,0,1777,1526,142
8117,81574745,8.685245,1989,1686,0,1778,1524,142
8118,81584745,8.6861248,1982,1689,0,1782,1524,142
8119,81594745,8.6995001,1994,1686,0,1773,1527,142
8120,81604745,8.7001932,1995,1689,0,1775,1525,142
8121,81614745,8.8148301,1989,1687,0,1777,1525,142
8122,81624745,8.8168582,1993,1693,0,1775,1525,142
8123,81634745,8.8176548,1991,1681,0,1777,1526,142
8124,81644745,8.8185029,1989,1690,0,1776,1530,142
8125,81654745,8.8191282,1990,1689,0,1773,1530,142
8126,81664745,8.8197989,1987,1691,0,1773,1526,142
8127,81674745,8.8205853,1993,1690,0,1773,1526,142
8128,81684745,8.8213004,1988,1687,0,1777,1526,142
8129,81694745,8.8224541,1989,1687,0,1776,1526,142
8130,81704745,8.823723,1990,1691,0,1777,1530,142
8131,81714745,8.8254253,1990,1687,0,1780,1528,142
8132,81724746,8.8263779,1990,1685,0,1776,1526,142
8133,81734745,8.8420069,1992,1680,0,1775,1524,142
8134,81744745,8.8429872,1987,1683,0,1779,1529,142
8135,81754745,8.8551674,1993,1687,0,1777,1531,142
8136,81764745,8.8725406,1987,1684,0,1780,1527,142
8137,81774745,8.8858485,1993,1682,0,1780,1525,142
8138,81784745,8.8866964,1989,1687,0,1780,1532,142
8139,81794745,8.9022462,1989,1683,0,1776,1526,142
8140,81804745,8.9036257,1991,1689,0,1777,1534,142
8141,81814745,9.0198595,1994,1686,0,1775,1526,142
8142,81824745,9.0208136,1993,1684,0,1778,1522,142
8143,81834745,9.0217523,1989,1686,0,1777,1524,142
8144,81844745,9.0226191,1990,1691,0,1773,1524,142
8145,81854745,9.023382,1994,1680,0,1771,1529,142
8146,81864745,9.0243062,1991,1691,0,1771,1524,142
8147,81874745,9.02567,1991,1689,0,1777,1530,142
8148,81884745,9.0264269,1987,1681,0,1773,1523,142
8149,81894745,9.0276588,1990,1690,0,1775,1525,142
8150,81904745,9.0285104,1990,1690,0,1777,1522,142
8151,81914745,9.0297945,1992,1686,0,1769,1534,142
8152,81924745,9.0306369,1995,1689,0,1773,1524,142
8153,81934745,9.0422124,1989,1682,0,1782,1527,142
8154,81944746,9.0431219,1995,1689,0,1774,1527,142
8155,81954745,9.0587089,1994,1687,0,1776,1523,142
8156,81964745,9.0732507,1993,1689,0,1776,1526,142
8157,81974745,9.0751249,1991,1691,0,1777,1529,142
8158,81984745,9.0896094,1990,1684,0,1773,1524,142
8159,81994745,9.1043565,1993,1680,0,1775,1529,142
8160,82004745,9.1053583,1991,1686,0,1773,1525,142
8161,82014745,9.2394768,1990,1683,0,1774,1524,142
8162,82024745,9.2403291,1989,1687,0,1777,1524,142
8163,82034745,9.2411927,1990,1687,0,1773,1524,142
8164,82044745,9.2418879,1989,1687,0,1776,1530,142
8165,82054745,9.2428154,1987,1689,0,1771,1526,142
8166,82064745,9.2435077,1991,1686,0,1775,1529,142
8167,82074745,9.244142,1987,1683,0,1776,1521,142
8168,82084745,9.2449673,1991,1683,0,1777,1530,142
8169,82094745,9.2456794,1989,1685,0,1777,1525,142
8170,82104745,9.2464034,1987,1686,0,1778,1527,142
8171,82114745,9.2470698,1987,1690,0,1774,1523,142
8172,82124745,9.2477337,1986,1683,0,1773,1532,142
8173,82134745,9.2488785,1989,1687,0,1777,1527,142
8174,82144746,9.2497619,1987,1685,0,1773,1532,142
8175,82154745,9.2598377,1988,1687,0,1780,1529,142
8176,82164745,9.2749797,1999,1690,0,1775,1523,142
8177,82174745,9.2763364,1989,1687,0,1773,1526,142
8178,82184745,9.290929,1986,1685,0,1775,1525,142
8179,82194745,9.3061253,1989,1685,0,1778,1521,142
8180,82204745,9.3071731,1987,1694,0,1777,1526,142
8181,82214745,9.415391,1988,1690,0,1777,1527,142
8182,82224745,9.4165066,1991,1683,0,1776,1530,142
8183,82234745,9.4175939,1994,1683,0,1778,1522,142
8184,82244745,9.4190968,1995,1690,0,1774,1525,142
8185,82254745,9.4198219,1998,1686,0,1779,1529,142
8186,82264745,9.420253,1989,1686,0,1773,1522,142
8187,82274745,9.4206676,1994,1687,0,1777,1525,142
8188,82284745,9.421148,1990,1689,0,1777,1535,142
8189,82294745,9.4217248,1995,1685,0,1773,1530,142
8190,82304745,9.4222023,1990,1687,0,1776,1526,142
8191,82314745,9.4227512,1989,1690,0,1776,1530,142
8192,82324745,9.4339941,1995,1687,0,1774,1527,142
8193,82334745,9.4468423,1997,1680,0,1776,1527,142
8194,82344745,9.4476413,1993,1685,0,1777,1524,142
8195,82354745,9.4627538,1990,1681,0,1775,1526,142
8196,82364745,9.4633871,1991,1690,0,1780,1525,142
8197,82374745,9.4790197,1987,1695,0,1776,1533,142
8198,82384745,9.4934882,1991,1687,0,1775,1529,142
8199,82394745,9.4940253,1989,1691,0,1777,1532,142
8200,82404745,9.5095164,1990,1684,0,1774,1526,142
8201,82414745,9.6089705,1994,1686,0,1780,1532,142
8202,82424746,9.6097345,1991,1684,0,1776,1525,142
8203,82434745,9.610423,1994,1691,0,1773,1527,142
8204,82444745,9.610987,1995,1687,0,1779,1526,142
8205,82454745,9.6113884,1994,1690,0,1776,1529,142
8206,82464745,9.6117778,1994,1685,0,1777,1526,142
8207,82474745,9.6123564,1997,1687,0,1778,1525,142
8208,82484745,9.6129084,1991,1694,0,1782,1523,142
8209,82494745,9.6133425,1995,1684,0,1776,1525,142
8210,82504746,9.6137285,1990,1690,0,1775,1527,142
8211,82514745,9.6195281,1996,1686,0,1777,1529,142
8212,82524745,9.6344483,1989,1685,0,1773,1525,142
8213,82534745,9.6350606,1991,1690,0,1777,1525,142
8214,82544745,9.6531159,1994,1670,0,1773,1527,142
8215,82554745,9.6536718,1991,1693,0,1776,1526,142
8216,82564745,9.6656702,1991,1686,0,1776,1526,142
8217,82574745,9.6814738,1985,1687,0,1776,1527,142
8218,82584745,9.6821238,1995,1685,0,1777,1524,142
8219,82594745,9.6975017,1991,1686,0,1780,1525,142
8220,82604745,9.7134018,1997,1691,0,1780,1530,142
8221,82614745,9.7141915,1990,1689,0,1779,1525,142
8222,82624745,9.8127283,1990,1694,0,1775,1524,142
8223,82634745,9.8133611,1987,1682,0,1777,1525,142
8224,82644745,9.8138324,1987,1691,0,1777,1531,142
8225,82654745,9.8142559,1993,1687,0,1775,1522,142
8226,82664745,9.8146733,1993,1693,0,1777,1530,142
8227,82674745,9.8150528,1993,1686,0,1774,1526,142
8228,82684745,9.8154347,1988,1680,0,1775,1526,142
8229,82694745,9.815895,1987,1694,0,1775,1527,142
8230,82704746,9.8164905,1986,1685,0,1771,1524,142
8231,82714745,9.8260448,1991,1683,0,1776,1527,142
8232,82724745,9.8268101,1989,1685,0,1773,1524,142
8233,82734745,9.8397658,1995,1691,0,1779,1526,142
8234,82744745,9.853852,1991,1680,0,1779,1527,142
8235,82754745,9.8546458,1991,1689,0,1780,1524,142
8236,82764745,9.8857443,1991,1685,0,1775,1525,142
8237,82774745,9.8871973,1991,1695,0,1779,1522,142
8238,82784745,9.8882215,1987,1685,0,1775,1530,142
8239,82794745,9.9012414,1995,1692,0,1776,1530,142
8240,82804745,9.9155902,1990,1682,0,1780,1529,142
8241,82814745,9.9161072,1986,1686,0,1777,1525,142
8242,82824745,10.0258498,1987,1687,0,1774,1530,142
8243,82834745,10.0267463,2010,1692,0,1778,1532,142
8244,82844745,10.0271997,1996,1686,0,1778,1530,142
8245,82854745,10.0275938,1994,1683,0,1775,1527,142
8246,82864745,10.0279716,1989,1689,0,1779,1530,142
8247,82874745,10.0283494,1988,1692,0,1776,1530,142
8248,82884745,10.028772,1990,1685,0,1775,1530,142
8249,82894745,10.0292924,1993,1687,0,1775,1530,142
8250,82904745,10.030003,1984,1686,0,1773,1526,142
8251,82914745,10.0304824,1991,1682,0,1776,1525,142
8252,82924745,10.0309553,1989,1691,0,1773,1529,142
8253,82934745,10.0418705,1989,1685,0,1777,1527,142
8254,82944745,10.0428223,1990,1681,0,1779,1529,142
8255,82954745,10.0576781,1990,1685,0,1774,1530,142
8256,82964745,10.0725216,1991,1690,0,1775,1530,142
8257,82974745,10.0736367,1987,1685,0,1777,1526,142
8258,82984745,10.0898206,1986,1683,0,1775,1529,142
8259,82994745,10.1043037,1999,1685,0,1779,1533,142
8260,83004745,10.1051027,1985,1691,0,1776,1522,142
8261,83014745,10.1180842,1991,1687,0,1776,1534,142
8262,83024745,10.1337495,1988,1682,0,1776,1532,142
8263,83034745,10.1343859,1991,1685,0,1771,1526,142
8264,83044745,10.2492621,1997,1686,0,1774,1525,142
8265,83054745,10.2499994,1991,1688,0,1777,1526,142
8266,83064745,10.2506617,1991,1693,0,1780,1526,142
8267,83074745,10.2511191,1987,1691,0,1779,1530,142
8268,83084745,10.2514976,1987,1685,0,1774,1532,142
8269,83094745,10.2518722,1991,1689,0,1779,1525,142
8270,83104745,10.2522824,1990,1683,0,1782,1523,142
8271,83114745,10.2528186,1993,1686,0,1772,1524,142
8272,83124745,10.2534034,1994,1687,0,1777,1526,142
8273,83134745,10.2540855,1995,1693,0,1779,1524,142
8274,83144745,10.2546929,1990,1689,0,1777,1523,142
8275,83154745,10.2613441,1993,1683,0,1779,1530,142
8276,83164745,10.2781181,1990,1681,0,1756,1529,142
8277,83174746,10.2789164,1993,1691,0,1774,1531,142
8278,83184745,10.2937758,1989,1683,0,1775,1524,142
8279,83194745,10.2944691,1993,1691,0,1775,1524,142
8280,83204745,10.3077873,1991,1683,0,1777,1526,142
8281,83214745,10.3227937,1991,1690,0,1778,1527,142
8282,83224745,10.3237206,1995,1685,0,1788,1524,142
8283,83234745,10.3388841,1989,1683,0,1773,1532,142
8284,83244745,10.3530461,1987,1685,0,1773,1530,142
8285,83254745,10.3536846,1994,1691,0,1777,1533,142
8286,83264745,10.4568776,1988,1685,0,1772,1526,142
8287,83274745,10.4578057,1990,1690,0,1774,1531,142
8288,83284745,10.4585394,1989,1687,0,1775,1525,142
8289,83294745,10.4592253,1993,1683,0,1778,1523,142
8290,83304745,10.4597006,1995,1690,0,1778,1524,142
8291,83314745,10.460084,1991,1691,0,1775,1525,142
8292,83324745,10.460453,1987,1693,0,1775,1524,142
8293,83334745,10.4610302,1993,1686,0,1775,1523,142
8294,83344745,10.4615982,1989,1691,0,1774,1521,142
8295,83354745,10.4622648,1991,1690,0,1777,1530,142
8296,83364745,10.462667,1989,1687,0,1776,1524,142
8297,83374745,10.4783504,1989,1687,0,1776,1524,142
8298,83384745,10.4935721,1991,1693,0,1778,1529,142
8299,83394745,10.4948226,1991,1684,0,1778,1523,142
8300,83404745,10.512709,1989,1685,0,1773,1527,142
8301,83414745,10.5135644,1991,1693,0,1777,1523,142
8302,83424745,10.5279355,1993,1682,0,1773,1530,142
8303,83434745,10.5408537,1988,1684,0,1779,1524,142
8304,83444745,10.5420969,1990,1694,0,1777,1530,142
8305,83454745,10.5563112,1991,1694,0,1777,1533,142
8306,83464745,10.6715482,1989,1696,0,1776,1526,142
8307,83474745,10.6728679,1986,1685,0,1776,1524,142
8308,83484745,10.6739937,1993,1683,0,1782,1526,142
8309,83494745,10.6746461,1987,1684,0,1774,1525,142
8310,83504745,10.6752377,1991,1685,0,1773,1525,142
8311,83514745,10.675813,1990,1685,0,1781,1530,142
8312,83524745,10.6764472,1989,1687,0,1782,1530,142
8313,83534745,10.6775094,1991,1687,0,1776,1530,142
8314,83544745,10.6783528,1991,1683,0,1772,1523,142
8315,83554745,10.6791062,1994,1694,0,1776,1526,142
8316,83564745,10.6799442,1992,1682,0,1773,1527,142
8317,83574745,10.6809191,1987,1686,0,1774,1525,142
8318,83584745,10.6818815,1986,1689,0,1777,1525,142
8319,83594745,10.6971887,1989,1691,0,1773,1525,142
8320,83604745,10.7147582,1993,1689,0,1775,1530,142
8321,83614745,10.7155348,1987,1690,0,1774,1525,142
8322,83624745,10.7315546,1989,1687,0,1776,1533,142
8323,83634745,10.7322416,1991,1690,0,1771,1530,142
8324,83644745,10.7404723,1989,1694,0,1777,1525,142
8325,83654745,10.7595641,1990,1693,0,1779,1528,142
8326,83664745,10.7748433,1991,1682,0,1777,1525,142
8327,83674745,10.7765854,1993,1681,0,1776,1524,142
8328,83684745,10.88669,1993,1684,0,1776,1530,142
8329,83694745,10.8878082,1990,1686,0,1776,1523,142
8330,83704745,10.8889637,1989,1681,0,1777,1530,142
8331,83714745,10.8898201,1990,1682,0,1778,1526,142
8332,83724745,10.8906991,1995,1686,0,1777,1530,142
8333,83734745,10.8912434,1994,1685,0,1777,1529,142
8334,83744745,10.8917328,1989,1683,0,1774,1525,142
8335,83754745,10.8922833,1991,1683,0,1773,1524,142
8336,83764745,10.8927255,2000,1693,0,1777,1526,142
8337,83774745,10.8931986,1989,1683,0,1771,1534,142
8338,83784745,10.893802,1987,1681,0,1775,1530,142
8339,83794745,10.8983915,1993,1690,0,1775,1521,142
8340,83804745,10.913462,1989,1686,0,1781,1527,142
8341,83814746,10.9140749,1989,1688,0,1780,1530,142
8342,83824745,10.9298497,1991,1691,0,1776,1532,142
8343,83834745,10.9446912,1990,1687,0,1776,1526,142
8344,83844745,10.9457545,1991,1689,0,1779,1526,142
8345,83854745,10.9608141,1995,1681,0,1771,1530,142
8346,83864745,10.9616901,1991,1685,0,1773,1527,142
8347,83874745,10.9760068,1991,1685,0,1776,1526,142
8348,83884745,10.9915993,1990,1681,0,1774,1524,142
8349,83894745,10.9922871,1991,1686,0,1775,1530,142
8350,83904745,11.1568854,1990,1687,0,1777,1521,142
8351,83914745,11.1576334,1987,1684,0,1773,1524,142
8352,83924745,11.1584403,1991,1685,0,1773,1530,142
8353,83934745,11.1591356,1984,1683,0,1775,1526,142
8354,83944745,11.1597089,1995,1683,0,1776,1530,142
8355,83954745,11.1603016,1991,1683,0,1775,1525,142
8356,83964745,11.1611498,1989,1687,0,1776,1527,142
8357,83974747,11.1619123,1992,1689,0,1777,1525,142
8358,83984745,11.1628845,1989,1690,0,1777,1525,142
8359,83994745,11.1643606,1993,1689,0,1775,1527,142
8360,84004745,11.1676456,1985,1689,0,1774,1529,142
8361,84014745,11.1699601,1987,1681,0,1774,1525,142
8362,84024745,11.1732058,1991,1687,0,1781,1525,142
8363,84034745,11.1754846,1993,1683,0,1779,1525,142
8364,84044745,11.1774284,1987,1690,0,1772,1528,142
8365,84054745,11.1797498,1989,1683,0,1780,1525,142
8366,84064745,11.1811653,1991,1687,0,1776,1527,142
8367,84074745,11.1826986,1990,1685,0,1773,1525,142
8368,84084745,11.19428,1989,1691,0,1776,1524,142
8369,84094745,11.1955843,1989,1683,0,1770,1529,142
8370,84104745,11.3305959,1989,1682,0,1775,1529,142
8371,84114745,11.3316915,1989,1683,0,1774,1524,142
8372,84124745,11.3324225,1995,1683,0,1772,1526,142
8373,84134745,11.3333423,1994,1690,0,1779,1530,142
8374,84144745,11.3340436,1994,1691,0,1773,1522,142
8375,84154745,11.3346983,1991,1692,0,1776,1530,142
8376,84164746,11.3353942,1984,1685,0,1773,1525,142
8377,84174745,11.3360322,1988,1690,0,1779,1529,142
8378,84184745,11.3366366,1995,1691,0,1776,1525,142
8379,84194745,11.337231,1990,1688,0,1777,1521,142
8380,84204745,11.3380618,1993,1686,0,1777,1534,142
8381,84214745,11.3388798,1990,1680,0,1774,1523,142
8382,84224745,11.3401212,1989,1683,0,1779,1527,142
8383,84234745,11.3408422,1995,1687,0,1774,1530,142
8384,84244745,11.3536682,1987,1683,0,1775,1534,142
8385,84254745,11.3556601,1995,1687,0,1773,1532,142
8386,84264745,11.3661608,1994,1690,0,1777,1523,142
8387,84274745,11.3818152,1989,1681,0,1777,1529,142
8388,84284745,11.3826361,1987,1685,0,1775,1524,142
8389,84294745,11.3961413,1987,1687,0,1776,1530,142
8390,84304745,11.5021851,1991,1695,0,1777,1533,142
8391,84314745,11.5029579,1986,1689,0,1779,1530,142
8392,84324745,11.5039909,1986,1683,0,1780,1530,142
8393,84334745,11.5046523,1989,1692,0,1777,1530,142
8394,84344745,11.505325,1994,1687,0,1779,1526,142
8395,84354745,11.5058236,1991,1683,0,1777,1527,142
8396,84364745,11.506353,1987,1684,0,1780,1531,142
8397,84374745,11.5069261,1995,1680,0,1775,1527,142
8398,84384745,11.5077022,1985,1687,0,1779,1526,142
8399,84394745,11.5089733,1988,1690,0,1778,1530,142
8400,84404745,11.5095576,1989,1689,0,1777,1524,142
8401,84414745,11.520518,1990,1687,0,1776,1525,142
8402,84424745,11.5215635,1987,1681,0,1782,1522,142
8403,84434745,11.5374124,1987,1686,0,1781,1530,142
8404,84444745,11.5515901,1993,1690,0,1776,1534,142
8405,84454745,11.5520987,1993,1694,0,1772,1524,142
8406,84464745,11.5677768,1989,1691,0,1774,1530,142
8407,84474745,11.5838289,1990,1692,0,1773,1522,142
8408,84484745,11.5845393,1991,1680,0,1776,1527,142
8409,84494745,11.5997066,1990,1690,0,1773,1530,142
8410,84504745,11.6002199,1995,1691,0,1775,1527,142
8411,84514745,11.7108149,1990,1683,0,1775,1530,142
8412,84524746,11.7118217,1988,1684,0,1774,1524,142
8413,84534755,11.7124832,1989,1683,0,1775,1534,142
8414,84544745,11.7129083,1987,1687,0,1775,1525,142
8415,84554745,11.7133088,1990,1689,0,1777,1527,142
8416,84564745,11.7137943,1991,1684,0,1777,1524,142
8417,84574745,11.7143227,1993,1686,0,1773,1530,142
8418,84584745,11.7148573,1991,1683,0,1775,1527,142
8419,84594745,11.7153013,1989,1683,0,1777,1530,142
8420,84604745,11.7157232,1991,1683,0,1775,1525,142
8421,84614745,11.7235151,1988,1684,0,1773,1527,142
8422,84624745,11.7242911,1989,1681,0,1778,1525,142
8423,84634745,11.7396816,1987,1680,0,1777,1524,142
8424,84644745,11.7550875,1992,1695,0,1773,1525,142
8425,84654746,11.7562303,1991,1691,0,1773,1525,142
8426,84664745,11.7705564,1985,1685,0,1773,1526,142
8427,84674745,11.7856462,1987,1685,0,1778,1530,142
8428,84684745,11.7864924,1987,1686,0,1780,1527,142
8429,84694745,11.8017754,1984,1685,0,1778,1521,142
8430,84704745,11.8165322,1990,1685,0,1779,1525,142
8431,84714745,11.8173155,1986,1681,0,1775,1532,142
8432,84724745,11.9262533,1994,1681,0,1776,1530,142
8433,84734745,11.9271087,1990,1687,0,1778,1527,142
8434,84744745,11.9277936,1993,1690,0,1775,1529,142
8435,84754745,11.9284502,1991,1683,0,1771,1530,142
8436,84764745,11.9289851,1989,1687,0,1779,1532,142
8437,84774745,11.9295364,1986,1685,0,1773,1523,142
8438,84784745,11.930103,1988,1694,0,1777,1527,142
8439,84794745,11.9307511,1996,1682,0,1776,1526,142
8440,84804745,11.9313334,1990,1690,0,1777,1529,142
8441,84814745,11.9319269,1994,1686,0,1775,1525,142
8442,84824745,11.9325535,1989,1687,0,1773,1524,142
8443,84834745,11.9416074,1987,1690,0,1775,1524,142
8444,84844745,11.9428773,1991,1680,0,1774,1529,142
8445,84854745,11.9569133,1989,1698,0,1772,1524,142
8446,84864745,11.975276,1995,1685,0,1772,1532,142
8447,84874745,11.9759943,1988,1686,0,1776,1525,142
8448,84884745,11.9873612,1987,1687,0,1777,1530,142
8449,84894745,12.0028463,1990,1690,0,1777,1529,142
8450,84904745,12.0033244,1990,1683,0,1776,1522,142
8451,84914745,12.0185731,1994,1691,0,1780,1527,142
8452,84924745,12.0332992,1991,1683,0,1775,1525,142
8453,84934745,12.1376616,1988,1690,0,1779,1530,142
8454,84944745,12.1388578,1992,1684,0,1777,1529,142
8455,84954745,12.1398268,1993,1691,0,1780,1532,142
8456,84964745,12.1405923,1989,1685,0,1773,1527,142
8457,84974745,12.1411519,1991,1691,0,1776,1534,142
8458,84984745,12.1415613,1990,1685,0,1777,1525,142
8459,84994745,12.1421636,1989,1685,0,1776,1525,142
8460,85004745,12.1426791,1997,1680,0,1774,1531,142
8461,85014745,12.1430923,1991,1689,0,1775,1522,142
8462,85024746,12.1434717,1985,1691,0,1773,1532,142
8463,85034745,12.1441766,1993,1691,0,1775,1532,142
8464,85044745,12.1446203,1986,1684,0,1777,1525,142
8465,85054745,12.1589,1989,1692,0,1776,1522,142
8466,85064745,12.1745612,1993,1686,0,1775,1527,142
8467,85074745,12.1907356,1990,1687,0,1776,1525,142
8468,85084745,12.1916309,1990,1682,0,1773,1521,142
8469,85094745,12.2058712,1991,1695,0,1777,1532,142
8470,85104745,12.2068276,1988,1690,0,1775,1532,142
8471,85114745,12.2213856,1989,1695,0,1777,1527,142
8472,85124745,12.2220444,1985,1687,0,1770,1529,142
8473,85134745,12.2368096,1987,1687,0,1775,1532,142
8474,85144745,12.3567715,1984,1680,0,1775,1525,142
8475,85154745,12.3579109,1995,1687,0,1782,1526,142
8476,85164745,12.3591641,1994,1687,0,1773,1525,142
8477,85174745,12.360505,1989,1691,0,1775,1527,142
8478,85184745,12.3619167,1987,1691,0,1773,1530,142
8479,85194745,12.362994,1991,1690,0,1775,1527,142
8480,85204745,12.3640015,1990,1683,0,1780,1526,142
8481,85214745,12.3650228,1987,1691,0,1778,1530,142
8482,85224745,12.3660352,1989,1687,0,1773,1524,142
8483,85234745,12.3671523,1987,1691,0,1780,1526,142
8484,85244745,12.3683757,1989,1684,0,1776,1530,142
8485,85254745,12.3695985,1990,1682,0,1780,1532,142
8486,85264745,12.3702595,1987,1692,0,1777,1532,142
8487,85274745,12.3784785,1994,1697,0,1780,1530,142
8488,85284745,12.3959014,1990,1685,0,1773,1521,142
8489,85294745,12.396666,1995,1694,0,1781,1532,142
8490,85304745,12.4083393,1990,1680,0,1773,1524,142
8491,85314745,12.4242277,1990,1687,0,1780,1525,142
8492,85324745,12.425109,1989,1683,0,1780,1524,142
8493,85334745,12.4415885,1991,1686,0,1773,1524,142
8494,85344745,12.4422094,1987,1696,0,1777,1527,142
8495,85354745,12.5440946,1990,1682,0,1776,1527,142
8496,85364745,12.5452392,1994,1684,0,1780,1526,142
8497,85374745,12.5459117,1994,1691,0,1773,1525,142
8498,85384745,12.5465196,1993,1685,0,1775,1527,142
8499,85394745,12.5471094,1993,1690,0,1776,1532,142
8500,85404748,12.547644,1991,1689,0,1776,1530,142
8501,85414750,12.5481311,1996,1683,0,1777,1527,142
8502,85424745,12.5486442,1989,1686,0,1777,1525,142
8503,85434745,12.549204,1985,1680,0,1776,1529,142
8504,85444745,12.5527284,1994,1696,0,1780,1530,142
8505,85454745,12.5532817,1992,1685,0,1776,1525,142
8506,85464745,12.5677316,1999,1690,0,1777,1525,142
8507,85474745,12.5832246,1987,1680,0,1772,1521,142
8508,85484745,12.5840028,1991,1690,0,1779,1530,142
8509,85494745,12.6008713,1997,1686,0,1777,1524,142
8510,85504745,12.6141052,1991,1687,0,1772,1529,142
8511,85514745,12.6150994,1986,1691,0,1773,1529,142
8512,85524745,12.6300788,1990,1687,0,1774,1525,142
8513,85534745,12.6452622,1989,1696,0,1775,1530,142
8514,85544745,12.6459618,1993,1691,0,1777,1524,142
8515,85554745,12.7481554,1987,1687,0,1776,1526,142
8516,85564745,12.7488902,1990,1686,0,1776,1521,142
8517,85574745,12.7499036,1991,1680,0,1781,1524,142
8518,85584746,12.7512411,1991,1680,0,1776,1521,142
8519,85594745,12.7522261,1985,1681,0,1773,1530,142
8520,85604745,12.7527903,1991,1687,0,1772,1524,142
8521,85614745,12.7537407,1991,1687,0,1779,1528,142
8522,85624745,12.7545869,1998,1685,0,1780,1525,142
8523,85634745,12.7555607,1993,1689,0,1782,1525,142
8524,85644745,12.7568243,1992,1683,0,1777,1529,142
8525,85654745,12.757822,1993,1691,0,1777,1525,142
8526,85664745,12.7732983,1995,1694,0,1772,1524,142
8527,85674745,12.7740574,1998,1690,0,1775,1533,142
8528,85684745,12.7858748,1985,1691,0,1779,1527,142
8529,85694745,12.8020229,1988,1685,0,1778,1527,142
8530,85704745,12.8036325,1991,1686,0,1776,1524,142
8531,85714745,12.8169783,1987,1691,0,1777,1530,142
8532,85724745,12.8328421,1985,1686,0,1780,1530,142
8533,85734745,12.8333311,1989,1691,0,1776,1529,142
8534,85744745,12.8487629,1997,1686,0,1773,1532,142
8535,85754745,12.8628622,1992,1693,0,1780,1530,142
8536,85764745,12.8634483,1994,1690,0,1769,1525,142
8537,85774745,12.963833,1988,1685,0,1777,1524,142
8538,85784745,12.9648533,1991,1685,0,1776,1529,142
8539,85794745,12.9656311,1994,1687,0,1775,1530,142
8540,85804745,12.9660871,1989,1682,0,1772,1529,142
8541,85814745,12.9664738,1989,1680,0,1773,1529,142
8542,85824745,12.9668498,1990,1686,0,1780,1525,142
8543,85834749,12.9672536,1985,1690,0,1772,1531,142
8544,85844745,12.9677157,1993,1693,0,1771,1527,142
8545,85854745,12.9682811,1994,1685,0,1771,1525,142
8546,85864745,12.9735633,1994,1706,0,1773,1522,142
8547,85874745,12.9747078,1987,1689,0,1775,1529,142
8548,85884745,12.9904578,1987,1683,0,1775,1527,142
8549,85894745,12.9918635,1987,1683,0,1774,1524,142
8550,85904745,13.0056123,1985,1685,0,1773,1524,142
8551,85914745,13.021368,1993,1685,0,1777,1529,142
8552,85924745,13.0368794,1990,1689,0,1775,1536,142
8553,85934745,13.0377674,1991,1692,0,1777,1529,142
8554,85944745,13.0538502,1989,1684,0,1772,1526,142
8555,85954745,13.054652,1983,1685,0,1774,1525,142
8556,85964745,13.0684838,1989,1693,0,1778,1534,142
8557,85974745,13.0828992,1986,1684,0,1776,1530,142
8558,85984745,13.0834928,1995,1687,0,1771,1527,142
8559,85994745,13.1932602,1996,1686,0,1777,1523,142
8560,86004745,13.1944953,1991,1691,0,1775,1526,142
8561,86014745,13.1954302,1989,1683,0,1782,1526,142
8562,86024745,13.1958981,1994,1689,0,1773,1530,142
8563,86034745,13.1964131,1991,1687,0,1782,1533,142
8564,86044745,13.1969457,1990,1685,0,1776,1521,142
8565,86054745,13.1973801,1991,1687,0,1777,1527,142
8566,86064745,13.1977684,1985,1687,0,1775,1526,142
8567,86074745,13.1981835,1993,1687,0,1778,1526,142
8568,86084745,13.1986365,1994,1682,0,1772,1527,142
8569,86094745,13.1990564,1990,1686,0,1777,1529,142
8570,86104745,13.208898,1995,1684,0,1780,1525,142
8571,86114745,13.2253184,1988,1691,0,1773,1524,142
8572,86124745,13.2262184,1985,1680,0,1775,1521,142
8573,86134745,13.2400365,1997,1680,0,1777,1526,142
8574,86144745,13.2541907,1991,1690,0,1776,1529,142
8575,86154745,13.2554394,1991,1683,0,1780,1530,142
8576,86164745,13.2698573,1989,1691,0,1774,1526,142
8577,86174745,13.2705344,1987,1685,0,1776,1529,142
8578,86184745,13.2858453,1995,1681,0,1779,1521,142
8579,86194745,13.390927,1991,1691,0,1774,1530,142
8580,86204745,13.3919438,1988,1680,0,1777,1527,142
8581,86214745,13.3926717,1985,1691,0,1771,1525,142
8582,86224745,13.3933236,1991,1692,0,1775,1523,142
8583,86234745,13.3941066,1987,1687,0,1779,1525,142
8584,86244745,13.3949922,1994,1687,0,1775,1526,142
8585,86254745,13.3955015,1990,1684,0,1777,1531,142
8586,86264745,13.3959371,1986,1683,0,1773,1530,142
8587,86274745,13.3963706,1991,1689,0,1780,1523,142
8588,86284745,13.3970362,1991,1693,0,1776,1524,142
8589,86294745,13.397469,1989,1684,0,1775,1525,142
8590,86304745,13.4105625,1988,1684,0,1776,1529,142
8591,86314745,13.4114508,1986,1680,0,1773,1528,142
8592,86324745,13.4290554,1987,1683,0,1776,1520,142
8593,86334745,13.4415908,1989,1687,0,1775,1526,142
8594,86344745,13.457226,1994,1692,0,1777,1520,142
8595,86354745,13.4579759,1990,1686,0,1779,1523,142
8596,86364745,13.471963,1986,1687,0,1776,1527,142
8597,86374745,13.4725537,1991,1689,0,1773,1522,142
8598,86384745,13.4873942,1988,1689,0,1773,1534,142
8599,86394745,13.5026382,1984,1690,0,1773,1525,142
8600,86404745,13.5032983,1987,1683,0,1775,1543,142
8601,86414745,13.6043586,1989,1684,0,1774,1532,142
8602,86424745,13.6061261,1990,1682,0,1773,1530,142
8603,86434745,13.6070561,1990,1695,0,1776,1522,142
8604,86444745,13.6076761,1990,1687,0,1775,1530,142
8605,86454745,13.6080982,1987,1684,0,1771,1532,142
8606,86464745,13.6084742,1990,1687,0,1777,1525,142
8607,86474745,13.6088499,1985,1683,0,1786,1525,142
8608,86484745,13.6092239,1989,1693,0,1772,1527,142
8609,86494745,13.6096215,1988,1689,0,1775,1525,142
8610,86504745,13.6124978,1993,1683,0,1776,1525,142
8611,86514745,13.6130779,1989,1687,0,1772,1525,142
8612,86524745,13.629699,1989,1686,0,1775,1523,142
8613,86534745,13.6448089,1991,1689,0,1777,1522,142
8614,86544745,13.6454312,1990,1685,0,1777,1526,142
8615,86554745,13.660132,1987,1687,0,1778,1532,142
8616,86564745,13.6610332,1987,1697,0,1777,1530,142
8617,86574745,13.67654,1993,1687,0,1776,1525,142
8618,86584745,13.6911721,1988,1698,0,1779,1543,142
8619,86594745,13.7063635,1984,1684,0,1770,1521,142
8620,86604745,13.7069094,1987,1685,0,1775,1527,142
8621,86614745,13.8099522,1994,1690,0,1779,1525,142
8622,86624745,13.8109479,1991,1686,0,1781,1524,142
8623,86634745,13.8118001,1991,1689,0,1782,1529,142
8624,86644745,13.8123928,1988,1685,0,1775,1533,142
8625,86654745,13.8129484,1989,1691,0,1776,1526,142
8626,86664745,13.8134507,1985,1680,0,1775,1516,142
8627,86674745,13.813984,1995,1702,0,1780,1542,142
8628,86684745,13.8145037,1995,1678,0,1780,1522,142
8629,86694745,13.8150634,1990,1688,0,1776,1530,142
8630,86704745,13.8155824,1992,1683,0,1776,1525,142
8631,86714745,13.8171033,1990,1694,0,1774,1530,142
8632,86724745,13.8326101,1990,1694,0,1776,1525,142
8633,86734745,13.8333753,1982,1684,0,1770,1525,142
8634,86744745,13.8486057,1996,1682,0,1779,1521,142
8635,86754745,13.8629596,1991,1678,0,1772,1526,142
8636,86764745,13.8636616,1993,1687,0,1776,1523,142
8637,86774745,13.8792545,1995,1689,0,1779,1529,142
8638,86784745,13.8926875,1988,1687,0,1776,1521,142
8639,86794745,13.8933394,1989,1680,0,1774,1526,142
8640,86804745,13.9088291,1987,1682,0,1768,1521,142
8641,86814745,13.9228003,1986,1685,0,1776,1521,142
8642,86824745,13.9234805,1988,1688,0,1777,1525,142
8643,86834745,14.0353943,1991,1697,0,1779,1536,142
8644,86844745,14.0365163,1984,1680,0,1773,1523,142
8645,86854745,14.037504,1989,1680,0,1775,1523,142
8646,86864745,14.0385419,1986,1666,0,1771,1508,142
8647,86874745,14.0395934,1988,1691,0,1778,1526,142
8648,86884745,14.0406237,1991,1694,0,1773,1530,142
8649,86894745,14.0421344,1991,1688,0,1776,1526,142
8650,86904745,14.0431463,1994,1693,0,1776,1530,142
8651,86914745,14.0442645,1991,1694,0,1776,1524,142
8652,86924745,14.0453857,1991,1682,0,1773,1530,142
8653,86934745,14.0463741,1990,1686,0,1778,1529,142
8654,86944745,14.05121,1997,1683,0,1776,1530,142
8655,86954745,14.0647378,1990,1693,0,1782,1530,142
8656,86964745,14.0654967,1988,1692,0,1779,1527,142
8657,86974745,14.0806741,1989,1694,0,1778,1534,142
8658,86984745,14.0812248,1997,1692,0,1776,1530,142
8659,86994745,14.0965713,1990,1693,0,1771,1534,142
8660,87004745,14.1136304,1975,1650,0,1763,1497,142
8661,87014745,14.1140791,1994,1700,0,1779,1530,142
8662,87024745,14.1279361,1987,1685,0,1776,1527,142
8663,87034745,14.1425958,1989,1694,0,1777,1533,142
8664,87044745,14.1431372,1988,1685,0,1778,1525,142
8665,87054745,14.2488485,1998,1697,0,1780,1539,142
8666,87064745,14.249644,2000,1726,0,1782,1562,142
8667,87074745,14.2504061,2006,1744,0,1789,1571,142
8668,87084745,14.2510823,1992,1686,0,1775,1525,142
8669,87094745,14.2517248,1968,1630,0,1762,1491,142
8670,87104745,14.2523979,1985,1669,0,1773,1516,142
8671,87114746,14.2532063,1984,1680,0,1772,1519,142
8672,87124745,14.2536549,1995,1690,0,1782,1530,142
8673,87134745,14.2544294,1994,1694,0,1778,1534,142
8674,87144745,14.2560259,1993,1689,0,1775,1531,142
8675,87154745,14.2566204,1993,1691,0,1777,1535,142
8676,87164745,14.2847145,1994,1695,0,1775,1533,142
8677,87174745,14.2854629,1988,1695,0,1781,1534,142
8678,87184745,14.2859081,1993,1707,0,1775,1543,142
8679,87194745,14.3009602,1987,1698,0,1777,1534,142
8680,87204745,14.3155882,1987,1695,0,1772,1528,142
8681,87214745,14.3162249,1997,1693,0,1782,1530,142
8682,87224745,14.3318421,1993,1693,0,1780,1539,142
8683,87234745,14.3326319,1988,1703,0,1780,1544,142
8684,87244745,14.3467629,1989,1692,0,1772,1526,142
8685,87254745,14.4595724,1987,1711,0,1780,1543,142
8686,87264745,14.4604941,2000,1728,0,1784,1566,142
8687,87274745,14.4613826,2000,1716,0,1786,1549,142
8688,87284745,14.4620584,2000,1712,0,1784,1552,142
8689,87294745,14.4626736,1998,1711,0,1783,1546,142
8690,87304745,14.4632289,1991,1715,0,1776,1558,142
8691,87314745,14.4637693,1995,1721,0,1779,1552,142
8692,87324745,14.464286,1995,1718,0,1777,1552,142
8693,87334745,14.4648216,1989,1712,0,1780,1548,142
8694,87344745,14.4653307,1996,1731,0,1782,1560,142
8695,87354745,14.4658122,1998,1767,0,1784,1596,142
8696,87364745,14.4725384,2000,1757,0,1784,1585,142
8697,87374745,14.4732932,1999,1734,0,1780,1562,142
8698,87384745,14.4875899,2001,1744,0,1784,1578,142
8699,87394745,14.503388,1999,1738,0,1781,1569,142
8700,87404745,14.5050816,1999,1743,0,1780,1575,142
8701,87414745,14.52087,2000,1739,0,1784,1565,142
8702,87424745,14.5339577,1997,1744,0,1783,1574,142
8703,87434745,14.5345202,2003,1769,0,1785,1598,142
8704,87444745,14.5505371,2000,1758,0,1784,1586,142
8705,87454745,14.5650542,2001,1769,0,1784,1596,142
8706,87464745,14.5656041,1999,1758,0,1785,1585,142
8707,87474745,14.6682995,1999,1759,0,1783,1589,142
8708,87484745,14.669112,2002,1770,0,1789,1596,142
8709,87494745,14.6699867,2002,1766,0,1784,1597,142
8710,87504745,14.6706561,2002,1771,0,1789,1599,142
8711,87514745,14.6711914,2000,1775,0,1785,1596,142
8712,87524745,14.6717249,2007,1776,0,1786,1601,142
8713,87534745,14.6722731,2003,1776,0,1784,1598,142
8714,87544745,14.673208,1999,1777,0,1784,1600,142
8715,87554745,14.6740948,2002,1781,0,1787,1602,142
8716,87564745,14.6754064,2000,1770,0,1784,1599,142
8717,87574745,14.67609,2000,1777,0,1785,1603,142
8718,87584745,14.6902432,2001,1777,0,1790,1598,142
8719,87594745,14.6913678,2001,1776,0,1786,1603,142
8720,87604745,14.705145,2012,1791,0,1786,1608,142
8721,87614745,14.7211555,2014,1783,0,1795,1603,142
8722,87624745,14.7218867,2005,1786,0,1789,1608,142
8723,87634745,14.736402,2010,1792,0,1786,1612,142
8724,87644745,14.7522497,2008,1798,0,1790,1624,142
8725,87654745,14.8680211,2006,1798,0,1790,1616,142
8726,87664745,14.8688499,2002,1792,0,1792,1613,142
8727,87674745,14.8697366,2008,1787,0,1786,1612,142
8728,87684745,14.8703397,2003,1796,0,1786,1609,142
8729,87694745,14.8707764,2005,1787,0,1786,1605,142
8730,87704745,14.8711953,2003,1777,0,1789,1613,142
8731,87714745,14.8717421,2000,1791,0,1785,1609,142
8732,87724745,14.8722617,2005,1801,0,1784,1621,142
8733,87734745,14.8728483,2006,1807,0,1789,1624,142
8734,87744745,14.8734551,2007,1799,0,1786,1617,142
8735,87754745,14.8742509,2006,1799,0,1789,1616,142
8736,87764745,14.87515,2003,1794,0,1788,1611,142
8737,87774745,14.8766693,2006,1798,0,1791,1621,142
8738,87784745,14.8923535,2002,1794,0,1785,1615,142
8739,87794745,14.8929676,2009,1799,0,1789,1615,142
8740,87804745,14.9086161,2004,1797,0,1789,1619,142
8741,87814745,14.922985,2003,1799,0,1786,1619,142
8742,87824745,14.9235922,2005,1791,0,1805,1616,142
8743,87834745,14.9417041,2005,1802,0,1786,1622,142
8744,87844745,14.9422945,2010,1806,0,1793,1621,142
8745,87854745,14.9543841,2001,1805,0,1785,1621,142
8746,87864745,14.9706299,2006,1808,0,1790,1626,142
8747,87874745,14.9712319,2009,1805,0,1789,1624,142
8748,87884745,15.076597,2002,1809,0,1788,1626,142
8749,87894745,15.0774028,2013,1808,0,1786,1626,142
8750,87904745,15.0789896,2008,1808,0,1790,1629,142
8751,87914745,15.0800142,2014,1821,0,1790,1634,142
8752,87924745,15.0806672,2004,1810,0,1791,1632,142
8753,87934745,15.0811306,2006,1808,0,1790,1626,142
8754,87944745,15.0815363,2006,1803,0,1786,1618,142
8755,87954745,15.0819251,2002,1808,0,1790,1626,142
8756,87964745,15.0823092,2010,1811,0,1790,1630,142
8757,87974745,15.0829873,2007,1822,0,1789,1635,142
8758,87984745,15.083418,2007,1831,0,1793,1644,142
8759,87994745,15.097335,2010,1817,0,1790,1639,142
8760,88004745,15.1104411,2007,1820,0,1795,1631,142
8761,88014745,15.1257386,2002,1821,0,1795,1631,142
8762,88024745,15.1264402,2013,1819,0,1791,1635,142
8763,88034745,15.1418411,2012,1813,0,1786,1637,142
8764,88044745,15.1423049,2007,1810,0,1792,1630,142
8765,88054745,15.1570068,2009,1814,0,1790,1630,142
8766,88064745,15.1729868,2011,1817,0,1792,1635,142
8767,88074745,15.1735572,2002,1810,0,1791,1636,142
8768,88084745,15.2798999,2009,1819,0,1790,1639,142
8769,88094745,15.2807489,2009,1820,0,1788,1635,142
8770,88104745,15.2815294,2011,1819,0,1791,1639,142
8771,88114745,15.2824651,2009,1815,0,1788,1639,142
8772,88124745,15.283744,2007,1821,0,1789,1636,142
8773,88134745,15.2844945,2009,1823,0,1793,1635,142
8774,88144745,15.2849889,2011,1812,0,1788,1629,142
8775,88154745,15.2853792,2007,1818,0,1791,1629,142
8776,88164745,15.2857547,2009,1818,0,1791,1635,142
8777,88174745,15.286458,2003,1815,0,1786,1635,142
8778,88184745,15.2868844,2005,1818,0,1787,1635,142
8779,88194745,15.2995787,2007,1819,0,1786,1635,142
8780,88204745,15.3153375,2006,1819,0,1789,1635,142
8781,88214745,15.3162984,2007,1819,0,1789,1649,142
8782,88224745,15.3296961,2006,1819,0,1787,1632,142
8783,88234745,15.3451478,2007,1820,0,1796,1631,142
8784,88244745,15.3458747,2005,1819,0,1791,1638,142
8785,88254745,15.3608339,2007,1814,0,1796,1627,142
8786,88264745,15.3614523,2007,1818,0,1789,1635,142
8787,88274745,15.3766716,2006,1819,0,1795,1635,142
8788,88284745,15.4796737,2005,1814,0,1792,1634,142
8789,88294745,15.4807102,2007,1820,0,1792,1640,142
8790,88304745,15.4814986,2010,1813,0,1791,1637,142
8791,88314745,15.4820074,2010,1822,0,1788,1635,142
8792,88324745,15.4824062,2011,1825,0,1796,1637,142
8793,88334745,15.4828012,2006,1823,0,1788,1635,142
8794,88344745,15.483202,2007,1823,0,1786,1627,142
8795,88354745,15.4835851,2003,1814,0,1790,1639,142
8796,88364745,15.4839835,2007,1827,0,1790,1632,142
8797,88374745,15.4876758,2016,1823,0,1793,1635,142
8798,88384745,15.4884243,2014,1822,0,1790,1641,142
8799,88394745,15.5026383,2007,1826,0,1794,1638,142
8800,88404745,15.5034616,2011,1829,0,1792,1644,142
8801,88414745,15.5198984,2013,1831,0,1791,1642,142
8802,88424745,15.5332906,2011,1835,0,1790,1646,142
8803,88434745,15.5340025,2010,1821,0,1788,1637,142
8804,88444745,15.5496799,2004,1829,0,1794,1641,142
8805,88454745,15.56399,2005,1829,0,1787,1644,142
8806,88464745,15.5646629,2011,1834,0,1796,1647,142
8807,88474745,15.5804679,2010,1831,0,1791,1640,142
8808,88484745,15.5809589,2001,1830,0,1786,1640,142
8809,88494745,15.7011313,2006,1830,0,1791,1642,142
8810,88504745,15.702616,2006,1831,0,1793,1647,142
8811,88514745,15.703767,2013,1835,0,1793,1645,142
8812,88524745,15.7052179,2013,1839,0,1792,1649,142
8813,88534745,15.7065548,2011,1838,0,1794,1642,142
8814,88544745,15.7077311,2014,1830,0,1792,1649,142
8815,88554745,15.7093017,2013,1834,0,1787,1647,142
8816,88564745,15.7106731,2006,1831,0,1796,1644,142
8817,88574745,15.7119199,2009,1833,0,1795,1644,142
8818,88584745,15.7131461,2010,1830,0,1789,1651,142
8819,88594745,15.7148054,2013,1837,0,1788,1651,142
8820,88604745,15.715718,2016,1833,0,1796,1653,142
8821,88614745,15.7260358,2007,1831,0,1792,1644,142
8822,88624745,15.7272479,2007,1838,0,1791,1647,142
8823,88634745,15.7404804,2005,1826,0,1790,1644,142
8824,88644745,15.753889,2010,1835,0,1793,1644,142
8825,88654745,15.7554655,2007,1835,0,1796,1643,142
8826,88664745,15.7715589,2011,1835,0,1791,1644,142
8827,88674745,15.7840936,2007,1837,0,1793,1645,142
8828,88684745,15.784722,2011,1833,0,1792,1651,142
8829,88694745,15.8939233,2007,1835,0,1791,1649,142
8830,88704745,15.8948221,2011,1838,0,1796,1650,142
8831,88714745,15.8955414,2011,1841,0,1796,1653,142
8832,88724745,15.8960805,2011,1842,0,1796,1658,142
8833,88734745,15.8966366,2009,1843,0,1794,1654,142
8834,88744745,15.8971432,2007,1833,0,1792,1650,142
8835,88754745,15.8977394,2010,1827,0,1789,1643,142
8836,88764745,15.8983055,2011,1839,0,1792,1650,142
8837,88774745,15.8988151,2010,1840,0,1796,1651,142
8838,88784745,15.8992842,2015,1835,0,1793,1653,142
8839,88794745,15.8997804,2013,1837,0,1793,1652,142
8840,88804745,15.9092193,2010,1840,0,1797,1653,142
8841,88814745,15.9101592,2002,1841,0,1792,1653,142
8842,88824745,15.9279646,2012,1838,0,1797,1648,142
8843,88834745,15.9427978,2011,1837,0,1790,1645,142
8844,88844745,15.9558914,2010,1827,0,1789,1644,142
8845,88854745,15.9572728,2013,1833,0,1789,1644,142
8846,88864745,15.9721316,2010,1837,0,1791,1648,142
8847,88874745,15.9728642,2011,1830,0,1792,1644,142
8848,88884745,15.9877045,2009,1841,0,1793,1653,142
8849,88894745,16.0948329,2011,1840,0,1793,1653,142
8850,88904745,16.0963546,2015,1851,0,1798,1663,142
8851,88914745,16.0974718,2010,1845,0,1794,1653,142
8852,88924745,16.0982147,2011,1842,0,1788,1653,142
8853,88934745,16.0988276,2007,1833,0,1792,1645,142
8854,88944745,16.0997218,2009,1844,0,1794,1655,142
8855,88954745,16.1005394,2011,1845,0,1796,1652,142
8856,88964745,16.1012675,2010,1842,0,1796,1653,142
8857,88974745,16.1021101,2011,1842,0,1792,1653,142
8858,88984745,16.1034116,2011,1851,0,1793,1658,142
8859,88994745,16.1041679,2012,1845,0,1798,1662,142
8860,89004745,16.1136295,2013,1849,0,1796,1657,142
8861,89014745,16.1148958,2010,1850,0,1796,1658,142
8862,89024745,16.1288327,2007,1847,0,1790,1662,142
8863,89034745,16.1438214,2011,1845,0,1795,1658,142
8864,89044745,16.1451982,2009,1847,0,1793,1662,142
8865,89054745,16.1632355,2014,1855,0,1794,1663,142
8866,89064745,16.1645043,2010,1846,0,1796,1657,142
8867,89074745,16.1753474,2016,1851,0,1798,1667,142
8868,89084745,16.1902287,2017,1846,0,1796,1662,142
8869,89094745,16.1906679,2009,1847,0,1792,1662,142
8870,89104745,16.2964396,2015,1846,0,1792,1658,142
8871,89114745,16.2973376,2011,1850,0,1795,1660,142
8872,89124745,16.2982191,2015,1846,0,1796,1665,142
8873,89134745,16.2989444,2016,1851,0,1795,1664,142
8874,89144745,16.2995822,2016,1854,0,1792,1666,142
8875,89154745,16.3002018,2016,1845,0,1796,1662,142
8876,89164745,16.3008702,2015,1854,0,1796,1662,142
8877,89174745,16.3014122,2014,1855,0,1790,1667,142
8878,89184745,16.3019327,2013,1852,0,1791,1661,142
8879,89194745,16.3027869,2009,1854,0,1795,1665,142
8880,89204745,16.3150099,2015,1856,0,1798,1664,142
8881,89214745,16.3158673,2016,1862,0,1792,1667,142
8882,89224745,16.3311471,2015,1857,0,1795,1667,142
8883,89234745,16.3320518,2013,1890,0,1796,1667,142
8884,89244745,16.3470369,2017,1856,0,1786,1663,142
8885,89254745,16.3624677,2015,1857,0,1793,1671,142
8886,89264745,16.3636268,2011,1859,0,1786,1670,142
8887,89274745,16.3775932,2013,1863,0,1796,1671,142
8888,89284745,16.3921188,2013,1860,0,1792,1670,142
8889,89294745,16.3935579,2017,1859,0,1794,1667,142
8890,89304745,16.501701,2014,1861,0,1795,1667,142
8891,89314745,16.50281,2016,1858,0,1796,1671,142
8892,89324745,16.5034691,2015,1859,0,1798,1676,142
8893,89334745,16.5039131,2017,1868,0,1796,1676,142
8894,89344745,16.5042956,2016,1869,0,1798,1678,142
8895,89354745,16.5048077,2015,1870,0,1796,1679,142
8896,89364745,16.505326,2018,1869,0,1796,1675,142
8897,89374745,16.50588,2017,1872,0,1799,1676,142
8898,89384745,16.5064978,2015,1862,0,1793,1675,142
8899,89394745,16.5071153,2016,1874,0,1796,1675,142
8900,89404745,16.5078062,2017,1872,0,1796,1679,142
8901,89414745,16.5170001,2018,1870,0,1795,1684,142
8902,89424745,16.5325751,2016,1874,0,1798,1677,142
8903,89434745,16.533219,2015,1871,0,1796,1680,142
8904,89444745,16.5485497,2015,1872,0,1797,1680,142
8905,89454745,16.5633426,2018,1870,0,1798,1679,142
8906,89464745,16.563966,2014,1871,0,1801,1679,142
8907,89474745,16.5799337,2013,1867,0,1800,1679,142
8908,89484745,16.59518,2017,1875,0,1796,1680,142
8909,89494745,16.5959185,2016,1874,0,1796,1681,142
8910,89504745,16.7060193,2015,1874,0,1800,1679,142
8911,89514745,16.7070931,2017,1878,0,1798,1684,142
8912,89524745,16.7083486,2016,1875,0,1795,1679,142
8913,89534745,16.7090407,2015,1872,0,1797,1683,142
8914,89544745,16.7095535,2019,1873,0,1798,1681,142
8915,89554745,16.7103368,2022,1876,0,1798,1688,142
8916,89564745,16.7109233,2017,1882,0,1800,1679,142
8917,89574745,16.711495,2022,1873,0,1797,1679,142
8918,89584745,16.712013,2026,1873,0,1800,1680,142
8919,89594745,16.7125217,2014,1877,0,1798,1684,142
8920,89604745,16.713073,2017,1874,0,1805,1683,142
8921,89614745,16.7200572,2019,1875,0,1797,1685,142
8922,89624745,16.7206465,2017,1881,0,1799,1684,142
8923,89634745,16.7366745,2020,1886,0,1800,1683,142
8924,89644745,16.752555,2016,1885,0,1798,1687,142
8925,89654745,16.7535802,2013,1885,0,1797,1692,142
8926,89664745,16.767659,2017,1886,0,1799,1686,142
8927,89674745,16.7832049,2021,1883,0,1797,1689,142
8928,89684745,16.7837757,2017,1888,0,1800,1686,142
8929,89694745,16.7995505,2013,1885,0,1798,1694,142
8930,89704745,16.8000435,2019,1884,0,1800,1691,142
8931,89714745,16.9143959,2017,1887,0,1798,1690,142
8932,89724745,16.915212,2018,1885,0,1800,1690,142
8933,89734745,16.915928,2021,1886,0,1799,1694,142
8934,89744745,16.9164299,2029,1890,0,1799,1690,142
8935,89754745,16.9169873,2023,1887,0,1797,1693,142
8936,89764745,16.9176006,2020,1883,0,1799,1687,142
8937,89774745,16.9182411,2021,1889,0,1799,1693,142
8938,89784746,16.9188895,2021,1883,0,1795,1692,142
8939,89794745,16.9193739,2020,1882,0,1796,1686,142
8940,89804745,16.9198612,2021,1885,0,1798,1695,142
8941,89814745,16.9229804,2025,1895,0,1798,1700,142
8942,89824745,16.9237403,2019,1897,0,1810,1700,142
8943,89834745,16.9398249,2019,1897,0,1790,1704,142
8944,89844745,16.9409513,2018,1895,0,1801,1696,142
8945,89854745,16.9553126,2018,1901,0,1805,1695,142
8946,89864745,16.9739835,2017,1887,0,1801,1695,142
8947,89874745,16.9752809,2021,1893,0,1799,1696,142
8948,89884745,16.9799126,2018,1893,0,1800,1700,142
8949,89894745,17.0010703,2021,1893,0,1798,1700,142
8950,89904745,17.0024728,2027,1904,0,1805,1707,142
8951,89914745,17.114629,2021,1902,0,1796,1704,142
8952,89924745,17.1155358,2029,1906,0,1800,1710,142
8953,89934745,17.1162683,2023,1904,0,1800,1705,142
8954,89944745,17.1168446,2022,1904,0,1797,1703,142
8955,89954745,17.117392,2021,1901,0,1801,1706,142
8956,89964745,17.1178958,2019,1906,0,1801,1704,142
8957,89974745,17.1183789,2022,1906,0,1802,1705,142
8958,89984745,17.1188615,2023,1909,0,1805,1708,142
8959,89994745,17.1194359,2022,1904,0,1806,1703,142
8960,90004745,17.1200177,2030,1899,0,1801,1700,142
8961,90014745,17.1257105,2023,1906,0,1803,1704,142
8962,90024745,17.1264005,2020,1907,0,1806,1706,142
8963,90034745,17.1413972,2025,1909,0,1805,1705,142
8964,90044745,17.142097,2021,1910,0,1802,1706,142
8965,90054745,17.1550931,2025,1906,0,1803,1706,142
8966,90064745,17.1703029,2023,1904,0,1803,1706,142
8967,90074745,17.1858009,2018,1904,0,1805,1705,142
8968,90084745,17.1866642,2023,1904,0,1800,1709,142
8969,90094745,17.2011252,2019,1905,0,1806,1708,142
8970,90104745,17.2163195,2021,1910,0,1803,1709,142
8971,90114745,17.2169911,2021,1911,0,1800,1709,142
8972,90124745,17.3188079,2027,1910,0,1805,1709,142
8973,90134745,17.3196395,2022,1906,0,1803,1713,142
8974,90144745,17.3203928,2023,1904,0,1799,1706,142
8975,90154745,17.320863,2025,1905,0,1801,1708,142
8976,90164745,17.321467,2027,1905,0,1802,1713,142
8977,90174745,17.3221047,2027,1909,0,1799,1705,142
8978,90184745,17.3227439,2017,1906,0,1801,1705,142
8979,90194745,17.3237791,2026,1907,0,1800,1707,142
8980,90204745,17.3247324,2017,1909,0,1802,1711,142
8981,90214745,17.3257114,2029,1913,0,1806,1713,142
8982,90224745,17.3262659,2023,1911,0,1803,1715,142
8983,90234745,17.3409867,2025,1913,0,1806,1715,142
8984,90244745,17.3419456,2030,1913,0,1803,1714,142
8985,90254745,17.356617,2026,1910,0,1801,1711,142
8986,90264745,17.3725059,2021,1910,0,1805,1708,142
8987,90274745,17.373336,2023,1913,0,1806,1711,142
8988,90284745,17.3908602,2025,1913,0,1802,1717,142
8989,90294745,17.3917843,2023,1921,0,1806,1716,142
8990,90304745,17.4063825,2022,1925,0,1805,1718,142
8991,90314745,17.5387441,2018,1909,0,1796,1711,142
8992,90324745,17.5396578,2025,1910,0,1800,1712,142
8993,90334745,17.5404476,2021,1904,0,1805,1705,142
8994,90344745,17.5411142,2019,1909,0,1800,1709,142
8995,90354745,17.5417106,2018,1903,0,1800,1705,142
8996,90364745,17.5423159,2022,1913,0,1802,1713,142
8997,90374745,17.5432963,2026,1911,0,1801,1706,142
8998,90384745,17.5444506,2016,1901,0,1799,1713,142
8999,90394745,17.5455328,2014,1904,0,1796,1705,142
9000,90404748,17.5466642,2045,1904,0,1801,1704,142
9001,90414749,17.547831,2029,1918,0,1806,1716,142
9002,90424745,17.548955,2043,1892,0,1813,1697,142
9003,90434745,17.5505205,2027,1909,0,1807,1715,142
9004,90444745,17.5517014,2027,1904,0,1805,1705,142
9005,90454745,17.5612165,2029,1899,0,1802,1704,142
9006,90464745,17.5623817,2021,1899,0,1798,1704,142
9007,90474745,17.5793118,2016,1895,0,1797,1699,142
9008,90484745,17.593886,2019,1904,0,1800,1714,142
9009,90494745,17.5944006,2018,1893,0,1796,1692,142
9010,90504745,17.6074373,2025,1895,0,1800,1700,142
9011,90514745,17.6236448,2022,1907,0,1806,1714,142
9012,90524745,17.624543,2021,1919,0,1803,1719,142
9013,90534745,17.7345936,2027,1914,0,1806,1718,142
9014,90544745,17.7356148,2021,1910,0,1805,1709,142
9015,90554745,17.7365272,2029,1904,0,1782,1709,142
9016,90564745,17.7373933,2023,1905,0,1800,1705,142
9017,90574745,17.7382861,2025,1906,0,1801,1705,142
9018,90584745,17.7393986,2023,1906,0,1806,1704,142
9019,90594745,17.7403442,2017,1911,0,1800,1706,142
9020,90604745,17.7412592,2027,1910,0,1803,1713,142
9021,90614745,17.7422046,2015,1918,0,1802,1714,142
9022,90624745,17.7430902,2022,1917,0,1800,1710,142
9023,90634745,17.7442658,2026,1913,0,1805,1717,142
9024,90644745,17.750688,2023,1919,0,1802,1717,142
9025,90654745,17.7514876,2025,1919,0,1808,1713,142
9026,90664745,17.7647688,2023,1923,0,1806,1717,142
9027,90674745,17.7811712,2027,1924,0,1803,1728,142
9028,90684745,17.7819761,2022,1921,0,1803,1719,142
9029,90694745,17.7959785,2026,1919,0,1801,1718,142
9030,90704745,17.8114519,2021,1931,0,1805,1721,142
9031,90714745,17.8122729,2023,1927,0,1799,1719,142
9032,90724745,17.8284618,2015,1921,0,1796,1726,142
9033,90734745,17.8429645,2021,1936,0,1805,1732,142
9034,90744745,17.8441214,2029,1935,0,1808,1727,142
9035,90754745,17.9517283,2029,1929,0,1809,1727,142
9036,90764745,17.952819,2028,1927,0,1805,1731,142
9037,90774745,17.9536227,2032,1920,0,1810,1718,142
9038,90784745,17.9542497,2027,1920,0,1809,1713,142
9039,90794745,17.9547781,2028,1925,0,1809,1723,142
9040,90804745,17.9552719,2026,1907,0,1800,1705,142
9041,90814745,17.9557502,2027,1917,0,1809,1718,142
9042,90824745,17.956228,2013,1933,0,1797,1727,142
9043,90834745,17.9566204,2028,1939,0,1800,1729,142
9044,90844745,17.9570025,2027,1936,0,1810,1731,142
9045,90854745,17.9658403,2019,1937,0,1800,1731,142
9046,90864745,17.966437,2029,1935,0,1811,1727,142
9047,90874745,17.9816938,2032,1931,0,1809,1726,142
9048,90884745,17.9825672,2015,1934,0,1801,1727,142
9049,90894745,17.9966319,2032,1936,0,1810,1730,142
9050,90904745,18.0119461,2029,1947,0,1810,1744,142
9051,90914745,18.0125424,2026,1945,0,1808,1736,142
9052,90924745,18.0276172,2030,1946,0,1810,1736,142
9053,90934745,18.042515,2027,1942,0,1808,1741,142
9054,90944745,18.0431539,2022,1931,0,1804,1727,142
9055,90954745,18.0583943,2022,1937,0,1802,1732,142
9056,90964745,18.1673782,2018,1946,0,1801,1739,142
9057,90974745,18.1682536,2030,1947,0,1806,1738,142
9058,90984745,18.1691605,2032,1955,0,1810,1745,142
9059,90994745,18.1697597,2031,1952,0,1810,1745,142
9060,91004745,18.1704115,2031,1951,0,1806,1741,142
9061,91014745,18.1711401,2020,1945,0,1803,1734,142
9062,91024745,18.1718368,2023,1946,0,1804,1736,142
9063,91034745,18.1724813,2022,1968,0,1808,1757,142
9064,91044745,18.1729947,2026,1959,0,1806,1753,142
9065,91054745,18.1735524,2030,1965,0,1809,1754,142
9066,91064745,18.1746675,2031,1942,0,1809,1742,142
9067,91074745,18.1851737,2031,1931,0,1809,1729,142
9068,91084745,18.1861027,2019,1940,0,1803,1736,142
9069,91094745,18.20027,2026,1942,0,1805,1737,142
9070,91104745,18.2013721,2022,1951,0,1805,1737,142
9071,91114745,18.2163015,2026,1952,0,1803,1739,142
9072,91124745,18.2318415,2023,1939,0,1805,1736,142
9073,91134745,18.2325492,2023,1951,0,1806,1742,142
9074,91144745,18.247941,2029,1959,0,1809,1746,142
9075,91154745,18.2623852,2029,1959,0,1803,1747,142
9076,91164745,18.2629802,2016,1957,0,1809,1750,142
9077,91174745,18.3664781,2029,1953,0,1810,1750,142
9078,91184745,18.3672503,2021,1959,0,1803,1753,142
9079,91194745,18.3679769,2023,1947,0,1803,1743,142
9080,91204745,18.3685011,2021,1958,0,1803,1754,142
9081,91214745,18.3688894,2029,1955,0,1809,1745,142
9082,91224745,18.3692718,2032,1943,0,1809,1732,142
9083,91234745,18.3696818,2027,1945,0,1803,1736,142
9084,91244745,18.3700775,2032,1949,0,1809,1742,142
9085,91254745,18.3704648,2033,1954,0,1809,1750,142
9086,91264745,18.3742578,2021,1968,0,1800,1757,142
9087,91274745,18.3749285,2027,1972,0,1800,1758,142
9088,91284745,18.3885353,2029,1970,0,1801,1759,142
9089,91294745,18.4034552,2017,1968,0,1796,1755,142
9090,91304745,18.4042648,2017,1959,0,1800,1758,142
9091,91314745,18.4206767,2030,1957,0,1809,1747,142
9092,91324745,18.4212645,2029,1943,0,1807,1741,142
9093,91334745,18.4354218,2030,1940,0,1803,1733,142
9094,91344745,18.4515176,2023,1941,0,1805,1736,142
9095,91354745,18.4521761,2027,1944,0,1808,1738,142
9096,91364745,18.4667549,2027,1953,0,1805,1746,142
9097,91374745,18.5762027,2022,1957,0,1800,1744,142
9098,91384745,18.5768582,2023,1957,0,1806,1753,142
9099,91394745,18.5773885,2032,1943,0,1808,1747,142
9100,91404745,18.5779117,2025,1951,0,1806,1741,142
9101,91414746,18.5783919,2021,1956,0,1805,1744,142
9102,91424745,18.5789096,2027,1948,0,1806,1741,142
9103,91434745,18.5794054,2025,1959,0,1808,1747,142
9104,91444745,18.5799208,2026,1959,0,1805,1753,142
9105,91454745,18.5804316,2027,1959,0,1808,1745,142
9106,91464745,18.5809539,2032,1951,0,1809,1745,142
9107,91474745,18.5814415,2030,1945,0,1805,1743,142
9108,91484745,18.5907304,2023,1947,0,1803,1745,142
9109,91494745,18.5915808,2025,1956,0,1803,1746,142
9110,91504745,18.6067136,2027,1962,0,1803,1754,142
9111,91514745,18.6218255,2027,1959,0,1797,1757,142
9112,91524745,18.6225422,2028,1967,0,1806,1756,142
9113,91534745,18.6406544,2029,1954,0,1809,1754,142
9114,91544745,18.6414821,2032,1951,0,1805,1747,142
9115,91554745,18.6543118,2025,1958,0,1810,1750,142
9116,91564745,18.6691627,2021,1958,0,1803,1753,142
9117,91574745,18.6698433,2028,1952,0,1809,1746,142
9118,91584745,18.7829724,2025,1962,0,1805,1753,142
9119,91594745,18.784043,2019,1968,0,1801,1758,142
9120,91604745,18.7847683,2032,1961,0,1809,1750,142
9121,91614745,18.7852837,2032,1957,0,1809,1749,142
9122,91624745,18.7857554,2030,1949,0,1810,1741,142
9123,91634745,18.7862131,2024,1962,0,1803,1757,142
9124,91644745,18.7867175,2023,1966,0,1800,1759,142
9125,91654745,18.7872636,2026,1968,0,1805,1756,142
9126,91664745,18.7877726,2032,1954,0,1805,1749,142
9127,91674745,18.7884727,2022,1951,0,1805,1741,142
9128,91684745,18.7932025,2032,1954,0,1809,1742,142
9129,91694745,18.7941752,2032,1947,0,1809,1737,142
9130,91704745,18.8090053,2031,1946,0,1808,1738,142
9131,91714745,18.8247406,2023,1952,0,1805,1744,142
9132,91724745,18.8259323,2030,1963,0,1809,1754,142
9133,91734745,18.8410199,2026,1964,0,1808,1758,142
9134,91744745,18.8543475,2029,1968,0,1805,1754,142
9135,91754745,18.8550008,2032,1958,0,1805,1750,142
9136,91764745,18.870333,2023,1967,0,1805,1753,142
9137,91774745,18.8710545,2027,1964,0,1809,1755,142
9138,91784745,18.9776047,2030,1965,0,1809,1747,142
9139,91794745,18.9787342,2030,1957,0,1810,1747,142
9140,91804745,18.9796083,2032,1955,0,1810,1746,142
9141,91814745,18.9802586,2030,1958,0,1810,1746,142
9142,91824745,18.980747,2025,1961,0,1806,1754,142
9143,91834745,18.9811423,2032,1965,0,1808,1758,142
9144,91844745,18.9815147,2029,1963,0,1806,1753,142
9145,91854745,18.9819087,2027,1958,0,1810,1754,142
9146,91864745,18.982294,2031,1959,0,1809,1752,142
9147,91874745,18.9829651,2028,1963,0,1803,1749,142
9148,91884745,18.9834142,2031,1961,0,1810,1747,142
9149,91894745,18.9962535,2023,1952,0,1805,1757,142
9150,91904745,19.0005401,2025,1951,0,1808,1750,142
9151,91914745,19.0114457,2032,1959,0,1810,1749,142
9152,91924745,19.0292961,2032,1963,0,1810,1747,142
9153,91934745,19.0444835,2031,1965,0,1810,1750,142
9154,91944745,19.0453015,2027,1965,0,1810,1749,142
9155,91954745,19.0573434,2032,1968,0,1810,1756,142
9156,91964745,19.1741404,2031,1968,0,1809,1758,142
9157,91974745,19.1749952,2027,1964,0,1805,1758,142
9158,91984745,19.1757595,2031,1968,0,1809,1752,142
9159,91994745,19.1762189,2032,1957,0,1809,1750,142
9160,92004745,19.1766073,2030,1943,0,1808,1746,142
9161,92014745,19.1769986,2027,1951,0,1806,1750,142
9162,92024745,19.1773856,2032,1959,0,1809,1750,142
9163,92034745,19.1777954,2026,1954,0,1806,1750,142
9164,92044745,19.1781727,2032,1963,0,1810,1745,142
9165,92054745,19.1785467,2032,1963,0,1810,1752,142
9166,92064745,19.1789413,2029,1968,0,1809,1757,142
9167,92074745,19.1820262,2030,1967,0,1809,1755,142
9168,92084745,19.1827512,2027,1966,0,1806,1754,142
9169,92094745,19.1979444,2029,1955,0,1809,1752,142
9170,92104745,19.2123494,2027,1953,0,1806,1749,142
9171,92114745,19.2132382,2032,1961,0,1810,1753,142
9172,92124745,19.2289056,2030,1961,0,1809,1756,142
9173,92134745,19.2445965,2028,1963,0,1806,1748,142
9174,92144745,19.2453076,2029,1949,0,1805,1744,142
9175,92154745,19.2629284,2029,1947,0,1806,1746,142
9176,92164745,19.2757954,2025,1955,0,1805,1752,142
9177,92174745,19.2905648,2025,1961,0,1803,1750,142
9178,92184746,19.291156,2029,1962,0,1808,1749,142
9179,92194745,19.2917746,2027,1963,0,1804,1749,142
9180,92204745,19.4219671,2026,1968,0,1806,1758,142
9181,92214745,19.4230186,2027,1962,0,1808,1757,142
9182,92224745,19.424118,2025,1966,0,1805,1756,142
9183,92234745,19.4248998,2023,1959,0,1809,1750,142
9184,92244745,19.4254645,2025,1959,0,1809,1750,142
9185,92254745,19.4259487,2026,1963,0,1810,1752,142
9186,92264745,19.426402,2029,1963,0,1810,1754,142
9187,92274745,19.4269249,2029,1959,0,1806,1749,142
9188,92284745,19.4274084,2029,1948,0,1809,1750,142
9189,92294745,19.4278425,2032,1950,0,1809,1744,142
9190,92304745,19.4283396,2023,1956,0,1809,1745,142
9191,92314745,19.4288276,2027,1950,0,1809,1744,142
9192,92324745,19.4326976,2027,1965,0,1803,1754,142
9193,92334745,19.433668,2031,1968,0,1810,1756,142
9194,92344745,19.4478219,2028,1956,0,1805,1754,142
9195,92354745,19.4627921,2032,1958,0,1810,1750,142
9196,92364745,19.4637913,2029,1955,0,1805,1746,142
9197,92374745,19.484187,2022,1957,0,1807,1741,142
9198,92384745,19.484697,2031,1954,0,1809,1750,142
9199,92394745,19.4947061,2031,1959,0,1809,1747,142
9200,92404745,19.5952533,2029,1959,0,1806,1752,142
9201,92414745,19.5960623,2029,1965,0,1805,1757,142
9202,92424745,19.5970344,2027,1969,0,1803,1757,142
9203,92434745,19.5976932,2028,1968,0,1808,1758,142
9204,92444745,19.5981679,2032,1967,0,1808,1757,142
9205,92454745,19.5985595,2027,1968,0,1809,1755,142
9206,92464745,19.5989662,2029,1965,0,1813,1747,142
9207,92474745,19.5993404,2029,1965,0,1807,1750,142
9208,92484745,19.5997252,2032,1954,0,1808,1750,142
9209,92494745,19.6025864,2026,1965,0,1808,1746,142
9210,92504745,19.6032508,2029,1954,0,1806,1746,142
9211,92514745,19.6197246,2027,1955,0,1802,1742,142
9212,92524745,19.633807,2023,1955,0,1805,1745,142
9213,92534745,19.6347402,2026,1961,0,1805,1750,142
9214,92544745,19.6494423,2020,1964,0,1805,1758,142
9215,92554745,19.6645521,2029,1962,0,1806,1754,142
9216,92564745,19.6654019,2031,1945,0,1804,1750,142
9217,92574745,19.6965604,2029,1958,0,1805,1749,142
9218,92584745,19.6971892,2027,1959,0,1805,1743,142
9219,92594745,19.6977626,2027,1959,0,1806,1745,142
9220,92604745,19.798954,2022,1949,0,1808,1744,142
9221,92614745,19.7996848,2029,1953,0,1805,1759,142
9222,92624745,19.8002869,2031,1965,0,1805,1749,142
9223,92634745,19.8009122,2029,1957,0,1806,1747,142
9224,92644745,19.8013266,2029,1961,0,1805,1750,142
9225,92654745,19.8017085,2029,1962,0,1805,1750,142
9226,92664745,19.8020981,2027,1963,0,1810,1752,142
9227,92674745,19.80248,2026,1962,0,1803,1750,142
9228,92684745,19.8028817,2027,1963,0,1809,1750,142
9229,92694745,19.8032598,2030,1967,0,1809,1753,142
9230,92704745,19.806814,2030,1959,0,1810,1753,142
9231,92714745,19.8249403,2031,1950,0,1806,1750,142
9232,92724745,19.8259914,2025,1955,0,1808,1748,142
9233,92734745,19.8374374,2026,1961,0,1805,1745,142
9234,92744745,19.852026,2032,1953,0,1804,1750,142
9235,92754745,19.8532644,2028,1958,0,1805,1749,142
9236,92764745,19.8675228,2023,1958,0,1805,1749,142
9237,92774745,19.884039,2030,1959,0,1809,1754,142
9238,92784745,19.898361,2023,1966,0,1806,1758,142
9239,92794745,19.8992159,2024,1959,0,1808,1752,142
9240,92804745,19.9139061,2027,1959,0,1808,1752,142
9241,92814745,19.9146878,2026,1965,0,1809,1752,142
9242,92824745,20.0213978,2023,1958,0,1810,1752,142
9243,92834745,20.0225004,2032,1957,0,1810,1746,142
9244,92844745,20.0239108,2027,1953,0,1807,1745,142
9245,92854745,20.0248654,2029,1957,0,1806,1750,142
9246,92864745,20.0256913,2022,1958,0,1805,1754,142
9247,92874745,20.0265252,2030,1968,0,1805,1758,142
9248,92884745,20.0273238,2030,1965,0,1810,1753,142
9249,92894745,20.0281021,2028,1966,0,1802,1754,142
9250,92904745,20.0289651,2027,1958,0,1807,1752,142
9251,92914745,20.0303921,2023,1962,0,1802,1745,142
9252,92924745,20.0316669,2022,1952,0,1802,1747,142
9253,92934745,20.041161,2027,1956,0,1802,1752,142
9254,92944745,20.0421818,2027,1957,0,1801,1749,142
9255,92954745,20.0565459,2025,1964,0,1802,1750,142
9256,92964745,20.0735141,2023,1963,0,1801,1755,142
9257,92974745,20.075063,2023,1966,0,1803,1754,142
9258,92984745,20.0879902,2027,1963,0,1803,1753,142
9259,92994745,20.1038202,2023,1950,0,1802,1748,142
9260,93004745,20.1045435,2028,1952,0,1799,1747,142
9261,93014745,20.1190309,2027,1951,0,1807,1745,142
9262,93024745,20.1197092,2031,1953,0,1803,1745,142
9263,93034745,20.2345719,2026,1956,0,1800,1747,142
9264,93044745,20.2357162,2026,1957,0,1802,1750,142
9265,93054745,20.2365913,2025,1967,0,1805,1752,142
9266,93064746,20.2374928,2027,1962,0,1806,1754,142
9267,93074745,20.2385382,2026,1962,0,1805,1750,142
9268,93084745,20.2392524,2022,1968,0,1805,1753,142
9269,93094745,20.2399078,2022,1961,0,1804,1754,142
9270,93104745,20.2404356,2029,1967,0,1805,1758,142
9271,93114745,20.2410291,2022,1961,0,1798,1756,142
9272,93124745,20.2417646,2028,1962,0,1809,1749,142
9273,93134745,20.2437751,2030,1954,0,1803,1752,142
9274,93144745,20.2445428,2027,1959,0,1808,1749,142
9275,93154745,20.2607357,2029,1955,0,1806,1752,142
9276,93164745,20.2617927,2023,1957,0,1806,1749,142
9277,93174745,20.2757852,2026,1958,0,1809,1750,142
9278,93184745,20.2948843,2023,1961,0,1802,1748,142
9279,93194745,20.2964277,2029,1963,0,1808,1752,142
9280,93204745,20.3089189,2027,1966,0,1810,1750,142
9281,93214745,20.3105119,2022,1958,0,1809,1745,142
9282,93224745,20.4969067,2024,1959,0,1804,1750,142
9283,93234745,20.4977337,2023,1957,0,1803,1750,142
9284,93244745,20.4985415,2021,1958,0,1802,1748,142
9285,93254745,20.4994781,2025,1959,0,1805,1745,142
9286,93264745,20.5007193,2023,1952,0,1800,1745,142
9287,93274745,20.5018939,2026,1956,0,1808,1752,142
9288,93284745,20.5029237,2018,1955,0,1805,1750,142
9289,93294745,20.5039418,2028,1965,0,1808,1754,142
9290,93304745,20.5058067,2025,1961,0,1803,1755,142
9291,93314745,20.5077214,2028,1959,0,1805,1750,142
9292,93324745,20.5090222,2026,1958,0,1810,1750,142
9293,93334745,20.5101646,2021,1965,0,1802,1750,142
9294,93344745,20.5110829,2025,1955,0,1805,1749,142
9295,93354745,20.5118326,2027,1951,0,1805,1752,142
9296,93364745,20.5125745,2023,1954,0,1800,1754,142
9297,93374745,20.5133712,2021,1955,0,1806,1750,142
9298,93384745,20.5143039,2019,1961,0,1806,1749,142
9299,93394745,20.5157728,2029,1955,0,1805,1750,142
9300,93404746,20.5169308,2025,1961,0,1807,1750,142
9301,93414745,20.5235802,2023,1968,0,1805,1758,142
9302,93424745,20.5246437,2025,1967,0,1803,1757,142
9303,93434745,20.6596099,2029,1965,0,1808,1756,142
9304,93444745,20.6603887,2032,1966,0,1807,1755,142
9305,93454745,20.661059,2027,1958,0,1808,1749,142
9306,93464745,20.6615222,2023,1962,0,1803,1745,142
9307,93474745,20.6619009,2026,1959,0,1805,1752,142
9308,93484745,20.6622712,2029,1953,0,1802,1744,142
9309,93494745,20.6626396,2025,1950,0,1808,1746,142
9310,93504745,20.6630359,2025,1959,0,1803,1750,142
9311,93514745,20.6638763,2023,1956,0,1800,1747,142
9312,93524745,20.6648747,2027,1959,0,1806,1751,142
9313,93534745,20.6656259,2027,1959,0,1805,1746,142
9314,93544745,20.6662668,2029,1961,0,1808,1753,142
9315,93554745,20.6672555,2030,1958,0,1805,1747,142
9316,93564745,20.6678439,2025,1961,0,1809,1743,142
9317,93574745,20.6796597,2027,1958,0,1805,1750,142
9318,93584745,20.6805331,2025,1958,0,1806,1747,142
9319,93594745,20.6951842,2021,1959,0,1816,1748,142
9320,93604745,20.7103407,2021,1954,0,1803,1749,142
9321,93614746,20.710868,2023,1959,0,1805,1749,142
9322,93624745,20.726391,2027,1965,0,1809,1753,142
9323,93634745,20.8316675,2023,1962,0,1808,1750,142
9324,93644745,20.8325214,2026,1959,0,1805,1749,142
9325,93654745,20.8332473,2025,1967,0,1809,1754,142
9326,93664745,20.8338547,2022,1968,0,1802,1759,142
9327,93674745,20.8342996,2027,1964,0,1803,1758,142
9328,93684745,20.8352771,2027,1965,0,1805,1753,142
9329,93694745,20.8358799,2020,1958,0,1808,1755,142
9330,93704745,20.8364488,2027,1957,0,1802,1754,142
9331,93714745,20.8370015,2032,1959,0,1807,1750,142
9332,93724745,20.8375225,2029,1957,0,1803,1747,142
9333,93734745,20.8385594,2022,1953,0,1801,1748,142
9334,93744745,20.8519189,2026,1958,0,1799,1749,142
9335,93754745,20.8527101,2024,1957,0,1800,1747,142
9336,93764745,20.8675947,2018,1959,0,1805,1747,142
9337,93774745,20.8817776,2025,1955,0,1803,1746,142
9338,93784745,20.8969982,2019,1961,0,1801,1753,142
9339,93794745,20.8975269,2024,1969,0,1800,1759,142
9340,93804745,20.9134983,2021,1962,0,1801,1758,142
9341,93814745,20.9141779,2021,1953,0,1800,1757,142
9342,93824745,20.9295233,2026,1947,0,1799,1745,142
9343,93834745,20.9301761,2026,1945,0,1806,1731,142
9344,93844745,21.0381094,2024,1934,0,1807,1732,142
9345,93854745,21.0388696,2023,1936,0,1802,1731,142
9346,93864745,21.0396788,2027,1938,0,1796,1736,142
9347,93874745,21.0404816,2021,1945,0,1802,1737,142
9348,93884745,21.0410779,2022,1936,0,1801,1733,142
9349,93894745,21.0416837,2017,1942,0,1796,1740,142
9350,93904745,21.0422257,2012,1923,0,1792,1721,142
9351,93914745,21.0426676,2025,1916,0,1805,1714,142
9352,93924745,21.0431532,2032,1936,0,1807,1723,142
9353,93934745,21.0437004,2042,1965,0,1828,1755,142
9354,93944745,21.0525213,2059,1951,0,1823,1748,142
9355,93954745,21.0534473,2047,1948,0,1823,1737,142
9356,93964745,21.0706527,2062,1998,0,1834,1784,142
9357,93974745,21.0719221,2038,1964,0,1811,1758,142
9358,93984745,21.0880256,2036,1957,0,1810,1757,142
9359,93994745,21.1000191,2043,1971,0,1819,1761,142
9360,94004745,21.1009664,2039,1965,0,1822,1755,142
9361,94014745,21.115991,2094,2009,0,1863,1786,142
9362,94024745,21.122165,2022,1917,0,1800,1713,142
9363,94034745,21.1344047,2037,1934,0,1815,1731,142
9364,94044745,21.2456633,2055,1952,0,1823,1742,142
9365,94054745,21.2463874,2039,1933,0,1816,1731,142
9366,94064745,21.2468178,2032,1931,0,1809,1725,142
9367,94074745,21.2471984,2027,1919,0,1806,1718,142
9368,94084745,21.2476048,2031,1919,0,1806,1716,142
9369,94094745,21.2479954,2032,1922,0,1810,1719,142
9370,94104745,21.2483855,2032,1919,0,1810,1717,142
9371,94114745,21.2487661,2032,1923,0,1812,1719,142
9372,94124745,21.2491419,2032,1921,0,1813,1717,142
9373,94134745,21.2495383,2033,1911,0,1811,1711,142
9374,94144745,21.2499307,2029,1917,0,1810,1714,142
9375,94154745,21.2606215,2017,1902,0,1800,1700,142
9376,94164745,21.275572,2032,1888,0,1814,1693,142
9377,94174745,21.2771117,2064,1889,0,1836,1695,142
9378,94184745,21.2909675,2069,1872,0,1841,1678,142
9379,94194745,21.3035944,2035,1904,0,1819,1706,142
9380,94204745,21.3049439,2029,1922,0,1810,1720,142
9381,94214745,21.3188394,2039,1891,0,1813,1693,142
9382,94224745,21.334514,2032,1890,0,1810,1692,142
9383,94234745,21.3354118,2023,1894,0,1809,1695,142
9384,94244745,21.4416783,2031,1883,0,1810,1690,142
9385,94254745,21.4426508,2027,1879,0,1805,1685,142
9386,94264745,21.4434708,2031,1873,0,1811,1680,142
9387,94274745,21.4441135,2035,1871,0,1810,1679,142
9388,94284745,21.4447142,2034,1882,0,1812,1685,142
9389,94294745,21.445216,2034,1872,0,1814,1683,142
9390,94304745,21.4457231,2023,1872,0,1806,1679,142
9391,94314745,21.4462989,2017,1858,0,1798,1668,142
9392,94324745,21.4468517,2030,1858,0,1810,1666,142
9393,94334745,21.4476603,2015,1856,0,1798,1663,142
9394,94344745,21.4482059,2009,1867,0,1790,1680,142
9395,94354745,21.4604348,2022,1861,0,1800,1667,142
9396,94364745,21.4611194,2027,1858,0,1802,1672,142
9397,94374745,21.4916357,2046,1868,0,1828,1675,142
9398,94384747,21.492466,2042,1872,0,1821,1681,142
9399,94394745,21.4931053,2013,1855,0,1791,1664,142
9400,94404745,21.5070701,1991,1829,0,1774,1641,142
9401,94414745,21.522045,2004,1823,0,1786,1644,142
9402,94424745,21.5226024,2006,1831,0,1793,1645,142
9403,94434745,21.5369403,2010,1831,0,1789,1644,142
9404,94444745,21.644779,2011,1831,0,1792,1650,142
9405,94454745,21.6465565,2008,1840,0,1792,1653,142
9406,94464745,21.6473466,2003,1815,0,1791,1635,142
9407,94474745,21.6478401,2000,1819,0,1784,1635,142
9408,94484745,21.6482516,2005,1814,0,1786,1635,142
9409,94494745,21.6487636,2001,1802,0,1784,1625,142
9410,94504745,21.649557,2006,1796,0,1788,1617,142
9411,94514745,21.6504939,2013,1808,0,1793,1627,142
9412,94524745,21.6513362,2014,1806,0,1792,1624,142
9413,94534745,21.6517438,2013,1808,0,1803,1626,142
9414,94544745,21.652401,2009,1805,0,1792,1621,142
9415,94554745,21.6621179,2005,1806,0,1792,1626,142
9416,94564745,21.6627411,2003,1795,0,1790,1624,142
9417,94574745,21.6792096,2009,1809,0,1795,1632,142
9418,94584745,21.6799037,2013,1794,0,1796,1614,142
9419,94594745,21.6942844,2015,1789,0,1795,1611,142
9420,94604745,21.7119351,2025,1807,0,1805,1625,142
9421,94614745,21.7280556,2017,1794,0,1793,1613,142
9422,94624745,21.7287279,2022,1792,0,1802,1606,142
9423,94634745,21.74199,2009,1788,0,1785,1612,142
9424,94644745,21.7427183,1997,1782,0,1784,1602,142
9425,94654745,21.8530784,2003,1782,0,1786,1606,142
9426,94664745,21.8542639,2000,1795,0,1792,1615,142
9427,94674745,21.8552806,2000,1777,0,1786,1608,142
9428,94684745,21.8560311,2007,1787,0,1796,1612,142
9429,94694745,21.8565037,2007,1808,0,1792,1626,142
9430,94704745,21.8570364,2015,1781,0,1791,1608,142
9431,94714745,21.8577053,2000,1759,0,1784,1579,142
9432,94724745,21.8583685,1997,1754,0,1780,1585,142
9433,94734745,21.8588542,1879,1290,0,1658,1208,142
9434,94744745,21.8592803,2036,1488,0,1805,1373,142
9435,94754745,21.8688947,2000,1713,0,1784,1553,142
9436,94764745,21.8699563,1991,1667,0,1776,1513,142
9437,94774745,21.8843409,2013,1691,0,1793,1530,142
9438,94784745,21.8852001,1988,1726,0,1774,1557,142
9439,94794745,21.9014869,1975,1707,0,1772,1543,142
9440,94804745,21.9020382,1995,1684,0,1780,1526,142
9441,94814745,21.9167187,1982,1679,0,1770,1520,142
9442,94824745,21.9324142,1981,1668,0,1767,1513,142
9443,94834745,21.9330359,1981,1680,0,1765,1519,142
9444,94844745,21.9490657,2000,1696,0,1783,1534,142
9445,94854745,21.963815,2002,1701,0,1784,1548,142
9446,94864745,21.9643486,1993,1699,0,1781,1537,142
9447,94874745,22.0675206,1986,1702,0,1771,1539,142
9448,94884745,22.0686416,1956,1695,0,1746,1537,142
9449,94894745,22.0695061,1955,1685,0,1749,1530,142
9450,94904745,22.0700567,1972,1696,0,1758,1535,142
9451,94914745,22.0705241,1981,1678,0,1771,1521,142
9452,94924745,22.0711723,2000,1689,0,1785,1530,142
9453,94934745,22.0717858,2005,1682,0,1793,1521,142
9454,94944745,22.0722978,2000,1683,0,1782,1523,142
9455,94954745,22.0727998,1989,1689,0,1783,1534,142
9456,94964745,22.0746734,1991,1696,0,1773,1530,142
9457,94974745,22.0755203,1995,1697,0,1775,1539,142
9458,94984745,22.0915271,1997,1703,0,1780,1539,142
9459,94994745,22.0924094,2000,1680,0,1785,1530,142
9460,95004745,22.1070285,1998,1696,0,1784,1534,142
9461,95014745,22.1228893,1998,1689,0,1784,1530,142
9462,95024745,22.1240469,2004,1694,0,1785,1532,142
9463,95034745,22.1289223,1993,1691,0,1784,1534,142
9464,95044745,22.1388269,1994,1698,0,1781,1537,142
9465,95054745,22.1549435,1996,1697,0,1779,1531,142
9466,95064745,22.169974,1991,1689,0,1775,1527,142
9467,95074745,22.1709421,1984,1682,0,1773,1523,142
9468,95084745,22.2713442,1984,1678,0,1775,1516,142
9469,95094745,22.2722688,1990,1681,0,1771,1521,142
9470,95104745,22.2734067,1990,1685,0,1771,1524,142
9471,95114745,22.2744121,1991,1680,0,1773,1522,142
9472,95124745,22.2749374,1987,1682,0,1776,1523,142
9473,95134745,22.2753623,1996,1712,0,1783,1539,142
9474,95144745,22.27575,2000,1708,0,1786,1544,142
9475,95154745,22.2761255,1990,1709,0,1779,1539,142
9476,95164745,22.2766262,1986,1689,0,1778,1525,142
9477,95174745,22.2824657,1977,1674,0,1760,1511,142
9478,95184745,22.2831404,1977,1679,0,1762,1517,142
9479,95194745,22.2982468,1983,1674,0,1767,1509,142
9480,95204745,22.3273459,1994,1684,0,1775,1527,142
9481,95214745,22.3279521,1984,1657,0,1771,1508,142
9482,95224745,22.3283908,1970,1664,0,1759,1515,142
9483,95234745,22.3421661,2028,1732,0,1800,1561,142
9484,95244745,22.3432824,2021,1728,0,1807,1563,142
9485,95254745,22.3580302,2009,1735,0,1790,1568,142
9486,95264745,22.3737528,1989,1717,0,1773,1548,142
9487,95274745,22.3744399,1988,1683,0,1771,1523,142
9488,95284745,22.4805953,1984,1689,0,1775,1526,142
9489,95294745,22.4816738,1993,1685,0,1773,1525,142
9490,95304745,22.4824887,1984,1677,0,1775,1521,142
9491,95314745,22.4836267,1993,1671,0,1777,1519,142
9492,95324745,22.4845201,2002,1682,0,1784,1522,142
9493,95334745,22.4851603,2000,1694,0,1783,1534,142
9494,95344745,22.4856477,2000,1695,0,1783,1531,142
9495,95354745,22.4860503,1993,1703,0,1782,1539,142
9496,95364745,22.4864309,1990,1714,0,1773,1550,142
9497,95374745,22.4871206,1989,1691,0,1777,1529,142
9498,95384745,22.4876048,1994,1689,0,1777,1530,142
9499,95394745,22.5001756,1990,1690,0,1775,1527,142
9500,95404748,22.500972,1994,1697,0,1780,1530,142
9501,95414750,22.5160518,1993,1687,0,1780,1534,142
9502,95424745,22.5325733,1990,1693,0,1771,1532,142
9503,95434745,22.5334485,1993,1693,0,1777,1534,142
9504,95444745,22.562942,1993,1689,0,1773,1536,142
9505,95454745,22.5635346,1990,1689,0,1775,1526,142
9506,95464745,22.5639946,1996,1689,0,1776,1530,142
9507,95474745,22.5785863,1997,1688,0,1777,1525,142
9508,95484745,22.5940467,1991,1687,0,1780,1533,142
9509,95494745,22.5946821,1994,1689,0,1777,1525,142
9510,95504745,22.7000046,1987,1689,0,1773,1530,142
9511,95514745,22.7010712,1993,1691,0,1773,1532,142
9512,95524745,22.7020771,1984,1688,0,1775,1532,142
9513,95534745,22.7026602,1987,1687,0,1773,1530,142
9514,95544745,22.7030532,1990,1690,0,1780,1526,142
9515,95554745,22.703551,1990,1690,0,1779,1532,142
9516,95564745,22.7041629,1989,1690,0,1783,1530,142
9517,95574745,22.7049436,1989,1687,0,1779,1527,142
9518,95584745,22.7055222,1995,1686,0,1776,1530,142
9519,95594745,22.7063309,1993,1690,0,1777,1525,142
9520,95604745,22.7069037,1989,1687,0,1777,1530,142
9521,95614745,22.7185078,1993,1690,0,1777,1529,142
9522,95624745,22.7340592,1994,1692,0,1777,1525,142
9523,95634745,22.7350597,1987,1687,0,1776,1527,142
9524,95644745,22.7498243,1998,1691,0,1777,1532,142
9525,95654745,22.7655498,1993,1691,0,1778,1534,142
9526,95664745,22.7666816,1994,1687,0,1782,1531,142
9527,95674745,22.7834627,1991,1691,0,1780,1533,142
9528,95684745,22.7845348,1994,1687,0,1776,1531,142
9529,95694745,22.9281158,1995,1686,0,1779,1526,142
9530,95704745,22.9293128,1993,1695,0,1775,1530,142
9531,95714745,22.9303338,1991,1690,0,1782,1531,142
9532,95724745,22.9311769,1994,1653,0,1779,1529,142
9533,95734745,22.9318365,1993,1690,0,1782,1529,142
9534,95744745,22.9323976,1995,1695,0,1777,1527,142
9535,95754745,22.9328697,1997,1692,0,1777,1534,142
9536,95764745,22.9332516,1998,1685,0,1780,1527,142
9537,95774745,22.9336251,2018,1687,0,1778,1527,142
9538,95784745,22.9339968,1994,1690,0,1778,1526,142
9539,95794745,22.9344377,1991,1692,0,1777,1525,142
9540,95804745,22.9348239,1993,1690,0,1780,1531,142
9541,95814745,22.9352936,1987,1691,0,1777,1530,142
9542,95824745,22.9358278,1996,1695,0,1780,1531,142
9543,95834745,22.9365327,1994,1690,0,1777,1532,142
9544,95844745,22.9520582,1991,1694,0,1776,1530,142
9545,95854745,22.9527283,1995,1696,0,1780,1532,142
9546,95864745,22.9682787,1995,1687,0,1775,1530,142
9547,95874745,22.9832866,1996,1691,0,1781,1532,142
9548,95884745,22.9848043,1998,1693,0,1773,1520,142
9549,95894745,22.9976291,1991,1687,0,1782,1530,142
9550,95904745,23.0125773,1996,1693,0,1782,1532,142
9551,95914745,23.0131126,1991,1687,0,1773,1530,142
9552,95924745,23.1128722,1996,1684,0,1795,1525,142
9553,95934745,23.1139814,1990,1690,0,1780,1533,142
9554,95944745,23.1149304,1989,1695,0,1780,1532,142
9555,95954745,23.1157006,1994,1693,0,1777,1530,142
9556,95964745,23.1162326,1994,1691,0,1776,1531,142
9557,95974745,23.1166182,1993,1690,0,1777,1529,142
9558,95984745,23.1170083,1997,1687,0,1775,1526,142
9559,95994745,23.1173819,1990,1694,0,1780,1524,142
9560,96004745,23.1178729,1995,1685,0,1774,1526,142
9561,96014745,23.1243941,1991,1697,0,1776,1530,142
9562,96024745,23.1254256,1997,1693,0,1778,1534,142
9563,96034745,23.1390199,1991,1689,0,1783,1525,142
9564,96044745,23.1535129,1994,1694,0,1780,1534,142
9565,96054745,23.154211,1993,1681,0,1777,1530,142
9566,96064745,23.1694602,1993,1693,0,1780,1530,142
9567,96074745,23.1845864,1998,1690,0,1780,1529,142
9568,96084745,23.1858246,1995,1686,0,1782,1532,142
9569,96094745,23.2002857,1989,1687,0,1780,1528,142
9570,96104745,23.2009342,1994,1687,0,1777,1534,142
9571,96114745,23.216015,1991,1689,0,1780,1525,142
9572,96124745,23.2189699,1994,1685,0,1776,1524,142
9573,96134745,23.3243076,1997,1687,0,1777,1530,142
9574,96144745,23.3254907,1994,1687,0,1776,1532,142
9575,96154745,23.326606,1993,1689,0,1778,1526,142
9576,96164745,23.3276466,1997,1691,0,1778,1529,142
9577,96174745,23.3282611,1995,1687,0,1779,1530,142
9578,96184745,23.3286878,1989,1687,0,1777,1526,142
9579,96194745,23.3290658,1997,1692,0,1781,1529,142
9580,96204745,23.3294431,1995,1693,0,1779,1527,142
9581,96214745,23.3301297,1997,1692,0,1782,1530,142
9582,96224746,23.3305683,1991,1686,0,1776,1527,142
9583,96234745,23.339833,1990,1689,0,1780,1531,142
9584,96244745,23.3403821,1991,1691,0,1782,1537,142
9585,96254745,23.3567506,1995,1690,0,1782,1526,142
9586,96264745,23.3704954,1993,1690,0,1782,1531,142
9587,96274745,23.3714472,1998,1691,0,1782,1530,142
9588,96284745,23.3864223,1993,1690,0,1780,1527,142
9589,96294745,23.4020289,1990,1695,0,1778,1530,142
9590,96304745,23.4026854,1996,1690,0,1777,1530,142
9591,96314745,23.4175612,1993,1686,0,1778,1529,142
9592,96324745,23.4329475,1991,1693,0,1780,1525,142
9593,96334745,23.4335223,1998,1691,0,1778,1526,142
9594,96344745,23.5342372,1995,1693,0,1787,1524,142
9595,96354745,23.5351021,1997,1691,0,1778,1533,142
9596,96364745,23.5360188,1999,1686,0,1783,1531,142
9597,96374745,23.5365627,1994,1690,0,1777,1526,142
9598,96384745,23.5369745,1992,1694,0,1779,1535,142
9599,96394745,23.5373684,1994,1689,0,1780,1521,142
9600,96404745,23.5378238,1997,1690,0,1782,1534,142
9601,96414745,23.5383291,1995,1687,0,1778,1530,142
9602,96424745,23.5388232,1994,1689,0,1778,1526,142
9603,96434745,23.5429043,1995,1693,0,1780,1532,142
9604,96444745,23.5437652,1997,1685,0,1783,1534,142
9605,96454745,23.5581021,1993,1690,0,1775,1529,142
9606,96464745,23.5762347,1998,1687,0,1783,1527,142
9607,96474745,23.5769587,1995,1687,0,1781,1521,142
9608,96484745,23.5914325,1993,1687,0,1778,1530,142
9609,96494745,23.5927866,1998,1693,0,1784,1533,142
9610,96504745,23.6046744,1995,1693,0,1782,1530,142
9611,96514745,23.6201537,1994,1687,0,1773,1529,142
9612,96524745,23.7491986,1990,1686,0,1777,1534,142
9613,96534745,23.7502928,1991,1695,0,1784,1527,142
9614,96544745,23.7510273,1999,1692,0,1775,1527,142
9615,96554745,23.7515703,1987,1687,0,1783,1534,142
9616,96564745,23.7520751,1989,1689,0,1778,1526,142
9617,96574745,23.752608,1991,1686,0,1778,1525,142
9618,96584745,23.7531252,1991,1691,0,1778,1530,142
9619,96594745,23.7536594,1991,1691,0,1778,1530,142
9620,96604745,23.754278,1997,1689,0,1778,1524,142
9621,96614745,23.7550359,1993,1685,0,1777,1527,142
9622,96624745,23.7557551,1994,1693,0,1777,1527,142
9623,96634745,23.7565184,1994,1685,0,1771,1527,142
9624,96644745,23.7573298,1989,1693,0,1776,1530,142
9625,96654745,23.7617456,1991,1689,0,1773,1530,142
9626,96664745,23.7627345,1989,1681,0,1773,1527,142
9627,96674745,23.7784855,2000,1685,0,1780,1523,142
9628,96684745,23.8043725,2003,1690,0,1784,1525,142
9629,96694745,23.805048,2005,1695,0,1782,1532,142
9630,96704745,23.8092165,1999,1693,0,1782,1527,142
9631,96714745,23.8235363,1988,1694,0,1773,1534,142
9632,96724745,23.8243055,1994,1687,0,1777,1534,142
9633,96734745,23.8379926,1990,1685,0,1777,1527,142
9634,96744745,23.8530176,1995,1690,0,1782,1527,142
9635,96754745,23.8688546,1995,1684,0,1781,1524,142
9636,96764745,23.8694551,1987,1689,0,1772,1529,142
9637,96774745,23.9707089,1993,1690,0,1780,1527,142
9638,96784745,23.9715295,1989,1687,0,1776,1525,142
9639,96794745,23.9723216,1995,1690,0,1780,1525,142
9640,96804745,23.9731479,1990,1694,0,1774,1530,142
9641,96814745,23.9738716,1991,1686,0,1778,1525,142
9642,96824745,23.9746006,1995,1686,0,1779,1530,142
9643,96834745,23.9751894,1994,1694,0,1782,1529,142
9644,96844745,23.9757032,1997,1693,0,1779,1526,142
9645,96854745,23.9761205,1986,1691,0,1776,1522,142
9646,96864745,23.9765348,1999,1685,0,1779,1530,142
9647,96874745,23.9802104,1995,1691,0,1777,1526,142
9648,96884745,23.9934831,1997,1687,0,1780,1530,142
9649,96894745,23.9945826,1991,1686,0,1782,1532,142
9650,96904745,24.0087471,1998,1687,0,1779,1528,142
9651,96914745,24.009373,1999,1693,0,1780,1534,142
9652,96924745,24.0240908,1995,1685,0,1778,1529,142
9653,96934745,24.0396458,1997,1689,0,1779,1527,142
9654,96944745,24.0545095,1990,1713,0,1773,1548,142
9655,96954745,24.0551404,1987,1648,0,1777,1493,142
9656,96964745,24.0703178,1997,1680,0,1782,1525,142
9657,96974745,24.0708581,1996,1686,0,1777,1534,142
9658,96984745,24.1713197,1999,1683,0,1782,1531,142
9659,96994745,24.1729249,1993,1680,0,1781,1529,142
9660,97004745,24.1738371,1995,1684,0,1779,1527,142
9661,97014745,24.1743187,1995,1690,0,1782,1527,142
9662,97024745,24.1747243,1989,1690,0,1778,1526,142
9663,97034745,24.1751082,1995,1686,0,1777,1526,142
9664,97044746,24.175481,1999,1684,0,1782,1526,142
9665,97054745,24.1758829,1991,1687,0,1782,1530,142
9666,97064745,24.1762773,1991,1686,0,1780,1528,142
9667,97074745,24.1828675,1993,1690,0,1782,1525,142
9668,97084745,24.183489,1997,1691,0,1782,1529,142
9669,97094745,24.1970873,1991,1687,0,1777,1529,142
9670,97104745,24.211806,1992,1686,0,1782,1529,142
9671,97114745,24.2124981,1995,1691,0,1777,1529,142
9672,97124745,24.2284905,2005,1682,0,1784,1525,142
9673,97134745,24.243257,2008,1677,0,1784,1516,142
9674,97144745,24.2438577,2000,1675,0,1784,1516,142
9675,97154745,24.2613808,2000,1681,0,1784,1523,142
9676,97164745,24.2761382,2001,1679,0,1784,1521,142
9677,97174745,24.2767352,1999,1680,0,1776,1531,142
9678,97184745,24.3795366,1991,1696,0,1774,1533,142
9679,97194745,24.3804191,1991,1682,0,1782,1525,142
9680,97204745,24.3811706,1995,1680,0,1784,1521,142
9681,97214745,24.3818955,1998,1680,0,1779,1524,142
9682,97224745,24.3824898,1991,1684,0,1780,1526,142
9683,97234745,24.3829079,1987,1694,0,1773,1527,142
9684,97244745,24.3832815,1990,1697,0,1773,1530,142
9685,97254745,24.3836534,1985,1697,0,1772,1534,142
9686,97264745,24.3840271,1985,1685,0,1771,1521,142
9687,97274745,24.3846797,1985,1695,0,1773,1534,142
9688,97284745,24.3856063,1990,1687,0,1777,1527,142
9689,97294745,24.4010848,1993,1680,0,1776,1521,142
9690,97304745,24.4020611,1984,1679,0,1775,1521,142
9691,97314745,24.4161265,1988,1681,0,1775,1519,142
9692,97324745,24.4316792,1986,1679,0,1773,1522,142
9693,97334745,24.4468144,1991,1675,0,1771,1514,142
9694,97344745,24.4475359,1991,1669,0,1779,1513,142
9695,97354745,24.462318,1987,1664,0,1771,1507,142
9696,97364745,24.4632153,1993,1661,0,1780,1501,142
9697,97374745,24.4785776,1999,1652,0,1782,1497,142
9698,97384745,24.4937024,1993,1645,0,1778,1497,142
9699,97394745,24.4947117,1998,1648,0,1773,1494,142
9700,97404745,24.6058528,1987,1651,0,1775,1499,142
9701,97414745,24.6066435,1991,1661,0,1773,1505,142
9702,97424745,24.6074076,1989,1654,0,1774,1497,142
9703,97434745,24.6083446,1987,1660,0,1771,1497,142
9704,97444745,24.6092688,1987,1653,0,1781,1496,142
9705,97454745,24.6100424,1979,1642,0,1770,1495,142
9706,97464745,24.610738,1971,1629,0,1767,1486,142
9707,97474745,24.6114569,1977,1622,0,1763,1478,142
9708,97484745,24.6121757,1978,1621,0,1769,1470,142
9709,97494745,24.6128749,1985,1615,0,1767,1469,142
9710,97504745,24.6190531,1993,1622,0,1774,1470,142
9711,97514745,24.6200463,1985,1632,0,1779,1475,142
9712,97524745,24.6209792,1990,1638,0,1778,1483,142
9713,97534745,24.6357338,1993,1648,0,1778,1490,142
9714,97544745,24.6552666,1983,1642,0,1770,1492,142
9715,97554748,24.6570161,1981,1648,0,1768,1496,142
9716,97564745,24.666631,1982,1647,0,1769,1488,142
9717,97574745,24.6838917,1979,1639,0,1768,1486,142
9718,97584745,24.6844525,1979,1617,0,1762,1470,142
9719,97594745,24.8346336,1977,1613,0,1766,1462,142
9720,97604745,24.8359127,1971,1609,0,1764,1460,142
9721,97614745,24.8372054,1983,1611,0,1770,1467,142
9722,97624745,24.8383734,1985,1614,0,1771,1464,142
9723,97634745,24.8394457,1985,1603,0,1777,1466,142
9724,97644745,24.8404002,1990,1614,0,1773,1461,142
9725,97654745,24.8411884,1985,1622,0,1770,1469,142
9726,97664745,24.8417606,1983,1616,0,1775,1463,142
9727,97674745,24.8422401,1994,1603,0,1774,1464,142
9728,97684745,24.8428365,1993,1600,0,1770,1454,142
9729,97694745,24.8434222,1973,1595,0,1768,1451,142
9730,97704745,24.8439177,1968,1586,0,1758,1444,142
9731,97714745,24.8444741,1979,1570,0,1762,1439,142
9732,97724745,24.8451275,1974,1571,0,1762,1429,142
9733,97734745,24.845966,1970,1571,0,1760,1433,142
9734,97744745,24.8525568,1975,1571,0,1763,1431,142
9735,97754745,24.8533514,1982,1577,0,1763,1429,142
9736,97764745,24.867127,1965,1585,0,1758,1443,142
9737,97774745,24.8814554,1977,1583,0,1769,1442,142
9738,97784745,24.8819803,1976,1582,0,1759,1432,142
9739,97794745,24.8976534,1973,1565,0,1769,1429,142
9740,97804745,25.0099924,1978,1561,0,1766,1421,142
9741,97814745,25.0108966,1973,1559,0,1759,1418,142
9742,97824745,25.0117773,1979,1535,0,1763,1402,142
9743,97834745,25.0123105,1974,1556,0,1761,1402,142
9744,97844745,25.0127656,1973,1535,0,1759,1402,142
9745,97854745,25.0134118,1974,1535,0,1767,1402,142
9746,97864745,25.0140244,1970,1535,0,1759,1402,142
9747,97874745,25.0144449,1973,1535,0,1756,1402,142
9748,97884745,25.0148539,1968,1533,0,1754,1402,142
9749,97894745,25.0152647,1968,1533,0,1759,1401,142
9750,97904745,25.0157128,1970,1525,0,1759,1397,142
9751,97914745,25.0221103,1971,1527,0,1763,1394,142
9752,97924745,25.0226104,1968,1526,0,1758,1395,142
9753,97934745,25.0369374,1967,1513,0,1759,1389,142
9754,97944745,25.0518539,1971,1506,0,1759,1382,142
9755,97954745,25.0527262,1968,1505,0,1756,1382,142
9756,97964745,25.0695021,1968,1512,0,1757,1381,142
9757,97974745,25.0836672,1968,1516,0,1759,1392,142
9758,97984745,25.0844066,1968,1520,0,1759,1385,142
9759,97994745,25.099241,1970,1511,0,1759,1385,142
9760,98004745,25.1134714,1970,1506,0,1759,1386,142
9761,98014745,25.1140516,1969,1504,0,1755,1381,142
9762,98024745,25.2340109,1968,1511,0,1764,1379,142
9763,98034745,25.2348987,1956,1521,0,1752,1392,142
9764,98044745,25.2357014,1966,1511,0,1750,1384,142
9765,98054745,25.2362427,1966,1502,0,1754,1379,142
9766,98064745,25.2366452,1968,1502,0,1753,1375,142
9767,98074745,25.237028,1968,1502,0,1755,1376,142
9768,98084745,25.2374263,1963,1501,0,1758,1373,142
9769,98094745,25.2386623,1936,1472,0,1729,1346,142
9770,98104745,25.2393396,1973,1467,0,1764,1351,142
9771,98114745,25.2399413,1979,1488,0,1764,1360,142
9772,98124745,25.2404771,1985,1488,0,1771,1364,142
9773,98134745,25.2413415,1968,1530,0,1750,1401,142
9774,98144745,25.2422295,1968,1520,0,1754,1385,142
9775,98154745,25.2556723,1989,1456,0,1768,1338,142
9776,98164745,25.2707096,1973,1447,0,1765,1333,142
9777,98174745,25.2717412,1964,1475,0,1751,1359,142
9778,98184745,25.2871459,1958,1463,0,1754,1349,142
9779,98194745,25.3017377,1955,1472,0,1747,1355,142
9780,98204745,25.3023663,1963,1477,0,1753,1351,142
9781,98214745,25.3179484,1965,1466,0,1754,1346,142
9782,98224745,25.3328683,1955,1459,0,1753,1351,142
9783,98234745,25.3335556,1965,1466,0,1753,1354,142
9784,98244745,25.4461337,1962,1469,0,1754,1345,142
9785,98254745,25.4472261,1962,1468,0,1754,1346,142
9786,98264745,25.4479088,1965,1467,0,1757,1338,142
9787,98274745,25.4484991,1958,1463,0,1753,1346,142
9788,98284745,25.4490336,1954,1459,0,1753,1345,142
9789,98294745,25.449589,1966,1458,0,1762,1348,142
9790,98304745,25.4502588,1958,1458,0,1750,1337,142
9791,98314745,25.4508124,1951,1453,0,1744,1336,142
9792,98324745,25.4513671,1955,1459,0,1744,1342,142
9793,98334745,25.4519381,1951,1461,0,1741,1348,142
9794,98344745,25.452498,1952,1456,0,1750,1335,142
9795,98354745,25.4594351,1955,1457,0,1746,1336,142
9796,98364745,25.4743381,1973,1443,0,1758,1333,142
9797,98374745,25.4751892,1952,1459,0,1746,1339,142
9798,98384745,25.489524,1967,1442,0,1757,1330,142
9799,98394745,25.4907251,1964,1452,0,1754,1337,142
9800,98404745,25.5082571,1955,1454,0,1750,1337,142
9801,98414745,25.5195639,1953,1455,0,1745,1338,142
9802,98424745,25.6387862,1962,1437,0,1755,1325,142
9803,98434745,25.6403038,1959,1456,0,1749,1337,142
9804,98444745,25.6412681,1953,1447,0,1744,1337,142
9805,98454745,25.6419015,1954,1435,0,1750,1322,142
9806,98464747,25.6423877,1958,1438,0,1754,1325,142
9807,98474745,25.6427814,1963,1472,0,1755,1355,142
9808,98484745,25.6432875,1959,1447,0,1757,1326,142
9809,98494745,25.6441011,1958,1450,0,1758,1329,142
9810,98504745,25.6449383,1957,1447,0,1754,1326,142
9811,98514745,25.6457814,1963,1449,0,1750,1330,142
9812,98524745,25.6462592,1956,1440,0,1747,1325,142
9813,98534745,25.6466766,1955,1440,0,1747,1328,142
9814,98544745,25.6473507,1957,1450,0,1745,1323,142
9815,98554745,25.6606385,1958,1440,0,1750,1330,142
9816,98564745,25.661735,1961,1440,0,1750,1326,142
9817,98574745,25.6921379,1962,1442,0,1747,1329,142
9818,98584745,25.6934063,1955,1440,0,1746,1321,142
9819,98594745,25.6944621,1948,1433,0,1750,1322,142
9820,98604745,25.7220645,1962,1424,0,1748,1314,142
9821,98614745,25.7227878,1950,1445,0,1742,1319,142
9822,98624745,25.7231908,1959,1431,0,1747,1319,142
9823,98634745,25.7386234,1961,1440,0,1758,1316,142
9824,98644745,25.8309919,1950,1449,0,1741,1330,142
9825,98654745,25.8315858,1959,1437,0,1757,1322,142
9826,98664745,25.832155,1963,1426,0,1746,1322,142
9827,98674745,25.8328123,1961,1439,0,1754,1322,142
9828,98684745,25.8335314,1968,1438,0,1753,1320,142
9829,98694745,25.834176,1961,1442,0,1755,1322,142
9830,98704745,25.8346238,1955,1438,0,1755,1323,142
9831,98714745,25.8350065,1956,1441,0,1753,1319,142
9832,98724745,25.8353833,1961,1435,0,1755,1323,142
9833,98734745,25.8453681,1959,1434,0,1758,1326,142
9834,98744745,25.8459707,1962,1434,0,1754,1325,142
9835,98754745,25.8612132,1958,1442,0,1756,1323,142
9837,98774745,25.8772389,1962,1435,0,1755,1316,142
9838,98784745,25.8929613,1956,1435,0,1753,1320,142
9839,98794745,25.8936868,1957,1440,0,1749,1321,142
9840,98804745,25.9089763,1961,1440,0,1750,1321,142
9841,98814745,25.9238343,1955,1439,0,1750,1326,142
9842,98824745,25.9244005,1967,1437,0,1750,1322,142
9843,98834745,25.9395944,1964,1441,0,1746,1319,142
9844,98844745,26.050254,1959,1436,0,1752,1322,142
9845,98854745,26.0514221,1960,1445,0,1752,1322,142
9846,98864745,26.0522814,1967,1440,0,1757,1328,142
9847,98874745,26.0528935,1975,1449,0,1764,1330,142
9848,98884745,26.0535623,1967,1452,0,1758,1327,142
9849,98894745,26.0543026,1968,1428,0,1757,1319,142
9850,98904745,26.0553096,1968,1449,0,1756,1333,142
9851,98914745,26.0562842,1965,1430,0,1750,1323,142
9852,98924745,26.056935,1954,1446,0,1750,1320,142
9853,98934745,26.0576112,1973,1441,0,1767,1328,142
9854,98944745,26.0582699,1950,1416,0,1741,1311,142
9855,98954745,26.0623042,1943,1431,0,1742,1314,142
9856,98964745,26.0633468,1953,1454,0,1745,1337,142
9857,98974745,26.0814201,1950,1444,0,1732,1333,142
9858,98984746,26.0933573,1947,1399,0,1749,1294,142
9859,98994745,26.0940006,1985,1437,0,1773,1317,142
9860,99004745,26.1099168,1961,1443,0,1745,1323,142
9861,99014745,26.1249283,1949,1453,0,1737,1332,142
9862,99024745,26.1257836,1957,1429,0,1749,1316,142
9863,99034745,26.1427199,1966,1431,0,1756,1321,142
9864,99044745,26.143352,1952,1430,0,1752,1323,142
9865,99054745,26.2436237,1943,1429,0,1745,1313,142
9866,99064745,26.2445615,1963,1433,0,1754,1325,142
9867,99074745,26.2451456,1957,1430,0,1747,1319,142
9868,99084745,26.2456901,1961,1440,0,1750,1325,142
9869,99094745,26.2462608,1958,1442,0,1752,1319,142
9870,99104745,26.2468094,1958,1439,0,1750,1322,142
9871,99114745,26.2473728,1965,1439,0,1754,1321,142
9872,99124745,26.2479516,1961,1436,0,1753,1321,142
9873,99134745,26.2489004,1958,1435,0,1745,1319,142
9874,99144745,26.249926,1954,1435,0,1750,1314,142
9875,99154745,26.2646829,1961,1439,0,1753,1324,142
9876,99164745,26.2654227,1955,1433,0,1745,1320,142
9877,99174745,26.2813445,1964,1434,0,1753,1323,142
9878,99184745,26.2821846,1955,1431,0,1750,1322,142
9879,99194745,26.2973133,1959,1433,0,1749,1319,142
9880,99204745,26.3121699,1941,1435,0,1742,1320,142
9881,99214745,26.3130257,1955,1439,0,1745,1317,142
9882,99224745,26.3289709,1939,1435,0,1740,1317,142
9883,99234745,26.3298656,1951,1435,0,1754,1323,142
9884,99244745,26.3437083,1962,1437,0,1753,1319,142
9885,99254745,26.4696054,1966,1439,0,1755,1323,142
9886,99264745,26.4709706,1979,1427,0,1759,1316,142
9887,99274745,26.4720678,1969,1431,0,1759,1325,142
9888,99284745,26.4731447,1963,1440,0,1758,1324,142
9889,99294745,26.4738371,1965,1446,0,1748,1313,142
9890,99304745,26.4744869,1964,1437,0,1750,1331,142
9891,99314745,26.4751314,1958,1441,0,1746,1325,142
9892,99324745,26.4758015,1957,1436,0,1745,1319,142
9893,99334745,26.4764929,1956,1435,0,1749,1316,142
9894,99344745,26.4769664,1963,1441,0,1757,1319,142
9895,99354745,26.4774442,1959,1435,0,1750,1322,142
9896,99364745,26.4782059,1962,1441,0,1754,1317,142
9897,99374745,26.4789879,1959,1435,0,1747,1319,142
9898,99384745,26.4855892,1954,1435,0,1750,1321,142
9899,99394745,26.499651,1956,1444,0,1749,1325,142
9900,99404745,26.5147211,1959,1440,0,1752,1322,142
9901,99414745,26.5158029,1962,1435,0,1750,1323,142
9902,99424745,26.5329356,1958,1428,0,1748,1327,142
9903,99434745,26.5336476,1963,1437,0,1754,1316,142
9904,99444745,26.5460297,1958,1438,0,1757,1321,142
9905,99454745,26.6487409,1961,1435,0,1749,1327,142
9906,99464745,26.6495918,1953,1430,0,1749,1319,142
9907,99474745,26.6503903,1955,1428,0,1754,1320,142
9908,99484745,26.6513494,1958,1429,0,1750,1320,142
9909,99494745,26.652069,1953,1430,0,1749,1313,142
9910,99504745,26.652701,1955,1438,0,1754,1324,142
9911,99514745,26.6534486,1966,1441,0,1749,1324,142
9912,99524745,26.6545342,1967,1437,0,1751,1328,142
9913,99534745,26.6555217,1958,1440,0,1753,1320,142
9914,99544745,26.6565446,1957,1437,0,1747,1322,142
9915,99554745,26.6572905,1959,1429,0,1747,1322,142
9916,99564745,26.6678864,1955,1440,0,1749,1318,142
9917,99574745,26.6833062,1963,1439,0,1756,1322,142
9918,99584745,26.684255,1958,1435,0,1755,1326,142
9919,99594745,26.699096,1958,1442,0,1754,1325,142
9920,99604745,26.6996594,1962,1434,0,1750,1315,142
9921,99614745,26.7163458,1955,1439,0,1748,1319,142
9922,99624745,26.7308772,1957,1434,0,1754,1325,142
9923,99634745,26.7313794,1965,1438,0,1750,1327,142
9924,99644745,26.7466449,1965,1437,0,1753,1324,142
9925,99654745,26.8677444,1952,1437,0,1754,1322,142
9926,99664745,26.8685678,1965,1432,0,1746,1317,142
9927,99674745,26.8692032,1962,1425,0,1754,1320,142
9928,99684745,26.8697275,1958,1441,0,1750,1321,142
9929,99694745,26.8702258,1958,1431,0,1749,1319,142
9930,99704745,26.8712881,1959,1436,0,1750,1320,142
9931,99714745,26.8720896,1965,1431,0,1753,1322,142
9932,99724745,26.8728085,1963,1435,0,1750,1324,142
9933,99734745,26.8733961,1956,1440,0,1747,1319,142
9934,99744745,26.8740327,1965,1438,0,1756,1322,142
9935,99754745,26.8747501,1961,1435,0,1750,1319,142
9936,99764745,26.8758725,1962,1431,0,1750,1317,142
9937,99774745,26.8769787,1959,1439,0,1749,1325,142
9938,99784745,26.8875799,1947,1436,0,1755,1315,142
9939,99794745,26.9020234,1965,1441,0,1758,1320,142
9940,99804745,26.9028979,1965,1436,0,1752,1316,142
9941,99814745,26.9180572,1959,1431,0,1752,1323,142
9942,99824745,26.9334018,1963,1432,0,1753,1320,142
9943,99834745,26.9339039,1967,1434,0,1754,1322,142
9944,99844745,26.9497786,1961,1435,0,1754,1323,142
9945,99854745,27.0526364,1959,1439,0,1757,1319,142
9946,99864745,27.0534164,1953,1433,0,1754,1317,142
9947,99874745,27.0543217,1966,1438,0,1753,1320,142
9948,99884745,27.055175,1954,1437,0,1749,1315,142
9949,99894745,27.0560364,1965,1433,0,1749,1319,142
9950,99904745,27.0570546,1959,1435,0,1750,1327,142
9951,99914745,27.058174,1961,1439,0,1749,1317,142
9952,99924745,27.0588244,1959,1445,0,1746,1321,142
9953,99934745,27.0597665,1963,1439,0,1753,1319,142
9954,99944745,27.0610025,1963,1437,0,1754,1311,142
9955,99954745,27.0624625,1950,1439,0,1755,1326,142
9956,99964745,27.0736868,1963,1438,0,1752,1323,142
9957,99974745,27.0747967,1963,1444,0,1747,1320,142
9958,99984745,27.0904412,1951,1434,0,1750,1315,142
9959,99994745,27.091345,1957,1441,0,1752,1325,142
9960,100004745,27.1213138,1966,1437,0,1753,1316,142
9961,100014747,27.1224842,1962,1431,0,1754,1324,142
9962,100024745,27.1235376,1961,1436,0,1750,1328,142
9963,100034745,27.1394822,1961,1435,0,1753,1327,142
9964,100044745,27.1524104,1955,1438,0,1750,1322,142
9965,100054745,27.1531004,1956,1437,0,1751,1323,142
9966,100064745,27.3232473,1967,1436,0,1755,1322,142
9967,100074745,27.3247593,1964,1434,0,1752,1322,142
9968,100084745,27.3259519,1959,1435,0,1754,1315,142
9969,100094745,27.3268953,1962,1437,0,1755,1315,142
9970,100104745,27.3279512,1961,1437,0,1750,1321,142
9971,100114745,27.3289294,1956,1441,0,1748,1317,142
9972,100124745,27.3298829,1959,1439,0,1753,1325,142
9973,100134745,27.33066,1962,1446,0,1750,1314,142
9974,100144745,27.3313045,1959,1431,0,1753,1323,142
9975,100154745,27.3319114,1961,1427,0,1752,1319,142
9976,100164745,27.3326302,1965,1432,0,1747,1319,142
9977,100174745,27.3332179,1959,1439,0,1750,1324,142
9978,100184745,27.3338045,1962,1431,0,1748,1319,142
9979,100194745,27.3343594,1959,1435,0,1747,1321,142
9980,100204745,27.334768,1964,1437,0,1749,1314,142
9981,100214745,27.3354155,1963,1433,0,1750,1319,142
9982,100224745,27.3359919,1965,1435,0,1755,1321,142
9983,100234745,27.3427381,1959,1435,0,1747,1316,142
9984,100244745,27.3436481,1966,1431,0,1750,1322,142
9985,100254745,27.3575905,1953,1437,0,1755,1317,142
9986,100264745,27.4836965,1963,1432,0,1754,1315,142
9987,100274745,27.484477,1958,1429,0,1750,1319,142
9988,100284745,27.4849729,1965,1433,0,1748,1323,142
9989,100294745,27.4853616,1963,1437,0,1754,1316,142
9990,100304745,27.4857375,1959,1436,0,1750,1322,142
9991,100314745,27.4861124,1955,1427,0,1750,1316,142
9992,100324745,27.4865207,1962,1435,0,1750,1320,142
9993,100334745,27.4869086,1954,1430,0,1750,1322,142
9994,100344745,27.4872824,1952,1439,0,1753,1323,142
9995,100354745,27.4876911,1955,1439,0,1746,1323,142
9996,100364745,27.488306,1968,1431,0,1758,1323,142
9997,100374745,27.4889426,1961,1428,0,1750,1319,142
9998,100384745,27.4903395,1963,1432,0,1746,1325,142
9999,100394745,27.4994687,1954,1435,0,1750,1319,142
10000,100404748,27.5129197,1958,1428,0,1753,1322,142
10001,100414750,27.5277572,1966,1431,0,1749,1323,142
10002,100424745,27.5284672,1967,1437,0,1747,1319,142
10003,100434745,27.5431493,1961,1434,0,1748,1319,142
10004,100444745,27.5436927,1962,1437,0,1747,1324,142
10005,100454745,27.6716235,1955,1433,0,1750,1316,142
10006,100464745,27.6727269,1962,1435,0,1749,1320,142
10007,100474745,27.6737225,1959,1435,0,1745,1321,142
10008,100484745,27.6746386,1959,1439,0,1753,1315,142
10009,100494745,27.6753146,1965,1433,0,1749,1326,142
10010,100504745,27.6759577,1957,1433,0,1746,1320,142
10011,100514745,27.6769844,1968,1435,0,1754,1320,142
10012,100524745,27.6779442,1958,1434,0,1750,1322,142
10013,100534745,27.6788102,1955,1434,0,1749,1316,142
10014,100544745,27.679677,1963,1439,0,1749,1319,142
10015,100554745,27.6803092,1961,1431,0,1749,1323,142
10016,100564745,27.6809709,1959,1433,0,1749,1317,142
10017,100574745,27.6856881,1963,1433,0,1750,1323,142
10018,100584745,27.6865343,1959,1437,0,1753,1323,142
10019,100594745,27.6989827,1963,1435,0,1747,1313,142
10020,100604745,27.7134324,1959,1436,0,1754,1319,142
10021,100614745,27.7143342,1966,1430,0,1753,1323,142
10022,100624745,27.7321665,1962,1430,0,1755,1318,142
10023,100634745,27.7329156,1968,1437,0,1754,1326,142
10024,100644745,27.7457122,1956,1438,0,1749,1323,142
10025,100654745,27.7617149,1959,1433,0,1754,1323,142
10026,100664745,27.7625263,1959,1439,0,1745,1323,142
10027,100674745,27.8720933,1965,1434,0,1747,1321,142
10028,100684745,27.8729502,1963,1437,0,1754,1320,142
10029,100694745,27.8734828,1957,1429,0,1752,1315,142
10030,100704745,27.8739296,1958,1433,0,1749,1319,142
10031,100714745,27.8744916,1965,1430,0,1753,1316,142
10032,100724745,27.875086,1955,1430,0,1743,1319,142
10033,100734745,27.8755342,1957,1433,0,1749,1319,142
10034,100744745,27.8759321,1957,1435,0,1747,1324,142
10035,100754745,27.8763455,1961,1434,0,1752,1319,142
10036,100764745,27.876765,1963,1429,0,1754,1320,142
10037,100774745,27.8771715,1959,1440,0,1747,1316,142
10038,100784745,27.8894427,1961,1433,0,1746,1316,142
10039,100794745,27.9057052,1957,1431,0,1752,1323,142
10040,100804745,27.9070203,1959,1429,0,1750,1315,142
10041,100814745,27.9211903,1955,1434,0,1754,1320,142
10042,100824745,27.935679,1957,1431,0,1750,1324,142
10043,100834745,27.9364626,1954,1425,0,1746,1316,142
10044,100844745,27.9497273,1966,1437,0,1752,1321,142
10045,100854745,27.9501687,1956,1439,0,1747,1316,142
10046,100864745,27.9653442,1961,1429,0,1755,1314,142
10047,100874745,28.0726293,1963,1428,0,1750,1323,142
10048,100884745,28.0737354,1963,1432,0,1748,1323,142
10049,100894745,28.0753064,1956,1437,0,1745,1315,142
10050,100904745,28.0762575,1959,1432,0,1750,1323,142
10051,100914745,28.0769599,1963,1442,0,1757,1320,142
10052,100924745,28.0777297,1961,1435,0,1748,1320,142
10053,100934745,28.0782809,1958,1427,0,1750,1317,142
10054,100944745,28.0788434,1961,1435,0,1749,1316,142
10055,100954745,28.0793578,1958,1437,0,1754,1323,142
10056,100964745,28.0802288,1965,1430,0,1750,1323,142
10057,100974745,28.0808594,1950,1438,0,1745,1319,142
10058,100984745,28.0916183,1963,1437,0,1757,1323,142
10059,100994745,28.1070106,1955,1436,0,1754,1327,142
10060,101004745,28.1081182,1955,1439,0,1748,1317,142
10061,101014745,28.1225767,1961,1433,0,1755,1325,142
10062,101024745,28.1233094,1959,1437,0,1750,1319,142
10063,101034745,28.1395932,1958,1430,0,1749,1314,142
10064,101044745,28.1534204,1959,1442,0,1755,1314,142
10065,101054745,28.1541492,1958,1433,0,1753,1324,142
10066,101064745,28.1693062,1961,1434,0,1748,1323,142
10067,101074745,28.2747832,1952,1426,0,1750,1324,142
10068,101084745,28.2755822,1959,1431,0,1746,1319,142
10069,101094745,28.2762175,1959,1427,0,1754,1323,142
10070,101104745,28.2767668,1961,1428,0,1749,1315,142
10071,101114745,28.2772851,1953,1425,0,1754,1319,142
10072,101124745,28.277863,1966,1430,0,1752,1323,142
10073,101134745,28.2784896,1955,1425,0,1747,1319,142
10074,101144745,28.2793466,1962,1427,0,1754,1315,142
10075,101154745,28.2801327,1962,1425,0,1749,1316,142
10076,101164745,28.280731,1955,1431,0,1750,1315,142
10077,101174745,28.2815521,1955,1431,0,1749,1315,142
10078,101184745,28.2821304,1955,1435,0,1750,1321,142
10079,101194745,28.2961728,1955,1434,0,1750,1317,142
10080,101204745,28.3116346,1962,1429,0,1749,1318,142
10081,101214745,28.3123447,1955,1429,0,1750,1324,142
10082,101224745,28.3278935,1958,1434,0,1750,1320,142
10083,101234745,28.3429578,1963,1425,0,1747,1321,142
10084,101244745,28.3434452,1961,1429,0,1752,1325,142
10085,101254745,28.3584332,1967,1424,0,1747,1320,142
10086,101264745,28.3593535,1959,1435,0,1750,1316,142
10087,101274745,28.3718874,1956,1427,0,1750,1320,142
10088,101284745,28.5031237,1961,1431,0,1749,1313,142
10089,101294745,28.503998,1957,1431,0,1750,1320,142
10090,101304745,28.5053777,1954,1421,0,1753,1319,142
10091,101314745,28.5069621,1961,1433,0,1756,1314,142
10092,101324745,28.5082692,1957,1435,0,1745,1319,142
10093,101334745,28.509872,1957,1435,0,1750,1322,142
10094,101344745,28.5111433,1966,1438,0,1755,1322,142
10095,101354745,28.5144291,1957,1437,0,1751,1320,142
10096,101364745,28.5161663,1962,1429,0,1752,1312,142
10097,101374745,28.5175342,1962,1434,0,1750,1318,142
10098,101384745,28.5196528,1959,1437,0,1752,1317,142
10099,101394745,28.520844,1964,1434,0,1754,1315,142
10100,101404745,28.521965,1955,1426,0,1752,1316,142
10101,101414745,28.5234347,1959,1436,0,1755,1313,142
10102,101424745,28.5345777,1956,1438,0,1751,1320,142
10103,101434745,28.5361491,1962,1431,0,1756,1319,142
10104,101444745,28.5511502,1963,1429,0,1754,1323,142
10105,101454745,28.5527838,1952,1427,0,1750,1320,142
10106,101464745,28.5655921,1966,1438,0,1755,1322,142
10107,101474745,28.69116,1960,1434,0,1750,1316,142
10108,101484745,28.6922377,1959,1435,0,1750,1323,142
10109,101494745,28.692905,1959,1430,0,1747,1315,142
10110,101504745,28.6934211,1962,1437,0,1753,1317,142
10111,101514745,28.6938639,1962,1426,0,1750,1320,142
10112,101524745,28.6942749,1958,1435,0,1750,1321,142
10113,101534745,28.6946971,1962,1436,0,1754,1322,142
10114,101544745,28.6950817,1955,1435,0,1752,1323,142
10115,101554745,28.6955025,1963,1427,0,1753,1318,142
10116,101564745,28.6959149,1963,1440,0,1753,1320,142
10117,101574745,28.6962976,1954,1431,0,1745,1320,142
10118,101584745,28.6966733,1968,1430,0,1750,1317,142
10119,101594745,28.70244,1954,1431,0,1750,1315,142
10120,101604745,28.7029123,1955,1437,0,1755,1320,142
10121,101614745,28.7180129,1958,1437,0,1753,1323,142
10122,101624745,28.7343869,1958,1439,0,1750,1322,142
10123,101634745,28.7352983,1967,1433,0,1747,1311,142
10124,101644745,28.7502564,1958,1435,0,1750,1322,142
10125,101654745,28.7507866,1961,1429,0,1749,1319,142
10126,101664745,28.7657183,1959,1437,0,1752,1312,142
10127,101674745,28.7812777,1968,1429,0,1755,1319,142
10128,101684745,28.7817141,1963,1436,0,1747,1319,142
10129,101694745,28.8857918,1954,1431,0,1749,1319,142
10130,101704745,28.886781,1961,1431,0,1750,1318,142
10131,101714745,28.887424,1965,1430,0,1754,1323,142
10132,101724745,28.8880622,1968,1427,0,1756,1319,142
10133,101734745,28.8886063,1965,1435,0,1745,1315,142
10134,101744745,28.8895485,1958,1426,0,1754,1317,142
10135,101754745,28.8903424,1964,1431,0,1754,1321,142
10136,101764745,28.8912093,1959,1432,0,1749,1322,142
10137,101774745,28.89191,1958,1437,0,1749,1323,142
10138,101784745,28.8929928,1961,1440,0,1755,1317,142
10139,101794745,28.8936105,1957,1434,0,1752,1314,142
10140,101804745,28.9075765,1959,1434,0,1746,1320,142
10141,101814745,28.92138,1954,1434,0,1754,1322,142
10142,101824745,28.9223961,1962,1429,0,1753,1323,142
10143,101834745,28.9364343,1959,1433,0,1750,1315,142
10144,101844745,28.9536359,1957,1436,0,1754,1324,142
10145,101854745,28.9542697,1958,1428,0,1748,1318,142
10146,101864745,28.9667528,1957,1433,0,1750,1317,142
10147,101874745,28.9834404,1962,1437,0,1751,1320,142
10148,101884745,28.9842999,1958,1431,0,1752,1321,142
10149,101894745,29.0900545,1958,1434,0,1744,1322,142
10150,101904745,29.0912437,1961,1434,0,1749,1320,142
10151,101914745,29.0931291,1958,1433,0,1750,1323,142
10152,101924745,29.0937989,1963,1440,0,1750,1316,142
10153,101934745,29.0942297,1958,1429,0,1750,1320,142
10154,101944745,29.0946271,1958,1429,0,1750,1323,142
10155,101954745,29.0950463,1959,1430,0,1747,1317,142
10156,101964745,29.0954458,1957,1430,0,1749,1321,142
10157,101974745,29.0958573,1959,1435,0,1754,1315,142
10158,101984745,29.096544,1965,1431,0,1748,1320,142
10159,101994745,29.0969809,1962,1431,0,1758,1319,142
10160,102004745,29.1093278,1959,1431,0,1753,1323,142
10161,102014745,29.1246095,1959,1437,0,1749,1320,142
10162,102024745,29.125799,1961,1430,0,1754,1317,142
10163,102034745,29.1408896,1957,1432,0,1755,1325,142
10164,102044745,29.1549657,1957,1431,0,1750,1316,142
10165,102054745,29.1557931,1953,1437,0,1748,1315,142
10166,102064745,29.1697975,1959,1429,0,1753,1322,142
10167,102074745,29.1702668,1966,1439,0,1754,1317,142
10168,102084745,29.1859406,1959,1433,0,1753,1317,142
10169,102094745,29.2932484,1959,1438,0,1755,1317,142
10170,102104745,29.2941351,1963,1429,0,1753,1323,142
10171,102114745,29.2952287,1963,1431,0,1749,1314,142
10172,102124745,29.2960028,1966,1431,0,1755,1317,142
10173,102134745,29.2964446,1962,1437,0,1753,1316,142
10174,102144745,29.2968505,1959,1435,0,1753,1323,142
10175,102154745,29.2972391,1968,1435,0,1747,1315,142
10176,102164745,29.2976224,1954,1434,0,1747,1323,142
10177,102174745,29.2980138,1962,1439,0,1750,1324,142
10178,102184745,29.2983989,1967,1438,0,1750,1320,142
10179,102194745,29.2990846,1957,1438,0,1752,1322,142
10180,102204745,29.3122395,1963,1432,0,1750,1315,142
10181,102214745,29.3129282,1957,1433,0,1750,1319,142
10182,102224745,29.3301635,1958,1431,0,1746,1316,142
10183,102234745,29.3458584,1965,1440,0,1753,1317,142
10184,102244745,29.3463999,1965,1435,0,1750,1316,142
10185,102254745,29.3594363,1959,1430,0,1750,1319,142
10186,102264750,29.3743262,1959,1437,0,1746,1316,142
10187,102274745,29.374943,1959,1431,0,1750,1322,142
10188,102284745,29.3908396,1959,1428,0,1754,1317,142
10189,102294745,29.4054479,1959,1428,0,1757,1316,142
10190,102304745,29.406049,1965,1433,0,1751,1319,142
10191,102314745,29.5161241,1965,1438,0,1749,1321,142
10192,102324745,29.5172311,1957,1438,0,1754,1313,142
10193,102334745,29.5184671,1966,1438,0,1750,1316,142
10194,102344745,29.5192887,1963,1431,0,1746,1317,142
10195,102354745,29.5198739,1965,1433,0,1754,1323,142
10196,102364745,29.5205971,1966,1438,0,1754,1319,142
10197,102374745,29.5214033,1963,1439,0,1756,1323,142
10198,102384745,29.5221843,1965,1430,0,1750,1315,142
10199,102394745,29.5228614,1962,1437,0,1752,1319,142
10200,102404745,29.5235868,1958,1438,0,1755,1324,142
10201,102414745,29.5243305,1967,1441,0,1750,1319,142
10202,102424745,29.5349598,1958,1431,0,1755,1319,142
10203,102434745,29.5358329,1967,1435,0,1752,1314,142
10204,102444745,29.5483233,1965,1441,0,1755,1320,142
10205,102454745,29.5631067,1958,1436,0,1745,1316,142
10206,102464745,29.5639959,1963,1430,0,1748,1318,142
10207,102474745,29.5792708,1961,1429,0,1750,1315,142
10208,102484745,29.5801454,1963,1438,0,1754,1323,142
10209,102494745,29.5950558,1955,1435,0,1747,1323,142
10210,102504745,29.6102795,1959,1431,0,1755,1323,142
10211,102514745,29.6109382,1959,1430,0,1750,1319,142
10212,102524745,29.7183031,1953,1433,0,1752,1313,142
10213,102534745,29.7192572,1965,1434,0,1755,1325,142
10214,102544745,29.7200197,1958,1434,0,1750,1327,142
10215,102554745,29.7206264,1959,1437,0,1753,1320,142
10216,102564745,29.7215919,1960,1435,0,1750,1323,142
10217,102574745,29.722536,1953,1436,0,1753,1322,142
10218,102584745,29.7235616,1952,1419,0,1746,1323,142
10219,102594745,29.7248294,1958,1438,0,1758,1320,142
10220,102604745,29.7256302,1955,1424,0,1754,1317,142
10221,102614745,29.7263067,1963,1436,0,1754,1319,142
10222,102624745,29.7333922,1966,1429,0,1753,1319,142
10223,102634745,29.7341504,1968,1435,0,1750,1320,142
10224,102644745,29.7486605,1959,1436,0,1748,1322,142
10225,102654745,29.7634337,1963,1429,0,1750,1319,142
10226,102664745,29.7639588,1957,1428,0,1745,1315,142
10227,102674745,29.7794194,1962,1425,0,1750,1323,142
10228,102684745,29.7802158,1963,1429,0,1757,1314,142
10229,102694745,29.7953633,1963,1427,0,1752,1320,142
10230,102704745,29.8102296,1962,1434,0,1755,1323,142
10231,102714745,29.8109244,1956,1438,0,1747,1317,142
10232,102724745,29.9222795,1963,1435,0,1755,1320,142
10233,102734745,29.9232986,1957,1439,0,1755,1314,142
10234,102744746,29.9242708,1968,1438,0,1753,1323,142
10235,102754745,29.9251546,1960,1429,0,1750,1321,142
10236,102764745,29.9258845,1962,1430,0,1749,1316,142
10237,102774745,29.9264331,1955,1439,0,1754,1313,142
10238,102784745,29.9270997,1958,1435,0,1747,1318,142
10239,102794745,29.9276513,1968,1431,0,1757,1316,142
10240,102804745,29.9280557,1965,1434,0,1753,1317,142
10241,102814745,29.9284385,1959,1430,0,1752,1317,142
10242,102824745,29.9337526,1962,1431,0,1751,1317,142
10243,102834745,29.9345113,1967,1430,0,1756,1322,142
10244,102844745,29.9497414,1957,1435,0,1749,1317,142
10245,102854745,29.9503088,1962,1431,0,1753,1322,142
10246,102864745,29.966651,1962,1435,0,1748,1317,142
10247,102874745,29.9823561,1966,1429,0,1750,1319,142
10248,102884745,29.9834054,1961,1434,0,1747,1322,142
10249,102894745,29.999438,1959,1428,0,1755,1315,142
10250,102904745,30.0124019,1959,1431,0,1754,1321,142
10251,102914745,30.0129181,1963,1435,0,1758,1314,142
10252,102924745,30.1187503,1965,1429,0,1754,1317,142
10253,102934745,30.1194527,1957,1427,0,1745,1319,142
10254,102944745,30.1204172,1959,1431,0,1749,1323,142
10255,102954745,30.1214082,1963,1430,0,1753,1322,142
10256,102964745,30.122114,1962,1435,0,1750,1323,142
10257,102974745,30.1226747,1957,1437,0,1750,1311,142
10258,102984745,30.123262,1959,1427,0,1755,1316,142
10259,102994745,30.1239252,1966,1438,0,1755,1316,142
10260,103004745,30.1246986,1955,1437,0,1747,1323,142
10261,103014745,30.125699,1963,1429,0,1753,1323,142
10262,103024745,30.1264178,1964,1433,0,1749,1319,142
10263,103034745,30.1384546,1961,1435,0,1750,1317,142
10264,103044745,30.1528471,1959,1429,0,1754,1319,142
10265,103054745,30.153792,1959,1431,0,1747,1319,142
10266,103064745,30.1689565,1957,1429,0,1750,1319,142
10267,103074745,30.1839209,1965,1434,0,1750,1324,142
10268,103084745,30.1845818,1958,1430,0,1754,1318,142
10269,103094745,30.2019516,1962,1438,0,1754,1315,142
10270,103104745,30.2024183,1962,1433,0,1755,1316,142
10271,103114745,30.3305629,1958,1434,0,1747,1319,142
10272,103124745,30.3316171,1962,1427,0,1756,1315,142
10273,103134745,30.3324244,1959,1440,0,1750,1319,142
10274,103144745,30.3331483,1959,1437,0,1748,1319,142
10275,103154745,30.3339435,1958,1440,0,1747,1320,142
10276,103164745,30.3348525,1941,1427,0,1737,1311,142
10277,103174745,30.3355133,1958,1438,0,1749,1328,142
10278,103184745,30.3361152,1968,1439,0,1759,1324,142
10279,103194745,30.33669,1967,1439,0,1754,1320,142
10280,103204746,30.337181,1963,1440,0,1755,1319,142
10281,103214745,30.3377384,1958,1433,0,1757,1323,142
10282,103224745,30.3393229,1959,1418,0,1748,1302,142
10283,103234745,30.3409693,1958,1443,0,1745,1325,142
10284,103244745,30.3421432,1965,1420,0,1753,1311,142
10285,103254745,30.3557137,1967,1427,0,1756,1323,142
10286,103264745,30.3735511,1961,1443,0,1756,1327,142
10287,103274745,30.3747721,1966,1443,0,1750,1320,142
10288,103284745,30.3892214,1963,1438,0,1753,1325,142
10289,103294745,30.3903868,1966,1437,0,1746,1327,142
10290,103304745,30.4020892,1955,1438,0,1745,1318,142
10291,103314745,30.4161563,1958,1424,0,1750,1319,142
10292,103324745,30.5274943,1957,1439,0,1750,1322,142
10293,103334745,30.5283841,1959,1428,0,1750,1315,142
10294,103344745,30.5290583,1958,1435,0,1745,1310,142
10295,103354745,30.529697,1958,1431,0,1747,1323,142
10296,103364745,30.5304029,1951,1422,0,1747,1315,142
10297,103374745,30.5310285,1956,1439,0,1754,1318,142
10298,103384745,30.5316394,1971,1439,0,1765,1323,142
10299,103394746,30.5321998,1981,1439,0,1769,1321,142
10300,103404745,30.5327233,1966,1432,0,1752,1320,142
10301,103414745,30.5332167,1962,1439,0,1750,1316,142
10302,103424745,30.5337427,1959,1438,0,1758,1322,142
10303,103434745,30.5442905,1961,1434,0,1750,1324,142
10304,103444745,30.5450764,1965,1426,0,1745,1317,142
10305,103454745,30.5575806,1953,1439,0,1755,1315,142
10306,103464745,30.5729659,1963,1435,0,1755,1317,142
10307,103474745,30.5743475,1959,1438,0,1754,1323,142
10308,103484745,30.5888763,1959,1436,0,1758,1314,142
10309,103494745,30.604472,1959,1431,0,1752,1316,142
10310,103504745,30.6055489,1959,1435,0,1749,1320,142
10311,103514746,30.6200435,1966,1430,0,1750,1322,142
10312,103524745,30.7670481,1956,1433,0,1754,1315,142
10313,103534745,30.7681184,1967,1437,0,1754,1319,142
10314,103544745,30.7688923,1963,1434,0,1754,1312,142
10315,103554745,30.7696431,1951,1437,0,1741,1319,142
10316,103564745,30.7703214,1936,1428,0,1734,1319,142
10317,103574745,30.7708759,1945,1425,0,1740,1322,142
10318,103584745,30.7715563,1975,1437,0,1763,1316,142
10319,103594745,30.7721279,1984,1438,0,1771,1324,142
10320,103604745,30.7727849,1961,1427,0,1754,1315,142
10321,103614745,30.7734698,1961,1431,0,1754,1317,142
10322,103624745,30.7741785,1966,1430,0,1746,1317,142
10323,103634745,30.7747855,1963,1445,0,1758,1328,142
10324,103644745,30.7755656,1958,1431,0,1749,1316,142
10325,103654745,30.7764407,1962,1441,0,1750,1326,142
10326,103664745,30.7772828,1962,1427,0,1749,1322,142
10327,103674745,30.7791435,1962,1430,0,1755,1335,142
10328,103684745,30.794866,1961,1426,0,1754,1311,142
10329,103694745,30.7956951,1955,1429,0,1748,1315,142
10330,103704745,30.8102482,1967,1431,0,1757,1322,142
10331,103714745,30.8237819,1966,1438,0,1754,1319,142
10332,103724745,30.8247339,1958,1441,0,1756,1315,142
10333,103734745,30.938256,1966,1439,0,1755,1320,142
10334,103744745,30.9396126,1964,1439,0,1750,1327,142
10335,103754745,30.9403888,1967,1459,0,1754,1343,142
10336,103764745,30.9410498,1967,1451,0,1758,1332,142
10337,103774745,30.9418557,1963,1434,0,1756,1324,142
10338,103784745,30.9427422,1947,1430,0,1754,1306,142
10339,103794745,30.943539,1967,1422,0,1757,1314,142
10340,103804745,30.9443989,1958,1423,0,1753,1309,142
10341,103814745,30.9453368,1962,1427,0,1754,1315,142
10342,103824745,30.9462052,1961,1427,0,1750,1319,142
10343,103834745,30.9471342,1964,1437,0,1753,1322,142
10344,103844745,30.9512323,1963,1445,0,1758,1324,142
10345,103854745,30.9520706,1958,1435,0,1754,1303,142
10346,103864745,30.9651755,1965,1435,0,1756,1324,142
10347,103874745,30.9809439,1966,1434,0,1757,1322,142
10348,103884745,30.9817098,1963,1439,0,1755,1320,142
10349,103894745,30.9971574,1966,1441,0,1754,1325,142
10350,103904745,31.0115952,1960,1438,0,1754,1325,142
10351,103914745,31.0122922,1963,1438,0,1758,1319,142
10352,103924745,31.0285342,1959,1439,0,1757,1322,142
10353,103934745,31.1404611,1959,1440,0,1752,1325,142
10354,103944745,31.1412469,1965,1443,0,1750,1324,142
10355,103954745,31.1418414,1965,1438,0,1754,1329,142
10356,103964745,31.1424318,1967,1444,0,1754,1323,142
10357,103974745,31.142984,1962,1442,0,1756,1323,142
10358,103984745,31.1435101,1807,1481,0,1624,1352,142
10359,103994745,31.1440431,1833,1432,0,1650,1319,142
10360,104004745,31.1446251,2108,1456,0,1868,1337,142
10361,104014745,31.1452567,2106,1497,0,1869,1374,142
10362,104024745,31.1458851,2190,1488,0,1940,1386,142
10363,104034745,31.146581,2001,1465,0,1805,1333,142
10364,104044745,31.1527951,1994,1472,0,1777,1351,142
10365,104054745,31.1534304,1986,1451,0,1773,1337,142
10366,104064745,31.1698334,2000,1461,0,1785,1337,142
10367,104074745,31.1849737,1968,1441,0,1758,1323,142
10368,104084745,31.185859,1965,1424,0,1755,1311,142
10369,104094745,31.2008603,1961,1427,0,1757,1320,142
10370,104104745,31.2166557,1969,1452,0,1757,1335,142
10371,104114745,31.2174844,1964,1472,0,1755,1351,142
10372,104124745,31.2321804,1966,1466,0,1758,1351,142
10373,104134745,31.2328453,1968,1488,0,1762,1356,142
10374,104144745,31.3535439,1978,1427,0,1768,1322,142
10375,104154745,31.3551635,1973,1453,0,1760,1343,142
10376,104164745,31.3568239,1971,1503,0,1762,1370,142
10377,104174745,31.3577391,1991,1476,0,1777,1348,142
10378,104184745,31.3584937,1931,1523,0,1720,1394,142
10379,104194745,31.3591336,2046,1449,0,1835,1330,142
10380,104204745,31.3597978,2045,1441,0,1828,1328,142
10381,104214745,31.3604687,1973,1456,0,1760,1337,142
10382,104224745,31.3610492,1962,1441,0,1761,1320,142
10383,104234745,31.3618028,1961,1446,0,1749,1337,142
10384,104244745,31.3625698,1981,1431,0,1770,1318,142
10385,104254745,31.3635284,2003,1511,0,1785,1383,142
10386,104264745,31.3719507,1986,1648,0,1767,1497,142
10387,104274745,31.3738107,1952,1719,0,1745,1547,142
10388,104284745,31.387917,1943,1727,0,1743,1553,142
10389,104294745,31.4029531,1936,1782,0,1731,1604,142
10390,104304745,31.4036819,1959,1829,0,1749,1640,142
10391,104314745,31.4181455,1969,1830,0,1764,1650,142
10392,104324745,31.4322007,1986,1779,0,1773,1608,142
10393,104334745,31.432989,1987,1707,0,1768,1534,142
10394,104344745,31.5660366,2175,1535,0,1929,1420,142
10395,104354745,31.567262,2119,1665,0,1889,1499,142
10396,104364745,31.5680092,2081,1521,0,1842,1387,142
10397,104374745,31.5687071,1781,1429,0,1605,1313,142
10398,104384745,31.5693735,1989,1462,0,1774,1343,142
10399,104394745,31.5700036,2032,1601,0,1810,1458,142
10400,104404745,31.5706929,1843,1641,0,1655,1494,142
10401,104414745,31.5720962,2017,1667,0,1790,1510,142
10402,104424745,31.5733229,2031,1729,0,1810,1558,142
10403,104434745,31.5742237,2022,1689,0,1798,1522,142
10404,104444745,31.5751062,1982,1665,0,1763,1512,142
10405,104454745,31.5759958,1994,1679,0,1782,1511,142
10406,104464745,31.5776746,1991,1674,0,1777,1507,142
10407,104474745,31.5789809,1986,1666,0,1780,1511,142
10408,104484745,31.5918946,1994,1670,0,1783,1514,142
10409,104494745,31.6031387,2000,1680,0,1780,1519,142
10410,104504745,31.6048157,1993,1675,0,1779,1511,142
10411,104514745,31.6223199,1987,1673,0,1776,1513,142
10412,104524745,31.6343237,1995,1680,0,1776,1521,142
10413,104534745,31.6353702,1993,1675,0,1780,1520,142
10414,104544745,31.7868112,1995,1680,0,1779,1521,142
10415,104554745,31.7880515,1984,1680,0,1773,1520,142
10416,104564745,31.7893275,1991,1677,0,1775,1516,142
10417,104574745,31.7903926,1991,1677,0,1780,1512,142
10418,104584745,31.7911798,1991,1670,0,1770,1517,142
10419,104594745,31.7919607,1998,1678,0,1781,1521,142
10420,104604745,31.7927743,1991,1673,0,1774,1513,142
10421,104614745,31.7938364,1985,1675,0,1773,1518,142
10422,104624745,31.7945373,1996,1681,0,1779,1520,142
10423,104634745,31.7952644,1993,1679,0,1777,1514,142
10424,104644745,31.7961186,1991,1680,0,1778,1516,142
10425,104654745,31.797066,1989,1673,0,1776,1519,142
10426,104664745,31.7981447,1997,1675,0,1778,1520,142
10427,104674745,31.7995796,1995,1672,0,1783,1516,142
10428,104684745,31.8008241,1997,1678,0,1782,1521,142
10429,104694745,31.8015239,1994,1677,0,1775,1521,142
10430,104704745,31.8059359,1987,1676,0,1779,1516,142
10431,104714745,31.8238766,1993,1677,0,1775,1519,142
10432,104724745,31.8256422,1994,1677,0,1780,1516,142
10433,104734745,31.8374455,1987,1678,0,1775,1517,142
10434,104744745,31.8518846,1986,1675,0,1781,1514,142
10435,104754745,31.8532171,1991,1677,0,1780,1517,142
10436,104764745,32.0181637,1987,1677,0,1779,1520,142
10437,104774745,32.0194041,1990,1678,0,1780,1520,142
10438,104784745,32.0206109,1991,1679,0,1778,1520,142
10439,104794745,32.021976,1995,1676,0,1783,1516,142
10440,104804745,32.0234601,1993,1677,0,1778,1514,142
10441,104814747,32.0247103,1995,1680,0,1778,1521,142
10442,104824745,32.0259567,1993,1675,0,1777,1516,142
10443,104834745,32.0272065,1991,1672,0,1775,1521,142
10444,104844745,32.0284158,1995,1673,0,1782,1520,142
10445,104854745,32.0295914,1995,1675,0,1779,1517,142
10446,104864745,32.0305728,1990,1674,0,1777,1520,142
10447,104874745,32.03158,1989,1677,0,1771,1521,142
10448,104884745,32.0329851,1997,1674,0,1780,1512,142
10449,104894745,32.0347109,1986,1678,0,1767,1521,142
10450,104904745,32.0367109,1991,1677,0,1773,1516,142
10451,104914745,32.0398186,1993,1680,0,1782,1520,142
10452,104924745,32.0437484,1990,1677,0,1776,1521,142
10453,104934745,32.045585,1991,1677,0,1778,1519,142
10454,104944745,32.0598695,1995,1680,0,1773,1512,142
10455,104954745,32.0615368,2000,1676,0,1773,1516,142
10456,104964745,32.0750642,1993,1677,0,1779,1519,142
10457,104974745,32.0766929,1986,1676,0,1784,1518,142
10458,104984745,32.2192912,1987,1680,0,1782,1518,142
10459,104994746,32.2203994,1989,1680,0,1782,1516,142
10460,105004745,32.2212947,1987,1680,0,1776,1514,142
10461,105014745,32.2222679,1991,1680,0,1776,1512,142
10462,105024745,32.2232408,1996,1675,0,1781,1516,142
10463,105034745,32.2243756,1991,1674,0,1775,1517,142
10464,105044745,32.225786,1997,1680,0,1779,1516,142
10465,105054745,32.2269326,1997,1678,0,1775,1516,142
10466,105064745,32.2283086,1995,1680,0,1778,1517,142
10467,105074745,32.229621,1997,1676,0,1780,1519,142
10468,105084745,32.2306316,1989,1676,0,1777,1520,142
10469,105094745,32.2316277,1989,1675,0,1775,1521,142
10470,105104745,32.2326816,1987,1678,0,1780,1520,142
10471,105114745,32.233719,1987,1677,0,1776,1519,142
10472,105124745,32.2354474,1997,1678,0,1778,1518,142
10473,105134745,32.2433044,1995,1680,0,1777,1518,142
10474,105144745,32.2445252,1995,1674,0,1775,1516,142
10475,105154745,32.2582293,1986,1669,0,1775,1521,142
10476,105164745,32.2741776,2000,1679,0,1777,1521,142
10477,105174745,32.2753834,1990,1674,0,1777,1520,142
10478,105184745,32.4170386,1990,1680,0,1775,1519,142
10479,105194745,32.4179245,1987,1674,0,1775,1520,142
10480,105204745,32.418494,1994,1674,0,1780,1523,142
10481,105214745,32.4189661,1990,1680,0,1778,1516,142
10482,105224745,32.419418,1990,1675,0,1768,1521,142
10483,105234745,32.4198512,1990,1680,0,1780,1512,142
10484,105244745,32.4202948,1986,1681,0,1779,1521,142
10485,105254745,32.4207466,1986,1679,0,1782,1521,142
10486,105264745,32.4213775,1991,1675,0,1776,1514,142
10487,105274745,32.4223029,1995,1678,0,1773,1516,142
10488,105284745,32.4232297,1987,1675,0,1777,1520,142
10489,105294745,32.4239979,1990,1681,0,1778,1521,142
10490,105304745,32.4245727,1988,1680,0,1772,1522,142
10491,105314745,32.4250297,1998,1680,0,1777,1516,142
10492,105324745,32.4313442,1994,1675,0,1775,1513,142
10493,105334745,32.4320543,1993,1677,0,1775,1519,142
10494,105344745,32.4456804,1989,1679,0,1774,1516,142
10495,105354745,32.4612184,1993,1672,0,1777,1521,142
10496,105364745,32.4619762,1995,1680,0,1773,1520,142
10497,105374745,32.4778986,1993,1675,0,1773,1514,142
10498,105384745,32.4923971,1991,1680,0,1782,1519,142
10499,105394745,32.4930716,1997,1671,0,1776,1519,142
10500,105404748,32.6052255,1991,1670,0,1776,1522,142
10501,105414749,32.6070381,1994,1673,0,1778,1520,142
10502,105424745,32.6080245,1987,1679,0,1786,1520,142
10503,105434745,32.6086053,1991,1671,0,1777,1519,142
10504,105444745,32.6090096,1989,1673,0,1782,1518,142
10505,105454745,32.6093977,1988,1666,0,1771,1520,142
10506,105464745,32.6097928,1994,1679,0,1780,1521,142
10507,105474745,32.6101965,1989,1679,0,1771,1519,142
10508,105484745,32.6105863,1998,1676,0,1780,1520,142
10509,105494745,32.6110652,1988,1676,0,1778,1520,142
10510,105504745,32.6116478,1985,1675,0,1777,1520,142
10511,105514745,32.618941,1990,1675,0,1782,1520,142
10512,105524745,32.6339078,1985,1680,0,1777,1512,142
10513,105534745,32.6346871,1991,1677,0,1773,1516,142
10514,105544745,32.6497319,1993,1675,0,1776,1523,142
10515,105554745,32.6641587,1995,1678,0,1783,1521,142
10516,105564745,32.6648846,1985,1680,0,1780,1521,142
10517,105574745,32.68008,1990,1678,0,1773,1519,142
10518,105584745,32.6809394,1993,1676,0,1779,1520,142
10519,105594745,32.6959632,1994,1673,0,1780,1520,142
10520,105604745,32.8636571,1995,1681,0,1779,1521,142
10521,105614745,32.8653396,1993,1675,0,1777,1518,142
10522,105624745,32.8660247,1995,1675,0,1782,1517,142
10523,105634745,32.8664309,1991,1678,0,1776,1523,142
10524,105644745,32.8668238,1995,1673,0,1782,1516,142
10525,105654745,32.867481,1985,1677,0,1776,1517,142
10526,105664745,32.8679809,1990,1679,0,1776,1514,142
10527,105674745,32.8684238,2002,1679,0,1782,1520,142
10528,105684745,32.8691477,1987,1674,0,1780,1521,142
10529,105694745,32.8697834,1986,1679,0,1777,1514,142
10530,105704745,32.8704839,1987,1678,0,1783,1517,142
10531,105714745,32.8736055,1986,1680,0,1778,1521,142
10532,105724745,32.8765386,1989,1677,0,1775,1521,142
10533,105734745,32.8779135,1990,1680,0,1781,1521,142
10534,105744745,32.878529,1989,1679,0,1775,1521,142
10535,105754745,32.8792702,1987,1678,0,1777,1519,142
10536,105764745,32.8797449,1995,1673,0,1773,1520,142
10537,105774745,32.8832343,1997,1686,0,1778,1521,142
10538,105784745,32.8839143,1991,1669,0,1782,1509,142
10539,105794745,32.8971367,1984,1631,0,1772,1483,142
10540,105804745,32.9988487,1983,1647,0,1770,1493,142
10541,105814745,32.9995561,1972,1640,0,1765,1492,142
10542,105824745,33.0002595,1939,1617,0,1731,1475,142
10543,105834745,33.0011025,1968,1687,0,1758,1530,142
10544,105844745,33.001745,1989,1704,0,1776,1545,142
10545,105854745,33.0021869,2002,1705,0,1777,1548,142
10546,105864745,33.002615,2001,1675,0,1784,1517,142
10547,105874745,33.0030049,2009,1693,0,1796,1528,142
10548,105884745,33.0035991,2017,1699,0,1803,1539,142
10549,105894745,33.0043511,2053,1739,0,1828,1562,142
10550,105904745,33.0049622,1981,1661,0,1764,1507,142
10551,105914745,33.0203642,1983,1669,0,1772,1514,142
10552,105924745,33.0214414,2005,1685,0,1786,1524,142
10553,105934745,33.0385001,1990,1680,0,1777,1517,142
10554,105944745,33.0547034,1995,1680,0,1777,1521,142
10555,105954745,33.0554939,1986,1673,0,1780,1517,142
10556,105964745,33.0834918,1991,1681,0,1776,1525,142
10557,105974745,33.0843508,1987,1664,0,1776,1508,142
10558,105984745,33.0851532,1998,1680,0,1782,1524,142
10559,105994745,33.0986061,1997,1681,0,1776,1521,142
10560,106004745,33.1138447,1990,1676,0,1776,1515,142
10561,106014745,33.1146239,1997,1680,0,1779,1520,142
10562,106024745,33.2392031,1988,1677,0,1773,1520,142
10563,106034745,33.2403883,2000,1687,0,1782,1525,142
10564,106044745,33.241171,1990,1670,0,1776,1516,142
10565,106054745,33.2420834,1987,1678,0,1775,1520,142
10566,106064745,33.2430435,1985,1680,0,1775,1520,142
10567,106074745,33.2437988,1997,1680,0,1778,1521,142
10568,106084745,33.2443449,1997,1681,0,1781,1521,142
10569,106094745,33.2449297,2000,1680,0,1775,1521,142
10570,106104745,33.2455222,1982,1668,0,1773,1517,142
10571,106114745,33.2461406,2001,1685,0,1790,1526,142
10572,106124745,33.2467517,1957,1689,0,1750,1523,142
10573,106134745,33.247694,2000,1663,0,1784,1507,142
10574,106144745,33.2482951,2055,1756,0,1836,1589,142
10575,106154745,33.2591316,2004,1711,0,1788,1548,142
10576,106164745,33.2739003,1987,1678,0,1761,1518,142
10577,106174745,33.2754886,2032,1671,0,1813,1511,142
10578,106184745,33.2870085,2094,1631,0,1859,1481,142
10579,106194745,33.3044043,1995,1666,0,1782,1516,142
10580,106204745,33.3058038,2042,1667,0,1823,1518,142
10581,106214745,33.5213012,2032,1632,0,1809,1483,142
10582,106224745,33.5228287,1984,1479,0,1759,1356,142
10583,106234745,33.523984,1979,1770,0,1767,1600,142
10584,106244745,33.5250249,1995,1840,0,1783,1653,142
10585,106254745,33.5263133,1907,1783,0,1706,1609,142
10586,106264745,33.5277171,1909,1733,0,1706,1570,142
10587,106274745,33.5291398,1936,1735,0,1721,1563,142
10588,106284745,33.5302941,1945,1744,0,1731,1578,142
10589,106294745,33.5311508,2009,1933,0,1859,1744,142
10590,106304745,33.5320175,1956,1757,0,1756,1579,142
10591,106314745,33.5329464,2064,1845,0,1839,1653,142
10592,106324745,33.533768,2213,1918,0,1960,1716,142
10593,106334745,33.5350835,2086,1648,0,1851,1494,142
10594,106344745,33.5359157,2131,1744,0,1889,1574,142
10595,106354745,33.5368295,2083,1606,0,1851,1467,142
10596,106364745,33.5377553,2119,2063,0,1889,1785,142
10597,106374745,33.5390577,1776,2176,0,1653,1957,142
10598,106384745,33.5399798,2158,1970,0,1907,1732,142
10599,106394745,33.5408394,2061,1744,0,1816,1574,142
10600,106404745,33.5418713,1981,1693,0,1759,1534,142
10601,106414745,33.5428132,1968,1689,0,1759,1529,142
10602,106424745,33.5435607,1968,1674,0,1758,1517,142
10603,106434745,33.5448418,1980,1681,0,1761,1525,142
10604,106444745,33.6825331,1984,1679,0,1768,1521,142
10605,106454745,33.683581,1957,1698,0,1750,1539,142
10606,106464745,33.6846772,1957,1697,0,1747,1538,142
10607,106474745,33.6856039,1969,1689,0,1759,1530,142
10608,106484745,33.6863988,1975,1682,0,1764,1521,142
10609,106494745,33.6874193,1983,1680,0,1767,1521,142
10610,106504745,33.6887503,1968,1700,0,1756,1538,142
10611,106514745,33.6900652,1960,1697,0,1754,1536,142
10612,106524745,33.6908482,1958,1691,0,1749,1534,142
10613,106534745,33.6915894,1966,1702,0,1751,1532,142
10614,106544745,33.6924058,1958,1697,0,1750,1546,142
10615,106554745,33.6931238,1954,1697,0,1748,1536,142
10616,106564745,33.6938723,1962,1698,0,1752,1539,142
10617,106574745,33.6949202,1968,1691,0,1756,1528,142
10618,106584745,33.6961034,1963,1696,0,1753,1530,142
10619,106594746,33.7066499,1956,1699,0,1747,1536,142
10620,106604745,33.7077178,1956,1706,0,1745,1540,142
10621,106614745,33.7234572,1965,1707,0,1754,1540,142
10622,106624745,33.7245214,1958,1696,0,1758,1539,142
10623,106634745,33.738203,1966,1692,0,1754,1537,142
10624,106644745,33.7528709,1963,1697,0,1753,1539,142
10625,106654745,33.7536584,1959,1687,0,1757,1530,142
10626,106664745,33.8723901,1967,1690,0,1757,1530,142
10627,106674745,33.8735911,1965,1699,0,1754,1530,142
10628,106684745,33.8746183,1962,1697,0,1757,1529,142
10629,106694745,33.8752656,1962,1697,0,1752,1530,142
10630,106704745,33.8756771,1968,1684,0,1758,1530,142
10631,106714745,33.8760577,1968,1693,0,1758,1531,142
10632,106724745,33.8765692,1967,1691,0,1759,1530,142
10633,106734745,33.8771043,1965,1692,0,1758,1532,142
10634,106744745,33.8775126,1975,1685,0,1762,1525,142
10635,106754745,33.8787951,1965,1695,0,1757,1530,142
10636,106764745,33.8799013,1957,1693,0,1752,1534,142
10637,106774745,33.8805633,1963,1697,0,1746,1537,142
10638,106784745,33.8945617,1964,1695,0,1758,1536,142
10639,106794745,33.8954754,1967,1695,0,1753,1536,142
10640,106804745,33.9107145,1964,1694,0,1758,1537,142
10641,106814745,33.9120515,1963,1687,0,1758,1530,142
10642,106824745,33.925692,1967,1695,0,1758,1536,142
10643,106834745,33.9420578,1963,1694,0,1758,1533,142
10644,106844745,33.942796,1968,1693,0,1753,1539,142
10645,106854745,34.1148208,1968,1691,0,1758,1536,142
10646,106864745,34.1160744,1957,1705,0,1744,1537,142
10647,106874745,34.1171875,1968,1698,0,1755,1537,142
10648,106884745,34.1183926,1968,1695,0,1753,1535,142
10649,106894745,34.1209668,1968,1690,0,1758,1534,142
10650,106904745,34.1228881,1968,1699,0,1758,1530,142
10651,106914745,34.123997,1968,1697,0,1754,1534,142
10652,106924746,34.1250402,1965,1697,0,1756,1535,142
10653,106934745,34.1275143,1991,1701,0,1772,1539,142
10654,106944745,34.1289533,1991,1698,0,1782,1534,142
10655,106954745,34.1298866,1998,1698,0,1779,1534,142
10656,106964745,34.1307221,1999,1689,0,1783,1534,142
10657,106974745,34.1314574,1995,1697,0,1782,1539,142
10658,106984745,34.1323195,1993,1689,0,1779,1535,142
10659,106994745,34.1330668,2000,1692,0,1784,1531,142
10660,107004745,34.1342031,1991,1691,0,1775,1530,142
10661,107014745,34.1356874,1994,1681,0,1782,1533,142
10662,107024745,34.1370536,1999,1680,0,1780,1534,142
10663,107034745,34.1454709,1993,1689,0,1784,1534,142
10664,107044745,34.1469913,2000,1693,0,1784,1533,142
10665,107054745,34.3128123,1995,1699,0,1783,1527,142
10666,107064745,34.3141811,1990,1696,0,1784,1534,142
10667,107074745,34.3154517,1991,1697,0,1782,1534,142
10668,107084745,34.3163048,1999,1693,0,1784,1534,142
10669,107094745,34.3171724,1997,1692,0,1778,1534,142
10670,107104745,34.3179846,2007,1690,0,1790,1533,142
10671,107114745,34.3187492,2019,1695,0,1799,1534,142
10672,107124745,34.3193195,1996,1691,0,1782,1536,142
10673,107134745,34.3199396,1995,1697,0,1778,1536,142
10674,107144745,34.3205583,2007,1701,0,1792,1538,142
10675,107154745,34.3216392,2021,1707,0,1800,1548,142
10676,107164745,34.3229832,2004,1698,0,1790,1534,142
10677,107174745,34.3240225,2000,1685,0,1785,1530,142
10678,107184745,34.3249261,2007,1679,0,1792,1516,142
10679,107194745,34.3259181,2015,1674,0,1794,1514,142
10680,107204745,34.3269317,2002,1652,0,1789,1504,142
10681,107214745,34.3283456,2007,1662,0,1787,1512,142
10682,107224745,34.3339383,1985,1673,0,1775,1511,142
10683,107234745,34.335252,1991,1687,0,1773,1524,142
10684,107244745,34.3502562,2014,1714,0,1790,1557,142
10685,107254745,34.494557,2005,1744,0,1790,1574,142
10686,107264745,34.4955331,2021,1746,0,1796,1575,142
10687,107274745,34.4964574,2021,1791,0,1803,1617,142
10688,107284748,34.4971546,2013,1729,0,1793,1561,142
10689,107294745,34.4977431,2001,1697,0,1787,1532,142
10690,107304745,34.498196,2000,1693,0,1784,1530,142
10691,107314745,34.4987119,2017,1696,0,1799,1533,142
10692,107324745,34.4991197,2005,1701,0,1790,1533,142
10693,107334745,34.4994974,2003,1715,0,1786,1548,142
10694,107344745,34.4998955,2019,1776,0,1798,1594,142
10695,107354745,34.5002961,1999,1777,0,1790,1598,142
10696,107364745,34.5007059,1993,1771,0,1771,1605,142
10697,107374745,34.5011355,1999,1776,0,1786,1600,142
10698,107384745,34.5023887,2003,1726,0,1785,1564,142
10699,107394745,34.5031683,1995,1702,0,1778,1534,142
10700,107404745,34.5036821,1977,1635,0,1760,1481,142
10701,107414745,34.5187864,1968,1605,0,1760,1462,142
10702,107424745,34.5331963,1973,1607,0,1759,1463,142
10703,107434745,34.5343755,1968,1622,0,1758,1475,142
10704,107444745,34.5481693,1968,1594,0,1759,1452,142
10705,107454745,34.5634657,1974,1636,0,1767,1493,142
10706,107464745,34.5641348,2005,1693,0,1786,1529,142
10707,107474745,34.6916172,1994,1691,0,1771,1534,142
10708,107484745,34.6927592,1996,1691,0,1784,1537,142
10709,107494745,34.693642,1994,1679,0,1778,1520,142
10710,107504745,34.694386,1999,1680,0,1784,1524,142
10711,107514745,34.6951366,2001,1662,0,1788,1507,142
10712,107524745,34.6958241,1997,1660,0,1782,1500,142
10713,107534745,34.696508,1989,1655,0,1775,1501,142
10714,107544745,34.6972485,1988,1659,0,1776,1502,142
10715,107554745,34.6979857,1993,1683,0,1777,1523,142
10716,107564745,34.6988323,1970,1693,0,1756,1540,142
10717,107574745,34.6996854,2027,1685,0,1805,1522,142
10718,107584745,34.7006486,2020,1693,0,1800,1532,142
10719,107594745,34.7033875,2022,1712,0,1805,1548,142
10720,107604745,34.7042065,2019,1734,0,1796,1571,142
10721,107614745,34.7225475,2019,1722,0,1800,1548,142
10722,107624745,34.7351979,2014,1682,0,1791,1530,142
10723,107634745,34.7360496,2010,1687,0,1784,1527,142
10724,107644745,34.7548216,1999,1664,0,1784,1513,142
10725,107654745,34.7562028,2000,1655,0,1783,1495,142
10726,107664745,34.7671447,2003,1648,0,1790,1497,142
10727,107674745,34.9005581,2013,1649,0,1792,1506,142
10728,107684745,34.901623,2010,1659,0,1786,1500,142
10729,107694745,34.9024169,2006,1658,0,1784,1505,142
10730,107704745,34.9030677,2009,1652,0,1787,1508,142
10731,107714746,34.9036952,2019,1639,0,1797,1485,142
10732,107724745,34.9049281,2013,1623,0,1789,1471,142
10733,107734745,34.9065788,2025,1445,0,1801,1328,142
10734,107744745,34.9073435,2030,1614,0,1802,1467,142
10735,107754745,34.9079311,2032,1649,0,1811,1495,142
10736,107764745,34.9087867,2066,1760,0,1841,1588,142
10737,107774745,34.9094738,2065,1856,0,1839,1674,142
10738,107784745,34.9102331,2081,1968,0,1851,1764,142
10739,107794745,34.9111023,2244,2437,0,2030,2158,142
10740,107804745,34.9123339,1989,2143,0,1783,1923,142
10741,107814745,34.9232872,1965,2006,0,1741,1837,142
10742,107824745,34.9242416,2000,1863,0,1784,1667,142
10743,107834745,34.9380884,2183,1825,0,1938,1644,142
10744,107844745,34.9526475,2063,1900,0,1834,1691,142
10745,107854745,34.9536414,2169,1830,0,1915,1660,142
10746,107864745,34.9689118,2054,1594,0,1837,1458,142
10747,107874745,34.9837764,2029,1314,0,1805,1222,142
10748,107884745,34.9843896,1967,1085,0,1758,1031,142
10749,107894745,35.0867205,1961,1072,0,1749,1023,142
10750,107904745,35.0876466,1978,1075,0,1765,1022,142
10751,107914745,35.0888365,1999,1104,0,1784,1041,142
10752,107924745,35.0897804,1958,1172,0,1745,1138,142
10753,107934745,35.0905336,1983,1527,0,1770,1402,142
10754,107944745,35.0911253,1783,1535,0,1613,1425,142
10755,107954745,35.0921675,2267,1955,0,2003,1744,142
10756,107964745,35.0929424,2205,2122,0,1952,1881,142
10757,107974745,35.0935185,2119,2130,0,1884,1889,142
10758,107984745,35.0943104,2044,2087,0,1821,1858,142
10759,107994745,35.0947972,2079,2000,0,1842,1776,142
10760,108004745,35.108973,1974,1760,0,1777,1583,142
10761,108014745,35.1240977,2061,1858,0,1834,1662,142
10762,108024745,35.1255001,1843,1796,0,1656,1668,142
10763,108034745,35.1426471,2001,1819,0,1784,1631,142
10764,108044745,35.1439087,2047,1767,0,1823,1589,142
10765,108054745,35.1592412,2019,1749,0,1799,1575,142
10766,108064745,35.1743373,2014,1711,0,1792,1545,142
10767,108074745,35.1754113,2005,1665,0,1791,1511,142
10768,108084745,35.1880636,1998,1635,0,1786,1492,142
10769,108094745,35.3189988,1995,1622,0,1784,1469,142
10770,108104745,35.3198055,1987,1616,0,1776,1469,142
10771,108114745,35.3205234,1995,1621,0,1778,1479,142
10772,108124745,35.3213072,2010,1626,0,1796,1470,142
10773,108134745,35.3218327,2011,1680,0,1789,1523,142
10774,108144745,35.3222822,2009,1690,0,1788,1527,142
10775,108154745,35.3228097,2008,1683,0,1791,1524,142
10776,108164745,35.3232517,2002,1688,0,1786,1522,142
10777,108174745,35.3236852,2038,1702,0,1815,1530,142
10778,108184745,35.3241357,1999,1677,0,1779,1520,142
10779,108194745,35.3245777,1997,1677,0,1784,1520,142
10780,108204745,35.3250086,2002,1677,0,1789,1517,142
10781,108214745,35.3255072,2002,1668,0,1786,1516,142
10782,108224745,35.329448,2007,1674,0,1792,1518,142
10783,108234745,35.3439858,1997,1681,0,1784,1523,142
10784,108244745,35.345009,2014,1680,0,1790,1520,142
10785,108254745,35.3609102,2004,1683,0,1786,1520,142
10786,108264745,35.3621237,2009,1687,0,1790,1529,142
10787,108274745,35.3777745,2009,1683,0,1790,1529,142
10788,108284745,35.3914006,2000,1693,0,1788,1525,142
10789,108294745,35.3925946,2011,1683,0,1785,1527,142
10790,108304745,35.5141446,2000,1686,0,1787,1529,142
10791,108314745,35.5153185,2009,1680,0,1792,1530,142
10792,108324745,35.5160482,2007,1684,0,1791,1521,142
10793,108334745,35.5166269,2005,1684,0,1786,1529,142
10794,108344745,35.517246,2001,1687,0,1784,1532,142
10795,108354745,35.5177459,2015,1686,0,1788,1530,142
10796,108364746,35.5182013,2001,1685,0,1786,1527,142
10797,108374745,35.5187046,2003,1705,0,1783,1545,142
10798,108384745,35.5193922,2005,1695,0,1784,1534,142
10799,108394745,35.520519,2000,1695,0,1785,1536,142
10800,108404745,35.5213827,2000,1698,0,1784,1534,142
10801,108414745,35.5221374,1997,1701,0,1782,1539,142
10802,108424745,35.5296205,1999,1695,0,1785,1533,142
10803,108434745,35.5303078,1999,1695,0,1786,1534,142
10804,108444745,35.5457424,2000,1689,0,1788,1525,142
10805,108454745,35.5609967,2007,1683,0,1792,1524,142
10806,108464745,35.575577,2006,1685,0,1790,1530,142
10807,108474745,35.5769185,2005,1690,0,1786,1530,142
10808,108484745,35.5912429,2005,1680,0,1788,1522,142
10809,108494745,35.606228,2001,1683,0,1792,1524,142
10810,108504745,35.6068542,2001,1684,0,1786,1523,142
10811,108514745,35.7419339,2002,1680,0,1784,1527,142
10812,108524745,35.7427414,2005,1686,0,1790,1525,142
10813,108534745,35.7438222,2000,1682,0,1784,1520,142
10814,108544745,35.7446239,1999,1690,0,1790,1523,142
10815,108554745,35.7453336,2000,1683,0,1786,1527,142
10816,108564745,35.745924,2000,1691,0,1791,1524,142
10817,108574745,35.7465228,2001,1687,0,1784,1524,142
10818,108584745,35.7471346,2003,1691,0,1790,1524,142
10819,108594745,35.7479917,2003,1680,0,1787,1524,142
10820,108604745,35.7486973,2000,1685,0,1789,1524,142
10821,108614745,35.7494755,2003,1682,0,1788,1524,142
10822,108624745,35.7500958,2001,1687,0,1785,1522,142
10823,108634745,35.7507318,2009,1686,0,1790,1529,142
10824,108644745,35.7516722,2009,1685,0,1790,1530,142
10825,108654745,35.7644405,2004,1686,0,1788,1525,142
10826,108664746,35.7651534,2001,1685,0,1785,1533,142
10827,108674745,35.7808102,2003,1681,0,1785,1530,142
10828,108684745,35.7814932,2002,1686,0,1790,1530,142
10829,108694745,35.7961453,2003,1690,0,1786,1527,142
10830,108704745,36.0157646,2002,1694,0,1787,1525,142
10831,108714745,36.0166905,2005,1689,0,1787,1526,142
10832,108724745,36.0173763,2009,1689,0,1791,1523,142
10833,108734745,36.0179587,2000,1683,0,1788,1532,142
10834,108744745,36.0185307,2005,1685,0,1786,1521,142
10835,108754745,36.0192211,2007,1684,0,1787,1524,142
10836,108764745,36.020014,2001,1690,0,1786,1525,142
10837,108774745,36.0210363,2010,1689,0,1789,1527,142
10838,108784745,36.0218848,2000,1684,0,1786,1521,142
10839,108794745,36.022591,2002,1689,0,1791,1524,142
10840,108804745,36.0233405,2006,1691,0,1786,1530,142
10841,108814745,36.0240746,2000,1683,0,1785,1522,142
10842,108824745,36.0248503,2004,1681,0,1786,1529,142
10843,108834745,36.0255941,2006,1681,0,1786,1527,142
10844,108844745,36.0263534,1982,1648,0,1772,1495,142
10845,108854745,36.0271511,2009,1674,0,1791,1508,142
10846,108864745,36.0283586,2029,1711,0,1800,1541,142
10847,108874745,36.0293932,2011,1724,0,1792,1563,142
10848,108884745,36.0302876,2058,1706,0,1836,1545,142
10849,108894745,36.0312672,2005,1885,0,1789,1695,142
10850,108904745,36.0323826,1973,2000,0,1750,1813,142
10851,108914745,36.0332683,1891,2027,0,1702,1803,142
10852,108924745,36.0343758,2066,1924,0,1834,1718,142
10853,108934745,36.0445791,2096,1898,0,1869,1698,142
10854,108944745,36.0456325,2081,1858,0,1859,1665,142
10855,108954745,36.165376,2096,1851,0,1864,1654,142
10856,108964745,36.1662791,2043,1659,0,1821,1497,142
10857,108974745,36.1670551,2044,1447,0,1821,1323,142
10858,108984745,36.1676847,2005,1170,0,1786,1103,142
10859,108994745,36.1682367,1975,1023,0,1764,982,142
10860,109004745,36.1694071,2000,1006,0,1784,962,142
10861,109014745,36.1703891,1934,895,0,1731,878,142
10862,109024745,36.171359,1955,982,0,1744,951,142
10863,109034745,36.1724073,2047,1254,0,1835,1179,142
10864,109044745,36.1733285,2096,1517,0,1864,1378,142
10865,109054745,36.1742645,2177,1754,0,1929,1585,142
10866,109064745,36.1755211,2287,2293,0,2024,2030,142
10867,109074745,36.1764389,2295,2121,0,2019,1851,142
10868,109084745,36.1863728,1907,1489,0,1691,1351,142
10869,109094745,36.2024955,1840,1693,0,1639,1591,142
10870,109104745,36.203288,2019,1833,0,1810,1652,142
10871,109114745,36.2170328,1955,2258,0,1716,2009,142
10872,109124745,36.2326851,2127,2289,0,1879,2031,142
10873,109134745,36.2332813,2160,1986,0,1916,1772,142
10874,109144745,36.2476222,2030,1809,0,1812,1621,142
10875,109154745,36.2627786,1968,1645,0,1757,1484,142
10876,109164745,36.2634546,2047,1519,0,1816,1390,142
10877,109174745,36.3966134,2000,1397,0,1783,1286,142
10878,109184745,36.3976066,1991,1227,0,1772,1152,142
10879,109194745,36.398386,1969,1317,0,1763,1221,142
10880,109204745,36.3989792,1958,1350,0,1756,1254,142
10881,109214745,36.3994466,1935,1335,0,1734,1241,142
10882,109224745,36.3999165,2018,1606,0,1800,1468,142
10883,109234745,36.4003143,2035,1654,0,1812,1499,142
10884,109244745,36.4008304,2000,1693,0,1784,1542,142
10885,109254745,36.4020783,2005,1730,0,1799,1557,142
10886,109264745,36.4032649,2030,1631,0,1810,1483,142
10887,109274745,36.4050621,2019,1638,0,1802,1491,142
10888,109284745,36.4062759,2007,1633,0,1788,1493,142
10889,109294745,36.4078192,2001,1680,0,1784,1524,142
10890,109304745,36.408964,1985,1708,0,1780,1548,142
10891,109314745,36.4197034,1998,1709,0,1777,1543,142
10892,109324745,36.438017,1986,1700,0,1771,1539,142
10893,109334745,36.4396423,1987,1712,0,1781,1539,142
10894,109344745,36.4527464,1998,1705,0,1782,1548,142
10895,109354745,36.4548566,1993,1704,0,1780,1536,142
10896,109364745,36.4665228,1995,1699,0,1784,1537,142
10897,109374745,36.6250637,2000,1693,0,1787,1535,142
10898,109384745,36.6260765,2000,1695,0,1786,1532,142
10899,109394745,36.6267776,2005,1700,0,1785,1535,142
10900,109404745,36.6277141,2016,1689,0,1798,1530,142
10901,109414745,36.6284115,2000,1683,0,1786,1527,142
10902,109424745,36.6290165,2000,1696,0,1784,1532,142
10903,109434745,36.6295707,2000,1695,0,1785,1534,142
10904,109444745,36.630098,2000,1696,0,1782,1534,142
10905,109454745,36.6306474,2000,1702,0,1787,1530,142
10906,109464745,36.6311866,2000,1694,0,1786,1530,142
10907,109474745,36.6318049,2001,1685,0,1785,1530,142
10908,109484745,36.6322803,2007,1693,0,1787,1525,142
10909,109494746,36.6327358,2005,1693,0,1784,1526,142
10910,109504745,36.6332812,1999,1689,0,1784,1524,142
10911,109514745,36.6341067,2002,1687,0,1786,1530,142
10912,109524745,36.6348015,2001,1688,0,1784,1527,142
10913,109534745,36.6362576,2005,1687,0,1784,1531,142
10914,109544745,36.6527237,2003,1689,0,1783,1525,142
10915,109554745,36.6535796,2000,1685,0,1784,1523,142
10916,109564745,36.6688321,2000,1690,0,1786,1522,142
10917,109574745,36.6836724,2008,1687,0,1788,1523,142
10918,109584745,36.6849818,2003,1681,0,1788,1523,142
10919,109594745,36.8579025,2003,1682,0,1788,1525,142
10920,109604745,36.8591706,2000,1693,0,1784,1530,142
10921,109614745,36.8599593,2000,1687,0,1784,1521,142
10922,109624745,36.8606384,2000,1689,0,1783,1521,142
10923,109634745,36.8613459,2006,1691,0,1788,1525,142
10924,109644745,36.8621225,2000,1687,0,1785,1534,142
10925,109654745,36.8627759,1999,1687,0,1784,1523,142
10926,109664745,36.8634131,2000,1694,0,1789,1529,142
10927,109674747,36.8640652,2003,1691,0,1789,1527,142
10928,109684745,36.8650793,2014,1691,0,1790,1522,142
10929,109694745,36.8658672,1999,1696,0,1783,1537,142
10930,109704745,36.8666648,2002,1691,0,1788,1535,142
10931,109714745,36.8676761,2000,1687,0,1786,1536,142
10932,109724745,36.8685779,2003,1686,0,1789,1530,142
10933,109734745,36.8692954,2000,1694,0,1786,1532,142
10934,109744745,36.8704373,2000,1689,0,1790,1534,142
10935,109754745,36.8718135,2000,1685,0,1788,1529,142
10936,109764745,36.8733999,2000,1687,0,1784,1527,142
10937,109774745,36.8742934,2005,1689,0,1783,1523,142
10938,109784745,36.8876945,2003,1690,0,1790,1530,142
10939,109794745,36.9027276,2000,1696,0,1789,1524,142
10940,109804745,36.9048064,2003,1680,0,1784,1523,142
10941,109814745,37.0633292,2005,1686,0,1785,1528,142
10942,109824745,37.0643479,2001,1682,0,1784,1530,142
10943,109834745,37.0653516,2001,1691,0,1785,1527,142
10944,109844745,37.0663093,2000,1690,0,1784,1521,142
10945,109854745,37.0671311,2000,1683,0,1784,1525,142
10946,109864745,37.0678212,2000,1690,0,1784,1521,142
10947,109874745,37.0685281,2000,1684,0,1784,1525,142
10948,109884745,37.0691788,2003,1691,0,1784,1532,142
10949,109894745,37.0697604,2006,1690,0,1785,1526,142
10950,109904745,37.0703545,2000,1684,0,1785,1532,142
10951,109914745,37.0710948,2000,1691,0,1784,1534,142
10952,109924745,37.0718487,2002,1690,0,1786,1526,142
10953,109934745,37.0725509,2001,1690,0,1784,1530,142
10954,109944745,37.0732427,2000,1693,0,1784,1523,142
10955,109954745,37.0739992,2000,1690,0,1784,1525,142
10956,109964745,37.0753232,2000,1682,0,1784,1530,142
10957,109974745,37.0762966,2004,1686,0,1786,1525,142
10958,109984745,37.0935919,2002,1690,0,1789,1525,142
10959,109994745,37.094603,1997,1695,0,1776,1535,142
10960,110004745,37.110919,2000,1691,0,1785,1530,142
10961,110014745,37.2532862,2000,1692,0,1786,1527,142
10962,110024745,37.2542455,2000,1687,0,1782,1532,142
10963,110034745,37.2551561,2006,1689,0,1784,1526,142
10964,110044745,37.2560864,2000,1680,0,1785,1525,142
10965,110054745,37.2567025,2000,1695,0,1786,1526,142
10966,110064745,37.2573893,2000,1691,0,1786,1532,142
10967,110074745,37.2581124,2000,1696,0,1788,1532,142
10968,110084745,37.2586854,2000,1691,0,1783,1525,142
10969,110094745,37.2594106,2002,1687,0,1784,1525,142
10970,110104745,37.2600443,2000,1686,0,1786,1526,142
10971,110114745,37.2607064,2005,1681,0,1784,1525,142
10972,110124745,37.2616524,2005,1691,0,1785,1526,142
10973,110134745,37.2626829,2001,1689,0,1786,1525,142
10974,110144745,37.2635581,2000,1694,0,1785,1527,142
10975,110154745,37.2647119,2000,1690,0,1787,1530,142
10976,110164745,37.2654623,2000,1686,0,1788,1525,142
10977,110174745,37.2802493,2003,1695,0,1788,1527,142
10978,110184745,37.2810905,2000,1681,0,1784,1526,142
10979,110194745,37.2980609,2000,1686,0,1784,1532,142
10980,110204745,37.3129162,2007,1685,0,1784,1526,142
10981,110214745,37.3137716,2000,1692,0,1785,1527,142
10982,110224745,37.4875186,2003,1695,0,1787,1526,142
10983,110234745,37.4887081,2000,1695,0,1787,1534,142
10984,110244745,37.4898663,2006,1687,0,1786,1530,142
10985,110254745,37.491004,2001,1695,0,1780,1532,142
10986,110264745,37.4920742,2002,1689,0,1785,1526,142
10987,110274745,37.4927665,2000,1691,0,1786,1534,142
10988,110284745,37.4934426,2004,1689,0,1782,1524,142
10989,110294745,37.4946099,2000,1686,0,1784,1527,142
10990,110304745,37.4958095,2002,1683,0,1784,1532,142
10991,110314745,37.4965349,2001,1697,0,1785,1533,142
10992,110324745,37.4974233,2000,1688,0,1786,1524,142
10993,110334745,37.4982872,2005,1688,0,1786,1533,142
10994,110344745,37.4990129,2006,1691,0,1788,1527,142
10995,110354745,37.4996375,2006,1690,0,1785,1530,142
10996,110364745,37.5001577,1998,1687,0,1784,1521,142
10997,110374745,37.5006606,2001,1682,0,1784,1526,142
10998,110384745,37.501191,2005,1693,0,1784,1533,142
10999,110394745,37.5023377,2000,1680,0,1788,1522,142
11000,110404748,37.5115154,2000,1691,0,1783,1530,142
11001,110414750,37.5125036,2006,1687,0,1784,1526,142
11002,110424745,37.6676379,2000,1688,0,1784,1530,142
11003,110434745,37.6691323,2002,1686,0,1788,1532,142
11004,110444745,37.670381,2009,1686,0,1784,1532,142
11005,110454745,37.671635,2000,1687,0,1786,1523,142
11006,110464745,37.6729633,2003,1683,0,1785,1530,142
11007,110474745,37.6741136,2001,1689,0,1784,1523,142
11008,110484747,37.675279,2000,1697,0,1786,1534,142
11009,110494745,37.6762945,2001,1693,0,1784,1521,142
11010,110504745,37.67734,1999,1690,0,1784,1530,142
11011,110514745,37.6781694,2003,1683,0,1787,1527,142
11012,110524745,37.683156,2001,1687,0,1786,1530,142
11013,110534745,37.685088,1999,1693,0,1782,1535,142
11014,110544745,37.6871137,2004,1683,0,1786,1534,142
11015,110554745,37.689834,2000,1693,0,1784,1534,142
11016,110564745,37.6921282,2001,1690,0,1784,1527,142
11017,110574745,37.6933854,1997,1690,0,1784,1529,142
11018,110584745,37.6944234,2000,1695,0,1783,1526,142
11019,110594745,37.7001127,2000,1690,0,1784,1536,142
11020,110604745,37.7170692,1999,1686,0,1780,1526,142
11021,110614745,37.7181645,2002,1687,0,1784,1527,142
11022,110624745,37.7273548,2000,1683,0,1784,1528,142
11023,110634745,37.7437087,2000,1689,0,1787,1533,142
11024,110644745,37.744805,2005,1698,0,1786,1535,142
11025,110654745,37.8855888,2000,1695,0,1784,1523,142
11026,110664745,37.8864777,2000,1690,0,1790,1524,142
11027,110674745,37.8871249,1999,1691,0,1784,1534,142
11028,110684745,37.8878059,2006,1686,0,1786,1532,142
11029,110694745,37.8884935,2005,1692,0,1784,1533,142
11030,110704745,37.8890175,2000,1690,0,1786,1530,142
11031,110714745,37.8896844,2000,1687,0,1783,1537,142
11032,110724745,37.8902788,1998,1685,0,1784,1531,142
11033,110734745,37.8909041,2001,1683,0,1784,1534,142
11034,110744745,37.8915142,2002,1689,0,1784,1529,142
11035,110754745,37.8921653,2001,1695,0,1786,1526,142
11036,110764745,37.892771,1999,1698,0,1782,1529,142
11037,110774745,37.8937816,2001,1690,0,1785,1530,142
11038,110784745,37.8950393,2000,1683,0,1782,1524,142
11039,110794745,37.9023576,2004,1694,0,1784,1530,142
11040,110804745,37.9030006,2002,1685,0,1784,1527,142
11041,110814745,37.9181921,1998,1687,0,1783,1525,142
11042,110824745,37.9315252,2000,1689,0,1786,1526,142
11043,110834745,37.9322714,2000,1691,0,1786,1526,142
11044,110844745,37.9471457,2005,1690,0,1786,1527,142
11045,110854745,38.0615573,2000,1690,0,1784,1533,142
11046,110864745,38.0627955,1999,1694,0,1786,1530,142
11047,110874745,38.0635424,2000,1694,0,1784,1526,142
11048,110884745,38.0645095,2001,1693,0,1785,1534,142
11049,110894745,38.0657166,2006,1697,0,1784,1531,142
11050,110904745,38.0666721,2006,1698,0,1784,1535,142
11051,110914745,38.0675,2000,1696,0,1786,1533,142
11052,110924745,38.0681603,2006,1684,0,1785,1534,142
11053,110934745,38.0687742,1999,1690,0,1782,1536,142
11054,110944745,38.0695383,2000,1690,0,1784,1536,142
11055,110954745,38.0705665,2004,1696,0,1784,1534,142
11056,110964745,38.0723972,2003,1690,0,1786,1535,142
11057,110974745,38.0731573,2001,1695,0,1785,1529,142
11058,110984745,38.0904771,2005,1693,0,1788,1531,142
11059,110994745,38.1031915,2000,1691,0,1782,1530,142
11060,111004745,38.1041393,2005,1696,0,1784,1532,142
11061,111014745,38.1187165,2002,1697,0,1784,1534,142
11062,111024745,38.1338218,2002,1687,0,1784,1534,142
11063,111034745,38.1345863,2000,1681,0,1783,1527,142
11064,111044745,38.1498715,1998,1687,0,1783,1535,142
11065,111054745,38.1512246,2000,1680,0,1780,1524,142
11066,111064745,38.258598,2003,1683,0,1786,1530,142
11067,111074746,38.2598506,2000,1690,0,1782,1530,142
11068,111084745,38.2606514,2000,1682,0,1784,1530,142
11069,111094745,38.2611271,2000,1683,0,1786,1523,142
11070,111104745,38.2615124,2021,1678,0,1799,1516,142
11071,111114745,38.2619984,2026,1695,0,1799,1527,142
11072,111124745,38.2623869,2000,1671,0,1784,1514,142
11073,111134745,38.2627908,1983,1670,0,1775,1516,142
11074,111144745,38.2631711,1987,1689,0,1769,1534,142
11075,111154745,38.2635536,1998,1693,0,1780,1542,142
11076,111164745,38.2724526,2003,1695,0,1784,1530,142
11077,111174745,38.2730805,2000,1699,0,1784,1527,142
11078,111184745,38.2882249,2001,1702,0,1783,1533,142
11079,111194745,38.3024918,2000,1693,0,1784,1527,142
11080,111204745,38.3034176,2000,1697,0,1784,1535,142
11081,111214745,38.3179584,1998,1685,0,1784,1535,142
11082,111224745,38.3338219,2000,1701,0,1782,1538,142
11083,111234745,38.3345096,2004,1692,0,1789,1529,142
11084,111244745,38.3498715,2003,1690,0,1785,1527,142
11085,111254745,38.3506965,2000,1699,0,1786,1535,142
11086,111264745,38.3655841,2000,1691,0,1782,1537,142
11087,111274745,38.4823244,2005,1695,0,1785,1532,142
11088,111284745,38.4833937,2000,1693,0,1784,1532,142
11089,111294745,38.4842258,2000,1695,0,1783,1534,142
11090,111304745,38.4848791,1997,1691,0,1786,1534,142
11091,111314745,38.4854419,2007,1666,0,1786,1504,142
11092,111324745,38.4860221,2005,1699,0,1786,1532,142
11093,111334745,38.4865404,1999,1694,0,1782,1526,142
11094,111344745,38.4871095,1999,1691,0,1783,1524,142
11095,111354745,38.4878149,2001,1693,0,1780,1531,142
11096,111364745,38.4885176,2000,1687,0,1785,1523,142
11097,111374745,38.4891672,2000,1683,0,1784,1533,142
11098,111384745,38.4933702,2000,1687,0,1783,1533,142
11099,111394745,38.49414,2000,1687,0,1786,1523,142
11100,111404745,38.5075017,2000,1691,0,1784,1527,142
11101,111414745,38.5232299,2003,1688,0,1785,1530,142
11102,111424745,38.5241682,1998,1696,0,1784,1532,142
11103,111434745,38.5411427,1995,1682,0,1784,1534,142
11104,111444745,38.5547824,1989,1653,0,1771,1497,142
11105,111454745,38.5558795,1973,1652,0,1767,1496,142
11106,111464745,38.5695287,1998,1665,0,1782,1503,142
11107,111474745,38.7454179,2007,1711,0,1796,1548,142
11108,111484745,38.7469863,2011,1729,0,1793,1561,142
11109,111494745,38.747925,2006,1740,0,1791,1573,142
11110,111504745,38.7487795,2011,1701,0,1790,1524,142
11111,111514745,38.7497095,1999,1697,0,1786,1527,142
11112,111524745,38.7504312,2004,1687,0,1786,1531,142
11113,111534745,38.7511068,2003,1694,0,1785,1530,142
11114,111544745,38.7517307,2003,1688,0,1783,1524,142
11115,111554745,38.7524021,2000,1695,0,1784,1535,142
11116,111564745,38.7531148,2000,1698,0,1784,1536,142
11117,111574745,38.7537413,2005,1696,0,1782,1531,142
11118,111584745,38.7546426,2000,1689,0,1789,1525,142
11119,111594745,38.7560462,2000,1687,0,1786,1530,142
11120,111604745,38.7573014,2000,1703,0,1784,1529,142
11121,111614745,38.7587896,2007,1694,0,1784,1530,142
11122,111624745,38.7597439,2001,1682,0,1785,1527,142
11123,111634745,38.7607097,2000,1687,0,1788,1535,142
11124,111644745,38.7617582,1999,1698,0,1784,1526,142
11125,111654745,38.7633315,2000,1695,0,1786,1524,142
11126,111664745,38.7739535,1999,1686,0,1786,1527,142
11127,111674745,38.7754937,2000,1689,0,1784,1521,142
11128,111684745,38.9244983,2003,1695,0,1786,1525,142
11129,111694745,38.9257356,1997,1690,0,1786,1527,142
11130,111704745,38.9265676,1997,1693,0,1782,1524,142
11131,111714745,38.9272466,1999,1689,0,1784,1532,142
11132,111724745,38.9276766,1998,1692,0,1784,1533,142
11133,111734745,38.9280572,2000,1693,0,1782,1527,142
11134,111744746,38.9285023,2000,1695,0,1785,1531,142
11135,111754745,38.9291116,2000,1697,0,1782,1534,142
11136,111764745,38.9297372,2005,1681,0,1783,1526,142
11137,111774745,38.9302228,2006,1689,0,1785,1534,142
11138,111784745,38.9306446,2000,1695,0,1784,1536,142
11139,111794745,38.9310557,2001,1696,0,1786,1530,142
11140,111804745,38.9314384,2002,1694,0,1783,1534,142
11141,111814745,38.931824,2006,1689,0,1785,1535,142
11142,111824745,38.9324857,2000,1693,0,1784,1530,142
11143,111834745,38.9458034,1999,1687,0,1783,1529,142
11144,111844745,38.9468963,1999,1689,0,1784,1526,142
11145,111854745,38.9617537,2002,1694,0,1786,1523,142
11146,111864745,38.9629272,2002,1686,0,1784,1525,142
11147,111874745,39.0961999,1998,1691,0,1785,1528,142
11148,111884745,39.0970864,2002,1685,0,1783,1526,142
11149,111894745,39.0982143,2000,1685,0,1782,1527,142
11150,111904745,39.0988649,2003,1687,0,1784,1527,142
11151,111914745,39.0994163,2003,1683,0,1785,1530,142
11152,111924745,39.0999201,2002,1683,0,1784,1524,142
11153,111934745,39.100447,2000,1693,0,1784,1536,142
11154,111944745,39.1014531,2000,1695,0,1785,1530,142
11155,111954745,39.1025252,1994,1692,0,1784,1529,142
11156,111964745,39.1035547,1999,1683,0,1784,1533,142
11157,111974745,39.1043651,2005,1691,0,1784,1534,142
11158,111984745,39.1055312,2000,1695,0,1784,1527,142
11159,111994745,39.1066964,2000,1687,0,1784,1525,142
11160,112004745,39.1074713,2003,1693,0,1783,1533,142
11161,112014745,39.1173761,2000,1681,0,1789,1527,142
11162,112024745,39.1333331,2002,1693,0,1784,1535,142
11163,112034745,39.134521,2002,1690,0,1783,1525,142
11164,112044745,39.1490559,2001,1690,0,1784,1529,142
11165,112054745,39.1640607,1997,1690,0,1783,1529,142
11166,112064745,39.1650132,1999,1689,0,1787,1530,142
11167,112074745,39.1803199,2002,1684,0,1784,1527,142
11168,112084745,39.1810489,2000,1696,0,1781,1530,142
11169,112094745,39.3020616,2004,1690,0,1788,1527,142
11170,112104745,39.3029462,2000,1687,0,1785,1527,142
11171,112114745,39.3040464,2004,1686,0,1785,1533,142
11172,112124745,39.3055551,2000,1693,0,1782,1534,142
11173,112134745,39.3064651,2001,1693,0,1785,1527,142
11174,112144745,39.307302,1998,1683,0,1784,1525,142
11175,112154745,39.3080132,2000,1689,0,1786,1529,142
11176,112164745,39.3088946,2003,1691,0,1784,1530,142
11177,112174745,39.3096905,2000,1690,0,1786,1533,142
11178,112184745,39.3105057,2003,1697,0,1788,1529,142
11179,112194745,39.311363,2003,1695,0,1784,1530,142
11180,112204745,39.3126817,2000,1690,0,1785,1533,142
11181,112214745,39.3229892,2000,1695,0,1784,1533,142
11182,112224745,39.3239768,2000,1690,0,1784,1527,142
11183,112234745,39.3391682,2000,1694,0,1784,1534,142
11184,112244745,39.35353,1998,1687,0,1785,1533,142
11185,112254745,39.3548103,2000,1690,0,1785,1527,142
11186,112264745,39.3692778,2000,1690,0,1784,1527,142
11187,112274745,39.3698164,2000,1683,0,1783,1527,142
11188,112284745,39.3852375,2000,1690,0,1784,1527,142
11189,112294745,39.4900011,2000,1691,0,1785,1530,142
11190,112304745,39.4908517,2005,1689,0,1784,1534,142
11191,112314745,39.4916137,1999,1691,0,1785,1530,142
11192,112324745,39.4924427,2001,1693,0,1784,1535,142
11193,112334745,39.4936246,2003,1691,0,1784,1530,142
11194,112344745,39.4943985,2001,1690,0,1784,1531,142
11195,112354745,39.4948727,2002,1692,0,1783,1534,142
11196,112364745,39.4952788,2001,1695,0,1784,1534,142
11197,112374745,39.4956888,2000,1693,0,1784,1535,142
11198,112384745,39.4963567,2005,1691,0,1787,1530,142
11199,112394745,39.4967967,2000,1697,0,1789,1532,142
11200,112404745,39.5103303,1999,1696,0,1780,1535,142
11201,112414745,39.5110331,1998,1684,0,1780,1530,142
11202,112424745,39.5247535,2000,1683,0,1786,1530,142
11203,112434745,39.540504,2002,1693,0,1784,1523,142
11204,112444745,39.5414074,2000,1696,0,1784,1525,142
11205,112454745,39.5701334,2000,1691,0,1784,1526,142
11206,112464746,39.5707229,2000,1690,0,1784,1530,142
11207,112474745,39.5714205,1997,1684,0,1783,1527,142
11208,112484745,39.5859129,2000,1683,0,1783,1524,142
11209,112494745,39.7067639,2000,1682,0,1785,1521,142
11210,112504745,39.709121,1999,1689,0,1781,1526,142
11211,112514745,39.7106529,1998,1683,0,1782,1527,142
11212,112524745,39.711654,2000,1691,0,1783,1524,142
11213,112534745,39.712856,2000,1691,0,1783,1532,142
11214,112544745,39.7139511,2006,1695,0,1787,1534,142
11215,112554745,39.7150961,1998,1689,0,1784,1526,142
11216,112564745,39.7164772,2002,1687,0,1786,1530,142
11217,112574745,39.7174983,2002,1693,0,1784,1532,142
11218,112584745,39.7185201,2005,1698,0,1784,1533,142
11219,112594745,39.7194654,2000,1696,0,1784,1532,142
11220,112604745,39.7212448,2000,1703,0,1784,1535,142
11221,112614745,39.7227642,2002,1698,0,1786,1539,142
11222,112624745,39.7301193,2003,1699,0,1785,1542,142
11223,112634745,39.7433292,2000,1698,0,1792,1534,142
11224,112644745,39.7445557,2004,1695,0,1784,1534,142
11225,112654745,39.7619106,2003,1701,0,1789,1535,142
11226,112664745,39.7627237,2000,1693,0,1786,1530,142
11227,112674745,39.778383,1999,1693,0,1785,1533,142
11228,112684745,39.9205242,2007,1687,0,1784,1535,142
11229,112694745,39.9216042,2005,1699,0,1784,1527,142
11230,112704745,39.9227352,2000,1693,0,1786,1529,142
11231,112714745,39.9236734,2005,1689,0,1784,1529,142
11232,112724745,39.924758,2000,1695,0,1785,1530,142
11233,112734745,39.9255489,2000,1694,0,1784,1525,142
11234,112744745,39.9261629,2001,1695,0,1782,1526,142
11235,112754745,39.9267529,2000,1683,0,1782,1522,142
11236,112764745,39.9279024,1999,1695,0,1784,1527,142
11237,112774745,39.9286797,2000,1684,0,1786,1532,142
11238,112784745,39.9295066,2000,1680,0,1784,1526,142
11239,112794745,39.930449,2000,1687,0,1786,1525,142
11240,112804745,39.9313331,2000,1686,0,1784,1532,142
11241,112814745,39.9321476,2004,1682,0,1784,1529,142
11242,112824745,39.9330167,2000,1695,0,1784,1534,142
11243,112834745,39.94459,2002,1686,0,1786,1529,142
11244,112844745,39.9455382,2002,1680,0,1787,1527,142
11245,112854745,39.9598421,2000,1696,0,1784,1527,142
11246,112864745,39.9608277,2000,1686,0,1784,1535,142
11247,112874745,39.9774075,2001,1686,0,1784,1536,142
11248,112884745,39.990683,2000,1689,0,1785,1534,142
11249,112894745,40.0053987,2007,1689,0,1784,1524,142
11250,112904745,40.0060203,1998,1695,0,1787,1534,142
11251,112914745,40.1170637,2000,1696,0,1785,1534,142
11252,112924745,40.1179956,2005,1697,0,1784,1534,142
11253,112934745,40.118633,2003,1697,0,1788,1534,142
11254,112944746,40.1192187,2003,1696,0,1786,1530,142
11255,112954745,40.1197962,2003,1695,0,1785,1535,142
11256,112964745,40.1203394,2003,1693,0,1786,1530,142
11257,112974745,40.1209218,2000,1696,0,1783,1533,142
11258,112984745,40.1220077,2001,1698,0,1786,1527,142
11259,112994745,40.1230176,2003,1697,0,1783,1529,142
11260,113004745,40.1237757,2000,1694,0,1785,1525,142
11261,113014745,40.1243891,2000,1693,0,1784,1530,142
11262,113024745,40.1313728,2000,1686,0,1784,1525,142
11263,113034745,40.1320255,2000,1690,0,1784,1527,142
11264,113044745,40.1466072,1999,1690,0,1784,1525,142
11265,113054745,40.1627546,2002,1692,0,1786,1534,142
11266,113064745,40.1636779,1999,1690,0,1784,1534,142
11267,113074745,40.1788325,2000,1692,0,1785,1527,142
11268,113084745,40.1932403,2000,1680,0,1780,1529,142
11269,113094745,40.1941735,2000,1692,0,1783,1527,142
11270,113104745,40.2096039,2003,1683,0,1785,1527,142
11271,113114745,40.2240795,2005,1685,0,1784,1527,142
11272,113124745,40.2247294,2003,1686,0,1784,1533,142
11273,113134745,40.3327512,2000,1691,0,1784,1523,142
11274,113144745,40.3336206,2000,1690,0,1784,1529,142
11275,113154745,40.3344187,2000,1693,0,1781,1533,142
11276,113164745,40.3349581,2000,1687,0,1784,1527,142
11277,113174745,40.3354506,2000,1686,0,1784,1532,142
11278,113184745,40.3361327,2000,1689,0,1784,1532,142
11279,113194745,40.3368759,1999,1687,0,1784,1527,142
11280,113204745,40.3374513,2003,1697,0,1783,1530,142
11281,113214745,40.338156,2001,1702,0,1784,1530,142
11282,113224745,40.3389685,2002,1684,0,1784,1534,142
11283,113234745,40.3407639,2003,1687,0,1784,1530,142
11284,113244745,40.3493508,2000,1691,0,1786,1530,142
11285,113254745,40.3649405,2009,1693,0,1784,1525,142
11286,113264745,40.3656507,2001,1694,0,1786,1534,142
11287,113274748,40.3789886,2000,1687,0,1783,1528,142
11288,113284745,40.3937272,1997,1697,0,1784,1530,142
11289,113294745,40.394457,2003,1703,0,1788,1530,142
11290,113304745,40.4254581,1997,1714,0,1784,1553,142
11291,113314745,40.4259439,2000,1682,0,1795,1526,142
11292,113324745,40.4263614,2004,1705,0,1789,1545,142
11293,113334745,40.5270656,1999,1683,0,1782,1523,142
11294,113344746,40.52791,2002,1697,0,1787,1537,142
11295,113354745,40.5286184,2003,1686,0,1785,1523,142
11296,113364745,40.5292158,2003,1689,0,1783,1530,142
11297,113374745,40.5296701,2002,1691,0,1784,1534,142
11298,113384745,40.5300748,2002,1695,0,1786,1526,142
11299,113394745,40.5304576,2000,1698,0,1788,1534,142
11300,113404745,40.5308456,1995,1695,0,1784,1532,142
11301,113414746,40.5312325,2000,1690,0,1784,1534,142
11302,113424745,40.5348162,2000,1694,0,1784,1524,142
11303,113434745,40.5355573,1997,1697,0,1784,1530,142
11304,113444745,40.5508116,2000,1691,0,1788,1532,142
11305,113454745,40.5514235,2000,1694,0,1785,1526,142
11306,113464745,40.5665674,2000,1695,0,1784,1529,142
11307,113474745,40.5814043,1999,1689,0,1788,1532,142
11308,113484745,40.5819624,2000,1690,0,1784,1529,142
11309,113494745,40.5988917,1999,1689,0,1786,1530,142
11310,113504745,40.6274917,2000,1695,0,1787,1536,142
11311,113514745,40.6281258,2003,1689,0,1784,1530,142
11312,113524745,40.6287434,2000,1695,0,1785,1530,142
11313,113534745,40.6421408,2002,1687,0,1782,1527,142
11314,113544745,40.6427784,2002,1697,0,1784,1534,142
11315,113554745,40.7586006,2000,1686,0,1784,1533,142
11316,113564745,40.7596539,2003,1682,0,1786,1527,142
11317,113574745,40.7602563,1999,1699,0,1784,1534,142
11318,113584745,40.7606489,1999,1727,0,1779,1559,142
11319,113594745,40.7610298,2009,1613,0,1792,1468,142
11320,113604745,40.7614695,2003,1703,0,1784,1547,142
11321,113614745,40.7618768,1998,1691,0,1788,1537,142
11322,113624745,40.7623141,2000,1689,0,1784,1526,142
11323,113634745,40.7627868,2003,1696,0,1784,1533,142
11324,113644745,40.7633059,2001,1694,0,1784,1534,142
11325,113654745,40.7638737,2001,1693,0,1784,1526,142
11326,113664745,40.7847511,2000,1694,0,1787,1536,142
11327,113674745,40.7855201,2000,1691,0,1784,1534,142
11328,113684745,40.7862166,2003,1682,0,1788,1525,142
11329,113694745,40.8024279,2003,1691,0,1785,1534,142
11330,113704745,40.8031202,2006,1685,0,1786,1534,142
11331,113714745,40.8159687,2000,1684,0,1786,1526,142
11332,113724745,40.8328216,2002,1694,0,1784,1535,142
11333,113734745,40.8332829,2000,1680,0,1789,1527,142
11334,113744745,40.845231,2003,1683,0,1788,1524,142
11335,113754745,40.9505022,2001,1685,0,1785,1526,142
11336,113764745,40.9514844,2003,1696,0,1793,1534,142
11337,113774745,40.9522913,2004,1685,0,1784,1529,142
11338,113784745,40.9528753,2002,1696,0,1786,1533,142
11339,113794745,40.9534146,2000,1682,0,1785,1536,142
11340,113804745,40.9538589,2000,1683,0,1786,1532,142
11341,113814745,40.9544196,1991,1691,0,1782,1530,142
11342,113824745,40.9553203,1986,1697,0,1772,1533,142
11343,113834745,40.9560801,1998,1686,0,1781,1530,142
11344,113844745,40.9567688,2000,1680,0,1782,1523,142
11345,113854745,40.9580518,2000,1690,0,1785,1530,142
11346,113864745,40.9752541,2011,1691,0,1796,1526,142
11347,113874745,40.9760675,2017,1689,0,1795,1532,142
11348,113884745,40.9890657,2017,1683,0,1793,1528,142
11349,113894745,41.003855,2001,1690,0,1786,1534,142
11350,113904745,41.0050929,2001,1691,0,1786,1524,142
11351,113914745,41.1454394,2005,1691,0,1784,1531,142
11352,113924745,41.1459639,2001,1690,0,1780,1521,142
11353,113934745,41.1463592,2005,1690,0,1786,1529,142
11354,113944745,41.146755,1999,1683,0,1784,1527,142
11355,113954745,41.147137,1999,1692,0,1786,1536,142
11356,113964745,41.1475525,2000,1691,0,1789,1530,142
11357,113974745,41.1479902,2001,1687,0,1782,1523,142
11358,113984745,41.1484269,2000,1698,0,1784,1537,142
11359,113994746,41.1488396,1995,1694,0,1780,1526,142
11360,114004745,41.1492267,1999,1684,0,1784,1523,142
11361,114014746,41.1496475,2012,1690,0,1791,1529,142
11362,114024745,41.1500505,1995,1697,0,1786,1532,142
11363,114034745,41.1505076,2002,1686,0,1789,1530,142
11364,114044745,41.1509717,2002,1695,0,1784,1530,142
11365,114054745,41.2476303,2001,1696,0,1787,1532,142
11366,114064745,41.2482708,2000,1692,0,1782,1532,142
11367,114074745,41.2488512,2000,1687,0,1786,1532,142
11368,114084745,41.2495103,2003,1680,0,1784,1523,142
11369,114094745,41.250141,2001,1690,0,1785,1525,142
11370,114104745,41.2507566,2001,1685,0,1784,1524,142
11371,114114745,41.2512203,2004,1692,0,1784,1529,142
11372,114124745,41.2516403,2000,1695,0,1783,1542,142
11373,114134745,41.2520299,1997,1697,0,1783,1532,142
11374,114144745,41.2536042,1974,1698,0,1761,1533,142
11375,114154745,41.2545707,1995,1695,0,1782,1532,142
11376,114164745,41.270267,1995,1693,0,1784,1534,142
11377,114174745,41.2713354,1997,1694,0,1778,1527,142
11378,114184745,41.2849636,1991,1696,0,1777,1534,142
11379,114194745,41.3005387,2000,1697,0,1782,1534,142
11380,114204745,41.3012735,1997,1693,0,1781,1534,142
11381,114214745,41.3166393,1995,1695,0,1778,1533,142
11382,114224745,41.3322125,1995,1692,0,1774,1532,142
11383,114234745,41.3333154,1995,1688,0,1784,1533,142
11384,114244745,41.3488745,1988,1686,0,1782,1527,142
11385,114254745,41.3620321,1988,1685,0,1770,1531,142
11386,114264745,41.3626749,1998,1691,0,1777,1526,142
11387,114274745,41.4799843,1993,1691,0,1780,1525,142
11388,114284745,41.4808278,1987,1689,0,1776,1524,142
11389,114294745,41.4815227,1994,1689,0,1777,1533,142
11390,114304745,41.4820188,1989,1695,0,1773,1536,142
11391,114314745,41.4824734,1994,1696,0,1777,1530,142
11392,114324745,41.482966,1997,1696,0,1783,1527,142
11393,114334745,41.4834408,1996,1696,0,1784,1533,142
11394,114344745,41.4839769,1990,1690,0,1777,1535,142
11395,114354745,41.4844831,1991,1680,0,1782,1521,142
11396,114364745,41.4849752,1993,1693,0,1776,1533,142
11397,114374745,41.4854575,2000,1695,0,1777,1532,142
11398,114384745,41.4890569,2000,1693,0,1777,1529,142
11399,114394745,41.5036925,1994,1685,0,1776,1524,142
11400,114404745,41.5050176,1990,1685,0,1775,1526,142
11401,114414745,41.6922346,1995,1687,0,1777,1530,142
11402,114424745,41.6930559,1985,1691,0,1776,1532,142
11403,114434745,41.693672,1990,1692,0,1777,1530,142
11404,114444745,41.694224,1990,1691,0,1780,1527,142
11405,114454745,41.6949388,1991,1691,0,1777,1530,142
11406,114464745,41.6955233,1987,1691,0,1783,1534,142
11407,114474745,41.6961421,1997,1693,0,1780,1536,142
11408,114484745,41.6967966,1995,1681,0,1773,1521,142
11409,114494745,41.6974069,1994,1692,0,1777,1525,142
11410,114504745,41.6979705,1994,1687,0,1775,1527,142
11411,114514745,41.6986664,1991,1685,0,1781,1524,142
11412,114524745,41.6993316,1999,1679,0,1784,1521,142
11413,114534745,41.6999592,2000,1687,0,1784,1527,142
11414,114544745,41.7005395,1998,1679,0,1776,1521,142
11415,114554745,41.7010781,1994,1678,0,1782,1516,142
11416,114564745,41.7017249,1997,1680,0,1782,1514,142
11417,114574745,41.7023666,1997,1680,0,1782,1526,142
11418,114584745,41.7028649,2000,1696,0,1779,1530,142
11419,114594745,41.7033753,1993,1701,0,1776,1540,142
11420,114604745,41.7086863,1989,1694,0,1776,1530,142
11421,114614745,41.8431692,1990,1687,0,1778,1521,142
11422,114624745,41.8438126,2000,1698,0,1778,1539,142
11423,114634745,41.8443763,1996,1698,0,1783,1532,142
11424,114644745,41.8448993,1987,1682,0,1782,1530,142
11425,114654745,41.8454154,2002,1685,0,1782,1527,142
11426,114664745,41.8462478,1994,1683,0,1779,1531,142
11427,114674745,41.8470557,1998,1687,0,1775,1527,142
11428,114684745,41.8476741,1993,1685,0,1777,1534,142
11429,114694745,41.8482454,1993,1685,0,1782,1524,142
11430,114704745,41.8486822,1995,1679,0,1784,1525,142
11431,114714745,41.8490664,1990,1687,0,1777,1529,142
11432,114724745,41.8494487,1990,1691,0,1782,1532,142
11433,114734745,41.8498373,1990,1687,0,1780,1526,142
11434,114744745,41.8505248,1996,1695,0,1784,1524,142
11435,114754745,41.8628567,1995,1683,0,1776,1524,142
11436,114764745,41.8639244,1999,1690,0,1782,1524,142
11437,114774745,41.8778487,1991,1680,0,1779,1519,142
11438,114784745,41.8931935,2000,1686,0,1782,1524,142
11439,114794745,41.8938491,1990,1690,0,1773,1529,142
11440,114804745,41.9089406,1990,1687,0,1782,1534,142
11441,114814745,41.9235671,1991,1693,0,1779,1527,142
11442,114824745,41.9241175,2000,1685,0,1782,1522,142
11443,114834745,42.1511255,1994,1681,0,1784,1521,142
11444,114844745,42.1518786,1988,1695,0,1784,1525,142
11445,114854745,42.1526232,2000,1683,0,1782,1527,142
11446,114864745,42.1533835,1997,1687,0,1783,1525,142
11447,114874745,42.1541072,1993,1691,0,1785,1529,142
11448,114884745,42.154753,1998,1690,0,1776,1524,142
11449,114894745,42.1558065,1997,1691,0,1778,1530,142
11450,114904745,42.156416,1994,1693,0,1778,1530,142
11451,114914745,42.1570279,1994,1688,0,1776,1527,142
11452,114924745,42.1578252,1990,1691,0,1779,1526,142
11453,114934745,42.1586174,2002,1691,0,1782,1531,142
11454,114944745,42.1593974,2001,1685,0,1781,1530,142
11455,114954745,42.1602354,1997,1696,0,1782,1532,142
11456,114964746,42.161072,2030,1678,0,1805,1520,142
11457,114974745,42.1619142,1997,1688,0,1782,1521,142
11458,114984745,42.1627567,1997,1686,0,1780,1530,142
11459,114994745,42.1636322,1998,1690,0,1781,1530,142
11460,115004745,42.1643653,2000,1680,0,1790,1521,142
11461,115014745,42.1649429,1995,1687,0,1776,1521,142
11462,115024745,42.1655203,1983,1696,0,1777,1533,142
11463,115034745,42.1660442,1995,1688,0,1782,1527,142
11464,115044745,42.1667647,2000,1687,0,1780,1530,142
11465,115054745,42.1673579,1997,1680,0,1781,1529,142
11466,115064745,42.2718305,1991,1703,0,1780,1543,142
11467,115074745,42.2729754,1997,1702,0,1780,1536,142
11468,115084745,42.2739343,2002,1690,0,1784,1531,142
11469,115094745,42.2745758,1999,1690,0,1784,1524,142
11470,115104745,42.2749875,1986,1699,0,1772,1532,142
11471,115114745,42.2753976,1997,1685,0,1783,1533,142
11472,115124745,42.275804,2000,1693,0,1782,1525,142
11473,115134745,42.2762553,1998,1690,0,1781,1533,142
11474,115144745,42.2766637,2000,1689,0,1778,1532,142
11475,115154745,42.2770604,2000,1693,0,1786,1525,142
11476,115164745,42.277452,1994,1695,0,1783,1530,142
11477,115174745,42.2832866,1992,1690,0,1782,1527,142
11478,115184745,42.2837971,1998,1691,0,1778,1526,142
11479,115194745,42.2971563,2000,1686,0,1784,1530,142
11480,115204745,42.3120283,1995,1697,0,1782,1535,142
11481,115214745,42.3275767,1994,1687,0,1779,1527,142
11482,115224745,42.3286056,1993,1695,0,1779,1531,142
11483,115234745,42.3440374,1999,1697,0,1784,1524,142
11484,115244745,42.3447186,1997,1691,0,1779,1530,142
11485,115254745,42.3595762,2003,1691,0,1782,1535,142
11486,115264745,42.3748206,1998,1698,0,1782,1530,142
11487,115274745,42.3756076,1998,1691,0,1782,1527,142
11488,115284745,42.4712296,1999,1691,0,1784,1534,142
11489,115294745,42.4719754,1998,1695,0,1782,1530,142
11490,115304745,42.4728201,1995,1692,0,1778,1525,142
11491,115314745,42.4736147,1999,1687,0,1777,1530,142
11492,115324745,42.4742231,2001,1685,0,1783,1525,142
11493,115334745,42.4746556,1998,1687,0,1784,1527,142
11494,115344745,42.4750824,1995,1687,0,1782,1531,142
11495,115354745,42.4754752,1994,1689,0,1784,1527,142
11496,115364745,42.4758743,2000,1687,0,1783,1534,142
11497,115374745,42.4833569,1995,1692,0,1780,1529,142
11498,115384745,42.48436,2002,1690,0,1780,1527,142
11499,115394745,42.6528225,2000,1686,0,1784,1526,142
11500,115404748,42.6541421,1997,1693,0,1782,1523,142
11501,115414750,42.6554835,1994,1688,0,1781,1526,142
11502,115424745,42.6566943,1993,1683,0,1783,1524,142
11503,115434745,42.6577202,1993,1690,0,1774,1530,142
11504,115444745,42.6587413,1997,1693,0,1784,1530,142
11505,115454745,42.6595317,2000,1695,0,1782,1535,142
11506,115464745,42.6603088,2000,1682,0,1782,1521,142
11507,115474745,42.6609497,1995,1705,0,1776,1543,142
11508,115484745,42.6615813,2000,1687,0,1784,1522,142
11509,115494745,42.6623793,2000,1684,0,1786,1523,142
11510,115504745,42.6630645,2003,1695,0,1784,1535,142
11511,115514745,42.6637605,1997,1691,0,1782,1537,142
11512,115524745,42.6644301,1998,1688,0,1778,1527,142
11513,115534745,42.6650886,1999,1687,0,1779,1534,142
11514,115544745,42.6657572,1997,1689,0,1783,1534,142
11515,115554745,42.6668523,1990,1694,0,1783,1539,142
11516,115564745,42.875666,1993,1693,0,1776,1535,142
11517,115574745,42.8764709,1998,1685,0,1782,1526,142
11518,115584745,42.8770807,2000,1694,0,1784,1525,142
11519,115594745,42.8776443,2000,1696,0,1782,1530,142
11520,115604745,42.8782642,1990,1701,0,1776,1530,142
11521,115614745,42.8790427,1999,1694,0,1780,1537,142
11522,115624745,42.8797695,2000,1703,0,1784,1535,142
11523,115634745,42.8804744,2001,1691,0,1783,1533,142
11524,115644745,42.8811105,1993,1695,0,1783,1534,142
11525,115654745,42.8817165,2000,1698,0,1782,1532,142
11526,115664745,42.8824478,1988,1701,0,1782,1535,142
11527,115674745,42.8831789,2000,1702,0,1782,1534,142
11528,115684745,42.8842264,2001,1691,0,1784,1533,142
11529,115694745,42.8853267,1998,1695,0,1776,1526,142
11530,115704745,42.8865854,2000,1694,0,1785,1535,142
11531,115714745,42.8876714,1991,1691,0,1783,1532,142
11532,115724745,42.8885195,1994,1695,0,1779,1535,142
11533,115734745,42.8892929,1997,1693,0,1780,1525,142
11534,115744745,42.8901972,1998,1696,0,1782,1536,142
11535,115754745,42.8908893,1991,1703,0,1780,1542,142
11536,115764745,42.891483,1998,1696,0,1781,1542,142
11537,115774745,42.8924372,2000,1667,0,1788,1508,142
11538,115784745,42.8931605,2000,1697,0,1780,1535,142
11539,115794745,43.0046582,1994,1689,0,1780,1532,142
11540,115804745,43.0054191,1999,1687,0,1782,1532,142
11541,115814745,43.0061749,2000,1687,0,1780,1534,142
11542,115824745,43.0069311,1997,1690,0,1778,1529,142
11543,115834745,43.007532,2000,1693,0,1782,1530,142
11544,115844745,43.0080032,2036,1647,0,1810,1495,142
11545,115854745,43.008479,2018,1645,0,1800,1489,142
11546,115864745,43.0091081,1969,1613,0,1758,1471,142
11547,115874745,43.0095738,1989,1719,0,1776,1556,142
11548,115884745,43.0100206,2010,1723,0,1786,1555,142
11549,115894745,43.0104779,1967,1766,0,1762,1595,142
11550,115904745,43.0112374,1987,1774,0,1768,1602,142
11551,115914745,43.011832,2001,1732,0,1788,1563,142
11552,115924745,43.0282601,2014,1731,0,1799,1553,142
11553,115934745,43.0414349,2025,1695,0,1803,1526,142
11554,115944745,43.0420262,2016,1685,0,1799,1524,142
11555,115954745,43.0570019,2000,1673,0,1784,1513,142
11556,115964745,43.0726323,2007,1683,0,1793,1521,142
11557,115974745,43.0735112,2014,1664,0,1789,1499,142
11558,115984745,43.0904629,1980,1587,0,1761,1451,142
11559,115994745,43.1034105,1998,1573,0,1775,1430,142
11560,116004745,43.104312,1872,2141,0,1676,1915,142
11561,116014745,43.2231581,2129,1494,0,1888,1364,142
11562,116024745,43.2245472,1967,1629,0,1758,1482,142
11563,116034745,43.2258601,1959,1855,0,1755,1661,142
11564,116044745,43.2268797,2019,1821,0,1801,1635,142
11565,116054745,43.2278482,1994,1809,0,1792,1640,142
11566,116064745,43.2287278,2031,1670,0,1801,1506,142
11567,116074745,43.2294867,2006,1648,0,1785,1493,142
11568,116084745,43.2299972,1965,1652,0,1755,1500,142
11569,116094745,43.2304812,2032,1588,0,1809,1442,142
11570,116104745,43.2309402,2007,1616,0,1788,1465,142
11571,116114745,43.2314239,1996,1714,0,1794,1600,142
11572,116124745,43.232191,2090,1067,0,1814,1048,142
11573,116134745,43.2434136,2003,1680,0,1789,1516,142
11574,116144745,43.2443261,2002,1535,0,1789,1421,142
11575,116154745,43.2590805,2110,2130,0,1855,1878,142
11576,116164745,43.2745392,1990,1859,0,1771,1664,142
11577,116174745,43.2751914,2064,1737,0,1836,1566,142
11578,116184745,43.2941804,2022,1803,0,1798,1625,142
11579,116194745,43.2953808,1999,1742,0,1782,1570,142
11580,116204745,43.3066635,2021,1710,0,1800,1543,142
11581,116214745,43.4164526,1699,1091,0,1553,1085,142
11582,116224745,43.4172763,2019,1594,0,1797,1456,142
11583,116234745,43.4181029,1961,1489,0,1776,1369,142
11584,116244745,43.4188424,2041,1481,0,1819,1359,142
11585,116254745,43.4194919,1903,1422,0,1704,1311,142
11586,116264745,43.419933,1985,1530,0,1781,1401,142
11587,116274745,43.4203211,2063,1779,0,1823,1609,142
11588,116284745,43.4207801,2064,1842,0,1831,1653,142
11589,116294745,43.4214685,2037,1893,0,1815,1704,142
11590,116304745,43.4223951,2045,1926,0,1819,1717,142
11591,116314745,43.4230381,1987,1787,0,1768,1603,142
11592,116324745,43.4302702,1961,1687,0,1747,1534,142
11593,116334745,43.4309159,2033,1634,0,1801,1481,142
11594,116344745,43.44608,2010,1633,0,1790,1484,142
11595,116354745,43.461526,1969,1637,0,1763,1484,142
11596,116364745,43.462991,2002,1535,0,1786,1402,142
11597,116374745,43.4767422,2000,1616,0,1784,1465,142
11598,116384745,43.4921091,1983,1631,0,1770,1481,142
11599,116394745,43.4927367,2021,1755,0,1804,1589,142
11600,116404745,43.5071085,2039,1882,0,1811,1690,142
11601,116414745,43.523278,2032,1872,0,1813,1680,142
11602,116424745,43.5246146,2016,1819,0,1797,1641,142
11603,116434745,43.6329017,2001,1738,0,1785,1570,142
11604,116444745,43.6339007,1973,1600,0,1760,1456,142
11605,116454745,43.6346701,1969,1505,0,1762,1384,142
11606,116464745,43.6352502,1985,1606,0,1782,1456,142
11607,116474745,43.6356857,1966,1476,0,1757,1351,142
11608,116484745,43.6361545,1968,1511,0,1758,1383,142
11609,116494745,43.6367114,2034,1786,0,1819,1614,142
11610,116504745,43.6373631,2064,1915,0,1819,1713,142
11611,116514745,43.6383063,2012,1862,0,1797,1669,142
11612,116524745,43.6390524,2001,1851,0,1788,1661,142
11613,116534745,43.6397456,2000,1808,0,1784,1626,142
11614,116544745,43.6489179,2003,1685,0,1786,1521,142
11615,116554745,43.6645869,1986,1583,0,1775,1441,142
11616,116564745,43.6655957,1969,1481,0,1760,1355,142
11617,116574745,43.6794707,1984,1482,0,1771,1355,142
11618,116584745,43.6801348,1968,1444,0,1758,1337,142
11619,116594745,43.6950807,2000,1616,0,1783,1469,142
11620,116604745,43.7108037,2030,1769,0,1809,1595,142
11621,116614745,43.7114328,2057,1888,0,1836,1688,142
11622,116624745,43.727008,2032,1920,0,1807,1726,142
11623,116634745,43.8320589,2003,1899,0,1793,1692,142
11624,116644745,43.832762,1995,1813,0,1783,1635,142
11625,116654745,43.8333742,2010,1710,0,1792,1536,142
11626,116664745,43.8340676,2012,1293,0,1800,1187,142
11627,116674747,43.8347945,2014,1600,0,1779,1461,142
11628,116684745,43.8357021,1984,1442,0,1775,1323,142
11629,116694745,43.8365585,1999,1441,0,1784,1323,142
11630,116704745,43.8372151,2045,1706,0,1818,1534,142
11631,116714745,43.8376369,2031,1751,0,1808,1585,142
11632,116724745,43.8380681,2064,1872,0,1837,1682,142
11633,116734745,43.8387559,2043,1919,0,1813,1718,142
11634,116744745,43.8520567,2026,1870,0,1803,1673,142
11635,116754745,43.8525885,1950,1838,0,1755,1653,142
11636,116764745,43.8696857,2000,1665,0,1779,1512,142
11637,116774745,43.8832515,1993,1609,0,1777,1469,142
11638,116784745,43.8839366,2000,1488,0,1778,1364,142
11639,116794745,43.8986816,1911,1470,0,1720,1351,142
11640,116804745,43.9141435,1973,1406,0,1759,1303,142
11641,116814745,43.914814,1996,1621,0,1784,1474,142
11642,116824745,43.9308318,2066,1845,0,1839,1654,142
11643,116834745,43.9316937,2067,1897,0,1837,1699,142
11644,116844745,44.0757918,2032,1741,0,1813,1574,142
11645,116854745,44.0765979,1995,1936,0,1790,1727,142
11646,116864745,44.0774221,2032,1890,0,1808,1690,142
11647,116874745,44.0782581,2011,1706,0,1797,1538,142
11648,116884745,44.0788837,1984,1511,0,1773,1387,142
11649,116894745,44.0798129,1939,1389,0,1733,1285,142
11650,116904745,44.0803442,1949,1370,0,1746,1267,142
11651,116914745,44.080882,1986,1471,0,1773,1351,142
11652,116924745,44.0814884,2013,1648,0,1789,1494,142
11653,116934745,44.0821417,1981,1755,0,1777,1574,142
11654,116944745,44.0827044,2068,1966,0,1847,1753,142
11655,116954745,44.0833016,2055,1871,0,1818,1667,142
11656,116964745,44.0838787,1987,1879,0,1778,1683,142
11657,116974745,44.0844495,2055,1849,0,1822,1661,142
11658,116984745,44.0883096,2006,1710,0,1784,1539,142
11659,116994745,44.1054687,1981,1528,0,1764,1397,142
11660,117004745,44.1187266,1950,1445,0,1735,1327,142
11661,117014747,44.1196295,1968,1424,0,1758,1312,142
11662,117024745,44.1342601,1998,1575,0,1784,1438,142
11663,117034745,44.135484,2005,1686,0,1785,1524,142
11664,117044745,44.244182,2029,1818,0,1809,1640,142
11665,117054745,44.2447993,2047,1923,0,1832,1726,142
11666,117064745,44.2452788,2128,1895,0,1883,1705,142
11667,117074745,44.2457088,2022,1782,0,1800,1601,142
11668,117084745,44.2461342,2000,1674,0,1782,1511,142
11669,117094745,44.246562,1999,1584,0,1780,1442,142
11670,117104745,44.2469683,1994,1498,0,1782,1364,142
11671,117114745,44.2473825,1993,1487,0,1773,1363,142
11672,117124745,44.2477902,2000,1622,0,1783,1478,142
11673,117134745,44.2483012,2015,1726,0,1796,1561,142
11674,117144745,44.2492308,2037,1863,0,1816,1672,142
11675,117154745,44.2601639,2064,1968,0,1837,1759,142
11676,117164745,44.2607994,2077,1934,0,1841,1727,142
11677,117174745,44.2924602,1828,1427,0,1612,1332,142
11678,117184745,44.2937077,2015,1611,0,1776,1525,142
11679,117194745,44.2946275,1871,1333,0,1677,1231,142
11680,117204745,44.3078801,1941,1267,0,1741,1184,142
11681,117214745,44.3232857,2000,1585,0,1784,1442,142
11682,117224745,44.3241568,2007,1764,0,1788,1592,142
11683,117234745,44.339401,2079,1939,0,1841,1731,142
11684,117244745,44.3400943,2000,2028,0,1786,1816,142
11685,117254745,44.4453951,2062,2119,0,1836,1878,142
11686,117264745,44.4461858,2086,2320,0,1901,2075,142
11687,117274745,44.446785,1575,1670,0,1418,1447,142
11688,117284745,44.4474042,2246,1882,0,1972,1672,142
11689,117294745,44.4479824,1909,1366,0,1714,1255,142
11690,117304745,44.448519,1947,1088,0,1743,1034,142
11691,117314745,44.4490195,1993,1810,0,1810,1651,142
11692,117324745,44.4495393,2002,1713,0,1795,1555,142
11693,117334745,44.4501644,2124,1902,0,1878,1708,142
11694,117344745,44.4510751,2096,2062,0,1860,1832,142
11695,117354745,44.462891,2084,2039,0,1850,1818,142
11696,117364745,44.4786542,2161,1965,0,1911,1744,142
11697,117374745,44.4793586,2090,1520,0,1847,1402,142
11698,117384745,44.4798475,1827,826,0,1662,805,142
11699,117394745,44.4967262,2047,1491,0,1823,1356,142
11700,117404745,44.512343,1936,1136,0,1732,1075,142
11701,117414745,44.5258554,2066,2032,0,1885,1844,142
11702,117424745,44.5266073,2011,1839,0,1800,1653,142
11703,117434745,44.5419447,2090,2010,0,1854,1785,142
11704,117444745,44.5424589,2060,2033,0,1832,1819,142
11705,117454745,44.6439789,2076,1962,0,1841,1753,142
11706,117464745,44.6455916,2064,1949,0,1869,1786,142
11707,117474745,44.6466162,1980,1413,0,1749,1286,142
11708,117484745,44.6472569,1855,1446,0,1652,1338,142
11709,117494745,44.6477409,2032,1391,0,1766,1267,142
11710,117504745,44.6481887,1943,1284,0,1747,1195,142
11711,117514745,44.6487547,1943,1725,0,1734,1574,142
11712,117524745,44.6491838,2027,1856,0,1810,1668,142
11713,117534745,44.6501516,2087,2086,0,1859,1858,142
11714,117544745,44.6509473,2077,2138,0,1851,1905,142
11715,117554745,44.651443,2112,1902,0,1906,1623,142
11716,117564745,44.6665449,1873,1972,0,1753,1802,142
11717,117574745,44.6965446,2147,1594,0,1878,1440,142
11718,117584745,44.6972294,1819,1291,0,1639,1204,142
11719,117594745,44.6978444,1926,1261,0,1727,1182,142
11720,117604745,44.7120272,2102,1594,0,1867,1455,142
11721,117614747,44.7125169,1991,1606,0,1770,1457,142
11722,117624745,44.7282519,2003,1683,0,1797,1530,142
11723,117634745,44.743306,2070,1987,0,1838,1775,142
11724,117644745,44.7438433,2117,2295,0,1855,2011,142
11725,117654745,44.8505415,2032,2012,0,1816,1797,142
11726,117664745,44.8514594,1627,1485,0,1442,1386,142
11727,117674745,44.8526298,2177,1327,0,1936,1232,142
11728,117684745,44.8534197,2043,1567,0,1851,1433,142
11729,117694745,44.8540117,1841,1346,0,1652,1248,142
11730,117704745,44.8545608,1981,1623,0,1799,1513,142
11731,117714745,44.8549781,2032,1582,0,1811,1442,142
11732,117724745,44.8553604,1999,1718,0,1786,1552,142
11733,117734745,44.8557487,2061,1828,0,1831,1640,142
11734,117744745,44.8564011,2102,2077,0,1866,1846,142
11735,117754745,44.8568217,1838,1468,0,1718,1359,142
11736,117764745,44.8703183,2246,1633,0,1975,1486,142
11737,117774745,44.8835689,2029,1625,0,1796,1473,142
11738,117784745,44.8840761,2021,1653,0,1806,1504,142
11739,117794745,44.9080329,1872,1406,0,1679,1299,142
11740,117804745,44.9096866,2025,1393,0,1805,1284,142
11741,117814745,44.918757,2012,1587,0,1796,1451,142
11742,117824745,44.933226,1977,1649,0,1768,1495,142
11743,117834745,44.9344155,2023,1825,0,1798,1642,142
11744,117844745,44.9464459,2094,2021,0,1860,1803,142
11745,117854745,45.0784584,2077,1308,0,1864,1179,142
11746,117864745,45.0791991,2018,1993,0,1791,1765,142
11747,117874745,45.0799121,2184,1514,0,1929,1387,142
11748,117884745,45.0804903,1817,1595,0,1627,1444,142
11749,117894745,45.0810331,1937,1285,0,1733,1194,142
11750,117904745,45.0815384,2000,1483,0,1784,1360,142
11751,117914745,45.0820815,1984,1574,0,1771,1438,142
11752,117924745,45.0826182,2001,1658,0,1786,1504,142
11753,117934746,45.0831719,2023,1905,0,1806,1705,142
11754,117944745,45.0837252,2079,2144,0,1844,1900,142
11755,117954745,45.084898,2125,2165,0,1893,1920,142
11756,117964745,45.0857755,1858,1459,0,1681,1378,142
11757,117974745,45.0865078,2239,1323,0,1956,1219,142
11758,117984745,45.0874813,1968,1510,0,1754,1380,142
11759,117994745,45.1010017,1730,1104,0,1570,1053,142
11760,118004745,45.1014765,2003,1252,0,1784,1174,142
11761,118014745,45.1320712,1981,1673,0,1761,1521,142
11762,118024746,45.1326331,2025,1815,0,1809,1631,142
11763,118034745,45.133063,2080,1937,0,1846,1731,142
11764,118044745,45.2562839,2117,2153,0,1880,1911,142
11765,118054745,45.2570954,1626,1977,0,1469,1798,142
11766,118064745,45.2578685,2159,1819,0,1867,1613,142
11767,118074745,45.2585553,2145,1290,0,1901,1200,142
11768,118084745,45.259306,1914,1437,0,1717,1322,142
11769,118094745,45.2599563,1808,1181,0,1628,1115,142
11770,118104745,45.2605678,1962,1365,0,1754,1271,142
11771,118114745,45.2611531,2081,1785,0,1839,1614,142
11772,118124745,45.2616227,2069,2154,0,1842,1914,142
11773,118134745,45.262202,2093,2190,0,1857,1930,142
11774,118144745,45.262662,2183,2011,0,1938,1759,142
11775,118154745,45.2634793,1758,1611,0,1544,1468,142
11776,118164745,45.2735242,2145,1232,0,1914,1140,142
11777,118174745,45.2741793,2083,1440,0,1859,1327,142
11778,118184745,45.2903526,1840,1378,0,1653,1271,142
11779,118194745,45.2909115,1852,1223,0,1665,1149,142
11780,118204745,45.3061609,1981,1525,0,1770,1399,142
11781,118214745,45.3271084,2112,1946,0,1872,1743,142
11782,118224745,45.3288212,2079,2189,0,1845,1938,142
11783,118234745,45.33714,2019,2064,0,1786,1836,142
11784,118244745,45.3523457,1917,1786,0,1759,1539,142
11785,118254745,45.3528604,1958,1833,0,1746,1656,142
11786,118264745,45.4542212,2301,1611,0,2025,1461,142
11787,118274745,45.4548591,2026,1709,0,1804,1543,142
11788,118284745,45.4553762,1742,1299,0,1574,1204,142
11789,118294745,45.455796,1985,1206,0,1771,1131,142
11790,118304745,45.4562232,2000,1664,0,1776,1502,142
11791,118314745,45.4566309,2014,2055,0,1798,1832,142
11792,118324745,45.4571242,2118,2115,0,1878,1880,142
11793,118334745,45.4576636,2171,1993,0,1942,1718,142
11794,118344745,45.4581576,1795,2108,0,1670,1901,142
11795,118354745,45.4619386,2156,1277,0,1903,1188,142
11796,118364745,45.4625001,2128,1905,0,1889,1716,142
11797,118374745,45.4784418,1734,1489,0,1566,1354,142
11798,118384745,45.5072697,2032,1126,0,1823,1062,142
11799,118394745,45.5080587,1975,1475,0,1760,1353,142
11800,118404745,45.5087025,1987,2022,0,1777,1813,142
11801,118414745,45.5228784,2096,2043,0,1863,1822,142
11802,118424745,45.5237555,2111,2228,0,1872,1947,142
11803,118434745,45.5397191,2134,2035,0,1895,1819,142
11804,118444746,45.5404462,1887,1967,0,1679,1784,142
11805,118454745,45.7430908,1803,1872,0,1614,1648,142
11806,118464745,45.7441717,2159,1785,0,1908,1618,142
11807,118474745,45.7452328,1933,1690,0,1730,1522,142
11808,118484745,45.746121,1897,1037,0,1701,982,142
11809,118494746,45.7471088,1925,1327,0,1722,1236,142
11810,118504745,45.7480167,2064,1807,0,1796,1626,142
11811,118514745,45.7488084,2000,2028,0,1784,1809,142
11812,118524745,45.7494576,2127,2091,0,1882,1857,142
11813,118534745,45.7503995,2126,1976,0,1883,1764,142
11814,118544745,45.7512049,2088,1605,0,1863,1442,142
11815,118554745,45.7519566,2226,1182,0,1915,1087,142
11816,118564745,45.7527346,1891,1974,0,1666,1721,142
11817,118574745,45.7535021,2122,1830,0,1835,1634,142
11818,118584745,45.7542452,1904,1319,0,1714,1218,142
11819,118594745,45.754908,1935,1421,0,1731,1311,142
11820,118604745,45.7554601,1926,1729,0,1724,1569,142
11821,118614745,45.7561855,2000,2013,0,1784,1788,142
11822,118624745,45.7568085,2143,2015,0,1897,1805,142
11823,118634745,45.7574911,2068,1776,0,1836,1605,142
11824,118644745,45.7583036,2090,1786,0,1851,1586,142
11825,118654745,45.7593528,1583,1293,0,1477,1171,142
11826,118664745,45.8976284,2078,1585,0,1842,1434,142
11827,118674745,45.8985681,2176,1591,0,1931,1454,142
11828,118684745,45.8992176,1742,1488,0,1574,1360,142
11829,118694745,45.8998501,1893,1392,0,1695,1286,142
11830,118704745,45.9006504,2004,1691,0,1785,1534,142
11831,118714745,45.9017328,2030,1955,0,1810,1754,142
11832,118724745,45.9029871,2070,1921,0,1837,1721,142
11833,118734745,45.904388,2173,1926,0,1921,1734,142
11834,118744745,45.9057843,1850,1846,0,1728,1696,142
11835,118754745,45.9067372,2145,1691,0,1915,1514,142
11836,118764745,45.9074522,2190,1806,0,1927,1627,142
11837,118774745,45.9083158,1946,1648,0,1739,1493,142
11838,118784745,45.909235,1806,1254,0,1626,1171,142
11839,118794745,45.9102598,1917,1229,0,1718,1153,142
11840,118804745,45.911266,1943,1557,0,1740,1433,142
11841,118814745,45.9120459,1990,1998,0,1777,1785,142
11842,118824745,45.9265589,2108,2021,0,1876,1800,142
11843,118834745,45.9421418,2185,1994,0,1933,1779,142
11844,118844745,45.9429608,1959,1515,0,1740,1438,142
11845,118854745,45.9572554,2001,2174,0,1788,1963,142
11846,118864745,45.9728362,2215,1484,0,1954,1360,142
11847,118874745,45.9735486,1876,1497,0,1679,1364,142
11848,118884745,46.0747362,1826,1291,0,1645,1199,142
11849,118894745,46.0752392,1974,1456,0,1758,1342,142
11850,118904745,46.0756346,1986,1845,0,1770,1653,142
11851,118914745,46.0760853,2092,2059,0,1864,1835,142
11852,118924745,46.0765518,2114,2030,0,1879,1808,142
11853,118934745,46.0770112,2306,1377,0,2071,1245,142
11854,118944745,46.0774676,1840,1733,0,1631,1575,142
11855,118954745,46.0780502,2101,1504,0,1885,1376,142
11856,118964745,46.078665,2039,1534,0,1823,1399,142
11857,118974745,46.0839992,1883,1497,0,1685,1372,142
11858,118984745,46.0845396,1937,1488,0,1731,1362,142
11859,118994745,46.0992518,1943,1523,0,1742,1394,142
11860,119004745,46.1146477,1971,1692,0,1766,1532,142
11861,119014746,46.1152718,2000,1756,0,1785,1583,142
11862,119024745,46.1305727,2007,1775,0,1790,1598,142
11863,119034745,46.1311079,2018,1759,0,1809,1587,142
11864,119044745,46.14625,2038,1760,0,1809,1589,142
11865,119054745,46.1610559,2032,1744,0,1810,1571,142
11866,119064745,46.1616127,1982,1733,0,1759,1558,142
11867,119074745,46.1763787,1959,1765,0,1756,1594,142
11868,119084745,46.2767523,1999,1723,0,1778,1562,142
11869,119094745,46.2777136,2008,1634,0,1793,1484,142
11870,119104745,46.2787247,2000,1563,0,1784,1428,142
11871,119114746,46.2883024,1997,1605,0,1782,1456,142
11872,119124745,46.2906068,1952,1533,0,1745,1397,142
11873,119134745,46.2923405,1959,1535,0,1742,1402,142
11874,119144745,46.2946487,2000,1626,0,1788,1475,142
11875,119154745,46.2955655,2054,1698,0,1829,1542,142
11876,119164745,46.2967859,2057,1777,0,1831,1605,142
11877,119174745,46.2978189,2027,1808,0,1807,1623,142
11878,119184745,46.2999631,2019,1801,0,1810,1618,142
11879,119194745,46.301573,2019,1786,0,1801,1615,142
11880,119204745,46.311397,2023,1751,0,1813,1577,142
11881,119214745,46.3230144,2021,1699,0,1803,1535,142
11882,119224745,46.3249194,2025,1687,0,1803,1531,142
11883,119234745,46.3333002,2011,1687,0,1790,1526,142
11884,119244745,46.3643578,2015,1697,0,1798,1539,142
11885,119254745,46.3658923,2000,1685,0,1788,1531,142
11886,119264745,46.3696564,2004,1690,0,1786,1534,142
11887,119274745,46.5851796,2000,1691,0,1786,1530,142
11888,119284745,46.5865884,1999,1691,0,1784,1532,142
11889,119294745,46.5881891,2000,1691,0,1786,1529,142
11890,119304745,46.5894935,2004,1690,0,1785,1531,142
11891,119314745,46.5904939,2001,1689,0,1784,1532,142
11892,119324745,46.5913508,2001,1694,0,1784,1534,142
11893,119334745,46.5922313,2002,1687,0,1786,1534,142
11894,119344745,46.593097,2000,1699,0,1786,1536,142
11895,119354745,46.5938938,2001,1691,0,1788,1532,142
11896,119364745,46.5944985,2000,1693,0,1784,1534,142
11897,119374745,46.5950844,2005,1693,0,1787,1531,142
11898,119384745,46.5958546,2000,1690,0,1780,1534,142
11899,119394745,46.5966431,2004,1696,0,1788,1530,142
11900,119404745,46.597591,2000,1694,0,1786,1534,142
11901,119414745,46.5984673,2000,1696,0,1784,1533,142
11902,119424745,46.5994496,2000,1691,0,1784,1535,142
11903,119434745,46.6002069,1998,1695,0,1784,1530,142
11904,119444745,46.6007803,2006,1694,0,1779,1532,142
11905,119454745,46.6014014,2000,1687,0,1784,1530,142
11906,119464745,46.6019912,2000,1694,0,1784,1527,142
11907,119474745,46.6025262,2001,1683,0,1786,1526,142
11908,119484745,46.603079,2003,1691,0,1782,1529,142
11909,119494745,46.6042474,2000,1681,0,1786,1529,142
11910,119504745,46.7554866,1999,1694,0,1779,1530,142
11911,119514745,46.7563515,1998,1681,0,1786,1530,142
11912,119524745,46.7569605,1995,1685,0,1782,1530,142
11913,119534745,46.7575148,2005,1691,0,1784,1526,142
11914,119544745,46.7581828,2000,1683,0,1781,1527,142
11915,119554745,46.7587495,2002,1695,0,1784,1530,142
11916,119564745,46.7594563,2000,1687,0,1779,1525,142
11917,119574745,46.7600795,2009,1685,0,1790,1533,142
11918,119584745,46.7607384,2002,1689,0,1784,1532,142
11919,119594745,46.7614867,2000,1697,0,1791,1534,142
11920,119604745,46.7620876,1997,1693,0,1786,1530,142
11921,119614745,46.7625598,2003,1692,0,1787,1534,142
11922,119624745,46.7630058,2001,1695,0,1782,1527,142
11923,119634745,46.7635189,2001,1694,0,1785,1537,142
11924,119644745,46.7639876,1997,1694,0,1784,1524,142
11925,119654745,46.7644875,2000,1685,0,1784,1530,142
11926,119664745,46.768543,2000,1691,0,1784,1534,142
11927,119674745,46.7851415,2001,1695,0,1784,1530,142
11928,119684745,46.7860301,2002,1695,0,1784,1530,142
11929,119694745,46.8032922,2005,1687,0,1779,1528,142
11930,119704745,46.8046377,1999,1686,0,1784,1529,142
11931,119714745,46.9228544,1998,1695,0,1784,1530,142
11932,119724745,46.9237667,2000,1689,0,1784,1533,142
11933,119734745,46.9244912,2000,1692,0,1786,1528,142
11934,119744745,46.9251974,2000,1690,0,1784,1530,142
11935,119754745,46.9257058,1999,1691,0,1786,1532,142
11936,119764745,46.9261579,2003,1686,0,1785,1533,142
11937,119774745,46.9265559,2000,1685,0,1782,1525,142
11938,119784745,46.9269422,2000,1690,0,1784,1533,142
11939,119794745,46.9273479,1999,1690,0,1782,1528,142
11940,119804745,46.9277439,2000,1695,0,1783,1529,142
11941,119814745,46.9282102,1998,1692,0,1782,1534,142
11942,119824745,46.928852,2001,1692,0,1782,1534,142
11943,119834745,46.9417262,2000,1684,0,1785,1527,142
11944,119844745,46.9424002,2002,1699,0,1784,1525,142
11945,119854745,46.9576972,2000,1689,0,1786,1523,142
11946,119864745,46.9734421,1997,1687,0,1782,1532,142
11947,119874745,46.9905256,2000,1691,0,1784,1533,142
11948,119884745,46.9910826,2009,1690,0,1784,1530,142
11949,119894745,46.9915367,2000,1686,0,1784,1529,142
11950,119904745,47.0050159,2006,1696,0,1790,1530,142
11951,119914745,47.1157948,1997,1695,0,1784,1530,142
11952,119924745,47.1169043,2001,1687,0,1782,1526,142
11953,119934745,47.1180451,2002,1686,0,1784,1532,142
11954,119944745,47.1189028,2000,1693,0,1787,1527,142
11955,119954745,47.1195061,2000,1691,0,1783,1525,142
11956,119964745,47.1201497,2000,1697,0,1784,1527,142
11957,119974745,47.120945,2001,1690,0,1786,1529,142
11958,119984745,47.1218402,2000,1690,0,1783,1527,142
11959,119994745,47.1226333,1998,1686,0,1783,1535,142
11960,120004745,47.1233059,2005,1693,0,1784,1534,142
11961,120014745,47.1241145,2000,1695,0,1785,1530,142
11962,120024745,47.1306249,2006,1690,0,1789,1530,142
11963,120034745,47.131509,2000,1692,0,1787,1529,142
11964,120044745,47.1477883,2000,1696,0,1784,1533,142
11965,120054745,47.1630204,2001,1689,0,1786,1524,142
11966,120064745,47.1637885,2003,1694,0,1784,1534,142
11967,120074745,47.1775778,2000,1689,0,1785,1534,142
11968,120084745,47.1905506,2000,1688,0,1786,1532,142
11969,120094745,47.1911711,2003,1691,0,1786,1529,142
11970,120104745,47.2056472,2002,1694,0,1784,1530,142
11971,120114745,47.3197717,2004,1694,0,1784,1525,142
11972,120124745,47.3205644,2000,1685,0,1784,1529,142
11973,120134745,47.3215895,2000,1686,0,1783,1532,142
11974,120144745,47.3225097,2000,1687,0,1785,1530,142
11975,120154745,47.3231338,2000,1693,0,1782,1531,142
11976,120164745,47.3238543,2001,1687,0,1785,1530,142
11977,120174745,47.3247098,2001,1689,0,1785,1533,142
11978,120184745,47.3254292,1999,1687,0,1784,1530,142
11979,120194745,47.3260918,2001,1691,0,1785,1527,142
11980,120204753,47.32671,1995,1694,0,1784,1526,142
11981,120214745,47.3273311,1997,1694,0,1784,1533,142
11982,120224745,47.3310736,2000,1692,0,1785,1531,142
11983,120234745,47.3316792,2000,1689,0,1782,1529,142
11984,120244745,47.3474096,2001,1681,0,1783,1532,142
11985,120254745,47.3616954,2000,1683,0,1784,1530,142
11986,120264745,47.3624238,2000,1693,0,1784,1530,142
11987,120274746,47.3785705,2000,1691,0,1784,1532,142
11988,120284745,47.3935852,2000,1692,0,1784,1524,142
11989,120294745,47.3942619,2001,1695,0,1784,1527,142
11990,120304745,47.409433,2000,1689,0,1783,1536,142
11991,120314745,47.4100611,2005,1693,0,1791,1527,142
11992,120324745,47.5135239,2002,1698,0,1784,1533,142
11993,120334745,47.5144673,2001,1694,0,1784,1535,142
11994,120344745,47.5156767,2003,1695,0,1784,1533,142
11995,120354745,47.5166382,2003,1696,0,1786,1530,142
11996,120364745,47.5173574,2000,1689,0,1784,1530,142
11997,120374745,47.5179083,2000,1689,0,1784,1533,142
11998,120384745,47.5184512,2001,1697,0,1786,1532,142
11999,120394745,47.5190629,2002,1691,0,1788,1530,142
12000,120404748,47.5197117,2002,1698,0,1782,1532,142
12001,120414750,47.5206571,2000,1694,0,1784,1530,142
12002,120424745,47.5323637,1999,1691,0,1784,1530,142
12003,120434745,47.5330768,2000,1686,0,1786,1530,142
12004,120444745,47.548081,1995,1688,0,1784,1526,142
12005,120454745,47.5634156,2000,1686,0,1784,1530,142
12006,120464745,47.5642726,2003,1693,0,1788,1522,142
12007,120474745,47.5790975,2000,1686,0,1784,1531,142
12008,120484745,47.5942235,1995,1687,0,1784,1529,142
12009,120494745,47.5950629,2000,1690,0,1784,1533,142
12010,120504745,47.6107127,2000,1696,0,1784,1530,142
12011,120514745,47.6112194,2000,1685,0,1783,1524,142
12012,120524745,47.7148038,2003,1693,0,1786,1527,142
12013,120534745,47.7156514,2000,1692,0,1783,1530,142
12014,120544745,47.7164445,2002,1697,0,1782,1524,142
12015,120554745,47.7171523,2001,1684,0,1780,1530,142
12016,120564745,47.717677,2000,1699,0,1786,1532,142
12017,120574745,47.7181271,2001,1685,0,1784,1531,142
12018,120584745,47.7185395,2000,1697,0,1785,1535,142
12019,120594745,47.7192213,2000,1699,0,1786,1533,142
12020,120604745,47.7199338,2004,1694,0,1784,1533,142
12021,120614745,47.7207908,2002,1681,0,1784,1529,142
12022,120624745,47.7215287,2005,1696,0,1782,1533,142
12023,120634745,47.7386588,2001,1695,0,1779,1527,142
12024,120644745,47.7511441,2000,1697,0,1782,1533,142
12025,120654745,47.7519793,2000,1697,0,1782,1535,142
12026,120664745,47.7676188,2000,1694,0,1786,1530,142
12027,120674745,47.7815445,2005,1691,0,1785,1533,142
12028,120684745,47.782271,1999,1693,0,1784,1526,142
12029,120694745,47.7992697,2000,1690,0,1786,1527,142
12030,120704745,47.8126801,2000,1691,0,1789,1529,142
12031,120714745,47.8284449,2000,1694,0,1784,1526,142
12032,120724745,47.8293229,2000,1690,0,1782,1534,142
12033,120734745,47.8438197,2003,1695,0,1777,1524,142
12034,120744745,47.8446134,2000,1690,0,1783,1533,142
12035,120754745,47.9482912,2000,1692,0,1786,1529,142
12036,120764745,47.9491109,2000,1692,0,1780,1524,142
12037,120774745,47.9498611,1998,1687,0,1777,1532,142
12038,120784745,47.9504317,2000,1691,0,1785,1527,142
12039,120794745,47.9508485,1997,1687,0,1783,1530,142
12040,120804745,47.9512467,1998,1687,0,1787,1527,142
12041,120814745,47.9521397,2000,1693,0,1785,1526,142
12042,120824745,47.9526154,2000,1685,0,1782,1525,142
12043,120834745,47.9531021,2001,1693,0,1784,1527,142
12044,120844745,47.9541244,2001,1687,0,1784,1530,142
12045,120854745,47.9549565,2003,1696,0,1785,1525,142
12046,120864745,47.971283,2000,1687,0,1785,1535,142
12047,120874745,47.9721093,2000,1694,0,1783,1534,142
12048,120884745,47.9869369,2000,1695,0,1784,1530,142
12049,120894745,48.0037392,2003,1691,0,1786,1530,142
12050,120904745,48.0052996,2002,1687,0,1786,1535,142
12051,120914745,48.0184882,2004,1685,0,1789,1527,142
12052,120924745,48.0198829,2000,1686,0,1783,1530,142
12053,120934745,48.0304108,1999,1692,0,1788,1532,142
12054,120944745,48.0482208,2000,1693,0,1785,1529,142
12055,120954745,48.1529137,2001,1697,0,1786,1533,142
12056,120964745,48.1538013,2002,1690,0,1786,1526,142
12057,120974745,48.154586,2000,1695,0,1784,1532,142
12058,120984745,48.1552579,2000,1685,0,1783,1532,142
12059,120994745,48.1560794,2007,1690,0,1786,1534,142
12060,121004745,48.1567281,2000,1690,0,1788,1534,142
12061,121014745,48.1575194,2007,1691,0,1786,1535,142
12062,121024745,48.1583368,1998,1689,0,1784,1527,142
12063,121034745,48.1593108,2001,1687,0,1786,1529,142
12064,121044745,48.1603892,2000,1687,0,1785,1535,142
12065,121054745,48.1611602,2001,1686,0,1784,1530,142
12066,121064745,48.1729703,2000,1695,0,1784,1532,142
12067,121074745,48.1744265,2000,1694,0,1784,1530,142
12068,121084745,48.1890521,2000,1687,0,1786,1534,142
12069,121094745,48.2033335,2003,1690,0,1783,1526,142
12070,121104745,48.2046744,2003,1693,0,1788,1533,142
12071,121114745,48.2187523,2003,1685,0,1785,1534,142
12072,121124745,48.2350708,2003,1695,0,1784,1534,142
12073,121134745,48.236026,2001,1691,0,1785,1534,142
12074,121144745,48.2502559,2000,1695,0,1783,1526,142
12075,121154745,48.2509287,2000,1684,0,1784,1530,142
12076,121164745,48.389801,1991,1693,0,1785,1534,142
12077,121174745,48.3916451,2000,1691,0,1784,1525,142
12078,121184745,48.3928162,2007,1693,0,1784,1526,142
12079,121194745,48.3938673,2000,1688,0,1784,1529,142
12080,121204745,48.3951075,2000,1693,0,1782,1534,142
12081,121214745,48.3961858,2002,1691,0,1784,1530,142
12082,121224745,48.3972974,1998,1693,0,1782,1530,142
12083,121234745,48.3985337,1996,1689,0,1783,1532,142
12084,121244745,48.3997233,2003,1686,0,1789,1530,142
12085,121254745,48.4007586,2003,1689,0,1784,1527,142
12086,121264745,48.4017453,1998,1686,0,1782,1529,142
12087,121274745,48.402667,2000,1685,0,1784,1529,142
12088,121284745,48.404075,2003,1687,0,1784,1529,142
12089,121294745,48.4051654,1997,1686,0,1782,1532,142
12090,121304745,48.4094402,2001,1691,0,1782,1530,142
12091,121314746,48.4246259,2000,1691,0,1785,1530,142
12092,121324745,48.4273637,2000,1692,0,1781,1534,142
12093,121334745,48.4420548,2002,1690,0,1783,1530,142
12094,121344745,48.442992,1996,1690,0,1784,1527,142
12095,121354745,48.4556655,2000,1692,0,1785,1530,142
12096,121364745,48.5672546,2005,1695,0,1788,1530,142
12097,121374745,48.5681956,1999,1689,0,1784,1532,142
12098,121384745,48.5690392,1998,1691,0,1790,1534,142
12099,121394745,48.5696885,2000,1697,0,1786,1537,142
12100,121404745,48.5701731,1999,1687,0,1786,1529,142
12101,121414745,48.5706103,2003,1693,0,1784,1533,142
12102,121424745,48.5711835,1998,1695,0,1784,1530,142
12103,121434745,48.5716755,2005,1694,0,1785,1534,142
12104,121444745,48.5721236,2003,1717,0,1786,1548,142
12105,121454745,48.572609,2001,1739,0,1782,1573,142
12106,121464745,48.5730579,1955,1584,0,1745,1443,142
12107,121474745,48.5826333,1987,1709,0,1769,1562,142
12108,121484745,48.5833259,2003,1701,0,1792,1543,142
12109,121494745,48.5962161,2000,1699,0,1784,1530,142
12110,121504745,48.611688,2000,1692,0,1784,1537,142
12111,121514745,48.6270099,2008,1684,0,1784,1521,142
12112,121524745,48.6280228,2001,1680,0,1788,1523,142
12113,121534745,48.6429033,2001,1683,0,1784,1526,142
12114,121544745,48.6434242,2006,1696,0,1784,1526,142
12115,121554745,48.6587545,2000,1685,0,1786,1529,142
12116,121564745,48.6737923,2002,1682,0,1784,1523,142
12117,121574745,48.6743521,2007,1691,0,1785,1532,142
12118,121584745,48.7823009,2000,1686,0,1789,1530,142
12119,121594745,48.7830684,2000,1691,0,1784,1526,142
12120,121604745,48.7840368,1999,1689,0,1784,1525,142
12121,121614745,48.7850192,2000,1691,0,1784,1534,142
12122,121624745,48.7859648,2003,1687,0,1786,1533,142
12123,121634745,48.7869815,2000,1691,0,1785,1530,142
12124,121644745,48.788116,2000,1683,0,1785,1530,142
12125,121654745,48.7889763,2003,1692,0,1783,1527,142
12126,121664745,48.7896909,2005,1689,0,1784,1527,142
12127,121674745,48.7906768,2001,1685,0,1784,1530,142
12128,121684745,48.7914818,2000,1691,0,1785,1533,142
12129,121694745,48.8008231,2000,1690,0,1784,1530,142
12130,121704745,48.8154966,2002,1690,0,1786,1532,142
12131,121714745,48.8162759,2001,1690,0,1784,1521,142
12132,121724745,48.8306186,2000,1687,0,1786,1530,142
12133,121734745,48.8314947,2002,1685,0,1788,1527,142
12134,121744745,48.8464588,2005,1682,0,1786,1529,142
12135,121754745,48.8616955,2001,1687,0,1786,1524,142
12136,121764745,48.8627455,1999,1683,0,1784,1534,142
12137,121774745,48.8774754,2006,1685,0,1782,1525,142
12138,121784745,48.8917646,2000,1683,0,1780,1525,142
12139,121794745,48.8922852,2000,1687,0,1784,1525,142
12140,121804745,48.9986774,2000,1683,0,1784,1529,142
12141,121814745,48.9996097,2000,1690,0,1786,1525,142
12142,121824745,49.0007464,2001,1691,0,1784,1525,142
12143,121834745,49.0017438,2000,1695,0,1782,1529,142
12144,121844745,49.0024404,2002,1694,0,1784,1527,142
12145,121854745,49.0029792,2001,1690,0,1782,1523,142
12146,121864745,49.0033847,2003,1690,0,1784,1534,142
12147,121874745,49.0037694,2001,1691,0,1784,1533,142
12148,121884745,49.0042026,1999,1686,0,1786,1527,142
12149,121894745,49.0052786,2003,1684,0,1784,1532,142
12150,121904745,49.0057023,2000,1696,0,1786,1530,142
12151,121914745,49.0182168,2005,1693,0,1784,1527,142
12152,121924745,49.0335599,2000,1693,0,1786,1525,142
12153,121934745,49.0347074,1999,1687,0,1784,1539,142
12154,121944745,49.050077,2002,1693,0,1784,1524,142
12155,121954745,49.0512622,2001,1693,0,1784,1524,142
12156,121964745,49.080529,2000,1693,0,1784,1530,142
12157,121974745,49.0812472,2000,1688,0,1782,1530,142
12158,121984745,49.081652,2000,1698,0,1784,1530,142
12159,121994745,49.0966078,2000,1692,0,1786,1523,142
12160,122004745,49.2102573,2000,1686,0,1784,1530,142
12161,122014745,49.2111927,2000,1693,0,1784,1525,142
12162,122024745,49.2119951,2001,1690,0,1784,1527,142
12163,122034745,49.2125071,2003,1685,0,1784,1532,142
12164,122044745,49.2129247,2003,1683,0,1785,1527,142
12165,122054745,49.2133203,1999,1684,0,1782,1526,142
12166,122064745,49.2137067,2000,1690,0,1786,1531,142
12167,122074745,49.2140963,2002,1687,0,1786,1532,142
12168,122084745,49.2145069,2000,1685,0,1784,1523,142
12169,122094745,49.2149433,2002,1685,0,1786,1525,142
12170,122104745,49.2154163,2000,1687,0,1788,1529,142
12171,122114745,49.2243389,1998,1693,0,1782,1530,142
12172,122124745,49.2250429,2009,1685,0,1785,1525,142
12173,122134745,49.2395687,2002,1686,0,1781,1526,142
12174,122144745,49.2524404,1999,1691,0,1781,1524,142
12175,122154745,49.2531766,2001,1689,0,1786,1530,142
12176,122164745,49.2684155,2000,1685,0,1784,1532,142
12177,122174745,49.2836531,2000,1695,0,1779,1527,142
12178,122184745,49.284865,2003,1683,0,1786,1529,142
12179,122194745,49.2991401,2000,1686,0,1784,1522,142
12180,122204745,49.3165957,2000,1685,0,1784,1530,142
12181,122214745,49.3177042,2004,1685,0,1786,1531,142
12182,122224745,49.4714367,2004,1695,0,1784,1530,142
12183,122234745,49.4723789,2001,1695,0,1783,1532,142
12184,122244745,49.4731169,1997,1692,0,1784,1530,142
12185,122254745,49.4738828,2001,1682,0,1784,1532,142
12186,122264745,49.4743522,2002,1689,0,1784,1526,142
12187,122274745,49.4749346,1997,1697,0,1784,1537,142
12188,122284745,49.4756287,1998,1687,0,1784,1530,142
12189,122294745,49.4762049,2000,1687,0,1793,1527,142
12190,122304745,49.4766121,2000,1691,0,1784,1531,142
12191,122314745,49.4770011,1997,1691,0,1784,1529,142
12192,122324745,49.477392,2001,1691,0,1786,1530,142
12193,122334745,49.4779151,2000,1683,0,1786,1529,142
12194,122344745,49.47854,1999,1689,0,1783,1533,142
12195,122354745,49.4791512,2000,1686,0,1786,1525,142
12196,122364745,49.4797317,2002,1690,0,1787,1526,142
12197,122374745,49.4801517,2006,1691,0,1786,1529,142
12198,122384745,49.4887002,2000,1687,0,1785,1530,142
12199,122394745,49.5023718,2001,1681,0,1785,1532,142
12200,122404745,49.5030101,2001,1690,0,1788,1525,142
12201,122414745,49.518823,1999,1691,0,1788,1523,142
12202,122424745,49.5333669,2000,1690,0,1783,1525,142
12203,122434745,49.548843,2002,1690,0,1784,1524,142
12204,122444745,49.5493861,1999,1683,0,1788,1527,142
12205,122454745,49.5497975,2000,1688,0,1790,1534,142
12206,122464745,49.6613906,2000,1691,0,1785,1527,142
12207,122474745,49.66264,2004,1689,0,1784,1529,142
12208,122484745,49.663525,2003,1691,0,1786,1529,142
12209,122494746,49.6643882,2000,1693,0,1785,1526,142
12210,122504745,49.6652368,2000,1690,0,1783,1526,142
12211,122514745,49.6660529,2003,1687,0,1786,1527,142
12212,122524745,49.6668168,1999,1690,0,1786,1530,142
12213,122534745,49.6674715,2000,1689,0,1786,1529,142
12214,122544745,49.6681609,2001,1687,0,1784,1530,142
12215,122554745,49.6689038,2000,1703,0,1784,1530,142
12216,122564745,49.6742947,2002,1685,0,1784,1525,142
12217,122574745,49.6750304,2000,1691,0,1782,1522,142
12218,122584745,49.6912807,2000,1686,0,1788,1532,142
12219,122594745,49.7066125,2002,1687,0,1786,1526,142
12220,122604745,49.7076402,2000,1689,0,1785,1523,142
12221,122614745,49.7223199,2000,1688,0,1787,1521,142
12222,122624745,49.7229255,2000,1683,0,1785,1525,142
12223,122634745,49.738258,2002,1687,0,1783,1525,142
12224,122644745,49.7508529,2000,1687,0,1784,1529,142
12225,122654745,49.7513759,2003,1703,0,1785,1524,142
12226,122664745,49.8590029,2000,1695,0,1782,1530,142
12227,122674745,49.8599046,1997,1696,0,1784,1522,142
12228,122684745,49.8605566,2003,1691,0,1784,1529,142
12229,122694745,49.8610029,2000,1687,0,1786,1532,142
12230,122704745,49.8614198,2000,1685,0,1783,1532,142
12231,122714745,49.8618245,2000,1685,0,1784,1534,142
12232,122724745,49.8622123,2000,1697,0,1787,1525,142
12233,122734745,49.8626,1998,1682,0,1786,1525,142
12234,122744745,49.8629955,2000,1696,0,1782,1533,142
12235,122754745,49.8634129,1999,1690,0,1782,1534,142
12236,122764745,49.8638393,2000,1691,0,1783,1532,142
12237,122774745,49.8757102,2001,1691,0,1784,1530,142
12238,122784745,49.8914224,2000,1695,0,1787,1533,142
12239,122794745,49.8923642,2002,1691,0,1784,1525,142
12240,122804745,49.9063647,1999,1689,0,1784,1523,142
12241,122814745,49.9226454,2000,1689,0,1783,1530,142
12242,122824745,49.9232558,1998,1687,0,1785,1527,142
12243,122834745,49.9365282,1999,1691,0,1788,1530,142
12244,122844745,49.951892,2001,1694,0,1784,1534,142
12245,122854746,49.9672345,2007,1705,0,1784,1532,142
12246,122864745,49.9677719,2003,1687,0,1786,1524,142
12247,122874745,49.9823162,2000,1683,0,1784,1522,142
12248,122884745,49.9828434,2000,1690,0,1789,1537,142
12249,122894745,50.0866207,2002,1691,0,1784,1530,142
12250,122904745,50.0875244,2000,1692,0,1782,1530,142
12251,122914745,50.0885571,1996,1691,0,1783,1530,142
12252,122924745,50.0893796,2001,1697,0,1784,1526,142
12253,122934745,50.0900954,2000,1687,0,1784,1530,142
12254,122944745,50.0906703,2001,1690,0,1784,1534,142
12255,122954745,50.0917163,2006,1686,0,1784,1534,142
12256,122964745,50.092857,2001,1686,0,1785,1527,142
12257,122974745,50.0942239,2000,1685,0,1782,1525,142
12258,122984745,50.0957766,2001,1689,0,1784,1530,142
12259,122994745,50.1078702,1993,1690,0,1784,1532,142
12260,123004745,50.1087808,2000,1692,0,1783,1527,142
12261,123014745,50.1241982,2000,1686,0,1783,1534,142
12262,123024745,50.1250627,2005,1693,0,1788,1527,142
12263,123034745,50.1439851,2002,1693,0,1786,1527,142
12264,123044745,50.1570527,2000,1693,0,1784,1527,142
12265,123054745,50.1584367,1999,1696,0,1786,1534,142
12266,123064745,50.1721504,2000,1682,0,1785,1529,142
12267,123074745,50.1731103,2000,1687,0,1784,1533,142
12268,123084745,50.3190932,2001,1701,0,1784,1530,142
12269,123094745,50.3201791,2003,1690,0,1791,1531,142
12270,123104745,50.3209651,2007,1693,0,1785,1530,142
12271,123114745,50.3217513,2001,1693,0,1784,1525,142
12272,123124745,50.3223654,1963,1680,0,1752,1520,142
12273,123134745,50.322932,2000,1680,0,1784,1517,142
12274,123144745,50.3235346,2034,1722,0,1813,1558,142
12275,123154745,50.3244755,2003,1695,0,1788,1535,142
12276,123164745,50.3260003,2008,1697,0,1795,1530,142
12277,123174745,50.3275149,2003,1691,0,1788,1533,142
12278,123184745,50.3289426,2000,1682,0,1783,1525,142
12279,123194745,50.3305191,2000,1683,0,1781,1528,142
12280,123204745,50.3317097,2000,1698,0,1782,1532,142
12281,123214745,50.3329121,2000,1696,0,1784,1525,142
12282,123224745,50.3340088,2002,1685,0,1782,1532,142
12283,123234745,50.3435816,2000,1698,0,1784,1532,142
12284,123244745,50.3444123,2005,1692,0,1784,1524,142
12285,123254745,50.3603733,1998,1689,0,1782,1526,142
12286,123264745,50.3611387,1999,1683,0,1782,1525,142
12287,123274745,50.376157,2000,1681,0,1786,1532,142
12288,123284745,50.3903171,1995,1685,0,1784,1528,142
12289,123294745,50.3907651,1999,1683,0,1784,1534,142
12290,123304745,50.5030619,2003,1687,0,1786,1532,142
12291,123314745,50.504118,2000,1695,0,1784,1530,142
12292,123324745,50.5052103,2006,1698,0,1784,1529,142
12293,123334745,50.5059777,2002,1694,0,1788,1535,142
12294,123344747,50.5070353,2005,1675,0,1784,1529,142
12295,123354745,50.5081148,2005,1694,0,1788,1532,142
12296,123364745,50.5097059,2003,1689,0,1785,1524,142
12297,123374745,50.5107892,2005,1692,0,1784,1532,142
12298,123384745,50.5118395,1999,1692,0,1788,1533,142
12299,123394745,50.5127739,2000,1700,0,1786,1535,142
12300,123404745,50.5140591,2000,1695,0,1786,1537,142
12301,123414745,50.5184488,2000,1698,0,1786,1536,142
12302,123424745,50.5323943,2000,1701,0,1782,1530,142
12303,123434745,50.5331461,1999,1697,0,1785,1532,142
12304,123444745,50.5500065,2000,1695,0,1785,1534,142
12305,123454745,50.5631901,1997,1695,0,1785,1530,142
12306,123464745,50.5637097,2003,1689,0,1780,1531,142
12307,123474745,50.5797681,2000,1695,0,1785,1530,142
12308,123484745,50.5804578,1998,1693,0,1783,1527,142
12309,123494745,50.5952752,1997,1683,0,1780,1533,142
12310,123504745,50.7026912,2000,1687,0,1787,1532,142
12311,123514745,50.7038847,2000,1690,0,1783,1528,142
12312,123524745,50.7047108,2007,1689,0,1784,1527,142
12313,123534745,50.705457,2000,1690,0,1784,1529,142
12314,123544745,50.7061616,2000,1690,0,1786,1530,142
12315,123554745,50.706971,2001,1691,0,1782,1525,142
12316,123564745,50.7078505,1999,1705,0,1783,1527,142
12317,123574745,50.7087543,2000,1686,0,1784,1531,142
12318,123584745,50.7096588,2001,1691,0,1786,1531,142
12319,123594745,50.7111917,2006,1693,0,1786,1532,142
12320,123604745,50.712077,2002,1695,0,1784,1533,142
12321,123614745,50.7198283,2003,1691,0,1783,1534,142
12322,123624745,50.7208642,2005,1703,0,1785,1531,142
12323,123634745,50.7374741,2000,1694,0,1784,1535,142
12324,123644745,50.7520804,1999,1692,0,1784,1536,142
12325,123654745,50.7666703,2000,1698,0,1759,1527,142
12326,123664745,50.7672414,2004,1696,0,1784,1530,142
12327,123674745,50.7825301,2001,1696,0,1786,1530,142
12328,123684745,50.7830601,2000,1696,0,1786,1532,142
12329,123694745,50.7979002,2000,1695,0,1768,1533,142
12330,123704745,50.812634,2000,1696,0,1784,1534,142
12331,123714745,50.8133889,1999,1690,0,1776,1526,142
12332,123724745,50.9250777,2001,1691,0,1784,1530,142
12333,123734745,50.9261623,2003,1687,0,1780,1525,142
12334,123744745,50.927006,2000,1686,0,1784,1529,142
12335,123754745,50.9277314,2000,1697,0,1784,1527,142
12336,123764745,50.9283187,2000,1689,0,1780,1524,142
12337,123774745,50.9289048,2000,1685,0,1784,1526,142
12338,123784745,50.9294893,2000,1695,0,1784,1528,142
12339,123794745,50.9301874,2005,1691,0,1782,1532,142
12340,123804745,50.9307985,1999,1694,0,1782,1526,142
12341,123814745,50.9313673,1999,1690,0,1782,1530,142
12342,123824745,50.9356175,2000,1694,0,1786,1534,142
12343,123834745,50.936397,2000,1695,0,1783,1525,142
12344,123844745,50.9520619,2001,1694,0,1785,1530,142
12345,123854745,50.9526163,2001,1683,0,1783,1526,142
12346,123864745,50.9693417,2001,1690,0,1784,1534,142
12347,123874745,50.9830333,2000,1690,0,1783,1525,142
12348,123884745,50.9840494,1741,1853,0,1606,1672,142
12349,123894745,50.9996567,2089,1698,0,1861,1544,142
12350,123904745,51.0139056,2000,1667,0,1785,1516,142
12351,123914745,51.0146063,1997,1758,0,1782,1584,142
12352,123924745,51.1256122,2014,1693,0,1784,1538,142
12353,123934745,51.1264932,2006,1696,0,1784,1532,142
12354,123944745,51.1269764,2010,1699,0,1788,1540,142
12355,123954745,51.1273972,2000,1689,0,1784,1529,142
12356,123964745,51.1278092,2000,1695,0,1784,1530,142
12357,123974745,51.1282228,2005,1697,0,1785,1534,142
12358,123984745,51.1286281,2002,1696,0,1788,1535,142
12359,123994745,51.1290503,2000,1691,0,1785,1534,142
12360,124004745,51.1294647,1994,1687,0,1783,1527,142
12361,124014745,51.1298632,1998,1697,0,1784,1527,142
12362,124024745,51.130252,2001,1682,0,1780,1521,142
12363,124034745,51.1395513,2000,1678,0,1784,1522,142
12364,124044745,51.1548515,1997,1690,0,1783,1530,142
12365,124054745,51.155598,2000,1683,0,1784,1527,142
12366,124064745,51.1706957,2001,1694,0,1784,1526,142
12367,124074745,51.1715011,1998,1690,0,1789,1532,142
12368,124084745,51.1869473,2129,2011,0,1878,1802,142
12369,124094745,51.2024689,1947,1803,0,1758,1612,142
12370,124104745,51.2033146,1987,1702,0,1754,1537,142
12371,124114745,51.2176584,2014,1661,0,1796,1497,142
12372,124124745,51.2329293,2000,1678,0,1785,1520,142
12373,124134745,51.2334746,2004,1711,0,1794,1543,142
12374,124144745,51.3402478,1986,1680,0,1772,1524,142
12375,124154745,51.3411827,2005,1699,0,1784,1531,142
12376,124164745,51.3419379,1996,1680,0,1782,1524,142
12377,124174745,51.3429468,2001,1690,0,1784,1527,142
12378,124184745,51.3436931,2000,1683,0,1788,1538,142
12379,124194745,51.3443792,2001,1698,0,1786,1534,142
12380,124204745,51.3450565,2001,1698,0,1782,1533,142
12381,124214745,51.3457107,2000,1702,0,1784,1540,142
12382,124224745,51.3463632,2005,1690,0,1788,1524,142
12383,124234745,51.347355,1998,1683,0,1784,1527,142
12384,124244745,51.3480914,2017,1675,0,1798,1513,142
12385,124254745,51.3590042,1995,1682,0,1784,1524,142
12386,124264745,51.3597227,1993,1680,0,1775,1521,142
12387,124274745,51.3761262,1982,1683,0,1765,1526,142
12388,124284745,51.3908315,1982,1722,0,1773,1557,142
12389,124294745,51.4055074,2042,1727,0,1819,1562,142
12390,124304745,51.4062257,2006,1692,0,1791,1534,142
12391,124314745,51.4222513,2001,1690,0,1784,1526,142
12392,124324745,51.4227751,1999,1690,0,1781,1526,142
12393,124334745,51.4388032,2005,1694,0,1786,1532,142
12394,124344745,51.4536754,2000,1695,0,1784,1535,142
12395,124354745,51.4544901,2000,1696,0,1786,1529,142
12396,124364745,51.5623192,2000,1687,0,1782,1535,142
12397,124374745,51.5635683,2000,1693,0,1782,1527,142
12398,124384745,51.564477,1999,1686,0,1785,1524,142
12399,124394745,51.5651886,1991,1686,0,1784,1524,142
12400,124404745,51.5656801,2003,1682,0,1787,1532,142
12401,124414745,51.5660804,2000,1695,0,1782,1525,142
12402,124424745,51.5664666,1999,1689,0,1785,1532,142
12403,124434745,51.5669192,2000,1689,0,1784,1530,142
12404,124444745,51.5673449,1999,1690,0,1782,1532,142
12405,124454745,51.5677357,1999,1691,0,1783,1527,142
12406,124464745,51.5681224,2000,1687,0,1783,1522,142
12407,124474745,51.5784617,1997,1682,0,1784,1527,142
12408,124484745,51.593819,1997,1695,0,1782,1534,142
12409,124494745,51.5953085,2000,1690,0,1786,1534,142
12410,124504745,51.615571,2000,1694,0,1783,1534,142
12411,124514745,51.6234186,1997,1691,0,1786,1535,142
12412,124524745,51.6239876,2000,1694,0,1783,1534,142
12413,124534745,51.6393424,2000,1697,0,1786,1532,142
12414,124544745,51.6542965,2000,1693,0,1784,1525,142
12415,124554745,51.6551996,2002,1694,0,1786,1530,142
12416,124564745,51.7590456,2000,1697,0,1785,1530,142
12417,124574745,51.7601432,2000,1696,0,1784,1536,142
12418,124584745,51.761088,2000,1698,0,1786,1540,142
12419,124594745,51.7619212,2002,1693,0,1788,1534,142
12420,124604745,51.762903,2000,1692,0,1782,1533,142
12421,124614745,51.7635766,2002,1695,0,1788,1530,142
12422,124624745,51.7642098,2000,1692,0,1782,1527,142
12423,124634745,51.7647824,2001,1698,0,1784,1530,142
12424,124644745,51.7654411,2000,1683,0,1784,1530,142
12425,124654745,51.7663457,2000,1686,0,1784,1530,142
12426,124664745,51.7668204,2002,1687,0,1785,1535,142
12427,124674745,51.7803231,2000,1682,0,1786,1534,142
12428,124684745,51.7969439,2000,1692,0,1783,1524,142
12429,124694745,51.7974193,2000,1688,0,1784,1531,142
12430,124704745,51.8124757,2000,1691,0,1784,1534,142
12431,124714745,51.8131428,2005,1696,0,1784,1532,142
12432,124724745,51.827448,2000,1691,0,1788,1529,142
12433,124734745,51.8441242,2000,1694,0,1786,1533,142
12434,124744745,51.8447656,2000,1694,0,1781,1530,142
12435,124754745,51.9626411,2004,1688,0,1786,1534,142
12436,124764745,51.9635429,2003,1694,0,1784,1532,142
12437,124774745,51.9645662,2002,1695,0,1786,1530,142
12438,124784745,51.9655534,2001,1697,0,1784,1526,142
12439,124794745,51.9666374,1999,1696,0,1784,1529,142
12440,124804745,51.9675235,2363,2019,0,2009,1750,142
12441,124814745,51.9682111,1904,1657,0,1672,1469,142
12442,124824745,51.9686733,1989,1867,0,1783,1649,142
12443,124834745,51.9690656,2031,1701,0,1812,1534,142
12444,124844745,51.969472,2024,1675,0,1805,1513,142
12445,124854745,51.9698754,1960,1685,0,1747,1533,142
12446,124864745,51.9705,2002,1676,0,1786,1521,142
12447,124874745,51.9825792,1999,1679,0,1783,1520,142
12448,124884745,51.9831175,1985,1681,0,1784,1526,142
12449,124894745,51.9992269,2000,1687,0,1786,1525,142
12450,124904745,52.0145046,2003,1686,0,1788,1522,142
12451,124914745,52.0150968,2000,1699,0,1786,1537,142
12452,124924745,52.0298845,2005,1703,0,1786,1539,142
12453,124934745,52.0303366,1999,1696,0,1782,1535,142
12454,124944745,52.0465639,1997,1681,0,1784,1525,142
12455,124954745,52.061828,1991,1685,0,1783,1521,142
12456,124964745,52.0624554,1998,1693,0,1784,1522,142
12457,124974745,52.1679661,2001,1693,0,1786,1534,142
12458,124984745,52.1702026,2000,1692,0,1786,1536,142
12459,124994745,52.170911,2001,1700,0,1786,1535,142
12460,125004745,52.1717331,2001,1691,0,1786,1535,142
12461,125014745,52.1723042,1999,1692,0,1784,1537,142
12462,125024745,52.1728896,2000,1694,0,1789,1534,142
12463,125034745,52.1735032,1984,1685,0,1784,1526,142
12464,125044745,52.1741911,1998,1685,0,1784,1530,142
12465,125054745,52.1747831,2000,1692,0,1784,1534,142
12466,125064745,52.1757594,2000,1706,0,1784,1537,142
12467,125074745,52.1765776,2001,1703,0,1784,1535,142
12468,125084745,52.187922,2001,1696,0,1785,1538,142
12469,125094745,52.2029461,2000,1691,0,1784,1527,142
12470,125104745,52.2038408,2000,1686,0,1783,1532,142
12471,125114745,52.2194679,2000,1696,0,1785,1537,142
12472,125124745,52.2337053,1999,1693,0,1780,1527,142
12473,125134745,52.2350843,2002,1693,0,1785,1530,142
12474,125144745,52.2438395,1997,1697,0,1784,1532,142
12475,125154745,52.2509814,2002,1691,0,1786,1533,142
12476,125164745,52.3959259,2000,1686,0,1784,1529,142
12477,125174745,52.3967555,2000,1693,0,1785,1532,142
12478,125184745,52.3974819,2000,1684,0,1782,1525,142
12479,125194745,52.3981437,1997,1684,0,1779,1530,142
12480,125204746,52.3986054,1990,1685,0,1786,1530,142
12481,125214745,52.3990204,2001,1688,0,1782,1532,142
12482,125224745,52.3994349,1999,1686,0,1782,1521,142
12483,125234745,52.3998536,2000,1693,0,1782,1534,142
12484,125244745,52.4002556,2003,1696,0,1782,1523,142
12485,125254745,52.4006473,2000,1687,0,1782,1524,142
12486,125264745,52.4010349,2001,1687,0,1784,1525,142
12487,125274745,52.4014423,2000,1690,0,1782,1527,142
12488,125284745,52.4019516,2000,1692,0,1786,1533,142
12489,125294745,52.4024,2001,1693,0,1784,1534,142
12490,125304745,52.4059746,2000,1691,0,1784,1532,142
12491,125314745,52.4228798,1996,1690,0,1783,1533,142
12492,125324745,52.4347697,2000,1693,0,1782,1534,142
12493,125334745,52.4356449,1999,1687,0,1784,1533,142
12494,125344745,52.4500688,2000,1697,0,1783,1530,142
12495,125354745,52.4511726,2000,1687,0,1784,1529,142
12496,125364745,52.4649814,2003,1701,0,1782,1529,142
12497,125374745,52.5739926,2000,1691,0,1784,1532,142
12498,125384745,52.5751272,2000,1691,0,1783,1532,142
12499,125394745,52.5759685,2000,1695,0,1784,1532,142
12500,125404748,52.5765856,1997,1690,0,1782,1523,142
12501,125414750,52.5770928,2000,1689,0,1786,1527,142
12502,125424745,52.5774906,1996,1683,0,1776,1530,142
12503,125434745,52.5779319,2000,1687,0,1780,1525,142
12504,125444745,52.5783465,2000,1691,0,1784,1532,142
12505,125454745,52.578737,2000,1688,0,1786,1525,142
12506,125464745,52.5791699,1996,1686,0,1782,1530,142
12507,125474745,52.5798345,2000,1690,0,1785,1524,142
12508,125484745,52.5907517,2001,1691,0,1784,1530,142
12509,125494745,52.5915152,1999,1690,0,1784,1534,142
12510,125504745,52.6073851,1994,1687,0,1784,1534,142
12511,125514745,52.6220324,2000,1691,0,1784,1530,142
12512,125524745,52.6232276,2000,1687,0,1784,1530,142
12513,125534745,52.6402399,2000,1690,0,1785,1530,142
12514,125544745,52.6538048,2000,1693,0,1782,1532,142
12515,125554745,52.6546334,2000,1690,0,1784,1529,142
12516,125564745,52.671302,2000,1693,0,1783,1527,142
12517,125574745,52.6849278,2003,1693,0,1780,1534,142
12518,125584745,52.6860779,2002,1697,0,1785,1529,142
12519,125594745,52.799857,1998,1698,0,1784,1534,142
12520,125604745,52.8005859,2000,1694,0,1784,1530,142
12521,125614745,52.8012399,2000,1693,0,1784,1534,142
12522,125624745,52.8019249,1995,1695,0,1784,1531,142
12523,125634745,52.802654,1998,1698,0,1784,1534,142
12524,125644745,52.8031967,2000,1694,0,1784,1530,142
12525,125654745,52.8036224,2000,1686,0,1784,1539,142
12526,125664745,52.8041456,1999,1689,0,1784,1531,142
12527,125674745,52.8047282,2001,1691,0,1780,1535,142
12528,125684745,52.8053853,2005,1687,0,1784,1520,142
12529,125694745,52.8059216,2000,1697,0,1784,1533,142
12530,125704745,52.8115242,2000,1690,0,1785,1534,142
12531,125714745,52.8261122,1999,1686,0,1784,1530,142
12532,125724745,52.8269428,2000,1687,0,1784,1530,142
12533,125734745,52.8417995,1998,1687,0,1782,1527,142
12534,125744745,52.8423612,1998,1691,0,1782,1530,142
12535,125754745,52.8580457,2000,1693,0,1785,1530,142
12536,125764745,52.8888855,1997,1691,0,1782,1528,142
12537,125774745,52.8896099,1998,1695,0,1784,1530,142
12538,125784745,52.8901418,2001,1693,0,1783,1529,142
12539,125794745,52.8906513,2000,1685,0,1783,1534,142
12540,125804745,52.996703,2000,1691,0,1784,1534,142
12541,125814745,52.9977127,2000,1687,0,1786,1532,142
12542,125824745,52.9984813,2001,1693,0,1784,1525,142
12543,125834745,52.9990037,2000,1693,0,1784,1530,142
12544,125844745,52.9995436,1999,1692,0,1784,1533,142
12545,125854745,53.0000092,1997,1687,0,1784,1533,142
12546,125864745,53.000451,2000,1689,0,1790,1534,142
12547,125874745,53.0009317,2003,1692,0,1784,1525,142
12548,125884745,53.0015158,2000,1690,0,1783,1532,142
12549,125894745,53.0021672,2000,1691,0,1784,1533,142
12550,125904745,53.0122035,2000,1692,0,1777,1529,142
12551,125914745,53.0279446,2000,1693,0,1784,1526,142
12552,125924745,53.0286124,2000,1693,0,1784,1530,142
12553,125934745,53.0438823,1999,1693,0,1784,1529,142
12554,125944745,53.0449008,2000,1690,0,1784,1524,142
12555,125954745,53.0592448,2001,1692,0,1784,1532,142
12556,125964745,53.0598481,2001,1693,0,1783,1530,142
12557,125974745,53.0757173,2000,1693,0,1783,1532,142
12558,125984745,53.0909083,1998,1698,0,1784,1529,142
12559,125994745,53.0917529,1998,1687,0,1782,1540,142
12560,126004745,53.1951733,2005,1692,0,1788,1530,142
12561,126014745,53.1960077,1999,1694,0,1785,1530,142
12562,126024745,53.1967511,2000,1691,0,1782,1529,142
12563,126034745,53.1973724,2001,1690,0,1786,1530,142
12564,126044745,53.1978519,1999,1689,0,1784,1526,142
12565,126054745,53.1983376,1999,1696,0,1784,1530,142
12566,126064745,53.1988465,2101,1776,0,1871,1626,142
12567,126074746,53.2000185,1891,1710,0,1687,1542,142
12568,126084745,53.2006739,2182,1779,0,1928,1539,142
12569,126094745,53.2015253,1965,1921,0,1755,1705,142
12570,126104745,53.2022779,1970,1469,0,1757,1345,142
12571,126114745,53.2166773,1994,1779,0,1782,1605,142
12572,126124745,53.232347,1992,1693,0,1777,1532,142
12573,126134745,53.2330932,1822,1662,0,1653,1495,142
12574,126144745,53.2467106,2095,1213,0,1860,1159,142
12575,126154745,53.2637878,2047,1730,0,1841,1498,142
12576,126164745,53.2650485,1885,1820,0,1748,1614,142
12577,126174745,53.279615,1995,1606,0,1782,1469,142
12578,126184745,53.2931305,2007,1689,0,1771,1530,142
12579,126194745,53.2942468,2001,1688,0,1812,1521,142
12580,126204745,53.4647843,2107,2009,0,1876,1784,142
12581,126214745,53.4660462,2070,1681,0,1800,1513,142
12582,126224745,53.4668413,1934,1708,0,1736,1534,142
12583,126234745,53.4673221,1965,1666,0,1752,1505,142
12584,126244745,53.4677553,2066,1799,0,1838,1621,142
12585,126254745,53.4681952,1993,1702,0,1777,1534,142
12586,126264745,53.468603,2003,1699,0,1786,1537,142
12587,126274745,53.4690774,2003,1705,0,1788,1539,142
12588,126284745,53.4696763,2010,1687,0,1794,1523,142
12589,126294745,53.4701959,1984,1691,0,1772,1527,142
12590,126304745,53.4707218,2021,1732,0,1802,1561,142
12591,126314745,53.4713806,2000,1715,0,1793,1556,142
12592,126324745,53.4721094,2000,1699,0,1782,1540,142
12593,126334745,53.4726032,1995,1694,0,1787,1534,142
12594,126344745,53.4730247,2002,1694,0,1782,1537,142
12595,126354745,53.4734317,1997,1702,0,1784,1537,142
12596,126364745,53.474219,2002,1696,0,1784,1533,142
12597,126374745,53.4970168,2001,1694,0,1785,1533,142
12598,126384745,53.4979998,2002,1705,0,1786,1539,142
12599,126394745,53.4990178,1997,1708,0,1793,1543,142
12600,126404745,53.5123273,1998,1687,0,1784,1523,142
12601,126414745,53.5282293,2001,1699,0,1784,1536,142
12602,126424745,53.5290257,2002,1680,0,1785,1531,142
12603,126434745,53.5438679,1997,1680,0,1785,1521,142
12604,126444745,53.5446427,1998,1690,0,1786,1521,142
12605,126454745,53.6510236,2000,1683,0,1782,1524,142
12606,126464745,53.6525142,2000,1696,0,1782,1530,142
12607,126474745,53.6534099,2005,1696,0,1784,1537,142
12608,126484745,53.6543707,2000,1693,0,1783,1530,142
12609,126494745,53.6554008,1994,1691,0,1780,1525,142
12610,126504745,53.6561989,2002,1685,0,1786,1525,142
12611,126514745,53.6569346,1997,1691,0,1780,1527,142
12612,126524745,53.657874,2000,1689,0,1784,1527,142
12613,126534745,53.6587671,1997,1691,0,1783,1527,142
12614,126544745,53.6597888,2000,1693,0,1784,1532,142
12615,126554745,53.6606492,2000,1689,0,1785,1529,142
12616,126564745,53.6716037,2002,1698,0,1786,1534,142
12617,126574745,53.7004677,2000,1693,0,1784,1531,142
12618,126584745,53.7018306,2003,1698,0,1788,1534,142
12619,126594745,53.7025505,2000,1693,0,1784,1530,142
12620,126604745,53.7029818,2032,1693,0,1784,1533,142
12621,126614745,53.7160347,2001,1693,0,1785,1530,142
12622,126624745,53.7324905,2001,1696,0,1782,1534,142
12623,126634745,53.7331672,2003,1702,0,1784,1539,142
12624,126644745,53.7471515,2000,1691,0,1783,1534,142
12625,126654745,53.8724082,2003,1695,0,1784,1539,142
12626,126664745,53.8736238,2000,1693,0,1788,1535,142
12627,126674745,53.8744908,1998,1692,0,1784,1530,142
12628,126684745,53.8752677,2003,1697,0,1784,1534,142
12629,126694745,53.8758135,2000,1701,0,1786,1532,142
12630,126704745,53.8762357,1999,1695,0,1784,1536,142
12631,126714745,53.8767058,1999,1696,0,1784,1536,142
12632,126724745,53.8771072,2001,1699,0,1784,1529,142
12633,126734745,53.8775076,2000,1695,0,1784,1530,142
12634,126744745,53.8779861,2000,1690,0,1784,1532,142
12635,126754745,53.8783957,2000,1690,0,1784,1524,142
12636,126764745,53.8790373,2000,1697,0,1784,1525,142
12637,126774745,53.8795023,1999,1693,0,1784,1530,142
12638,126784745,53.8904541,1999,1705,0,1785,1532,142
12639,126794745,53.9034257,2000,1693,0,1813,1529,142
12640,126804745,53.9045804,2001,1694,0,1789,1527,142
12641,126814745,53.9197667,2001,1697,0,1786,1532,142
12642,126824745,53.9210177,2000,1691,0,1784,1534,142
12643,126834745,53.9340228,2000,1690,0,1787,1529,142
12644,126844745,53.9496295,1999,1692,0,1784,1531,142
12645,126854745,53.9644696,2005,1694,0,1785,1533,142
12646,126864745,53.965035,2000,1693,0,1788,1538,142
12647,126874745,54.086256,1999,1697,0,1786,1534,142
12648,126884745,54.0876265,2002,1687,0,1784,1534,142
12649,126894745,54.0896608,2000,1693,0,1784,1533,142
12650,126904745,54.0906609,2003,1696,0,1782,1528,142
12651,126914745,54.0913213,2000,1697,0,1784,1532,142
12652,126924745,54.0919519,2003,1694,0,1785,1535,142
12653,126934745,54.0925206,1994,1692,0,1786,1530,142
12654,126944745,54.093181,1998,1696,0,1782,1549,142
12655,126954745,54.0937995,2000,1695,0,1784,1534,142
12656,126964745,54.0944312,2001,1697,0,1793,1530,142
12657,126974745,54.0949275,2000,1696,0,1784,1533,142
12658,126984745,54.0959114,1996,1693,0,1784,1536,142
12659,126994745,54.1066338,2002,1693,0,1782,1537,142
12660,127004745,54.107734,2000,1687,0,1784,1534,142
12661,127014745,54.1264628,2000,1696,0,1784,1533,142
12662,127024745,54.1275628,1999,1689,0,1783,1534,142
12663,127034745,54.1384305,2003,1686,0,1784,1529,142
12664,127044745,54.1531573,2000,1692,0,1783,1533,142
12665,127054745,54.1542189,2005,1691,0,1785,1534,142
12666,127064745,54.2816936,2000,1697,0,1784,1533,142
12667,127074745,54.2825958,1999,1691,0,1784,1530,142
12668,127084745,54.2831084,2000,1689,0,1780,1533,142
12669,127094745,54.2835589,2000,1678,0,1785,1533,142
12670,127104745,54.2839854,1998,1695,0,1785,1535,142
12671,127114745,54.2844136,2000,1694,0,1784,1535,142
12672,127124745,54.2848866,2002,1696,0,1786,1529,142
12673,127134745,54.2853758,2001,1699,0,1784,1533,142
12674,127144745,54.2858843,2002,1691,0,1784,1530,142
12675,127154745,54.2862998,1998,1700,0,1782,1534,142
12676,127164745,54.2868312,2003,1696,0,1784,1534,142
12677,127174745,54.287467,2000,1696,0,1784,1534,142
12678,127184745,54.2956047,2000,1693,0,1784,1532,142
12679,127194745,54.2965093,1998,1691,0,1773,1536,142
12680,127204745,54.3098861,2000,1695,0,1784,1534,142
12681,127214745,54.3116015,2000,1698,0,1786,1535,142
12682,127224745,54.3244644,2001,1699,0,1786,1530,142
12683,127234745,54.342382,2001,1695,0,1784,1532,142
12684,127244745,54.3432495,2001,1697,0,1786,1534,142
12685,127254745,54.3576202,2004,1695,0,1784,1531,142
12686,127264745,54.5039401,2000,1690,0,1783,1533,142
12687,127274745,54.5051531,2001,1694,0,1784,1530,142
12688,127284745,54.5060534,2000,1692,0,1784,1530,142
12689,127294745,54.5068841,2000,1694,0,1782,1526,142
12690,127304745,54.5077119,2001,1694,0,1784,1534,142
12691,127314745,54.5084697,2032,1697,0,1785,1531,142
12692,127324745,54.5093382,2000,1693,0,1782,1535,142
12693,127334745,54.5102409,1995,1695,0,1773,1533,142
12694,127344745,54.5119392,1995,1698,0,1783,1530,142
12695,127354745,54.5132579,2000,1691,0,1784,1529,142
12696,127364745,54.5144253,2003,1695,0,1784,1534,142
12697,127374745,54.5154609,2000,1693,0,1784,1535,142
12698,127384745,54.516429,2000,1687,0,1784,1525,142
12699,127394745,54.5174815,2001,1694,0,1783,1530,142
12700,127404745,54.5190723,2000,1689,0,1784,1536,142
12701,127414745,54.5203047,1997,1691,0,1782,1532,142
12702,127424745,54.5295187,2007,1693,0,1788,1533,142
12703,127434745,54.5429912,1995,1694,0,1777,1533,142
12704,127444745,54.5439234,2000,1698,0,1787,1530,142
12705,127454745,54.5605314,1997,1691,0,1782,1535,142
12706,127464745,54.5612303,1999,1696,0,1784,1533,142
12707,127474745,54.5743024,2001,1695,0,1785,1532,142
12708,127484745,54.7157936,2000,1691,0,1782,1529,142
12709,127494745,54.7169258,2001,1693,0,1782,1530,142
12710,127504745,54.7177682,2003,1691,0,1783,1527,142
12711,127514745,54.7185014,1997,1686,0,1783,1519,142
12712,127524745,54.7192527,2000,1685,0,1784,1526,142
12713,127534745,54.7199451,2000,1689,0,1779,1523,142
12714,127544745,54.7206729,1995,1686,0,1783,1524,142
12715,127554745,54.7216734,1998,1694,0,1782,1530,142
12716,127564745,54.722528,2004,1692,0,1784,1529,142
12717,127574745,54.7233842,1999,1695,0,1782,1535,142
12718,127584745,54.7245531,2000,1701,0,1786,1540,142
12719,127594745,54.7260357,2001,1705,0,1786,1546,142
12720,127604745,54.7275299,2003,1712,0,1788,1548,142
12721,127614745,54.7285531,2007,1709,0,1793,1547,142
12722,127624745,54.7331218,2005,1712,0,1786,1546,142
12723,127634745,54.7339988,2005,1731,0,1793,1563,142
12724,127644745,54.7495837,2021,1724,0,1796,1556,142
12725,127654745,54.7623319,1993,1703,0,1765,1539,142
12726,127664745,54.7634275,2010,1708,0,1791,1539,142
12727,127674745,54.7780494,1998,1687,0,1778,1523,142
12728,127684745,54.7929408,2000,1695,0,1786,1530,142
12729,127694745,54.7937365,2000,1698,0,1785,1543,142
12730,127704745,54.9260865,1997,1691,0,1784,1529,142
12731,127714745,54.9272435,2004,1699,0,1788,1542,142
12732,127724745,54.927874,2000,1699,0,1784,1547,142
12733,127734745,54.9284271,1997,1687,0,1784,1537,142
12734,127744745,54.9289736,1997,1690,0,1784,1534,142
12735,127754745,54.9294805,1997,1685,0,1780,1525,142
12736,127764745,54.9299538,2000,1677,0,1782,1521,142
12737,127774745,54.9306638,1989,1677,0,1779,1517,142
12738,127784745,54.9312637,1991,1679,0,1774,1520,142
12739,127794745,54.931815,1998,1678,0,1782,1521,142
12740,127804745,54.9323795,1992,1670,0,1777,1517,142
12741,127814745,54.9329585,1996,1680,0,1784,1516,142
12742,127824745,54.9338384,1987,1671,0,1773,1512,142
12743,127834745,54.9344728,2000,1678,0,1780,1518,142
12744,127844745,54.9471935,1999,1680,0,1782,1520,142
12745,127854745,54.9620303,2000,1674,0,1780,1521,142
12746,127864745,54.9627565,2000,1680,0,1783,1521,142
12747,127874745,54.9885024,2000,1686,0,1784,1525,142
12748,127884745,54.9940732,2000,1687,0,1782,1527,142
12749,127894745,54.994814,1997,1694,0,1786,1530,142
12750,127904745,55.1192685,2000,1692,0,1784,1525,142
12751,127914745,55.1205566,2002,1691,0,1786,1535,142
12752,127924745,55.1218587,2003,1694,0,1784,1536,142
12753,127934745,55.1230278,2000,1692,0,1786,1529,142
12754,127944745,55.1242102,2005,1703,0,1786,1547,142
12755,127954745,55.125665,2001,1698,0,1784,1532,142
12756,127964745,55.1271674,2001,1706,0,1785,1550,142
12757,127974745,55.128625,2011,1715,0,1790,1548,142
12758,127984745,55.1300022,2010,1713,0,1790,1555,142
12759,127994745,55.1314265,2002,1728,0,1790,1556,142
12760,128004745,55.1328693,2003,1712,0,1788,1552,142
12761,128014745,55.134312,2008,1722,0,1790,1557,142
12762,128024745,55.1354917,2001,1723,0,1786,1548,142
12763,128034745,55.1363199,2006,1712,0,1790,1549,142
12764,128044745,55.1512994,2000,1712,0,1788,1548,142
12765,128054745,55.1680429,2000,1711,0,1788,1543,142
12766,128064745,55.1686394,2004,1705,0,1784,1547,142
12767,128074745,55.1833293,2004,1705,0,1790,1544,142
12768,128084745,55.1841316,2000,1704,0,1785,1537,142
12769,128094745,55.1965294,2000,1702,0,1785,1529,142
12770,128104745,55.2117551,1994,1689,0,1784,1532,142
12771,128114745,55.2125205,2000,1687,0,1782,1527,142
12772,128124745,55.3238965,1998,1686,0,1782,1524,142
12773,128134745,55.3246619,2000,1681,0,1783,1522,142
12774,128144745,55.3251432,1997,1671,0,1782,1511,142
12775,128154745,55.3256052,1988,1663,0,1777,1512,142
12776,128164745,55.3262494,1997,1664,0,1773,1514,142
12777,128174745,55.3268526,1973,1664,0,1772,1507,142
12778,128184745,55.3275256,1988,1662,0,1779,1503,142
12779,128194745,55.3281576,1991,1663,0,1775,1504,142
12780,128204745,55.3288163,1989,1662,0,1776,1509,142
12781,128214745,55.3293783,1993,1670,0,1778,1511,142
12782,128224745,55.3298232,1993,1674,0,1783,1516,142
12783,128234745,55.3384557,1993,1679,0,1783,1523,142
12784,128244745,55.3547509,2000,1680,0,1784,1530,142
12785,128254745,55.3561946,1995,1683,0,1784,1521,142
12786,128264745,55.3595007,2000,1689,0,1783,1529,142
12787,128274745,55.369803,2002,1696,0,1784,1537,142
12788,128284745,55.3882694,2004,1712,0,1792,1548,142
12789,128294745,55.4012746,2004,1700,0,1788,1539,142
12790,128304745,55.4020784,2010,1713,0,1790,1549,142
12791,128314745,55.4160182,2004,1728,0,1791,1558,142
12792,128324745,55.524596,2015,1717,0,1795,1555,142
12793,128334745,55.5257336,2011,1733,0,1791,1562,142
12794,128344745,55.5262863,2007,1728,0,1794,1562,142
12795,128354745,55.5267465,2005,1723,0,1792,1557,142
12796,128364745,55.5271695,2012,1728,0,1782,1559,142
12797,128374745,55.5275985,2010,1715,0,1794,1552,142
12798,128384745,55.5280126,2003,1712,0,1786,1548,142
12799,128394745,55.5284379,2002,1707,0,1788,1547,142
12800,128404745,55.5288693,2000,1705,0,1784,1535,142
12801,128414745,55.5292902,2003,1701,0,1784,1537,142
12802,128424745,55.5299568,2005,1697,0,1782,1534,142
12803,128434745,55.5417772,1994,1683,0,1782,1521,142
12804,128444745,55.5425226,1993,1681,0,1774,1531,142
12805,128454745,55.5581258,1993,1671,0,1777,1521,142
12806,128464745,55.5731425,1997,1679,0,1783,1502,142
12807,128474745,55.5741316,1994,1677,0,1775,1513,142
12808,128484745,55.5897015,1985,1665,0,1773,1509,142
12809,128494745,55.6045381,1989,1670,0,1777,1507,142
12810,128504745,55.6053804,1991,1661,0,1778,1510,142
12811,128514745,55.6205394,1991,1665,0,1773,1508,142
12812,128524745,55.6360711,1989,1666,0,1780,1518,142
12813,128534745,55.636787,1994,1673,0,1782,1510,142
12814,128544745,55.7714906,1995,1673,0,1782,1517,142
12815,128554745,55.7730167,1993,1680,0,1780,1521,142
12816,128564745,55.7742929,1998,1683,0,1783,1530,142
12817,128574745,55.7756692,2000,1685,0,1784,1518,142
12818,128584745,55.7772249,1993,1684,0,1782,1525,142
12819,128594745,55.7787407,1999,1695,0,1784,1532,142
12820,128604745,55.7801519,2000,1699,0,1783,1533,142
12821,128614745,55.7815333,2001,1706,0,1788,1537,142
12822,128624745,55.7831259,2012,1706,0,1790,1543,142
12823,128634745,55.7846889,2009,1723,0,1792,1558,142
12824,128644745,55.7861835,2010,1722,0,1792,1548,142
12825,128654745,55.7876331,2013,1729,0,1796,1562,142
12826,128664745,55.7891568,2012,1729,0,1796,1576,142
12827,128674745,55.7911532,2010,1727,0,1790,1555,142
12828,128684745,55.7943472,2007,1727,0,1797,1565,142
12829,128694745,55.8147988,2006,1722,0,1790,1550,142
12830,128704745,55.8162291,2009,1712,0,1792,1547,142
12831,128714745,55.817642,2000,1706,0,1793,1540,142
12832,128724745,55.8293783,2006,1694,0,1788,1542,142
12833,128734745,55.9878582,2000,1703,0,1784,1535,142
12834,128744745,55.9890881,2000,1695,0,1785,1537,142
12835,128754745,55.9902218,2000,1686,0,1784,1521,142
12836,128764745,55.9912672,2000,1690,0,1784,1527,142
12837,128774745,55.9923536,1995,1678,0,1777,1521,142
12838,128784745,55.9934069,1999,1671,0,1777,1520,142
12839,128794745,55.9945563,1989,1670,0,1778,1520,142
12840,128804745,55.9955689,1984,1662,0,1772,1511,142
12841,128814745,55.9970569,1986,1667,0,1777,1507,142
12842,128824745,55.9978989,1989,1655,0,1776,1507,142
12843,128834745,55.9984579,1987,1667,0,1778,1508,142
12844,128844745,55.9991333,1994,1665,0,1779,1508,142
12845,128854745,56.0001663,1991,1663,0,1779,1509,142
12846,128864745,56.0011197,1989,1668,0,1776,1519,142
12847,128874745,56.001931,1997,1679,0,1773,1515,142
12848,128884745,56.0026831,2001,1680,0,1783,1521,142
12849,128894745,56.0041888,1998,1680,0,1784,1530,142
12850,128904745,56.0128025,2000,1684,0,1784,1523,142
12851,128914745,56.0140702,2000,1690,0,1784,1534,142
12852,128924745,56.0316267,2006,1709,0,1786,1547,142
12853,128934745,56.0327794,2001,1690,0,1784,1533,142
12854,128944745,56.2114851,2014,1712,0,1800,1548,142
12855,128954745,56.2126822,2011,1730,0,1786,1563,142
12856,128964745,56.2135549,2013,1727,0,1793,1560,142
12857,128974745,56.2141691,2010,1741,0,1798,1565,142
12858,128984745,56.2149286,2013,1729,0,1796,1558,142
12859,128994745,56.2154527,2014,1731,0,1799,1560,142
12860,129004745,56.2159,2010,1734,0,1790,1566,142
12861,129014745,56.2163689,2011,1719,0,1792,1553,142
12862,129024745,56.2169765,2007,1714,0,1796,1552,142
12863,129034745,56.2175857,2007,1710,0,1790,1548,142
12864,129044745,56.218283,2002,1707,0,1784,1539,142
12865,129054745,56.2190317,2002,1698,0,1801,1536,142
12866,129064745,56.2197646,2005,1696,0,1786,1539,142
12867,129074745,56.2203687,2000,1691,0,1783,1534,142
12868,129084745,56.2212015,1991,1683,0,1780,1529,142
12869,129094745,56.2220689,1999,1681,0,1784,1520,142
12870,129104745,56.2230004,1995,1680,0,1782,1521,142
12871,129114745,56.2240543,1991,1673,0,1776,1513,142
12872,129124745,56.2329447,1990,1668,0,1777,1511,142
12873,129134745,56.2476003,1989,1663,0,1776,1507,142
12874,129144746,56.2486195,1987,1658,0,1772,1511,142
12875,129154745,56.2629136,1989,1657,0,1772,1504,142
12876,129164745,56.2637988,1994,1657,0,1775,1504,142
12877,129174745,56.3794281,1990,1664,0,1772,1507,142
12878,129184745,56.3803873,1990,1664,0,1780,1511,142
12879,129194745,56.3811498,1997,1666,0,1776,1509,142
12880,129204745,56.3817331,1995,1675,0,1779,1520,142
12881,129214745,56.3822681,1995,1678,0,1783,1521,142
12882,129224745,56.38268,1997,1683,0,1784,1518,142
12883,129234745,56.3830743,2000,1685,0,1786,1526,142
12884,129244745,56.3834661,2010,1712,0,1793,1548,142
12885,129254745,56.3838595,2015,1697,0,1786,1536,142
12886,129264745,56.3843147,2011,1738,0,1790,1550,142
12887,129274745,56.3847206,2009,1729,0,1789,1567,142
12888,129284745,56.3865026,2007,1726,0,1796,1562,142
12889,129294745,56.4025896,2011,1743,0,1796,1571,142
12890,129304745,56.403683,2011,1731,0,1796,1560,142
12891,129314745,56.4182552,2017,1744,0,1796,1569,142
12892,129324745,56.4325979,2009,1732,0,1792,1570,142
12893,129334745,56.4333768,2011,1723,0,1792,1559,142
12894,129344745,56.4483598,2006,1711,0,1785,1552,142
12895,129354745,56.4496351,2006,1710,0,1798,1521,142
12896,129364745,56.4638109,2002,1707,0,1788,1545,142
12897,129374745,56.5940449,2003,1707,0,1782,1536,142
12898,129384745,56.5952027,2000,1684,0,1784,1521,142
12899,129394745,56.5962463,1994,1684,0,1780,1521,142
12900,129404745,56.5971495,2000,1679,0,1782,1520,142
12901,129414745,56.5979564,1985,1678,0,1778,1519,142
12902,129424745,56.5987104,1991,1662,0,1775,1505,142
12903,129434745,56.5995806,1986,1655,0,1778,1504,142
12904,129444745,56.6002799,1993,1662,0,1779,1510,142
12905,129454745,56.600959,1993,1651,0,1772,1495,142
12906,129464745,56.6015998,1987,1648,0,1778,1497,142
12907,129474745,56.6025787,1987,1651,0,1773,1501,142
12908,129484745,56.6033907,1992,1652,0,1779,1508,142
12909,129494745,56.6045945,1991,1663,0,1779,1514,142
12910,129504745,56.6053875,1996,1672,0,1783,1520,142
12911,129514745,56.6197663,1995,1680,0,1782,1521,142
12912,129524745,56.6210228,1995,1679,0,1775,1519,142
12913,129534745,56.6358265,1999,1683,0,1784,1525,142
12914,129544745,56.6510657,2009,1700,0,1786,1542,142
12915,129554745,56.6664795,2000,1695,0,1784,1534,142
12916,129564745,56.6671418,2014,1705,0,1792,1544,142
12917,129574745,56.6813764,2014,1735,0,1791,1570,142
12918,129584745,56.6821378,2015,1733,0,1799,1560,142
12919,129594745,56.8102959,2012,1735,0,1796,1561,142
12920,129604745,56.8112925,2012,1742,0,1794,1574,142
12921,129614745,56.8120823,2015,1734,0,1800,1562,142
12922,129624745,56.8128181,2014,1735,0,1793,1568,142
12923,129634745,56.8136443,2012,1727,0,1795,1561,142
12924,129644745,56.8144015,2005,1716,0,1785,1548,142
12925,129654745,56.8150061,2001,1706,0,1786,1540,142
12926,129664745,56.8155782,2000,1709,0,1790,1545,142
12927,129674745,56.8161088,2001,1709,0,1789,1545,142
12928,129684745,56.8165501,1997,1687,0,1781,1532,142
12929,129694745,56.8170095,1991,1680,0,1779,1520,142
12930,129704745,56.8174873,2002,1685,0,1787,1523,142
12931,129714745,56.8251232,1984,1670,0,1768,1512,142
12932,129724745,56.8261605,1987,1659,0,1775,1501,142
12933,129734745,56.8404896,1989,1659,0,1768,1507,142
12934,129744745,56.8537764,1991,1662,0,1771,1506,142
12935,129754745,56.8554435,1990,1650,0,1768,1495,142
12936,129764745,56.8686218,1984,1650,0,1768,1493,142
12937,129774745,56.8832867,1984,1654,0,1771,1500,142
12938,129784745,56.8840531,1989,1663,0,1773,1508,142
12939,129794745,57.005967,1993,1674,0,1777,1512,142
12940,129804745,57.0072171,2013,1674,0,1780,1511,142
12941,129814745,57.0080507,1999,1682,0,1779,1521,142
12942,129824745,57.0088441,1996,1679,0,1784,1520,142
12943,129834745,57.0095216,2002,1691,0,1782,1535,142
12944,129844745,57.0102166,2006,1723,0,1793,1555,142
12945,129854745,57.0111107,2000,1707,0,1784,1545,142
12946,129864745,57.0118168,2018,1714,0,1794,1553,142
12947,129874745,57.0124473,2006,1740,0,1793,1569,142
12948,129884745,57.0130416,2015,1731,0,1797,1576,142
12949,129894745,57.0138875,2012,1744,0,1798,1570,142
12950,129904745,57.0145061,2015,1744,0,1797,1574,142
12951,129914745,57.0237895,2013,1738,0,1801,1569,142
12952,129924745,57.0409203,2015,1730,0,1794,1559,142
12953,129934745,57.0418559,2013,1722,0,1790,1558,142
12954,129944745,57.042909,2009,1712,0,1790,1548,142
12955,129954745,57.0569837,2006,1707,0,1787,1547,142
12956,129964745,57.0751855,2003,1707,0,1788,1541,142
12957,129974745,57.0761307,1999,1691,0,1783,1525,142
12958,129984745,57.2097923,1991,1676,0,1776,1516,142
12959,129994745,57.2107528,2001,1681,0,1784,1525,142
12960,130004745,57.2114283,1985,1668,0,1769,1512,142
12961,130014745,57.2123502,1990,1654,0,1773,1501,142
12962,130024745,57.2134477,1985,1655,0,1770,1506,142
12963,130034745,57.2142536,1981,1649,0,1771,1495,142
12964,130044745,57.2150046,1987,1653,0,1772,1495,142
12965,130054745,57.2157834,1981,1655,0,1771,1495,142
12966,130064745,57.2165165,1994,1651,0,1775,1497,142
12967,130074745,57.2172631,1990,1664,0,1776,1508,142
12968,130084745,57.2181173,1991,1669,0,1781,1513,142
12969,130094745,57.2191935,1999,1680,0,1780,1520,142
12970,130104745,57.220248,1998,1680,0,1777,1525,142
12971,130114745,57.2210162,2000,1683,0,1783,1523,142
12972,130124745,57.2297503,2001,1695,0,1784,1516,142
12973,130134745,57.2305615,2015,1719,0,1796,1553,142
12974,130144745,57.2451862,2003,1693,0,1786,1534,142
12975,130154745,57.2607042,2022,1715,0,1799,1553,142
12976,130164745,57.2620308,2014,1733,0,1792,1563,142
12977,130174745,57.2795505,2016,1734,0,1797,1562,142
12978,130184745,57.4773757,2015,1743,0,1796,1574,142
12979,130194745,57.4787475,2014,1739,0,1796,1573,142
12980,130204745,57.4798096,2015,1734,0,1797,1564,142
12981,130214745,57.4805156,2015,1728,0,1794,1566,142
12982,130224745,57.4810556,2011,1725,0,1795,1553,142
12983,130234745,57.4816431,2006,1713,0,1791,1553,142
12984,130244745,57.4822063,2010,1710,0,1784,1548,142
12985,130254745,57.4827525,2000,1705,0,1785,1543,142
12986,130264745,57.4833431,1997,1685,0,1784,1522,142
12987,130274745,57.4839433,1997,1679,0,1782,1520,142
12988,130284745,57.4847971,2000,1682,0,1788,1521,142
12989,130294745,57.4855864,1985,1666,0,1771,1508,142
12990,130304745,57.4862832,1989,1654,0,1776,1497,142
12991,130314745,57.4868765,1985,1650,0,1769,1499,142
12992,130324745,57.4875239,1987,1648,0,1773,1495,142
12993,130334745,57.4882889,1984,1649,0,1771,1495,142
12994,130344745,57.4889927,1986,1652,0,1773,1500,142
12995,130354745,57.4895539,1986,1651,0,1777,1496,142
12996,130364745,57.4900236,1985,1655,0,1772,1503,142
12997,130374745,57.4908925,1990,1671,0,1777,1501,142
12998,130384745,57.4983055,1996,1678,0,1780,1516,142
12999,130394746,57.499589,1997,1680,0,1780,1521,142
13000,130404748,57.6643493,1995,1682,0,1782,1521,142
13001,130414750,57.6658793,2000,1702,0,1789,1542,142
13002,130424745,57.6669065,2007,1725,0,1786,1562,142
13003,130434745,57.6676971,2015,1706,0,1795,1546,142
13004,130444745,57.6684912,2013,1735,0,1795,1571,142
13005,130454745,57.6694252,2012,1737,0,1796,1568,142
13006,130464745,57.6706919,2020,1730,0,1799,1566,142
13007,130474745,57.6719823,2015,1744,0,1796,1571,142
13008,130484745,57.6727928,2015,1736,0,1795,1566,142
13009,130494745,57.6736381,2006,1730,0,1796,1565,142
13010,130504745,57.674669,2011,1727,0,1796,1557,142
13011,130514746,57.6756862,2010,1718,0,1787,1553,142
13012,130524745,57.676988,2006,1712,0,1795,1556,142
13013,130534745,57.6778615,2000,1706,0,1784,1547,142
13014,130544745,57.6784383,2000,1703,0,1788,1540,142
13015,130554745,57.6797002,1997,1680,0,1776,1522,142
13016,130564745,57.6812494,2000,1680,0,1784,1520,142
13017,130574745,57.6822912,1984,1679,0,1773,1521,142
13018,130584745,57.6832148,1993,1661,0,1776,1505,142
13019,130594745,57.6962994,1995,1656,0,1778,1501,142
13020,130604745,57.8223522,1983,1648,0,1770,1497,142
13021,130614745,57.8243406,1987,1646,0,1780,1495,142
13022,130624745,57.8257621,1983,1648,0,1773,1495,142
13023,130634745,57.8268325,1988,1648,0,1773,1501,142
13024,130644745,57.8277267,1983,1650,0,1773,1500,142
13025,130654745,57.8287129,1989,1671,0,1777,1510,142
13026,130664745,57.8293107,1989,1664,0,1778,1517,142
13027,130674745,57.8297828,1999,1686,0,1780,1527,142
13028,130684745,57.8303086,2000,1681,0,1784,1521,142
13029,130694745,57.8309148,2000,1691,0,1784,1535,142
13030,130704745,57.8316424,2013,1722,0,1792,1547,142
13031,130714745,57.8325718,2000,1702,0,1787,1540,142
13032,130724745,57.8332759,2006,1712,0,1792,1547,142
13033,130734745,57.8403351,2010,1734,0,1786,1565,142
13034,130744745,57.8545307,2016,1735,0,1800,1566,142
13035,130754745,57.8558558,2014,1745,0,1800,1573,142
13036,130764745,57.873351,2016,1743,0,1796,1572,142
13037,130774745,57.8750635,2017,1737,0,1797,1570,142
13038,130784745,57.8863939,2011,1728,0,1786,1557,142
13039,130794745,58.1142796,2012,1722,0,1795,1553,142
13040,130804745,58.11616,2004,1713,0,1786,1548,142
13041,130814745,58.1179367,2003,1711,0,1788,1543,142
13042,130824745,58.1197688,2001,1708,0,1786,1548,142
13043,130834745,58.1210664,2000,1690,0,1784,1527,142
13044,130844745,58.1226393,1998,1678,0,1775,1521,142
13045,130854745,58.1253481,2006,1681,0,1783,1524,142
13046,130864745,58.1272516,1987,1666,0,1777,1514,142
13047,130874745,58.1296906,1990,1655,0,1782,1501,142
13048,130884745,58.1312929,1985,1658,0,1773,1507,142
13049,130894745,58.1332916,1982,1648,0,1771,1497,142
13050,130904745,58.1351654,1989,1650,0,1771,1497,142
13051,130914745,58.1373975,1982,1649,0,1771,1501,142
13052,130924745,58.1396981,1989,1648,0,1774,1500,142
13053,130934745,58.1425292,1991,1667,0,1778,1511,142
13054,130944745,58.1437349,1993,1667,0,1781,1514,142
13055,130954745,58.1459364,2000,1680,0,1782,1520,142
13056,130964745,58.1503141,1999,1686,0,1784,1521,142
13057,130974745,58.1524957,1999,1677,0,1784,1520,142
13058,130984745,58.1553901,2000,1698,0,1788,1539,142
13059,130994745,58.1585163,2009,1723,0,1788,1560,142
13060,131004745,58.161094,2010,1707,0,1789,1548,142
13061,131014745,58.1638552,2016,1724,0,1796,1563,142
13062,131024745,58.166408,2013,1738,0,1793,1566,142
13063,131034745,58.1679264,2015,1728,0,1799,1566,142
13064,131044745,58.1691597,2007,1744,0,1798,1571,142
13065,131054745,58.1703413,2007,1734,0,1792,1566,142
13066,131064745,58.1738403,2010,1728,0,1795,1562,142
13067,131074745,58.1840993,2015,1729,0,1795,1558,142
13068,131084746,58.1860971,2010,1717,0,1791,1548,142
13069,131094746,58.200922,2000,1709,0,1786,1545,142
13070,131104746,58.2165418,2000,1708,0,1786,1545,142
13071,131114745,58.2180727,2000,1697,0,1784,1536,142
13072,131124745,58.4272525,1995,1681,0,1783,1522,142
13073,131134745,58.4285351,1997,1679,0,1782,1519,142
13074,131144746,58.4295797,1991,1676,0,1770,1519,142
13075,131154746,58.4310705,1994,1659,0,1777,1499,142
13076,131164746,58.4323759,1988,1664,0,1777,1505,142
13077,131174746,58.4332787,1987,1654,0,1771,1497,142
13078,131184746,58.4340407,1984,1651,0,1773,1496,142
13079,131194745,58.4346506,1985,1649,0,1773,1496,142
13080,131204746,58.4352372,1994,1653,0,1773,1504,142
13081,131214745,58.436003,1988,1660,0,1773,1504,142
13082,131224746,58.4366497,1991,1668,0,1780,1512,142
13083,131234746,58.4373134,1998,1680,0,1777,1518,142
13084,131244746,58.4380913,1997,1683,0,1782,1523,142
13085,131254745,58.4389126,2000,1680,0,1784,1520,142
13086,131264746,58.439853,1999,1693,0,1784,1537,142
13087,131274745,58.4407898,2011,1723,0,1793,1559,142
13088,131284746,58.4416541,2000,1705,0,1782,1543,142
13089,131294746,58.442578,2017,1714,0,1796,1553,142
13090,131304745,58.4433867,2013,1738,0,1793,1570,142
13091,131314746,58.4443258,2020,1739,0,1802,1566,142
13092,131324746,58.446151,2015,1744,0,1796,1573,142
13093,131334745,58.447225,2015,1732,0,1798,1574,142
13094,131344745,58.4483615,2009,1730,0,1796,1563,142
13095,131354745,58.6160531,2013,1730,0,1796,1561,142
13096,131364745,58.6176964,2007,1723,0,1793,1555,142
13097,131374745,58.6190167,2011,1711,0,1789,1547,142
13098,131384745,58.6198447,2009,1713,0,1786,1548,142
13099,131394745,58.6206348,2000,1709,0,1785,1539,142
13100,131404745,58.6217579,1995,1680,0,1783,1520,142
13101,131414745,58.6228014,1987,1675,0,1778,1521,142
13102,131424745,58.6239902,1997,1680,0,1783,1521,142
13103,131434745,58.6250502,1986,1663,0,1775,1510,142
13104,131444745,58.6259527,1994,1657,0,1777,1506,142
13105,131454745,58.6269491,1984,1659,0,1771,1505,142
13106,131464745,58.6279796,1989,1644,0,1773,1495,142
13107,131474745,58.6294725,1981,1651,0,1771,1493,142
13108,131484745,58.6309709,1988,1654,0,1773,1506,142
13109,131494745,58.6321124,1987,1655,0,1773,1497,142
13110,131504745,58.6330055,1998,1670,0,1782,1513,142
13111,131514745,58.6342875,1997,1677,0,1777,1516,142
13112,131524745,58.6351493,1996,1681,0,1777,1521,142
13113,131534745,58.6360688,1996,1685,0,1781,1523,142
13114,131544745,58.6520276,1991,1694,0,1784,1531,142
13115,131554745,58.6529674,2005,1706,0,1788,1545,142
13116,131564745,58.825406,2001,1708,0,1784,1548,142
13117,131574745,58.8264496,2011,1707,0,1797,1543,142
13118,131584745,58.827417,2010,1727,0,1792,1568,142
13119,131594745,58.8284228,2017,1732,0,1796,1569,142
13120,131604745,58.8294634,2014,1735,0,1796,1570,142
13121,131614745,58.8305389,2010,1737,0,1792,1571,142
13122,131624745,58.8321376,2015,1734,0,1795,1562,142
13123,131634745,58.8337082,2014,1737,0,1792,1561,142
13124,131644745,58.8350824,2010,1725,0,1790,1561,142
13125,131654745,58.8365453,2006,1715,0,1790,1550,142
13126,131664745,58.8380554,2001,1701,0,1784,1544,142
13127,131674745,58.8395949,2001,1707,0,1788,1547,142
13128,131684745,58.8406271,2000,1701,0,1786,1540,142
13129,131694745,58.8415066,1995,1682,0,1778,1520,142
13130,131704745,58.842652,1998,1680,0,1779,1524,142
13131,131714745,58.8439456,1995,1681,0,1782,1521,142
13132,131724745,58.8451796,1991,1667,0,1773,1510,142
13133,131734745,58.847009,1991,1663,0,1775,1505,142
13134,131744745,58.8523793,1984,1657,0,1773,1499,142
13135,131754745,58.8536592,1989,1661,0,1773,1499,142
13136,131764745,59.0072517,1984,1648,0,1776,1506,142
13137,131774746,59.0084774,1987,1658,0,1775,1500,142
13138,131784745,59.0093347,1991,1664,0,1776,1505,142
13139,131794745,59.0101,1994,1669,0,1780,1517,142
13140,131804745,59.0108558,2006,1675,0,1782,1513,142
13141,131814745,59.011644,1998,1682,0,1782,1521,142
13142,131824745,59.0124875,1999,1680,0,1780,1521,142
13143,131834745,59.0131996,1999,1695,0,1784,1533,142
13144,131844745,59.0137433,2001,1706,0,1785,1543,142
13145,131854745,59.0142542,2002,1712,0,1784,1542,142
13146,131864745,59.0147767,2013,1707,0,1795,1545,142
13147,131874745,59.015387,2010,1730,0,1793,1562,142
13148,131884745,59.0160852,2013,1732,0,1794,1553,142
13149,131894745,59.017204,2015,1731,0,1797,1570,142
13150,131904745,59.0182384,2011,1742,0,1798,1566,142
13151,131914745,59.0238698,2017,1732,0,1800,1562,142
13152,131924745,59.0251428,2006,1730,0,1792,1562,142
13153,131934745,59.0417406,2010,1725,0,1796,1557,142
13154,131944745,59.0542923,2007,1717,0,1789,1550,142
13155,131954745,59.0562315,2003,1708,0,1788,1548,142
13156,131964745,59.1906984,2001,1709,0,1787,1545,142
13157,131974745,59.1919231,2005,1707,0,1778,1540,142
13158,131984745,59.1929836,1998,1685,0,1784,1524,142
13159,131994745,59.1939748,1994,1682,0,1779,1518,142
13160,132004745,59.1948116,1997,1677,0,1780,1518,142
13161,132014745,59.1954679,1985,1671,0,1776,1511,142
13162,132024745,59.1960393,1993,1655,0,1779,1503,142
13163,132034745,59.1967208,1980,1649,0,1765,1501,142
13164,132044745,59.1974912,1993,1651,0,1773,1497,142
13165,132054745,59.1982238,1983,1653,0,1767,1497,142
13166,132064745,59.1988495,1990,1659,0,1769,1497,142
13167,132074745,59.1995049,1987,1662,0,1776,1504,142
13168,132084745,59.2002353,1995,1669,0,1777,1511,142
13169,132094745,59.2012133,1987,1676,0,1779,1517,142
13170,132104745,59.2126067,2000,1680,0,1781,1522,142
13171,132114745,59.213776,1999,1682,0,1782,1521,142
13172,132124745,59.2281428,2000,1699,0,1784,1539,142
13173,132134745,59.2426407,2014,1728,0,1797,1557,142
13174,132144745,59.2568574,2002,1701,0,1786,1537,142
13175,132154745,59.2578986,2016,1719,0,1798,1553,142
13176,132164745,59.2724743,2016,1744,0,1798,1574,142
13177,132174745,59.2733825,2015,1730,0,1796,1566,142
13178,132184745,59.4035205,2019,1744,0,1796,1574,142
13179,132194745,59.4046524,2017,1744,0,1796,1570,142
13180,132204745,59.4055673,2015,1738,0,1793,1565,142
13181,132214745,59.4064597,2010,1728,0,1795,1561,142
13182,132224745,59.407446,2010,1717,0,1792,1557,142
13183,132234745,59.4082915,2000,1712,0,1792,1550,142
13184,132244745,59.4091,2002,1702,0,1786,1545,142
13185,132254745,59.4098521,2001,1710,0,1784,1546,142
13186,132264745,59.4109766,1999,1683,0,1784,1525,142
13187,132274745,59.4123355,1997,1680,0,1777,1527,142
13188,132284745,59.4134453,2002,1682,0,1783,1522,142
13189,132294745,59.4143974,1984,1678,0,1776,1517,142
13190,132304745,59.4161867,1990,1661,0,1773,1506,142
13191,132314745,59.4171554,1984,1655,0,1774,1504,142
13192,132324745,59.4282741,1986,1648,0,1772,1495,142
13193,132334745,59.4434848,1986,1648,0,1771,1493,142
13194,132344745,59.4449491,1987,1658,0,1772,1502,142
13195,132354745,59.4589656,1982,1653,0,1773,1500,142
13196,132364745,59.4598544,1996,1666,0,1779,1509,142
13197,132374745,59.6013566,1997,1673,0,1782,1516,142
13198,132384745,59.6023866,1997,1680,0,1782,1521,142
13199,132394745,59.603193,1995,1682,0,1779,1521,142
13200,132404745,59.6039607,1997,1688,0,1783,1532,142
13201,132414745,59.6048011,2010,1704,0,1786,1545,142
13202,132424745,59.6059648,2004,1712,0,1785,1549,142
13203,132434745,59.607105,2005,1707,0,1790,1544,142
13204,132444745,59.6081399,2011,1729,0,1796,1565,142
13205,132454745,59.608908,2011,1737,0,1793,1564,142
13206,132464745,59.6095927,2017,1737,0,1800,1559,142
13207,132474745,59.6102556,2013,1741,0,1792,1571,142
13208,132484745,59.6108452,2018,1743,0,1796,1568,142
13209,132494745,59.6114097,2013,1733,0,1796,1569,142
13210,132504745,59.6119722,2007,1728,0,1797,1560,142
13211,132514745,59.6161212,2005,1719,0,1785,1550,142
13212,132524745,59.6331482,2003,1705,0,1793,1548,142
13213,132534745,59.6460032,2006,1709,0,1788,1539,142
13214,132544745,59.6467563,2000,1705,0,1783,1541,142
13215,132554745,59.6655175,1999,1680,0,1784,1521,142
13216,132564745,59.6661756,1997,1678,0,1784,1522,142
13217,132574745,59.6771393,1993,1677,0,1777,1522,142
13218,132584745,59.6923329,1989,1676,0,1778,1508,142
13219,132594745,59.6931352,1990,1660,0,1779,1507,142
13220,132604745,59.8571275,1984,1651,0,1773,1500,142
13221,132614745,59.8583172,1983,1648,0,1772,1497,142
13222,132624745,59.8591722,1986,1651,0,1770,1497,142
13223,132634745,59.859941,1991,1658,0,1774,1504,142
13224,132644745,59.8609847,1990,1664,0,1774,1505,142
13225,132654745,59.8620071,1999,1671,0,1782,1519,142
13226,132664745,59.8629554,1994,1678,0,1778,1520,142
13227,132674745,59.8639054,1995,1682,0,1785,1521,142
13228,132684745,59.8655484,1998,1680,0,1779,1522,142
13229,132694745,59.8667833,2004,1698,0,1784,1535,142
13230,132704745,59.8679699,2006,1714,0,1787,1553,142
13231,132714745,59.8690244,2008,1712,0,1788,1548,142
13232,132724745,59.869787,2015,1714,0,1794,1548,142
13233,132734745,59.8705683,2011,1738,0,1795,1570,142
13234,132744745,59.8716474,2015,1726,0,1796,1560,142
13235,132754745,59.8727598,2017,1741,0,1796,1571,142
13236,132764745,59.8742814,2016,1740,0,1796,1571,142
13237,132774745,59.8835085,2014,1728,0,1791,1561,142
13238,132784745,59.884294,2007,1730,0,1792,1553,142
13239,132794745,59.8965701,2013,1713,0,1793,1549,142
13240,132804746,59.913157,2005,1712,0,1790,1548,142
13241,132814745,59.9148034,2005,1705,0,1789,1539,142
