seq,t_us,wall_s,raw_x,raw_y,raw_z,mv_x,mv_y,mv_z
0,340059,0.0863978,1871,1757,1487,1693,1576,1364
1,349296,0.0886203,1885,1749,1487,1691,1576,1364
2,359295,0.090649,1892,1748,1488,1698,1575,1355
3,369296,0.0926641,1892,1744,1488,1699,1579,1364
4,379295,0.0962481,1895,1758,1488,1696,1586,1364
5,389296,0.0997158,1891,1751,1488,1695,1579,1364
6,399295,0.1006621,1888,1744,1488,1695,1576,1364
7,409296,0.1012711,1892,1747,1484,1692,1580,1364
8,419295,0.1018571,1890,1757,1481,1695,1591,1383
9,429295,0.102386,1892,1746,1489,1700,1588,1368
10,439295,0.1029797,1890,1746,1485,1697,1579,1366
11,449295,0.1036278,1891,1753,1498,1696,1580,1380
12,459295,0.1046332,1885,1751,1488,1693,1579,1368
13,469295,0.105409,1887,1743,1488,1694,1575,1358
14,479295,0.1060449,1891,1755,1488,1690,1576,1364
15,489295,0.1067393,1887,1748,1488,1703,1579,1360
16,499295,0.1074479,1889,1751,1481,1692,1578,1366
17,509296,0.1082574,1889,1751,1497,1692,1572,1355
18,519295,0.1092323,1890,1751,1488,1706,1581,1364
19,529295,0.1105895,1893,1748,1488,1694,1575,1367
20,539296,0.1123715,1890,1757,1489,1700,1579,1350
21,549295,0.1133034,1899,1742,1489,1688,1576,1364
22,559295,0.1141109,1894,1754,1491,1688,1578,1363
23,569295,0.1149229,1897,1745,1490,1696,1574,1364
24,579295,0.1156986,1895,1755,1488,1690,1574,1365
25,589295,0.1168342,1895,1755,1485,1697,1573,1363
26,599296,0.1178354,1892,1749,1491,1694,1578,1358
27,609296,0.1186538,1888,1755,1487,1694,1583,1364
28,619295,0.1194507,1891,1754,1488,1691,1576,1360
29,629295,0.1201719,1898,1755,1491,1696,1580,1369
30,639295,0.12086,1891,1753,1487,1698,1574,1361
31,649295,0.1215021,1894,1745,1488,1710,1583,1364
32,659295,0.1222255,1892,1749,1486,1695,1580,1366
33,669295,0.1228817,1888,1751,1495,1698,1580,1364
34,679296,0.1235212,1887,1758,1488,1696,1575,1364
35,689295,0.124225,1889,1757,1489,1697,1582,1360
36,699295,0.124942,1888,1757,1489,1692,1575,1363
37,709295,0.1258649,1895,1747,1488,1696,1580,1364
38,719295,0.1274122,1883,1754,1489,1702,1576,1364
39,729295,0.128419,1894,1751,1486,1696,1579,1362
40,739295,0.1292827,1893,1751,1490,1704,1586,1364
41,749295,0.1300912,1885,1744,1486,1679,1580,1360
42,759295,0.1309323,1888,1747,1487,1693,1574,1365
43,769295,0.1314538,1891,1753,1492,1699,1576,1364
44,779295,0.1319399,1890,1750,1490,1696,1575,1364
45,789295,0.1324019,1893,1749,1488,1695,1575,1360
46,799295,0.1328549,1883,1747,1489,1691,1583,1348
47,809296,0.1333186,1895,1744,1483,1692,1576,1364
48,819295,0.1337346,1891,1760,1488,1697,1582,1366
49,829295,0.1342207,1898,1746,1488,1696,1590,1364
50,839295,0.1347098,1888,1744,1488,1690,1576,1364
51,849295,0.135281,1890,1759,1488,1695,1580,1361
52,859295,0.1358009,1900,1728,1483,1690,1582,1364
53,869296,0.1362691,1891,1738,1488,1688,1580,1365
54,879295,0.1367433,1892,1755,1494,1700,1580,1366
55,889295,0.1371911,1890,1749,1497,1687,1575,1360
56,899295,0.1375982,1888,1746,1487,1695,1581,1365
57,909296,0.1380673,1889,1751,1503,1705,1576,1369
58,919295,0.1384707,1890,1742,1487,1692,1582,1364
59,929295,0.139054,1888,1747,1501,1698,1570,1363
60,939296,0.1396641,1891,1749,1495,1695,1576,1364
61,949295,0.1403256,1895,1744,1505,1691,1574,1361
62,959295,0.1410352,1890,1753,1490,1692,1582,1365
63,969295,0.1416069,1891,1744,1479,1694,1581,1361
64,979295,0.1423926,1894,1745,1489,1690,1574,1367
65,989295,0.1430724,1889,1737,1491,1695,1579,1353
66,999295,0.143728,1883,1744,1485,1690,1574,1376
67,1009295,0.1443405,1890,1749,1488,1701,1580,1356
68,1019295,0.1449641,1890,1744,1488,1694,1575,1363
69,1029295,0.1455153,1889,1755,1486,1700,1576,1364
70,1039295,0.1460397,1893,1751,1488,1690,1576,1361
71,1049295,0.1464988,1888,1741,1489,1688,1581,1365
72,1059295,0.1470641,1889,1751,1488,1698,1585,1362
73,1069295,0.1474984,1891,1744,1488,1699,1585,1366
74,1079295,0.1479691,1895,1744,1486,1688,1583,1369
75,1089295,0.1484403,1885,1750,1487,1694,1582,1365
76,1099295,0.1489979,1885,1751,1483,1697,1574,1363
77,1109295,0.1495349,1921,1756,1485,1690,1576,1363
78,1119296,0.1500223,1895,1750,1488,1692,1580,1363
79,1129295,0.1504845,1891,1749,1488,1694,1578,1361
80,1139295,0.1510168,1893,1747,1489,1703,1576,1364
81,1149295,0.1516181,1883,1754,1491,1691,1570,1364
82,1159295,0.1522825,1891,1747,1489,1691,1577,1363
83,1169295,0.1528273,1886,1753,1490,1699,1574,1364
84,1179295,0.1534823,1914,1754,1490,1691,1578,1364
85,1189295,0.154033,1883,1760,1490,1705,1578,1363
86,1199296,0.1545073,1891,1759,1489,1686,1575,1365
87,1209295,0.1549281,1891,1747,1489,1695,1582,1364
88,1219295,0.15533,1893,1751,1488,1700,1575,1369
89,1229295,0.1558437,1885,1753,1490,1700,1575,1366
90,1239296,0.1563121,1887,1744,1488,1681,1574,1362
91,1249295,0.1567594,1893,1745,1488,1696,1574,1361
92,1259295,0.157832,1891,1754,1486,1694,1579,1363
93,1269295,0.159035,1890,1749,1493,1694,1576,1364
94,1279296,0.1601639,1887,1747,1486,1694,1578,1361
95,1289295,0.160914,1891,1750,1484,1690,1580,1364
96,1299296,0.1616241,1894,1745,1513,1697,1582,1364
97,1309295,0.1622702,1897,1753,1488,1693,1576,1367
98,1319295,0.1629601,1892,1751,1481,1702,1579,1355
99,1329295,0.1635624,1890,1747,1491,1693,1580,1364
100,1339296,0.1642256,1889,1751,1487,1702,1578,1356
101,1349295,0.1648468,1895,1750,1479,1696,1576,1365
102,1359296,0.1655906,1897,1755,1488,1695,1580,1352
103,1369295,0.1663886,1892,1751,1488,1694,1578,1363
104,1379295,0.1671603,1890,1751,1486,1703,1578,1362
105,1389296,0.1678841,1891,1755,1488,1694,1579,1364
106,1399296,0.1685498,1887,1746,1493,1690,1580,1367
107,1409295,0.1691534,1893,1751,1486,1688,1578,1362
108,1419295,0.1697853,1898,1745,1487,1695,1575,1364
109,1429295,0.1704628,1893,1755,1488,1687,1578,1363
110,1439295,0.1710838,1891,1758,1487,1694,1576,1364
111,1449296,0.1717476,1892,1750,1472,1697,1582,1364
112,1459295,0.1723888,1885,1750,1501,1691,1581,1343
113,1469296,0.1729957,1887,1751,1472,1690,1575,1358
114,1479295,0.1739489,1885,1747,1486,1685,1574,1377
115,1489296,0.1748057,1888,1744,1514,1690,1578,1361
116,1499296,0.1755716,1893,1756,1478,1690,1580,1362
117,1509295,0.1762411,1888,1745,1504,1696,1585,1369
118,1519295,0.1768589,1885,1745,1502,1693,1578,1364
119,1529295,0.1775714,1889,1751,1488,1697,1584,1361
120,1539295,0.178278,1886,1748,1484,1690,1585,1364
121,1549295,0.1789879,1898,1748,1483,1698,1580,1365
122,1559295,0.1797238,1890,1750,1491,1688,1583,1364
123,1569295,0.1805533,1888,1753,1490,1698,1575,1364
124,1579295,0.1813025,1902,1747,1492,1698,1580,1364
125,1589295,0.1819591,1887,1751,1477,1694,1579,1362
126,1599295,0.1826895,1890,1742,1483,1693,1578,1364
127,1609296,0.1833802,1886,1745,1482,1693,1579,1363
128,1619295,0.1840647,1889,1745,1484,1705,1579,1364
129,1629295,0.1848689,1894,1751,1487,1691,1579,1364
130,1639295,0.1856157,1890,1747,1489,1699,1576,1364
131,1649295,0.1863007,1883,1750,1494,1703,1578,1365
132,1659296,0.1876623,1901,1745,1495,1696,1576,1365
133,1669295,0.1909821,1889,1749,1490,1692,1575,1364
134,1679295,0.1918636,1901,1750,1491,1690,1574,1364
135,1689295,0.192546,1890,1745,1483,1690,1574,1362
136,1699295,0.1932852,1887,1745,1495,1695,1572,1360
137,1709296,0.1941603,1899,1746,1488,1696,1580,1362
138,1719295,0.1950413,1888,1744,1493,1687,1578,1362
139,1729295,0.1958654,1879,1744,1488,1691,1575,1390
140,1739295,0.1965755,1888,1753,1486,1689,1576,1364
141,1749295,0.1972805,1882,1743,1489,1706,1582,1363
142,1759296,0.1980048,1895,1753,1488,1701,1578,1367
143,1769296,0.1987304,1883,1744,1488,1697,1578,1363
144,1779295,0.1993713,1887,1750,1487,1694,1575,1363
145,1789295,0.1999898,1888,1750,1489,1695,1575,1356
146,1799296,0.2006359,1891,1751,1494,1695,1579,1369
147,1809295,0.2013777,1888,1747,1485,1695,1580,1359
148,1819295,0.2020953,1890,1757,1489,1695,1584,1364
149,1829295,0.2028409,1890,1755,1488,1698,1578,1364
150,1839295,0.2039816,1886,1745,1494,1694,1575,1366
151,1849295,0.2047004,1890,1750,1482,1691,1579,1360
152,1859295,1.7371729,1893,1770,1488,1699,1575,1364
153,1869295,1.737973,1888,1754,1495,1704,1576,1360
154,1879295,1.7385915,1897,1746,1489,1690,1571,1364
155,1889295,1.7393346,1886,1745,1488,1697,1578,1364
156,1899295,1.7400437,1889,1749,1495,1691,1576,1367
157,1909295,1.7407338,1899,1747,1488,1695,1580,1360
158,1919295,1.7415248,1893,1748,1488,1696,1579,1364
159,1929296,1.7423709,1891,1753,1487,1691,1585,1366
160,1939296,1.7433447,1889,1728,1488,1695,1575,1369
161,1949295,1.7439391,1891,1750,1486,1693,1580,1364
162,1959295,1.7445263,1887,1751,1488,1691,1584,1366
163,1969295,1.7453073,1893,1754,1483,1695,1584,1366
164,1979296,1.7461169,1888,1753,1491,1698,1574,1364
165,1989295,1.7468147,1885,1751,1491,1693,1582,1364
166,1999295,1.7474552,1883,1762,1487,1701,1576,1364
167,2009295,1.7482141,1887,1744,1488,1697,1577,1364
168,2019296,1.748827,1887,1749,1490,1693,1566,1391
169,2029295,1.7494221,1893,1745,1479,1698,1580,1364
170,2039295,1.7502094,1899,1744,1484,1701,1578,1366
171,2049295,1.7510479,1881,1744,1486,1693,1588,1360
172,2059295,1.7521327,1891,1748,1489,1695,1580,1351
173,2069295,1.7530139,1895,1747,1488,1694,1574,1362
174,2079295,1.753691,1885,1745,1488,1695,1576,1350
175,2089295,1.7544344,1887,1750,1488,1696,1579,1364
176,2099295,1.7551391,1887,1749,1486,1692,1578,1364
177,2109295,1.7556137,1885,1743,1495,1694,1593,1362
178,2119295,1.7560736,1879,1745,1491,1703,1576,1362
179,2129295,1.7568048,1894,1750,1501,1691,1580,1362
180,2139295,1.7581436,1891,1751,1487,1698,1576,1360
181,2149295,1.7589672,1892,1749,1478,1688,1578,1359
182,2159295,1.7595086,1890,1746,1483,1690,1575,1364
183,2169295,1.7599427,1883,1746,1481,1697,1576,1361
184,2179295,1.7604086,1889,1746,1488,1689,1580,1364
185,2189295,1.7608256,1894,1749,1517,1695,1577,1369
186,2199295,1.7615864,1889,1755,1488,1690,1574,1364
187,2209295,1.7622135,1891,1751,1493,1695,1580,1364
188,2219296,1.7644421,1887,1750,1481,1698,1581,1364
189,2229295,1.7654611,1891,1757,1489,1692,1585,1364
190,2239296,1.7663951,1872,1751,1488,1698,1582,1369
191,2249295,1.767482,1887,1745,1489,1693,1575,1362
192,2259295,1.7683141,1903,1758,1489,1692,1580,1366
193,2269295,1.7690246,1890,1744,1478,1691,1580,1362
194,2279295,1.7696876,1890,1749,1488,1690,1579,1364
195,2289295,1.7702758,1890,1749,1491,1692,1581,1363
196,2299296,1.7708314,1889,1749,1488,1695,1578,1369
197,2309296,1.7714128,1886,1751,1488,1690,1588,1364
198,2319295,1.7720708,1893,1750,1487,1695,1578,1365
199,2329295,1.7727908,1895,1750,1488,1688,1585,1363
200,2339295,1.7735769,1888,1751,1502,1700,1573,1364
201,2349295,1.7744344,1890,1749,1488,1698,1582,1362
202,2359295,1.7752409,1897,1744,1488,1695,1574,1358
203,2369295,1.7758943,1901,1745,1486,1694,1576,1364
204,2379296,1.7764217,1895,1744,1494,1705,1579,1368
205,2389296,1.7769496,1889,1749,1489,1696,1585,1343
206,2399295,1.777505,1891,1751,1493,1690,1573,1356
207,2409295,1.7781343,1890,1744,1488,1699,1581,1364
208,2419295,1.7787814,1886,1754,1490,1695,1577,1364
209,2429295,1.7793646,1886,1757,1486,1696,1578,1368
210,2439295,1.7799632,1892,1745,1491,1695,1577,1364
211,2449295,1.7805041,1881,1748,1488,1693,1575,1366
212,2459296,1.781129,1890,1750,1487,1693,1581,1364
213,2469295,1.782208,1895,1744,1493,1700,1578,1364
214,2479295,1.7829895,1887,1751,1487,1695,1579,1362
215,2489295,1.7837739,1886,1764,1487,1691,1580,1364
216,2499295,1.7844695,1883,1747,1483,1690,1578,1364
217,2509295,1.7853752,1882,1754,1488,1698,1576,1364
218,2519295,1.7862403,1890,1745,1491,1694,1578,1364
219,2529295,1.7870209,1889,1748,1488,1697,1579,1362
220,2539295,1.7881698,1890,1752,1488,1691,1569,1364
221,2549295,1.7890069,1887,1751,1484,1697,1579,1364
222,2559296,1.7904256,1890,1755,1488,1691,1580,1364
223,2569295,1.792094,1889,1757,1488,1692,1579,1364
224,2579296,1.7934316,1889,1745,1482,1701,1575,1365
225,2589296,1.7943638,1890,1747,1488,1690,1580,1362
226,2599295,1.7954877,1891,1744,1491,1697,1579,1364
227,2609295,1.7964148,1886,1751,1483,1696,1580,1364
228,2619295,1.7973196,1891,1747,1489,1693,1575,1361
229,2629295,1.7981036,1890,1751,1488,1690,1585,1351
230,2639295,1.7990498,1894,1750,1488,1694,1574,1368
231,2649295,1.799967,1888,1757,1487,1691,1575,1364
232,2659295,1.8008872,1890,1749,1488,1691,1584,1371
233,2669295,1.8017176,1890,1755,1485,1694,1585,1366
234,2679295,1.8029507,1886,1754,1489,1696,1578,1366
235,2689295,1.8040632,1887,1750,1493,1695,1579,1364
236,2699295,1.8049482,1887,1746,1490,1671,1582,1364
237,2709295,1.8056091,1893,1751,1485,1699,1582,1362
238,2719296,1.8062175,1891,1750,1479,1693,1571,1364
239,2729295,1.8067467,1898,1747,1492,1697,1574,1364
240,2739295,1.8071666,1894,1745,1488,1690,1574,1362
241,2749295,1.8075542,1892,1750,1485,1694,1569,1364
242,2759295,1.8079884,1888,1757,1490,1694,1575,1356
243,2769295,1.8084326,1891,1750,1486,1694,1575,1364
244,2779296,1.8088656,1889,1749,1491,1702,1580,1361
245,2789296,1.8093036,1888,1747,1488,1700,1580,1364
246,2799295,1.8097803,1891,1753,1488,1691,1582,1365
247,2809295,1.8103299,1892,1755,1490,1696,1581,1364
248,2819295,1.811012,1882,1743,1488,1694,1582,1361
249,2829295,1.8116952,1892,1755,1495,1696,1576,1362
250,2839296,1.8124061,1888,1755,1483,1693,1579,1364
251,2849295,1.8129393,1888,1750,1486,1700,1585,1364
252,2859295,1.8136476,1887,1728,1492,1689,1577,1364
253,2869295,1.8142119,1890,1751,1488,1694,1580,1364
254,2879295,1.8146359,1897,1753,1494,1701,1576,1361
255,2889295,1.8150852,1889,1757,1493,1693,1579,1368
256,2899295,1.8154827,1888,1756,1490,1685,1574,1365
257,2909296,1.8161364,1891,1743,1493,1695,1576,1362
258,2919295,1.8166049,1889,1747,1495,1683,1580,1365
259,2929295,1.8170617,1891,1746,1483,1681,1577,1364
260,2939295,1.8174706,1893,1750,1488,1695,1583,1369
261,2949296,1.8178706,1888,1745,1488,1690,1574,1362
262,2959295,1.8182879,1887,1755,1481,1695,1562,1367
263,2969296,1.8188616,1885,1745,1489,1696,1574,1359
264,2979295,1.8194576,1888,1749,1491,1695,1578,1364
265,2989295,1.8200194,1889,1744,1485,1695,1578,1364
266,2999296,1.8205244,1887,1741,1474,1691,1580,1374
267,3009295,1.8209648,1890,1764,1481,1695,1575,1364
268,3019295,1.8213518,1890,1749,1488,1696,1580,1368
269,3029296,1.8217458,1890,1754,1490,1697,1582,1364
270,3039295,1.8221833,1885,1754,1503,1705,1573,1363
271,3049295,1.8226887,1894,1751,1490,1693,1579,1364
272,3059295,1.8233157,1895,1747,1488,1693,1583,1361
273,3069295,1.8239369,1899,1751,1483,1692,1575,1364
274,3079295,1.8243958,1889,1747,1491,1697,1576,1364
275,3089295,1.8249282,1888,1752,1488,1694,1582,1364
276,3099295,1.8254555,1893,1744,1483,1691,1580,1363
277,3109295,1.8260556,1893,1756,1490,1688,1578,1364
278,3119296,1.8267693,1883,1748,1487,1698,1575,1363
279,3129296,1.827597,1879,1751,1490,1699,1579,1365
280,3139295,1.8290332,1895,1751,1488,1697,1580,1364
281,3149296,1.830177,1894,1751,1485,1692,1578,1364
282,3159296,1.831191,1890,1755,1497,1693,1580,1359
283,3169295,1.8319678,1895,1762,1493,1695,1577,1364
284,3179295,1.8326772,1891,1750,1490,1690,1578,1361
285,3189295,1.8334913,1890,1747,1495,1705,1583,1360
286,3199295,1.8342732,1895,1754,1489,1697,1578,1364
287,3209295,1.8350165,1895,1767,1491,1699,1578,1364
288,3219295,1.8356705,1887,1754,1488,1694,1575,1364
289,3229295,1.8362184,1896,1769,1493,1708,1578,1364
290,3239295,1.8367926,1885,1750,1489,1685,1585,1359
291,3249296,1.8374191,1887,1751,1488,1701,1579,1364
292,3259296,1.8380376,1892,1746,1489,1699,1580,1363
293,3269295,1.8386169,1891,1753,1486,1709,1580,1364
294,3279295,1.839331,1887,1746,1488,1703,1576,1369
295,3289296,1.8400195,1887,1747,1488,1687,1581,1364
296,3299296,1.8406497,1890,1749,1488,1696,1576,1364
297,3309295,1.8414009,1898,1753,1487,1697,1575,1365
298,3319295,1.8421416,1893,1744,1488,1693,1582,1369
299,3329295,1.8428249,1890,1751,1486,1694,1582,1364
300,3339295,1.843482,1889,1746,1486,1690,1585,1390
301,3349295,1.8442425,1891,1749,1502,1697,1576,1363
302,3359295,1.8452711,1895,1735,1490,1706,1579,1364
303,3369296,1.8461251,1889,1756,1494,1688,1584,1366
304,3379295,1.8470045,1886,1746,1488,1679,1585,1364
305,3389295,1.8479594,1888,1755,1490,1693,1575,1364
306,3399295,1.8494463,1899,1746,1489,1695,1576,1364
307,3409296,1.850519,1895,1745,1495,1679,1575,1360
308,3419295,1.8516228,1882,1750,1485,1683,1578,1363
309,3429295,1.8526544,1891,1747,1487,1687,1583,1369
310,3439296,1.8538438,1886,1744,1489,1700,1578,1362
311,3449295,1.8549424,1889,1738,1487,1691,1579,1359
312,3459296,1.8560141,1889,1749,1491,1688,1578,1366
313,3469295,1.8571573,1899,1764,1491,1681,1579,1364
314,3479295,1.8582351,1889,1754,1488,1694,1571,1372
315,3489296,1.8593998,1887,1758,1488,1693,1582,1364
316,3499296,1.860695,1890,1748,1488,1695,1578,1364
317,3509295,1.9577328,1893,1751,1494,1700,1588,1360
318,3519295,1.9585242,1887,1745,1491,1689,1580,1366
319,3529296,1.9592114,1888,1745,1489,1693,1587,1364
320,3539295,1.9599239,1889,1758,1490,1692,1578,1355
321,3549295,1.9605695,1893,1754,1486,1695,1580,1361
322,3559295,1.9612482,1885,1751,1489,1698,1576,1364
323,3569295,1.9620372,1891,1741,1489,1694,1579,1365
324,3579295,1.9629924,1889,1748,1486,1690,1576,1360
325,3589295,1.9638155,1893,1744,1495,1692,1579,1364
326,3599296,1.9650199,1888,1750,1486,1694,1583,1361
327,3609295,1.9664274,1883,1761,1485,1690,1574,1364
328,3619295,1.9711547,1893,1750,1485,1685,1574,1366
329,3629295,2.388309,1890,1749,1488,1698,1583,1360
330,3639295,2.3905177,1893,1755,1487,1690,1575,1364
331,3649295,2.3925811,1884,1750,1509,1689,1579,1389
332,3659295,2.3946081,1889,1748,1495,1696,1574,1365
333,3669295,2.39659,1886,1747,1486,1705,1574,1366
334,3679295,2.3989954,1891,1752,1490,1688,1574,1361
335,3689295,2.4015606,1886,1745,1488,1695,1573,1366
336,3699295,2.4039493,1888,1744,1494,1691,1576,1361
337,3709295,2.4062471,1893,1750,1491,1695,1578,1364
338,3719296,2.4082995,1891,1747,1477,1694,1583,1364
339,3729296,2.4107047,1894,1746,1488,1681,1575,1363
340,3739295,2.413062,1887,1751,1473,1694,1576,1361
341,3749296,2.4157792,1889,1751,1495,1691,1575,1366
342,3759296,2.4183019,1886,1755,1484,1694,1583,1367
343,3769296,2.4205719,1892,1745,1472,1694,1575,1368
344,3779295,2.4227323,1894,1745,1488,1701,1574,1363
345,3789295,2.4247426,1891,1748,1491,1690,1576,1369
346,3799296,2.4266011,1890,1749,1477,1692,1575,1362
347,3809296,2.4288699,1887,1751,1488,1691,1576,1364
348,3819296,2.4310572,1886,1750,1488,1694,1574,1364
349,3829296,2.4337787,1891,1744,1485,1697,1581,1382
350,3839295,2.4361971,1889,1751,1488,1698,1578,1364
351,3849295,2.4388094,1887,1749,1488,1690,1575,1362
352,3859295,2.4417553,1891,1751,1491,1693,1582,1364
353,3869296,2.4454821,1887,1747,1498,1690,1581,1364
354,3879296,2.4477256,1893,1748,1472,1699,1579,1362
355,3889295,2.4502873,1889,1751,1488,1690,1581,1358
356,3899295,2.4528465,1894,1744,1492,1697,1582,1366
357,3909296,2.4550025,1893,1745,1491,1695,1578,1364
358,3919296,2.4570475,1887,1746,1490,1688,1581,1364
359,3929296,2.4595733,1893,1748,1498,1693,1577,1364
360,3939295,2.4620119,1891,1745,1486,1693,1585,1363
361,3949295,2.4639917,1891,1749,1482,1695,1576,1363
362,3959296,2.4664375,1895,1753,1488,1695,1576,1364
363,3969295,2.4686176,1890,1749,1493,1693,1579,1354
364,3979295,2.4707526,1890,1750,1493,1695,1574,1364
365,3989296,2.4730681,1892,1749,1489,1696,1589,1364
366,3999295,2.4751001,1897,1753,1488,1694,1575,1362
367,4009295,2.4776942,1891,1747,1493,1684,1576,1364
368,4019296,2.4801643,1890,1744,1488,1695,1585,1364
369,4029295,2.4823295,1890,1753,1497,1696,1574,1364
370,4039296,2.4867858,1889,1745,1481,1695,1580,1364
371,4049295,2.4886054,1895,1754,1486,1694,1575,1364
372,4059295,2.4905496,1893,1746,1488,1699,1581,1364
373,4069295,2.492323,1886,1769,1486,1685,1580,1364
374,4079295,2.4950163,1886,1751,1480,1697,1582,1368
375,4089295,2.4966984,1887,1751,1487,1693,1574,1363
376,4099296,2.4987984,1895,1754,1488,1691,1575,1364
377,4109296,2.5009716,1886,1757,1488,1690,1579,1363
378,4119295,2.5031136,1891,1745,1483,1693,1580,1362
379,4129295,2.5050138,1894,1747,1488,1700,1574,1359
380,4139295,2.5079387,1893,1744,1497,1692,1576,1361
381,4149295,2.5100577,1885,1748,1488,1693,1596,1364
382,4159295,2.9229801,1888,1753,1488,1694,1580,1364
383,4169296,2.9245063,1897,1747,1475,1695,1580,1382
384,4179296,2.9257096,1889,1753,1487,1691,1582,1360
385,4189295,2.926561,1893,1758,1487,1693,1579,1348
386,4199295,2.9273098,1891,1747,1501,1692,1578,1364
387,4209295,2.9281627,1888,1742,1475,1695,1583,1367
388,4219295,2.9291271,1882,1749,1483,1695,1575,1362
389,4229295,2.9298667,1890,1731,1491,1674,1582,1364
390,4239295,2.9306694,1894,1747,1488,1704,1585,1375
391,4249296,2.9317038,1889,1744,1490,1693,1576,1369
392,4259295,2.9325861,1890,1755,1491,1691,1576,1362
393,4269295,2.933494,1892,1744,1488,1703,1573,1367
394,4279296,2.9343293,1891,1756,1490,1699,1574,1364
395,4289295,2.9354645,1892,1747,1488,1701,1579,1361
396,4299295,2.9362212,1891,1749,1483,1693,1574,1359
397,4309296,2.9370194,1886,1744,1494,1692,1580,1364
398,4319295,2.937795,1893,1751,1493,1691,1574,1364
399,4329295,2.9384659,1891,1749,1483,1694,1574,1366
400,4339296,2.9397285,1895,1749,1488,1692,1576,1361
401,4349296,2.9409684,1890,1751,1483,1690,1574,1387
402,4359295,2.9423679,1874,1756,1488,1692,1588,1362
403,4369295,2.9440624,1885,1744,1485,1692,1578,1359
404,4379296,2.9452061,1891,1744,1485,1698,1575,1366
405,4389296,2.9461766,1889,1751,1485,1693,1574,1362
406,4399296,2.9469895,1890,1751,1483,1685,1579,1364
407,4409295,2.9478896,1887,1751,1488,1693,1570,1364
408,4419295,2.9488131,1894,1747,1484,1691,1578,1360
409,4429295,2.9495792,1889,1747,1488,1692,1575,1364
410,4439295,2.9503851,1892,1744,1488,1691,1579,1360
411,4449296,2.9512496,1886,1744,1495,1694,1582,1365
412,4459295,2.9521562,1888,1753,1490,1694,1576,1364
413,4469295,2.9531381,1889,1747,1490,1694,1583,1360
414,4479295,2.9540251,1893,1747,1488,1700,1575,1361
415,4489295,2.9551347,1895,1746,1488,1701,1576,1363
416,4499296,2.9563038,1882,1753,1488,1690,1581,1364
417,4509296,2.9571732,1892,1741,1488,1692,1580,1364
418,4519295,2.9581186,1887,1759,1483,1693,1578,1364
419,4529295,2.9592406,1893,1744,1494,1703,1581,1369
420,4539295,2.9600231,1883,1762,1494,1693,1575,1372
421,4549295,2.9608464,1893,1758,1479,1701,1582,1364
422,4559295,2.9618245,1887,1747,1488,1693,1579,1364
423,4569295,2.9626413,1890,1748,1488,1691,1573,1369
424,4579295,2.964404,1887,1751,1488,1700,1576,1361
425,4589295,2.9653548,1897,1754,1489,1691,1583,1363
426,4599295,2.9663385,1894,1751,1483,1690,1578,1382
427,4609295,2.9672639,1890,1735,1490,1688,1575,1364
428,4619295,2.9738311,1881,1743,1488,1690,1574,1369
429,4629295,2.9753506,1889,1747,1490,1693,1576,1368
430,4639295,3.1649656,1885,1746,1488,1692,1575,1364
431,4649295,3.1667709,1887,1766,1494,1684,1576,1360
432,4659295,3.1681877,1883,1759,1488,1695,1574,1364
433,4669295,3.1693429,1887,1746,1481,1695,1579,1362
434,4679295,3.1710062,1891,1749,1494,1694,1584,1361
435,4689296,3.1723831,1887,1744,1489,1687,1575,1364
436,4699296,3.1738852,1893,1745,1481,1691,1568,1369
437,4709296,3.1753358,1888,1752,1490,1695,1574,1364
438,4719295,3.1772246,1894,1747,1489,1691,1580,1364
439,4729295,3.1787605,1883,1751,1491,1688,1574,1362
440,4739296,3.1804107,1895,1748,1487,1701,1575,1356
441,4749295,3.1818939,1882,1757,1488,1693,1576,1373
442,4759295,3.1833959,1897,1749,1481,1696,1572,1366
443,4769295,3.1849635,1892,1745,1489,1691,1574,1363
444,4779296,3.1866097,1879,1746,1497,1685,1581,1366
445,4789296,3.1885494,1890,1754,1490,1695,1574,1364
446,4799295,3.1902478,1889,1744,1483,1691,1561,1369
447,4809295,3.1915021,1890,1761,1493,1693,1574,1360
448,4819295,3.1935853,1889,1744,1488,1691,1574,1364
449,4829295,3.1948393,1891,1751,1488,1690,1589,1369
450,4839295,3.1971834,1885,1746,1490,1690,1578,1364
451,4849296,3.199129,1887,1744,1483,1685,1577,1362
452,4859295,3.379169,1892,1744,1490,1688,1581,1360
453,4869295,3.3804255,1889,1744,1488,1691,1582,1364
454,4879295,3.3815215,1885,1749,1483,1691,1576,1370
455,4889295,3.3829409,1888,1758,1491,1692,1575,1364
456,4899296,3.3841255,1891,1751,1488,1693,1574,1351
457,4909296,3.3853196,1885,1755,1488,1693,1580,1363
458,4919295,3.3865173,1889,1750,1517,1694,1575,1364
459,4929295,3.3875327,1883,1745,1493,1695,1575,1359
460,4939296,3.3883041,1889,1750,1489,1696,1580,1362
461,4949296,3.3893144,1894,1754,1472,1698,1572,1361
462,4959296,3.3902437,1885,1751,1489,1701,1584,1364
463,4969295,3.3911658,1891,1748,1487,1699,1576,1361
464,4979295,3.3921058,1888,1744,1486,1696,1592,1369
465,4989296,3.3931638,1897,1751,1486,1696,1576,1359
466,4999295,3.3940947,1887,1744,1505,1695,1585,1364
467,5009295,3.3953057,1893,1760,1488,1694,1583,1361
468,5019296,3.3963947,1891,1749,1487,1683,1580,1363
469,5029295,3.3986936,1895,1745,1491,1692,1579,1365
470,5039295,3.3998844,1887,1746,1489,1695,1575,1364
471,5049295,3.4019708,1886,1754,1487,1691,1580,1363
472,5059295,3.5615566,1891,1746,1488,1693,1576,1368
473,5069296,3.5624336,1890,1750,1500,1698,1574,1368
474,5079295,3.563371,1891,1750,1488,1688,1578,1383
475,5089295,3.5642429,1884,1754,1487,1683,1578,1361
476,5099295,3.5650222,1892,1750,1483,1690,1576,1365
477,5109296,3.5659698,1891,1749,1488,1685,1575,1368
478,5119296,3.5667533,1893,1747,1492,1690,1576,1363
479,5129296,3.5677768,1895,1751,1488,1688,1580,1373
480,5139295,3.5687347,1883,1751,1488,1705,1576,1362
481,5149296,3.5699644,1886,1744,1488,1699,1583,1364
482,5159295,3.5711945,1892,1754,1490,1690,1584,1358
483,5169296,3.5726294,1887,1752,1488,1691,1578,1364
484,5179295,3.5736417,1888,1747,1487,1695,1579,1364
485,5189295,3.5745497,1894,1759,1489,1699,1579,1367
486,5199295,3.5752211,1883,1754,1486,1710,1578,1364
487,5209295,3.5760816,1890,1751,1488,1696,1576,1363
488,5219296,3.5773642,1885,1755,1481,1692,1582,1364
489,5229296,3.5781359,1889,1751,1495,1693,1581,1362
490,5239296,3.5900762,1897,1747,1488,1690,1575,1364
491,5249295,4.5465099,1889,1745,1489,1694,1581,1359
492,5259295,4.5476719,1890,1738,1487,1691,1580,1364
493,5269296,4.5484364,1887,1753,1486,1695,1583,1355
494,5279295,4.5490821,1889,1744,1488,1690,1581,1360
495,5289295,4.5495601,1888,1749,1488,1711,1579,1364
496,5299295,4.550001,1890,1754,1487,1695,1582,1364
497,5309295,4.5504637,1888,1751,1488,1698,1574,1356
498,5319295,4.5508646,1898,1746,1495,1705,1577,1365
499,5329296,4.5517785,1895,1745,1493,1696,1579,1363
500,5339295,4.5528812,1890,1750,1488,1698,1581,1364
501,5349295,4.554316,1895,1747,1488,1694,1579,1364
502,5359295,4.555434,1889,1745,1486,1690,1587,1364
503,5369295,4.5562996,1889,1748,1488,1699,1578,1371
504,5379295,4.5572339,1894,1761,1485,1691,1580,1369
505,5389295,4.5580162,1893,1755,1492,1697,1585,1369
506,5399295,4.5587379,1890,1744,1495,1696,1576,1364
507,5409295,4.5594717,1895,1755,1489,1701,1580,1364
508,5419296,4.5603223,1883,1751,1507,1693,1580,1363
509,5429295,4.5611156,1887,1757,1483,1695,1580,1363
510,5439296,4.561827,1900,1745,1488,1695,1579,1363
511,5449295,4.5625581,1888,1749,1489,1696,1580,1374
512,5459295,4.5634897,1888,1750,1488,1704,1578,1364
513,5469295,4.5642063,1881,1746,1490,1692,1575,1364
514,5479295,4.5647441,1889,1757,1491,1696,1578,1367
515,5489295,4.5652719,1898,1758,1488,1695,1579,1364
516,5499296,4.5658458,1889,1758,1470,1690,1584,1360
517,5509296,4.5671335,1892,1745,1479,1691,1574,1362
518,5519296,4.5681762,1893,1749,1488,1695,1581,1364
519,5529296,4.5698346,1889,1749,1495,1696,1575,1364
520,5539296,4.5710299,1899,1755,1488,1716,1574,1363
521,5549295,4.5718396,1887,1753,1479,1685,1573,1365
522,5559296,4.5726241,1887,1767,1491,1693,1575,1355
523,5569296,4.5735758,1893,1756,1491,1682,1574,1368
524,5579295,4.5746383,1890,1751,1488,1703,1575,1364
525,5589295,4.575528,1895,1750,1489,1695,1585,1364
526,5599295,4.5764304,1886,1750,1483,1687,1584,1364
527,5609295,4.5773333,1894,1749,1488,1692,1581,1364
528,5619295,4.5784038,1892,1751,1491,1695,1577,1363
529,5629296,4.5794622,1899,1745,1489,1674,1579,1364
530,5639295,4.5805705,1894,1755,1486,1690,1576,1365
531,5649295,4.5814428,1889,1751,1491,1692,1580,1363
532,5659295,4.5828521,1883,1749,1494,1695,1580,1360
533,5669295,4.5838131,1887,1759,1487,1691,1583,1364
534,5679295,4.5847171,1892,1755,1491,1694,1582,1363
535,5689296,4.5856001,1898,1753,1489,1698,1580,1363
536,5699295,4.5863519,1885,1744,1488,1703,1574,1366
537,5709295,4.5873949,1895,1760,1490,1695,1575,1364
538,5719296,4.5882075,1891,1749,1499,1696,1578,1364
539,5729295,4.5893345,1887,1753,1499,1697,1576,1368
540,5739295,4.5902366,1878,1751,1489,1700,1574,1356
541,5749295,4.5912141,1890,1747,1487,1692,1581,1366
542,5759296,4.5921693,1890,1731,1483,1698,1583,1366
543,5769296,4.5930704,1889,1754,1495,1695,1578,1366
544,5779295,4.5938836,1881,1749,1482,1693,1582,1364
545,5789295,4.5947539,1888,1746,1496,1692,1585,1364
546,5799295,4.5954738,1890,1758,1495,1684,1574,1365
547,5809295,4.5963255,1902,1754,1490,1694,1574,1363
548,5819296,4.59692,1885,1737,1487,1689,1578,1364
549,5829295,4.5984057,1887,1749,1520,1691,1573,1341
550,5839295,4.5990497,1893,1747,1485,1696,1581,1372
551,5849295,4.5995881,1889,1761,1488,1700,1585,1365
552,5859295,4.6001882,1889,1746,1481,1692,1578,1364
553,5869296,4.600793,1886,1759,1482,1702,1579,1364
554,5879296,4.6014137,1895,1748,1483,1690,1576,1364
555,5889295,4.6021978,1889,1744,1488,1696,1580,1361
556,5899295,4.6029616,1887,1742,1472,1697,1574,1360
557,5909295,4.6035723,1888,1753,1497,1697,1598,1361
558,5919295,4.6042557,1883,1746,1488,1691,1581,1364
559,5929296,4.6048274,1888,1748,1485,1698,1591,1366
560,5939295,4.605467,1885,1755,1481,1695,1574,1366
561,5949296,4.6060683,1888,1746,1488,1699,1582,1361
562,5959296,4.606593,1895,1751,1493,1701,1579,1363
563,5969296,4.6071648,1890,1755,1488,1691,1580,1367
564,5979295,4.6078836,1890,1749,1495,1700,1569,1363
565,5989295,4.6091323,1898,1749,1485,1698,1581,1363
566,5999295,4.6104528,1889,1749,1494,1697,1582,1366
567,6009295,4.6152346,1882,1754,1491,1691,1575,1363
568,6019296,4.6187623,1889,1751,1483,1695,1578,1368
569,6029296,4.6206253,1890,1754,1487,1696,1579,1368
570,6039296,4.6220636,1893,1744,1490,1691,1575,1364
571,6049295,4.6235961,1888,1744,1489,1690,1574,1364
572,6059295,4.6248839,1898,1755,1487,1698,1585,1363
573,6069295,4.6260085,1891,1755,1500,1699,1578,1355
574,6079295,4.627926,1894,1755,1493,1695,1576,1363
575,6089295,4.6303783,1894,1749,1488,1692,1582,1361
576,6099295,4.6313836,1890,1751,1520,1692,1576,1371
577,6109295,4.632265,1889,1761,1482,1695,1582,1363
578,6119296,4.6330773,1887,1744,1488,1688,1580,1371
579,6129295,4.633884,1893,1751,1485,1694,1574,1365
580,6139295,4.6348009,1892,1747,1489,1691,1575,1364
581,6149295,4.6356868,1888,1751,1489,1694,1579,1368
582,6159295,4.6366867,1898,1746,1488,1691,1580,1364
583,6169295,4.6377142,1888,1742,1488,1693,1586,1364
584,6179295,4.6387253,1886,1750,1514,1689,1575,1374
585,6189295,4.6397803,1888,1749,1481,1694,1583,1364
586,6199295,4.6413591,1899,1749,1491,1692,1588,1369
587,6209295,4.6422335,1897,1754,1487,1699,1576,1359
588,6219296,4.6456367,1887,1749,1463,1694,1575,1362
589,6229296,4.6465962,1886,1753,1488,1695,1578,1363
590,6239296,4.6475446,1888,1750,1488,1693,1579,1362
591,6249295,4.6487193,1871,1748,1488,1692,1582,1364
592,6259295,4.6497423,1891,1752,1485,1690,1576,1366
593,6269295,4.65082,1887,1749,1488,1690,1578,1366
594,6279295,4.6517727,1894,1749,1481,1698,1576,1355
595,6289295,4.6527716,1885,1750,1486,1693,1578,1361
596,6299295,4.654285,1891,1763,1490,1700,1578,1364
597,6309295,4.8591162,1886,1761,1488,1695,1581,1364
598,6319295,4.8601857,1891,1751,1488,1692,1576,1364
599,6329295,4.8611268,1894,1746,1499,1698,1576,1364
600,6339295,4.8618598,1882,1744,1487,1695,1583,1364
601,6349295,4.8623576,1893,1746,1496,1694,1581,1361
602,6359295,4.8629287,1891,1746,1489,1696,1575,1361
603,6369295,4.8635431,1888,1753,1490,1693,1577,1364
604,6379295,4.8641361,1892,1749,1488,1692,1578,1361
605,6389295,4.8649604,1885,1755,1499,1691,1579,1364
606,6399295,4.8656394,1889,1746,1490,1692,1575,1363
607,6409295,4.8662053,1883,1750,1491,1692,1575,1391
608,6419295,4.866723,1890,1750,1491,1695,1583,1364
609,6429295,4.8673228,1891,1747,1487,1690,1572,1364
610,6439296,4.8679989,1894,1755,1489,1695,1582,1369
611,6449295,4.8689802,1893,1743,1486,1695,1580,1364
612,6459295,4.8700078,1892,1750,1491,1691,1578,1348
613,6469295,4.87088,1888,1761,1484,1699,1578,1369
614,6479295,4.871733,1891,1747,1493,1695,1582,1365
615,6489295,4.8724271,1891,1746,1487,1695,1565,1364
616,6499296,4.8733458,1891,1750,1488,1705,1579,1362
617,6509295,4.8743348,1900,1748,1488,1690,1582,1365
618,6519295,4.8756421,1895,1755,1489,1691,1576,1368
619,6529296,4.9882547,1898,1750,1494,1695,1579,1364
620,6539295,4.9893935,1887,1749,1488,1693,1582,1369
621,6549295,4.9900841,1889,1757,1491,1691,1581,1368
622,6559296,4.9905287,1887,1750,1489,1695,1580,1364
623,6569295,4.9909035,1890,1751,1486,1697,1586,1368
624,6579295,4.9912731,1887,1750,1488,1695,1581,1360
625,6589296,4.9916394,1890,1747,1488,1694,1575,1368
626,6599295,4.9920638,1891,1756,1486,1697,1578,1363
627,6609295,4.9924495,1891,1747,1456,1693,1578,1359
628,6619295,4.9928169,1874,1749,1486,1686,1575,1363
629,6629296,4.9931843,1891,1747,1491,1683,1585,1364
630,6639295,4.9938142,1886,1750,1486,1693,1579,1370
631,6649295,4.9945756,1882,1745,1490,1698,1577,1366
632,6659295,5.2131705,1888,1749,1485,1691,1576,1364
633,6669296,5.2140419,1897,1763,1484,1696,1583,1368
634,6679296,5.2146735,1890,1751,1486,1688,1578,1364
635,6689295,5.2152295,1890,1755,1488,1696,1575,1364
636,6699296,5.215757,1897,1747,1488,1701,1579,1369
637,6709296,5.2164614,1892,1746,1488,1690,1574,1365
638,6719295,5.2171635,1887,1754,1489,1694,1580,1365
639,6729295,5.2177791,1890,1745,1484,1692,1577,1355
640,6739295,5.2185181,1888,1747,1489,1686,1574,1368
641,6749295,5.2193124,1892,1747,1492,1696,1575,1364
642,6759296,5.2198959,1887,1744,1487,1694,1585,1367
643,6769295,5.2205267,1892,1735,1489,1696,1575,1366
644,6779295,5.2210931,1893,1745,1493,1706,1584,1364
645,6789295,5.2215193,1890,1754,1494,1695,1575,1364
646,6799295,5.2220411,1891,1750,1489,1694,1576,1364
647,6809295,5.2224431,1897,1751,1491,1691,1578,1364
648,6819296,5.2228821,1891,1749,1496,1691,1583,1374
649,6829296,5.2234438,1915,1753,1491,1690,1582,1368
650,6839295,5.2238984,1893,1759,1489,1695,1579,1362
651,6849295,5.2244506,1891,1761,1487,1692,1579,1368
652,6859295,5.225304,1889,1757,1485,1691,1582,1361
653,6869296,5.226491,1891,1746,1498,1695,1580,1368
654,6879295,5.2271811,1887,1748,1499,1696,1577,1364
655,6889295,5.3502046,1891,1744,1493,1696,1576,1369
656,6899295,5.3514823,1893,1747,1488,1695,1581,1368
657,6909295,5.3527796,1885,1751,1487,1694,1576,1366
658,6919295,5.3537378,1885,1750,1485,1698,1573,1362
659,6929295,5.354384,1895,1750,1492,1691,1578,1366
660,6939295,5.3552416,1889,1764,1485,1691,1582,1382
661,6949295,5.3563521,1891,1744,1492,1693,1583,1364
662,6959295,5.3573785,1889,1759,1488,1692,1578,1359
663,6969295,5.3583179,1887,1749,1489,1692,1586,1362
664,6979295,5.3597002,1887,1754,1482,1689,1581,1355
665,6989295,5.3607782,1888,1760,1490,1692,1574,1371
666,6999295,5.3615578,1885,1747,1501,1688,1582,1364
667,7009296,5.3629196,1897,1743,1488,1697,1585,1366
668,7019295,5.3704042,1890,1754,1493,1695,1575,1367
669,7029295,5.3835186,1897,1751,1470,1691,1578,1361
670,7039295,5.3958073,1888,1749,1455,1698,1576,1364
671,7049295,5.3969186,1889,1749,1488,1694,1580,1364
672,7059296,5.4130267,1891,1754,1493,1694,1581,1374
673,7069296,5.426568,1890,1748,1488,1685,1579,1362
674,7079295,5.4276364,1893,1759,1488,1700,1581,1364
675,7089295,5.551994,1897,1754,1496,1696,1577,1368
676,7099295,5.5532896,1889,1753,1497,1694,1574,1364
677,7109296,5.5540055,1891,1746,1486,1694,1585,1362
678,7119296,5.5550199,1891,1747,1488,1694,1579,1364
679,7129295,5.5558725,1883,1744,1493,1685,1575,1364
680,7139295,5.5567203,1887,1755,1489,1691,1585,1364
681,7149296,5.5575645,1893,1749,1488,1696,1580,1363
682,7159295,5.5583913,1889,1761,1488,1696,1585,1367
683,7169295,5.5592032,1894,1746,1488,1694,1582,1364
684,7179296,5.5599764,1894,1744,1509,1698,1574,1363
685,7189295,5.5606705,1894,1749,1488,1696,1582,1364
686,7199295,5.5614875,1889,1751,1488,1692,1578,1364
687,7209295,5.5627324,1898,1751,1488,1692,1576,1361
688,7219295,5.5732522,1892,1747,1491,1700,1586,1364
689,7229296,5.5777423,1892,1747,1491,1690,1575,1364
690,7239295,5.5910651,1890,1744,1488,1698,1583,1360
691,7249295,5.6001933,1883,1755,1493,1701,1575,1367
692,7259295,5.6150551,1889,1749,1471,1701,1575,1365
693,7269296,5.6156767,1887,1748,1489,1694,1576,1364
694,7279295,5.6311232,1891,1749,1488,1686,1576,1345
695,7289295,5.6347395,1895,1747,1481,1722,1598,1364
696,7299295,5.7483488,1889,1744,1490,1694,1576,1355
697,7309296,5.7493552,1892,1746,1490,1707,1579,1364
698,7319295,5.7500169,1884,1758,1490,1701,1580,1364
699,7329295,5.7506383,1894,1751,1493,1694,1578,1364
700,7339295,5.751883,1889,1753,1488,1695,1585,1360
701,7349295,5.7533376,1888,1747,1493,1692,1580,1361
702,7359295,5.7545204,1890,1749,1488,1703,1580,1364
703,7369296,5.7556747,1885,1755,1488,1691,1579,1358
704,7379296,5.7568849,1889,1745,1485,1704,1579,1364
705,7389296,5.757994,1893,1756,1488,1691,1583,1363
706,7399296,5.7597986,1889,1741,1486,1691,1577,1364
707,7409295,5.7608932,1891,1754,1487,1685,1580,1364
708,7419295,5.7723374,1884,1746,1501,1690,1575,1355
709,7429295,5.7761571,1889,1749,1511,1695,1582,1364
710,7439296,5.7870567,1889,1749,1491,1697,1578,1364
711,7449296,5.8037327,1890,1757,1488,1695,1583,1355
712,7459295,5.8111063,1889,1749,1482,1695,1581,1364
713,7469296,5.8204005,1890,1749,1489,1693,1574,1364
714,7479295,5.8341236,1895,1746,1488,1690,1574,1369
715,7489295,5.837396,1888,1746,1487,1700,1575,1368
716,7499295,5.947323,1891,1765,1488,1693,1574,1368
717,7509295,5.948435,1889,1744,1488,1698,1576,1364
718,7519295,5.9492096,1887,1743,1482,1696,1581,1365
719,7529295,5.9499055,1883,1750,1487,1688,1578,1374
720,7539296,5.9505855,1891,1744,1482,1693,1589,1368
721,7549296,5.9512837,1895,1749,1489,1697,1578,1360
722,7559295,5.9519427,1891,1755,1488,1690,1583,1364
723,7569295,5.9526863,1884,1754,1488,1701,1578,1364
724,7579295,5.9533437,1890,1758,1485,1691,1574,1364
725,7589295,5.9538768,1891,1748,1489,1701,1576,1362
726,7599295,5.9543743,1891,1732,1484,1703,1579,1364
727,7609296,5.9604376,1886,1748,1497,1694,1587,1360
728,7619295,5.9754387,1890,1758,1488,1690,1582,1364
729,7629295,5.9760114,1892,1758,1488,1690,1579,1363
730,7639295,5.9904371,1887,1749,1485,1690,1579,1364
731,7649295,6.0090532,1887,1747,1486,1690,1574,1364
732,7659295,6.010512,1891,1754,1505,1667,1580,1366
733,7669295,6.0223695,1879,1728,1483,1694,1573,1367
734,7679295,6.0263683,1895,1749,1488,1687,1575,1369
735,7689295,6.0412614,1889,1752,1488,1685,1582,1360
736,7699295,6.0446313,1889,1746,1488,1696,1569,1364
737,7709296,6.1529338,1890,1744,1488,1693,1582,1364
738,7719295,6.1540141,1895,1755,1487,1690,1578,1363
739,7729295,6.1547676,1886,1749,1499,1696,1581,1363
740,7739296,6.1556013,1891,1743,1488,1690,1579,1366
741,7749295,6.1561994,1879,1747,1482,1697,1574,1364
742,7759296,6.1567397,1886,1749,1488,1699,1575,1364
743,7769295,6.1575425,1888,1751,1488,1684,1581,1364
744,7779295,6.1582861,1889,1754,1482,1697,1574,1364
745,7789296,6.158976,1893,1751,1491,1688,1580,1369
746,7799295,6.1597178,1895,1749,1488,1693,1585,1362
747,7809295,6.1607294,1895,1753,1499,1691,1575,1363
748,7819295,6.1661402,1893,1755,1490,1690,1575,1366
749,7829295,6.1774833,1894,1745,1487,1704,1575,1364
750,7839295,6.1921971,1890,1746,1486,1694,1578,1356
751,7849295,6.1959867,1890,1734,1487,1686,1576,1363
752,7859295,6.207244,1885,1745,1488,1693,1575,1362
753,7869295,6.2257784,1887,1749,1483,1695,1579,1362
754,7879296,6.2262149,1889,1752,1500,1694,1576,1369
755,7889295,6.2380579,1890,1751,1491,1696,1581,1364
756,7899296,6.3600525,1893,1745,1487,1696,1574,1364
757,7909295,6.3607537,1890,1747,1488,1694,1574,1362
758,7919295,6.3612214,1891,1747,1477,1690,1581,1364
759,7929295,6.3617393,1887,1748,1488,1684,1580,1364
760,7939295,6.3624087,1891,1753,1488,1696,1574,1369
761,7949295,6.3629797,1890,1754,1493,1691,1574,1367
762,7959295,6.3634653,1889,1745,1483,1704,1578,1364
763,7969296,6.3639372,1895,1749,1488,1691,1578,1366
764,7979295,6.3646672,1884,1744,1488,1691,1575,1364
765,7989295,6.3651395,1890,1750,1481,1698,1579,1364
766,7999295,6.365699,1892,1747,1487,1693,1583,1369
767,8009295,6.3665977,1893,1750,1487,1696,1578,1365
768,8019296,6.3670733,1897,1755,1519,1696,1585,1368
769,8029295,6.3789179,1885,1753,1477,1691,1578,1364
770,8039295,6.3942551,1895,1747,1488,1704,1580,1364
771,8049296,6.4019299,1895,1746,1493,1699,1585,1375
772,8059296,6.4140065,1893,1753,1490,1693,1580,1367
773,8069295,6.417555,1889,1749,1488,1706,1578,1364
774,8079295,6.4264297,1887,1754,1488,1697,1578,1364
775,8089295,6.4409516,1891,1754,1501,1692,1585,1387
776,8099295,6.4449604,1899,1747,1494,1699,1575,1368
777,8109295,6.5591328,1904,1750,1485,1696,1598,1364
778,8119295,6.5600014,1894,1754,1488,1688,1579,1363
779,8129295,6.5609062,1887,1755,1486,1696,1582,1364
780,8139295,6.5616215,1897,1754,1470,1691,1579,1364
781,8149295,6.5620464,1886,1744,1488,1679,1574,1364
782,8159296,6.5624214,1889,1756,1491,1701,1583,1365
783,8169295,6.5628141,1879,1751,1483,1695,1582,1374
784,8179295,6.5634111,1890,1751,1489,1690,1582,1351
785,8189295,6.5641548,1891,1750,1488,1694,1576,1364
786,8199296,6.5647691,1903,1753,1488,1705,1579,1361
787,8209295,6.5652683,1911,1782,1498,1708,1606,1372
788,8219295,6.5685645,1875,1751,1495,1680,1580,1361
789,8229295,6.5829486,1876,1735,1488,1675,1557,1369
790,8239295,6.5866196,1894,1733,1488,1691,1570,1369
791,8249295,6.6029233,1894,1744,1486,1697,1572,1364
792,8259296,6.6070743,1890,1744,1487,1690,1575,1359
793,8269296,6.6298748,1878,1751,1510,1687,1580,1363
794,8279295,6.6303419,1901,1761,1487,1702,1589,1364
795,8289295,6.646008,1909,1770,1501,1713,1594,1367
796,8299295,6.6466337,1908,1775,1483,1718,1585,1365
797,8309295,6.7664314,1903,1751,1493,1695,1588,1356
798,8319295,6.7678142,1873,1749,1473,1681,1579,1364
799,8329295,6.7686929,1859,1731,1473,1678,1569,1364
800,8339296,6.7694228,1872,1735,1488,1668,1569,1360
801,8349295,6.7701251,1895,1730,1485,1691,1557,1360
802,8359295,6.770818,1902,1741,1498,1718,1574,1364
803,8369295,6.7715191,1915,1738,1488,1713,1585,1364
804,8379295,6.7725638,1895,1759,1489,1707,1593,1361
805,8389296,6.7737169,1889,1763,1493,1697,1593,1367
806,8399296,6.7746821,1878,1765,1488,1679,1589,1364
807,8409295,6.7753804,1884,1763,1498,1684,1588,1362
808,8419295,6.7765345,1891,1760,1488,1701,1582,1363
809,8429295,6.7772979,1899,1737,1487,1693,1574,1366
810,8439295,6.7920794,1904,1735,1488,1698,1573,1361
811,8449295,6.7959368,1885,1742,1487,1690,1570,1360
812,8459296,6.8219335,1889,1740,1487,1690,1573,1364
813,8469295,6.8232609,1884,1747,1493,1692,1583,1364
814,8479296,6.8350274,1893,1767,1488,1693,1586,1362
815,8489295,6.835704,1902,1758,1520,1702,1589,1364
816,8499296,6.8510991,1894,1759,1493,1694,1589,1368
817,8509295,6.972037,1891,1763,1485,1696,1589,1364
818,8519295,6.9731134,1886,1750,1505,1694,1586,1361
819,8529296,6.9738989,1871,1787,1517,1676,1601,1369
820,8539295,6.9744975,1899,1742,1455,1698,1574,1338
821,8549295,6.9750743,1891,1695,1472,1695,1539,1340
822,8559295,6.9755685,1885,1733,1518,1692,1565,1392
823,8569295,6.9759542,1883,1735,1483,1679,1569,1346
824,8579295,6.9763229,1861,1744,1471,1676,1574,1359
825,8589295,6.9766938,1882,1754,1494,1668,1591,1369
826,8599296,6.9770913,1907,1775,1502,1701,1595,1364
827,8609295,6.977485,1916,1775,1494,1722,1600,1372
828,8619295,6.9810659,1914,1766,1494,1720,1600,1375
829,8629295,6.9815122,1890,1760,1488,1701,1576,1360
830,8639295,6.9922453,1882,1745,1489,1681,1574,1362
831,8649295,6.9964156,1858,1728,1488,1672,1562,1364
832,8659295,7.0073932,1872,1732,1486,1681,1560,1355
833,8669295,7.0234563,1888,1733,1487,1695,1560,1364
834,8679295,7.0265505,1895,1738,1487,1702,1576,1364
835,8689296,7.0391529,1902,1751,1490,1703,1588,1364
836,8699295,7.0554862,1899,1769,1491,1699,1596,1364
837,8709295,7.0562026,1893,1776,1490,1701,1602,1364
838,8719295,7.1798662,1893,1773,1506,1695,1596,1365
839,8729295,7.1806389,1898,1753,1494,1705,1591,1371
840,8739295,7.1813183,1893,1751,1493,1693,1582,1369
841,8749295,7.1820075,1899,1727,1486,1696,1569,1364
842,8759295,7.1824215,1879,1729,1488,1693,1562,1361
843,8769296,7.1827931,1878,1731,1490,1682,1570,1364
844,8779295,7.1832027,1881,1741,1486,1694,1568,1367
845,8789295,7.1838232,1894,1755,1488,1700,1585,1368
846,8799296,7.1844224,1895,1762,1494,1710,1591,1364
847,8809295,7.1850043,1904,1776,1493,1704,1596,1372
848,8819295,7.1855568,1896,1771,1488,1697,1599,1353
849,8829295,7.1864466,1895,1811,1510,1698,1631,1382
850,8839295,7.1868744,1870,1725,1511,1685,1550,1378
851,8849296,7.1969495,1891,1738,1467,1690,1576,1351
852,8859295,7.2122426,1885,1726,1467,1691,1557,1353
853,8869295,7.2163066,1877,1715,1511,1683,1562,1379
854,8879296,7.2277187,1872,1726,1483,1681,1563,1352
855,8889295,7.2437301,1888,1744,1485,1697,1582,1364
856,8899295,7.2462227,1894,1773,1507,1707,1600,1363
857,8909296,7.2622766,1907,1769,1482,1702,1600,1359
858,8919295,7.2658902,1905,1781,1488,1706,1600,1374
859,8929295,7.3760965,1901,1776,1498,1708,1608,1369
860,8939295,7.3769849,1901,1761,1492,1703,1593,1369
861,8949295,7.3776991,1886,1723,1487,1676,1570,1365
862,8959295,7.3783108,1869,1716,1477,1678,1563,1350
863,8969296,7.3789215,1875,1727,1479,1688,1553,1365
864,8979295,7.3794506,1881,1727,1478,1683,1563,1355
865,8989295,7.3801723,1890,1743,1488,1690,1574,1364
866,8999295,7.3807547,1903,1763,1482,1703,1589,1359
867,9009295,7.3813349,1904,1776,1486,1705,1590,1368
868,9019295,7.3818629,1889,1783,1499,1699,1599,1374
869,9029295,7.3863353,1890,1777,1485,1692,1596,1364
870,9039295,7.387597,1897,1759,1491,1698,1587,1369
871,9049296,7.4001508,1898,1743,1486,1701,1574,1358
872,9059296,7.4161089,1900,1743,1493,1705,1565,1362
873,9069295,7.4172569,1893,1719,1485,1681,1561,1356
874,9079295,7.4303771,1877,1730,1487,1684,1560,1364
875,9089296,7.4507651,1875,1744,1487,1681,1572,1361
876,9099296,7.4514255,1904,1794,1503,1704,1618,1378
877,9109295,7.4619153,1872,1765,1500,1679,1586,1369
878,9119296,7.465895,1906,1760,1478,1706,1579,1352
879,9129295,7.6838822,1908,1755,1506,1705,1579,1387
880,9139295,7.6847671,1891,1747,1490,1697,1580,1366
881,9149295,7.6859466,1882,1731,1483,1681,1565,1366
882,9159295,7.6866909,1878,1732,1491,1684,1566,1364
883,9169295,7.687451,1887,1741,1488,1690,1574,1355
884,9179295,7.6886382,1894,1751,1488,1698,1574,1367
885,9189295,7.6900745,1903,1751,1488,1697,1581,1364
886,9199295,7.6915984,1888,1758,1491,1702,1586,1364
887,9209295,7.6931675,1891,1765,1489,1690,1593,1364
888,9219296,7.6950409,1881,1769,1500,1688,1589,1368
889,9229296,7.6965955,1883,1748,1479,1690,1585,1365
890,9239295,7.6976442,1904,1744,1488,1691,1574,1359
891,9249295,7.6984733,1904,1734,1488,1703,1570,1361
892,9259296,7.6992234,1902,1743,1497,1708,1569,1363
893,9269296,7.6999821,1887,1739,1485,1696,1569,1360
894,9279295,7.7008534,1879,1744,1488,1681,1575,1364
895,9289296,7.7016702,1872,1748,1491,1686,1589,1364
896,9299296,7.7025103,1888,1760,1483,1692,1589,1353
897,9309295,7.7033205,1898,1763,1489,1694,1585,1378
898,9319295,7.7041373,1905,1762,1488,1705,1592,1352
899,9329296,7.7051111,1901,1757,1486,1692,1583,1368
900,9339295,7.706147,1888,1749,1489,1694,1574,1364
901,9349295,7.7067452,1886,1775,1493,1672,1599,1364
902,9359296,7.7128509,1869,1727,1493,1679,1564,1364
903,9369296,7.8176077,1890,1745,1472,1692,1570,1346
904,9379295,7.8185091,1887,1730,1479,1685,1566,1360
905,9389295,7.819666,1877,1744,1492,1690,1571,1372
906,9399295,7.8209415,1879,1749,1486,1681,1574,1360
907,9409295,7.8219302,1889,1753,1486,1699,1578,1358
908,9419295,7.8226881,1900,1755,1503,1701,1585,1356
909,9429296,7.8232811,1904,1764,1493,1705,1589,1360
910,9439296,7.8239036,1910,1770,1491,1709,1595,1369
911,9449295,7.8245094,1899,1764,1498,1705,1589,1364
912,9459295,7.8251498,1885,1776,1479,1694,1585,1362
913,9469296,7.8260648,1862,1743,1488,1679,1569,1373
914,9479295,7.8265944,1866,1733,1483,1673,1571,1358
915,9489295,7.8380784,1879,1741,1488,1670,1566,1364
916,9499295,7.8536729,1900,1744,1487,1705,1566,1364
917,9509296,7.8567536,1913,1761,1482,1705,1583,1364
918,9519296,7.8694075,1911,1750,1488,1705,1583,1364
919,9529295,7.8853265,1898,1761,1489,1692,1589,1374
920,9539295,7.8865427,1887,1761,1498,1693,1596,1365
921,9549295,7.9000759,1877,1769,1488,1688,1585,1364
922,9559296,8.0259808,1885,1757,1482,1695,1584,1361
923,9569296,8.02669,1897,1745,1491,1682,1577,1363
924,9579295,8.0272582,1894,1744,1488,1694,1572,1367
925,9589296,8.0276832,1890,1744,1483,1696,1570,1364
926,9599296,8.0280867,1882,1745,1481,1698,1575,1361
927,9609295,8.0284596,1887,1777,1506,1687,1591,1373
928,9619295,8.0288313,1875,1766,1502,1681,1585,1371
929,9629295,8.029204,1897,1745,1482,1705,1565,1346
930,9639296,8.0295944,1899,1744,1491,1695,1573,1374
931,9649295,8.0300028,1889,1761,1507,1690,1586,1371
932,9659296,8.0303911,1873,1746,1471,1679,1566,1346
933,9669295,8.0307984,1883,1741,1487,1684,1574,1364
934,9679295,8.0311947,1884,1745,1494,1701,1574,1365
935,9689295,8.0428534,1904,1759,1488,1704,1579,1364
936,9699295,8.0481663,1909,1763,1487,1720,1583,1369
937,9709296,8.0580089,1902,1765,1491,1699,1592,1364
938,9719296,8.0742962,1883,1758,1489,1693,1591,1364
939,9729296,8.0775257,1879,1763,1490,1690,1587,1366
940,9739295,8.0893416,1880,1747,1486,1683,1580,1360
941,9749296,8.1091811,1883,1746,1488,1700,1574,1364
942,9759295,8.1096363,1904,1744,1486,1704,1575,1362
943,9769296,8.2262488,1899,1739,1490,1705,1566,1367
944,9779296,8.227139,1894,1749,1490,1697,1575,1360
945,9789296,8.2277627,1872,1742,1488,1701,1576,1366
946,9799295,8.2284581,1884,1759,1488,1691,1583,1364
947,9809295,8.2291331,1887,1757,1493,1688,1591,1364
948,9819295,8.2295575,1890,1766,1488,1700,1589,1374
949,9829296,8.2299743,1901,1755,1479,1697,1577,1361
950,9839295,8.2303757,1899,1757,1492,1703,1583,1370
951,9849296,8.2307573,1904,1751,1490,1697,1585,1362
952,9859295,8.2311281,1918,1744,1497,1715,1570,1365
953,9869296,8.2315005,1887,1760,1497,1703,1575,1369
954,9879296,8.2321353,1872,1761,1480,1681,1584,1364
955,9889295,8.2358183,1889,1741,1475,1695,1566,1354
956,9899295,8.24576,1902,1738,1483,1702,1571,1359
957,9909296,8.2620682,1893,1747,1495,1687,1579,1374
958,9919296,8.2655621,1872,1744,1479,1681,1579,1361
959,9929295,8.2781127,1888,1759,1480,1697,1585,1364
960,9939296,8.2969586,1910,1762,1486,1718,1589,1371
961,9949296,8.2978159,1922,1764,1513,1718,1597,1369
962,9959295,8.3098837,1907,1759,1489,1713,1588,1366
963,9969295,8.4258473,1885,1750,1481,1688,1578,1363
964,9979295,8.426635,1861,1738,1486,1670,1571,1362
965,9989295,8.4273244,1865,1739,1483,1670,1572,1364
966,9999295,8.427985,1874,1738,1488,1683,1576,1363
967,10009295,8.4285256,1898,1757,1491,1691,1574,1369
968,10019295,8.4290177,1918,1753,1491,1720,1583,1364
969,10029295,8.4295257,1915,1759,1498,1713,1580,1369
970,10039295,8.4300599,1893,1771,1485,1698,1592,1366
971,10049295,8.4307445,1883,1767,1490,1687,1587,1366
972,10059295,8.4313951,1890,1764,1485,1691,1589,1364
973,10069296,8.4319269,1894,1754,1484,1696,1577,1364
974,10079295,8.4359457,1895,1751,1483,1696,1575,1365
975,10089295,8.4367978,1892,1748,1486,1696,1574,1364
976,10099295,8.4501871,1871,1787,1509,1679,1606,1373
977,10109295,8.466274,1871,1712,1504,1673,1556,1377
978,10119295,8.4674429,1893,1733,1474,1701,1566,1342
979,10129295,8.485376,1895,1740,1490,1694,1572,1368
980,10139296,8.4866734,1875,1761,1495,1690,1578,1373
981,10149295,8.4969157,1888,1746,1488,1681,1571,1353
982,10159295,8.5126233,1886,1758,1478,1692,1595,1346
983,10169295,8.5169759,1887,1765,1504,1691,1599,1368
984,10179296,8.6303989,1889,1751,1486,1697,1582,1362
985,10189296,8.6312033,1905,1763,1524,1702,1585,1397
986,10199295,8.6321602,1919,1759,1488,1709,1586,1371
987,10209295,8.6327315,1910,1759,1483,1715,1580,1364
988,10219296,8.6332989,1877,1751,1488,1690,1575,1369
989,10229295,8.6337823,1867,1746,1481,1677,1571,1359
990,10239295,8.6344506,1871,1744,1494,1679,1574,1364
991,10249296,8.6350236,1887,1745,1488,1690,1575,1363
992,10259296,8.6356766,1902,1745,1494,1709,1583,1364
993,10269296,8.6362309,1907,1760,1518,1707,1578,1352
994,10279296,8.6371499,1894,1756,1488,1699,1585,1362
995,10289295,8.6377707,1895,1757,1507,1690,1587,1364
996,10299295,8.6515834,1879,1757,1488,1685,1583,1363
997,10309296,8.656848,1874,1746,1487,1687,1580,1364
998,10319295,8.6722248,1897,1745,1488,1690,1576,1363
999,10329295,8.6771616,1898,1749,1486,1698,1575,1374
1000,10339296,8.6979716,1897,1751,1479,1698,1580,1360
1001,10349295,8.6988222,1920,1726,1486,1718,1562,1361
1002,10359295,8.7134889,1898,1765,1533,1698,1599,1402
1003,10369295,8.716189,1870,1764,1482,1680,1593,1378
1004,10379296,8.8540598,1883,1734,1455,1702,1561,1343
1005,10389296,8.855129,1904,1746,1507,1695,1574,1376
1006,10399295,8.8559971,1895,1750,1499,1700,1578,1375
1007,10409296,8.8567983,1878,1744,1479,1691,1572,1352
1008,10419296,8.8574579,1873,1754,1499,1685,1587,1372
1009,10429296,8.8582715,1901,1759,1479,1693,1589,1362
1010,10439295,8.8589125,1910,1772,1490,1705,1596,1364
1011,10449295,8.8595152,1913,1758,1491,1716,1586,1363
1012,10459296,8.8601359,1902,1757,1488,1696,1582,1364
1013,10469295,8.8608847,1875,1744,1486,1687,1566,1363
1014,10479295,8.8615522,1860,1741,1469,1679,1573,1371
1015,10489296,8.8622404,1875,1744,1494,1690,1574,1366
1016,10499296,8.8630075,1899,1744,1488,1699,1574,1364
1017,10509295,8.8634837,1909,1749,1495,1704,1576,1365
1018,10519295,8.869536,1904,1755,1490,1684,1585,1364
1019,10529295,8.8774215,1894,1762,1495,1697,1595,1369
1020,10539295,8.9005179,1887,1760,1495,1694,1588,1362
1021,10549295,8.9022743,1892,1753,1491,1691,1580,1364
1022,10559295,8.9148907,1888,1755,1489,1696,1579,1365
1023,10569295,8.9155599,1898,1746,1497,1705,1582,1364
1024,10579295,9.0452389,1887,1753,1487,1687,1574,1358
1025,10589295,9.0460245,1888,1741,1493,1695,1573,1367
1026,10599296,9.0467559,1911,1777,1495,1704,1600,1353
1027,10609295,9.0473681,1861,1741,1488,1675,1570,1358
1028,10619295,9.047861,1891,1744,1487,1690,1571,1360
1029,10629295,9.0484095,1900,1753,1507,1700,1582,1372
1030,10639296,9.0489337,1899,1753,1483,1691,1576,1364
1031,10649296,9.0494114,1883,1745,1487,1678,1581,1364
1032,10659296,9.0498722,1890,1751,1493,1687,1581,1364
1033,10669295,9.0503153,1888,1773,1483,1695,1597,1367
1034,10679295,9.0507666,1906,1762,1495,1710,1597,1385
1035,10689295,9.0512532,1914,1751,1488,1715,1582,1364
1036,10699295,9.0521829,1906,1751,1491,1697,1580,1363
1037,10709296,9.0580788,1886,1751,1489,1692,1585,1367
1038,10719295,9.0734289,1866,1746,1488,1663,1568,1356
1039,10729295,9.0764829,1865,1738,1484,1675,1572,1364
1040,10739295,9.0885525,1878,1744,1489,1686,1575,1358
1041,10749295,9.1046177,1905,1745,1491,1704,1588,1369
1042,10759295,9.1073509,1910,1759,1491,1708,1583,1355
1043,10769295,9.1206504,1909,1758,1501,1715,1580,1345
1044,10779296,9.2377792,1899,1757,1488,1695,1585,1364
1045,10789295,9.2387658,1891,1761,1497,1694,1581,1368
1046,10799295,9.2394217,1883,1749,1490,1686,1580,1364
1047,10809295,9.2401197,1985,1767,1501,1790,1589,1375
1048,10819295,9.2406899,1855,1744,1495,1657,1566,1365
1049,10829295,9.2411015,1841,1744,1489,1653,1588,1368
1050,10839296,9.241473,1850,1741,1478,1662,1560,1363
1051,10849295,9.2419509,1885,1746,1490,1683,1574,1387
1052,10859296,9.2425289,1904,1747,1485,1711,1568,1351
1053,10869295,9.2431846,1925,1759,1499,1727,1580,1367
1054,10879296,9.2436882,1913,1759,1490,1711,1591,1359
1055,10889295,9.2440713,1897,1750,1488,1692,1581,1365
1056,10899296,9.2605055,1889,1770,1497,1690,1574,1364
1057,10909295,9.2612614,1884,1757,1488,1690,1591,1363
1058,10919295,9.2761797,1886,1755,1491,1693,1575,1369
1059,10929295,9.2771765,1885,1743,1489,1688,1573,1351
1060,10939295,9.2916356,1885,1734,1488,1688,1565,1360
1061,10949296,9.2958299,1885,1741,1476,1679,1568,1360
1062,10959295,9.3077562,1889,1743,1491,1694,1572,1364
1063,10969296,9.3280683,1898,1751,1494,1700,1582,1365
1064,10979295,9.3284896,1910,1760,1488,1713,1589,1356
1065,10989295,9.4411789,1904,1764,1488,1705,1593,1369
1066,10999295,9.4422008,1899,1761,1488,1698,1591,1363
1067,11009295,9.4428681,1874,1750,1491,1681,1585,1361
1068,11019296,9.443362,1871,1749,1487,1668,1576,1364
1069,11029296,9.4438448,1876,1744,1502,1680,1574,1356
1070,11039296,9.4443155,1895,1743,1488,1705,1570,1364
1071,11049296,9.4448611,1916,1744,1486,1721,1569,1363
1072,11059296,9.4453088,2046,1777,1529,1822,1601,1395
1073,11069296,9.4457456,1808,1738,1467,1634,1564,1355
1074,11079296,9.446158,1821,1774,1488,1638,1576,1364
1075,11089295,9.4499674,1839,1747,1477,1653,1576,1364
1076,11099296,9.4505821,1885,1766,1501,1690,1582,1378
1077,11109295,9.4649555,1922,1751,1462,1720,1576,1342
1078,11119295,9.465669,1938,1748,1502,1731,1588,1376
1079,11129296,9.481994,1922,1746,1484,1719,1575,1358
1080,11139296,9.4866897,1893,1741,1491,1690,1579,1374
1081,11149295,9.4962477,1872,1744,1493,1681,1576,1364
1082,11159295,9.5160224,1890,1750,1487,1697,1583,1358
1083,11169295,9.5166423,1893,1765,1499,1700,1596,1373
1084,11179295,9.5279414,1891,1753,1485,1690,1581,1361
1085,11189295,9.6395849,1869,1745,1493,1681,1585,1373
1086,11199295,9.6403936,1869,1744,1479,1671,1571,1356
1087,11209295,9.6411947,1877,1745,1485,1688,1571,1364
1088,11219295,9.6418199,1905,1751,1487,1718,1575,1356
1089,11229296,9.642281,1938,1749,1489,1732,1577,1359
1090,11239295,9.6426457,1920,1754,1493,1722,1588,1372
1091,11249295,9.6430239,1889,1759,1488,1690,1581,1361
1092,11259295,9.6433904,1854,1749,1496,1658,1588,1360
1093,11269295,9.6437788,1840,1756,1463,1653,1575,1360
1094,11279295,9.6441401,1873,1751,1488,1680,1575,1366
1095,11289295,9.644528,1914,1751,1479,1718,1580,1364
1096,11299296,9.651136,1930,1747,1489,1721,1576,1361
1097,11309296,9.6553746,2044,1762,1506,1818,1596,1381
1098,11319295,9.6673246,1826,1741,1473,1638,1572,1346
1099,11329296,9.6822792,1822,1763,1510,1640,1598,1402
1100,11339295,9.6864054,1796,1742,1460,1621,1571,1337
1101,11349295,9.7031309,1862,1751,1513,1673,1576,1384
1102,11359296,9.7066996,1929,1763,1472,1732,1586,1362
1103,11369295,9.7182552,1946,1754,1491,1741,1585,1373
1104,11379295,9.7293541,1926,1749,1483,1718,1580,1369
1105,11389295,9.8419784,1889,1737,1481,1696,1573,1358
1106,11399295,9.8432064,1873,1755,1505,1680,1579,1375
1107,11409295,9.8443484,1891,1755,1473,1692,1580,1351
1108,11419295,9.8451321,1901,1763,1502,1695,1589,1379
1109,11429295,9.8457941,1886,1761,1479,1690,1581,1355
1110,11439295,9.846323,1874,1744,1504,1679,1575,1369
1111,11449295,9.8467859,1855,1734,1479,1668,1579,1352
1112,11459295,9.8472522,1856,1737,1482,1683,1561,1359
1113,11469295,9.8477459,1907,1745,1490,1714,1585,1368
1114,11479295,9.8482669,1941,1748,1485,1731,1581,1358
1115,11489296,9.8487406,1936,1775,1498,1731,1588,1376
1116,11499295,9.8544369,1909,1762,1495,1699,1591,1358
1117,11509295,9.8564664,1862,1766,1500,1663,1591,1365
1118,11519296,9.8698728,1841,1755,1488,1653,1585,1361
1119,11529295,9.8885005,1859,1747,1493,1673,1579,1375
1120,11539295,9.8891325,1897,1744,1489,1691,1576,1362
1121,11549295,9.9009793,1925,1744,1483,1726,1574,1364
1122,11559296,9.9160703,1935,1744,1488,1720,1571,1373
1123,11569295,9.9166449,2032,1778,1499,1801,1593,1366
1124,11579296,9.9320535,1783,1728,1494,1605,1562,1369
1125,11589295,9.9361809,1808,1744,1483,1624,1575,1355
1126,11599295,10.0435588,1843,1754,1482,1663,1585,1364
1127,11609295,10.0442758,1899,1765,1504,1717,1596,1364
1128,11619295,10.044937,1938,1751,1473,1731,1575,1350
1129,11629296,10.0455529,1949,1749,1503,1732,1593,1383
1130,11639295,10.0461713,1904,1745,1478,1705,1571,1348
1131,11649295,10.046812,1872,1743,1495,1681,1565,1343
1132,11659295,10.0473733,1885,1755,1475,1666,1581,1364
1133,11669295,10.0478146,1906,1755,1493,1696,1585,1364
1134,11679296,10.0481934,1905,1750,1490,1692,1580,1361
1135,11689295,10.0486356,1874,1751,1477,1688,1583,1360
1136,11699295,10.0492715,1840,1746,1488,1667,1576,1373
1137,11709296,10.0590436,1845,1745,1487,1667,1571,1355
1138,11719295,10.0780017,1889,1744,1486,1691,1574,1364
1139,11729295,10.0789626,1937,1747,1487,1731,1579,1356
1140,11739295,10.0901907,1936,1761,1499,1734,1589,1360
1141,11749296,10.105674,1905,1753,1492,1719,1588,1365
1142,11759295,10.1063102,1877,1761,1487,1679,1585,1369
1143,11769295,10.121085,1841,1757,1485,1655,1586,1363
1144,11779295,10.1256417,1834,1750,1488,1653,1577,1365
1145,11789295,10.1368582,1876,1753,1495,1686,1574,1366
1146,11799296,10.2503464,1920,1744,1487,1719,1575,1363
1147,11809296,10.251126,1936,1753,1488,1731,1580,1369
1148,11819295,10.2519081,1973,1755,1488,1771,1581,1360
1149,11829296,10.2525226,1877,1747,1473,1679,1582,1353
1150,11839295,10.2531129,1805,1744,1519,1624,1575,1390
1151,11849295,10.2537873,1776,1743,1485,1627,1571,1359
1152,11859296,10.2544383,1871,1749,1488,1678,1580,1360
1153,11869295,10.2548337,1946,1770,1497,1736,1593,1368
1154,11879295,10.2552646,1968,1731,1493,1758,1578,1367
1155,11889296,10.2558299,1931,1762,1487,1720,1569,1365
1156,11899295,10.2562774,1875,1747,1488,1676,1578,1363
1157,11909295,10.2667988,1879,1746,1497,1680,1585,1376
1158,11919295,10.2675752,1886,1751,1477,1677,1583,1352
1159,11929295,10.2789578,1902,1746,1495,1701,1587,1372
1160,11939295,10.2930545,1886,1753,1481,1699,1579,1361
1161,11949295,10.2961743,1866,1744,1488,1678,1574,1364
1162,11959295,10.3089249,1852,1741,1488,1666,1571,1358
1163,11969295,10.3249136,1872,1739,1473,1676,1568,1360
1164,11979295,10.3256634,1904,1744,1493,1692,1574,1369
1165,11989295,10.3401475,1936,1766,1481,1736,1575,1364
1166,11999295,10.4621591,1940,1761,1491,1737,1591,1364
1167,12009295,10.4630173,1904,1767,1491,1705,1585,1363
1168,12019295,10.4635093,1854,1760,1510,1668,1594,1374
1169,12029295,10.4639429,1839,1749,1488,1651,1584,1361
1170,12039296,10.4643234,1847,1729,1483,1672,1578,1364
1171,12049295,10.4646837,1897,1753,1489,1710,1576,1362
1172,12059295,10.4650413,2029,1769,1472,1795,1589,1348
1173,12069295,10.4653992,1840,1723,1486,1653,1553,1362
1174,12079295,10.465783,1810,1723,1472,1642,1563,1348
1175,12089295,10.4661517,1865,1744,1463,1679,1572,1356
1176,12099296,10.4665112,1897,1754,1489,1696,1583,1371
1177,12109295,10.4668723,1910,1743,1459,1706,1575,1351
1178,12119296,10.4674962,1922,1769,1518,1718,1596,1389
1179,12129295,10.4798695,1908,1756,1470,1704,1585,1351
1180,12139295,10.4967738,1894,1759,1507,1691,1585,1380
1181,12149295,10.4978401,1882,1746,1482,1690,1581,1355
1182,12159296,10.5121557,1901,1749,1490,1688,1582,1364
1183,12169295,10.5167759,1906,1751,1505,1713,1579,1369
1184,12179295,10.5278127,1873,1733,1472,1684,1568,1361
1185,12189296,10.547122,1889,1744,1495,1679,1579,1369
1186,12199296,10.5475661,1872,1742,1475,1667,1571,1348
1187,12209295,10.6508661,1876,1745,1499,1688,1580,1369
1188,12219296,10.6515477,1928,1751,1484,1704,1585,1362
1189,12229295,10.6523504,1919,1761,1504,1702,1583,1369
1190,12239295,10.6531532,1927,1757,1488,1708,1587,1363
1191,12249295,10.6536077,1898,1751,1488,1697,1583,1366
1192,12259296,10.6539788,1859,1751,1488,1677,1583,1368
1193,12269296,10.6543675,1853,1741,1484,1667,1574,1353
1194,12279296,10.6547818,1879,1745,1493,1681,1573,1369
1195,12289295,10.6552118,1936,1733,1471,1732,1571,1351
1196,12299296,10.6555856,1920,1761,1459,1707,1582,1336
1197,12309295,10.6682002,1826,1726,1509,1642,1561,1390
1198,12319295,10.6690777,1805,1744,1488,1626,1574,1361
1199,12329296,10.6845968,1877,1766,1495,1685,1579,1360
1200,12339295,10.6877535,1931,1770,1497,1731,1600,1368
1201,12349295,10.6997677,1927,1755,1488,1735,1589,1348
1202,12359295,10.7159922,1922,1757,1509,1719,1585,1381
1203,12369295,10.7170608,1889,1755,1461,1693,1578,1351
1204,12379295,10.7353242,1874,1753,1498,1681,1583,1379
1205,12389295,10.7362637,1872,1747,1477,1681,1575,1359
1206,12399295,10.7465413,1886,1747,1489,1698,1585,1367
1207,12409295,10.9278452,1906,1760,1491,1711,1585,1364
1208,12419295,10.9290963,1882,1743,1483,1683,1574,1353
1209,12429296,10.9301855,1873,1746,1487,1680,1575,1391
1210,12439296,10.9313304,1878,1742,1486,1678,1559,1346
1211,12449295,10.9322891,1893,1754,1501,1697,1583,1372
1212,12459295,10.933242,1924,1754,1483,1718,1574,1355
1213,12469295,10.9340772,1936,1763,1493,1727,1586,1371
1214,12479296,10.9349962,1906,1759,1483,1711,1585,1371
1215,12489295,10.9359249,1877,1751,1488,1676,1585,1363
1216,12499296,10.9369131,1853,1750,1494,1666,1585,1368
1217,12509295,10.9377678,1857,1737,1486,1665,1574,1351
1218,12519296,10.9386848,2001,1753,1477,1800,1585,1364
1219,12529295,10.939471,1850,1744,1456,1653,1570,1337
1220,12539296,10.9403131,1859,1749,1566,1679,1590,1432
1221,12549296,10.9412156,1823,1739,1463,1635,1575,1337
1222,12559296,10.9420291,1872,1744,1479,1678,1574,1363
1223,12569295,10.9430833,1921,1774,1509,1714,1593,1374
1224,12579296,10.9438493,1936,1743,1490,1740,1579,1365
1225,12589295,10.9448446,1909,1755,1495,1723,1589,1368
1226,12599295,10.9513191,1879,1744,1443,1684,1573,1351
1227,12609295,11.0993122,1898,1765,1526,1699,1593,1388
1228,12619295,11.1001387,1889,1744,1472,1691,1574,1345
1229,12629295,11.1013158,1887,1758,1497,1691,1586,1378
1230,12639295,11.1025744,1898,1751,1486,1697,1577,1325
1231,12649295,11.1033757,1881,1744,1514,1690,1576,1371
1232,12659295,11.1041441,1865,1743,1488,1670,1574,1363
1233,12669296,11.1048203,1872,1731,1471,1686,1566,1353
1234,12679295,11.1053827,1905,1750,1503,1707,1581,1367
1235,12689295,11.1059383,1913,1752,1478,1718,1571,1351
1236,12699295,11.1066167,1926,1760,1504,1722,1592,1379
1237,12709296,11.1072662,1904,1751,1485,1708,1588,1360
1238,12719295,11.1078081,1873,1758,1502,1683,1586,1378
1239,12729295,11.108393,1865,1751,1462,1668,1574,1355
1240,12739295,11.1089689,1854,1749,1488,1678,1574,1362
1241,12749295,11.1099172,1886,1743,1490,1688,1574,1364
1242,12759295,11.1106662,1907,1743,1482,1718,1565,1363
1243,12769295,11.120187,1936,1749,1495,1731,1579,1366
1244,12779295,11.1364751,1968,1767,1453,1737,1578,1326
1245,12789295,11.1372772,1771,1719,1467,1588,1560,1342
1246,12799296,11.1523038,1778,1733,1453,1605,1563,1337
1247,12809296,11.1566266,1872,1766,1504,1685,1595,1378
1248,12819295,11.2928046,1931,1765,1489,1731,1578,1366
1249,12829295,11.2936171,1942,1743,1458,1734,1575,1351
1250,12839295,11.2941847,1929,1760,1529,1731,1600,1393
1251,12849295,11.2946688,1887,1743,1455,1699,1564,1326
1252,12859295,11.2951175,1881,1756,1507,1681,1571,1388
1253,12869295,11.2955667,1871,1755,1476,1679,1575,1339
1254,12879296,11.2960382,1907,1757,1502,1705,1582,1378
1255,12889295,11.2964987,1904,1759,1517,1713,1590,1364
1256,12899295,11.2969335,1872,1749,1483,1676,1574,1359
1257,12909295,11.2973943,1863,1747,1503,1666,1578,1382
1258,12919295,11.297859,1859,1739,1461,1665,1566,1346
1259,12929295,11.2982785,1890,1747,1501,1696,1579,1382
1260,12939295,11.2989497,1936,1744,1469,1731,1576,1347
1261,12949295,11.2995348,1946,1761,1495,1743,1593,1378
1262,12959295,11.3070687,1910,1757,1501,1709,1579,1364
1263,12969295,11.322335,1877,1746,1488,1658,1586,1364
1264,12979295,11.3268952,1840,1759,1483,1650,1583,1368
1265,12989295,11.3391636,1854,1749,1484,1653,1579,1364
1266,12999295,11.3530827,1984,1776,1482,1762,1600,1354
1267,13009295,11.3565673,1838,1712,1447,1653,1539,1325
1268,13019295,11.4664368,1850,1744,1471,1658,1566,1346
1269,13029295,11.4673049,1857,1722,1490,1679,1575,1378
1270,13039296,11.4682056,1885,1757,1491,1690,1585,1364
1271,13049295,11.4691142,1888,1743,1440,1693,1571,1329
1272,13059295,11.4700776,1914,1763,1526,1719,1597,1393
1273,13069296,11.4708417,1918,1760,1469,1707,1593,1350
1274,13079295,11.4713897,1904,1765,1505,1706,1589,1390
1275,13089295,11.4719204,1901,1758,1487,1699,1588,1363
1276,13099295,11.4725543,1902,1754,1487,1704,1580,1361
1277,13109296,11.4732732,1905,1760,1509,1702,1589,1379
1278,13119295,11.4739233,1872,1735,1469,1678,1574,1355
1279,13129295,11.4840892,1879,1751,1509,1675,1575,1378
1280,13139295,11.4868641,1872,1734,1472,1679,1562,1350
1281,13149296,11.5101262,1885,1744,1499,1690,1571,1374
1282,13159296,11.5107214,1904,1747,1482,1705,1578,1353
1283,13169295,11.5269887,1914,1755,1500,1718,1582,1369
1284,13179295,11.5275587,1909,1767,1489,1711,1588,1368
1285,13189295,11.5409984,1901,1758,1469,1703,1585,1365
1286,13199295,11.5449352,1883,1763,1505,1683,1590,1373
1287,13209295,11.5570952,1857,1748,1483,1674,1569,1346
1288,13219295,11.6740129,1872,1756,1503,1674,1578,1372
1289,13229295,11.6748401,1895,1739,1481,1690,1575,1352
1290,13239296,11.675607,1904,1745,1494,1705,1573,1369
1291,13249296,11.6762824,2111,1779,1581,1885,1600,1441
1292,13259295,11.6769549,1827,1741,1447,1644,1566,1338
1293,13269295,11.6773994,1829,1791,1578,1652,1611,1402
1294,13279295,11.6777974,1813,1738,1427,1635,1563,1326
1295,13289296,11.6782235,1866,1756,1535,1675,1582,1402
1296,13299296,11.6786772,1903,1750,1453,1692,1574,1327
1297,13309295,11.6791107,1933,1746,1508,1732,1578,1379
1298,13319295,11.679528,1918,1747,1493,1718,1579,1365
1299,13329296,11.6801846,1895,1731,1454,1688,1580,1355
1300,13339295,11.6958021,1900,1770,1521,1708,1598,1389
1301,13349296,11.6966488,1902,1744,1456,1700,1572,1333
1302,13359296,11.7119166,1907,1770,1526,1706,1591,1390
1303,13369295,11.7161969,1895,1744,1464,1690,1578,1348
1304,13379295,11.7276115,1871,1747,1506,1680,1581,1383
1305,13389295,11.7430335,1855,1744,1483,1665,1595,1361
1306,13399295,11.7463066,1863,1739,1485,1675,1574,1368
1307,13409296,11.763218,1909,1757,1495,1705,1582,1369
1308,13419296,11.7661622,1931,1746,1478,1731,1570,1355
1309,13429296,11.8859122,1941,1762,1501,1729,1585,1381
1310,13439295,11.8872061,1904,1759,1475,1703,1578,1352
1311,13449296,11.8879538,1873,1760,1502,1682,1589,1384
1312,13459295,11.8888368,1856,1749,1479,1667,1583,1355
1313,13469295,11.8901397,1859,1751,1506,1674,1581,1369
1314,13479295,11.8918039,1881,1754,1480,1681,1575,1361
1315,13489295,11.8929142,2099,1778,1488,1860,1599,1366
1316,13499295,11.8936976,1795,1724,1497,1625,1556,1373
1317,13509295,11.8944098,1863,1744,1501,1678,1574,1375
1318,13519296,11.8952953,1851,1723,1465,1665,1563,1346
1319,13529295,11.8960903,1873,1747,1534,1679,1585,1399
1320,13539295,11.8972205,1903,1745,1449,1705,1574,1307
1321,13549296,11.901146,1931,1764,1511,1716,1586,1382
1322,13559296,11.9152761,1921,1760,1471,1717,1596,1364
1323,13569295,11.9160075,1896,1756,1487,1695,1574,1365
1324,13579296,11.9299293,1895,1757,1490,1704,1585,1368
1325,13589295,11.9491866,1902,1750,1471,1692,1578,1355
1326,13599295,11.9498795,1909,1760,1506,1731,1586,1390
1327,13609296,11.9609706,1888,1744,1487,1695,1580,1338
1328,13619295,12.0841956,1869,1749,1509,1683,1574,1380
1329,13629295,12.0853541,1859,1739,1472,1667,1569,1356
1330,13639295,12.0862853,1866,1745,1491,1663,1569,1367
1331,13649295,12.0869768,1890,1751,1488,1704,1580,1369
1332,13659296,12.0876241,1926,1756,1485,1720,1579,1351
1333,13669296,12.0883496,1926,1766,1504,1718,1586,1375
1334,13679295,12.0890513,1905,1755,1478,1713,1581,1359
1335,13689295,12.0898196,1884,1753,1493,1686,1585,1364
1336,13699296,12.0907198,1862,1751,1479,1658,1575,1352
1337,13709295,12.091651,1857,1744,1490,1671,1576,1364
1338,13719296,12.0924552,1877,1745,1483,1686,1573,1364
1339,13729296,12.0931931,1905,1744,1488,1714,1574,1362
1340,13739295,12.0943899,2024,1772,1479,1792,1586,1353
1341,13749295,12.1022899,1778,1714,1482,1601,1551,1358
1342,13759295,12.1061394,1808,1740,1485,1635,1572,1355
1343,13769295,12.1172918,1862,1742,1471,1663,1574,1355
1344,13779295,12.1376717,1894,1775,1535,1708,1602,1398
1345,13789295,12.1385016,1955,1742,1429,1731,1576,1321
1346,13799296,12.1476645,1931,1765,1535,1728,1600,1402
1347,13809295,12.1635886,1902,1744,1462,1705,1580,1340
1348,13819296,12.1672742,1891,1744,1503,1690,1580,1369
1349,13829296,12.2937505,1874,1762,1485,1692,1578,1360
1350,13839296,12.2948237,1904,1756,1488,1705,1580,1364
1351,13849295,12.2955137,1914,1770,1513,1717,1589,1388
1352,13859295,12.2961423,1877,1744,1462,1690,1575,1351
1353,13869295,12.2968676,1867,1773,1516,1667,1582,1390
1354,13879295,12.2975333,1871,1729,1467,1658,1572,1352
1355,13889296,12.2982901,1872,1749,1513,1687,1577,1390
1356,13899296,12.2990081,1925,1748,1477,1713,1574,1355
1357,13909295,12.2996923,1936,1753,1490,1731,1580,1368
1358,13919295,12.3003749,1927,1753,1493,1719,1585,1369
1359,13929296,12.3012013,1891,1753,1479,1695,1578,1369
1360,13939295,12.3023455,1872,1761,1505,1678,1586,1382
1361,13949295,12.3062418,1840,1745,1479,1657,1574,1354
1362,13959296,12.3070795,1873,1749,1502,1684,1574,1381
1363,13969296,12.3251704,1909,1746,1474,1703,1577,1353
1364,13979295,12.3261312,2001,1763,1471,1782,1593,1355
1365,13989295,12.3381493,1807,1712,1482,1645,1548,1356
1366,13999295,12.3525448,1825,1728,1471,1632,1563,1342
1367,14009296,12.3577486,1867,1746,1485,1677,1577,1364
1368,14019295,12.369095,1897,1761,1493,1684,1587,1369
1369,14029295,12.5004258,1919,1742,1463,1718,1573,1343
1370,14039295,12.5010742,1909,1762,1517,1721,1594,1385
1371,14049295,12.5017246,1898,1766,1481,1710,1581,1359
1372,14059296,12.5024267,1883,1749,1493,1683,1586,1375
1373,14069295,12.5032072,1875,1758,1488,1680,1589,1364
1374,14079295,12.5039553,1891,1746,1488,1698,1579,1363
1375,14089295,12.504586,1911,1755,1509,1710,1589,1371
1376,14099295,12.5054007,1897,1745,1475,1681,1563,1350
1377,14109295,12.506219,1882,1744,1501,1679,1573,1366
1378,14119295,12.5068863,1866,1744,1479,1675,1570,1355
1379,14129295,12.5075968,1875,1744,1493,1684,1574,1365
1380,14139296,12.5083293,1914,1753,1488,1707,1576,1362
1381,14149295,12.5089849,1901,1767,1478,1723,1589,1365
1382,14159295,12.5150285,1911,1758,1490,1709,1594,1369
1383,14169296,12.5167751,1887,1750,1489,1699,1581,1359
1384,14179295,12.5254105,1855,1757,1495,1667,1577,1364
1385,14189296,12.5403498,1854,1731,1488,1663,1574,1364
1386,14199295,12.5558156,1872,1743,1488,1678,1560,1364
1387,14209296,12.5567964,1918,1746,1488,1703,1575,1360
1388,14219296,12.5701336,1915,1729,1489,1718,1571,1364
1389,14229295,12.7191302,2064,1798,1485,1832,1600,1355
1390,14239296,12.7206096,1767,1723,1499,1588,1557,1366
1391,14249296,12.7216197,1833,1744,1501,1635,1562,1360
1392,14259295,12.722958,1851,1741,1472,1662,1574,1343
1393,14269295,12.7238572,1899,1758,1525,1708,1591,1383
1394,14279295,12.7248015,1923,1743,1442,1710,1573,1323
1395,14289295,12.7257948,1922,1749,1521,1721,1585,1396
1396,14299296,12.7268177,1907,1747,1469,1709,1579,1351
1397,14309296,12.7278508,1879,1749,1488,1685,1576,1343
1398,14319295,12.7288194,1882,1761,1488,1700,1580,1361
1399,14329296,12.7297914,1902,1758,1462,1704,1576,1361
1400,14339296,12.7307339,1893,1760,1506,1704,1586,1378
1401,14349295,12.7319691,1872,1744,1476,1676,1579,1352
1402,14359295,12.7327708,1858,1747,1510,1675,1585,1379
1403,14369295,12.7334552,1858,1744,1467,1673,1571,1349
1404,14379295,12.7345125,1885,1744,1507,1692,1574,1376
1405,14389295,12.7431237,1920,1745,1487,1724,1576,1361
1406,14399295,12.7474837,1933,1746,1494,1731,1580,1364
1407,14409295,12.7584771,1923,1757,1499,1721,1588,1364
1408,14419295,12.7737276,1884,1750,1488,1691,1582,1364
1409,14429295,12.7770526,1866,1757,1501,1663,1586,1390
1410,14439295,12.9054658,1851,1755,1480,1658,1576,1361
1411,14449295,12.9065092,1873,1753,1509,1685,1582,1376
1412,14459295,12.9072809,2064,1778,1535,1836,1608,1419
1413,14469295,12.9082207,1818,1731,1458,1650,1562,1337
1414,14479295,12.9090537,1859,1767,1527,1668,1592,1392
1415,14489295,12.9101338,1855,1718,1451,1658,1562,1332
1416,14499296,12.9110738,1879,1747,1519,1679,1579,1388
1417,14509295,12.9117638,1915,1757,1476,1705,1577,1355
1418,14519295,12.9124831,1921,1766,1498,1717,1586,1374
1419,14529296,12.9132211,1906,1759,1486,1710,1593,1364
1420,14539295,12.9138161,1883,1746,1488,1693,1584,1376
1421,14549295,12.9143903,1890,1763,1503,1697,1596,1377
1422,14559296,12.9151722,1894,1742,1475,1699,1573,1350
1423,14569296,12.9171089,1895,1759,1520,1700,1587,1379
1424,14579295,12.9299495,1888,1743,1475,1692,1562,1348
1425,14589295,12.9455102,1875,1738,1499,1685,1570,1369
1426,14599296,12.9467643,1865,1742,1474,1667,1570,1350
1427,14609296,12.9611522,1875,1733,1488,1677,1571,1364
1428,14619296,12.9648817,1898,1748,1490,1701,1581,1364
1429,14629295,12.9799689,1910,1751,1488,1708,1581,1366
1430,14639295,13.092159,1920,1765,1515,1726,1593,1376
1431,14649296,13.0929247,1907,1759,1483,1708,1587,1358
1432,14659295,13.0936222,1885,1760,1502,1683,1580,1365
1433,14669296,13.0942233,1868,1744,1488,1666,1573,1363
1434,14679295,13.0949183,1873,1740,1499,1677,1571,1364
1435,14689295,13.0955053,1883,1744,1472,1691,1574,1359
1436,14699295,13.0960779,1904,1753,1496,1696,1575,1367
1437,14709295,13.0966898,2055,1773,1522,1834,1599,1395
1438,14719296,13.0972639,1815,1733,1455,1630,1565,1337
1439,14729296,13.0981924,1849,1776,1535,1653,1599,1402
1440,14739296,13.0989888,1815,1735,1441,1627,1567,1319
1441,14749295,13.0999268,1875,1754,1514,1684,1580,1391
1442,14759296,13.1172492,1934,1758,1501,1727,1582,1340
1443,14769295,13.1182719,1927,1759,1493,1722,1579,1375
1444,14779295,13.1332819,1918,1758,1488,1706,1574,1364
1445,14789295,13.1364367,1872,1739,1486,1683,1566,1366
1446,14799295,13.14832,1886,1755,1511,1687,1580,1381
1447,14809295,13.1681594,1897,1742,1469,1695,1574,1351
1448,14819295,13.1687446,1887,1762,1525,1705,1591,1376
1449,14829295,13.1795404,1891,1765,1479,1699,1576,1354
1450,14839296,13.2887112,1875,1753,1506,1686,1578,1381
1451,14849295,13.2895265,1854,1744,1481,1679,1575,1351
1452,14859296,13.2903218,1872,1744,1488,1681,1583,1364
1453,14869295,13.2909219,1915,1761,1493,1707,1583,1371
1454,14879295,13.291444,1930,1745,1488,1727,1580,1353
1455,14889295,13.2919239,1930,1754,1498,1722,1589,1383
1456,14899295,13.2924257,1893,1751,1472,1697,1585,1351
1457,14909295,13.2928891,1861,1757,1502,1672,1587,1378
1458,14919295,13.2933669,1846,1749,1479,1661,1577,1358
1459,14929295,13.2941286,1870,1749,1489,1677,1577,1351
1460,14939296,13.2946561,2015,1765,1497,1809,1589,1376
1461,14949296,13.3051902,1856,1734,1475,1660,1574,1351
1462,14959295,13.3057609,1867,1767,1535,1670,1600,1402
1463,14969295,13.3202423,1831,1731,1451,1640,1565,1327
1464,14979296,13.3365457,1869,1739,1518,1679,1579,1390
1465,14989295,13.337324,1914,1759,1483,1719,1599,1359
1466,14999295,13.3548524,1935,1754,1499,1731,1588,1372
1467,15009296,13.3553554,1917,1762,1488,1709,1586,1368
1468,15019296,13.3659006,1874,1750,1474,1688,1579,1347
1469,15029295,13.3816881,1882,1771,1518,1688,1578,1387
1470,15039296,13.386033,1879,1761,1465,1690,1577,1343
1471,15049295,13.4949978,1891,1765,1505,1698,1582,1378
1472,15059296,13.4959437,1902,1744,1473,1690,1580,1343
1473,15069296,13.4966865,1880,1744,1503,1679,1571,1376
1474,15079295,13.4972436,1865,1743,1477,1679,1570,1364
1475,15089296,13.4977725,1870,1743,1486,1679,1565,1355
1476,15099295,13.4982656,1905,1751,1488,1705,1583,1368
1477,15109295,13.4988062,1915,1755,1488,1722,1583,1353
1478,15119295,13.499362,1919,1762,1507,1727,1598,1388
1479,15129295,13.4999493,1906,1759,1481,1704,1592,1364
1480,15139295,13.5004612,1877,1761,1486,1684,1585,1400
1481,15149295,13.5012579,1860,1750,1482,1671,1576,1355
1482,15159296,13.5079624,1867,1744,1494,1675,1570,1369
1483,15169296,13.5243755,1973,1761,1473,1771,1580,1352
1484,15179296,13.5272305,1883,1737,1473,1672,1573,1356
1485,15189295,13.5429351,1858,1755,1523,1671,1580,1390
1486,15199296,13.5466688,1807,1739,1465,1634,1568,1347
1487,15209295,13.5554357,1858,1744,1506,1671,1574,1374
1488,15219295,13.570765,1914,1763,1498,1716,1587,1364
1489,15229295,13.5750174,1935,1766,1510,1730,1589,1375
1490,15239295,13.5859629,1908,1759,1497,1715,1587,1373
1491,15249295,13.7112758,1887,1749,1478,1692,1579,1364
1492,15259295,13.7120639,1887,1764,1505,1696,1588,1384
1493,15269296,13.7127796,1889,1739,1471,1687,1591,1346
1494,15279295,13.7134542,1888,1758,1503,1693,1583,1375
1495,15289295,13.7141353,1886,1744,1472,1691,1582,1351
1496,15299295,13.7152012,1879,1742,1491,1686,1570,1381
1497,15309295,13.7161438,1862,1739,1485,1671,1571,1359
1498,15319296,13.7167933,1877,1755,1479,1686,1574,1364
1499,15329296,13.7174387,1907,1759,1499,1707,1584,1369
1500,15339295,13.7183269,1918,1759,1482,1718,1585,1359
1501,15349296,13.7192219,1926,1765,1502,1718,1588,1373
1502,15359295,13.7205319,1904,1759,1486,1705,1585,1361
1503,15369295,13.729211,1878,1759,1498,1689,1585,1372
1504,15379295,13.7300026,1859,1745,1488,1670,1578,1362
1505,15389295,13.7413123,1869,1743,1490,1672,1574,1369
1506,15399295,13.7449934,1901,1744,1488,1699,1575,1360
1507,15409295,13.7573724,1969,1749,1455,1757,1575,1330
1508,15419295,13.7740023,1821,1723,1485,1627,1553,1369
1509,15429296,13.7772737,1814,1732,1458,1627,1566,1337
1510,15439296,13.7908305,1871,1750,1497,1679,1582,1366
1511,15449295,13.9033498,1919,1763,1488,1707,1594,1364
1512,15459295,13.9045099,1933,1755,1473,1727,1580,1358
1513,15469295,13.905286,1918,1772,1510,1719,1589,1399
1514,15479295,13.9059104,1910,1749,1462,1705,1582,1342
1515,15489295,13.9063737,1891,1762,1503,1693,1582,1380
1516,15499295,13.9067723,1882,1747,1473,1685,1578,1353
1517,15509295,13.907135,1867,1751,1499,1694,1574,1365
1518,15519296,13.9074968,1899,1752,1492,1705,1581,1371
1519,15529295,13.9078568,1873,1742,1475,1682,1573,1360
1520,15539296,13.9085393,1877,1746,1495,1676,1574,1376
1521,15549296,13.9093526,1870,1742,1471,1682,1573,1355
1522,15559295,13.9161963,1878,1746,1499,1692,1583,1375
1523,15569296,13.9166737,1914,1753,1484,1706,1582,1355
1524,15579295,13.9279784,1935,1761,1501,1730,1586,1374
1525,15589295,13.9431479,1910,1756,1481,1713,1587,1358
1526,15599295,13.9463983,1873,1748,1494,1689,1583,1366
1527,15609296,13.9590308,1854,1751,1482,1675,1578,1362
1528,15619296,13.9750627,1851,1744,1491,1666,1575,1362
1529,15629295,13.9757228,1876,1749,1491,1683,1574,1364
1530,15639296,13.9900683,1968,1755,1478,1758,1581,1350
1531,15649295,14.1072664,1899,1747,1479,1685,1579,1351
1532,15659295,14.107996,1847,1739,1519,1667,1574,1385
1533,15669295,14.10855,1808,1746,1478,1628,1568,1352
1534,15679296,14.1091208,1874,1751,1487,1679,1581,1363
1535,15689295,14.1096283,1941,1767,1500,1731,1599,1373
1536,15699295,14.1100123,1939,1763,1488,1721,1585,1369
1537,15709295,14.110401,1915,1756,1505,1711,1586,1374
1538,15719295,14.1107647,1877,1749,1481,1688,1581,1351
1539,15729295,14.1114674,1872,1757,1505,1683,1584,1379
1540,15739295,14.1121311,1894,1749,1478,1689,1575,1355
1541,15749295,14.1127203,1903,1750,1489,1710,1576,1369
1542,15759296,14.1134131,1904,1750,1488,1718,1585,1369
1543,15769295,14.1140611,1875,1754,1486,1681,1573,1360
1544,15779295,14.1309886,1866,1744,1490,1675,1578,1363
1545,15789295,14.135107,1872,1744,1469,1678,1573,1351
1546,15799296,14.1461599,1900,1755,1493,1700,1580,1372
1547,15809295,14.1620332,1923,1753,1482,1711,1582,1363
1548,15819296,14.1754748,1919,1761,1498,1719,1589,1378
1549,15829295,14.1786198,1907,1750,1487,1700,1586,1366
1550,15839295,14.1968956,1872,1749,1492,1682,1585,1361
1551,15849295,14.1973665,1858,1751,1489,1665,1579,1381
1552,15859295,14.3100466,1861,1744,1463,1673,1587,1368
1553,15869295,14.3113529,1879,1743,1491,1689,1576,1390
1554,15879296,14.3122151,2086,1782,1533,1851,1611,1399
1555,15889295,14.3128309,1799,1723,1456,1605,1557,1348
1556,15899296,14.3133062,1847,1760,1515,1653,1580,1381
1557,15909295,14.3136928,1851,1730,1469,1658,1559,1350
1558,15919296,14.3140838,1881,1757,1526,1697,1585,1392
1559,15929295,14.3144469,1923,1745,1459,1727,1574,1342
1560,15939296,14.3148065,1916,1759,1506,1727,1582,1376
1561,15949296,14.3151692,1909,1747,1483,1704,1578,1364
1562,15959295,14.3211302,1899,1743,1485,1679,1573,1369
1563,15969296,14.3219504,1878,1760,1495,1688,1586,1375
1564,15979295,14.336487,1890,1743,1483,1698,1575,1351
1565,15989296,14.3372619,1918,1759,1506,1697,1588,1381
1566,15999295,14.3512482,1903,1744,1477,1693,1574,1352
1567,16009295,14.3554385,1879,1754,1506,1681,1579,1380
1568,16019296,14.3657068,1865,1744,1484,1679,1579,1356
1569,16029295,14.3862898,1883,1743,1501,1679,1576,1364
1570,16039296,14.3868869,1917,1758,1487,1709,1580,1366
1571,16049295,14.3966501,1921,1751,1488,1705,1580,1363
1572,16059295,14.5231235,1918,1769,1501,1721,1589,1371
1573,16069295,14.5239484,1899,1758,1485,1705,1585,1364
1574,16079296,14.524576,1869,1755,1488,1671,1579,1364
1575,16089295,14.5251662,1850,1744,1491,1666,1578,1363
1576,16099295,14.5258484,1870,1749,1493,1679,1576,1369
1577,16109295,14.5264898,1901,1730,1488,1682,1571,1364
1578,16119295,14.5270665,2099,1792,1514,1863,1608,1374
1579,16129295,14.5277014,1789,1715,1485,1603,1548,1361
1580,16139295,14.5282474,1846,1729,1520,1655,1572,1381
1581,16149295,14.5289909,1861,1734,1470,1667,1562,1339
1582,16159295,14.5295455,1882,1765,1527,1692,1591,1402
1583,16169295,14.5301946,1906,1741,1445,1713,1566,1333
1584,16179295,14.5311888,1933,1760,1517,1713,1587,1390
1585,16189296,14.5403665,1914,1747,1482,1717,1585,1355
1586,16199295,14.5553673,1879,1744,1484,1690,1565,1364
1587,16209295,14.5566311,1904,1747,1499,1701,1580,1372
1588,16219295,14.5741172,1899,1744,1466,1688,1579,1351
1589,16229295,14.5770604,1898,1759,1514,1705,1589,1386
1590,16239295,14.5861791,1878,1744,1456,1683,1574,1351
1591,16249295,14.6009192,1855,1747,1502,1672,1578,1378
1592,16259296,14.6051269,1858,1747,1479,1675,1573,1352
1593,16269296,14.7164367,1893,1745,1488,1677,1575,1368
1594,16279296,14.7173796,1917,1755,1488,1719,1579,1365
1595,16289295,14.7182197,1930,1745,1483,1723,1574,1359
1596,16299295,14.7190357,1930,1762,1505,1718,1588,1377
1597,16309296,14.7197836,1888,1754,1486,1695,1585,1353
1598,16319295,14.7204629,1866,1756,1506,1690,1582,1379
1599,16329295,14.721126,1846,1744,1482,1661,1566,1361
1600,16339295,14.7222477,1871,1758,1488,1679,1577,1367
1601,16349295,14.7229862,1890,1744,1484,1700,1574,1364
1602,16359295,14.7237139,2045,1759,1513,1839,1597,1398
1603,16369295,14.7276543,1846,1739,1457,1658,1565,1337
1604,16379295,14.7282388,1844,1775,1535,1661,1601,1402
1605,16389296,14.7412009,1808,1751,1458,1627,1570,1323
1606,16399295,14.7452697,1872,1745,1491,1675,1574,1375
1607,16409295,14.7625074,1907,1776,1490,1713,1590,1364
1608,16419296,14.7676739,1937,1758,1489,1732,1575,1365
1609,16429295,14.7884433,1914,1765,1503,1708,1591,1378
1610,16439295,14.789476,1873,1734,1469,1681,1566,1353
1611,16449296,14.8034909,1888,1757,1535,1695,1586,1378
1612,16459295,14.8063909,1903,1731,1471,1690,1574,1344
1613,16469295,14.9379563,1889,1758,1517,1696,1586,1382
1614,16479295,14.9388281,1899,1752,1481,1704,1583,1364
1615,16489295,14.9394916,1871,1753,1503,1681,1575,1366
1616,16499295,14.9403341,1859,1746,1490,1667,1575,1368
1617,16509295,14.9418698,1870,1741,1475,1672,1574,1351
1618,16519296,14.9427115,1901,1761,1510,1705,1584,1381
1619,16529296,14.9433538,1920,1750,1481,1720,1575,1351
1620,16539295,14.9440748,1936,1757,1491,1731,1591,1374
1621,16549296,14.9447649,1921,1755,1488,1709,1582,1353
1622,16559295,14.9454139,1868,1757,1502,1673,1579,1372
1623,16569296,14.9460811,1850,1753,1492,1665,1579,1365
1624,16579296,14.9467526,1990,1761,1494,1787,1589,1375
1625,16589295,14.9476252,1838,1747,1488,1653,1574,1360
1626,16599296,14.9482548,1847,1762,1495,1663,1583,1371
1627,16609296,14.9612872,1853,1735,1471,1663,1562,1342
1628,16619296,14.9764928,1879,1738,1505,1680,1562,1373
1629,16629296,14.9771802,1915,1747,1491,1714,1583,1371
1630,16639295,14.9920678,1920,1761,1487,1717,1589,1363
1631,16649296,14.9958808,1895,1755,1502,1708,1586,1364
1632,16659296,15.0078161,1895,1767,1488,1683,1585,1369
1633,16669296,15.1179451,1882,1766,1501,1704,1589,1373
1634,16679296,15.1190582,1892,1762,1475,1694,1587,1364
1635,16689295,15.1200055,1903,1750,1495,1695,1585,1372
1636,16699295,15.1205547,1889,1743,1487,1688,1573,1360
1637,16709296,15.1209413,1885,1734,1485,1679,1562,1364
1638,16719295,15.1213061,1856,1734,1488,1679,1566,1364
1639,16729296,15.1217131,1872,1741,1488,1690,1574,1362
1640,16739295,15.1224171,1901,1750,1495,1696,1585,1367
1641,16749296,15.1229737,1910,1759,1488,1706,1589,1358
1642,16759296,15.123402,1923,1759,1487,1708,1593,1375
1643,16769296,15.1239656,1895,1764,1491,1695,1587,1371
1644,16779296,15.128485,1872,1757,1492,1680,1578,1375
1645,16789295,15.1471063,1869,1749,1488,1671,1575,1364
1646,16799295,15.1478098,1863,1738,1488,1671,1573,1364
1647,16809295,15.162866,1891,1744,1489,1698,1571,1364
1648,16819295,15.1661527,2085,1782,1566,1856,1611,1421
1649,16829296,15.1792334,1801,1722,1457,1613,1560,1339
1650,16839295,15.1943064,1851,1764,1514,1655,1587,1374
1651,16849295,15.1971936,1837,1731,1453,1654,1562,1338
1652,16859295,15.2089349,1875,1755,1523,1681,1585,1401
1653,16869296,15.3299174,1930,1751,1462,1711,1580,1340
1654,16879296,15.3306427,1934,1761,1482,1727,1589,1374
1655,16889296,15.3311621,1907,1763,1488,1705,1583,1365
1656,16899295,15.3316936,1881,1744,1488,1688,1568,1364
1657,16909295,15.3321658,1888,1755,1505,1694,1578,1366
1658,16919295,15.3326438,1897,1744,1475,1703,1574,1352
1659,16929296,15.3331161,1890,1767,1511,1699,1574,1374
1660,16939296,15.3336117,1882,1741,1459,1681,1575,1350
1661,16949295,15.3341222,1842,1749,1491,1681,1577,1378
1662,16959295,15.3346157,1872,1744,1481,1674,1574,1352
1663,16969296,15.3351118,1878,1744,1487,1690,1575,1364
1664,16979295,15.3359494,1909,1757,1501,1711,1595,1369
1665,16989295,15.3493205,1924,1757,1484,1719,1580,1365
1666,16999295,15.3502089,1923,1765,1489,1719,1583,1363
1667,17009296,15.3656243,1872,1751,1486,1695,1582,1358
1668,17019296,15.3665732,1859,1757,1505,1666,1575,1364
1669,17029295,15.3814241,1845,1744,1486,1658,1574,1360
1670,17039295,15.3849454,1870,1748,1491,1678,1574,1373
1671,17049295,15.3968963,1893,1742,1473,1697,1571,1361
1672,17059295,15.415998,2027,1767,1508,1828,1595,1385
1673,17069295,15.4166309,1845,1735,1470,1649,1569,1337
1674,17079295,15.5241584,1853,1765,1558,1658,1594,1402
1675,17089295,15.5249401,1810,1742,1456,1626,1570,1337
1676,17099295,15.5258362,1865,1744,1490,1679,1574,1369
1677,17109295,15.5266671,1931,1757,1502,1707,1589,1364
1678,17119296,15.5273683,1935,1745,1494,1720,1576,1360
1679,17129296,15.5279245,1909,1758,1497,1710,1578,1374
1680,17139296,15.5283776,1872,1739,1466,1686,1565,1348
1681,17149295,15.5288271,1905,1762,1520,1694,1585,1394
1682,17159295,15.5292847,1891,1744,1474,1693,1585,1350
1683,17169296,15.5297331,1903,1761,1503,1696,1586,1378
1684,17179295,15.5305462,1903,1750,1472,1704,1575,1355
1685,17189296,15.5411148,1872,1743,1489,1684,1573,1368
1686,17199296,15.5572343,1855,1744,1489,1670,1581,1368
1687,17209295,15.5586767,1853,1740,1475,1679,1575,1346
1688,17219296,15.5746668,1898,1749,1503,1702,1584,1375
1689,17229295,15.5765724,1925,1746,1473,1718,1596,1354
1690,17239296,15.5917447,1934,1767,1505,1731,1591,1389
1691,17249296,15.5970418,1901,1758,1482,1710,1585,1360
1692,17259296,15.6063692,1869,1754,1523,1677,1583,1366
1693,17269295,15.6197843,1843,1753,1479,1655,1584,1356
1694,17279296,15.7406777,1843,1744,1483,1662,1574,1364
1695,17289296,15.7416077,1879,1748,1477,1693,1574,1364
1696,17299296,15.7422624,1942,1740,1485,1750,1580,1348
1697,17309296,15.7427508,1927,1770,1454,1736,1578,1337
1698,17319295,15.7432439,1808,1723,1498,1629,1557,1369
1699,17329296,15.7439346,1801,1739,1466,1623,1572,1354
1700,17339296,15.7445555,1869,1755,1478,1662,1580,1351
1701,17349296,15.7452639,1918,1751,1502,1717,1595,1387
1702,17359295,15.7457647,1935,1754,1473,1724,1580,1346
1703,17369295,15.7462351,1921,1763,1521,1711,1587,1392
1704,17379296,15.7466733,1895,1744,1451,1695,1580,1338
1705,17389296,15.7474026,1890,1765,1494,1690,1588,1379
1706,17399295,15.7479218,1889,1755,1473,1690,1585,1352
1707,17409295,15.7581333,1897,1744,1501,1700,1587,1360
1708,17419295,15.7781966,1904,1759,1491,1713,1586,1365
1709,17429295,15.7788484,1867,1734,1474,1675,1574,1356
1710,17439295,15.7892192,1861,1750,1510,1671,1575,1378
1711,17449296,15.8054297,1865,1742,1462,1667,1570,1351
1712,17459295,15.8076114,1879,1748,1487,1684,1582,1382
1713,17469296,15.8189177,1920,1751,1477,1710,1580,1351
1714,17479296,15.9411913,1929,1757,1509,1735,1586,1375
1715,17489295,15.9422371,1919,1755,1497,1714,1583,1362
1716,17499296,15.9430019,1886,1755,1488,1684,1575,1367
1717,17509296,15.9436233,1861,1755,1494,1668,1548,1369
1718,17519295,15.9440766,1850,1734,1471,1653,1573,1352
1719,17529296,15.9444539,1874,1743,1498,1680,1574,1376
1720,17539296,15.9448509,2062,1776,1535,1845,1603,1426
1721,17549296,15.9452304,1834,1729,1455,1644,1557,1336
1722,17559295,15.9455946,1854,1769,1535,1667,1591,1396
1723,17569295,15.9459856,1826,1728,1431,1644,1554,1322
1724,17579295,15.9463585,1851,1746,1523,1667,1575,1390
1725,17589296,15.9470527,1909,1753,1479,1706,1581,1351
1726,17599295,15.9474941,1936,1759,1493,1732,1587,1385
1727,17609295,15.9640619,1913,1759,1494,1717,1585,1369
1728,17619295,15.9670899,1890,1742,1475,1685,1574,1356
1729,17629295,15.9764438,1892,1765,1519,1688,1589,1390
1730,17639296,15.9912127,1885,1743,1470,1688,1575,1349
1731,17649296,15.9946918,1901,1765,1507,1695,1582,1395
1732,17659296,16.0061207,1889,1739,1475,1691,1575,1351
1733,17669295,16.0220088,1874,1743,1497,1690,1576,1378
1734,17679295,16.0257431,1867,1743,1483,1665,1574,1362
1735,17689295,16.1489101,1867,1736,1489,1677,1569,1366
1736,17699296,16.1497552,1902,1751,1502,1696,1589,1366
1737,17709296,16.1506126,1910,1749,1486,1710,1581,1360
1738,17719296,16.1515824,1925,1767,1507,1718,1591,1364
1739,17729295,16.1526861,1910,1758,1488,1718,1583,1356
1740,17739296,16.1536948,1883,1763,1501,1680,1598,1368
1741,17749296,16.1545531,1861,1751,1483,1668,1576,1362
1742,17759296,16.1554932,1866,1745,1489,1683,1571,1362
1743,17769296,16.156448,1885,1744,1481,1687,1569,1362
1744,17779295,16.1575328,1936,1744,1475,1727,1582,1363
1745,17789295,16.158468,1955,1759,1457,1744,1581,1332
1746,17799296,16.1601293,1807,1719,1500,1629,1557,1380
1747,17809295,16.160978,1799,1731,1478,1619,1561,1348
1748,17819295,16.1796359,1861,1755,1485,1680,1582,1356
1749,17829295,16.1804657,1918,1766,1511,1731,1590,1379
1750,17839295,16.1951322,1927,1754,1471,1731,1579,1351
1751,17849295,16.1957795,1916,1765,1520,1733,1590,1392
1752,17859296,16.2108961,1887,1744,1455,1695,1575,1338
1753,17869295,16.2151158,1888,1755,1521,1695,1581,1387
1754,17879295,16.2265513,1885,1744,1459,1676,1574,1348
1755,17889296,16.3407465,1893,1754,1495,1697,1581,1373
1756,17899295,16.3416601,1910,1765,1503,1705,1589,1364
1757,17909296,16.3421933,1867,1744,1473,1679,1562,1343
1758,17919295,16.3427285,1871,1751,1517,1675,1580,1374
1759,17929295,16.3432455,1875,1741,1471,1679,1569,1346
1760,17939295,16.3437277,1899,1749,1476,1695,1581,1380
1761,17949295,16.3442291,1914,1754,1460,1719,1582,1351
1762,17959295,16.3447303,1934,1760,1498,1725,1586,1374
1763,17969295,16.3452175,1910,1761,1488,1705,1587,1372
1764,17979296,16.3456972,1872,1751,1482,1691,1579,1374
1765,17989296,16.3462137,1867,1750,1495,1665,1581,1377
1766,17999296,16.3528968,1859,1744,1481,1663,1573,1361
1767,18009296,16.3573008,1885,1745,1502,1690,1576,1378
1768,18019295,16.3680565,2057,1773,1520,1837,1598,1402
1769,18029295,16.384055,1845,1733,1465,1658,1564,1345
1770,18039296,16.387682,1858,1771,1535,1670,1601,1402
1771,18049295,16.3992437,1815,1734,1437,1645,1561,1319
1772,18059295,16.4160054,1855,1744,1509,1677,1575,1392
1773,18069295,16.4166783,1907,1759,1483,1708,1583,1351
1774,18079295,16.434766,1936,1759,1495,1731,1579,1371
1775,18089296,16.4375024,1909,1760,1501,1713,1586,1366
1776,18099295,16.551152,1884,1740,1473,1703,1574,1351
1777,18109295,16.5522298,1895,1762,1518,1690,1592,1383
1778,18119296,16.5530404,1883,1745,1456,1701,1577,1350
1779,18129296,16.5538524,1886,1754,1507,1704,1585,1385
1780,18139295,16.5543843,1894,1748,1463,1691,1578,1355
1781,18149296,16.5548968,1875,1750,1515,1685,1572,1377
1782,18159295,16.5554977,1869,1743,1481,1672,1570,1359
1783,18169296,16.5561006,1871,1738,1488,1679,1575,1356
1784,18179296,16.5567408,1904,1758,1495,1704,1584,1374
1785,18189295,16.5574099,1923,1759,1475,1720,1582,1359
1786,18199296,16.5587691,1936,1766,1513,1727,1596,1381
1787,18209296,16.5598849,1915,1755,1483,1708,1586,1360
1788,18219296,16.5724318,1886,1758,1489,1681,1586,1372
1789,18229295,16.5773389,1861,1744,1488,1664,1574,1362
1790,18239295,16.5874151,1866,1747,1493,1675,1573,1360
1791,18249295,16.6028582,1879,1744,1509,1690,1581,1368
1792,18259296,16.606231,1937,1751,1487,1737,1578,1358
1793,18269296,16.6207926,1968,1764,1449,1742,1587,1328
1794,18279295,16.6247198,1805,1714,1498,1621,1548,1371
1795,18289296,16.6361337,1793,1742,1467,1626,1571,1349
1796,18299295,16.7483762,1866,1745,1476,1673,1583,1358
1797,18309296,16.7494246,1916,1783,1499,1718,1593,1379
1798,18319296,16.7499573,1925,1754,1467,1736,1583,1353
1799,18329296,16.7504356,1917,1755,1531,1729,1589,1392
1800,18339295,16.7510477,1901,1749,1454,1694,1574,1337
1801,18349296,16.7522885,1897,1750,1520,1700,1588,1389
1802,18359295,16.7529322,1887,1745,1475,1697,1580,1351
1803,18369295,16.7538223,1898,1750,1490,1705,1586,1365
1804,18379295,16.7549646,1907,1763,1497,1704,1587,1364
1805,18389296,16.7558817,1861,1741,1474,1680,1575,1363
1806,18399296,16.7570639,1861,1742,1510,1679,1575,1382
1807,18409295,16.7587758,1861,1731,1463,1672,1565,1348
1808,18419295,16.775098,1875,1754,1503,1696,1583,1378
1809,18429295,16.7762801,1910,1753,1478,1718,1575,1353
1810,18439295,16.7901925,1936,1758,1505,1731,1576,1369
1811,18449296,16.8100822,1914,1762,1490,1710,1585,1371
1812,18459295,16.810655,1874,1748,1488,1705,1577,1366
1813,18469296,16.8220591,1863,1751,1493,1665,1584,1369
1814,18479295,16.8250691,1869,1744,1471,1663,1574,1352
1815,18489295,16.8376162,1873,1744,1501,1685,1577,1375
1816,18499296,16.964505,2000,1754,1471,1784,1583,1345
1817,18509295,16.9653465,1861,1744,1469,1693,1568,1343
1818,18519296,16.9661659,1854,1745,1535,1660,1581,1402
1819,18529295,16.9668051,1808,1743,1475,1629,1566,1352
1820,18539296,16.9672933,1851,1764,1498,1653,1578,1369
1821,18549295,16.967783,1917,1765,1509,1716,1591,1376
1822,18559295,16.9684212,1933,1757,1488,1727,1576,1364
1823,18569295,16.9716654,1904,1763,1499,1705,1586,1379
1824,18579295,16.9729462,1890,1744,1463,1691,1576,1340
1825,18589296,16.9742586,1895,1763,1514,1700,1591,1385
1826,18599295,16.9754491,1884,1749,1475,1704,1585,1348
1827,18609295,16.9766766,1901,1753,1507,1697,1583,1378
1828,18619295,16.9785124,1902,1744,1488,1700,1576,1360
1829,18629295,16.9796539,1869,1734,1488,1679,1561,1364
1830,18639295,16.9988571,1867,1740,1497,1673,1574,1375
1831,18649295,17.0001254,1869,1743,1479,1677,1566,1353
1832,18659296,17.0055768,1887,1749,1500,1698,1582,1378
1833,18669295,17.0238645,1919,1759,1474,1704,1587,1351
1834,18679296,17.0272077,1927,1761,1501,1727,1592,1376
1835,18689295,17.0408893,1904,1766,1493,1713,1584,1356
1836,18699295,17.1987945,1877,1757,1487,1688,1591,1372
1837,18709295,17.2001405,1855,1757,1487,1669,1580,1364
1838,18719296,17.2012489,1859,1747,1488,1664,1574,1362
1839,18729296,17.2027042,1872,1743,1489,1690,1574,1367
1840,18739296,17.2034888,1989,1758,1472,1785,1585,1360
1841,18749296,17.203931,1886,1750,1457,1681,1571,1345
1842,18759295,17.2045144,1843,1749,1535,1656,1575,1401
1843,18769295,17.2050294,1814,1743,1479,1642,1574,1355
1844,18779296,17.2057401,1847,1744,1482,1665,1576,1369
1845,18789296,17.2065723,1922,1781,1511,1726,1594,1378
1846,18799295,17.2076041,1939,1757,1485,1733,1575,1364
1847,18809295,17.208567,1904,1764,1504,1713,1591,1380
1848,18819296,17.2097267,1887,1744,1456,1696,1576,1343
1849,18829296,17.2115283,1915,1766,1511,1696,1583,1402
1850,18839295,17.2126364,1879,1749,1461,1691,1574,1350
1851,18849295,17.213718,1890,1762,1499,1691,1579,1369
1852,18859295,17.2148726,1903,1751,1495,1703,1584,1360
1853,18869295,17.2250576,1872,1738,1481,1679,1574,1358
1854,18879296,17.2262299,1866,1744,1501,1677,1575,1377
1855,18889295,17.2425993,1872,1741,1472,1681,1570,1346
1856,18899296,17.3836895,1894,1749,1505,1697,1574,1374
1857,18909295,17.3846597,1922,1759,1475,1716,1580,1355
1858,18919295,17.385566,1939,1769,1506,1722,1589,1382
1859,18929296,17.3863079,1906,1761,1466,1706,1585,1359
1860,18939295,17.3869549,1882,1761,1497,1683,1585,1368
1861,18949296,17.3876011,1866,1757,1487,1679,1582,1369
1862,18959295,17.3884108,1856,1743,1487,1677,1571,1355
1863,18969295,17.3892862,1879,1745,1502,1692,1574,1365
1864,18979295,17.3902762,1951,1751,1471,1760,1585,1351
1865,18989295,17.3912524,1939,1765,1450,1717,1575,1328
1866,18999296,17.3922902,1823,1731,1523,1644,1568,1392
1867,19009295,17.3933534,1803,1737,1466,1625,1560,1351
1868,19019295,17.3943373,1867,1758,1487,1678,1576,1356
1869,19029295,17.3951913,1917,1759,1505,1720,1589,1381
1870,19039296,17.3963479,1927,1753,1481,1720,1574,1351
1871,19049295,17.397006,1923,1764,1520,1719,1589,1380
1872,19059296,17.4127453,1895,1745,1461,1695,1575,1337
1873,19069296,17.4168268,1889,1759,1520,1704,1589,1386
1874,19079295,17.4286371,1875,1757,1466,1681,1580,1352
1875,19089296,17.4436983,1895,1757,1491,1702,1586,1372
1876,19099295,17.4468477,1903,1759,1499,1711,1581,1369
1877,19109295,17.5920001,1872,1744,1481,1679,1575,1352
1878,19119295,17.5933372,1867,1754,1499,1667,1576,1380
1879,19129295,17.594325,1866,1742,1471,1679,1570,1348
1880,19139296,17.5951968,1883,1743,1501,1686,1575,1381
1881,19149295,17.5962064,1907,1747,1477,1711,1579,1355
1882,19159295,17.5972092,1941,1754,1507,1731,1580,1377
1883,19169295,17.5980975,1917,1759,1489,1710,1578,1369
1884,19179295,17.5991396,1890,1751,1506,1693,1583,1364
1885,19189296,17.6001973,1855,1753,1491,1667,1579,1379
1886,19199295,17.6012097,1841,1744,1488,1661,1570,1356
1887,19209296,17.6023741,1882,1747,1490,1681,1581,1371
1888,19219295,17.6036597,1895,1739,1475,1705,1573,1355
1889,19229295,17.6048739,1975,1767,1488,1778,1586,1364
1890,19239295,17.6060053,1891,1744,1450,1690,1583,1337
1891,19249295,17.608981,1826,1744,1526,1643,1574,1402
1892,19259295,17.6188235,1803,1742,1479,1626,1571,1352
1893,19269296,17.6202078,1872,1751,1490,1678,1580,1372
1894,19279296,17.6328615,1933,1774,1504,1731,1606,1383
1895,19289295,17.6394677,1928,1744,1488,1724,1578,1367
1896,19299295,17.6536799,1909,1755,1513,1714,1585,1378
1897,19309295,17.6553742,1879,1735,1458,1684,1570,1337
1898,19319295,17.7776913,1889,1757,1525,1699,1578,1394
1899,19329295,17.778621,1891,1757,1457,1696,1576,1351
1900,19339295,17.779206,1901,1758,1513,1705,1588,1386
1901,19349295,17.7797434,1902,1762,1487,1700,1582,1363
1902,19359295,17.780432,1868,1744,1488,1679,1574,1364
1903,19369295,17.7811131,1855,1749,1497,1664,1574,1387
1904,19379295,17.78164,1855,1739,1489,1672,1566,1345
1905,19389295,17.7821345,1899,1747,1511,1699,1575,1379
1906,19399295,17.7828749,1934,1744,1469,1724,1582,1351
1907,19409295,17.7838249,1917,1755,1503,1722,1585,1389
1908,19419295,17.7844579,1905,1753,1485,1705,1589,1353
1909,19429295,17.7850919,1873,1746,1499,1679,1578,1371
1910,19439295,17.789076,1866,1757,1511,1671,1586,1364
1911,19449295,17.8020821,1840,1751,1484,1678,1579,1363
1912,19459296,17.8075464,1887,1750,1494,1688,1585,1364
1913,19469295,17.818362,2015,1754,1495,1810,1596,1367
1914,19479296,17.8388143,1865,1751,1488,1665,1574,1361
1915,19489295,17.8398515,1856,1757,1535,1669,1580,1390
1916,19499295,17.8487274,1815,1742,1459,1639,1575,1340
1917,19509295,17.9791429,1863,1739,1499,1667,1574,1377
1918,19519295,17.980107,1914,1775,1502,1720,1600,1372
1919,19529295,17.9809765,1935,1755,1493,1731,1584,1368
1920,19539295,17.9816223,1915,1762,1497,1709,1589,1376
1921,19549295,17.9822324,1886,1744,1470,1685,1575,1355
1922,19559295,17.9828966,1883,1760,1514,1684,1592,1384
1923,19569295,17.983539,1889,1747,1481,1691,1575,1351
1924,19579295,17.9841673,1892,1755,1516,1703,1581,1377
1925,19589295,17.9850157,1906,1747,1489,1695,1578,1364
1926,19599295,17.9862156,1882,1741,1488,1679,1570,1366
1927,19609296,17.9873289,1859,1745,1461,1663,1575,1366
1928,19619295,17.9879632,1862,1759,1497,1682,1573,1359
1929,19629295,17.9886246,1898,1758,1503,1705,1582,1366
1930,19639295,17.9897652,1910,1753,1479,1718,1579,1352
1931,19649296,18.006135,1927,1762,1505,1716,1593,1376
1932,19659295,18.0068987,1907,1756,1488,1705,1585,1364
1933,19669295,18.0262252,1872,1757,1504,1679,1585,1368
1934,19679295,18.0267701,1857,1749,1492,1664,1581,1364
1935,19689295,18.0383245,1858,1744,1486,1664,1569,1364
1936,19699295,18.0533072,1886,1745,1490,1691,1575,1365
1937,19709295,18.0562015,1909,1745,1490,1708,1575,1363
1938,19719296,18.1845854,1915,1746,1489,1723,1576,1365
1939,19729295,18.1857447,1904,1745,1490,1704,1575,1369
1940,19739295,18.1868643,1894,1761,1489,1702,1576,1365
1941,19749296,18.1878711,1872,1760,1467,1681,1583,1364
1942,19759295,18.1889674,1877,1735,1507,1685,1591,1371
1943,19769295,18.1901327,1892,1760,1488,1694,1586,1380
1944,19779295,18.1914813,1900,1755,1488,1698,1582,1374
1945,19789295,18.1928102,1889,1744,1491,1700,1573,1363
1946,19799295,18.1940935,1887,1738,1490,1690,1573,1364
1947,19809295,18.1951319,1874,1743,1486,1690,1566,1364
1948,19819295,18.1960293,1898,1747,1479,1698,1577,1372
1949,19829295,18.1973071,1894,1749,1486,1700,1581,1372
1950,19839295,18.1988954,1892,1762,1489,1697,1583,1359
1951,19849295,18.1999357,1895,1760,1499,1695,1588,1368
1952,19859296,18.2136986,1879,1757,1488,1683,1587,1365
1953,19869295,18.2162423,1875,1751,1494,1680,1581,1368
1954,19879295,18.2249489,1882,1733,1483,1684,1575,1366
1955,19889296,18.2401238,1899,1735,1492,1692,1575,1365
1956,19899296,18.2552511,1903,1744,1491,1705,1575,1369
1957,19909296,18.2559669,1904,1738,1478,1704,1572,1362
1958,19919295,18.3839778,1886,1744,1491,1695,1575,1368
1959,19929295,18.3847551,1876,1744,1485,1683,1575,1363
1960,19939295,18.3856343,1872,1761,1488,1686,1576,1371
1961,19949296,18.3863436,1889,1755,1490,1680,1582,1364
1962,19959295,18.3870076,1925,1754,1489,1696,1584,1364
1963,19969295,18.3877848,1903,1753,1495,1705,1580,1364
1964,19979295,18.3885902,1921,1745,1491,1690,1576,1362
1965,19989295,18.3893332,1895,1745,1499,1698,1577,1365
1966,19999296,18.3902928,1883,1746,1484,1690,1574,1360
1967,20009296,18.391128,1885,1744,1493,1693,1574,1365
1968,20019295,18.3921302,1885,1746,1488,1694,1576,1364
1969,20029295,18.3928837,1893,1754,1491,1693,1579,1368
1970,20039295,18.3995936,1893,1756,1489,1695,1580,1362
1971,20049295,18.4001344,1886,1754,1490,1693,1581,1364
1972,20059295,18.413422,1890,1754,1491,1698,1580,1368
1973,20069295,18.4173464,1891,1769,1487,1701,1576,1359
1974,20079295,18.4286933,1890,1750,1488,1699,1582,1365
1975,20089295,18.4436533,1898,1744,1488,1701,1574,1368
1976,20099295,18.4466556,1893,1751,1487,1700,1574,1362
1977,20109296,18.4582035,1881,1747,1493,1695,1577,1364
1978,20119295,18.6255021,1885,1746,1491,1679,1575,1361
1979,20129296,18.6263999,1877,1755,1488,1690,1582,1371
1980,20139295,18.6270811,1878,1751,1490,1690,1601,1365
1981,20149295,18.6277593,1892,1729,1499,1703,1585,1375
1982,20159295,18.6283921,1899,1757,1485,1698,1585,1364
1983,20169295,18.629007,1898,1749,1491,1701,1581,1368
1984,20179296,18.629599,1890,1750,1486,1694,1572,1353
1985,20189295,18.630106,1886,1757,1493,1685,1576,1366
1986,20199296,18.6305972,1882,1748,1490,1689,1575,1360
1987,20209295,18.6311484,1883,1744,1493,1691,1575,1360
1988,20219296,18.6317472,1887,1749,1499,1689,1575,1361
1989,20229295,18.632327,1895,1747,1493,1700,1581,1363
1990,20239296,18.6328826,1892,1753,1488,1700,1594,1366
1991,20249295,18.6333987,1898,1757,1491,1695,1582,1365
1992,20259295,18.6338957,1891,1758,1490,1691,1586,1361
1993,20269295,18.6344157,1890,1755,1488,1699,1585,1364
1994,20279296,18.6353351,1886,1753,1491,1688,1578,1379
1995,20289295,18.644796,1895,1746,1498,1693,1583,1361
1996,20299295,18.6475244,1890,1750,1489,1698,1574,1364
1997,20309295,18.6601492,1889,1744,1488,1683,1574,1363
1998,20319295,18.7873642,1881,1749,1515,1676,1575,1363
1999,20329295,18.7884095,1886,1744,1501,1704,1583,1364
2000,20339296,18.7891426,1891,1749,1479,1698,1580,1364
2001,20349295,18.7898003,1893,1759,1488,1702,1583,1356
2002,20359296,18.7907539,1893,1758,1489,1695,1583,1369
2003,20369295,18.7916459,1886,1755,1493,1693,1576,1364
2004,20379295,18.7921003,1887,1744,1490,1687,1577,1364
2005,20389295,18.7924605,1891,1744,1494,1691,1573,1364
2006,20399296,18.7928253,1894,1748,1490,1699,1575,1365
2007,20409295,18.7932093,1895,1741,1488,1690,1574,1360
2008,20419295,18.7935689,1887,1745,1491,1706,1574,1365
2009,20429295,18.793918,1899,1750,1488,1690,1574,1364
2010,20439295,18.7942713,1888,1751,1498,1695,1577,1354
2011,20449295,18.8006968,1899,1754,1488,1695,1586,1367
2012,20459295,18.8049506,1883,1755,1471,1690,1581,1366
2013,20469295,18.8173693,1888,1754,1489,1695,1583,1366
2014,20479296,18.8338062,1883,1747,1487,1693,1584,1360
2015,20489295,18.8364177,1901,1746,1487,1698,1582,1365
2016,20499295,18.8483629,1895,1745,1491,1695,1585,1362
2017,20509296,18.8679466,1888,1738,1489,1695,1573,1365
2018,20519296,18.8684796,1887,1745,1488,1698,1575,1364
2019,20529295,18.9861651,1876,1750,1487,1687,1579,1361
2020,20539295,18.987688,1896,1750,1488,1704,1574,1369
2021,20549295,18.988782,1885,1757,1488,1700,1576,1361
2022,20559296,18.9896386,1897,1755,1488,1694,1580,1365
2023,20569296,18.9905436,1887,1750,1498,1677,1581,1372
2024,20579296,18.9914581,1883,1750,1507,1686,1576,1371
2025,20589295,18.9923327,1894,1751,1489,1687,1578,1364
2026,20599295,18.9935193,1889,1755,1488,1679,1576,1364
2027,20609296,18.99424,1904,1744,1491,1695,1594,1363
2028,20619295,18.9948127,1891,1753,1483,1695,1578,1369
2029,20629295,18.9957133,1883,1750,1488,1716,1580,1367
2030,20639295,18.9963923,1887,1749,1488,1690,1578,1364
2031,20649295,19.0062395,1900,1755,1492,1705,1576,1364
2032,20659296,19.0067479,1887,1754,1488,1696,1582,1363
2033,20669295,19.0249677,1889,1749,1488,1692,1571,1360
2034,20679295,19.0260113,1891,1756,1488,1700,1578,1364
2035,20689296,19.0373226,1886,1745,1485,1691,1580,1369
2036,20699295,19.056928,1881,1747,1489,1695,1579,1364
2037,20709295,19.0574453,1866,1759,1483,1695,1574,1364
2038,20719296,19.069404,1890,1750,1477,1696,1575,1376
2039,20729295,19.1911458,1886,1755,1488,1690,1582,1365
2040,20739295,19.1922256,1884,1750,1495,1699,1574,1364
2041,20749296,19.1929784,1886,1751,1491,1696,1578,1367
2042,20759295,19.1935984,1892,1753,1488,1688,1580,1369
2043,20769296,19.1942075,1879,1754,1489,1695,1574,1364
2044,20779296,19.1948365,1905,1735,1491,1703,1581,1364
2045,20789295,19.1954711,1889,1748,1494,1697,1579,1361
2046,20799295,19.1961473,1892,1746,1485,1696,1578,1364
2047,20809295,19.1967602,1889,1749,1488,1703,1581,1364
2048,20819295,19.1973944,1884,1748,1495,1697,1582,1364
2049,20829295,19.1980757,1883,1737,1483,1690,1575,1365
2050,20839296,19.1989883,1897,1752,1491,1699,1580,1363
2051,20849296,19.199616,1887,1743,1488,1696,1573,1364
2052,20859295,19.2092314,1911,1756,1483,1690,1582,1359
2053,20869295,19.2240149,1898,1744,1487,1701,1592,1364
2054,20879295,19.2276529,1894,1754,1491,1688,1576,1364
2055,20889296,19.2443354,1904,1744,1487,1690,1579,1356
2056,20899295,19.2471085,1889,1755,1483,1695,1576,1364
2057,20909295,19.2573252,1885,1744,1489,1691,1579,1369
2058,20919296,19.2726264,1895,1743,1489,1692,1575,1361
2059,20929295,19.2781734,1887,1747,1487,1697,1575,1362
2060,20939295,19.4586024,1895,1750,1488,1705,1575,1364
2061,20949295,19.4598561,1895,1742,1493,1695,1577,1364
2062,20959295,19.4609069,1875,1746,1489,1691,1582,1363
2063,20969295,19.46188,1890,1751,1491,1692,1581,1364
2064,20979296,19.4624739,1889,1749,1491,1695,1580,1366
2065,20989295,19.4629794,1889,1751,1495,1687,1588,1364
2066,20999295,19.4634325,1891,1744,1492,1695,1574,1372
2067,21009295,19.4638621,1885,1755,1507,1694,1576,1363
2068,21019295,19.4642873,1903,1744,1488,1705,1580,1365
2069,21029295,19.4646875,1908,1750,1497,1702,1575,1368
2070,21039295,19.4651058,1895,1755,1488,1701,1587,1374
2071,21049295,19.4655955,1889,1759,1490,1699,1579,1364
2072,21059295,19.4660525,1895,1757,1491,1696,1582,1366
2073,21069295,19.4664679,1887,1750,1490,1695,1575,1371
2074,21079295,19.466876,1901,1748,1488,1687,1583,1369
2075,21089295,19.4673183,1891,1753,1497,1695,1579,1364
2076,21099295,19.4682661,1892,1745,1486,1695,1575,1372
2077,21109295,19.4688825,1889,1754,1477,1695,1581,1364
2078,21119295,19.4760503,1872,1753,1497,1696,1583,1369
2079,21129296,19.4769022,1888,1751,1494,1703,1576,1365
2080,21139295,19.6211352,1888,1751,1494,1697,1578,1366
2081,21149296,19.6219682,1893,1753,1495,1697,1580,1368
2082,21159295,19.6226014,1889,1755,1489,1699,1581,1364
2083,21169296,19.623051,1902,1754,1488,1690,1585,1366
2084,21179295,19.623442,1877,1753,1491,1674,1583,1368
2085,21189295,19.6238341,1886,1748,1488,1698,1578,1366
2086,21199296,19.6242371,1890,1754,1488,1693,1563,1364
2087,21209295,19.6246649,1889,1744,1510,1710,1578,1363
2088,21219296,19.6250745,1883,1744,1487,1699,1583,1362
2089,21229295,19.6254915,1886,1751,1499,1695,1575,1362
2090,21239295,19.6259335,1893,1759,1491,1684,1586,1364
2091,21249295,19.6263579,1890,1751,1491,1690,1583,1362
2092,21259296,19.6272705,1893,1751,1490,1691,1582,1367
2093,21269295,19.6281649,1878,1753,1489,1695,1578,1364
2094,21279296,19.6316528,1899,1747,1488,1697,1575,1367
2095,21289295,19.6358775,1895,1751,1489,1701,1574,1364
2096,21299295,19.6470891,1883,1743,1485,1699,1580,1369
2097,21309295,19.6642229,1895,1747,1488,1698,1578,1364
2098,21319295,19.6665111,1893,1743,1491,1687,1575,1368
2099,21329295,19.6781094,1885,1754,1488,1699,1588,1371
2100,21339296,19.7928732,1889,1755,1490,1704,1576,1364
2101,21349296,19.7936338,1891,1757,1507,1701,1581,1361
2102,21359296,19.7942768,1884,1751,1491,1696,1583,1364
2103,21369296,19.7950438,1902,1751,1493,1699,1586,1365
2104,21379295,19.7956624,1897,1745,1483,1698,1576,1378
2105,21389295,19.7962647,1895,1747,1491,1698,1580,1364
2106,21399296,19.7969129,1891,1758,1495,1693,1574,1364
2107,21409296,19.7975001,1890,1751,1503,1697,1576,1343
2108,21419295,19.7980718,1887,1753,1495,1692,1583,1368
2109,21429295,19.7987222,1889,1755,1504,1698,1582,1383
2110,21439295,19.7995797,1898,1755,1488,1694,1580,1364
2111,21449295,19.8071912,1886,1750,1490,1696,1581,1364
2112,21459295,19.8081315,1889,1751,1490,1699,1581,1366
2113,21469295,19.8194349,1889,1748,1494,1704,1579,1364
2114,21479295,19.8360142,1891,1750,1494,1701,1580,1365
2115,21489295,19.836711,1890,1749,1492,1694,1578,1364
2116,21499296,19.8506588,1895,1747,1498,1695,1575,1351
2117,21509295,19.855522,1899,1744,1498,1690,1575,1364
2118,21519295,19.8658555,1888,1750,1501,1693,1579,1364
2119,21529296,19.882062,1893,1750,1493,1697,1575,1366
2120,21539295,19.8857497,1891,1750,1499,1703,1580,1373
2121,21549296,20.0119777,1898,1754,1520,1694,1590,1367
2122,21559296,20.0129664,1885,1758,1487,1695,1588,1369
2123,21569295,20.0135592,1895,1754,1491,1690,1579,1359
2124,21579295,20.0140909,1873,1746,1488,1698,1575,1364
2125,21589295,20.0145888,1889,1751,1489,1711,1581,1369
2126,21599295,20.0151183,1897,1751,1496,1700,1570,1358
2127,21609295,20.0157207,1870,1748,1491,1693,1580,1360
2128,21619296,20.0162563,1893,1757,1491,1695,1576,1364
2129,21629295,20.0167491,1897,1747,1495,1699,1577,1364
2130,21639295,20.0174975,1891,1749,1472,1703,1581,1351
2131,21649295,20.0189222,1899,1747,1493,1691,1580,1368
2132,21659295,20.0197029,1895,1751,1487,1702,1574,1361
2133,21669295,20.0233688,1907,1750,1495,1696,1580,1365
2134,21679295,20.0255961,1889,1751,1489,1691,1578,1368
2135,21689296,20.0389658,1891,1748,1490,1705,1575,1375
2136,21699295,20.0549236,1881,1758,1491,1686,1582,1364
2137,21709295,20.0571072,1881,1745,1489,1691,1575,1364
2138,21719295,20.0695709,1873,1751,1489,1697,1575,1366
2139,21729295,20.0891508,1894,1749,1494,1690,1589,1369
2140,21739295,20.0896769,1897,1754,1488,1693,1578,1362
2141,21749295,20.2175389,1899,1757,1491,1709,1584,1364
2142,21759295,20.2182506,1895,1749,1489,1697,1579,1360
2143,21769295,20.2190092,1892,1758,1491,1692,1582,1364
2144,21779295,20.2198756,1879,1747,1489,1697,1578,1364
2145,21789295,20.2207465,1897,1751,1495,1698,1581,1381
2146,21799295,20.2215212,1889,1753,1489,1695,1579,1366
2147,21809295,20.2223213,1892,1749,1489,1692,1582,1368
2148,21819295,20.2230404,1887,1754,1488,1697,1586,1368
2149,21829295,20.2236679,1891,1753,1488,1691,1588,1364
2150,21839295,20.2241731,1898,1753,1493,1693,1576,1370
2151,21849295,20.2247819,1892,1751,1491,1696,1575,1375
2152,21859295,20.2253624,1887,1752,1488,1700,1580,1364
2153,21869295,20.2261886,1897,1751,1495,1691,1583,1364
2154,21879296,20.2268297,1888,1749,1491,1699,1582,1360
2155,21889295,20.2409345,1893,1755,1490,1693,1574,1364
2156,21899295,20.2446353,1886,1773,1491,1700,1580,1373
2157,21909295,20.2571105,1893,1751,1494,1700,1589,1364
2158,21919296,20.2758056,1887,1757,1495,1691,1584,1364
2159,21929295,20.2762268,1887,1750,1491,1695,1582,1373
2160,21939295,20.2877328,1889,1751,1493,1692,1585,1369
2161,21949296,20.4136406,1886,1751,1494,1691,1581,1369
2162,21959296,20.4144074,1900,1745,1488,1692,1575,1371
2163,21969295,20.4151322,1893,1747,1488,1699,1581,1360
2164,21979296,20.4157201,1891,1749,1491,1692,1580,1369
2165,21989295,20.4161819,1887,1744,1488,1693,1575,1364
2166,21999295,20.4165537,1894,1758,1491,1698,1581,1364
2167,22009295,20.4169361,1885,1751,1492,1690,1583,1364
2168,22019295,20.417306,1894,1751,1490,1693,1582,1369
2169,22029295,20.4176854,1904,1756,1483,1691,1576,1366
2170,22039295,20.4180724,1895,1746,1488,1695,1574,1364
2171,22049295,20.4185432,1897,1749,1491,1691,1589,1372
2172,22059295,20.4190768,1898,1749,1491,1696,1576,1365
2173,22069295,20.419973,1895,1744,1488,1695,1576,1366
2174,22079296,20.4298614,1889,1745,1490,1700,1580,1364
2175,22089295,20.4446796,1890,1741,1488,1690,1575,1371
2176,22099295,20.4475929,1890,1751,1490,1691,1580,1359
2177,22109296,20.4568169,1891,1748,1483,1695,1566,1369
2178,22119296,20.4762868,1894,1744,1489,1691,1580,1369
2179,22129296,20.4771569,1891,1757,1497,1690,1576,1366
2180,22139296,20.492904,1899,1747,1493,1693,1584,1366
2181,22149296,20.4976119,1894,1755,1489,1703,1580,1366
2182,22159295,20.6088709,1899,1752,1488,1697,1561,1373
2183,22169296,20.6098478,1893,1759,1495,1698,1580,1364
2184,22179296,20.6105816,1894,1747,1496,1701,1579,1362
2185,22189295,20.6111605,1889,1756,1487,1691,1575,1364
2186,22199295,20.611559,1893,1754,1493,1697,1581,1364
2187,22209296,20.6119229,1889,1748,1490,1690,1583,1364
2188,22219296,20.6122844,1879,1751,1486,1703,1581,1369
2189,22229296,20.6126677,1894,1753,1497,1695,1579,1369
2190,22239295,20.6130329,1887,1757,1489,1699,1578,1362
2191,22249295,20.6133965,1856,1749,1492,1661,1583,1364
2192,22259295,20.6137599,1889,1748,1487,1696,1576,1369
2193,22269295,20.6197577,1917,1747,1488,1709,1573,1369
2194,22279296,20.6342517,1894,1737,1493,1699,1575,1362
2195,22289296,20.6377092,1891,1744,1489,1700,1575,1366
2196,22299295,20.6532325,1884,1751,1487,1691,1582,1366
2197,22309295,20.6561004,1901,1754,1497,1695,1575,1365
2198,22319295,20.6797519,1892,1745,1492,1695,1562,1371
2199,22329295,20.6803491,1889,1746,1488,1695,1575,1364
2200,22339296,20.6948966,1891,1746,1495,1691,1578,1364
2201,22349295,20.6955284,1895,1746,1490,1697,1580,1364
2202,22359295,20.8037952,1890,1746,1490,1698,1575,1364
2203,22369295,20.8046176,1873,1744,1478,1691,1585,1362
2204,22379295,20.8052929,1887,1743,1488,1688,1578,1366
2205,22389295,20.8059217,1889,1750,1493,1699,1576,1365
2206,22399296,20.8063354,1891,1744,1486,1688,1576,1365
2207,22409296,20.8067002,1887,1744,1490,1695,1576,1364
2208,22419295,20.8070697,1890,1745,1485,1691,1575,1362
2209,22429295,20.8074521,1888,1752,1495,1695,1580,1367
2210,22439295,20.8079403,1879,1746,1477,1696,1575,1364
2211,22449295,20.8084419,1873,1755,1488,1685,1585,1360
2212,22459296,20.8092772,1881,1739,1482,1683,1579,1366
2213,22469296,20.8178609,1863,1731,1482,1672,1571,1353
2214,22479295,20.8378278,1886,1718,1486,1690,1574,1364
2215,22489295,20.8390305,1898,1741,1495,1693,1581,1364
2216,22499296,20.8488229,1909,1775,1488,1711,1599,1362
2217,22509295,20.866602,1909,1761,1483,1705,1583,1369
2218,22519296,20.8673638,1901,1753,1477,1701,1577,1371
2219,22529296,20.8806836,1891,1748,1488,1700,1575,1361
2220,22539295,20.8846661,1887,1746,1472,1696,1575,1378
2221,22549296,20.8959522,1888,1744,1488,1695,1575,1369
2222,22559295,21.010494,1872,1756,1488,1676,1589,1364
2223,22569295,21.0113467,1815,1783,1493,1641,1608,1375
2224,22579295,21.0122401,1903,1788,1515,1690,1616,1382
2225,22589296,21.012903,1873,1697,1479,1679,1535,1355
2226,22599295,21.0134913,1892,1745,1503,1693,1574,1369
2227,22609295,21.0140978,1913,1761,1500,1708,1589,1356
2228,22619295,21.0148649,1898,1749,1488,1692,1575,1368
2229,22629295,21.0154036,1904,1759,1503,1708,1585,1377
2230,22639296,21.0159205,1890,1763,1497,1690,1586,1362
2231,22649295,21.0164017,1884,1760,1501,1685,1588,1371
2232,22659295,21.0168851,1865,1746,1501,1668,1575,1375
2233,22669295,21.0228611,1868,1746,1494,1671,1574,1375
2234,22679295,21.0273593,1870,1741,1502,1685,1574,1377
2235,22689295,21.0376724,1877,1739,1498,1687,1574,1376
2236,22699295,21.0508146,1872,1746,1520,1687,1571,1390
2237,22709295,21.0549771,1885,1744,1535,1691,1570,1392
2238,22719296,21.0652126,1891,1743,1526,1719,1573,1397
2239,22729295,21.0811162,1890,1758,1521,1697,1589,1398
2240,22739295,21.0846139,1904,1754,1515,1701,1576,1384
2241,22749296,21.0961023,1897,1759,1488,1695,1577,1368
2242,22759295,21.1157016,1890,1739,1477,1695,1562,1355
2243,22769295,21.1162484,1838,1744,1471,1643,1581,1352
2244,22779295,21.2224281,1823,1731,1426,1638,1561,1314
2245,22789295,21.2233346,1791,1715,1413,1609,1553,1302
2246,22799295,21.2241089,1763,1723,1423,1591,1563,1312
2247,22809295,21.2247271,1782,1733,1455,1593,1561,1337
2248,22819295,21.2252258,1813,1712,1471,1629,1557,1351
2249,22829296,21.2257471,1820,1719,1505,1634,1553,1379
2250,22839295,21.2262391,1827,1721,1506,1635,1553,1383
2251,22849295,21.2267131,1805,1727,1489,1626,1553,1362
2252,22859295,21.2271971,1809,1711,1492,1627,1543,1364
2253,22869295,21.2277283,1825,1712,1472,1631,1548,1349
2254,22879295,21.2348087,1830,1732,1473,1647,1566,1353
2255,22889295,21.2353387,1811,1729,1473,1634,1572,1349
2256,22899295,21.2512642,1789,1749,1489,1616,1576,1364
2257,22909295,21.2659282,1783,1739,1499,1611,1571,1373
2258,22919295,21.266643,1801,1728,1517,1626,1560,1358
2259,22929295,21.2828033,1808,1730,1488,1632,1558,1373
2260,22939295,21.287154,1803,1719,1462,1621,1549,1337
2261,22949295,21.300945,1805,1699,1426,1612,1539,1312
2262,22959295,21.3048328,1824,1728,1445,1643,1568,1329
2263,22969296,21.4302706,1819,1741,1494,1643,1575,1371
2264,22979296,21.430967,1815,1732,1462,1626,1566,1352
2265,22989296,21.4316192,1786,1725,1482,1613,1550,1355
2266,22999296,21.4321524,1793,1723,1491,1612,1561,1367
2267,23009295,21.4327877,1791,1745,1493,1608,1575,1371
2268,23019296,21.4334925,1801,1745,1505,1615,1565,1376
2269,23029295,21.4340958,1787,1738,1495,1600,1573,1385
2270,23039295,21.4346484,1773,1744,1504,1606,1571,1387
2271,23049296,21.4352263,1785,1719,1497,1604,1557,1366
2272,23059295,21.4357941,1747,1723,1488,1588,1548,1364
2273,23069296,21.4363158,1775,1733,1479,1593,1549,1364
2274,23079295,21.4368191,1758,1725,1475,1582,1563,1355
2275,23089295,21.437694,1732,1725,1482,1588,1558,1360
2276,23099295,21.4521852,1754,1759,1478,1579,1583,1355
2277,23109295,21.4557795,1745,1754,1471,1562,1585,1343
2278,23119295,21.4681944,1719,1744,1458,1560,1574,1343
2279,23129295,21.4873249,1708,1715,1451,1557,1553,1325
2280,23139296,21.4881495,1708,1723,1438,1534,1565,1323
2281,23149296,21.4985627,1705,1719,1451,1538,1562,1328
2282,23159295,21.5149694,1703,1718,1453,1539,1549,1331
2283,23169295,21.5155429,1710,1712,1454,1535,1553,1336
2284,23179295,21.6292698,1699,1725,1435,1523,1553,1323
2285,23189295,21.6301172,1711,1717,1412,1525,1557,1310
2286,23199296,21.6307837,1687,1701,1424,1539,1548,1309
2287,23209296,21.6312598,1699,1714,1439,1534,1539,1314
2288,23219295,21.6316384,1706,1714,1430,1530,1548,1323
2289,23229295,21.6320046,1705,1709,1450,1548,1547,1335
2290,23239295,21.6324769,1698,1712,1443,1532,1537,1333
2291,23249295,21.6329259,1691,1713,1439,1537,1536,1325
2292,23259295,21.6333373,1691,1712,1447,1532,1545,1327
2293,23269295,21.6337025,1701,1707,1449,1537,1540,1322
2294,23279295,21.6340688,1695,1709,1443,1526,1548,1323
2295,23289296,21.6404826,1687,1713,1456,1534,1548,1336
2296,23299295,21.6552793,1683,1725,1455,1526,1557,1329
2297,23309295,21.6560493,1691,1712,1453,1536,1548,1329
2298,23319296,21.6752912,1694,1713,1458,1534,1548,1337
2299,23329295,21.6760978,1681,1723,1456,1524,1550,1334
2300,23339295,21.6868059,1677,1713,1441,1530,1544,1327
2301,23349295,21.7016651,1684,1711,1454,1514,1549,1325
2302,23359295,21.7060792,1669,1710,1435,1517,1548,1318
2303,23369296,21.7183382,1675,1705,1427,1521,1548,1314
2304,23379295,21.8370042,1667,1712,1433,1520,1556,1328
2305,23389295,21.8378159,1675,1710,1435,1513,1548,1328
2306,23399295,21.8386941,1678,1711,1439,1517,1548,1333
2307,23409296,21.8395299,1675,1708,1430,1513,1540,1319
2308,23419295,21.8401404,1664,1698,1431,1539,1534,1319
2309,23429296,21.8406251,1655,1701,1438,1504,1536,1330
2310,23439296,21.8410059,1683,1709,1453,1508,1523,1332
2311,23449295,21.8413868,1665,1718,1458,1510,1548,1329
2312,23459295,21.8417539,1639,1712,1448,1494,1547,1328
2313,23469295,21.8421434,1635,1708,1439,1489,1542,1322
2314,23479295,21.8425161,1616,1712,1488,1471,1551,1348
2315,23489295,21.8431291,1610,1643,1231,1461,1494,1162
2316,23499296,21.8468002,1649,1684,1389,1491,1525,1299
2317,23509295,21.8619413,1681,1742,1475,1519,1566,1342
2318,23519296,21.8660899,1638,1694,1424,1493,1537,1299
2319,23529296,21.8751706,1673,1673,1346,1525,1522,1264
2320,23539296,21.88957,1587,1648,1299,1457,1475,1232
2321,23549295,21.9046163,1665,1738,1453,1520,1562,1323
2322,23559296,21.905098,1642,1695,1403,1495,1533,1296
2323,23569296,21.9206077,1617,1709,1404,1471,1534,1291
2324,23579295,21.9249696,1648,1695,1359,1495,1543,1272
2325,23589296,22.0837061,1681,1809,1387,1512,1597,1236
2326,23599295,22.0850472,1611,1847,1587,1473,1609,1355
2327,23609295,22.0864475,1635,1712,1406,1481,1561,1317
2328,23619296,22.087945,1582,1648,1338,1450,1494,1254
2329,23629295,22.0894519,1472,1655,1034,1337,1495,968
2330,23639295,22.0908389,1688,1663,1334,1504,1566,1297
2331,23649295,22.091953,1691,1808,1616,1548,1626,1452
2332,23659295,22.0927967,1567,1567,1285,1432,1439,1198
2333,23669295,22.0935678,1629,1685,1348,1485,1534,1282
2334,23679295,22.0943792,1591,1725,1397,1450,1553,1287
2335,23689296,22.0952206,1639,1734,1441,1495,1562,1323
2336,23699295,22.0960261,1615,1686,1348,1461,1521,1261
2337,23709296,22.0970425,1598,1715,1402,1460,1549,1295
2338,23719295,22.0978828,1612,1725,1402,1468,1548,1297
2339,23729295,22.0986718,1614,1710,1398,1469,1543,1290
2340,23739295,22.0998582,1607,1704,1392,1466,1543,1285
2341,23749295,22.1005743,1615,1716,1399,1468,1546,1300
2342,23759295,22.1088112,1613,1719,1411,1461,1553,1296
2343,23769295,22.1242971,1621,1721,1407,1468,1548,1296
2344,23779295,22.1274468,1615,1703,1418,1469,1546,1300
2345,23789295,22.2530697,1603,1723,1403,1467,1548,1292
2346,23799296,22.2540069,1617,1710,1360,1465,1545,1285
2347,23809295,22.2546539,1605,1703,1391,1468,1534,1270
2348,23819295,22.2550976,1602,1694,1374,1457,1527,1268
2349,23829295,22.2554752,1612,1697,1371,1461,1536,1295
2350,23839296,22.2558444,1600,1678,1370,1457,1525,1259
2351,23849296,22.2562107,1601,1685,1363,1456,1521,1262
2352,23859295,22.2565774,1599,1686,1360,1453,1527,1263
2353,23869295,22.2569668,1598,1687,1347,1453,1534,1255
2354,23879295,22.2573392,1605,1697,1344,1447,1526,1247
2355,23889295,22.2577036,1585,1694,1344,1445,1526,1258
2356,23899295,22.2580676,1587,1683,1341,1448,1537,1246
2357,23909295,22.2650915,1585,1681,1325,1446,1526,1238
2358,23919295,22.2655563,1575,1689,1344,1438,1540,1259
2359,23929296,22.2795915,1581,1701,1342,1442,1527,1245
2360,23939295,22.2964485,1573,1689,1349,1442,1534,1246
2361,23949295,22.2973703,1595,1696,1350,1448,1534,1250
2362,23959295,22.3118534,1573,1698,1354,1442,1545,1259
2363,23969295,22.3157768,1585,1690,1360,1438,1533,1246
2364,23979296,22.3312563,1584,1691,1344,1454,1519,1245
2365,23989295,22.3347856,1591,1687,1298,1447,1516,1213
2366,23999295,22.446729,1569,1703,1296,1429,1533,1207
2367,24009295,22.4476008,1575,1688,1323,1441,1520,1250
2368,24019295,22.4483711,1594,1706,1361,1444,1548,1259
2369,24029295,22.448913,1599,1707,1378,1450,1548,1285
2370,24039295,22.4495605,1589,1700,1351,1445,1548,1250
2371,24049295,22.4501681,1586,1701,1352,1447,1533,1254
2372,24059296,22.4506838,1587,1691,1360,1442,1530,1271
2373,24069295,22.4511941,1580,1702,1361,1445,1546,1259
2374,24079296,22.4519734,1584,1680,1345,1445,1521,1249
2375,24089295,22.452872,1594,1681,1334,1446,1521,1261
2376,24099295,22.4538048,1578,1682,1341,1442,1530,1241
2377,24109295,22.4560375,1574,1674,1318,1428,1507,1206
2378,24119295,22.4701302,1575,1690,1338,1450,1534,1235
2379,24129296,22.4851077,1575,1690,1337,1444,1532,1245
2380,24139296,22.4860864,1584,1696,1349,1451,1530,1235
2381,24149295,22.5010926,1587,1706,1363,1442,1542,1260
2382,24159295,22.5043953,1586,1705,1360,1442,1536,1257
2383,24169295,22.5198051,1587,1693,1350,1450,1530,1241
2384,24179295,22.5318811,1577,1690,1345,1442,1537,1248
2385,24189296,22.535633,1585,1680,1324,1445,1521,1232
2386,24199295,22.6562406,1584,1671,1328,1440,1518,1228
2387,24209296,22.6571215,1579,1700,1335,1448,1539,1240
2388,24219295,22.6578786,1584,1690,1318,1442,1520,1219
2389,24229295,22.6586129,1580,1690,1328,1441,1525,1232
2390,24239295,22.6591764,1585,1698,1328,1441,1533,1235
2391,24249295,22.6596689,1577,1687,1328,1442,1522,1233
2392,24259295,22.6601991,1583,1686,1339,1445,1534,1240
2393,24269295,22.6606869,1579,1689,1338,1442,1533,1233
2394,24279295,22.6611626,1584,1685,1326,1439,1524,1224
2395,24289296,22.6616302,1563,1658,1307,1422,1516,1214
2396,24299295,22.6621233,1570,1678,1299,1427,1517,1214
2397,24309295,22.6626188,1562,1677,1277,1402,1525,1180
2398,24319295,22.6719012,1589,1693,1299,1437,1530,1213
2399,24329296,22.6757812,1600,1686,1339,1456,1533,1243
2400,24339295,22.6879473,1605,1693,1360,1461,1530,1260
2401,24349295,22.7066158,1609,1707,1396,1460,1545,1279
2402,24359295,22.7071789,1605,1697,1383,1461,1540,1273
2403,24369295,22.7190923,1605,1695,1380,1460,1539,1273
2404,24379295,22.7348799,1601,1694,1407,1469,1539,1293
2405,24389295,22.7354409,1611,1709,1426,1469,1546,1314
2406,24399295,22.8449391,1617,1710,1424,1469,1543,1307
2407,24409296,22.8457687,1613,1698,1407,1469,1536,1294
2408,24419296,22.8464848,1606,1702,1395,1460,1547,1285
2409,24429295,22.8470691,1615,1702,1400,1463,1539,1292
2410,24439295,22.8474721,1599,1707,1405,1465,1539,1299
2411,24449295,22.84784,1617,1708,1425,1469,1547,1296
2412,24459295,22.848207,1626,1712,1415,1466,1545,1304
2413,24469295,22.8485862,1601,1699,1383,1459,1534,1274
2414,24479295,22.8489649,1584,1694,1344,1443,1532,1242
2415,24489295,22.8493591,1581,1696,1328,1435,1527,1225
2416,24499295,22.8499841,1580,1680,1319,1435,1508,1222
2417,24509296,22.8609632,1583,1682,1322,1433,1521,1224
2418,24519296,22.8648453,1577,1687,1329,1442,1525,1235
2419,24529295,22.8753768,1584,1689,1346,1444,1527,1250
2420,24539295,22.8947983,1585,1685,1357,1442,1523,1250
2421,24549295,22.8953937,1591,1688,1345,1445,1511,1254
2422,24559295,22.9070078,1584,1680,1344,1442,1529,1240
2423,24569296,22.9218471,1584,1686,1349,1446,1522,1246
2424,24579295,22.9256908,1591,1690,1353,1443,1531,1250
2425,24589295,22.9378436,1591,1693,1351,1442,1521,1253
2426,24599296,23.0690583,1610,1693,1365,1455,1535,1269
2427,24609296,23.0703732,1594,1695,1375,1446,1539,1269
2428,24619296,23.0712787,1594,1689,1350,1451,1535,1258
2429,24629295,23.0717928,1585,1681,1328,1448,1521,1241
2430,24639295,23.0722176,1580,1676,1309,1438,1520,1216
2431,24649295,23.0727272,1573,1673,1301,1438,1517,1215
2432,24659295,23.0735886,1563,1661,1296,1435,1507,1208
2433,24669296,23.0741572,1503,1616,1180,1381,1470,1112
2434,24679295,23.074609,1600,1702,1407,1456,1548,1310
2435,24689296,23.0750747,1605,1742,1430,1460,1574,1324
2436,24699296,23.0755313,1591,1694,1328,1441,1522,1223
2437,24709295,23.0759794,1582,1671,1317,1440,1519,1220
2438,24719296,23.0764358,1589,1697,1347,1442,1536,1250
2439,24729295,23.0822046,1582,1703,1347,1442,1542,1251
2440,24739296,23.0856081,1583,1697,1348,1438,1530,1246
2441,24749295,23.1090285,1586,1695,1357,1442,1530,1259
2442,24759295,23.1099341,1584,1691,1341,1445,1537,1244
2443,24769295,23.1238179,1584,1686,1312,1435,1512,1236
2444,24779295,23.127741,1583,1680,1335,1442,1521,1232
2445,24789295,23.1392047,1588,1679,1344,1445,1527,1240
2446,24799295,23.2663135,1584,1671,1322,1443,1521,1231
2447,24809295,23.2672196,1578,1681,1328,1432,1525,1232
2448,24819295,23.2678366,1584,1682,1331,1442,1521,1235
2449,24829295,23.2685752,1582,1680,1328,1443,1526,1235
2450,24839295,23.2695332,1582,1682,1346,1442,1535,1243
2451,24849295,23.2705811,1584,1685,1343,1442,1533,1244
2452,24859295,23.2712952,1584,1682,1338,1438,1530,1236
2453,24869295,23.2718358,1583,1683,1342,1447,1525,1235
2454,24879295,23.2723435,1583,1683,1329,1438,1530,1254
2455,24889295,23.2728804,1584,1687,1343,1442,1525,1239
2456,24899295,23.2734462,1586,1692,1350,1442,1532,1247
2457,24909295,23.2739827,1585,1695,1331,1425,1530,1243
2458,24919296,23.2745569,1584,1675,1323,1445,1524,1229
2459,24929295,23.2807502,1595,1726,1398,1455,1561,1294
2460,24939296,23.2939956,1616,1701,1402,1465,1534,1298
2461,24949295,23.2972309,1579,1682,1353,1442,1525,1250
2462,24959296,23.310839,1578,1678,1306,1435,1516,1219
2463,24969295,23.3258113,1585,1693,1353,1454,1536,1245
2464,24979295,23.3264797,1583,1686,1350,1442,1531,1260
2465,24989295,23.3418787,1588,1685,1355,1446,1527,1236
2466,24999295,23.3455376,1587,1680,1327,1442,1520,1223
2467,25009295,23.4819676,1583,1681,1328,1438,1522,1226
2468,25019295,23.4826951,1578,1675,1327,1437,1518,1253
2469,25029296,23.4831999,1584,1687,1339,1437,1522,1240
2470,25039295,23.4836863,1585,1692,1351,1443,1525,1248
2471,25049295,23.4841446,1584,1687,1350,1445,1521,1251
2472,25059295,23.4845875,1589,1693,1350,1442,1532,1254
2473,25069295,23.4852789,1590,1686,1342,1448,1520,1233
2474,25079295,23.4870223,1588,1681,1337,1438,1519,1232
2475,25089295,23.4884218,1581,1671,1314,1442,1516,1223
2476,25099295,23.4891728,1584,1673,1313,1438,1516,1222
2477,25109295,23.4898197,1573,1680,1325,1435,1522,1235
2478,25119296,23.4904549,1582,1691,1343,1440,1530,1233
2479,25129295,23.4910828,1574,1685,1338,1442,1520,1234
2480,25139296,23.492051,1584,1680,1334,1437,1524,1233
2481,25149295,23.4990374,1583,1683,1336,1434,1535,1239
2482,25159296,23.5141249,1535,1685,1334,1442,1521,1235
2483,25169296,23.5173555,1581,1680,1335,1435,1521,1233
2484,25179296,23.5291624,1587,1671,1325,1442,1514,1231
2485,25189296,23.5491314,1578,1673,1317,1438,1512,1227
2486,25199295,23.5499097,1584,1680,1334,1446,1517,1233
2487,25209295,23.6767436,1581,1674,1335,1438,1513,1251
2488,25219296,23.6778629,1584,1686,1345,1440,1534,1243
2489,25229295,23.6787019,1587,1680,1341,1442,1525,1244
2490,25239295,23.6793362,1585,1691,1346,1445,1525,1250
2491,25249295,23.6798868,1585,1683,1348,1445,1530,1250
2492,25259295,23.6804603,1584,1683,1339,1442,1522,1243
2493,25269295,23.6813313,1575,1679,1335,1430,1524,1234
2494,25279295,23.6819759,1569,1683,1333,1442,1525,1245
2495,25289295,23.682518,1584,1681,1329,1442,1520,1237
2496,25299295,23.6830695,1571,1675,1328,1433,1517,1232
2497,25309295,23.6836256,1573,1665,1328,1442,1513,1235
2498,25319296,23.6841436,1568,1680,1338,1444,1522,1244
2499,25329295,23.6851021,1584,1680,1342,1442,1523,1247
2500,25339295,23.6857569,1584,1673,1342,1442,1525,1241
2501,25349295,23.7003095,1584,1687,1346,1440,1522,1254
2502,25359296,23.7150302,1594,1697,1351,1442,1524,1238
2503,25369295,23.715855,1584,1682,1342,1442,1529,1243
2504,25379296,23.7346356,1584,1686,1349,1442,1525,1245
2505,25389295,23.7352167,1575,1684,1331,1439,1521,1231
2506,25399295,23.7459195,1577,1677,1329,1442,1520,1232
2507,25409295,23.8712545,1582,1651,1328,1440,1520,1237
2508,25419296,23.8723085,1579,1689,1328,1452,1517,1236
2509,25429295,23.8728172,1583,1680,1344,1445,1521,1237
2510,25439296,23.8732009,1587,1687,1335,1442,1521,1235
2511,25449295,23.8736269,1601,1682,1339,1438,1521,1236
2512,25459296,23.8740007,1582,1685,1341,1439,1522,1236
2513,25469295,23.8743748,1586,1675,1335,1438,1525,1236
2514,25479296,23.8747623,1587,1677,1344,1442,1524,1236
2515,25489295,23.8751398,1584,1680,1341,1443,1526,1240
2516,25499296,23.8756353,1584,1681,1326,1442,1527,1242
2517,25509296,23.8761459,1582,1677,1331,1442,1521,1235
2518,25519295,23.8769721,1582,1686,1329,1445,1523,1232
2519,25529296,23.8776039,1583,1686,1328,1437,1530,1240
2520,25539295,23.8879181,1581,1685,1338,1442,1522,1236
2521,25549295,23.9056663,1578,1682,1318,1442,1523,1244
2522,25559296,23.9068534,1583,1679,1327,1441,1521,1234
2523,25569296,23.9227415,1584,1680,1328,1442,1521,1236
2524,25579295,23.9261234,1583,1682,1332,1443,1523,1244
2525,25589296,23.9351422,1582,1684,1328,1436,1522,1246
2526,25599296,23.950082,1584,1681,1334,1448,1527,1241
2527,25609295,24.0767903,1584,1679,1342,1442,1521,1236
2528,25619295,24.0776601,1591,1681,1335,1444,1522,1241
2529,25629296,24.0783821,1583,1696,1339,1440,1525,1238
2530,25639295,24.0789462,1583,1683,1328,1440,1523,1233
2531,25649296,24.0795143,1584,1680,1333,1444,1525,1236
2532,25659296,24.080048,1584,1679,1327,1442,1521,1231
2533,25669295,24.0805559,1587,1680,1334,1442,1521,1241
2534,25679295,24.0811337,1588,1681,1335,1438,1520,1234
2535,25689295,24.0816659,1576,1685,1346,1442,1521,1233
2536,25699295,24.0821824,1584,1684,1328,1402,1520,1241
2537,25709295,24.082662,1585,1680,1344,1440,1523,1237
2538,25719295,24.0832808,1583,1685,1337,1442,1525,1235
2539,25729296,24.0839222,1579,1680,1328,1442,1527,1241
2540,25739295,24.0908231,1579,1680,1335,1438,1521,1241
2541,25749295,24.1114096,1598,1680,1329,1439,1524,1233
2542,25759296,24.1124161,1583,1659,1332,1442,1524,1236
2543,25769296,24.1219383,1584,1679,1330,1442,1522,1234
2544,25779296,24.126484,1581,1681,1335,1438,1523,1232
2545,25789295,24.138149,1585,1693,1331,1444,1526,1241
2546,25799296,24.1528691,1584,1680,1339,1442,1522,1238
2547,25809295,24.1560767,1584,1680,1335,1439,1521,1232
2548,25819296,24.2861929,1579,1686,1338,1442,1519,1234
2549,25829295,24.2872446,1583,1679,1341,1442,1523,1232
2550,25839296,24.287902,1582,1680,1333,1442,1521,1236
2551,25849295,24.2884263,1584,1680,1337,1431,1521,1231
2552,25859295,24.2888238,1591,1680,1333,1441,1520,1243
2553,25869295,24.2892228,1581,1683,1340,1442,1523,1235
2554,25879295,24.2896353,1583,1681,1329,1441,1522,1248
2555,25889296,24.2900853,1581,1678,1331,1446,1532,1232
2556,25899296,24.2907185,1577,1680,1328,1442,1518,1232
2557,25909295,24.2911444,1577,1683,1337,1429,1521,1240
2558,25919296,24.2915239,1580,1693,1332,1434,1522,1235
2559,25929295,24.291914,1578,1680,1331,1444,1519,1238
2560,25939295,24.2981552,1579,1680,1330,1438,1524,1245
2561,25949295,24.2990982,1582,1680,1334,1442,1521,1237
2562,25959295,24.3100802,1584,1680,1329,1440,1520,1233
2563,25969296,24.3249491,1587,1683,1323,1442,1521,1228
2564,25979295,24.3256974,1579,1681,1334,1442,1521,1238
2565,25989295,24.3398095,1584,1681,1334,1442,1521,1234
2566,25999295,24.356049,1586,1680,1335,1442,1534,1241
2567,26009295,24.3568493,1583,1682,1318,1445,1525,1234
2568,26019295,24.4734391,1586,1684,1323,1442,1519,1241
2569,26029295,24.4743888,1584,1680,1329,1442,1526,1238
2570,26039296,24.4750402,1584,1680,1334,1441,1516,1235
2571,26049295,24.4756792,1584,1675,1329,1442,1521,1241
2572,26059295,24.4765004,1584,1683,1328,1442,1521,1231
2573,26069296,24.4770895,1583,1681,1342,1442,1508,1248
2574,26079295,24.4775852,1582,1681,1335,1437,1526,1241
2575,26089295,24.4780566,1583,1681,1328,1438,1522,1226
2576,26099296,24.4785711,1581,1693,1328,1442,1525,1236
2577,26109295,24.4790475,1584,1680,1331,1442,1521,1240
2578,26119295,24.4795204,1584,1680,1338,1442,1529,1231
2579,26129295,24.4851341,1597,1680,1329,1442,1524,1236
2580,26139296,24.4872375,1582,1682,1328,1440,1523,1231
2581,26149296,24.4947045,1579,1677,1330,1441,1521,1244
2582,26159296,24.5109211,1577,1679,1328,1440,1521,1213
2583,26169295,24.5149478,1579,1680,1328,1442,1520,1234
2584,26179295,24.5279644,1584,1682,1335,1438,1521,1241
2585,26189295,24.5418804,1583,1681,1331,1454,1523,1231
2586,26199295,24.5456877,1584,1680,1329,1438,1517,1233
2587,26209295,24.5577805,1582,1680,1330,1435,1522,1234
2588,26219295,24.6684727,1573,1689,1332,1442,1521,1238
2589,26229296,24.6698202,1581,1682,1333,1442,1521,1233
2590,26239295,24.6708085,1585,1679,1334,1437,1521,1234
2591,26249295,24.6715631,1563,1680,1329,1445,1522,1235
2592,26259295,24.6722265,1581,1680,1331,1442,1521,1235
2593,26269295,24.6729159,1584,1680,1329,1442,1517,1233
2594,26279295,24.6735433,1577,1675,1330,1442,1523,1237
2595,26289295,24.6741596,1586,1681,1329,1438,1517,1232
2596,26299296,24.6748714,1575,1681,1328,1441,1526,1232
2597,26309295,24.6755676,1587,1697,1328,1438,1521,1232
2598,26319296,24.676476,1583,1683,1327,1440,1533,1236
2599,26329295,24.684512,1595,1685,1331,1440,1524,1232
2600,26339295,24.6918925,1584,1681,1328,1440,1533,1238
2601,26349295,24.6980675,1584,1680,1312,1441,1522,1232
2602,26359295,24.712865,1582,1680,1327,1442,1520,1233
2603,26369295,24.7158011,1583,1679,1336,1442,1527,1250
2604,26379295,24.7274596,1554,1676,1328,1442,1523,1235
2605,26389296,24.7432143,1579,1684,1328,1438,1521,1230
2606,26399295,24.7461036,1584,1680,1330,1437,1521,1235
2607,26409296,24.7625233,1575,1693,1333,1442,1520,1237
2608,26419295,24.7659459,1574,1675,1326,1442,1523,1235
2609,26429296,24.8972939,1584,1677,1334,1442,1526,1237
2610,26439295,24.8979334,1582,1680,1328,1433,1521,1236
2611,26449295,24.898453,1581,1669,1331,1442,1521,1236
2612,26459295,24.8989902,1579,1679,1315,1442,1521,1235
2613,26469295,24.8995196,1584,1680,1328,1440,1525,1234
2614,26479295,24.9001612,1582,1681,1332,1437,1521,1232
2615,26489295,24.9007377,1581,1678,1338,1439,1521,1231
2616,26499295,24.90123,1582,1683,1331,1437,1521,1238
2617,26509295,24.901692,1585,1680,1298,1442,1522,1234
2618,26519295,24.9022356,1583,1680,1329,1440,1520,1232
2619,26529295,24.9027541,1582,1686,1333,1442,1520,1234
2620,26539296,24.9033575,1583,1684,1339,1442,1521,1241
2621,26549295,24.9042676,1579,1680,1333,1442,1521,1232
2622,26559295,24.9146663,1584,1676,1331,1440,1521,1235
2623,26569295,24.9151219,1584,1680,1328,1437,1511,1243
2624,26579296,24.9309105,1579,1681,1340,1442,1520,1231
2625,26589295,24.9348938,1582,1678,1328,1451,1523,1240
2626,26599295,24.9505292,1579,1680,1328,1443,1524,1231
2627,26609295,24.9617355,1584,1681,1326,1441,1522,1233
2628,26619295,24.9657649,1581,1683,1343,1442,1509,1241
2629,26629295,25.095176,1580,1681,1328,1438,1526,1238
2630,26639295,25.0960694,1575,1680,1330,1442,1521,1232
2631,26649296,25.0968391,1580,1679,1328,1447,1533,1235
2632,26659295,25.0976185,1579,1681,1327,1443,1521,1230
2633,26669295,25.0988755,1581,1680,1329,1437,1523,1233
2634,26679295,25.0997292,1575,1681,1338,1442,1521,1235
2635,26689296,25.1003717,1578,1682,1330,1438,1521,1232
2636,26699296,25.1009502,1577,1679,1325,1438,1522,1236
2637,26709295,25.1015991,1585,1681,1334,1434,1521,1232
2638,26719295,25.1023203,1575,1680,1331,1441,1522,1235
2639,26729295,25.1030234,1571,1680,1331,1442,1525,1232
2640,26739295,25.1037175,1584,1681,1330,1442,1526,1241
2641,26749295,25.1047961,1573,1681,1335,1438,1523,1235
2642,26759295,25.1057335,1578,1677,1329,1438,1521,1234
2643,26769296,25.1178892,1584,1679,1329,1441,1523,1233
2644,26779296,25.1378513,1583,1680,1329,1435,1523,1235
2645,26789295,25.1385767,1575,1685,1331,1441,1522,1234
2646,26799295,25.1498521,1593,1680,1328,1441,1520,1237
2647,26809295,25.1648712,1584,1687,1330,1434,1521,1231
2648,26819295,25.1653128,1584,1681,1329,1441,1521,1236
2649,26829295,25.2824508,1583,1681,1333,1444,1519,1245
2650,26839295,25.2832378,1578,1685,1330,1442,1526,1232
2651,26849296,25.2839594,1579,1690,1331,1442,1521,1235
2652,26859295,25.2846798,1581,1682,1339,1442,1521,1235
2653,26869296,25.2857524,1584,1686,1331,1441,1523,1241
2654,26879295,25.2867063,1580,1679,1330,1442,1521,1233
2655,26889295,25.2876306,1591,1680,1328,1442,1521,1231
2656,26899296,25.2884013,1583,1685,1330,1437,1519,1233
2657,26909295,25.2892778,1584,1683,1338,1442,1530,1240
2658,26919296,25.2900431,1583,1680,1328,1442,1524,1238
2659,26929295,25.2907307,1582,1679,1328,1444,1522,1232
2660,26939296,25.2917485,1584,1680,1331,1438,1519,1235
2661,26949295,25.2962091,1583,1680,1328,1435,1522,1234
2662,26959295,25.306967,1586,1678,1333,1437,1523,1232
2663,26969295,25.3258228,1586,1682,1326,1442,1520,1233
2664,26979295,25.3264372,1583,1683,1328,1440,1525,1233
2665,26989295,25.3380437,1583,1680,1332,1442,1521,1235
2666,26999296,25.3526789,1589,1680,1330,1453,1523,1238
2667,27009296,25.3562326,1577,1687,1330,1442,1525,1238
2668,27019295,25.3688779,1584,1685,1339,1443,1522,1232
2669,27029295,25.4930759,1582,1680,1331,1442,1522,1235
2670,27039296,25.4943958,1581,1680,1337,1432,1524,1237
2671,27049296,25.4957642,1584,1679,1330,1444,1521,1233
2672,27059296,25.4970153,1578,1680,1332,1447,1517,1237
2673,27069296,25.498,1584,1687,1328,1439,1524,1234
2674,27079296,25.4991681,1585,1687,1337,1442,1522,1235
2675,27089295,25.5001741,1584,1680,1334,1447,1524,1241
2676,27099295,25.5010829,1581,1682,1333,1443,1527,1237
2677,27109295,25.5020081,1584,1683,1330,1442,1527,1235
2678,27119295,25.5029442,1583,1681,1330,1442,1521,1242
2679,27129296,25.5041734,1579,1707,1334,1440,1529,1232
2680,27139295,25.505995,1580,1682,1326,1442,1520,1235
2681,27149295,25.5072716,1584,1691,1335,1443,1527,1237
2682,27159295,25.5141059,1584,1683,1355,1442,1526,1209
2683,27169295,25.5165884,1583,1687,1328,1439,1523,1242
2684,27179295,25.5256151,1584,1683,1314,1442,1523,1234
2685,27189295,25.541228,1582,1682,1328,1442,1522,1232
2686,27199296,25.5467171,1575,1686,1329,1442,1519,1240
2687,27209296,25.5568332,1584,1680,1325,1438,1525,1236
2688,27219295,25.5718836,1583,1682,1328,1438,1524,1232
2689,27229296,25.5756998,1583,1683,1330,1433,1526,1232
2690,27239295,25.691873,1583,1680,1324,1438,1521,1234
2691,27249295,25.6928397,1584,1695,1328,1442,1525,1234
2692,27259296,25.693946,1575,1680,1319,1438,1521,1231
2693,27269296,25.6950453,1575,1686,1328,1442,1527,1232
2694,27279295,25.6957864,1577,1684,1328,1438,1520,1238
2695,27289295,25.6964117,1584,1685,1335,1441,1522,1233
2696,27299296,25.6969818,1581,1680,1334,1445,1526,1235
2697,27309295,25.6974272,1584,1681,1332,1448,1521,1254
2698,27319295,25.6978385,1574,1685,1335,1437,1525,1236
2699,27329296,25.6982228,1579,1691,1339,1441,1523,1233
2700,27339295,25.6986317,1582,1680,1328,1439,1519,1235
2701,27349296,25.7026932,1583,1680,1336,1438,1535,1242
2702,27359296,25.7076055,1584,1682,1328,1442,1520,1234
2703,27369295,25.7291099,1583,1680,1331,1437,1521,1237
2704,27379296,25.7301172,1584,1687,1340,1441,1521,1238
2705,27389295,25.7446342,1584,1683,1333,1431,1523,1237
2706,27399295,25.7457901,1583,1687,1328,1438,1525,1236
2707,27409295,25.7608993,1573,1680,1329,1440,1524,1235
2708,27419295,25.7647042,1584,1680,1330,1441,1522,1232
2709,27429296,25.7758966,1579,1680,1328,1442,1522,1234
2710,27439295,25.9000368,1575,1680,1335,1448,1522,1240
2711,27449296,25.9009728,1584,1683,1335,1442,1521,1233
2712,27459295,25.9017572,1584,1680,1328,1442,1521,1232
2713,27469295,25.9024841,1584,1682,1329,1439,1522,1237
2714,27479295,25.9030275,1581,1687,1333,1442,1524,1235
2715,27489295,25.9035699,1582,1684,1326,1442,1521,1234
2716,27499295,25.9041458,1580,1680,1328,1435,1523,1233
2717,27509296,25.904686,1584,1680,1328,1440,1524,1232
2718,27519295,25.9051948,1583,1680,1329,1447,1530,1233
2719,27529295,25.9057769,1583,1669,1327,1440,1524,1233
2720,27539295,25.9062792,1580,1686,1328,1443,1520,1233
2721,27549295,25.9071168,1584,1680,1334,1442,1522,1241
2722,27559295,25.9077099,1579,1681,1329,1441,1527,1235
2723,27569296,25.9194393,1584,1683,1335,1442,1525,1237
2724,27579296,25.9338222,1583,1681,1333,1440,1521,1233
2725,27589296,25.9372729,1574,1695,1329,1441,1523,1234
2726,27599296,25.9507772,1578,1682,1333,1441,1525,1231
2727,27609295,25.9703404,1579,1678,1327,1445,1524,1231
2728,27619295,25.9712317,1571,1685,1333,1438,1521,1236
2729,27629295,25.981732,1601,1679,1332,1440,1526,1238
2730,27639295,25.9863389,1575,1680,1335,1435,1522,1234
2731,27649295,26.1570287,1582,1679,1329,1437,1523,1232
2732,27659295,26.157848,1586,1680,1331,1440,1526,1235
2733,27669295,26.1587405,1577,1681,1334,1443,1525,1237
2734,27679296,26.1593033,1583,1689,1331,1442,1525,1238
2735,27689295,26.1597391,1583,1680,1337,1442,1520,1236
2736,27699295,26.1601614,1558,1671,1335,1451,1521,1236
2737,27709295,26.1606338,1580,1680,1328,1442,1521,1241
2738,27719295,26.161038,1584,1682,1330,1442,1526,1237
2739,27729295,26.1614342,1579,1680,1327,1442,1521,1240
2740,27739295,26.1618279,1584,1694,1331,1435,1521,1233
2741,27749295,26.1622506,1582,1686,1331,1432,1535,1238
2742,27759295,26.1626588,1579,1686,1328,1441,1521,1235
2743,27769295,26.1630733,1581,1692,1331,1438,1521,1235
2744,27779295,26.163693,1574,1680,1329,1440,1522,1235
2745,27789295,26.1644137,1583,1682,1329,1445,1521,1232
2746,27799296,26.1651864,1577,1687,1330,1440,1521,1232
2747,27809295,26.1660444,1585,1674,1331,1442,1525,1236
2748,27819295,26.1696206,1589,1679,1329,1442,1524,1243
2749,27829295,26.1840229,1581,1706,1329,1442,1524,1241
2750,27839296,26.1872725,1579,1680,1330,1442,1522,1238
2751,27849296,26.3113079,1585,1681,1336,1442,1521,1230
2752,27859295,26.3123298,1583,1680,1330,1438,1522,1235
2753,27869295,26.3131317,1535,1680,1330,1448,1526,1235
2754,27879296,26.3139712,1579,1673,1338,1442,1521,1233
2755,27889296,26.3145237,1575,1683,1329,1435,1520,1234
2756,27899295,26.3150395,1578,1680,1347,1435,1521,1233
2757,27909295,26.3156539,1584,1689,1338,1441,1523,1244
2758,27919295,26.316219,1591,1685,1328,1442,1522,1234
2759,27929296,26.3167343,1584,1683,1335,1442,1525,1236
2760,27939296,26.3172615,1583,1682,1341,1442,1534,1229
2761,27949296,26.3180339,1579,1690,1333,1444,1522,1238
2762,27959296,26.3188602,1581,1680,1328,1433,1521,1241
2763,27969295,26.3262532,1584,1680,1331,1442,1523,1240
2764,27979295,26.3272327,1584,1680,1335,1442,1521,1236
2765,27989295,26.3435925,1569,1682,1328,1442,1520,1235
2766,27999295,26.346981,1579,1680,1337,1441,1525,1244
2767,28009295,26.3568082,1579,1680,1338,1442,1522,1233
2768,28019295,26.3729413,1575,1683,1337,1440,1525,1232
2769,28029296,26.3759634,1581,1687,1331,1438,1521,1236
2770,28039295,26.387421,1575,1680,1329,1435,1520,1237
2771,28049295,26.5116428,1573,1680,1358,1442,1523,1237
2772,28059295,26.5125262,1583,1680,1329,1442,1521,1232
2773,28069295,26.5131834,1584,1680,1331,1440,1534,1238
2774,28079296,26.5138585,1578,1685,1329,1440,1527,1242
2775,28089296,26.5144237,1574,1686,1332,1434,1521,1233
2776,28099295,26.5152163,1575,1680,1327,1435,1507,1222
2777,28109295,26.5159099,1582,1681,1330,1443,1526,1237
2778,28119295,26.5166661,1584,1681,1332,1442,1524,1235
2779,28129295,26.51725,1578,1681,1331,1437,1524,1235
2780,28139295,26.5179583,1586,1682,1329,1447,1521,1234
2781,28149295,26.5186827,1583,1684,1330,1435,1522,1235
2782,28159296,26.5198178,1578,1682,1335,1437,1522,1233
2783,28169295,26.5208969,1579,1681,1330,1434,1521,1237
2784,28179295,26.5343893,1582,1685,1331,1442,1519,1235
2785,28189295,26.5377072,1584,1683,1325,1434,1532,1232
2786,28199296,26.5448899,1577,1683,1328,1439,1521,1236
2787,28209295,26.5613963,1582,1685,1317,1441,1525,1232
2788,28219295,26.5654744,1575,1680,1325,1442,1525,1232
2789,28229295,26.5766659,1582,1679,1331,1442,1522,1240
2790,28239296,26.5914712,1581,1680,1328,1432,1521,1240
2791,28249295,26.5956278,1584,1686,1331,1442,1521,1245
2792,28259295,26.7216957,1584,1685,1333,1441,1521,1238
2793,28269296,26.7224345,1584,1683,1328,1444,1524,1223
2794,28279295,26.723043,1581,1681,1328,1441,1527,1239
2795,28289295,26.7235428,1584,1680,1341,1438,1521,1232
2796,28299295,26.7239316,1577,1683,1327,1442,1521,1231
2797,28309295,26.7243056,1578,1679,1303,1439,1525,1247
2798,28319295,26.7247072,1578,1680,1327,1435,1519,1232
2799,28329295,26.7250966,1575,1683,1330,1440,1519,1237
2800,28339295,26.7255062,1578,1680,1328,1434,1524,1232
2801,28349295,26.725886,1575,1680,1328,1442,1523,1236
2802,28359295,26.7262548,1577,1685,1315,1437,1522,1236
2803,28369295,26.7266495,1575,1680,1328,1440,1522,1234
2804,28379295,26.7273528,1583,1680,1329,1442,1519,1233
2805,28389296,26.7370305,1579,1680,1334,1437,1516,1232
2806,28399295,26.7487364,1574,1680,1332,1442,1525,1230
2807,28409296,26.7640476,1578,1679,1328,1443,1522,1237
2808,28419295,26.7671853,1578,1680,1339,1438,1522,1232
2809,28429296,26.7805727,1576,1685,1327,1441,1525,1233
2810,28439295,26.7955455,1583,1687,1335,1441,1524,1241
2811,28449295,26.7960203,1582,1681,1328,1442,1524,1232
2812,28459295,26.9045048,1583,1680,1357,1442,1522,1236
2813,28469296,26.9052919,1579,1680,1330,1433,1521,1236
2814,28479295,26.9058173,1584,1681,1337,1442,1519,1259
2815,28489296,26.9062353,1570,1666,1328,1434,1524,1241
2816,28499296,26.9066729,1587,1682,1333,1443,1526,1236
2817,28509295,26.9071131,1583,1684,1331,1442,1520,1241
2818,28519296,26.9075073,1583,1689,1330,1438,1530,1236
2819,28529295,26.9079337,1580,1685,1338,1442,1533,1232
2820,28539296,26.9083551,1571,1681,1334,1442,1522,1235
2821,28549295,26.9090923,1600,1683,1328,1447,1522,1232
2822,28559295,26.9095822,1575,1680,1327,1442,1524,1234
2823,28569296,26.920669,1581,1681,1328,1438,1527,1241
2824,28579295,26.9251459,1566,1686,1328,1430,1530,1232
2825,28589296,26.9362076,1586,1679,1328,1438,1521,1241
2826,28599296,26.9520188,1584,1680,1331,1441,1525,1237
2827,28609295,26.9553941,1584,1682,1337,1434,1525,1236
2828,28619295,26.9681985,1584,1680,1330,1442,1521,1235
2829,28629296,26.982669,1583,1683,1331,1442,1521,1232
2830,28639295,26.9859797,1583,1676,1344,1438,1522,1235
2831,28649295,27.002794,1581,1669,1338,1440,1521,1235
2832,28659296,27.0058717,1573,1697,1330,1435,1521,1237
2833,28669296,27.1082047,1562,1680,1333,1437,1522,1233
2834,28679295,27.1094486,1586,1687,1346,1442,1524,1237
2835,28689295,27.110082,1578,1695,1331,1442,1522,1234
2836,28699296,27.1104805,1585,1685,1335,1443,1525,1233
2837,28709296,27.1108574,1583,1682,1334,1443,1530,1240
2838,28719296,27.1112566,1577,1680,1328,1442,1512,1233
2839,28729296,27.1116704,1583,1683,1328,1437,1525,1232
2840,28739295,27.1122218,1582,1683,1328,1438,1526,1241
2841,28749296,27.1128416,1583,1680,1329,1443,1524,1240
2842,28759295,27.1137239,1583,1683,1323,1446,1526,1234
2843,28769296,27.1246042,1580,1681,1338,1442,1517,1234
2844,28779295,27.1252981,1584,1686,1314,1442,1524,1232
2845,28789295,27.140083,1582,1681,1328,1438,1527,1238
2846,28799296,27.1556131,1582,1683,1328,1442,1525,1233
2847,28809295,27.1561599,1584,1686,1328,1447,1522,1237
2848,28819296,27.1717919,1578,1681,1330,1438,1520,1232
2849,28829296,27.1758576,1584,1682,1329,1441,1521,1241
2850,28839295,27.1912297,1571,1681,1328,1442,1522,1235
2851,28849295,27.1948827,1584,1682,1329,1453,1526,1232
2852,28859295,27.3227639,1574,1685,1328,1435,1525,1231
2853,28869295,27.3238536,1582,1680,1330,1440,1535,1236
2854,28879295,27.3249204,1584,1686,1329,1442,1523,1240
2855,28889296,27.325853,1575,1680,1334,1442,1521,1235
2856,28899295,27.3264851,1583,1678,1334,1439,1522,1238
2857,28909295,27.326981,1594,1682,1330,1429,1523,1235
2858,28919295,27.3274601,1579,1682,1334,1442,1524,1240
2859,28929295,27.3279057,1583,1687,1337,1438,1521,1236
2860,28939295,27.3283457,1579,1680,1332,1442,1521,1235
2861,28949295,27.3288068,1582,1680,1330,1432,1514,1231
2862,28959296,27.3292416,1575,1683,1328,1442,1525,1235
2863,28969296,27.3300873,1580,1681,1331,1435,1526,1233
2864,28979295,27.3309013,1582,1681,1328,1435,1521,1232
2865,28989295,27.3433494,1578,1677,1329,1442,1524,1227
2866,28999295,27.3463855,1574,1682,1328,1445,1520,1235
2867,29009295,27.3585363,1584,1681,1332,1440,1526,1231
2868,29019295,27.3790531,1575,1680,1338,1442,1520,1236
2869,29029295,27.3796895,1584,1686,1335,1438,1523,1236
2870,29039295,27.391001,1588,1681,1332,1429,1527,1235
2871,29049296,27.3949205,1584,1681,1332,1440,1517,1236
2872,29059295,27.4070434,1581,1680,1328,1440,1523,1235
2873,29069295,27.5212682,1612,1682,1335,1442,1522,1234
2874,29079296,27.5220915,1578,1679,1330,1438,1526,1235
2875,29089295,27.5228092,1584,1680,1335,1442,1523,1237
2876,29099295,27.5234927,1586,1680,1331,1442,1521,1236
2877,29109295,27.5241559,1577,1680,1333,1441,1521,1232
2878,29119296,27.5248366,1571,1685,1327,1438,1524,1238
2879,29129295,27.525569,1573,1690,1335,1440,1521,1236
2880,29139295,27.5262791,1579,1680,1327,1442,1521,1235
2881,29149295,27.5281751,1583,1681,1333,1433,1521,1233
2882,29159295,27.5297244,1593,1679,1328,1441,1521,1232
2883,29169295,27.5303847,1581,1680,1329,1434,1530,1233
2884,29179295,27.5311712,1576,1681,1333,1438,1523,1235
2885,29189295,27.5372046,1575,1682,1337,1435,1520,1232
2886,29199295,27.5467059,1584,1685,1331,1438,1522,1233
2887,29209295,27.5668639,1582,1683,1331,1435,1520,1231
2888,29219295,27.5676519,1573,1680,1325,1442,1521,1234
2889,29229296,27.5789213,1579,1680,1333,1437,1521,1235
2890,29239295,27.5938272,1579,1681,1331,1442,1526,1250
2891,29249295,27.5969865,1573,1680,1329,1438,1521,1234
2892,29259295,27.6097475,1574,1680,1330,1442,1523,1231
2893,29269295,27.7468024,1574,1681,1328,1442,1523,1234
2894,29279295,27.7481541,1581,1681,1338,1442,1521,1232
2895,29289296,27.748979,1584,1685,1334,1441,1521,1230
2896,29299295,27.7498756,1582,1680,1339,1442,1525,1241
2897,29309295,27.7505633,1580,1680,1333,1442,1523,1232
2898,29319296,27.7514294,1584,1681,1338,1440,1521,1242
2899,29329295,27.7524859,1584,1689,1329,1442,1522,1232
2900,29339296,27.7535123,1575,1680,1331,1441,1524,1236
2901,29349295,27.7542299,1579,1680,1335,1442,1525,1212
2902,29359296,27.7548309,1583,1685,1331,1442,1522,1233
2903,29369295,27.7555421,1583,1683,1328,1441,1521,1236
2904,29379295,27.7561326,1584,1681,1347,1460,1525,1241
2905,29389295,27.7569585,1584,1689,1334,1440,1526,1235
2906,29399296,27.7588017,1579,1680,1338,1442,1522,1235
2907,29409295,27.7598418,1581,1687,1340,1438,1523,1234
2908,29419296,27.768249,1584,1682,1333,1442,1521,1232
2909,29429295,27.7827359,1579,1683,1330,1439,1523,1236
2910,29439295,27.7863768,1575,1681,1329,1435,1520,1236
2911,29449295,27.7978858,1580,1683,1331,1438,1521,1251
2912,29459296,27.8138023,1578,1681,1334,1438,1524,1232
2913,29469295,27.8170685,1584,1680,1328,1432,1523,1235
2914,29479295,27.9270508,1567,1685,1333,1434,1525,1248
2915,29489295,27.9278044,1584,1685,1343,1438,1525,1235
2916,29499295,27.9283339,1590,1681,1330,1438,1523,1232
2917,29509296,27.92896,1578,1682,1333,1442,1524,1233
2918,29519295,27.9295634,1581,1685,1328,1442,1521,1233
2919,29529296,27.9300066,1584,1683,1331,1438,1523,1234
2920,29539296,27.9303825,1588,1680,1328,1442,1524,1238
2921,29549296,27.9307809,1578,1685,1328,1437,1526,1232
2922,29559295,27.9311545,1584,1684,1337,1442,1527,1234
2923,29569295,27.9315258,1584,1680,1328,1438,1525,1233
2924,29579296,27.9321743,1579,1682,1329,1438,1522,1238
2925,29589296,27.9431512,1581,1680,1331,1444,1525,1232
2926,29599295,27.9460324,1579,1682,1334,1438,1532,1237
2927,29609295,27.9702661,1584,1681,1331,1442,1524,1236
2928,29619295,27.9713009,1585,1678,1330,1442,1521,1230
2929,29629295,27.9854521,1584,1682,1328,1442,1521,1237
2930,29639296,27.9860162,1574,1681,1334,1438,1523,1234
2931,29649296,28.0020541,1583,1682,1329,1439,1525,1234
2932,29659296,28.0053203,1580,1681,1335,1438,1524,1233
2933,29669295,28.0180091,1581,1684,1328,1437,1524,1238
2934,29679295,28.1262393,1582,1682,1331,1435,1521,1236
2935,29689295,28.1269422,1584,1680,1328,1441,1522,1241
2936,29699296,28.1275933,1578,1678,1333,1438,1523,1245
2937,29709295,28.1281346,1570,1687,1329,1441,1512,1232
2938,29719295,28.1285549,1584,1680,1328,1441,1526,1232
2939,29729295,28.1289332,1586,1683,1335,1440,1530,1232
2940,29739295,28.1293098,1578,1680,1312,1429,1531,1233
2941,29749296,28.1297154,1571,1680,1329,1437,1524,1232
2942,29759295,28.1300856,1595,1685,1334,1440,1523,1241
2943,29769295,28.1304831,1583,1685,1329,1439,1520,1238
2944,29779296,28.1310878,1579,1681,1333,1445,1525,1244
2945,29789295,28.1366294,1588,1692,1329,1442,1520,1232
2946,29799296,28.1589488,1582,1680,1328,1430,1521,1235
2947,29809295,28.1596809,1591,1680,1335,1444,1525,1232
2948,29819296,28.1759214,1584,1684,1330,1442,1524,1232
2949,29829296,28.176785,1593,1680,1337,1431,1529,1231
2950,29839295,28.1898091,1563,1684,1337,1448,1522,1232
2951,29849296,28.2061105,1576,1687,1345,1442,1521,1235
2952,29859295,28.206554,1579,1686,1347,1428,1521,1242
2953,29869295,28.2259068,1569,1680,1341,1442,1524,1234
2954,29879295,28.2263294,1583,1686,1331,1442,1528,1234
2955,29889296,28.3338686,1573,1691,1325,1442,1526,1232
2956,29899296,28.3348676,1579,1680,1323,1441,1521,1232
2957,29909296,28.336002,1584,1679,1333,1440,1530,1231
2958,29919295,28.3366342,1574,1682,1327,1427,1524,1227
2959,29929295,28.337157,1579,1697,1321,1441,1520,1227
2960,29939296,28.3378362,1594,1685,1334,1442,1521,1241
2961,29949295,28.3385276,1583,1665,1328,1440,1526,1231
2962,29959296,28.3392403,1584,1690,1330,1442,1520,1238
2963,29969295,28.3399144,1584,1687,1335,1441,1533,1245
2964,29979295,28.3405884,1579,1686,1339,1443,1525,1246
2965,29989295,28.3416019,1584,1683,1342,1443,1526,1248
2966,29999295,28.347819,1584,1695,1343,1442,1524,1254
2967,30009295,28.3640606,1582,1687,1338,1442,1530,1248
2968,30019295,28.367107,1573,1698,1334,1438,1526,1241
2969,30029296,28.3812614,1578,1681,1329,1442,1524,1232
2970,30039295,28.3947881,1571,1680,1315,1431,1521,1224
2971,30049295,28.3952348,1583,1680,1328,1438,1521,1229
2972,30059295,28.4148494,1572,1701,1335,1443,1527,1245
2973,30069296,28.4153338,1583,1681,1330,1440,1526,1244
2974,30079295,28.4268605,1584,1687,1339,1437,1520,1236
2975,30089295,28.5380074,1574,1689,1344,1441,1524,1240
2976,30099295,28.5388262,1590,1689,1339,1424,1525,1244
2977,30109296,28.5394696,1584,1686,1338,1435,1524,1240
2978,30119295,28.5401044,1571,1680,1331,1442,1526,1234
2979,30129295,28.5405663,1579,1680,1326,1448,1521,1237
2980,30139295,28.5409437,1582,1681,1323,1442,1521,1232
2981,30149295,28.5413145,1578,1680,1287,1434,1521,1232
2982,30159296,28.5416826,1583,1690,1325,1433,1525,1223
2983,30169296,28.5420693,1574,1690,1321,1442,1526,1223
2984,30179295,28.5424525,1575,1678,1309,1431,1525,1222
2985,30189295,28.5428275,1583,1680,1328,1434,1521,1237
2986,30199296,28.5528917,1579,1687,1325,1438,1523,1232
2987,30209295,28.5561638,1571,1687,1347,1442,1521,1227
2988,30219296,28.5709642,1583,1685,1328,1442,1526,1232
2989,30229295,28.584084,1582,1683,1329,1433,1529,1234
2990,30239296,28.5874714,1585,1687,1332,1442,1527,1237
2991,30249296,28.604502,1586,1682,1309,1442,1521,1236
2992,30259296,28.6070421,1584,1683,1339,1444,1525,1241
2993,30269296,28.6145325,1584,1689,1350,1447,1524,1248
2994,30279295,28.6297228,1595,1697,1365,1452,1530,1257
2995,30289295,28.7770194,1591,1687,1350,1448,1524,1235
2996,30299295,28.7782568,1593,1693,1365,1452,1531,1258
2997,30309296,28.7788864,1596,1678,1349,1448,1521,1254
2998,30319295,28.7793349,1591,1665,1335,1445,1509,1245
2999,30329296,28.779802,1605,1648,1356,1456,1493,1241
3000,30339295,28.7803456,1565,1629,1344,1425,1483,1241
3001,30349295,28.7807945,1584,1602,1331,1463,1456,1241
3002,30359296,28.7812091,1648,1613,1330,1495,1470,1235
3003,30369295,28.7815905,1610,1684,1357,1463,1527,1259
3004,30379295,28.7819695,1648,1718,1379,1510,1547,1277
3005,30389296,28.7823472,1678,1757,1395,1511,1583,1283
3006,30399295,28.7827276,1680,1776,1415,1519,1603,1307
3007,30409295,28.7831361,1698,1781,1424,1530,1612,1312
3008,30419295,28.7835198,1710,1809,1443,1548,1630,1327
3009,30429295,28.7894138,1713,1808,1454,1550,1626,1332
3010,30439295,28.7902342,1726,1829,1466,1558,1630,1351
3011,30449295,28.8001531,1726,1814,1470,1559,1634,1341
3012,30459295,28.8168257,1742,1855,1495,1574,1653,1360
3013,30469295,28.817995,1766,1875,1499,1596,1690,1379
3014,30479295,28.8326718,1778,1885,1520,1600,1688,1384
3015,30489295,28.8361125,1767,1885,1513,1594,1685,1389
3016,30499295,28.9497908,1763,1875,1520,1589,1677,1387
3017,30509295,28.9507822,1745,1874,1499,1583,1688,1376
3018,30519295,28.9517698,1758,1872,1499,1585,1679,1373
3019,30529295,28.9525592,1755,1828,1459,1576,1639,1337
3020,30539295,28.9533432,1758,1842,1456,1585,1655,1351
3021,30549296,28.9538058,1738,1878,1481,1589,1688,1353
3022,30559295,28.9541921,1776,1887,1490,1589,1698,1364
3023,30569295,28.9545856,1769,1919,1527,1577,1711,1395
3024,30579295,28.9550454,1782,1893,1478,1612,1695,1350
3025,30589295,28.9554361,1750,1882,1466,1569,1708,1332
3026,30599296,28.9558898,1781,1936,1495,1612,1734,1371
3027,30609296,28.956538,1793,1882,1477,1619,1691,1359
3028,30619295,28.9776144,1793,1925,1483,1612,1723,1358
3029,30629295,28.9783581,1784,1863,1447,1605,1650,1310
3030,30639295,28.9891506,1793,1831,1443,1614,1651,1327
3031,30649295,29.0180718,1833,2038,1601,1653,1818,1455
3032,30659296,29.0190685,1826,1857,1471,1636,1665,1342
3033,30669295,29.0250111,1846,1968,1578,1640,1758,1428
3034,30679295,29.0260787,1811,1847,1482,1630,1658,1356
3035,30689295,29.0370307,1860,2054,1647,1667,1823,1486
3036,30699295,29.1493693,1826,1797,1434,1629,1632,1337
3037,30709295,29.150038,1838,1899,1497,1647,1693,1368
3038,30719295,29.1508989,1820,1925,1562,1634,1721,1402
3039,30729295,29.1519048,1813,1842,1472,1632,1648,1349
3040,30739295,29.1526218,1808,1874,1481,1632,1687,1362
3041,30749295,29.1533069,1802,1879,1472,1619,1695,1356
3042,30759295,29.1539214,1802,1903,1472,1619,1696,1348
3043,30769295,29.1543902,1787,1909,1456,1606,1707,1326
3044,30779295,29.154775,1793,1941,1485,1614,1743,1362
3045,30789295,29.1552312,1794,1889,1443,1612,1704,1323
3046,30799295,29.1556611,1797,1900,1462,1619,1704,1337
3047,30809295,29.1635712,1785,1893,1453,1609,1697,1346
3048,30819295,29.1669848,1791,1875,1456,1608,1685,1316
3049,30829296,29.1757665,1787,1902,1456,1603,1701,1337
3050,30839295,29.1917406,1783,1872,1442,1617,1686,1340
3051,30849295,29.1957161,1785,1883,1438,1598,1694,1328
3052,30859295,29.2080349,1758,1872,1410,1589,1679,1313
3053,30869295,29.2243097,1750,1809,1379,1595,1630,1282
3054,30879296,29.2277078,1763,1802,1393,1583,1621,1300
3055,30889295,29.239242,1783,1823,1432,1600,1647,1311
3056,30899295,29.3958029,1814,1874,1471,1626,1680,1351
3057,30909296,29.3964949,1835,1882,1470,1626,1682,1371
3058,30919295,29.3969144,1807,1872,1535,1655,1681,1398
3059,30929295,29.3972949,1851,1893,1511,1653,1697,1387
3060,30939295,29.3977041,1856,1924,1535,1671,1724,1402
3061,30949296,29.3981021,1868,1936,1535,1677,1740,1402
3062,30959296,29.3984775,1872,1954,1535,1681,1741,1402
3063,30969295,29.3988527,1871,1947,1535,1681,1743,1402
3064,30979295,29.3992248,1882,1927,1535,1681,1729,1402
3065,30989295,29.3995939,1953,1895,1535,1749,1705,1402
3066,30999295,29.4000266,2009,1851,1520,1796,1662,1387
3067,31009295,29.4004146,2001,1799,1459,1786,1614,1338
3068,31019295,29.4007951,1979,1813,1454,1763,1629,1332
3069,31029295,29.401185,1981,1777,1427,1768,1606,1313
3070,31039295,29.4016422,1915,1707,1341,1710,1547,1248
3071,31049296,29.4025024,1895,1821,1414,1691,1628,1305
3072,31059295,29.4110535,1923,1839,1435,1718,1653,1313
3073,31069295,29.4151801,1947,1870,1474,1739,1679,1340
3074,31079295,29.4268296,1979,1892,1471,1759,1691,1364
3075,31089295,29.4457449,1071,2641,1808,1062,2332,1678
3076,31099295,29.4464686,1733,1680,1399,1596,1562,1323
3077,31109295,29.5676045,1860,1680,1280,1666,1520,1200
3078,31119295,29.5686318,1981,1843,1486,1770,1667,1365
3079,31129295,29.5696729,2044,1856,1486,1819,1665,1362
3080,31139296,29.5704562,2066,1807,1488,1837,1628,1364
3081,31149295,29.5709882,2069,1787,1493,1841,1598,1359
3082,31159296,29.5716111,2066,1807,1488,1832,1635,1360
3083,31169295,29.5721415,2055,1809,1466,1833,1634,1337
3084,31179295,29.5725583,2031,1847,1476,1808,1665,1352
3085,31189295,29.5729316,2031,1855,1479,1805,1672,1355
3086,31199295,29.5733141,2047,1825,1485,1832,1627,1355
3087,31209295,29.5738943,2018,1851,1488,1806,1654,1360
3088,31219296,29.5744722,2022,1789,1459,1795,1610,1341
3089,31229295,29.5838947,2067,1867,1534,1832,1661,1398
3090,31239295,29.5868685,2085,1807,1535,1862,1631,1402
3091,31249295,29.5987798,2076,1831,1558,1839,1642,1425
3092,31259296,29.6159632,2079,1887,1557,1858,1665,1398
3093,31269295,29.6167265,2047,1903,1584,1832,1705,1441
3094,31279295,29.6348267,2029,1904,1575,1808,1704,1426
3095,31289296,29.6357268,2029,1919,1529,1786,1722,1402
3096,31299295,29.6455045,2003,1889,1483,1776,1691,1364
3097,31309295,29.7667572,2001,1839,1438,1782,1654,1337
3098,31319295,29.767564,2015,1776,1399,1808,1598,1293
3099,31329295,29.7685522,2021,1730,1361,1806,1569,1259
3100,31339295,29.7698142,2019,1707,1355,1798,1557,1256
3101,31349295,29.770764,2037,1716,1371,1811,1547,1264
3102,31359295,29.7716009,2056,1712,1376,1818,1548,1277
3103,31369295,29.7724853,2090,1739,1403,1860,1572,1297
3104,31379295,29.7735432,2114,1742,1426,1881,1571,1313
3105,31389295,29.7745138,2141,1753,1460,1907,1579,1337
3106,31399295,29.7755075,2151,1763,1472,1908,1585,1351
3107,31409295,29.7766304,2155,1762,1487,1903,1588,1364
3108,31419295,29.7782707,2134,1773,1488,1889,1598,1363
3109,31429295,29.7848703,2125,1769,1467,1891,1597,1348
3110,31439295,29.7856895,2133,1765,1451,1901,1590,1329
3111,31449295,29.8000348,2086,1756,1405,1851,1583,1293
3112,31459295,29.8197497,2119,1761,1408,1880,1590,1286
3113,31469295,29.8204799,2150,1752,1393,1907,1582,1283
3114,31479295,29.8314742,2170,1754,1391,1911,1584,1284
3115,31489295,29.8358875,2166,1733,1359,1916,1551,1254
3116,31499295,29.8468136,2145,1771,1418,1897,1608,1309
3117,31509295,29.969352,2162,1767,1411,1915,1597,1290
3118,31519296,29.9708357,2155,1777,1420,1913,1598,1299
3119,31529295,29.9718106,2166,1791,1437,1929,1606,1308
3120,31539295,29.9725864,2160,1741,1395,1912,1540,1259
3121,31549295,29.9731572,2159,1823,1470,1919,1642,1348
3122,31559296,29.9737585,2145,1739,1397,1915,1568,1287
3123,31569295,29.9742793,2160,1737,1401,1916,1558,1286
3124,31579296,29.9748285,2141,1639,1351,1915,1478,1251
3125,31589295,29.9753652,2208,1795,1483,1971,1621,1351
3126,31599296,29.9760526,2188,1681,1374,1915,1527,1271
3127,31609295,29.9768674,2151,1680,1362,1915,1519,1259
3128,31619296,29.9778419,2160,1746,1409,1919,1584,1307
3129,31629295,29.9784489,2144,1745,1400,1897,1580,1291
3130,31639295,29.9907118,2127,1739,1367,1869,1574,1268
3131,31649295,30.0098488,2125,1746,1362,1876,1575,1264
3132,31659295,30.0112887,2123,1747,1359,1871,1574,1259
3133,31669296,30.0229892,2047,1749,1354,1831,1574,1237
3134,31679295,30.0269597,2043,1779,1360,1837,1599,1254
3135,31689295,30.0375807,2109,1762,1349,1880,1593,1259
3136,31699295,30.0534416,2120,1744,1346,1887,1575,1259
3137,31709295,30.0562327,2139,1755,1362,1905,1580,1260
3138,31719295,30.180741,2160,1744,1362,1919,1584,1260
3139,31729296,30.1817097,2169,1748,1373,1924,1574,1270
3140,31739295,30.1824149,2162,1675,1326,1918,1511,1236
3141,31749295,30.1829971,2185,1763,1407,1931,1569,1284
3142,31759296,30.1835899,2177,1728,1367,1926,1568,1261
3143,31769295,30.1842583,2176,1731,1360,1921,1565,1261
3144,31779295,30.1851572,2178,1747,1360,1932,1576,1269
3145,31789295,30.1861414,2193,1749,1365,1928,1573,1257
3146,31799295,30.1870574,2203,1744,1344,1943,1573,1243
3147,31809295,30.1883143,2205,1744,1346,1951,1575,1245
3148,31819295,30.1898928,2194,1744,1337,1944,1571,1232
3149,31829296,30.1910866,2197,1742,1329,1947,1574,1238
3150,31839295,30.1979121,2195,1715,1343,1950,1560,1241
3151,31849296,30.198693,2202,1731,1358,1947,1562,1251
3152,31859295,30.2090503,2207,1728,1350,1951,1567,1259
3153,31869295,30.2247949,2192,1730,1359,1946,1562,1258
3154,31879295,30.2254853,2191,1741,1361,1943,1570,1259
3155,31889295,30.2403765,2186,1757,1370,1934,1580,1261
3156,31899295,30.2559925,2186,1754,1365,1934,1598,1266
3157,31909295,30.2567513,2195,1761,1351,1938,1592,1253
3158,31919295,30.3818544,2197,1750,1339,1945,1579,1245
3159,31929295,30.3826138,2213,1735,1343,1953,1575,1245
3160,31939295,30.3832877,2214,1743,1343,1953,1569,1241
3161,31949295,30.38383,2219,1745,1345,1944,1574,1246
3162,31959295,30.3842711,2203,1744,1362,1950,1566,1256
3163,31969295,30.3849221,2192,1753,1354,1941,1575,1245
3164,31979295,30.385648,2190,1757,1350,1931,1585,1245
3165,31989295,30.3862649,2283,1732,1336,2020,1561,1237
3166,31999295,30.3868785,2343,1822,1365,2070,1635,1276
3167,32009296,30.3874828,2234,1771,1345,1967,1591,1253
3168,32019295,30.3880274,2194,1745,1344,1943,1578,1248
3169,32029296,30.3888784,2187,1744,1345,1942,1568,1244
3170,32039295,30.3894762,2181,1753,1357,1929,1582,1259
3171,32049296,30.3967048,2194,1747,1344,1934,1582,1250
3172,32059295,30.41264,2177,1741,1345,1933,1574,1234
3173,32069295,30.4184712,2175,1751,1346,1936,1575,1249
3174,32079295,30.4275952,2182,1744,1360,1942,1580,1245
3175,32089295,30.4433014,2189,1744,1343,1942,1580,1244
3176,32099295,30.4460375,2167,1746,1341,1933,1583,1244
3177,32109295,30.4588876,2192,1751,1344,1942,1574,1236
3178,32119295,30.5773515,2193,1744,1361,1934,1561,1237
3179,32129295,30.5781009,2179,1751,1347,1939,1575,1244
3180,32139295,30.5790667,2192,1746,1343,1941,1581,1232
3181,32149296,30.5797959,2192,1741,1337,1942,1574,1238
3182,32159296,30.5803393,2197,1749,1330,1946,1582,1238
3183,32169295,30.5808664,2193,1744,1334,1941,1571,1233
3184,32179295,30.5814175,2193,1748,1328,1941,1573,1205
3185,32189296,30.5819235,2184,1736,1335,1941,1574,1236
3186,32199295,30.5824101,2182,1742,1341,1937,1578,1234
3187,32209295,30.582904,2171,1743,1340,1924,1574,1235
3188,32219295,30.5834208,2155,1739,1328,1931,1576,1232
3189,32229295,30.5839234,2186,1738,1331,1940,1575,1233
3190,32239295,30.5987234,2186,1744,1328,1941,1573,1232
3191,32249295,30.5993319,2186,1745,1324,1929,1573,1232
3192,32259295,30.6143448,2193,1744,1331,1942,1578,1234
3193,32269295,30.6170264,2208,1734,1319,1942,1574,1231
3194,32279295,30.6303862,2192,1746,1325,1950,1569,1228
3195,32289295,30.6453003,2192,1744,1319,1942,1571,1227
3196,32299295,30.6462824,2201,1744,1317,1927,1574,1227
3197,32309296,30.6645296,2192,1744,1319,1947,1575,1225
3198,32319295,30.6649545,2190,1740,1325,1942,1574,1231
3199,32329295,30.7715004,2192,1744,1318,1942,1574,1223
3200,32339295,30.7726114,2190,1744,1318,1942,1567,1229
3201,32349295,30.7732054,2188,1737,1327,1936,1569,1227
3202,32359295,30.7736711,2186,1742,1325,1934,1579,1232
3203,32369295,30.774065,2188,1741,1325,1941,1566,1220
3204,32379295,30.7744409,2190,1746,1319,1942,1572,1229
3205,32389295,30.7748305,2192,1739,1296,1941,1574,1232
3206,32399295,30.7752336,2186,1739,1322,1939,1571,1230
3207,32409295,30.7756114,2179,1738,1327,1939,1574,1227
3208,32419295,30.7759854,2186,1755,1346,1942,1571,1227
3209,32429295,30.7857668,2190,1737,1329,1942,1572,1231
3210,32439295,30.7865216,2176,1744,1328,1942,1573,1235
3211,32449295,30.8017351,2191,1743,1330,1939,1566,1228
3212,32459296,30.8057062,2192,1744,1325,1938,1574,1227
3213,32469295,30.8167388,2188,1747,1325,1935,1575,1230
3214,32479296,30.8327501,2195,1744,1324,1942,1576,1230
3215,32489296,30.8360063,2181,1738,1325,1942,1575,1224
3216,32499295,30.8518611,2197,1744,1329,1942,1574,1225
3217,32509295,30.8557083,2192,1749,1310,1942,1570,1231
3218,32519295,30.8657827,2186,1733,1328,1932,1574,1232
3219,32529295,30.9785618,2192,1744,1327,1942,1577,1231
3220,32539295,30.97974,2193,1744,1324,1939,1574,1231
3221,32549295,30.9807922,2171,1744,1326,1940,1576,1231
3222,32559295,30.9815838,2192,1759,1335,1933,1574,1227
3223,32569296,30.9821678,2191,1742,1319,1937,1571,1220
3224,32579296,30.9826396,2192,1739,1328,1942,1576,1229
3225,32589295,30.9830885,2182,1744,1328,1960,1572,1232
3226,32599296,30.9838094,2194,1743,1342,1942,1571,1232
3227,32609296,30.9843726,2190,1739,1328,1933,1574,1231
3228,32619295,30.9849535,2185,1742,1324,1937,1566,1232
3229,32629295,30.9855112,2183,1744,1325,1940,1574,1232
3230,32639295,30.989322,2192,1745,1328,1942,1575,1231
3231,32649295,31.0034101,2192,1745,1328,1942,1566,1222
3232,32659296,31.0061104,2199,1743,1331,1936,1569,1235
3233,32669295,31.0190503,2190,1744,1326,1943,1575,1232
3234,32679295,31.0387143,2186,1744,1333,1942,1574,1232
3235,32689295,31.0398056,2187,1731,1325,1939,1574,1222
3236,32699296,31.0503318,2183,1744,1328,1947,1571,1238
3237,32709295,31.0660667,2185,1744,1328,1939,1578,1244
3238,32719295,31.0669939,2192,1743,1328,1942,1571,1259
3239,32729295,31.1773385,2192,1741,1328,1937,1574,1232
3240,32739296,31.1780663,2192,1731,1359,1942,1568,1231
3241,32749295,31.1790262,2192,1742,1325,1937,1571,1229
3242,32759295,31.1797305,2187,1744,1325,1942,1575,1236
3243,32769295,31.180166,2192,1740,1330,1941,1574,1238
3244,32779295,31.1805742,2195,1747,1325,1944,1569,1236
3245,32789295,31.1809931,2189,1744,1333,1942,1571,1234
3246,32799295,31.1813827,2186,1744,1328,1942,1566,1232
3247,32809295,31.181757,2187,1749,1315,1944,1574,1232
3248,32819295,31.1821303,2186,1734,1323,1935,1571,1224
3249,32829295,31.1825038,2197,1747,1353,1946,1572,1233
3250,32839296,31.1917705,2192,1739,1328,1938,1574,1230
3251,32849296,31.1957887,2198,1738,1328,1942,1571,1231
3252,32859295,31.2079422,2191,1741,1329,1942,1573,1237
3253,32869295,31.2165377,2191,1744,1327,1942,1573,1234
3254,32879296,31.2277374,2190,1743,1327,1944,1574,1233
3255,32889295,31.2398169,2194,1741,1339,1939,1574,1237
3256,32899295,31.255599,2193,1744,1328,1942,1573,1259
3257,32909295,31.2562908,2192,1744,1335,1942,1570,1245
3258,32919295,31.2708384,2191,1743,1328,1942,1573,1223
3259,32929295,31.2746274,2192,1744,1328,1942,1561,1231
3260,32939295,31.3865898,2192,1746,1328,1942,1568,1234
3261,32949295,31.3875228,2190,1735,1319,1941,1573,1232
3262,32959295,31.3882435,2195,1744,1302,1942,1574,1256
3263,32969295,31.3887296,2192,1739,1325,1942,1574,1234
3264,32979295,31.3891146,2194,1742,1331,1940,1574,1228
3265,32989296,31.38951,2197,1739,1327,1940,1567,1226
3266,32999296,31.3898909,2192,1740,1330,1938,1570,1232
3267,33009296,31.3902819,2193,1741,1328,1942,1567,1232
3268,33019296,31.3906967,2192,1742,1328,1944,1562,1230
3269,33029295,31.3913024,2198,1742,1326,1940,1574,1225
3270,33039295,31.3968075,2191,1743,1328,1946,1571,1236
3271,33049295,31.3972643,2190,1744,1325,1941,1571,1230
3272,33059295,31.4147431,2192,1745,1329,1941,1557,1259
3273,33069295,31.4155886,2192,1741,1327,1954,1572,1236
3274,33079295,31.4265882,2192,1744,1328,1945,1591,1245
3275,33089295,31.4425552,2193,1744,1324,1942,1566,1229
3276,33099295,31.4463312,2191,1742,1325,1944,1563,1222
3277,33109295,31.4578977,2207,1744,1327,1951,1571,1223
3278,33119295,31.4736418,2192,1739,1326,1946,1562,1232
3279,33129295,31.4770234,2194,1742,1366,1942,1561,1228
3280,33139296,31.5880399,2187,1737,1328,1938,1570,1232
3281,33149296,31.5888487,2193,1737,1327,1942,1575,1230
3282,33159296,31.5893549,2193,1738,1325,1942,1557,1232
3283,33169295,31.5897555,2193,1741,1328,1946,1576,1206
3284,33179296,31.5901666,2194,1743,1328,1943,1574,1231
3285,33189295,31.5905713,2192,1738,1328,1942,1575,1232
3286,33199295,31.5909549,2192,1744,1325,1951,1566,1227
3287,33209295,31.5913265,2190,1738,1326,1944,1578,1224
3288,33219295,31.5916986,2201,1731,1328,1941,1566,1232
3289,33229295,31.592067,2195,1744,1319,1931,1573,1227
3290,33239295,31.5924646,2192,1739,1328,1942,1572,1254
3291,33249296,31.6047954,2206,1741,1318,1943,1573,1232
3292,33259296,31.6072978,2194,1737,1328,1949,1569,1231
3293,33269295,31.6153218,2187,1739,1328,1947,1565,1230
3294,33279296,31.6305117,2192,1739,1327,1944,1571,1228
3295,33289295,31.6462188,2193,1745,1328,1944,1573,1231
3296,33299296,31.6471403,2200,1730,1327,1940,1572,1227
3297,33309296,31.6615116,2192,1744,1325,1947,1573,1232
3298,33319295,31.6657016,2192,1734,1322,1948,1574,1231
3299,33329296,31.6771235,2192,1739,1328,1947,1575,1227
3300,33339295,31.7942802,2192,1754,1328,1942,1566,1230
3301,33349295,31.7950561,2195,1741,1329,1938,1571,1222
3302,33359295,31.7954926,2198,1728,1326,1939,1574,1232
3303,33369295,31.7958677,2192,1743,1326,1943,1571,1232
3304,33379295,31.7962607,2192,1744,1327,1933,1570,1234
3305,33389296,31.7968141,2203,1744,1318,1947,1566,1233
3306,33399295,31.7973484,2194,1744,1319,1941,1568,1233
3307,33409295,31.797775,2197,1737,1325,1943,1571,1233
3308,33419296,31.7981601,2194,1744,1332,1942,1574,1229
3309,33429295,31.7985799,2196,1738,1331,1942,1572,1228
3310,33439295,31.7989764,2187,1736,1325,1950,1570,1221
3311,33449295,31.8026567,2195,1741,1324,1957,1574,1228
3312,33459295,31.8058515,2192,1737,1321,1942,1566,1231
3313,33469295,31.8168383,2189,1739,1323,1940,1570,1231
3314,33479295,31.8328992,2198,1727,1325,1939,1574,1232
3315,33489295,31.8363402,2189,1738,1328,1942,1571,1232
3316,33499296,31.8475256,2183,1737,1328,1947,1573,1224
3317,33509295,31.8647779,2189,1741,1325,1943,1570,1233
3318,33519295,31.8673896,2192,1738,1318,1945,1572,1231
3319,33529295,31.8831369,2192,1734,1324,1946,1566,1230
3320,33539295,31.8862942,2191,1742,1323,1939,1572,1231
3321,33549295,32.0390468,2189,1741,1328,1942,1572,1231
3322,33559295,32.0399433,2192,1742,1328,1946,1574,1233
3323,33569295,32.0409082,2193,1750,1328,1947,1573,1223
3324,33579296,32.041826,2192,1744,1327,1947,1585,1236
3325,33589295,32.0425576,2194,1760,1328,1943,1574,1232
3326,33599295,32.0431167,2192,1739,1319,1944,1574,1244
3327,33609295,32.0437164,2199,1739,1326,1942,1574,1233
3328,33619295,32.0442617,2187,1741,1324,1934,1569,1222
3329,33629296,32.0448103,2202,1743,1327,1942,1570,1228
3330,33639296,32.0454106,2190,1738,1323,1947,1575,1237
3331,33649296,32.0460179,2199,1739,1329,1947,1574,1230
3332,33659296,32.0465514,2195,1738,1325,1944,1574,1230
3333,33669295,32.0471572,2193,1743,1323,1944,1574,1227
3334,33679296,32.0476664,2203,1734,1328,1943,1570,1228
3335,33689295,32.0481313,2193,1743,1322,1942,1571,1228
3336,33699295,32.0542694,2194,1744,1323,1942,1574,1232
3337,33709296,32.056113,2199,1741,1322,1949,1574,1235
3338,33719295,32.0727943,2197,1743,1310,1962,1570,1223
3339,33729295,32.0758584,2196,1708,1329,1947,1560,1225
3340,33739295,32.0848898,2196,1737,1296,1946,1571,1231
3341,33749296,32.2143845,2192,1733,1323,1949,1571,1228
3342,33759295,32.2152557,2192,1737,1329,1944,1568,1232
3343,33769295,32.2159038,2195,1734,1325,1946,1570,1232
3344,33779296,32.2163688,2193,1735,1329,1942,1571,1232
3345,33789295,32.2167788,2194,1738,1327,1942,1566,1227
3346,33799295,32.2172009,2211,1728,1321,1947,1570,1230
3347,33809296,32.2175983,2192,1744,1319,1942,1571,1227
3348,33819296,32.2181793,2199,1743,1325,1944,1566,1220
3349,33829295,32.2187523,2198,1745,1328,1946,1566,1234
3350,33839295,32.2192129,2193,1741,1321,1944,1574,1233
3351,33849295,32.2201507,2194,1744,1320,1947,1575,1227
3352,33859295,32.2208549,2192,1744,1331,1950,1570,1231
3353,33869295,32.2249693,2192,1746,1322,1954,1569,1231
3354,33879295,32.2271932,2194,1739,1328,1942,1573,1232
3355,33889295,32.2391799,2192,1744,1315,1947,1571,1232
3356,33899295,32.259054,2197,1744,1318,1947,1569,1238
3357,33909295,32.2598732,2192,1743,1323,1937,1571,1229
3358,33919295,32.2715115,2193,1735,1336,1946,1572,1231
3359,33929295,32.2866883,2201,1744,1328,1924,1569,1229
3360,33939295,32.2878397,2202,1741,1328,1942,1572,1222
3361,33949295,32.4294806,2203,1737,1329,1941,1571,1231
3362,33959296,32.430221,2204,1739,1313,1947,1573,1232
3363,33969296,32.4309251,2203,1733,1329,1949,1570,1231
3364,33979296,32.4316629,2183,1743,1296,1942,1565,1225
3365,33989296,32.4324249,2194,1739,1330,1944,1572,1231
3366,33999295,32.4329685,2192,1739,1323,1949,1572,1231
3367,34009296,32.4334669,2192,1738,1339,1944,1573,1232
3368,34019296,32.4338633,2192,1735,1317,1943,1572,1238
3369,34029295,32.4342393,2198,1743,1331,1947,1566,1232
3370,34039296,32.4346477,2197,1744,1322,1947,1571,1230
3371,34049295,32.4351547,2201,1743,1328,1951,1569,1232
3372,34059296,32.4360374,2192,1730,1321,1958,1573,1231
3373,34069295,32.4373433,2197,1739,1321,1947,1564,1232
3374,34079296,32.4388034,2206,1737,1327,1942,1569,1232
3375,34089296,32.4459351,2197,1740,1326,1951,1565,1231
3376,34099295,32.4467097,2183,1739,1335,1942,1570,1231
3377,34109295,32.4578957,2192,1735,1328,1944,1573,1225
3378,34119296,32.4734176,2192,1744,1328,1949,1573,1231
3379,34129295,32.4768197,2206,1738,1326,1946,1571,1230
3380,34139296,32.4902113,2215,1721,1315,1947,1571,1232
3381,34149295,32.6053507,2193,1735,1331,1944,1575,1231
3382,34159296,32.6065657,2194,1742,1335,1946,1574,1231
3383,34169295,32.6073894,2192,1734,1315,1942,1566,1228
3384,34179295,32.6080649,2199,1755,1322,1952,1574,1234
3385,34189295,32.6086826,2205,1733,1327,1947,1563,1232
3386,34199295,32.6093155,2197,1740,1326,1942,1574,1232
3387,34209296,32.6100904,2192,1738,1328,1943,1570,1227
3388,34219295,32.6110166,2202,1741,1322,1942,1566,1232
3389,34229296,32.6119552,2207,1743,1305,1942,1574,1227
3390,34239295,32.6129629,2197,1737,1330,1947,1570,1233
3391,34249295,32.613735,2192,1735,1328,1942,1571,1223
3392,34259296,32.6145402,2202,1744,1313,1952,1562,1232
3393,34269295,32.6167732,2192,1738,1326,1947,1571,1230
3394,34279295,32.6341369,2194,1734,1327,1942,1562,1219
3395,34289295,32.6374,2198,1728,1317,1952,1566,1233
3396,34299295,32.6444836,2197,1733,1327,1956,1563,1232
3397,34309295,32.6632344,2203,1741,1332,1942,1571,1231
3398,34319296,32.667579,2197,1733,1328,1946,1573,1227
3399,34329296,32.6787811,2206,1739,1322,1956,1574,1222
3400,34339295,32.6918719,2204,1728,1322,1950,1571,1238
3401,34349296,32.6961248,2208,1739,1335,1942,1565,1224
3402,34359295,32.8126096,2204,1740,1331,1951,1569,1233
3403,34369295,32.8134797,2196,1744,1328,1950,1566,1241
3404,34379296,32.8142848,2210,1740,1328,1947,1574,1236
3405,34389295,32.8151298,2208,1741,1328,1947,1566,1235
3406,34399296,32.8157634,2197,1741,1325,1944,1574,1228
3407,34409296,32.8163062,2194,1747,1328,1944,1570,1232
3408,34419295,32.8168606,2192,1738,1328,1947,1571,1233
3409,34429296,32.8173628,2194,1738,1325,1950,1562,1242
3410,34439295,32.8178953,2196,1731,1318,1947,1566,1232
3411,34449296,32.8185831,2210,1755,1327,1951,1570,1229
3412,34459295,32.8192086,2192,1744,1328,1947,1569,1215
3413,34469295,32.8204016,2192,1744,1328,1949,1569,1231
3414,34479295,32.8321277,2198,1737,1315,1944,1569,1228
3415,34489295,32.8364935,2193,1748,1328,1933,1573,1232
3416,34499295,32.8468517,2181,1743,1327,1951,1572,1238
3417,34509295,32.8640632,2207,1731,1327,1947,1573,1218
3418,34519295,32.8664663,2206,1744,1326,1943,1566,1232
3419,34529296,32.878589,2207,1738,1328,1946,1573,1228
3420,34539295,32.8936907,2197,1734,1327,1946,1569,1232
3421,34549295,32.896824,2205,1717,1325,1942,1573,1231
3422,34559295,33.0103148,2192,1751,1319,1947,1574,1232
3423,34569296,33.0114622,2205,1734,1315,1946,1562,1231
3424,34579296,33.0121184,2195,1739,1328,1946,1570,1232
3425,34589296,33.0125721,2192,1744,1326,1947,1563,1228
3426,34599296,33.012969,2205,1730,1323,1949,1571,1236
3427,34609295,33.013345,2208,1719,1325,1942,1566,1225
3428,34619295,33.0137143,2199,1737,1326,1954,1563,1225
3429,34629295,33.014592,2199,1744,1329,1947,1572,1235
3430,34639296,33.0151946,2199,1718,1328,1959,1565,1223
3431,34649295,33.0157152,2193,1739,1340,1952,1566,1232
3432,34659296,33.0162153,2199,1744,1322,1953,1568,1232
3433,34669295,33.016978,2196,1739,1326,1943,1574,1238
3434,34679296,33.033952,2211,1745,1317,1952,1567,1242
3435,34689296,33.0373975,2195,1731,1323,1951,1569,1232
3436,34699296,33.0502992,2195,1735,1319,1952,1570,1227
3437,34709295,33.0644889,2196,1743,1328,1921,1565,1227
3438,34719295,33.0671139,2202,1741,1324,1952,1562,1231
3439,34729295,33.0799253,2201,1734,1323,1947,1571,1223
3440,34739296,33.0992123,2205,1739,1319,1951,1571,1233
3441,34749296,33.1001182,2202,1733,1321,1952,1573,1225
3442,34759295,33.2148426,2209,1734,1327,1951,1571,1228
3443,34769295,33.2160537,2203,1738,1323,1943,1567,1231
3444,34779296,33.2172569,2192,1742,1326,1949,1566,1235
3445,34789295,33.218506,2202,1743,1326,1952,1571,1229
3446,34799296,33.2194365,2199,1737,1329,1943,1562,1230
3447,34809295,33.2203764,2200,1742,1327,1947,1574,1228
3448,34819296,33.2212338,2204,1738,1330,1942,1563,1232
3449,34829295,33.222075,2199,1739,1328,1947,1562,1232
3450,34839296,33.2227476,2204,1737,1330,1928,1569,1232
3451,34849295,33.2234697,2197,1734,1330,1946,1569,1225
3452,34859296,33.2243487,2206,1739,1323,1946,1575,1245
3453,34869295,33.2256337,2192,1734,1310,1944,1563,1230
3454,34879296,33.2382321,2196,1731,1326,1950,1557,1219
3455,34889295,33.2391378,2192,1738,1323,1952,1566,1232
3456,34899295,33.2456707,2192,1730,1325,1952,1566,1231
3457,34909295,33.2666801,2193,1734,1334,1946,1568,1232
3458,34919295,33.2676248,2202,1734,1323,1947,1570,1228
3459,34929295,33.286611,2206,1740,1328,1953,1566,1231
3460,34939296,33.287196,2208,1730,1329,1951,1572,1229
3461,34949295,33.298631,2197,1730,1330,1949,1571,1225
3462,34959295,33.4242921,2197,1735,1334,1947,1560,1225
3463,34969296,33.4252403,2193,1743,1319,1951,1569,1233
3464,34979295,33.4260259,2197,1731,1329,1946,1574,1232
3465,34989296,33.4265784,2204,1734,1326,1947,1574,1232
3466,34999296,33.4269979,2198,1750,1342,1951,1566,1225
3467,35009295,33.4273789,2193,1741,1331,1960,1570,1227
3468,35019295,33.4277543,2197,1735,1316,1947,1571,1235
3469,35029295,33.428165,2202,1731,1326,1952,1565,1231
3470,35039295,33.4287015,2208,1733,1327,1954,1562,1233
3471,35049295,33.4291056,2202,1748,1327,1948,1566,1228
3472,35059295,33.4294845,2199,1734,1328,1956,1575,1233
3473,35069295,33.4298833,2194,1734,1328,1950,1569,1212
3474,35079295,33.4305519,2199,1733,1323,1951,1572,1236
3475,35089295,33.4393568,2205,1740,1326,1951,1553,1230
3476,35099295,33.4559723,2198,1737,1325,1942,1569,1231
3477,35109295,33.4570646,2208,1743,1350,1945,1566,1241
3478,35119295,33.4735922,2204,1737,1343,1945,1574,1230
3479,35129295,33.476956,2203,1739,1328,1947,1566,1218
3480,35139295,33.4859939,2197,1739,1329,1951,1574,1217
3481,35149296,33.500379,2208,1733,1308,1947,1574,1232
3482,35159295,33.5046668,2202,1744,1327,1950,1572,1227
3483,35169295,33.6184504,2203,1735,1323,1951,1569,1220
3484,35179295,33.6197777,2207,1742,1325,1955,1561,1227
3485,35189296,33.6208059,2203,1739,1325,1950,1568,1213
3486,35199295,33.6217376,2195,1733,1326,1947,1568,1231
3487,35209296,33.6223626,2210,1731,1323,1956,1577,1243
3488,35219295,33.6227724,2203,1744,1319,1949,1564,1231
3489,35229296,33.6231715,2209,1738,1327,1949,1574,1232
3490,35239295,33.6236171,2199,1743,1329,1947,1572,1232
3491,35249295,33.6240037,2199,1737,1313,1944,1567,1237
3492,35259295,33.624382,2200,1741,1321,1950,1574,1231
3493,35269295,33.624768,2196,1735,1322,1950,1566,1232
3494,35279295,33.6253959,2207,1733,1354,1942,1574,1227
3495,35289296,33.6407496,2198,1739,1328,1951,1579,1227
3496,35299295,33.6446511,2203,1737,1329,1962,1565,1230
3497,35309295,33.6610464,2205,1737,1351,1952,1555,1234
3498,35319295,33.6649522,2192,1744,1334,1961,1566,1232
3499,35329295,33.6762274,2209,1739,1324,1947,1579,1230
3500,35339295,33.6883886,2206,1739,1322,1951,1568,1230
3501,35349295,33.7034195,2198,1733,1325,1954,1566,1225
3502,35359296,33.7070445,2197,1743,1327,1950,1574,1225
3503,35369296,33.8212655,2208,1739,1328,1950,1571,1232
3504,35379295,33.8228552,2208,1732,1328,1954,1562,1228
3505,35389295,33.8237669,2207,1732,1327,1942,1571,1232
3506,35399296,33.8243342,2202,1735,1306,1947,1561,1231
3507,35409295,33.8249184,2201,1751,1328,1946,1565,1232
3508,35419295,33.8254255,2207,1730,1329,1954,1575,1221
3509,35429295,33.8258999,2205,1733,1341,1947,1572,1231
3510,35439296,33.8264143,2202,1730,1328,1951,1564,1241
3511,35449295,33.8268338,2205,1740,1309,1953,1574,1228
3512,35459295,33.827213,2208,1735,1323,1951,1570,1232
3513,35469295,33.8276128,2197,1741,1328,1947,1566,1254
3514,35479295,33.8282189,2203,1745,1327,1962,1566,1219
3515,35489295,33.8476131,2208,1738,1327,1951,1573,1232
3516,35499295,33.8481059,2196,1744,1322,1953,1574,1219
3517,35509296,33.8604521,2199,1737,1328,1957,1565,1232
3518,35519295,33.864825,2205,1753,1326,1953,1574,1232
3519,35529295,33.8753795,2206,1744,1296,1954,1563,1230
3520,35539296,33.8904719,2205,1735,1327,1952,1573,1212
3521,35549295,33.8945784,2193,1735,1338,1949,1569,1233
3522,35559295,33.9066376,2196,1735,1322,1955,1566,1241
3523,35569296,34.0300938,2201,1730,1317,1952,1566,1232
3524,35579295,34.0310998,2206,1741,1328,1951,1572,1232
3525,35589296,34.031726,2205,1737,1324,1949,1566,1210
3526,35599295,34.0322805,2199,1742,1327,1947,1568,1233
3527,35609295,34.0328406,2204,1740,1355,1952,1575,1231
3528,35619296,34.0333678,2195,1736,1328,1951,1572,1232
3529,35629296,34.0339377,2202,1733,1328,1959,1566,1232
3530,35639296,34.0345385,2209,1731,1321,1956,1568,1225
3531,35649296,34.0352205,2210,1739,1338,1956,1571,1235
3532,35659295,34.0358635,2217,1738,1325,1960,1566,1234
3533,35669295,34.0364668,2204,1728,1328,1945,1568,1231
3534,35679295,34.0373897,2207,1737,1329,1953,1569,1231
3535,35689295,34.0380522,2203,1733,1322,1956,1566,1232
3536,35699295,34.0447976,2212,1737,1324,1950,1569,1232
3537,35709295,34.0610022,2206,1737,1328,1962,1569,1235
3538,35719296,34.0646288,2203,1742,1328,1963,1571,1231
3539,35729295,34.0772309,2221,1731,1319,1954,1578,1230
3540,35739295,34.0927728,2197,1739,1324,1953,1565,1226
3541,35749295,34.0958215,2198,1742,1322,1945,1548,1227
3542,35759295,34.1076952,2197,1737,1314,1951,1572,1223
3543,35769295,34.2274752,2208,1733,1327,1952,1562,1232
3544,35779296,34.228649,2206,1737,1325,1950,1575,1231
3545,35789295,34.2303664,2197,1734,1329,1947,1573,1234
3546,35799295,34.2313551,2202,1734,1328,1947,1566,1234
3547,35809295,34.2319363,2210,1742,1325,1961,1566,1231
3548,35819296,34.232437,2196,1734,1328,1952,1574,1232
3549,35829295,34.2329432,2203,1745,1328,1955,1569,1235
3550,35839295,34.2334221,2218,1738,1328,1952,1571,1231
3551,35849296,34.2339415,2210,1730,1317,1949,1563,1230
3552,35859295,34.2344584,2205,1743,1323,1955,1570,1233
3553,35869295,34.235115,2208,1738,1326,1952,1573,1242
3554,35879296,34.2357817,2213,1739,1319,1952,1568,1225
3555,35889295,34.2490172,2206,1735,1323,1947,1571,1229
3556,35899295,34.2496589,2204,1730,1328,1951,1566,1230
3557,35909295,34.2650402,2217,1734,1325,1931,1571,1232
3558,35919295,34.265636,2206,1734,1325,1955,1553,1213
3559,35929295,34.2798578,2203,1733,1327,1951,1566,1231
3560,35939295,34.2955433,2192,1735,1322,1954,1566,1234
3561,35949295,34.2959655,2199,1730,1326,1953,1565,1232
3562,35959296,34.3157411,2204,1740,1328,1947,1569,1232
3563,35969295,34.3163814,2204,1732,1328,1949,1566,1231
3564,35979295,34.4289427,2202,1741,1328,1956,1571,1232
3565,35989295,34.4298844,2209,1739,1327,1951,1566,1232
3566,35999295,34.4305522,2210,1742,1322,1944,1566,1232
3567,36009295,34.4311051,2203,1743,1328,1951,1574,1227
3568,36019295,34.4316062,2201,1741,1323,1953,1562,1228
3569,36029296,34.4322221,2206,1728,1323,1950,1566,1225
3570,36039295,34.4333051,2198,1735,1330,1956,1571,1232
3571,36049295,34.4343589,2192,1729,1319,1943,1566,1230
3572,36059295,34.4353119,2200,1733,1330,1947,1562,1231
3573,36069296,34.4362631,2205,1733,1323,1949,1565,1232
3574,36079295,34.4370089,2209,1741,1329,1952,1571,1231
3575,36089296,34.4381453,2199,1733,1325,1954,1561,1232
3576,36099295,34.4517801,2198,1739,1306,1957,1566,1230
3577,36109295,34.455768,2198,1738,1327,1942,1566,1232
3578,36119295,34.4681816,2208,1731,1328,1954,1566,1230
3579,36129296,34.4842921,2207,1739,1331,1951,1566,1231
3580,36139295,34.4873381,2203,1741,1328,1954,1566,1231
3581,36149296,34.5027935,2212,1738,1328,1954,1569,1228
3582,36159296,34.5058499,2204,1739,1303,1955,1572,1230
3583,36169295,34.5167327,2202,1734,1328,1952,1565,1208
3584,36179296,34.6513864,2208,1737,1315,1973,1568,1228
3585,36189296,34.6528846,2203,1735,1327,1951,1560,1227
3586,36199296,34.6536464,2205,1743,1328,1951,1570,1230
3587,36209295,34.6542539,2205,1730,1334,1956,1569,1233
3588,36219295,34.6548833,2201,1740,1328,1954,1566,1227
3589,36229296,34.655603,2208,1730,1325,1947,1567,1237
3590,36239295,34.6563369,2206,1731,1319,1954,1569,1232
3591,36249295,34.6570283,2193,1737,1327,1951,1569,1228
3592,36259296,34.6577895,2211,1734,1334,1945,1570,1232
3593,36269295,34.6590378,2203,1734,1315,1951,1563,1247
3594,36279295,34.6609053,2211,1739,1322,1951,1566,1221
3595,36289296,34.6625272,2192,1738,1328,1955,1574,1231
3596,36299296,34.6638994,2223,1734,1322,1956,1570,1218
3597,36309296,34.664693,2205,1730,1326,1949,1571,1227
3598,36319296,34.6715563,2209,1738,1321,1961,1573,1232
3599,36329296,34.6768911,2207,1727,1317,1951,1558,1228
3600,36339295,34.6899418,2203,1738,1328,1952,1573,1227
3601,36349296,34.702557,2202,1739,1328,1947,1568,1231
3602,36359296,34.7071641,2211,1743,1328,1936,1568,1227
3603,36369295,34.7174307,2201,1733,1321,1947,1569,1222
3604,36379296,34.8296066,2215,1733,1327,1955,1561,1223
3605,36389296,34.8303278,2203,1733,1329,1957,1566,1232
3606,36399296,34.8309257,2202,1738,1328,1955,1573,1231
3607,36409295,34.8314968,2205,1737,1318,1952,1562,1224
3608,36419295,34.8320576,2205,1739,1323,1956,1570,1223
3609,36429296,34.8325115,2209,1738,1321,1951,1570,1230
3610,36439295,34.8329229,2207,1729,1325,1960,1565,1231
3611,36449296,34.8333284,2201,1730,1329,1952,1567,1232
3612,36459296,34.8337269,2212,1741,1318,1954,1570,1234
3613,36469295,34.8341535,2206,1741,1322,1953,1560,1231
3614,36479295,34.8346744,2203,1735,1319,1944,1566,1232
3615,36489295,34.8419053,2192,1731,1325,1951,1570,1228
3616,36499295,34.8453879,2211,1734,1321,1943,1570,1223
3617,36509295,34.857067,2209,1738,1319,1956,1563,1231
3618,36519295,34.8764597,2209,1738,1328,1946,1566,1231
3619,36529296,34.8770133,2192,1727,1325,1950,1566,1232
3620,36539295,34.8881513,2214,1728,1328,1951,1561,1232
3621,36549295,34.9026431,2203,1731,1296,1955,1566,1206
3622,36559295,34.905799,2224,1733,1328,1952,1571,1232
3623,36569295,34.9184283,2214,1735,1319,1963,1548,1224
3624,36579295,35.0355246,2202,1727,1313,1957,1560,1212
3625,36589296,35.0363646,2223,1735,1323,1968,1561,1224
3626,36599295,35.0368706,2218,1734,1333,1942,1572,1234
3627,36609295,35.0372657,2135,1786,1345,1890,1605,1241
3628,36619295,35.0377771,2191,1761,1350,1940,1576,1248
3629,36629295,35.0381771,2203,1722,1312,1951,1562,1223
3630,36639296,35.038776,2211,1731,1322,1956,1574,1223
3631,36649295,35.0392598,2204,1742,1331,1957,1575,1227
3632,36659295,35.0396471,2207,1737,1314,1956,1571,1213
3633,36669295,35.040409,2186,1735,1322,1940,1562,1224
3634,36679295,35.0409425,2210,1733,1306,1957,1573,1208
3635,36689296,35.0442848,2211,1742,1309,1961,1571,1214
3636,36699295,35.0467988,2201,1728,1297,1942,1557,1212
3637,36709295,35.063509,2229,1738,1311,1968,1569,1220
3638,36719295,35.0670344,2218,1743,1317,1966,1573,1231
3639,36729295,35.0758548,2213,1746,1328,1957,1579,1232
3640,36739295,35.0922143,2202,1755,1327,1954,1576,1227
3641,36749296,35.0971612,2201,1744,1311,1954,1577,1250
3642,36759295,35.1075384,2205,1744,1321,1961,1572,1230
3643,36769295,35.123017,2205,1746,1331,1953,1574,1241
3644,36779295,35.1259033,2189,1749,1337,1947,1584,1239
3645,36789295,35.241406,2198,1751,1335,1951,1570,1238
3646,36799295,35.2421298,2256,1747,1329,2010,1575,1232
3647,36809295,35.2427893,2277,1776,1227,1999,1628,1136
3648,36819295,35.2436901,2079,1823,1429,1850,1630,1337
3649,36829295,35.2443588,2185,1726,1318,1938,1561,1231
3650,36839295,35.244803,2197,1680,1261,1942,1519,1176
3651,36849295,35.2452364,2195,1667,1261,1932,1516,1174
3652,36859296,35.2456349,2239,1758,1360,1976,1575,1259
3653,36869295,35.2460186,2238,1757,1381,1972,1588,1285
3654,36879295,35.2463989,2218,1732,1376,1973,1583,1273
3655,36889296,35.2467762,2192,1746,1338,1942,1561,1254
3656,36899295,35.2547949,2205,1702,1307,1952,1548,1215
3657,36909295,35.2554611,2207,1702,1302,1961,1526,1218
3658,36919295,35.2670292,2224,1714,1328,1969,1551,1232
3659,36929296,35.2790998,2120,1757,1399,1865,1588,1300
3660,36939296,35.2944843,2165,1840,1456,1924,1643,1336
3661,36949295,35.2951695,2287,1682,1316,2021,1520,1222
3662,36959295,35.3120852,2219,1669,1269,1968,1511,1180
3663,36969295,35.3154875,2215,1697,1302,1970,1528,1204
3664,36979295,35.3254639,2226,1665,1296,1973,1502,1204
3665,36989295,35.4397289,2207,1574,1267,1962,1431,1190
3666,36999295,35.4406271,2192,1930,1317,1937,1723,1227
3667,37009295,35.4412468,2215,1713,1354,1956,1548,1246
3668,37019295,35.4416865,2220,1689,1335,1965,1529,1241
3669,37029296,35.4420812,2224,1694,1349,1972,1537,1245
3670,37039296,35.4424771,2262,1559,1296,1997,1402,1208
3671,37049296,35.4428744,2231,1493,1247,1968,1380,1168
3672,37059296,35.4432709,2234,1625,1328,1972,1472,1231
3673,37069295,35.443644,2163,1491,1276,1915,1364,1180
3674,37079296,35.4440477,2176,1558,1345,1931,1422,1189
3675,37089295,35.4444278,2209,1621,1328,1960,1471,1230
3676,37099295,35.4507004,2231,1653,1318,1977,1491,1229
3677,37109295,35.4548617,2211,1682,1333,1959,1522,1233
3678,37119295,35.4674188,2195,1673,1312,1942,1504,1223
3679,37129295,35.4828402,2177,1685,1347,1933,1521,1241
3680,37139296,35.4862554,2128,1685,1357,1908,1520,1231
3681,37149295,35.4974758,2128,1633,1311,1877,1484,1218
3682,37159295,35.5136994,2110,1595,1301,1870,1447,1184
3683,37169296,35.5169833,2119,1571,1286,1877,1432,1204
3684,37179295,35.5339751,2127,1557,1267,1894,1429,1197
3685,37189295,35.536831,2129,1535,1285,1889,1402,1189
3686,37199295,35.6468663,2116,1530,1277,1874,1395,1199
3687,37209296,35.6477422,2109,1520,1271,1864,1390,1203
3688,37219295,35.6484454,2078,1518,1295,1858,1386,1195
3689,37229295,35.6488746,2034,1519,1260,1821,1381,1178
3690,37239295,35.6492969,2025,1518,1261,1803,1382,1177
3691,37249295,35.6496949,2032,1510,1247,1809,1388,1167
3692,37259296,35.6501054,2023,1526,1269,1803,1402,1181
3693,37269296,35.650508,2002,1535,1263,1791,1402,1179
3694,37279295,35.6510099,1982,1562,1265,1785,1430,1168
3695,37289296,35.6515495,1982,1567,1248,1776,1428,1171
3696,37299296,35.6548718,1949,1535,1264,1750,1402,1182
3697,37309295,35.655621,1940,1534,1282,1732,1401,1199
3698,37319296,35.6710828,1934,1493,1279,1731,1369,1179
3699,37329296,35.6756927,1936,1484,1279,1731,1364,1194
3700,37339295,35.6864184,1935,1478,1284,1727,1356,1195
3701,37349295,35.7024946,1930,1478,1311,1733,1351,1210
3702,37359296,35.7069586,1930,1455,1280,1718,1320,1193
3703,37369296,35.7207817,1925,1456,1259,1723,1337,1204
3704,37379295,35.724567,1913,1451,1283,1709,1332,1192
3705,37389295,35.8791486,1900,1436,1259,1704,1328,1187
3706,37399295,35.8799981,1885,1409,1257,1696,1296,1172
3707,37409296,35.8805497,1869,1424,1258,1691,1307,1167
3708,37419295,35.8809497,1866,1424,1233,1670,1314,1164
3709,37429295,35.881372,1829,1493,1311,1644,1343,1194
3710,37439295,35.8817556,1809,1462,1269,1632,1337,1181
3711,37449296,35.8821332,1813,1489,1265,1626,1353,1181
3712,37459295,35.8825091,1802,1520,1271,1622,1396,1181
3713,37469295,35.8828842,1789,1535,1273,1608,1402,1191
3714,37479295,35.8832841,1793,1591,1279,1613,1451,1191
3715,37489296,35.8836619,1805,1605,1303,1624,1465,1214
3716,37499296,35.884037,1808,1570,1298,1630,1422,1195
3717,37509295,35.8844185,1823,1518,1292,1640,1387,1208
3718,37519295,35.8852522,1821,1487,1294,1629,1361,1192
3719,37529295,35.885925,1813,1488,1293,1626,1360,1206
3720,37539295,35.8893961,1788,1459,1295,1619,1346,1204
3721,37549295,35.908673,1776,1461,1264,1600,1340,1171
3722,37559296,35.9095057,1813,1481,1277,1630,1350,1186
3723,37569296,35.9199937,1808,1513,1279,1630,1390,1193
3724,37579296,35.9357536,1840,1594,1329,1645,1455,1222
3725,37589295,35.9366326,1566,1506,1399,1392,1351,1322
3726,37599295,36.0613361,1902,1259,1226,1706,1177,1166
3727,37609296,36.0620802,1869,1227,1110,1673,1153,1048
3728,37619296,36.0626122,1776,1406,1179,1599,1303,1126
3729,37629295,36.0631365,1813,1744,1456,1626,1543,1334
3730,37639295,36.0636491,1784,1567,1375,1600,1424,1259
3731,37649295,36.0642039,1806,1523,1360,1627,1402,1256
3732,37659296,36.0647317,1806,1506,1311,1615,1384,1218
3733,37669295,36.0653148,1801,1490,1258,1625,1365,1195
3734,37679295,36.0658615,1813,1484,1264,1639,1364,1181
3735,37689295,36.066363,1841,1441,1247,1656,1325,1162
3736,37699296,36.0668881,1854,1419,1213,1666,1311,1130
3737,37709296,36.0673957,1869,1401,1183,1672,1291,1112
3738,37719296,36.0763951,1863,1397,1194,1671,1304,1127
3739,37729296,36.077665,1895,1377,1194,1706,1253,1136
3740,37739296,36.0951066,1895,1371,1173,1700,1273,1103
3741,37749296,36.0961166,1853,1425,1210,1674,1309,1142
3742,37759296,36.106014,1862,1441,1253,1661,1334,1154
3743,37769296,36.1223268,1842,1455,1243,1663,1335,1153
3744,37779296,36.1281547,1845,1456,1234,1660,1332,1158
3745,37789296,36.138147,1849,1455,1269,1672,1337,1172
3746,37799295,36.320897,1843,1465,1269,1662,1345,1189
3747,37809296,36.3217688,1851,1470,1278,1674,1339,1186
3748,37819295,36.3225439,1867,1467,1277,1675,1342,1192
3749,37829295,36.3231894,1861,1473,1295,1662,1355,1199
3750,37839295,36.3236163,1856,1463,1263,1665,1358,1170
3751,37849296,36.3240068,1853,1450,1249,1654,1336,1172
3752,37859296,36.3243997,1851,1454,1244,1664,1332,1167
3753,37869295,36.3247892,1841,1456,1249,1664,1337,1176
3754,37879295,36.3251715,1845,1455,1244,1664,1340,1168
3755,37889295,36.3255718,1861,1456,1243,1658,1345,1158
3756,37899296,36.3259621,1855,1442,1239,1653,1329,1153
3757,37909296,36.3263452,1855,1460,1245,1663,1337,1158
3758,37919295,36.3267347,1836,1457,1214,1653,1333,1163
3759,37929296,36.3271188,1846,1465,1255,1654,1338,1168
3760,37939295,36.3275173,1843,1465,1260,1655,1344,1175
3761,37949295,36.327909,1840,1456,1239,1654,1337,1163
3762,37959295,36.3282913,1865,1464,1251,1690,1337,1168
3763,37969296,36.3289258,1851,1456,1255,1667,1335,1174
3764,37979296,36.3293405,1858,1446,1247,1664,1337,1167
3765,37989295,36.3396511,1855,1452,1246,1665,1328,1169
3766,37999295,36.4607027,1856,1456,1258,1667,1337,1169
3767,38009295,36.461879,1840,1456,1245,1651,1345,1177
3768,38019296,36.4627488,1841,1457,1249,1653,1350,1171
3769,38029296,36.4632849,1846,1463,1265,1656,1337,1175
3770,38039296,36.4638314,1840,1467,1253,1651,1339,1176
3771,38049295,36.4642478,1840,1463,1255,1651,1345,1172
3772,38059296,36.4646553,1840,1468,1253,1653,1326,1180
3773,38069296,36.4650388,1840,1456,1238,1649,1335,1162
3774,38079296,36.4654126,1813,1450,1242,1654,1334,1161
3775,38089295,36.4658,1856,1445,1239,1661,1333,1163
3776,38099295,36.4661958,1850,1453,1250,1655,1330,1165
3777,38109295,36.4699301,1854,1462,1254,1658,1336,1172
3778,38119295,36.4705779,1842,1455,1247,1662,1346,1175
3779,38129295,36.4809618,1840,1453,1241,1656,1340,1167
3780,38139295,36.4850323,1849,1441,1253,1653,1342,1171
3781,38149296,36.4966116,1847,1458,1246,1653,1333,1165
3782,38159296,36.5143191,1840,1477,1246,1650,1337,1169
3783,38169295,36.5158574,1844,1456,1247,1654,1337,1163
3784,38179295,36.5273044,1841,1462,1253,1658,1338,1167
3785,38189295,36.5436781,1851,1455,1244,1661,1339,1158
3786,38199295,36.5468154,1849,1453,1247,1653,1352,1170
3787,38209295,36.6578977,1845,1453,1245,1657,1337,1158
3788,38219295,36.6586351,1843,1452,1249,1657,1337,1159
3789,38229295,36.6590745,1845,1456,1242,1653,1337,1166
3790,38239296,36.6594674,1843,1455,1245,1658,1335,1167
3791,38249295,36.659892,1854,1458,1252,1657,1336,1167
3792,38259296,36.6602837,1843,1450,1249,1666,1337,1167
3793,38269295,36.6606676,1850,1457,1248,1653,1341,1168
3794,38279296,36.6610515,1849,1461,1253,1664,1340,1177
3795,38289295,36.6614264,1846,1466,1259,1652,1346,1167
3796,38299296,36.661817,1840,1455,1249,1653,1337,1162
3797,38309295,36.6622064,1853,1459,1239,1658,1337,1166
3798,38319295,36.6694408,1843,1451,1241,1663,1337,1167
3799,38329295,36.6830477,1840,1456,1243,1658,1333,1163
3800,38339295,36.686722,1856,1456,1247,1656,1337,1159
3801,38349295,36.6989308,1850,1458,1248,1658,1338,1167
3802,38359296,36.7141848,1847,1456,1249,1655,1338,1161
3803,38369296,36.7147427,1843,1456,1253,1657,1337,1168
3804,38379295,36.7294029,1853,1465,1246,1657,1340,1165
3805,38389296,36.7493558,1828,1456,1243,1653,1337,1167
3806,38399295,36.7497791,1837,1453,1250,1653,1337,1166
3807,38409295,36.8801599,1867,1463,1258,1656,1343,1169
3808,38419295,36.8811103,1847,1456,1245,1666,1337,1167
3809,38429295,36.8822475,1851,1461,1243,1657,1340,1166
3810,38439295,36.8830287,1850,1461,1249,1670,1342,1166
3811,38449295,36.8835429,1845,1456,1237,1658,1339,1162
3812,38459295,36.8839324,1846,1456,1249,1658,1337,1158
3813,38469295,36.8843246,1845,1451,1245,1658,1337,1158
3814,38479295,36.8847701,1842,1456,1240,1658,1337,1164
3815,38489295,36.8851707,1857,1455,1243,1655,1341,1159
3816,38499295,36.8855816,1842,1454,1242,1658,1338,1165
3817,38509295,36.8859821,1845,1455,1242,1661,1343,1163
3818,38519295,36.886382,1845,1451,1232,1663,1337,1154
3819,38529296,36.8870276,1842,1470,1235,1662,1337,1158
3820,38539295,36.8876723,1850,1461,1233,1660,1339,1158
3821,38549295,36.9005897,1855,1452,1243,1654,1336,1157
3822,38559295,36.9054844,1851,1450,1253,1663,1337,1172
3823,38569295,36.9168872,1851,1465,1246,1663,1340,1163
3824,38579296,36.9356805,1852,1463,1261,1666,1338,1166
3825,38589295,36.9361999,1847,1463,1241,1661,1337,1172
3826,38599296,36.9473027,1854,1457,1248,1658,1339,1155
3827,38609296,37.0886835,1855,1456,1248,1661,1337,1161
3828,38619295,37.0898941,1853,1456,1248,1670,1339,1158
3829,38629295,37.0908766,1835,1461,1243,1653,1337,1163
3830,38639296,37.0917653,1850,1456,1251,1661,1342,1164
3831,38649295,37.0927532,1846,1453,1246,1665,1337,1153
3832,38659295,37.0937334,1860,1467,1246,1659,1339,1172
3833,38669296,37.0947322,1843,1460,1247,1665,1342,1176
3834,38679296,37.0956836,1855,1472,1259,1662,1346,1166
3835,38689295,37.0966103,1850,1455,1237,1652,1337,1153
3836,38699295,37.0975799,1845,1458,1232,1655,1346,1155
3837,38709295,37.0986401,1856,1457,1247,1662,1340,1172
3838,38719295,37.0996099,1851,1471,1299,1681,1361,1207
3839,38729295,37.1005957,1859,1467,1262,1657,1351,1176
3840,38739295,37.1023083,1840,1450,1229,1673,1334,1153
3841,38749295,37.1071615,1853,1443,1234,1671,1336,1152
3842,38759295,37.1081803,1859,1453,1231,1667,1323,1157
3843,38769295,37.1248779,1873,1449,1231,1666,1324,1149
3844,38779295,37.1256425,1862,1456,1253,1666,1335,1182
3845,38789295,37.1369343,1861,1454,1251,1667,1336,1171
3846,38799296,37.1541607,1854,1454,1232,1668,1337,1169
3847,38809295,37.1565578,1843,1458,1246,1663,1335,1172
3848,38819296,37.3139221,1851,1457,1251,1663,1337,1163
3849,38829295,37.3151327,1856,1451,1248,1662,1335,1167
3850,38839296,37.3157857,1853,1456,1241,1660,1336,1164
3851,38849295,37.3163247,1854,1466,1241,1666,1337,1166
3852,38859295,37.3169515,1850,1473,1243,1657,1338,1167
3853,38869295,37.3174955,1873,1462,1252,1669,1337,1166
3854,38879295,37.3181126,1845,1451,1245,1662,1335,1158
3855,38889295,37.3187348,1860,1456,1248,1665,1323,1163
3856,38899296,37.3193834,1850,1457,1243,1647,1337,1167
3857,38909295,37.3198908,1843,1456,1251,1665,1330,1164
3858,38919295,37.3202911,1851,1462,1261,1662,1338,1174
3859,38929296,37.3207639,1854,1456,1247,1667,1329,1164
3860,38939295,37.321207,1856,1461,1239,1658,1342,1172
3861,38949295,37.3220198,1859,1459,1250,1658,1337,1166
3862,38959295,37.3225394,1854,1460,1264,1664,1340,1176
3863,38969295,37.3233545,1857,1467,1251,1660,1342,1165
3864,38979295,37.3269026,1850,1456,1255,1655,1338,1166
3865,38989296,37.3418371,1858,1457,1249,1664,1337,1167
3866,38999296,37.345534,1856,1457,1251,1658,1336,1168
3867,39009296,37.357432,1822,1454,1255,1680,1335,1166
3868,39019295,37.4816461,1854,1456,1255,1660,1335,1166
3869,39029295,37.4828036,1860,1437,1250,1658,1337,1162
3870,39039295,37.4835359,1849,1456,1232,1660,1323,1169
3871,39049296,37.4841171,1847,1450,1236,1662,1337,1181
3872,39059296,37.484696,1867,1459,1254,1655,1337,1168
3873,39069295,37.4854237,1856,1458,1254,1667,1340,1171
3874,39079295,37.4861764,1858,1457,1248,1666,1337,1170
3875,39089295,37.4869605,1859,1456,1257,1663,1338,1165
3876,39099295,37.4876542,1861,1459,1255,1659,1339,1170
3877,39109296,37.4884001,1841,1469,1267,1658,1348,1180
3878,39119295,37.4892938,1873,1456,1259,1668,1337,1175
3879,39129295,37.49018,1861,1456,1253,1672,1339,1177
3880,39139295,37.4917861,1875,1447,1236,1665,1326,1165
3881,39149296,37.5017316,1841,1401,1214,1658,1299,1131
3882,39159296,37.5057057,1815,1397,1193,1629,1273,1108
3883,39169296,37.517057,1856,1219,1141,1658,1135,1075
3884,39179295,37.5287549,1966,904,1182,1764,874,1126
3885,39189295,37.5450859,1967,965,1159,1753,922,1093
3886,39199295,37.5457327,1867,1136,1088,1683,1088,1044
3887,39209295,37.5603132,1776,1143,944,1601,1095,917
3888,39219295,37.5641353,1771,1355,1077,1601,1257,1010
3889,39229295,37.7023631,1807,1451,1200,1631,1324,1125
3890,39239295,37.7041293,1869,1483,1331,1667,1373,1232
3891,39249295,37.7058701,1895,1562,1408,1694,1424,1300
3892,39259296,37.7078855,1922,1622,1392,1727,1471,1281
3893,39269295,37.7094202,1941,1782,1357,1736,1612,1252
3894,39279295,37.7110101,1962,1983,1390,1745,1773,1286
3895,39289295,37.7125671,1995,2158,1471,1780,1915,1343
3896,39299296,37.7141828,2065,2229,1526,1831,1956,1389
3897,39309296,37.7152416,2046,2221,1535,1837,1970,1418
3898,39319295,37.7164053,2084,2177,1535,1863,1939,1424
3899,39329295,37.7175182,2091,2099,1526,1865,1864,1392
3900,39339295,37.7192581,2139,1999,1488,1888,1773,1364
3901,39349295,37.720308,2159,1901,1459,1910,1681,1342
3902,39359295,37.7213116,2191,1834,1444,1942,1638,1334
3903,39369295,37.7220314,2214,1790,1479,1977,1639,1384
3904,39379295,37.7352567,1323,1853,1088,1162,1604,956
3905,39389295,37.7372589,2329,1493,927,2020,1399,890
3906,39399296,37.7489073,1738,1502,1460,1574,1366,1352
3907,39409296,37.7640968,1986,1821,1574,1750,1577,1378
3908,39419295,37.766866,1858,1522,1267,1670,1402,1181
3909,39429296,37.8787,1839,1358,1252,1661,1259,1168
3910,39439296,37.8795713,1873,1535,1296,1675,1402,1209
3911,39449295,37.8800604,1861,1418,1244,1667,1308,1155
3912,39459295,37.8804775,1836,1447,1228,1675,1333,1149
3913,39469296,37.8808644,1872,1510,1315,1681,1364,1216
3914,39479295,37.8812406,1843,1409,1221,1650,1305,1145
3915,39489295,37.8820094,1853,1488,1286,1667,1361,1198
3916,39499296,37.8826588,1846,1418,1255,1653,1310,1156
3917,39509296,37.8830984,1821,1486,1274,1660,1361,1184
3918,39519296,37.8835676,1847,1440,1270,1662,1326,1175
3919,39529296,37.8839612,1847,1456,1267,1653,1338,1178
3920,39539295,37.8872763,1853,1455,1264,1663,1328,1183
3921,39549296,37.9018135,1843,1450,1250,1649,1335,1175
3922,39559296,37.907959,1854,1474,1271,1670,1354,1199
3923,39569295,37.9181345,1852,1442,1239,1665,1319,1153
3924,39579296,37.9330862,1852,1473,1275,1672,1353,1187
3925,39589296,37.9362308,1857,1437,1242,1663,1317,1169
3926,39599295,37.9485393,1858,1477,1267,1658,1351,1189
3927,39609296,37.9675771,1843,1438,1253,1658,1320,1168
3928,39619296,37.9682679,1845,1466,1271,1653,1351,1180
3929,39629296,38.0764331,1851,1453,1262,1663,1330,1172
3930,39639295,38.077315,1855,1453,1253,1662,1337,1177
3931,39649295,38.0779563,1835,1459,1255,1661,1332,1172
3932,39659296,38.0786617,1853,1453,1227,1667,1327,1163
3933,39669295,38.0792449,1853,1472,1266,1669,1345,1202
3934,39679296,38.0798318,1857,1435,1235,1658,1319,1172
3935,39689295,38.0803995,1851,1475,1264,1664,1351,1207
3936,39699295,38.0811511,1840,1429,1236,1661,1323,1167
3937,39709296,38.0817353,1863,1466,1262,1684,1340,1177
3938,39719296,38.0822547,1850,1443,1252,1667,1335,1176
3939,39729296,38.0827719,1851,1456,1259,1678,1338,1169
3940,39739296,38.0899216,1856,1464,1258,1672,1337,1177
3941,39749296,38.1047699,1855,1447,1255,1662,1332,1167
3942,39759296,38.1054079,1857,1461,1264,1665,1350,1182
3943,39769296,38.1208351,1859,1443,1246,1661,1330,1167
3944,39779295,38.1244681,1856,1456,1265,1662,1347,1181
3945,39789296,38.1366607,1851,1454,1250,1664,1328,1175
3946,39799295,38.1553078,1851,1457,1259,1665,1336,1177
3947,39809295,38.1557346,1851,1449,1249,1665,1336,1167
3948,39819295,38.1687293,1854,1456,1260,1666,1337,1176
3949,39829295,38.2754317,1840,1456,1256,1667,1337,1172
3950,39839295,38.2761844,1855,1452,1235,1664,1328,1151
3951,39849296,38.2768661,1862,1467,1258,1666,1340,1181
3952,39859295,38.2774811,1851,1446,1249,1667,1337,1172
3953,39869296,38.2779086,1856,1461,1264,1665,1350,1174
3954,39879296,38.2783071,1854,1447,1250,1663,1337,1166
3955,39889296,38.2786899,1847,1456,1253,1663,1342,1180
3956,39899295,38.2790665,1848,1455,1258,1663,1337,1172
3957,39909296,38.2794628,1856,1453,1255,1666,1339,1176
3958,39919295,38.279869,1856,1456,1258,1657,1337,1172
3959,39929295,38.2802558,1850,1450,1245,1666,1340,1178
3960,39939296,38.2920415,1853,1456,1264,1660,1337,1177
3961,39949295,38.2955613,1847,1446,1261,1672,1337,1167
3962,39959296,38.3079968,1856,1461,1258,1666,1339,1176
3963,39969295,38.3233695,1846,1457,1257,1665,1330,1179
3964,39979295,38.3267575,1846,1455,1253,1665,1337,1172
3965,39989295,38.3437258,1857,1453,1262,1668,1356,1175
3966,39999295,38.3466958,1859,1454,1259,1658,1337,1168
3967,40009295,38.3545733,1854,1459,1259,1668,1338,1175
3968,40019296,38.3698103,1856,1456,1254,1670,1334,1176
3969,40029296,38.484301,1851,1456,1259,1667,1339,1180
3970,40039296,38.4854103,1850,1449,1253,1667,1333,1168
3971,40049295,38.4865036,1851,1456,1254,1661,1337,1172
3972,40059295,38.4872031,1851,1453,1251,1667,1340,1162
3973,40069295,38.4876472,1859,1451,1264,1657,1334,1170
3974,40079296,38.4880343,1878,1453,1247,1667,1336,1169
3975,40089296,38.4884112,1857,1456,1248,1657,1337,1177
3976,40099296,38.4888182,1842,1458,1261,1651,1337,1167
3977,40109295,38.4892006,1855,1456,1258,1663,1338,1172
3978,40119296,38.4895763,1855,1456,1259,1671,1342,1169
3979,40129295,38.4899606,1867,1447,1251,1665,1337,1172
3980,40139295,38.4960949,1852,1456,1257,1672,1332,1172
3981,40149295,38.4965472,1850,1453,1258,1663,1337,1166
3982,40159295,38.5115068,1850,1456,1255,1663,1337,1172
3983,40169296,38.5161335,1843,1454,1253,1664,1335,1172
3984,40179295,38.5307473,1855,1456,1254,1656,1343,1179
3985,40189295,38.5352459,1863,1447,1255,1653,1337,1169
3986,40199295,38.5586489,1850,1456,1255,1661,1338,1169
3987,40209295,38.5590835,1855,1455,1249,1666,1330,1169
3988,40219296,38.5735219,1851,1456,1249,1663,1336,1172
3989,40229295,38.5767102,1853,1451,1247,1658,1337,1172
3990,40239296,38.6882286,1856,1456,1254,1657,1335,1172
3991,40249295,38.6891357,1857,1455,1253,1653,1335,1168
3992,40259295,38.6899116,1855,1453,1266,1658,1323,1167
3993,40269295,38.6905528,1855,1452,1255,1665,1338,1170
3994,40279295,38.6910419,1867,1467,1254,1663,1337,1172
3995,40289295,38.691516,1851,1455,1267,1664,1340,1180
3996,40299296,38.6921007,1847,1441,1253,1663,1330,1171
3997,40309295,38.6927856,1853,1453,1258,1658,1334,1189
3998,40319295,38.6933498,1858,1453,1253,1666,1333,1168
3999,40329296,38.6937503,1855,1453,1239,1664,1336,1170
4000,40339295,38.6941365,1859,1450,1253,1667,1337,1175
4001,40349296,38.6999183,1863,1457,1264,1662,1335,1176
4002,40359295,38.7190104,1855,1455,1248,1667,1342,1169
4003,40369295,38.7199265,1846,1446,1259,1663,1337,1167
4004,40379295,38.73083,1855,1456,1239,1663,1336,1167
4005,40389295,38.7346503,1851,1455,1254,1665,1337,1164
4006,40399295,38.7454748,1861,1442,1254,1665,1337,1174
4007,40409295,38.7617248,1853,1453,1251,1667,1337,1166
4008,40419295,38.7657604,1843,1456,1253,1662,1335,1153
4009,40429296,38.7776963,1845,1454,1255,1655,1349,1171
4010,40439295,38.892344,1846,1453,1251,1658,1327,1165
4011,40449295,38.8931751,1855,1456,1251,1655,1335,1162
4012,40459295,38.893948,1853,1439,1255,1677,1346,1166
4013,40469295,38.8945496,1855,1458,1254,1664,1328,1172
4014,40479295,38.8949528,1856,1455,1259,1666,1342,1168
4015,40489295,38.8953334,1862,1461,1259,1663,1323,1143
4016,40499295,38.8957146,1837,1457,1254,1667,1339,1169
4017,40509296,38.8961248,1849,1457,1253,1655,1337,1170
4018,40519296,38.8965257,1841,1455,1251,1661,1337,1165
4019,40529296,38.8969145,1862,1458,1249,1667,1337,1171
4020,40539295,38.8973,1854,1456,1245,1675,1338,1169
4021,40549295,38.9070589,1855,1453,1258,1661,1335,1175
4022,40559295,38.9077714,1853,1456,1252,1661,1337,1172
4023,40569295,38.919782,1853,1456,1257,1662,1334,1176
4024,40579296,38.9350714,1840,1456,1254,1664,1332,1172
4025,40589295,38.9358899,1857,1459,1251,1663,1317,1167
4026,40599295,38.9526727,1850,1456,1251,1659,1337,1172
4027,40609295,38.9559537,1849,1449,1254,1662,1332,1166
4028,40619295,38.9669468,1850,1455,1258,1661,1336,1170
4029,40629295,38.9814469,1854,1453,1250,1658,1337,1169
4030,40639295,38.9854198,1856,1447,1254,1667,1337,1172
4031,40649296,39.0952979,1855,1449,1251,1667,1337,1169
4032,40659295,39.0965369,1854,1455,1254,1666,1337,1172
4033,40669295,39.0972167,1846,1456,1261,1658,1337,1168
4034,40679295,39.0976731,1847,1457,1259,1665,1337,1168
4035,40689296,39.0981247,1868,1451,1254,1647,1342,1167
4036,40699296,39.0985431,1854,1456,1251,1655,1333,1168
4037,40709295,39.0989473,1854,1457,1249,1672,1342,1180
4038,40719295,39.099329,1850,1457,1269,1663,1337,1179
4039,40729295,39.0997327,1840,1458,1258,1664,1338,1169
4040,40739296,39.1001263,1854,1456,1251,1662,1337,1176
4041,40749295,39.1007714,1847,1456,1250,1664,1337,1171
4042,40759295,39.1068232,1851,1456,1259,1670,1333,1175
4043,40769295,39.1229551,1852,1458,1257,1661,1337,1167
4044,40779295,39.1259514,1861,1455,1253,1659,1337,1174
4045,40789296,39.1375115,1850,1456,1248,1665,1336,1172
4046,40799295,39.1537578,1847,1454,1258,1657,1337,1171
4047,40809295,39.1566757,1849,1457,1252,1656,1337,1167
4048,40819295,39.1688394,1849,1460,1254,1667,1329,1169
4049,40829296,39.1877379,1853,1453,1253,1671,1350,1169
4050,40839295,39.1881654,1862,1455,1251,1662,1339,1172
4051,40849295,39.3443168,1859,1447,1252,1666,1337,1171
4052,40859295,39.3452289,1857,1471,1251,1666,1337,1180
4053,40869295,39.3460118,1855,1455,1253,1666,1337,1174
4054,40879296,39.3465364,1850,1457,1259,1664,1337,1168
4055,40889295,39.3470433,1858,1456,1262,1669,1336,1171
4056,40899295,39.3476749,1861,1455,1249,1661,1337,1166
4057,40909295,39.3483646,1856,1456,1251,1666,1343,1167
4058,40919295,39.3492452,1847,1456,1262,1665,1337,1171
4059,40929295,39.3500847,1861,1455,1251,1658,1337,1169
4060,40939295,39.3507291,1866,1462,1249,1658,1334,1170
4061,40949295,39.3513941,1853,1450,1248,1658,1333,1167
4062,40959295,39.3520088,1857,1456,1249,1664,1337,1165
4063,40969295,39.3526795,1857,1450,1239,1657,1337,1166
4064,40979295,39.3538109,1851,1456,1251,1665,1337,1172
4065,40989295,39.3545531,1861,1453,1258,1666,1335,1165
4066,40999296,39.3550031,1855,1456,1246,1659,1337,1166
4067,41009295,39.3557428,1855,1457,1250,1662,1337,1169
4068,41019295,39.3748264,1853,1462,1248,1663,1337,1168
4069,41029295,39.3754728,1853,1456,1245,1663,1337,1169
4070,41039296,39.3858509,1853,1455,1252,1666,1336,1171
4071,41049296,39.4989857,1857,1458,1252,1648,1335,1170
4072,41059295,39.4996979,1862,1461,1255,1667,1337,1172
4073,41069295,39.5002889,1858,1451,1250,1668,1337,1177
4074,41079296,39.5007828,1854,1456,1257,1675,1333,1172
4075,41089295,39.5012017,1866,1458,1255,1663,1343,1174
4076,41099295,39.5018311,1856,1456,1253,1660,1337,1175
4077,41109296,39.5024993,1854,1456,1252,1666,1337,1169
4078,41119295,39.5030756,1856,1458,1258,1664,1342,1171
4079,41129295,39.5035819,1859,1453,1254,1666,1343,1180
4080,41139295,39.5041384,1863,1456,1258,1664,1350,1166
4081,41149295,39.5103452,1847,1453,1253,1662,1337,1181
4082,41159295,39.5109093,1861,1456,1255,1670,1340,1178
4083,41169295,39.5145666,1856,1453,1254,1662,1342,1172
4084,41179295,39.5257929,1855,1459,1262,1664,1337,1177
4085,41189296,39.5415188,1863,1456,1255,1664,1337,1169
4086,41199296,39.5464768,1861,1455,1247,1664,1337,1172
4087,41209295,39.5606785,1857,1456,1249,1664,1345,1172
4088,41219296,39.566015,1851,1455,1261,1668,1337,1164
4089,41229295,39.5885385,1857,1445,1254,1667,1333,1172
4090,41239295,39.5889813,1853,1456,1255,1664,1340,1169
4091,41249295,39.7025692,1855,1457,1251,1658,1337,1180
4092,41259295,39.7037709,1855,1456,1247,1663,1342,1174
4093,41269295,39.7044587,1861,1471,1257,1665,1337,1172
4094,41279296,39.7049258,1851,1453,1264,1662,1337,1174
4095,41289296,39.7053195,1843,1453,1255,1671,1334,1172
4096,41299295,39.7057319,1845,1456,1262,1663,1337,1176
4097,41309295,39.7061289,1845,1457,1251,1664,1338,1175
4098,41319295,39.7064986,1854,1456,1254,1672,1332,1175
4099,41329296,39.7069013,1870,1458,1255,1675,1337,1172
4100,41339296,39.707278,1851,1454,1246,1666,1340,1171
4101,41349295,39.7076546,1841,1455,1257,1658,1337,1176
4102,41359295,39.713173,1847,1455,1246,1653,1342,1163
4103,41369295,39.7159121,1845,1454,1250,1664,1332,1165
4104,41379295,39.7289299,1849,1456,1254,1666,1337,1191
4105,41389295,39.7478203,1854,1457,1255,1666,1342,1172
4106,41399295,39.7484569,1842,1455,1249,1657,1336,1172
4107,41409295,39.760036,1851,1466,1263,1670,1335,1181
4108,41419295,39.7743722,1856,1456,1262,1663,1337,1180
4109,41429295,39.7748784,1856,1450,1248,1653,1335,1169
4110,41439295,39.7902713,1829,1456,1247,1655,1337,1180
4111,41449295,39.7945786,1851,1447,1247,1658,1328,1165
4112,41459296,39.9214556,1847,1423,1215,1652,1313,1139
4113,41469295,39.9225285,1853,1349,1175,1678,1245,1110
4114,41479295,39.9235389,1918,1491,1328,1718,1374,1229
4115,41489295,39.9245195,1847,1296,1203,1665,1199,1127
4116,41499295,39.9254318,1873,1201,1223,1688,1127,1152
4117,41509296,39.9267651,1866,1264,1226,1671,1178,1143
4118,41519295,39.9276717,1756,1209,1132,1566,1143,1075
4119,41529296,39.9283125,1786,1375,1180,1601,1245,1080
4120,41539295,39.9288122,1811,1459,1211,1628,1346,1139
4121,41549295,39.9292537,1887,1535,1290,1690,1427,1205
4122,41559296,39.9297509,1936,1738,1403,1733,1571,1300
4123,41569295,39.9302456,1969,1883,1488,1772,1685,1364
4124,41579295,39.9361709,1986,2022,1488,1773,1800,1368
4125,41589295,39.9374028,1980,2095,1459,1782,1874,1350
4126,41599295,39.9467924,2010,2091,1467,1803,1882,1351
4127,41609295,39.9628952,2086,2021,1465,1846,1799,1339
4128,41619296,39.9662233,2030,1853,1365,1771,1652,1250
4129,41629295,39.9779781,1971,838,665,1864,816,695
4130,41639295,39.994353,1250,1778,944,1156,1625,940
4131,41649295,39.9969159,1840,1502,1430,1660,1385,1322
4132,41659295,40.149973,1914,2113,1886,1716,1818,1630
4133,41669295,40.1515217,1873,1503,1202,1695,1368,1126
4134,41679296,40.1527389,1870,1287,1123,1688,1196,1061
4135,41689295,40.1535827,1859,1443,1214,1667,1326,1149
4136,41699295,40.1543432,1854,1427,1244,1667,1309,1165
4137,41709295,40.155481,1853,1473,1259,1664,1360,1180
4138,41719295,40.1566507,1867,1458,1265,1668,1333,1182
4139,41729295,40.1580911,1857,1445,1242,1640,1324,1164
4140,41739295,40.1596862,1866,1481,1285,1671,1349,1206
4141,41749295,40.1611558,1845,1440,1247,1654,1325,1165
4142,41759295,40.1627104,1843,1472,1270,1663,1353,1189
4143,41769295,40.1639133,1847,1432,1247,1665,1319,1165
4144,41779296,40.165133,1847,1470,1269,1661,1352,1182
4145,41789295,40.1660037,1853,1447,1255,1655,1328,1167
4146,41799295,40.1671619,1857,1447,1259,1660,1340,1178
4147,41809295,40.1680231,1856,1456,1262,1667,1337,1180
4148,41819295,40.169114,1856,1462,1255,1674,1337,1177
4149,41829296,40.1822292,1858,1457,1261,1666,1339,1184
4150,41839295,40.1860311,1854,1445,1262,1666,1332,1173
4151,41849296,40.198449,1847,1462,1264,1653,1338,1181
4152,41859296,40.338375,1850,1444,1231,1664,1314,1169
4153,41869295,40.3394197,1837,1454,1254,1655,1342,1172
4154,41879295,40.3401879,1854,1442,1247,1662,1330,1167
4155,41889295,40.3409094,1845,1457,1253,1661,1339,1162
4156,41899295,40.3415862,1842,1451,1245,1657,1337,1163
4157,41909296,40.3422072,1845,1445,1251,1665,1337,1172
4158,41919295,40.3428655,1851,1449,1250,1667,1332,1167
4159,41929295,40.3435733,1846,1452,1242,1660,1337,1168
4160,41939295,40.344213,1846,1461,1264,1658,1348,1180
4161,41949295,40.3448691,1840,1442,1232,1680,1323,1154
4162,41959295,40.3456098,1845,1454,1242,1661,1332,1167
4163,41969295,40.3463184,1856,1447,1258,1664,1328,1172
4164,41979295,40.3469428,1856,1451,1246,1641,1337,1163
4165,41989295,40.3474913,1846,1457,1269,1667,1342,1186
4166,41999295,40.3534712,1849,1468,1279,1667,1340,1190
4167,42009295,40.3566065,1857,1455,1265,1667,1342,1191
4168,42019295,40.3703061,1867,1454,1263,1667,1334,1178
4169,42029296,40.3853518,1851,1442,1230,1661,1320,1156
4170,42039295,40.3873315,1855,1424,1232,1664,1311,1144
4171,42049295,40.4053593,1833,1437,1219,1657,1322,1148
4172,42059295,40.4061762,1841,1439,1251,1654,1322,1166
4173,42069295,40.5144799,1854,1426,1258,1675,1312,1168
4174,42079295,40.5152281,1882,1383,1218,1691,1277,1139
4175,42089295,40.5158647,1869,1358,1210,1679,1262,1139
4176,42099296,40.5164988,1795,1486,1264,1648,1383,1193
4177,42109296,40.5172243,1742,1561,1302,1574,1425,1206
4178,42119295,40.5177771,1757,1637,1317,1591,1486,1212
4179,42129296,40.5182421,1933,1610,1193,1729,1469,1121
4180,42139295,40.5186382,2000,1841,1488,1787,1635,1350
4181,42149296,40.5190696,1953,1829,1703,1744,1643,1507
4182,42159295,40.5202557,2070,1718,1557,1837,1548,1422
4183,42169296,40.5238054,2023,1833,1643,1806,1657,1487
4184,42179295,40.5269073,1955,1845,1519,1743,1660,1390
4185,42189295,40.5387242,1942,1841,1505,1754,1655,1382
4186,42199296,40.5558623,2707,956,1578,2349,938,1402
4187,42209295,40.5565016,1817,1781,1585,1637,1606,1446
4188,42219296,40.5708583,1535,970,743,1347,993,796
4189,42229295,40.5743453,1683,1562,1149,1532,1432,1104
4190,42239295,40.5905719,1949,1522,1448,1746,1400,1313
4191,42249296,40.5950609,1851,1458,1183,1660,1333,1107
4192,42259295,40.7107118,1903,1472,1178,1700,1355,1097
4193,42269295,40.7115365,1871,1632,1343,1679,1480,1261
4194,42279296,40.7122805,1889,1685,1415,1707,1525,1304
4195,42289296,40.7128024,1894,1709,1457,1701,1548,1356
4196,42299295,40.7132319,1936,1738,1462,1736,1564,1335
4197,42309295,40.7136127,1904,1719,1375,1695,1549,1268
4198,42319295,40.7139848,1808,1782,1345,1614,1613,1271
4199,42329295,40.7143774,2114,1600,1339,1760,1519,1341
4200,42339295,40.7147879,1882,1699,1458,1696,1534,1332
4201,42349296,40.7151957,1888,1715,1474,1692,1548,1348
4202,42359295,40.7158049,1887,1712,1475,1695,1558,1364
4203,42369295,40.7162051,1899,1735,1491,1693,1562,1363
4204,42379295,40.7267072,1903,1729,1475,1703,1550,1346
4205,42389295,40.7439119,1909,1729,1471,1683,1561,1360
4206,42399295,40.7460552,1899,1719,1472,1690,1552,1369
4207,42409295,40.7585789,1894,1729,1486,1693,1571,1364
4208,42419295,40.7775459,1895,1719,1475,1688,1550,1340
4209,42429295,40.7781071,1891,1735,1486,1698,1567,1361
4210,42439295,40.7888999,1893,1721,1471,1689,1553,1355
4211,42449295,40.8036106,1870,1735,1488,1705,1565,1364
4212,42459295,40.8069606,1881,1758,1488,1692,1574,1368
4213,42469295,40.9270328,1881,1746,1494,1696,1587,1369
4214,42479295,40.9283386,1889,1751,1490,1698,1583,1364
4215,42489295,40.9293465,1897,1748,1490,1694,1573,1372
4216,42499295,40.9299518,1890,1733,1487,1703,1566,1351
4217,42509296,40.9304821,1904,1728,1488,1702,1556,1358
4218,42519295,40.9309528,1894,1754,1487,1691,1586,1367
4219,42529295,40.9314339,1869,1776,1491,1704,1608,1367
4220,42539295,40.9319936,1888,1765,1497,1691,1598,1364
4221,42549295,40.9325344,1886,1747,1488,1687,1571,1340
4222,42559295,40.9330216,1894,1733,1488,1699,1555,1359
4223,42569295,40.933488,1921,1695,1477,1711,1529,1351
4224,42579296,40.934246,1904,1637,1459,1705,1494,1343
4225,42589295,40.9455196,1906,1693,1483,1703,1533,1356
4226,42599295,40.9460955,1906,1697,1477,1707,1535,1356
4227,42609295,40.963971,1915,1721,1483,1717,1534,1363
4228,42619295,40.9671367,1899,1715,1481,1707,1553,1362
4229,42629295,40.9755488,1899,1727,1483,1699,1559,1364
4230,42639296,40.9950075,1889,1732,1488,1704,1564,1363
4231,42649295,40.9969087,1891,1734,1463,1695,1572,1360
4232,42659295,41.0080318,1889,1737,1487,1698,1565,1346
4233,42669296,41.1890883,1893,1740,1488,1691,1569,1360
4234,42679295,41.1910147,1889,1729,1485,1692,1569,1359
4235,42689295,41.1923043,1898,1741,1486,1694,1575,1363
4236,42699295,41.1930474,1898,1743,1483,1699,1573,1363
4237,42709295,41.1937195,1890,1737,1486,1694,1563,1360
4238,42719295,41.1943505,1890,1728,1487,1697,1569,1361
4239,42729296,41.1949407,1887,1731,1483,1683,1560,1363
4240,42739296,41.1955774,1894,1733,1483,1689,1562,1361
4241,42749295,41.1961891,1886,1734,1488,1695,1560,1356
4242,42759296,41.1967911,1889,1737,1489,1694,1569,1364
4243,42769295,41.1973663,1893,1731,1509,1693,1566,1355
4244,42779295,41.1979636,1889,1734,1481,1700,1561,1364
4245,42789296,41.1986125,1897,1726,1488,1704,1562,1362
4246,42799296,41.1991969,1893,1714,1472,1699,1560,1364
4247,42809295,41.1998203,1891,1733,1487,1698,1564,1364
4248,42819295,41.2004338,1897,1723,1488,1701,1562,1372
4249,42829295,41.2010817,1891,1725,1482,1697,1558,1369
4250,42839295,41.2020877,1896,1728,1486,1705,1562,1355
4251,42849295,41.2026611,1889,1730,1486,1698,1565,1355
4252,42859295,41.2107616,1893,1728,1488,1698,1556,1362
4253,42869295,41.2146857,1893,1730,1486,1697,1559,1363
4254,42879295,41.3333622,1897,1738,1486,1691,1571,1355
4255,42889295,41.3343015,1888,1733,1488,1693,1565,1364
4256,42899295,41.3351211,1879,1729,1493,1703,1560,1362
4257,42909295,41.3356781,1893,1729,1483,1695,1562,1362
4258,42919296,41.3360806,1891,1729,1479,1696,1557,1363
4259,42929295,41.3364995,1899,1726,1483,1699,1561,1358
4260,42939295,41.3368858,1898,1722,1486,1704,1552,1364
4261,42949296,41.3372618,1887,1739,1488,1680,1568,1362
4262,42959295,41.3376669,1879,1733,1488,1688,1562,1363
4263,42969296,41.3381001,1888,1734,1482,1699,1566,1360
4264,42979296,41.3390769,1892,1726,1491,1700,1565,1363
4265,42989295,41.3396815,1893,1725,1484,1701,1556,1360
4266,42999295,41.3499633,1885,1712,1478,1704,1548,1360
4267,43009296,41.3645948,1895,1711,1477,1701,1548,1360
4268,43019295,41.3652856,1894,1729,1488,1701,1568,1360
4269,43029295,41.3813318,1877,1770,1500,1686,1589,1374
4270,43039296,41.3861789,1890,1717,1488,1690,1573,1363
4271,43049295,41.3951913,1878,1727,1488,1697,1564,1364
4272,43059295,41.4105541,1894,1737,1485,1703,1562,1359
4273,43069295,41.4146159,1897,1739,1486,1694,1563,1364
4274,43079295,41.5283543,1897,1728,1488,1698,1561,1364
4275,43089296,41.5291258,1887,1734,1491,1695,1561,1362
4276,43099295,41.5296142,1892,1733,1482,1690,1571,1356
4277,43109295,41.5300183,1895,1730,1488,1696,1573,1360
4278,43119295,41.5304067,1894,1732,1488,1701,1570,1351
4279,43129296,41.5308364,1897,1734,1488,1695,1566,1362
4280,43139296,41.5312253,1904,1738,1491,1705,1566,1360
4281,43149296,41.531599,1930,1745,1487,1715,1574,1365
4282,43159295,41.5319737,1893,1709,1482,1691,1544,1360
4283,43169296,41.5323482,1901,1677,1477,1702,1524,1346
4284,43179295,41.5329518,1891,1713,1482,1692,1548,1355
4285,43189295,41.5365275,1889,1747,1483,1695,1576,1364
4286,43199295,41.5529659,1955,1747,1463,1746,1566,1365
4287,43209295,41.5560114,2016,1677,1497,1788,1516,1373
4288,43219295,41.5682057,1913,1767,1491,1715,1596,1368
4289,43229296,41.584219,1861,1761,1478,1671,1580,1353
4290,43239295,41.587298,1785,1696,1441,1604,1537,1329
4291,43249295,41.5987386,1809,1882,1603,1630,1691,1456
4292,43259295,41.6186032,1904,1694,1488,1698,1539,1355
4293,43269295,41.6193647,1889,1736,1488,1693,1563,1364
4294,43279296,41.7310313,1889,1733,1479,1690,1548,1356
4295,43289295,41.7322815,1893,1727,1456,1700,1557,1359
4296,43299295,41.7331565,1899,1737,1487,1691,1564,1363
4297,43309295,41.7336838,1893,1723,1489,1701,1573,1364
4298,43319296,41.7340645,1897,1731,1488,1692,1563,1366
4299,43329295,41.7344625,1893,1739,1499,1701,1568,1361
4300,43339295,41.735069,1904,1738,1486,1699,1562,1368
4301,43349295,41.7357557,1892,1731,1485,1695,1562,1359
4302,43359295,41.7364132,1898,1734,1489,1691,1564,1364
4303,43369296,41.7371214,1886,1728,1488,1697,1564,1363
4304,43379296,41.7378309,1895,1733,1488,1701,1562,1364
4305,43389295,41.7414601,1894,1732,1487,1695,1564,1362
4306,43399296,41.745155,1899,1729,1485,1701,1557,1360
4307,43409295,41.7567716,1894,1734,1487,1705,1562,1364
4308,43419295,41.7724436,1890,1730,1482,1696,1560,1360
4309,43429295,41.7762795,1894,1733,1486,1694,1563,1364
4310,43439295,41.787739,1885,1738,1474,1694,1561,1363
4311,43449295,41.8077211,1890,1725,1488,1681,1562,1372
4312,43459295,41.8081456,1903,1728,1495,1699,1565,1364
4313,43469295,41.8192832,1888,1727,1485,1706,1562,1364
4314,43479295,41.9345399,1872,1739,1488,1697,1562,1360
4315,43489295,41.9354115,1893,1728,1489,1694,1565,1365
4316,43499295,41.9363313,1890,1728,1483,1698,1571,1364
4317,43509295,41.9369252,1893,1737,1483,1695,1565,1364
4318,43519295,41.9373426,1889,1734,1489,1688,1555,1361
4319,43529296,41.9377432,1893,1734,1491,1698,1565,1363
4320,43539295,41.9382601,1886,1726,1488,1696,1559,1352
4321,43549295,41.9388497,1888,1727,1488,1700,1565,1361
4322,43559295,41.939278,1890,1742,1482,1692,1562,1363
4323,43569295,41.939718,1894,1733,1487,1683,1563,1363
4324,43579295,41.940353,1897,1719,1483,1695,1563,1362
4325,43589295,41.9456458,1891,1728,1488,1699,1564,1360
4326,43599295,41.9461223,1902,1732,1486,1695,1562,1361
4327,43609295,41.9605558,1892,1731,1487,1704,1568,1363
4328,43619295,41.9650594,1897,1727,1490,1696,1564,1364
4329,43629295,41.9759779,1899,1725,1483,1694,1557,1364
4330,43639295,41.9955942,1901,1729,1488,1697,1553,1363
4331,43649296,41.9961886,1898,1730,1488,1703,1562,1364
4332,43659295,42.0074642,1882,1732,1488,1690,1564,1364
4333,43669295,42.0227307,1894,1729,1486,1700,1559,1363
4334,43679295,42.0257371,1898,1726,1481,1703,1561,1356
4335,43689296,42.1315925,1895,1729,1483,1689,1561,1384
4336,43699295,42.1324944,1886,1731,1486,1696,1564,1371
4337,43709295,42.1332117,1902,1731,1491,1692,1566,1361
4338,43719296,42.1338227,1898,1725,1480,1690,1563,1362
4339,43729295,42.1344758,1894,1730,1488,1704,1564,1363
4340,43739295,42.1352952,1895,1729,1491,1696,1563,1361
4341,43749295,42.1358681,1886,1727,1485,1696,1566,1356
4342,43759295,42.1364134,1903,1729,1485,1701,1562,1364
4343,43769295,42.137063,1895,1727,1492,1679,1559,1360
4344,43779295,42.1376805,1895,1729,1489,1687,1562,1363
4345,43789295,42.1384792,1904,1728,1485,1701,1560,1363
4346,43799295,42.1477467,1888,1731,1488,1693,1563,1363
4347,43809295,42.1636646,1891,1737,1486,1699,1562,1364
4348,43819295,42.1667899,1867,1728,1484,1698,1559,1353
4349,43829295,42.1822596,1898,1727,1485,1693,1561,1365
4350,43839295,42.185755,1895,1734,1488,1691,1561,1364
4351,43849295,42.1944587,1891,1731,1485,1701,1562,1357
4352,43859295,42.2106443,1904,1735,1481,1699,1560,1364
4353,43869295,42.2143128,1893,1733,1488,1700,1558,1360
4354,43879295,42.2252642,1881,1728,1483,1703,1562,1362
4355,43889295,42.3368888,1903,1727,1481,1704,1557,1363
4356,43899295,42.3379252,1898,1743,1487,1676,1562,1359
4357,43909295,42.3386315,1904,1729,1491,1698,1557,1364
4358,43919295,42.3391019,1895,1725,1485,1687,1561,1362
4359,43929295,42.3395152,1887,1732,1483,1703,1560,1364
4360,43939295,42.339896,1896,1742,1475,1699,1563,1355
4361,43949295,42.3403179,1884,1735,1479,1688,1559,1364
4362,43959295,42.3407089,1913,1735,1484,1700,1566,1359
4363,43969295,42.3411183,1899,1727,1488,1696,1565,1359
4364,43979295,42.3415053,1890,1726,1489,1698,1566,1364
4365,43989295,42.3418841,1903,1728,1491,1697,1573,1353
4366,43999295,42.3527344,1898,1732,1488,1697,1559,1360
4367,44009296,42.355839,1881,1730,1488,1705,1567,1369
4368,44019295,42.3709367,1881,1721,1491,1701,1563,1355
4369,44029295,42.3747953,1889,1738,1485,1700,1561,1364
4370,44039295,42.3976648,1883,1732,1483,1691,1562,1362
4371,44049295,42.3982094,1893,1731,1482,1694,1561,1360
4372,44059295,42.4125315,1895,1733,1485,1698,1555,1363
4373,44069295,42.4157624,1893,1732,1486,1700,1561,1364
4374,44079295,42.4275488,1898,1729,1484,1684,1560,1364
4375,44089295,42.5478832,1889,1728,1483,1690,1562,1360
4376,44099295,42.5486517,1894,1728,1486,1700,1565,1360
4377,44109295,42.5498561,1903,1729,1482,1701,1560,1360
4378,44119295,42.5509316,1889,1727,1488,1699,1566,1361
4379,44129296,42.5517048,1882,1727,1483,1705,1571,1362
4380,44139295,42.5524862,1886,1735,1488,1698,1573,1361
4381,44149295,42.5532049,1885,1723,1489,1695,1562,1353
4382,44159295,42.5538919,1889,1731,1477,1700,1558,1355
4383,44169295,42.5546766,1899,1728,1484,1693,1562,1361
4384,44179295,42.5554679,1893,1723,1482,1695,1560,1360
4385,44189295,42.5561974,1887,1730,1488,1691,1570,1364
4386,44199296,42.557361,1888,1734,1483,1696,1568,1363
4387,44209295,42.5581533,1890,1731,1487,1702,1562,1362
4388,44219295,42.5690631,1894,1731,1481,1698,1562,1363
4389,44229295,42.5847711,1890,1730,1487,1699,1562,1363
4390,44239296,42.5873592,1898,1728,1487,1698,1560,1364
4391,44249295,42.5995501,1892,1735,1487,1690,1563,1355
4392,44259295,42.6153327,1900,1732,1487,1696,1566,1364
4393,44269295,42.6158819,1894,1727,1479,1699,1562,1371
4394,44279295,42.6303562,1885,1727,1479,1693,1557,1342
4395,44289296,42.6349267,1891,1728,1488,1695,1560,1364
4396,44299295,42.7478578,1893,1734,1485,1692,1560,1364
4397,44309296,42.7487809,1894,1741,1487,1699,1571,1364
4398,44319295,42.7495028,1887,1733,1488,1691,1569,1361
4399,44329295,42.750013,1902,1735,1488,1698,1566,1364
4400,44339295,42.7504458,1898,1728,1483,1694,1563,1353
4401,44349296,42.7508295,1899,1727,1474,1695,1562,1364
4402,44359295,42.7512947,1890,1728,1478,1687,1558,1355
4403,44369295,42.7518554,1887,1735,1488,1698,1564,1363
4404,44379295,42.7527429,1897,1735,1494,1697,1569,1360
4405,44389295,42.7535744,1901,1733,1511,1693,1571,1348
4406,44399295,42.7542299,1889,1730,1495,1696,1566,1362
4407,44409295,42.7576121,1904,1730,1488,1705,1563,1358
4408,44419296,42.7732649,1891,1728,1477,1693,1562,1363
4409,44429295,42.7758906,1893,1734,1485,1696,1562,1346
4410,44439295,42.7879601,1887,1730,1483,1697,1562,1360
4411,44449295,42.805063,1887,1731,1492,1690,1553,1361
4412,44459295,42.8071372,1898,1732,1491,1696,1568,1362
4413,44469295,42.8192908,1893,1733,1488,1697,1557,1361
4414,44479295,42.8386863,1903,1723,1489,1696,1566,1359
4415,44489295,42.839196,1889,1733,1477,1700,1563,1368
4416,44499295,42.9807177,1900,1739,1489,1696,1562,1364
4417,44509295,42.9815577,1887,1738,1489,1694,1564,1360
4418,44519295,42.9824457,1899,1729,1487,1694,1565,1362
4419,44529295,42.9833166,1882,1729,1484,1691,1562,1355
4420,44539295,42.9839197,1891,1731,1485,1697,1562,1361
4421,44549295,42.9843198,1898,1728,1488,1693,1560,1368
4422,44559295,42.9847581,1886,1734,1481,1699,1560,1360
4423,44569295,42.9853447,1890,1738,1470,1698,1561,1351
4424,44579295,42.9860149,1886,1735,1488,1696,1565,1361
4425,44589295,42.9868978,1887,1728,1483,1699,1562,1353
4426,44599295,42.988168,1894,1728,1487,1696,1562,1358
4427,44609295,42.9891384,1894,1733,1487,1692,1563,1360
4428,44619295,42.9899741,1889,1727,1467,1691,1566,1364
4429,44629295,42.9908043,1886,1727,1470,1693,1566,1365
4430,44639295,42.9918888,1891,1729,1486,1701,1557,1364
4431,44649295,42.9957221,1891,1723,1489,1693,1562,1360
4432,44659295,43.0058747,1890,1733,1457,1699,1553,1362
4433,44669295,43.0243789,1891,1728,1493,1695,1560,1364
4434,44679295,43.024874,1887,1712,1478,1696,1564,1366
4435,44689295,43.036271,1902,1733,1487,1700,1561,1368
4436,44699295,43.1541673,1878,1737,1476,1691,1563,1364
4437,44709295,43.1552428,1885,1729,1473,1692,1557,1356
4438,44719295,43.1559023,1887,1726,1485,1691,1564,1363
4439,44729295,43.1564032,1899,1725,1482,1704,1572,1364
4440,44739295,43.1569255,1893,1727,1488,1697,1560,1364
4441,44749295,43.1576226,1899,1733,1489,1679,1565,1362
4442,44759295,43.1581297,1886,1735,1488,1691,1562,1361
4443,44769295,43.158652,1899,1744,1490,1693,1561,1368
4444,44779295,43.1591758,1898,1728,1485,1696,1562,1364
4445,44789295,43.159724,1893,1727,1490,1695,1557,1364
4446,44799295,43.160231,1893,1726,1494,1691,1557,1376
4447,44809296,43.1610146,1898,1729,1478,1691,1569,1362
4448,44819296,43.1664892,1893,1727,1486,1696,1562,1363
4449,44829295,43.1766846,1893,1744,1510,1694,1564,1362
4450,44839296,43.1925326,1876,1749,1487,1699,1562,1361
4451,44849295,43.1964856,1887,1733,1478,1695,1566,1360
4452,44859295,43.2131382,1881,1734,1487,1695,1563,1355
4453,44869295,43.2158258,1882,1734,1488,1705,1565,1364
4454,44879295,43.2246275,1891,1728,1488,1695,1562,1364
4455,44889295,43.2396871,1898,1734,1491,1699,1562,1361
4456,44899295,43.3597216,1905,1727,1482,1698,1562,1352
4457,44909295,43.3609426,1890,1731,1483,1706,1568,1364
4458,44919295,43.3621082,1901,1735,1489,1695,1577,1356
4459,44929295,43.3631681,1886,1731,1494,1696,1565,1363
4460,44939296,43.3640448,1904,1734,1488,1698,1563,1364
4461,44949296,43.3648391,1891,1734,1487,1693,1561,1364
4462,44959296,43.365398,1892,1725,1475,1696,1562,1364
4463,44969295,43.3658814,1899,1719,1477,1687,1559,1364
4464,44979295,43.3663609,1895,1738,1486,1700,1560,1364
4465,44989295,43.3668613,1905,1728,1485,1698,1565,1366
4466,44999295,43.367368,1887,1738,1485,1694,1563,1366
4467,45009295,43.3679831,1890,1750,1488,1690,1571,1364
4468,45019295,43.3690247,1894,1717,1520,1703,1553,1363
4469,45029295,43.3804277,1905,1681,1474,1713,1525,1342
4470,45039295,43.3864528,1910,1713,1485,1711,1548,1358
4471,45049295,43.4009949,1893,1728,1488,1707,1564,1361
4472,45059295,43.4058574,1882,1751,1485,1684,1575,1369
4473,45069295,43.4275053,1868,1757,1488,1676,1586,1360
4474,45079295,43.4283213,1873,1775,1510,1684,1595,1369
4475,45089295,43.4437945,1898,1745,1494,1701,1565,1364
4476,45099295,43.4467484,1887,1733,1487,1698,1574,1361
4477,45109295,43.5570853,1897,1728,1479,1698,1572,1364
4478,45119296,43.5581388,1898,1730,1485,1699,1562,1364
4479,45129295,43.5588309,1898,1734,1490,1698,1574,1350
4480,45139295,43.5593442,1891,1733,1480,1698,1560,1359
4481,45149295,43.5598751,1885,1731,1488,1695,1558,1362
4482,45159295,43.560398,1889,1731,1485,1694,1562,1364
4483,45169295,43.5609308,1889,1729,1487,1694,1553,1364
4484,45179295,43.5614459,1890,1733,1479,1701,1566,1360
4485,45189295,43.5619682,1894,1737,1489,1703,1566,1363
4486,45199296,43.5624834,1894,1739,1491,1691,1562,1360
4487,45209295,43.5629849,1897,1734,1488,1702,1571,1364
4488,45219296,43.570525,1900,1734,1488,1693,1563,1364
4489,45229295,43.5880647,1896,1730,1483,1696,1562,1364
4490,45239295,43.5887534,1887,1724,1488,1702,1565,1358
4491,45249296,43.5996154,1887,1728,1481,1691,1562,1368
4492,45259295,43.6158953,1887,1728,1487,1701,1566,1364
4493,45269295,43.6166737,1888,1722,1483,1694,1565,1364
4494,45279295,43.6301652,1895,1737,1488,1698,1564,1364
4495,45289295,43.6343916,1897,1733,1497,1696,1564,1367
4496,45299295,43.6464363,1894,1731,1487,1697,1562,1359
4497,45309295,43.7644684,1937,1729,1535,1700,1560,1402
4498,45319295,43.7653522,1919,1663,1439,1718,1504,1333
4499,45329295,43.7660236,1874,1776,1473,1683,1600,1361
4500,45339295,43.7664958,1897,1729,1489,1681,1570,1362
4501,45349295,43.7669922,1877,1744,1489,1705,1568,1364
4502,45359295,43.7674914,1898,1743,1488,1702,1571,1368
4503,45369295,43.7681284,1902,1730,1489,1707,1562,1366
4504,45379295,43.7686664,1897,1731,1483,1700,1565,1363
4505,45389295,43.7692821,1891,1739,1488,1690,1573,1351
4506,45399296,43.7702049,1869,1731,1486,1670,1562,1353
4507,45409295,43.7708485,1872,1719,1478,1683,1560,1364
4508,45419295,43.7797486,1913,1729,1524,1708,1574,1355
4509,45429295,43.7811756,1895,1717,1485,1696,1553,1361
4510,45439295,43.7893139,1907,1727,1486,1707,1560,1353
4511,45449295,43.8075887,1893,1735,1503,1694,1559,1365
4512,45459295,43.8087717,1893,1733,1479,1700,1565,1361
4513,45469295,43.8215553,1901,1731,1488,1686,1566,1360
4514,45479295,43.8373825,1890,1726,1482,1679,1562,1366
4515,45489295,43.8380641,1894,1727,1487,1697,1570,1364
4516,45499295,43.8526182,1888,1737,1483,1696,1563,1362
4517,45509295,43.8561478,1893,1730,1489,1692,1570,1363
4518,45519295,43.9714064,1898,1734,1488,1697,1562,1360
4519,45529295,43.9724963,1895,1730,1488,1699,1573,1364
4520,45539295,43.9730841,1959,1739,1489,1747,1572,1364
4521,45549295,43.9735569,1963,1759,1493,1754,1591,1369
4522,45559295,43.9740395,1954,1705,1460,1739,1533,1356
4523,45569295,43.9745129,1905,1727,1476,1711,1564,1364
4524,45579295,43.9749738,1841,1767,1493,1661,1593,1369
4525,45589295,43.975432,1808,1726,1491,1631,1571,1364
4526,45599296,43.9758749,1841,1744,1497,1663,1574,1364
4527,45609295,43.9763445,1863,1743,1493,1667,1575,1362
4528,45619295,43.9768576,1857,1738,1487,1671,1574,1364
4529,45629295,43.9776707,1870,1760,1488,1665,1589,1365
4530,45639295,43.9917996,1863,1745,1491,1674,1578,1358
4531,45649295,43.9953689,1863,1759,1491,1670,1589,1364
4532,45659295,44.0075209,1854,1741,1477,1664,1572,1349
4533,45669295,44.0224789,1858,1737,1488,1670,1574,1364
4534,45679295,44.0258677,1885,1734,1486,1680,1566,1362
4535,45689295,44.0374372,1886,1727,1488,1690,1560,1360
4536,45699295,44.0579872,1894,1703,1472,1689,1550,1345
4537,45709295,44.0588428,1869,1699,1474,1678,1546,1354
4538,45719295,44.1614013,1909,1702,1486,1724,1546,1359
4539,45729296,44.1624779,1936,1762,1488,1742,1585,1363
4540,45739295,44.1632581,2003,1743,1478,1792,1565,1362
4541,45749295,44.1637143,2038,1695,1477,1808,1530,1354
4542,45759295,44.1641015,2031,1706,1472,1819,1547,1350
4543,45769295,44.1644946,2062,1683,1467,1834,1527,1355
4544,45779296,44.1649084,2039,1699,1482,1821,1529,1356
4545,45789296,44.1652861,1953,1680,1456,1736,1520,1342
4546,45799295,44.1656601,1840,1746,1493,1650,1574,1372
4547,45809295,44.1660366,1876,1774,1490,1681,1598,1360
4548,45819296,44.1786455,1829,1771,1508,1649,1589,1378
4549,45829295,44.1791674,1798,1749,1477,1630,1573,1353
4550,45839295,44.194379,1758,1716,1467,1592,1562,1351
4551,45849295,44.1948063,1764,1714,1463,1601,1550,1342
4552,45859296,44.2103657,1754,1741,1504,1583,1560,1374
4553,45869295,44.2152439,1697,1770,1481,1540,1588,1358
4554,45879295,44.2255437,1701,1776,1513,1540,1601,1382
4555,45889296,44.2453915,1755,1761,1499,1593,1588,1376
4556,45899295,44.2458598,1822,1758,1514,1640,1582,1376
4557,45909295,44.2575227,1873,1774,1516,1671,1594,1378
4558,45919295,44.3722043,1926,1723,1486,1729,1559,1364
4559,45929295,44.3729952,1994,1693,1437,1782,1533,1326
4560,45939295,44.3736663,2045,1701,1447,1821,1543,1330
4561,45949295,44.3741743,2114,1743,1433,1882,1583,1327
4562,45959295,44.3745975,2093,1707,1407,1832,1539,1299
4563,45969295,44.3750036,2099,1679,1456,1863,1520,1346
4564,45979295,44.3755711,1981,1685,1458,1765,1527,1332
4565,45989295,44.3765088,1977,1734,1495,1759,1561,1372
4566,45999295,44.3771575,1977,1718,1487,1757,1552,1352
4567,46009295,44.3777536,1920,1731,1447,1714,1550,1364
4568,46019295,44.3783033,1861,1753,1490,1666,1576,1363
4569,46029295,44.3793141,1830,1765,1506,1653,1584,1396
4570,46039295,44.3956085,1845,1747,1493,1663,1575,1378
4571,46049295,44.396038,1824,1719,1481,1653,1559,1363
4572,46059295,44.4115926,1769,1718,1479,1596,1553,1358
4573,46069295,44.4154643,1773,1712,1481,1611,1550,1356
4574,46079295,44.4312113,1829,1759,1489,1662,1585,1365
4575,46089295,44.4350844,1782,1755,1483,1600,1586,1379
4576,46099296,44.4585855,1790,1744,1494,1621,1572,1369
4577,46109295,44.45901,1840,1743,1488,1658,1574,1364
4578,46119295,44.5814929,1911,1744,1481,1705,1573,1363
4579,46129295,44.5823416,1955,1712,1488,1726,1551,1360
4580,46139295,44.58297,2000,1735,1479,1783,1566,1358
4581,46149295,44.5835365,2034,1699,1475,1815,1539,1353
4582,46159295,44.584054,1930,1737,1482,1731,1566,1364
4583,46169295,44.5846657,2021,1723,1478,1796,1557,1355
4584,46179295,44.5853194,1983,1686,1471,1777,1533,1350
4585,46189295,44.5860417,1946,1687,1471,1739,1532,1338
4586,46199295,44.5867037,1874,1717,1482,1675,1561,1364
4587,46209295,44.5874337,1897,1786,1513,1716,1604,1389
4588,46219296,44.58836,1925,1755,1510,1718,1582,1374
4589,46229295,44.5892592,1885,1728,1488,1690,1561,1373
4590,46239295,44.590486,1888,1715,1473,1684,1550,1350
4591,46249295,44.5976461,1877,1751,1494,1692,1582,1369
4592,46259296,44.6183029,1843,1731,1486,1651,1563,1353
4593,46269295,44.6191445,1777,1744,1480,1605,1566,1364
4594,46279295,44.6288291,1786,1729,1487,1603,1561,1364
4595,46289295,44.6444147,1835,1735,1488,1653,1575,1364
4596,46299295,44.6449909,1777,1745,1495,1608,1594,1369
4597,46309295,44.660282,1760,1762,1495,1586,1589,1367
4598,46319296,44.6647224,1786,1755,1490,1617,1585,1369
4599,46329295,44.7731161,1869,1744,1488,1675,1578,1373
4600,46339296,44.7738671,1923,1727,1480,1721,1566,1364
4601,46349295,44.7745188,1952,1741,1488,1754,1563,1364
4602,46359295,44.7751515,2037,1710,1484,1823,1544,1360
4603,46369295,44.7756073,2118,1659,1477,1879,1502,1353
4604,46379295,44.7759988,1941,1716,1495,1737,1570,1364
4605,46389295,44.7763723,2000,1728,1482,1785,1553,1355
4606,46399295,44.7767791,2032,1719,1466,1810,1545,1360
4607,46409295,44.7771611,2015,1714,1475,1808,1539,1355
4608,46419295,44.7775352,1990,1703,1483,1774,1530,1361
4609,46429295,44.7844768,1936,1743,1510,1730,1577,1375
4610,46439295,44.7851892,1804,1762,1485,1617,1575,1356
4611,46449295,44.8037489,1758,1744,1477,1582,1578,1364
4612,46459296,44.8068184,1771,1759,1529,1599,1587,1371
4613,46469296,44.8156364,1742,1734,1493,1575,1571,1361
4614,46479296,44.831648,1853,1741,1499,1663,1562,1368
4615,46489295,44.835578,1773,1724,1487,1595,1557,1364
4616,46499296,44.8465996,1728,1771,1494,1556,1588,1376
4617,46509295,44.8624171,1797,1771,1494,1617,1595,1364
4618,46519295,44.8656538,1815,1769,1520,1638,1599,1390
4619,46529295,44.9934055,1884,1755,1495,1686,1580,1368
4620,46539295,44.994491,1946,1714,1459,1743,1548,1337
4621,46549295,44.9954162,1985,1680,1449,1769,1519,1337
4622,46559295,44.9960995,2081,1710,1484,1851,1548,1356
4623,46569296,44.9967135,2080,1708,1481,1851,1545,1359
4624,46579295,44.9973091,1904,1739,1488,1697,1570,1368
4625,46589295,44.9979792,1921,1723,1488,1727,1560,1363
4626,46599295,44.9986331,1952,1714,1478,1750,1557,1355
4627,46609295,44.9995822,1936,1738,1485,1727,1562,1361
4628,46619295,45.0006823,1899,1737,1495,1696,1569,1366
4629,46629295,45.001624,1874,1744,1494,1687,1574,1358
4630,46639295,45.0023995,1859,1738,1491,1670,1574,1364
4631,46649295,45.0033431,1840,1737,1502,1653,1566,1383
4632,46659295,45.0197393,1871,1719,1501,1679,1551,1353
4633,46669295,45.0207081,1890,1731,1488,1690,1560,1361
4634,46679295,45.034809,1887,1728,1488,1693,1563,1358
4635,46689295,45.035892,1936,1675,1472,1717,1516,1351
4636,46699296,45.0507842,1895,1741,1491,1703,1570,1364
4637,46709295,45.0545585,1883,1748,1488,1686,1574,1364
4638,46719295,45.0665586,1887,1734,1487,1698,1566,1363
4639,46729295,45.1905251,1895,1734,1482,1697,1562,1364
4640,46739295,45.1913296,1895,1713,1488,1703,1572,1363
4641,46749295,45.1919518,1897,1734,1485,1695,1562,1360
4642,46759295,45.1925096,1888,1737,1487,1704,1561,1360
4643,46769296,45.1930781,1889,1728,1478,1698,1563,1362
4644,46779295,45.1936031,1894,1729,1479,1693,1567,1363
4645,46789295,45.1941067,1897,1735,1482,1692,1562,1378
4646,46799295,45.1946822,1892,1726,1488,1695,1562,1362
4647,46809295,45.1952073,1891,1730,1486,1696,1568,1356
4648,46819295,45.1957086,1888,1723,1487,1694,1560,1358
4649,46829295,45.1962169,1893,1735,1494,1691,1566,1364
4650,46839295,45.1970453,1889,1737,1492,1697,1561,1363
4651,46849295,45.1976185,1887,1728,1482,1689,1570,1338
4652,46859295,45.2073798,1896,1732,1486,1704,1562,1362
4653,46869295,45.2237536,1899,1731,1490,1699,1564,1362
4654,46879295,45.2270105,1899,1730,1497,1697,1562,1363
4655,46889295,45.2403577,1891,1741,1484,1698,1553,1363
4656,46899295,45.2560755,1890,1732,1483,1698,1565,1364
4657,46909295,45.2572806,1892,1730,1506,1699,1568,1364
4658,46919295,45.2764759,1893,1735,1485,1695,1569,1378
4659,46929295,45.2778217,1896,1735,1484,1695,1574,1364
4660,46939295,45.4524475,1895,1731,1494,1694,1568,1368
4661,46949295,45.4534466,1878,1735,1487,1701,1570,1368
4662,46959295,45.4542741,1898,1732,1488,1699,1570,1364
4663,46969295,45.455125,1899,1736,1487,1700,1562,1364
4664,46979295,45.4559286,1895,1742,1487,1694,1562,1368
4665,46989295,45.4565729,1894,1738,1488,1698,1561,1361
4666,46999296,45.4571378,1895,1734,1488,1703,1569,1345
4667,47009295,45.4577303,1895,1730,1488,1697,1563,1365
4668,47019296,45.4583363,1900,1732,1481,1697,1566,1376
4669,47029295,45.4589283,1901,1729,1485,1697,1561,1364
4670,47039295,45.4596068,1891,1711,1485,1693,1560,1365
4671,47049296,45.4602556,1887,1735,1475,1695,1548,1352
4672,47059295,45.4608274,1904,1730,1488,1695,1561,1363
4673,47069295,45.4613929,1887,1729,1488,1694,1563,1363
4674,47079296,45.4619637,1887,1737,1486,1705,1559,1364
4675,47089295,45.4625926,1898,1737,1484,1704,1561,1374
4676,47099295,45.4631899,1899,1732,1488,1701,1561,1364
4677,47109295,45.464078,1888,1733,1481,1696,1574,1364
4678,47119295,45.4658624,1887,1733,1487,1692,1561,1359
4679,47129295,45.4755254,1878,1731,1488,1696,1566,1364
4680,47139295,45.6061734,1887,1727,1488,1703,1560,1365
4681,47149295,45.6069785,1891,1734,1483,1701,1562,1358
4682,47159295,45.6074358,1890,1735,1487,1699,1561,1368
4683,47169295,45.6078931,1904,1730,1488,1714,1562,1360
4684,47179295,45.6082959,1895,1730,1488,1696,1566,1362
4685,47189295,45.6086704,1894,1732,1486,1695,1563,1364
4686,47199295,45.6090665,1892,1729,1488,1695,1570,1360
4687,47209295,45.6094456,1892,1729,1488,1693,1551,1360
4688,47219295,45.6098225,1898,1734,1488,1690,1559,1361
4689,47229296,45.6102599,1862,1725,1488,1682,1566,1361
4690,47239295,45.6106376,1892,1730,1494,1703,1563,1362
4691,47249296,45.6110118,1893,1738,1483,1700,1560,1356
4692,47259295,45.6163127,1899,1733,1481,1693,1562,1367
4693,47269295,45.6167693,1894,1725,1485,1695,1561,1351
4694,47279295,45.6324473,1886,1736,1470,1694,1566,1390
4695,47289295,45.6372778,1886,1733,1488,1690,1563,1364
4696,47299295,45.6509439,1886,1729,1483,1698,1563,1364
4697,47309295,45.6549587,1897,1742,1485,1704,1562,1363
4698,47319295,45.6787433,1893,1730,1488,1693,1562,1356
4699,47329295,45.6794041,1899,1728,1480,1699,1573,1362
4700,47339295,45.8002848,1889,1731,1493,1703,1566,1365
4701,47349295,45.8017897,1894,1731,1479,1698,1569,1343
4702,47359295,45.8027239,1882,1731,1501,1693,1553,1359
4703,47369295,45.8034873,1894,1728,1483,1703,1564,1363
4704,47379295,45.8041511,1899,1728,1479,1692,1570,1364
4705,47389295,45.8049144,1890,1735,1487,1691,1562,1360
4706,47399295,45.8056783,1891,1731,1489,1691,1580,1365
4707,47409295,45.8064465,1898,1735,1488,1694,1568,1364
4708,47419295,45.8072638,1899,1737,1489,1678,1562,1366
4709,47429295,45.8080806,1886,1733,1478,1701,1570,1361
4710,47439295,45.808952,1898,1740,1485,1699,1566,1360
4711,47449296,45.8101106,1895,1732,1487,1696,1570,1364
4712,47459295,45.8111504,1894,1735,1488,1696,1563,1360
4713,47469295,45.8186605,1886,1727,1488,1698,1565,1363
4714,47479295,45.8380597,1895,1734,1486,1703,1562,1356
4715,47489295,45.8389782,1888,1731,1502,1691,1562,1342
4716,47499295,45.8510823,1891,1731,1484,1694,1562,1365
4717,47509295,45.8652165,1890,1733,1488,1704,1562,1364
4718,47519296,45.8657156,1895,1735,1487,1697,1562,1364
4719,47529296,45.8807227,1899,1729,1488,1701,1562,1364
4720,47539295,45.8844573,1887,1746,1489,1682,1566,1362
4721,47549296,46.0067245,1888,1728,1485,1695,1564,1362
4722,47559295,46.0075639,1894,1729,1486,1690,1565,1360
4723,47569295,46.0080308,1893,1733,1488,1694,1562,1356
4724,47579295,46.0084685,1887,1731,1485,1718,1571,1364
4725,47589295,46.0088769,1902,1734,1488,1694,1563,1364
4726,47599295,46.0092681,1895,1737,1483,1701,1569,1361
4727,47609295,46.0097053,1889,1739,1487,1704,1566,1363
4728,47619296,46.0101063,1891,1727,1488,1694,1566,1364
4729,47629295,46.0106218,1902,1735,1489,1694,1566,1363
4730,47639296,46.0110955,1888,1737,1487,1693,1563,1364
4731,47649295,46.0116298,1894,1739,1484,1697,1563,1362
4732,47659295,46.0120854,1896,1734,1485,1700,1566,1362
4733,47669295,46.0239492,1902,1728,1487,1696,1560,1360
4734,47679295,46.0273113,1895,1734,1488,1697,1565,1360
4735,47689295,46.0347516,1891,1731,1495,1703,1566,1364
4736,47699295,46.0511715,1889,1735,1487,1698,1563,1368
4737,47709295,46.0559929,1895,1757,1488,1699,1562,1364
4738,47719295,46.0682403,1889,1732,1489,1697,1566,1360
4739,47729295,46.0812891,1904,1729,1489,1690,1562,1358
4740,47739295,46.0856752,1889,1729,1486,1693,1562,1362
4741,47749295,46.205433,1898,1737,1486,1695,1566,1363
4742,47759295,46.2063493,1892,1733,1491,1695,1562,1364
4743,47769295,46.2070237,1884,1730,1489,1695,1565,1362
4744,47779295,46.2077598,1891,1726,1486,1690,1560,1356
4745,47789295,46.2084267,1897,1732,1489,1703,1566,1362
4746,47799296,46.2091886,1888,1731,1489,1690,1566,1364
4747,47809295,46.209908,1898,1732,1488,1690,1561,1360
4748,47819295,46.2105593,1898,1732,1484,1698,1563,1358
4749,47829296,46.2112104,1897,1726,1488,1697,1563,1364
4750,47839295,46.2118927,1894,1743,1486,1700,1563,1369
4751,47849295,46.2125228,1891,1737,1488,1693,1564,1364
4752,47859296,46.2134812,1887,1731,1486,1701,1562,1361
4753,47869295,46.2216425,1899,1729,1488,1705,1560,1364
4754,47879296,46.2256129,1883,1735,1488,1700,1562,1364
4755,47889295,46.2388687,1884,1721,1491,1695,1562,1364
4756,47899295,46.253443,1889,1730,1488,1698,1566,1356
4757,47909295,46.256164,1903,1729,1488,1692,1561,1364
4758,47919295,46.2692962,1885,1730,1488,1693,1561,1363
4759,47929296,46.2858291,1893,1730,1487,1688,1565,1362
4760,47939295,46.2869467,1890,1739,1489,1704,1574,1364
4761,47949295,46.4446537,1893,1736,1488,1691,1566,1364
4762,47959295,46.4458365,1895,1737,1489,1690,1563,1364
4763,47969295,46.4465559,1901,1742,1488,1695,1566,1363
4764,47979295,46.4471213,1893,1734,1487,1699,1565,1360
4765,47989295,46.4477329,1887,1729,1488,1700,1565,1362
4766,47999295,46.448301,1891,1731,1488,1695,1562,1360
4767,48009295,46.4488089,1891,1730,1488,1690,1568,1363
4768,48019295,46.4493314,1886,1742,1487,1697,1565,1361
4769,48029295,46.4498365,1889,1738,1486,1694,1565,1360
4770,48039296,46.4503382,1903,1742,1488,1700,1569,1366
4771,48049295,46.4508353,1899,1734,1489,1690,1571,1360
4772,48059295,46.4514354,1899,1735,1488,1705,1565,1361
4773,48069295,46.452341,1887,1735,1493,1698,1562,1364
4774,48079295,46.4530709,1897,1741,1490,1701,1563,1364
4775,48089296,46.4536351,1887,1732,1489,1700,1562,1364
4776,48099295,46.4541944,1888,1728,1488,1691,1565,1364
4777,48109296,46.4551815,1895,1734,1490,1703,1570,1364
4778,48119295,46.4723921,1895,1733,1488,1700,1566,1364
4779,48129295,46.4754968,1898,1737,1489,1698,1566,1361
4780,48139296,46.4914865,1875,1734,1498,1698,1566,1364
4781,48149296,46.495555,1895,1735,1487,1695,1565,1360
4782,48159295,46.6053395,1892,1735,1488,1695,1568,1369
4783,48169295,46.6061524,1898,1735,1487,1700,1561,1346
4784,48179295,46.6069124,1899,1737,1485,1699,1566,1366
4785,48189296,46.6074386,1903,1740,1485,1697,1563,1364
4786,48199295,46.6078607,1889,1733,1481,1695,1565,1365
4787,48209295,46.608565,1891,1731,1490,1706,1562,1364
4788,48219295,46.6090029,1895,1733,1479,1696,1568,1365
4789,48229295,46.6093821,1890,1739,1488,1698,1564,1365
4790,48239296,46.6097807,1901,1739,1492,1699,1566,1373
4791,48249295,46.6101836,1893,1730,1483,1690,1562,1364
4792,48259295,46.6136197,1893,1733,1487,1703,1566,1364
4793,48269295,46.6156754,1908,1727,1488,1694,1566,1364
4794,48279296,46.6277528,1898,1735,1481,1702,1571,1364
4795,48289295,46.644084,1887,1727,1487,1688,1565,1364
4796,48299295,46.6469527,1890,1738,1483,1702,1563,1362
4797,48309296,46.660572,1890,1737,1485,1696,1561,1365
4798,48319295,46.6787852,1888,1733,1483,1698,1559,1364
4799,48329296,46.6793996,1889,1726,1488,1700,1561,1356
4800,48339296,46.6907717,1889,1727,1485,1690,1563,1346
4801,48349295,46.6947629,1893,1730,1489,1687,1562,1364
4802,48359295,46.8067997,1890,1737,1486,1700,1571,1364
4803,48369296,46.8075375,1891,1735,1479,1701,1561,1348
4804,48379295,46.8081763,1890,1739,1488,1701,1566,1365
4805,48389295,46.8087491,1894,1735,1488,1691,1566,1363
4806,48399295,46.8092973,1887,1730,1488,1695,1570,1364
4807,48409295,46.8098655,1874,1744,1488,1694,1571,1359
4808,48419295,46.8104946,1893,1733,1486,1699,1567,1369
4809,48429296,46.811396,1868,1734,1487,1700,1566,1361
4810,48439295,46.812145,1903,1732,1488,1681,1566,1364
4811,48449295,46.812727,1899,1735,1491,1691,1566,1364
4812,48459295,46.8163986,1896,1738,1488,1692,1571,1379
4813,48469295,46.8172023,1913,1738,1490,1703,1563,1363
4814,48479295,46.8310406,1898,1739,1483,1690,1572,1362
4815,48489296,46.83579,1904,1742,1493,1704,1571,1364
4816,48499295,46.8457893,1883,1728,1482,1690,1566,1362
4817,48509295,46.865409,1893,1735,1488,1704,1571,1364
4818,48519295,46.8661904,1914,1731,1488,1713,1569,1368
4819,48529295,46.8774359,1874,1729,1486,1696,1567,1364
4820,48539295,46.8934021,1891,1744,1488,1702,1569,1356
4821,48549295,46.8967815,1886,1741,1493,1697,1571,1364
4822,48559295,47.006652,1897,1734,1487,1700,1569,1364
4823,48569296,47.0076277,1891,1731,1488,1700,1566,1364
4824,48579296,47.0081609,1897,1725,1484,1696,1562,1363
4825,48589295,47.0085699,1883,1728,1483,1698,1561,1364
4826,48599295,47.008987,1898,1735,1478,1698,1563,1360
4827,48609295,47.0093801,1898,1739,1489,1705,1570,1362
4828,48619295,47.0097829,1890,1737,1488,1691,1561,1373
4829,48629295,47.0101856,1892,1738,1488,1696,1564,1364
4830,48639295,47.0105791,1894,1731,1485,1705,1561,1364
4831,48649296,47.0109796,1893,1738,1488,1698,1568,1363
4832,48659295,47.0113613,1894,1744,1488,1696,1565,1361
4833,48669295,47.0185456,1893,1731,1486,1693,1558,1350
4834,48679295,47.0339286,1898,1730,1488,1696,1569,1364
4835,48689295,47.0370124,1891,1724,1486,1687,1564,1364
4836,48699295,47.0525908,1897,1734,1488,1692,1562,1369
4837,48709295,47.0556213,1893,1734,1488,1697,1562,1368
4838,48719295,47.0653358,1890,1729,1491,1698,1558,1364
4839,48729295,47.0803765,1892,1719,1486,1702,1564,1366
4840,48739295,47.0846403,1892,1735,1489,1697,1566,1360
4841,48749295,47.0961545,1879,1731,1493,1694,1562,1362
4842,48759295,47.2095667,1892,1734,1487,1694,1566,1364
4843,48769295,47.2104982,1901,1739,1488,1704,1560,1360
4844,48779295,47.2113703,1896,1733,1487,1695,1566,1369
4845,48789296,47.2118951,1893,1729,1488,1693,1568,1366
4846,48799295,47.2122898,1888,1733,1485,1696,1567,1364
4847,48809296,47.2126805,1888,1735,1485,1701,1555,1363
4848,48819295,47.2130608,1898,1737,1520,1696,1561,1363
4849,48829295,47.2134404,1905,1726,1487,1699,1567,1365
4850,48839295,47.2139266,1897,1728,1487,1679,1565,1364
4851,48849295,47.2143096,1897,1730,1474,1700,1558,1362
4852,48859295,47.2146887,1898,1744,1487,1695,1562,1363
4853,48869296,47.2198663,1878,1728,1495,1697,1562,1364
4854,48879295,47.2399201,1891,1727,1483,1697,1566,1355
4855,48889295,47.2407572,1896,1725,1492,1696,1563,1363
4856,48899296,47.250689,1889,1734,1483,1705,1562,1368
4857,48909295,47.2552248,1889,1733,1488,1696,1565,1367
4858,48919295,47.2662123,1886,1735,1489,1695,1569,1364
4859,48929295,47.28225,1890,1731,1486,1697,1566,1364
4860,48939295,47.2857285,1888,1739,1483,1695,1562,1364
4861,48949295,47.2977852,1899,1730,1490,1692,1568,1363
4862,48959295,47.4109275,1893,1735,1499,1701,1572,1363
4863,48969295,47.4117815,1894,1733,1488,1697,1566,1367
4864,48979295,47.4123736,1895,1733,1465,1700,1570,1361
4865,48989295,47.412942,1892,1730,1483,1700,1562,1361
4866,48999295,47.4135101,1886,1730,1486,1690,1563,1364
4867,49009295,47.414165,1882,1741,1481,1691,1564,1364
4868,49019295,47.414768,1888,1735,1488,1690,1566,1364
4869,49029296,47.4152143,1893,1725,1487,1690,1562,1359
4870,49039295,47.4156293,1891,1741,1487,1704,1565,1365
4871,49049296,47.4160463,1902,1723,1477,1693,1560,1365
4872,49059296,47.416436,1890,1753,1499,1699,1565,1364
4873,49069296,47.4276706,1890,1740,1488,1692,1570,1364
4874,49079295,47.4284171,1898,1737,1499,1698,1561,1362
4875,49089295,47.4398123,1888,1728,1488,1690,1559,1366
4876,49099295,47.4555914,1895,1731,1498,1691,1572,1360
4877,49109295,47.4560562,1894,1712,1491,1695,1569,1360
4878,49119295,47.4713925,1902,1730,1488,1694,1562,1352
4879,49129295,47.4753328,1894,1731,1472,1697,1571,1359
4880,49139296,47.4864035,1889,1727,1508,1698,1566,1358
4881,49149296,47.5023679,1877,1731,1486,1696,1566,1367
4882,49159295,47.5057473,1872,1728,1488,1683,1564,1364
4883,49169296,47.6229951,1869,1730,1478,1677,1558,1362
4884,49179295,47.6236711,1903,1737,1485,1710,1562,1366
4885,49189295,47.6244299,1906,1734,1478,1718,1569,1359
4886,49199296,47.6250684,1908,1737,1490,1707,1574,1364
4887,49209295,47.6255419,1886,1737,1499,1704,1561,1355
4888,49219296,47.6259405,1900,1729,1458,1705,1562,1368
4889,49229295,47.6264161,1903,1755,1495,1704,1572,1369
4890,49239295,47.6268181,1915,1754,1502,1714,1574,1378
4891,49249296,47.6274736,1952,1738,1481,1747,1563,1351
4892,49259295,47.6279162,1966,1684,1423,1753,1521,1313
4893,49269295,47.6283908,1959,1727,1472,1746,1559,1350
4894,49279295,47.6291426,1950,1742,1535,1740,1575,1429
4895,49289295,47.6436917,1930,1712,1471,1722,1559,1360
4896,49299296,47.6474118,1861,1730,1481,1667,1562,1353
4897,49309296,47.6589972,1824,1750,1487,1640,1574,1364
4898,49319296,47.6732444,1779,1750,1494,1632,1577,1362
4899,49329295,47.6772866,1772,1745,1488,1603,1574,1401
4900,49339296,47.6895963,1833,1729,1488,1647,1557,1364
4901,49349295,47.7094235,1788,1749,1498,1613,1584,1373
4902,49359295,47.7111439,1753,1771,1522,1593,1598,1366
4903,49369296,47.8338985,1779,1775,1499,1600,1599,1374
4904,49379295,47.8349682,1814,1760,1507,1626,1589,1377
4905,49389295,47.835774,1843,1745,1475,1658,1583,1364
4906,49399296,47.8363132,1886,1751,1492,1690,1585,1372
4907,49409295,47.8367776,1917,1761,1501,1727,1578,1364
4908,49419296,47.8373403,1977,1745,1481,1759,1578,1386
4909,49429295,47.8378586,2047,1737,1478,1829,1561,1355
4910,49439295,47.8383663,2103,1663,1470,1863,1513,1359
4911,49449295,47.8388662,2036,1671,1461,1791,1509,1339
4912,49459295,47.8393537,2039,1722,1493,1819,1534,1360
4913,49469296,47.8398681,2007,1687,1478,1791,1532,1355
4914,49479296,47.8403725,2011,1711,1472,1801,1521,1351
4915,49489296,47.846113,1994,1712,1485,1784,1539,1359
4916,49499295,47.8469097,1901,1716,1478,1695,1557,1359
4917,49509295,47.8614822,1788,1764,1487,1611,1591,1351
4918,49519296,47.8657889,1744,1787,1493,1579,1605,1373
4919,49529295,47.8762016,1761,1767,1499,1586,1588,1376
4920,49539295,47.8963395,1762,1732,1488,1588,1573,1364
4921,49549295,47.8968023,1855,1709,1485,1658,1548,1364
4922,49559295,47.9084805,1764,1753,1495,1600,1585,1373
4923,49569295,48.0308278,1746,1776,1489,1574,1588,1366
4924,49579295,48.0321445,1787,1776,1509,1602,1608,1379
4925,49589296,48.0331138,1809,1771,1500,1635,1614,1369
4926,49599295,48.033799,1882,1757,1499,1695,1583,1377
4927,49609295,48.0345741,1925,1770,1535,1718,1600,1374
4928,49619295,48.0353477,1959,1765,1492,1754,1600,1369
4929,49629295,48.0361454,2011,1729,1458,1797,1557,1337
4930,49639295,48.0376523,2061,1699,1428,1832,1537,1322
4931,49649296,48.0390721,2036,1681,1461,1803,1523,1346
4932,49659296,48.0398236,2074,1665,1472,1847,1508,1356
4933,49669295,48.0404118,2043,1714,1469,1822,1548,1351
4934,49679295,48.0412596,2010,1705,1471,1793,1537,1350
4935,49689295,48.0419779,1943,1733,1500,1732,1566,1351
4936,49699295,48.0485753,1875,1738,1495,1678,1574,1378
4937,49709295,48.0638906,1812,1758,1495,1626,1583,1364
4938,49719295,48.0669254,1808,1754,1485,1629,1584,1358
4939,49729295,48.0832156,1811,1744,1503,1630,1574,1372
4940,49739295,48.0858608,1794,1751,1494,1609,1573,1364
4941,49749296,48.0945487,1770,1737,1490,1586,1563,1364
4942,49759296,48.1105486,1840,1737,1488,1657,1572,1371
4943,49769296,48.1142255,1776,1775,1495,1600,1583,1369
4944,49779295,48.2220352,1741,1767,1507,1573,1587,1373
4945,49789296,48.2229088,1773,1751,1497,1598,1583,1368
4946,49799296,48.2236918,1786,1747,1488,1616,1583,1364
4947,49809295,48.2242882,1855,1741,1488,1670,1563,1375
4948,49819295,48.224753,1903,1717,1490,1706,1559,1359
4949,49829296,48.225171,1957,1719,1488,1745,1548,1355
4950,49839296,48.225554,1977,1712,1488,1765,1551,1361
4951,49849295,48.225929,2018,1712,1471,1802,1553,1352
4952,49859295,48.2263132,2085,1723,1469,1855,1557,1348
4953,49869295,48.2266927,1978,1730,1467,1767,1557,1343
4954,49879295,48.2273415,2088,1711,1488,1850,1545,1351
4955,49889295,48.2381316,2131,1651,1515,1889,1495,1384
4956,49899295,48.2533664,2059,1667,1470,1823,1513,1346
4957,49909296,48.2565206,1971,1739,1493,1758,1574,1376
4958,49919295,48.2722974,1830,1735,1472,1639,1574,1356
4959,49929296,48.2769212,1742,1795,1511,1566,1622,1386
4960,49939295,48.2987591,1790,1791,1506,1611,1603,1387
4961,49949296,48.3002258,1759,1747,1494,1587,1570,1364
4962,49959295,48.3147182,1778,1750,1488,1586,1585,1364
4963,49969296,48.3152292,1806,1730,1487,1625,1562,1364
4964,49979295,48.4275142,1838,1732,1491,1649,1574,1372
4965,49989295,48.428331,1735,1741,1488,1562,1570,1361
4966,49999295,48.4292428,1713,1786,1503,1548,1606,1386
4967,50009295,48.4297709,1785,1767,1510,1612,1599,1377
4968,50019296,48.4302046,1808,1738,1474,1627,1566,1355
4969,50029295,48.4305988,1843,1766,1499,1662,1593,1372
4970,50039295,48.4309807,1914,1747,1495,1718,1580,1364
4971,50049295,48.4313604,1986,1729,1498,1782,1565,1368
4972,50059295,48.4317479,2074,1702,1479,1846,1543,1359
4973,50069296,48.4321776,2148,1692,1473,1901,1530,1352
4974,50079295,48.4325833,1990,1690,1484,1776,1530,1358
4975,50089295,48.4415274,2059,1744,1488,1839,1566,1362
4976,50099295,48.4450814,2165,1712,1488,1915,1550,1371
4977,50109295,48.4596158,2154,1643,1456,1915,1495,1337
4978,50119296,48.4707399,2077,1662,1437,1837,1503,1316
4979,50129295,48.4742801,1894,1744,1479,1688,1575,1359
4980,50139295,48.4857065,1728,1823,1518,1557,1638,1390
4981,50149295,48.5016878,1635,1817,1527,1479,1627,1392
4982,50159296,48.5051038,1677,1805,1535,1523,1626,1399
4983,50169295,48.517248,1734,1728,1487,1573,1564,1361
4984,50179295,48.6298867,1838,1731,1479,1648,1562,1359
4985,50189295,48.6306841,1775,1730,1489,1604,1558,1362
4986,50199295,48.6317005,1712,1750,1489,1551,1586,1359
4987,50209296,48.6323993,1727,1762,1509,1575,1584,1373
4988,50219296,48.6328534,1775,1761,1515,1600,1594,1379
4989,50229295,48.6334037,1835,1735,1488,1652,1571,1364
4990,50239295,48.6340571,1875,1744,1495,1700,1570,1373
4991,50249295,48.6348286,1961,1730,1490,1755,1571,1363
4992,50259295,48.6355123,2005,1722,1488,1792,1556,1366
4993,50269296,48.636149,2046,1717,1488,1828,1548,1356
4994,50279295,48.6367396,2099,1703,1473,1864,1548,1353
4995,50289296,48.6453367,2036,1676,1474,1812,1520,1354
4996,50299296,48.6459402,2054,1728,1483,1823,1566,1361
4997,50309295,48.6586218,2160,1697,1469,1915,1534,1348
4998,50319295,48.6734311,2161,1649,1467,1918,1495,1340
4999,50329295,48.6768762,2083,1683,1445,1852,1523,1332
5000,50339295,48.6888633,1935,1769,1505,1693,1598,1377
5001,50349295,48.703155,1747,1791,1506,1574,1608,1392
5002,50359295,48.7065747,1641,1827,1535,1487,1642,1394
5003,50369296,48.7181868,1642,1825,1527,1492,1635,1402
5004,50379295,48.8333857,1721,1734,1481,1558,1561,1364
5005,50389295,48.8344119,1850,1723,1485,1663,1555,1353
5006,50399295,48.8352919,1754,1740,1488,1583,1571,1364
5007,50409295,48.8360203,1690,1759,1501,1532,1589,1369
5008,50419295,48.8366638,1722,1776,1517,1556,1600,1390
5009,50429296,48.8376745,1763,1777,1507,1595,1598,1376
5010,50439296,48.8385229,1803,1741,1473,1647,1568,1349
5011,50449295,48.8392658,1888,1744,1499,1693,1574,1375
5012,50459295,48.8400756,1923,1723,1461,1720,1562,1337
5013,50469295,48.8406995,1978,1733,1470,1768,1564,1360
5014,50479296,48.8411793,2047,1714,1494,1833,1556,1378
5015,50489296,48.8421356,2064,1716,1483,1847,1555,1360
5016,50499295,48.8458476,2096,1713,1475,1872,1547,1342
5017,50509296,48.8576311,2029,1680,1467,1810,1527,1343
5018,50519296,48.8748521,2128,1725,1479,1890,1553,1358
5019,50529296,48.8769105,2137,1671,1460,1900,1512,1346
5020,50539295,48.8894569,2160,1694,1503,1874,1534,1378
5021,50549295,48.9052325,2055,1674,1454,1819,1520,1335
5022,50559296,48.9057963,1876,1773,1519,1693,1600,1390
5023,50569296,48.9254566,1750,1776,1485,1585,1599,1363
5024,50579295,48.9261413,1628,1853,1586,1478,1666,1431
5025,50589296,49.0363393,1622,1796,1503,1482,1614,1369
5026,50599296,49.0372177,1638,1754,1490,1491,1583,1364
5027,50609296,49.038223,1789,1760,1501,1608,1576,1371
5028,50619295,49.0396232,1741,1739,1498,1566,1565,1365
5029,50629296,49.0409884,1734,1745,1508,1576,1586,1389
5030,50639296,49.0422263,1753,1776,1500,1567,1595,1368
5031,50649295,49.0433488,1777,1776,1488,1594,1592,1361
5032,50659295,49.0442781,1854,1757,1509,1650,1576,1389
5033,50669296,49.0451605,1913,1735,1497,1716,1562,1371
5034,50679296,49.0461223,1985,1718,1488,1771,1555,1364
5035,50689295,49.0473034,2031,1704,1503,1818,1538,1378
5036,50699295,49.0490058,2047,1703,1479,1831,1538,1355
5037,50709295,49.0621456,2096,1714,1463,1871,1547,1349
5038,50719296,49.067504,2064,1701,1447,1848,1537,1331
5039,50729295,49.0769532,2133,1696,1462,1882,1524,1346
5040,50739295,49.0929122,2159,1673,1456,1919,1521,1342
5041,50749295,49.0960176,2109,1680,1468,1862,1524,1348
5042,50759295,49.1134686,2066,1747,1485,1838,1581,1366
5043,50769295,49.1161182,1934,1767,1593,1723,1581,1437
5044,50779295,49.2680837,1740,1744,1471,1553,1580,1359
5045,50789295,49.2691308,1648,1839,1523,1492,1653,1402
5046,50799295,49.2701875,1610,1794,1488,1483,1606,1364
5047,50809296,49.2709274,1686,1756,1499,1524,1585,1376
5048,50819295,49.2713947,1782,1711,1484,1614,1542,1362
5049,50829295,49.2718072,1777,1751,1489,1600,1585,1369
5050,50839295,49.2722202,1723,1754,1501,1562,1580,1372
5051,50849295,49.2726302,1710,1779,1505,1544,1608,1376
5052,50859296,49.2730194,1740,1757,1482,1578,1584,1364
5053,50869295,49.2734022,1826,1745,1507,1640,1573,1372
5054,50879295,49.2738103,1855,1759,1498,1663,1589,1377
5055,50889295,49.2742188,1938,1742,1491,1716,1571,1364
5056,50899296,49.2746321,1981,1723,1478,1764,1556,1353
5057,50909295,49.2750416,2047,1718,1501,1823,1544,1376
5058,50919296,49.2758436,2096,1725,1470,1864,1548,1350
5059,50929295,49.2791123,2150,1698,1478,1915,1530,1346
5060,50939295,49.3003784,2059,1694,1477,1837,1531,1354
5061,50949295,49.3014107,2165,1672,1463,1916,1520,1346
5062,50959296,49.311653,2205,1650,1467,1942,1496,1351
5063,50969295,49.3158413,2142,1646,1459,1897,1501,1322
5064,50979295,49.328413,1969,1757,1521,1746,1602,1390
5065,50989295,49.4541034,1803,1773,1473,1617,1601,1356
5066,50999295,49.4552569,1655,1860,1573,1506,1675,1443
5067,51009295,49.4560452,1684,1760,1478,1522,1594,1355
5068,51019296,49.4566237,1650,1744,1485,1482,1576,1353
5069,51029295,49.4572783,1683,1735,1490,1527,1581,1375
5070,51039295,49.4578591,1723,1737,1478,1555,1571,1353
5071,51049295,49.4583948,1701,1765,1492,1539,1606,1366
5072,51059295,49.4589369,1729,1792,1508,1548,1612,1375
5073,51069296,49.4595368,1771,1758,1501,1589,1590,1373
5074,51079295,49.4601979,1837,1761,1497,1652,1599,1389
5075,51089295,49.4608108,1907,1733,1496,1718,1563,1369
5076,51099295,49.461407,1947,1742,1496,1748,1568,1364
5077,51109296,49.4622608,2017,1724,1488,1812,1560,1360
5078,51119296,49.4681236,2085,1697,1488,1852,1537,1362
5079,51129296,49.486771,2135,1712,1471,1897,1540,1348
5080,51139295,49.4875559,2070,1691,1453,1838,1529,1340
5081,51149295,49.4987764,2141,1691,1463,1889,1525,1340
5082,51159296,49.5148458,2163,1660,1457,1913,1510,1338
5083,51169296,49.5168649,2123,1660,1484,1887,1507,1364
5084,51179295,49.5282754,2059,1696,1463,1815,1534,1348
5085,51189295,49.6392146,1952,1725,1468,1736,1562,1350
5086,51199296,49.6404065,1763,1811,1566,1573,1630,1419
5087,51209295,49.6412512,1665,1782,1456,1492,1605,1333
5088,51219296,49.6419148,1535,1882,1584,1402,1683,1442
5089,51229295,49.642323,1579,1787,1505,1438,1604,1368
5090,51239295,49.6427017,1719,1776,1511,1552,1593,1364
5091,51249295,49.6431496,1661,1740,1492,1503,1572,1378
5092,51259296,49.6435707,1671,1783,1496,1506,1603,1375
5093,51269296,49.64396,1723,1787,1506,1553,1623,1375
5094,51279296,49.6444487,1818,1767,1515,1639,1587,1382
5095,51289296,49.6456736,1859,1751,1486,1660,1582,1364
5096,51299295,49.6552979,1953,1709,1495,1749,1562,1375
5097,51309296,49.6563071,1989,1727,1495,1777,1562,1364
5098,51319295,49.6755957,2079,1687,1488,1851,1530,1372
5099,51329296,49.6762125,2128,1679,1492,1886,1516,1355
5100,51339295,49.687192,2159,1696,1483,1905,1543,1360
5101,51349296,49.703432,2128,1735,1473,1889,1572,1353
5102,51359295,49.7057274,2155,1678,1445,1915,1519,1321
5103,51369295,49.7174422,2173,1675,1456,1924,1514,1339
5104,51379296,49.7323152,2135,1711,1466,1896,1528,1335
5105,51389295,49.7357406,2004,1759,1488,1790,1585,1366
5106,51399296,49.8747954,1875,1786,1510,1668,1603,1380
5107,51409295,49.8755853,1707,1744,1488,1539,1580,1364
5108,51419296,49.8762901,1442,1783,1509,1336,1609,1365
5109,51429295,49.8767498,1559,1824,1490,1447,1635,1369
5110,51439296,49.8771344,1741,1744,1472,1566,1562,1372
5111,51449295,49.8775397,1697,1749,1494,1534,1581,1377
5112,51459296,49.8779273,1745,1771,1491,1571,1603,1379
5113,51469295,49.8783106,1794,1780,1497,1614,1588,1368
5114,51479295,49.8787275,1857,1753,1488,1675,1575,1368
5115,51489295,49.8791374,1937,1728,1485,1731,1562,1364
5116,51499295,49.8796676,1983,1712,1470,1778,1534,1326
5117,51509295,49.8801652,2033,1671,1482,1818,1520,1351
5118,51519295,49.8806742,2069,1681,1476,1841,1521,1361
5119,51529295,49.8817232,2033,1693,1479,1823,1537,1360
5120,51539295,49.8905869,1968,1731,1487,1754,1560,1350
5121,51549295,49.9045673,1937,1735,1472,1745,1560,1351
5122,51559295,49.9056472,1936,1761,1487,1729,1586,1364
5123,51569295,49.9216093,1897,1751,1477,1701,1576,1365
5124,51579295,49.9259128,1862,1731,1489,1684,1570,1361
5125,51589295,49.9367019,1840,1743,1500,1653,1574,1364
5126,51599295,50.0574833,1831,1753,1488,1645,1583,1360
5127,51609295,50.0582468,1837,1775,1452,1656,1600,1326
5128,51619296,50.0586578,1905,1919,1719,1713,1716,1550
5129,51629295,50.0590442,1904,1670,1431,1718,1519,1319
5130,51639295,50.0594559,1874,1742,1467,1681,1561,1334
5131,51649296,50.0598644,1888,1734,1488,1681,1559,1362
5132,51659295,50.0602734,1894,1733,1488,1696,1571,1363
5133,51669295,50.0606621,1887,1716,1489,1694,1562,1360
5134,51679295,50.0610486,1890,1734,1488,1695,1566,1360
5135,51689296,50.0614789,1887,1735,1486,1689,1565,1364
5136,51699295,50.0620187,1889,1733,1489,1692,1566,1365
5137,51709295,50.0629887,1906,1739,1494,1696,1571,1369
5138,51719295,50.0638483,1883,1727,1491,1690,1566,1368
5139,51729295,50.0757488,1899,1733,1520,1701,1563,1364
5140,51739295,50.091605,1890,1733,1486,1699,1565,1372
5141,51749295,50.0955314,1898,1731,1486,1699,1569,1360
5142,51759295,50.1077447,1891,1734,1493,1691,1548,1390
5143,51769295,50.1241212,1903,1735,1489,1700,1561,1366
5144,51779295,50.126771,1904,1726,1490,1704,1571,1368
5145,51789295,50.1424939,1887,1733,1488,1698,1574,1368
5146,51799295,50.1454991,1887,1734,1485,1680,1560,1362
5147,51809295,50.2552439,1894,1738,1488,1691,1562,1364
5148,51819295,50.2560886,1890,1733,1497,1695,1561,1342
5149,51829295,50.2566109,1903,1727,1486,1695,1562,1358
5150,51839295,50.2570177,1888,1731,1494,1696,1562,1361
5151,51849296,50.2574436,1898,1730,1489,1697,1563,1361
5152,51859295,50.257925,1895,1731,1487,1697,1574,1365
5153,51869296,50.2587765,1895,1736,1488,1699,1564,1364
5154,51879296,50.2597194,1893,1731,1488,1704,1548,1349
5155,51889295,50.260477,1899,1731,1488,1693,1566,1360
5156,51899295,50.2610716,1888,1735,1491,1700,1565,1376
5157,51909295,50.2620695,1887,1735,1490,1705,1566,1360
5158,51919296,50.2657621,1894,1735,1488,1691,1574,1363
5159,51929295,50.2785799,1895,1748,1489,1693,1560,1360
5160,51939295,50.2938033,1916,1735,1488,1677,1566,1366
5161,51949295,50.2973519,1889,1728,1491,1704,1566,1364
5162,51959295,50.3086497,1891,1731,1490,1684,1562,1363
5163,51969296,50.3282432,1906,1723,1487,1700,1565,1363
5164,51979296,50.3287286,1890,1737,1487,1697,1565,1359
5165,51989295,50.3403079,1892,1730,1488,1694,1564,1363
5166,51999295,50.4553891,1898,1733,1487,1696,1560,1362
5167,52009296,50.4564384,1891,1730,1487,1692,1562,1397
5168,52019296,50.4572169,1877,1731,1487,1700,1570,1362
5169,52029296,50.4576612,1891,1729,1477,1692,1571,1366
5170,52039296,50.4580435,1889,1738,1491,1701,1561,1361
5171,52049296,50.4584188,1890,1733,1479,1704,1566,1365
5172,52059296,50.4588199,1887,1733,1488,1694,1574,1350
5173,52069295,50.459206,1891,1735,1491,1690,1566,1361
5174,52079295,50.4596069,1885,1737,1488,1692,1566,1364
5175,52089295,50.4599915,1897,1729,1492,1693,1573,1363
5176,52099295,50.4604115,1891,1729,1484,1687,1570,1361
5177,52109295,50.4608349,1905,1730,1488,1697,1566,1364
5178,52119296,50.466158,1894,1735,1489,1696,1562,1362
5179,52129296,50.4804524,1900,1735,1487,1693,1567,1361
5180,52139296,50.4865796,1881,1735,1489,1671,1569,1364
5181,52149296,50.4966603,1894,1736,1488,1700,1565,1357
5182,52159295,50.5168262,1892,1730,1488,1703,1572,1364
5183,52169295,50.5179954,1895,1730,1488,1695,1565,1356
5184,52179295,50.5271039,1887,1734,1488,1694,1564,1361
5185,52189295,50.5439141,1897,1731,1477,1697,1562,1361
5186,52199295,50.5465778,1894,1729,1489,1696,1563,1355
5187,52209295,50.6588022,1895,1737,1489,1701,1566,1364
5188,52219295,50.6597605,1891,1742,1491,1701,1562,1364
5189,52229296,50.6604936,1878,1754,1488,1696,1586,1375
5190,52239295,50.6610847,1911,1797,1506,1708,1613,1378
5191,52249295,50.6616332,1904,1729,1488,1703,1570,1356
5192,52259295,50.6622494,1894,1699,1474,1690,1530,1352
5193,52269296,50.6627975,1878,1693,1483,1695,1540,1356
5194,52279295,50.6634082,1879,1707,1487,1688,1542,1355
5195,52289296,50.6639931,1898,1722,1486,1693,1571,1359
5196,52299295,50.6648724,1888,1729,1479,1704,1561,1363
5197,52309296,50.6653486,1895,1728,1488,1700,1563,1364
5198,52319295,50.6687096,1891,1741,1501,1690,1569,1376
5199,52329295,50.6850617,1885,1729,1488,1694,1566,1364
5200,52339296,50.6871188,1889,1716,1488,1695,1557,1359
5201,52349296,50.7036228,1904,1735,1481,1694,1563,1358
5202,52359295,50.7067057,1904,1730,1494,1699,1566,1361
5203,52369295,50.7172796,1893,1744,1486,1698,1575,1365
5204,52379295,50.7304398,1889,1728,1488,1693,1548,1362
5205,52389295,50.7347185,1882,1715,1488,1705,1562,1359
5206,52399295,50.7465743,1898,1729,1481,1702,1569,1364
5207,52409295,50.8667824,1917,1742,1488,1708,1574,1364
5208,52419295,50.8682747,1968,1744,1486,1754,1582,1368
5209,52429295,50.8694993,1999,1712,1475,1779,1547,1356
5210,52439295,50.8704895,1990,1683,1471,1780,1524,1346
5211,52449295,50.8713092,1975,1700,1477,1767,1534,1358
5212,52459296,50.8721097,1866,1729,1503,1675,1563,1378
5213,52469295,50.8729153,1785,1775,1522,1600,1591,1364
5214,52479295,50.8739017,1776,1769,1482,1612,1588,1364
5215,52489295,50.8747887,1803,1744,1492,1617,1573,1368
5216,52499295,50.8756315,1851,1721,1482,1679,1562,1363
5217,52509295,50.8765163,1882,1722,1483,1685,1560,1361
5218,52519296,50.8776743,1872,1726,1488,1686,1560,1364
5219,52529295,50.8784138,1805,1757,1490,1615,1581,1366
5220,52539295,50.8906526,1741,1763,1488,1575,1598,1366
5221,52549295,50.8942817,1745,1793,1519,1565,1605,1375
5222,52559296,50.9186699,1779,1767,1491,1612,1589,1368
5223,52569296,50.9194852,1854,1739,1507,1666,1574,1375
5224,52579295,50.9334317,1876,1749,1477,1679,1576,1353
5225,52589296,50.9368018,1947,1777,1503,1733,1598,1374
5226,52599295,50.949184,2037,1755,1505,1809,1570,1375
5227,52609296,51.0737174,2103,1651,1460,1871,1519,1342
5228,52619296,51.0746691,2117,1644,1457,1889,1487,1345
5229,52629295,51.0757706,2026,1725,1469,1802,1557,1351
5230,52639295,51.0765727,2034,1696,1478,1818,1539,1352
5231,52649296,51.0773672,2047,1680,1456,1837,1530,1337
5232,52659295,51.0780675,1971,1680,1494,1767,1521,1364
5233,52669295,51.0785624,1983,1690,1459,1777,1537,1337
5234,52679296,51.079072,1968,1728,1461,1762,1549,1349
5235,52689295,51.0796295,1830,1762,1495,1638,1573,1372
5236,52699296,51.0801975,1673,1778,1471,1507,1601,1359
5237,52709295,51.0807306,1630,1810,1520,1480,1623,1397
5238,52719296,51.0815637,1745,1712,1475,1573,1545,1356
5239,52729295,51.0821619,1770,1757,1491,1595,1581,1373
5240,52739295,51.0905897,1719,1759,1506,1548,1587,1382
5241,52749296,51.0948723,1719,1790,1494,1550,1612,1373
5242,52759295,51.1066138,1786,1791,1515,1612,1619,1381
5243,52769295,51.1224247,1895,1771,1509,1701,1586,1381
5244,52779296,51.1258982,1933,1751,1521,1731,1583,1387
5245,52789296,51.1374759,1999,1750,1508,1784,1574,1381
5246,52799295,51.15343,2065,1739,1473,1836,1571,1347
5247,52809296,51.1566465,2168,1663,1463,1924,1507,1343
5248,52819295,51.2838952,2078,1680,1455,1848,1520,1339
5249,52829295,51.2848074,2074,1715,1506,1851,1548,1351
5250,52839296,51.2854712,2111,1701,1459,1883,1535,1355
5251,52849295,51.2861035,2043,1681,1510,1816,1522,1384
5252,52859295,51.2866918,1986,1711,1467,1780,1553,1343
5253,52869296,51.2872714,1935,1722,1506,1726,1558,1375
5254,52879296,51.2878549,1760,1728,1488,1577,1573,1379
5255,52889295,51.2884558,1647,1808,1488,1493,1626,1365
5256,52899295,51.2890714,1594,1807,1510,1456,1615,1381
5257,52909295,51.2896946,1786,1725,1483,1588,1566,1368
5258,52919296,51.2905895,1754,1750,1502,1579,1575,1371
5259,52929295,51.2913997,1711,1775,1495,1553,1581,1369
5260,52939296,51.2954345,1741,1776,1497,1574,1600,1365
5261,52949295,51.2962268,1819,1771,1502,1640,1590,1374
5262,52959296,51.3104372,1914,1739,1489,1717,1580,1369
5263,52969295,51.3151916,1969,1702,1453,1754,1540,1332
5264,52979295,51.3256067,2017,1735,1501,1796,1574,1379
5265,52989295,51.3417631,2101,1757,1514,1867,1575,1376
5266,52999295,51.3453801,2137,1651,1467,1889,1507,1342
5267,53009295,51.3613274,2071,1737,1488,1853,1568,1363
5268,53019295,51.3654439,2135,1712,1479,1892,1531,1364
5269,53029295,51.4777436,2099,1684,1483,1861,1522,1355
5270,53039296,51.47891,2033,1681,1470,1812,1524,1347
5271,53049295,51.479707,1865,1736,1501,1693,1560,1379
5272,53059296,51.4803289,1743,1755,1473,1568,1574,1353
5273,53069296,51.4809206,1648,1812,1520,1494,1623,1390
5274,53079295,51.481502,1641,1771,1503,1489,1594,1373
5275,53089295,51.4820625,1797,1716,1477,1624,1553,1353
5276,53099295,51.482599,1776,1741,1489,1600,1584,1371
5277,53109296,51.4831304,1767,1767,1515,1599,1588,1377
5278,53119295,51.4837132,1783,1755,1490,1600,1581,1368
5279,53129296,51.4846764,1818,1749,1493,1629,1581,1363
5280,53139295,51.4854433,1857,1751,1492,1679,1574,1364
5281,53149295,51.4972992,1934,1729,1483,1731,1563,1365
5282,53159296,51.5063717,1984,1711,1473,1772,1539,1360
5283,53169296,51.5158663,1991,1683,1463,1783,1521,1340
5284,53179295,51.5280866,2000,1682,1467,1782,1529,1363
5285,53189296,51.547457,1973,1673,1473,1764,1530,1356
5286,53199295,51.5481517,1921,1726,1457,1710,1559,1340
5287,53209295,51.558342,1942,1811,1604,1736,1635,1468
5288,53219295,51.6716585,1903,1744,1509,1705,1578,1375
5289,53229296,51.6724325,1891,1743,1499,1703,1569,1364
5290,53239295,51.6729408,1886,1731,1481,1697,1562,1364
5291,53249296,51.6733335,1897,1726,1487,1695,1559,1364
5292,53259295,51.6737706,1897,1733,1491,1695,1569,1364
5293,53269295,51.6742756,1898,1741,1489,1693,1566,1364
5294,53279295,51.6748913,1890,1735,1488,1701,1566,1362
5295,53289296,51.675504,1902,1738,1487,1697,1562,1368
5296,53299296,51.6759636,1886,1733,1484,1694,1566,1362
5297,53309295,51.6763485,1872,1733,1488,1697,1566,1365
5298,53319295,51.6767309,1886,1729,1488,1688,1561,1358
5299,53329295,51.6819328,1899,1731,1488,1694,1561,1364
5300,53339296,51.6858717,1893,1744,1479,1695,1561,1359
5301,53349296,51.6975367,1898,1734,1488,1697,1570,1366
5302,53359295,51.7137128,1904,1721,1489,1695,1563,1369
5303,53369296,51.7168478,1905,1727,1488,1688,1562,1364
5304,53379296,51.7323361,1888,1744,1488,1696,1568,1365
5305,53389295,51.735876,1888,1733,1483,1703,1558,1360
5306,53399296,51.7445027,1899,1741,1484,1705,1563,1361
5307,53409295,51.7602798,1986,1731,1488,1766,1570,1364
5308,53419295,51.7644931,2054,1695,1472,1832,1546,1355
5309,53429295,51.8739865,2089,1674,1456,1855,1520,1355
5310,53439295,51.8749003,2062,1695,1488,1832,1539,1364
5311,53449295,51.875684,1989,1696,1477,1759,1530,1350
5312,53459296,51.876235,1911,1725,1467,1705,1553,1340
5313,53469295,51.87679,1808,1767,1535,1622,1621,1401
5314,53479295,51.8773284,1735,1805,1512,1565,1611,1375
5315,53489295,51.8778512,1724,1754,1481,1570,1586,1349
5316,53499295,51.8784484,1725,1760,1492,1561,1585,1367
5317,53509295,51.8790284,1793,1714,1486,1611,1553,1364
5318,53519295,51.8796158,1802,1750,1491,1621,1577,1369
5319,53529296,51.8851718,1699,1751,1486,1547,1583,1377
5320,53539295,51.8858992,1679,1799,1516,1507,1617,1378
5321,53549296,51.9007238,1730,1817,1522,1563,1629,1387
5322,53559296,51.9044536,1827,1766,1509,1632,1598,1382
5323,53569296,51.91981,1883,1758,1495,1685,1589,1368
5324,53579296,51.9331117,1961,1775,1534,1754,1602,1368
5325,53589295,51.9363511,2023,1711,1507,1809,1560,1369
5326,53599296,51.9463791,2171,1694,1487,1917,1521,1359
5327,53609295,51.9626554,2189,1668,1460,1942,1514,1343
5328,53619295,51.965792,2096,1687,1453,1855,1536,1345
5329,53629295,52.0829073,2180,1714,1475,1918,1548,1351
5330,53639295,52.0838107,2171,1701,1505,1930,1533,1374
5331,53649295,52.0847164,2113,1647,1450,1882,1501,1322
5332,53659295,52.0853157,2058,1734,1535,1832,1564,1402
5333,53669296,52.0857823,1914,1693,1445,1718,1529,1325
5334,53679296,52.086344,1758,1825,1566,1576,1639,1430
5335,53689295,52.0868709,1614,1794,1475,1468,1608,1360
5336,53699295,52.0873744,1520,1823,1535,1396,1635,1402
5337,53709295,52.0878167,1590,1717,1485,1456,1558,1364
5338,53719295,52.0883046,1699,1802,1515,1548,1616,1389
5339,53729295,52.0888074,1657,1757,1515,1508,1580,1369
5340,53739295,52.0897616,1670,1774,1502,1521,1600,1377
5341,53749296,52.1074352,1774,1781,1515,1601,1600,1383
5342,53759295,52.1082683,1861,1739,1498,1672,1571,1374
5343,53769295,52.1198216,1883,1737,1476,1688,1568,1364
5344,53779295,52.1356299,1986,1757,1494,1783,1582,1366
5345,53789295,52.1367784,2079,1738,1471,1848,1566,1358
5346,53799295,52.1505255,2147,1734,1506,1911,1568,1366
5347,53809295,52.1543934,2188,1705,1479,1935,1539,1353
5348,53819295,52.1661264,2104,1695,1465,1878,1530,1351
5349,53829296,52.2834369,2174,1629,1439,1916,1479,1323
5350,53839295,52.2844392,2163,1643,1453,1916,1500,1336
5351,53849295,52.2850897,2090,1690,1465,1846,1530,1346
5352,53859295,52.2856444,1973,1699,1456,1771,1540,1342
5353,53869295,52.2861654,1876,1791,1557,1682,1613,1402
5354,53879295,52.2868439,1750,1774,1473,1580,1593,1351
5355,53889296,52.2874188,1654,1765,1494,1496,1593,1374
5356,53899295,52.2882634,1567,1793,1518,1434,1622,1390
5357,53909296,52.2891317,1611,1721,1479,1477,1550,1364
5358,53919296,52.2899511,1722,1743,1499,1548,1573,1382
5359,53929295,52.2905673,1667,1745,1501,1520,1574,1365
5360,53939296,52.2960456,1711,1782,1499,1548,1601,1377
5361,53949295,52.2969582,1795,1783,1473,1618,1598,1361
5362,53959295,52.3084654,1901,1776,1575,1696,1601,1402
5363,53969296,52.3232891,1926,1764,1486,1718,1586,1351
5364,53979296,52.3267302,2005,1693,1478,1790,1534,1356
5365,53989295,52.3398581,2021,1737,1495,1810,1566,1364
5366,53999296,52.3552112,2035,1758,1505,1818,1579,1378
5367,54009295,52.3561293,2083,1680,1442,1861,1521,1326
5368,54019295,52.3714273,2117,1677,1479,1875,1513,1338
5369,54029295,52.3755857,2077,1718,1479,1850,1550,1354
5370,54039295,52.504844,2115,1690,1475,1885,1545,1348
5371,54049296,52.5055081,2097,1691,1472,1854,1527,1343
5372,54059295,52.5059312,2032,1711,1497,1816,1548,1360
5373,54069295,52.5063217,1930,1743,1474,1731,1571,1355
5374,54079295,52.5067016,1829,1765,1518,1635,1588,1395
5375,54089296,52.5070954,1751,1747,1472,1585,1577,1364
5376,54099296,52.507484,1709,1790,1489,1545,1603,1346
5377,54109295,52.507862,1711,1758,1488,1547,1589,1353
5378,54119296,52.5086678,1737,1737,1469,1573,1566,1348
5379,54129295,52.5091918,1855,1711,1475,1665,1537,1355
5380,54139295,52.5096219,1828,1734,1485,1629,1575,1360
5381,54149296,52.5101358,1792,1735,1495,1612,1562,1354
5382,54159296,52.5140646,1793,1758,1498,1632,1582,1369
5383,54169295,52.5155895,1823,1766,1485,1642,1594,1375
5384,54179296,52.5276931,1876,1744,1494,1693,1570,1376
5385,54189295,52.5433904,1913,1735,1485,1706,1570,1336
5386,54199295,52.5468222,1959,1712,1480,1752,1557,1345
5387,54209296,52.561078,1968,1713,1475,1759,1550,1360
5388,54219295,52.5794145,1994,1712,1473,1768,1548,1353
5389,54229296,52.5810526,1968,1727,1488,1766,1563,1364
5390,54239295,52.7829028,1950,1746,1490,1744,1581,1368
5391,54249295,52.7845096,1900,1762,1488,1704,1588,1369
5392,54259295,52.7858965,1905,1750,1491,1705,1575,1366
5393,54269295,52.7870499,1899,1751,1498,1705,1578,1366
5394,54279295,52.7883768,1899,1742,1495,1701,1569,1369
5395,54289296,52.7900336,1906,1739,1482,1704,1570,1362
5396,54299296,52.7915136,1907,1731,1486,1704,1553,1359
5397,54309296,52.7924272,1904,1728,1489,1704,1562,1362
5398,54319295,52.7933954,1910,1734,1485,1705,1565,1364
5399,54329296,52.7944268,1905,1732,1490,1705,1574,1366
5400,54339296,52.7953907,1902,1734,1483,1705,1562,1362
5401,54349295,52.7962527,1903,1731,1488,1697,1573,1358
5402,54359296,52.7970859,1890,1744,1488,1704,1564,1355
5403,54369295,52.7977392,1895,1744,1488,1693,1563,1365
5404,54379296,52.7986759,1886,1743,1488,1694,1569,1346
5405,54389296,52.7996506,1878,1739,1489,1681,1571,1359
5406,54399295,52.8004551,1885,1730,1488,1693,1566,1364
5407,54409296,52.8012329,1889,1713,1483,1696,1560,1360
5408,54419295,52.8024409,1882,1731,1487,1680,1571,1364
5409,54429295,52.8034648,1869,1744,1490,1682,1573,1364
5410,54439296,52.805957,1872,1744,1489,1681,1583,1371
5411,54449295,52.8087256,1867,1725,1479,1674,1563,1364
5412,54459295,52.8122469,1825,1731,1491,1634,1552,1364
5413,54469295,52.9376961,1791,1754,1495,1611,1586,1368
5414,54479295,52.9384635,1791,1777,1505,1609,1612,1374
5415,54489295,52.9390544,1806,1790,1502,1626,1612,1373
5416,54499295,52.9396621,1833,1776,1507,1663,1592,1379
5417,54509296,52.9402304,1875,1761,1491,1683,1589,1337
5418,54519296,52.9408779,1931,1765,1498,1727,1576,1376
5419,54529296,52.9414358,1959,1749,1491,1757,1576,1366
5420,54539296,52.9419664,1996,1747,1488,1784,1575,1364
5421,54549295,52.9424763,2034,1731,1470,1809,1564,1349
5422,54559296,52.9429748,2066,1714,1461,1834,1545,1342
5423,54569296,52.9435921,2005,1704,1445,1786,1542,1329
5424,54579295,52.9441484,2068,1698,1471,1840,1534,1355
5425,54589295,52.9446777,2111,1687,1466,1873,1530,1364
5426,54599296,52.9533664,2029,1695,1468,1810,1530,1346
5427,54609296,52.9567649,1949,1712,1493,1746,1547,1362
5428,54619295,52.9646758,1874,1710,1456,1679,1552,1337
5429,54629295,52.9805991,1772,1759,1517,1594,1582,1398
5430,54639295,52.9866948,1712,1763,1489,1557,1589,1361
5431,54649296,53.0093873,1691,1761,1488,1533,1589,1369
5432,54659296,53.012581,1706,1764,1517,1544,1589,1387
5433,54669296,53.0149274,1786,1725,1473,1600,1555,1359
5434,54679295,53.1194299,1712,1747,1493,1548,1574,1364
5435,54689295,53.1205212,1727,1767,1503,1572,1591,1378
5436,54699295,53.1212372,1773,1762,1488,1600,1592,1351
5437,54709295,53.1217663,1811,1763,1498,1638,1583,1371
5438,54719295,53.1221744,1872,1755,1502,1674,1585,1374
5439,54729295,53.1225637,1919,1750,1508,1719,1586,1375
5440,54739295,53.1229437,1951,1745,1493,1743,1575,1373
5441,54749295,53.1234114,2000,1739,1485,1789,1574,1355
5442,54759295,53.1238171,2076,1715,1447,1836,1548,1339
5443,54769295,53.124437,2140,1675,1439,1897,1521,1325
5444,54779296,53.1248481,2065,1688,1456,1848,1527,1339
5445,54789295,53.1418952,2129,1717,1481,1895,1548,1343
5446,54799296,53.1458922,2139,1695,1469,1903,1538,1342
5447,54809295,53.1696701,2097,1699,1491,1864,1532,1374
5448,54819295,53.1704395,2063,1698,1488,1820,1533,1354
5449,54829296,53.1844263,1903,1739,1490,1705,1573,1364
5450,54839295,53.1852298,1743,1834,1559,1563,1641,1419
5451,54849295,53.2003353,1645,1812,1519,1485,1626,1387
5452,54859295,53.2043637,1535,1808,1518,1402,1626,1381
5453,54869296,53.2156358,1654,1729,1483,1507,1545,1346
5454,54879295,53.3546736,1705,1759,1501,1543,1591,1376
5455,54889296,53.3555326,1680,1756,1489,1525,1578,1367
5456,54899295,53.3561959,1723,1779,1510,1556,1600,1379
5457,54909296,53.3566489,1778,1767,1514,1601,1600,1390
5458,54919295,53.3570383,1831,1760,1492,1643,1592,1366
5459,54929296,53.3574218,1904,1767,1498,1708,1584,1364
5460,54939296,53.3578046,1934,1731,1482,1736,1566,1358
5461,54949296,53.3582182,1999,1727,1469,1780,1561,1350
5462,54959296,53.3586075,2073,1715,1499,1847,1552,1355
5463,54969295,53.3589883,2137,1681,1471,1892,1525,1351
5464,54979295,53.3593789,2170,1731,1510,1915,1545,1360
5465,54989296,53.3597693,2075,1712,1466,1854,1560,1338
5466,54999295,53.3604831,2160,1726,1469,1919,1562,1346
5467,55009295,53.3611168,2173,1690,1488,1917,1527,1365
5468,55019296,53.371549,2111,1662,1469,1872,1508,1346
5469,55029295,53.3754958,2032,1739,1533,1806,1572,1394
5470,55039295,53.3878257,1919,1776,1517,1718,1600,1382
5471,55049295,53.4040708,1765,1803,1569,1593,1635,1434
5472,55059296,53.4069335,1643,1794,1515,1493,1612,1389
5473,55069296,53.4225467,1525,1783,1486,1390,1603,1359
5474,55079295,53.4256834,1566,1749,1488,1421,1569,1360
5475,55089295,53.5274007,1744,1744,1488,1573,1570,1361
5476,55099295,53.5283832,1676,1744,1499,1521,1574,1365
5477,55109295,53.5293439,1675,1778,1497,1519,1604,1373
5478,55119296,53.5299257,1709,1771,1472,1547,1593,1358
5479,55129295,53.5303628,1833,1759,1518,1641,1584,1390
5480,55139296,53.5307736,1854,1743,1467,1657,1579,1327
5481,55149296,53.5311605,1918,1757,1511,1731,1578,1376
5482,55159295,53.5315428,1977,1771,1527,1777,1588,1372
5483,55169295,53.5319198,2030,1747,1505,1812,1573,1381
5484,55179295,53.5323346,2081,1712,1488,1848,1547,1363
5485,55189296,53.5434692,2111,1721,1485,1870,1549,1360
5486,55199296,53.5472472,2138,1728,1477,1885,1556,1356
5487,55209296,53.5587639,2112,1697,1454,1878,1525,1329
5488,55219296,53.5752075,2161,1710,1505,1916,1545,1378
5489,55229295,53.5771162,2133,1697,1494,1901,1541,1362
5490,55239295,53.5891535,2089,1699,1461,1862,1537,1347
5491,55249296,53.6094298,2031,1744,1495,1808,1579,1368
5492,55259295,53.6100625,1929,1751,1503,1735,1584,1377
5493,55269296,53.6202199,1790,1781,1524,1606,1598,1398
5494,55279296,53.6242557,1662,1786,1498,1506,1616,1367
5495,55289295,53.736607,1490,1775,1489,1377,1578,1350
5496,55299295,53.7376124,1519,1825,1535,1395,1640,1399
5497,55309295,53.7384214,1693,1741,1477,1533,1566,1353
5498,55319295,53.7391275,1615,1763,1491,1473,1594,1369
5499,55329295,53.7397113,1686,1795,1510,1521,1616,1386
5500,55339295,53.7402393,1738,1777,1488,1563,1605,1363
5501,55349295,53.740744,1808,1754,1518,1626,1582,1378
5502,55359296,53.7416631,1842,1728,1491,1690,1582,1362
5503,55369296,53.7423545,1950,1734,1503,1731,1565,1379
5504,55379296,53.7428316,1953,1728,1483,1762,1561,1360
5505,55389296,53.7459645,2009,1738,1493,1789,1573,1364
5506,55399296,53.746411,2059,1745,1506,1839,1573,1369
5507,55409296,53.7611914,2102,1692,1483,1876,1536,1355
5508,55419295,53.7658027,2128,1729,1485,1915,1562,1363
5509,55429295,53.7766121,2022,1731,1484,1798,1571,1358
5510,55439296,53.7967084,2078,1702,1474,1851,1539,1348
5511,55449296,53.7973547,2125,1726,1490,1899,1555,1364
5512,55459295,53.8083077,2185,1706,1467,1929,1539,1345
5513,55469296,53.8236846,2101,1689,1453,1860,1524,1332
5514,55479296,53.8266088,1974,1749,1558,1765,1572,1420
5515,55489295,53.9594159,1895,1734,1519,1692,1569,1374
5516,55499296,53.9606553,1718,1769,1527,1522,1603,1399
5517,55509295,53.9621533,1625,1805,1482,1469,1613,1358
5518,55519296,53.9629193,1565,1751,1483,1402,1598,1363
5519,55529296,53.963688,1577,1741,1491,1447,1566,1369
5520,55539296,53.9643272,1669,1766,1493,1520,1591,1369
5521,55549296,53.9650751,1680,1739,1491,1514,1585,1369
5522,55559295,53.9657532,1703,1762,1499,1542,1591,1382
5523,55569296,53.9664683,1744,1767,1516,1588,1594,1388
5524,55579296,53.9671536,1812,1744,1475,1628,1571,1355
5525,55589296,53.9679905,1904,1757,1501,1704,1585,1379
5526,55599295,53.9688526,1932,1750,1479,1730,1574,1351
5527,55609295,53.9700038,2015,1731,1502,1795,1560,1371
5528,55619296,53.970854,2058,1707,1475,1809,1543,1363
5529,55629295,53.985236,2128,1710,1465,1880,1553,1351
5530,55639295,53.9865311,2180,1715,1472,1931,1555,1346
5531,55649296,53.9958518,2054,1719,1471,1841,1562,1348
5532,55659296,54.0105485,2155,1691,1456,1906,1531,1338
5533,55669295,54.0141069,2219,1697,1463,1957,1541,1348
5534,55679295,54.0261597,2202,1689,1475,1944,1521,1347
5535,55689296,54.1569801,2105,1703,1494,1874,1539,1356
5536,55699295,54.1578403,1987,1771,1568,1775,1609,1432
5537,55709295,54.1586143,1867,1774,1535,1665,1600,1427
5538,55719296,54.1593035,1713,1749,1461,1553,1573,1336
5539,55729295,54.1599386,1494,1840,1572,1368,1651,1424
5540,55739295,54.1606141,1504,1808,1489,1369,1621,1358
5541,55749295,54.16139,1564,1773,1518,1430,1585,1382
5542,55759296,54.1620459,1622,1808,1522,1481,1617,1396
5543,55769295,54.1625859,1593,1777,1501,1450,1600,1374
5544,55779295,54.1631514,1673,1769,1504,1520,1612,1380
5545,55789295,54.1638547,1714,1806,1487,1553,1623,1369
5546,55799295,54.1644056,1849,1761,1513,1668,1592,1390
5547,55809295,54.1649124,1919,1754,1513,1716,1576,1376
5548,55819295,54.1715595,1990,1744,1488,1773,1587,1369
5549,55829295,54.1756787,2087,1727,1488,1857,1553,1368
5550,55839295,54.1859399,2135,1695,1491,1905,1539,1366
5551,55849296,54.1986597,2193,1695,1482,1965,1530,1361
5552,55859295,54.2150288,2190,1709,1469,1926,1543,1351
5553,55869296,54.2157679,2143,1701,1441,1897,1548,1327
5554,55879295,54.2303796,2184,1698,1469,1946,1546,1358
5555,55889296,54.2340682,2202,1696,1490,1952,1525,1371
5556,55899295,54.3408684,2180,1698,1488,1924,1539,1363
5557,55909295,54.3417368,2079,1738,1503,1846,1566,1380
5558,55919296,54.3423648,1971,1730,1495,1753,1566,1373
5559,55929296,54.3429151,1808,1730,1454,1630,1561,1333
5560,55939296,54.3434932,1618,1805,1530,1471,1625,1401
5561,55949296,54.3440097,1509,1866,1535,1385,1663,1423
5562,55959296,54.3445177,1451,1830,1514,1335,1645,1385
5563,55969295,54.3450227,1570,1792,1488,1438,1604,1386
5564,55979295,54.3455723,1581,1790,1498,1448,1611,1378
5565,55989296,54.3460833,1643,1797,1533,1516,1635,1400
5566,55999295,54.3468799,1710,1793,1487,1553,1614,1364
5567,56009296,54.3596003,1799,1770,1491,1617,1596,1364
5568,56019296,54.3707259,1902,1783,1523,1696,1604,1391
5569,56029295,54.3746391,1951,1762,1490,1745,1599,1377
5570,56039296,54.3856015,2021,1765,1467,1796,1580,1353
5571,56049296,54.4015257,2098,1755,1506,1863,1575,1366
5572,56059296,54.4051933,2184,1664,1493,1933,1507,1363
5573,56069296,54.4174805,2233,1697,1485,1974,1534,1350
5574,56079295,54.4330445,2144,1719,1497,1904,1553,1356
5575,56089295,54.4359815,2163,1722,1495,1927,1557,1373
5576,56099295,54.5488036,2189,1699,1465,1942,1540,1342
5577,56109295,54.5497542,2159,1691,1500,1910,1534,1364
5578,56119296,54.5505322,2106,1690,1454,1865,1525,1336
5579,56129295,54.5511091,2031,1754,1523,1810,1574,1372
5580,56139295,54.551592,1910,1744,1483,1706,1570,1359
5581,56149295,54.5519861,1765,1750,1467,1580,1574,1355
5582,56159296,54.5523696,1605,1815,1527,1464,1632,1402
5583,56169296,54.5527745,1470,1814,1515,1348,1629,1387
5584,56179295,54.5531692,1487,1796,1523,1369,1603,1384
5585,56189296,54.5536143,1535,1821,1505,1402,1649,1382
5586,56199295,54.5540207,1584,1799,1531,1442,1612,1387
5587,56209296,54.5596155,1666,1776,1501,1510,1604,1376
5588,56219296,54.5756796,1772,1767,1470,1600,1599,1363
5589,56229296,54.5764807,1866,1761,1486,1671,1587,1360
5590,56239296,54.5906211,1956,1750,1493,1745,1576,1365
5591,56249295,54.5946156,2030,1744,1493,1806,1594,1360
5592,56259295,54.6059649,2143,1724,1488,1897,1548,1364
5593,56269295,54.6239481,2128,1715,1488,1897,1543,1363
5594,56279296,54.626035,2177,1715,1472,1933,1547,1351
5595,56289295,54.6414883,2163,1687,1489,1914,1527,1364
5596,56299295,54.6453679,2166,1727,1485,1913,1528,1349
5597,56309296,54.7457244,2183,1744,1501,1923,1573,1353
5598,56319295,54.7468299,2170,1699,1456,1924,1535,1333
5599,56329295,54.7478296,2118,1721,1499,1887,1560,1378
5600,56339296,54.7485432,2085,1703,1485,1858,1548,1342
5601,56349295,54.7491297,2000,1738,1449,1784,1571,1346
5602,56359295,54.7497159,1876,1782,1498,1684,1595,1377
5603,56369296,54.7502453,1744,1776,1482,1574,1592,1353
5604,56379295,54.7510982,1627,1715,1461,1471,1553,1335
5605,56389296,54.7518299,1535,1839,1535,1398,1652,1390
5606,56399295,54.7525356,1488,1790,1497,1364,1613,1390
5607,56409295,54.7622977,1587,1778,1520,1443,1612,1392
5608,56419295,54.7659788,1555,1815,1508,1424,1626,1379
5609,56429296,54.7790473,1617,1833,1518,1464,1644,1392
5610,56439296,54.7939722,1678,1812,1488,1521,1626,1363
5611,56449295,54.7966249,1792,1808,1524,1614,1624,1386
5612,56459295,54.8099301,1904,1769,1478,1709,1593,1366
5613,56469296,54.8284907,1994,1750,1482,1783,1575,1374
5614,56479295,54.8289269,2160,1713,1482,1913,1543,1368
5615,56489295,54.8404572,2144,1693,1535,1899,1523,1396
5616,56499296,54.8444247,2102,1759,1503,1864,1583,1374
5617,56509295,54.962495,2154,1756,1489,1919,1579,1365
5618,56519296,54.9632348,2167,1728,1472,1911,1558,1358
5619,56529295,54.9638677,2201,1701,1461,1946,1537,1327
5620,56539295,54.9644844,2231,1703,1468,1976,1537,1339
5621,56549295,54.964967,2227,1681,1445,1968,1521,1325
5622,56559295,54.9653665,2103,1766,1505,1880,1584,1390
5623,56569295,54.9657462,2070,1797,1583,1842,1616,1431
5624,56579295,54.9661292,1927,1793,1535,1719,1621,1422
5625,56589295,54.9665097,1748,1824,1531,1570,1649,1400
5626,56599296,54.9669073,1600,1840,1535,1456,1657,1402
5627,56609295,54.9675433,1493,1808,1523,1355,1647,1394
5628,56619295,54.9680061,1454,1858,1519,1328,1664,1386
5629,56629295,54.979187,1566,1858,1565,1421,1663,1422
5630,56639296,54.9957542,1535,1808,1472,1402,1612,1352
5631,56649295,54.9971543,1590,1808,1472,1450,1612,1345
5632,56659295,55.015632,1687,1802,1499,1531,1622,1392
5633,56669296,55.0163321,1808,1795,1503,1621,1612,1385
5634,56679295,55.0265054,1879,1792,1501,1688,1626,1388
5635,56689295,55.0426877,1938,1771,1475,1758,1598,1355
5636,56699296,55.0456066,2069,1778,1504,1854,1602,1378
5637,56709296,55.1617703,2127,1756,1507,1887,1575,1379
5638,56719296,55.1635008,2203,1717,1493,1952,1548,1371
5639,56729295,55.1643981,2235,1712,1488,1978,1538,1364
5640,56739296,55.1649828,2183,1722,1483,1929,1562,1361
5641,56749296,55.1655024,2256,1690,1449,1985,1530,1332
5642,56759296,55.1660465,2241,1702,1472,1986,1543,1348
5643,56769295,55.1667525,2208,1744,1486,1962,1583,1365
5644,56779296,55.1674228,2115,1830,1562,1871,1641,1427
5645,56789296,55.1685093,2035,1872,1619,1834,1660,1458
5646,56799295,55.1696795,1867,1610,1383,1670,1467,1259
5647,56809296,55.1705363,1747,1851,1525,1574,1653,1394
5648,56819296,55.17185,1535,1861,1555,1396,1663,1402
5649,56829295,55.1828288,1391,1795,1503,1282,1627,1378
5650,56839296,55.1865279,1461,1835,1534,1351,1643,1402
5651,56849296,55.2017118,1481,1845,1520,1355,1653,1381
5652,56859295,55.205169,1535,1868,1498,1402,1671,1365
5653,56869295,55.2294701,1686,1769,1456,1534,1594,1352
5654,56879296,55.230138,1854,1802,1535,1673,1616,1425
5655,56889295,55.2442798,1935,1811,1535,1744,1627,1402
5656,56899296,55.2448616,1948,1765,1419,1748,1585,1299
5657,56909295,55.3657843,2112,1760,1611,1877,1595,1473
5658,56919295,55.3667313,2141,1734,1488,1895,1556,1367
5659,56929295,55.3676936,2178,1672,1439,1926,1509,1323
5660,56939295,55.3684633,2171,1702,1489,1921,1548,1364
5661,56949296,55.3691171,2123,1795,1517,1883,1606,1364
5662,56959296,55.369665,2196,1723,1487,1944,1549,1353
5663,56969295,55.3701796,2221,1713,1458,1961,1553,1338
5664,56979295,55.370893,2164,1731,1479,1916,1563,1361
5665,56989296,55.3715322,2122,1735,1467,1883,1569,1346
5666,56999295,55.3721814,2010,1859,1589,1796,1658,1442
5667,57009296,55.3729366,1856,1724,1470,1667,1566,1352
5668,57019295,55.3739466,1722,1811,1516,1550,1632,1391
5669,57029295,55.3890619,1637,1863,1566,1490,1667,1434
5670,57039295,55.3898767,1559,1808,1493,1427,1624,1368
5671,57049295,55.400709,1511,1808,1490,1387,1621,1364
5672,57059296,55.4047208,1710,1766,1497,1548,1598,1381
5673,57069295,55.4174061,1712,1779,1495,1545,1594,1361
5674,57079295,55.4312761,1763,1776,1491,1598,1597,1360
5675,57089296,55.4355008,1830,1799,1535,1642,1609,1391
5676,57099296,55.447544,1872,1758,1474,1672,1581,1356
5677,57109296,55.5716642,1927,1761,1491,1719,1581,1364
5678,57119295,55.572755,1962,1754,1494,1750,1585,1398
5679,57129296,55.5736112,1973,1745,1497,1760,1579,1364
5680,57139295,55.574131,1968,1758,1488,1758,1585,1366
5681,57149295,55.5745951,1963,1767,1488,1749,1589,1364
5682,57159295,55.575017,1963,1750,1489,1750,1581,1371
5683,57169296,55.5754608,1953,1771,1499,1746,1595,1364
5684,57179295,55.5758627,1936,1791,1489,1734,1609,1376
5685,57189296,55.5763427,1935,1789,1497,1731,1607,1368
5686,57199296,55.5767627,1910,1786,1494,1720,1608,1374
5687,57209296,55.5771942,1907,1782,1504,1703,1605,1368
5688,57219295,55.5778474,1890,1776,1494,1695,1600,1372
5689,57229295,55.5783178,1903,1764,1497,1691,1592,1364
5690,57239296,55.589359,1901,1769,1488,1699,1598,1366
5691,57249296,55.6056298,1899,1767,1490,1698,1596,1366
5692,57259295,55.606463,1903,1763,1490,1696,1589,1374
5693,57269295,55.6216382,1885,1762,1494,1703,1586,1368
5694,57279295,55.625695,1900,1767,1488,1697,1598,1365
5695,57289295,55.6368513,1883,1761,1488,1696,1586,1364
5696,57299295,55.6529217,1887,1774,1483,1668,1593,1356
5697,57309296,55.6557867,1889,1776,1493,1693,1598,1366
5698,57319295,55.7770349,1901,1776,1495,1695,1588,1368
5699,57329296,55.7778173,1888,1746,1487,1703,1581,1365
5700,57339296,55.7782901,1867,1780,1487,1677,1606,1365
5701,57349295,55.778712,1941,1765,1535,1753,1590,1402
5702,57359295,55.7792224,1861,1424,1398,1674,1325,1286
5703,57369295,55.7798223,1875,1730,1482,1675,1564,1364
5704,57379295,55.7802327,1906,1683,1445,1705,1521,1327
5705,57389295,55.780617,1898,1731,1487,1698,1561,1361
5706,57399296,55.7810219,1890,1741,1476,1693,1571,1364
5707,57409295,55.7815027,1890,1734,1510,1699,1562,1364
5708,57419295,55.7819693,1891,1733,1481,1692,1563,1366
5709,57429295,55.7824421,1890,1731,1491,1696,1560,1366
5710,57439295,55.7933323,1895,1737,1499,1699,1566,1360
5711,57449295,55.7970413,1891,1735,1494,1700,1562,1364
5712,57459296,55.8085,1888,1727,1488,1690,1562,1363
5713,57469295,55.8231896,1899,1734,1491,1697,1562,1364
5714,57479295,55.8265707,1900,1741,1499,1698,1565,1364
5715,57489295,55.8392969,1889,1735,1486,1696,1567,1366
5716,57499295,55.8595253,1894,1731,1497,1690,1563,1360
5717,57509295,55.8602402,1882,1712,1483,1685,1546,1354
5718,57519295,55.979488,1872,1692,1483,1681,1534,1353
5719,57529295,55.9806972,1862,1699,1486,1676,1536,1355
5720,57539296,55.9814386,1887,1744,1488,1691,1585,1364
5721,57549296,55.9819994,2006,1859,1491,1785,1668,1377
5722,57559295,55.9825563,1945,1723,1487,1730,1557,1355
5723,57569295,55.9831244,1904,1705,1522,1701,1540,1361
5724,57579296,55.9836378,1871,1720,1489,1679,1556,1368
5725,57589295,55.9842048,1841,1745,1492,1663,1575,1371
5726,57599295,55.9849275,1882,1762,1499,1685,1587,1374
5727,57609295,55.9855855,1885,1773,1501,1693,1600,1369
5728,57619295,55.9862104,1887,1763,1502,1685,1586,1385
5729,57629295,55.9868553,1859,1786,1519,1669,1610,1387
5730,57639295,55.9957209,1839,1791,1520,1658,1615,1395
5731,57649295,55.9965801,1872,1774,1505,1668,1597,1364
5732,57659295,56.0108107,1862,1776,1484,1667,1604,1365
5733,57669296,56.0155712,1885,1763,1455,1683,1581,1311
5734,57679295,56.0258487,1919,1822,1462,1708,1636,1337
5735,57689295,56.0467356,1855,1865,1519,1674,1674,1391
5736,57699295,56.0483084,1933,1827,1486,1708,1645,1364
5737,57709295,56.0602061,1911,1872,1486,1720,1679,1351
5738,57719295,56.2646074,1849,1881,1456,1650,1681,1342
5739,57729295,56.2654366,1943,1826,1525,1731,1642,1402
5740,57739296,56.2659835,1978,1872,1515,1765,1675,1382
5741,57749295,56.266397,1869,1851,1458,1676,1675,1342
5742,57759295,56.2667893,1911,1815,1531,1713,1646,1400
5743,57769295,56.2671789,1919,1869,1520,1708,1672,1383
5744,57779295,56.2675828,1883,1840,1447,1689,1648,1338
5745,57789295,56.2681417,1895,1833,1430,1717,1650,1317
5746,57799296,56.2687161,1903,1841,1440,1711,1663,1322
5747,57809296,56.2692574,1915,1877,1463,1731,1678,1340
5748,57819295,56.2697197,1916,1869,1470,1722,1676,1348
5749,57829295,56.27016,1920,1866,1481,1717,1668,1354
5750,57839295,56.270552,1889,1877,1477,1695,1681,1355
5751,57849295,56.2709455,1838,1905,1467,1649,1715,1364
5752,57859295,56.2715721,1792,1951,1503,1606,1745,1363
5753,57869295,56.2722511,1886,1893,1482,1692,1703,1360
5754,57879295,56.272828,1870,1898,1510,1701,1699,1386
5755,57889296,56.2734373,1917,1918,1500,1705,1721,1373
5756,57899295,56.2739499,1908,1937,1494,1706,1732,1364
5757,57909296,56.2744608,1905,1918,1493,1704,1713,1372
5758,57919296,56.2749844,1924,1927,1515,1724,1722,1385
5759,57929296,56.2759433,1914,1910,1481,1708,1709,1354
5760,57939296,56.3968855,1895,1933,1488,1708,1724,1366
5761,57949296,56.3977768,1855,1949,1488,1676,1742,1368
5762,57959295,56.3984032,1857,1969,1488,1667,1763,1368
5763,57969295,56.399007,1902,1988,1477,1690,1775,1351
5764,57979295,56.3996159,1952,1964,1513,1752,1753,1391
5765,57989296,56.400178,1985,1942,1492,1769,1736,1364
5766,57999295,56.4007707,1936,1914,1449,1731,1712,1329
5767,58009296,56.4014574,1902,1922,1443,1705,1726,1332
5768,58019295,56.4022067,1917,1922,1447,1714,1708,1339
5769,58029295,56.4031262,1927,1900,1479,1727,1698,1337
5770,58039295,56.4039672,1918,1894,1451,1732,1702,1328
5771,58049295,56.4057315,1921,1893,1459,1718,1718,1337
5772,58059295,56.4205089,1901,1906,1446,1679,1705,1332
5773,58069296,56.4215227,1893,1929,1449,1703,1714,1337
5774,58079295,56.4303536,1934,1941,1474,1719,1743,1359
5775,58089295,56.4350655,1934,1968,1490,1727,1759,1366
5776,58099295,56.4463375,1877,1972,1456,1679,1758,1337
5777,58109295,56.4620813,1936,1872,1431,1731,1685,1314
5778,58119295,56.4660997,1892,1917,1422,1685,1721,1305
5779,58129295,56.4784366,1865,1962,1452,1679,1754,1336
5780,58139296,56.5780649,1859,1982,1434,1667,1764,1322
5781,58149295,56.5790286,1904,1983,1438,1705,1777,1332
5782,58159296,56.5797005,1954,2006,1477,1741,1782,1348
5783,58169296,56.5801848,1919,1968,1443,1710,1760,1327
5784,58179296,56.5805792,1913,1979,1431,1708,1773,1327
5785,58189296,56.5809581,1885,1971,1391,1698,1760,1286
5786,58199295,56.581336,1905,2003,1457,1705,1773,1326
5787,58209296,56.5817505,1915,2061,1471,1705,1833,1346
5788,58219295,56.5821603,1926,2030,1422,1718,1810,1314
5789,58229295,56.5825471,1931,2000,1424,1732,1784,1307
5790,58239296,56.5892485,1936,1968,1434,1727,1764,1313
5791,58249295,56.6074005,1935,2029,1462,1728,1802,1345
5792,58259296,56.6078532,1940,2015,1475,1742,1791,1358
5793,58269295,56.6198002,1933,1983,1466,1736,1767,1351
5794,58279295,56.6349018,1938,1985,1479,1731,1777,1351
5795,58289296,56.6356809,1925,1946,1464,1731,1746,1338
5796,58299295,56.6521022,1939,1936,1422,1733,1729,1302
5797,58309295,56.6553425,1964,1905,1399,1752,1693,1292
5798,58319295,56.6662594,1975,1905,1399,1768,1705,1293
5799,58329296,56.6813766,2009,1903,1424,1784,1705,1303
5800,58339296,56.684984,2000,1890,1399,1787,1695,1284
5801,58349296,56.7886221,1990,1893,1381,1775,1692,1275
5802,58359295,56.7895006,1977,1869,1391,1768,1679,1284
5803,58369295,56.7900862,1982,1858,1403,1779,1672,1303
5804,58379295,56.790527,2007,1898,1433,1788,1696,1313
5805,58389296,56.790929,1991,1953,1457,1772,1752,1347
5806,58399296,56.7913421,1897,1990,1456,1689,1782,1340
5807,58409295,56.7917317,1759,2027,1438,1585,1801,1332
5808,58419296,56.792146,1702,2061,1438,1539,1841,1329
5809,58429296,56.7925406,1674,2065,1436,1521,1831,1312
5810,58439296,56.7958156,1665,1995,1386,1512,1782,1284
5811,58449295,56.7962786,1738,1969,1375,1563,1759,1270
5812,58459296,56.8062998,1783,1971,1408,1601,1757,1285
5813,58469296,56.8214416,1829,1975,1423,1644,1769,1311
5814,58479296,56.8253633,1870,1949,1410,1681,1749,1308
5815,58489296,56.8373064,1954,1975,1427,1750,1767,1314
5816,58499295,56.8543382,2030,1981,1459,1811,1774,1310
5817,58509295,56.8572916,2144,1986,1461,1916,1779,1347
5818,58519296,56.8698784,2279,1979,1488,2007,1771,1355
5819,58529295,56.8891445,2322,1947,1456,2050,1750,1341
5820,58539295,56.8902775,2309,1954,1454,2032,1747,1339
5821,58549295,57.0098404,2238,1967,1457,1986,1756,1346
5822,58559295,57.0107072,2107,1955,1449,1887,1757,1327
5823,58569296,57.0113844,2022,1927,1392,1810,1719,1285
5824,58579296,57.0119655,1983,1911,1369,1767,1718,1264
5825,58589296,57.0125148,1894,1894,1344,1687,1698,1246
5826,58599295,57.0130454,1767,1913,1328,1576,1718,1232
5827,58609295,57.0135972,1662,2022,1387,1509,1809,1283
5828,58619296,57.0141476,1626,2123,1424,1478,1881,1332
5829,58629296,57.0146846,1616,2102,1457,1468,1869,1337
5830,58639295,57.0152362,1648,2070,1460,1501,1838,1342
5831,58649296,57.0157581,1712,2078,1443,1553,1852,1337
5832,58659295,57.0163121,1812,2091,1449,1638,1853,1337
5833,58669296,57.0236765,1887,2032,1445,1700,1806,1311
5834,58679296,57.0265986,2030,2019,1439,1799,1796,1323
5835,58689296,57.0391864,2190,1997,1446,1933,1773,1336
5836,58699295,57.0553863,2341,1901,1404,2068,1690,1297
5837,58709295,57.0560732,2415,1810,1389,2135,1635,1287
5838,58719295,57.0755344,2458,1827,1394,2157,1637,1303
5839,58729295,57.0759989,2389,1863,1409,2108,1671,1288
5840,58739295,57.0863614,2245,1943,1421,1972,1747,1312
5841,58749296,57.1977797,2080,2002,1411,1832,1793,1305
5842,58759296,57.1984999,1863,1982,1328,1682,1773,1222
5843,58769295,57.1993232,1680,2076,1383,1519,1842,1271
5844,58779295,57.2001084,1519,2094,1371,1401,1874,1282
5845,58789296,57.2008716,1456,2149,1392,1343,1891,1296
5846,58799295,57.2016024,1520,2129,1453,1386,1886,1337
5847,58809295,57.2022969,1671,2133,1465,1525,1894,1351
5848,58819296,57.2029632,1847,2087,1478,1665,1861,1354
5849,58829295,57.203629,2023,2128,1520,1805,1885,1392
5850,58839295,57.2043529,2151,2023,1486,1906,1806,1352
5851,58849296,57.2051238,2333,1972,1462,2059,1758,1359
5852,58859295,57.2127326,2496,1872,1425,2192,1687,1329
5853,58869296,57.2160374,2558,1769,1374,2236,1600,1268
5854,58879296,57.228211,2469,1778,1341,2147,1603,1258
5855,58889295,57.2441064,2256,1884,1369,1990,1691,1259
5856,58899295,57.2466047,2055,2002,1342,1819,1779,1259
5857,58909295,57.2622915,1839,2090,1390,1644,1876,1299
5858,58919296,57.2656311,1654,2130,1423,1493,1915,1324
5859,58929296,57.2741069,1535,2137,1415,1402,1878,1287
5860,58939296,57.2909496,1479,1947,1274,1358,1768,1222
5861,58949295,57.2941681,1626,2126,1493,1480,1892,1368
5862,58959295,57.4343179,1787,2109,1494,1614,1870,1361
5863,58969296,57.4360433,1943,2074,1487,1755,1849,1360
5864,58979295,57.4373162,2131,2055,1473,1891,1816,1351
5865,58989296,57.4382508,2261,1952,1423,1999,1750,1311
5866,58999295,57.4392405,2384,1827,1370,2098,1640,1270
5867,59009296,57.4401476,2393,1755,1344,2102,1575,1232
5868,59019296,57.441015,2324,1782,1342,2047,1612,1246
5869,59029296,57.4418621,2166,1851,1354,1918,1663,1246
5870,59039295,57.4425811,1984,1939,1360,1759,1740,1259
5871,59049295,57.4432515,1786,2039,1399,1611,1822,1294
5872,59059295,57.4438452,1613,2126,1437,1464,1879,1321
5873,59069295,57.4443192,1535,2160,1457,1402,1918,1362
5874,59079295,57.4447829,1633,2155,1478,1487,1908,1353
5875,59089295,57.4502097,1775,2119,1488,1600,1880,1364
5876,59099296,57.4509166,1957,2091,1485,1750,1864,1364
5877,59109295,57.4613019,2128,2061,1457,1884,1811,1343
5878,59119295,57.4657857,2258,1985,1454,1995,1754,1332
5879,59129296,57.4774393,2356,1869,1408,2091,1680,1291
5880,59139296,57.4934571,2389,1815,1379,2099,1629,1266
5881,59149296,57.4960822,2327,1785,1360,2047,1608,1259
5882,59159295,57.6197545,2165,1818,1343,1919,1647,1246
5883,59169296,57.6207652,1978,1922,1360,1767,1730,1259
5884,59179295,57.621623,1795,2029,1393,1605,1795,1273
5885,59189295,57.6222574,1627,2112,1421,1473,1878,1315
5886,59199295,57.6229598,1535,2134,1442,1402,1897,1346
5887,59209295,57.6237432,1603,2123,1474,1466,1887,1350
5888,59219295,57.6243528,1750,2108,1486,1576,1880,1351
5889,59229295,57.6249788,1898,2079,1469,1694,1841,1346
5890,59239296,57.6257002,2059,2029,1456,1837,1810,1339
5891,59249295,57.6264045,2166,1981,1437,1924,1759,1314
5892,59259295,57.6270064,2256,1904,1402,1994,1702,1293
5893,59269296,57.6276287,2271,1831,1371,2003,1641,1267
5894,59279296,57.6373051,2181,1795,1358,1929,1617,1259
5895,59289295,57.6384272,2053,1823,1347,1819,1644,1253
5896,59299296,57.6495961,1919,1928,1372,1721,1730,1272
5897,59309296,57.6655133,1790,1988,1395,1613,1788,1294
5898,59319295,57.6665944,1698,2054,1418,1534,1828,1286
5899,59329295,57.680261,1664,2083,1427,1504,1858,1313
5900,59339295,57.6862968,1672,2082,1441,1530,1857,1325
5901,59349295,57.6955613,1763,2101,1494,1592,1863,1364
5902,59359296,57.8317158,1874,2073,1465,1693,1837,1347
5903,59369295,57.8329596,2021,2016,1447,1796,1798,1323
5904,59379295,57.8337523,2129,2010,1447,1889,1784,1325
5905,59389295,57.8342566,2196,1940,1403,1959,1729,1289
5906,59399295,57.834888,2267,1871,1382,2007,1661,1280
5907,59409295,57.8355772,2289,1813,1369,2020,1635,1267
5908,59419295,57.8362459,2212,1781,1365,1957,1612,1259
5909,59429296,57.8367804,2096,1840,1360,1863,1666,1259
5910,59439296,57.8373817,1952,1938,1383,1749,1741,1283
5911,59449295,57.8380812,1808,2013,1406,1632,1798,1300
5912,59459295,57.8387641,1718,2047,1418,1548,1837,1305
5913,59469295,57.8394717,1653,2121,1451,1497,1882,1331
5914,59479295,57.8402514,1643,2143,1479,1488,1895,1342
5915,59489295,57.841388,1682,2115,1477,1529,1879,1356
5916,59499296,57.8527862,1789,2077,1468,1615,1841,1337
5917,59509295,57.8558242,1934,2023,1446,1731,1801,1317
5918,59519295,57.86893,2037,1959,1398,1816,1751,1289
5919,59529295,57.883207,2173,1949,1412,1924,1736,1294
5920,59539296,57.8868383,2247,1863,1371,1993,1667,1270
5921,59549296,57.8991166,2288,1806,1359,2020,1626,1254
5922,59559296,58.0224452,2220,1776,1354,1970,1601,1251
5923,59569296,58.0232495,2112,1824,1347,1874,1647,1250
5924,59579295,58.0238587,1967,1933,1392,1755,1734,1285
5925,59589295,58.0244832,1825,1998,1395,1630,1785,1298
5926,59599295,58.025127,1725,2046,1411,1548,1832,1311
5927,59609295,58.0257688,1661,2076,1419,1508,1837,1304
5928,59619295,58.0264361,1639,2128,1463,1489,1889,1340
5929,59629295,58.0270942,1693,2128,1473,1540,1889,1359
5930,59639295,58.0278033,1808,2082,1469,1631,1845,1350
5931,59649295,58.0285848,1963,2075,1474,1757,1839,1338
5932,59659296,58.0292652,2080,2001,1433,1851,1784,1313
5933,59669295,58.0299546,2170,1920,1392,1942,1726,1291
5934,59679295,58.0308878,2241,1895,1387,1993,1690,1280
5935,59689295,58.040579,2266,1829,1366,1998,1636,1269
5936,59699296,58.0544064,2217,1813,1363,1962,1640,1259
5937,59709295,58.0577724,2102,1840,1354,1864,1657,1245
5938,59719296,58.072176,1985,1907,1382,1768,1720,1277
5939,59729295,58.075743,1843,1986,1408,1660,1779,1297
5940,59739296,58.0874428,1735,2041,1397,1565,1847,1310
5941,59749295,58.1067,1673,2112,1456,1512,1881,1338
5942,59759295,58.1073436,1678,2099,1451,1517,1863,1335
5943,59769295,58.2158658,1766,2095,1487,1593,1846,1337
5944,59779295,58.2167523,1867,2033,1433,1674,1805,1316
5945,59789295,58.2176807,1982,2027,1439,1764,1801,1327
5946,59799295,58.2184799,2067,1997,1423,1841,1777,1311
5947,59809295,58.2191198,2133,1955,1411,1894,1745,1299
5948,59819295,58.2197076,2186,1883,1383,1919,1695,1282
5949,59829295,58.2204858,2183,1834,1373,1933,1638,1261
5950,59839296,58.2212167,2118,1808,1371,1876,1624,1260
5951,59849296,58.2220524,2006,1882,1377,1790,1695,1277
5952,59859295,58.2231855,1887,1943,1392,1691,1744,1287
5953,59869295,58.2242619,1781,2021,1428,1593,1801,1319
5954,59879296,58.2300742,1710,2035,1413,1540,1807,1280
5955,59889296,58.2431437,1669,2017,1396,1511,1813,1290
5956,59899296,58.2466804,1721,2079,1446,1563,1846,1337
5957,59909295,58.2591665,1808,2037,1442,1627,1819,1337
5958,59919296,58.2757335,1903,2013,1442,1705,1790,1327
5959,59929295,58.2761912,2018,1985,1408,1790,1760,1292
5960,59939295,58.294129,2097,1962,1410,1860,1747,1291
5961,59949295,58.2946993,2153,1905,1401,1902,1704,1285
5962,59959296,58.3068053,2179,1872,1391,1929,1676,1290
5963,59969295,58.422952,2144,1851,1365,1893,1660,1259
5964,59979296,58.4240069,2064,1863,1354,1811,1676,1259
5965,59989296,58.4247193,1946,1933,1383,1752,1731,1279
5966,59999295,58.425277,1854,1995,1423,1679,1787,1302
5967,60009295,58.4257947,1799,2022,1421,1626,1810,1310
5968,60019295,58.42627,1764,2027,1411,1595,1807,1301
5969,60029295,58.4267285,1744,2043,1428,1573,1813,1319
5970,60039295,58.4273851,1753,2055,1430,1576,1822,1322
5971,60049295,58.4283038,1808,2019,1426,1626,1799,1312
5972,60059295,58.4287382,1892,2007,1430,1695,1786,1311
5973,60069295,58.4291674,1972,1990,1406,1765,1773,1298
5974,60079295,58.4334008,2047,1959,1403,1837,1760,1286
5975,60089296,58.436717,2114,1921,1393,1874,1717,1285
5976,60099295,58.4474313,2141,1895,1393,1906,1704,1282
5977,60109295,58.4642907,2107,1890,1380,1864,1688,1274
5978,60119296,58.4669758,2021,1887,1363,1788,1699,1267
5979,60129295,58.4822899,1919,1925,1392,1718,1727,1277
5980,60139295,58.4858962,1838,1961,1393,1647,1729,1292
5981,60149295,58.4943704,1776,1993,1402,1595,1775,1289
5982,60159295,58.5111136,1757,1999,1389,1575,1783,1285
5983,60169296,58.5150769,1772,2036,1398,1597,1808,1300
5984,60179295,58.6328187,1824,2040,1442,1635,1828,1328
5985,60189296,58.6340479,1872,2033,1448,1679,1810,1327
5986,60199295,58.6350594,1956,2013,1427,1742,1785,1314
5987,60209296,58.635707,1990,1975,1427,1785,1770,1312
5988,60219295,58.6361508,2043,1955,1415,1810,1740,1307
5989,60229295,58.6365608,2096,1933,1397,1869,1731,1296
5990,60239295,58.6370699,2121,1904,1392,1884,1706,1273
5991,60249295,58.6376166,2131,1886,1389,1889,1701,1291
5992,60259295,58.638172,2071,1876,1371,1837,1690,1266
5993,60269296,58.6387515,1963,1905,1362,1754,1710,1261
5994,60279295,58.639536,1872,1951,1393,1692,1760,1286
5995,60289295,58.6401742,1825,1997,1405,1644,1782,1300
5996,60299295,58.6511525,1761,2007,1408,1580,1795,1299
5997,60309296,58.6562783,1717,2035,1426,1553,1821,1310
5998,60319296,58.6713338,1711,2063,1431,1539,1832,1312
5999,60329295,58.6751793,1749,2062,1445,1571,1831,1333
6000,60339295,58.6873778,1845,2037,1458,1662,1816,1330
6001,60349295,58.6977895,1945,2012,1440,1753,1784,1315
6002,60359296,58.7122264,2018,1970,1421,1810,1758,1309
6003,60369296,58.7156394,2096,1962,1416,1837,1745,1297
6004,60379296,58.83308,2160,1935,1408,1907,1731,1293
6005,60389295,58.8339188,2225,1885,1374,1979,1699,1273
6006,60399295,58.83485,2249,1874,1390,1989,1684,1277
6007,60409296,58.8357868,2163,1851,1358,1918,1654,1247
6008,60419295,58.8366007,2064,1920,1381,1842,1718,1277
6009,60429296,58.837446,1936,1975,1415,1730,1766,1300
6010,60439295,58.8385478,1747,2007,1408,1563,1786,1295
6011,60449295,58.839802,1616,2045,1409,1442,1821,1291
6012,60459295,58.8410334,1535,2114,1446,1402,1878,1333
6013,60469295,58.8419657,1604,2125,1462,1476,1894,1337
6014,60479296,58.8430944,1746,2100,1468,1576,1863,1342
6015,60489295,58.8444474,1906,2037,1445,1706,1807,1322
6016,60499296,58.8565366,1998,2011,1442,1781,1784,1324
6017,60509296,58.8572794,2027,1977,1435,1797,1768,1328
6018,60519295,58.8680784,2080,1967,1424,1846,1753,1309
6019,60529295,58.8834733,2185,1920,1391,1941,1711,1285
6020,60539295,58.8858492,2295,1899,1377,2020,1693,1276
6021,60549295,58.8983718,2290,1842,1357,2020,1658,1256
6022,60559296,58.913298,2186,1823,1356,1942,1648,1259
6023,60569295,58.9164646,2047,1904,1386,1829,1709,1277
6024,60579296,59.0290452,1910,1990,1419,1703,1777,1298
6025,60589295,59.0300161,1745,2000,1391,1574,1772,1281
6026,60599295,59.0307485,1631,2151,1503,1493,1906,1362
6027,60609296,59.0314479,1535,2141,1475,1401,1910,1363
6028,60619295,59.032116,1517,2105,1450,1388,1868,1336
6029,60629295,59.0327805,1633,2096,1447,1474,1858,1337
6030,60639295,59.0336842,1814,2077,1456,1623,1851,1338
6031,60649295,59.0346541,1953,2032,1446,1749,1810,1330
6032,60659295,59.0356542,2057,1993,1429,1837,1771,1312
6033,60669295,59.036605,2165,1925,1401,1929,1717,1297
6034,60679296,59.0375597,2260,1829,1328,1995,1653,1245
6035,60689295,59.0411354,2320,1834,1346,2055,1648,1242
6036,60699296,59.0465839,2307,1814,1354,2035,1638,1244
6037,60709296,59.0699137,2192,1859,1350,1937,1667,1248
6038,60719296,59.0707112,2047,1936,1387,1821,1726,1281
6039,60729295,59.0847747,1909,2021,1424,1710,1792,1309
6040,60739296,59.0858075,1765,2037,1397,1591,1805,1298
6041,60749295,59.1003955,1632,2160,1481,1473,1915,1355
6042,60759295,59.1065025,1487,2122,1447,1348,1861,1311
6043,60769296,59.1165068,1453,2128,1462,1337,1900,1345
6044,60779296,59.2496664,1535,2134,1472,1424,1889,1348
6045,60789296,59.2505811,1763,2125,1495,1603,1881,1362
6046,60799295,59.2517047,1951,2070,1456,1744,1842,1340
6047,60809296,59.252779,2064,1998,1405,1839,1777,1305
6048,60819295,59.2538032,2159,1952,1414,1913,1742,1302
6049,60829296,59.2546733,2289,1886,1371,2023,1666,1247
6050,60839295,59.2554011,2377,1834,1337,2098,1652,1244
6051,60849295,59.2561772,2428,1810,1349,2121,1626,1245
6052,60859295,59.256923,2302,1805,1344,2028,1626,1246
6053,60869295,59.2580543,2134,1886,1360,1897,1688,1264
6054,60879295,59.2589789,1951,2019,1424,1744,1787,1310
6055,60889296,59.2597606,1727,2071,1427,1561,1851,1298
6056,60899295,59.2606907,1488,2134,1441,1360,1894,1328
6057,60909295,59.2616846,1397,2336,1609,1299,2032,1439
6058,60919296,59.2737096,1392,2225,1516,1292,1942,1381
6059,60929296,59.2767956,1584,2123,1473,1455,1889,1355
6060,60939295,59.2895935,1836,2128,1488,1661,1880,1355
6061,60949295,59.3050148,2019,2087,1469,1802,1855,1360
6062,60959296,59.3059369,2128,1986,1422,1898,1772,1311
6063,60969295,59.3248084,2240,1896,1409,1990,1705,1295
6064,60979296,59.3256521,2346,1824,1350,2073,1630,1254
6065,60989296,59.4499348,2396,1787,1334,2120,1619,1233
6066,60999295,59.452392,2335,1770,1323,2056,1594,1220
6067,61009296,59.4540294,2196,1833,1334,1942,1650,1234
6068,61019295,59.4559503,2027,1936,1376,1795,1741,1282
6069,61029296,59.4572643,1869,2055,1424,1674,1834,1314
6070,61039295,59.4584662,1712,2073,1447,1553,1846,1314
6071,61049296,59.4594879,1555,2128,1443,1402,1890,1327
6072,61059296,59.4606225,1455,2174,1486,1317,1928,1360
6073,61069296,59.4615963,1457,2201,1529,1337,1931,1381
6074,61079295,59.462612,1593,2145,1517,1455,1897,1390
6075,61089296,59.4635561,1822,2115,1491,1635,1888,1361
6076,61099296,59.464612,1999,2082,1482,1786,1838,1335
6077,61109295,59.4663987,2106,1979,1423,1872,1767,1307
6078,61119296,59.4768078,2208,1931,1411,1960,1722,1292
6079,61129296,59.4781932,2320,1851,1367,2049,1653,1267
6080,61139295,59.4910318,2410,1809,1328,2119,1626,1231
6081,61149296,59.4964747,2389,1795,1328,2105,1611,1230
6082,61159296,59.5112381,2272,1814,1326,1996,1624,1232
6083,61169295,59.5167308,2118,1924,1391,1864,1718,1277
6084,61179296,59.7095279,1926,2046,1424,1713,1810,1326
6085,61189295,59.7107463,1688,2100,1418,1524,1868,1309
6086,61199295,59.7115371,1462,2165,1456,1342,1919,1343
6087,61209295,59.7124344,1353,2299,1573,1259,2020,1425
6088,61219295,59.7132088,1379,2163,1488,1272,1925,1365
6089,61229295,59.7138357,1580,2142,1525,1455,1900,1390
6090,61239295,59.7145581,1822,2101,1456,1653,1869,1355
6091,61249296,59.7153651,2001,2106,1475,1798,1853,1350
6092,61259295,59.7159594,2135,1984,1434,1898,1760,1319
6093,61269295,59.716685,2220,1894,1387,1969,1701,1281
6094,61279295,59.7175159,2323,1814,1343,2053,1626,1238
6095,61289296,59.7183233,2378,1788,1314,2090,1615,1225
6096,61299295,59.7191597,2359,1781,1326,2078,1604,1222
6097,61309295,59.7200326,2255,1821,1330,1982,1626,1240
6098,61319295,59.721093,2098,1903,1364,1857,1705,1260
6099,61329295,59.7220078,1952,2007,1406,1747,1785,1286
6100,61339295,59.7231304,1831,2080,1437,1642,1860,1328
6101,61349296,59.7246625,1680,2096,1422,1512,1862,1314
6102,61359295,59.7258213,1497,2032,1374,1373,1798,1251
6103,61369295,59.7270951,1382,2151,1462,1279,1897,1335
6104,61379295,59.7279005,1451,2165,1466,1330,1919,1363
6105,61389295,59.8688459,1661,2130,1495,1501,1889,1365
6106,61399295,59.8699381,1877,2117,1486,1688,1889,1371
6107,61409296,59.8706553,2031,2021,1429,1810,1787,1313
6108,61419295,59.8711896,2150,1936,1395,1911,1731,1290
6109,61429296,59.871737,2261,1873,1373,1999,1679,1267
6110,61439296,59.8723107,2355,1835,1344,2094,1640,1241
6111,61449295,59.8729461,2410,1809,1331,2115,1621,1232
6112,61459295,59.873658,2352,1775,1323,2057,1603,1228
6113,61469296,59.8743815,2189,1830,1345,1938,1648,1243
6114,61479295,59.8751232,2034,1955,1397,1808,1741,1291
6115,61489295,59.8757113,1863,2076,1424,1670,1837,1317
6116,61499295,59.8762807,1701,2087,1427,1537,1854,1311
6117,61509295,59.8768879,1518,2135,1456,1383,1915,1350
6118,61519295,59.8777279,1419,2222,1511,1306,1954,1371
6119,61529296,59.8853056,1423,2198,1508,1302,1942,1390
6120,61539295,59.8859624,1577,2160,1485,1440,1911,1386
6121,61549295,59.8974837,1795,2135,1501,1624,1895,1365
6122,61559295,59.91339,1983,2083,1456,1775,1860,1340
6123,61569295,59.9168307,2114,1982,1453,1880,1771,1316
6124,61579296,59.9280712,2218,1935,1405,1966,1727,1289
