seq,t_us,wall_s,raw_x,raw_y,raw_z,mv_x,mv_y,mv_z,gx_est,gy_est,gz_est,g_norm_est
74470,745104746,0.4230016,3914,1904,0,3072,1705,142,-0.112984293193717,-0.013246073298429,0,0.113758116045895
74471,745114747,0.4299828,3907,1904,0,3069,1705,142,-0.122984293193717,-0.013246073298429,0,0.123695573203674
74472,745124747,0.4334669,3901,1903,0,3066,1700,142,-0.132984293193717,-0.0299127399650956,0,0.136306985325228
74473,745134745,0.4364115,3901,1895,0,3070,1695,142,-0.119650959860384,-0.0465794066317623,0,0.128397793274177
74474,745144746,0.4373261,3909,1904,0,3063,1705,142,-0.142984293193717,-0.013246073298429,0,0.14359654089822
74475,745154747,0.4383191,3897,1897,0,3065,1700,142,-0.136317626527051,-0.0299127399650956,0,0.139560980629214
74477,745174746,0.4389984,3895,1901,0,3069,1705,142,-0.122984293193717,-0.013246073298429,0,0.123695573203674
74478,745184747,0.4399229,3893,1903,0,3067,1702,142,-0.129650959860384,-0.023246073298429,0,0.131718454730212
74479,745194747,0.4426505,3898,1899,0,3068,1703,142,-0.126317626527051,-0.0199127399650956,0,0.12787751946431
74480,745204746,0.4461244,3904,1902,0,3070,1704,142,-0.119650959860384,-0.0165794066317623,0,0.120794159294945
74481,745214747,0.4468964,3902,1897,0,3066,1700,142,-0.132984293193717,-0.0299127399650956,0,0.136306985325228
74482,745224746,0.4475103,3898,1903,0,3069,1698,142,-0.122984293193717,-0.0365794066317623,0,0.128308960567413
74483,745234747,0.4481188,3904,1901,0,3070,1703,142,-0.119650959860384,-0.0199127399650956,0,0.12129661746491
74484,745244747,0.4488517,3899,1904,0,3065,1699,142,-0.136317626527051,-0.033246073298429,0,0.140313209256053
74485,745254746,0.5110522,3903,1904,0,3063,1706,142,-0.142984293193717,-0.00991273996509563,0,0.143327493921168
74486,745264747,0.511922,3905,1903,0,3066,1705,142,-0.132984293193717,-0.013246073298429,0,0.133642361151171
74487,745274747,0.5126718,3899,1901,0,3065,1704,142,-0.136317626527051,-0.0165794066317623,0,0.137322146889094
74488,745284747,0.5132772,3889,1898,0,3063,1698,142,-0.142984293193717,-0.0365794066317623,0,0.147589163184967
74489,745294746,0.5141921,3898,1897,0,3068,1703,142,-0.126317626527051,-0.0199127399650956,0,0.12787751946431
74490,745304747,0.5149813,3901,1904,0,3070,1698,142,-0.119650959860384,-0.0365794066317623,0,0.125117565453629
74491,745314746,0.5156848,3897,1901,0,3069,1705,142,-0.122984293193717,-0.013246073298429,0,0.123695573203674
74492,745324747,0.5219094,3899,1904,0,3067,1701,142,-0.129650959860384,-0.0265794066317623,0,0.132347407415542
74493,745334747,0.6909027,3899,1904,0,3066,1701,142,-0.132984293193717,-0.0265794066317623,0,0.135614479658808
74494,745344747,0.6919443,3893,1901,0,3067,1705,142,-0.129650959860384,-0.013246073298429,0,0.13032586025247
74495,745354747,0.6928779,3899,1899,0,3062,1700,142,-0.146317626527051,-0.0299127399650956,0,0.149343964875481
74496,745364747,0.6934998,3879,1898,0,3055,1700,142,-0.169650959860384,-0.0299127399650956,0,0.172267873365201
74497,745374745,0.6941497,3857,1895,0,3050,1698,142,-0.186317626527051,-0.0365794066317623,0,0.189874461010967
74498,745384746,0.6947676,3876,1901,0,3054,1704,142,-0.172984293193717,-0.0165794066317623,0,0.173776990467643
74499,745394746,0.6953648,3880,1902,0,3059,1701,142,-0.156317626527051,-0.0265794066317623,0,0.158561234921866
74500,745404748,0.6960378,4006,1904,0,3111,1705,142,0.0170157068062827,-0.013246073298429,0,0.0215636902209415
74501,745414751,0.6967383,3991,1905,0,3116,1713,142,0.0336823734729493,0.0134205933682377,0,0.0362576144985688
74502,745424746,0.6974658,4022,1911,0,3114,1709,142,0.0270157068062827,8.72600349043751e-05,0,0.0270158477297441
74503,745434747,0.6982353,4016,1905,0,3117,1713,142,0.0370157068062827,0.0134205933682377,0,0.0393735301531913
74504,745444747,0.6990729,4012,1907,0,3117,1713,142,0.0370157068062827,0.0134205933682377,0,0.0393735301531913
74505,745454746,0.6998802,4015,1913,0,3118,1714,142,0.040349040139616,0.016753926701571,0,0.0436891187838569
74506,745464746,0.7006462,4014,1910,0,3117,1714,142,0.0370157068062827,0.016753926701571,0,0.0406307347987985
74507,745474746,0.7015338,4021,1914,0,3123,1714,142,0.0570157068062827,0.016753926701571,0,0.0594262979037194
74508,745484747,0.7023648,4019,1915,0,3118,1709,142,0.040349040139616,8.72600349043751e-05,0,0.0403491344950797
74509,745494747,0.7031947,4016,1913,0,3121,1714,142,0.050349040139616,0.016753926701571,0,0.0530633574409147
74510,745504746,0.70462,4027,1906,0,3115,1713,142,0.030349040139616,0.0134205933682377,0,0.0331839805290385
74511,745514747,0.8369007,4015,1911,0,3121,1710,142,0.050349040139616,0.00342059336823771,0,0.0504650998410931
74512,745524746,0.8382785,4012,1908,0,3117,1713,142,0.0370157068062827,0.0134205933682377,0,0.0393735301531913
74513,745534746,0.8391232,4007,1917,0,3117,1707,142,0.0370157068062827,-0.00657940663176229,0,0.0375958926213324
74514,745544747,0.8399297,4009,1906,0,3117,1713,142,0.0370157068062827,0.0134205933682377,0,0.0393735301531913
74515,745554747,0.8406675,4026,1909,0,3122,1714,142,0.0536823734729493,0.016753926701571,0,0.0562360318800218
74516,745564746,0.8415123,4037,1913,0,3123,1709,142,0.0570157068062827,8.72600349043751e-05,0,0.0570157735800689
74517,745574746,0.8423489,4037,1918,0,3128,1718,142,0.0736823734729493,0.0300872600349044,0,0.0795885379751076
74518,745584746,0.8433745,4037,1911,0,3127,1707,142,0.070349040139616,-0.00657940663176229,0,0.0706560403659261
74519,745594747,0.8443357,4046,1914,0,3128,1711,142,0.0736823734729493,0.00675392670157104,0,0.0739912676367784
74520,745604746,0.8456594,4048,1907,0,3128,1708,142,0.0736823734729493,-0.00324607329842896,0,0.0737538416115795
74521,745614747,0.8467125,4049,1909,0,3135,1717,142,0.0970157068062826,0.026753926701571,0,0.100637070511197
74522,745624746,0.8475977,4053,1909,0,3129,1718,142,0.0770157068062827,0.0300872600349044,0,0.0826841116011973
74523,745634746,0.8481572,4055,1914,0,3132,1718,142,0.0870157068062826,0.0300872600349044,0,0.0920704971606263
74524,745644746,0.8489548,4070,1915,0,3132,1706,142,0.0870157068062826,-0.00991273996509563,0,0.0875785113176317
74525,745654746,0.8627756,4048,1919,0,3131,1713,142,0.0836823734729493,0.0134205933682377,0,0.0847517076902982
74526,745664747,0.86347,4050,1917,0,3132,1711,142,0.0870157068062826,0.00675392670157104,0,0.0872774240963099
74527,745674746,0.8794044,4048,1910,0,3133,1717,142,0.090349040139616,0.026753926701571,0,0.0942269687939869
74528,745684747,0.8801476,4048,1917,0,3132,1718,142,0.0870157068062826,0.0300872600349044,0,0.0920704971606263
74529,745694746,0.8941275,4049,1916,0,3133,1719,142,0.090349040139616,0.0334205933682377,0,0.0963321603372157
74530,745704747,1.0809255,4049,1910,0,3131,1709,142,0.0836823734729493,8.72600349043751e-05,0,0.0836824189682628
74531,745714747,1.0821435,4053,1920,0,3136,1718,142,0.100349040139616,0.0300872600349044,0,0.10476246022956
74532,745724746,1.083412,4046,1912,0,3131,1715,142,0.0836823734729493,0.0200872600349044,0,0.0860595006130993
74533,745734747,1.0846335,4051,1909,0,3130,1710,142,0.080349040139616,0.00342059336823771,0,0.0804218173778015
74534,745744746,1.0860185,4048,1909,0,3129,1713,142,0.0770157068062827,0.0134205933682377,0,0.0781762842633677
74535,745754746,1.0872525,4047,1910,0,3131,1713,142,0.0836823734729493,0.0134205933682377,0,0.0847517076902982
74536,745764747,1.0883398,4050,1913,0,3134,1711,142,0.0936823734729493,0.00675392670157104,0,0.0939255163702354
74537,745774747,1.0893127,4049,1919,0,3133,1711,142,0.090349040139616,0.00675392670157104,0,0.0906011290218844
74538,745784746,1.0903269,4048,1907,0,3132,1713,142,0.0870157068062826,0.0134205933682377,0,0.0880445657457207
74539,745794747,1.0919294,4048,1916,0,3130,1711,142,0.080349040139616,0.00675392670157104,0,0.0806323990542748
74541,745814746,1.0930278,4053,1918,0,3130,1717,142,0.080349040139616,0.026753926701571,0,0.0846861313634686
74542,745824747,1.0943854,4054,1909,0,3130,1716,142,0.080349040139616,0.0234205933682377,0,0.0836928458416725
74543,745834746,1.0955293,4053,1913,0,3130,1709,142,0.080349040139616,8.72600349043751e-05,0,0.0803490875223316
74544,745844747,1.0964569,4047,1909,0,3130,1714,142,0.080349040139616,0.016753926701571,0,0.0820771729001385
74545,745854746,1.0974334,4060,1911,0,3132,1713,142,0.0870157068062826,0.0134205933682377,0,0.0880445657457207
74546,745864747,1.0983189,4055,1911,0,3134,1713,142,0.0936823734729493,0.0134205933682377,0,0.0946387839412613
74547,745874747,1.0993687,4062,1907,0,3130,1716,142,0.080349040139616,0.0234205933682377,0,0.0836928458416725
74548,745884746,1.1007529,4047,1918,0,3133,1711,142,0.090349040139616,0.00675392670157104,0,0.0906011290218844
74549,745894747,1.1026222,4051,1913,0,3131,1713,142,0.0836823734729493,0.0134205933682377,0,0.0847517076902982
74550,745904746,1.1105367,4048,1911,0,3130,1711,142,0.080349040139616,0.00675392670157104,0,0.0806323990542748
74551,745914747,1.1120845,4048,1911,0,3138,1716,142,0.107015706806283,0.0234205933682377,0,0.109548554061515
74552,745924747,1.2905739,4057,1911,0,3131,1714,142,0.0836823734729493,0.016753926701571,0,0.0853430353923962
74553,745934746,1.2917393,4063,1909,0,3131,1713,142,0.0836823734729493,0.0134205933682377,0,0.0847517076902982
74554,745944747,1.2930778,4054,1910,0,3129,1716,142,0.0770157068062827,0.0234205933682377,0,0.0804980949376545
74555,745954747,1.2944901,4048,1918,0,3130,1715,142,0.080349040139616,0.0200872600349044,0,0.0828218948531576
74556,745964747,1.2957507,4048,1920,0,3127,1714,142,0.070349040139616,0.016753926701571,0,0.0723165368950071
74557,745974747,1.2977107,4048,1915,0,3131,1714,142,0.0836823734729493,0.016753926701571,0,0.0853430353923962
74558,745984747,1.2993623,4047,1918,0,3129,1715,142,0.0770157068062827,0.0200872600349044,0,0.0795921925227667
74559,745994747,1.3003284,4046,1913,0,3129,1714,142,0.0770157068062827,0.016753926701571,0,0.0788169598169893
74560,746004746,1.3011319,4048,1918,0,3130,1714,142,0.080349040139616,0.016753926701571,0,0.0820771729001385
74561,746014747,1.3020367,4046,1907,0,3129,1711,142,0.0770157068062827,0.00675392670157104,0,0.0773112839161366
74562,746024746,1.3031043,4048,1920,0,3129,1715,142,0.0770157068062827,0.0200872600349044,0,0.0795921925227667
74563,746034747,1.3038923,4043,1910,0,3129,1710,142,0.0770157068062827,0.00342059336823771,0,0.0770916308937755
74564,746044747,1.3047746,4048,1908,0,3130,1711,142,0.080349040139616,0.00675392670157104,0,0.0806323990542748
74565,746054747,1.305593,4039,1914,0,3134,1714,142,0.0936823734729493,0.016753926701571,0,0.0951686984225737
74566,746064746,1.3065011,4038,1914,0,3130,1711,142,0.080349040139616,0.00675392670157104,0,0.0806323990542748
74567,746074746,1.307484,4039,1916,0,3134,1710,142,0.0936823734729493,0.00342059336823771,0,0.0937448001678813
74568,746084746,1.3084027,4048,1905,0,3130,1718,142,0.080349040139616,0.0300872600349044,0,0.085797502689563
74569,746094746,1.3095475,4042,1915,0,3130,1709,142,0.080349040139616,8.72600349043751e-05,0,0.0803490875223316
74570,746104747,1.3126999,4038,1907,0,3124,1708,142,0.060349040139616,-0.00324607329842896,0,0.0604362774964818
74571,746114746,1.313419,4034,1919,0,3128,1717,142,0.0736823734729493,0.026753926701571,0,0.0783891877401483
74572,746124747,1.3281338,4041,1919,0,3128,1717,142,0.0736823734729493,0.026753926701571,0,0.0783891877401483
74573,746134746,1.3291336,4047,1917,0,3130,1718,142,0.080349040139616,0.0300872600349044,0,0.085797502689563
74574,746144747,1.4698193,4039,1913,0,3124,1711,142,0.060349040139616,0.00675392670157104,0,0.0607257949446788
74575,746154746,1.4707484,4038,1909,0,3126,1716,142,0.0670157068062826,0.0234205933682377,0,0.0709903454877209
74576,746164747,1.4716135,4039,1911,0,3125,1713,142,0.0636823734729493,0.0134205933682377,0,0.0650811571616838
74577,746174747,1.4723354,4042,1918,0,3128,1710,142,0.0736823734729493,0.00342059336823771,0,0.0737617286917682
74578,746184747,1.4731439,4036,1909,0,3123,1718,142,0.0570157068062827,0.0300872600349044,0,0.0644673098479217
74579,746194746,1.4739316,4044,1913,0,3123,1709,142,0.0570157068062827,8.72600349043751e-05,0,0.0570157735800689
74580,746204746,1.4747256,4038,1915,0,3124,1710,142,0.060349040139616,0.00342059336823771,0,0.0604459022991949
74582,746224747,1.4753759,4021,1911,0,3122,1711,142,0.0536823734729493,0.00675392670157104,0,0.0541055703932544
74583,746234746,1.4759319,4002,1905,0,3116,1713,142,0.0336823734729493,0.0134205933682377,0,0.0362576144985688
74584,746244746,1.4765889,4001,1907,0,3113,1709,142,0.0236823734729493,8.72600349043751e-05,0,0.0236825342314953
74585,746254746,1.4772302,3999,1906,0,3108,1708,142,0.00701570680628265,-0.00324607329842896,0,0.00773027385352512
74586,746264746,1.4778798,4016,1910,0,3117,1713,142,0.0370157068062827,0.0134205933682377,0,0.0393735301531913
74587,746274746,1.4996498,4027,1915,0,3119,1714,142,0.0436823734729493,0.016753926701571,0,0.0467850810852332
74588,746284746,1.5005139,4018,1907,0,3125,1711,142,0.0636823734729493,0.00675392670157104,0,0.0640395207433534
74589,746294746,1.5013821,4021,1907,0,3121,1708,142,0.050349040139616,-0.00324607329842896,0,0.0504535710811379
74590,746304746,1.5021711,4017,1907,0,3118,1708,142,0.040349040139616,-0.00324607329842896,0,0.0404794025653432
74591,746314746,1.5168613,4031,1914,0,3123,1715,142,0.0570157068062827,0.0200872600349044,0,0.0604507141258881
74592,746324746,1.5178002,4028,1910,0,3120,1709,142,0.0470157068062826,8.72600349043751e-05,0,0.0470157877824888
74594,746344747,1.5784507,4023,1907,0,3124,1711,142,0.060349040139616,0.00675392670157104,0,0.0607257949446788
74595,746354746,1.5793652,4019,1910,0,3117,1708,142,0.0370157068062827,-0.00324607329842896,0,0.0371577655709739
74596,746364746,1.5801652,4018,1906,0,3115,1713,142,0.030349040139616,0.0134205933682377,0,0.0331839805290385
74597,746374747,1.5808892,4030,1909,0,3117,1708,142,0.0370157068062827,-0.00324607329842896,0,0.0371577655709739
74598,746384747,1.5816566,4018,1909,0,3119,1708,142,0.0436823734729493,-0.00324607329842896,0,0.0438028166227812
74599,746394747,1.7191137,4016,1909,0,3117,1707,142,0.0370157068062827,-0.00657940663176229,0,0.0375958926213324
74600,746404746,1.7200848,4016,1917,0,3117,1708,142,0.0370157068062827,-0.00324607329842896,0,0.0371577655709739
74601,746414746,1.7205686,4007,1909,0,3121,1710,142,0.050349040139616,0.00342059336823771,0,0.0504650998410931
74602,746424746,1.7209723,4021,1910,0,3112,1708,142,0.020349040139616,-0.00324607329842896,0,0.0206063200611481
74604,746444747,1.7213556,4001,1905,0,3115,1708,142,0.030349040139616,-0.00324607329842896,0,0.0305221432611603
74605,746454746,1.7218087,4007,1907,0,3112,1707,142,0.020349040139616,-0.00657940663176229,0,0.0213862578828036
74606,746464746,1.722224,4006,1909,0,3112,1714,142,0.020349040139616,0.016753926701571,0,0.0263586322582436
74607,746474746,1.7226148,4006,1909,0,3116,1713,142,0.0336823734729493,0.0134205933682377,0,0.0362576144985688
74608,746484747,1.7230146,4013,1906,0,3115,1713,142,0.030349040139616,0.0134205933682377,0,0.0331839805290385
74609,746494746,1.7234132,4014,1913,0,3111,1711,142,0.0170157068062827,0.00675392670157104,0,0.018307097093957
74610,746504746,1.7238913,4004,1904,0,3112,1709,142,0.020349040139616,8.72600349043751e-05,0,0.0203492272314551
74611,746514746,1.7244689,4017,1919,0,3115,1709,142,0.030349040139616,8.72600349043751e-05,0,0.0303491655850653
74612,746524746,1.7248762,4011,1908,0,3113,1705,142,0.0236823734729493,-0.013246073298429,0,0.0271350929819598
74613,746534746,1.7587641,4000,1906,0,3110,1717,142,0.0136823734729493,0.026753926701571,0,0.0300496245867782
74614,746544747,1.7596711,4017,1907,0,3116,1708,142,0.0336823734729493,-0.00324607329842896,0,0.0338384289622023
74615,746554747,1.7604575,4013,1914,0,3115,1708,142,0.030349040139616,-0.00324607329842896,0,0.0305221432611603
74616,746564747,1.7769712,4003,1915,0,3110,1713,142,0.0136823734729493,0.0134205933682377,0,0.0191655855691615
74617,746574746,1.7778734,4017,1915,0,3113,1711,142,0.0236823734729493,0.00675392670157104,0,0.024626618509297
74618,746584747,1.783251,4007,1911,0,3115,1714,142,0.030349040139616,0.016753926701571,0,0.034666385697353
74619,746594746,1.9072707,4013,1913,0,3116,1714,142,0.0336823734729493,0.016753926701571,0,0.0376190954528794
74620,746604746,1.9079955,4014,1915,0,3120,1713,142,0.0470157068062826,0.0134205933682377,0,0.0488936500258461
74621,746614747,1.9087031,4016,1914,0,3112,1708,142,0.020349040139616,-0.00324607329842896,0,0.0206063200611481
74622,746624746,1.9093129,3999,1910,0,3113,1710,142,0.0236823734729493,0.00342059336823771,0,0.0239281272209733
74623,746634746,1.9097412,4007,1908,0,3108,1704,142,0.00701570680628265,-0.0165794066317623,0,0.0180026905281695
74624,746644747,1.910141,4003,1904,0,3106,1707,142,0.000349040139615984,-0.00657940663176229,0,0.00658865848600007
74625,746654746,1.9105464,3999,1905,0,3113,1714,142,0.0236823734729493,0.016753926701571,0,0.0290094617880765
74626,746664746,1.9109272,3999,1914,0,3105,1708,142,-0.00298429319371735,-0.00324607329842896,0,0.00440942147280583
74627,746674747,1.9113035,3998,1903,0,3105,1709,142,-0.00298429319371735,8.72600349043751e-05,0,0.0029855686526622
74628,746684746,1.9116818,3985,1911,0,3103,1711,142,-0.00965095986038402,0.00675392670157104,0,0.0117794971079812
74629,746694747,1.9120583,3963,1909,0,3098,1713,142,-0.0263176265270507,0.0134205933682377,0,0.029542000480213
74630,746704747,1.9124807,3954,1905,0,3086,1705,142,-0.0663176265270507,-0.013246073298429,0,0.067627553896387
74631,746714746,1.9128775,3866,1899,0,3044,1703,142,-0.206317626527051,-0.0199127399650956,0,0.207276337840751
74633,746734747,2.0891834,4013,1917,0,3117,1708,142,0.0370157068062827,-0.00324607329842896,0,0.0371577655709739
74634,746744746,2.0903268,4016,1915,0,3112,1708,142,0.020349040139616,-0.00324607329842896,0,0.0206063200611481
74635,746754746,2.0913646,4017,1911,0,3112,1711,142,0.020349040139616,0.00675392670157104,0,0.0214405914212714
74636,746764746,2.0924338,3999,1915,0,3112,1705,142,0.020349040139616,-0.013246073298429,0,0.0242804837767095
74637,746774746,2.0935853,3952,1911,0,3090,1709,142,-0.0529842931937173,8.72600349043751e-05,0,0.0529843650481111
74638,746784747,2.0948177,3969,1905,0,3101,1705,142,-0.0163176265270507,-0.013246073298429,0,0.0210172165926809
74639,746794746,2.0957226,3983,1905,0,3104,1705,142,-0.00631762652705068,-0.013246073298429,0,0.0146755191650124
74640,746804747,2.0967126,3985,1913,0,3105,1707,142,-0.00298429319371735,-0.00657940663176229,0,0.00722458285938678
74641,746814746,2.0976222,3939,1904,0,3076,1707,142,-0.099650959860384,-0.00657940663176229,0,0.0998679247442438
74642,746824746,2.0985501,3867,1892,0,3059,1698,142,-0.156317626527051,-0.0365794066317623,0,0.160540503775783
74643,746834747,2.0995576,3939,1902,0,3082,1704,142,-0.079650959860384,-0.0165794066317623,0,0.0813581718756133
74644,746844746,2.1003565,3954,1904,0,3090,1705,142,-0.0529842931937173,-0.013246073298429,0,0.0546149593340978
74645,746854747,2.1012266,3952,1904,0,3090,1705,142,-0.0529842931937173,-0.013246073298429,0,0.0546149593340978
74646,746864746,2.102083,3941,1904,0,3090,1708,142,-0.0529842931937173,-0.00324607329842896,0,0.0530836351156981
74647,746874747,2.1028164,3937,1904,0,3087,1705,142,-0.0629842931937173,-0.013246073298429,0,0.0643620979066057
74648,746884746,2.1034982,3927,1901,0,3083,1702,142,-0.0763176265270507,-0.023246073298429,0,0.0797794462409857
74649,746894747,2.1047148,3942,1900,0,3084,1697,142,-0.0729842931937174,-0.0399127399650956,0,0.0831849377261764
74650,746904746,2.1107922,3946,1904,0,3084,1705,142,-0.0729842931937174,-0.013246073298429,0,0.0741765833050691
74651,746914746,2.1117272,3927,1904,0,3074,1706,142,-0.106317626527051,-0.00991273996509563,0,0.1067787437834
74652,746924747,2.2384649,3895,1900,0,3069,1705,142,-0.122984293193717,-0.013246073298429,0,0.123695573203674
74653,746934747,2.2397478,3901,1897,0,3064,1705,142,-0.139650959860384,-0.013246073298429,0,0.140277756781872
74654,746944746,2.2405703,3890,1893,0,3063,1704,142,-0.142984293193717,-0.0165794066317623,0,0.143942296856651
74655,746954746,2.2411591,3882,1902,0,3062,1705,142,-0.146317626527051,-0.013246073298429,0,0.146915983780992
74656,746964746,2.242208,3908,1898,0,3076,1705,142,-0.099650959860384,-0.013246073298429,0,0.100527470170711
74657,746974747,2.2428926,3905,1903,0,3070,1704,142,-0.119650959860384,-0.0165794066317623,0,0.120794159294945
74658,746984747,2.2439299,3899,1899,0,3071,1703,142,-0.116317626527051,-0.0199127399650956,0,0.118009776941591
74659,746994747,2.2445959,3897,1903,0,3068,1701,142,-0.126317626527051,-0.0265794066317623,0,0.129083723328404
74660,747004746,2.2452569,3856,1889,0,3051,1701,142,-0.182984293193717,-0.0265794066317623,0,0.184904614362381
74661,747014747,2.2458871,3873,1901,0,3056,1704,142,-0.166317626527051,-0.0165794066317623,0,0.167141944519779
74662,747024746,2.2465092,3883,1902,0,3062,1699,142,-0.146317626527051,-0.033246073298429,0,0.150047156661744
74663,747034746,2.2470699,3887,1895,0,3064,1700,142,-0.139650959860384,-0.0299127399650956,0,0.142818635346183
74664,747044746,2.2508036,3888,1894,0,3064,1704,142,-0.139650959860384,-0.0165794066317623,0,0.140631672514366
74665,747054747,2.2517427,3888,1893,0,3056,1701,142,-0.166317626527051,-0.0265794066317623,0,0.16842807886599
74667,747074746,2.4522756,3971,1905,0,3101,1705,142,-0.0163176265270507,-0.013246073298429,0,0.0210172165926809
74668,747084747,2.4536205,3979,1909,0,3099,1705,142,-0.0229842931937174,-0.013246073298429,0,0.0265280265274693
74669,747094746,2.4547577,3975,1910,0,3102,1710,142,-0.0129842931937173,0.00342059336823771,0,0.0134272978938894
74670,747104747,2.4560373,3973,1911,0,3098,1705,142,-0.0263176265270507,-0.013246073298429,0,0.0294631282087404
74671,747114747,2.4574076,3986,1904,0,3103,1705,142,-0.00965095986038402,-0.013246073298429,0,0.0163890049744973
74672,747124746,2.458848,3983,1905,0,3099,1705,142,-0.0229842931937174,-0.013246073298429,0,0.0265280265274693
74674,747144746,2.4601392,3981,1906,0,3100,1705,142,-0.019650959860384,-0.013246073298429,0,0.0236984953375056
74675,747154747,2.4615674,3984,1908,0,3105,1706,142,-0.00298429319371735,-0.00991273996509563,0,0.0103522180947694
74676,747164747,2.4629613,3984,1911,0,3101,1706,142,-0.0163176265270507,-0.00991273996509563,0,0.0190925993278001
74677,747174747,2.463939,3974,1910,0,3103,1713,142,-0.00965095986038402,0.0134205933682377,0,0.0165303766618408
74678,747184747,2.4648539,3984,1904,0,3106,1708,142,0.000349040139615984,-0.00324607329842896,0,0.00326478496655394
74679,747194747,2.4657621,3977,1904,0,3101,1713,142,-0.0163176265270507,0.0134205933682377,0,0.0211276421266523
74680,747204747,2.4668078,3983,1909,0,3101,1708,142,-0.0163176265270507,-0.00324607329842896,0,0.0166373653964527
74681,747214747,2.4681615,3984,1905,0,3100,1707,142,-0.019650959860384,-0.00657940663176229,0,0.020723146842613
74682,747224747,2.4696687,3982,1906,0,3105,1709,142,-0.00298429319371735,8.72600349043751e-05,0,0.0029855686526622
74683,747234746,2.4710506,3980,1905,0,3102,1705,142,-0.0129842931937173,-0.013246073298429,0,0.0185485936816721
74684,747244747,2.47184,3967,1906,0,3103,1706,142,-0.00965095986038402,-0.00991273996509563,0,0.013834863202878
74685,747254747,2.4727828,3971,1908,0,3102,1704,142,-0.0129842931937173,-0.0165794066317623,0,0.0210586940241255
74686,747264747,2.4733492,3972,1908,0,3101,1708,142,-0.0163176265270507,-0.00324607329842896,0,0.0166373653964527
74687,747274747,2.4738688,3967,1908,0,3103,1705,142,-0.00965095986038402,-0.013246073298429,0,0.0163890049744973
74688,747284746,2.625115,3984,1904,0,3101,1705,142,-0.0163176265270507,-0.013246073298429,0,0.0210172165926809
74689,747294746,2.6264362,3970,1904,0,3105,1705,142,-0.00298429319371735,-0.013246073298429,0,0.0135780876302011
74690,747304747,2.6274526,3983,1910,0,3101,1705,142,-0.0163176265270507,-0.013246073298429,0,0.0210172165926809
74691,747314747,2.6284758,3974,1904,0,3103,1709,142,-0.00965095986038402,8.72600349043751e-05,0,0.00965135433710912
74692,747324746,2.6294319,3981,1904,0,3097,1708,142,-0.029650959860384,-0.00324607329842896,0,0.0298281144643921
74693,747334747,2.6303105,3981,1902,0,3102,1707,142,-0.0129842931937173,-0.00657940663176229,0,0.0145561142262107
74694,747344746,2.6312338,3978,1909,0,3101,1707,142,-0.0163176265270507,-0.00657940663176229,0,0.0175941333148975
74695,747354747,2.6321382,3966,1906,0,3098,1706,142,-0.0263176265270507,-0.00991273996509563,0,0.028122586645487
74696,747364747,2.6330663,3965,1904,0,3102,1707,142,-0.0129842931937173,-0.00657940663176229,0,0.0145561142262107
74697,747374746,2.6339804,3972,1903,0,3098,1708,142,-0.0263176265270507,-0.00324607329842896,0,0.0265170597517164
74698,747384746,2.6349877,3971,1904,0,3097,1709,142,-0.029650959860384,8.72600349043751e-05,0,0.0296510882592156
74700,747404746,2.6356426,3979,1905,0,3097,1708,142,-0.029650959860384,-0.00324607329842896,0,0.0298281144643921
74701,747414746,2.6362938,3977,1910,0,3101,1711,142,-0.0163176265270507,0.00675392670157104,0,0.0176601376372468
74702,747424746,2.6373774,3959,1909,0,3099,1711,142,-0.0229842931937174,0.00675392670157104,0,0.0239560693667587
74703,747434746,2.6381192,3975,1906,0,3095,1705,142,-0.0363176265270507,-0.013246073298429,0,0.0386578382011422
74704,747444746,2.6418914,3970,1904,0,3099,1708,142,-0.0229842931937174,-0.00324607329842896,0,0.0232123830201368
74705,747454746,2.6570143,3955,1914,0,3099,1707,142,-0.0229842931937174,-0.00657940663176229,0,0.0239074533407647
74706,747464746,2.6585319,3957,1904,0,3090,1702,142,-0.0529842931937173,-0.023246073298429,0,0.0578594439053275
74707,747474746,2.6744485,3967,1907,0,3093,1705,142,-0.0429842931937173,-0.013246073298429,0,0.044978971966807
74708,747484747,2.7846824,3909,1904,0,3076,1704,142,-0.099650959860384,-0.0165794066317623,0,0.101020743044967
74709,747494746,2.7859265,3886,1898,0,3063,1696,142,-0.142984293193717,-0.043246073298429,0,0.149381159976217
74710,747504746,2.7867926,3886,1899,0,3059,1704,142,-0.156317626527051,-0.0165794066317623,0,0.157194392671341
74711,747514746,2.7875121,3893,1902,0,3062,1707,142,-0.146317626527051,-0.00657940663176229,0,0.146465478608905
74712,747524747,2.7881319,3890,1902,0,3062,1700,142,-0.146317626527051,-0.0299127399650956,0,0.149343964875481
74713,747534747,2.7886806,3883,1904,0,3060,1699,142,-0.152984293193717,-0.033246073298429,0,0.156555087281588
74715,747554746,2.7891819,3889,1899,0,3062,1701,142,-0.146317626527051,-0.0265794066317623,0,0.14871218070288
74716,747564747,2.7896866,3838,1898,0,3039,1697,142,-0.222984293193717,-0.0399127399650956,0,0.22652819211441
74717,747574747,2.7901478,3769,1851,0,3012,1667,142,-0.312984293193717,-0.139912739965096,0,0.342833403551216
74718,747584747,2.7906248,3824,1899,0,3042,1694,142,-0.212984293193717,-0.0499127399650956,0,0.218754635969276
74719,747594747,2.7985289,3847,1894,0,3046,1695,142,-0.199650959860384,-0.0465794066317623,0,0.20501255301893
74720,747604746,2.8125982,3855,1897,0,3043,1704,142,-0.209650959860384,-0.0165794066317623,0,0.210305496111351
74721,747614747,2.8134491,3827,1891,0,3036,1698,142,-0.232984293193717,-0.0365794066317623,0,0.235838363852253
74722,747624747,2.8287187,3826,1889,0,3039,1700,142,-0.222984293193717,-0.0299127399650956,0,0.224981703752374
74723,747634746,2.8296332,3823,1888,0,3038,1694,142,-0.226317626527051,-0.0499127399650956,0,0.23175622901588
74724,747644747,2.8451609,3826,1891,0,3030,1699,142,-0.252984293193717,-0.033246073298429,0,0.255159467769646
74725,747654747,2.8592406,3819,1889,0,3035,1694,142,-0.236317626527051,-0.0499127399650956,0,0.241531162002343
74726,747664746,2.8754031,3746,1889,0,3004,1690,142,-0.339650959860384,-0.063246073298429,0,0.345489276710219
74727,747674746,2.8762501,3729,1874,0,2991,1688,142,-0.382984293193717,-0.0699127399650956,0,0.389313190172794
74728,747684747,2.9765334,3739,1889,0,2995,1688,142,-0.369650959860384,-0.0699127399650956,0,0.376204230884144
74730,747704747,2.9772652,3411,1874,0,2824,1672,142,-0.939650959860384,-0.123246073298429,0,0.947699066660943
74731,747714746,2.9780203,3913,1904,0,3082,1704,142,-0.079650959860384,-0.0165794066317623,0,0.0813581718756133
74732,747724746,2.9788047,3913,1901,0,3076,1706,142,-0.099650959860384,-0.00991273996509563,0,0.100142779144137
74733,747734746,2.9793089,3930,1903,0,3078,1705,142,-0.0929842931937173,-0.013246073298429,0,0.0939230389125189
74734,747744746,2.9796942,3927,1901,0,3076,1701,142,-0.099650959860384,-0.0265794066317623,0,0.103134759698137
74735,747754747,2.9800895,3927,1904,0,3078,1704,142,-0.0929842931937173,-0.0165794066317623,0,0.0944508099753333
74737,747774746,2.9805318,3920,1904,0,3077,1703,142,-0.0963176265270507,-0.0199127399650956,0,0.0983544731708829
74740,747804747,2.9998137,3934,1904,0,3078,1705,142,-0.0929842931937173,-0.013246073298429,0,0.0939230389125189
74741,747814747,3.0160955,3931,1904,0,3076,1705,142,-0.099650959860384,-0.013246073298429,0,0.100527470170711
74742,747824747,3.0323355,3925,1904,0,3081,1700,142,-0.0829842931937173,-0.0299127399650956,0,0.0882109116214104
74743,747834746,3.0329307,3934,1904,0,3081,1703,142,-0.0829842931937173,-0.0199127399650956,0,0.0853399679504179
74744,747844747,3.04722,3931,1907,0,3083,1705,142,-0.0763176265270507,-0.013246073298429,0,0.077458624933249
74746,747864746,3.0634686,3893,1903,0,3070,1704,142,-0.119650959860384,-0.0165794066317623,0,0.120794159294945
74747,747874747,3.0780158,3899,1904,0,3072,1702,142,-0.112984293193717,-0.023246073298429,0,0.115350901306751
74748,747884746,3.0785584,3907,1906,0,3071,1705,142,-0.116317626527051,-0.013246073298429,0,0.117069418289807
74749,747894746,3.1783922,3902,1904,0,3068,1704,142,-0.126317626527051,-0.0165794066317623,0,0.127401018424849
74750,747904747,3.179071,3905,1901,0,3070,1700,142,-0.119650959860384,-0.0299127399650956,0,0.123333386427725
74751,747914747,3.1797575,3905,1897,0,3070,1706,142,-0.119650959860384,-0.00991273996509563,0,0.120060878762096
74752,747924747,3.1805303,3906,1903,0,3069,1705,142,-0.122984293193717,-0.013246073298429,0,0.123695573203674
74753,747934747,3.1812574,3895,1903,0,3071,1701,142,-0.116317626527051,-0.0265794066317623,0,0.1193157789137
74754,747944747,3.1819095,3922,1901,0,3071,1703,142,-0.116317626527051,-0.0199127399650956,0,0.118009776941591
74756,747964747,3.1823781,3903,1904,0,3070,1705,142,-0.119650959860384,-0.013246073298429,0,0.120381936574133
74757,747974747,3.1827992,3911,1903,0,3070,1703,142,-0.119650959860384,-0.0199127399650956,0,0.12129661746491
74758,747984747,3.1885319,3910,1897,0,3072,1705,142,-0.112984293193717,-0.013246073298429,0,0.113758116045895
74759,747994747,3.1892065,3907,1904,0,3069,1705,142,-0.122984293193717,-0.013246073298429,0,0.123695573203674
74760,748004746,3.2036824,3918,1903,0,3071,1703,142,-0.116317626527051,-0.0199127399650956,0,0.118009776941591
74761,748014746,3.2179905,3904,1902,0,3072,1705,142,-0.112984293193717,-0.013246073298429,0,0.113758116045895
74762,748024747,3.2191621,3912,1897,0,3074,1703,142,-0.106317626527051,-0.0199127399650956,0,0.108166329896428
74763,748034747,3.2347793,3926,1903,0,3076,1705,142,-0.099650959860384,-0.013246073298429,0,0.100527470170711
74764,748044747,3.2497789,3935,1906,0,3082,1707,142,-0.079650959860384,-0.00657940663176229,0,0.07992223719533
74765,748054746,3.2504409,3934,1901,0,3081,1704,142,-0.0829842931937173,-0.0165794066317623,0,0.0846242851734782
74766,748064747,3.2657127,3926,1902,0,3080,1708,142,-0.0863176265270507,-0.00324607329842896,0,0.0863786411164367
74767,748074747,3.2815845,3965,1904,0,3096,1705,142,-0.0329842931937173,-0.013246073298429,0,0.0355446487578153
74768,748084746,3.2822225,3963,1904,0,3091,1706,142,-0.049650959860384,-0.00991273996509563,0,0.0506308229112768
74769,748094746,3.38239,3971,1909,0,3096,1705,142,-0.0329842931937173,-0.013246073298429,0,0.0355446487578153
74771,748114746,3.3831514,3967,1906,0,3093,1704,142,-0.0429842931937173,-0.0165794066317623,0,0.0460708821884797
74772,748124747,3.3842916,3965,1904,0,3098,1705,142,-0.0263176265270507,-0.013246073298429,0,0.0294631282087404
74773,748134747,3.3854586,3965,1899,0,3099,1706,142,-0.0229842931937174,-0.00991273996509563,0,0.0250307839915246
74774,748144746,3.386103,3983,1905,0,3098,1702,142,-0.0263176265270507,-0.023246073298429,0,0.035114062564922
74775,748154747,3.3865068,3973,1907,0,3098,1707,142,-0.0263176265270507,-0.00657940663176229,0,0.0271275884966467
74776,748164747,3.3869034,3970,1904,0,3097,1704,142,-0.029650959860384,-0.0165794066317623,0,0.0339714018683867
74777,748174747,3.3873057,3974,1915,0,3103,1706,142,-0.00965095986038402,-0.00991273996509563,0,0.013834863202878
74778,748184747,3.3891313,3970,1904,0,3090,1710,142,-0.0529842931937173,0.00342059336823771,0,0.0530945927965234
74779,748194747,3.3898498,3965,1904,0,3097,1705,142,-0.029650959860384,-0.013246073298429,0,0.0324751886594898
74780,748204746,3.4058642,3959,1909,0,3098,1706,142,-0.0263176265270507,-0.00991273996509563,0,0.028122586645487
74781,748214746,3.4070338,3977,1903,0,3096,1705,142,-0.0329842931937173,-0.013246073298429,0,0.0355446487578153
74782,748224746,3.4209097,3972,1910,0,3097,1702,142,-0.029650959860384,-0.023246073298429,0,0.0376770400169392
74784,748244746,3.4375228,3967,1910,0,3101,1710,142,-0.0163176265270507,0.00342059336823771,0,0.0166722942172678
74785,748254746,3.4522878,3985,1914,0,3098,1709,142,-0.0263176265270507,8.72600349043751e-05,0,0.0263177711885147
74786,748264747,3.4681297,3974,1908,0,3102,1705,142,-0.0129842931937173,-0.013246073298429,0,0.0185485936816721
74788,748284746,3.483203,3964,1904,0,3105,1702,142,-0.00298429319371735,-0.023246073298429,0,0.0234368498237711
74790,748304747,3.5866965,3973,1905,0,3101,1704,142,-0.0163176265270507,-0.0165794066317623,0,0.0232624517138162
74791,748314746,3.5875027,3974,1907,0,3103,1709,142,-0.00965095986038402,8.72600349043751e-05,0,0.00965135433710912
74792,748324746,3.5881895,3978,1910,0,3098,1710,142,-0.0263176265270507,0.00342059336823771,0,0.0265389887713936
74794,748344747,3.5887534,3983,1903,0,3098,1708,142,-0.0263176265270507,-0.00324607329842896,0,0.0265170597517164
74795,748354747,3.589152,3978,1903,0,3103,1705,142,-0.00965095986038402,-0.013246073298429,0,0.0163890049744973
74797,748374747,3.5895417,3968,1910,0,3103,1705,142,-0.00965095986038402,-0.013246073298429,0,0.0163890049744973
74798,748384747,3.5899312,3982,1911,0,3099,1708,142,-0.0229842931937174,-0.00324607329842896,0,0.0232123830201368
74799,748394747,3.5935794,3980,1906,0,3101,1705,142,-0.0163176265270507,-0.013246073298429,0,0.0210172165926809
74800,748404747,3.6079675,3969,1908,0,3101,1705,142,-0.0163176265270507,-0.013246073298429,0,0.0210172165926809
74801,748414746,3.6087183,3971,1904,0,3101,1706,142,-0.0163176265270507,-0.00991273996509563,0,0.0190925993278001
74802,748424746,3.6238443,3982,1907,0,3098,1707,142,-0.0263176265270507,-0.00657940663176229,0,0.0271275884966467
74803,748434746,3.6396898,3968,1904,0,3099,1705,142,-0.0229842931937174,-0.013246073298429,0,0.0265280265274693
74804,748444747,3.6406891,3981,1908,0,3097,1705,142,-0.029650959860384,-0.013246073298429,0,0.0324751886594898
74805,748454746,3.6572487,3977,1911,0,3101,1705,142,-0.0163176265270507,-0.013246073298429,0,0.0210172165926809
74806,748464747,3.6577485,3967,1906,0,3097,1708,142,-0.029650959860384,-0.00324607329842896,0,0.0298281144643921
74807,748474747,3.6706415,3973,1901,0,3101,1713,142,-0.0163176265270507,0.0134205933682377,0,0.0211276421266523
74809,748494747,3.6857326,3974,1906,0,3100,1706,142,-0.019650959860384,-0.00991273996509563,0,0.0220096032915186
74810,748504747,3.7876637,3984,1907,0,3099,1708,142,-0.0229842931937174,-0.00324607329842896,0,0.0232123830201368
74812,748524746,3.7886149,3971,1907,0,3096,1708,142,-0.0329842931937173,-0.00324607329842896,0,0.0331436357291695
74813,748534746,3.7893372,3970,1907,0,3098,1706,142,-0.0263176265270507,-0.00991273996509563,0,0.028122586645487
74814,748544747,3.7898611,3974,1907,0,3103,1705,142,-0.00965095986038402,-0.013246073298429,0,0.0163890049744973
74815,748554746,3.7904166,3979,1910,0,3099,1710,142,-0.0229842931937174,0.00342059336823771,0,0.0232374308520885
74816,748564747,3.7909293,3971,1908,0,3100,1705,142,-0.019650959860384,-0.013246073298429,0,0.0236984953375056
74817,748574746,3.7914237,3978,1904,0,3101,1707,142,-0.0163176265270507,-0.00657940663176229,0,0.0175941333148975
74818,748584746,3.7918682,3974,1905,0,3100,1709,142,-0.019650959860384,8.72600349043751e-05,0,0.0196511535984052
74819,748594747,3.7950279,3984,1905,0,3096,1705,142,-0.0329842931937173,-0.013246073298429,0,0.0355446487578153
74820,748604747,3.8090965,3960,1909,0,3099,1705,142,-0.0229842931937174,-0.013246073298429,0,0.0265280265274693
74821,748614747,3.8098117,3978,1904,0,3096,1705,142,-0.0329842931937173,-0.013246073298429,0,0.0355446487578153
74822,748624747,3.8248972,3967,1911,0,3099,1705,142,-0.0229842931937174,-0.013246073298429,0,0.0265280265274693
74823,748634747,3.8392397,3963,1905,0,3097,1709,142,-0.029650959860384,8.72600349043751e-05,0,0.0296510882592156
74824,748644746,3.8403718,3973,1905,0,3100,1705,142,-0.019650959860384,-0.013246073298429,0,0.0236984953375056
74825,748654747,3.8562595,3969,1904,0,3093,1710,142,-0.0429842931937173,0.00342059336823771,0,0.0431201799666268
74826,748664747,3.8567226,3968,1904,0,3097,1705,142,-0.029650959860384,-0.013246073298429,0,0.0324751886594898
74827,748674746,3.8715805,3966,1907,0,3097,1706,142,-0.029650959860384,-0.00991273996509563,0,0.0312640661824035
74828,748684746,3.8876171,3966,1906,0,3098,1704,142,-0.0263176265270507,-0.0165794066317623,0,0.0311045686399706
74829,748694747,3.9025423,3961,1909,0,3098,1705,142,-0.0263176265270507,-0.013246073298429,0,0.0294631282087404
74830,748704746,3.9032316,3962,1905,0,3097,1704,142,-0.029650959860384,-0.0165794066317623,0,0.0339714018683867
74831,748714746,4.0207209,3975,1904,0,3093,1711,142,-0.0429842931937173,0.00675392670157104,0,0.0435116649561201
74832,748724747,4.0216758,3965,1904,0,3090,1704,142,-0.0529842931937173,-0.0165794066317623,0,0.0555176733076876
74833,748734746,4.0225167,3955,1905,0,3094,1708,142,-0.039650959860384,-0.00324607329842896,0,0.0397836098124411
74834,748744747,4.0233842,3958,1906,0,3089,1709,142,-0.0563176265270507,8.72600349043751e-05,0,0.0563176941285246
74835,748754745,4.0239875,3957,1903,0,3097,1709,142,-0.029650959860384,8.72600349043751e-05,0,0.0296510882592156
74836,748764746,4.0244219,3953,1910,0,3092,1705,142,-0.0463176265270507,-0.013246073298429,0,0.0481744847915025
74837,748774746,4.0248177,3952,1913,0,3091,1710,142,-0.049650959860384,0.00342059336823771,0,0.0497686475006936
74838,748784746,4.0258583,3963,1901,0,3087,1710,142,-0.0629842931937173,0.00342059336823771,0,0.0630771087487607
74840,748804747,4.0265715,3956,1901,0,3091,1705,142,-0.049650959860384,-0.013246073298429,0,0.0513875108648475
74841,748814746,4.0273239,3950,1901,0,3090,1705,142,-0.0529842931937173,-0.013246073298429,0,0.0546149593340978
74842,748824747,4.0280623,3955,1904,0,3090,1701,142,-0.0529842931937173,-0.0265794066317623,0,0.059277315915402
74843,748834747,4.0285799,3947,1902,0,3084,1704,142,-0.0729842931937174,-0.0165794066317623,0,0.0748437290442414
74844,748844747,4.0429339,3952,1904,0,3086,1702,142,-0.0663176265270507,-0.023246073298429,0,0.0702738038815127
74845,748854746,4.0583327,3947,1905,0,3088,1706,142,-0.059650959860384,-0.00991273996509563,0,0.0604689955752595
74846,748864747,4.0593572,3948,1904,0,3086,1704,142,-0.0663176265270507,-0.0165794066317623,0,0.0683586447528233
74847,748874747,4.0763554,3942,1907,0,3082,1703,142,-0.079650959860384,-0.0199127399650956,0,0.0821023301715489
74848,748884747,4.0887657,3941,1904,0,3087,1705,142,-0.0629842931937173,-0.013246073298429,0,0.0643620979066057
74850,748904746,4.1046091,3937,1905,0,3082,1705,142,-0.079650959860384,-0.013246073298429,0,0.0807448689670611
74851,748914747,4.1198771,3927,1903,0,3081,1704,142,-0.0829842931937173,-0.0165794066317623,0,0.0846242851734782
74852,748924746,4.1206444,3943,1903,0,3076,1701,142,-0.099650959860384,-0.0265794066317623,0,0.103134759698137
74853,748934746,4.2490443,3931,1901,0,3081,1703,142,-0.0829842931937173,-0.0199127399650956,0,0.0853399679504179
74854,748944747,4.2499368,3921,1908,0,3076,1703,142,-0.099650959860384,-0.0199127399650956,0,0.101621016596044
74855,748954746,4.2506638,3920,1904,0,3075,1701,142,-0.102984293193717,-0.0265794066317623,0,0.106358965308554
74856,748964746,4.2513762,3925,1895,0,3076,1705,142,-0.099650959860384,-0.013246073298429,0,0.100527470170711
74857,748974747,4.2521096,3923,1904,0,3078,1704,142,-0.0929842931937173,-0.0165794066317623,0,0.0944508099753333
74858,748984746,4.2528867,3922,1901,0,3079,1705,142,-0.089650959860384,-0.013246073298429,0,0.0906242410269765
74859,748994746,4.2536367,3909,1901,0,3073,1705,142,-0.109650959860384,-0.013246073298429,0,0.110448139215339
74860,749004747,4.2548758,3916,1900,0,3075,1705,142,-0.102984293193717,-0.013246073298429,0,0.103832668762952
74861,749014746,4.2559354,3902,1902,0,3069,1704,142,-0.122984293193717,-0.0165794066317623,0,0.124096789227681
74862,749024747,4.256674,3890,1898,0,3064,1700,142,-0.139650959860384,-0.0299127399650956,0,0.142818635346183
74863,749034747,4.2575466,3890,1899,0,3059,1700,142,-0.156317626527051,-0.0299127399650956,0,0.159153926672482
74864,749044747,4.2583357,3872,1903,0,3059,1704,142,-0.156317626527051,-0.0165794066317623,0,0.157194392671341
74865,749054746,4.2603121,3835,1899,0,3036,1701,142,-0.232984293193717,-0.0265794066317623,0,0.234495513244652
74866,749064746,4.2613121,3728,1878,0,2989,1688,142,-0.389650959860384,-0.0699127399650956,0,0.395873289992575
74867,749074746,4.2760998,3681,1872,0,2968,1688,142,-0.459650959860384,-0.0699127399650956,0,0.464937410959797
74868,749084746,4.2770103,3791,1887,0,3023,1688,142,-0.276317626527051,-0.0699127399650956,0,0.285024949678041
74869,749094747,4.2919477,3792,1893,0,3023,1691,142,-0.276317626527051,-0.0599127399650956,0,0.282738336876462
74870,749104746,4.3074267,3833,1890,0,3035,1695,142,-0.236317626527051,-0.0465794066317623,0,0.240864405277213
74871,749114747,4.3080566,3824,1901,0,3038,1695,142,-0.226317626527051,-0.0465794066317623,0,0.231061267197695
74872,749124747,4.3231095,3809,1890,0,3025,1696,142,-0.269650959860384,-0.043246073298429,0,0.273096801536304
74873,749134746,4.4402797,3823,1891,0,3033,1696,142,-0.242984293193717,-0.043246073298429,0,0.246802734171612
74874,749144746,4.4413695,3829,1892,0,3035,1694,142,-0.236317626527051,-0.0499127399650956,0,0.241531162002343
74875,749154747,4.4422471,3826,1891,0,3039,1698,142,-0.222984293193717,-0.0365794066317623,0,0.225964705209981
74876,749164747,4.4429985,3837,1889,0,3036,1697,142,-0.232984293193717,-0.0399127399650956,0,0.236378314755177
74879,749194746,4.4434962,3838,1889,0,3035,1699,142,-0.236317626527051,-0.033246073298429,0,0.238644761093017
74880,749204746,4.4438845,3846,1891,0,3040,1700,142,-0.219650959860384,-0.0299127399650956,0,0.221678407112212
74881,749214746,4.4442846,3828,1899,0,3040,1697,142,-0.219650959860384,-0.0399127399650956,0,0.223247779337465
74882,749224747,4.4446898,3845,1893,0,3040,1701,142,-0.219650959860384,-0.0265794066317623,0,0.221253268957737
74883,749234746,4.4454724,3835,1889,0,3042,1695,142,-0.212984293193717,-0.0465794066317623,0,0.218018233800282
74884,749244746,4.4461991,3842,1891,0,3040,1697,142,-0.219650959860384,-0.0399127399650956,0,0.223247779337465
74885,749254746,4.446638,3840,1893,0,3043,1699,142,-0.209650959860384,-0.033246073298429,0,0.212270644131837
74886,749264747,4.4632784,3846,1899,0,3042,1696,142,-0.212984293193717,-0.043246073298429,0,0.217330467268076
74887,749274747,4.4783076,3836,1895,0,3046,1694,142,-0.199650959860384,-0.0499127399650956,0,0.205795498940079
74889,749294747,4.4938461,3814,1891,0,3030,1694,142,-0.252984293193717,-0.0499127399650956,0,0.257861075413774
74890,749304747,4.5098717,3798,1898,0,3031,1695,142,-0.249650959860384,-0.0465794066317623,0,0.253959136243172
74891,749314746,4.5106979,3815,1888,0,3027,1695,142,-0.262984293193717,-0.0465794066317623,0,0.267077478625148
74892,749324747,4.5263473,3820,1896,0,3031,1694,142,-0.249650959860384,-0.0499127399650956,0,0.254591601138047
74893,749334746,4.5270486,3824,1890,0,3034,1694,142,-0.239650959860384,-0.0499127399650956,0,0.24479351333895
74894,749344747,4.6250435,3825,1897,0,3035,1693,142,-0.236317626527051,-0.053246073298429,0,0.242241955344404
74895,749354746,4.6258015,3824,1893,0,3034,1699,142,-0.239650959860384,-0.033246073298429,0,0.241946035205721
74896,749364747,4.6267943,3829,1895,0,3039,1700,142,-0.222984293193717,-0.0299127399650956,0,0.224981703752374
74897,749374746,4.6276504,3834,1897,0,3039,1702,142,-0.222984293193717,-0.023246073298429,0,0.224192718291424
74898,749384746,4.6281831,3856,1894,0,3046,1696,142,-0.199650959860384,-0.043246073298429,0,0.204281004082381
74899,749394747,4.6287612,3850,1899,0,3048,1702,142,-0.192984293193717,-0.023246073298429,0,0.194379313053819
74900,749404747,4.6294517,3865,1904,0,3054,1705,142,-0.172984293193717,-0.013246073298429,0,0.173490703351959
74901,749414747,4.6300586,3863,1879,0,3051,1692,142,-0.182984293193717,-0.0565794066317623,0,0.19153193156862
74902,749424746,4.6305478,3751,1949,0,2998,1749,142,-0.359650959860384,0.133420593368238,0,0.383601183083718
74903,749434746,4.6370557,3874,1456,0,3058,1337,142,-0.159650959860384,-1.2399127399651,0,1.25014880382781
74904,749444747,4.6378296,3860,2098,0,3080,1897,142,-0.0863176265270507,0.626753926701571,0,0.632669911790581
74905,749454747,4.6516966,3938,1904,0,3084,1704,142,-0.0729842931937174,-0.0165794066317623,0,0.0748437290442414
74906,749464747,4.6671753,3939,2173,0,3088,1928,142,-0.059650959860384,0.730087260034904,0,0.732520064078479
74907,749474747,4.6680037,3952,2095,0,3090,1855,142,-0.0529842931937173,0.486753926701571,0,0.489629166292855
74908,749484746,4.6827831,3920,1972,0,3072,1764,142,-0.112984293193717,0.183420593368238,0,0.21542647140043
74909,749494746,4.6979088,3906,1996,0,3075,1775,142,-0.102984293193717,0.220087260034904,0,0.242990054681835
74910,749504746,4.6985764,3946,1739,0,3090,1553,142,-0.0529842931937173,-0.519912739965096,0,0.522605580245036
74911,749514747,4.7143128,3886,1943,0,3069,1742,142,-0.122984293193717,0.110087260034904,0,0.16505859927417
74912,749524747,4.7291935,3950,2010,0,3088,1786,142,-0.059650959860384,0.256753926701571,0,0.263592139277598
74913,749534747,4.7296864,3885,1858,0,3055,1674,142,-0.169650959860384,-0.116579406631762,0,0.205845102521686
74914,749544746,4.8279802,3908,1890,0,3070,1693,142,-0.119650959860384,-0.053246073298429,0,0.130963722141717
74915,749554746,4.8287708,3898,1899,0,3062,1704,142,-0.146317626527051,-0.0165794066317623,0,0.147253945810531
74916,749564746,4.8296953,3888,1893,0,3065,1693,142,-0.136317626527051,-0.053246073298429,0,0.146347666956703
74917,749574746,4.8304306,3895,1884,0,3065,1689,142,-0.136317626527051,-0.0665794066317623,0,0.151707984923029
74918,749584747,4.8309067,3881,1894,0,3058,1700,142,-0.159650959860384,-0.0299127399650956,0,0.162429064506822
74919,749594747,4.8312988,3872,1872,0,3057,1684,142,-0.162984293193717,-0.083246073298429,0,0.18301308299535
74920,749604746,4.8317109,3873,1891,0,3060,1694,142,-0.152984293193717,-0.0499127399650956,0,0.160920712075247
74921,749614746,4.8321055,3887,1927,0,3060,1721,142,-0.152984293193717,0.0400872600349044,0,0.158149240848912
74922,749624746,4.8324842,3855,1918,0,3044,1716,142,-0.206317626527051,0.0234205933682377,0,0.207642691201679
74923,749634747,4.8398525,3837,1875,0,3041,1681,142,-0.216317626527051,-0.093246073298429,0,0.235559219161281
74924,749644747,4.8552498,3831,1901,0,3035,1698,142,-0.236317626527051,-0.0365794066317623,0,0.239131916725707
74925,749654747,4.8558918,3831,1889,0,3040,1695,142,-0.219650959860384,-0.0465794066317623,0,0.224535487818196
74926,749664747,4.8564491,3833,1886,0,3040,1692,142,-0.219650959860384,-0.0565794066317623,0,0.226821016271399
74927,749674747,4.8729227,3824,1903,0,3034,1705,142,-0.239650959860384,-0.013246073298429,0,0.240016751540035
74928,749684746,4.888008,3824,1887,0,3037,1694,142,-0.229650959860384,-0.0499127399650956,0,0.235012435789298
74930,749704747,4.9051953,3866,1901,0,3048,1704,142,-0.192984293193717,-0.0165794066317623,0,0.193695157770503
74932,749724747,4.9208809,3866,1899,0,3050,1705,142,-0.186317626527051,-0.013246073298429,0,0.186787891503975
74933,749734747,4.9351597,3871,1888,0,3059,1691,142,-0.156317626527051,-0.0599127399650956,0,0.167405904236307
74934,749744746,4.9499733,3878,1901,0,3058,1703,142,-0.159650959860384,-0.0199127399650956,0,0.160887992706912
74935,749754746,4.9506544,3872,1895,0,3052,1699,142,-0.179650959860384,-0.033246073298429,0,0.182701310253982
74936,749764747,5.0466466,3855,1923,0,3048,1717,142,-0.192984293193717,0.026753926701571,0,0.19482995153064
74937,749774746,5.0473279,3869,1888,0,3049,1695,142,-0.189650959860384,-0.0465794066317623,0,0.195287295280907
74938,749784747,5.0479739,3789,2115,0,3021,1877,142,-0.282984293193717,0.560087260034904,0,0.627517210160609
74939,749794747,5.048511,3898,1363,0,3060,1259,142,-0.152984293193717,-1.4999127399651,0,1.50769440586399
74941,749814746,5.0489279,3835,2134,0,3037,1908,142,-0.229650959860384,0.663420593368238,0,0.702044476561037
74942,749824746,5.0493274,3863,2059,0,3047,1832,142,-0.196317626527051,0.410087260034904,0,0.454656102266482
74943,749834747,5.049782,3823,1841,0,3032,1653,142,-0.246317626527051,-0.186579406631762,0,0.30900525580802
74944,749844747,5.0501839,3850,1815,0,3046,1632,142,-0.199650959860384,-0.256579406631762,0,0.325105363967868
74945,749854746,5.059357,3867,1968,0,3059,1763,142,-0.156317626527051,0.180087260034904,0,0.238467233786803
74946,749864747,5.0603612,3888,1894,0,3062,1704,142,-0.146317626527051,-0.0165794066317623,0,0.147253945810531
74947,749874747,5.0760689,3863,1886,0,3051,1691,142,-0.182984293193717,-0.0599127399650956,0,0.192542950963491
74948,749884746,5.0909744,3856,1908,0,3052,1704,142,-0.179650959860384,-0.0165794066317623,0,0.180414367784328
74949,749894746,5.0917154,3868,1878,0,3056,1685,142,-0.166317626527051,-0.0799127399650956,0,0.184519914649667
74950,749904746,5.1071816,3887,1910,0,3062,1710,142,-0.146317626527051,0.00342059336823771,0,0.146357604146489
74952,749924747,5.1234252,3875,1903,0,3057,1703,142,-0.162984293193717,-0.0199127399650956,0,0.164196215062264
74954,749944746,5.1389872,3867,1889,0,3052,1696,142,-0.179650959860384,-0.043246073298429,0,0.184782819099857
74955,749954747,5.1544484,3856,1895,0,3052,1692,142,-0.179650959860384,-0.0565794066317623,0,0.188349931334098
74956,749964746,5.2552358,3917,1842,0,3075,1656,142,-0.102984293193717,-0.176579406631762,0,0.204416367962634
74957,749974747,5.2559736,3875,1950,0,3051,1744,142,-0.182984293193717,0.116753926701571,0,0.217059279819685
74958,749984746,5.2567274,3810,1791,0,3024,1615,142,-0.272984293193717,-0.313246073298429,0,0.415503943142972
74959,749994747,5.2574868,3909,1955,0,3072,1744,142,-0.112984293193717,0.116753926701571,0,0.162471320265208
74960,750004747,5.2580127,3903,1954,0,3070,1753,142,-0.119650959860384,0.146753926701571,0,0.189349061782311
74961,750014746,5.2584023,3914,1855,0,3070,1668,142,-0.119650959860384,-0.136579406631762,0,0.181577219142148
74962,750024747,5.2587997,3887,1905,0,3060,1708,142,-0.152984293193717,-0.00324607329842896,0,0.153018727467719
74963,750034747,5.2592001,3892,1911,0,3068,1708,142,-0.126317626527051,-0.00324607329842896,0,0.1263593279631
74964,750044747,5.2595875,3893,1876,0,3066,1680,142,-0.132984293193717,-0.0965794066317623,0,0.164354507153214
74965,750054746,5.2599682,3894,1925,0,3066,1714,142,-0.132984293193717,0.016753926701571,0,0.13403550386429
74966,750064747,5.2654083,3885,1889,0,3065,1695,142,-0.136317626527051,-0.0465794066317623,0,0.144056018354443
74967,750074746,5.2658806,3878,1921,0,3056,1718,142,-0.166317626527051,0.0300872600349044,0,0.169017147384517
74968,750084746,5.2789083,3833,2054,0,3037,1829,142,-0.229650959860384,0.400087260034904,0,0.46131266946295
74969,750094747,5.2952202,4042,1555,0,3121,1402,142,0.050349040139616,-1.02324607329843,0,1.02448404202488
74970,750104747,5.3097356,3888,1866,0,3062,1676,142,-0.146317626527051,-0.109912739965096,0,0.18300179845877
74971,750114747,5.3131821,3861,2037,0,3048,1818,142,-0.192984293193717,0.363420593368238,0,0.411482034970666
74972,750124746,5.3280302,3850,2096,0,3044,1849,142,-0.206317626527051,0.466753926701571,0,0.510319695002154
74973,750134746,5.3286756,3872,1825,0,3058,1635,142,-0.159650959860384,-0.246579406631762,0,0.293751311076587
74974,750144747,5.3423339,3905,1866,0,3063,1679,142,-0.142984293193717,-0.0999127399650956,0,0.174433550979849
74975,750154746,5.3580171,3919,1964,0,3076,1752,142,-0.099650959860384,0.143420593368238,0,0.174641863260769
74976,750164747,5.3586486,3919,1878,0,3078,1680,142,-0.0929842931937173,-0.0965794066317623,0,0.134065881439233
74977,750174747,5.4571658,3894,1898,0,3074,1704,142,-0.106317626527051,-0.0165794066317623,0,0.107602576338147
74979,750194747,5.4578587,3889,1886,0,3066,1692,142,-0.132984293193717,-0.0565794066317623,0,0.144520072969241
74980,750204746,5.4587134,3917,1923,0,3072,1722,142,-0.112984293193717,0.0434205933682377,0,0.121040482636735
74981,750214747,5.4596206,3918,1902,0,3070,1703,142,-0.119650959860384,-0.0199127399650956,0,0.12129661746491
74982,750224746,5.460143,3902,1918,0,3077,1717,142,-0.0963176265270507,0.026753926701571,0,0.0999642824900847
74983,750234747,5.4605392,3959,1808,0,3094,1626,142,-0.039650959860384,-0.276579406631762,0,0.27940717025629
74984,750244746,5.4609527,3920,1925,0,3076,1722,142,-0.099650959860384,0.0434205933682377,0,0.108699869961034
74985,750254746,5.4613405,3731,1981,0,2991,1764,142,-0.382984293193717,0.183420593368238,0,0.424641122484207
74986,750264746,5.4671748,3943,1902,0,3092,1705,142,-0.0463176265270507,-0.013246073298429,0,0.0481744847915025
74987,750274746,5.4679684,3952,1924,0,3092,1730,142,-0.0463176265270507,0.0700872600349044,0,0.0840092051283647
74988,750284747,5.4846638,3904,1893,0,3074,1699,142,-0.106317626527051,-0.033246073298429,0,0.111394520063197
74989,750294746,5.4980976,3914,1899,0,3072,1706,142,-0.112984293193717,-0.00991273996509563,0,0.113418309465886
74990,750304747,5.4989828,3898,1895,0,3066,1700,142,-0.132984293193717,-0.0299127399650956,0,0.136306985325228
74991,750314746,5.5148752,3891,1903,0,3062,1705,142,-0.146317626527051,-0.013246073298429,0,0.146915983780992
74992,750324747,5.5285364,3909,1889,0,3071,1690,142,-0.116317626527051,-0.063246073298429,0,0.13240036264511
74993,750334747,5.529055,3905,1904,0,3069,1705,142,-0.122984293193717,-0.013246073298429,0,0.123695573203674
74994,750344747,5.544833,3903,1911,0,3072,1717,142,-0.112984293193717,0.026753926701571,0,0.116108669368127
74995,750354746,5.5601159,3897,1897,0,3063,1696,142,-0.142984293193717,-0.043246073298429,0,0.149381159976217
74996,750364746,5.5607213,3903,1902,0,3062,1705,142,-0.146317626527051,-0.013246073298429,0,0.146915983780992
74997,750374747,5.6824889,3898,1905,0,3070,1705,142,-0.119650959860384,-0.013246073298429,0,0.120381936574133
74998,750384747,5.683235,3887,1906,0,3062,1711,142,-0.146317626527051,0.00675392670157104,0,0.146473422020514
74999,750394745,5.6860038,3825,2011,0,3035,1792,142,-0.236317626527051,0.276753926701571,0,0.363921360395508
75000,750404748,5.6868323,3959,1867,0,3087,1670,142,-0.0629842931937173,-0.129912739965096,0,0.144375694610799
75001,750414751,5.6877421,3949,1526,0,3081,1390,142,-0.0829842931937173,-1.06324607329843,0,1.0664795381541
75002,750424746,5.6882443,3907,1943,0,3072,1742,142,-0.112984293193717,0.110087260034904,0,0.157748709441556
75003,750434746,5.6886661,3837,2039,0,3038,1814,142,-0.226317626527051,0.350087260034904,0,0.416870192884529
75004,750444746,5.6890765,3856,1925,0,3051,1720,142,-0.182984293193717,0.036753926701571,0,0.186638963465801
75005,750454746,5.6894903,3835,1838,0,3036,1652,142,-0.232984293193717,-0.189912739965096,0,0.300580321504962
75006,750464746,5.6899282,3875,1949,0,3050,1747,142,-0.186317626527051,0.126753926701571,0,0.225345991508482
75007,750474746,5.6903627,3879,1862,0,3059,1678,142,-0.156317626527051,-0.103246073298429,0,0.187336467391149
75008,750484746,5.6913264,3886,1907,0,3062,1709,142,-0.146317626527051,8.72600349043751e-05,0,0.146317652546858
75009,750494746,5.7003621,3858,1878,0,3048,1688,142,-0.192984293193717,-0.0699127399650956,0,0.205257712714786
75010,750504746,5.7012981,3856,1891,0,3050,1693,142,-0.186317626527051,-0.053246073298429,0,0.19377668145671
75012,750524746,5.716936,3846,1871,0,3041,1680,142,-0.216317626527051,-0.0965794066317623,0,0.236898495840813
75013,750534746,5.732755,3851,1906,0,3049,1711,142,-0.189650959860384,0.00675392670157104,0,0.189771183539164
75014,750544746,5.7481281,3801,1881,0,3028,1683,142,-0.259650959860384,-0.0865794066317623,0,0.273705342675525
75015,750554746,5.7489146,3698,1872,0,2981,1679,142,-0.416317626527051,-0.0999127399650956,0,0.428138904754578
75016,750564747,5.763219,3865,1810,0,3053,1626,142,-0.176317626527051,-0.276579406631762,0,0.328000112190393
75017,750574746,5.7779998,3831,1894,0,3037,1696,142,-0.229650959860384,-0.043246073298429,0,0.233687368551509
75018,750584746,5.7786308,3770,2003,0,3010,1788,142,-0.319650959860384,0.263420593368238,0,0.414206645468345
75019,750594747,5.8845752,3866,1915,0,3055,1709,142,-0.169650959860384,8.72600349043751e-05,0,0.169650982301498
75020,750604747,5.8855941,3873,1855,0,3061,1668,142,-0.149650959860384,-0.136579406631762,0,0.202606377251602
75021,750614746,5.8866097,3837,1900,0,3042,1699,142,-0.212984293193717,-0.033246073298429,0,0.215563472176971
75022,750624746,5.8873242,3851,1904,0,3048,1704,142,-0.192984293193717,-0.0165794066317623,0,0.193695157770503
75024,750644747,5.887936,3830,1926,0,3039,1722,142,-0.222984293193717,0.0434205933682377,0,0.2271724960015
75025,750654746,5.8885576,3855,1873,0,3048,1681,142,-0.192984293193717,-0.093246073298429,0,0.214330976774368
75026,750664746,5.8889915,3853,1905,0,3043,1705,142,-0.209650959860384,-0.013246073298429,0,0.210068996827727
75027,750674747,5.8893747,3850,1902,0,3045,1697,142,-0.202984293193717,-0.0399127399650956,0,0.206871095358618
75028,750684746,5.8900349,3851,1876,0,3044,1686,142,-0.206317626527051,-0.0765794066317623,0,0.220071280579335
75029,750694747,5.8904836,3856,1902,0,3041,1706,142,-0.216317626527051,-0.00991273996509563,0,0.216544632720167
75030,750704746,5.9037567,3858,1890,0,3047,1696,142,-0.196317626527051,-0.043246073298429,0,0.2010244595589
75031,750714747,5.9186805,3853,1901,0,3043,1699,142,-0.209650959860384,-0.033246073298429,0,0.212270644131837
75032,750724746,5.9199556,3837,1904,0,3044,1705,142,-0.206317626527051,-0.013246073298429,0,0.20674240366597
75033,750734747,5.9348792,3845,1891,0,3038,1694,142,-0.226317626527051,-0.0499127399650956,0,0.23175622901588
75034,750744747,5.9487332,3836,1904,0,3038,1710,142,-0.226317626527051,0.00342059336823771,0,0.226343474692398
75035,750754747,5.9493627,3807,1975,0,3029,1764,142,-0.256317626527051,0.183420593368238,0,0.315185405341074
75036,750764747,5.9645865,3825,1936,0,3034,1731,142,-0.239650959860384,0.0734205933682377,0,0.250645498847571
75037,750774746,5.9801976,3831,1664,0,3039,1500,142,-0.222984293193717,-0.696579406631762,0,0.731399251267432
75038,750784747,5.9810112,3367,1873,0,2794,1679,142,-1.03965095986038,-0.0999127399650956,0,1.04444084272205
75039,750794747,6.0810889,3822,1994,0,3035,1782,142,-0.236317626527051,0.243420593368238,0,0.339263328232103
75040,750804746,6.0818837,3816,1872,0,3032,1679,142,-0.246317626527051,-0.0999127399650956,0,0.265809948544543
75041,750814747,6.0826092,3782,1876,0,3019,1685,142,-0.289650959860384,-0.0799127399650956,0,0.300472502164126
75042,750824746,6.08327,3811,1930,0,3029,1731,142,-0.256317626527051,0.0734205933682377,0,0.266625784947752
75043,750834747,6.083938,3817,1841,0,3030,1653,142,-0.252984293193717,-0.186579406631762,0,0.314345236295677
75044,750844747,6.0846094,3815,1929,0,3027,1722,142,-0.262984293193717,0.0434205933682377,0,0.266544717439774
75045,750854746,6.085236,3781,1878,0,3013,1684,142,-0.309650959860384,-0.083246073298429,0,0.320645638769755
75046,750864746,6.0859708,3737,1872,0,2992,1680,142,-0.379650959860384,-0.0965794066317623,0,0.391742815005271
75047,750874746,6.0866631,3760,1893,0,3003,1701,142,-0.342984293193717,-0.0265794066317623,0,0.344012630922893
75048,750884746,6.0905538,3750,1870,0,3004,1676,142,-0.339650959860384,-0.109912739965096,0,0.356992415802794
75049,750894747,6.0913779,3757,1899,0,3003,1695,142,-0.342984293193717,-0.0465794066317623,0,0.346132729599154
75050,750904746,6.1065271,3760,1881,0,3007,1690,142,-0.329650959860384,-0.063246073298429,0,0.335663255547197
75051,750914747,6.1072563,3760,1886,0,3008,1691,142,-0.326317626527051,-0.0599127399650956,0,0.331772105205325
75053,750934746,6.137274,3778,1884,0,3012,1684,142,-0.312984293193717,-0.083246073298429,0,0.323865831025099
75054,750944746,6.1380618,3773,1890,0,3007,1695,142,-0.329650959860384,-0.0465794066317623,0,0.332925511877717
75055,750954746,6.1532293,3777,1886,0,3012,1691,142,-0.312984293193717,-0.0599127399650956,0,0.318667074226529
75056,750964746,6.1680743,3781,1887,0,3010,1692,142,-0.319650959860384,-0.0565794066317623,0,0.32461972428438
75057,750974747,6.1686966,3799,1893,0,3027,1700,142,-0.262984293193717,-0.0299127399650956,0,0.264680015261482
75058,750984747,6.1850967,3814,1895,0,3032,1693,142,-0.246317626527051,-0.053246073298429,0,0.252006978989911
75059,750994747,6.1998395,3813,1894,0,3033,1694,142,-0.242984293193717,-0.0499127399650956,0,0.248057752045111
75060,751004747,6.2004912,3823,1893,0,3034,1697,142,-0.239650959860384,-0.0399127399650956,0,0.242951866371767
75061,751014746,6.3029947,3821,1891,0,3033,1696,142,-0.242984293193717,-0.043246073298429,0,0.246802734171612
75062,751024747,6.3037923,3818,1889,0,3033,1699,142,-0.242984293193717,-0.033246073298429,0,0.245248176606096
75063,751034747,6.3046356,3819,1901,0,3029,1698,142,-0.256317626527051,-0.0365794066317623,0,0.258914616539879
75064,751044747,6.3054272,3810,1895,0,3033,1693,142,-0.242984293193717,-0.053246073298429,0,0.248749896604103
75065,751054746,6.3062546,3812,1902,0,3033,1700,142,-0.242984293193717,-0.0299127399650956,0,0.244818583345035
75066,751064747,6.3070045,3824,1894,0,3030,1693,142,-0.252984293193717,-0.053246073298429,0,0.258526975235519
75067,751074746,6.3077242,3823,1887,0,3034,1704,142,-0.239650959860384,-0.0165794066317623,0,0.240223769195025
75068,751084747,6.3083903,3811,1886,0,3032,1701,142,-0.246317626527051,-0.0265794066317623,0,0.247747528736042
75069,751094747,6.3097926,3824,1890,0,3034,1699,142,-0.239650959860384,-0.033246073298429,0,0.241946035205721
75070,751104746,6.3108619,3824,1889,0,3028,1696,142,-0.259650959860384,-0.043246073298429,0,0.263227741342268
75071,751114747,6.3114579,3815,1895,0,3036,1701,142,-0.232984293193717,-0.0265794066317623,0,0.234495513244652
75072,751124746,6.3261715,3821,1890,0,3033,1691,142,-0.242984293193717,-0.0599127399650956,0,0.250261669356247
75073,751134746,6.3271531,3805,1887,0,3027,1696,142,-0.262984293193717,-0.043246073298429,0,0.266516343443197
75074,751144747,6.342145,3825,1899,0,3032,1696,142,-0.246317626527051,-0.043246073298429,0,0.2500851774769
75076,751164747,6.3583279,3779,1890,0,3018,1697,142,-0.292984293193717,-0.0399127399650956,0,0.295690417277502
75077,751174747,6.3644435,3824,1891,0,3029,1695,142,-0.256317626527051,-0.0465794066317623,0,0.260515578786812
75079,751194747,6.3894359,3847,1896,0,3046,1693,142,-0.199650959860384,-0.053246073298429,0,0.206629257596484
75080,751204746,6.4043127,3842,1899,0,3043,1695,142,-0.209650959860384,-0.0465794066317623,0,0.214763046384957
75081,751214746,6.4194646,3827,1898,0,3049,1700,142,-0.189650959860384,-0.0299127399650956,0,0.19199546501984
75082,751224746,6.4200756,3811,1952,0,3030,1745,142,-0.252984293193717,0.120087260034904,0,0.280039287646243
75083,751234747,6.5267097,3824,2005,0,3039,1782,142,-0.222984293193717,0.243420593368238,0,0.3301144957236
75084,751244747,6.5276962,3993,1534,0,3108,1400,142,0.00701570680628265,-1.0299127399651,0,1.02993663498509
75085,751254746,6.5284841,3839,1913,0,3041,1718,142,-0.216317626527051,0.0300872600349044,0,0.218399997167364
75086,751264746,6.5296245,3803,2043,0,3027,1821,142,-0.262984293193717,0.373420593368238,0,0.456731516339836
75087,751274746,6.5305684,3831,2017,0,3035,1795,142,-0.236317626527051,0.286753926701571,0,0.371582877816172
75088,751284746,6.531215,3802,1794,0,3027,1618,142,-0.262984293193717,-0.303246073298429,0,0.40139621253509
75089,751294746,6.531829,3837,1898,0,3038,1704,142,-0.226317626527051,-0.0165794066317623,0,0.22692409480066
75090,751304746,6.5323953,3843,1932,0,3048,1724,142,-0.192984293193717,0.0500872600349044,0,0.199378211039428
75091,751314746,6.5329345,3809,1879,0,3023,1689,142,-0.276317626527051,-0.0665794066317623,0,0.284225699254976
75092,751324746,6.5337799,3733,1923,0,2991,1721,142,-0.382984293193717,0.0400872600349044,0,0.385076560245099
75094,751344746,6.5450591,3841,1895,0,3040,1703,142,-0.219650959860384,-0.0199127399650956,0,0.220551720420643
75095,751354747,6.5611605,3861,1891,0,3051,1692,142,-0.182984293193717,-0.0565794066317623,0,0.19153193156862
75096,751364747,6.5620297,3856,1904,0,3051,1708,142,-0.182984293193717,-0.00324607329842896,0,0.183013082995351
75097,751374747,6.5778132,3862,1894,0,3055,1697,142,-0.169650959860384,-0.0399127399650956,0,0.174282744392757
75098,751384746,6.593042,3834,1887,0,3040,1681,142,-0.219650959860384,-0.093246073298429,0,0.238623918233617
75099,751394746,6.5934847,3849,1923,0,3049,1722,142,-0.189650959860384,0.0434205933682377,0,0.194558049189477
75100,751404747,6.6084206,3841,1872,0,3044,1679,142,-0.206317626527051,-0.0999127399650956,0,0.229236817773865
75101,751414747,6.6092083,3841,1906,0,3041,1705,142,-0.216317626527051,-0.013246073298429,0,0.216722804531789
75102,751424747,6.6245964,3835,1921,0,3041,1727,142,-0.216317626527051,0.0600872600349044,0,0.224507893769459
75103,751434747,6.6396563,3827,1970,0,3034,1758,142,-0.239650959860384,0.163420593368238,0,0.290067014496358
75104,751444746,6.6402043,3829,1419,0,3042,1303,142,-0.212984293193717,-1.35324607329843,0,1.36990410030952
75105,751454747,6.7365976,3775,1919,0,3013,1720,142,-0.309650959860384,0.036753926701571,0,0.31182457900307
75106,751464746,6.7377169,3774,2086,0,3018,1853,142,-0.292984293193717,0.480087260034904,0,0.562426504804
75107,751474746,6.7388397,3840,1991,0,3041,1779,142,-0.216317626527051,0.233420593368238,0,0.318242814458829
75108,751484746,6.7394249,3785,1783,0,3017,1601,142,-0.296317626527051,-0.359912739965096,0,0.46619879470008
75109,751494747,6.7398424,3846,1918,0,3042,1711,142,-0.212984293193717,0.00675392670157104,0,0.213091352882086
75110,751504746,6.7402463,3857,1905,0,3049,1704,142,-0.189650959860384,-0.0165794066317623,0,0.190374271634132
75111,751514746,6.7406253,3806,1917,0,3028,1719,142,-0.259650959860384,0.0334205933682377,0,0.261792965943518
75112,751524747,6.741001,3808,1906,0,3030,1704,142,-0.252984293193717,-0.0165794066317623,0,0.253526979485391
75113,751534747,6.7413767,3827,1872,0,3041,1681,142,-0.216317626527051,-0.093246073298429,0,0.235559219161281
75114,751544747,6.7490217,3857,1906,0,3043,1705,142,-0.209650959860384,-0.013246073298429,0,0.210068996827727
75115,751554747,6.749753,3849,1894,0,3048,1697,142,-0.192984293193717,-0.0399127399650956,0,0.197068425251231
75116,751564746,6.7663825,3846,1882,0,3041,1700,142,-0.216317626527051,-0.0299127399650956,0,0.218376023314182
75117,751574746,6.7678362,3869,1901,0,3056,1701,142,-0.166317626527051,-0.0265794066317623,0,0.16842807886599
75118,751584746,6.781303,3852,1904,0,3055,1695,142,-0.169650959860384,-0.0465794066317623,0,0.175929216742748
75119,751594747,6.7972089,3863,1904,0,3049,1703,142,-0.189650959860384,-0.0199127399650956,0,0.190693481243808
75120,751604746,6.798229,3858,1936,0,3047,1735,142,-0.196317626527051,0.086753926701571,0,0.21463190416002
75121,751614746,6.8130106,3856,1948,0,3046,1745,142,-0.199650959860384,0.120087260034904,0,0.232983810158267
75122,751624746,6.8284497,3939,1874,0,3090,1679,142,-0.0529842931937173,-0.0999127399650956,0,0.113092399977057
75123,751634746,6.8289487,3865,1534,0,3049,1402,142,-0.189650959860384,-1.02324607329843,0,1.0406728655522
75124,751644746,6.8435981,3853,2037,0,3049,1822,142,-0.189650959860384,0.376753926701571,0,0.421794983209874
75125,751654746,6.9437235,3870,2086,0,3030,1852,142,-0.252984293193717,0.476753926701571,0,0.539717851500292
75126,751664746,6.9444066,3879,1893,0,3057,1687,142,-0.162984293193717,-0.073246073298429,0,0.17868650503464
75127,751674747,6.9450334,3857,1827,0,3046,1653,142,-0.199650959860384,-0.186579406631762,0,0.273262475931536
75128,751684747,6.9456749,3909,1911,0,3072,1708,142,-0.112984293193717,-0.00324607329842896,0,0.11303091391448
75129,751694747,6.9464013,3915,1901,0,3073,1700,142,-0.109650959860384,-0.0299127399650956,0,0.113657841834706
75130,751704747,6.9469266,3872,1879,0,3056,1688,142,-0.166317626527051,-0.0699127399650956,0,0.180414367784328
75131,751714746,6.947312,3878,1937,0,3062,1731,142,-0.146317626527051,0.0734205933682377,0,0.163705318676742
75132,751724747,6.9477292,3873,1882,0,3058,1685,142,-0.159650959860384,-0.0799127399650956,0,0.178534240394023
75133,751734747,6.9481279,3888,1905,0,3060,1703,142,-0.152984293193717,-0.0199127399650956,0,0.154274791125766
75134,751744747,6.9485081,3888,1899,0,3063,1705,142,-0.142984293193717,-0.013246073298429,0,0.14359654089822
75135,751754747,6.9542908,3873,1899,0,3060,1701,142,-0.152984293193717,-0.0265794066317623,0,0.155276072918135
75136,751764747,6.9690456,3885,1906,0,3058,1705,142,-0.159650959860384,-0.013246073298429,0,0.160199523851257
75137,751774746,6.9703877,3873,1913,0,3056,1718,142,-0.166317626527051,0.0300872600349044,0,0.169017147384517
75138,751784747,6.9856565,3869,1936,0,3058,1734,142,-0.159650959860384,0.0834205933682377,0,0.180131686224969
75139,751794745,6.9998014,3865,1939,0,3053,1731,142,-0.176317626527051,0.0734205933682377,0,0.190993426469805
75140,751804746,7.0015152,3856,1468,0,3053,1351,142,-0.176317626527051,-1.19324607329843,0,1.20620234490995
75141,751814747,7.0156225,3863,1999,0,3055,1787,142,-0.169650959860384,0.260087260034904,0,0.310526699357742
75142,751824746,7.0163291,3889,2096,0,3061,1864,142,-0.149650959860384,0.516753926701571,0,0.53798701708185
75143,751834747,7.0477241,3898,1914,0,3063,1707,142,-0.142984293193717,-0.00657940663176229,0,0.143135588487745
75144,751844745,7.0496109,3856,1803,0,3046,1628,142,-0.199650959860384,-0.269912739965096,0,0.335728153375075
75145,751854746,7.0512598,3908,1909,0,3072,1708,142,-0.112984293193717,-0.00324607329842896,0,0.11303091391448
75146,751864747,7.1712135,3887,1901,0,3058,1705,142,-0.159650959860384,-0.013246073298429,0,0.160199523851257
75147,751874746,7.1722461,3889,1923,0,3063,1721,142,-0.142984293193717,0.0400872600349044,0,0.148497462999248
75148,751884746,7.1733461,3888,1873,0,3061,1679,142,-0.149650959860384,-0.0999127399650956,0,0.179938782352408
75149,751894747,7.1741705,3885,1926,0,3064,1712,142,-0.139650959860384,0.0100872600349044,0,0.140014797092801
75150,751904747,7.1746988,3888,1895,0,3066,1696,142,-0.132984293193717,-0.043246073298429,0,0.139839354589349
75151,751914747,7.1751013,3888,1899,0,3068,1705,142,-0.126317626527051,-0.013246073298429,0,0.127010240647181
75152,751924747,7.175501,3878,1910,0,3062,1708,142,-0.146317626527051,-0.00324607329842896,0,0.146353629351541
75153,751934746,7.1759108,3893,1885,0,3068,1695,142,-0.126317626527051,-0.0465794066317623,0,0.134632031454608
75154,751944746,7.1762957,3872,1957,0,3055,1753,142,-0.169650959860384,0.146753926701571,0,0.224317104082323
75155,751954747,7.1766751,3884,1988,0,3062,1772,142,-0.146317626527051,0.210087260034904,0,0.256018563118933
75156,751964747,7.1771491,3925,1695,0,3077,1522,142,-0.0963176265270507,-0.623246073298429,0,0.630644712228458
75157,751974747,7.1778465,3846,1954,0,3034,1768,142,-0.239650959860384,0.196753926701571,0,0.310072072645201
75158,751984747,7.1877086,3749,2042,0,3005,1817,142,-0.336317626527051,0.360087260034904,0,0.492719373226011
75159,751994746,7.1883881,3779,1962,0,3018,1754,142,-0.292984293193717,0.150087260034904,0,0.329189886969523
75160,752004747,7.204389,3810,1931,0,3033,1731,142,-0.242984293193717,0.0734205933682377,0,0.253834493852578
75161,752014746,7.2189328,3787,1785,0,3020,1616,142,-0.286317626527051,-0.309912739965096,0,0.421928536191565
75162,752024747,7.2201897,3847,1924,0,3045,1722,142,-0.202984293193717,0.0434205933682377,0,0.207576422581667
75163,752034746,7.2361556,3823,1909,0,3038,1705,142,-0.226317626527051,-0.013246073298429,0,0.226704932753271
75164,752044746,7.2499959,3841,1874,0,3042,1680,142,-0.212984293193717,-0.0965794066317623,0,0.233858698646363
75165,752054746,7.2506213,3856,1909,0,3045,1711,142,-0.202984293193717,0.00675392670157104,0,0.203096624317696
75166,752064747,7.3506032,3856,1896,0,3046,1693,142,-0.199650959860384,-0.053246073298429,0,0.206629257596484
75167,752074747,7.3517767,3850,1897,0,3053,1693,142,-0.176317626527051,-0.053246073298429,0,0.184182110276308
75168,752084747,7.3526177,3853,1906,0,3046,1706,142,-0.199650959860384,-0.00991273996509563,0,0.199896893889796
75169,752094747,7.3531342,3856,1888,0,3044,1692,142,-0.206317626527051,-0.0565794066317623,0,0.213935018803743
75170,752104747,7.3540898,3838,1949,0,3043,1741,142,-0.209650959860384,0.106753926701571,0,0.235265649504097
75171,752114747,7.3546987,3849,1984,0,3048,1771,142,-0.192984293193717,0.206753926701571,0,0.282825252808156
75172,752124747,7.3552141,3840,1694,0,3044,1521,142,-0.206317626527051,-0.626579406631762,0,0.659673188655388
75173,752134746,7.3557948,3776,1746,0,3008,1585,142,-0.326317626527051,-0.413246073298429,0,0.526550577322652
75174,752144747,7.3563478,3797,2067,0,3027,1838,142,-0.262984293193717,0.430087260034904,0,0.504118824991619
75175,752154746,7.3583757,3825,1959,0,3043,1746,142,-0.209650959860384,0.123420593368238,0,0.243282074633024
75176,752164746,7.3590911,3833,1968,0,3035,1753,142,-0.236317626527051,0.146753926701571,0,0.278177525349746
75179,752194747,7.3902826,3798,1916,0,3021,1719,142,-0.282984293193717,0.0334205933682377,0,0.284950954122693
75180,752204746,7.4064654,3627,1840,0,2945,1653,142,-0.536317626527051,-0.186579406631762,0,0.567845464455489
75181,752214746,7.407058,3784,1911,0,3017,1705,142,-0.296317626527051,-0.013246073298429,0,0.296613543602534
75182,752224747,7.4207407,3791,1882,0,3017,1688,142,-0.296317626527051,-0.0699127399650956,0,0.304453489058759
75183,752234747,7.4365778,3808,1900,0,3028,1686,142,-0.259650959860384,-0.0765794066317623,0,0.270708379028968
75184,752244747,7.4373442,3809,1907,0,3023,1704,142,-0.276317626527051,-0.0165794066317623,0,0.276814572329211
75186,752264747,7.5546934,3798,1954,0,3025,1743,142,-0.269650959860384,0.113420593368238,0,0.292533538510766
75187,752274747,7.5563588,3823,1991,0,3034,1778,142,-0.239650959860384,0.230087260034904,0,0.332223915142142
75189,752294747,7.5568408,3789,1819,0,3016,1640,142,-0.299650959860384,-0.229912739965096,0,0.377691098311182
75191,752314746,7.5573612,3766,1961,0,3008,1750,142,-0.326317626527051,0.136753926701571,0,0.353814682921083
75192,752324746,7.5578726,3750,1953,0,3000,1743,142,-0.352984293193717,0.113420593368238,0,0.370758873449404
75193,752334747,7.558409,3731,1698,0,2997,1539,142,-0.362984293193717,-0.566579406631762,0,0.67288172892756
75194,752344747,7.5588994,3808,1921,0,3028,1717,142,-0.259650959860384,0.026753926701571,0,0.26102565688141
75195,752354746,7.5594822,3802,1934,0,3027,1724,142,-0.262984293193717,0.0500872600349044,0,0.26771154641592
75196,752364746,7.5627037,3829,1842,0,3029,1655,142,-0.256317626527051,-0.179912739965096,0,0.313157020790224
75197,752374747,7.5780991,3817,1917,0,3034,1708,142,-0.239650959860384,-0.00324607329842896,0,0.239672942890645
75198,752384747,7.5788447,3824,1885,0,3038,1691,142,-0.226317626527051,-0.0599127399650956,0,0.234113657198726
75199,752394745,7.594223,3840,1890,0,3042,1696,142,-0.212984293193717,-0.043246073298429,0,0.217330467268076
75200,752404746,7.6104295,3827,1902,0,3039,1707,142,-0.222984293193717,-0.00657940663176229,0,0.22308133853536
75201,752414746,7.6117291,3840,1950,0,3038,1745,142,-0.226317626527051,0.120087260034904,0,0.256204250744457
75202,752424747,7.6266317,3853,1988,0,3051,1778,142,-0.182984293193717,0.230087260034904,0,0.293978568582769
75203,752434746,7.6270651,3803,1499,0,3026,1374,142,-0.266317626527051,-1.11657940663176,0,1.14790010432665
75204,752444747,7.6569717,3797,1847,0,3025,1660,142,-0.269650959860384,-0.163246073298429,0,0.315215673152498
75205,752454746,7.6575858,3798,2077,0,3011,1847,142,-0.316317626527051,0.460087260034904,0,0.558334243709028
75206,752464746,7.6712885,3762,1993,0,3013,1776,142,-0.309650959860384,0.223420593368238,0,0.381838288393755
75207,752474746,7.671797,3760,1939,0,3008,1737,142,-0.326317626527051,0.0934205933682377,0,0.33942687083895
75208,752484746,7.7754447,3755,1680,0,3003,1521,142,-0.342984293193717,-0.626579406631762,0,0.714310841435719
75209,752494746,7.7762511,3799,1904,0,3023,1704,142,-0.276317626527051,-0.0165794066317623,0,0.276814572329211
75210,752504747,7.7771197,3824,1978,0,3033,1764,142,-0.242984293193717,0.183420593368238,0,0.304441260032879
75211,752514747,7.7779068,3790,1829,0,3024,1640,142,-0.272984293193717,-0.229912739965096,0,0.356903757795755
75212,752524746,7.7784488,3798,1915,0,3024,1714,142,-0.272984293193717,0.016753926701571,0,0.273497931236043
75213,752534746,7.778841,3815,1898,0,3033,1697,142,-0.242984293193717,-0.0399127399650956,0,0.246240519716743
75214,752544746,7.7792173,3792,1885,0,3022,1686,142,-0.279650959860384,-0.0765794066317623,0,0.289946658664843
75215,752554747,7.7796096,3770,1951,0,3005,1736,142,-0.336317626527051,0.0900872600349044,0,0.348174181026372
75216,752564746,7.7802102,3779,1949,0,3017,1745,142,-0.296317626527051,0.120087260034904,0,0.319726579772961
75217,752574747,7.7838338,3923,1870,0,3076,1665,142,-0.099650959860384,-0.146579406631762,0,0.177245130397468
75218,752584747,7.7845042,3759,1535,0,3007,1402,142,-0.329650959860384,-1.02324607329843,0,1.07503594444908
75219,752594746,7.799903,3703,1951,0,2982,1756,142,-0.412984293193717,0.156753926701571,0,0.441732747213828
75220,752604747,7.8008242,3821,2112,0,3032,1872,142,-0.246317626527051,0.543420593368238,0,0.596639182785213
75221,752614747,7.8141369,3780,1936,0,3005,1729,142,-0.336317626527051,0.066753926701571,0,0.342878451703905
75222,752624747,7.8279732,3795,1957,0,3018,1740,142,-0.292984293193717,0.103420593368238,0,0.310701810729935
75223,752634747,7.8442851,3747,1665,0,2998,1516,142,-0.359650959860384,-0.643246073298429,0,0.736962905268877
75224,752644746,7.844942,3792,1978,0,3025,1771,142,-0.269650959860384,0.206753926701571,0,0.33979232828324
75225,752654747,7.8592887,3824,1903,0,3035,1701,142,-0.236317626527051,-0.0265794066317623,0,0.237807664856024
75227,752674747,7.8766567,3865,1921,0,3051,1721,142,-0.182984293193717,0.0400872600349044,0,0.18732389055513
75228,752684746,7.8908491,3856,1872,0,3048,1676,142,-0.192984293193717,-0.109912739965096,0,0.222089504088134
75229,752694747,7.8918043,3853,1911,0,3050,1714,142,-0.186317626527051,0.016753926701571,0,0.187069377543721
75230,752704746,7.9936813,3859,1934,0,3049,1722,142,-0.189650959860384,0.0434205933682377,0,0.194558049189477
75231,752714747,7.9943804,3871,2027,0,3058,1808,142,-0.159650959860384,0.330087260034904,0,0.366668826356554
75232,752724747,7.9950443,3645,1423,0,2947,1306,142,-0.529650959860384,-1.34324607329843,0,1.44389755616965
75233,752734746,7.9957407,3799,1872,0,3031,1680,142,-0.249650959860384,-0.0965794066317623,0,0.267681122876744
75234,752744746,7.9965791,3891,2097,0,3062,1868,142,-0.146317626527051,0.530087260034904,0,0.549910311854417
75235,752754746,7.9972027,3853,2014,0,3048,1798,142,-0.192984293193717,0.296753926701571,0,0.353985635912363
75236,752764747,7.9976299,3846,1959,0,3047,1747,142,-0.196317626527051,0.126753926701571,0,0.233681767409188
75237,752774746,7.9983312,3863,1759,0,3049,1582,142,-0.189650959860384,-0.423246073298429,0,0.463793839047592
75238,752784746,7.9988995,3873,1883,0,3049,1686,142,-0.189650959860384,-0.0765794066317623,0,0.204528462801728
75239,752794746,7.9995434,3876,2010,0,3055,1795,142,-0.169650959860384,0.286753926701571,0,0.333180525631856
75240,752804747,7.9999509,3853,1845,0,3049,1663,142,-0.189650959860384,-0.153246073298429,0,0.243827491389614
75241,752814747,8.0150945,3857,1902,0,3051,1705,142,-0.182984293193717,-0.013246073298429,0,0.183463102594041
75242,752824747,8.0304635,3867,1910,0,3058,1705,142,-0.159650959860384,-0.013246073298429,0,0.160199523851257
75243,752834747,8.0311886,3863,1872,0,3049,1679,142,-0.189650959860384,-0.0999127399650956,0,0.214359609496047
75244,752844747,8.0489362,3855,1942,0,3046,1743,142,-0.199650959860384,0.113420593368238,0,0.229618676882295
75245,752854747,8.0496668,3868,1967,0,3057,1758,142,-0.162984293193717,0.163420593368238,0,0.230803314891018
75246,752864746,8.0610884,3906,1827,0,3069,1639,142,-0.122984293193717,-0.233246073298429,0,0.263683270386072
75247,752874747,8.0768427,3849,1621,0,3045,1475,142,-0.202984293193717,-0.779912739965096,0,0.805894847510031
75249,752894746,8.0931792,3907,2081,0,3074,1851,142,-0.106317626527051,0.473420593368238,0,0.485211805230952
75250,752904746,8.107889,3869,1949,0,3058,1745,142,-0.159650959860384,0.120087260034904,0,0.199773319056957
75251,752914747,8.1084926,3890,1843,0,3060,1654,142,-0.152984293193717,-0.183246073298429,0,0.238711787189645
75252,752924746,8.2106577,3894,1840,0,3065,1655,142,-0.136317626527051,-0.179912739965096,0,0.225723479735088
75253,752934747,8.2115066,3917,2002,0,3067,1782,142,-0.129650959860384,0.243420593368238,0,0.275795135324146
75254,752944746,8.21223,3872,1865,0,3061,1676,142,-0.149650959860384,-0.109912739965096,0,0.185677732089147
75255,752954747,8.2129622,3883,1904,0,3063,1705,142,-0.142984293193717,-0.013246073298429,0,0.14359654089822
75256,752964746,8.2135574,3889,1909,0,3064,1713,142,-0.139650959860384,0.0134205933682377,0,0.140294343849929
75257,752974747,8.2140577,3888,1884,0,3062,1683,142,-0.146317626527051,-0.0865794066317623,0,0.170014239066078
75258,752984747,8.2146866,3871,1934,0,3055,1731,142,-0.169650959860384,0.0734205933682377,0,0.18485678703281
75259,752994746,8.2153357,3887,1968,0,3067,1759,142,-0.129650959860384,0.166753926701571,0,0.211225574832007
75260,753004747,8.2157715,3920,1899,0,3076,1697,142,-0.099650959860384,-0.0399127399650956,0,0.107346823952165
75261,753014746,8.2165737,3844,1493,0,3041,1378,142,-0.216317626527051,-1.10324607329843,0,1.12425318046902
75262,753024747,8.2170282,3909,1998,0,3089,1793,142,-0.0563176265270507,0.280087260034904,0,0.285693101581926
75263,753034746,8.23338,3941,2103,0,3084,1872,142,-0.0729842931937174,0.543420593368238,0,0.548299779636718
75264,753044746,8.2489577,3889,1946,0,3062,1737,142,-0.146317626527051,0.0934205933682377,0,0.173597969739807
75265,753054745,8.249648,3906,1936,0,3065,1731,142,-0.136317626527051,0.0734205933682377,0,0.154832421774358
75266,753064747,8.2643477,3878,1762,0,3061,1596,142,-0.149650959860384,-0.376579406631762,0,0.405225195769296
75267,753074746,8.2800207,3915,1998,0,3075,1782,142,-0.102984293193717,0.243420593368238,0,0.264309193787039
75268,753084746,8.2807409,3883,1885,0,3059,1687,142,-0.156317626527051,-0.073246073298429,0,0.172627308432615
75269,753094747,8.29476,3888,1887,0,3062,1691,142,-0.146317626527051,-0.0599127399650956,0,0.158108773452439
75270,753104746,8.3102138,3888,1923,0,3069,1723,142,-0.122984293193717,0.046753926701571,0,0.131571524405451
75271,753114746,8.3107741,3896,1875,0,3062,1679,142,-0.146317626527051,-0.0999127399650956,0,0.177176193208462
75272,753124746,8.4365708,3892,1919,0,3061,1718,142,-0.149650959860384,0.0300872600349044,0,0.152645514193972
75273,753134746,8.4377592,3874,1934,0,3062,1731,142,-0.146317626527051,0.0734205933682377,0,0.163705318676742
75274,753144747,8.438443,3911,1965,0,3074,1754,142,-0.106317626527051,0.150087260034904,0,0.183928310314455
75275,753154746,8.4390253,3918,1845,0,3076,1652,142,-0.099650959860384,-0.189912739965096,0,0.214469491075411
75276,753164746,8.4396105,3871,1609,0,3055,1472,142,-0.169650959860384,-0.789912739965096,0,0.807925482294447
75277,753174746,8.4402077,3920,2017,0,3071,1787,142,-0.116317626527051,0.260087260034904,0,0.284912570928961
75278,753184747,8.440745,3921,2042,0,3077,1810,142,-0.0963176265270507,0.336753926701571,0,0.350257465771583
75279,753194747,8.4411882,3893,1950,0,3062,1736,142,-0.146317626527051,0.0900872600349044,0,0.171827128978826
75280,753204746,8.4416724,3881,1775,0,3058,1594,142,-0.159650959860384,-0.383246073298429,0,0.415169822702719
75281,753214747,8.4422294,3904,1895,0,3075,1694,142,-0.102984293193717,-0.0499127399650956,0,0.114442327202101
75282,753224746,8.4427619,3908,1981,0,3070,1759,142,-0.119650959860384,0.166753926701571,0,0.205239431557155
75283,753234746,8.4432908,3883,1846,0,3062,1658,142,-0.146317626527051,-0.169912739965096,0,0.224230209907041
75284,753244746,8.4438545,3902,1917,0,3065,1714,142,-0.136317626527051,0.016753926701571,0,0.137343326601223
75285,753254747,8.4676713,3888,1903,0,3069,1705,142,-0.122984293193717,-0.013246073298429,0,0.123695573203674
75286,753264747,8.4690391,3903,1887,0,3067,1695,142,-0.129650959860384,-0.0465794066317623,0,0.137764336876007
75287,753274746,8.4703806,3843,1909,0,3066,1714,142,-0.132984293193717,0.016753926701571,0,0.13403550386429
75288,753284747,8.4830426,3902,1903,0,3067,1701,142,-0.129650959860384,-0.0265794066317623,0,0.132347407415542
75289,753294746,8.4982846,3890,1928,0,3066,1729,142,-0.132984293193717,0.066753926701571,0,0.148798215601906
75290,753304747,8.4992473,3931,1964,0,3083,1754,142,-0.0763176265270507,0.150087260034904,0,0.168376262411028
75291,753314746,8.5139828,3914,1882,0,3076,1679,142,-0.099650959860384,-0.0999127399650956,0,0.141112966833061
75292,753324747,8.6255355,3819,1589,0,3035,1452,142,-0.236317626527051,-0.856579406631762,0,0.888579934768392
75293,753334746,8.6266446,3904,2038,0,3067,1819,142,-0.129650959860384,0.366753926701571,0,0.388995905047521
75294,753344746,8.6275599,3935,2027,0,3076,1803,142,-0.099650959860384,0.313420593368238,0,0.32888110640229
75295,753354747,8.6282198,3920,1936,0,3078,1729,142,-0.0929842931937173,0.066753926701571,0,0.11446469110959
75296,753364747,8.6289496,3883,1776,0,3059,1601,142,-0.156317626527051,-0.359912739965096,0,0.392393145648893
75297,753374747,8.6295654,3901,1906,0,3075,1707,142,-0.102984293193717,-0.00657940663176229,0,0.103194250015374
75298,753384747,8.6300818,3889,1936,0,3061,1731,142,-0.149650959860384,0.0734205933682377,0,0.16669131146427
75299,753394747,8.6306536,3863,1872,0,3063,1678,142,-0.142984293193717,-0.103246073298429,0,0.176363997889738
75300,753404747,8.6312673,3920,1909,0,3067,1713,142,-0.129650959860384,0.0134205933682377,0,0.130343713768921
75301,753414747,8.6318863,3920,1913,0,3073,1716,142,-0.109650959860384,0.0234205933682377,0,0.112124293496208
75302,753424747,8.632462,3906,1895,0,3071,1695,142,-0.116317626527051,-0.0465794066317623,0,0.125297371732425
75303,753434746,8.6399006,3905,1906,0,3067,1713,142,-0.129650959860384,0.0134205933682377,0,0.130343713768921
75304,753444746,8.6410226,3895,1895,0,3071,1697,142,-0.116317626527051,-0.0399127399650956,0,0.122974863498228
75305,753454747,8.6549775,3898,1904,0,3072,1705,142,-0.112984293193717,-0.013246073298429,0,0.113758116045895
75306,753464746,8.6699958,3941,1930,0,3090,1727,142,-0.0529842931937173,0.0600872600349044,0,0.0801112610295208
75307,753474747,8.6714203,3920,1995,0,3076,1777,142,-0.099650959860384,0.226753926701571,0,0.247684591922221
75309,753494746,8.6865146,3922,1925,0,3074,1719,142,-0.106317626527051,0.0334205933682377,0,0.111446730644871
75310,753504747,8.7017818,3950,2099,0,3093,1867,142,-0.0429842931937173,0.526753926701571,0,0.528504823778258
75311,753514746,8.7170866,3928,1941,0,3080,1731,142,-0.0863176265270507,0.0734205933682377,0,0.113319531325396
75312,753524746,8.7182556,3911,1904,0,3069,1701,142,-0.122984293193717,-0.0265794066317623,0,0.125823691049241
75313,753534747,8.8195941,3906,1860,0,3066,1670,142,-0.132984293193717,-0.129912739965096,0,0.185908962240854
75314,753544746,8.8204946,3894,1941,0,3066,1736,142,-0.132984293193717,0.0900872600349044,0,0.160625454573144
75315,753554747,8.8213055,3887,1877,0,3057,1683,142,-0.162984293193717,-0.0865794066317623,0,0.184553172502029
75316,753564747,8.8218845,3910,1899,0,3073,1697,142,-0.109650959860384,-0.0399127399650956,0,0.116689158921576
75317,753574747,8.8224155,3909,1904,0,3076,1704,142,-0.099650959860384,-0.0165794066317623,0,0.101020743044967
75318,753584747,8.822977,3914,1904,0,3072,1705,142,-0.112984293193717,-0.013246073298429,0,0.113758116045895
75319,753594746,8.8235237,3900,1901,0,3062,1700,142,-0.146317626527051,-0.0299127399650956,0,0.149343964875481
75321,753614747,8.8240383,3899,1892,0,3067,1700,142,-0.129650959860384,-0.0299127399650956,0,0.133056917914622
75322,753624747,8.8279246,3914,1910,0,3076,1708,142,-0.099650959860384,-0.00324607329842896,0,0.0997038153380032
75323,753634746,8.8285771,3943,1904,0,3085,1701,142,-0.069650959860384,-0.0265794066317623,0,0.0745501245228296
75324,753644747,8.8425853,3957,1916,0,3098,1718,142,-0.0263176265270507,0.0300872600349044,0,0.0399732495855075
75325,753654747,8.8584655,3758,1886,0,2994,1684,142,-0.372984293193717,-0.083246073298429,0,0.382161211648729
75326,753664747,8.8731164,3941,1840,0,3079,1654,142,-0.089650959860384,-0.183246073298429,0,0.204001024466009
75327,753674747,8.8736665,3989,1967,0,3097,1758,142,-0.029650959860384,0.163420593368238,0,0.16608874061016
75328,753684747,8.8881784,3959,2005,0,3093,1800,142,-0.0429842931937173,0.303420593368238,0,0.306450168773484
75329,753694746,8.8890299,3952,1969,0,3090,1758,142,-0.0529842931937173,0.163420593368238,0,0.171795301629773
75330,753704747,8.9038045,3917,1909,0,3074,1709,142,-0.106317626527051,8.72600349043751e-05,0,0.106317662336317
75331,753714747,8.9191006,3914,1821,0,3071,1642,142,-0.116317626527051,-0.223246073298429,0,0.251731204827796
75332,753724747,8.9201069,3930,1954,0,3076,1745,142,-0.099650959860384,0.120087260034904,0,0.156048914843348
75333,753734746,9.0205674,3906,1887,0,3065,1690,142,-0.136317626527051,-0.063246073298429,0,0.150274951637453
75334,753744746,9.0214946,3914,1906,0,3077,1706,142,-0.0963176265270507,-0.00991273996509563,0,0.0968263786032506
75335,753754746,9.0222226,3921,1905,0,3074,1703,142,-0.106317626527051,-0.0199127399650956,0,0.108166329896428
75336,753764747,9.0226974,3905,1899,0,3070,1697,142,-0.119650959860384,-0.0399127399650956,0,0.126132386828414
75337,753774747,9.0230914,3911,1902,0,3072,1705,142,-0.112984293193717,-0.013246073298429,0,0.113758116045895
75338,753784746,9.0234761,3909,1897,0,3077,1705,142,-0.0963176265270507,-0.013246073298429,0,0.0972241926561068
75339,753794746,9.0238628,3916,1903,0,3076,1698,142,-0.099650959860384,-0.0365794066317623,0,0.10615256374967
75340,753804747,9.0242613,3952,1890,0,3089,1697,142,-0.0563176265270507,-0.0399127399650956,0,0.0690268199264728
75341,753814746,9.0246693,3923,1933,0,3081,1726,142,-0.0829842931937173,0.056753926701571,0,0.10053557138102
75342,753824747,9.0297709,3888,2029,0,3073,1808,142,-0.109650959860384,0.330087260034904,0,0.347823133554475
75343,753834746,9.0307986,3829,1572,0,3049,1450,142,-0.189650959860384,-0.863246073298429,0,0.883833281587156
75344,753844747,9.0455185,3953,1915,0,3086,1731,142,-0.0663176265270507,0.0734205933682377,0,0.0989374101072263
75345,753854746,9.0610077,4015,2064,0,3112,1846,142,0.020349040139616,0.456753926701571,0,0.457206991407511
75347,753874746,9.0790275,3954,1959,0,3090,1756,142,-0.0529842931937173,0.156753926701571,0,0.165466397983395
75348,753884747,9.0800336,3793,1863,0,3020,1672,142,-0.286317626527051,-0.123246073298429,0,0.311716823164175
75349,753894746,9.0913439,3920,1883,0,3078,1694,142,-0.0929842931937173,-0.0499127399650956,0,0.10553369315796
75350,753904746,9.1068766,3935,1974,0,3076,1759,142,-0.099650959860384,0.166753926701571,0,0.194260613278886
75351,753914747,9.1228492,3890,1870,0,3068,1678,142,-0.126317626527051,-0.103246073298429,0,0.163143784506098
75352,753924746,9.1236212,3923,1911,0,3074,1713,142,-0.106317626527051,0.0134205933682377,0,0.107161327150708
75353,753934746,9.1390854,3904,1894,0,3073,1699,142,-0.109650959860384,-0.033246073298429,0,0.114580253045924
75354,753944747,9.1397795,3895,1902,0,3069,1705,142,-0.122984293193717,-0.013246073298429,0,0.123695573203674
75355,753954746,9.23862,3901,1894,0,3071,1695,142,-0.116317626527051,-0.0465794066317623,0,0.125297371732425
75356,753964746,9.2393942,3920,1903,0,3072,1705,142,-0.112984293193717,-0.013246073298429,0,0.113758116045895
75357,753974746,9.2401512,3916,1904,0,3069,1701,142,-0.122984293193717,-0.0265794066317623,0,0.125823691049241
75360,754004747,9.2407821,3696,1947,0,2975,1736,142,-0.436317626527051,0.0900872600349044,0,0.445520802700385
75361,754014746,9.241318,3677,1690,0,2971,1543,142,-0.449650959860384,-0.553246073298429,0,0.712928610257363
75362,754024746,9.2418386,3888,1916,0,3058,1713,142,-0.159650959860384,0.0134205933682377,0,0.160214048418663
75363,754034746,9.2423774,3929,1952,0,3082,1742,142,-0.079650959860384,0.110087260034904,0,0.135880389419052
75364,754044746,9.2484039,3885,1947,0,3060,1732,142,-0.152984293193717,0.076753926701571,0,0.171158871309937
75365,754054746,9.2488846,3815,1893,0,3029,1697,142,-0.256317626527051,-0.0399127399650956,0,0.259406539007755
75366,754064746,9.2627704,3871,1853,0,3062,1663,142,-0.146317626527051,-0.153246073298429,0,0.211880170884151
75367,754074747,9.2797478,3874,1957,0,3059,1749,142,-0.156317626527051,0.133420593368238,0,0.205514610424133
75368,754084746,9.2809521,3869,1873,0,3049,1674,142,-0.189650959860384,-0.116579406631762,0,0.222616811194884
75369,754094747,9.2940049,3869,1904,0,3056,1705,142,-0.166317626527051,-0.013246073298429,0,0.166844272755821
75371,754114746,9.3111754,3862,1885,0,3050,1683,142,-0.186317626527051,-0.0865794066317623,0,0.205451336348493
75372,754124747,9.3270809,3862,1910,0,3059,1705,142,-0.156317626527051,-0.013246073298429,0,0.156877846813621
75373,754134747,9.3275222,3875,1902,0,3053,1701,142,-0.176317626527051,-0.0265794066317623,0,0.178309759354414
75374,754144747,9.3411141,3866,1890,0,3055,1699,142,-0.169650959860384,-0.033246073298429,0,0.172877845808288
75375,754154746,9.4455321,3903,1886,0,3064,1681,142,-0.139650959860384,-0.093246073298429,0,0.167920281013053
75376,754164746,9.4466081,3883,1899,0,3062,1704,142,-0.146317626527051,-0.0165794066317623,0,0.147253945810531
75377,754174747,9.4477354,3856,2025,0,3042,1806,142,-0.212984293193717,0.323420593368238,0,0.387250809375384
75378,754184747,9.4485035,3839,1743,0,3055,1585,142,-0.169650959860384,-0.413246073298429,0,0.446714411316806
75379,754194746,9.4495481,3916,1905,0,3077,1710,142,-0.0963176265270507,0.00342059336823771,0,0.0963783463169775
75380,754204747,9.4502231,3973,1957,0,3105,1746,142,-0.00298429319371735,0.123420593368238,0,0.123456667998265
75381,754214746,9.4507388,3920,1949,0,3077,1741,142,-0.0963176265270507,0.106753926701571,0,0.143782773815255
75382,754224747,9.4513584,3920,1919,0,3078,1721,142,-0.0929842931937173,0.0400872600349044,0,0.101257430333982
75383,754234746,9.4518596,3756,1911,0,2994,1709,142,-0.372984293193717,8.72600349043751e-05,0,0.372984303401002
75384,754244747,9.4527159,3904,1877,0,3067,1679,142,-0.129650959860384,-0.0999127399650956,0,0.163682396732366
75385,754254747,9.453275,3907,1936,0,3071,1733,142,-0.116317626527051,0.0800872600349044,0,0.141222375921045
75386,754264746,9.465906,3866,1911,0,3055,1708,142,-0.169650959860384,-0.00324607329842896,0,0.169682011932345
75387,754274746,9.4820406,3886,1874,0,3065,1686,142,-0.136317626527051,-0.0765794066317623,0,0.156355047318727
75388,754284746,9.4830016,3884,1905,0,3060,1705,142,-0.152984293193717,-0.013246073298429,0,0.153556674950354
75389,754294745,9.4850251,3873,1901,0,3060,1705,142,-0.152984293193717,-0.013246073298429,0,0.153556674950354
75390,754304747,9.496721,3874,1889,0,3058,1693,142,-0.159650959860384,-0.053246073298429,0,0.168296088207788
75391,754314746,9.5125138,3888,1911,0,3062,1711,142,-0.146317626527051,0.00675392670157104,0,0.146473422020514
75392,754324747,9.5280883,3887,1902,0,3060,1701,142,-0.152984293193717,-0.0265794066317623,0,0.155276072918135
75393,754334747,9.5293461,3907,1839,0,3071,1651,142,-0.116317626527051,-0.193246073298429,0,0.225552289028837
75394,754344746,9.5439869,3917,1888,0,3076,1692,142,-0.099650959860384,-0.0565794066317623,0,0.114592945052905
75395,754354747,9.6470938,3689,2032,0,2962,1808,142,-0.479650959860384,0.330087260034904,0,0.582256509222815
75396,754364746,9.6479933,3897,1887,0,3071,1693,142,-0.116317626527051,-0.053246073298429,0,0.127925503956749
75397,754374747,9.6488217,3950,1877,0,3082,1682,142,-0.079650959860384,-0.0899127399650956,0,0.120119008548653
75398,754384747,9.6496022,3929,1934,0,3084,1731,142,-0.0729842931937174,0.0734205933682377,0,0.103524347781237
75399,754394746,9.6501908,3883,1954,0,3060,1743,142,-0.152984293193717,0.113420593368238,0,0.190442707825699
75400,754404746,9.6507464,3858,1751,0,3048,1583,142,-0.192984293193717,-0.419912739965096,0,0.462135961167785
75401,754414747,9.6513568,3895,1926,0,3065,1729,142,-0.136317626527051,0.066753926701571,0,0.151784656774152
75403,754434746,9.6522977,3893,1881,0,3061,1679,142,-0.149650959860384,-0.0999127399650956,0,0.179938782352408
75404,754444747,9.6532245,3892,1914,0,3062,1713,142,-0.146317626527051,0.0134205933682377,0,0.146931821464464
75405,754454747,9.6546089,3885,1889,0,3062,1692,142,-0.146317626527051,-0.0565794066317623,0,0.156875992705423
75406,754464746,9.6684455,3893,1902,0,3059,1705,142,-0.156317626527051,-0.013246073298429,0,0.156877846813621
75407,754474746,9.6692253,3888,1904,0,3062,1701,142,-0.146317626527051,-0.0265794066317623,0,0.14871218070288
75408,754484746,9.6854664,3881,1895,0,3064,1699,142,-0.139650959860384,-0.033246073298429,0,0.143553794724107
75409,754494747,9.6864138,3891,1902,0,3060,1706,142,-0.152984293193717,-0.00991273996509563,0,0.15330510877853
75410,754504746,9.7015009,3886,1898,0,3060,1695,142,-0.152984293193717,-0.0465794066317623,0,0.159918213741113
75411,754514746,9.7156152,3931,1840,0,3074,1651,142,-0.106317626527051,-0.193246073298429,0,0.220561743182283
75413,754534747,9.731848,3635,1977,0,2945,1763,142,-0.536317626527051,0.180087260034904,0,0.565745541520645
75414,754544746,9.7486456,3934,1891,0,3084,1690,142,-0.0729842931937174,-0.063246073298429,0,0.096575218563857
75416,754564746,9.8648769,3950,1935,0,3090,1731,142,-0.0529842931937173,0.0734205933682377,0,0.0905423594555715
75417,754574746,9.8658236,3913,1962,0,3075,1754,142,-0.102984293193717,0.150087260034904,0,0.182021840089025
75419,754594746,9.8666334,3911,1776,0,3069,1603,142,-0.122984293193717,-0.353246073298429,0,0.374042677609277
75420,754604747,9.8675846,3915,1963,0,3069,1757,142,-0.122984293193717,0.160087260034904,0,0.201873889341443
75421,754614746,9.8684123,3884,1905,0,3060,1708,142,-0.152984293193717,-0.00324607329842896,0,0.153018727467719
75422,754624746,9.8697911,3902,1882,0,3066,1685,142,-0.132984293193717,-0.0799127399650956,0,0.155147891525994
75423,754634746,9.8708624,3899,1914,0,3067,1715,142,-0.129650959860384,0.0200872600349044,0,0.131197825471418
75424,754644746,9.8720636,3889,1883,0,3062,1688,142,-0.146317626527051,-0.0699127399650956,0,0.162162384793566
75425,754654747,9.8733055,3892,1917,0,3069,1714,142,-0.122984293193717,0.016753926701571,0,0.12412022571797
75426,754664746,9.875112,3888,1885,0,3062,1695,142,-0.146317626527051,-0.0465794066317623,0,0.153552886507146
75427,754674747,9.8763845,3893,1905,0,3067,1713,142,-0.129650959860384,0.0134205933682377,0,0.130343713768921
75428,754684747,9.8849782,3936,1849,0,3086,1662,142,-0.0663176265270507,-0.156579406631762,0,0.17004451819843
75429,754694745,9.8999649,3920,1920,0,3078,1718,142,-0.0929842931937173,0.0300872600349044,0,0.0977308651202021
75430,754704746,9.9006858,3725,2027,0,2982,1805,142,-0.412984293193717,0.320087260034904,0,0.522505387973528
75431,754714746,9.9164147,3946,1837,0,3084,1653,142,-0.0729842931937174,-0.186579406631762,0,0.200346155521006
75432,754724747,9.9176387,3961,1901,0,3095,1701,142,-0.0363176265270507,-0.0265794066317623,0,0.0450048314456893
75433,754734747,9.9327064,3973,1967,0,3099,1754,142,-0.0229842931937174,0.150087260034904,0,0.151836963083433
75434,754744747,9.9473118,3933,1964,0,3079,1757,142,-0.089650959860384,0.160087260034904,0,0.183480858482217
75435,754754746,9.9479351,3885,1939,0,3061,1732,142,-0.149650959860384,0.076753926701571,0,0.168186132160902
75436,754764747,9.9637399,3894,1767,0,3069,1595,142,-0.122984293193717,-0.379912739965096,0,0.39932295997118
75437,754774746,9.9789909,3927,1945,0,3076,1741,142,-0.099650959860384,0.106753926701571,0,0.14603668945611
75438,754784747,9.9794952,3893,1929,0,3064,1718,142,-0.139650959860384,0.0300872600349044,0,0.142855289738723
75439,754794746,10.0807275,3888,1867,0,3067,1676,142,-0.129650959860384,-0.109912739965096,0,0.169971120486257
75440,754804746,10.0818345,3893,1925,0,3063,1719,142,-0.142984293193717,0.0334205933682377,0,0.14683815635315
75442,754824746,10.0827086,3889,1906,0,3068,1708,142,-0.126317626527051,-0.00324607329842896,0,0.1263593279631
75443,754834746,10.0834884,3891,1901,0,3068,1695,142,-0.126317626527051,-0.0465794066317623,0,0.134632031454608
75444,754844747,10.0841364,3902,1902,0,3068,1705,142,-0.126317626527051,-0.013246073298429,0,0.127010240647181
75445,754854746,10.0848628,3939,1904,0,3081,1705,142,-0.0829842931937173,-0.013246073298429,0,0.0840348223933876
75446,754864746,10.0855004,3909,1949,0,3072,1740,142,-0.112984293193717,0.103420593368238,0,0.153170720573882
75447,754874748,10.0861166,3686,1950,0,2962,1736,142,-0.479650959860384,0.0900872600349044,0,0.488037660140674
75448,754884747,10.0891972,3936,1759,0,3085,1589,142,-0.069650959860384,-0.399912739965096,0,0.405932821777031
75449,754894747,10.0900432,3946,1903,0,3090,1703,142,-0.0529842931937173,-0.0199127399650956,0,0.0566025842003289
75450,754904747,10.1058086,3967,2015,0,3098,1792,142,-0.0263176265270507,0.276753926701571,0,0.27800243418135
75451,754914746,10.1220054,3934,1975,0,3084,1765,142,-0.0729842931937174,0.186753926701571,0,0.200508693555771
75452,754924746,10.1235953,3895,1921,0,3066,1728,142,-0.132984293193717,0.0634205933682377,0,0.147332935555537
75453,754934747,10.1395043,3867,1753,0,3053,1592,142,-0.176317626527051,-0.389912739965096,0,0.427925052095832
75454,754944746,10.1402954,3927,1934,0,3082,1731,142,-0.079650959860384,0.0734205933682377,0,0.10832755391508
75455,754954746,10.1523549,3906,1962,0,3064,1741,142,-0.139650959860384,0.106753926701571,0,0.175780520695926
75456,754964747,10.1672311,3893,1829,0,3063,1649,142,-0.142984293193717,-0.199912739965096,0,0.245783668498252
75457,754974747,10.1678574,3888,1936,0,3062,1726,142,-0.146317626527051,0.056753926701571,0,0.156939020095567
75458,754984747,10.1830894,3878,1894,0,3060,1692,142,-0.152984293193717,-0.0565794066317623,0,0.163111689399575
75459,754994747,10.2864309,3888,1904,0,3061,1706,142,-0.149650959860384,-0.00991273996509563,0,0.149978905852623
75460,755004746,10.2874505,3901,1904,0,3066,1706,142,-0.132984293193717,-0.00991273996509563,0,0.133353232618667
75461,755014746,10.2884846,3920,1931,0,3076,1723,142,-0.099650959860384,0.046753926701571,0,0.110073809160543
75462,755024746,10.289046,3910,1995,0,3074,1783,142,-0.106317626527051,0.246753926701571,0,0.268683713784423
75463,755034746,10.2894628,3635,1733,0,2933,1539,142,-0.576317626527051,-0.566579406631762,0,0.808179578228114
75464,755044747,10.2898516,3922,1745,0,3079,1575,142,-0.089650959860384,-0.446579406631762,0,0.455489254572998
75465,755054746,10.2904141,3934,1938,0,3076,1734,142,-0.099650959860384,0.0834205933682377,0,0.129958875029775
75466,755064746,10.2909209,3967,2029,0,3095,1803,142,-0.0363176265270507,0.313420593368238,0,0.315517730633092
75467,755074747,10.2913185,3940,2005,0,3083,1792,142,-0.0763176265270507,0.276753926701571,0,0.287083813656328
75468,755084746,10.2917404,3919,1905,0,3061,1703,142,-0.149650959860384,-0.0199127399650956,0,0.150969953964528
75469,755094747,10.2924379,3910,1810,0,3067,1628,142,-0.129650959860384,-0.269912739965096,0,0.299436568555319
75470,755104746,10.3075759,3930,1965,0,3082,1752,142,-0.079650959860384,0.143420593368238,0,0.164054082572723
75471,755114746,10.3091076,3912,1911,0,3072,1718,142,-0.112984293193717,0.0300872600349044,0,0.11692174188273
75473,755134746,10.3392165,3901,1916,0,3068,1714,142,-0.126317626527051,0.016753926701571,0,0.127423847184697
75474,755144746,10.3398372,3906,1891,0,3075,1702,142,-0.102984293193717,-0.023246073298429,0,0.105575302833596
75475,755154746,10.353884,3914,1899,0,3070,1704,142,-0.119650959860384,-0.0165794066317623,0,0.120794159294945
75476,755164746,10.3691166,3917,1904,0,3069,1704,142,-0.122984293193717,-0.0165794066317623,0,0.124096789227681
75477,755174746,10.3697168,3907,1904,0,3068,1696,142,-0.126317626527051,-0.043246073298429,0,0.133515413444143
75478,755184747,10.3863855,3906,1904,0,3069,1705,142,-0.122984293193717,-0.013246073298429,0,0.123695573203674
75479,755194746,10.3868887,3922,1957,0,3076,1741,142,-0.099650959860384,0.106753926701571,0,0.14603668945611
75480,755204747,10.4878413,3874,2084,0,3051,1860,142,-0.182984293193717,0.503420593368238,0,0.535644980731485
75481,755214747,10.4886541,3760,1425,0,3001,1309,142,-0.349650959860384,-1.33324607329843,0,1.37833264696769
75483,755234746,10.4893605,3920,2021,0,3092,1803,142,-0.0463176265270507,0.313420593368238,0,0.316824542727355
75484,755244746,10.4899183,3942,2137,0,3086,1889,142,-0.0663176265270507,0.600087260034904,0,0.603740629115169
75485,755254747,10.4906081,3911,1980,0,3076,1767,142,-0.099650959860384,0.193420593368238,0,0.217581800112089
75486,755264747,10.4910604,3775,1729,0,3013,1560,142,-0.309650959860384,-0.496579406631762,0,0.585213485860682
75487,755274746,10.4914514,3915,1906,0,3072,1705,142,-0.112984293193717,-0.013246073298429,0,0.113758116045895
75488,755284746,10.4918663,3920,1983,0,3077,1762,142,-0.0963176265270507,0.176753926701571,0,0.201293407205077
75489,755294747,10.4958915,3882,1861,0,3062,1672,142,-0.146317626527051,-0.123246073298429,0,0.19130719384276
75490,755304746,10.496405,3885,1904,0,3057,1705,142,-0.162984293193717,-0.013246073298429,0,0.163521675277876
75491,755314747,10.5111369,3888,1898,0,3060,1697,142,-0.152984293193717,-0.0399127399650956,0,0.158105094084608
75492,755324747,10.5269037,3887,1906,0,3062,1708,142,-0.146317626527051,-0.00324607329842896,0,0.146353629351541
75493,755334746,10.5274139,3899,1891,0,3063,1701,142,-0.142984293193717,-0.0265794066317623,0,0.145433740779104
75494,755344747,10.5430628,3892,1899,0,3062,1700,142,-0.146317626527051,-0.0299127399650956,0,0.149343964875481
75495,755354746,10.5578911,3885,1902,0,3059,1704,142,-0.156317626527051,-0.0165794066317623,0,0.157194392671341
75496,755364746,10.5733686,3875,1894,0,3058,1693,142,-0.159650959860384,-0.053246073298429,0,0.168296088207788
75497,755374746,10.5739094,3889,1936,0,3067,1731,142,-0.129650959860384,0.0734205933682377,0,0.148996492989812
75498,755384747,10.5894586,3925,2206,0,3072,1955,142,-0.112984293193717,0.820087260034904,0,0.827833657554488
75499,755394746,10.5900724,3856,1315,0,3043,1228,142,-0.209650959860384,-1.60324607329843,0,1.61689563562934
75500,755404748,10.6903453,3884,1869,0,3055,1683,142,-0.169650959860384,-0.0865794066317623,0,0.190466379800367
75501,755414751,10.6911582,3887,2009,0,3062,1786,142,-0.146317626527051,0.256753926701571,0,0.295518910916349
75502,755424746,10.6922581,3862,2091,0,3051,1862,142,-0.182984293193717,0.510087260034904,0,0.541915366460041
75503,755434746,10.6929981,3929,2169,0,3076,1913,142,-0.099650959860384,0.680087260034904,0,0.68734925260953
75504,755444746,10.6934515,3849,1808,0,3047,1613,142,-0.196317626527051,-0.319912739965096,0,0.375346202428091
75505,755454747,10.6938349,3883,1799,0,3058,1627,142,-0.159650959860384,-0.273246073298429,0,0.31646776385179
75506,755464747,10.694234,3870,2067,0,3053,1828,142,-0.176317626527051,0.396753926701571,0,0.43416769084911
75507,755474747,10.6946392,3884,1931,0,3056,1726,142,-0.166317626527051,0.056753926701571,0,0.175734348064454
75508,755484747,10.6950513,3840,1820,0,3039,1641,142,-0.222984293193717,-0.226579406631762,0,0.317899705128368
75509,755494746,10.7010629,3861,1925,0,3051,1718,142,-0.182984293193717,0.0300872600349044,0,0.185441351300114
75510,755504746,10.7016203,3882,1894,0,3059,1702,142,-0.156317626527051,-0.023246073298429,0,0.158036642228461
75511,755514746,10.7151812,3887,1975,0,3064,1762,142,-0.139650959860384,0.176753926701571,0,0.225265046543735
75512,755524746,10.7304569,3827,1962,0,3041,1746,142,-0.216317626527051,0.123420593368238,0,0.249050112253868
75513,755534747,10.7316261,3867,1423,0,3053,1312,142,-0.176317626527051,-1.32324607329843,0,1.33494122564398
75514,755544746,10.7471172,3906,1834,0,3077,1650,142,-0.0963176265270507,-0.196579406631762,0,0.218907625019094
75515,755554747,10.7479761,3853,2192,0,3043,1921,142,-0.209650959860384,0.706753926701571,0,0.737193758708299
75516,755564747,10.7627794,3888,2026,0,3059,1790,142,-0.156317626527051,0.270087260034904,0,0.312061417666799
75517,755574747,10.7775051,3841,1795,0,3046,1619,142,-0.199650959860384,-0.299912739965096,0,0.360288991459
75518,755584746,10.7781464,3726,1968,0,3013,1766,142,-0.309650959860384,0.190087260034904,0,0.363341276722085
75519,755594746,10.7947028,3883,1895,0,3060,1697,142,-0.152984293193717,-0.0399127399650956,0,0.158105094084608
75520,755604747,10.9171927,3888,1903,0,3061,1705,142,-0.149650959860384,-0.013246073298429,0,0.150236041764157
75521,755614747,10.9193214,3876,1903,0,3057,1700,142,-0.162984293193717,-0.0299127399650956,0,0.165706523227286
75522,755624747,10.9207817,3856,1890,0,3051,1704,142,-0.182984293193717,-0.0165794066317623,0,0.183733851752652
75524,755644747,10.9221093,3883,1894,0,3058,1696,142,-0.159650959860384,-0.043246073298429,0,0.165404509733184
75525,755654746,10.9233372,3879,1892,0,3059,1696,142,-0.156317626527051,-0.043246073298429,0,0.162189467040198
75526,755664746,10.9247393,3877,1898,0,3062,1701,142,-0.146317626527051,-0.0265794066317623,0,0.14871218070288
75527,755674746,10.9261995,3855,1881,0,3049,1688,142,-0.189650959860384,-0.0699127399650956,0,0.202126885360142
75528,755684747,10.9276731,3869,1856,0,3051,1662,142,-0.182984293193717,-0.156579406631762,0,0.240832643420196
75529,755694746,10.9291359,3844,1921,0,3043,1721,142,-0.209650959860384,0.0400872600349044,0,0.213449088514068
75530,755704747,10.9311126,3875,1937,0,3062,1731,142,-0.146317626527051,0.0734205933682377,0,0.163705318676742
75531,755714746,10.9324642,3907,1904,0,3068,1704,142,-0.126317626527051,-0.0165794066317623,0,0.127401018424849
75532,755724746,10.9339888,3886,1887,0,3058,1694,142,-0.159650959860384,-0.0499127399650956,0,0.16727136812726
75533,755734747,10.9362359,3856,1889,0,3052,1698,142,-0.179650959860384,-0.0365794066317623,0,0.183337176721714
75534,755744746,10.9494013,3850,1904,0,3046,1705,142,-0.199650959860384,-0.013246073298429,0,0.2000898903768
75535,755754746,10.9502252,3867,1893,0,3055,1695,142,-0.169650959860384,-0.0465794066317623,0,0.175929216742748
75536,755764746,10.96538,3888,1889,0,3062,1696,142,-0.146317626527051,-0.043246073298429,0,0.152574803582514
75537,755774746,10.9794732,3861,1969,0,3051,1757,142,-0.182984293193717,0.160087260034904,0,0.243127913619739
75538,755784746,10.9805391,3863,1951,0,3049,1746,142,-0.189650959860384,0.123420593368238,0,0.226274456011572
75539,755794746,10.9972359,3891,1593,0,3066,1438,142,-0.132984293193717,-0.903246073298429,0,0.912983182301439
75540,755804747,10.9981147,3873,1690,0,3058,1539,142,-0.159650959860384,-0.566579406631762,0,0.588643060779231
75541,755814746,11.1351316,3997,2256,0,3094,1980,142,-0.039650959860384,0.903420593368238,0,0.904290311315823
75542,755824746,11.1360458,3903,2086,0,3069,1846,142,-0.122984293193717,0.456753926701571,0,0.47302144341421
75543,755834746,11.1367412,3852,1798,0,3049,1619,142,-0.189650959860384,-0.299912739965096,0,0.354845231290116
75544,755844747,11.137319,3887,1925,0,3068,1721,142,-0.126317626527051,0.0400872600349044,0,0.132525964205259
75545,755854747,11.1378452,3893,1886,0,3069,1690,142,-0.122984293193717,-0.063246073298429,0,0.138293897768587
75546,755864747,11.1383773,3910,1920,0,3070,1717,142,-0.119650959860384,0.026753926701571,0,0.122605565899205
75547,755874746,11.1389373,3888,1894,0,3062,1704,142,-0.146317626527051,-0.0165794066317623,0,0.147253945810531
75548,755884746,11.1395816,3899,1904,0,3067,1698,142,-0.129650959860384,-0.0365794066317623,0,0.1347123764999
75549,755894747,11.1402687,3911,1901,0,3073,1704,142,-0.109650959860384,-0.0165794066317623,0,0.110897293576376
75550,755904747,11.1408637,3934,1813,0,3081,1630,142,-0.0829842931937173,-0.263246073298429,0,0.276016101022934
75551,755914746,11.1414338,3858,1948,0,3053,1745,142,-0.176317626527051,0.120087260034904,0,0.213328046554651
75552,755924745,11.1420562,3903,1966,0,3071,1754,142,-0.116317626527051,0.150087260034904,0,0.189884111672545
75553,755934746,11.142674,3945,1863,0,3077,1679,142,-0.0963176265270507,-0.0999127399650956,0,0.138779107891416
75554,755944747,11.1500409,3881,1869,0,3063,1674,142,-0.142984293193717,-0.116579406631762,0,0.184486493138985
75555,755954746,11.1509466,3886,1937,0,3064,1727,142,-0.139650959860384,0.0600872600349044,0,0.152029172886091
75556,755964746,11.1682076,3883,1875,0,3059,1681,142,-0.156317626527051,-0.093246073298429,0,0.182016566687284
75557,755974746,11.1698226,3887,1909,0,3062,1714,142,-0.146317626527051,0.016753926701571,0,0.147273697218584
75558,755984746,11.1835065,3890,1901,0,3062,1704,142,-0.146317626527051,-0.0165794066317623,0,0.147253945810531
75559,755994746,11.1981796,3897,1946,0,3066,1737,142,-0.132984293193717,0.0934205933682377,0,0.162518397424741
75560,756004746,11.1987711,3882,1893,0,3057,1704,142,-0.162984293193717,-0.0165794066317623,0,0.163825384333799
75561,756014747,11.3160508,3783,1291,0,3018,1199,142,-0.292984293193717,-1.6999127399651,0,1.72497626637408
75562,756024746,11.3168196,3717,1821,0,2983,1643,142,-0.409650959860384,-0.219912739965096,0,0.464946794927645
75563,756034746,11.3179024,3841,2096,0,3038,1864,142,-0.226317626527051,0.516753926701571,0,0.56414030953153
75565,756054747,11.3186352,3849,1878,0,3045,1683,142,-0.202984293193717,-0.0865794066317623,0,0.220677631254418
75566,756064746,11.3191368,3846,1760,0,3046,1594,142,-0.199650959860384,-0.383246073298429,0,0.432131991955973
75567,756074746,11.3203907,3875,1917,0,3059,1719,142,-0.156317626527051,0.0334205933682377,0,0.159850356346602
75568,756084747,11.3216116,3881,1841,0,3057,1654,142,-0.162984293193717,-0.183246073298429,0,0.245240704629449
75569,756094747,11.3225174,3849,1863,0,3044,1670,142,-0.206317626527051,-0.129912739965096,0,0.243811982931508
75570,756104746,11.3234227,3702,2090,0,2978,1855,142,-0.426317626527051,0.486753926701571,0,0.647051855609005
75571,756114746,11.324207,3632,1875,0,2945,1679,142,-0.536317626527051,-0.0999127399650956,0,0.545544821376706
75572,756124747,11.3254476,3885,1878,0,3062,1681,142,-0.146317626527051,-0.093246073298429,0,0.173504115277089
75573,756134747,11.3367276,3824,1853,0,3036,1664,142,-0.232984293193717,-0.149912739965096,0,0.277047848717182
75574,756144746,11.3376659,3858,1939,0,3048,1731,142,-0.192984293193717,0.0734205933682377,0,0.206478863204016
75575,756154747,11.352609,3916,1893,0,3071,1690,142,-0.116317626527051,-0.063246073298429,0,0.13240036264511
75576,756164747,11.3682393,3920,1904,0,3076,1703,142,-0.099650959860384,-0.0199127399650956,0,0.101621016596044
75577,756174747,11.3694353,3936,2043,0,3081,1807,142,-0.0829842931937173,0.326753926701571,0,0.337126862667092
75578,756184746,11.3833896,3934,1938,0,3088,1730,142,-0.059650959860384,0.0700872600349044,0,0.0920351076028352
75579,756194746,11.398923,4018,1709,0,3150,1513,142,0.147015706806283,-0.653246073298429,0,0.669584983648504
75580,756204746,11.3997493,3728,1449,0,2990,1340,142,-0.386317626527051,-1.2299127399651,0,1.28915734357523
75581,756214747,11.5158562,3895,1887,0,3063,1700,142,-0.142984293193717,-0.0299127399650956,0,0.146079704655802
75582,756224746,11.5165915,3879,2162,0,3053,1920,142,-0.176317626527051,0.703420593368238,0,0.725181657654588
75583,756234746,11.5177324,3856,2037,0,3067,1810,142,-0.129650959860384,0.336753926701571,0,0.36084980052876
75584,756244746,11.518903,3848,1838,0,3034,1652,142,-0.239650959860384,-0.189912739965096,0,0.305776767206165
75585,756254746,11.5197438,3875,1786,0,3059,1613,142,-0.156317626527051,-0.319912739965096,0,0.356060895852136
75586,756264747,11.5202215,3904,1840,0,3074,1658,142,-0.106317626527051,-0.169912739965096,0,0.200433971453922
75587,756274747,11.5207344,3895,1920,0,3067,1723,142,-0.129650959860384,0.046753926701571,0,0.137823441600966
75588,756284747,11.5213609,3747,2246,0,2979,1993,142,-0.422984293193717,0.946753926701571,0,1.03694682120803
75589,756294746,11.5218826,3883,1828,0,3058,1645,142,-0.159650959860384,-0.213246073298429,0,0.266387531167547
75590,756304746,11.5224169,3947,1887,0,3087,1691,142,-0.0629842931937173,-0.0599127399650956,0,0.0869284625380969
75591,756314746,11.522991,3881,1869,0,3049,1678,142,-0.189650959860384,-0.103246073298429,0,0.215933411559003
75592,756324746,11.5403405,3882,1863,0,3062,1667,142,-0.146317626527051,-0.139912739965096,0,0.202446098102804
75593,756334746,11.5414798,3847,2000,0,3040,1773,142,-0.219650959860384,0.213420593368238,0,0.306259520409144
75594,756344747,11.5424331,3869,1931,0,3056,1733,142,-0.166317626527051,0.0800872600349044,0,0.184595563634368
75595,756354746,11.5559315,3905,1958,0,3067,1745,142,-0.129650959860384,0.120087260034904,0,0.176721027089053
75596,756364747,11.5566255,3883,1894,0,3062,1686,142,-0.146317626527051,-0.0765794066317623,0,0.165146157547132
75597,756374746,11.575281,3888,1360,0,3062,1259,142,-0.146317626527051,-1.4999127399651,0,1.50703253957641
75599,756394746,11.5905885,3865,1984,0,3053,1778,142,-0.176317626527051,0.230087260034904,0,0.289875926310727
75600,756404747,11.6038166,3749,2115,0,2970,1884,142,-0.452984293193717,0.583420593368238,0,0.738630055336471
75601,756414746,11.6188966,3956,1897,0,3095,1693,142,-0.0363176265270507,-0.053246073298429,0,0.0644524190256658
75602,756424747,11.6348447,3877,1657,0,3062,1502,142,-0.146317626527051,-0.689912739965096,0,0.705257709350742
75603,756434746,11.6360598,3888,1950,0,3059,1753,142,-0.156317626527051,0.146753926701571,0,0.214410623256826
75604,756444746,11.6368101,3765,2112,0,3016,1860,142,-0.299650959860384,0.503420593368238,0,0.58585236329
75605,756454746,11.7807513,3821,1840,0,3035,1649,142,-0.236317626527051,-0.199912739965096,0,0.309533720631098
75606,756464746,11.7822815,3819,1861,0,3029,1672,142,-0.256317626527051,-0.123246073298429,0,0.284408720421759
75607,756474746,11.7837644,3835,1923,0,3041,1718,142,-0.216317626527051,0.0300872600349044,0,0.218399997167364
75608,756484746,11.785245,3878,1891,0,3059,1694,142,-0.156317626527051,-0.0499127399650956,0,0.164092906531251
75609,756494746,11.7865967,3879,1881,0,3058,1672,142,-0.159650959860384,-0.123246073298429,0,0.201687936098874
75610,756504746,11.7878147,3884,1895,0,3062,1695,142,-0.146317626527051,-0.0465794066317623,0,0.153552886507146
75611,756514746,11.788837,3874,1893,0,3061,1698,142,-0.149650959860384,-0.0365794066317623,0,0.154056686893708
75612,756524747,11.7896716,3892,2027,0,3059,1807,142,-0.156317626527051,0.326753926701571,0,0.362220000797783
75613,756534746,11.7903704,3888,1941,0,3066,1736,142,-0.132984293193717,0.0900872600349044,0,0.160625454573144
75614,756544746,11.7913933,4016,1858,0,3150,1701,142,0.147015706806283,-0.0265794066317623,0,0.149399072636504
75615,756554747,11.7924129,3787,1513,0,3016,1392,142,-0.299650959860384,-1.05657940663176,0,1.0982489427555
75616,756564746,11.7932887,3875,1872,0,3060,1679,142,-0.152984293193717,-0.0999127399650956,0,0.182720413668846
75617,756574746,11.7941027,3811,2343,0,3069,2099,142,-0.122984293193717,1.3000872600349,0,1.30589127421751
75618,756584746,11.7949473,3883,1901,0,3049,1691,142,-0.189650959860384,-0.0599127399650956,0,0.198889474296882
75619,756594747,11.7964339,3943,1682,0,3084,1521,142,-0.0729842931937174,-0.626579406631762,0,0.630815709909002
75620,756604746,11.8079261,3917,1870,0,3075,1684,142,-0.102984293193717,-0.083246073298429,0,0.1324223295529
75621,756614746,11.8092122,2884,1993,0,2515,1773,142,-1.96965095986038,0.213420593368238,0,1.98117976300804
75622,756624746,11.8248926,2883,1728,0,2515,1561,142,-1.96965095986038,-0.493246073298429,0,2.03047201224327
75623,756634746,11.8392081,2835,1699,0,2473,1539,142,-2.10965095986038,-0.566579406631762,0,2.18440824857879
75624,756644746,11.8400301,2719,1764,0,2374,1599,142,-2.43965095986038,-0.366579406631762,0,2.46703815684196
75625,756654746,11.9506114,2804,1741,0,2443,1570,142,-2.20965095986038,-0.463246073298429,0,2.25768781917216
75626,756664746,11.9513929,2855,1763,0,2493,1588,142,-2.04298429319372,-0.403246073298429,0,2.08240059015235
75627,756674746,11.9520358,3119,1814,0,2662,1634,142,-1.47965095986038,-0.249912739965096,0,1.50060765712181
75629,756694746,11.9525698,3248,1840,0,2741,1654,142,-1.21631762652705,-0.183246073298429,0,1.2300437764485
75630,756704746,11.9531641,3291,1932,0,2769,1727,142,-1.12298429319372,0.0600872600349044,0,1.12459068179418
75631,756714746,11.9542928,3431,1927,0,2842,1731,142,-0.879650959860384,0.0734205933682377,0,0.88270968880705
75632,756724747,11.9550946,3510,1777,0,2885,1600,142,-0.736317626527051,-0.363246073298429,0,0.821042847177391
75633,756734747,11.9556101,3472,1457,0,2862,1347,142,-0.812984293193717,-1.20657940663176,0,1.45491488599421
75634,756744746,11.95612,3488,1868,0,2881,1677,142,-0.749650959860384,-0.106579406631762,0,0.757189363064203
75635,756754746,11.956706,3539,2173,0,2907,1928,142,-0.662984293193717,0.730087260034904,0,0.986192466147885
75636,756764747,11.9648621,3531,1865,0,2899,1673,142,-0.689650959860384,-0.119912739965096,0,0.699998222599376
75637,756774747,11.9786269,3467,1731,0,2867,1561,142,-0.796317626527051,-0.493246073298429,0,0.936703502257782
75638,756784747,11.9794153,3616,1899,0,2936,1698,142,-0.566317626527051,-0.0365794066317623,0,0.567497759559246
75639,756794746,11.9940774,3664,1855,0,2961,1667,142,-0.482984293193717,-0.139912739965096,0,0.502841329125178
75640,756804747,12.0098511,3661,1915,0,2958,1706,142,-0.492984293193717,-0.00991273996509563,0,0.49308394391759
75641,756814747,12.0105978,3678,1826,0,2964,1644,142,-0.472984293193717,-0.216579406631762,0,0.52021224609281
75642,756824746,12.0261463,3674,1868,0,2964,1672,142,-0.472984293193717,-0.123246073298429,0,0.488777798382294
75644,756844747,12.0408061,3660,1894,0,2962,1691,142,-0.479650959860384,-0.0599127399650956,0,0.48337829875276
75646,756864747,12.1413325,3637,1865,0,2947,1676,142,-0.529650959860384,-0.109912739965096,0,0.540935254617094
75647,756874746,12.1432632,3661,1867,0,2958,1678,142,-0.492984293193717,-0.103246073298429,0,0.503679724614019
75649,756894747,12.1440908,3717,1877,0,2981,1680,142,-0.416317626527051,-0.0965794066317623,0,0.427373312155146
75650,756904746,12.1446125,3742,1878,0,2999,1686,142,-0.356317626527051,-0.0765794066317623,0,0.364453915459751
75652,756924746,12.145032,3728,1883,0,2994,1684,142,-0.372984293193717,-0.083246073298429,0,0.382161211648729
75653,756934747,12.1454267,3755,1875,0,3003,1683,142,-0.342984293193717,-0.0865794066317623,0,0.35374315404019
75654,756944747,12.1486389,3759,1886,0,3003,1683,142,-0.342984293193717,-0.0865794066317623,0,0.35374315404019
75655,756954746,12.1491661,3774,1881,0,3010,1690,142,-0.319650959860384,-0.063246073298429,0,0.325847820197305
75656,756964747,12.1650409,3777,1889,0,3008,1690,142,-0.326317626527051,-0.063246073298429,0,0.332390221230887
75658,756984746,12.181289,3785,1888,0,3012,1690,142,-0.312984293193717,-0.063246073298429,0,0.319310559759055
75659,756994746,12.1961233,3786,1890,0,3018,1695,142,-0.292984293193717,-0.0465794066317623,0,0.296663845421698
75660,757004747,12.2112658,3789,1881,0,3015,1688,142,-0.302984293193717,-0.0699127399650956,0,0.310945772011011
75661,757014747,12.2118243,3796,1881,0,3020,1685,142,-0.286317626527051,-0.0799127399650956,0,0.297260541055843
75662,757024746,12.2276687,3792,1873,0,3023,1676,142,-0.276317626527051,-0.109912739965096,0,0.297375589341454
75663,757034747,12.2282584,3803,1865,0,3018,1676,142,-0.292984293193717,-0.109912739965096,0,0.312922684484294
75664,757044747,12.2440386,3792,1915,0,3022,1716,142,-0.279650959860384,0.0234205933682377,0,0.280629976204529
75665,757054746,12.346096,3795,1898,0,3028,1703,142,-0.259650959860384,-0.0199127399650956,0,0.260413398597953
75667,757074747,12.3469212,3824,1904,0,3034,1705,142,-0.239650959860384,-0.013246073298429,0,0.240016751540035
75668,757084747,12.3477555,3824,1883,0,3031,1690,142,-0.249650959860384,-0.063246073298429,0,0.257537701214563
75669,757094747,12.348555,3824,1887,0,3037,1698,142,-0.229650959860384,-0.0365794066317623,0,0.232545944609506
75670,757104746,12.3491538,3840,1903,0,3044,1695,142,-0.206317626527051,-0.0465794066317623,0,0.211510293219793
75671,757114747,12.3496693,3827,1884,0,3037,1688,142,-0.229650959860384,-0.0699127399650956,0,0.240056981931838
75672,757124747,12.3502151,3834,1898,0,3040,1695,142,-0.219650959860384,-0.0465794066317623,0,0.224535487818196
75673,757134747,12.3507497,3842,1892,0,3043,1698,142,-0.209650959860384,-0.0365794066317623,0,0.212818180520162
75674,757144747,12.3514028,3839,1889,0,3041,1700,142,-0.216317626527051,-0.0299127399650956,0,0.218376023314182
75675,757154747,12.3552444,3851,1899,0,3048,1699,142,-0.192984293193717,-0.033246073298429,0,0.195827063526069
75676,757164746,12.3689652,3859,1895,0,3053,1690,142,-0.176317626527051,-0.063246073298429,0,0.187317834740323
75677,757174746,12.3698066,3866,1899,0,3053,1695,142,-0.176317626527051,-0.0465794066317623,0,0.182366517064673
75678,757184746,12.3836443,3859,1892,0,3050,1696,142,-0.186317626527051,-0.043246073298429,0,0.191270700344843
75679,757194747,12.3987185,3856,1889,0,3049,1700,142,-0.189650959860384,-0.0299127399650956,0,0.19199546501984
75680,757204747,12.3991931,3874,1903,0,3056,1700,142,-0.166317626527051,-0.0299127399650956,0,0.168986167794323
75681,757214747,12.4146035,3879,1895,0,3056,1698,142,-0.166317626527051,-0.0365794066317623,0,0.170292706488338
75682,757224747,12.4307999,3869,1891,0,3055,1697,142,-0.169650959860384,-0.0399127399650956,0,0.174282744392757
75683,757234746,12.4313724,3888,1895,0,3060,1705,142,-0.152984293193717,-0.013246073298429,0,0.153556674950354
75684,757244747,12.4457026,3888,1891,0,3059,1695,142,-0.156317626527051,-0.0465794066317623,0,0.16310990615293
75685,757254747,12.4463284,3879,1900,0,3060,1698,142,-0.152984293193717,-0.0365794066317623,0,0.157296684496251
75686,757264747,12.5503921,3883,1898,0,3057,1695,142,-0.162984293193717,-0.0465794066317623,0,0.169509648545511
75687,757274747,12.5518834,3888,1902,0,3062,1695,142,-0.146317626527051,-0.0465794066317623,0,0.153552886507146
75688,757284746,12.5532861,3880,1899,0,3064,1705,142,-0.139650959860384,-0.013246073298429,0,0.140277756781872
75689,757294747,12.5539814,3887,1893,0,3062,1701,142,-0.146317626527051,-0.0265794066317623,0,0.14871218070288
75690,757304747,12.5548176,3883,1897,0,3062,1692,142,-0.146317626527051,-0.0565794066317623,0,0.156875992705423
75691,757314746,12.5556875,3887,1893,0,3063,1704,142,-0.142984293193717,-0.0165794066317623,0,0.143942296856651
75692,757324747,12.5565434,3887,1898,0,3062,1704,142,-0.146317626527051,-0.0165794066317623,0,0.147253945810531
75693,757334746,12.5573956,3891,1904,0,3058,1698,142,-0.159650959860384,-0.0365794066317623,0,0.163787917667555
75694,757344746,12.5582711,3888,1899,0,3063,1700,142,-0.142984293193717,-0.0299127399650956,0,0.146079704655802
75695,757354747,12.5591324,3879,1893,0,3062,1697,142,-0.146317626527051,-0.0399127399650956,0,0.151663689273441
75696,757364747,12.5595649,3887,1899,0,3061,1697,142,-0.149650959860384,-0.0399127399650956,0,0.154882008634494
75699,757394746,12.587855,3888,1903,0,3062,1701,142,-0.146317626527051,-0.0265794066317623,0,0.14871218070288
75700,757404747,12.6027459,3890,1902,0,3062,1702,142,-0.146317626527051,-0.023246073298429,0,0.148152717681133
75701,757414747,12.6059372,3883,1894,0,3061,1703,142,-0.149650959860384,-0.0199127399650956,0,0.150969953964528
75702,757424747,12.6179913,3883,1898,0,3067,1705,142,-0.129650959860384,-0.013246073298429,0,0.13032586025247
75703,757434746,12.6514491,3891,1899,0,3063,1693,142,-0.142984293193717,-0.053246073298429,0,0.152576709958658
75704,757444745,12.6528305,3888,1899,0,3062,1704,142,-0.146317626527051,-0.0165794066317623,0,0.147253945810531
75705,757454746,12.654031,3882,1892,0,3063,1699,142,-0.142984293193717,-0.033246073298429,0,0.146798533677525
75706,757464747,12.7725676,3886,1894,0,3063,1696,142,-0.142984293193717,-0.043246073298429,0,0.149381159976217
75708,757484746,12.7734416,3890,1899,0,3057,1693,142,-0.162984293193717,-0.053246073298429,0,0.17146143633353
75709,757494747,12.774281,3888,1893,0,3062,1696,142,-0.146317626527051,-0.043246073298429,0,0.152574803582514
75710,757504747,12.774923,3901,1903,0,3062,1704,142,-0.146317626527051,-0.0165794066317623,0,0.147253945810531
75711,757514747,12.7755749,3888,1890,0,3061,1697,142,-0.149650959860384,-0.0399127399650956,0,0.154882008634494
75712,757524746,12.7761897,3892,1893,0,3062,1703,142,-0.146317626527051,-0.0199127399650956,0,0.14766639782099
75713,757534746,12.7767032,3888,1894,0,3062,1697,142,-0.146317626527051,-0.0399127399650956,0,0.151663689273441
75714,757544747,12.7772401,3889,1888,0,3061,1697,142,-0.149650959860384,-0.0399127399650956,0,0.154882008634494
75715,757554747,12.7777519,3882,1901,0,3062,1697,142,-0.146317626527051,-0.0399127399650956,0,0.151663689273441
75716,757564747,12.7782758,3883,1895,0,3067,1703,142,-0.129650959860384,-0.0199127399650956,0,0.131171218663381
75717,757574747,12.7790754,3886,1899,0,3065,1697,142,-0.136317626527051,-0.0399127399650956,0,0.142040565028057
75718,757584747,12.7796087,3887,1892,0,3067,1702,142,-0.129650959860384,-0.023246073298429,0,0.131718454730212
75719,757594746,12.7912314,3888,1903,0,3065,1695,142,-0.136317626527051,-0.0465794066317623,0,0.144056018354443
75720,757604747,12.8062128,3888,1895,0,3065,1701,142,-0.136317626527051,-0.0265794066317623,0,0.138884700953219
75721,757614747,12.8069018,3893,1895,0,3066,1703,142,-0.132984293193717,-0.0199127399650956,0,0.13446687119566
75722,757624746,12.8216269,3874,1894,0,3056,1694,142,-0.166317626527051,-0.0499127399650956,0,0.173645715479579
75723,757634746,12.8378827,3851,1895,0,3046,1701,142,-0.199650959860384,-0.0265794066317623,0,0.201412439114542
75724,757644746,12.8388,3847,1890,0,3047,1696,142,-0.196317626527051,-0.043246073298429,0,0.2010244595589
75725,757654746,12.8531063,3847,1890,0,3050,1695,142,-0.186317626527051,-0.0465794066317623,0,0.192051813521353
75726,757664747,12.868871,3860,1891,0,3046,1702,142,-0.199650959860384,-0.023246073298429,0,0.2009997156639
75727,757674746,12.8696287,3858,1889,0,3051,1696,142,-0.182984293193717,-0.043246073298429,0,0.188025196214064
75728,757684747,12.9792445,3854,1903,0,3049,1703,142,-0.189650959860384,-0.0199127399650956,0,0.190693481243808
75729,757694750,12.980355,3850,1894,0,3055,1701,142,-0.169650959860384,-0.0265794066317623,0,0.171720450262763
75730,757704746,12.9811023,3860,1893,0,3054,1700,142,-0.172984293193717,-0.0299127399650956,0,0.175551524356667
75731,757714747,12.9817189,3858,1892,0,3049,1699,142,-0.189650959860384,-0.033246073298429,0,0.192542950963492
75732,757724747,12.9822813,3867,1892,0,3051,1692,142,-0.182984293193717,-0.0565794066317623,0,0.19153193156862
75733,757734747,12.9827977,3859,1895,0,3055,1696,142,-0.169650959860384,-0.043246073298429,0,0.175076186379766
75734,757744746,12.9832815,3872,1894,0,3054,1701,142,-0.172984293193717,-0.0265794066317623,0,0.175014372405887
75735,757754746,12.9838361,3870,1895,0,3059,1703,142,-0.156317626527051,-0.0199127399650956,0,0.157580828706947
75736,757764747,12.984559,3867,1903,0,3055,1696,142,-0.169650959860384,-0.043246073298429,0,0.175076186379766
75737,757774747,12.985448,3873,1899,0,3053,1691,142,-0.176317626527051,-0.0599127399650956,0,0.1862188009688
75739,757794747,12.9953135,3874,1899,0,3056,1704,142,-0.166317626527051,-0.0165794066317623,0,0.167141944519779
75740,757804746,13.0108468,3877,1893,0,3055,1696,142,-0.169650959860384,-0.043246073298429,0,0.175076186379766
75741,757814746,13.0117481,3888,1900,0,3060,1703,142,-0.152984293193717,-0.0199127399650956,0,0.154274791125766
75742,757824747,13.0261745,3888,1901,0,3055,1691,142,-0.169650959860384,-0.0599127399650956,0,0.179919383590748
75743,757834747,13.0269054,3875,1897,0,3055,1701,142,-0.169650959860384,-0.0265794066317623,0,0.171720450262763
75744,757844746,13.0420834,3881,1901,0,3060,1700,142,-0.152984293193717,-0.0299127399650956,0,0.155881256013033
75745,757854746,13.0579999,3882,1894,0,3062,1697,142,-0.146317626527051,-0.0399127399650956,0,0.151663689273441
75746,757864747,13.0589541,3886,1902,0,3059,1695,142,-0.156317626527051,-0.0465794066317623,0,0.16310990615293
75747,757874746,13.0740186,3871,1893,0,3058,1700,142,-0.159650959860384,-0.0299127399650956,0,0.162429064506822
75748,757884746,13.089015,3874,1898,0,3058,1696,142,-0.159650959860384,-0.043246073298429,0,0.165404509733184
75749,757894746,13.0900612,3863,1903,0,3054,1698,142,-0.172984293193717,-0.0365794066317623,0,0.176809554835879
75750,757904746,13.2210589,3875,1901,0,3058,1697,142,-0.159650959860384,-0.0399127399650956,0,0.164564442683902
75751,757914746,13.2219019,3872,1894,0,3055,1697,142,-0.169650959860384,-0.0399127399650956,0,0.174282744392757
75753,757934751,13.2225895,3871,1904,0,3049,1695,142,-0.189650959860384,-0.0465794066317623,0,0.195287295280907
75754,757944747,13.2230658,3869,1893,0,3048,1703,142,-0.192984293193717,-0.0199127399650956,0,0.194008903487433
75755,757954747,13.2234492,3810,1894,0,3026,1696,142,-0.266317626527051,-0.043246073298429,0,0.269806043399207
75756,757964746,13.2238211,3795,1891,0,3021,1691,142,-0.282984293193717,-0.0599127399650956,0,0.289257059731432
75757,757974747,13.2241923,3795,1887,0,3030,1690,142,-0.252984293193717,-0.063246073298429,0,0.260770240614981
75758,757984747,13.2245639,3848,1893,0,3049,1695,142,-0.189650959860384,-0.0465794066317623,0,0.195287295280907
75759,757994746,13.2249563,3873,1889,0,3055,1698,142,-0.169650959860384,-0.0365794066317623,0,0.17354970806971
75760,758004747,13.2254016,3888,1903,0,3060,1701,142,-0.152984293193717,-0.0265794066317623,0,0.155276072918135
75761,758014746,13.225822,3883,1888,0,3059,1703,142,-0.156317626527051,-0.0199127399650956,0,0.157580828706947
75762,758024746,13.2261991,3885,1893,0,3059,1696,142,-0.156317626527051,-0.043246073298429,0,0.162189467040198
75763,758034747,13.2459463,3882,1898,0,3062,1704,142,-0.146317626527051,-0.0165794066317623,0,0.147253945810531
75764,758044747,13.2467698,3884,1901,0,3055,1698,142,-0.169650959860384,-0.0365794066317623,0,0.17354970806971
75765,758054746,13.2609675,3888,1899,0,3062,1696,142,-0.146317626527051,-0.043246073298429,0,0.152574803582514
75766,758064746,13.2618043,3891,1898,0,3062,1704,142,-0.146317626527051,-0.0165794066317623,0,0.147253945810531
75767,758074746,13.2779436,3877,1902,0,3068,1701,142,-0.126317626527051,-0.0265794066317623,0,0.129083723328404
75768,758084747,13.2790849,3863,1903,0,3060,1697,142,-0.152984293193717,-0.0399127399650956,0,0.158105094084608
75769,758094746,13.2926495,3854,1891,0,3049,1697,142,-0.189650959860384,-0.0399127399650956,0,0.193805349223096
75770,758104747,13.4050478,3829,1887,0,3034,1696,142,-0.239650959860384,-0.043246073298429,0,0.243521673404517
75771,758114746,13.4061094,3795,1891,0,3038,1691,142,-0.226317626527051,-0.0599127399650956,0,0.234113657198726
75772,758124747,13.4077268,3862,1895,0,3060,1700,142,-0.152984293193717,-0.0299127399650956,0,0.155881256013033
75773,758134747,13.4090978,3879,1898,0,3055,1695,142,-0.169650959860384,-0.0465794066317623,0,0.175929216742748
75774,758144747,13.4102611,3841,1886,0,3044,1695,142,-0.206317626527051,-0.0465794066317623,0,0.211510293219793
75776,758164746,13.4113167,3909,1904,0,3069,1700,142,-0.122984293193717,-0.0299127399650956,0,0.126569776742229
75777,758174747,13.4122204,3901,1895,0,3072,1699,142,-0.112984293193717,-0.033246073298429,0,0.117774156325776
75778,758184746,13.4131056,3894,1901,0,3067,1697,142,-0.129650959860384,-0.0399127399650956,0,0.135655439272593
75780,758204746,13.4140471,3881,1897,0,3062,1697,142,-0.146317626527051,-0.0399127399650956,0,0.151663689273441
75781,758214747,13.4175225,3857,1893,0,3052,1700,142,-0.179650959860384,-0.0299127399650956,0,0.182124241634596
75782,758224747,13.4184045,3837,1891,0,3042,1700,142,-0.212984293193717,-0.0299127399650956,0,0.215074594407259
75783,758234746,13.4347602,3895,1898,0,3063,1701,142,-0.142984293193717,-0.0265794066317623,0,0.145433740779104
75785,758254746,13.4641889,3923,1895,0,3073,1702,142,-0.109650959860384,-0.023246073298429,0,0.112087969568993
75786,758264745,13.4653988,3917,1904,0,3075,1703,142,-0.102984293193717,-0.0199127399650956,0,0.104891762581849
75787,758274747,13.4795975,3909,1903,0,3076,1704,142,-0.099650959860384,-0.0165794066317623,0,0.101020743044967
75788,758284746,13.4965966,3909,1904,0,3070,1694,142,-0.119650959860384,-0.0499127399650956,0,0.129644258670928
75789,758294746,13.5103732,3903,1904,0,3070,1700,142,-0.119650959860384,-0.0299127399650956,0,0.123333386427725
75790,758304746,13.511072,3855,1903,0,3045,1701,142,-0.202984293193717,-0.0265794066317623,0,0.204717092936202
75791,758314746,13.5116197,3843,1897,0,3041,1697,142,-0.216317626527051,-0.0399127399650956,0,0.219968957714078
75792,758324746,13.6209901,3888,1901,0,3061,1694,142,-0.149650959860384,-0.0499127399650956,0,0.157755162825048
75793,758334747,13.6217931,3921,1899,0,3076,1704,142,-0.099650959860384,-0.0165794066317623,0,0.101020743044967
75794,758344746,13.622335,3908,1894,0,3069,1703,142,-0.122984293193717,-0.0199127399650956,0,0.124585928520342
75795,758354747,13.6227338,3839,1889,0,3049,1698,142,-0.189650959860384,-0.0365794066317623,0,0.193146420017294
75796,758364747,13.6231083,3903,1901,0,3076,1705,142,-0.099650959860384,-0.013246073298429,0,0.100527470170711
75797,758374747,13.6234864,3929,1904,0,3078,1707,142,-0.0929842931937173,-0.00657940663176229,0,0.0932167762388363
75798,758384747,13.6239214,3900,1899,0,3071,1696,142,-0.116317626527051,-0.043246073298429,0,0.124096789227681
75799,758394746,13.6243149,3898,1899,0,3072,1698,142,-0.112984293193717,-0.0365794066317623,0,0.118758172342015
75800,758404747,13.6248003,3920,1904,0,3074,1698,142,-0.106317626527051,-0.0365794066317623,0,0.112434383975176
75801,758414747,13.625278,3920,1903,0,3076,1705,142,-0.099650959860384,-0.013246073298429,0,0.100527470170711
75802,758424747,13.6257442,3934,1905,0,3078,1704,142,-0.0929842931937173,-0.0165794066317623,0,0.0944508099753333
75803,758434746,13.636725,3920,1901,0,3078,1703,142,-0.0929842931937173,-0.0199127399650956,0,0.0950925653963164
75804,758444746,13.6372951,3929,1905,0,3082,1705,142,-0.079650959860384,-0.013246073298429,0,0.0807448689670611
75805,758454747,13.6523088,3949,1897,0,3079,1704,142,-0.089650959860384,-0.0165794066317623,0,0.0911711101618792
75806,758464746,13.6675005,3949,1903,0,3082,1708,142,-0.079650959860384,-0.00324607329842896,0,0.0797170772077055
75807,758474747,13.6682901,3930,1904,0,3085,1704,142,-0.069650959860384,-0.0165794066317623,0,0.0715970176315616
75808,758484747,13.6825906,3931,1899,0,3076,1700,142,-0.099650959860384,-0.0299127399650956,0,0.104043672625082
75809,758494747,13.6974943,3920,1903,0,3078,1701,142,-0.0929842931937173,-0.0265794066317623,0,0.0967085499717153
75810,758504746,13.6981141,3932,1902,0,3078,1703,142,-0.0929842931937173,-0.0199127399650956,0,0.0950925653963164
75811,758514747,13.7138715,3933,1902,0,3084,1704,142,-0.0729842931937174,-0.0165794066317623,0,0.0748437290442414
75812,758524747,13.7291315,3921,1897,0,3077,1705,142,-0.0963176265270507,-0.013246073298429,0,0.0972241926561068
75813,758534746,13.7298801,3920,1898,0,3074,1705,142,-0.106317626527051,-0.013246073298429,0,0.107139610640383
75814,758544747,13.8433339,3906,1895,0,3072,1698,142,-0.112984293193717,-0.0365794066317623,0,0.118758172342015
75815,758554746,13.8444826,3728,1882,0,2993,1685,142,-0.376317626527051,-0.0799127399650956,0,0.384708983575484
75816,758564746,13.845301,3808,1891,0,3031,1689,142,-0.249650959860384,-0.0665794066317623,0,0.258376506568706
75817,758574746,13.846036,3805,1894,0,3030,1691,142,-0.252984293193717,-0.0599127399650956,0,0.259981901317861
75818,758584747,13.8467937,3834,1889,0,3041,1693,142,-0.216317626527051,-0.053246073298429,0,0.222774459640234
75819,758594746,13.8476666,3793,1885,0,3027,1694,142,-0.262984293193717,-0.0499127399650956,0,0.267678949634487
75821,758614746,13.8486254,3905,1904,0,3072,1705,142,-0.112984293193717,-0.013246073298429,0,0.113758116045895
75822,758624747,13.8493476,3919,1903,0,3079,1704,142,-0.089650959860384,-0.0165794066317623,0,0.0911711101618792
75823,758634746,13.8500355,3927,1904,0,3083,1704,142,-0.0763176265270507,-0.0165794066317623,0,0.0780977390388718
75824,758644747,13.8507099,3946,1906,0,3084,1706,142,-0.0729842931937174,-0.00991273996509563,0,0.0736543920387787
75825,758654747,13.8549625,3952,1903,0,3088,1704,142,-0.059650959860384,-0.0165794066317623,0,0.061912145307092
75826,758664746,13.8701718,3953,1906,0,3087,1704,142,-0.0629842931937173,-0.0165794066317623,0,0.0651298542403825
75827,758674746,13.8718743,3949,1902,0,3086,1704,142,-0.0663176265270507,-0.0165794066317623,0,0.0683586447528233
75828,758684746,13.8882758,3955,1907,0,3092,1702,142,-0.0463176265270507,-0.023246073298429,0,0.0518237633802803
75829,758694746,13.8889405,3950,1907,0,3087,1704,142,-0.0629842931937173,-0.0165794066317623,0,0.0651298542403825
75830,758704747,13.9029013,3953,1904,0,3090,1704,142,-0.0529842931937173,-0.0165794066317623,0,0.0555176733076876
75831,758714747,13.931936,3929,1904,0,3084,1704,142,-0.0729842931937174,-0.0165794066317623,0,0.0748437290442414
75833,758734747,13.9326483,3939,1901,0,3083,1704,142,-0.0763176265270507,-0.0165794066317623,0,0.0780977390388718
75834,758744747,14.0428846,3942,1904,0,3085,1705,142,-0.069650959860384,-0.013246073298429,0,0.0708993276928645
75835,758754746,14.0440826,3952,1903,0,3086,1701,142,-0.0663176265270507,-0.0265794066317623,0,0.0714457307687306
75836,758764746,14.0448282,3952,1900,0,3089,1707,142,-0.0563176265270507,-0.00657940663176229,0,0.0567006494607111
75837,758774747,14.0454208,3967,1904,0,3090,1705,142,-0.0529842931937173,-0.013246073298429,0,0.0546149593340978
75838,758784747,14.0458832,3962,1906,0,3093,1702,142,-0.0429842931937173,-0.023246073298429,0,0.0488674675541857
75839,758794746,14.0465408,3952,1901,0,3095,1704,142,-0.0363176265270507,-0.0165794066317623,0,0.0399230099168344
75840,758804747,14.0471925,3964,1899,0,3097,1706,142,-0.029650959860384,-0.00991273996509563,0,0.0312640661824035
75841,758814746,14.0477075,3957,1898,0,3090,1705,142,-0.0529842931937173,-0.013246073298429,0,0.0546149593340978
75842,758824747,14.0482056,3960,1901,0,3090,1704,142,-0.0529842931937173,-0.0165794066317623,0,0.0555176733076876
75843,758834747,14.0487963,3960,1902,0,3092,1705,142,-0.0463176265270507,-0.013246073298429,0,0.0481744847915025
75845,758854746,14.0561066,3987,1907,0,3102,1709,142,-0.0129842931937173,8.72600349043751e-05,0,0.0129845864028896
75846,758864747,14.0569467,3975,1907,0,3101,1710,142,-0.0163176265270507,0.00342059336823771,0,0.0166722942172678
75847,758874746,14.0714611,3984,1909,0,3098,1706,142,-0.0263176265270507,-0.00991273996509563,0,0.028122586645487
75848,758884747,14.0883557,3979,1905,0,3101,1705,142,-0.0163176265270507,-0.013246073298429,0,0.0210172165926809
75849,758894746,14.0897175,3979,1905,0,3102,1706,142,-0.0129842931937173,-0.00991273996509563,0,0.0163356751729464
75850,758904746,14.1071785,3973,1906,0,3101,1708,142,-0.0163176265270507,-0.00324607329842896,0,0.0166373653964527
75851,758914746,14.1197916,3979,1909,0,3097,1708,142,-0.029650959860384,-0.00324607329842896,0,0.0298281144643921
75853,758934747,14.2707309,3990,1910,0,3101,1703,142,-0.0163176265270507,-0.0199127399650956,0,0.0257445557039508
75854,758944746,14.2721103,3975,1907,0,3097,1704,142,-0.029650959860384,-0.0165794066317623,0,0.0339714018683867
75856,758964747,14.2730706,3982,1906,0,3099,1705,142,-0.0229842931937174,-0.013246073298429,0,0.0265280265274693
75857,758974747,14.2737213,3952,1904,0,3087,1705,142,-0.0629842931937173,-0.013246073298429,0,0.0643620979066057
75859,758994747,14.2742553,3959,1900,0,3090,1705,142,-0.0529842931937173,-0.013246073298429,0,0.0546149593340978
75860,759004746,14.2750363,3953,1906,0,3091,1705,142,-0.049650959860384,-0.013246073298429,0,0.0513875108648475
75861,759014746,14.2759058,3962,1903,0,3090,1705,142,-0.0529842931937173,-0.013246073298429,0,0.0546149593340978
75862,759024746,14.2767712,3953,1907,0,3091,1705,142,-0.049650959860384,-0.013246073298429,0,0.0513875108648475
75863,759034746,14.2777923,3947,1904,0,3097,1705,142,-0.029650959860384,-0.013246073298429,0,0.0324751886594898
75865,759054746,14.278921,3974,1904,0,3096,1707,142,-0.0329842931937173,-0.00657940663176229,0,0.0336340926607986
75866,759064746,14.2802465,3954,1906,0,3096,1706,142,-0.0329842931937173,-0.00991273996509563,0,0.0344416319460143
75867,759074747,14.2815555,3959,1903,0,3091,1705,142,-0.049650959860384,-0.013246073298429,0,0.0513875108648475
75868,759084746,14.2824005,3958,1901,0,3097,1705,142,-0.029650959860384,-0.013246073298429,0,0.0324751886594898
75869,759094746,14.2924799,3953,1898,0,3090,1705,142,-0.0529842931937173,-0.013246073298429,0,0.0546149593340978
75870,759104746,14.308866,3956,1904,0,3096,1705,142,-0.0329842931937173,-0.013246073298429,0,0.0355446487578153
75872,759124746,14.324256,3955,1904,0,3096,1705,142,-0.0329842931937173,-0.013246073298429,0,0.0355446487578153
75873,759134746,14.3382952,3959,1903,0,3095,1707,142,-0.0363176265270507,-0.00657940663176229,0,0.0369087874114609
75874,759144746,14.3392881,3970,1901,0,3093,1705,142,-0.0429842931937173,-0.013246073298429,0,0.044978971966807
75875,759154747,14.466136,3979,1907,0,3095,1703,142,-0.0363176265270507,-0.0199127399650956,0,0.0414184404519998
75876,759164747,14.4668807,3967,1904,0,3098,1705,142,-0.0263176265270507,-0.013246073298429,0,0.0294631282087404
75877,759174746,14.4676226,3967,1904,0,3096,1709,142,-0.0329842931937173,8.72600349043751e-05,0,0.032984408616842
75878,759184747,14.4683874,3962,1905,0,3098,1707,142,-0.0263176265270507,-0.00657940663176229,0,0.0271275884966467
75879,759194746,14.468963,3967,1906,0,3098,1704,142,-0.0263176265270507,-0.0165794066317623,0,0.0311045686399706
75880,759204747,14.4695521,3957,1904,0,3098,1705,142,-0.0263176265270507,-0.013246073298429,0,0.0294631282087404
75881,759214747,14.4702187,3963,1905,0,3098,1709,142,-0.0263176265270507,8.72600349043751e-05,0,0.0263177711885147
75882,759224746,14.470843,3959,1903,0,3094,1708,142,-0.039650959860384,-0.00324607329842896,0,0.0397836098124411
75883,759234747,14.4714549,3970,1906,0,3097,1711,142,-0.029650959860384,0.00675392670157104,0,0.0304104414064035
75884,759244747,14.4719712,3959,1904,0,3099,1700,142,-0.0229842931937174,-0.0299127399650956,0,0.0377233315845007
75885,759254747,14.4724683,3969,1908,0,3096,1711,142,-0.0329842931937173,0.00675392670157104,0,0.0336686667894543
75886,759264747,14.4730012,3971,1904,0,3098,1705,142,-0.0263176265270507,-0.013246073298429,0,0.0294631282087404
75887,759274747,14.4793065,3959,1902,0,3098,1708,142,-0.0263176265270507,-0.00324607329842896,0,0.0265170597517164
75888,759284746,14.4800592,3965,1902,0,3097,1703,142,-0.029650959860384,-0.0199127399650956,0,0.0357168956316142
75889,759294746,14.4952512,3967,1904,0,3096,1706,142,-0.0329842931937173,-0.00991273996509563,0,0.0344416319460143
75890,759304746,14.4963532,3972,1903,0,3097,1704,142,-0.029650959860384,-0.0165794066317623,0,0.0339714018683867
75891,759314746,14.510324,3966,1904,0,3095,1704,142,-0.0363176265270507,-0.0165794066317623,0,0.0399230099168344
75892,759324747,14.5255684,3958,1904,0,3092,1704,142,-0.0463176265270507,-0.0165794066317623,0,0.0491955206432524
75893,759334747,14.5262066,3981,1910,0,3094,1709,142,-0.039650959860384,8.72600349043751e-05,0,0.0396510558770315
75894,759344747,14.5413457,3957,1904,0,3094,1705,142,-0.039650959860384,-0.013246073298429,0,0.04180498864582
75895,759354746,14.6544064,3962,1909,0,3093,1704,142,-0.0429842931937173,-0.0165794066317623,0,0.0460708821884797
75896,759364747,14.6554981,3963,1907,0,3098,1707,142,-0.0263176265270507,-0.00657940663176229,0,0.0271275884966467
75898,759384746,14.6563274,3961,1904,0,3093,1704,142,-0.0429842931937173,-0.0165794066317623,0,0.0460708821884797
75899,759394747,14.6569849,3958,1904,0,3090,1705,142,-0.0529842931937173,-0.013246073298429,0,0.0546149593340978
75900,759404747,14.6576682,3954,1905,0,3093,1704,142,-0.0429842931937173,-0.0165794066317623,0,0.0460708821884797
75901,759414746,14.6583003,3955,1906,0,3092,1703,142,-0.0463176265270507,-0.0199127399650956,0,0.0504166613335003
75902,759424746,14.6588752,3965,1904,0,3096,1702,142,-0.0329842931937173,-0.023246073298429,0,0.0403527387086061
75903,759434746,14.6594671,3971,1903,0,3090,1708,142,-0.0529842931937173,-0.00324607329842896,0,0.0530836351156981
75904,759444746,14.6599511,3963,1908,0,3090,1705,142,-0.0529842931937173,-0.013246073298429,0,0.0546149593340978
75907,759474747,14.6806989,3947,1904,0,3090,1701,142,-0.0529842931937173,-0.0265794066317623,0,0.059277315915402
75908,759484746,14.6819283,3952,1904,0,3093,1709,142,-0.0429842931937173,8.72600349043751e-05,0,0.0429843817645101
75909,759494746,14.6963887,3966,1907,0,3090,1703,142,-0.0529842931937173,-0.0199127399650956,0,0.0566025842003289
75910,759504746,14.6968904,3956,1903,0,3090,1705,142,-0.0529842931937173,-0.013246073298429,0,0.0546149593340978
75911,759514747,14.7119648,3956,1902,0,3090,1705,142,-0.0529842931937173,-0.013246073298429,0,0.0546149593340978
75912,759524747,14.7283105,3958,1903,0,3090,1705,142,-0.0529842931937173,-0.013246073298429,0,0.0546149593340978
75913,759534746,14.7289621,3950,1903,0,3090,1704,142,-0.0529842931937173,-0.0165794066317623,0,0.0555176733076876
75914,759544747,14.7442758,3953,1904,0,3092,1708,142,-0.0463176265270507,-0.00324607329842896,0,0.046431234303625
75915,759554746,14.7593657,3951,1903,0,3090,1705,142,-0.0529842931937173,-0.013246073298429,0,0.0546149593340978
75916,759564747,14.7599759,3959,1914,0,3091,1704,142,-0.049650959860384,-0.0165794066317623,0,0.052345912345844
75917,759574747,14.8614033,3959,1903,0,3092,1706,142,-0.0463176265270507,-0.00991273996509563,0,0.0473664959725221
75918,759584746,14.8621752,3954,1904,0,3090,1705,142,-0.0529842931937173,-0.013246073298429,0,0.0546149593340978
75919,759594747,14.863014,3952,1901,0,3091,1705,142,-0.049650959860384,-0.013246073298429,0,0.0513875108648475
75920,759604746,14.8637956,3959,1904,0,3093,1706,142,-0.0429842931937173,-0.00991273996509563,0,0.044112491144562
75921,759614747,14.864418,3957,1904,0,3090,1700,142,-0.0529842931937173,-0.0299127399650956,0,0.0608449450444097
75923,759634746,14.8648751,3955,1905,0,3096,1707,142,-0.0329842931937173,-0.00657940663176229,0,0.0336340926607986
75925,759654746,14.8652509,3946,1903,0,3090,1705,142,-0.0529842931937173,-0.013246073298429,0,0.0546149593340978
75926,759664746,14.8698842,3955,1910,0,3090,1700,142,-0.0529842931937173,-0.0299127399650956,0,0.0608449450444097
75928,759684746,14.8850721,3967,1901,0,3096,1705,142,-0.0329842931937173,-0.013246073298429,0,0.0355446487578153
75929,759694747,14.8859816,3952,1904,0,3095,1704,142,-0.0363176265270507,-0.0165794066317623,0,0.0399230099168344
75930,759704747,14.9036557,3958,1903,0,3092,1704,142,-0.0463176265270507,-0.0165794066317623,0,0.0491955206432524
75931,759714746,14.9170629,3964,1904,0,3090,1704,142,-0.0529842931937173,-0.0165794066317623,0,0.0555176733076876
75933,759734747,14.9316089,3955,1904,0,3092,1706,142,-0.0463176265270507,-0.00991273996509563,0,0.0473664959725221
75934,759744747,14.9470236,3958,1907,0,3091,1704,142,-0.049650959860384,-0.0165794066317623,0,0.052345912345844
75935,759754747,14.9477817,3951,1903,0,3092,1705,142,-0.0463176265270507,-0.013246073298429,0,0.0481744847915025
75936,759764746,14.9625871,3959,1906,0,3090,1700,142,-0.0529842931937173,-0.0299127399650956,0,0.0608449450444097
75937,759774747,14.9784291,3952,1903,0,3090,1708,142,-0.0529842931937173,-0.00324607329842896,0,0.0530836351156981
75939,759794748,15.1094491,3963,1906,0,3092,1704,142,-0.0463176265270507,-0.0165794066317623,0,0.0491955206432524
75940,759804746,15.1104242,3962,1907,0,3093,1704,142,-0.0429842931937173,-0.0165794066317623,0,0.0460708821884797
75941,759814747,15.1113107,3955,1904,0,3096,1707,142,-0.0329842931937173,-0.00657940663176229,0,0.0336340926607986
75942,759824746,15.1119296,3962,1904,0,3096,1704,142,-0.0329842931937173,-0.0165794066317623,0,0.0369166672622331
75943,759834746,15.112518,3965,1906,0,3096,1708,142,-0.0329842931937173,-0.00324607329842896,0,0.0331436357291695
75944,759844746,15.1131571,3965,1904,0,3094,1705,142,-0.039650959860384,-0.013246073298429,0,0.04180498864582
75945,759854746,15.1137556,3958,1904,0,3098,1704,142,-0.0263176265270507,-0.0165794066317623,0,0.0311045686399706
75946,759864746,15.1143047,3964,1904,0,3092,1708,142,-0.0463176265270507,-0.00324607329842896,0,0.046431234303625
75947,759874746,15.1149202,3960,1904,0,3097,1707,142,-0.029650959860384,-0.00657940663176229,0,0.0303721585052525
75949,759894746,15.1154286,3964,1902,0,3090,1705,142,-0.0529842931937173,-0.013246073298429,0,0.0546149593340978
75950,759904747,15.1158671,3962,1903,0,3091,1705,142,-0.049650959860384,-0.013246073298429,0,0.0513875108648475
75951,759914746,15.1194421,3970,1906,0,3093,1703,142,-0.0429842931937173,-0.0199127399650956,0,0.0473726363450565
75954,759944747,15.1488677,3968,1904,0,3089,1704,142,-0.0563176265270507,-0.0165794066317623,0,0.058707340102424
75955,759954746,15.1498443,3952,1904,0,3096,1705,142,-0.0329842931937173,-0.013246073298429,0,0.0355446487578153
75956,759964747,15.1655059,3949,1901,0,3094,1705,142,-0.039650959860384,-0.013246073298429,0,0.04180498864582
75957,759974747,15.1666919,3957,1904,0,3090,1706,142,-0.0529842931937173,-0.00991273996509563,0,0.0539035967153715
75958,759984747,15.1808954,3952,1904,0,3097,1705,142,-0.029650959860384,-0.013246073298429,0,0.0324751886594898
75959,759994746,15.3085285,3966,1904,0,3092,1704,142,-0.0463176265270507,-0.0165794066317623,0,0.0491955206432524
75960,760004746,15.3094311,3954,1899,0,3095,1705,142,-0.0363176265270507,-0.013246073298429,0,0.0386578382011422
75961,760014747,15.3104042,3950,1899,0,3094,1705,142,-0.039650959860384,-0.013246073298429,0,0.04180498864582
75963,760034746,15.3110654,3953,1904,0,3087,1704,142,-0.0629842931937173,-0.0165794066317623,0,0.0651298542403825
75964,760044746,15.3115757,3952,1902,0,3090,1705,142,-0.0529842931937173,-0.013246073298429,0,0.0546149593340978
75965,760054746,15.3121896,3954,1909,0,3090,1704,142,-0.0529842931937173,-0.0165794066317623,0,0.0555176733076876
75966,760064746,15.3128346,3953,1894,0,3090,1705,142,-0.0529842931937173,-0.013246073298429,0,0.0546149593340978
75967,760074747,15.313571,3941,1903,0,3090,1706,142,-0.0529842931937173,-0.00991273996509563,0,0.0539035967153715
75968,760084747,15.31439,3968,1905,0,3095,1703,142,-0.0363176265270507,-0.0199127399650956,0,0.0414184404519998
75969,760094746,15.3149455,3970,1904,0,3098,1708,142,-0.0263176265270507,-0.00324607329842896,0,0.0265170597517164
75970,760104747,15.3153817,3971,1906,0,3103,1705,142,-0.00965095986038402,-0.013246073298429,0,0.0163890049744973
75971,760114746,15.3227975,3984,1899,0,3103,1708,142,-0.00965095986038402,-0.00324607329842896,0,0.0101822403274288
75972,760124746,15.3366578,3979,1906,0,3104,1706,142,-0.00631762652705068,-0.00991273996509563,0,0.0117547785411252
75973,760134746,15.33805,3981,1906,0,3104,1706,142,-0.00631762652705068,-0.00991273996509563,0,0.0117547785411252
75974,760144747,15.3387679,3978,1904,0,3103,1706,142,-0.00965095986038402,-0.00991273996509563,0,0.013834863202878
75975,760154746,15.3528133,3972,1909,0,3093,1703,142,-0.0429842931937173,-0.0199127399650956,0,0.0473726363450565
75976,760164746,15.3711086,3979,1905,0,3103,1706,142,-0.00965095986038402,-0.00991273996509563,0,0.013834863202878
75977,760174746,15.3718731,3984,1904,0,3103,1705,142,-0.00965095986038402,-0.013246073298429,0,0.0163890049744973
75978,760184746,15.3845807,3979,1904,0,3103,1705,142,-0.00965095986038402,-0.013246073298429,0,0.0163890049744973
75979,760194746,15.3988991,3981,1904,0,3100,1706,142,-0.019650959860384,-0.00991273996509563,0,0.0220096032915186
75980,760204747,15.3995806,3973,1910,0,3096,1706,142,-0.0329842931937173,-0.00991273996509563,0,0.0344416319460143
75981,760214746,15.5223958,3969,1902,0,3096,1705,142,-0.0329842931937173,-0.013246073298429,0,0.0355446487578153
75982,760224745,15.523492,3971,1906,0,3101,1709,142,-0.0163176265270507,8.72600349043751e-05,0,0.016317859840984
75983,760234746,15.5243713,3972,1904,0,3100,1704,142,-0.019650959860384,-0.0165794066317623,0,0.0257106388037277
75984,760244746,15.5252882,3962,1903,0,3100,1701,142,-0.019650959860384,-0.0265794066317623,0,0.0330548798262979
75985,760254746,15.526027,3962,1904,0,3096,1705,142,-0.0329842931937173,-0.013246073298429,0,0.0355446487578153
75986,760264747,15.5267701,3963,1905,0,3094,1706,142,-0.039650959860384,-0.00991273996509563,0,0.0408712739153722
75987,760274747,15.5274563,3953,1899,0,3092,1698,142,-0.0463176265270507,-0.0365794066317623,0,0.0590201280634934
75988,760284747,15.5282234,3952,1905,0,3096,1699,142,-0.0329842931937173,-0.033246073298429,0,0.0468323070887354
75989,760294747,15.5289895,3952,1903,0,3090,1705,142,-0.0529842931937173,-0.013246073298429,0,0.0546149593340978
75990,760304746,15.5295509,3947,1904,0,3092,1709,142,-0.0463176265270507,8.72600349043751e-05,0,0.0463177087236949
75991,760314746,15.5302167,3952,1904,0,3092,1698,142,-0.0463176265270507,-0.0365794066317623,0,0.0590201280634934
75992,760324747,15.5308593,3940,1906,0,3086,1708,142,-0.0663176265270507,-0.00324607329842896,0,0.0663970223732974
75993,760334746,15.5385222,3952,1902,0,3086,1704,142,-0.0663176265270507,-0.0165794066317623,0,0.0683586447528233
75994,760344747,15.5392981,3943,1903,0,3088,1706,142,-0.059650959860384,-0.00991273996509563,0,0.0604689955752595
75995,760354747,15.5544283,3943,1903,0,3084,1704,142,-0.0729842931937174,-0.0165794066317623,0,0.0748437290442414
75996,760364747,15.5705581,3943,1904,0,3090,1705,142,-0.0529842931937173,-0.013246073298429,0,0.0546149593340978
75997,760374747,15.5722789,3935,1903,0,3084,1705,142,-0.0729842931937174,-0.013246073298429,0,0.0741765833050691
75998,760384746,15.5860139,3938,1904,0,3082,1701,142,-0.079650959860384,-0.0265794066317623,0,0.0839686862084734
75999,760394746,15.6004147,3925,1901,0,3081,1701,142,-0.0829842931937173,-0.0265794066317623,0,0.0871370057653889
76000,760404748,15.6014197,3927,1901,0,3076,1704,142,-0.099650959860384,-0.0165794066317623,0,0.101020743044967
76001,760414751,15.7240595,3919,1899,0,3075,1699,142,-0.102984293193717,-0.033246073298429,0,0.108217678936364
76002,760424747,15.7253615,3911,1900,0,3073,1699,142,-0.109650959860384,-0.033246073298429,0,0.114580253045924
76003,760434746,15.7261229,3904,1899,0,3071,1700,142,-0.116317626527051,-0.0299127399650956,0,0.120102299116653
76004,760444746,15.7266329,3901,1903,0,3062,1705,142,-0.146317626527051,-0.013246073298429,0,0.146915983780992
76005,760454747,15.7272754,3871,1898,0,3057,1703,142,-0.162984293193717,-0.0199127399650956,0,0.164196215062264
76006,760464746,15.7277469,3840,1894,0,3034,1691,142,-0.239650959860384,-0.0599127399650956,0,0.247026555196255
76007,760474746,15.7283362,3803,1886,0,3025,1696,142,-0.269650959860384,-0.043246073298429,0,0.273096801536304
76008,760484747,15.7288906,3648,1879,0,2958,1685,142,-0.492984293193717,-0.0799127399650956,0,0.499419222041401
76009,760494746,15.7293339,3786,1888,0,3017,1693,142,-0.296317626527051,-0.053246073298429,0,0.301063581511159
76010,760504747,15.7297461,3771,1878,0,3005,1687,142,-0.336317626527051,-0.073246073298429,0,0.344201297450238
76011,760514746,15.7303973,3715,1887,0,2933,1690,142,-0.576317626527051,-0.063246073298429,0,0.579777606012377
76012,760524747,15.7311528,3767,1870,0,3010,1681,142,-0.319650959860384,-0.093246073298429,0,0.332973822282234
76013,760534747,15.7317721,3813,1896,0,3029,1690,142,-0.256317626527051,-0.063246073298429,0,0.264005286795797
76014,760544746,15.7439324,3824,1895,0,3031,1690,142,-0.249650959860384,-0.063246073298429,0,0.257537701214563
76015,760554747,15.7576574,3825,1887,0,3036,1699,142,-0.232984293193717,-0.033246073298429,0,0.235344390765407
76016,760564746,15.7584253,3835,1893,0,3040,1698,142,-0.219650959860384,-0.0365794066317623,0,0.22267599142503
76017,760574746,15.7762083,3830,1886,0,3033,1696,142,-0.242984293193717,-0.043246073298429,0,0.246802734171612
76018,760584747,15.7902871,3824,1893,0,3034,1698,142,-0.239650959860384,-0.0365794066317623,0,0.242426557026113
76019,760594746,15.7916722,3826,1887,0,3032,1693,142,-0.246317626527051,-0.053246073298429,0,0.252006978989911
76020,760604746,15.9432809,3825,1889,0,3034,1695,142,-0.239650959860384,-0.0465794066317623,0,0.244135666554829
76021,760614747,15.9443165,3825,1888,0,3028,1697,142,-0.259650959860384,-0.0399127399650956,0,0.262700680943046
76022,760624747,15.9451816,3818,1893,0,3035,1695,142,-0.236317626527051,-0.0465794066317623,0,0.240864405277213
76023,760634747,15.9459306,3807,1890,0,3031,1696,142,-0.249650959860384,-0.043246073298429,0,0.253368949587246
76024,760644746,15.9465554,3801,1890,0,3025,1687,142,-0.269650959860384,-0.073246073298429,0,0.27942195226443
76025,760654746,15.94701,3792,1893,0,3020,1690,142,-0.286317626527051,-0.063246073298429,0,0.293219796479968
76027,760674747,15.9475039,3759,1883,0,3005,1692,142,-0.336317626527051,-0.0565794066317623,0,0.341043655809034
76028,760684747,15.9479233,3830,1898,0,3034,1695,142,-0.239650959860384,-0.0465794066317623,0,0.244135666554829
76029,760694746,15.9483429,3840,1890,0,3041,1697,142,-0.216317626527051,-0.0399127399650956,0,0.219968957714078
76030,760704746,15.9487181,3853,1889,0,3048,1689,142,-0.192984293193717,-0.0665794066317623,0,0.204146405324503
76031,760714746,15.9490922,3856,1899,0,3048,1701,142,-0.192984293193717,-0.0265794066317623,0,0.194806063243358
76032,760724747,15.949459,3846,1891,0,3047,1697,142,-0.196317626527051,-0.0399127399650956,0,0.20033381466127
76033,760734746,15.9498497,3837,1888,0,3041,1693,142,-0.216317626527051,-0.053246073298429,0,0.222774459640234
76034,760744747,15.9504789,3862,1893,0,3052,1703,142,-0.179650959860384,-0.0199127399650956,0,0.180751167608054
76035,760754747,15.9615566,3877,1900,0,3058,1703,142,-0.159650959860384,-0.0199127399650956,0,0.160887992706912
76037,760774746,15.9769929,3887,1895,0,3058,1700,142,-0.159650959860384,-0.0299127399650956,0,0.162429064506822
76038,760784747,15.9775979,3901,1890,0,3067,1703,142,-0.129650959860384,-0.0199127399650956,0,0.131171218663381
76039,760794746,15.9931685,3892,1891,0,3062,1697,142,-0.146317626527051,-0.0399127399650956,0,0.151663689273441
76040,760804747,16.0090907,3859,1897,0,3049,1696,142,-0.189650959860384,-0.043246073298429,0,0.19451917497177
76041,760814747,16.0236119,3873,1893,0,3055,1701,142,-0.169650959860384,-0.0265794066317623,0,0.171720450262763
76042,760824746,16.0244528,3892,1903,0,3062,1701,142,-0.146317626527051,-0.0265794066317623,0,0.14871218070288
76043,760834747,16.0391187,3866,1899,0,3062,1701,142,-0.146317626527051,-0.0265794066317623,0,0.14871218070288
76044,760844747,16.0397324,3882,1895,0,3061,1701,142,-0.149650959860384,-0.0265794066317623,0,0.151993008536679
76045,760854747,16.1494923,3876,1899,0,3056,1692,142,-0.166317626527051,-0.0565794066317623,0,0.175678063936263
76046,760864747,16.1503391,3879,1890,0,3051,1702,142,-0.182984293193717,-0.023246073298429,0,0.184454957860721
76047,760874746,16.1512774,3858,1897,0,3053,1699,142,-0.176317626527051,-0.033246073298429,0,0.179424654977785
76048,760884746,16.1519841,3848,1890,0,3043,1695,142,-0.209650959860384,-0.0465794066317623,0,0.214763046384957
76049,760894748,16.152685,3920,1904,0,3072,1700,142,-0.112984293193717,-0.0299127399650956,0,0.11687695461768
76050,760904747,16.1533906,3823,1893,0,3035,1699,142,-0.236317626527051,-0.033246073298429,0,0.238644761093017
76051,760914746,16.1541765,3911,1895,0,3069,1703,142,-0.122984293193717,-0.0199127399650956,0,0.124585928520342
76052,760924746,16.1549835,3901,1899,0,3070,1701,142,-0.119650959860384,-0.0265794066317623,0,0.122567601968904
76053,760934747,16.1557739,3921,1902,0,3074,1699,142,-0.106317626527051,-0.033246073298429,0,0.111394520063197
76054,760944747,16.1565712,3907,1904,0,3076,1701,142,-0.099650959860384,-0.0265794066317623,0,0.103134759698137
76056,760964747,16.164786,3898,1899,0,3070,1701,142,-0.119650959860384,-0.0265794066317623,0,0.122567601968904
76057,760974747,16.1789903,3888,1894,0,3062,1701,142,-0.146317626527051,-0.0265794066317623,0,0.14871218070288
76058,760984747,16.1801284,3814,1883,0,3036,1696,142,-0.232984293193717,-0.043246073298429,0,0.236963929176381
76059,760994747,16.194332,3867,1894,0,3055,1697,142,-0.169650959860384,-0.0399127399650956,0,0.174282744392757
76060,761004747,16.1950648,3856,1893,0,3054,1697,142,-0.172984293193717,-0.0399127399650956,0,0.177529131421441
76061,761014747,16.2103434,3863,1891,0,3048,1697,142,-0.192984293193717,-0.0399127399650956,0,0.197068425251231
76062,761024747,16.2259594,3855,1890,0,3048,1699,142,-0.192984293193717,-0.033246073298429,0,0.195827063526069
76063,761034747,16.2400039,3850,1893,0,3044,1698,142,-0.206317626527051,-0.0365794066317623,0,0.209535238099197
76064,761044746,16.2407551,3856,1895,0,3044,1695,142,-0.206317626527051,-0.0465794066317623,0,0.211510293219793
76065,761054747,16.3504921,3844,1888,0,3043,1692,142,-0.209650959860384,-0.0565794066317623,0,0.217151454577635
76066,761064746,16.3516223,3913,1902,0,3073,1695,142,-0.109650959860384,-0.0465794066317623,0,0.119134269295071
76067,761074746,16.3525468,3915,1898,0,3077,1700,142,-0.0963176265270507,-0.0299127399650956,0,0.100855625485264
76068,761084746,16.3531305,3920,1902,0,3078,1700,142,-0.0929842931937173,-0.0299127399650956,0,0.0976772787958111
76069,761094747,16.3535725,3919,1901,0,3071,1698,142,-0.116317626527051,-0.0365794066317623,0,0.121933765751814
76070,761104747,16.3539768,3914,1899,0,3077,1705,142,-0.0963176265270507,-0.013246073298429,0,0.0972241926561068
76071,761114747,16.3544201,3913,1901,0,3069,1708,142,-0.122984293193717,-0.00324607329842896,0,0.123027124506009
76072,761124746,16.3548001,3907,1897,0,3070,1700,142,-0.119650959860384,-0.0299127399650956,0,0.123333386427725
76073,761134747,16.3552205,3904,1898,0,3071,1699,142,-0.116317626527051,-0.033246073298429,0,0.120975582786986
76074,761144746,16.3556457,3911,1894,0,3074,1704,142,-0.106317626527051,-0.0165794066317623,0,0.107602576338147
76075,761154747,16.3560299,3904,1899,0,3072,1697,142,-0.112984293193717,-0.0399127399650956,0,0.119826863932948
76077,761174746,16.3663538,3909,1894,0,3070,1698,142,-0.119650959860384,-0.0365794066317623,0,0.125117565453629
76078,761184747,16.3975312,3907,1900,0,3070,1704,142,-0.119650959860384,-0.0165794066317623,0,0.120794159294945
76079,761194746,16.3987859,3903,1892,0,3071,1701,142,-0.116317626527051,-0.0265794066317623,0,0.1193157789137
76080,761204746,16.3995865,3899,1901,0,3069,1704,142,-0.122984293193717,-0.0165794066317623,0,0.124096789227681
76081,761214747,16.4132577,3888,1899,0,3068,1702,142,-0.126317626527051,-0.023246073298429,0,0.128438789682959
76082,761224747,16.4298309,3895,1895,0,3066,1704,142,-0.132984293193717,-0.0165794066317623,0,0.134013801380656
76083,761234747,16.4306251,3887,1900,0,3064,1700,142,-0.139650959860384,-0.0299127399650956,0,0.142818635346183
76084,761244746,16.4444792,3888,1891,0,3062,1696,142,-0.146317626527051,-0.043246073298429,0,0.152574803582514
76085,761254747,16.4450363,3855,1886,0,3052,1696,142,-0.179650959860384,-0.043246073298429,0,0.184782819099857
76086,761264747,16.5432132,3828,1898,0,3036,1696,142,-0.232984293193717,-0.043246073298429,0,0.236963929176381
76087,761274746,16.5440342,3846,1890,0,3043,1698,142,-0.209650959860384,-0.0365794066317623,0,0.212818180520162
76088,761284746,16.5449002,3857,1893,0,3049,1701,142,-0.189650959860384,-0.0265794066317623,0,0.191504442331925
76089,761294747,16.5458393,3850,1894,0,3047,1694,142,-0.196317626527051,-0.0499127399650956,0,0.202563303922596
76090,761304746,16.5465392,3808,1888,0,3021,1692,142,-0.282984293193717,-0.0565794066317623,0,0.288585064494249
76091,761314746,16.5470079,3851,1891,0,3055,1692,142,-0.169650959860384,-0.0565794066317623,0,0.178837013608347
76092,761324746,16.5473909,3858,1887,0,3051,1699,142,-0.182984293193717,-0.033246073298429,0,0.185979979958513
76093,761334747,16.5477889,3888,1890,0,3061,1697,142,-0.149650959860384,-0.0399127399650956,0,0.154882008634494
76094,761344747,16.5481733,3898,1904,0,3067,1699,142,-0.129650959860384,-0.033246073298429,0,0.133845705132751
76095,761354747,16.554437,3901,1898,0,3062,1701,142,-0.146317626527051,-0.0265794066317623,0,0.14871218070288
76096,761364747,16.5688763,3897,1904,0,3071,1703,142,-0.116317626527051,-0.0199127399650956,0,0.118009776941591
76097,761374747,16.5696216,3894,1897,0,3069,1699,142,-0.122984293193717,-0.033246073298429,0,0.127398735323875
76098,761384747,16.5853488,3889,1904,0,3069,1705,142,-0.122984293193717,-0.013246073298429,0,0.123695573203674
76099,761394747,16.5861381,3903,1904,0,3069,1704,142,-0.122984293193717,-0.0165794066317623,0,0.124096789227681
76100,761404746,16.6016704,3889,1901,0,3063,1699,142,-0.142984293193717,-0.033246073298429,0,0.146798533677525
76101,761414746,16.6167316,3893,1897,0,3066,1704,142,-0.132984293193717,-0.0165794066317623,0,0.134013801380656
76102,761424747,16.6176537,3888,1891,0,3063,1704,142,-0.142984293193717,-0.0165794066317623,0,0.143942296856651
76103,761434747,16.6322755,3888,1897,0,3060,1702,142,-0.152984293193717,-0.023246073298429,0,0.154740343439509
76104,761444746,16.6478957,3856,1897,0,3049,1704,142,-0.189650959860384,-0.0165794066317623,0,0.190374271634132
76105,761454746,16.6486444,3855,1892,0,3049,1698,142,-0.189650959860384,-0.0365794066317623,0,0.193146420017294
76106,761464747,16.7549712,3856,1895,0,3050,1698,142,-0.186317626527051,-0.0365794066317623,0,0.189874461010967
76107,761474746,16.7557319,3859,1903,0,3055,1697,142,-0.169650959860384,-0.0399127399650956,0,0.174282744392757
76108,761484747,16.7564356,3859,1899,0,3055,1701,142,-0.169650959860384,-0.0265794066317623,0,0.171720450262763
76109,761494747,16.756994,3859,1894,0,3049,1699,142,-0.189650959860384,-0.033246073298429,0,0.192542950963492
76110,761504747,16.7574588,3867,1899,0,3051,1695,142,-0.182984293193717,-0.0465794066317623,0,0.188819735932903
76111,761514747,16.757879,3853,1891,0,3049,1692,142,-0.189650959860384,-0.0565794066317623,0,0.19791087850537
76112,761524747,16.7582966,3858,1892,0,3049,1693,142,-0.189650959860384,-0.053246073298429,0,0.196983834102361
76113,761534746,16.7588466,3849,1891,0,3051,1701,142,-0.182984293193717,-0.0265794066317623,0,0.184904614362381
76114,761544746,16.7594482,3873,1894,0,3057,1703,142,-0.162984293193717,-0.0199127399650956,0,0.164196215062264
76115,761554747,16.7600313,3868,1900,0,3055,1695,142,-0.169650959860384,-0.0465794066317623,0,0.175929216742748
76116,761564747,16.7604783,3858,1898,0,3053,1699,142,-0.176317626527051,-0.033246073298429,0,0.179424654977785
76117,761574747,16.7708833,3857,1891,0,3049,1704,142,-0.189650959860384,-0.0165794066317623,0,0.190374271634132
76118,761584746,16.7877593,3858,1897,0,3050,1697,142,-0.186317626527051,-0.0399127399650956,0,0.190544705426823
76119,761594747,16.7886085,3850,1901,0,3049,1696,142,-0.189650959860384,-0.043246073298429,0,0.19451917497177
76120,761604747,16.8028553,3841,1894,0,3043,1697,142,-0.209650959860384,-0.0399127399650956,0,0.213416381240761
76121,761614747,16.8179071,3856,1898,0,3047,1696,142,-0.196317626527051,-0.043246073298429,0,0.2010244595589
76122,761624746,16.8189036,3855,1895,0,3046,1703,142,-0.199650959860384,-0.0199127399650956,0,0.200641528567967
76123,761634746,16.8342542,3870,1898,0,3056,1700,142,-0.166317626527051,-0.0299127399650956,0,0.168986167794323
76124,761644747,16.8493693,3878,1899,0,3056,1699,142,-0.166317626527051,-0.033246073298429,0,0.169607942866353
76125,761654746,16.8500626,3885,1902,0,3060,1704,142,-0.152984293193717,-0.0165794066317623,0,0.153880052925136
76126,761664746,16.950967,3883,1893,0,3062,1698,142,-0.146317626527051,-0.0365794066317623,0,0.150820757265177
76127,761674746,16.9523195,3877,1897,0,3062,1705,142,-0.146317626527051,-0.013246073298429,0,0.146915983780992
76128,761684747,16.9531622,3878,1901,0,3057,1704,142,-0.162984293193717,-0.0165794066317623,0,0.163825384333799
76129,761694747,16.9538108,3893,1904,0,3066,1700,142,-0.132984293193717,-0.0299127399650956,0,0.136306985325228
76130,761704746,16.9542844,3901,1898,0,3074,1699,142,-0.106317626527051,-0.033246073298429,0,0.111394520063197
76131,761714746,16.9546681,3891,1907,0,3065,1701,142,-0.136317626527051,-0.0265794066317623,0,0.138884700953219
76132,761724746,16.9550767,3903,1904,0,3069,1704,142,-0.122984293193717,-0.0165794066317623,0,0.124096789227681
76133,761734746,16.9555017,3891,1885,0,3063,1701,142,-0.142984293193717,-0.0265794066317623,0,0.145433740779104
76134,761744747,16.9559479,3907,1901,0,3065,1697,142,-0.136317626527051,-0.0399127399650956,0,0.142040565028057
76135,761754747,16.9591088,3903,1900,0,3068,1705,142,-0.126317626527051,-0.013246073298429,0,0.127010240647181
76136,761764746,16.959538,3900,1895,0,3067,1705,142,-0.129650959860384,-0.013246073298429,0,0.13032586025247
76137,761774746,16.9737879,3905,1891,0,3069,1702,142,-0.122984293193717,-0.023246073298429,0,0.125161960260113
76138,761784746,16.9892689,3892,1901,0,3063,1699,142,-0.142984293193717,-0.033246073298429,0,0.146798533677525
76139,761794747,16.9899366,3885,1904,0,3065,1700,142,-0.136317626527051,-0.0299127399650956,0,0.139560980629214
76140,761804747,17.0053754,3877,1898,0,3061,1695,142,-0.149650959860384,-0.0465794066317623,0,0.156732418182396
76141,761814747,17.0059898,3888,1894,0,3062,1696,142,-0.146317626527051,-0.043246073298429,0,0.152574803582514
76142,761824746,17.0205662,3879,1898,0,3065,1701,142,-0.136317626527051,-0.0265794066317623,0,0.138884700953219
76143,761834746,17.036577,3916,1904,0,3071,1704,142,-0.116317626527051,-0.0165794066317623,0,0.117493263488371
76144,761844746,17.0370318,3920,1905,0,3078,1704,142,-0.0929842931937173,-0.0165794066317623,0,0.0944508099753333
76145,761854747,17.0531992,3925,1904,0,3076,1696,142,-0.099650959860384,-0.043246073298429,0,0.108630275047194
76146,761864746,17.0679594,3923,1904,0,3070,1706,142,-0.119650959860384,-0.00991273996509563,0,0.120060878762096
76147,761874747,17.0685017,3920,1903,0,3075,1699,142,-0.102984293193717,-0.033246073298429,0,0.108217678936364
76148,761884746,17.1668945,3920,1900,0,3072,1700,142,-0.112984293193717,-0.0299127399650956,0,0.11687695461768
76149,761894747,17.1679768,3903,1902,0,3073,1700,142,-0.109650959860384,-0.0299127399650956,0,0.113657841834706
76150,761904746,17.1689842,3911,1897,0,3067,1701,142,-0.129650959860384,-0.0265794066317623,0,0.132347407415542
76151,761914747,17.1697075,3898,1902,0,3067,1705,142,-0.129650959860384,-0.013246073298429,0,0.13032586025247
76152,761924747,17.1702129,3904,1902,0,3068,1700,142,-0.126317626527051,-0.0299127399650956,0,0.1298110734246
76153,761934747,17.1706269,3899,1901,0,3063,1697,142,-0.142984293193717,-0.0399127399650956,0,0.14845044597989
76154,761944746,17.1710017,3876,1897,0,3062,1701,142,-0.146317626527051,-0.0265794066317623,0,0.14871218070288
76155,761954747,17.1713972,3862,1894,0,3052,1692,142,-0.179650959860384,-0.0565794066317623,0,0.188349931334098
76156,761964746,17.1717734,3842,1889,0,3040,1698,142,-0.219650959860384,-0.0365794066317623,0,0.22267599142503
76157,761974747,17.1777129,3812,1894,0,3029,1696,142,-0.256317626527051,-0.043246073298429,0,0.259940278764553
76158,761984747,17.1782135,3866,1900,0,3048,1701,142,-0.192984293193717,-0.0265794066317623,0,0.194806063243358
76159,761994746,17.1945347,3855,1891,0,3051,1697,142,-0.182984293193717,-0.0399127399650956,0,0.187286620897291
76160,762004746,17.2109638,3835,1899,0,3046,1692,142,-0.199650959860384,-0.0565794066317623,0,0.207513216513973
76161,762014746,17.2128911,3845,1888,0,3044,1699,142,-0.206317626527051,-0.033246073298429,0,0.208979100403653
76162,762024746,17.2262712,3821,1898,0,3043,1703,142,-0.209650959860384,-0.0199127399650956,0,0.210594497039447
76163,762034746,17.2415237,3918,1904,0,3076,1703,142,-0.099650959860384,-0.0199127399650956,0,0.101621016596044
76164,762044746,17.2431228,3907,1898,0,3072,1703,142,-0.112984293193717,-0.0199127399650956,0,0.114725619289684
76165,762054746,17.2564778,3920,1897,0,3076,1699,142,-0.099650959860384,-0.033246073298429,0,0.105050536366362
76166,762064747,17.25729,3919,1898,0,3075,1698,142,-0.102984293193717,-0.0365794066317623,0,0.109287774403825
76167,762074747,17.2721589,3920,1901,0,3076,1705,142,-0.099650959860384,-0.013246073298429,0,0.100527470170711
76168,762084747,17.3740043,3916,1902,0,3076,1700,142,-0.099650959860384,-0.0299127399650956,0,0.104043672625082
76169,762094746,17.3749768,3934,1904,0,3074,1705,142,-0.106317626527051,-0.013246073298429,0,0.107139610640383
76170,762104746,17.3757984,3919,1897,0,3083,1705,142,-0.0763176265270507,-0.013246073298429,0,0.077458624933249
76171,762114747,17.3763795,3920,1902,0,3076,1699,142,-0.099650959860384,-0.033246073298429,0,0.105050536366362
76172,762124746,17.3769138,3925,1900,0,3079,1704,142,-0.089650959860384,-0.0165794066317623,0,0.0911711101618792
76173,762134747,17.37746,3923,1903,0,3084,1705,142,-0.0729842931937174,-0.013246073298429,0,0.0741765833050691
76174,762144746,17.3779793,3933,1901,0,3078,1702,142,-0.0929842931937173,-0.023246073298429,0,0.0958460155902744
76175,762154746,17.3790427,3921,1904,0,3079,1705,142,-0.089650959860384,-0.013246073298429,0,0.0906242410269765
76176,762164746,17.3798076,3921,1899,0,3078,1701,142,-0.0929842931937173,-0.0265794066317623,0,0.0967085499717153
76177,762174746,17.3807357,3920,1901,0,3076,1702,142,-0.099650959860384,-0.023246073298429,0,0.10232640775915
76178,762184747,17.381348,3921,1899,0,3079,1701,142,-0.089650959860384,-0.0265794066317623,0,0.0935080716344036
76179,762194747,17.3959662,3920,1903,0,3078,1699,142,-0.0929842931937173,-0.033246073298429,0,0.0987490768083414
76180,762204746,17.3969377,3922,1904,0,3077,1706,142,-0.0963176265270507,-0.00991273996509563,0,0.0968263786032506
76181,762214747,17.4121541,3920,1904,0,3081,1702,142,-0.0829842931937173,-0.023246073298429,0,0.0861787261489561
76182,762224746,17.4278751,3914,1904,0,3074,1705,142,-0.106317626527051,-0.013246073298429,0,0.107139610640383
76183,762234746,17.4290134,3911,1899,0,3070,1698,142,-0.119650959860384,-0.0365794066317623,0,0.125117565453629
76184,762244746,17.445542,3915,1901,0,3071,1699,142,-0.116317626527051,-0.033246073298429,0,0.120975582786986
76185,762254747,17.4584362,3918,1902,0,3074,1701,142,-0.106317626527051,-0.0265794066317623,0,0.109589701009
76187,762274746,17.4737913,3915,1899,0,3075,1704,142,-0.102984293193717,-0.0165794066317623,0,0.104310312859615
76188,762284746,17.4896182,3911,1903,0,3067,1700,142,-0.129650959860384,-0.0299127399650956,0,0.133056917914622
76189,762294747,17.4905007,3903,1893,0,3069,1697,142,-0.122984293193717,-0.0399127399650956,0,0.129298736203722
76190,762304746,17.5903024,3901,1894,0,3067,1700,142,-0.129650959860384,-0.0299127399650956,0,0.133056917914622
76191,762314746,17.5911324,3900,1897,0,3062,1704,142,-0.146317626527051,-0.0165794066317623,0,0.147253945810531
76192,762324746,17.5917764,3888,1900,0,3066,1705,142,-0.132984293193717,-0.013246073298429,0,0.133642361151171
76193,762334747,17.5923984,3893,1893,0,3070,1696,142,-0.119650959860384,-0.043246073298429,0,0.127226471503553
76194,762344747,17.5929609,3901,1891,0,3062,1699,142,-0.146317626527051,-0.033246073298429,0,0.150047156661744
76195,762354746,17.5935524,3903,1893,0,3068,1703,142,-0.126317626527051,-0.0199127399650956,0,0.12787751946431
76196,762364746,17.5941358,3906,1904,0,3063,1703,142,-0.142984293193717,-0.0199127399650956,0,0.144364210637625
76197,762374746,17.5946689,3901,1904,0,3063,1701,142,-0.142984293193717,-0.0265794066317623,0,0.145433740779104
76198,762384747,17.5952155,3917,1895,0,3069,1695,142,-0.122984293193717,-0.0465794066317623,0,0.131509609894202
76199,762394747,17.5989444,3893,1904,0,3069,1698,142,-0.122984293193717,-0.0365794066317623,0,0.128308960567413
76200,762404747,17.5995439,3920,1902,0,3071,1700,142,-0.116317626527051,-0.0299127399650956,0,0.120102299116653
76201,762414747,17.6152226,3920,1894,0,3071,1705,142,-0.116317626527051,-0.013246073298429,0,0.117069418289807
76202,762424747,17.6159075,3918,1902,0,3075,1699,142,-0.102984293193717,-0.033246073298429,0,0.108217678936364
76203,762434747,17.6305161,3914,1898,0,3075,1701,142,-0.102984293193717,-0.0265794066317623,0,0.106358965308554
76204,762444747,17.6465676,3910,1904,0,3074,1705,142,-0.106317626527051,-0.013246073298429,0,0.107139610640383
76205,762454747,17.6478113,3906,1897,0,3076,1705,142,-0.099650959860384,-0.013246073298429,0,0.100527470170711
76206,762464747,17.6776686,3906,1899,0,3072,1698,142,-0.112984293193717,-0.0365794066317623,0,0.118758172342015
76207,762474746,17.6781456,3915,1901,0,3076,1704,142,-0.099650959860384,-0.0165794066317623,0,0.101020743044967
76208,762484747,17.678533,3920,1903,0,3073,1704,142,-0.109650959860384,-0.0165794066317623,0,0.110897293576376
76209,762494746,17.6929479,3914,1900,0,3084,1705,142,-0.0729842931937174,-0.013246073298429,0,0.0741765833050691
76210,762504747,17.7082577,3909,1903,0,3076,1705,142,-0.099650959860384,-0.013246073298429,0,0.100527470170711
76211,762514747,17.7089228,3922,1904,0,3070,1703,142,-0.119650959860384,-0.0199127399650956,0,0.12129661746491
76212,762524746,17.8101693,3925,1904,0,3076,1704,142,-0.099650959860384,-0.0165794066317623,0,0.101020743044967
76213,762534747,17.8110966,3914,1904,0,3076,1702,142,-0.099650959860384,-0.023246073298429,0,0.10232640775915
76214,762544746,17.8119461,3922,1903,0,3072,1704,142,-0.112984293193717,-0.0165794066317623,0,0.114194252187863
76215,762554747,17.8126005,3914,1895,0,3076,1704,142,-0.099650959860384,-0.0165794066317623,0,0.101020743044967
76216,762564746,17.8131274,3920,1895,0,3075,1705,142,-0.102984293193717,-0.013246073298429,0,0.103832668762952
76217,762574747,17.8137575,3906,1904,0,3075,1703,142,-0.102984293193717,-0.0199127399650956,0,0.104891762581849
76218,762584746,17.8143053,3920,1901,0,3074,1698,142,-0.106317626527051,-0.0365794066317623,0,0.112434383975176
76219,762594747,17.8148247,3920,1901,0,3076,1706,142,-0.099650959860384,-0.00991273996509563,0,0.100142779144137
76220,762604747,17.8155942,3918,1894,0,3075,1704,142,-0.102984293193717,-0.0165794066317623,0,0.104310312859615
76221,762614746,17.8166974,3931,1904,0,3076,1704,142,-0.099650959860384,-0.0165794066317623,0,0.101020743044967
76222,762624747,17.8172626,3915,1899,0,3076,1701,142,-0.099650959860384,-0.0265794066317623,0,0.103134759698137
76223,762634746,17.8332905,3917,1897,0,3078,1705,142,-0.0929842931937173,-0.013246073298429,0,0.0939230389125189
76224,762644747,17.8481443,3922,1906,0,3077,1699,142,-0.0963176265270507,-0.033246073298429,0,0.101893996729782
76225,762654747,17.8488723,3920,1900,0,3074,1705,142,-0.106317626527051,-0.013246073298429,0,0.107139610640383
76226,762664747,17.8642131,3920,1905,0,3075,1705,142,-0.102984293193717,-0.013246073298429,0,0.103832668762952
76227,762674746,17.8795335,3925,1901,0,3075,1704,142,-0.102984293193717,-0.0165794066317623,0,0.104310312859615
76228,762684746,17.8802454,3920,1901,0,3074,1705,142,-0.106317626527051,-0.013246073298429,0,0.107139610640383
76229,762694746,17.895171,3936,1904,0,3076,1705,142,-0.099650959860384,-0.013246073298429,0,0.100527470170711
76230,762704747,17.8958571,3918,1905,0,3081,1704,142,-0.0829842931937173,-0.0165794066317623,0,0.0846242851734782
76231,762714747,17.9108228,3920,1904,0,3075,1701,142,-0.102984293193717,-0.0265794066317623,0,0.106358965308554
76232,762724746,18.0206068,3927,1904,0,3077,1701,142,-0.0963176265270507,-0.0265794066317623,0,0.0999177163304936
76233,762734747,18.0215756,3920,1901,0,3084,1705,142,-0.0729842931937174,-0.013246073298429,0,0.0741765833050691
76234,762744746,18.0223883,3932,1904,0,3079,1705,142,-0.089650959860384,-0.013246073298429,0,0.0906242410269765
76235,762754747,18.0234069,3926,1902,0,3082,1704,142,-0.079650959860384,-0.0165794066317623,0,0.0813581718756133
76236,762764746,18.024145,3920,1899,0,3080,1704,142,-0.0863176265270507,-0.0165794066317623,0,0.0878954456927361
76237,762774747,18.0247408,3933,1895,0,3078,1704,142,-0.0929842931937173,-0.0165794066317623,0,0.0944508099753333
76238,762784747,18.0254227,3927,1904,0,3079,1704,142,-0.089650959860384,-0.0165794066317623,0,0.0911711101618792
76239,762794746,18.0261281,3927,1903,0,3084,1703,142,-0.0729842931937174,-0.0199127399650956,0,0.0756519944608469
76240,762804747,18.0267591,3925,1904,0,3076,1704,142,-0.099650959860384,-0.0165794066317623,0,0.101020743044967
76241,762814746,18.0273207,3937,1907,0,3078,1701,142,-0.0929842931937173,-0.0265794066317623,0,0.0967085499717153
76242,762824747,18.0279081,3932,1899,0,3079,1704,142,-0.089650959860384,-0.0165794066317623,0,0.0911711101618792
76243,762834747,18.0371253,3931,1902,0,3081,1704,142,-0.0829842931937173,-0.0165794066317623,0,0.0846242851734782
76244,762844746,18.0377646,3928,1900,0,3083,1707,142,-0.0763176265270507,-0.00657940663176229,0,0.0766007095942881
76245,762854746,18.0526919,3922,1903,0,3084,1705,142,-0.0729842931937174,-0.013246073298429,0,0.0741765833050691
76246,762864746,18.0674919,3931,1904,0,3079,1705,142,-0.089650959860384,-0.013246073298429,0,0.0906242410269765
76247,762874746,18.0828103,3938,1900,0,3084,1700,142,-0.0729842931937174,-0.0299127399650956,0,0.078876353016642
76248,762884746,18.084403,3923,1903,0,3079,1703,142,-0.089650959860384,-0.0199127399650956,0,0.0918357872335491
76249,762894746,18.0975785,3923,1902,0,3083,1704,142,-0.0763176265270507,-0.0165794066317623,0,0.0780977390388718
76251,762914745,18.1133986,3925,1903,0,3083,1699,142,-0.0763176265270507,-0.033246073298429,0,0.0832447085915189
76252,762924746,18.2255164,3933,1894,0,3080,1705,142,-0.0863176265270507,-0.013246073298429,0,0.0873280659758978
76253,762934746,18.2265012,3935,1899,0,3081,1705,142,-0.0829842931937173,-0.013246073298429,0,0.0840348223933876
76254,762944746,18.2273121,3919,1903,0,3077,1703,142,-0.0963176265270507,-0.0199127399650956,0,0.0983544731708829
76255,762954747,18.228062,3929,1900,0,3076,1703,142,-0.099650959860384,-0.0199127399650956,0,0.101621016596044
76256,762964746,18.2285856,3943,1897,0,3078,1705,142,-0.0929842931937173,-0.013246073298429,0,0.0939230389125189
76257,762974747,18.2290891,3921,1906,0,3076,1704,142,-0.099650959860384,-0.0165794066317623,0,0.101020743044967
76258,762984746,18.2295795,3925,1904,0,3076,1701,142,-0.099650959860384,-0.0265794066317623,0,0.103134759698137
76259,762994747,18.230116,3919,1903,0,3083,1699,142,-0.0763176265270507,-0.033246073298429,0,0.0832447085915189
76261,763014746,18.2306286,3935,1901,0,3082,1703,142,-0.079650959860384,-0.0199127399650956,0,0.0821023301715489
76262,763024746,18.2311797,3914,1901,0,3083,1705,142,-0.0763176265270507,-0.013246073298429,0,0.077458624933249
76263,763034746,18.2386579,3931,1903,0,3083,1704,142,-0.0763176265270507,-0.0165794066317623,0,0.0780977390388718
76264,763044746,18.2394774,3930,1895,0,3077,1705,142,-0.0963176265270507,-0.013246073298429,0,0.0972241926561068
76265,763054746,18.255072,3926,1902,0,3080,1698,142,-0.0863176265270507,-0.0365794066317623,0,0.0937485233952792
76266,763064746,18.2557641,3924,1899,0,3082,1704,142,-0.079650959860384,-0.0165794066317623,0,0.0813581718756133
76267,763074747,18.2713049,3920,1904,0,3079,1705,142,-0.089650959860384,-0.013246073298429,0,0.0906242410269765
76268,763084746,18.285673,3924,1905,0,3076,1700,142,-0.099650959860384,-0.0299127399650956,0,0.104043672625082
76269,763094746,18.286687,3921,1904,0,3081,1703,142,-0.0829842931937173,-0.0199127399650956,0,0.0853399679504179
76271,763114747,18.4162975,3922,1893,0,3082,1704,142,-0.079650959860384,-0.0165794066317623,0,0.0813581718756133
76272,763124746,18.4171264,3920,1905,0,3078,1701,142,-0.0929842931937173,-0.0265794066317623,0,0.0967085499717153
76273,763134746,18.4180053,3919,1903,0,3079,1704,142,-0.089650959860384,-0.0165794066317623,0,0.0911711101618792
76274,763144746,18.4188358,3920,1898,0,3077,1699,142,-0.0963176265270507,-0.033246073298429,0,0.101893996729782
76275,763154747,18.4194175,3924,1907,0,3081,1699,142,-0.0829842931937173,-0.033246073298429,0,0.0893962768051632
76276,763164746,18.4199467,3926,1904,0,3088,1705,142,-0.059650959860384,-0.013246073298429,0,0.0611039726212011
76277,763174747,18.4204327,3930,1898,0,3079,1705,142,-0.089650959860384,-0.013246073298429,0,0.0906242410269765
76278,763184747,18.4209458,3931,1903,0,3084,1701,142,-0.0729842931937174,-0.0265794066317623,0,0.0776734955430941
76279,763194747,18.4214211,3929,1898,0,3077,1704,142,-0.0963176265270507,-0.0165794066317623,0,0.0977341388874212
76280,763204747,18.4219132,3933,1902,0,3078,1705,142,-0.0929842931937173,-0.013246073298429,0,0.0939230389125189
76281,763214747,18.4223836,3931,1902,0,3079,1705,142,-0.089650959860384,-0.013246073298429,0,0.0906242410269765
76282,763224747,18.4283348,3925,1899,0,3077,1705,142,-0.0963176265270507,-0.013246073298429,0,0.0972241926561068
76283,763234746,18.4288548,3930,1904,0,3079,1704,142,-0.089650959860384,-0.0165794066317623,0,0.0911711101618792
76284,763244746,18.4427383,3934,1898,0,3078,1705,142,-0.0929842931937173,-0.013246073298429,0,0.0939230389125189
76285,763254747,18.4585938,3931,1898,0,3078,1704,142,-0.0929842931937173,-0.0165794066317623,0,0.0944508099753333
76286,763264746,18.459304,3915,1897,0,3075,1705,142,-0.102984293193717,-0.013246073298429,0,0.103832668762952
76287,763274746,18.4738119,3919,1900,0,3076,1704,142,-0.099650959860384,-0.0165794066317623,0,0.101020743044967
76288,763284746,18.4900886,3920,1903,0,3074,1704,142,-0.106317626527051,-0.0165794066317623,0,0.107602576338147
76289,763294746,18.4910328,3920,1901,0,3076,1704,142,-0.099650959860384,-0.0165794066317623,0,0.101020743044967
76290,763304747,18.5069414,3920,1901,0,3075,1699,142,-0.102984293193717,-0.033246073298429,0,0.108217678936364
76291,763314746,18.5074415,3923,1900,0,3070,1701,142,-0.119650959860384,-0.0265794066317623,0,0.122567601968904
76292,763324746,18.5220281,3922,1901,0,3074,1705,142,-0.106317626527051,-0.013246073298429,0,0.107139610640383
76293,763334747,18.6465899,3914,1895,0,3073,1703,142,-0.109650959860384,-0.0199127399650956,0,0.111444381694283
76294,763344747,18.6475707,3916,1895,0,3072,1704,142,-0.112984293193717,-0.0165794066317623,0,0.114194252187863
76295,763354746,18.6483433,3913,1902,0,3072,1698,142,-0.112984293193717,-0.0365794066317623,0,0.118758172342015
76296,763364746,18.6488797,3911,1897,0,3072,1703,142,-0.112984293193717,-0.0199127399650956,0,0.114725619289684
76297,763374746,18.6494475,3921,1900,0,3073,1696,142,-0.109650959860384,-0.043246073298429,0,0.117870928790931
76298,763384746,18.6501013,3908,1899,0,3076,1703,142,-0.099650959860384,-0.0199127399650956,0,0.101621016596044
76299,763394747,18.6507539,3919,1904,0,3072,1702,142,-0.112984293193717,-0.023246073298429,0,0.115350901306751
76301,763414747,18.6513394,3909,1895,0,3069,1699,142,-0.122984293193717,-0.033246073298429,0,0.127398735323875
76302,763424746,18.6519273,3905,1903,0,3072,1703,142,-0.112984293193717,-0.0199127399650956,0,0.114725619289684
76303,763434747,18.6524928,3903,1893,0,3074,1704,142,-0.106317626527051,-0.0165794066317623,0,0.107602576338147
76304,763444746,18.6530067,3914,1899,0,3075,1699,142,-0.102984293193717,-0.033246073298429,0,0.108217678936364
76305,763454747,18.6611596,3914,1904,0,3075,1705,142,-0.102984293193717,-0.013246073298429,0,0.103832668762952
76306,763464746,18.6618451,3904,1897,0,3069,1695,142,-0.122984293193717,-0.0465794066317623,0,0.131509609894202
76307,763474747,18.6776983,3898,1895,0,3070,1700,142,-0.119650959860384,-0.0299127399650956,0,0.123333386427725
76308,763484746,18.6785824,3907,1903,0,3070,1701,142,-0.119650959860384,-0.0265794066317623,0,0.122567601968904
76309,763494746,18.6927031,3914,1903,0,3072,1706,142,-0.112984293193717,-0.00991273996509563,0,0.113418309465886
76310,763504746,18.7076795,3906,1893,0,3067,1700,142,-0.129650959860384,-0.0299127399650956,0,0.133056917914622
76311,763514747,18.7085874,3895,1900,0,3069,1704,142,-0.122984293193717,-0.0165794066317623,0,0.124096789227681
76312,763524746,18.8271678,3910,1895,0,3070,1704,142,-0.119650959860384,-0.0165794066317623,0,0.120794159294945
76313,763534746,18.8279945,3903,1904,0,3068,1698,142,-0.126317626527051,-0.0365794066317623,0,0.131507398122536
76314,763544746,18.8287654,3907,1904,0,3069,1702,142,-0.122984293193717,-0.023246073298429,0,0.125161960260113
76315,763554747,18.829482,3914,1893,0,3069,1698,142,-0.122984293193717,-0.0365794066317623,0,0.128308960567413
76316,763564746,18.8301158,3909,1901,0,3068,1695,142,-0.126317626527051,-0.0465794066317623,0,0.134632031454608
76317,763574746,18.8308379,3909,1900,0,3065,1700,142,-0.136317626527051,-0.0299127399650956,0,0.139560980629214
76318,763584746,18.8315264,3900,1891,0,3067,1701,142,-0.129650959860384,-0.0265794066317623,0,0.132347407415542
76319,763594746,18.8321596,3899,1902,0,3065,1701,142,-0.136317626527051,-0.0265794066317623,0,0.138884700953219
76320,763604746,18.8328968,3888,1895,0,3064,1705,142,-0.139650959860384,-0.013246073298429,0,0.140277756781872
76321,763614747,18.8334006,3888,1904,0,3063,1698,142,-0.142984293193717,-0.0365794066317623,0,0.147589163184967
76322,763624746,18.8338189,3891,1895,0,3059,1695,142,-0.156317626527051,-0.0465794066317623,0,0.16310990615293
76323,763634747,18.834728,3872,1903,0,3056,1702,142,-0.166317626527051,-0.023246073298429,0,0.167934311018885
76324,763644747,18.8503615,3888,1893,0,3057,1696,142,-0.162984293193717,-0.043246073298429,0,0.168624146205663
76325,763654747,18.8514316,3888,1903,0,3064,1701,142,-0.139650959860384,-0.0265794066317623,0,0.142157853975161
76326,763664746,18.8550886,3887,1901,0,3059,1697,142,-0.156317626527051,-0.0399127399650956,0,0.161332659974885
76327,763674746,18.8805208,3879,1899,0,3059,1701,142,-0.156317626527051,-0.0265794066317623,0,0.158561234921866
76328,763684746,18.8813663,3879,1894,0,3062,1695,142,-0.146317626527051,-0.0465794066317623,0,0.153552886507146
76329,763694747,18.8961155,3875,1901,0,3062,1701,142,-0.146317626527051,-0.0265794066317623,0,0.14871218070288
76330,763704747,18.8968317,3876,1895,0,3062,1701,142,-0.146317626527051,-0.0265794066317623,0,0.14871218070288
76331,763714747,18.9123276,3891,1901,0,3059,1703,142,-0.156317626527051,-0.0199127399650956,0,0.157580828706947
76332,763724747,18.9269309,3884,1902,0,3062,1700,142,-0.146317626527051,-0.0299127399650956,0,0.149343964875481
76333,763734746,18.9276837,3879,1892,0,3055,1705,142,-0.169650959860384,-0.013246073298429,0,0.170167290157001
76334,763744747,19.0250563,3878,1898,0,3056,1703,142,-0.166317626527051,-0.0199127399650956,0,0.167505433065644
76335,763754746,19.0258015,3887,1897,0,3058,1698,142,-0.159650959860384,-0.0365794066317623,0,0.163787917667555
76336,763764746,19.0265423,3886,1897,0,3056,1701,142,-0.166317626527051,-0.0265794066317623,0,0.16842807886599
76337,763774747,19.0272817,3870,1894,0,3056,1693,142,-0.166317626527051,-0.053246073298429,0,0.174633035864619
76338,763784747,19.0279538,3877,1894,0,3056,1696,142,-0.166317626527051,-0.043246073298429,0,0.171848118259481
76339,763794747,19.0285574,3875,1901,0,3059,1696,142,-0.156317626527051,-0.043246073298429,0,0.162189467040198
76340,763804746,19.0291035,3886,1895,0,3061,1703,142,-0.149650959860384,-0.0199127399650956,0,0.150969953964528
76341,763814746,19.0296511,3878,1893,0,3062,1704,142,-0.146317626527051,-0.0165794066317623,0,0.147253945810531
76342,763824747,19.0301769,3889,1902,0,3061,1696,142,-0.149650959860384,-0.043246073298429,0,0.155774300328608
76343,763834747,19.0370126,3877,1900,0,3060,1697,142,-0.152984293193717,-0.0399127399650956,0,0.158105094084608
76344,763844747,19.0379373,3875,1895,0,3058,1697,142,-0.159650959860384,-0.0399127399650956,0,0.164564442683902
76345,763854747,19.0529751,3888,1893,0,3065,1698,142,-0.136317626527051,-0.0365794066317623,0,0.141140172493519
76346,763864747,19.0684399,3874,1903,0,3062,1704,142,-0.146317626527051,-0.0165794066317623,0,0.147253945810531
76347,763874746,19.0692706,3888,1899,0,3058,1696,142,-0.159650959860384,-0.043246073298429,0,0.165404509733184
76348,763884747,19.0835601,3878,1900,0,3059,1696,142,-0.156317626527051,-0.043246073298429,0,0.162189467040198
76349,763894747,19.0981796,3878,1901,0,3063,1703,142,-0.142984293193717,-0.0199127399650956,0,0.144364210637625
76350,763904747,19.0989574,3894,1904,0,3066,1702,142,-0.132984293193717,-0.023246073298429,0,0.13500074873877
76352,763924746,19.1298251,3888,1891,0,3062,1695,142,-0.146317626527051,-0.0465794066317623,0,0.153552886507146
76353,763934746,19.130453,3892,1892,0,3062,1698,142,-0.146317626527051,-0.0365794066317623,0,0.150820757265177
76354,763944746,19.2282432,3890,1898,0,3062,1697,142,-0.146317626527051,-0.0399127399650956,0,0.151663689273441
76355,763954747,19.2291029,3899,1904,0,3067,1699,142,-0.129650959860384,-0.033246073298429,0,0.133845705132751
76356,763964746,19.2299439,3897,1904,0,3065,1699,142,-0.136317626527051,-0.033246073298429,0,0.140313209256053
76357,763974746,19.2307,3905,1899,0,3072,1700,142,-0.112984293193717,-0.0299127399650956,0,0.11687695461768
76358,763984747,19.2313181,3906,1902,0,3066,1704,142,-0.132984293193717,-0.0165794066317623,0,0.134013801380656
76359,763994747,19.2319262,3914,1901,0,3065,1701,142,-0.136317626527051,-0.0265794066317623,0,0.138884700953219
76361,764014746,19.2325814,3909,1899,0,3076,1703,142,-0.099650959860384,-0.0199127399650956,0,0.101621016596044
76362,764024746,19.2331777,3910,1898,0,3074,1704,142,-0.106317626527051,-0.0165794066317623,0,0.107602576338147
76363,764034747,19.2392523,3919,1903,0,3072,1695,142,-0.112984293193717,-0.0465794066317623,0,0.122209212544108
76364,764044746,19.2401491,3919,1896,0,3076,1700,142,-0.099650959860384,-0.0299127399650956,0,0.104043672625082
76365,764054747,19.2559959,3941,1898,0,3081,1705,142,-0.0829842931937173,-0.013246073298429,0,0.0840348223933876
76366,764064746,19.2570449,3927,1901,0,3081,1705,142,-0.0829842931937173,-0.013246073298429,0,0.0840348223933876
76367,764074747,19.2716879,3943,1907,0,3081,1705,142,-0.0829842931937173,-0.013246073298429,0,0.0840348223933876
76368,764084746,19.2870966,3926,1898,0,3081,1704,142,-0.0829842931937173,-0.0165794066317623,0,0.0846242851734782
76369,764094747,19.2879409,3927,1905,0,3085,1705,142,-0.069650959860384,-0.013246073298429,0,0.0708993276928645
76370,764104747,19.3169343,3938,1901,0,3079,1700,142,-0.089650959860384,-0.0299127399650956,0,0.0945096112366759
76371,764114753,19.3176003,3945,1906,0,3078,1701,142,-0.0929842931937173,-0.0265794066317623,0,0.0967085499717153
76372,764124747,19.3180848,3931,1899,0,3080,1699,142,-0.0863176265270507,-0.033246073298429,0,0.092498832636028
76373,764134747,19.3326632,3936,1903,0,3085,1703,142,-0.069650959860384,-0.0199127399650956,0,0.0724415172562692
76374,764144746,19.3474653,3946,1902,0,3085,1705,142,-0.069650959860384,-0.013246073298429,0,0.0708993276928645
76375,764154747,19.3481205,3933,1903,0,3086,1704,142,-0.0663176265270507,-0.0165794066317623,0,0.0683586447528233
76376,764164746,19.4452014,3942,1904,0,3089,1708,142,-0.0563176265270507,-0.00324607329842896,0,0.0564110986375832
76377,764174746,19.4460571,3943,1904,0,3090,1701,142,-0.0529842931937173,-0.0265794066317623,0,0.059277315915402
76378,764184746,19.4469477,3945,1905,0,3080,1698,142,-0.0863176265270507,-0.0365794066317623,0,0.0937485233952792
76379,764194747,19.4481278,3935,1903,0,3086,1708,142,-0.0663176265270507,-0.00324607329842896,0,0.0663970223732974
76380,764204747,19.4488297,3942,1904,0,3090,1707,142,-0.0529842931937173,-0.00657940663176229,0,0.0533912344572017
76381,764214746,19.4493133,3938,1904,0,3088,1703,142,-0.059650959860384,-0.0199127399650956,0,0.0628868366606451
76382,764224747,19.4497408,3931,1904,0,3087,1702,142,-0.0629842931937173,-0.023246073298429,0,0.0671371812999926
76383,764234747,19.4501316,3937,1904,0,3089,1706,142,-0.0563176265270507,-0.00991273996509563,0,0.0571833670856829
76384,764244746,19.4505161,3939,1902,0,3079,1703,142,-0.089650959860384,-0.0199127399650956,0,0.0918357872335491
76385,764254746,19.4564345,3925,1904,0,3083,1705,142,-0.0763176265270507,-0.013246073298429,0,0.077458624933249
76386,764264746,19.4570689,3920,1904,0,3082,1700,142,-0.079650959860384,-0.0299127399650956,0,0.0850825917500163
76387,764274746,19.4707855,3934,1899,0,3081,1706,142,-0.0829842931937173,-0.00991273996509563,0,0.0835742504033177
76388,764284747,19.4868979,3931,1904,0,3079,1700,142,-0.089650959860384,-0.0299127399650956,0,0.0945096112366759
76389,764294747,19.5017288,3931,1899,0,3083,1705,142,-0.0763176265270507,-0.013246073298429,0,0.077458624933249
76390,764304746,19.5028411,3927,1904,0,3085,1706,142,-0.069650959860384,-0.00991273996509563,0,0.0703528153174301
76391,764314746,19.5185933,3934,1902,0,3080,1703,142,-0.0863176265270507,-0.0199127399650956,0,0.0885847044482337
76392,764324746,19.5192375,3935,1904,0,3085,1704,142,-0.069650959860384,-0.0165794066317623,0,0.0715970176315616
76393,764334747,19.5333742,3936,1904,0,3081,1697,142,-0.0829842931937173,-0.0399127399650956,0,0.0920837647383196
76394,764344747,19.5485978,3926,1898,0,3086,1705,142,-0.0663176265270507,-0.013246073298429,0,0.067627553896387
76395,764354746,19.5491942,3935,1904,0,3080,1699,142,-0.0863176265270507,-0.033246073298429,0,0.092498832636028
76396,764364746,19.6565161,3930,1904,0,3083,1705,142,-0.0763176265270507,-0.013246073298429,0,0.077458624933249
76397,764374746,19.6575602,3934,1897,0,3079,1701,142,-0.089650959860384,-0.0265794066317623,0,0.0935080716344036
76398,764384746,19.6583403,3927,1905,0,3088,1702,142,-0.059650959860384,-0.023246073298429,0,0.0640204415484701
76399,764394746,19.6589675,3935,1904,0,3084,1705,142,-0.0729842931937174,-0.013246073298429,0,0.0741765833050691
76400,764404747,19.6595624,3939,1903,0,3081,1704,142,-0.0829842931937173,-0.0165794066317623,0,0.0846242851734782
76401,764414747,19.6601569,3946,1901,0,3084,1705,142,-0.0729842931937174,-0.013246073298429,0,0.0741765833050691
76402,764424747,19.6606751,3942,1902,0,3081,1695,142,-0.0829842931937173,-0.0465794066317623,0,0.0951631968726771
76403,764434747,19.6611425,3945,1897,0,3085,1705,142,-0.069650959860384,-0.013246073298429,0,0.0708993276928645
76404,764444746,19.6616097,3936,1905,0,3077,1700,142,-0.0963176265270507,-0.0299127399650956,0,0.100855625485264
76405,764454747,19.6624358,3935,1894,0,3078,1704,142,-0.0929842931937173,-0.0165794066317623,0,0.0944508099753333
76406,764464746,19.6629706,3927,1899,0,3078,1705,142,-0.0929842931937173,-0.013246073298429,0,0.0939230389125189
76407,764474747,19.6737565,3938,1903,0,3084,1704,142,-0.0729842931937174,-0.0165794066317623,0,0.0748437290442414
76408,764484747,19.6896831,3939,1903,0,3079,1703,142,-0.089650959860384,-0.0199127399650956,0,0.0918357872335491
76409,764494746,19.6905332,3950,1904,0,3086,1703,142,-0.0663176265270507,-0.0199127399650956,0,0.0692426516036098
76410,764504746,19.7054257,3946,1900,0,3087,1704,142,-0.0629842931937173,-0.0165794066317623,0,0.0651298542403825
76411,764514746,19.72076,3935,1904,0,3084,1704,142,-0.0729842931937174,-0.0165794066317623,0,0.0748437290442414
76412,764524746,19.7216713,3943,1898,0,3084,1708,142,-0.0729842931937174,-0.00324607329842896,0,0.0730564442389942
76413,764534747,19.7366362,3936,1906,0,3084,1708,142,-0.0729842931937174,-0.00324607329842896,0,0.0730564442389942
76414,764544746,19.7373346,3931,1904,0,3086,1705,142,-0.0663176265270507,-0.013246073298429,0,0.067627553896387
76415,764554747,19.7522619,3946,1901,0,3090,1705,142,-0.0529842931937173,-0.013246073298429,0,0.0546149593340978
76416,764564747,19.8548513,3942,1899,0,3085,1698,142,-0.069650959860384,-0.0365794066317623,0,0.0786721627960274
76417,764574747,19.8557299,3937,1902,0,3084,1705,142,-0.0729842931937174,-0.013246073298429,0,0.0741765833050691
76418,764584747,19.8564601,3943,1906,0,3085,1707,142,-0.069650959860384,-0.00657940663176229,0,0.0699610234423347
76419,764594746,19.8570367,3936,1904,0,3084,1696,142,-0.0729842931937174,-0.043246073298429,0,0.0848347211271398
76420,764604746,19.8574914,3930,1903,0,3084,1705,142,-0.0729842931937174,-0.013246073298429,0,0.0741765833050691
76421,764614746,19.8580834,3935,1904,0,3083,1704,142,-0.0763176265270507,-0.0165794066317623,0,0.0780977390388718
76422,764624746,19.8587147,3922,1894,0,3079,1705,142,-0.089650959860384,-0.013246073298429,0,0.0906242410269765
76423,764634746,19.8593626,3933,1907,0,3082,1705,142,-0.079650959860384,-0.013246073298429,0,0.0807448689670611
76424,764644746,19.8599663,3931,1905,0,3080,1705,142,-0.0863176265270507,-0.013246073298429,0,0.0873280659758978
76425,764654747,19.8607026,3935,1898,0,3084,1711,142,-0.0729842931937174,0.00675392670157104,0,0.073296129358082
76426,764664747,19.8616355,3935,1902,0,3083,1706,142,-0.0763176265270507,-0.00991273996509563,0,0.0769587066701227
76427,764674747,19.8777357,3935,1903,0,3087,1705,142,-0.0629842931937173,-0.013246073298429,0,0.0643620979066057
76428,764684747,19.8783919,3947,1895,0,3081,1705,142,-0.0829842931937173,-0.013246073298429,0,0.0840348223933876
76429,764694747,19.8967125,3930,1902,0,3085,1701,142,-0.069650959860384,-0.0265794066317623,0,0.0745501245228296
76430,764704746,19.9105138,3935,1905,0,3082,1705,142,-0.079650959860384,-0.013246073298429,0,0.0807448689670611
76431,764714747,19.9124541,3933,1906,0,3084,1704,142,-0.0729842931937174,-0.0165794066317623,0,0.0748437290442414
76432,764724746,19.9271656,3952,1898,0,3085,1704,142,-0.069650959860384,-0.0165794066317623,0,0.0715970176315616
76433,764734746,19.928789,3939,1905,0,3084,1704,142,-0.0729842931937174,-0.0165794066317623,0,0.0748437290442414
76434,764744747,19.9436867,3931,1899,0,3084,1700,142,-0.0729842931937174,-0.0299127399650956,0,0.078876353016642
76435,764754746,19.945713,3936,1906,0,3083,1705,142,-0.0763176265270507,-0.013246073298429,0,0.077458624933249
76436,764764746,19.9577072,3925,1897,0,3079,1700,142,-0.089650959860384,-0.0299127399650956,0,0.0945096112366759
76437,764774747,20.0754401,3909,1902,0,3073,1703,142,-0.109650959860384,-0.0199127399650956,0,0.111444381694283
76438,764784747,20.0763525,3905,1904,0,3073,1703,142,-0.109650959860384,-0.0199127399650956,0,0.111444381694283
76439,764794746,20.0769671,3906,1901,0,3067,1705,142,-0.129650959860384,-0.013246073298429,0,0.13032586025247
76440,764804747,20.0773849,3901,1897,0,3068,1699,142,-0.126317626527051,-0.033246073298429,0,0.130619463179084
76441,764814747,20.0777948,3894,1900,0,3066,1703,142,-0.132984293193717,-0.0199127399650956,0,0.13446687119566
76442,764824746,20.0782227,3894,1895,0,3065,1705,142,-0.136317626527051,-0.013246073298429,0,0.136959679321309
76443,764834747,20.0786927,3893,1901,0,3067,1704,142,-0.129650959860384,-0.0165794066317623,0,0.130706725599642
76444,764844747,20.0790771,3894,1903,0,3068,1704,142,-0.126317626527051,-0.0165794066317623,0,0.127401018424849
76445,764854747,20.0794612,3891,1897,0,3070,1696,142,-0.119650959860384,-0.043246073298429,0,0.127226471503553
76446,764864746,20.0798591,3888,1894,0,3069,1695,142,-0.122984293193717,-0.0465794066317623,0,0.131509609894202
76447,764874747,20.0802961,3894,1899,0,3069,1704,142,-0.122984293193717,-0.0165794066317623,0,0.124096789227681
76448,764884746,20.0846678,3888,1894,0,3069,1696,142,-0.122984293193717,-0.043246073298429,0,0.130366250341457
76449,764894746,20.0973231,3888,1904,0,3063,1698,142,-0.142984293193717,-0.0365794066317623,0,0.147589163184967
76450,764904746,20.0979666,3893,1895,0,3070,1698,142,-0.119650959860384,-0.0365794066317623,0,0.125117565453629
76451,764914747,20.1137581,3888,1893,0,3064,1697,142,-0.139650959860384,-0.0399127399650956,0,0.145242615652046
76452,764924746,20.1287579,3893,1902,0,3067,1704,142,-0.129650959860384,-0.0165794066317623,0,0.130706725599642
76453,764934746,20.1295395,3889,1894,0,3066,1701,142,-0.132984293193717,-0.0265794066317623,0,0.135614479658808
76454,764944747,20.1442915,3888,1895,0,3064,1698,142,-0.139650959860384,-0.0365794066317623,0,0.144362195811294
76455,764954746,20.1588453,3888,1900,0,3062,1701,142,-0.146317626527051,-0.0265794066317623,0,0.14871218070288
76456,764964746,20.1748072,3888,1898,0,3066,1699,142,-0.132984293193717,-0.033246073298429,0,0.137077071846451
76457,764974746,20.1753639,3888,1903,0,3069,1698,142,-0.122984293193717,-0.0365794066317623,0,0.128308960567413
76458,764984747,20.1757485,3890,1899,0,3069,1699,142,-0.122984293193717,-0.033246073298429,0,0.127398735323875
76459,764994746,20.2826094,3898,1899,0,3062,1699,142,-0.146317626527051,-0.033246073298429,0,0.150047156661744
76460,765004746,20.2834102,3888,1903,0,3066,1699,142,-0.132984293193717,-0.033246073298429,0,0.137077071846451
76461,765014746,20.2847212,3886,1895,0,3064,1696,142,-0.139650959860384,-0.043246073298429,0,0.14619375310067
76462,765024746,20.2855141,3891,1903,0,3062,1704,142,-0.146317626527051,-0.0165794066317623,0,0.147253945810531
76463,765034747,20.28617,3888,1894,0,3061,1700,142,-0.149650959860384,-0.0299127399650956,0,0.152611211250529
76464,765044746,20.2868261,3888,1901,0,3066,1695,142,-0.132984293193717,-0.0465794066317623,0,0.140905867011987
76465,765054746,20.2876145,3888,1897,0,3060,1697,142,-0.152984293193717,-0.0399127399650956,0,0.158105094084608
76466,765064746,20.2884342,3883,1903,0,3062,1698,142,-0.146317626527051,-0.0365794066317623,0,0.150820757265177
76467,765074746,20.2889979,3888,1901,0,3058,1697,142,-0.159650959860384,-0.0399127399650956,0,0.164564442683902
76468,765084747,20.2898953,3782,1886,0,3014,1695,142,-0.306317626527051,-0.0465794066317623,0,0.309838876584803
76469,765094747,20.2904769,3783,1882,0,3013,1695,142,-0.309650959860384,-0.0465794066317623,0,0.313134728295384
76470,765104747,20.3011935,3794,1883,0,3020,1690,142,-0.286317626527051,-0.063246073298429,0,0.293219796479968
76471,765114747,20.3162659,3853,1893,0,3042,1698,142,-0.212984293193717,-0.0365794066317623,0,0.216102665732654
76472,765124747,20.3173364,3856,1889,0,3043,1693,142,-0.209650959860384,-0.053246073298429,0,0.216306886834613
76473,765134747,20.332717,3855,1895,0,3049,1695,142,-0.189650959860384,-0.0465794066317623,0,0.195287295280907
76474,765144746,20.3471679,3850,1887,0,3044,1698,142,-0.206317626527051,-0.0365794066317623,0,0.209535238099197
76476,765164746,20.362353,3863,1891,0,3050,1695,142,-0.186317626527051,-0.0465794066317623,0,0.192051813521353
76477,765174747,20.3785274,3856,1900,0,3049,1695,142,-0.189650959860384,-0.0465794066317623,0,0.195287295280907
76478,765184746,20.3791489,3866,1889,0,3051,1690,142,-0.182984293193717,-0.063246073298429,0,0.19360608808422
76479,765194746,20.4825837,3851,1898,0,3053,1699,142,-0.176317626527051,-0.033246073298429,0,0.179424654977785
76480,765204746,20.4833746,3855,1890,0,3053,1697,142,-0.176317626527051,-0.0399127399650956,0,0.180778683023342
76481,765214746,20.4842219,3869,1893,0,3049,1698,142,-0.189650959860384,-0.0365794066317623,0,0.193146420017294
76482,765224747,20.4848851,3865,1892,0,3051,1704,142,-0.182984293193717,-0.0165794066317623,0,0.183733851752652
76483,765234746,20.4855095,3865,1891,0,3048,1692,142,-0.192984293193717,-0.0565794066317623,0,0.201107351119448
76484,765244746,20.4861351,3866,1894,0,3051,1703,142,-0.182984293193717,-0.0199127399650956,0,0.184064577712611
76485,765254746,20.4867818,3846,1890,0,3045,1695,142,-0.202984293193717,-0.0465794066317623,0,0.208260088364334
76486,765264746,20.4875537,3865,1893,0,3050,1693,142,-0.186317626527051,-0.053246073298429,0,0.19377668145671
76487,765274747,20.4886089,3855,1889,0,3049,1701,142,-0.189650959860384,-0.0265794066317623,0,0.191504442331925
76488,765284747,20.4897966,3866,1890,0,3052,1693,142,-0.179650959860384,-0.053246073298429,0,0.187375589926914
76489,765294747,20.4907495,3873,1892,0,3059,1704,142,-0.156317626527051,-0.0165794066317623,0,0.157194392671341
76490,765304746,20.505355,3897,1893,0,3067,1705,142,-0.129650959860384,-0.013246073298429,0,0.13032586025247
76491,765314746,20.5066618,3909,1899,0,3073,1699,142,-0.109650959860384,-0.033246073298429,0,0.114580253045924
76492,765324747,20.5359028,3902,1905,0,3067,1704,142,-0.129650959860384,-0.0165794066317623,0,0.130706725599642
76493,765334746,20.5363833,3901,1901,0,3066,1694,142,-0.132984293193717,-0.0499127399650956,0,0.142042612785938
76494,765344746,20.5368276,3903,1904,0,3064,1702,142,-0.139650959860384,-0.023246073298429,0,0.141572492079932
76495,765354747,20.5519581,3909,1901,0,3069,1705,142,-0.122984293193717,-0.013246073298429,0,0.123695573203674
76496,765364747,20.5665592,3904,1901,0,3070,1701,142,-0.119650959860384,-0.0265794066317623,0,0.122567601968904
76497,765374747,20.5670098,3908,1897,0,3074,1702,142,-0.106317626527051,-0.023246073298429,0,0.108829305033807
76498,765384746,20.581708,3903,1899,0,3071,1700,142,-0.116317626527051,-0.0299127399650956,0,0.120102299116653
76499,765394747,20.6821679,3906,1901,0,3068,1698,142,-0.126317626527051,-0.0365794066317623,0,0.131507398122536
76500,765404748,20.6828275,3908,1903,0,3069,1704,142,-0.122984293193717,-0.0165794066317623,0,0.124096789227681
76501,765414751,20.6836349,3916,1902,0,3070,1704,142,-0.119650959860384,-0.0165794066317623,0,0.120794159294945
76502,765424746,20.6845861,3888,1899,0,3067,1704,142,-0.129650959860384,-0.0165794066317623,0,0.130706725599642
76503,765434746,20.6854177,3902,1897,0,3065,1699,142,-0.136317626527051,-0.033246073298429,0,0.140313209256053
76504,765444747,20.6861166,3891,1902,0,3062,1695,142,-0.146317626527051,-0.0465794066317623,0,0.153552886507146
76505,765454747,20.686763,3903,1897,0,3071,1698,142,-0.116317626527051,-0.0365794066317623,0,0.121933765751814
76506,765464747,20.6875176,3901,1897,0,3069,1704,142,-0.122984293193717,-0.0165794066317623,0,0.124096789227681
76507,765474746,20.6881981,3895,1904,0,3066,1702,142,-0.132984293193717,-0.023246073298429,0,0.13500074873877
76508,765484747,20.6923461,3894,1893,0,3066,1700,142,-0.132984293193717,-0.0299127399650956,0,0.136306985325228
76509,765494746,20.6930965,3902,1902,0,3067,1701,142,-0.129650959860384,-0.0265794066317623,0,0.132347407415542
76510,765504746,20.7077759,3901,1901,0,3067,1695,142,-0.129650959860384,-0.0465794066317623,0,0.137764336876007
76511,765514746,20.7082281,3891,1901,0,3062,1700,142,-0.146317626527051,-0.0299127399650956,0,0.149343964875481
76512,765524747,20.721172,3888,1904,0,3065,1705,142,-0.136317626527051,-0.013246073298429,0,0.136959679321309
76513,765534747,20.7428274,3899,1895,0,3064,1703,142,-0.139650959860384,-0.0199127399650956,0,0.141063488553361
76514,765544747,20.7440021,3893,1904,0,3064,1701,142,-0.139650959860384,-0.0265794066317623,0,0.142157853975161
76516,765564746,20.7685637,3886,1899,0,3062,1704,142,-0.146317626527051,-0.0165794066317623,0,0.147253945810531
76517,765574746,20.7696954,3888,1895,0,3064,1695,142,-0.139650959860384,-0.0465794066317623,0,0.147214237463955
76518,765584747,20.7843547,3888,1897,0,3063,1701,142,-0.142984293193717,-0.0265794066317623,0,0.145433740779104
76519,765594746,20.7853844,3894,1898,0,3064,1703,142,-0.139650959860384,-0.0199127399650956,0,0.141063488553361
76520,765604746,20.9433154,3888,1894,0,3062,1697,142,-0.146317626527051,-0.0399127399650956,0,0.151663689273441
76521,765614746,20.9443917,3885,1901,0,3053,1701,142,-0.176317626527051,-0.0265794066317623,0,0.178309759354414
76522,765624746,20.9455056,3889,1897,0,3062,1697,142,-0.146317626527051,-0.0399127399650956,0,0.151663689273441
76523,765634747,20.946356,3879,1900,0,3058,1701,142,-0.159650959860384,-0.0265794066317623,0,0.161848366816717
76524,765644746,20.9472644,3862,1892,0,3051,1700,142,-0.182984293193717,-0.0299127399650956,0,0.185413115954141
76525,765654747,20.9482627,3850,1896,0,3049,1701,142,-0.189650959860384,-0.0265794066317623,0,0.191504442331925
76526,765664747,20.9492473,3815,1890,0,3032,1688,142,-0.246317626527051,-0.0699127399650956,0,0.256047191641203
76527,765674746,20.9502042,3852,1894,0,3048,1695,142,-0.192984293193717,-0.0465794066317623,0,0.198526014772991
76528,765684747,20.9514033,3862,1895,0,3050,1701,142,-0.186317626527051,-0.0265794066317623,0,0.188203939415651
76529,765694747,20.9526996,3911,1897,0,3076,1705,142,-0.099650959860384,-0.013246073298429,0,0.100527470170711
76530,765704746,20.9540436,3941,1904,0,3088,1700,142,-0.059650959860384,-0.0299127399650956,0,0.0667308701013599
76531,765714746,20.9551555,3949,1904,0,3081,1701,142,-0.0829842931937173,-0.0265794066317623,0,0.0871370057653889
76532,765724747,20.9559702,3943,1904,0,3088,1704,142,-0.059650959860384,-0.0165794066317623,0,0.061912145307092
76533,765734747,20.9565885,3962,1903,0,3089,1705,142,-0.0563176265270507,-0.013246073298429,0,0.0578544165597382
76534,765744746,20.9570613,3943,1905,0,3089,1700,142,-0.0563176265270507,-0.0299127399650956,0,0.0637686997661062
76535,765754747,20.9580342,3952,1904,0,3090,1705,142,-0.0529842931937173,-0.013246073298429,0,0.0546149593340978
76536,765764746,20.9587267,3957,1904,0,3090,1703,142,-0.0529842931937173,-0.0199127399650956,0,0.0566025842003289
76537,765774746,20.9711308,3957,1904,0,3091,1706,142,-0.049650959860384,-0.00991273996509563,0,0.0506308229112768
76538,765784747,21.0017262,3943,1904,0,3090,1704,142,-0.0529842931937173,-0.0165794066317623,0,0.0555176733076876
76539,765794746,21.0024998,3951,1905,0,3089,1705,142,-0.0563176265270507,-0.013246073298429,0,0.0578544165597382
76540,765804746,21.1145503,3952,1904,0,3089,1705,142,-0.0563176265270507,-0.013246073298429,0,0.0578544165597382
76541,765814747,21.1153614,3937,1900,0,3086,1705,142,-0.0663176265270507,-0.013246073298429,0,0.067627553896387
76542,765824747,21.1161232,3930,1899,0,3088,1704,142,-0.059650959860384,-0.0165794066317623,0,0.061912145307092
76543,765834746,21.1166985,3923,1904,0,3084,1705,142,-0.0729842931937174,-0.013246073298429,0,0.0741765833050691
76544,765844747,21.1172597,3855,1893,0,3051,1698,142,-0.182984293193717,-0.0365794066317623,0,0.186604674499692
76545,765854747,21.1179479,3952,1904,0,3090,1704,142,-0.0529842931937173,-0.0165794066317623,0,0.0555176733076876
76546,765864747,21.118673,3959,1907,0,3093,1708,142,-0.0429842931937173,-0.00324607329842896,0,0.0431066868736421
76547,765874746,21.1193044,3965,1901,0,3096,1704,142,-0.0329842931937173,-0.0165794066317623,0,0.0369166672622331
76548,765884746,21.1198519,3965,1904,0,3092,1704,142,-0.0463176265270507,-0.0165794066317623,0,0.0491955206432524
76549,765894747,21.1205152,3969,1905,0,3095,1705,142,-0.0363176265270507,-0.013246073298429,0,0.0386578382011422
76550,765904746,21.1211243,3930,1905,0,3096,1703,142,-0.0329842931937173,-0.0199127399650956,0,0.0385289606712486
76551,765914747,21.121666,3957,1904,0,3096,1705,142,-0.0329842931937173,-0.013246073298429,0,0.0355446487578153
76552,765924747,21.1275721,3958,1901,0,3092,1709,142,-0.0463176265270507,8.72600349043751e-05,0,0.0463177087236949
76553,765934746,21.128175,3957,1906,0,3093,1707,142,-0.0429842931937173,-0.00657940663176229,0,0.0434849175345836
76554,765944746,21.1449813,3955,1904,0,3090,1701,142,-0.0529842931937173,-0.0265794066317623,0,0.059277315915402
76555,765954747,21.159849,3949,1903,0,3084,1711,142,-0.0729842931937174,0.00675392670157104,0,0.073296129358082
76556,765964746,21.1606257,3905,1904,0,3072,1698,142,-0.112984293193717,-0.0365794066317623,0,0.118758172342015
76557,765974747,21.1760563,3907,1898,0,3073,1701,142,-0.109650959860384,-0.0265794066317623,0,0.112826405841896
76558,765984747,21.176582,3916,1899,0,3072,1700,142,-0.112984293193717,-0.0299127399650956,0,0.11687695461768
76559,765994746,21.1919611,3914,1904,0,3070,1701,142,-0.119650959860384,-0.0265794066317623,0,0.122567601968904
76560,766004746,21.2078003,3911,1903,0,3075,1706,142,-0.102984293193717,-0.00991273996509563,0,0.103460268017366
76561,766014747,21.2083473,3919,1899,0,3074,1704,142,-0.106317626527051,-0.0165794066317623,0,0.107602576338147
76562,766024746,21.3091273,3911,1904,0,3076,1705,142,-0.099650959860384,-0.013246073298429,0,0.100527470170711
76563,766034747,21.3098775,3920,1903,0,3079,1706,142,-0.089650959860384,-0.00991273996509563,0,0.0901973226737013
76564,766044746,21.3105734,3921,1898,0,3085,1704,142,-0.069650959860384,-0.0165794066317623,0,0.0715970176315616
76565,766054746,21.3113032,3931,1894,0,3077,1698,142,-0.0963176265270507,-0.0365794066317623,0,0.103029792629784
76566,766064746,21.3118294,3925,1903,0,3084,1706,142,-0.0729842931937174,-0.00991273996509563,0,0.0736543920387787
76567,766074746,21.3122236,3930,1904,0,3083,1704,142,-0.0763176265270507,-0.0165794066317623,0,0.0780977390388718
76568,766084746,21.3126068,3925,1901,0,3079,1699,142,-0.089650959860384,-0.033246073298429,0,0.095616923155123
76569,766094747,21.3130145,3926,1904,0,3079,1705,142,-0.089650959860384,-0.013246073298429,0,0.0906242410269765
76570,766104746,21.3134126,3899,1904,0,3072,1703,142,-0.112984293193717,-0.0199127399650956,0,0.114725619289684
76571,766114747,21.3166426,3942,1900,0,3083,1704,142,-0.0763176265270507,-0.0165794066317623,0,0.0780977390388718
76572,766124747,21.3170767,3950,1904,0,3090,1706,142,-0.0529842931937173,-0.00991273996509563,0,0.0539035967153715
76573,766134747,21.3312586,3952,1903,0,3091,1705,142,-0.049650959860384,-0.013246073298429,0,0.0513875108648475
76574,766144747,21.3479369,3969,1904,0,3100,1706,142,-0.019650959860384,-0.00991273996509563,0,0.0220096032915186
76575,766154747,21.3484476,3987,1902,0,3103,1704,142,-0.00965095986038402,-0.0165794066317623,0,0.0191837887417493
76576,766164747,21.3638476,3977,1907,0,3102,1709,142,-0.0129842931937173,8.72600349043751e-05,0,0.0129845864028896
76577,766174746,21.3788802,3971,1904,0,3100,1705,142,-0.019650959860384,-0.013246073298429,0,0.0236984953375056
76578,766184747,21.3804282,3986,1903,0,3101,1710,142,-0.0163176265270507,0.00342059336823771,0,0.0166722942172678
76579,766194747,21.3956766,3980,1904,0,3104,1710,142,-0.00631762652705068,0.00342059336823771,0,0.00718420934592849
76580,766204747,21.4095182,3978,1905,0,3103,1708,142,-0.00965095986038402,-0.00324607329842896,0,0.0101822403274288
76581,766214746,21.4101143,3984,1904,0,3098,1705,142,-0.0263176265270507,-0.013246073298429,0,0.0294631282087404
76582,766224747,21.5159984,3984,1899,0,3103,1704,142,-0.00965095986038402,-0.0165794066317623,0,0.0191837887417493
76583,766234746,21.5170725,3981,1904,0,3100,1709,142,-0.019650959860384,8.72600349043751e-05,0,0.0196511535984052
76584,766244746,21.5185468,3984,1908,0,3103,1705,142,-0.00965095986038402,-0.013246073298429,0,0.0163890049744973
76585,766254747,21.519559,3984,1911,0,3100,1714,142,-0.019650959860384,0.016753926701571,0,0.0258235219007021
76586,766264746,21.5206925,3984,1904,0,3105,1706,142,-0.00298429319371735,-0.00991273996509563,0,0.0103522180947694
76587,766274746,21.521819,3986,1907,0,3099,1708,142,-0.0229842931937174,-0.00324607329842896,0,0.0232123830201368
76588,766284746,21.5229422,3983,1904,0,3103,1705,142,-0.00965095986038402,-0.013246073298429,0,0.0163890049744973
76589,766294747,21.5241127,3984,1909,0,3103,1708,142,-0.00965095986038402,-0.00324607329842896,0,0.0101822403274288
76590,766304747,21.5251657,3983,1905,0,3102,1706,142,-0.0129842931937173,-0.00991273996509563,0,0.0163356751729464
76591,766314746,21.5267932,3984,1909,0,3104,1706,142,-0.00631762652705068,-0.00991273996509563,0,0.0117547785411252
76592,766324747,21.5279736,3984,1903,0,3102,1706,142,-0.0129842931937173,-0.00991273996509563,0,0.0163356751729464
76593,766334746,21.5366801,3971,1904,0,3104,1710,142,-0.00631762652705068,0.00342059336823771,0,0.00718420934592849
76594,766344746,21.5497183,3984,1904,0,3103,1704,142,-0.00965095986038402,-0.0165794066317623,0,0.0191837887417493
76595,766354747,21.550896,3971,1904,0,3099,1709,142,-0.0229842931937174,8.72600349043751e-05,0,0.0229844588347965
76596,766364747,21.5655035,3987,1902,0,3101,1702,142,-0.0163176265270507,-0.023246073298429,0,0.0284014939619774
76597,766374747,21.5666209,3982,1905,0,3098,1705,142,-0.0263176265270507,-0.013246073298429,0,0.0294631282087404
76598,766384747,21.5821444,3978,1906,0,3103,1705,142,-0.00965095986038402,-0.013246073298429,0,0.0163890049744973
76599,766394746,21.5965851,3965,1905,0,3103,1706,142,-0.00965095986038402,-0.00991273996509563,0,0.013834863202878
76600,766404746,21.5973085,3957,1910,0,3103,1705,142,-0.00965095986038402,-0.013246073298429,0,0.0163890049744973
76601,766414747,21.6127035,3990,1907,0,3101,1710,142,-0.0163176265270507,0.00342059336823771,0,0.0166722942172678
76602,766424747,21.7159877,3958,1905,0,3096,1705,142,-0.0329842931937173,-0.013246073298429,0,0.0355446487578153
76603,766434746,21.7167928,3972,1904,0,3096,1705,142,-0.0329842931937173,-0.013246073298429,0,0.0355446487578153
76604,766444746,21.7175766,3978,1902,0,3095,1705,142,-0.0363176265270507,-0.013246073298429,0,0.0386578382011422
76605,766454746,21.7182892,3975,1904,0,3097,1708,142,-0.029650959860384,-0.00324607329842896,0,0.0298281144643921
76606,766464747,21.7188816,3963,1904,0,3097,1703,142,-0.029650959860384,-0.0199127399650956,0,0.0357168956316142
76607,766474747,21.7196781,3968,1904,0,3093,1708,142,-0.0429842931937173,-0.00324607329842896,0,0.0431066868736421
76608,766484747,21.7208202,3953,1904,0,3092,1704,142,-0.0463176265270507,-0.0165794066317623,0,0.0491955206432524
76609,766494746,21.7217144,3967,1904,0,3093,1705,142,-0.0429842931937173,-0.013246073298429,0,0.044978971966807
76610,766504746,21.7224211,3959,1902,0,3094,1703,142,-0.039650959860384,-0.0199127399650956,0,0.0443702133279445
76611,766514746,21.7235411,3966,1905,0,3093,1705,142,-0.0429842931937173,-0.013246073298429,0,0.044978971966807
76612,766524746,21.7244066,3959,1898,0,3090,1704,142,-0.0529842931937173,-0.0165794066317623,0,0.0555176733076876
76613,766534746,21.7364472,3969,1899,0,3090,1700,142,-0.0529842931937173,-0.0299127399650956,0,0.0608449450444097
76614,766544746,21.7373329,3952,1900,0,3094,1704,142,-0.039650959860384,-0.0165794066317623,0,0.042977614430202
76615,766554746,21.7528581,3951,1904,0,3090,1701,142,-0.0529842931937173,-0.0265794066317623,0,0.059277315915402
76616,766564747,21.767109,3943,1907,0,3084,1697,142,-0.0729842931937174,-0.0399127399650956,0,0.0831849377261764
76617,766574746,21.7683591,3938,1904,0,3083,1706,142,-0.0763176265270507,-0.00991273996509563,0,0.0769587066701227
76618,766584747,21.7821087,3934,1904,0,3089,1701,142,-0.0563176265270507,-0.0265794066317623,0,0.0622747132834583
76619,766594746,21.7969602,3932,1897,0,3081,1707,142,-0.0829842931937173,-0.00657940663176229,0,0.083244708591519
76620,766604746,21.7977867,3920,1901,0,3082,1701,142,-0.079650959860384,-0.0265794066317623,0,0.0839686862084734
76621,766614746,21.8133708,3920,1893,0,3069,1704,142,-0.122984293193717,-0.0165794066317623,0,0.124096789227681
76622,766624747,21.8291529,3883,1897,0,3062,1703,142,-0.146317626527051,-0.0199127399650956,0,0.14766639782099
76623,766634747,21.8297741,3825,1886,0,3028,1690,142,-0.259650959860384,-0.063246073298429,0,0.26724274872125
76624,766644747,21.9391874,3817,1888,0,3034,1690,142,-0.239650959860384,-0.063246073298429,0,0.247856104120261
76625,766654746,21.9403759,3821,1895,0,3034,1692,142,-0.239650959860384,-0.0565794066317623,0,0.246239338483528
76626,766664746,21.9411851,3853,1892,0,3049,1695,142,-0.189650959860384,-0.0465794066317623,0,0.195287295280907
76627,766674747,21.9417291,3862,1891,0,3055,1703,142,-0.169650959860384,-0.0199127399650956,0,0.170815588850863
76628,766684747,21.9421242,3888,1897,0,3065,1701,142,-0.136317626527051,-0.0265794066317623,0,0.138884700953219
76629,766694746,21.9425078,3888,1892,0,3063,1702,142,-0.142984293193717,-0.023246073298429,0,0.144861616806878
76630,766704750,21.9429523,3872,1891,0,3062,1705,142,-0.146317626527051,-0.013246073298429,0,0.146915983780992
76631,766714747,21.9433695,3892,1894,0,3063,1695,142,-0.142984293193717,-0.0465794066317623,0,0.150380016033627
76632,766724746,21.9437619,3885,1895,0,3062,1703,142,-0.146317626527051,-0.0199127399650956,0,0.14766639782099
76633,766734747,21.9441809,3867,1892,0,3051,1703,142,-0.182984293193717,-0.0199127399650956,0,0.184064577712611
76634,766744747,21.9546057,3875,1887,0,3063,1705,142,-0.142984293193717,-0.013246073298429,0,0.14359654089822
76635,766754746,21.9554577,3891,1897,0,3063,1697,142,-0.142984293193717,-0.0399127399650956,0,0.14845044597989
76637,766774746,21.9715595,3917,1901,0,3073,1699,142,-0.109650959860384,-0.033246073298429,0,0.114580253045924
76638,766784746,21.9862057,3919,1901,0,3076,1701,142,-0.099650959860384,-0.0265794066317623,0,0.103134759698137
76639,766794746,22.0007075,3919,1898,0,3079,1700,142,-0.089650959860384,-0.0299127399650956,0,0.0945096112366759
76640,766804746,22.0015369,3931,1904,0,3082,1701,142,-0.079650959860384,-0.0265794066317623,0,0.0839686862084734
76641,766814746,22.0165199,3929,1902,0,3085,1705,142,-0.069650959860384,-0.013246073298429,0,0.0708993276928645
76642,766824746,22.0171284,3933,1900,0,3080,1705,142,-0.0863176265270507,-0.013246073298429,0,0.0873280659758978
76643,766834746,22.0330958,3932,1903,0,3083,1706,142,-0.0763176265270507,-0.00991273996509563,0,0.0769587066701227
76644,766844747,22.0480609,3926,1904,0,3086,1704,142,-0.0663176265270507,-0.0165794066317623,0,0.0683586447528233
76645,766854746,22.0487622,3934,1904,0,3078,1699,142,-0.0929842931937173,-0.033246073298429,0,0.0987490768083414
76646,766864746,22.1497337,3930,1897,0,3079,1704,142,-0.089650959860384,-0.0165794066317623,0,0.0911711101618792
76647,766874746,22.1505001,3930,1904,0,3079,1706,142,-0.089650959860384,-0.00991273996509563,0,0.0901973226737013
76648,766884747,22.1512507,3927,1904,0,3083,1704,142,-0.0763176265270507,-0.0165794066317623,0,0.0780977390388718
76649,766894747,22.1520136,3925,1898,0,3078,1701,142,-0.0929842931937173,-0.0265794066317623,0,0.0967085499717153
76650,766904746,22.1527132,3931,1904,0,3079,1703,142,-0.089650959860384,-0.0199127399650956,0,0.0918357872335491
76651,766914747,22.1532811,3935,1899,0,3076,1705,142,-0.099650959860384,-0.013246073298429,0,0.100527470170711
76652,766924746,22.1537124,3933,1902,0,3076,1706,142,-0.099650959860384,-0.00991273996509563,0,0.100142779144137
76653,766934746,22.1541182,3920,1900,0,3081,1703,142,-0.0829842931937173,-0.0199127399650956,0,0.0853399679504179
76654,766944746,22.1545534,3920,1903,0,3084,1704,142,-0.0729842931937174,-0.0165794066317623,0,0.0748437290442414
76655,766954747,22.1580837,3920,1898,0,3078,1698,142,-0.0929842931937173,-0.0365794066317623,0,0.0999206273512482
76656,766964747,22.1588236,3926,1902,0,3078,1698,142,-0.0929842931937173,-0.0365794066317623,0,0.0999206273512482
76657,766974746,22.1755522,3921,1899,0,3076,1701,142,-0.099650959860384,-0.0265794066317623,0,0.103134759698137
76658,766984749,22.1885044,3915,1895,0,3075,1696,142,-0.102984293193717,-0.043246073298429,0,0.111695960089623
76659,766994746,22.1892399,3916,1899,0,3072,1701,142,-0.112984293193717,-0.0265794066317623,0,0.116068580440102
76660,767004746,22.2042232,3919,1898,0,3075,1701,142,-0.102984293193717,-0.0265794066317623,0,0.106358965308554
76661,767014747,22.2193764,3920,1897,0,3074,1703,142,-0.106317626527051,-0.0199127399650956,0,0.108166329896428
76662,767024746,22.2200996,3923,1901,0,3078,1704,142,-0.0929842931937173,-0.0165794066317623,0,0.0944508099753333
76663,767034747,22.2359021,3920,1902,0,3076,1704,142,-0.099650959860384,-0.0165794066317623,0,0.101020743044967
76664,767044747,22.2363656,3923,1904,0,3076,1706,142,-0.099650959860384,-0.00991273996509563,0,0.100142779144137
76665,767054747,22.25177,3921,1894,0,3076,1697,142,-0.099650959860384,-0.0399127399650956,0,0.107346823952165
76666,767064747,22.3557048,3918,1902,0,3074,1696,142,-0.106317626527051,-0.043246073298429,0,0.114776568018383
76667,767074747,22.356693,3920,1904,0,3074,1696,142,-0.106317626527051,-0.043246073298429,0,0.114776568018383
76668,767084746,22.3575899,3915,1898,0,3072,1705,142,-0.112984293193717,-0.013246073298429,0,0.113758116045895
76669,767094746,22.3582388,3914,1897,0,3073,1698,142,-0.109650959860384,-0.0365794066317623,0,0.115591461569769
76670,767104746,22.3587769,3915,1895,0,3073,1701,142,-0.109650959860384,-0.0265794066317623,0,0.112826405841896
76671,767114747,22.3594474,3918,1899,0,3074,1705,142,-0.106317626527051,-0.013246073298429,0,0.107139610640383
76672,767124746,22.3601054,3920,1904,0,3075,1705,142,-0.102984293193717,-0.013246073298429,0,0.103832668762952
76673,767134746,22.3606739,3909,1894,0,3074,1700,142,-0.106317626527051,-0.0299127399650956,0,0.110445505669379
76674,767144746,22.3612699,3908,1904,0,3068,1703,142,-0.126317626527051,-0.0199127399650956,0,0.12787751946431
76675,767154746,22.3622343,3911,1896,0,3076,1697,142,-0.099650959860384,-0.0399127399650956,0,0.107346823952165
76676,767164746,22.3628641,3906,1902,0,3067,1705,142,-0.129650959860384,-0.013246073298429,0,0.13032586025247
76677,767174746,22.3756228,3895,1893,0,3066,1705,142,-0.132984293193717,-0.013246073298429,0,0.133642361151171
76678,767184746,22.3761164,3897,1898,0,3072,1698,142,-0.112984293193717,-0.0365794066317623,0,0.118758172342015
76679,767194747,22.3927369,3888,1899,0,3064,1696,142,-0.139650959860384,-0.043246073298429,0,0.14619375310067
76680,767204746,22.4091735,3888,1897,0,3064,1698,142,-0.139650959860384,-0.0365794066317623,0,0.144362195811294
76681,767214747,22.4096755,3897,1901,0,3064,1703,142,-0.139650959860384,-0.0199127399650956,0,0.141063488553361
76682,767224747,22.4216605,3900,1895,0,3066,1699,142,-0.132984293193717,-0.033246073298429,0,0.137077071846451
76683,767234746,22.4374347,3898,1901,0,3061,1704,142,-0.149650959860384,-0.0165794066317623,0,0.150566551768298
76684,767244746,22.4379349,3888,1903,0,3066,1698,142,-0.132984293193717,-0.0365794066317623,0,0.137923439725684
76685,767254746,22.4532091,3888,1898,0,3065,1697,142,-0.136317626527051,-0.0399127399650956,0,0.142040565028057
76686,767264746,22.4681777,3888,1899,0,3065,1697,142,-0.136317626527051,-0.0399127399650956,0,0.142040565028057
76687,767274746,22.4686909,3894,1896,0,3066,1703,142,-0.132984293193717,-0.0199127399650956,0,0.13446687119566
76688,767284747,22.567444,3886,1904,0,3062,1697,142,-0.146317626527051,-0.0399127399650956,0,0.151663689273441
76689,767294746,22.5687876,3898,1895,0,3064,1698,142,-0.139650959860384,-0.0365794066317623,0,0.144362195811294
76690,767304747,22.5698721,3888,1893,0,3063,1698,142,-0.142984293193717,-0.0365794066317623,0,0.147589163184967
76691,767314746,22.5708972,3890,1899,0,3065,1703,142,-0.136317626527051,-0.0199127399650956,0,0.137764336876007
76692,767324747,22.5718923,3884,1899,0,3066,1703,142,-0.132984293193717,-0.0199127399650956,0,0.13446687119566
76693,767334746,22.5729184,3894,1902,0,3062,1698,142,-0.146317626527051,-0.0365794066317623,0,0.150820757265177
76694,767344747,22.573886,3884,1902,0,3062,1691,142,-0.146317626527051,-0.0599127399650956,0,0.158108773452439
76695,767354746,22.574735,3888,1899,0,3065,1696,142,-0.136317626527051,-0.043246073298429,0,0.143012999960499
76696,767364747,22.5755958,3873,1899,0,3062,1696,142,-0.146317626527051,-0.043246073298429,0,0.152574803582514
76697,767374747,22.5773946,3887,1904,0,3058,1699,142,-0.159650959860384,-0.033246073298429,0,0.163075842398886
76698,767384746,22.5929522,3875,1899,0,3060,1699,142,-0.152984293193717,-0.033246073298429,0,0.156555087281588
76699,767394745,22.5938174,3870,1901,0,3057,1696,142,-0.162984293193717,-0.043246073298429,0,0.168624146205663
76700,767404747,22.6079467,3878,1893,0,3060,1699,142,-0.152984293193717,-0.033246073298429,0,0.156555087281588
76701,767414747,22.6240344,3873,1894,0,3056,1697,142,-0.166317626527051,-0.0399127399650956,0,0.171039702131151
76702,767424745,22.6247735,3863,1902,0,3054,1697,142,-0.172984293193717,-0.0399127399650956,0,0.177529131421441
76703,767434746,22.6400956,3870,1890,0,3057,1699,142,-0.162984293193717,-0.033246073298429,0,0.1663405579455
76704,767444747,22.6408662,3879,1903,0,3059,1697,142,-0.156317626527051,-0.0399127399650956,0,0.161332659974885
76705,767454747,22.6559959,3873,1894,0,3057,1704,142,-0.162984293193717,-0.0165794066317623,0,0.163825384333799
76706,767464747,22.6706995,3859,1899,0,3058,1696,142,-0.159650959860384,-0.043246073298429,0,0.165404509733184
76707,767474747,22.6712281,3873,1892,0,3058,1696,142,-0.159650959860384,-0.043246073298429,0,0.165404509733184
76708,767484746,22.8029292,3870,1899,0,3053,1695,142,-0.176317626527051,-0.0465794066317623,0,0.182366517064673
76709,767494747,22.8046636,3871,1895,0,3060,1697,142,-0.152984293193717,-0.0399127399650956,0,0.158105094084608
76710,767504747,22.8056604,3872,1900,0,3054,1696,142,-0.172984293193717,-0.043246073298429,0,0.178308128102628
76711,767514746,22.806305,3874,1899,0,3058,1697,142,-0.159650959860384,-0.0399127399650956,0,0.164564442683902
76712,767524746,22.8069297,3871,1890,0,3054,1696,142,-0.172984293193717,-0.043246073298429,0,0.178308128102628
76713,767534746,22.8074972,3873,1895,0,3058,1696,142,-0.159650959860384,-0.043246073298429,0,0.165404509733184
76714,767544746,22.8081938,3868,1901,0,3055,1699,142,-0.169650959860384,-0.033246073298429,0,0.172877845808288
76715,767554747,22.808705,3877,1895,0,3053,1695,142,-0.176317626527051,-0.0465794066317623,0,0.182366517064673
76716,767564746,22.8092005,3863,1900,0,3056,1704,142,-0.166317626527051,-0.0165794066317623,0,0.167141944519779
76717,767574746,22.8096404,3872,1894,0,3053,1695,142,-0.176317626527051,-0.0465794066317623,0,0.182366517064673
76718,767584747,22.8100516,3828,1893,0,3038,1695,142,-0.226317626527051,-0.0465794066317623,0,0.231061267197695
76719,767594746,22.8106339,3832,1887,0,3040,1697,142,-0.219650959860384,-0.0399127399650956,0,0.223247779337465
76721,767614746,22.8129188,3837,1890,0,3043,1696,142,-0.209650959860384,-0.043246073298429,0,0.214064821552056
76722,767624747,22.8285556,3829,1890,0,3042,1694,142,-0.212984293193717,-0.0499127399650956,0,0.218754635969276
76723,767634746,22.8297799,3833,1894,0,3039,1694,142,-0.222984293193717,-0.0499127399650956,0,0.22850224642643
76724,767644746,22.8444256,3835,1889,0,3042,1700,142,-0.212984293193717,-0.0299127399650956,0,0.215074594407259
76725,767654746,22.8592772,3829,1894,0,3043,1695,142,-0.209650959860384,-0.0465794066317623,0,0.214763046384957
76726,767664746,22.8599914,3837,1899,0,3041,1691,142,-0.216317626527051,-0.0599127399650956,0,0.224461248228779
76727,767674746,22.8746443,3838,1891,0,3042,1697,142,-0.212984293193717,-0.0399127399650956,0,0.216691799472774
76728,767684747,22.8750938,3829,1893,0,3042,1696,142,-0.212984293193717,-0.043246073298429,0,0.217330467268076
76729,767694747,22.978849,3824,1891,0,3042,1697,142,-0.212984293193717,-0.0399127399650956,0,0.216691799472774
76730,767704746,22.9796649,3831,1893,0,3035,1695,142,-0.236317626527051,-0.0465794066317623,0,0.240864405277213
76731,767714746,22.9804381,3835,1889,0,3038,1701,142,-0.226317626527051,-0.0265794066317623,0,0.227873063203473
76732,767724746,22.9810852,3837,1886,0,3034,1691,142,-0.239650959860384,-0.0599127399650956,0,0.247026555196255
76733,767734746,22.9816312,3828,1891,0,3034,1697,142,-0.239650959860384,-0.0399127399650956,0,0.242951866371767
76734,767744746,22.9820761,3829,1898,0,3034,1696,142,-0.239650959860384,-0.043246073298429,0,0.243521673404517
76735,767754746,22.9824818,3814,1882,0,3029,1690,142,-0.256317626527051,-0.063246073298429,0,0.264005286795797
76736,767764746,22.9828933,3809,1894,0,3033,1690,142,-0.242984293193717,-0.063246073298429,0,0.251080529963039
76737,767774746,22.9839774,3822,1881,0,3028,1696,142,-0.259650959860384,-0.043246073298429,0,0.263227741342268
76738,767784747,22.9855593,3810,1894,0,3029,1695,142,-0.256317626527051,-0.0465794066317623,0,0.260515578786812
76739,767794746,23.001536,3813,1888,0,3022,1693,142,-0.279650959860384,-0.053246073298429,0,0.284674908751256
76741,767814746,23.0163594,3792,1890,0,3021,1696,142,-0.282984293193717,-0.043246073298429,0,0.286269685873445
76742,767824746,23.017708,3799,1885,0,3024,1688,142,-0.272984293193717,-0.0699127399650956,0,0.281794633625093
76743,767834747,23.0326501,3815,1892,0,3026,1695,142,-0.266317626527051,-0.0465794066317623,0,0.270360350867446
76744,767844747,23.0473415,3801,1883,0,3021,1685,142,-0.282984293193717,-0.0799127399650956,0,0.294051281587203
76745,767854746,23.0478752,3793,1882,0,3021,1691,142,-0.282984293193717,-0.0599127399650956,0,0.289257059731432
76746,767864747,23.063619,3795,1885,0,3019,1692,142,-0.289650959860384,-0.0565794066317623,0,0.295125240877232
76747,767874746,23.078811,3792,1886,0,3023,1687,142,-0.276317626527051,-0.073246073298429,0,0.285860836742604
76748,767884746,23.0795107,3792,1887,0,3021,1690,142,-0.282984293193717,-0.063246073298429,0,0.289965818644229
76749,767894747,23.185383,3728,1872,0,2991,1683,142,-0.382984293193717,-0.0865794066317623,0,0.392648650176973
76750,767904749,23.1864401,3897,1898,0,3065,1698,142,-0.136317626527051,-0.0365794066317623,0,0.141140172493519
76751,767914747,23.1876616,3887,1898,0,3063,1701,142,-0.142984293193717,-0.0265794066317623,0,0.145433740779104
76752,767924747,23.1884444,3889,1903,0,3063,1698,142,-0.142984293193717,-0.0365794066317623,0,0.147589163184967
76753,767934747,23.1889938,3893,1895,0,3062,1703,142,-0.146317626527051,-0.0199127399650956,0,0.14766639782099
76754,767944746,23.1895392,3887,1902,0,3058,1700,142,-0.159650959860384,-0.0299127399650956,0,0.162429064506822
76755,767954746,23.1900501,3887,1887,0,3063,1697,142,-0.142984293193717,-0.0399127399650956,0,0.14845044597989
76756,767964746,23.1905464,3909,1899,0,3067,1696,142,-0.129650959860384,-0.043246073298429,0,0.136673312129516
76757,767974747,23.1910399,3908,1899,0,3068,1703,142,-0.126317626527051,-0.0199127399650956,0,0.12787751946431
76758,767984746,23.1919032,3793,1891,0,3030,1698,142,-0.252984293193717,-0.0365794066317623,0,0.255615151335473
76759,767994746,23.1925415,3856,1892,0,3049,1698,142,-0.189650959860384,-0.0365794066317623,0,0.193146420017294
76760,768004747,23.205521,3856,1893,0,3046,1695,142,-0.199650959860384,-0.0465794066317623,0,0.20501255301893
76761,768014747,23.2185371,3826,1889,0,3033,1693,142,-0.242984293193717,-0.053246073298429,0,0.248749896604103
76762,768024746,23.2194199,3851,1893,0,3037,1700,142,-0.229650959860384,-0.0299127399650956,0,0.231590879304465
76763,768034746,23.2351118,3829,1897,0,3037,1699,142,-0.229650959860384,-0.033246073298429,0,0.23204496278644
76764,768044747,23.2497266,3857,1897,0,3046,1701,142,-0.199650959860384,-0.0265794066317623,0,0.201412439114542
76765,768054747,23.2502648,3844,1899,0,3048,1699,142,-0.192984293193717,-0.033246073298429,0,0.195827063526069
76766,768064747,23.2660931,3836,1887,0,3039,1691,142,-0.222984293193717,-0.0599127399650956,0,0.230892900326595
76767,768074747,23.2673872,3871,1897,0,3049,1700,142,-0.189650959860384,-0.0299127399650956,0,0.19199546501984
76768,768084746,23.2817115,3875,1895,0,3057,1696,142,-0.162984293193717,-0.043246073298429,0,0.168624146205663
76769,768094745,23.3853447,3867,1901,0,3053,1704,142,-0.176317626527051,-0.0165794066317623,0,0.177095404086029
76770,768104746,23.3864434,3861,1891,0,3049,1701,142,-0.189650959860384,-0.0265794066317623,0,0.191504442331925
76771,768114746,23.3873904,3856,1893,0,3047,1691,142,-0.196317626527051,-0.0599127399650956,0,0.205256295629001
76772,768124747,23.388299,3842,1897,0,3043,1696,142,-0.209650959860384,-0.043246073298429,0,0.214064821552056
76773,768134746,23.3888242,3856,1887,0,3046,1696,142,-0.199650959860384,-0.043246073298429,0,0.204281004082381
76774,768144747,23.3892644,3845,1893,0,3043,1695,142,-0.209650959860384,-0.0465794066317623,0,0.214763046384957
76775,768154746,23.3901608,3848,1891,0,3046,1695,142,-0.199650959860384,-0.0465794066317623,0,0.20501255301893
76776,768164750,23.3908784,3857,1891,0,3048,1692,142,-0.192984293193717,-0.0565794066317623,0,0.201107351119448
76777,768174747,23.3916225,3861,1899,0,3052,1693,142,-0.179650959860384,-0.053246073298429,0,0.187375589926914
76778,768184747,23.392236,3866,1891,0,3054,1700,142,-0.172984293193717,-0.0299127399650956,0,0.175551524356667
76779,768194747,23.3931353,3857,1894,0,3056,1693,142,-0.166317626527051,-0.053246073298429,0,0.174633035864619
76780,768204746,23.4071194,3863,1895,0,3052,1699,142,-0.179650959860384,-0.033246073298429,0,0.182701310253982
76781,768214747,23.4081448,3851,1897,0,3052,1699,142,-0.179650959860384,-0.033246073298429,0,0.182701310253982
76782,768224746,23.4218281,3851,1892,0,3046,1695,142,-0.199650959860384,-0.0465794066317623,0,0.20501255301893
76783,768234746,23.4379811,3719,1881,0,2986,1686,142,-0.399650959860384,-0.0765794066317623,0,0.406921731095058
76784,768244746,23.4385972,3760,1883,0,3009,1689,142,-0.322984293193717,-0.0665794066317623,0,0.32977518256728
76785,768254746,23.4547853,3775,1887,0,3018,1688,142,-0.292984293193717,-0.0699127399650956,0,0.301210204454712
76786,768264746,23.4688054,3787,1889,0,3020,1688,142,-0.286317626527051,-0.0699127399650956,0,0.294729663368842
76787,768274746,23.4694812,3870,1893,0,3057,1703,142,-0.162984293193717,-0.0199127399650956,0,0.164196215062264
76788,768284747,23.4848653,3888,1899,0,3057,1699,142,-0.162984293193717,-0.033246073298429,0,0.1663405579455
76789,768294747,23.4855268,3872,1898,0,3055,1704,142,-0.169650959860384,-0.0165794066317623,0,0.170459159055215
76790,768304746,23.5905248,3895,1891,0,3058,1695,142,-0.159650959860384,-0.0465794066317623,0,0.166307155908906
76791,768314746,23.5914932,3883,1894,0,3062,1705,142,-0.146317626527051,-0.013246073298429,0,0.146915983780992
76792,768324746,23.5922043,3884,1899,0,3063,1697,142,-0.142984293193717,-0.0399127399650956,0,0.14845044597989
76793,768334746,23.5929091,3881,1899,0,3060,1697,142,-0.152984293193717,-0.0399127399650956,0,0.158105094084608
76794,768344746,23.5935391,3888,1892,0,3062,1697,142,-0.146317626527051,-0.0399127399650956,0,0.151663689273441
76795,768354747,23.5940721,3888,1895,0,3062,1701,142,-0.146317626527051,-0.0265794066317623,0,0.14871218070288
76796,768364747,23.5945904,3888,1888,0,3063,1698,142,-0.142984293193717,-0.0365794066317623,0,0.147589163184967
76797,768374746,23.5951392,3891,1895,0,3065,1700,142,-0.136317626527051,-0.0299127399650956,0,0.139560980629214
76798,768384746,23.595923,3898,1902,0,3062,1703,142,-0.146317626527051,-0.0199127399650956,0,0.14766639782099
76799,768394747,23.5964838,3890,1895,0,3066,1702,142,-0.132984293193717,-0.023246073298429,0,0.13500074873877
76801,768414747,23.6098196,3888,1901,0,3066,1704,142,-0.132984293193717,-0.0165794066317623,0,0.134013801380656
76802,768424746,23.624828,3890,1900,0,3062,1701,142,-0.146317626527051,-0.0265794066317623,0,0.14871218070288
76804,768444747,23.640314,3890,1901,0,3066,1701,142,-0.132984293193717,-0.0265794066317623,0,0.135614479658808
76805,768454747,23.6577955,3887,1899,0,3061,1703,142,-0.149650959860384,-0.0199127399650956,0,0.150969953964528
76806,768464746,23.6709997,3888,1903,0,3064,1704,142,-0.139650959860384,-0.0165794066317623,0,0.140631672514366
76807,768474747,23.6717837,3898,1897,0,3061,1703,142,-0.149650959860384,-0.0199127399650956,0,0.150969953964528
76808,768484746,23.6876736,3879,1894,0,3066,1698,142,-0.132984293193717,-0.0365794066317623,0,0.137923439725684
76809,768494746,23.6883431,3893,1895,0,3069,1699,142,-0.122984293193717,-0.033246073298429,0,0.127398735323875
76810,768504747,23.7936876,3888,1903,0,3061,1701,142,-0.149650959860384,-0.0265794066317623,0,0.151993008536679
76811,768514747,23.7944412,3903,1899,0,3066,1694,142,-0.132984293193717,-0.0499127399650956,0,0.142042612785938
76812,768524746,23.7953146,3898,1903,0,3062,1695,142,-0.146317626527051,-0.0465794066317623,0,0.153552886507146
76813,768534747,23.7959529,3901,1896,0,3066,1703,142,-0.132984293193717,-0.0199127399650956,0,0.13446687119566
76814,768544746,23.7965404,3893,1894,0,3064,1700,142,-0.139650959860384,-0.0299127399650956,0,0.142818635346183
76815,768554746,23.7971372,3888,1904,0,3065,1697,142,-0.136317626527051,-0.0399127399650956,0,0.142040565028057
76816,768564745,23.7976976,3891,1891,0,3062,1704,142,-0.146317626527051,-0.0165794066317623,0,0.147253945810531
76817,768574747,23.7982138,3889,1901,0,3062,1703,142,-0.146317626527051,-0.0199127399650956,0,0.14766639782099
76818,768584746,23.798634,3897,1897,0,3064,1701,142,-0.139650959860384,-0.0265794066317623,0,0.142157853975161
76819,768594746,23.7993743,3889,1897,0,3065,1701,142,-0.136317626527051,-0.0265794066317623,0,0.138884700953219
76821,768614746,23.8115938,3891,1891,0,3062,1698,142,-0.146317626527051,-0.0365794066317623,0,0.150820757265177
76822,768624747,23.8284853,3893,1899,0,3066,1696,142,-0.132984293193717,-0.043246073298429,0,0.139839354589349
76823,768634747,23.8294284,3897,1892,0,3063,1705,142,-0.142984293193717,-0.013246073298429,0,0.14359654089822
76824,768644746,23.8445013,3891,1903,0,3062,1697,142,-0.146317626527051,-0.0399127399650956,0,0.151663689273441
76825,768654747,23.8590443,3889,1898,0,3064,1699,142,-0.139650959860384,-0.033246073298429,0,0.143553794724107
76826,768664747,23.8595939,3892,1895,0,3066,1700,142,-0.132984293193717,-0.0299127399650956,0,0.136306985325228
76827,768674747,23.8765796,3893,1895,0,3066,1696,142,-0.132984293193717,-0.043246073298429,0,0.139839354589349
76828,768684747,23.8771645,3907,1901,0,3067,1702,142,-0.129650959860384,-0.023246073298429,0,0.131718454730212
76829,768694746,23.8900453,3891,1903,0,3063,1696,142,-0.142984293193717,-0.043246073298429,0,0.149381159976217
76830,768704746,23.9957282,3889,1895,0,3061,1701,142,-0.149650959860384,-0.0265794066317623,0,0.151993008536679
76831,768714746,23.9969075,3887,1893,0,3064,1701,142,-0.139650959860384,-0.0265794066317623,0,0.142157853975161
76832,768724747,23.9981574,3899,1904,0,3065,1703,142,-0.136317626527051,-0.0199127399650956,0,0.137764336876007
76833,768734747,23.9989492,3878,1950,0,3062,1740,142,-0.146317626527051,0.103420593368238,0,0.179177752427995
76834,768744746,23.9995337,3883,1971,0,3060,1762,142,-0.152984293193717,0.176753926701571,0,0.233765148318576
76835,768754747,24.0001109,3938,1742,0,3079,1564,142,-0.089650959860384,-0.483246073298429,0,0.491491670287746
76836,768764746,24.0008077,3890,1813,0,3059,1638,142,-0.156317626527051,-0.236579406631762,0,0.283557782480551
76837,768774746,24.001619,3888,2071,0,3060,1837,142,-0.152984293193717,0.426753926701571,0,0.453346564913854
76838,768784745,24.0023504,3899,1952,0,3065,1737,142,-0.136317626527051,0.0934205933682377,0,0.16525708023332
76839,768794746,24.0033966,3862,1808,0,3053,1626,142,-0.176317626527051,-0.276579406631762,0,0.328000112190393
76840,768804746,24.004139,3906,1932,0,3074,1731,142,-0.106317626527051,0.0734205933682377,0,0.129205345248908
76841,768814747,24.01396,3895,1864,0,3062,1670,142,-0.146317626527051,-0.129912739965096,0,0.195668515192782
76842,768824746,24.0290554,3890,1921,0,3066,1717,142,-0.132984293193717,0.026753926701571,0,0.135648792217939
76843,768834747,24.0298876,3888,1883,0,3067,1691,142,-0.129650959860384,-0.0599127399650956,0,0.142824745064866
76844,768844747,24.0449901,3887,1895,0,3063,1695,142,-0.142984293193717,-0.0465794066317623,0,0.150380016033627
76845,768854746,24.0458332,3932,1915,0,3083,1713,142,-0.0763176265270507,0.0134205933682377,0,0.0774886601063535
76847,768874747,24.0763257,3824,1967,0,3028,1758,142,-0.259650959860384,0.163420593368238,0,0.30679783456414
76848,768884746,24.0769742,3901,1783,0,3069,1605,142,-0.122984293193717,-0.346579406631762,0,0.367753207292041
76849,768894746,24.0925382,3931,1950,0,3077,1748,142,-0.0963176265270507,0.130087260034904,0,0.161863462224164
76850,768904747,24.108314,3901,1963,0,3066,1756,142,-0.132984293193717,0.156753926701571,0,0.205564140288607
76851,768914746,24.1093465,3861,1826,0,3049,1636,142,-0.189650959860384,-0.243246073298429,0,0.308441467301447
76852,768924747,24.2336212,3903,1911,0,3065,1715,142,-0.136317626527051,0.0200872600349044,0,0.137789670576855
76853,768934746,24.2345833,3917,1906,0,3071,1705,142,-0.116317626527051,-0.013246073298429,0,0.117069418289807
76854,768944747,24.2354688,3895,1883,0,3062,1692,142,-0.146317626527051,-0.0565794066317623,0,0.156875992705423
76855,768954746,24.2361612,3889,1907,0,3066,1704,142,-0.132984293193717,-0.0165794066317623,0,0.134013801380656
76856,768964747,24.2367097,3876,1890,0,3061,1689,142,-0.149650959860384,-0.0665794066317623,0,0.163793245204348
76857,768974746,24.2373645,3886,1914,0,3057,1708,142,-0.162984293193717,-0.00324607329842896,0,0.163016615164573
76858,768984747,24.2380628,3882,1930,0,3058,1720,142,-0.159650959860384,0.036753926701571,0,0.163826982247511
76859,768994746,24.2387213,3935,2000,0,3086,1773,142,-0.0663176265270507,0.213420593368238,0,0.223486861497118
76861,769014746,24.2394418,3886,1941,0,3060,1743,142,-0.152984293193717,0.113420593368238,0,0.190442707825699
76862,769024746,24.2402301,3424,2059,0,2842,1823,142,-0.879650959860384,0.380087260034904,0,0.958254734621299
76863,769034746,24.2410077,3610,1946,0,2932,1739,142,-0.579650959860384,0.100087260034904,0,0.58822843767397
76864,769044747,24.2476823,3533,1786,0,2901,1608,142,-0.682984293193717,-0.336579406631762,0,0.761415288602685
76865,769054746,24.248511,3578,1830,0,2922,1640,142,-0.612984293193717,-0.229912739965096,0,0.654682832904956
76866,769064746,24.2634028,3713,1906,0,2973,1700,142,-0.442984293193717,-0.0299127399650956,0,0.44399308105933
76867,769074746,24.2811527,3761,1889,0,3002,1694,142,-0.346317626527051,-0.0499127399650956,0,0.34989595604144
76868,769084747,24.2819419,3840,1842,0,3037,1652,142,-0.229650959860384,-0.189912739965096,0,0.298004047230647
76869,769094747,24.2950584,3823,1808,0,3027,1634,142,-0.262984293193717,-0.249912739965096,0,0.362790733155439
76870,769104747,24.3098319,3707,2001,0,2984,1795,142,-0.406317626527051,0.286753926701571,0,0.497314616822536
76871,769114747,24.310409,3648,1877,0,2936,1680,142,-0.566317626527051,-0.0965794066317623,0,0.574493895442393
76872,769124746,24.4200757,3841,1919,0,3020,1721,142,-0.286317626527051,0.0400872600349044,0,0.289110310568803
76873,769134747,24.4211323,3920,1887,0,3085,1690,142,-0.069650959860384,-0.063246073298429,0,0.0940814646842994
76874,769144746,24.4217928,3888,1961,0,3062,1752,142,-0.146317626527051,0.143420593368238,0,0.204886101125984
76875,769154747,24.4222701,3856,1793,0,3048,1614,142,-0.192984293193717,-0.316579406631762,0,0.370763345171549
76876,769164747,24.4227573,3927,1893,0,3076,1700,142,-0.099650959860384,-0.0299127399650956,0,0.104043672625082
76877,769174747,24.4233228,3919,1921,0,3072,1718,142,-0.112984293193717,0.0300872600349044,0,0.11692174188273
76878,769184747,24.4238289,3860,2062,0,3050,1823,142,-0.186317626527051,0.380087260034904,0,0.423297275204453
76879,769194746,24.4242651,3923,1395,0,3079,1292,142,-0.089650959860384,-1.3899127399651,0,1.39280103364449
76880,769204746,24.4246885,4002,1887,0,3111,1697,142,0.0170157068062827,-0.0399127399650956,0,0.0433884902899227
76881,769214746,24.4251494,4027,2151,0,3139,1916,142,0.110349040139616,0.690087260034904,0,0.698854303215067
76882,769224747,24.425858,4028,2079,0,3123,1844,142,0.0570157068062827,0.450087260034904,0,0.453684177009015
76883,769234747,24.4371084,4021,1947,0,3117,1744,142,0.0370157068062827,0.116753926701571,0,0.122481190191002
76884,769244747,24.437969,3979,1680,0,3097,1518,142,-0.029650959860384,-0.636579406631762,0,0.637269582177189
76885,769254746,24.4524388,4027,1936,0,3117,1732,142,0.0370157068062827,0.076753926701571,0,0.085213425083603
76886,769264747,24.467707,4017,1982,0,3120,1770,142,0.0470157068062826,0.203420593368238,0,0.208783175789574
76887,769274747,24.4686738,3998,1846,0,3108,1658,142,0.00701570680628265,-0.169912739965096,0,0.17005751775337
76888,769284747,24.4846436,4006,1921,0,3112,1716,142,0.020349040139616,0.0234205933682377,0,0.0310259186539906
76889,769294746,24.4999231,4030,1840,0,3121,1653,142,0.050349040139616,-0.186579406631762,0,0.193253462639201
76890,769304747,24.5005783,4013,1968,0,3114,1758,142,0.0270157068062827,0.163420593368238,0,0.165638578691891
76891,769314747,24.5144782,3822,2039,0,3038,1809,142,-0.226317626527051,0.333420593368238,0,0.402975135906504
76892,769324746,24.514927,3965,1813,0,3099,1626,142,-0.0229842931937174,-0.276579406631762,0,0.277532783480425
76893,769334746,24.6383979,3831,1812,0,3040,1629,142,-0.219650959860384,-0.266579406631762,0,0.345414423855939
76894,769344746,24.6392305,3803,1931,0,3027,1731,142,-0.262984293193717,0.0734205933682377,0,0.273040879717934
76896,769364746,24.6399481,3873,1585,0,3042,1424,142,-0.212984293193717,-0.949912739965096,0,0.973497058390637
76897,769374746,24.6405941,3949,1743,0,3082,1574,142,-0.079650959860384,-0.449912739965096,0,0.456908906664753
76898,769384746,24.6411639,4006,2025,0,3114,1810,142,0.0270157068062827,0.336753926701571,0,0.33783584114651
76899,769394747,24.6417524,4029,2095,0,3123,1863,142,0.0570157068062827,0.513420593368238,0,0.516576709228371
76900,769404747,24.6423601,4012,2005,0,3111,1789,142,0.0170157068062827,0.266753926701571,0,0.267296074959631
76901,769414751,24.6429608,3998,1760,0,3109,1586,142,0.010349040139616,-0.409912739965096,0,0.410043359923684
76902,769424746,24.6434952,4007,1891,0,3109,1691,142,0.010349040139616,-0.0599127399650956,0,0.0607999921211882
76903,769434746,24.6443531,4016,1975,0,3119,1760,142,0.0436823734729493,0.170087260034904,0,0.175607020868789
76904,769444746,24.6449224,4000,1887,0,3110,1688,142,0.0136823734729493,-0.0699127399650956,0,0.0712390240898929
76905,769454747,24.6551644,4013,1859,0,3116,1673,142,0.0336823734729493,-0.119912739965096,0,0.124553472407267
76907,769474746,24.6710666,3946,2058,0,3085,1832,142,-0.069650959860384,0.410087260034904,0,0.415960114737469
76908,769484747,24.6873565,3957,1853,0,3095,1667,142,-0.0363176265270507,-0.139912739965096,0,0.144549454516781
76909,769494746,24.7020445,4006,1885,0,3104,1696,142,-0.00631762652705068,-0.043246073298429,0,0.0437050942187336
76910,769504746,24.7032873,3890,1967,0,3062,1750,142,-0.146317626527051,0.136753926701571,0,0.200276020284027
76911,769514746,24.8155672,3739,1926,0,2995,1722,142,-0.369650959860384,0.0434205933682377,0,0.372192396556073
76912,769524747,24.816549,3735,1886,0,3012,1681,142,-0.312984293193717,-0.093246073298429,0,0.326579236895959
76913,769534747,24.8174869,3765,1557,0,3011,1425,142,-0.316317626527051,-0.946579406631762,0,0.998032771962447
76914,769544747,24.8181137,3931,2032,0,3077,1810,142,-0.0963176265270507,0.336753926701571,0,0.350257465771583
76915,769554747,24.8186752,3877,2059,0,3054,1828,142,-0.172984293193717,0.396753926701571,0,0.432824726702213
76916,769564746,24.8191615,3730,1922,0,2997,1716,142,-0.362984293193717,0.0234205933682377,0,0.363739084096091
76918,769584747,24.819595,3979,1898,0,3107,1698,142,0.00368237347294932,-0.0365794066317623,0,0.0367642878881952
76919,769594746,24.8200595,3961,1927,0,3095,1727,142,-0.0363176265270507,0.0600872600349044,0,0.0702100335782611
76920,769604746,24.8205799,3952,1890,0,3091,1694,142,-0.049650959860384,-0.0499127399650956,0,0.0704024106539025
76921,769614747,24.821056,3961,1902,0,3095,1701,142,-0.0363176265270507,-0.0265794066317623,0,0.0450048314456893
76922,769624747,24.8278138,3954,1907,0,3095,1717,142,-0.0363176265270507,0.026753926701571,0,0.0451081211148433
76923,769634746,24.8285167,3938,1892,0,3090,1696,142,-0.0529842931937173,-0.043246073298429,0,0.0683926763694103
76924,769644746,24.8445993,3941,1915,0,3089,1715,142,-0.0563176265270507,0.0200872600349044,0,0.0597927510100533
76925,769654747,24.8646968,3945,1900,0,3087,1699,142,-0.0629842931937173,-0.033246073298429,0,0.0712202399523946
76927,769674747,24.8901882,3954,1909,0,3090,1709,142,-0.0529842931937173,8.72600349043751e-05,0,0.0529843650481111
76928,769684747,24.890926,3952,1899,0,3088,1703,142,-0.059650959860384,-0.0199127399650956,0,0.0628868366606451
76929,769694747,24.8914384,3946,1904,0,3090,1705,142,-0.0529842931937173,-0.013246073298429,0,0.0546149593340978
76930,769704746,24.906185,3943,1909,0,3082,1709,142,-0.079650959860384,8.72600349043751e-05,0,0.079651007658373
76931,769714746,24.920986,3966,1956,0,3093,1750,142,-0.0429842931937173,0.136753926701571,0,0.143350221240367
76932,769724746,24.9221431,3990,1929,0,3105,1720,142,-0.00298429319371735,0.036753926701571,0,0.0368748848655901
76933,769734747,25.0242268,3888,1574,0,3060,1437,142,-0.152984293193717,-0.906579406631762,0,0.919396766631675
76935,769754746,25.0250604,3980,2089,0,3104,1851,142,-0.00631762652705068,0.473420593368238,0,0.473462744711841
76937,769774747,25.0257594,3941,1829,0,3083,1652,142,-0.0763176265270507,-0.189912739965096,0,0.204673469017781
76938,769784746,25.0263279,3984,1898,0,3100,1701,142,-0.019650959860384,-0.0265794066317623,0,0.0330548798262979
76939,769794747,25.026869,3965,1942,0,3102,1732,142,-0.0129842931937173,0.076753926701571,0,0.0778444418943996
76940,769804747,25.0274012,3959,1872,0,3095,1683,142,-0.0363176265270507,-0.0865794066317623,0,0.0938880378390473
76941,769814746,25.0279783,3938,1905,0,3087,1705,142,-0.0629842931937173,-0.013246073298429,0,0.0643620979066057
76942,769824747,25.028535,3815,1904,0,3032,1705,142,-0.246317626527051,-0.013246073298429,0,0.24667353241835
76943,769834747,25.0321384,3827,1874,0,3034,1678,142,-0.239650959860384,-0.103246073298429,0,0.260945078921883
76944,769844746,25.0486756,3824,1903,0,3038,1701,142,-0.226317626527051,-0.0265794066317623,0,0.227873063203473
76945,769854747,25.0496819,3632,1867,0,2946,1673,142,-0.532984293193717,-0.119912739965096,0,0.54630698512571
76946,769864746,25.0635549,3817,1880,0,3033,1689,142,-0.242984293193717,-0.0665794066317623,0,0.251940834574882
76947,769874747,25.0793471,3824,1902,0,3034,1701,142,-0.239650959860384,-0.0265794066317623,0,0.24112040025452
76948,769884746,25.0802859,3809,1879,0,3026,1686,142,-0.266317626527051,-0.0765794066317623,0,0.277109154881383
76949,769894747,25.0947865,3762,1882,0,3005,1688,142,-0.336317626527051,-0.0699127399650956,0,0.343507404756019
76950,769904746,25.0961583,3731,1872,0,2997,1683,142,-0.362984293193717,-0.0865794066317623,0,0.373166974366771
76951,769914747,25.1052411,3775,1959,0,3014,1755,142,-0.306317626527051,0.153420593368238,0,0.342590669444788
76952,769924746,25.2300903,3767,1990,0,3010,1768,142,-0.319650959860384,0.196753926701571,0,0.375351626894239
76953,769934746,25.2308039,3286,1495,0,2741,1364,142,-1.21631762652705,-1.1499127399651,0,1.67383627578519
76954,769944746,25.2314243,3764,1889,0,3005,1694,142,-0.336317626527051,-0.0499127399650956,0,0.34000121694431
76955,769954746,25.2320708,3784,2067,0,3013,1844,142,-0.309650959860384,0.450087260034904,0,0.546316994599459
76956,769964746,25.2326705,3680,1923,0,2969,1722,142,-0.456317626527051,0.0434205933682377,0,0.458378799910871
76958,769984746,25.2331776,3619,1859,0,2938,1668,142,-0.559650959860384,-0.136579406631762,0,0.576075629747114
76959,769994746,25.233729,3583,1873,0,2919,1689,142,-0.622984293193717,-0.0665794066317623,0,0.62653192013936
76960,770004746,25.2344075,3548,1851,0,2905,1667,142,-0.669650959860384,-0.139912739965096,0,0.684111089550867
76961,770014746,25.2352866,3451,1851,0,2857,1661,142,-0.829650959860384,-0.159912739965096,0,0.844921771290337
76962,770024747,25.2359729,3439,1851,0,2849,1671,142,-0.856317626527051,-0.126579406631762,0,0.865622448694678
76963,770034747,25.2369866,3504,1845,0,2886,1660,142,-0.732984293193717,-0.163246073298429,0,0.750942910290822
76964,770044746,25.2528721,3551,1854,0,2904,1667,142,-0.672984293193717,-0.139912739965096,0,0.687374303920351
76965,770054747,25.2538476,3557,1861,0,2906,1672,142,-0.666317626527051,-0.123246073298429,0,0.677619933298987
76966,770064747,25.2677042,3520,1862,0,2892,1662,142,-0.712984293193717,-0.156579406631762,0,0.729975145413938
76967,770074747,25.2689102,3515,1861,0,2891,1666,142,-0.716317626527051,-0.143246073298429,0,0.730500088698671
76968,770084746,25.2846468,3444,1850,0,2854,1662,142,-0.839650959860384,-0.156579406631762,0,0.854125778194066
76969,770094747,25.2986652,3433,1846,0,2851,1653,142,-0.849650959860384,-0.186579406631762,0,0.86989575730126
76970,770104747,25.2993137,3456,1903,0,2864,1700,142,-0.806317626527051,-0.0299127399650956,0,0.806872286585948
76971,770114747,25.3147905,3409,2015,0,2836,1799,142,-0.899650959860384,0.300087260034904,0,0.948379783216074
76972,770124746,25.3299962,2880,1314,0,2503,1227,142,-2.00965095986038,-1.60657940663176,0,2.57289610561348
76973,770134747,25.3306849,3006,1749,0,2590,1589,142,-1.71965095986038,-0.399912739965096,0,1.76553947090829
76975,770154746,25.4340988,3216,2130,0,2717,1888,142,-1.29631762652705,0.596753926701571,0,1.42707905803374
76976,770164746,25.4353632,3158,1872,0,2686,1684,142,-1.39965095986038,-0.083246073298429,0,1.40212435902016
76978,770184746,25.4367289,3421,1872,0,2839,1679,142,-0.889650959860384,-0.0999127399650956,0,0.895243757860302
76979,770194746,25.4373254,3407,1943,0,2807,1732,142,-0.996317626527051,0.076753926701571,0,0.999269722443648
76980,770204746,25.4377728,3493,1796,0,2884,1618,142,-0.739650959860384,-0.303246073298429,0,0.79940085275993
76981,770214747,25.4381855,3542,1870,0,2895,1674,142,-0.702984293193717,-0.116579406631762,0,0.712585205100193
76983,770234747,25.4388586,3659,1861,0,2946,1668,142,-0.532984293193717,-0.136579406631762,0,0.550205589854457
76984,770244746,25.4392826,3632,1879,0,2944,1683,142,-0.539650959860384,-0.0865794066317623,0,0.546552058024615
76985,770254746,25.4534472,3552,1871,0,2897,1679,142,-0.696317626527051,-0.0999127399650956,0,0.703449211115911
76986,770264747,25.4694117,3258,1886,0,2741,1688,142,-1.21631762652705,-0.0699127399650956,0,1.21832522743717
76987,770274747,25.4712653,3214,1938,0,2718,1731,142,-1.29298429319372,0.0734205933682377,0,1.29506716658875
76988,770284747,25.5005072,3028,1434,0,2607,1315,142,-1.66298429319372,-1.31324607329843,0,2.11899315913071
76990,770304747,25.5021525,3271,2045,0,2756,1823,142,-1.16631762652705,0.380087260034904,0,1.22668787031931
76991,770314746,25.5161644,3253,1925,0,2745,1721,142,-1.20298429319372,0.0400872600349044,0,1.20365202533286
76992,770324746,25.5171662,3163,1669,0,2696,1506,142,-1.36631762652705,-0.676579406631762,0,1.52465850275945
76993,770334747,25.532468,3426,1843,0,2843,1653,142,-0.876317626527051,-0.186579406631762,0,0.895960075863352
76994,770344746,25.6340855,3441,1919,0,2851,1718,142,-0.849650959860384,0.0300872600349044,0,0.850183507725291
76995,770354746,25.6350349,3468,1834,0,2862,1646,142,-0.812984293193717,-0.209912739965096,0,0.839646842058816
76996,770364747,25.6357205,3493,1857,0,2877,1667,142,-0.762984293193717,-0.139912739965096,0,0.775706520834302
76997,770374747,25.6362098,3472,1850,0,2868,1665,142,-0.792984293193717,-0.146579406631762,0,0.806417764995575
76998,770384746,25.6368028,3503,1858,0,2883,1667,142,-0.742984293193717,-0.139912739965096,0,0.756043143436344
76999,770394746,25.6375399,3386,1838,0,2819,1653,142,-0.956317626527051,-0.186579406631762,0,0.974348642830374
77000,770404748,25.6382828,3470,1919,0,2867,1708,142,-0.796317626527051,-0.00324607329842896,0,0.796324242573045
77001,770414751,25.6388351,3523,1953,0,2889,1752,142,-0.722984293193717,0.143420593368238,0,0.737072421683864
77002,770424746,25.6394974,3583,1511,0,2917,1381,142,-0.629650959860384,-1.09324607329843,0,1.26160505231849
77003,770434746,25.6405342,3642,1807,0,2947,1626,142,-0.529650959860384,-0.276579406631762,0,0.597516784244429
77004,770444747,25.6412786,3693,1979,0,2970,1772,142,-0.452984293193717,0.210087260034904,0,0.499330979120248
77005,770454746,25.6566116,3706,2046,0,2984,1819,142,-0.406317626527051,0.366753926701571,0,0.547359531183661
77006,770464746,25.6714657,3632,1802,0,2944,1625,142,-0.539650959860384,-0.279912739965096,0,0.607926229466208
77007,770474746,25.672193,3670,1840,0,2969,1658,142,-0.456317626527051,-0.169912739965096,0,0.486925164149202
77008,770484747,25.6877579,3838,1939,0,3036,1733,142,-0.232984293193717,0.0800872600349044,0,0.246364871876805
77009,770494746,25.688244,3818,1887,0,3024,1692,142,-0.272984293193717,-0.0565794066317623,0,0.278786035491873
77010,770504746,25.702813,3792,1878,0,3020,1690,142,-0.286317626527051,-0.063246073298429,0,0.293219796479968
77011,770514746,25.7181535,3805,1883,0,3026,1695,142,-0.266317626527051,-0.0465794066317623,0,0.270360350867446
77012,770524747,25.7188164,3803,1894,0,3032,1695,142,-0.246317626527051,-0.0465794066317623,0,0.250683095281845
77013,770534747,25.8371548,3818,1883,0,3034,1690,142,-0.239650959860384,-0.063246073298429,0,0.247856104120261
77014,770544747,25.8379416,3818,1894,0,3028,1690,142,-0.259650959860384,-0.063246073298429,0,0.26724274872125
77015,770554747,25.838591,3819,1939,0,3034,1739,142,-0.239650959860384,0.100087260034904,0,0.259711459476277
77016,770564746,25.8392448,3843,2003,0,3039,1782,142,-0.222984293193717,0.243420593368238,0,0.3301144957236
77017,770574747,25.8398923,3746,1521,0,2993,1401,142,-0.376317626527051,-1.02657940663176,0,1.09338018738011
77019,770594746,25.8405154,3874,2110,0,3058,1879,142,-0.159650959860384,0.566753926701571,0,0.588811041350272
77020,770604746,25.8411134,3798,1934,0,3023,1733,142,-0.276317626527051,0.0800872600349044,0,0.287689763372702
77021,770614746,25.8417068,3747,1745,0,3003,1575,142,-0.342984293193717,-0.446579406631762,0,0.563090926765092
77022,770624746,25.8422743,3858,1898,0,3048,1705,142,-0.192984293193717,-0.013246073298429,0,0.193438351619595
77023,770634746,25.843012,3849,1924,0,3042,1718,142,-0.212984293193717,0.0300872600349044,0,0.215098936221533
77024,770644746,25.8438993,3801,1867,0,3026,1674,142,-0.266317626527051,-0.116579406631762,0,0.290716074976282
77025,770654746,25.8596339,3797,1891,0,3023,1693,142,-0.276317626527051,-0.053246073298429,0,0.281401092839463
77026,770664747,25.860451,3791,1895,0,3023,1693,142,-0.276317626527051,-0.053246073298429,0,0.281401092839463
77027,770674747,25.876483,3822,1889,0,3027,1690,142,-0.262984293193717,-0.063246073298429,0,0.2704825396477
77028,770684746,25.8772589,3831,1882,0,3035,1691,142,-0.236317626527051,-0.0599127399650956,0,0.243794087330894
77029,770694747,25.8919415,3826,1954,0,3041,1745,142,-0.216317626527051,0.120087260034904,0,0.247415168429479
77030,770704747,25.9077057,3901,2053,0,3069,1822,142,-0.122984293193717,0.376753926701571,0,0.396318883801177
77031,770714746,25.9084809,3831,1469,0,3034,1347,142,-0.239650959860384,-1.20657940663176,0,1.23014895320439
77032,770724746,25.9231967,3901,1891,0,3072,1692,142,-0.112984293193717,-0.0565794066317623,0,0.1263593279631
77033,770734746,25.9371811,3937,2047,0,3084,1834,142,-0.0729842931937174,0.416753926701571,0,0.423096374924396
77034,770744747,25.9377771,3900,2019,0,3066,1800,142,-0.132984293193717,0.303420593368238,0,0.331283683142056
77035,770754746,26.045806,3819,1807,0,3029,1624,142,-0.256317626527051,-0.283246073298429,0,0.382004010067224
77036,770764747,26.0467511,3888,1879,0,3062,1687,142,-0.146317626527051,-0.073246073298429,0,0.163627122098228
77037,770774746,26.0474509,3921,1956,0,3076,1747,142,-0.099650959860384,0.126753926701571,0,0.161235454337323
77038,770784746,26.0479853,3875,1889,0,3056,1695,142,-0.166317626527051,-0.0465794066317623,0,0.172717092425036
77039,770794747,26.0484095,3863,1890,0,3051,1691,142,-0.182984293193717,-0.0599127399650956,0,0.192542950963491
77040,770804747,26.0488067,3679,1877,0,2966,1679,142,-0.466317626527051,-0.0999127399650956,0,0.476901126458257
77042,770824746,26.0491911,3651,1872,0,2951,1671,142,-0.516317626527051,-0.126579406631762,0,0.53160722121297
77043,770834747,26.0495676,3730,1941,0,2998,1731,142,-0.359650959860384,0.0734205933682377,0,0.367068653604526
77045,770854746,26.0500315,3680,1407,0,2968,1302,142,-0.459650959860384,-1.35657940663176,0,1.43233609582317
77047,770874745,26.0790416,3696,1966,0,2976,1764,142,-0.432984293193717,0.183420593368238,0,0.470232402354431
77048,770884747,26.0796223,3792,2128,0,3019,1884,142,-0.289650959860384,0.583420593368238,0,0.651365693995461
77049,770894746,26.0930199,3650,1819,0,2950,1626,142,-0.519650959860384,-0.276579406631762,0,0.588670780875521
77050,770904746,26.1086872,3545,1780,0,2907,1612,142,-0.662984293193717,-0.323246073298429,0,0.737588094348347
77051,770914747,26.109311,3504,1923,0,2868,1721,142,-0.792984293193717,0.0400872600349044,0,0.793996900289318
77052,770924747,26.125846,3509,1845,0,2883,1654,142,-0.742984293193717,-0.183246073298429,0,0.765248184128431
77053,770934747,26.139489,3643,1855,0,2961,1668,142,-0.482984293193717,-0.136579406631762,0,0.501924059781676
77054,770944747,26.139983,3799,1891,0,3019,1690,142,-0.289650959860384,-0.063246073298429,0,0.29647553749966
77055,770954746,26.2429158,3835,1898,0,3039,1697,142,-0.222984293193717,-0.0399127399650956,0,0.22652819211441
77056,770964747,26.2438192,3861,1890,0,3055,1690,142,-0.169650959860384,-0.063246073298429,0,0.181056659555013
77057,770974747,26.2446065,3887,1893,0,3062,1704,142,-0.146317626527051,-0.0165794066317623,0,0.147253945810531
77058,770984747,26.2453717,3909,1973,0,3071,1759,142,-0.116317626527051,0.166753926701571,0,0.203314196039724
77059,770994746,26.2460239,3918,1975,0,3074,1767,142,-0.106317626527051,0.193420593368238,0,0.22071466568687
77060,771004746,26.2465968,3959,1446,0,3090,1309,142,-0.0529842931937173,-1.33324607329843,0,1.33429847758697
77061,771014746,26.2471408,3920,1747,0,3072,1587,142,-0.112984293193717,-0.406579406631762,0,0.421986095038118
77062,771024746,26.2477275,3829,1970,0,3039,1759,142,-0.222984293193717,0.166753926701571,0,0.27844006012335
77063,771034747,26.248617,3877,2267,0,3054,2007,142,-0.172984293193717,0.993420593368238,0,1.00836900042585
77064,771044747,26.2493638,3849,1953,0,3044,1734,142,-0.206317626527051,0.0834205933682377,0,0.222544284163095
77065,771054746,26.2499614,3734,1680,0,2991,1522,142,-0.382984293193717,-0.623246073298429,0,0.731513934737406
77066,771064746,26.2670835,3505,1891,0,2885,1698,142,-0.736317626527051,-0.0365794066317623,0,0.737225677878871
77067,771074746,26.2679032,3783,1931,0,3017,1722,142,-0.296317626527051,0.0434205933682377,0,0.299482025702837
77068,771084746,26.2805685,3766,1846,0,3008,1650,142,-0.326317626527051,-0.196579406631762,0,0.380954927115982
77069,771094746,26.2959928,4016,1918,0,3117,1720,142,0.0370157068062827,0.036753926701571,0,0.0521633365339405
77070,771104747,26.2965268,4001,1902,0,3110,1700,142,0.0136823734729493,-0.0299127399650956,0,0.0328934546083669
77071,771114747,26.3120993,4023,1917,0,3124,1709,142,0.060349040139616,8.72600349043751e-05,0,0.0603491032252069
77072,771124746,26.3277946,4059,1982,0,3130,1770,142,0.080349040139616,0.203420593368238,0,0.218714210918366
77073,771134747,26.3285781,4055,1983,0,3134,1770,142,0.0936823734729493,0.203420593368238,0,0.223956078072936
77074,771144746,26.3434424,4047,1658,0,3124,1495,142,0.060349040139616,-0.713246073298429,0,0.715794640746493
77075,771154746,26.3580854,3958,1694,0,3096,1546,142,-0.0329842931937173,-0.543246073298429,0,0.544246506421172
77076,771164746,26.358734,3984,2032,0,3107,1829,142,0.00368237347294932,0.400087260034904,0,0.400104205822223
77077,771174746,26.4637408,4079,2233,0,3143,1979,142,0.123682373472949,0.900087260034904,0,0.908545213616275
77078,771184746,26.4644771,4049,1933,0,3130,1728,142,0.080349040139616,0.0634205933682377,0,0.102362785789255
77079,771194745,26.4651095,4065,1755,0,3135,1588,142,0.0970157068062826,-0.403246073298429,0,0.414752267019391
77080,771204746,26.4656255,4095,1963,0,3148,1755,142,0.140349040139616,0.153420593368238,0,0.207932035861658
77081,771214746,26.4663231,4095,1921,0,3150,1719,142,0.147015706806283,0.0334205933682377,0,0.150766555007521
77082,771224747,26.4671005,4094,1889,0,3148,1696,142,0.140349040139616,-0.043246073298429,0,0.146860736494969
77083,771234747,26.4680351,4079,1931,0,3143,1720,142,0.123682373472949,0.036753926701571,0,0.129027828920301
77085,771254746,26.4687375,4070,1911,0,3132,1711,142,0.0870157068062826,0.00675392670157104,0,0.0872774240963099
77086,771264746,26.4698869,4069,1914,0,3141,1717,142,0.117015706806283,0.026753926701571,0,0.120035195810758
77087,771274747,26.4829018,4091,1982,0,3132,1783,142,0.0870157068062826,0.246753926701571,0,0.261647154721089
77088,771284747,26.4843327,4076,1968,0,3143,1764,142,0.123682373472949,0.183420593368238,0,0.221224871068916
77089,771294747,26.4974829,4095,1605,0,3150,1442,142,0.147015706806283,-0.889912739965096,0,0.901974668602137
77090,771304747,26.4982903,4075,1733,0,3142,1566,142,0.120349040139616,-0.476579406631762,0,0.491540255002588
77091,771314746,26.5152193,4081,2015,0,3142,1805,142,0.120349040139616,0.320087260034904,0,0.341964538364988
77092,771324746,26.5296387,4095,2269,0,3150,2010,142,0.147015706806283,1.00342059336824,0,1.01413337645658
77093,771334746,26.5302886,4082,1913,0,3141,1705,142,0.117015706806283,-0.013246073298429,0,0.117763042153306
77094,771344747,26.544885,4063,1775,0,3137,1592,142,0.103682373472949,-0.389912739965096,0,0.403462488164727
77095,771354746,26.5453727,4095,1964,0,3150,1751,142,0.147015706806283,0.140087260034904,0,0.203071559977851
77096,771364746,26.5609975,4095,1936,0,3150,1722,142,0.147015706806283,0.0434205933682377,0,0.153293724516696
77097,771374747,26.6613575,4095,1901,0,3150,1704,142,0.147015706806283,-0.0165794066317623,0,0.147947608199701
77098,771384747,26.6621265,4085,1916,0,3146,1713,142,0.133682373472949,0.0134205933682377,0,0.134354342332939
77099,771394747,26.6629108,4080,1929,0,3150,1718,142,0.147015706806283,0.0300872600349044,0,0.150062857710224
77100,771404746,26.6635984,4095,1911,0,3148,1708,142,0.140349040139616,-0.00324607329842896,0,0.140386573645667
77101,771414747,26.6640888,4095,1919,0,3150,1718,142,0.147015706806283,0.0300872600349044,0,0.150062857710224
77102,771424747,26.664494,4095,1919,0,3150,1716,142,0.147015706806283,0.0234205933682377,0,0.148869547730458
77103,771434747,26.6648912,4090,1990,0,3150,1774,142,0.147015706806283,0.216753926701571,0,0.261908157162584
77104,771444746,26.6653065,4095,2002,0,3150,1784,142,0.147015706806283,0.250087260034904,0,0.290098699892841
77105,771454746,26.6656925,4095,1425,0,3150,1306,142,0.147015706806283,-1.34324607329843,0,1.35126741671639
77106,771464747,26.666089,4095,1848,0,3150,1661,142,0.147015706806283,-0.159912739965096,0,0.217222702429776
77107,771474747,26.6723597,4095,1986,0,3150,1769,142,0.147015706806283,0.200087260034904,0,0.248291219490393
77108,771484747,26.6862002,4095,2236,0,3150,1976,142,0.147015706806283,0.890087260034904,0,0.902146855298069
77109,771494747,26.6875213,4073,1849,0,3140,1652,142,0.113682373472949,-0.189912739965096,0,0.221338046524978
77110,771504747,26.7018397,4087,1854,0,3150,1666,142,0.147015706806283,-0.143246073298429,0,0.205263380960097
77111,771514747,26.7168369,4095,1958,0,3150,1749,142,0.147015706806283,0.133420593368238,0,0.198531289177509
77112,771524747,26.7177132,4095,1915,0,3150,1721,142,0.147015706806283,0.0400872600349044,0,0.152383091138279
77113,771534747,26.7476612,4095,1911,0,3150,1716,142,0.147015706806283,0.0234205933682377,0,0.148869547730458
77114,771544747,26.7482309,4095,1917,0,3150,1718,142,0.147015706806283,0.0300872600349044,0,0.150062857710224
77115,771554747,26.7486501,4095,1913,0,3150,1707,142,0.147015706806283,-0.00657940663176229,0,0.147162857540131
77116,771564746,26.76264,4095,1923,0,3150,1714,142,0.147015706806283,0.016753926701571,0,0.147967267014271
77117,771574747,26.8904851,4095,1911,0,3150,1713,142,0.147015706806283,0.0134205933682377,0,0.14762699744324
77118,771584746,26.8914582,4095,1911,0,3150,1713,142,0.147015706806283,0.0134205933682377,0,0.14762699744324
77119,771594747,26.8926006,4095,1917,0,3150,1715,142,0.147015706806283,0.0200872600349044,0,0.148381656762083
77120,771604747,26.8933058,4095,1932,0,3150,1731,142,0.147015706806283,0.0734205933682377,0,0.164329551749815
77121,771614746,26.8938654,4095,1942,0,3150,1741,142,0.147015706806283,0.106753926701571,0,0.18168659530619
77122,771624747,26.8944024,4077,1958,0,3141,1743,142,0.117015706806283,0.113420593368238,0,0.162962899579558
77123,771634746,26.8949224,4095,1750,0,3150,1592,142,0.147015706806283,-0.389912739965096,0,0.416708006684344
77124,771644746,26.8954192,4095,1963,0,3150,1758,142,0.147015706806283,0.163420593368238,0,0.219817898235284
77125,771654747,26.8959464,4095,2035,0,3150,1815,142,0.147015706806283,0.353420593368238,0,0.382778962149839
77126,771664747,26.896453,4095,1936,0,3150,1733,142,0.147015706806283,0.0800872600349044,0,0.167414417741272
77127,771674746,26.8969645,4095,1856,0,3150,1665,142,0.147015706806283,-0.146579406631762,0,0.207603324868053
77128,771684746,26.8974996,4095,1923,0,3150,1718,142,0.147015706806283,0.0300872600349044,0,0.150062857710224
77129,771694746,26.8980458,4095,1925,0,3150,1720,142,0.147015706806283,0.036753926701571,0,0.151540321946785
77130,771704746,26.9047635,4095,1918,0,3150,1714,142,0.147015706806283,0.016753926701571,0,0.147967267014271
77131,771714747,26.9054564,4095,1983,0,3150,1775,142,0.147015706806283,0.220087260034904,0,0.264673421554607
77132,771724747,26.9208664,4095,2000,0,3150,1788,142,0.147015706806283,0.263420593368238,0,0.301668737290136
77133,771734746,26.9370835,4095,1488,0,3150,1355,142,0.147015706806283,-1.1799127399651,0,1.18903645527784
77134,771744746,26.9381964,4095,1849,0,3150,1660,142,0.147015706806283,-0.163246073298429,0,0.219688184696189
77135,771754746,26.9524913,4095,2106,0,3150,1869,142,0.147015706806283,0.533420593368238,0,0.553309269285337
77136,771764747,26.967703,4095,2093,0,3150,1857,142,0.147015706806283,0.493420593368238,0,0.514856776208311
77137,771774746,26.968858,4095,1805,0,3150,1622,142,0.147015706806283,-0.289912739965096,0,0.32505847911079
77138,771784747,27.0828322,4095,1961,0,3150,1754,142,0.147015706806283,0.150087260034904,0,0.210094749274074
77139,771794745,27.0837055,4095,1902,0,3150,1705,142,0.147015706806283,-0.013246073298429,0,0.147611234347451
77140,771804747,27.0847013,4095,1922,0,3150,1722,142,0.147015706806283,0.0434205933682377,0,0.153293724516696
77141,771814746,27.0855179,4095,1929,0,3150,1728,142,0.147015706806283,0.0634205933682377,0,0.160111803783888
77142,771824746,27.0862323,4095,1942,0,3150,1736,142,0.147015706806283,0.0900872600349044,0,0.172421960516482
77143,771834747,27.086925,4095,1953,0,3150,1754,142,0.147015706806283,0.150087260034904,0,0.210094749274074
77144,771844747,27.0878222,4095,1697,0,3150,1544,142,0.147015706806283,-0.549912739965096,0,0.569225473449379
77145,771854746,27.0886087,4095,1969,0,3150,1759,142,0.147015706806283,0.166753926701571,0,0.22230719763009
77146,771864747,27.0896541,4095,2053,0,3150,1821,142,0.147015706806283,0.373420593368238,0,0.40131852386756
77147,771874746,27.0905399,4095,1933,0,3150,1731,142,0.147015706806283,0.0734205933682377,0,0.164329551749815
77148,771884747,27.0914013,4095,1869,0,3150,1670,142,0.147015706806283,-0.129912739965096,0,0.196191075365291
77149,771894746,27.092612,4095,1929,0,3150,1723,142,0.147015706806283,0.046753926701571,0,0.154271020317384
77150,771904747,27.1070996,4095,1968,0,3150,1759,142,0.147015706806283,0.166753926701571,0,0.22230719763009
77151,771914746,27.1080828,4095,2023,0,3150,1800,142,0.147015706806283,0.303420593368238,0,0.337161199617756
77152,771924747,27.1224829,4095,1328,0,3150,1236,142,0.147015706806283,-1.57657940663176,0,1.58341916227609
77153,771934747,27.1250544,4095,1936,0,3150,1731,142,0.147015706806283,0.0734205933682377,0,0.164329551749815
77154,771944747,27.1366876,4095,2079,0,3150,1847,142,0.147015706806283,0.460087260034904,0,0.483005077503515
77155,771954747,27.152177,4095,2101,0,3150,1863,142,0.147015706806283,0.513420593368238,0,0.53405460745353
77156,771964746,27.1681201,4095,1829,0,3150,1639,142,0.147015706806283,-0.233246073298429,0,0.275712438524066
77157,771974746,27.1686758,4095,1930,0,3150,1731,142,0.147015706806283,0.0734205933682377,0,0.164329551749815
77159,771994746,27.2909745,4095,1954,0,3150,1749,142,0.147015706806283,0.133420593368238,0,0.198531289177509
77160,772004746,27.2919528,4095,1930,0,3150,1731,142,0.147015706806283,0.0734205933682377,0,0.164329551749815
77161,772014746,27.2925469,4095,1936,0,3150,1732,142,0.147015706806283,0.076753926701571,0,0.165845661118586
77162,772024746,27.293118,4095,1755,0,3150,1593,142,0.147015706806283,-0.386579406631762,0,0.413590686161471
77163,772034746,27.2936734,4095,1974,0,3150,1767,142,0.147015706806283,0.193420593368238,0,0.242950908594045
77164,772044746,27.2942147,4095,1984,0,3150,1764,142,0.147015706806283,0.183420593368238,0,0.235067505451747
77165,772054747,27.2948263,4095,1955,0,3150,1746,142,0.147015706806283,0.123420593368238,0,0.191953798907755
77166,772064747,27.295411,4095,1843,0,3150,1662,142,0.147015706806283,-0.156579406631762,0,0.214780652361673
77167,772074746,27.2959458,4095,1968,0,3150,1756,142,0.147015706806283,0.156753926701571,0,0.214907914196086
77168,772084746,27.2964668,4095,2044,0,3150,1819,142,0.147015706806283,0.366753926701571,0,0.395122842668925
77169,772094746,27.297349,4095,1372,0,3150,1273,142,0.147015706806283,-1.45324607329843,0,1.46066346829277
77170,772104747,27.3077915,4095,1899,0,3150,1701,142,0.147015706806283,-0.0265794066317623,0,0.149399072636504
77171,772114746,27.308678,4095,2089,0,3150,1845,142,0.147015706806283,0.453420593368238,0,0.476659052718141
77172,772124746,27.3238175,4095,2305,0,3150,2031,142,0.147015706806283,1.07342059336824,0,1.08344145587788
77173,772134746,27.3397594,4095,1823,0,3150,1640,142,0.147015706806283,-0.229912739965096,0,0.272898307151233
77174,772144747,27.3406417,4095,1857,0,3150,1665,142,0.147015706806283,-0.146579406631762,0,0.207603324868053
77176,772164747,27.3554656,4095,1926,0,3150,1724,142,0.147015706806283,0.0500872600349044,0,0.155313720145887
77177,772174746,27.3704825,4095,1894,0,3150,1703,142,0.147015706806283,-0.0199127399650956,0,0.148358131764553
77178,772184746,27.3864181,4095,1936,0,3150,1734,142,0.147015706806283,0.0834205933682377,0,0.169034355814609
77179,772194746,27.4933612,4095,1920,0,3150,1714,142,0.147015706806283,0.016753926701571,0,0.147967267014271
77180,772204745,27.4945458,4095,1901,0,3150,1704,142,0.147015706806283,-0.0165794066317623,0,0.147947608199701
77181,772214746,27.4957174,4095,1941,0,3150,1734,142,0.147015706806283,0.0834205933682377,0,0.169034355814609
77182,772224747,27.4964191,4095,1975,0,3150,1764,142,0.147015706806283,0.183420593368238,0,0.235067505451747
77183,772234747,27.4970997,4095,1970,0,3150,1759,142,0.147015706806283,0.166753926701571,0,0.22230719763009
77184,772244747,27.49779,4095,1647,0,3150,1484,142,0.147015706806283,-0.749912739965096,0,0.764187631154619
77185,772254746,27.4984719,4095,1832,0,3150,1655,142,0.147015706806283,-0.179912739965096,0,0.232340724044449
77186,772264747,27.4991362,4095,2002,0,3150,1789,142,0.147015706806283,0.266753926701571,0,0.304583774122093
77187,772274746,27.4997627,4095,2079,0,3150,1848,142,0.147015706806283,0.463420593368238,0,0.48618130816139
77188,772284747,27.5003728,4095,1942,0,3150,1734,142,0.147015706806283,0.0834205933682377,0,0.169034355814609
77189,772294747,27.5013611,4081,1813,0,3143,1634,142,0.123682373472949,-0.249912739965096,0,0.278843517236395
77190,772304747,27.5020751,4095,1940,0,3150,1743,142,0.147015706806283,0.113420593368238,0,0.185682118276785
77191,772314746,27.5114713,4095,1923,0,3150,1722,142,0.147015706806283,0.0434205933682377,0,0.153293724516696
77192,772324746,27.5275886,4095,1917,0,3150,1714,142,0.147015706806283,0.016753926701571,0,0.147967267014271
77193,772334746,27.5287132,4095,1913,0,3150,1709,142,0.147015706806283,8.72600349043751e-05,0,0.14701573270254
77194,772344746,27.5434079,4095,1914,0,3150,1717,142,0.147015706806283,0.026753926701571,0,0.149430219974756
77195,772354746,27.5583015,4095,1925,0,3150,1713,142,0.147015706806283,0.0134205933682377,0,0.14762699744324
77196,772364746,27.5590334,4095,1911,0,3150,1711,142,0.147015706806283,0.00675392670157104,0,0.147170763311335
77197,772374747,27.574077,4095,1915,0,3150,1712,142,0.147015706806283,0.0100872600349044,0,0.147361361498741
77198,772384746,27.5896179,4095,1920,0,3150,1721,142,0.147015706806283,0.0400872600349044,0,0.152383091138279
77199,772394747,27.5904759,4095,1910,0,3150,1713,142,0.147015706806283,0.0134205933682377,0,0.14762699744324
77201,772414746,27.700882,4095,1842,0,3150,1661,142,0.147015706806283,-0.159912739965096,0,0.217222702429776
77202,772424746,27.7020834,4095,1966,0,3150,1759,142,0.147015706806283,0.166753926701571,0,0.22230719763009
77203,772434745,27.7031049,4095,2081,0,3150,1849,142,0.147015706806283,0.466753926701571,0,0.48935962863633
77205,772454747,27.7037948,4047,1324,0,3129,1229,142,0.0770157068062827,-1.5999127399651,0,1.60176533693219
77207,772474746,27.7044372,4095,2003,0,3150,1794,142,0.147015706806283,0.283420593368238,0,0.319281773349114
77208,772484746,27.7049634,4095,2159,0,3150,1910,142,0.147015706806283,0.670087260034904,0,0.686025184748225
77209,772494747,27.7053531,4090,1904,0,3150,1704,142,0.147015706806283,-0.0165794066317623,0,0.147947608199701
77210,772504747,27.7057302,4095,1808,0,3150,1626,142,0.147015706806283,-0.276579406631762,0,0.313224817376479
77213,772534747,27.7316535,4095,1887,0,3150,1691,142,0.147015706806283,-0.0599127399650956,0,0.158755013961374
77215,772554747,27.7480455,4095,1909,0,3150,1707,142,0.147015706806283,-0.00657940663176229,0,0.147162857540131
77218,772584747,27.7787931,4095,1904,0,3150,1704,142,0.147015706806283,-0.0165794066317623,0,0.147947608199701
77219,772594746,27.7942991,4095,1968,0,3150,1758,142,0.147015706806283,0.163420593368238,0,0.219817898235284
77220,772604746,27.8965025,4095,1978,0,3150,1773,142,0.147015706806283,0.213420593368238,0,0.25915626120432
77221,772614746,27.897223,3953,1409,0,3097,1311,142,-0.029650959860384,-1.32657940663176,0,1.3269107360784
77222,772624746,27.8981408,4091,1877,0,3150,1696,142,0.147015706806283,-0.043246073298429,0,0.153244382942684
77223,772634747,27.8991697,4086,2147,0,3143,1881,142,0.123682373472949,0.573420593368238,0,0.586607625595409
77224,772644747,27.8999665,4095,2031,0,3150,1810,142,0.147015706806283,0.336753926701571,0,0.367446356896728
77225,772654747,27.9004884,4083,1981,0,3148,1772,142,0.140349040139616,0.210087260034904,0,0.252654922566502
77226,772664746,27.9011031,4095,1957,0,3150,1748,142,0.147015706806283,0.130087260034904,0,0.196306681677267
77227,772674746,27.9017623,3998,1780,0,3112,1599,142,0.020349040139616,-0.366579406631762,0,0.367143765848065
77228,772684746,27.9022198,4095,1903,0,3150,1701,142,0.147015706806283,-0.0265794066317623,0,0.149399072636504
77229,772694747,27.902951,4095,1905,0,3150,1707,142,0.147015706806283,-0.00657940663176229,0,0.147162857540131
77230,772704746,27.9040802,4095,2003,0,3150,1786,142,0.147015706806283,0.256753926701571,0,0.295865166798031
77231,772714749,27.9199784,3947,1986,0,3086,1759,142,-0.0663176265270507,0.166753926701571,0,0.179457236294818
77232,772724746,27.9209282,4095,1905,0,3150,1704,142,0.147015706806283,-0.0165794066317623,0,0.147947608199701
77233,772734747,27.9367051,4095,1829,0,3150,1650,142,0.147015706806283,-0.196579406631762,0,0.245473178085604
77234,772744747,27.9514419,4095,1864,0,3150,1675,142,0.147015706806283,-0.113246073298429,0,0.185575567263754
77235,772754746,27.9521839,4095,2008,0,3150,1793,142,0.147015706806283,0.280087260034904,0,0.316326557977055
77236,772764747,27.9676665,4048,1828,0,3129,1637,142,0.0770157068062827,-0.239912739965096,0,0.251971311645653
77237,772774746,27.9687365,4095,1873,0,3150,1690,142,0.147015706806283,-0.063246073298429,0,0.160042756272882
77238,772784746,27.9837752,4095,1975,0,3150,1766,142,0.147015706806283,0.190087260034904,0,0.240305606416763
77239,772794747,27.9984737,4095,2071,0,3150,1835,142,0.147015706806283,0.420087260034904,0,0.445069572192241
77240,772804746,27.9989957,3962,1438,0,3090,1320,142,-0.0529842931937173,-1.29657940663176,0,1.29766154794955
77241,772814746,28.1033349,4093,1907,0,3144,1718,142,0.127015706806283,0.0300872600349044,0,0.130530582592385
77242,772824746,28.1041052,4095,2059,0,3148,1835,142,0.140349040139616,0.420087260034904,0,0.442912134753322
77243,772834747,28.1047929,4093,2042,0,3145,1810,142,0.130349040139616,0.336753926701571,0,0.361101203839376
77244,772844747,28.1054423,4095,2099,0,3149,1859,142,0.143682373472949,0.500087260034904,0,0.520319029150422
77246,772864746,28.1059338,4095,1858,0,3150,1662,142,0.147015706806283,-0.156579406631762,0,0.214780652361673
77248,772884747,28.1063302,4048,1829,0,3134,1650,142,0.0936823734729493,-0.196579406631762,0,0.21776099331887
77249,772894747,28.1067132,4084,1843,0,3142,1652,142,0.120349040139616,-0.189912739965096,0,0.224834917803212
77250,772904747,28.1100754,3999,1941,0,3108,1746,142,0.00701570680628265,0.123420593368238,0,0.12361983258911
77251,772914747,28.1106836,4066,1931,0,3140,1724,142,0.113682373472949,0.0500872600349044,0,0.124227274204368
77252,772924747,28.1409011,4081,1934,0,3150,1732,142,0.147015706806283,0.076753926701571,0,0.165845661118586
77253,772934747,28.1420065,4095,1809,0,3150,1629,142,0.147015706806283,-0.266579406631762,0,0.304430941410188
77255,772954745,28.1598951,4058,1906,0,3134,1707,142,0.0936823734729493,-0.00657940663176229,0,0.0939131284280916
77256,772964754,28.1957059,4048,1905,0,3129,1705,142,0.0770157068062827,-0.013246073298429,0,0.0781465133751893
77257,772974746,28.1969217,4070,1989,0,3137,1779,142,0.103682373472949,0.233420593368238,0,0.255411839931833
77258,772984746,28.1980576,4057,1968,0,3137,1763,142,0.103682373472949,0.180087260034904,0,0.20780148169795
77259,772994746,28.1992038,4095,1456,0,3150,1311,142,0.147015706806283,-1.32657940663176,0,1.33470091786408
77260,773004746,28.2003723,4032,1670,0,3124,1516,142,0.060349040139616,-0.643246073298429,0,0.646070830064027
77261,773014747,28.3708166,4080,2007,0,3143,1791,142,0.123682373472949,0.273420593368238,0,0.300093569384186
77262,773024745,28.3716186,4071,2016,0,3146,1795,142,0.133682373472949,0.286753926701571,0,0.316383930464445
77263,773034746,28.3725053,4074,1981,0,3142,1763,142,0.120349040139616,0.180087260034904,0,0.216599429106833
77264,773044746,28.3732837,4018,2417,0,3111,2111,142,0.0170157068062827,1.3400872600349,0,1.3401952838247
77265,773054746,28.374144,4055,1847,0,3132,1657,142,0.0870157068062826,-0.173246073298429,0,0.193870923927033
77266,773064746,28.3751849,4095,1905,0,3144,1710,142,0.127015706806283,0.00342059336823771,0,0.127061757561
77267,773074747,28.3759011,4073,1926,0,3136,1727,142,0.100349040139616,0.0600872600349044,0,0.116963279175323
77268,773084747,28.376659,4079,1891,0,3141,1695,142,0.117015706806283,-0.0465794066317623,0,0.125945689729903
77269,773094747,28.3777227,4069,1929,0,3144,1727,142,0.127015706806283,0.0600872600349044,0,0.14051145360433
77270,773104746,28.3785403,4085,1905,0,3146,1708,142,0.133682373472949,-0.00324607329842896,0,0.133721778215891
77271,773114746,28.3791453,4080,1909,0,3146,1717,142,0.133682373472949,0.026753926701571,0,0.136333229886606
77272,773124747,28.3797861,4081,1917,0,3140,1718,142,0.113682373472949,0.0300872600349044,0,0.117596450859926
77273,773134747,28.3803867,4074,1907,0,3142,1708,142,0.120349040139616,-0.00324607329842896,0,0.120392808981208
77275,773154747,28.3810982,4080,1911,0,3144,1708,142,0.127015706806283,-0.00324607329842896,0,0.127057179125614
77276,773164746,28.3817278,4095,2037,0,3150,1815,142,0.147015706806283,0.353420593368238,0,0.382778962149839
77279,773194746,28.3927602,4095,1895,0,3145,1698,142,0.130349040139616,-0.0365794066317623,0,0.135384361190098
77280,773204747,28.4076173,4091,1939,0,3150,1734,142,0.147015706806283,0.0834205933682377,0,0.169034355814609
77283,773234747,28.5331002,4095,2014,0,3150,1797,142,0.147015706806283,0.293420593368238,0,0.328190893627961
77284,773244746,28.534213,4080,1847,0,3145,1655,142,0.130349040139616,-0.179912739965096,0,0.222169904053333
77285,773254747,28.5351557,4070,1916,0,3140,1717,142,0.113682373472949,0.026753926701571,0,0.11678807572863
77286,773264746,28.5359623,4094,1899,0,3144,1704,142,0.127015706806283,-0.0165794066317623,0,0.128093194588006
77287,773274747,28.5368009,4077,1913,0,3146,1711,142,0.133682373472949,0.00675392670157104,0,0.133852876335368
77289,773294747,28.5375158,4066,1978,0,3138,1773,142,0.107015706806283,0.213420593368238,0,0.238748217117739
77290,773304746,28.5384154,4080,1990,0,3143,1775,142,0.123682373472949,0.220087260034904,0,0.252459366111804
77291,773314746,28.5392451,4095,1477,0,3150,1336,142,0.147015706806283,-1.24324607329843,0,1.25190831006896
77292,773324747,28.5403382,4074,1822,0,3142,1635,142,0.120349040139616,-0.246579406631762,0,0.274381659805095
77293,773334747,28.5415785,4064,1975,0,3137,1768,142,0.103682373472949,0.196753926701571,0,0.222400859354166
77295,773354749,28.547606,4078,1954,0,3141,1742,142,0.117015706806283,0.110087260034904,0,0.160660762046514
77296,773364747,28.5625297,4076,1905,0,3150,1705,142,0.147015706806283,-0.013246073298429,0,0.147611234347451
77297,773374746,28.5764819,4083,1871,0,3148,1676,142,0.140349040139616,-0.109912739965096,0,0.17826571031678
77298,773384746,28.5772468,4091,1930,0,3143,1717,142,0.123682373472949,0.026753926701571,0,0.126542886413481
77299,773394747,28.5920898,4081,1919,0,3143,1715,142,0.123682373472949,0.0200872600349044,0,0.125302942996611
77300,773404747,28.6079739,4080,1989,0,3143,1779,142,0.123682373472949,0.233420593368238,0,0.264163780477722
77301,773414746,28.6085076,4095,2061,0,3150,1837,142,0.147015706806283,0.426753926701571,0,0.451367402459416
77303,773434746,28.7093474,4051,1905,0,3130,1705,142,0.080349040139616,-0.013246073298429,0,0.0814335723715039
77304,773444746,28.7102873,4095,2100,0,3147,1863,142,0.137015706806283,0.513420593368238,0,0.531388755626442
77305,773454747,28.7110403,4083,1934,0,3143,1731,142,0.123682373472949,0.0734205933682377,0,0.143832934470678
77306,773464746,28.7117753,4049,1882,0,3127,1679,142,0.070349040139616,-0.0999127399650956,0,0.122194693239511
77307,773474746,28.712475,4051,1909,0,3143,1715,142,0.123682373472949,0.0200872600349044,0,0.125302942996611
77309,773494746,28.7131432,4048,1992,0,3126,1771,142,0.0670157068062826,0.206753926701571,0,0.217343716645465
77310,773504746,28.7138498,4048,2043,0,3134,1814,142,0.0936823734729493,0.350087260034904,0,0.362405127913875
77311,773514746,28.7177473,4041,1470,0,3122,1360,142,0.0536823734729493,-1.16324607329843,0,1.16448410219543
77312,773524747,28.7342243,3955,2032,0,3098,1803,142,-0.0263176265270507,0.313420593368238,0,0.314523585464295
77313,773534747,28.7354714,3961,2085,0,3091,1852,142,-0.049650959860384,0.476753926701571,0,0.479332373661976
77314,773544747,28.7363707,3952,1898,0,3090,1703,142,-0.0529842931937173,-0.0199127399650956,0,0.0566025842003289
77316,773564747,28.7817851,3963,1936,0,3088,1727,142,-0.059650959860384,0.0600872600349044,0,0.0846682693266336
77318,773584746,28.7825213,3965,1911,0,3090,1709,142,-0.0529842931937173,8.72600349043751e-05,0,0.0529843650481111
77319,773594747,28.7970059,3957,1983,0,3096,1768,142,-0.0329842931937173,0.196753926701571,0,0.199499552054576
77320,773604746,28.7978312,3982,2033,0,3101,1810,142,-0.0163176265270507,0.336753926701571,0,0.337149035419654
77323,773634747,28.9227302,3902,2073,0,3065,1851,142,-0.136317626527051,0.473420593368238,0,0.492655613514251
77324,773644747,28.9242327,3915,1919,0,3077,1720,142,-0.0963176265270507,0.036753926701571,0,0.103091882841419
77325,773654747,28.9248078,3890,1879,0,3074,1679,142,-0.106317626527051,-0.0999127399650956,0,0.14589720119892
77326,773664746,28.9253056,4054,1904,0,3123,1705,142,0.0570157068062827,-0.013246073298429,0,0.058534171903661
77327,773674747,28.9258053,4015,2003,0,3121,1787,142,0.050349040139616,0.260087260034904,0,0.264915852065226
77328,773684747,28.926237,4022,1986,0,3119,1779,142,0.0436823734729493,0.233420593368238,0,0.237472784041899
77329,773694747,28.926649,4095,1739,0,3150,1550,142,0.147015706806283,-0.529912739965096,0,0.549928295348644
77330,773704746,28.9270537,4020,1805,0,3117,1628,142,0.0370157068062827,-0.269912739965096,0,0.272439075291769
77331,773714745,28.9275496,4035,1984,0,3117,1776,142,0.0370157068062827,0.223420593368238,0,0.226466165445049
77332,773724746,28.9279949,4017,2027,0,3115,1809,142,0.030349040139616,0.333420593368238,0,0.334798978970103
77333,773734747,28.9401189,3994,1981,0,3108,1760,142,0.00701570680628265,0.170087260034904,0,0.17023188939847
77334,773744747,28.9409465,4026,1947,0,3118,1749,142,0.040349040139616,0.133420593368238,0,0.139388305732299
77335,773754747,28.9530249,4065,1882,0,3129,1691,142,0.0770157068062827,-0.0599127399650956,0,0.0975753837040698
77336,773764747,28.9687234,4037,1904,0,3121,1708,142,0.050349040139616,-0.00324607329842896,0,0.0504535710811379
77337,773774747,28.9700968,4038,1901,0,3129,1709,142,0.0770157068062827,8.72600349043751e-05,0,0.0770157562397785
77338,773784746,28.9841027,4029,1914,0,3123,1706,142,0.0570157068062827,-0.00991273996509563,0,0.0578710051427793
77340,773804747,29.0028129,4039,1903,0,3128,1706,142,0.0736823734729493,-0.00991273996509563,0,0.074346180629692
77341,773814747,29.0145186,4027,1916,0,3124,1707,142,0.060349040139616,-0.00657940663176229,0,0.0607066325651412
77342,773824746,29.0151979,4033,1907,0,3126,1710,142,0.0670157068062826,0.00342059336823771,0,0.0671029464162079
77344,773844746,29.1291867,4035,1905,0,3124,1708,142,0.060349040139616,-0.00324607329842896,0,0.0604362774964818
77345,773854746,29.1302212,4041,1905,0,3126,1703,142,0.0670157068062826,-0.0199127399650956,0,0.0699115310350385
77346,773864746,29.1311703,4025,1901,0,3118,1704,142,0.040349040139616,-0.0165794066317623,0,0.0436224914975024
77347,773874747,29.1319013,4016,2021,0,3117,1798,142,0.0370157068062827,0.296753926701571,0,0.299053599816438
77348,773884746,29.1325837,4032,2060,0,3124,1840,142,0.060349040139616,0.436753926701571,0,0.440903616604598
77349,773894746,29.1334186,4022,1469,0,3119,1346,142,0.0436823734729493,-1.2099127399651,0,1.21070103166805
77350,773904746,29.1344919,4016,1823,0,3115,1632,142,0.030349040139616,-0.256579406631762,0,0.258368063322275
77351,773914746,29.1352318,4041,2091,0,3124,1854,142,0.060349040139616,0.483420593368238,0,0.487172943356127
77352,773924747,29.1363601,4023,1936,0,3122,1731,142,0.0536823734729493,0.0734205933682377,0,0.0909526291661397
77353,773934747,29.1388678,3984,1875,0,3105,1679,142,-0.00298429319371735,-0.0999127399650956,0,0.0999572989490957
77354,773944747,29.1399853,4017,1904,0,3118,1705,142,0.040349040139616,-0.013246073298429,0,0.0424676759196414
77355,773954746,29.1583464,4022,1911,0,3116,1714,142,0.0336823734729493,0.016753926701571,0,0.0376190954528794
77356,773964747,29.1591365,3887,1901,0,3056,1705,142,-0.166317626527051,-0.013246073298429,0,0.166844272755821
77357,773974746,29.1645135,3966,1898,0,3093,1697,142,-0.0429842931937173,-0.0399127399650956,0,0.0586572780896352
77358,773984746,29.1868496,3970,1907,0,3095,1705,142,-0.0363176265270507,-0.013246073298429,0,0.0386578382011422
77359,773994747,29.1880892,3969,1899,0,3096,1704,142,-0.0329842931937173,-0.0165794066317623,0,0.0369166672622331
77360,774004746,29.2004251,3973,1893,0,3097,1701,142,-0.029650959860384,-0.0265794066317623,0,0.0398201491400858
77361,774014747,29.2159048,3967,1905,0,3103,1705,142,-0.00965095986038402,-0.013246073298429,0,0.0163890049744973
77362,774024747,29.2303663,3969,1906,0,3097,1707,142,-0.029650959860384,-0.00657940663176229,0,0.0303721585052525
77363,774034746,29.2310213,3963,1904,0,3099,1700,142,-0.0229842931937174,-0.0299127399650956,0,0.0377233315845007
77364,774044746,29.3442736,3984,1793,0,3096,1619,142,-0.0329842931937173,-0.299912739965096,0,0.301721088409246
77365,774054746,29.3451591,3966,1898,0,3091,1705,142,-0.049650959860384,-0.013246073298429,0,0.0513875108648475
77366,774064747,29.3458971,3935,2122,0,3088,1881,142,-0.059650959860384,0.573420593368238,0,0.576514886114007
77367,774074746,29.3463753,4002,1859,0,3112,1667,142,0.020349040139616,-0.139912739965096,0,0.141384787863278
77368,774084746,29.3467612,3959,1836,0,3099,1653,142,-0.0229842931937174,-0.186579406631762,0,0.187989767574396
77369,774094746,29.3471427,3954,1915,0,3090,1714,142,-0.0529842931937173,0.016753926701571,0,0.0555700403559276
77370,774104746,29.3475602,3936,1927,0,3087,1723,142,-0.0629842931937173,0.046753926701571,0,0.0784407473901672
77371,774114746,29.3480524,3951,1873,0,3090,1680,142,-0.0529842931937173,-0.0965794066317623,0,0.110158599803107
77372,774124747,29.3485114,3965,1899,0,3087,1699,142,-0.0629842931937173,-0.033246073298429,0,0.0712202399523946
77373,774134747,29.3488935,3954,1911,0,3096,1713,142,-0.0329842931937173,0.0134205933682377,0,0.0356100536905618
77374,774144747,29.3492711,3941,1917,0,3089,1710,142,-0.0563176265270507,0.00342059336823771,0,0.0564214100907731
77375,774154746,29.3583264,3943,2002,0,3091,1784,142,-0.049650959860384,0.250087260034904,0,0.25496834204823
77377,774174746,29.3730796,3835,1446,0,3034,1336,142,-0.239650959860384,-1.24324607329843,0,1.26613323996093
77378,774184747,29.388748,3908,1908,0,3074,1711,142,-0.106317626527051,0.00675392670157104,0,0.106531935288136
77379,774194746,29.3894205,3929,2079,0,3076,1854,142,-0.099650959860384,0.483420593368238,0,0.493584626881343
77380,774204747,29.4044848,3920,2031,0,3075,1810,142,-0.102984293193717,0.336753926701571,0,0.352149076093544
77381,774214747,29.4051734,3873,1834,0,3060,1649,142,-0.152984293193717,-0.199912739965096,0,0.251732591382866
77382,774224747,29.4201115,3837,1865,0,3036,1681,142,-0.232984293193717,-0.093246073298429,0,0.250951212510623
77383,774234747,29.4358275,3861,1915,0,3049,1718,142,-0.189650959860384,0.0300872600349044,0,0.19202273248856
77384,774244746,29.4364514,3847,1879,0,3043,1679,142,-0.209650959860384,-0.0999127399650956,0,0.232241427350318
77385,774254747,29.5414628,3855,1902,0,3049,1705,142,-0.189650959860384,-0.013246073298429,0,0.190112979656288
77386,774264747,29.5423758,3863,1887,0,3052,1690,142,-0.179650959860384,-0.063246073298429,0,0.190458744000971
77387,774274747,29.5434438,3884,1887,0,3058,1693,142,-0.159650959860384,-0.053246073298429,0,0.168296088207788
77388,774284747,29.5441188,3856,1876,0,3049,1683,142,-0.189650959860384,-0.0865794066317623,0,0.208478968312569
77389,774294746,29.5446923,3857,1895,0,3057,1703,142,-0.162984293193717,-0.0199127399650956,0,0.164196215062264
77390,774304747,29.5452698,3861,1883,0,3049,1684,142,-0.189650959860384,-0.083246073298429,0,0.207116863860895
77391,774314746,29.5457941,3823,1845,0,3034,1655,142,-0.239650959860384,-0.179912739965096,0,0.299668444391049
77392,774324746,29.5463032,3850,1898,0,3043,1701,142,-0.209650959860384,-0.0265794066317623,0,0.211329103124196
77393,774334746,29.5468335,3849,1879,0,3051,1687,142,-0.182984293193717,-0.073246073298429,0,0.197099565725658
77394,774344747,29.5476607,3866,1901,0,3053,1697,142,-0.176317626527051,-0.0399127399650956,0,0.180778683023342
77396,774364747,29.5607291,3825,1879,0,3037,1688,142,-0.229650959860384,-0.0699127399650956,0,0.240056981931838
77397,774374747,29.5757864,3938,1884,0,3081,1688,142,-0.0829842931937173,-0.0699127399650956,0,0.108508912658306
77398,774384746,29.5767055,3943,1901,0,3086,1701,142,-0.0663176265270507,-0.0265794066317623,0,0.0714457307687306
77399,774394746,29.5924378,3935,1904,0,3086,1701,142,-0.0663176265270507,-0.0265794066317623,0,0.0714457307687306
77401,774414746,29.608233,3839,1894,0,3041,1698,142,-0.216317626527051,-0.0365794066317623,0,0.219388624444907
77402,774424746,29.6232194,3876,1907,0,3058,1705,142,-0.159650959860384,-0.013246073298429,0,0.160199523851257
77403,774434746,29.639416,3862,1902,0,3049,1705,142,-0.189650959860384,-0.013246073298429,0,0.190112979656288
77404,774444747,29.6399983,3888,1910,0,3064,1708,142,-0.139650959860384,-0.00324607329842896,0,0.139688680936522
77405,774454746,29.7793131,3835,1903,0,3034,1703,142,-0.239650959860384,-0.0199127399650956,0,0.240476817541569
77406,774464747,29.780347,3683,1873,0,2968,1681,142,-0.459650959860384,-0.093246073298429,0,0.469013683261105
77408,774484747,29.7812094,3824,1879,0,3035,1683,142,-0.236317626527051,-0.0865794066317623,0,0.251678394503952
77409,774494747,29.7818021,3623,1870,0,2961,1673,142,-0.482984293193717,-0.119912739965096,0,0.497647357752225
77410,774504747,29.7823632,3735,1874,0,2981,1680,142,-0.416317626527051,-0.0965794066317623,0,0.427373312155146
77411,774514746,29.7829711,3747,1889,0,3016,1695,142,-0.299650959860384,-0.0465794066317623,0,0.30324963127334
77412,774524746,29.7835345,3827,1894,0,3033,1692,142,-0.242984293193717,-0.0565794066317623,0,0.249484660838402
77413,774534746,29.7841757,3722,1867,0,2986,1673,142,-0.399650959860384,-0.119912739965096,0,0.417252866884414
77414,774544747,29.7849087,3650,1869,0,2956,1678,142,-0.499650959860384,-0.103246073298429,0,0.510206657483953
77415,774554746,29.7856839,3698,1889,0,2976,1685,142,-0.432984293193717,-0.0799127399650956,0,0.440296995403321
77416,774564747,29.7864207,3615,1861,0,2930,1670,142,-0.586317626527051,-0.129912739965096,0,0.60053782493824
77417,774574746,29.7871544,3751,1867,0,3004,1679,142,-0.339650959860384,-0.0999127399650956,0,0.354041424329715
77418,774584747,29.793606,3734,1861,0,2988,1671,142,-0.392984293193717,-0.126579406631762,0,0.412866807675568
77419,774594746,29.7943233,3710,1895,0,2986,1697,142,-0.399650959860384,-0.0399127399650956,0,0.401639037605718
77420,774604746,29.8093538,3681,1860,0,2967,1674,142,-0.462984293193717,-0.116579406631762,0,0.477436083465316
77421,774614746,29.8102768,3863,1885,0,3049,1687,142,-0.189650959860384,-0.073246073298429,0,0.203303895264217
77422,774624747,29.825013,3834,1889,0,3044,1696,142,-0.206317626527051,-0.043246073298429,0,0.210801294757619
77423,774634747,29.8257022,3907,1888,0,3068,1691,142,-0.126317626527051,-0.0599127399650956,0,0.139805862472046
77424,774644746,29.8396012,3895,1898,0,3068,1704,142,-0.126317626527051,-0.0165794066317623,0,0.127401018424849
77426,774664746,29.8558399,3891,1891,0,3063,1693,142,-0.142984293193717,-0.053246073298429,0,0.152576709958658
77427,774674746,29.968192,3910,1905,0,3072,1705,142,-0.112984293193717,-0.013246073298429,0,0.113758116045895
77428,774684747,29.9692073,3920,1900,0,3072,1705,142,-0.112984293193717,-0.013246073298429,0,0.113758116045895
77429,774694747,29.9699504,3934,1899,0,3077,1695,142,-0.0963176265270507,-0.0465794066317623,0,0.106989374715303
77430,774704747,29.9705613,3933,1895,0,3081,1703,142,-0.0829842931937173,-0.0199127399650956,0,0.0853399679504179
77431,774714746,29.9712965,3926,1904,0,3078,1700,142,-0.0929842931937173,-0.0299127399650956,0,0.0976772787958111
77432,774724747,29.9720804,3922,1902,0,3079,1704,142,-0.089650959860384,-0.0165794066317623,0,0.0911711101618792
77433,774734747,29.9727831,3919,1902,0,3079,1704,142,-0.089650959860384,-0.0165794066317623,0,0.0911711101618792
77434,774744746,29.9733032,3923,1895,0,3074,1705,142,-0.106317626527051,-0.013246073298429,0,0.107139610640383
77435,774754746,29.9737719,3917,1891,0,3080,1699,142,-0.0863176265270507,-0.033246073298429,0,0.092498832636028
77436,774764747,29.97425,3925,1899,0,3076,1698,142,-0.099650959860384,-0.0365794066317623,0,0.10615256374967
77437,774774747,29.9796619,3931,1904,0,3074,1701,142,-0.106317626527051,-0.0265794066317623,0,0.109589701009
77438,774784746,29.9806992,3921,1898,0,3076,1699,142,-0.099650959860384,-0.033246073298429,0,0.105050536366362
77439,774794747,29.9953786,3914,1898,0,3072,1700,142,-0.112984293193717,-0.0299127399650956,0,0.11687695461768
77440,774804747,29.996299,3920,1891,0,3079,1698,142,-0.089650959860384,-0.0365794066317623,0,0.0968263786032505
77441,774814746,30.0115643,3921,1901,0,3078,1699,142,-0.0929842931937173,-0.033246073298429,0,0.0987490768083414
77442,774824746,30.0289855,3926,1903,0,3077,1699,142,-0.0963176265270507,-0.033246073298429,0,0.101893996729782
77443,774834747,30.0296883,3949,1900,0,3078,1700,142,-0.0929842931937173,-0.0299127399650956,0,0.0976772787958111
77444,774844746,30.0431111,3934,1899,0,3080,1695,142,-0.0863176265270507,-0.0465794066317623,0,0.0980835040739801
77445,774854746,30.0579802,3914,1904,0,3082,1698,142,-0.079650959860384,-0.0365794066317623,0,0.0876488927266758
77446,774864747,30.0587695,3920,1898,0,3082,1698,142,-0.079650959860384,-0.0365794066317623,0,0.0876488927266758
77447,774874747,30.1784921,3872,1899,0,3049,1697,142,-0.189650959860384,-0.0399127399650956,0,0.193805349223096
77449,774894747,30.1795007,3919,1885,0,3071,1694,142,-0.116317626527051,-0.0499127399650956,0,0.126574372807886
77450,774904746,30.1803679,3901,1900,0,3072,1704,142,-0.112984293193717,-0.0165794066317623,0,0.114194252187863
77451,774914747,30.1811292,3885,1893,0,3061,1691,142,-0.149650959860384,-0.0599127399650956,0,0.161198468346506
77452,774924746,30.181656,3782,1882,0,3019,1681,142,-0.289650959860384,-0.093246073298429,0,0.304290171930705
77453,774934747,30.1820521,3769,1877,0,3015,1690,142,-0.302984293193717,-0.063246073298429,0,0.309515020168273
77454,774944747,30.1828706,3782,1874,0,3013,1679,142,-0.309650959860384,-0.0999127399650956,0,0.325370976809226
77455,774954746,30.1834396,3765,1883,0,3011,1689,142,-0.316317626527051,-0.0665794066317623,0,0.323248601294954
77456,774964747,30.1844111,3776,1885,0,3004,1689,142,-0.339650959860384,-0.0665794066317623,0,0.346114998116981
77457,774974746,30.1851951,3770,1879,0,3006,1685,142,-0.332984293193717,-0.0799127399650956,0,0.342439170543395
77458,774984747,30.1858495,3765,1889,0,3013,1694,142,-0.309650959860384,-0.0499127399650956,0,0.313647889444964
77459,774994746,30.1987838,3758,1873,0,3003,1684,142,-0.342984293193717,-0.083246073298429,0,0.352942111538424
77460,775004746,30.1996201,3760,1874,0,3003,1680,142,-0.342984293193717,-0.0965794066317623,0,0.356322616687374
77461,775014747,30.2144674,3870,1882,0,3059,1688,142,-0.156317626527051,-0.0699127399650956,0,0.171239573616841
77463,775034747,30.2305348,3889,1895,0,3065,1701,142,-0.136317626527051,-0.0265794066317623,0,0.138884700953219
77464,775044747,30.245502,3849,1894,0,3047,1691,142,-0.196317626527051,-0.0599127399650956,0,0.205256295629001
77465,775054747,30.2459862,3922,1894,0,3081,1704,142,-0.0829842931937173,-0.0165794066317623,0,0.0846242851734782
77466,775064746,30.2611223,3910,1903,0,3081,1704,142,-0.0829842931937173,-0.0165794066317623,0,0.0846242851734782
77467,775074746,30.3613559,3734,1876,0,2937,1681,142,-0.562984293193717,-0.093246073298429,0,0.570654137432127
77468,775084747,30.3620907,3919,1894,0,3077,1698,142,-0.0963176265270507,-0.0365794066317623,0,0.103029792629784
77469,775094747,30.362763,3952,1904,0,3093,1705,142,-0.0429842931937173,-0.013246073298429,0,0.044978971966807
77470,775104747,30.3633656,3929,1901,0,3084,1704,142,-0.0729842931937174,-0.0165794066317623,0,0.0748437290442414
77471,775114746,30.3640378,3953,1898,0,3090,1704,142,-0.0529842931937173,-0.0165794066317623,0,0.0555176733076876
77472,775124746,30.3644153,3951,1907,0,3091,1704,142,-0.049650959860384,-0.0165794066317623,0,0.052345912345844
77473,775134747,30.3647969,3946,1898,0,3090,1704,142,-0.0529842931937173,-0.0165794066317623,0,0.0555176733076876
77474,775144747,30.365246,3942,1904,0,3083,1704,142,-0.0763176265270507,-0.0165794066317623,0,0.0780977390388718
77475,775154747,30.3656699,3890,1897,0,3062,1697,142,-0.146317626527051,-0.0399127399650956,0,0.151663689273441
77477,775174746,30.3734035,3901,1891,0,3071,1696,142,-0.116317626527051,-0.043246073298429,0,0.124096789227681
77478,775184746,30.3870092,3885,1899,0,3062,1695,142,-0.146317626527051,-0.0465794066317623,0,0.153552886507146
77479,775194746,30.3878401,3885,1894,0,3064,1695,142,-0.139650959860384,-0.0465794066317623,0,0.147214237463955
77480,775204747,30.4016287,3884,1893,0,3062,1696,142,-0.146317626527051,-0.043246073298429,0,0.152574803582514
77481,775214747,30.4176739,3885,1894,0,3063,1703,142,-0.142984293193717,-0.0199127399650956,0,0.144364210637625
77482,775224746,30.4312757,3898,1891,0,3062,1697,142,-0.146317626527051,-0.0399127399650956,0,0.151663689273441
77483,775234747,30.432038,3891,1892,0,3066,1695,142,-0.132984293193717,-0.0465794066317623,0,0.140905867011987
77484,775244747,30.4497064,3888,1893,0,3064,1694,142,-0.139650959860384,-0.0499127399650956,0,0.148302637200927
77485,775254746,30.4625176,3892,1895,0,3063,1701,142,-0.142984293193717,-0.0265794066317623,0,0.145433740779104
77486,775264746,30.463199,3891,1897,0,3068,1701,142,-0.126317626527051,-0.0265794066317623,0,0.129083723328404
77487,775274747,30.4785503,3929,1898,0,3078,1704,142,-0.0929842931937173,-0.0165794066317623,0,0.0944508099753333
77488,775284747,30.4794136,3931,1897,0,3082,1703,142,-0.079650959860384,-0.0199127399650956,0,0.0821023301715489
77489,775294747,30.583057,3920,1903,0,3076,1703,142,-0.099650959860384,-0.0199127399650956,0,0.101621016596044
77490,775304747,30.5840837,3911,1891,0,3075,1702,142,-0.102984293193717,-0.023246073298429,0,0.105575302833596
77491,775314747,30.5851521,3909,1893,0,3077,1703,142,-0.0963176265270507,-0.0199127399650956,0,0.0983544731708829
77492,775324746,30.5862406,3913,1902,0,3075,1697,142,-0.102984293193717,-0.0399127399650956,0,0.110448139215339
77493,775334747,30.5870108,3915,1891,0,3071,1701,142,-0.116317626527051,-0.0265794066317623,0,0.1193157789137
77494,775344747,30.5880431,3899,1895,0,3072,1699,142,-0.112984293193717,-0.033246073298429,0,0.117774156325776
77495,775354746,30.5886876,3891,1893,0,3069,1699,142,-0.122984293193717,-0.033246073298429,0,0.127398735323875
77496,775364747,30.5890943,3887,1887,0,3062,1698,142,-0.146317626527051,-0.0365794066317623,0,0.150820757265177
77497,775374747,30.5894988,3895,1889,0,3062,1696,142,-0.146317626527051,-0.043246073298429,0,0.152574803582514
77498,775384747,30.5901436,3901,1897,0,3071,1703,142,-0.116317626527051,-0.0199127399650956,0,0.118009776941591
77499,775394746,30.5905744,3933,1895,0,3083,1705,142,-0.0763176265270507,-0.013246073298429,0,0.077458624933249
77500,775404748,30.6047795,3922,1900,0,3079,1700,142,-0.089650959860384,-0.0299127399650956,0,0.0945096112366759
77501,775414751,30.6053286,3939,1893,0,3087,1698,142,-0.0629842931937173,-0.0365794066317623,0,0.072835940157617
77502,775424746,30.6202581,3934,1902,0,3084,1704,142,-0.0729842931937174,-0.0165794066317623,0,0.0748437290442414
77503,775434747,30.6357811,3934,1901,0,3081,1705,142,-0.0829842931937173,-0.013246073298429,0,0.0840348223933876
77504,775444746,30.6520915,3925,1899,0,3084,1704,142,-0.0729842931937174,-0.0165794066317623,0,0.0748437290442414
77505,775454749,30.652734,3927,1897,0,3077,1696,142,-0.0963176265270507,-0.043246073298429,0,0.10558081281908
77506,775464746,30.6667417,3927,1904,0,3084,1705,142,-0.0729842931937174,-0.013246073298429,0,0.0741765833050691
77507,775474747,30.6674145,3922,1902,0,3073,1696,142,-0.109650959860384,-0.043246073298429,0,0.117870928790931
77508,775484747,30.6832592,3897,1894,0,3069,1700,142,-0.122984293193717,-0.0299127399650956,0,0.126569776742229
77509,775494747,30.6978248,3811,1890,0,3020,1687,142,-0.286317626527051,-0.073246073298429,0,0.295538103319559
77510,775504746,30.6983883,3867,1886,0,3053,1692,142,-0.176317626527051,-0.0565794066317623,0,0.185173255841482
77511,775514747,30.8143572,3853,1888,0,3041,1690,142,-0.216317626527051,-0.063246073298429,0,0.225373870122441
77512,775524746,30.8151942,3790,1887,0,3022,1693,142,-0.279650959860384,-0.053246073298429,0,0.284674908751256
77513,775534746,30.8162086,3894,1894,0,3062,1702,142,-0.146317626527051,-0.023246073298429,0,0.148152717681133
77514,775544746,30.8169104,3822,1887,0,3029,1692,142,-0.256317626527051,-0.0565794066317623,0,0.262488009103774
77515,775554747,30.8175883,3835,1892,0,3037,1694,142,-0.229650959860384,-0.0499127399650956,0,0.235012435789298
77516,775564747,30.8183975,3984,1904,0,3097,1703,142,-0.029650959860384,-0.0199127399650956,0,0.0357168956316142
77517,775574747,30.8190363,3952,1904,0,3091,1701,142,-0.049650959860384,-0.0265794066317623,0,0.0563176941285244
77518,775584746,30.8196543,3970,1904,0,3093,1705,142,-0.0429842931937173,-0.013246073298429,0,0.044978971966807
77519,775594746,30.8204089,4006,1907,0,3115,1708,142,0.030349040139616,-0.00324607329842896,0,0.0305221432611603
77520,775604746,30.8210396,3952,1904,0,3090,1704,142,-0.0529842931937173,-0.0165794066317623,0,0.0555176733076876
77521,775614747,30.8216466,3910,1894,0,3075,1698,142,-0.102984293193717,-0.0365794066317623,0,0.109287774403825
77522,775624747,30.8281876,3919,1893,0,3076,1705,142,-0.099650959860384,-0.013246073298429,0,0.100527470170711
77523,775634746,30.8287379,3888,1897,0,3070,1700,142,-0.119650959860384,-0.0299127399650956,0,0.123333386427725
77524,775644747,30.8403609,4025,1904,0,3122,1705,142,0.0536823734729493,-0.013246073298429,0,0.0552924559005708
77525,775654747,30.8559165,4029,1905,0,3123,1706,142,0.0570157068062827,-0.00991273996509563,0,0.0578710051427793
77526,775664746,30.8720014,4030,1911,0,3123,1708,142,0.0570157068062827,-0.00324607329842896,0,0.0571080363388443
77527,775674746,30.8726564,4022,1904,0,3119,1707,142,0.0436823734729493,-0.00657940663176229,0,0.0441750873667082
77528,775684747,30.8868657,4010,1902,0,3119,1705,142,0.0436823734729493,-0.013246073298429,0,0.0456465574830959
77529,775694746,30.8874071,4017,1901,0,3117,1705,142,0.0370157068062827,-0.013246073298429,0,0.0393143867839247
77530,775704747,30.9036477,4016,1908,0,3115,1707,142,0.030349040139616,-0.00657940663176229,0,0.0310540308015256
77531,775714747,30.9182311,4015,1904,0,3117,1705,142,0.0370157068062827,-0.013246073298429,0,0.0393143867839247
77532,775724746,30.91934,4007,1899,0,3112,1705,142,0.020349040139616,-0.013246073298429,0,0.0242804837767095
77533,775734747,31.0233686,3998,1903,0,3113,1709,142,0.0236823734729493,8.72600349043751e-05,0,0.0236825342314953
77534,775744746,31.0244112,3993,1906,0,3109,1701,142,0.010349040139616,-0.0265794066317623,0,0.0285231044717778
77535,775754747,31.0258435,3995,1903,0,3105,1705,142,-0.00298429319371735,-0.013246073298429,0,0.0135780876302011
77536,775764747,31.0269826,3986,1904,0,3106,1700,142,0.000349040139615984,-0.0299127399650956,0,0.0299147763026651
77537,775774746,31.0282121,3974,1904,0,3104,1704,142,-0.00631762652705068,-0.0165794066317623,0,0.0177422977428691
77538,775784747,31.0292293,3933,1904,0,3084,1699,142,-0.0729842931937174,-0.033246073298429,0,0.0801998032588049
77539,775794746,31.0302509,3971,1904,0,3101,1705,142,-0.0163176265270507,-0.013246073298429,0,0.0210172165926809
77540,775804746,31.0311527,3997,1905,0,3106,1705,142,0.000349040139615984,-0.013246073298429,0,0.013250671184752
77541,775814746,31.0320533,3918,1901,0,3072,1699,142,-0.112984293193717,-0.033246073298429,0,0.117774156325776
77542,775824747,31.0332939,3979,1903,0,3103,1704,142,-0.00965095986038402,-0.0165794066317623,0,0.0191837887417493
77543,775834747,31.0343963,3993,1905,0,3115,1707,142,0.030349040139616,-0.00657940663176229,0,0.0310540308015256
77544,775844747,31.0440516,3757,1888,0,3038,1691,142,-0.226317626527051,-0.0599127399650956,0,0.234113657198726
77545,775854747,31.0585656,3967,1905,0,3099,1705,142,-0.0229842931937174,-0.013246073298429,0,0.0265280265274693
77546,775864747,31.0745161,3984,1904,0,3105,1706,142,-0.00298429319371735,-0.00991273996509563,0,0.0103522180947694
77547,775874746,31.0755407,3940,1902,0,3085,1705,142,-0.069650959860384,-0.013246073298429,0,0.0708993276928645
77548,775884747,31.1063924,3948,1895,0,3083,1701,142,-0.0763176265270507,-0.0265794066317623,0,0.0808136434992196
77549,775894747,31.1079475,3934,1904,0,3086,1700,142,-0.0663176265270507,-0.0299127399650956,0,0.0727516295377692
77550,775904747,31.1099669,3907,1895,0,3076,1694,142,-0.099650959860384,-0.0499127399650956,0,0.111452211337053
77551,775914746,31.1117701,3950,1899,0,3088,1700,142,-0.059650959860384,-0.0299127399650956,0,0.0667308701013599
77552,775924746,31.1222058,3955,1895,0,3094,1703,142,-0.039650959860384,-0.0199127399650956,0,0.0443702133279445
77553,775934746,31.2476024,3951,1899,0,3083,1696,142,-0.0763176265270507,-0.043246073298429,0,0.0877188860762349
77554,775944746,31.2486426,3948,1904,0,3087,1704,142,-0.0629842931937173,-0.0165794066317623,0,0.0651298542403825
77555,775954747,31.2494605,3936,1901,0,3087,1705,142,-0.0629842931937173,-0.013246073298429,0,0.0643620979066057
77556,775964746,31.2501233,3931,1899,0,3082,1704,142,-0.079650959860384,-0.0165794066317623,0,0.0813581718756133
77557,775974746,31.2507962,3926,1894,0,3079,1703,142,-0.089650959860384,-0.0199127399650956,0,0.0918357872335491
77558,775984747,31.251506,3917,1899,0,3072,1698,142,-0.112984293193717,-0.0365794066317623,0,0.118758172342015
77559,775994746,31.2521752,3879,1891,0,3067,1698,142,-0.129650959860384,-0.0365794066317623,0,0.1347123764999
77560,776004747,31.2528844,3927,1901,0,3083,1698,142,-0.0763176265270507,-0.0365794066317623,0,0.0846311592042447
77561,776014747,31.2536576,3959,1899,0,3087,1698,142,-0.0629842931937173,-0.0365794066317623,0,0.072835940157617
77562,776024746,31.2543835,3966,1901,0,3091,1700,142,-0.049650959860384,-0.0299127399650956,0,0.0579654192366181
77563,776034746,31.2551119,3973,1903,0,3098,1706,142,-0.0263176265270507,-0.00991273996509563,0,0.028122586645487
77564,776044746,31.2558038,3973,1904,0,3101,1706,142,-0.0163176265270507,-0.00991273996509563,0,0.0190925993278001
77565,776054746,31.2565125,3982,1904,0,3100,1704,142,-0.019650959860384,-0.0165794066317623,0,0.0257106388037277
77566,776064746,31.2628998,3970,1904,0,3101,1707,142,-0.0163176265270507,-0.00657940663176229,0,0.0175941333148975
77567,776074747,31.2762541,3971,1904,0,3097,1704,142,-0.029650959860384,-0.0165794066317623,0,0.0339714018683867
77568,776084746,31.2767796,3972,1903,0,3099,1704,142,-0.0229842931937174,-0.0165794066317623,0,0.0283399798496062
77569,776094746,31.2921518,3973,1899,0,3096,1705,142,-0.0329842931937173,-0.013246073298429,0,0.0355446487578153
77570,776104746,31.306868,3959,1902,0,3092,1706,142,-0.0463176265270507,-0.00991273996509563,0,0.0473664959725221
77571,776114746,31.3075811,3954,1903,0,3091,1704,142,-0.049650959860384,-0.0165794066317623,0,0.052345912345844
77572,776124747,31.3231482,3951,1904,0,3089,1700,142,-0.0563176265270507,-0.0299127399650956,0,0.0637686997661062
77573,776134747,31.3381429,3910,1899,0,3066,1697,142,-0.132984293193717,-0.0399127399650956,0,0.138844693984876
77574,776144747,31.3386803,3887,1897,0,3060,1695,142,-0.152984293193717,-0.0465794066317623,0,0.159918213741113
77575,776154746,31.4460915,3792,1891,0,3020,1694,142,-0.286317626527051,-0.0499127399650956,0,0.290635622164433
77576,776164747,31.446972,3891,1894,0,3061,1702,142,-0.149650959860384,-0.023246073298429,0,0.151445665870405
77577,776174747,31.4480003,3897,1890,0,3071,1703,142,-0.116317626527051,-0.0199127399650956,0,0.118009776941591
77578,776184747,31.4487721,3901,1898,0,3063,1698,142,-0.142984293193717,-0.0365794066317623,0,0.147589163184967
77579,776194746,31.4494016,3895,1893,0,3070,1702,142,-0.119650959860384,-0.023246073298429,0,0.121888195159774
77580,776204747,31.4498708,3898,1895,0,3065,1691,142,-0.136317626527051,-0.0599127399650956,0,0.14890275924943
77581,776214746,31.4503984,3888,1891,0,3063,1696,142,-0.142984293193717,-0.043246073298429,0,0.149381159976217
77582,776224746,31.4509441,3873,1893,0,3062,1692,142,-0.146317626527051,-0.0565794066317623,0,0.156875992705423
77583,776234746,31.4514417,3869,1889,0,3062,1692,142,-0.146317626527051,-0.0565794066317623,0,0.156875992705423
77584,776244746,31.4522808,3859,1890,0,3049,1695,142,-0.189650959860384,-0.0465794066317623,0,0.195287295280907
77585,776254747,31.4529505,3870,1887,0,3050,1703,142,-0.186317626527051,-0.0199127399650956,0,0.187378694540204
77586,776264746,31.4646565,3798,1883,0,3025,1687,142,-0.269650959860384,-0.073246073298429,0,0.27942195226443
77587,776274747,31.4800591,3767,1889,0,3008,1691,142,-0.326317626527051,-0.0599127399650956,0,0.331772105205325
77588,776284746,31.4808491,3739,1883,0,3003,1687,142,-0.342984293193717,-0.073246073298429,0,0.35071813844059
77589,776294747,31.4962038,3858,1882,0,3051,1688,142,-0.182984293193717,-0.0699127399650956,0,0.195885279602709
77590,776304746,31.4966543,3895,1889,0,3062,1697,142,-0.146317626527051,-0.0399127399650956,0,0.151663689273441
77591,776314746,31.526433,3927,1897,0,3069,1698,142,-0.122984293193717,-0.0365794066317623,0,0.128308960567413
77592,776324746,31.5270316,3920,1894,0,3079,1696,142,-0.089650959860384,-0.043246073298429,0,0.0995365131980284
77593,776334747,31.5275257,3920,1899,0,3076,1705,142,-0.099650959860384,-0.013246073298429,0,0.100527470170711
77594,776344747,31.5435721,3908,1895,0,3070,1697,142,-0.119650959860384,-0.0399127399650956,0,0.126132386828414
77595,776354746,31.5576908,3885,1892,0,3058,1701,142,-0.159650959860384,-0.0265794066317623,0,0.161848366816717
77596,776364747,31.5583224,3875,1898,0,3060,1696,142,-0.152984293193717,-0.043246073298429,0,0.158979296827336
77597,776374747,31.6565216,3929,1904,0,3077,1695,142,-0.0963176265270507,-0.0465794066317623,0,0.106989374715303
77598,776384746,31.6572756,3749,1877,0,2999,1686,142,-0.356317626527051,-0.0765794066317623,0,0.364453915459751
77599,776394746,31.6580082,3767,1887,0,3010,1686,142,-0.319650959860384,-0.0765794066317623,0,0.328696123584897
77600,776404747,31.6587271,3895,1902,0,3077,1701,142,-0.0963176265270507,-0.0265794066317623,0,0.0999177163304936
77601,776414747,31.6592875,3920,1895,0,3075,1692,142,-0.102984293193717,-0.0565794066317623,0,0.117503165486773
77602,776424747,31.6597146,3903,1893,0,3067,1699,142,-0.129650959860384,-0.033246073298429,0,0.133845705132751
77603,776434747,31.6601115,3920,1898,0,3072,1704,142,-0.112984293193717,-0.0165794066317623,0,0.114194252187863
77604,776444747,31.6605135,3900,1894,0,3070,1699,142,-0.119650959860384,-0.033246073298429,0,0.124183950594575
77605,776454747,31.6609026,3903,1893,0,3070,1696,142,-0.119650959860384,-0.043246073298429,0,0.127226471503553
77606,776464747,31.6677545,3891,1899,0,3069,1692,142,-0.122984293193717,-0.0565794066317623,0,0.135374907671845
77607,776474746,31.6688355,3894,1887,0,3060,1698,142,-0.152984293193717,-0.0365794066317623,0,0.157296684496251
77608,776484747,31.6842166,3861,1898,0,3056,1690,142,-0.166317626527051,-0.063246073298429,0,0.177937120020702
77609,776494747,31.698974,3842,1888,0,3045,1696,142,-0.202984293193717,-0.043246073298429,0,0.207539986843707
77610,776504747,31.6998843,3858,1891,0,3042,1695,142,-0.212984293193717,-0.0465794066317623,0,0.218018233800282
77611,776514746,31.7145616,3854,1887,0,3046,1694,142,-0.199650959860384,-0.0499127399650956,0,0.205795498940079
77612,776524746,31.7290893,3782,1888,0,3016,1688,142,-0.299650959860384,-0.0699127399650956,0,0.307698698331138
77613,776534747,31.7296801,3814,1885,0,3024,1693,142,-0.272984293193717,-0.053246073298429,0,0.278128690810882
77614,776544746,31.7451383,3839,1886,0,3041,1694,142,-0.216317626527051,-0.0499127399650956,0,0.222001344944394
77615,776554747,31.7456749,3839,1885,0,3041,1695,142,-0.216317626527051,-0.0465794066317623,0,0.221275748035034
77616,776564747,31.8587338,3856,1884,0,3046,1692,142,-0.199650959860384,-0.0565794066317623,0,0.207513216513973
77617,776574747,31.8594766,3855,1894,0,3048,1694,142,-0.192984293193717,-0.0499127399650956,0,0.199334440150973
77618,776584746,31.860129,3863,1890,0,3049,1695,142,-0.189650959860384,-0.0465794066317623,0,0.195287295280907
77620,776604746,31.8608137,3798,1885,0,3030,1681,142,-0.252984293193717,-0.093246073298429,0,0.269621740199674
77621,776614746,31.861467,3861,1895,0,3049,1700,142,-0.189650959860384,-0.0299127399650956,0,0.19199546501984
77622,776624747,31.8620154,3883,1891,0,3061,1698,142,-0.149650959860384,-0.0365794066317623,0,0.154056686893708
77623,776634747,31.8624159,3911,1893,0,3072,1701,142,-0.112984293193717,-0.0265794066317623,0,0.116068580440102
77624,776644747,31.8628379,3834,1893,0,3034,1693,142,-0.239650959860384,-0.053246073298429,0,0.245494861216493
77625,776654746,31.8632468,3899,1901,0,3070,1699,142,-0.119650959860384,-0.033246073298429,0,0.124183950594575
77626,776664747,31.8691612,3888,1895,0,3066,1701,142,-0.132984293193717,-0.0265794066317623,0,0.135614479658808
77627,776674747,31.8696909,3890,1883,0,3065,1696,142,-0.136317626527051,-0.043246073298429,0,0.143012999960499
77628,776684746,31.8863957,3941,1898,0,3079,1702,142,-0.089650959860384,-0.023246073298429,0,0.0926157358534937
77629,776694746,31.887272,3914,1892,0,3076,1698,142,-0.099650959860384,-0.0365794066317623,0,0.10615256374967
77630,776704747,31.9020146,3921,1894,0,3076,1701,142,-0.099650959860384,-0.0265794066317623,0,0.103134759698137
77631,776714746,31.917196,3909,1898,0,3076,1696,142,-0.099650959860384,-0.043246073298429,0,0.108630275047194
77632,776724747,31.9179805,3926,1899,0,3077,1695,142,-0.0963176265270507,-0.0465794066317623,0,0.106989374715303
77633,776734747,31.9325979,3920,1894,0,3077,1698,142,-0.0963176265270507,-0.0365794066317623,0,0.103029792629784
77634,776744746,31.9477693,3906,1898,0,3066,1702,142,-0.132984293193717,-0.023246073298429,0,0.13500074873877
77635,776754747,31.9627197,3889,1901,0,3063,1699,142,-0.142984293193717,-0.033246073298429,0,0.146798533677525
77636,776764746,31.9636004,3881,1894,0,3057,1695,142,-0.162984293193717,-0.0465794066317623,0,0.169509648545511
77637,776774746,32.071137,3867,1894,0,3059,1701,142,-0.156317626527051,-0.0265794066317623,0,0.158561234921866
77638,776784746,32.072535,3857,1887,0,3049,1690,142,-0.189650959860384,-0.063246073298429,0,0.199918864451645
77639,776794747,32.0737779,3912,1890,0,3071,1695,142,-0.116317626527051,-0.0465794066317623,0,0.125297371732425
77640,776804747,32.0744908,3891,1894,0,3067,1697,142,-0.129650959860384,-0.0399127399650956,0,0.135655439272593
77641,776814748,32.0749501,3855,1893,0,3044,1693,142,-0.206317626527051,-0.053246073298429,0,0.21307770258161
77642,776824747,32.0753416,3911,1904,0,3075,1696,142,-0.102984293193717,-0.043246073298429,0,0.111695960089623
77643,776834746,32.075754,3967,1895,0,3088,1703,142,-0.059650959860384,-0.0199127399650956,0,0.0628868366606451
77644,776844747,32.0761346,3955,1901,0,3089,1700,142,-0.0563176265270507,-0.0299127399650956,0,0.0637686997661062
77645,776854747,32.0765147,3904,1899,0,3071,1702,142,-0.116317626527051,-0.023246073298429,0,0.118617748101548
77646,776864746,32.0768986,3939,1892,0,3086,1692,142,-0.0663176265270507,-0.0565794066317623,0,0.0871737164688055
77647,776874746,32.077734,3984,1904,0,3101,1705,142,-0.0163176265270507,-0.013246073298429,0,0.0210172165926809
77648,776884747,32.0889265,3965,1904,0,3098,1704,142,-0.0263176265270507,-0.0165794066317623,0,0.0311045686399706
77649,776894746,32.0898714,3952,1895,0,3085,1705,142,-0.069650959860384,-0.013246073298429,0,0.0708993276928645
77650,776904747,32.1051648,3948,1904,0,3096,1704,142,-0.0329842931937173,-0.0165794066317623,0,0.0369166672622331
77651,776914752,32.119972,3941,1899,0,3078,1696,142,-0.0929842931937173,-0.043246073298429,0,0.102549020650947
77652,776924746,32.1205812,3904,1894,0,3072,1695,142,-0.112984293193717,-0.0465794066317623,0,0.122209212544108
77653,776934747,32.1364028,3909,1889,0,3073,1695,142,-0.109650959860384,-0.0465794066317623,0,0.119134269295071
77654,776944746,32.151301,3897,1899,0,3066,1693,142,-0.132984293193717,-0.053246073298429,0,0.143247919907879
77655,776954746,32.1518753,3906,1890,0,3064,1698,142,-0.139650959860384,-0.0365794066317623,0,0.144362195811294
77656,776964746,32.1668546,3888,1895,0,3062,1699,142,-0.146317626527051,-0.033246073298429,0,0.150047156661744
77657,776974747,32.1677103,3937,1894,0,3087,1705,142,-0.0629842931937173,-0.013246073298429,0,0.0643620979066057
77658,776984747,32.2720632,3941,1902,0,3087,1701,142,-0.0629842931937173,-0.0265794066317623,0,0.0683628996313696
77659,776994746,32.2729427,3935,1898,0,3082,1696,142,-0.079650959860384,-0.043246073298429,0,0.0906338692896513
77660,777004747,32.2736748,3934,1904,0,3090,1705,142,-0.0529842931937173,-0.013246073298429,0,0.0546149593340978
77661,777014747,32.2742447,3957,1903,0,3092,1706,142,-0.0463176265270507,-0.00991273996509563,0,0.0473664959725221
77662,777024747,32.2748013,3953,1904,0,3089,1698,142,-0.0563176265270507,-0.0365794066317623,0,0.067154508762794
77663,777034746,32.2757371,3956,1904,0,3090,1706,142,-0.0529842931937173,-0.00991273996509563,0,0.0539035967153715
77664,777044747,32.2765391,3947,1899,0,3086,1701,142,-0.0663176265270507,-0.0265794066317623,0,0.0714457307687306
77665,777054747,32.2771679,3946,1899,0,3084,1699,142,-0.0729842931937174,-0.033246073298429,0,0.0801998032588049
77666,777064746,32.2776783,3916,1894,0,3078,1704,142,-0.0929842931937173,-0.0165794066317623,0,0.0944508099753333
77667,777074747,32.2784229,3910,1899,0,3069,1698,142,-0.122984293193717,-0.0365794066317623,0,0.128308960567413
77668,777084747,32.2919343,3907,1899,0,3066,1696,142,-0.132984293193717,-0.043246073298429,0,0.139839354589349
77669,777094746,32.3067574,3889,1893,0,3065,1692,142,-0.136317626527051,-0.0565794066317623,0,0.147593104706049
77670,777104746,32.3075335,3859,1889,0,3053,1693,142,-0.176317626527051,-0.053246073298429,0,0.184182110276308
77671,777114746,32.3082468,3845,1886,0,3041,1692,142,-0.216317626527051,-0.0565794066317623,0,0.223594599221669
77672,777124747,32.322509,3926,1899,0,3081,1704,142,-0.0829842931937173,-0.0165794066317623,0,0.0846242851734782
77673,777134747,32.337898,3940,1903,0,3083,1704,142,-0.0763176265270507,-0.0165794066317623,0,0.0780977390388718
77674,777144746,32.3386034,3938,1893,0,3086,1700,142,-0.0663176265270507,-0.0299127399650956,0,0.0727516295377692
77675,777154747,32.3532561,3920,1893,0,3079,1703,142,-0.089650959860384,-0.0199127399650956,0,0.0918357872335491
77676,777164747,32.3681422,3920,1893,0,3076,1696,142,-0.099650959860384,-0.043246073298429,0,0.108630275047194
77677,777174747,32.3686754,3919,1886,0,3076,1700,142,-0.099650959860384,-0.0299127399650956,0,0.104043672625082
77678,777184747,32.5106857,3843,1893,0,3049,1691,142,-0.189650959860384,-0.0599127399650956,0,0.198889474296882
77679,777194747,32.5117888,3907,1887,0,3070,1692,142,-0.119650959860384,-0.0565794066317623,0,0.132354000507403
77680,777204746,32.5125141,3920,1894,0,3081,1701,142,-0.0829842931937173,-0.0265794066317623,0,0.0871370057653889
77681,777214747,32.5131435,3923,1903,0,3079,1697,142,-0.089650959860384,-0.0399127399650956,0,0.0981342010484088
77682,777224747,32.51386,3953,1901,0,3090,1696,142,-0.0529842931937173,-0.043246073298429,0,0.0683926763694103
77683,777234746,32.5145589,3902,1899,0,3069,1692,142,-0.122984293193717,-0.0565794066317623,0,0.135374907671845
77684,777244747,32.5151133,3916,1897,0,3078,1700,142,-0.0929842931937173,-0.0299127399650956,0,0.0976772787958111
77685,777254747,32.515736,3921,1904,0,3083,1701,142,-0.0763176265270507,-0.0265794066317623,0,0.0808136434992196
77686,777264747,32.5162949,3920,1901,0,3076,1703,142,-0.099650959860384,-0.0199127399650956,0,0.101621016596044
77687,777274747,32.5168429,3915,1895,0,3066,1700,142,-0.132984293193717,-0.0299127399650956,0,0.136306985325228
77688,777284747,32.5178669,3856,1892,0,3049,1698,142,-0.189650959860384,-0.0365794066317623,0,0.193146420017294
77689,777294746,32.5187293,3920,1901,0,3070,1697,142,-0.119650959860384,-0.0399127399650956,0,0.126132386828414
77690,777304746,32.5195638,3924,1903,0,3083,1704,142,-0.0763176265270507,-0.0165794066317623,0,0.0780977390388718
77691,777314746,32.525564,3931,1899,0,3086,1704,142,-0.0663176265270507,-0.0165794066317623,0,0.0683586447528233
77692,777324746,32.5264343,3925,1900,0,3084,1700,142,-0.0729842931937174,-0.0299127399650956,0,0.078876353016642
77693,777334746,32.5271038,3938,1896,0,3084,1705,142,-0.0729842931937174,-0.013246073298429,0,0.0741765833050691
77694,777344747,32.541972,3909,1894,0,3076,1699,142,-0.099650959860384,-0.033246073298429,0,0.105050536366362
77695,777354746,32.5567963,3895,1902,0,3072,1691,142,-0.112984293193717,-0.0599127399650956,0,0.127886617433604
77696,777364747,32.5725431,3888,1891,0,3060,1691,142,-0.152984293193717,-0.0599127399650956,0,0.164297688279861
77697,777374746,32.573218,3911,1899,0,3073,1695,142,-0.109650959860384,-0.0465794066317623,0,0.119134269295071
77698,777384746,32.6825378,3900,1897,0,3067,1701,142,-0.129650959860384,-0.0265794066317623,0,0.132347407415542
77699,777394747,32.6833784,3896,1889,0,3062,1697,142,-0.146317626527051,-0.0399127399650956,0,0.151663689273441
77700,777404746,32.6842483,3888,1887,0,3065,1698,142,-0.136317626527051,-0.0365794066317623,0,0.141140172493519
77701,777414746,32.6852654,3882,1891,0,3059,1690,142,-0.156317626527051,-0.063246073298429,0,0.168627596053317
77702,777424747,32.6859721,3897,1890,0,3064,1695,142,-0.139650959860384,-0.0465794066317623,0,0.147214237463955
77703,777434746,32.6865833,3951,1893,0,3091,1704,142,-0.049650959860384,-0.0165794066317623,0,0.052345912345844
77704,777444746,32.6872957,3953,1903,0,3101,1705,142,-0.0163176265270507,-0.013246073298429,0,0.0210172165926809
77705,777454746,32.6881389,3970,1903,0,3095,1708,142,-0.0363176265270507,-0.00324607329842896,0,0.0364624051375812
77706,777464747,32.6887302,3957,1904,0,3098,1705,142,-0.0263176265270507,-0.013246073298429,0,0.0294631282087404
77707,777474747,32.6891534,3965,1895,0,3101,1704,142,-0.0163176265270507,-0.0165794066317623,0,0.0232624517138162
77708,777484747,32.6895832,3974,1901,0,3096,1699,142,-0.0329842931937173,-0.033246073298429,0,0.0468323070887354
77709,777494746,32.6985965,3984,1906,0,3101,1706,142,-0.0163176265270507,-0.00991273996509563,0,0.0190925993278001
77710,777504746,32.6994727,3984,1899,0,3090,1704,142,-0.0529842931937173,-0.0165794066317623,0,0.0555176733076876
77711,777514747,32.7130624,3977,1906,0,3103,1705,142,-0.00965095986038402,-0.013246073298429,0,0.0163890049744973
77712,777524747,32.7306156,3984,1903,0,3103,1703,142,-0.00965095986038402,-0.0199127399650956,0,0.0221282226838095
77713,777534746,32.7312734,3984,1903,0,3103,1705,142,-0.00965095986038402,-0.013246073298429,0,0.0163890049744973
77714,777544747,32.7445489,3974,1904,0,3105,1702,142,-0.00298429319371735,-0.023246073298429,0,0.0234368498237711
77715,777554747,32.7455566,3981,1899,0,3103,1705,142,-0.00965095986038402,-0.013246073298429,0,0.0163890049744973
77716,777564747,32.759378,3977,1901,0,3099,1703,142,-0.0229842931937174,-0.0199127399650956,0,0.0304104414064031
77717,777574747,32.775371,3982,1903,0,3101,1705,142,-0.0163176265270507,-0.013246073298429,0,0.0210172165926809
77718,777584746,32.7758728,3982,1895,0,3101,1703,142,-0.0163176265270507,-0.0199127399650956,0,0.0257445557039508
77720,777604747,32.8743713,3983,1904,0,3096,1705,142,-0.0329842931937173,-0.013246073298429,0,0.0355446487578153
77721,777614746,32.8750972,3971,1895,0,3095,1705,142,-0.0363176265270507,-0.013246073298429,0,0.0386578382011422
77722,777624747,32.8759539,3984,1902,0,3108,1707,142,0.00701570680628265,-0.00657940663176229,0,0.00961814605928805
77723,777634747,32.8766963,3989,1903,0,3109,1697,142,0.010349040139616,-0.0399127399650956,0,0.0412326259572771
77724,777644747,32.8773144,3986,1904,0,3105,1705,142,-0.00298429319371735,-0.013246073298429,0,0.0135780876302011
77725,777654746,32.8777794,3987,1904,0,3102,1704,142,-0.0129842931937173,-0.0165794066317623,0,0.0210586940241255
77726,777664746,32.8781774,3971,1902,0,3098,1705,142,-0.0263176265270507,-0.013246073298429,0,0.0294631282087404
77727,777674747,32.8785596,3968,1903,0,3100,1705,142,-0.019650959860384,-0.013246073298429,0,0.0236984953375056
77728,777684746,32.8862822,3952,1905,0,3093,1702,142,-0.0429842931937173,-0.023246073298429,0,0.0488674675541857
77729,777694747,32.9002892,3959,1903,0,3091,1704,142,-0.049650959860384,-0.0165794066317623,0,0.052345912345844
77730,777704747,32.9011404,3950,1902,0,3085,1700,142,-0.069650959860384,-0.0299127399650956,0,0.0758025607858485
77731,777714746,32.9158856,3984,1906,0,3099,1704,142,-0.0229842931937174,-0.0165794066317623,0,0.0283399798496062
77732,777724747,32.932203,3984,1904,0,3108,1701,142,0.00701570680628265,-0.0265794066317623,0,0.027489725333082
77733,777734746,32.9329649,3985,1904,0,3108,1707,142,0.00701570680628265,-0.00657940663176229,0,0.00961814605928805
77734,777744747,32.9476635,4000,1903,0,3111,1704,142,0.0170157068062827,-0.0165794066317623,0,0.0237573357592702
77735,777754746,32.9484936,4000,1903,0,3111,1708,142,0.0170157068062827,-0.00324607329842896,0,0.0173225653405074
77736,777764746,32.962226,4003,1899,0,3104,1703,142,-0.00631762652705068,-0.0199127399650956,0,0.0208908979666459
77737,777774747,32.9774776,4007,1904,0,3108,1704,142,0.00701570680628265,-0.0165794066317623,0,0.0180026905281695
77738,777784746,32.9780879,4001,1904,0,3106,1707,142,0.000349040139615984,-0.00657940663176229,0,0.00658865848600007
77739,777794746,33.0899748,3994,1904,0,3111,1703,142,0.0170157068062827,-0.0199127399650956,0,0.0261925846573966
77740,777804747,33.0911239,4002,1904,0,3116,1705,142,0.0336823734729493,-0.013246073298429,0,0.0361933797896603
77741,777814747,33.091863,4002,1905,0,3111,1710,142,0.0170157068062827,0.00342059336823771,0,0.0173561152654678
77742,777824747,33.0923315,4003,1906,0,3108,1704,142,0.00701570680628265,-0.0165794066317623,0,0.0180026905281695
77743,777834747,33.0927601,3993,1902,0,3103,1705,142,-0.00965095986038402,-0.013246073298429,0,0.0163890049744973
77744,777844747,33.0932067,4014,1905,0,3106,1703,142,0.000349040139615984,-0.0199127399650956,0,0.0199157988023724
77745,777854746,33.0936206,3984,1904,0,3106,1706,142,0.000349040139615984,-0.00991273996509563,0,0.00991888313443944
77746,777864746,33.0940818,3991,1899,0,3113,1704,142,0.0236823734729493,-0.0165794066317623,0,0.028909021733251
77747,777874747,33.094491,3991,1903,0,3104,1703,142,-0.00631762652705068,-0.0199127399650956,0,0.0208908979666459
77748,777884746,33.0948999,3979,1902,0,3108,1700,142,0.00701570680628265,-0.0299127399650956,0,0.0307244553118709
77749,777894746,33.0998692,3977,1904,0,3105,1705,142,-0.00298429319371735,-0.013246073298429,0,0.0135780876302011
77750,777904747,33.1006607,3986,1904,0,3101,1705,142,-0.0163176265270507,-0.013246073298429,0,0.0210172165926809
77751,777914746,33.1162472,3982,1904,0,3101,1699,142,-0.0163176265270507,-0.033246073298429,0,0.0370346638332363
77752,777924746,33.1173038,3969,1900,0,3098,1704,142,-0.0263176265270507,-0.0165794066317623,0,0.0311045686399706
77753,777934746,33.132022,3973,1903,0,3101,1708,142,-0.0163176265270507,-0.00324607329842896,0,0.0166373653964527
77754,777944747,33.1465458,3963,1899,0,3098,1701,142,-0.0263176265270507,-0.0265794066317623,0,0.0374043088816501
77755,777954746,33.1471538,3970,1903,0,3093,1702,142,-0.0429842931937173,-0.023246073298429,0,0.0488674675541857
77756,777964746,33.1786724,3959,1899,0,3096,1704,142,-0.0329842931937173,-0.0165794066317623,0,0.0369166672622331
77757,777974747,33.1793889,3953,1901,0,3093,1701,142,-0.0429842931937173,-0.0265794066317623,0,0.0505382460940229
77758,777984747,33.1800734,3948,1895,0,3086,1704,142,-0.0663176265270507,-0.0165794066317623,0,0.0683586447528233
77759,777994747,33.2870218,3957,1899,0,3098,1700,142,-0.0263176265270507,-0.0299127399650956,0,0.0398420566516935
77760,778004747,33.2878926,3984,1895,0,3104,1700,142,-0.00631762652705068,-0.0299127399650956,0,0.0305726089360186
77761,778014746,33.2885622,3984,1903,0,3104,1705,142,-0.00631762652705068,-0.013246073298429,0,0.0146755191650124
77762,778024746,33.2892438,3987,1903,0,3105,1704,142,-0.00298429319371735,-0.0165794066317623,0,0.0168458520154782
77763,778034747,33.2897203,3986,1905,0,3101,1704,142,-0.0163176265270507,-0.0165794066317623,0,0.0232624517138162
77764,778044746,33.290108,3989,1899,0,3104,1704,142,-0.00631762652705068,-0.0165794066317623,0,0.0177422977428691
77765,778054747,33.2904865,3984,1903,0,3099,1701,142,-0.0229842931937174,-0.0265794066317623,0,0.0351389042303731
77766,778064747,33.2908892,3989,1904,0,3101,1705,142,-0.0163176265270507,-0.013246073298429,0,0.0210172165926809
77767,778074746,33.2912959,3977,1904,0,3103,1705,142,-0.00965095986038402,-0.013246073298429,0,0.0163890049744973
77768,778084747,33.291699,3971,1904,0,3101,1706,142,-0.0163176265270507,-0.00991273996509563,0,0.0190925993278001
77770,778104747,33.302323,3984,1904,0,3104,1705,142,-0.00631762652705068,-0.013246073298429,0,0.0146755191650124
77771,778114746,33.3181439,3989,1899,0,3108,1703,142,0.00701570680628265,-0.0199127399650956,0,0.0211124928634502
77772,778124747,33.319069,3990,1906,0,3102,1705,142,-0.0129842931937173,-0.013246073298429,0,0.0185485936816721
77773,778134746,33.3340243,3985,1904,0,3108,1700,142,0.00701570680628265,-0.0299127399650956,0,0.0307244553118709
77774,778144745,33.3493843,3811,1888,0,3046,1690,142,-0.199650959860384,-0.063246073298429,0,0.209429156424894
77775,778154746,33.3499806,3961,1904,0,3096,1704,142,-0.0329842931937173,-0.0165794066317623,0,0.0369166672622331
77776,778164746,33.366157,3967,1904,0,3090,1705,142,-0.0529842931937173,-0.013246073298429,0,0.0546149593340978
77777,778174746,33.3672079,3970,1898,0,3098,1703,142,-0.0263176265270507,-0.0199127399650956,0,0.0330020405268347
77778,778184747,33.3807877,3956,1899,0,3094,1707,142,-0.039650959860384,-0.00657940663176229,0,0.0401931239079007
77779,778194747,33.4909012,3966,1901,0,3101,1705,142,-0.0163176265270507,-0.013246073298429,0,0.0210172165926809
77780,778204747,33.4919158,3971,1898,0,3099,1705,142,-0.0229842931937174,-0.013246073298429,0,0.0265280265274693
77781,778214746,33.4927615,3975,1904,0,3099,1699,142,-0.0229842931937174,-0.033246073298429,0,0.0404175595920792
77782,778224747,33.4932909,3981,1904,0,3098,1704,142,-0.0263176265270507,-0.0165794066317623,0,0.0311045686399706
77783,778234746,33.4936852,3981,1900,0,3098,1705,142,-0.0263176265270507,-0.013246073298429,0,0.0294631282087404
77784,778244746,33.4940696,3981,1903,0,3101,1705,142,-0.0163176265270507,-0.013246073298429,0,0.0210172165926809
77785,778254746,33.4944503,3979,1902,0,3096,1708,142,-0.0329842931937173,-0.00324607329842896,0,0.0331436357291695
77786,778264747,33.4949035,3986,1907,0,3106,1705,142,0.000349040139615984,-0.013246073298429,0,0.013250671184752
77787,778274747,33.4953049,3984,1900,0,3108,1705,142,0.00701570680628265,-0.013246073298429,0,0.0149892828320461
77788,778284746,33.4957125,4002,1904,0,3110,1703,142,0.0136823734729493,-0.0199127399650956,0,0.0241603923140909
77789,778294746,33.4962339,4000,1904,0,3107,1707,142,0.00368237347294932,-0.00657940663176229,0,0.00753979217355216
77790,778304746,33.506303,3991,1900,0,3110,1704,142,0.0136823734729493,-0.0165794066317623,0,0.0214961407725803
77791,778314746,33.5220373,4003,1906,0,3112,1705,142,0.020349040139616,-0.013246073298429,0,0.0242804837767095
77792,778324746,33.5234305,4001,1904,0,3111,1706,142,0.0170157068062827,-0.00991273996509563,0,0.0196925542206433
77794,778344747,33.5549005,4005,1903,0,3110,1705,142,0.0136823734729493,-0.013246073298429,0,0.0190437864323411
77795,778354745,33.555417,3987,1904,0,3112,1706,142,0.020349040139616,-0.00991273996509563,0,0.0226350579460117
77796,778364746,33.5680866,3998,1899,0,3106,1709,142,0.000349040139615984,8.72600349043751e-05,0,0.000359782340804352
77797,778374747,33.5687585,3986,1905,0,3110,1705,142,0.0136823734729493,-0.013246073298429,0,0.0190437864323411
77798,778384746,33.5846235,4005,1907,0,3110,1705,142,0.0136823734729493,-0.013246073298429,0,0.0190437864323411
77799,778394746,33.6959501,3985,1899,0,3109,1705,142,0.010349040139616,-0.013246073298429,0,0.016809553522885
77800,778404747,33.6967518,3987,1898,0,3105,1704,142,-0.00298429319371735,-0.0165794066317623,0,0.0168458520154782
77801,778414747,33.6975441,3993,1905,0,3112,1703,142,0.020349040139616,-0.0199127399650956,0,0.0284710492873238
77802,778424747,33.698364,3996,1900,0,3105,1703,142,-0.00298429319371735,-0.0199127399650956,0,0.0201351240071569
77803,778434746,33.6991178,3993,1903,0,3106,1701,142,0.000349040139615984,-0.0265794066317623,0,0.026581698326398
77804,778444746,33.6997224,3985,1902,0,3105,1705,142,-0.00298429319371735,-0.013246073298429,0,0.0135780876302011
77805,778454747,33.7002657,3989,1901,0,3105,1703,142,-0.00298429319371735,-0.0199127399650956,0,0.0201351240071569
77806,778464746,33.7009215,3983,1904,0,3105,1705,142,-0.00298429319371735,-0.013246073298429,0,0.0135780876302011
77807,778474747,33.7015344,3987,1901,0,3110,1705,142,0.0136823734729493,-0.013246073298429,0,0.0190437864323411
77808,778484746,33.7021479,3999,1902,0,3104,1703,142,-0.00631762652705068,-0.0199127399650956,0,0.0208908979666459
77809,778494746,33.7027838,3984,1906,0,3106,1705,142,0.000349040139615984,-0.013246073298429,0,0.013250671184752
77810,778504746,33.7033328,3989,1904,0,3104,1701,142,-0.00631762652705068,-0.0265794066317623,0,0.027319905963086
77811,778514747,33.7102897,3987,1898,0,3108,1705,142,0.00701570680628265,-0.013246073298429,0,0.0149892828320461
77812,778524747,33.7248267,3982,1902,0,3106,1705,142,0.000349040139615984,-0.013246073298429,0,0.013250671184752
77813,778534746,33.7256294,3989,1904,0,3108,1705,142,0.00701570680628265,-0.013246073298429,0,0.0149892828320461
77814,778544746,33.7410729,3984,1904,0,3103,1699,142,-0.00965095986038402,-0.033246073298429,0,0.0346185270627052
77815,778554747,33.756843,3984,1899,0,3109,1704,142,0.010349040139616,-0.0165794066317623,0,0.0195442921609534
77816,778564746,33.7577465,3984,1904,0,3106,1703,142,0.000349040139615984,-0.0199127399650956,0,0.0199157988023724
77817,778574747,33.7715346,3994,1904,0,3105,1704,142,-0.00298429319371735,-0.0165794066317623,0,0.0168458520154782
77818,778584746,33.7864837,3986,1905,0,3104,1705,142,-0.00631762652705068,-0.013246073298429,0,0.0146755191650124
77819,778594747,33.8018419,3984,1904,0,3100,1701,142,-0.019650959860384,-0.0265794066317623,0,0.0330548798262979
77820,778604747,33.802827,3983,1902,0,3107,1703,142,0.00368237347294932,-0.0199127399650956,0,0.0202503601773351
77821,778614747,33.9381774,3986,1904,0,3112,1705,142,0.020349040139616,-0.013246073298429,0,0.0242804837767095
77822,778624747,33.9390183,3987,1907,0,3104,1705,142,-0.00631762652705068,-0.013246073298429,0,0.0146755191650124
77823,778634747,33.9398135,3983,1904,0,3103,1705,142,-0.00965095986038402,-0.013246073298429,0,0.0163890049744973
77824,778644746,33.9408087,3991,1898,0,3105,1704,142,-0.00298429319371735,-0.0165794066317623,0,0.0168458520154782
77825,778654747,33.9416937,3980,1905,0,3104,1705,142,-0.00631762652705068,-0.013246073298429,0,0.0146755191650124
77826,778664746,33.942406,3997,1904,0,3105,1705,142,-0.00298429319371735,-0.013246073298429,0,0.0135780876302011
77827,778674747,33.943079,3994,1901,0,3105,1705,142,-0.00298429319371735,-0.013246073298429,0,0.0135780876302011
77828,778684747,33.943717,3976,1903,0,3100,1705,142,-0.019650959860384,-0.013246073298429,0,0.0236984953375056
77829,778694747,33.9443126,3986,1905,0,3103,1705,142,-0.00965095986038402,-0.013246073298429,0,0.0163890049744973
77830,778704746,33.9449807,3988,1903,0,3102,1705,142,-0.0129842931937173,-0.013246073298429,0,0.0185485936816721
77831,778714746,33.9456594,3971,1899,0,3105,1705,142,-0.00298429319371735,-0.013246073298429,0,0.0135780876302011
77832,778724746,33.946297,3984,1904,0,3101,1705,142,-0.0163176265270507,-0.013246073298429,0,0.0210172165926809
77833,778734746,33.9468714,3973,1900,0,3103,1704,142,-0.00965095986038402,-0.0165794066317623,0,0.0191837887417493
77834,778744746,33.9477339,3990,1898,0,3108,1705,142,0.00701570680628265,-0.013246073298429,0,0.0149892828320461
77835,778754747,33.9579811,3986,1904,0,3102,1702,142,-0.0129842931937173,-0.023246073298429,0,0.0266265242481317
77836,778764746,33.9592073,3991,1905,0,3103,1705,142,-0.00965095986038402,-0.013246073298429,0,0.0163890049744973
77837,778774747,33.9742812,3983,1904,0,3100,1698,142,-0.019650959860384,-0.0365794066317623,0,0.0415236464314761
77838,778784747,33.9751334,3980,1904,0,3103,1705,142,-0.00965095986038402,-0.013246073298429,0,0.0163890049744973
77839,778794747,33.9902481,3990,1906,0,3101,1701,142,-0.0163176265270507,-0.0265794066317623,0,0.0311886163908064
77840,778804747,34.0056439,3984,1902,0,3110,1705,142,0.0136823734729493,-0.013246073298429,0,0.0190437864323411
77841,778814747,34.0207448,3973,1905,0,3102,1706,142,-0.0129842931937173,-0.00991273996509563,0,0.0163356751729464
77842,778824746,34.0218617,3984,1905,0,3106,1706,142,0.000349040139615984,-0.00991273996509563,0,0.00991888313443944
77843,778834747,34.1581701,3987,1904,0,3103,1705,142,-0.00965095986038402,-0.013246073298429,0,0.0163890049744973
77844,778844747,34.1592962,3984,1904,0,3105,1705,142,-0.00298429319371735,-0.013246073298429,0,0.0135780876302011
77845,778854746,34.1602371,3979,1895,0,3098,1704,142,-0.0263176265270507,-0.0165794066317623,0,0.0311045686399706
77846,778864746,34.1609362,3981,1901,0,3098,1704,142,-0.0263176265270507,-0.0165794066317623,0,0.0311045686399706
77847,778874747,34.1616291,3984,1898,0,3097,1698,142,-0.029650959860384,-0.0365794066317623,0,0.0470874973870338
77848,778884746,34.1623531,3964,1902,0,3099,1699,142,-0.0229842931937174,-0.033246073298429,0,0.0404175595920792
77849,778894746,34.1631679,3983,1907,0,3098,1700,142,-0.0263176265270507,-0.0299127399650956,0,0.0398420566516935
77850,778904747,34.163943,3981,1904,0,3103,1703,142,-0.00965095986038402,-0.0199127399650956,0,0.0221282226838095
77851,778914746,34.1646885,3982,1898,0,3093,1699,142,-0.0429842931937173,-0.033246073298429,0,0.0543410604527365
77852,778924747,34.1654929,3970,1903,0,3096,1704,142,-0.0329842931937173,-0.0165794066317623,0,0.0369166672622331
77853,778934746,34.1661677,3962,1904,0,3098,1704,142,-0.0263176265270507,-0.0165794066317623,0,0.0311045686399706
77854,778944747,34.1668496,3975,1904,0,3097,1704,142,-0.029650959860384,-0.0165794066317623,0,0.0339714018683867
77855,778954746,34.1678174,3969,1891,0,3097,1698,142,-0.029650959860384,-0.0365794066317623,0,0.0470874973870338
77856,778964747,34.169218,3965,1901,0,3096,1705,142,-0.0329842931937173,-0.013246073298429,0,0.0355446487578153
77857,778974747,34.1770832,3968,1902,0,3098,1700,142,-0.0263176265270507,-0.0299127399650956,0,0.0398420566516935
77858,778984746,34.1783713,3967,1905,0,3091,1704,142,-0.049650959860384,-0.0165794066317623,0,0.052345912345844
77860,779004747,34.2086158,3955,1893,0,3094,1704,142,-0.039650959860384,-0.0165794066317623,0,0.042977614430202
77861,779014747,34.2096668,3963,1902,0,3092,1700,142,-0.0463176265270507,-0.0299127399650956,0,0.0551370523270766
77862,779024747,34.2238415,3968,1904,0,3092,1705,142,-0.0463176265270507,-0.013246073298429,0,0.0481744847915025
77863,779034747,34.2398289,3957,1895,0,3095,1703,142,-0.0363176265270507,-0.0199127399650956,0,0.0414184404519998
77864,779044747,34.2416913,3961,1904,0,3093,1697,142,-0.0429842931937173,-0.0399127399650956,0,0.0586572780896352
77865,779054747,34.4070122,3957,1904,0,3093,1698,142,-0.0429842931937173,-0.0365794066317623,0,0.0564420273457224
77866,779064747,34.4083144,3954,1900,0,3095,1697,142,-0.0363176265270507,-0.0399127399650956,0,0.0539629206778106
77867,779074747,34.4093774,3959,1895,0,3093,1705,142,-0.0429842931937173,-0.013246073298429,0,0.044978971966807
77868,779084747,34.4105664,3952,1902,0,3091,1703,142,-0.049650959860384,-0.0199127399650956,0,0.0534951869608377
77869,779094746,34.4115294,3945,1895,0,3090,1704,142,-0.0529842931937173,-0.0165794066317623,0,0.0555176733076876
77870,779104747,34.4123142,3952,1903,0,3087,1703,142,-0.0629842931937173,-0.0199127399650956,0,0.0660570844196871
77871,779114747,34.4130341,3954,1894,0,3090,1698,142,-0.0529842931937173,-0.0365794066317623,0,0.0643846900650272
77872,779124746,34.4138468,3952,1903,0,3090,1700,142,-0.0529842931937173,-0.0299127399650956,0,0.0608449450444097
77873,779134746,34.4148386,3952,1904,0,3089,1699,142,-0.0563176265270507,-0.033246073298429,0,0.0653985966776419
77874,779144746,34.4159423,3946,1893,0,3085,1702,142,-0.069650959860384,-0.023246073298429,0,0.0734277613254603
77875,779154747,34.4167802,3943,1890,0,3086,1699,142,-0.0663176265270507,-0.033246073298429,0,0.0741844254405592
77876,779164746,34.4176359,3939,1903,0,3082,1705,142,-0.079650959860384,-0.013246073298429,0,0.0807448689670611
77877,779174746,34.4185431,3935,1895,0,3083,1703,142,-0.0763176265270507,-0.0199127399650956,0,0.0788726653007232
77878,779184747,34.4194406,3935,1895,0,3087,1702,142,-0.0629842931937173,-0.023246073298429,0,0.0671371812999926
77879,779194746,34.420318,3937,1902,0,3088,1693,142,-0.059650959860384,-0.053246073298429,0,0.0799586226367539
77880,779204747,34.4215867,3947,1899,0,3085,1705,142,-0.069650959860384,-0.013246073298429,0,0.0708993276928645
77881,779214746,34.4226758,3935,1895,0,3086,1705,142,-0.0663176265270507,-0.013246073298429,0,0.067627553896387
77882,779224747,34.4295138,3952,1901,0,3088,1698,142,-0.059650959860384,-0.0365794066317623,0,0.069973494994869
77883,779234747,34.4307128,3941,1898,0,3089,1701,142,-0.0563176265270507,-0.0265794066317623,0,0.0622747132834583
77884,779244746,34.5778374,3950,1894,0,3085,1700,142,-0.069650959860384,-0.0299127399650956,0,0.0758025607858485
77885,779254747,34.5786932,3948,1898,0,3088,1705,142,-0.059650959860384,-0.013246073298429,0,0.0611039726212011
77886,779264747,34.5793436,3927,1901,0,3079,1696,142,-0.089650959860384,-0.043246073298429,0,0.0995365131980284
77887,779274746,34.579895,3931,1899,0,3081,1701,142,-0.0829842931937173,-0.0265794066317623,0,0.0871370057653889
77888,779284746,34.5804551,3933,1897,0,3079,1705,142,-0.089650959860384,-0.013246073298429,0,0.0906242410269765
77889,779294746,34.5812443,3927,1888,0,3079,1698,142,-0.089650959860384,-0.0365794066317623,0,0.0968263786032505
77890,779304747,34.5818405,3920,1894,0,3081,1701,142,-0.0829842931937173,-0.0265794066317623,0,0.0871370057653889
77891,779314747,34.5823469,3920,1894,0,3078,1695,142,-0.0929842931937173,-0.0465794066317623,0,0.103998653370619
77892,779324747,34.5828852,3920,1893,0,3077,1701,142,-0.0963176265270507,-0.0265794066317623,0,0.0999177163304936
77893,779334746,34.5834426,3923,1891,0,3078,1692,142,-0.0929842931937173,-0.0565794066317623,0,0.108845339980807
77894,779344747,34.5840448,3911,1899,0,3076,1694,142,-0.099650959860384,-0.0499127399650956,0,0.111452211337053
77895,779354746,34.5846598,3901,1897,0,3070,1699,142,-0.119650959860384,-0.033246073298429,0,0.124183950594575
77896,779364746,34.5852302,3895,1897,0,3068,1695,142,-0.126317626527051,-0.0465794066317623,0,0.134632031454608
77897,779374747,34.5857926,3876,1894,0,3059,1696,142,-0.156317626527051,-0.043246073298429,0,0.162189467040198
77898,779384747,34.5865062,3842,1897,0,3046,1695,142,-0.199650959860384,-0.0465794066317623,0,0.20501255301893
77899,779394746,34.5971499,3883,1889,0,3064,1695,142,-0.139650959860384,-0.0465794066317623,0,0.147214237463955
77900,779404747,34.5977721,3887,1888,0,3062,1697,142,-0.146317626527051,-0.0399127399650956,0,0.151663689273441
77901,779414746,34.6138986,3873,1898,0,3059,1701,142,-0.156317626527051,-0.0265794066317623,0,0.158561234921866
77902,779424747,34.6294376,3891,1895,0,3062,1698,142,-0.146317626527051,-0.0365794066317623,0,0.150820757265177
77903,779434747,34.6308756,3869,1886,0,3049,1691,142,-0.189650959860384,-0.0599127399650956,0,0.198889474296882
77904,779444747,34.6478199,3873,1888,0,3059,1697,142,-0.156317626527051,-0.0399127399650956,0,0.161332659974885
77905,779454746,34.6489829,3870,1894,0,3051,1697,142,-0.182984293193717,-0.0399127399650956,0,0.187286620897291
77906,779464747,34.6604553,3897,1897,0,3065,1700,142,-0.136317626527051,-0.0299127399650956,0,0.139560980629214
77907,779474747,34.8200503,3923,1891,0,3076,1693,142,-0.099650959860384,-0.053246073298429,0,0.112984326890049
77908,779484747,34.8209011,3934,1899,0,3084,1698,142,-0.0729842931937174,-0.0365794066317623,0,0.0816379816171267
77909,779494747,34.8217186,3933,1903,0,3085,1700,142,-0.069650959860384,-0.0299127399650956,0,0.0758025607858485
77910,779504747,34.8230018,3934,1895,0,3086,1696,142,-0.0663176265270507,-0.043246073298429,0,0.0791722833061828
77911,779514747,34.8239765,3952,1893,0,3087,1700,142,-0.0629842931937173,-0.0299127399650956,0,0.0697265602287362
77912,779524747,34.8247469,3946,1903,0,3090,1697,142,-0.0529842931937173,-0.0399127399650956,0,0.0663352254594732
77913,779534746,34.8254923,3942,1904,0,3083,1704,142,-0.0763176265270507,-0.0165794066317623,0,0.0780977390388718
77914,779544747,34.826099,3952,1904,0,3086,1703,142,-0.0663176265270507,-0.0199127399650956,0,0.0692426516036098
77915,779554746,34.8266623,3945,1904,0,3090,1704,142,-0.0529842931937173,-0.0165794066317623,0,0.0555176733076876
77916,779564747,34.8272283,3939,1898,0,3084,1702,142,-0.0729842931937174,-0.023246073298429,0,0.0765969123188554
77917,779574747,34.8278354,3949,1901,0,3092,1704,142,-0.0463176265270507,-0.0165794066317623,0,0.0491955206432524
77918,779584747,34.8284489,3946,1904,0,3093,1705,142,-0.0429842931937173,-0.013246073298429,0,0.044978971966807
77919,779594747,34.8290695,3953,1902,0,3086,1703,142,-0.0663176265270507,-0.0199127399650956,0,0.0692426516036098
77920,779604747,34.8296478,3942,1895,0,3090,1705,142,-0.0529842931937173,-0.013246073298429,0,0.0546149593340978
77921,779614746,34.8306138,3950,1895,0,3088,1698,142,-0.059650959860384,-0.0365794066317623,0,0.069973494994869
77922,779624746,34.8310451,3948,1902,0,3086,1698,142,-0.0663176265270507,-0.0365794066317623,0,0.0757369168748847
77923,779634746,34.8316938,3933,1899,0,3085,1704,142,-0.069650959860384,-0.0165794066317623,0,0.0715970176315616
77924,779644747,34.8468267,3947,1893,0,3087,1701,142,-0.0629842931937173,-0.0265794066317623,0,0.0683628996313696
77925,779654746,34.8476779,3941,1898,0,3087,1705,142,-0.0629842931937173,-0.013246073298429,0,0.0643620979066057
77926,779664747,34.8630181,3943,1900,0,3088,1695,142,-0.059650959860384,-0.0465794066317623,0,0.0756827466099917
77927,779674746,34.9843148,3946,1901,0,3086,1705,142,-0.0663176265270507,-0.013246073298429,0,0.067627553896387
77928,779684746,34.9852501,3933,1901,0,3089,1699,142,-0.0563176265270507,-0.033246073298429,0,0.0653985966776419
77929,779694747,34.9862654,3944,1895,0,3085,1703,142,-0.069650959860384,-0.0199127399650956,0,0.0724415172562692
77930,779704746,34.9870123,3933,1902,0,3078,1696,142,-0.0929842931937173,-0.043246073298429,0,0.102549020650947
77931,779714747,34.9877059,3923,1895,0,3078,1699,142,-0.0929842931937173,-0.033246073298429,0,0.0987490768083414
77932,779724746,34.9885372,3929,1899,0,3077,1696,142,-0.0963176265270507,-0.043246073298429,0,0.10558081281908
77933,779734746,34.9892451,3921,1899,0,3073,1695,142,-0.109650959860384,-0.0465794066317623,0,0.119134269295071
77934,779744747,34.99032,3917,1902,0,3075,1703,142,-0.102984293193717,-0.0199127399650956,0,0.104891762581849
77935,779754747,34.9910918,3917,1899,0,3081,1697,142,-0.0829842931937173,-0.0399127399650956,0,0.0920837647383196
77936,779764746,34.9916905,3919,1894,0,3076,1698,142,-0.099650959860384,-0.0365794066317623,0,0.10615256374967
77937,779774746,34.9924348,3921,1902,0,3075,1696,142,-0.102984293193717,-0.043246073298429,0,0.111695960089623
77938,779784747,34.9933922,3914,1895,0,3076,1697,142,-0.099650959860384,-0.0399127399650956,0,0.107346823952165
77939,779794747,34.994023,3916,1897,0,3079,1698,142,-0.089650959860384,-0.0365794066317623,0,0.0968263786032505
77940,779804747,35.0031813,3920,1897,0,3080,1697,142,-0.0863176265270507,-0.0399127399650956,0,0.0950986827499979
77941,779814746,35.0180012,3919,1895,0,3076,1694,142,-0.099650959860384,-0.0499127399650956,0,0.111452211337053
77942,779824746,35.018712,3925,1901,0,3074,1701,142,-0.106317626527051,-0.0265794066317623,0,0.109589701009
77943,779834747,35.0350127,3923,1897,0,3078,1696,142,-0.0929842931937173,-0.043246073298429,0,0.102549020650947
77945,779854747,35.050382,3920,1891,0,3076,1701,142,-0.099650959860384,-0.0265794066317623,0,0.103134759698137
77946,779864746,35.0660972,3920,1897,0,3076,1698,142,-0.099650959860384,-0.0365794066317623,0,0.10615256374967
77947,779874747,35.1698728,3915,1895,0,3079,1696,142,-0.089650959860384,-0.043246073298429,0,0.0995365131980284
77948,779884746,35.1708332,3914,1895,0,3077,1699,142,-0.0963176265270507,-0.033246073298429,0,0.101893996729782
77949,779894747,35.1716326,3921,1901,0,3078,1705,142,-0.0929842931937173,-0.013246073298429,0,0.0939230389125189
77950,779904747,35.1722026,3920,1899,0,3073,1698,142,-0.109650959860384,-0.0365794066317623,0,0.115591461569769
77951,779914747,35.1727459,3920,1901,0,3075,1698,142,-0.102984293193717,-0.0365794066317623,0,0.109287774403825
77952,779924746,35.1731953,3923,1902,0,3077,1697,142,-0.0963176265270507,-0.0399127399650956,0,0.104259829231232
77953,779934747,35.1735962,3923,1893,0,3077,1700,142,-0.0963176265270507,-0.0299127399650956,0,0.100855625485264
77954,779944746,35.1739788,3920,1895,0,3078,1704,142,-0.0929842931937173,-0.0165794066317623,0,0.0944508099753333
77955,779954747,35.1746732,3920,1899,0,3073,1696,142,-0.109650959860384,-0.043246073298429,0,0.117870928790931
77956,779964746,35.1755191,3920,1895,0,3075,1696,142,-0.102984293193717,-0.043246073298429,0,0.111695960089623
77957,779974747,35.1764183,3922,1895,0,3076,1698,142,-0.099650959860384,-0.0365794066317623,0,0.10615256374967
77958,779984747,35.1768858,3913,1899,0,3078,1697,142,-0.0929842931937173,-0.0399127399650956,0,0.101188465707592
77959,779994747,35.1934327,3917,1899,0,3076,1696,142,-0.099650959860384,-0.043246073298429,0,0.108630275047194
77960,780004746,35.2074437,3926,1897,0,3076,1699,142,-0.099650959860384,-0.033246073298429,0,0.105050536366362
77961,780014747,35.2086109,3925,1893,0,3076,1692,142,-0.099650959860384,-0.0565794066317623,0,0.114592945052905
77962,780024747,35.2224208,3915,1893,0,3072,1694,142,-0.112984293193717,-0.0499127399650956,0,0.123518144899068
77963,780034746,35.2371586,3920,1890,0,3076,1697,142,-0.099650959860384,-0.0399127399650956,0,0.107346823952165
77964,780044747,35.2378648,3918,1890,0,3075,1699,142,-0.102984293193717,-0.033246073298429,0,0.108217678936364
77965,780054747,35.253177,3913,1899,0,3071,1698,142,-0.116317626527051,-0.0365794066317623,0,0.121933765751814
77966,780064746,35.26856,3911,1898,0,3072,1700,142,-0.112984293193717,-0.0299127399650956,0,0.11687695461768
77967,780074747,35.2690852,3921,1894,0,3074,1701,142,-0.106317626527051,-0.0265794066317623,0,0.109589701009
77968,780084746,35.3716748,3911,1889,0,3072,1699,142,-0.112984293193717,-0.033246073298429,0,0.117774156325776
77969,780094746,35.3726398,3921,1898,0,3074,1697,142,-0.106317626527051,-0.0399127399650956,0,0.113562601774822
77970,780104747,35.3733835,3905,1893,0,3070,1701,142,-0.119650959860384,-0.0265794066317623,0,0.122567601968904
77971,780114747,35.3744066,3905,1894,0,3076,1693,142,-0.099650959860384,-0.053246073298429,0,0.112984326890049
77972,780124747,35.3748587,3918,1894,0,3076,1695,142,-0.099650959860384,-0.0465794066317623,0,0.10999979510555
77973,780134746,35.3753151,3913,1901,0,3070,1703,142,-0.119650959860384,-0.0199127399650956,0,0.12129661746491
77974,780144747,35.3758355,3903,1895,0,3075,1695,142,-0.102984293193717,-0.0465794066317623,0,0.113028340546858
77975,780154746,35.3765696,3914,1887,0,3073,1697,142,-0.109650959860384,-0.0399127399650956,0,0.116689158921576
77976,780164746,35.3775894,3919,1899,0,3075,1703,142,-0.102984293193717,-0.0199127399650956,0,0.104891762581849
77977,780174747,35.3786445,3909,1898,0,3068,1694,142,-0.126317626527051,-0.0499127399650956,0,0.135821295761198
77978,780184747,35.379234,3891,1899,0,3063,1699,142,-0.142984293193717,-0.033246073298429,0,0.146798533677525
77979,780194746,35.4094772,3888,1893,0,3063,1700,142,-0.142984293193717,-0.0299127399650956,0,0.146079704655802
77980,780204746,35.4102463,3897,1891,0,3062,1696,142,-0.146317626527051,-0.043246073298429,0,0.152574803582514
77981,780214746,35.4111349,3873,1895,0,3059,1697,142,-0.156317626527051,-0.0399127399650956,0,0.161332659974885
77982,780224747,35.4264075,3876,1887,0,3056,1696,142,-0.166317626527051,-0.043246073298429,0,0.171848118259481
77983,780234747,35.4277208,3879,1890,0,3061,1694,142,-0.149650959860384,-0.0499127399650956,0,0.157755162825048
77985,780254747,35.459054,3871,1893,0,3059,1695,142,-0.156317626527051,-0.0465794066317623,0,0.16310990615293
77986,780264746,35.4610218,3883,1888,0,3055,1699,142,-0.169650959860384,-0.033246073298429,0,0.172877845808288
77987,780274746,35.4741751,3871,1890,0,3061,1699,142,-0.149650959860384,-0.033246073298429,0,0.15329941675329
77988,780284747,35.5877405,3859,1894,0,3055,1702,142,-0.169650959860384,-0.023246073298429,0,0.171236176391981
77989,780294747,35.5894198,3876,1894,0,3056,1690,142,-0.166317626527051,-0.063246073298429,0,0.177937120020702
77990,780304747,35.5905317,3857,1889,0,3050,1692,142,-0.186317626527051,-0.0565794066317623,0,0.194718995502431
77991,780314747,35.5912048,3861,1888,0,3049,1688,142,-0.189650959860384,-0.0699127399650956,0,0.202126885360142
77993,780334747,35.5917068,3843,1896,0,3051,1696,142,-0.182984293193717,-0.043246073298429,0,0.188025196214064
77995,780354746,35.592113,3875,1885,0,3056,1696,142,-0.166317626527051,-0.043246073298429,0,0.171848118259481
77996,780364746,35.5925316,3880,1893,0,3053,1695,142,-0.176317626527051,-0.0465794066317623,0,0.182366517064673
77997,780374746,35.592926,3863,1890,0,3055,1695,142,-0.169650959860384,-0.0465794066317623,0,0.175929216742748
77998,780384746,35.5933104,3869,1886,0,3056,1695,142,-0.166317626527051,-0.0465794066317623,0,0.172717092425036
77999,780394746,35.596935,3867,1896,0,3053,1690,142,-0.176317626527051,-0.063246073298429,0,0.187317834740323
78000,780404748,35.5977311,3867,1890,0,3054,1693,142,-0.172984293193717,-0.053246073298429,0,0.180993673959704
78001,780414751,35.6125171,3869,1887,0,3053,1696,142,-0.176317626527051,-0.043246073298429,0,0.181543736548154
78002,780424746,35.6290954,3879,1891,0,3062,1691,142,-0.146317626527051,-0.0599127399650956,0,0.158108773452439
78003,780434746,35.6297687,3884,1891,0,3058,1695,142,-0.159650959860384,-0.0465794066317623,0,0.166307155908906
78004,780444747,35.6442908,3877,1894,0,3057,1694,142,-0.162984293193717,-0.0499127399650956,0,0.170455746276501
78005,780454747,35.6595755,3890,1895,0,3058,1698,142,-0.159650959860384,-0.0365794066317623,0,0.163787917667555
78006,780464747,35.6602824,3877,1890,0,3062,1701,142,-0.146317626527051,-0.0265794066317623,0,0.14871218070288
78007,780474747,35.7843207,3877,1890,0,3059,1695,142,-0.156317626527051,-0.0465794066317623,0,0.16310990615293
78008,780484746,35.7854727,3883,1895,0,3060,1695,142,-0.152984293193717,-0.0465794066317623,0,0.159918213741113
78009,780494747,35.7864039,3874,1889,0,3060,1692,142,-0.152984293193717,-0.0565794066317623,0,0.163111689399575
78010,780504747,35.7871766,3877,1898,0,3053,1699,142,-0.176317626527051,-0.033246073298429,0,0.179424654977785
78011,780514747,35.7876955,3873,1887,0,3052,1691,142,-0.179650959860384,-0.0599127399650956,0,0.189377939023748
78012,780524746,35.7881229,3861,1895,0,3056,1694,142,-0.166317626527051,-0.0499127399650956,0,0.173645715479579
78013,780534746,35.7885081,3878,1889,0,3059,1700,142,-0.156317626527051,-0.0299127399650956,0,0.159153926672482
78014,780544746,35.7889147,3872,1890,0,3057,1694,142,-0.162984293193717,-0.0499127399650956,0,0.170455746276501
78015,780554746,35.7893049,3883,1898,0,3060,1691,142,-0.152984293193717,-0.0599127399650956,0,0.164297688279861
78016,780564746,35.7897141,3883,1893,0,3063,1697,142,-0.142984293193717,-0.0399127399650956,0,0.14845044597989
78017,780574747,35.7901468,3881,1891,0,3058,1693,142,-0.159650959860384,-0.053246073298429,0,0.168296088207788
78018,780584747,35.7909963,3879,1888,0,3061,1696,142,-0.149650959860384,-0.043246073298429,0,0.155774300328608
78019,780594746,35.8009937,3872,1888,0,3058,1694,142,-0.159650959860384,-0.0499127399650956,0,0.16727136812726
78020,780604746,35.8019725,3882,1897,0,3060,1690,142,-0.152984293193717,-0.063246073298429,0,0.165542320122836
78021,780614747,35.8183221,3885,1890,0,3054,1695,142,-0.172984293193717,-0.0465794066317623,0,0.179145769734864
78022,780624747,35.8193347,3882,1888,0,3060,1690,142,-0.152984293193717,-0.063246073298429,0,0.165542320122836
78023,780634745,35.8343312,3874,1899,0,3061,1700,142,-0.149650959860384,-0.0299127399650956,0,0.152611211250529
78024,780644747,35.8488757,3878,1893,0,3061,1698,142,-0.149650959860384,-0.0365794066317623,0,0.154056686893708
78025,780654747,35.849737,3882,1891,0,3061,1691,142,-0.149650959860384,-0.0599127399650956,0,0.161198468346506
78026,780664747,35.8667517,3882,1900,0,3067,1693,142,-0.129650959860384,-0.053246073298429,0,0.140158894524823
78027,780674747,35.8674481,3871,1893,0,3060,1696,142,-0.152984293193717,-0.043246073298429,0,0.158979296827336
78028,780684746,35.9829655,3883,1888,0,3066,1695,142,-0.132984293193717,-0.0465794066317623,0,0.140905867011987
78029,780694747,35.9838258,3883,1890,0,3056,1693,142,-0.166317626527051,-0.053246073298429,0,0.174633035864619
78030,780704746,35.9848371,3874,1898,0,3057,1698,142,-0.162984293193717,-0.0365794066317623,0,0.167038716522211
78031,780714747,35.9857407,3885,1890,0,3058,1691,142,-0.159650959860384,-0.0599127399650956,0,0.170522624289175
78032,780724747,35.9864419,3882,1891,0,3062,1694,142,-0.146317626527051,-0.0499127399650956,0,0.154596666986493
78033,780734746,35.9869844,3887,1895,0,3062,1692,142,-0.146317626527051,-0.0565794066317623,0,0.156875992705423
78034,780744747,35.9874269,3878,1893,0,3056,1703,142,-0.166317626527051,-0.0199127399650956,0,0.167505433065644
78035,780754746,35.9878991,3872,1892,0,3060,1699,142,-0.152984293193717,-0.033246073298429,0,0.156555087281588
78036,780764746,35.9883946,3881,1891,0,3056,1691,142,-0.166317626527051,-0.0599127399650956,0,0.176779776285967
78038,780784746,35.9903876,3889,1890,0,3058,1690,142,-0.159650959860384,-0.063246073298429,0,0.171722144093335
78040,780804747,36.007105,3879,1898,0,3060,1698,142,-0.152984293193717,-0.0365794066317623,0,0.157296684496251
78041,780814747,36.0077983,3875,1889,0,3062,1701,142,-0.146317626527051,-0.0265794066317623,0,0.14871218070288
78042,780824747,36.0229678,3870,1890,0,3056,1697,142,-0.166317626527051,-0.0399127399650956,0,0.171039702131151
78043,780834747,36.0386891,3879,1887,0,3058,1691,142,-0.159650959860384,-0.0599127399650956,0,0.170522624289175
78044,780844747,36.0392777,3888,1895,0,3061,1701,142,-0.149650959860384,-0.0265794066317623,0,0.151993008536679
78045,780854746,36.0546016,3872,1894,0,3056,1693,142,-0.166317626527051,-0.053246073298429,0,0.174633035864619
78046,780864746,36.0695043,3875,1890,0,3058,1692,142,-0.159650959860384,-0.0565794066317623,0,0.169380217968759
78047,780874746,36.0704088,3866,1894,0,3056,1697,142,-0.166317626527051,-0.0399127399650956,0,0.171039702131151
78048,780884746,36.0847702,3864,1895,0,3056,1693,142,-0.166317626527051,-0.053246073298429,0,0.174633035864619
78049,780894746,36.0999848,3877,1888,0,3056,1695,142,-0.166317626527051,-0.0465794066317623,0,0.172717092425036
78050,780904747,36.1007968,3872,1891,0,3054,1693,142,-0.172984293193717,-0.053246073298429,0,0.180993673959704
78051,780914747,36.2042959,3864,1892,0,3060,1693,142,-0.152984293193717,-0.053246073298429,0,0.161985611353857
78053,780934747,36.2055589,3881,1894,0,3053,1695,142,-0.176317626527051,-0.0465794066317623,0,0.182366517064673
78054,780944746,36.2064134,3863,1887,0,3055,1688,142,-0.169650959860384,-0.0699127399650956,0,0.183491796522288
78055,780954747,36.2068909,3871,1902,0,3062,1696,142,-0.146317626527051,-0.043246073298429,0,0.152574803582514
78056,780964746,36.2074573,3885,1888,0,3062,1695,142,-0.146317626527051,-0.0465794066317623,0,0.153552886507146
78057,780974746,36.2080834,3868,1893,0,3059,1693,142,-0.156317626527051,-0.053246073298429,0,0.165137350968072
78059,780994747,36.2090402,3856,1884,0,3057,1699,142,-0.162984293193717,-0.033246073298429,0,0.1663405579455
78060,781004746,36.2098946,3880,1891,0,3052,1690,142,-0.179650959860384,-0.063246073298429,0,0.190458744000971
78061,781014747,36.21052,3850,1890,0,3048,1691,142,-0.192984293193717,-0.0599127399650956,0,0.202070467484994
78062,781024746,36.2256285,3850,1889,0,3043,1691,142,-0.209650959860384,-0.0599127399650956,0,0.218043714379721
78063,781034746,36.2265416,3851,1887,0,3047,1698,142,-0.196317626527051,-0.0365794066317623,0,0.199696428297419
78064,781044746,36.240861,3856,1895,0,3049,1695,142,-0.189650959860384,-0.0465794066317623,0,0.195287295280907
78065,781054746,36.2559249,3855,1893,0,3048,1692,142,-0.192984293193717,-0.0565794066317623,0,0.201107351119448
78066,781064747,36.2565873,3859,1893,0,3048,1692,142,-0.192984293193717,-0.0565794066317623,0,0.201107351119448
78067,781074747,36.2714753,3849,1895,0,3055,1695,142,-0.169650959860384,-0.0465794066317623,0,0.175929216742748
78068,781084746,36.2868544,3869,1889,0,3050,1690,142,-0.186317626527051,-0.063246073298429,0,0.196759558198182
78069,781094746,36.2873771,3859,1887,0,3049,1695,142,-0.189650959860384,-0.0465794066317623,0,0.195287295280907
78070,781104747,36.3022425,3852,1889,0,3051,1696,142,-0.182984293193717,-0.043246073298429,0,0.188025196214064
78071,781114747,36.4062512,3852,1889,0,3053,1695,142,-0.176317626527051,-0.0465794066317623,0,0.182366517064673
78072,781124747,36.4073699,3861,1890,0,3049,1691,142,-0.189650959860384,-0.0599127399650956,0,0.198889474296882
78073,781134747,36.4083359,3860,1892,0,3053,1690,142,-0.176317626527051,-0.063246073298429,0,0.187317834740323
78074,781144746,36.4089461,3853,1885,0,3049,1690,142,-0.189650959860384,-0.063246073298429,0,0.199918864451645
78075,781154746,36.4094929,3863,1890,0,3049,1694,142,-0.189650959860384,-0.0499127399650956,0,0.196109072168496
78076,781164746,36.4100274,3857,1887,0,3043,1695,142,-0.209650959860384,-0.0465794066317623,0,0.214763046384957
78077,781174747,36.4108782,3855,1886,0,3048,1691,142,-0.192984293193717,-0.0599127399650956,0,0.202070467484994
78078,781184747,36.4115102,3862,1888,0,3044,1688,142,-0.206317626527051,-0.0699127399650956,0,0.217841121520209
78079,781194746,36.4121884,3851,1888,0,3051,1690,142,-0.182984293193717,-0.063246073298429,0,0.19360608808422
78080,781204746,36.4130736,3856,1889,0,3051,1691,142,-0.182984293193717,-0.0599127399650956,0,0.192542950963491
78081,781214746,36.4136573,3856,1894,0,3049,1693,142,-0.189650959860384,-0.053246073298429,0,0.196983834102361
78082,781224746,36.4274654,3850,1888,0,3049,1694,142,-0.189650959860384,-0.0499127399650956,0,0.196109072168496
78083,781234746,36.4279427,3858,1890,0,3049,1690,142,-0.189650959860384,-0.063246073298429,0,0.199918864451645
78084,781244747,36.4457612,3859,1891,0,3052,1695,142,-0.179650959860384,-0.0465794066317623,0,0.1855912403669
78085,781254747,36.4591891,3858,1887,0,3049,1693,142,-0.189650959860384,-0.053246073298429,0,0.196983834102361
78086,781264746,36.4598975,3863,1890,0,3049,1693,142,-0.189650959860384,-0.053246073298429,0,0.196983834102361
78087,781274747,36.4747545,3856,1890,0,3051,1694,142,-0.182984293193717,-0.0499127399650956,0,0.189669536738053
78088,781284746,36.4753118,3858,1890,0,3053,1690,142,-0.176317626527051,-0.063246073298429,0,0.187317834740323
78089,781294747,36.4914247,3862,1883,0,3049,1687,142,-0.189650959860384,-0.073246073298429,0,0.203303895264217
78090,781304746,36.4956647,3854,1889,0,3049,1690,142,-0.189650959860384,-0.063246073298429,0,0.199918864451645
78091,781314746,36.6083157,3855,1888,0,3055,1688,142,-0.169650959860384,-0.0699127399650956,0,0.183491796522288
78092,781324747,36.6090593,3844,1886,0,3045,1695,142,-0.202984293193717,-0.0465794066317623,0,0.208260088364334
78093,781334746,36.6097327,3859,1889,0,3046,1696,142,-0.199650959860384,-0.043246073298429,0,0.204281004082381
78094,781344747,36.6104633,3853,1889,0,3045,1697,142,-0.202984293193717,-0.0399127399650956,0,0.206871095358618
78095,781354747,36.6110252,3846,1888,0,3043,1700,142,-0.209650959860384,-0.0299127399650956,0,0.211774165049941
78096,781364746,36.611462,3847,1888,0,3044,1695,142,-0.206317626527051,-0.0465794066317623,0,0.211510293219793
78097,781374746,36.6118773,3837,1883,0,3041,1695,142,-0.216317626527051,-0.0465794066317623,0,0.221275748035034
78098,781384746,36.6122667,3845,1890,0,3042,1695,142,-0.212984293193717,-0.0465794066317623,0,0.218018233800282
78099,781394747,36.6126709,3849,1887,0,3046,1696,142,-0.199650959860384,-0.043246073298429,0,0.204281004082381
78100,781404747,36.6130727,3860,1898,0,3048,1688,142,-0.192984293193717,-0.0699127399650956,0,0.205257712714786
78101,781414746,36.6170631,3867,1897,0,3049,1690,142,-0.189650959860384,-0.063246073298429,0,0.199918864451645
78102,781424746,36.6178233,3861,1898,0,3049,1698,142,-0.189650959860384,-0.0365794066317623,0,0.193146420017294
78103,781434747,36.6340875,3857,1889,0,3049,1697,142,-0.189650959860384,-0.0399127399650956,0,0.193805349223096
78104,781444746,36.6472566,3853,1885,0,3049,1697,142,-0.189650959860384,-0.0399127399650956,0,0.193805349223096
78105,781454746,36.6480726,3856,1888,0,3047,1693,142,-0.196317626527051,-0.053246073298429,0,0.203410311456711
78106,781464747,36.6634312,3850,1891,0,3041,1692,142,-0.216317626527051,-0.0565794066317623,0,0.223594599221669
78107,781474746,36.6782005,3856,1891,0,3049,1693,142,-0.189650959860384,-0.053246073298429,0,0.196983834102361
78108,781484747,36.6788381,3844,1890,0,3043,1692,142,-0.209650959860384,-0.0565794066317623,0,0.217151454577635
78109,781494746,36.6946115,3853,1889,0,3044,1695,142,-0.206317626527051,-0.0465794066317623,0,0.211510293219793
78110,781504747,36.7092501,3841,1887,0,3048,1691,142,-0.192984293193717,-0.0599127399650956,0,0.202070467484994
78111,781514746,36.7098412,3846,1888,0,3043,1688,142,-0.209650959860384,-0.0699127399650956,0,0.221000715337773
78112,781524747,36.8439266,3833,1883,0,3040,1687,142,-0.219650959860384,-0.073246073298429,0,0.231541640793242
78113,781534746,36.8453459,3831,1882,0,3039,1692,142,-0.222984293193717,-0.0565794066317623,0,0.230050481994505
78114,781544746,36.8463106,3829,1881,0,3037,1696,142,-0.229650959860384,-0.043246073298429,0,0.233687368551509
78115,781554747,36.8468672,3824,1891,0,3035,1692,142,-0.236317626527051,-0.0565794066317623,0,0.242996398866693
78116,781564747,36.8474716,3834,1887,0,3037,1694,142,-0.229650959860384,-0.0499127399650956,0,0.235012435789298
78117,781574746,36.8480607,3824,1888,0,3033,1690,142,-0.242984293193717,-0.063246073298429,0,0.251080529963039
78118,781584747,36.8485577,3821,1886,0,3032,1687,142,-0.246317626527051,-0.073246073298429,0,0.256977353849631
78119,781594747,36.8490134,3821,1883,0,3034,1685,142,-0.239650959860384,-0.0799127399650956,0,0.252623491723815
78120,781604746,36.8505541,3811,1885,0,3031,1685,142,-0.249650959860384,-0.0799127399650956,0,0.262129067003146
78121,781614747,36.8519504,3806,1879,0,3028,1692,142,-0.259650959860384,-0.0565794066317623,0,0.265743956114191
78122,781624747,36.8532314,3803,1880,0,3020,1687,142,-0.286317626527051,-0.073246073298429,0,0.295538103319559
78123,781634747,36.8542568,3792,1878,0,3019,1690,142,-0.289650959860384,-0.063246073298429,0,0.29647553749966
78124,781644746,36.8552998,3792,1879,0,3017,1686,142,-0.296317626527051,-0.0765794066317623,0,0.306053167457384
78125,781654747,36.8558708,3782,1882,0,3010,1680,142,-0.319650959860384,-0.0965794066317623,0,0.333922622661311
78126,781664747,36.8671657,3765,1877,0,3007,1684,142,-0.329650959860384,-0.083246073298429,0,0.339999505965053
78127,781674747,36.8687178,3763,1884,0,3009,1683,142,-0.322984293193717,-0.0865794066317623,0,0.334387271442191
78128,781684746,36.8824054,3697,1875,0,2970,1682,142,-0.452984293193717,-0.0899127399650956,0,0.461821470579533
78129,781694747,36.8981858,3894,1887,0,3066,1702,142,-0.132984293193717,-0.023246073298429,0,0.13500074873877
78130,781704747,36.8989478,3910,1895,0,3068,1695,142,-0.126317626527051,-0.0465794066317623,0,0.134632031454608
78131,781714747,36.9136909,3895,1902,0,3063,1697,142,-0.142984293193717,-0.0399127399650956,0,0.14845044597989
78132,781724747,37.0185029,3885,1893,0,3066,1697,142,-0.132984293193717,-0.0399127399650956,0,0.138844693984876
78133,781734747,37.0194727,3894,1889,0,3066,1699,142,-0.132984293193717,-0.033246073298429,0,0.137077071846451
78134,781744747,37.020295,3899,1898,0,3065,1701,142,-0.136317626527051,-0.0265794066317623,0,0.138884700953219
78135,781754747,37.0211079,3881,1891,0,3062,1692,142,-0.146317626527051,-0.0565794066317623,0,0.156875992705423
78137,781774747,37.0221932,3845,1889,0,3045,1698,142,-0.202984293193717,-0.0365794066317623,0,0.206253912139588
78138,781784746,37.0233125,3850,1888,0,3040,1691,142,-0.219650959860384,-0.0599127399650956,0,0.227675384215583
78139,781794746,37.0244641,3850,1885,0,3046,1695,142,-0.199650959860384,-0.0465794066317623,0,0.20501255301893
78140,781804747,37.0257858,3849,1888,0,3047,1696,142,-0.196317626527051,-0.043246073298429,0,0.2010244595589
78141,781814746,37.0269263,3842,1887,0,3047,1693,142,-0.196317626527051,-0.053246073298429,0,0.203410311456711
78142,781824746,37.0283065,3854,1894,0,3046,1688,142,-0.199650959860384,-0.0699127399650956,0,0.211537932727442
78143,781834747,37.0405512,3861,1888,0,3049,1694,142,-0.189650959860384,-0.0499127399650956,0,0.196109072168496
78144,781844746,37.0413732,3867,1883,0,3055,1695,142,-0.169650959860384,-0.0465794066317623,0,0.175929216742748
78145,781854747,37.0556286,3867,1888,0,3056,1696,142,-0.166317626527051,-0.043246073298429,0,0.171848118259481
78146,781864746,37.0563632,3880,1896,0,3060,1696,142,-0.152984293193717,-0.043246073298429,0,0.158979296827336
78147,781874746,37.0724602,3875,1896,0,3053,1697,142,-0.176317626527051,-0.0399127399650956,0,0.180778683023342
78148,781884747,37.1022827,3875,1889,0,3057,1698,142,-0.162984293193717,-0.0365794066317623,0,0.167038716522211
78149,781894746,37.1028712,3890,1887,0,3058,1699,142,-0.159650959860384,-0.033246073298429,0,0.163075842398886
78150,781904747,37.1034434,3878,1894,0,3061,1700,142,-0.149650959860384,-0.0299127399650956,0,0.152611211250529
78151,781914747,37.1186582,3898,1891,0,3062,1695,142,-0.146317626527051,-0.0465794066317623,0,0.153552886507146
78152,781924746,37.1194136,3880,1890,0,3055,1699,142,-0.169650959860384,-0.033246073298429,0,0.172877845808288
78153,781934747,37.2257016,3862,1890,0,3053,1700,142,-0.176317626527051,-0.0299127399650956,0,0.178837013608347
78154,781944746,37.2267688,3750,1878,0,3003,1679,142,-0.342984293193717,-0.0999127399650956,0,0.357240508600196
78155,781954747,37.2276556,3895,1890,0,3066,1698,142,-0.132984293193717,-0.0365794066317623,0,0.137923439725684
78156,781964746,37.2284223,3919,1898,0,3078,1699,142,-0.0929842931937173,-0.033246073298429,0,0.0987490768083414
78157,781974746,37.2290894,3920,1897,0,3075,1695,142,-0.102984293193717,-0.0465794066317623,0,0.113028340546858
78158,781984747,37.2295731,3916,1895,0,3077,1703,142,-0.0963176265270507,-0.0199127399650956,0,0.0983544731708829
78159,781994747,37.2299896,3930,1889,0,3089,1700,142,-0.0563176265270507,-0.0299127399650956,0,0.0637686997661062
78160,782004746,37.2306004,3929,1900,0,3079,1694,142,-0.089650959860384,-0.0499127399650956,0,0.102608850567149
78161,782014746,37.2312741,3955,1899,0,3090,1698,142,-0.0529842931937173,-0.0365794066317623,0,0.0643846900650272
78162,782024747,37.2321659,3936,1897,0,3087,1704,142,-0.0629842931937173,-0.0165794066317623,0,0.0651298542403825
78163,782034745,37.2327662,3946,1895,0,3088,1705,142,-0.059650959860384,-0.013246073298429,0,0.0611039726212011
78164,782044747,37.2440787,3947,1901,0,3084,1703,142,-0.0729842931937174,-0.0199127399650956,0,0.0756519944608469
78165,782054746,37.259646,3929,1903,0,3078,1702,142,-0.0929842931937173,-0.023246073298429,0,0.0958460155902744
78166,782064746,37.2609688,3915,1899,0,3074,1695,142,-0.106317626527051,-0.0465794066317623,0,0.116073592313293
78167,782074747,37.2768083,3887,1893,0,3062,1689,142,-0.146317626527051,-0.0665794066317623,0,0.160753429885483
78169,782094747,37.2910029,3913,1894,0,3078,1700,142,-0.0929842931937173,-0.0299127399650956,0,0.0976772787958111
78170,782104746,37.306673,3926,1901,0,3080,1704,142,-0.0863176265270507,-0.0165794066317623,0,0.0878954456927361
78171,782114746,37.3073831,3935,1892,0,3080,1697,142,-0.0863176265270507,-0.0399127399650956,0,0.0950986827499979
78172,782124747,37.3220602,3927,1894,0,3081,1701,142,-0.0829842931937173,-0.0265794066317623,0,0.0871370057653889
78173,782134746,37.4320611,3930,1904,0,3077,1698,142,-0.0963176265270507,-0.0365794066317623,0,0.103029792629784
78174,782144747,37.4330092,3923,1895,0,3083,1703,142,-0.0763176265270507,-0.0199127399650956,0,0.0788726653007232
78175,782154746,37.4336433,3927,1904,0,3085,1703,142,-0.069650959860384,-0.0199127399650956,0,0.0724415172562692
78176,782164746,37.4343667,3927,1901,0,3084,1703,142,-0.0729842931937174,-0.0199127399650956,0,0.0756519944608469
78177,782174746,37.4352122,3941,1904,0,3087,1697,142,-0.0629842931937173,-0.0399127399650956,0,0.0745657293978507
78179,782194746,37.4359564,3923,1894,0,3076,1693,142,-0.099650959860384,-0.053246073298429,0,0.112984326890049
78180,782204746,37.4367074,3907,1892,0,3073,1699,142,-0.109650959860384,-0.033246073298429,0,0.114580253045924
78181,782214747,37.4375117,3908,1894,0,3072,1697,142,-0.112984293193717,-0.0399127399650956,0,0.119826863932948
78182,782224746,37.43831,3894,1893,0,3064,1694,142,-0.139650959860384,-0.0499127399650956,0,0.148302637200927
78183,782234747,37.4390808,3888,1885,0,3069,1688,142,-0.122984293193717,-0.0699127399650956,0,0.141467054757584
78184,782244746,37.4480097,3901,1894,0,3070,1699,142,-0.119650959860384,-0.033246073298429,0,0.124183950594575
78185,782254746,37.4488207,3875,1890,0,3051,1696,142,-0.182984293193717,-0.043246073298429,0,0.188025196214064
78186,782264746,37.4627642,3760,1873,0,3005,1683,142,-0.336317626527051,-0.0865794066317623,0,0.347283082751661
78187,782274747,37.4788282,3753,1888,0,2998,1681,142,-0.359650959860384,-0.093246073298429,0,0.371542249433455
78188,782284746,37.4937814,3728,1871,0,2990,1688,142,-0.386317626527051,-0.0699127399650956,0,0.392592791292608
78189,782294746,37.508956,3434,1839,0,2848,1650,142,-0.859650959860384,-0.196579406631762,0,0.881840822314648
78190,782304752,37.5095772,3631,1867,0,2941,1679,142,-0.549650959860384,-0.0999127399650956,0,0.558657975225248
78191,782314746,37.5101269,3646,1866,0,2921,1679,142,-0.616317626527051,-0.0999127399650956,0,0.624363653951181
78192,782324747,37.5242035,3719,1872,0,2984,1679,142,-0.406317626527051,-0.0999127399650956,0,0.418421520997557
78193,782334747,37.6304062,3729,1879,0,2991,1686,142,-0.382984293193717,-0.0765794066317623,0,0.390565454633617
78194,782344747,37.6311924,3696,1872,0,2974,1679,142,-0.439650959860384,-0.0999127399650956,0,0.450860867800134
78195,782354747,37.6323958,3760,1874,0,3005,1683,142,-0.336317626527051,-0.0865794066317623,0,0.347283082751661
78196,782364747,37.6332706,3728,1876,0,2990,1679,142,-0.386317626527051,-0.0999127399650956,0,0.399028650816989
78197,782374746,37.633847,3730,1875,0,2997,1686,142,-0.362984293193717,-0.0765794066317623,0,0.370974396185795
78198,782384746,37.6344749,3735,1882,0,2996,1679,142,-0.366317626527051,-0.0999127399650956,0,0.3796987741773
78199,782394746,37.6351302,3711,1873,0,2977,1678,142,-0.429650959860384,-0.103246073298429,0,0.441881996646722
78200,782404746,37.6356677,3664,1868,0,2967,1679,142,-0.462984293193717,-0.0999127399650956,0,0.473642282056215
78201,782414746,37.6360856,3633,1866,0,2948,1677,142,-0.526317626527051,-0.106579406631762,0,0.537000385391898
78202,782424747,37.6365411,3643,1867,0,2947,1675,142,-0.529650959860384,-0.113246073298429,0,0.541622389122292
78203,782434747,37.6374978,3795,1873,0,3015,1683,142,-0.302984293193717,-0.0865794066317623,0,0.315111846135312
78204,782444747,37.6483464,3777,1879,0,3021,1688,142,-0.282984293193717,-0.0699127399650956,0,0.291492540905895
78205,782454746,37.6495668,3839,1887,0,3039,1693,142,-0.222984293193717,-0.053246073298429,0,0.229253439086098
78206,782464747,37.6651555,3853,1885,0,3049,1692,142,-0.189650959860384,-0.0565794066317623,0,0.19791087850537
78207,782474746,37.6795343,3883,1891,0,3059,1692,142,-0.156317626527051,-0.0565794066317623,0,0.166242081368866
78209,782494746,37.6963596,3903,1890,0,3074,1703,142,-0.106317626527051,-0.0199127399650956,0,0.108166329896428
78210,782504747,37.696857,3920,1895,0,3072,1698,142,-0.112984293193717,-0.0365794066317623,0,0.118758172342015
78211,782514747,37.7117368,3935,1899,0,3084,1698,142,-0.0729842931937174,-0.0365794066317623,0,0.0816379816171267
78212,782524746,37.8287861,3952,1901,0,3084,1701,142,-0.0729842931937174,-0.0265794066317623,0,0.0776734955430941
78213,782534747,37.8299167,3956,1898,0,3089,1703,142,-0.0563176265270507,-0.0199127399650956,0,0.0597343474942003
78214,782544747,37.8308278,3959,1895,0,3090,1699,142,-0.0529842931937173,-0.033246073298429,0,0.0625510728525284
78215,782554746,37.8315902,3968,1901,0,3090,1705,142,-0.0529842931937173,-0.013246073298429,0,0.0546149593340978
78216,782564746,37.8320829,3987,1904,0,3096,1699,142,-0.0329842931937173,-0.033246073298429,0,0.0468323070887354
78217,782574747,37.832532,3964,1899,0,3096,1704,142,-0.0329842931937173,-0.0165794066317623,0,0.0369166672622331
78218,782584747,37.8330487,3955,1895,0,3098,1702,142,-0.0263176265270507,-0.023246073298429,0,0.035114062564922
78219,782594747,37.8335233,3984,1899,0,3097,1705,142,-0.029650959860384,-0.013246073298429,0,0.0324751886594898
78220,782604746,37.8340855,3970,1901,0,3096,1705,142,-0.0329842931937173,-0.013246073298429,0,0.0355446487578153
78221,782614746,37.834714,3969,1902,0,3100,1697,142,-0.019650959860384,-0.0399127399650956,0,0.0444880549693484
78222,782624747,37.8354452,3968,1897,0,3097,1704,142,-0.029650959860384,-0.0165794066317623,0,0.0339714018683867
78223,782634746,37.8363379,3965,1907,0,3096,1713,142,-0.0329842931937173,0.0134205933682377,0,0.0356100536905618
78224,782644747,37.8369802,3956,1900,0,3098,1695,142,-0.0263176265270507,-0.0465794066317623,0,0.0535000802633452
78225,782654746,37.8543526,3984,1893,0,3101,1695,142,-0.0163176265270507,-0.0465794066317623,0,0.0493548990237379
78226,782664747,37.8674274,3967,1918,0,3097,1709,142,-0.029650959860384,8.72600349043751e-05,0,0.0296510882592156
78227,782674747,37.8682786,3975,1888,0,3102,1693,142,-0.0129842931937173,-0.053246073298429,0,0.0548063517435898
78228,782684746,37.8832915,3968,1917,0,3101,1708,142,-0.0163176265270507,-0.00324607329842896,0,0.0166373653964527
78229,782694746,37.8982886,3981,1901,0,3097,1704,142,-0.029650959860384,-0.0165794066317623,0,0.0339714018683867
78230,782704746,37.8988276,3978,1898,0,3101,1698,142,-0.0163176265270507,-0.0365794066317623,0,0.0400539376966625
78231,782714747,37.9149681,3899,1902,0,3069,1698,142,-0.122984293193717,-0.0365794066317623,0,0.128308960567413
78232,782724747,37.9301151,3930,1885,0,3083,1695,142,-0.0763176265270507,-0.0465794066317623,0,0.089409290573684
78233,782734746,37.930808,3952,1901,0,3090,1705,142,-0.0529842931937173,-0.013246073298429,0,0.0546149593340978
78234,782744747,38.0330687,3929,1898,0,3085,1701,142,-0.069650959860384,-0.0265794066317623,0,0.0745501245228296
78235,782754746,38.0340562,3924,1894,0,3076,1698,142,-0.099650959860384,-0.0365794066317623,0,0.10615256374967
78236,782764746,38.0352373,3993,1911,0,3110,1705,142,0.0136823734729493,-0.013246073298429,0,0.0190437864323411
78237,782774747,38.0362712,3995,1897,0,3110,1696,142,0.0136823734729493,-0.043246073298429,0,0.0453589043031945
78238,782784747,38.037027,4011,1904,0,3117,1704,142,0.0370157068062827,-0.0165794066317623,0,0.0405590837498828
78239,782794747,38.0376817,3937,1903,0,3089,1704,142,-0.0563176265270507,-0.0165794066317623,0,0.058707340102424
78240,782804747,38.0382959,3959,1895,0,3094,1695,142,-0.039650959860384,-0.0465794066317623,0,0.0611705790394111
78241,782814746,38.0388544,3966,1904,0,3097,1703,142,-0.029650959860384,-0.0199127399650956,0,0.0357168956316142
78242,782824746,38.0393817,3953,1901,0,3096,1701,142,-0.0329842931937173,-0.0265794066317623,0,0.0423606946872414
78243,782834747,38.0399609,3958,1902,0,3091,1706,142,-0.049650959860384,-0.00991273996509563,0,0.0506308229112768
78244,782844746,38.041211,3921,1895,0,3064,1700,142,-0.139650959860384,-0.0299127399650956,0,0.142818635346183
78245,782854746,38.0571989,3944,1898,0,3081,1695,142,-0.0829842931937173,-0.0465794066317623,0,0.0951631968726771
78246,782864747,38.0579131,3933,1899,0,3087,1706,142,-0.0629842931937173,-0.00991273996509563,0,0.0637595765569985
78247,782874747,38.073298,3925,1890,0,3094,1698,142,-0.039650959860384,-0.0365794066317623,0,0.0539467478851283
78248,782884747,38.0875851,4011,1904,0,3116,1704,142,0.0336823734729493,-0.0165794066317623,0,0.0375416969120012
78250,782904746,38.1036791,4011,1899,0,3116,1703,142,0.0336823734729493,-0.0199127399650956,0,0.0391282442193457
78251,782914746,38.1169851,3995,1908,0,3118,1706,142,0.040349040139616,-0.00991273996509563,0,0.0415488562273854
78252,782924747,38.1340086,4015,1904,0,3112,1707,142,0.020349040139616,-0.00657940663176229,0,0.0213862578828036
78253,782934747,38.1352205,4001,1904,0,3110,1698,142,0.0136823734729493,-0.0365794066317623,0,0.0390545814647281
78254,782944747,38.1486766,3990,1901,0,3111,1704,142,0.0170157068062827,-0.0165794066317623,0,0.0237573357592702
78255,782954747,38.1493182,3991,1900,0,3105,1704,142,-0.00298429319371735,-0.0165794066317623,0,0.0168458520154782
78256,782964746,38.2769189,3987,1903,0,3108,1706,142,0.00701570680628265,-0.00991273996509563,0,0.0121442396059747
78257,782974747,38.2777297,3981,1903,0,3106,1705,142,0.000349040139615984,-0.013246073298429,0,0.013250671184752
78258,782984747,38.2783529,3969,1899,0,3103,1704,142,-0.00965095986038402,-0.0165794066317623,0,0.0191837887417493
78259,782994746,38.2789459,3975,1893,0,3096,1704,142,-0.0329842931937173,-0.0165794066317623,0,0.0369166672622331
78260,783004746,38.2794919,3963,1904,0,3099,1706,142,-0.0229842931937174,-0.00991273996509563,0,0.0250307839915246
78261,783014747,38.2800126,3952,1898,0,3088,1698,142,-0.059650959860384,-0.0365794066317623,0,0.069973494994869
78262,783024747,38.2805253,3934,1903,0,3091,1699,142,-0.049650959860384,-0.033246073298429,0,0.0597538216754542
78263,783034746,38.281077,3936,1902,0,3080,1699,142,-0.0863176265270507,-0.033246073298429,0,0.092498832636028
78264,783044747,38.2816173,3929,1891,0,3079,1696,142,-0.089650959860384,-0.043246073298429,0,0.0995365131980284
78265,783054746,38.2822321,3937,1898,0,3083,1701,142,-0.0763176265270507,-0.0265794066317623,0,0.0808136434992196
78266,783064747,38.2828387,3939,1898,0,3082,1696,142,-0.079650959860384,-0.043246073298429,0,0.0906338692896513
78267,783074747,38.2834248,3851,1901,0,3042,1695,142,-0.212984293193717,-0.0465794066317623,0,0.218018233800282
78268,783084747,38.2908732,3856,1891,0,3041,1694,142,-0.216317626527051,-0.0499127399650956,0,0.222001344944394
78269,783094747,38.2917762,3777,1883,0,3013,1687,142,-0.309650959860384,-0.073246073298429,0,0.318196015368037
78270,783104746,38.3069593,3735,1872,0,2995,1680,142,-0.369650959860384,-0.0965794066317623,0,0.382059437667814
78271,783114747,38.3213828,3722,1867,0,2991,1676,142,-0.382984293193717,-0.109912739965096,0,0.39844419840139
78272,783124746,38.3220264,3837,1885,0,3047,1687,142,-0.196317626527051,-0.073246073298429,0,0.20953662624671
78273,783134747,38.3369432,3858,1892,0,3047,1699,142,-0.196317626527051,-0.033246073298429,0,0.199112811930772
78274,783144747,38.3376545,3866,1883,0,3053,1690,142,-0.176317626527051,-0.063246073298429,0,0.187317834740323
78275,783154747,38.3531766,3871,1892,0,3053,1698,142,-0.176317626527051,-0.0365794066317623,0,0.180072092267692
78276,783164746,38.3683083,3823,1908,0,3042,1704,142,-0.212984293193717,-0.0165794066317623,0,0.213628616696099
78277,783174747,38.3688381,3842,1867,0,3046,1676,142,-0.199650959860384,-0.109912739965096,0,0.227906375908634
78278,783184746,38.4764265,3840,1883,0,3046,1690,142,-0.199650959860384,-0.063246073298429,0,0.209429156424894
78279,783194747,38.4771435,3882,1886,0,3062,1687,142,-0.146317626527051,-0.073246073298429,0,0.163627122098228
78280,783204747,38.4777697,3894,1877,0,3072,1681,142,-0.112984293193717,-0.093246073298429,0,0.146493278665131
78281,783214747,38.4787242,3911,1878,0,3072,1689,142,-0.112984293193717,-0.0665794066317623,0,0.131142166734889
78282,783224747,38.4794289,3910,1887,0,3071,1690,142,-0.116317626527051,-0.063246073298429,0,0.13240036264511
78283,783234746,38.4798988,3926,1882,0,3078,1694,142,-0.0929842931937173,-0.0499127399650956,0,0.10553369315796
78285,783254746,38.4803221,3856,1859,0,3048,1662,142,-0.192984293193717,-0.156579406631762,0,0.248515689646818
78286,783264746,38.480712,3908,1857,0,3067,1665,142,-0.129650959860384,-0.146579406631762,0,0.195690811846746
78287,783274747,38.4813374,3821,1841,0,3030,1655,142,-0.252984293193717,-0.179912739965096,0,0.310434609224669
78288,783284747,38.4817768,3931,1838,0,3078,1652,142,-0.0929842931937173,-0.189912739965096,0,0.211454315590354
78289,783294747,38.4949312,3933,1831,0,3080,1647,142,-0.0863176265270507,-0.206579406631762,0,0.223887882417951
78290,783304747,38.5101476,3934,1831,0,3078,1643,142,-0.0929842931937173,-0.219912739965096,0,0.238762836261615
78291,783314747,38.5112827,3931,1839,0,3078,1650,142,-0.0929842931937173,-0.196579406631762,0,0.217461587165253
78292,783324747,38.5290131,3920,1833,0,3082,1655,142,-0.079650959860384,-0.179912739965096,0,0.196755862449963
78293,783334746,38.5295706,3931,1851,0,3078,1662,142,-0.0929842931937173,-0.156579406631762,0,0.1821076312566
78295,783354747,38.5572604,3914,1872,0,3072,1678,142,-0.112984293193717,-0.103246073298429,0,0.153052939076741
78296,783364747,38.5578768,3914,1889,0,3069,1695,142,-0.122984293193717,-0.0465794066317623,0,0.131509609894202
78297,783374746,38.5734113,3895,1907,0,3072,1709,142,-0.112984293193717,8.72600349043751e-05,0,0.11298432689005
78299,783394746,38.6780625,3891,1957,0,3066,1749,142,-0.132984293193717,0.133420593368238,0,0.188376954458249
78300,783404747,38.6788358,3888,1973,0,3056,1766,142,-0.166317626527051,0.190087260034904,0,0.252576165386144
78302,783424746,38.6796019,3942,1993,0,3083,1771,142,-0.0763176265270507,0.206753926701571,0,0.220389578531384
78303,783434746,38.6802558,3937,1986,0,3084,1775,142,-0.0729842931937174,0.220087260034904,0,0.231873045183476
78304,783444746,38.6808174,3945,1989,0,3085,1782,142,-0.069650959860384,0.243420593368238,0,0.253189339201353
78305,783454746,38.6814216,3941,1990,0,3086,1777,142,-0.0663176265270507,0.226753926701571,0,0.236252769005493
78306,783464746,38.6825063,3943,1994,0,3086,1785,142,-0.0663176265270507,0.253420593368238,0,0.261954241674555
78307,783474747,38.6831766,3925,1990,0,3078,1775,142,-0.0929842931937173,0.220087260034904,0,0.23892358780666
78308,783484746,38.684155,3923,1984,0,3075,1775,142,-0.102984293193717,0.220087260034904,0,0.242990054681835
78309,783494746,38.6982728,3906,1971,0,3070,1770,142,-0.119650959860384,0.203420593368238,0,0.236000614409787
78310,783504747,38.7135925,3903,1963,0,3067,1752,142,-0.129650959860384,0.143420593368238,0,0.193336075254507
78311,783514746,38.7143994,3922,1956,0,3070,1746,142,-0.119650959860384,0.123420593368238,0,0.171898211342873
78312,783524746,38.7307723,3914,1947,0,3070,1736,142,-0.119650959860384,0.0900872600349044,0,0.14977338420463
78314,783544746,38.7460513,3904,1936,0,3065,1731,142,-0.136317626527051,0.0734205933682377,0,0.154832421774358
78315,783554747,38.7465784,3889,1933,0,3067,1721,142,-0.129650959860384,0.0400872600349044,0,0.135706889323368
78316,783564746,38.7615172,3883,1924,0,3055,1727,142,-0.169650959860384,0.0600872600349044,0,0.179977573603079
78317,783574747,38.7774054,3871,1920,0,3056,1718,142,-0.166317626527051,0.0300872600349044,0,0.169017147384517
78318,783584747,38.7779045,3884,1919,0,3060,1708,142,-0.152984293193717,-0.00324607329842896,0,0.153018727467719
78319,783594747,38.8788871,3879,1909,0,3059,1708,142,-0.156317626527051,-0.00324607329842896,0,0.156351326681002
78320,783604747,38.879714,3886,1902,0,3062,1703,142,-0.146317626527051,-0.0199127399650956,0,0.14766639782099
78321,783614747,38.8806215,3886,1904,0,3057,1705,142,-0.162984293193717,-0.013246073298429,0,0.163521675277876
78322,783624747,38.8817248,3888,1907,0,3058,1710,142,-0.159650959860384,0.00342059336823771,0,0.159687599528995
78323,783634746,38.8824249,3879,1904,0,3058,1705,142,-0.159650959860384,-0.013246073298429,0,0.160199523851257
78325,783654747,38.8829821,3888,1899,0,3058,1705,142,-0.159650959860384,-0.013246073298429,0,0.160199523851257
78326,783664747,38.8835147,3888,1904,0,3062,1705,142,-0.146317626527051,-0.013246073298429,0,0.146915983780992
78327,783674746,38.8841943,3878,1899,0,3062,1698,142,-0.146317626527051,-0.0365794066317623,0,0.150820757265177
78328,783684746,38.8898211,3888,1898,0,3062,1702,142,-0.146317626527051,-0.023246073298429,0,0.148152717681133
78329,783694747,38.8905257,3888,1897,0,3061,1697,142,-0.149650959860384,-0.0399127399650956,0,0.154882008634494
78330,783704747,38.9059645,3879,1894,0,3058,1700,142,-0.159650959860384,-0.0299127399650956,0,0.162429064506822
78331,783714746,38.9223327,3937,1861,0,3086,1671,142,-0.0663176265270507,-0.126579406631762,0,0.142899873237979
78332,783724746,38.9237247,3403,1378,0,2847,1296,142,-0.862984293193717,-1.37657940663176,0,1.62471928438783
78333,783734746,38.9387101,3531,1933,0,2897,1726,142,-0.696317626527051,0.056753926701571,0,0.698626685153317
78334,783744746,38.9394838,3555,1924,0,2910,1727,142,-0.652984293193717,0.0600872600349044,0,0.655743063993971
78335,783754747,38.9507985,3614,1901,0,2939,1703,142,-0.556317626527051,-0.0199127399650956,0,0.556673889092715
78336,783764747,38.9666969,3632,2041,0,2941,1809,142,-0.549650959860384,0.333420593368238,0,0.64287282549309
78337,783774746,38.9673751,3739,1616,0,3000,1475,142,-0.352984293193717,-0.779912739965096,0,0.856073474183923
78338,783784746,38.9972411,3621,1907,0,2941,1705,142,-0.549650959860384,-0.013246073298429,0,0.549810545673024
78339,783794746,38.9982024,3553,1904,0,2907,1706,142,-0.662984293193717,-0.00991273996509563,0,0.663058395192451
78340,783804746,39.012239,3600,1758,0,2930,1585,142,-0.586317626527051,-0.413246073298429,0,0.717314907326541
78341,783814746,39.0131048,3495,1904,0,2875,1705,142,-0.769650959860384,-0.013246073298429,0,0.769764937154089
78342,783824747,39.0283597,3797,1786,0,3024,1610,142,-0.272984293193717,-0.329912739965096,0,0.428208874641512
78343,783834747,39.0291245,3831,1840,0,3045,1653,142,-0.202984293193717,-0.186579406631762,0,0.275707269150477
78344,783844746,39.1444057,3856,1826,0,3049,1647,142,-0.189650959860384,-0.206579406631762,0,0.280432768806172
78345,783854746,39.1453988,3868,1820,0,3048,1631,142,-0.192984293193717,-0.259912739965096,0,0.323724527670737
78346,783864747,39.1462575,3855,1831,0,3050,1644,142,-0.186317626527051,-0.216579406631762,0,0.285693712446809
78347,783874747,39.1468501,3830,1831,0,3041,1641,142,-0.216317626527051,-0.226579406631762,0,0.313259545833639
78348,783884745,39.1473509,3827,1838,0,3042,1653,142,-0.212984293193717,-0.186579406631762,0,0.283150461992008
78349,783894747,39.1478499,3791,1842,0,3018,1645,142,-0.292984293193717,-0.213246073298429,0,0.362372300038815
78350,783904746,39.1483816,3874,1857,0,3054,1670,142,-0.172984293193717,-0.129912739965096,0,0.216335123585997
78351,783914746,39.1488577,3873,1872,0,3057,1677,142,-0.162984293193717,-0.106579406631762,0,0.194738413636946
78352,783924746,39.1493246,3835,1884,0,3040,1690,142,-0.219650959860384,-0.063246073298429,0,0.228575173532163
78353,783934747,39.1498642,3853,1899,0,3044,1701,142,-0.206317626527051,-0.0265794066317623,0,0.208022661920888
78354,783944747,39.1504704,3869,1934,0,3055,1731,142,-0.169650959860384,0.0734205933682377,0,0.18485678703281
78355,783954746,39.1546747,3865,1957,0,3053,1744,142,-0.176317626527051,0.116753926701571,0,0.21146958368609
78356,783964746,39.1701099,3877,1971,0,3052,1758,142,-0.179650959860384,0.163420593368238,0,0.242859543184089
78357,783974747,39.1715897,3886,1991,0,3056,1780,142,-0.166317626527051,0.236753926701571,0,0.289333673640322
78358,783984746,39.1869059,3856,2003,0,3055,1786,142,-0.169650959860384,0.256753926701571,0,0.307740194089471
78359,783994747,39.1877911,3858,2010,0,3046,1792,142,-0.199650959860384,0.276753926701571,0,0.341252460383674
78360,784004747,39.201641,3856,2021,0,3050,1798,142,-0.186317626527051,0.296753926701571,0,0.350395706262898
78361,784014746,39.2173688,3861,2006,0,3047,1788,142,-0.196317626527051,0.263420593368238,0,0.328528567244447
78362,784024747,39.232625,3851,1986,0,3046,1780,142,-0.199650959860384,0.236753926701571,0,0.30969812331008
78363,784034746,39.2331594,3840,1977,0,3041,1769,142,-0.216317626527051,0.200087260034904,0,0.294666297995838
78364,784044746,39.2478284,3857,1968,0,3050,1759,142,-0.186317626527051,0.166753926701571,0,0.250042256478913
78365,784054747,39.2484746,3819,1953,0,3032,1737,142,-0.246317626527051,0.0934205933682377,0,0.263438380657021
78366,784064746,39.3647612,3819,1933,0,3030,1722,142,-0.252984293193717,0.0434205933682377,0,0.256683463688596
78367,784074747,39.3655375,3806,1909,0,3033,1709,142,-0.242984293193717,8.72600349043751e-05,0,0.242984308862042
78368,784084746,39.3662447,3815,1892,0,3029,1701,142,-0.256317626527051,-0.0265794066317623,0,0.257692045910147
78369,784094747,39.366811,3799,1862,0,3025,1670,142,-0.269650959860384,-0.129912739965096,0,0.299314149613521
78370,784104746,39.3674785,3795,1842,0,3026,1657,142,-0.266317626527051,-0.173246073298429,0,0.317709427169428
78371,784114747,39.3681413,3787,1810,0,3017,1630,142,-0.296317626527051,-0.263246073298429,0,0.396361742474809
78372,784124747,39.3687197,3840,1783,0,3040,1604,142,-0.219650959860384,-0.349912739965096,0,0.413140980486648
78373,784134750,39.3693539,3685,1406,0,2973,1307,142,-0.442984293193717,-1.3399127399651,0,1.41124102645052
78374,784144746,39.370154,3839,1949,0,3043,1744,142,-0.209650959860384,0.116753926701571,0,0.239968757071866
78375,784154746,39.3707868,3815,1948,0,3025,1734,142,-0.269650959860384,0.0834205933682377,0,0.282259872372137
78376,784164746,39.3718164,3876,1565,0,3058,1438,142,-0.159650959860384,-0.903246073298429,0,0.917246912185249
78377,784174746,39.3866321,3831,1911,0,3044,1718,142,-0.206317626527051,0.0300872600349044,0,0.208499895041133
78378,784184746,39.3876352,3878,1744,0,3066,1577,142,-0.132984293193717,-0.439912739965096,0,0.459573760151546
78379,784194747,39.3882964,3851,1881,0,3049,1695,142,-0.189650959860384,-0.0465794066317623,0,0.195287295280907
78380,784204747,39.4042938,3842,1856,0,3037,1658,142,-0.229650959860384,-0.169912739965096,0,0.285674469575498
78381,784214746,39.4178833,3824,1881,0,3030,1686,142,-0.252984293193717,-0.0765794066317623,0,0.264320748566581
78382,784224747,39.4187606,3831,1903,0,3041,1704,142,-0.216317626527051,-0.0165794066317623,0,0.216952050625381
78383,784234747,39.4347727,3825,1905,0,3038,1707,142,-0.226317626527051,-0.00657940663176229,0,0.226413243138434
78386,784264747,39.465329,3614,1911,0,2938,1714,142,-0.559650959860384,0.016753926701571,0,0.559901679701509
78387,784274746,39.4660175,3671,1936,0,2966,1731,142,-0.466317626527051,0.0734205933682377,0,0.472062191178626
78388,784284747,39.5714918,3673,1939,0,2969,1736,142,-0.456317626527051,0.0900872600349044,0,0.465125241950894
78389,784294746,39.5722747,3708,1958,0,2983,1744,142,-0.409650959860384,0.116753926701571,0,0.425964069276705
78390,784304747,39.5729751,3703,1965,0,2976,1747,142,-0.432984293193717,0.126753926701571,0,0.45115624354178
78391,784314746,39.573711,3709,1966,0,2986,1755,142,-0.399650959860384,0.153420593368238,0,0.428087337101658
78392,784324747,39.574216,3710,1967,0,2988,1753,142,-0.392984293193717,0.146753926701571,0,0.419491799323057
78393,784334747,39.574707,3711,1958,0,2984,1754,142,-0.406317626527051,0.150087260034904,0,0.43315147379567
78394,784344747,39.5753581,3747,1953,0,2998,1753,142,-0.359650959860384,0.146753926701571,0,0.388439863982606
78395,784354747,39.576016,3734,1955,0,2991,1745,142,-0.382984293193717,0.120087260034904,0,0.401370052265714
78396,784364746,39.5765664,3728,1940,0,2995,1733,142,-0.369650959860384,0.0800872600349044,0,0.378227182187639
78397,784374747,39.5772382,3733,1931,0,2993,1723,142,-0.376317626527051,0.046753926701571,0,0.379210872334864
78398,784384747,39.5894178,3583,1904,0,2930,1701,142,-0.586317626527051,-0.0265794066317623,0,0.586919776488415
78399,784394746,39.5901422,3749,1904,0,2997,1706,142,-0.362984293193717,-0.00991273996509563,0,0.363119621500902
78400,784404747,39.6059456,3747,1889,0,2996,1692,142,-0.366317626527051,-0.0565794066317623,0,0.37066134511062
78401,784414746,39.6208751,3734,1872,0,2998,1681,142,-0.359650959860384,-0.093246073298429,0,0.371542249433455
78402,784424746,39.6218441,3731,1856,0,2998,1665,142,-0.359650959860384,-0.146579406631762,0,0.388373963309869
78403,784434746,39.6384358,3713,1844,0,2983,1652,142,-0.409650959860384,-0.189912739965096,0,0.451531568902534
78405,784454747,39.6556044,3544,1274,0,2901,1193,142,-0.682984293193717,-1.7199127399651,0,1.85055866641497
78406,784464746,39.6683872,3678,1931,0,2970,1722,142,-0.452984293193717,0.0434205933682377,0,0.455060564989608
78407,784474746,39.6689344,3673,1929,0,2962,1729,142,-0.479650959860384,0.066753926701571,0,0.484273817199595
78408,784484746,39.7784577,3601,1936,0,2930,1731,142,-0.586317626527051,0.0734205933682377,0,0.590896727615628
78409,784494747,39.7793668,3679,1488,0,2962,1369,142,-0.479650959860384,-1.13324607329843,0,1.23057373039623
78410,784504746,39.7800751,3583,1936,0,2922,1724,142,-0.612984293193717,0.0500872600349044,0,0.615027216731102
78411,784514747,39.7808241,3612,1863,0,2937,1672,142,-0.562984293193717,-0.123246073298429,0,0.576316674204652
78412,784524747,39.7813905,3536,1821,0,2895,1641,142,-0.702984293193717,-0.226579406631762,0,0.73859673976174
78413,784534746,39.7818518,3568,1872,0,2915,1677,142,-0.636317626527051,-0.106579406631762,0,0.645181595945667
78414,784544747,39.7824513,3543,1847,0,2901,1658,142,-0.682984293193717,-0.169912739965096,0,0.703802446679299
78415,784554747,39.7830145,3551,1850,0,2912,1664,142,-0.646317626527051,-0.149912739965096,0,0.663475925684876
78416,784564747,39.7835601,3561,1860,0,2909,1666,142,-0.656317626527051,-0.143246073298429,0,0.67176801383031
78417,784574747,39.784327,3530,1858,0,2892,1666,142,-0.712984293193717,-0.143246073298429,0,0.727231764884046
78418,784584746,39.7942583,3616,1873,0,2936,1681,142,-0.566317626527051,-0.093246073298429,0,0.573942927738297
78419,784594745,39.79513,3627,1878,0,2936,1684,142,-0.566317626527051,-0.083246073298429,0,0.572403321823729
78420,784604746,39.8093387,3575,1872,0,2901,1684,142,-0.682984293193717,-0.083246073298429,0,0.688038845901108
78421,784614747,39.8103712,3613,1897,0,2939,1691,142,-0.556317626527051,-0.0599127399650956,0,0.559534483293761
78422,784624746,39.8256844,3646,1895,0,2945,1704,142,-0.536317626527051,-0.0165794066317623,0,0.536573828329215
78423,784634747,39.8266377,3648,1907,0,2949,1700,142,-0.522984293193717,-0.0299127399650956,0,0.523839042969834
78424,784644746,39.8407504,3646,1909,0,2950,1705,142,-0.519650959860384,-0.013246073298429,0,0.519819755820848
78425,784654747,39.8567245,3645,1913,0,2948,1708,142,-0.526317626527051,-0.00324607329842896,0,0.526327636539187
78426,784664746,39.979075,3632,1919,0,2949,1713,142,-0.522984293193717,0.0134205933682377,0,0.523156461542517
78427,784674746,39.9800497,3606,1916,0,2937,1717,142,-0.562984293193717,0.026753926701571,0,0.563619629694338
78428,784684746,39.9808429,3629,1931,0,2938,1722,142,-0.559650959860384,0.0434205933682377,0,0.561332828900198
78429,784694746,39.9812966,3583,1927,0,2930,1727,142,-0.586317626527051,0.0600872600349044,0,0.58938852889653
78430,784704747,39.9816894,3583,1932,0,2930,1722,142,-0.586317626527051,0.0434205933682377,0,0.58792321531367
78431,784714747,39.9820961,3617,1931,0,2944,1730,142,-0.539650959860384,0.0700872600349044,0,0.544183225115801
78432,784724747,39.9824822,3669,1936,0,2967,1732,142,-0.462984293193717,0.076753926701571,0,0.469303335816182
78433,784734746,39.9828967,3662,1927,0,2950,1722,142,-0.519650959860384,0.0434205933682377,0,0.521461856718464
78435,784754747,39.9832818,3631,1915,0,2946,1718,142,-0.532984293193717,0.0300872600349044,0,0.533832839012002
78436,784764746,39.983672,3617,1904,0,2940,1707,142,-0.552984293193717,-0.00657940663176229,0,0.553023432695741
78437,784774747,39.9844796,3581,1884,0,2930,1693,142,-0.586317626527051,-0.053246073298429,0,0.588730416657757
78438,784784747,39.9973881,3581,1872,0,2922,1681,142,-0.612984293193717,-0.093246073298429,0,0.620035945641684
78439,784794746,39.9986919,3578,1847,0,2914,1665,142,-0.639650959860384,-0.146579406631762,0,0.656230807642273
78440,784804746,39.999558,3566,1830,0,2915,1651,142,-0.636317626527051,-0.193246073298429,0,0.665014410877149
78441,784814746,40.0131763,3728,1767,0,2998,1600,142,-0.359650959860384,-0.363246073298429,0,0.511171715468709
78442,784824746,40.0285255,3533,1525,0,2897,1402,142,-0.696317626527051,-1.02324607329843,0,1.23769574756194
78443,784834746,40.0296499,3639,1921,0,2945,1724,142,-0.536317626527051,0.0500872600349044,0,0.538651399461111
78444,784844747,40.0443152,3703,1922,0,2979,1721,142,-0.422984293193717,0.0400872600349044,0,0.424879630843483
78445,784854746,40.0590481,3504,1955,0,2885,1745,142,-0.736317626527051,0.120087260034904,0,0.74604597523016
78446,784864747,40.0597269,3514,1637,0,2893,1495,142,-0.709650959860384,-0.713246073298429,0,1.00614335256284
78447,784874747,40.0759893,3447,1901,0,2858,1702,142,-0.826317626527051,-0.023246073298429,0,0.826644542613749
78448,784884747,40.0765194,3514,1776,0,2884,1589,142,-0.739650959860384,-0.399912739965096,0,0.840841092007745
78449,784894746,40.1779879,3461,1824,0,2858,1640,142,-0.826317626527051,-0.229912739965096,0,0.857706644434772
78450,784904746,40.1787816,3454,1828,0,2856,1648,142,-0.832984293193717,-0.203246073298429,0,0.857421599342276
78451,784914746,40.1794887,3376,1809,0,2832,1618,142,-0.912984293193717,-0.303246073298429,0,0.962028326292603
78452,784924747,40.1802114,3525,1840,0,2892,1655,142,-0.712984293193717,-0.179912739965096,0,0.735333391287716
78453,784934747,40.1808434,3526,1857,0,2897,1664,142,-0.696317626527051,-0.149912739965096,0,0.712272466557642
78454,784944747,40.1812593,3527,1851,0,2891,1665,142,-0.716317626527051,-0.146579406631762,0,0.731161038706157
78455,784954746,40.1816909,3519,1871,0,2885,1678,142,-0.736317626527051,-0.103246073298429,0,0.743520947106384
78456,784964747,40.1820894,3504,1867,0,2881,1673,142,-0.749650959860384,-0.119912739965096,0,0.75918089203136
78457,784974747,40.1827852,3504,1873,0,2884,1685,142,-0.739650959860384,-0.0799127399650956,0,0.743955367230532
78458,784984746,40.1844555,2894,1814,0,2514,1632,142,-1.97298429319372,-0.256579406631762,0,1.98959795262677
78459,784994746,40.1999277,2837,1797,0,2467,1616,142,-2.12965095986038,-0.309912739965096,0,2.15208250706773
78460,785004746,40.2016173,2658,1773,0,2323,1599,142,-2.60965095986038,-0.366579406631762,0,2.6352720151185
78461,785014746,40.214851,2634,1776,0,2305,1600,142,-2.66965095986038,-0.363246073298429,0,2.6942501660481
78462,785024746,40.2157498,2629,1783,0,2301,1609,142,-2.68298429319372,-0.333246073298429,0,2.70360086974631
78463,785034746,40.2313251,2640,1792,0,2310,1614,142,-2.65298429319372,-0.316579406631762,0,2.67180616449545
78464,785044746,40.2490931,2654,1794,0,2319,1611,142,-2.62298429319372,-0.326579406631762,0,2.64323678681591
78465,785054746,40.2505414,2663,1792,0,2344,1611,142,-2.53965095986038,-0.326579406631762,0,2.56056265433122
78466,785064746,40.2635347,2862,1825,0,2485,1644,142,-2.06965095986038,-0.216579406631762,0,2.08095212223347
78467,785074747,40.2778137,2880,1835,0,2507,1648,142,-1.99631762652705,-0.203246073298429,0,2.00663724481876
78468,785084747,40.2789417,3602,1907,0,2937,1707,142,-0.562984293193717,-0.00657940663176229,0,0.563022737528828
78469,785094747,40.4307134,3648,1914,0,2953,1726,142,-0.509650959860384,0.056753926701571,0,0.512801237403595
78470,785104747,40.4320641,3632,1919,0,2945,1716,142,-0.536317626527051,0.0234205933682377,0,0.536828762937801
78471,785114746,40.433265,3635,1907,0,2951,1705,142,-0.516317626527051,-0.013246073298429,0,0.516487511872605
78472,785124746,40.4337107,3661,1897,0,2951,1705,142,-0.516317626527051,-0.013246073298429,0,0.516487511872605
78473,785134746,40.4342112,3647,1894,0,2949,1690,142,-0.522984293193717,-0.063246073298429,0,0.526794681745177
78474,785144747,40.4347453,3642,1886,0,2949,1688,142,-0.522984293193717,-0.0699127399650956,0,0.527636581499766
78475,785154746,40.4354854,3625,1869,0,2940,1674,142,-0.552984293193717,-0.116579406631762,0,0.56513926298707
78476,785164746,40.436199,3571,1851,0,2922,1666,142,-0.612984293193717,-0.143246073298429,0,0.629499151085703
78477,785174747,40.4368578,3705,1123,0,2988,1061,142,-0.392984293193717,-2.1599127399651,0,2.19537233720399
78478,785184747,40.4377421,3679,1893,0,2971,1699,142,-0.449650959860384,-0.033246073298429,0,0.450878350659165
78479,785194747,40.4385279,3663,1933,0,2962,1736,142,-0.479650959860384,0.0900872600349044,0,0.488037660140674
78480,785204746,40.4392427,3674,1921,0,2967,1718,142,-0.462984293193717,0.0300872600349044,0,0.463960880851494
78481,785214747,40.4400584,3609,2020,0,2936,1796,142,-0.566317626527051,0.290087260034904,0,0.636291028185837
78482,785224747,40.4408424,3583,1484,0,2922,1369,142,-0.612984293193717,-1.13324607329843,0,1.28840847806451
78483,785234747,40.4419997,3666,1927,0,2961,1727,142,-0.482984293193717,0.0600872600349044,0,0.486707618894894
78484,785244747,40.4485541,3723,1993,0,2991,1773,142,-0.382984293193717,0.213420593368238,0,0.43843507901027
78485,785254746,40.4492286,3678,1821,0,2967,1632,142,-0.462984293193717,-0.256579406631762,0,0.529327353961226
78486,785264747,40.4645481,3657,1907,0,2956,1707,142,-0.499650959860384,-0.00657940663176229,0,0.499694276814363
78487,785274747,40.4796372,3656,1834,0,2953,1651,142,-0.509650959860384,-0.193246073298429,0,0.545057928785439
78488,785284746,40.4807863,3670,1861,0,2966,1675,142,-0.466317626527051,-0.113246073298429,0,0.479871651514585
78489,785294746,40.588171,3662,1866,0,2961,1677,142,-0.482984293193717,-0.106579406631762,0,0.49460387927089
78490,785304746,40.5893986,3651,1869,0,2949,1675,142,-0.522984293193717,-0.113246073298429,0,0.535104890694194
78491,785314747,40.5904246,3669,1873,0,2963,1682,142,-0.476317626527051,-0.0899127399650956,0,0.484729596938741
78492,785324746,40.5911676,3689,1871,0,2955,1679,142,-0.502984293193717,-0.0999127399650956,0,0.512811617269847
78493,785334747,40.5918065,3698,1874,0,2981,1683,142,-0.416317626527051,-0.0865794066317623,0,0.425225069592357
78494,785344746,40.5927011,3701,1884,0,2984,1684,142,-0.406317626527051,-0.083246073298429,0,0.414757667013141
78495,785354747,40.5934039,3646,1876,0,2951,1693,142,-0.516317626527051,-0.053246073298429,0,0.519055908148851
78496,785364746,40.5939383,3717,1894,0,2989,1704,142,-0.389650959860384,-0.0165794066317623,0,0.390003522092275
78497,785374747,40.5943673,3712,1897,0,2985,1705,142,-0.402984293193717,-0.013246073298429,0,0.403201933302244
78498,785384746,40.5951239,3712,1903,0,2982,1706,142,-0.412984293193717,-0.00991273996509563,0,0.413103242347878
78499,785394747,40.5956414,3718,1913,0,2989,1708,142,-0.389650959860384,-0.00324607329842896,0,0.389664480690731
78500,785404748,40.6047947,3707,1922,0,2983,1720,142,-0.409650959860384,0.036753926701571,0,0.41129643815929
78501,785414751,40.605485,3712,1925,0,2984,1724,142,-0.406317626527051,0.0500872600349044,0,0.409393145087189
78502,785424747,40.6207848,3707,1931,0,2980,1723,142,-0.419650959860384,0.046753926701571,0,0.422247389303661
78503,785434746,40.6364502,3699,1930,0,2970,1724,142,-0.452984293193717,0.0500872600349044,0,0.455744998324738
78504,785444747,40.6372055,3699,1936,0,2978,1731,142,-0.426317626527051,0.0734205933682377,0,0.432593691838198
78505,785454747,40.6524655,3716,1935,0,2986,1731,142,-0.399650959860384,0.0734205933682377,0,0.406339111147168
78506,785464747,40.6675248,3697,1927,0,2978,1727,142,-0.426317626527051,0.0600872600349044,0,0.430531296778945
78507,785474747,40.66834,3638,1914,0,2947,1714,142,-0.529650959860384,0.016753926701571,0,0.529915873833713
78508,785484747,40.6843549,3711,1919,0,2985,1717,142,-0.402984293193717,0.026753926701571,0,0.403871406706136
78509,785494746,40.8185669,3728,1913,0,2990,1713,142,-0.386317626527051,0.0134205933682377,0,0.386550670536024
78510,785504746,40.8195702,3703,1904,0,2977,1705,142,-0.429650959860384,-0.013246073298429,0,0.429855098570177
78511,785514746,40.820282,3760,1805,0,3005,1622,142,-0.336317626527051,-0.289912739965096,0,0.44402583562993
78512,785524746,40.8208599,3693,1678,0,2973,1521,142,-0.442984293193717,-0.626579406631762,0,0.767357046511823
78513,785534747,40.8215627,3759,1921,0,3008,1721,142,-0.326317626527051,0.0400872600349044,0,0.328770713110754
78514,785544746,40.8221788,3786,1921,0,3012,1717,142,-0.312984293193717,0.026753926701571,0,0.314125676091471
78516,785564746,40.8227374,3760,2056,0,3006,1821,142,-0.332984293193717,0.373420593368238,0,0.500321375782812
78517,785574747,40.8233212,3756,1603,0,2994,1456,142,-0.372984293193717,-0.843246073298429,0,0.922052722517772
78518,785584746,40.8238026,3758,1934,0,3006,1731,142,-0.332984293193717,0.0734205933682377,0,0.340982584664178
78519,785594746,40.8242961,3792,1981,0,3022,1765,142,-0.279650959860384,0.186753926701571,0,0.336276208628101
78520,785604746,40.8248134,3743,1819,0,3001,1641,142,-0.349650959860384,-0.226579406631762,0,0.41664615831769
78521,785614747,40.8254357,3751,1925,0,3002,1722,142,-0.346317626527051,0.0434205933682377,0,0.349029005058003
78523,785634746,40.83831,3751,1861,0,3005,1668,142,-0.336317626527051,-0.136579406631762,0,0.362992396929568
78524,785644746,40.839196,3755,1874,0,3005,1682,142,-0.336317626527051,-0.0899127399650956,0,0.348129066182098
78525,785654747,40.854863,3750,1851,0,2999,1666,142,-0.356317626527051,-0.143246073298429,0,0.384033447097111
78526,785664746,40.869953,3731,1857,0,2993,1667,142,-0.376317626527051,-0.139912739965096,0,0.401485405512446
78527,785674747,40.871531,3728,1867,0,2995,1673,142,-0.369650959860384,-0.119912739965096,0,0.388614072482765
78528,785684747,40.8888511,3719,1870,0,2987,1673,142,-0.396317626527051,-0.119912739965096,0,0.414061259117502
78529,785694747,40.8897207,3726,1872,0,2984,1679,142,-0.406317626527051,-0.0999127399650956,0,0.418421520997557
78530,785704746,41.0019208,3681,1871,0,2974,1676,142,-0.439650959860384,-0.109912739965096,0,0.453181836477138
78531,785714746,41.0030835,3698,1872,0,2981,1677,142,-0.416317626527051,-0.106579406631762,0,0.429743570138164
78532,785724747,41.0040215,3679,1883,0,2970,1686,142,-0.452984293193717,-0.0765794066317623,0,0.459411771072841
78533,785734747,41.0049427,3667,1879,0,2963,1685,142,-0.476317626527051,-0.0799127399650956,0,0.482974665328412
78534,785744747,41.0056834,3704,1882,0,2979,1692,142,-0.422984293193717,-0.0565794066317623,0,0.426751615747839
78535,785754746,41.0062769,3728,1894,0,2990,1694,142,-0.386317626527051,-0.0499127399650956,0,0.389528676962707
78536,785764746,41.006862,3723,1901,0,2983,1698,142,-0.409650959860384,-0.0365794066317623,0,0.411280879575097
78537,785774747,41.0074908,3721,1909,0,2988,1708,142,-0.392984293193717,-0.00324607329842896,0,0.392997699342915
78538,785784747,41.00834,3711,1904,0,2983,1707,142,-0.409650959860384,-0.00657940663176229,0,0.409703792399045
78539,785794746,41.0092732,3706,1922,0,2978,1718,142,-0.426317626527051,0.0300872600349044,0,0.427378008212947
78540,785804746,41.0102679,3704,1923,0,2977,1723,142,-0.429650959860384,0.046753926701571,0,0.43218731699457
78541,785814747,41.0109016,3699,1930,0,2977,1724,142,-0.429650959860384,0.0500872600349044,0,0.432560609541314
78542,785824746,41.0259677,3649,1930,0,2953,1720,142,-0.509650959860384,0.036753926701571,0,0.510974512098789
78543,785834746,41.0275214,3703,1930,0,2979,1727,142,-0.422984293193717,0.0600872600349044,0,0.427230840538333
78544,785844747,41.0417555,3707,1934,0,2975,1731,142,-0.436317626527051,0.0734205933682377,0,0.442451867154771
78545,785854746,41.0573966,3696,1941,0,2981,1735,142,-0.416317626527051,0.086753926701571,0,0.425260637674425
78546,785864747,41.0584915,3702,1936,0,2981,1736,142,-0.416317626527051,0.0900872600349044,0,0.425953143641074
78547,785874747,41.0758296,3664,1929,0,2957,1727,142,-0.496317626527051,0.0600872600349044,0,0.499941661816604
78549,785894746,41.0891512,3699,1919,0,2977,1718,142,-0.429650959860384,0.0300872600349044,0,0.430703135030797
78550,785904747,41.2228454,3619,1050,0,2922,1018,142,-0.612984293193717,-2.30324607329843,0,2.38342027722071
78551,785914747,41.2236072,3733,1911,0,2995,1721,142,-0.369650959860384,0.0400872600349044,0,0.371818262788165
78552,785924746,41.2240674,3734,1949,0,2999,1744,142,-0.356317626527051,0.116753926701571,0,0.374958304847494
78553,785934746,41.224459,3741,1911,0,2998,1716,142,-0.359650959860384,0.0234205933682377,0,0.360412731631689
78554,785944747,41.2248655,3745,1904,0,2996,1705,142,-0.366317626527051,-0.013246073298429,0,0.366557037802085
78555,785954745,41.2252647,3696,2098,0,2984,1863,142,-0.406317626527051,0.513420593368238,0,0.65474782880218
78557,785974747,41.2256476,3548,1949,0,2907,1777,142,-0.662984293193717,0.226753926701571,0,0.700689315100605
78558,785984747,41.2260326,3743,1921,0,3001,1724,142,-0.349650959860384,0.0500872600349044,0,0.353220225000059
78559,785994746,41.2264629,3829,1841,0,3034,1654,142,-0.239650959860384,-0.183246073298429,0,0.301681464364811
78560,786004747,41.227178,3707,1874,0,2987,1679,142,-0.396317626527051,-0.0999127399650956,0,0.408717771455276
78561,786014746,41.2278183,2833,1733,0,2475,1563,142,-2.10298429319372,-0.486579406631762,0,2.15854174302412
78562,786024746,41.2286079,3198,1791,0,2714,1613,142,-1.30631762652705,-0.319912739965096,0,1.34492003575203
78563,786034747,41.2291528,3299,1779,0,2776,1606,142,-1.09965095986038,-0.343246073298429,0,1.15197660582004
78564,786044747,41.2594586,3450,1831,0,2860,1639,142,-0.819650959860384,-0.233246073298429,0,0.852192130161494
78568,786084747,41.2742701,3519,1834,0,2891,1650,142,-0.716317626527051,-0.196579406631762,0,0.742801726697672
78569,786094747,41.2903342,3527,1856,0,2894,1658,142,-0.706317626527051,-0.169912739965096,0,0.726467431303876
78570,786104746,41.3067373,3536,1857,0,2896,1663,142,-0.699650959860384,-0.153246073298429,0,0.716237268378953
78571,786114747,41.307427,3541,1863,0,2901,1675,142,-0.682984293193717,-0.113246073298429,0,0.692309336833496
78572,786124746,41.4097741,3537,1867,0,2901,1679,142,-0.682984293193717,-0.0999127399650956,0,0.690253649288908
78573,786134747,41.410465,3526,1868,0,2895,1679,142,-0.702984293193717,-0.0999127399650956,0,0.710048922317613
78574,786144747,41.4111254,3504,1872,0,2884,1685,142,-0.739650959860384,-0.0799127399650956,0,0.743955367230532
78575,786154746,41.4119358,3504,1887,0,2876,1689,142,-0.766317626527051,-0.0665794066317623,0,0.769204473539702
78576,786164746,41.4127429,3498,1893,0,2878,1685,142,-0.759650959860384,-0.0799127399650956,0,0.763842671513926
78577,786174747,41.4132571,3516,1904,0,2889,1705,142,-0.722984293193717,-0.013246073298429,0,0.723105626214211
78578,786184747,41.4142725,3504,1904,0,2890,1708,142,-0.719650959860384,-0.00324607329842896,0,0.719658280727618
78579,786194747,41.4149603,3515,1911,0,2890,1711,142,-0.719650959860384,0.00675392670157104,0,0.719682651975065
78580,786204746,41.4155892,3515,1920,0,2891,1718,142,-0.716317626527051,0.0300872600349044,0,0.716949220858601
78581,786214747,41.416367,3520,1914,0,2886,1717,142,-0.732984293193717,0.026753926701571,0,0.73347238984344
78582,786224747,41.4313467,3513,1913,0,2886,1718,142,-0.732984293193717,0.0300872600349044,0,0.733601538496956
78583,786234746,41.4322432,3523,1907,0,2890,1710,142,-0.719650959860384,0.00342059336823771,0,0.7196590890741
78584,786244746,41.4464216,3518,1915,0,2889,1713,142,-0.722984293193717,0.0134205933682377,0,0.723108844179889
78585,786254746,41.447282,3507,1904,0,2885,1711,142,-0.736317626527051,0.00675392670157104,0,0.736348601316197
78586,786264747,41.4620747,3504,1904,0,2887,1700,142,-0.729650959860384,-0.0299127399650956,0,0.730263853163635
78587,786274746,41.4785613,3510,1899,0,2883,1696,142,-0.742984293193717,-0.043246073298429,0,0.744241817414408
78588,786284747,41.4792576,3500,1887,0,2883,1695,142,-0.742984293193717,-0.0465794066317623,0,0.744442946809717
78589,786294747,41.4945789,3521,1061,0,2884,1021,142,-0.739650959860384,-2.29324607329843,0,2.40957695355866
78590,786304747,41.5089916,3511,1872,0,2882,1684,142,-0.746317626527051,-0.083246073298429,0,0.75094600896774
78591,786314746,41.5095601,3505,1915,0,2882,1713,142,-0.746317626527051,0.0134205933682377,0,0.746438284114183
78592,786324747,41.6092484,3506,1890,0,2891,1693,142,-0.716317626527051,-0.053246073298429,0,0.718293871890224
78593,786334746,41.6103877,3521,1889,0,2891,1694,142,-0.716317626527051,-0.0499127399650956,0,0.71805447125143
78594,786344747,41.6113529,3518,2047,0,2894,1822,142,-0.706317626527051,0.376753926701571,0,0.800517401951925
78595,786354747,41.6121624,3615,1300,0,2938,1210,142,-0.559650959860384,-1.66324607329843,0,1.75487797217222
78596,786364747,41.6128578,3562,2129,0,2943,1907,142,-0.542984293193717,0.660087260034904,0,0.854720500231197
78597,786374747,41.6134957,3520,1887,0,2887,1688,142,-0.729650959860384,-0.0699127399650956,0,0.732992711037843
78598,786384746,41.6140799,3607,1826,0,2935,1642,142,-0.569650959860384,-0.223246073298429,0,0.611834148534572
78599,786394746,41.6146547,3489,1842,0,2874,1653,142,-0.772984293193717,-0.186579406631762,0,0.795183370363875
78600,786404747,41.6152705,3583,1822,0,2930,1640,142,-0.586317626527051,-0.229912739965096,0,0.629784270345467
78601,786414747,41.6191885,3524,1849,0,2891,1653,142,-0.716317626527051,-0.186579406631762,0,0.740218087493414
78602,786424747,41.6197869,3511,1830,0,2894,1650,142,-0.706317626527051,-0.196579406631762,0,0.733163046432717
78603,786434746,41.6365167,3526,1840,0,2900,1653,142,-0.686317626527051,-0.186579406631762,0,0.711226939493144
78604,786444745,41.63807,3522,1830,0,2897,1648,142,-0.696317626527051,-0.203246073298429,0,0.725373836944438
78605,786454745,41.6545047,3519,1835,0,2890,1649,142,-0.719650959860384,-0.199912739965096,0,0.746902006710602
78606,786464745,41.6553414,3415,1844,0,2850,1656,142,-0.852984293193717,-0.176579406631762,0,0.871069739619975
78607,786474747,41.6669922,3486,1846,0,2874,1658,142,-0.772984293193717,-0.169912739965096,0,0.791438599467221
78608,786484746,41.6830881,3507,1861,0,2884,1677,142,-0.739650959860384,-0.106579406631762,0,0.747290246383804
78609,786494746,41.6983436,3498,1872,0,2880,1672,142,-0.752984293193717,-0.123246073298429,0,0.763003892768526
78610,786504746,41.69943,3474,1872,0,2867,1679,142,-0.796317626527051,-0.0999127399650956,0,0.802561099184983
78611,786514746,41.7131636,3408,1867,0,2832,1683,142,-0.912984293193717,-0.0865794066317623,0,0.917080319967199
78612,786524746,41.7288831,3489,1886,0,2872,1690,142,-0.779650959860384,-0.063246073298429,0,0.782212046058413
78613,786534745,41.7294117,3495,1894,0,2884,1698,142,-0.739650959860384,-0.0365794066317623,0,0.740554923967101
78614,786544745,41.8343525,3473,1900,0,2870,1704,142,-0.786317626527051,-0.0165794066317623,0,0.786492394439638
78615,786554746,41.8354099,3461,1904,0,2859,1708,142,-0.822984293193717,-0.00324607329842896,0,0.822990694865635
78616,786564746,41.8363819,3482,1913,0,2870,1713,142,-0.786317626527051,0.0134205933682377,0,0.78643214717704
78617,786574745,41.837002,3375,1914,0,2832,1717,142,-0.912984293193717,0.026753926701571,0,0.913376205192792
78619,786594745,41.8377209,3535,1930,0,2897,1729,142,-0.696317626527051,0.066753926701571,0,0.699510059786379
78620,786604745,41.838645,3525,1919,0,2889,1726,142,-0.722984293193717,0.056753926701571,0,0.725208450309886
78621,786614746,41.8394086,3501,1919,0,2893,1721,142,-0.709650959860384,0.0400872600349044,0,0.710782296661833
78622,786624745,41.8401018,3537,1915,0,2900,1713,142,-0.686317626527051,0.0134205933682377,0,0.686448830436821
78623,786634747,41.8412384,3494,1774,0,2889,1583,142,-0.722984293193717,-0.419912739965096,0,0.836081932223041
78624,786644745,41.8419983,3534,1721,0,2907,1553,142,-0.662984293193717,-0.519912739965096,0,0.842530373458183
78625,786654745,41.8553093,3559,1861,0,2912,1673,142,-0.646317626527051,-0.119912739965096,0,0.657347350770882
78626,786664745,41.8561394,3499,1891,0,2891,1694,142,-0.716317626527051,-0.0499127399650956,0,0.71805447125143
78627,786674746,41.8707675,3473,1883,0,2843,1693,142,-0.876317626527051,-0.053246073298429,0,0.877933782744294
78628,786684746,41.8862083,3526,1968,0,2893,1754,142,-0.709650959860384,0.150087260034904,0,0.725348654410794
78629,786694745,41.8870986,3614,2017,0,2937,1789,142,-0.562984293193717,0.266753926701571,0,0.622983925790655
78630,786704747,41.9017137,3600,1342,0,2922,1245,142,-0.612984293193717,-1.54657940663176,0,1.66362784441703
78631,786714747,41.9173679,3452,2047,0,2842,1799,142,-0.879650959860384,0.300087260034904,0,0.929428950925541
78632,786724746,41.9182314,3567,1882,0,2920,1680,142,-0.619650959860384,-0.0965794066317623,0,0.627132277786145
78633,786734746,42.0434915,3600,1837,0,2931,1653,142,-0.582984293193717,-0.186579406631762,0,0.612113193036744
78634,786744746,42.0443684,3442,1871,0,2851,1677,142,-0.849650959860384,-0.106579406631762,0,0.85630947881572
78635,786754747,42.0451513,3602,1811,0,2922,1630,142,-0.612984293193717,-0.263246073298429,0,0.667119358742679
78636,786764746,42.04574,3546,1857,0,2901,1667,142,-0.682984293193717,-0.139912739965096,0,0.697167927800657
78639,786794746,42.0462651,3446,1827,0,2851,1640,142,-0.849650959860384,-0.229912739965096,0,0.880208283072779
78640,786804747,42.0468227,3490,1850,0,2869,1661,142,-0.789650959860384,-0.159912739965096,0,0.805680285728508
78641,786814747,42.0473579,3082,1840,0,2609,1652,142,-1.65631762652705,-0.189912739965096,0,1.66716973603327
78642,786824746,42.0478936,3008,1792,0,2590,1616,142,-1.71965095986038,-0.309912739965096,0,1.74735380794544
78643,786834747,42.0484272,3277,1837,0,2756,1645,142,-1.16631762652705,-0.213246073298429,0,1.18565201206968
78644,786844747,42.048999,3247,1840,0,2744,1652,142,-1.20631762652705,-0.189912739965096,0,1.22117528015879
78645,786854747,42.0574797,3264,1843,0,2750,1657,142,-1.18631762652705,-0.173246073298429,0,1.19890104384061
78646,786864747,42.0732621,3358,1853,0,2803,1662,142,-1.00965095986038,-0.156579406631762,0,1.02172020207499
78647,786874746,42.0739434,3326,1847,0,2788,1664,142,-1.05965095986038,-0.149912739965096,0,1.07020277813921
78648,786884746,42.0886285,3254,1839,0,2749,1653,142,-1.18965095986038,-0.186579406631762,0,1.20419320761902
78649,786894746,42.0896056,3277,1847,0,2753,1663,142,-1.17631762652705,-0.153246073298429,0,1.18625777867191
78650,786904747,42.1070826,3271,1853,0,2759,1667,142,-1.15631762652705,-0.139912739965096,0,1.16475148775251
78651,786914746,42.1089734,3342,1871,0,2797,1675,142,-1.02965095986038,-0.113246073298429,0,1.03585991922601
78652,786924747,42.1229368,3330,1874,0,2792,1687,142,-1.04631762652705,-0.073246073298429,0,1.04887824023327
78653,786934747,42.1369688,3334,1882,0,2796,1686,142,-1.03298429319372,-0.0765794066317623,0,1.03581897815448
78654,786944746,42.2472672,3328,1894,0,2790,1694,142,-1.05298429319372,-0.0499127399650956,0,1.05416659182669
78655,786954746,42.2483006,3201,1886,0,2732,1687,142,-1.24631762652705,-0.073246073298429,0,1.24846810669943
78656,786964747,42.2489433,3353,1898,0,2802,1704,142,-1.01298429319372,-0.0165794066317623,0,1.01311996080496
78657,786974747,42.2495425,3349,1907,0,2805,1703,142,-1.00298429319372,-0.0199127399650956,0,1.00318194242431
78659,786994747,42.2502795,3344,1897,0,2797,1705,142,-1.02965095986038,-0.013246073298429,0,1.02973615921713
78660,787004747,42.2510524,3393,1585,0,2824,1425,142,-0.939650959860384,-0.946579406631762,0,1.33377528070732
78661,787014746,42.2517588,3355,1735,0,2801,1574,142,-1.01631762652705,-0.449912739965096,0,1.11145084982309
78662,787024747,42.252614,3357,1834,0,2803,1649,142,-1.00965095986038,-0.199912739965096,0,1.02925223553187
78663,787034746,42.2532944,3359,1879,0,2807,1687,142,-0.996317626527051,-0.073246073298429,0,0.999006406477023
78664,787044746,42.2541103,3361,1875,0,2804,1681,142,-1.00631762652705,-0.093246073298429,0,1.01062851515511
78665,787054746,42.2547963,3314,2014,0,2788,1800,142,-1.05965095986038,0.303420593368238,0,1.10223600613161
78666,787064747,42.2619374,3542,1581,0,2900,1425,142,-0.686317626527051,-0.946579406631762,0,1.1692067642385
78667,787074746,42.2775498,3156,1705,0,2679,1543,142,-1.42298429319372,-0.553246073298429,0,1.52674998486856
78668,787084747,42.2917799,3328,1841,0,2780,1656,142,-1.08631762652705,-0.176579406631762,0,1.10057542792386
78669,787094746,42.3079593,3373,1814,0,2815,1635,142,-0.969650959860384,-0.246579406631762,0,1.00051206276238
78670,787104746,42.3091291,3300,1837,0,2775,1651,142,-1.10298429319372,-0.193246073298429,0,1.11978497751904
78671,787114746,42.3098677,3396,1761,0,2831,1592,142,-0.916317626527051,-0.389912739965096,0,0.995826258677314
78672,787124747,42.3244664,3338,1813,0,2788,1626,142,-1.05965095986038,-0.276579406631762,0,1.09515127946134
78673,787134747,42.3391805,3356,1791,0,2801,1614,142,-1.01631762652705,-0.316579406631762,0,1.06448299126519
78674,787144746,42.3397739,3360,1797,0,2806,1621,142,-0.999650959860384,-0.293246073298429,0,1.04177507219876
78675,787154747,42.444574,3341,1793,0,2796,1624,142,-1.03298429319372,-0.283246073298429,0,1.07111385390345
78676,787164747,42.445447,3341,1811,0,2797,1626,142,-1.02965095986038,-0.276579406631762,0,1.06615067758464
78677,787174747,42.4465302,3358,1817,0,2798,1635,142,-1.02631762652705,-0.246579406631762,0,1.05552322300127
78678,787184747,42.4475955,3351,1837,0,2800,1652,142,-1.01965095986038,-0.189912739965096,0,1.03718606274152
78679,787194747,42.4483051,3348,1850,0,2804,1653,142,-1.00631762652705,-0.186579406631762,0,1.02346814334306
78680,787204747,42.4487334,3361,1865,0,2809,1676,142,-0.989650959860384,-0.109912739965096,0,0.995735824784473
78681,787214746,42.4491321,3351,1875,0,2798,1685,142,-1.02631762652705,-0.0799127399650956,0,1.02942407030769
78682,787224746,42.4495294,3307,1882,0,2776,1685,142,-1.09965095986038,-0.0799127399650956,0,1.10255080587272
78683,787234747,42.4499655,3307,1885,0,2774,1695,142,-1.10631762652705,-0.0465794066317623,0,1.10729776116753
78684,787244747,42.4507344,3298,1897,0,2769,1697,142,-1.12298429319372,-0.0399127399650956,0,1.12369335210782
78685,787254747,42.4512737,3316,1904,0,2778,1707,142,-1.09298429319372,-0.00657940663176229,0,1.09300409594832
78686,787264746,42.46367,3317,1910,0,2781,1711,142,-1.08298429319372,0.00675392670157104,0,1.08300535309397
78687,787274747,42.4798293,3317,1913,0,2782,1716,142,-1.07965095986038,0.0234205933682377,0,1.07990495846679
78688,787284746,42.4810203,3328,1910,0,2782,1713,142,-1.07965095986038,0.0134205933682377,0,1.07973436893238
78689,787294747,42.4955749,3328,1921,0,2782,1710,142,-1.07965095986038,0.00342059336823771,0,1.07965637847717
78690,787304747,42.4963051,3317,1913,0,2781,1716,142,-1.08298429319372,0.0234205933682377,0,1.0832375101971
78691,787314746,42.5115245,3323,1911,0,2782,1705,142,-1.07965095986038,-0.013246073298429,0,1.07973221383141
78692,787324746,42.5272734,3317,1904,0,2781,1708,142,-1.08298429319372,-0.00324607329842896,0,1.0829891579772
78693,787334746,42.5279666,3313,1904,0,2782,1703,142,-1.07965095986038,-0.0199127399650956,0,1.0798345763775
78694,787344747,42.5425166,3307,1891,0,2776,1690,142,-1.09965095986038,-0.063246073298429,0,1.10146824707276
78695,787354747,42.6431416,3365,1867,0,2808,1676,142,-0.992984293193717,-0.109912739965096,0,0.999048856130701
78696,787364747,42.6439023,3173,1152,0,2702,1114,142,-1.34631762652705,-1.98324607329843,0,2.39704737932963
78697,787374746,42.6446237,3344,1891,0,2799,1691,142,-1.02298429319372,-0.0599127399650956,0,1.02473723487105
78698,787384747,42.6454392,3361,1905,0,2810,1705,142,-0.986317626527051,-0.013246073298429,0,0.986406568741197
78699,787394746,42.6461833,3367,1872,0,2806,1678,142,-0.999650959860384,-0.103246073298429,0,1.00496855333952
78700,787404746,42.6467121,3378,1863,0,2817,1667,142,-0.962984293193717,-0.139912739965096,0,0.973095228506616
78701,787414746,42.6471686,3371,1877,0,2810,1681,142,-0.986317626527051,-0.093246073298429,0,0.990715544737
78702,787424747,42.6477968,3283,2042,0,2764,1805,142,-1.13965095986038,0.320087260034904,0,1.18374835347186
78703,787434746,42.6484451,3451,1970,0,2862,1763,142,-0.812984293193717,0.180087260034904,0,0.832691348704049
78704,787444747,42.6489148,3471,1275,0,2863,1202,142,-0.809650959860384,-1.6899127399651,0,1.87385691702947
78705,787454747,42.6525454,3191,1742,0,2717,1572,142,-1.29631762652705,-0.456579406631762,0,1.37437409150673
78706,787464746,42.6682019,3359,1872,0,2801,1681,142,-1.01631762652705,-0.093246073298429,0,1.02058627669353
78707,787474747,42.669224,3383,1810,0,2818,1627,142,-0.959650959860384,-0.273246073298429,0,0.997794258018138
78708,787484747,42.6844323,3299,1913,0,2774,1718,142,-1.10631762652705,0.0300872600349044,0,1.1067266753724
78709,787494746,42.6986783,3374,1616,0,2815,1474,142,-0.969650959860384,-0.783246073298429,0,1.24647398500553
78710,787504747,42.6993009,3338,1879,0,2796,1683,142,-1.03298429319372,-0.0865794066317623,0,1.03660626258847
78711,787514746,42.7144088,3349,1806,0,2801,1627,142,-1.01631762652705,-0.273246073298429,0,1.05240910988198
78712,787524746,42.730322,3344,1814,0,2797,1634,142,-1.02965095986038,-0.249912739965096,0,1.05954588231859
78713,787534747,42.7309418,3329,1826,0,2788,1634,142,-1.05965095986038,-0.249912739965096,0,1.08872243217906
78714,787544747,42.8483706,3329,1827,0,2790,1645,142,-1.05298429319372,-0.213246073298429,0,1.07436018610607
78715,787554747,42.8490777,3325,1839,0,2783,1651,142,-1.07631762652705,-0.193246073298429,0,1.09352808743904
78716,787564747,42.8498225,3283,1831,0,2766,1648,142,-1.13298429319372,-0.203246073298429,0,1.1510700999222
78717,787574747,42.8506062,3275,1840,0,2754,1652,142,-1.17298429319372,-0.189912739965096,0,1.18825881056284
78718,787584746,42.8513947,3323,1841,0,2789,1651,142,-1.05631762652705,-0.193246073298429,0,1.07384867321099
78719,787594747,42.8520934,3319,1843,0,2781,1664,142,-1.08298429319372,-0.149912739965096,0,1.09331093880384
78720,787604747,42.8527169,3300,1850,0,2773,1663,142,-1.10965095986038,-0.153246073298429,0,1.12018284744075
78721,787614747,42.8533068,3278,1842,0,2760,1655,142,-1.15298429319372,-0.179912739965096,0,1.16693674822295
78723,787634746,42.8540349,3295,1855,0,2762,1666,142,-1.14631762652705,-0.143246073298429,0,1.15523310998345
78724,787644747,42.8550117,3280,1869,0,2760,1672,142,-1.15298429319372,-0.123246073298429,0,1.15955266156173
78725,787654747,42.8560862,3280,1869,0,2760,1674,142,-1.15298429319372,-0.116579406631762,0,1.158863036947
78726,787664747,42.8567982,3312,1884,0,2779,1680,142,-1.08965095986038,-0.0965794066317623,0,1.09392266459289
78727,787674747,42.8715421,3312,1891,0,2778,1686,142,-1.09298429319372,-0.0765794066317623,0,1.0956637580427
78728,787684747,42.8879051,3311,1901,0,2780,1695,142,-1.08631762652705,-0.0465794066317623,0,1.08731578983547
78729,787694746,42.8890453,3312,1902,0,2778,1701,142,-1.09298429319372,-0.0265794066317623,0,1.09330742704194
78730,787704747,42.9030607,3311,1898,0,2777,1698,142,-1.09631762652705,-0.0365794066317623,0,1.09692770555923
78731,787714746,42.9177972,3304,1898,0,2777,1693,142,-1.09631762652705,-0.053246073298429,0,1.09760989543444
78733,787734746,42.9352772,3381,1798,0,2821,1613,142,-0.949650959860384,-0.319912739965096,0,1.00208837272754
78734,787744746,43.0534345,2802,1502,0,2493,1381,142,-2.04298429319372,-1.09324607329843,0,2.31710418389391
78735,787754746,43.0545011,3206,1830,0,2713,1641,142,-1.30965095986038,-0.226579406631762,0,1.32910641566912
78736,787764747,43.0555544,3291,1849,0,2761,1653,142,-1.14965095986038,-0.186579406631762,0,1.16469275110948
78737,787774747,43.0560615,3285,1856,0,2768,1674,142,-1.12631762652705,-0.116579406631762,0,1.1323348241029
78738,787784747,43.0564648,3312,1997,0,2780,1777,142,-1.08631762652705,0.226753926701571,0,1.10973119672196
78739,787794746,43.0568467,3443,1534,0,2848,1385,142,-0.859650959860384,-1.0799127399651,0,1.3802939175146
78740,787804747,43.0572379,3131,1711,0,2670,1550,142,-1.45298429319372,-0.529912739965096,0,1.54659977636264
78741,787814746,43.0576628,3297,1861,0,2773,1674,142,-1.10965095986038,-0.116579406631762,0,1.11575804311225
78743,787834746,43.0580716,3284,1859,0,2766,1666,142,-1.13298429319372,-0.143246073298429,0,1.1420038730841
78744,787844747,43.0584718,3372,1753,0,2809,1585,142,-0.989650959860384,-0.413246073298429,0,1.07246507609766
78745,787854746,43.0591113,3309,1822,0,2776,1640,142,-1.09965095986038,-0.229912739965096,0,1.12342872560751
78746,787864747,43.0712404,3319,1797,0,2785,1621,142,-1.06965095986038,-0.293246073298429,0,1.10911966686881
78747,787874747,43.0724003,3343,1813,0,2790,1636,142,-1.05298429319372,-0.243246073298429,0,1.08071484392867
78748,787884746,43.0878092,3312,1798,0,2785,1622,142,-1.06965095986038,-0.289912739965096,0,1.10824301158379
78749,787894747,43.0886173,3325,1813,0,2790,1638,142,-1.05298429319372,-0.236579406631762,0,1.07923386592291
78750,787904746,43.1035365,3319,1827,0,2786,1642,142,-1.06631762652705,-0.223246073298429,0,1.08943659287058
78751,787914747,43.1187346,3328,1838,0,2783,1654,142,-1.07631762652705,-0.183246073298429,0,1.09180527409979
78752,787924746,43.1194473,3309,1845,0,2775,1654,142,-1.10298429319372,-0.183246073298429,0,1.11810262248657
78753,787934746,43.1342922,3282,1856,0,2759,1666,142,-1.15631762652705,-0.143246073298429,0,1.165156595026
78754,787944747,43.1498123,3301,1864,0,2773,1679,142,-1.10965095986038,-0.0999127399650956,0,1.11413994108748
78755,787954746,43.1505118,3294,1871,0,2769,1680,142,-1.12298429319372,-0.0965794066317623,0,1.127129675124
78756,787964747,43.2504935,3307,1883,0,2773,1683,142,-1.10965095986038,-0.0865794066317623,0,1.11302347071918
78757,787974746,43.2519214,3309,1887,0,2778,1691,142,-1.09298429319372,-0.0599127399650956,0,1.09462514203644
78758,787984747,43.253036,3312,1901,0,2779,1699,142,-1.08965095986038,-0.033246073298429,0,1.09015802327664
78759,787994746,43.2537443,3322,1913,0,2785,1710,142,-1.06965095986038,0.00342059336823771,0,1.06965642913472
78760,788004747,43.2542226,3331,1911,0,2787,1718,142,-1.06298429319372,0.0300872600349044,0,1.0634100106699
78761,788014747,43.2546248,3343,1919,0,2796,1718,142,-1.03298429319372,0.0300872600349044,0,1.03342236921857
78762,788024746,43.2550645,3341,1918,0,2796,1718,142,-1.03298429319372,0.0300872600349044,0,1.03342236921857
78763,788034747,43.2554869,3343,1917,0,2803,1717,142,-1.00965095986038,0.026753926701571,0,1.01000536302583
78764,788044747,43.2558952,3344,1908,0,2796,1716,142,-1.03298429319372,0.0234205933682377,0,1.03324976369639
78765,788054746,43.2575687,3345,1905,0,2797,1707,142,-1.02965095986038,-0.00657940663176229,0,1.02967198064871
78766,788064747,43.2582209,3442,1847,0,2852,1658,142,-0.846317626527051,-0.169912739965096,0,0.863205574688224
78767,788074747,43.2738805,3328,1488,0,2789,1386,142,-1.05631762652705,-1.07657940663176,0,1.50825400609292
78768,788084746,43.2892802,3349,1863,0,2801,1669,142,-1.01631762652705,-0.133246073298429,0,1.02501513844383
78769,788094747,43.289956,3374,1870,0,2810,1678,142,-0.986317626527051,-0.103246073298429,0,0.991706716751227
78770,788104746,43.304905,3375,1846,0,2814,1667,142,-0.972984293193717,-0.139912739965096,0,0.982992375151617
78771,788114747,43.3202407,3387,1884,0,2817,1681,142,-0.962984293193717,-0.093246073298429,0,0.967488283713751
78773,788134747,43.3387158,3446,1997,0,2854,1784,142,-0.839650959860384,0.250087260034904,0,0.876103516729747
78774,788144747,43.339354,3546,1296,0,2902,1205,142,-0.679650959860384,-1.6799127399651,0,1.81218990206219
78775,788154747,43.3519234,3014,1723,0,2596,1553,142,-1.69965095986038,-0.519912739965096,0,1.7773920902638
78777,788174746,43.4841407,3408,1843,0,2829,1652,142,-0.922984293193717,-0.189912739965096,0,0.942319932020625
78778,788184746,43.4849839,3315,1899,0,2785,1708,142,-1.06965095986038,-0.00324607329842896,0,1.06965588528372
78779,788194747,43.4857405,3359,1600,0,2805,1468,142,-1.00298429319372,-0.803246073298429,0,1.28498316979743
78780,788204746,43.4868987,3343,1855,0,2797,1668,142,-1.02965095986038,-0.136579406631762,0,1.03866983852295
78781,788214747,43.4874952,3378,1804,0,2815,1619,142,-0.969650959860384,-0.299912739965096,0,1.01497321913021
78782,788224747,43.4881527,3371,1808,0,2815,1619,142,-0.969650959860384,-0.299912739965096,0,1.01497321913021
78783,788234747,43.4886887,3357,1814,0,2806,1626,142,-0.999650959860384,-0.276579406631762,0,1.03720692714741
78784,788244747,43.489152,3363,1815,0,2809,1640,142,-0.989650959860384,-0.229912739965096,0,1.01600634365679
78785,788254747,43.4899391,3371,1840,0,2804,1653,142,-1.00631762652705,-0.186579406631762,0,1.02346814334306
78787,788274746,43.4910465,3375,1867,0,2812,1666,142,-0.979650959860384,-0.143246073298429,0,0.990068402016139
78788,788284746,43.4916224,3347,1857,0,2798,1669,142,-1.02631762652705,-0.133246073298429,0,1.0349311023298
78789,788294747,43.4924681,3365,1871,0,2804,1681,142,-1.00631762652705,-0.093246073298429,0,1.01062851515511
78790,788304746,43.5069818,3357,1886,0,2801,1685,142,-1.01631762652705,-0.0799127399650956,0,1.01945454238936
78791,788314746,43.5077864,3344,1894,0,2805,1698,142,-1.00298429319372,-0.0365794066317623,0,1.0036511073988
78792,788324747,43.522555,3349,1893,0,2794,1699,142,-1.03965095986038,-0.033246073298429,0,1.04018239733634
78793,788334747,43.5389214,3359,1908,0,2810,1706,142,-0.986317626527051,-0.00991273996509563,0,0.986367438032892
78794,788344746,43.5395086,3367,1919,0,2810,1711,142,-0.986317626527051,0.00675392670157104,0,0.986340750412273
78795,788354746,43.5544389,3367,1915,0,2814,1719,142,-0.972984293193717,0.0334205933682377,0,0.973558098349946
78796,788364747,43.5689168,3372,1919,0,2810,1715,142,-0.986317626527051,0.0200872600349044,0,0.986522153027323
78797,788374746,43.5694518,3370,1919,0,2813,1714,142,-0.976317626527051,0.016753926701571,0,0.976461367350155
78798,788384746,43.6802837,3375,1920,0,2809,1717,142,-0.989650959860384,0.026753926701571,0,0.990012522621069
78799,788394747,43.6816112,3357,1910,0,2808,1718,142,-0.992984293193717,0.0300872600349044,0,0.993440008126225
78800,788404746,43.6824841,3367,1908,0,2804,1714,142,-1.00631762652705,0.016753926701571,0,1.00645708280033
78801,788414747,43.6831424,3362,1903,0,2803,1706,142,-1.00965095986038,-0.00991273996509563,0,1.00969962026368
78802,788424747,43.6837526,3361,1895,0,2802,1694,142,-1.01298429319372,-0.0499127399650956,0,1.01421322209287
78803,788434746,43.6845523,3429,1330,0,2847,1204,142,-0.862984293193717,-1.68324607329843,0,1.89157585985168
78804,788444747,43.6852847,3315,1753,0,2779,1589,142,-1.08965095986038,-0.399912739965096,0,1.16071935191546
78805,788454747,43.6859778,3332,1808,0,2794,1626,142,-1.03965095986038,-0.276579406631762,0,1.07581145490806
78806,788464746,43.6866684,3339,1877,0,2793,1695,142,-1.04298429319372,-0.0465794066317623,0,1.04402388716493
78807,788474746,43.6874773,3344,1871,0,2799,1679,142,-1.02298429319372,-0.0999127399650956,0,1.02785184716883
78808,788484746,43.6884711,3373,1889,0,2809,1695,142,-0.989650959860384,-0.0465794066317623,0,0.990746518275359
78809,788494747,43.6960924,3202,2037,0,2711,1819,142,-1.31631762652705,0.366753926701571,0,1.36645546457132
78810,788504747,43.7085692,3472,2087,0,2874,1862,142,-0.772984293193717,0.510087260034904,0,0.926117557534737
78811,788514747,43.7092845,3451,1834,0,2864,1636,142,-0.806317626527051,-0.243246073298429,0,0.842209455553261
78812,788524746,43.7239547,3308,1694,0,2779,1547,142,-1.08965095986038,-0.539912739965096,0,1.21607770356227
78813,788534747,43.7398455,3223,2010,0,2771,1837,142,-1.11631762652705,0.426753926701571,0,1.19510834540229
78814,788544747,43.7404413,3531,1829,0,2903,1638,142,-0.676317626527051,-0.236579406631762,0,0.716502161611129
78815,788554746,43.7550091,3377,1842,0,2815,1654,142,-0.969650959860384,-0.183246073298429,0,0.986814119952414
78816,788564746,43.7557308,3329,1970,0,2785,1765,142,-1.06965095986038,0.186753926701571,0,1.08583157306679
78817,788574746,43.770808,3329,1587,0,2794,1444,142,-1.03965095986038,-0.883246073298429,0,1.36418391147811
78818,788584747,43.8747498,3334,1867,0,2794,1679,142,-1.03965095986038,-0.0999127399650956,0,1.04444084272205
78819,788594746,43.8756153,3350,1842,0,2800,1653,142,-1.01965095986038,-0.186579406631762,0,1.03658089646842
78820,788604746,43.8764287,3362,1804,0,2809,1624,142,-0.989650959860384,-0.283246073298429,0,1.02938688567106
78821,788614747,43.8770575,3341,1814,0,2797,1633,142,-1.02965095986038,-0.253246073298429,0,1.0603370562149
78823,788634747,43.8776111,3344,1834,0,2797,1649,142,-1.02965095986038,-0.199912739965096,0,1.0488785452767
78824,788644746,43.8781856,3349,1831,0,2803,1645,142,-1.00965095986038,-0.213246073298429,0,1.0319248754266
78825,788654747,43.8787412,3345,1847,0,2801,1653,142,-1.01631762652705,-0.186579406631762,0,1.03330217892378
78826,788664746,43.8792829,3339,1851,0,2797,1658,142,-1.02965095986038,-0.169912739965096,0,1.04357627337146
78827,788674747,43.8797998,3344,1853,0,2792,1666,142,-1.04631762652705,-0.143246073298429,0,1.05607765486096
78828,788684746,43.8832065,3335,1849,0,2790,1658,142,-1.05298429319372,-0.169912739965096,0,1.06660501635569
78829,788694747,43.8975177,3338,1865,0,2791,1666,142,-1.04965095986038,-0.143246073298429,0,1.0593802787721
78830,788704746,43.8983931,3319,1863,0,2787,1669,142,-1.06298429319372,-0.133246073298429,0,1.07130300271492
78831,788714746,43.9130663,3362,1875,0,2809,1679,142,-0.989650959860384,-0.0999127399650956,0,0.994681646538184
78833,788734746,43.9313386,3363,1881,0,2805,1693,142,-1.00298429319372,-0.053246073298429,0,1.00439665307836
78834,788744747,43.9437576,3363,1899,0,2805,1699,142,-1.00298429319372,-0.033246073298429,0,1.00353514825494
78835,788754746,43.9593035,3358,1897,0,2801,1704,142,-1.01631762652705,-0.0165794066317623,0,1.01645284923298
78836,788764746,43.9605323,3360,1909,0,2803,1707,142,-1.00965095986038,-0.00657940663176229,0,1.00967239703709
78837,788774746,43.9759201,3321,1902,0,2790,1705,142,-1.05298429319372,-0.013246073298429,0,1.05306760474838
78838,788784747,43.9915429,3331,1907,0,2791,1704,142,-1.04965095986038,-0.0165794066317623,0,1.04978188889887
78839,788794746,43.9924362,3324,1905,0,2790,1704,142,-1.05298429319372,-0.0165794066317623,0,1.05311480781391
78840,788804747,44.1039824,3363,1889,0,2806,1693,142,-0.999650959860384,-0.053246073298429,0,1.00106802259961
78841,788814747,44.1049675,3222,1136,0,2725,1072,142,-1.26965095986038,-2.12324607329843,0,2.47390126069162
78843,788834747,44.1057478,3344,1874,0,2797,1681,142,-1.02965095986038,-0.093246073298429,0,1.03386456043671
78844,788844747,44.106227,3354,1869,0,2800,1677,142,-1.01965095986038,-0.106579406631762,0,1.02520595485111
78845,788854746,44.1066665,3300,1973,0,2777,1761,142,-1.09631762652705,0.173420593368238,0,1.10994911614817
78846,788864746,44.107081,3453,2032,0,2850,1799,142,-0.852984293193717,0.300087260034904,0,0.904231479252101
78847,788874747,44.1074816,3435,1442,0,2845,1325,142,-0.869650959860384,-1.2799127399651,0,1.54740731997462
78848,788884746,44.1079472,3209,1859,0,2717,1674,142,-1.29631762652705,-0.116579406631762,0,1.3015491334926
78849,788894746,44.1083616,3470,1823,0,2863,1639,142,-0.809650959860384,-0.233246073298429,0,0.842578428107424
78850,788904747,44.1088009,3371,1841,0,2814,1657,142,-0.972984293193717,-0.173246073298429,0,0.988287729719945
78851,788914747,44.1168515,3339,1875,0,2797,1683,142,-1.02965095986038,-0.0865794066317623,0,1.03328461364433
78852,788924746,44.1176802,3348,1796,0,2805,1612,142,-1.00298429319372,-0.323246073298429,0,1.05378627638443
78853,788934747,44.1334782,3383,1842,0,2814,1654,142,-0.972984293193717,-0.183246073298429,0,0.990089671787849
78854,788944745,44.148201,3358,1815,0,2807,1630,142,-0.996317626527051,-0.263246073298429,0,1.03050827654878
78855,788954747,44.1493748,3359,1812,0,2806,1630,142,-0.999650959860384,-0.263246073298429,0,1.03373136580875
78856,788964746,44.1644844,3347,1819,0,2805,1627,142,-1.00298429319372,-0.273246073298429,0,1.03953879627761
78857,788974746,44.1788603,3351,1825,0,2804,1637,142,-1.00631762652705,-0.239912739965096,0,1.0345208012682
78858,788984746,44.1796502,3351,1817,0,2800,1636,142,-1.01965095986038,-0.243246073298429,0,1.04826367490212
78859,788994747,44.1946116,3344,1822,0,2797,1637,142,-1.02965095986038,-0.239912739965096,0,1.0572318676331
78860,789004746,44.1955284,3331,1826,0,2792,1644,142,-1.04631762652705,-0.216579406631762,0,1.06849764387113
78861,789014747,44.310657,3327,1837,0,2789,1653,142,-1.05631762652705,-0.186579406631762,0,1.07266900910337
78862,789024747,44.3117005,3322,1849,0,2788,1657,142,-1.05965095986038,-0.173246073298429,0,1.0737198697269
78863,789034753,44.3126004,3327,1851,0,2790,1666,142,-1.05298429319372,-0.143246073298429,0,1.06268309444918
78864,789044747,44.3132894,3339,1849,0,2790,1670,142,-1.05298429319372,-0.129912739965096,0,1.06096806818957
78865,789054746,44.3138087,3323,1856,0,2779,1669,142,-1.08965095986038,-0.133246073298429,0,1.09776761219035
78866,789064746,44.3142127,3315,1871,0,2780,1676,142,-1.08631762652705,-0.109912739965096,0,1.0918639091526
78867,789074746,44.3146003,3312,1878,0,2779,1688,142,-1.08965095986038,-0.0699127399650956,0,1.09189148065826
78868,789084747,44.3149918,3317,1883,0,2777,1694,142,-1.09631762652705,-0.0499127399650956,0,1.09745324266901
78869,789094746,44.3153759,3313,1895,0,2781,1698,142,-1.08298429319372,-0.0365794066317623,0,1.08360187905606
78870,789104747,44.315787,3312,1899,0,2773,1702,142,-1.10965095986038,-0.023246073298429,0,1.10989442409757
78871,789114747,44.3176429,3313,1904,0,2776,1702,142,-1.09965095986038,-0.023246073298429,0,1.09989663761904
78872,789124747,44.3185456,3307,1904,0,2779,1704,142,-1.08965095986038,-0.0165794066317623,0,1.08977708319129
78873,789134747,44.334782,3312,1898,0,2780,1705,142,-1.08631762652705,-0.013246073298429,0,1.08639838188447
78874,789144746,44.3492168,3311,1901,0,2778,1705,142,-1.09298429319372,-0.013246073298429,0,1.09306455601945
78878,789184747,44.3808537,3251,1858,0,2741,1667,142,-1.21631762652705,-0.139912739965096,0,1.224338247138
78879,789194746,44.3956504,3266,1863,0,2753,1671,142,-1.17631762652705,-0.126579406631762,0,1.183108407823
78880,789204746,44.3961209,3221,1947,0,2727,1741,142,-1.26298429319372,0.106753926701571,0,1.2674879588068
78881,789214747,44.5042432,3382,2067,0,2824,1832,142,-0.939650959860384,0.410087260034904,0,1.02523923413488
78883,789234746,44.5051037,3133,1854,0,2671,1663,142,-1.44965095986038,-0.153246073298429,0,1.45772846044986
78884,789244747,44.505621,3391,1822,0,2825,1640,142,-0.936317626527051,-0.229912739965096,0,0.964132027132958
78885,789254745,44.5061706,3311,1837,0,2782,1653,142,-1.07965095986038,-0.186579406631762,0,1.0956541745033
78886,789264747,44.506712,3265,1856,0,2752,1666,142,-1.17965095986038,-0.143246073298429,0,1.18831638237253
78887,789274746,44.50732,3255,1770,0,2744,1598,142,-1.20631762652705,-0.369912739965096,0,1.26175974387295
78888,789284747,44.5079551,3301,1823,0,2777,1639,142,-1.09631762652705,-0.233246073298429,0,1.12085506152359
78889,789294747,44.5085227,3297,1808,0,2766,1628,142,-1.13298429319372,-0.269912739965096,0,1.1646915024242
78890,789304747,44.5094297,3280,1806,0,2764,1622,142,-1.13965095986038,-0.289912739965096,0,1.17594800357191
78891,789314746,44.5101049,3291,1803,0,2763,1621,142,-1.14298429319372,-0.293246073298429,0,1.18000269236663
78892,789324746,44.520442,3280,1822,0,2762,1640,142,-1.14631762652705,-0.229912739965096,0,1.16914668407556
78893,789334747,44.5371354,3290,1830,0,2769,1644,142,-1.12298429319372,-0.216579406631762,0,1.14367843476073
78894,789344746,44.5379652,3296,1838,0,2770,1653,142,-1.11965095986038,-0.186579406631762,0,1.13509036948401
78895,789354747,44.5528384,3294,1844,0,2769,1652,142,-1.12298429319372,-0.189912739965096,0,1.13892957269571
78896,789364747,44.5671846,3297,1854,0,2769,1663,142,-1.12298429319372,-0.153246073298429,0,1.1333922894308
78897,789374745,44.5837486,3295,1852,0,2769,1666,142,-1.12298429319372,-0.143246073298429,0,1.13208354827513
78898,789384746,44.5849082,3294,1860,0,2770,1672,142,-1.11965095986038,-0.123246073298429,0,1.12641371906585
78899,789394746,44.5987796,3296,1867,0,2769,1679,142,-1.12298429319372,-0.0999127399650956,0,1.12742018713837
78900,789404747,44.5993771,3301,1881,0,2771,1686,142,-1.11631762652705,-0.0765794066317623,0,1.11894121776573
78901,789414747,44.7201235,3302,1887,0,2769,1689,142,-1.12298429319372,-0.0665794066317623,0,1.12495623921432
78902,789424746,44.7211364,3301,1894,0,2776,1696,142,-1.09965095986038,-0.043246073298429,0,1.1005010024428
78903,789434746,44.7217301,3305,1893,0,2770,1698,142,-1.11965095986038,-0.0365794066317623,0,1.12024833180229
78904,789444747,44.7223062,3303,1904,0,2769,1699,142,-1.12298429319372,-0.033246073298429,0,1.1234763122334
78905,789454747,44.7228728,3296,1905,0,2763,1704,142,-1.14298429319372,-0.0165794066317623,0,1.14310453205812
78906,789464747,44.7234402,3295,1903,0,2766,1708,142,-1.13298429319372,-0.00324607329842896,0,1.13298894328918
78907,789474746,44.7240456,3279,1897,0,2752,1702,142,-1.17965095986038,-0.023246073298429,0,1.17987997992309
78908,789484746,44.7249821,3242,1887,0,2736,1692,142,-1.23298429319372,-0.0565794066317623,0,1.23428177354979
78909,789494746,44.7260886,3348,1191,0,2807,1096,142,-0.996317626527051,-2.04324607329843,0,2.27321431655221
78910,789504747,44.7268412,3241,1730,0,2740,1566,142,-1.21965095986038,-0.476579406631762,0,1.3094565264696
78911,789514745,44.7274656,3232,1808,0,2735,1634,142,-1.23631762652705,-0.249912739965096,0,1.26132376940195
78912,789524747,44.7285419,3257,1887,0,2741,1683,142,-1.21631762652705,-0.0865794066317623,0,1.21939516246913
78913,789534747,44.7409791,3201,1899,0,2712,1704,142,-1.31298429319372,-0.0165794066317623,0,1.31308896534
78914,789544746,44.7560629,3283,1996,0,2761,1789,142,-1.14965095986038,0.266753926701571,0,1.18019277532046
78915,789554745,44.7573788,3303,1789,0,2778,1608,142,-1.09298429319372,-0.336579406631762,0,1.1436347153426
78916,789564747,44.7721836,3256,1535,0,2745,1402,142,-1.20298429319372,-1.02324607329843,0,1.57930482687524
78917,789574747,44.7731866,3249,1859,0,2742,1672,142,-1.21298429319372,-0.123246073298429,0,1.21922946573569
78918,789584746,44.7881386,3393,1811,0,2820,1629,142,-0.952984293193717,-0.266579406631762,0,0.98956740200659
78919,789594746,44.7891779,3279,1857,0,2759,1665,142,-1.15631762652705,-0.146579406631762,0,1.16557109429913
78920,789604747,44.8034055,3209,1808,0,2720,1617,142,-1.28631762652705,-0.306579406631762,0,1.3223479000947
78921,789614747,44.8182873,3217,1776,0,2731,1603,142,-1.24965095986038,-0.353246073298429,0,1.29861861598421
78922,789624747,44.8191844,3233,1810,0,2734,1628,142,-1.23965095986038,-0.269912739965096,0,1.26869515230344
78923,789634746,44.9728396,3184,1792,0,2696,1612,142,-1.36631762652705,-0.323246073298429,0,1.40403414504825
78924,789644747,44.9741156,3206,1795,0,2717,1614,142,-1.29631762652705,-0.316579406631762,0,1.33441444444672
78925,789654746,44.9753373,3233,1802,0,2728,1613,142,-1.25965095986038,-0.319912739965096,0,1.29964022016447
78926,789664746,44.976213,3211,1811,0,2720,1626,142,-1.28631762652705,-0.276579406631762,0,1.31571623250873
78927,789674747,44.9770706,3184,1815,0,2699,1633,142,-1.35631762652705,-0.253246073298429,0,1.3797576155503
78928,789684746,44.9778972,3205,1828,0,2717,1641,142,-1.29631762652705,-0.226579406631762,0,1.31597021864263
78929,789694746,44.9788217,3239,1840,0,2736,1653,142,-1.23298429319372,-0.186579406631762,0,1.24702130785383
78930,789704747,44.9795851,3242,1840,0,2740,1662,142,-1.21965095986038,-0.156579406631762,0,1.22966075584671
78931,789714747,44.9802994,3243,1857,0,2735,1668,142,-1.23631762652705,-0.136579406631762,0,1.24383889952733
78932,789724747,44.9809037,3238,1862,0,2735,1668,142,-1.23631762652705,-0.136579406631762,0,1.24383889952733
78933,789734747,44.9816433,3231,1870,0,2732,1679,142,-1.24631762652705,-0.0999127399650956,0,1.25031603276906
78934,789744746,44.9826231,3237,1882,0,2733,1683,142,-1.24298429319372,-0.0865794066317623,0,1.24599596579563
78935,789754747,44.9833738,3229,1885,0,2728,1691,142,-1.25965095986038,-0.0599127399650956,0,1.26107496886082
78936,789764746,44.9842637,3222,1887,0,2722,1695,142,-1.27965095986038,-0.0465794066317623,0,1.28049842647063
78937,789774747,44.9853859,3210,1886,0,2719,1691,142,-1.28965095986038,-0.0599127399650956,0,1.2910418795217
78938,789784747,44.9925272,3216,1894,0,2716,1696,142,-1.29965095986038,-0.043246073298429,0,1.30037027046982
78939,789794747,44.9938834,3205,1890,0,2722,1696,142,-1.27965095986038,-0.043246073298429,0,1.28038150639852
78940,789804746,45.0079696,3209,1901,0,2722,1696,142,-1.27965095986038,-0.043246073298429,0,1.28038150639852
78941,789814747,45.0092916,3210,1884,0,2716,1690,142,-1.29965095986038,-0.063246073298429,0,1.30118894986612
78942,789824747,45.0242656,3206,1879,0,2714,1688,142,-1.30631762652705,-0.0699127399650956,0,1.30818711680887
78943,789834747,45.1839828,3186,1872,0,2707,1679,142,-1.32965095986038,-0.0999127399650956,0,1.3333995015242
78944,789844746,45.1854232,3043,1023,0,2583,979,142,-1.74298429319372,-2.43324607329843,0,2.99310552763217
78945,789854746,45.1868292,3173,1776,0,2691,1600,142,-1.38298429319372,-0.363246073298429,0,1.42989274597337
78946,789864747,45.1882399,3199,1856,0,2713,1666,142,-1.30965095986038,-0.143246073298429,0,1.31746160254432
78947,789874746,45.1896615,3214,1861,0,2721,1670,142,-1.28298429319372,-0.129912739965096,0,1.28954488738742
78948,789884747,45.1910378,3175,1875,0,2695,1690,142,-1.36965095986038,-0.063246073298429,0,1.37111043232635
78949,789894746,45.1924811,3244,2006,0,2741,1790,142,-1.21631762652705,0.270087260034904,0,1.24594369721652
78950,789904747,45.1938933,3264,1830,0,2746,1644,142,-1.19965095986038,-0.216579406631762,0,1.21904432440782
78951,789914747,45.1949516,3362,1405,0,2797,1300,142,-1.02965095986038,-1.36324607329843,0,1.70839718903568
78952,789924746,45.1961344,3010,1840,0,2598,1653,142,-1.69298429319372,-0.186579406631762,0,1.70323447944776
78953,789934746,45.1971391,3309,1819,0,2776,1627,142,-1.09965095986038,-0.273246073298429,0,1.13309119231193
78954,789944747,45.1980269,3233,1835,0,2731,1642,142,-1.24965095986038,-0.223246073298429,0,1.26943543779239
78955,789954746,45.199088,3173,1914,0,2699,1708,142,-1.35631762652705,-0.00324607329842896,0,1.35632151093309
78957,789974746,45.2003823,3099,1815,0,2648,1626,142,-1.52631762652705,-0.276579406631762,0,1.55117428589438
78958,789984746,45.2017279,3166,1819,0,2694,1628,142,-1.37298429319372,-0.269912739965096,0,1.39926364797779
78959,789994746,45.2034182,3175,1782,0,2696,1605,142,-1.36631762652705,-0.346579406631762,0,1.40958899742433
78960,790004746,45.2123652,3174,1798,0,2699,1626,142,-1.35631762652705,-0.276579406631762,0,1.38423035373479
78961,790014746,45.2136834,3157,1811,0,2683,1629,142,-1.40965095986038,-0.266579406631762,0,1.43463598472764
78962,790024747,45.3906297,3151,1811,0,2683,1630,142,-1.40965095986038,-0.263246073298429,0,1.4340203358887
78963,790034747,45.3918644,3163,1827,0,2693,1641,142,-1.37631762652705,-0.226579406631762,0,1.39484351688591
78964,790044746,45.3928589,3158,1833,0,2683,1643,142,-1.40965095986038,-0.219912739965096,0,1.42670159523085
78965,790054746,45.3939817,3130,1824,0,2663,1639,142,-1.47631762652705,-0.233246073298429,0,1.49462954109157
78966,790064747,45.3949836,3159,1840,0,2687,1648,142,-1.39631762652705,-0.203246073298429,0,1.41103220390655
78967,790074746,45.3961107,3162,1840,0,2689,1649,142,-1.38965095986038,-0.199912739965096,0,1.40395687036363
78968,790084747,45.3974365,3164,1840,0,2691,1654,142,-1.38298429319372,-0.183246073298429,0,1.3950715675548
78969,790094746,45.3987804,3152,1847,0,2683,1654,142,-1.40965095986038,-0.183246073298429,0,1.42151150259665
78970,790104747,45.400017,3127,1842,0,2664,1653,142,-1.47298429319372,-0.186579406631762,0,1.48475405470888
78971,790114747,45.4023414,3126,1854,0,2664,1659,142,-1.47298429319372,-0.166579406631762,0,1.48237357865998
78972,790124747,45.4037473,3119,1857,0,2662,1662,142,-1.47965095986038,-0.156579406631762,0,1.48791265657528
78973,790134747,45.4049882,3118,1856,0,2662,1671,142,-1.47965095986038,-0.126579406631762,0,1.48505532193215
78974,790144747,45.4061678,3173,1876,0,2700,1678,142,-1.35298429319372,-0.103246073298429,0,1.3569179228238
78975,790154746,45.4071426,3163,1878,0,2693,1690,142,-1.37631762652705,-0.063246073298429,0,1.37777003700789
78976,790164747,45.408221,3184,1877,0,2704,1690,142,-1.33965095986038,-0.063246073298429,0,1.34114307963115
78977,790174747,45.4091389,3195,1887,0,2712,1688,142,-1.31298429319372,-0.0699127399650956,0,1.31484430461665
78979,790194747,45.4107948,3327,1814,0,2785,1626,142,-1.06965095986038,-0.276579406631762,0,1.10483000688025
78980,790204746,45.4126598,2739,1405,0,2391,1311,142,-2.38298429319372,-1.32657940663176,0,2.72734799094421
78981,790214746,45.4146769,2815,1735,0,2457,1566,142,-2.16298429319372,-0.476579406631762,0,2.21486545492682
78982,790224746,45.4287631,2837,1793,0,2475,1619,142,-2.10298429319372,-0.299912739965096,0,2.12426236350712
78983,790234746,45.4297503,2797,1856,0,2436,1666,142,-2.23298429319372,-0.143246073298429,0,2.23757419791283
78984,790244746,45.6756705,2961,1970,0,2561,1763,142,-1.81631762652705,0.180087260034904,0,1.82522358675855
78985,790254747,45.6778828,3099,1712,0,2659,1543,142,-1.48965095986038,-0.553246073298429,0,1.58906928729779
78986,790264746,45.6792676,3207,1563,0,2713,1430,142,-1.30965095986038,-0.929912739965096,0,1.60621397721867
78987,790274747,45.6806455,3180,1872,0,2706,1679,142,-1.33298429319372,-0.0999127399650956,0,1.33672348730337
78988,790284747,45.6827169,3369,1843,0,2807,1653,142,-0.996317626527051,-0.186579406631762,0,1.01363735522501
78989,790294747,45.6840088,3251,1874,0,2744,1686,142,-1.20631762652705,-0.0765794066317623,0,1.20874588793093
78990,790304746,45.6854319,3277,1776,0,2761,1598,142,-1.14965095986038,-0.369912739965096,0,1.20769729845537
78991,790314746,45.6870463,3296,1825,0,2772,1644,142,-1.11298429319372,-0.216579406631762,0,1.13386095985041
78992,790324747,45.6889099,3322,1824,0,2782,1639,142,-1.07965095986038,-0.233246073298429,0,1.10455870185182
78993,790334747,45.690511,3299,1803,0,2778,1617,142,-1.09298429319372,-0.306579406631762,0,1.13516765182014
78994,790344747,45.6919624,3310,1814,0,2776,1630,142,-1.09965095986038,-0.263246073298429,0,1.13072133111077
78995,790354747,45.6937499,3309,1808,0,2778,1633,142,-1.09298429319372,-0.253246073298429,0,1.12193949872943
78997,790374747,45.6953963,3244,1811,0,2743,1635,142,-1.20965095986038,-0.246579406631762,0,1.23452697356762
78998,790384746,45.6970508,3296,1829,0,2764,1644,142,-1.13965095986038,-0.216579406631762,0,1.16004782215548
78999,790394746,45.6985311,3313,1838,0,2779,1648,142,-1.08965095986038,-0.203246073298429,0,1.10844403586103
79000,790404748,45.6999187,3316,1854,0,2787,1655,142,-1.06298429319372,-0.179912739965096,0,1.07810212947489
79001,790414751,45.7014094,3321,1853,0,2785,1666,142,-1.06965095986038,-0.143246073298429,0,1.07919998769721
79002,790424746,45.7027437,3312,1861,0,2779,1672,142,-1.08965095986038,-0.123246073298429,0,1.09659874562583
79003,790434746,45.7044731,3307,1863,0,2778,1671,142,-1.09298429319372,-0.126579406631762,0,1.10028951251542
79004,790444747,45.7057366,3311,1870,0,2778,1679,142,-1.09298429319372,-0.0999127399650956,0,1.09754144376215
79005,790454747,45.7068121,3291,1882,0,2766,1687,142,-1.13298429319372,-0.073246073298429,0,1.13534945980403
79006,790464747,45.7079102,3297,1883,0,2769,1691,142,-1.12298429319372,-0.0599127399650956,0,1.12458137063083
79007,790474746,45.709846,3283,1888,0,2762,1694,142,-1.14631762652705,-0.0499127399650956,0,1.14740375740078
79008,790484747,45.7110382,3308,1899,0,2779,1699,142,-1.08965095986038,-0.033246073298429,0,1.09015802327664
79009,790494746,45.7120729,3315,1895,0,2781,1704,142,-1.08298429319372,-0.0165794066317623,0,1.08311119282766
79010,790504746,45.7136847,3312,1901,0,2779,1700,142,-1.08965095986038,-0.0299127399650956,0,1.09006145988971
79011,790514747,45.7151433,3311,1901,0,2779,1700,142,-1.08965095986038,-0.0299127399650956,0,1.09006145988971
79012,790524746,45.8708755,3312,1893,0,2783,1696,142,-1.07631762652705,-0.043246073298429,0,1.07718608235929
79013,790534746,45.8717242,3421,1821,0,2841,1630,142,-0.882984293193717,-0.263246073298429,0,0.921390122116495
79014,790544747,45.8724156,3249,1468,0,2743,1359,142,-1.20965095986038,-1.16657940663176,0,1.680524607576
79015,790554747,45.8732311,3303,1807,0,2774,1618,142,-1.10631762652705,-0.303246073298429,0,1.14712548212276
79016,790564746,45.8740735,3321,1863,0,2788,1672,142,-1.05965095986038,-0.123246073298429,0,1.06679414664523
79017,790574746,45.8750249,3264,1950,0,2752,1741,142,-1.17965095986038,0.106753926701571,0,1.1844715226487
79018,790584747,45.875973,3485,2119,0,2868,1878,142,-0.792984293193717,0.563420593368238,0,0.972762486058831
79019,790594747,45.8768292,3401,1615,0,2829,1467,142,-0.922984293193717,-0.806579406631762,0,1.22575297049803
79020,790604746,45.8775324,3132,1795,0,2664,1619,142,-1.47298429319372,-0.299912739965096,0,1.50320669889033
79021,790614746,45.8781865,3397,1823,0,2832,1641,142,-0.912984293193717,-0.226579406631762,0,0.940679832423356
79022,790624747,45.8788179,3387,1856,0,2817,1666,142,-0.962984293193717,-0.143246073298429,0,0.973580087333971
79023,790634746,45.8794308,3343,1894,0,2797,1695,142,-1.02965095986038,-0.0465794066317623,0,1.03070400225456
79024,790644746,45.8800704,3355,1729,0,2803,1566,142,-1.00965095986038,-0.476579406631762,0,1.11647794047732
79025,790654747,45.8808169,3347,1838,0,2797,1652,142,-1.02965095986038,-0.189912739965096,0,1.04701859961629
79026,790664747,45.8818856,3360,1818,0,2799,1630,142,-1.02298429319372,-0.263246073298429,0,1.05631215046883
79027,790674747,45.8831854,3355,1799,0,2800,1626,142,-1.01965095986038,-0.276579406631762,0,1.05649621301592
79028,790684746,45.8845628,3362,1808,0,2806,1629,142,-0.999650959860384,-0.266579406631762,0,1.03458524133584
79029,790694746,45.8974853,3366,1814,0,2810,1631,142,-0.986317626527051,-0.259912739965096,0,1.0199887709157
79030,790704747,45.8982771,3374,1826,0,2809,1648,142,-0.989650959860384,-0.203246073298429,0,1.01030588866135
79031,790714746,45.9154789,3361,1837,0,2808,1650,142,-0.992984293193717,-0.196579406631762,0,1.01225553574239
79032,790724746,45.929622,3359,1840,0,2807,1653,142,-0.996317626527051,-0.186579406631762,0,1.01363735522501
79033,790734746,45.9312965,3353,1842,0,2800,1655,142,-1.01965095986038,-0.179912739965096,0,1.03540169690123
79034,790744747,46.0599267,3347,1845,0,2797,1658,142,-1.02965095986038,-0.169912739965096,0,1.04357627337146
79035,790754747,46.0606994,3349,1854,0,2800,1664,142,-1.01965095986038,-0.149912739965096,0,1.03061239539802
79036,790764746,46.0612414,3340,1858,0,2799,1667,142,-1.02298429319372,-0.139912739965096,0,1.03250783964365
79037,790774746,46.0617684,3341,1863,0,2796,1678,142,-1.03298429319372,-0.103246073298429,0,1.0381311582052
79038,790784747,46.0623652,3346,1874,0,2797,1679,142,-1.02965095986038,-0.0999127399650956,0,1.03448714576293
79039,790794747,46.0630078,3349,1879,0,2798,1684,142,-1.02631762652705,-0.083246073298429,0,1.02968819515411
79040,790804746,46.0637655,3344,1886,0,2799,1695,142,-1.02298429319372,-0.0465794066317623,0,1.02404419105975
79041,790814746,46.0646509,3349,1900,0,2798,1696,142,-1.02631762652705,-0.043246073298429,0,1.02722835502913
79042,790824747,46.0656828,3345,1892,0,2799,1694,142,-1.02298429319372,-0.0499127399650956,0,1.02420122326224
79043,790834747,46.0672027,3344,1891,0,2797,1704,142,-1.02965095986038,-0.0165794066317623,0,1.02978443174563
79044,790844746,46.0688331,3345,1899,0,2797,1697,142,-1.02965095986038,-0.0399127399650956,0,1.03042424561582
79045,790854747,46.0695262,3337,1895,0,2796,1700,142,-1.03298429319372,-0.0299127399650956,0,1.03341730293098
79046,790864746,46.0703081,3329,1897,0,2792,1704,142,-1.04631762652705,-0.0165794066317623,0,1.04644897262383
79047,790874746,46.0709266,3318,1889,0,2788,1695,142,-1.05965095986038,-0.0465794066317623,0,1.06067421853046
79048,790884747,46.0864649,3306,1889,0,2770,1690,142,-1.11965095986038,-0.063246073298429,0,1.12143583753327
79049,790894746,46.087788,3199,1841,0,2712,1653,142,-1.31298429319372,-0.186579406631762,0,1.32617481093273
79050,790904746,46.1024869,2880,1088,0,2507,1046,142,-1.99631762652705,-2.2099127399651,0,2.97808636279115
79051,790914747,46.1199827,3120,1773,0,2662,1592,142,-1.47965095986038,-0.389912739965096,0,1.53016303307943
79052,790924747,46.1212457,3137,1842,0,2672,1655,142,-1.44631762652705,-0.179912739965096,0,1.45746467223209
79053,790934746,46.1331,3147,1830,0,2678,1651,142,-1.42631762652705,-0.193246073298429,0,1.43934916423605
79054,790944746,46.2674793,3099,1955,0,2650,1742,142,-1.51965095986038,0.110087260034904,0,1.52363323822585
79055,790954747,46.2689485,3267,2017,0,2754,1795,142,-1.17298429319372,0.286753926701571,0,1.20752638337965
79056,790964746,46.2701259,3275,1635,0,2763,1475,142,-1.14298429319372,-0.779912739965096,0,1.38371853223385
79057,790974746,46.270944,2896,1787,0,2509,1618,142,-1.98965095986038,-0.303246073298429,0,2.01262741784073
79058,790984747,46.271688,3208,1799,0,2722,1613,142,-1.27965095986038,-0.319912739965096,0,1.31903401785685
79059,790994747,46.2725083,3163,1847,0,2688,1654,142,-1.39298429319372,-0.183246073298429,0,1.40498553888063
79060,791004746,46.2736151,3136,1858,0,2671,1676,142,-1.44965095986038,-0.109912739965096,0,1.45381178831057
79061,791014747,46.2747708,3139,1686,0,2676,1522,142,-1.43298429319372,-0.623246073298429,0,1.56265148143206
79062,791024746,46.275657,3147,1809,0,2676,1625,142,-1.43298429319372,-0.279912739965096,0,1.46006682262651
79063,791034747,46.2763691,3170,1810,0,2694,1634,142,-1.37298429319372,-0.249912739965096,0,1.39554371015512
79064,791044746,46.2770809,3152,1787,0,2683,1605,142,-1.40965095986038,-0.346579406631762,0,1.45163119067362
79065,791054746,46.2776353,3132,1792,0,2670,1612,142,-1.45298429319372,-0.323246073298429,0,1.48850642597555
79067,791074747,46.2785372,3167,1804,0,2684,1627,142,-1.40631762652705,-0.273246073298429,0,1.43261742389714
79068,791084747,46.2892926,3173,1814,0,2697,1632,142,-1.36298429319372,-0.256579406631762,0,1.38692435821146
79069,791094746,46.2903834,3162,1816,0,2695,1635,142,-1.36965095986038,-0.246579406631762,0,1.39166991618751
79070,791104746,46.3056882,3173,1824,0,2697,1639,142,-1.36298429319372,-0.233246073298429,0,1.38279785731752
79071,791114747,46.3064257,3164,1823,0,2694,1640,142,-1.37298429319372,-0.229912739965096,0,1.39210119508422
79072,791124746,46.3221697,3136,1827,0,2674,1637,142,-1.43965095986038,-0.239912739965096,0,1.45950437101931
79073,791134746,46.4594297,3104,1821,0,2651,1643,142,-1.51631762652705,-0.219912739965096,0,1.53218169866226
79074,791144746,46.4606976,3071,1827,0,2629,1641,142,-1.58965095986038,-0.226579406631762,0,1.60571741028571
79075,791154746,46.4617472,3175,1838,0,2703,1650,142,-1.34298429319372,-0.196579406631762,0,1.35729520550127
79077,791174747,46.4627074,3152,1843,0,2683,1653,142,-1.40965095986038,-0.186579406631762,0,1.42194504240296
79078,791184747,46.4636817,3127,1853,0,2670,1663,142,-1.45298429319372,-0.153246073298429,0,1.46104336528696
79079,791194747,46.4647672,3153,1855,0,2683,1671,142,-1.40965095986038,-0.126579406631762,0,1.41532263983113
79080,791204746,46.4655257,3162,1863,0,2689,1668,142,-1.38965095986038,-0.136579406631762,0,1.39634656319868
79081,791214746,46.466173,3182,1868,0,2696,1678,142,-1.36631762652705,-0.103246073298429,0,1.37021297914231
79082,791224747,46.4667407,3167,1871,0,2696,1676,142,-1.36631762652705,-0.109912739965096,0,1.3707314350248
79083,791234747,46.4674357,3183,1865,0,2700,1676,142,-1.35298429319372,-0.109912739965096,0,1.35744145657761
79084,791244747,46.4682857,3175,1871,0,2694,1672,142,-1.37298429319372,-0.123246073298429,0,1.37850479286078
79085,791254747,46.469134,3161,1867,0,2687,1675,142,-1.39631762652705,-0.113246073298429,0,1.40090241889564
79086,791264747,46.4703031,3248,1744,0,2741,1565,142,-1.21631762652705,-0.479912739965096,0,1.30757210377906
79087,791274746,46.4771123,2837,1494,0,2479,1386,142,-2.08965095986038,-1.07657940663176,0,2.35067317014276
79088,791284746,46.4780836,3095,1766,0,2649,1594,142,-1.52298429319372,-0.383246073298429,0,1.57046448861903
79089,791294747,46.4903071,3116,1856,0,2660,1667,142,-1.48631762652705,-0.139912739965096,0,1.49288836211203
79090,791304747,46.5067196,3053,1902,0,2624,1706,142,-1.60631762652705,-0.00991273996509563,0,1.60634821246986
79091,791314746,46.5078942,3214,1899,0,2719,1704,142,-1.28965095986038,-0.0165794066317623,0,1.28975752565863
79092,791324746,46.5213162,3152,1556,0,2681,1420,142,-1.41631762652705,-0.963246073298429,0,1.71283350531687
79093,791334746,46.6723005,3104,1879,0,2655,1687,142,-1.50298429319372,-0.073246073298429,0,1.50476801296434
79094,791344746,46.6734687,3242,1839,0,2731,1645,142,-1.24965095986038,-0.213246073298429,0,1.26771503472081
79095,791354747,46.6743529,3197,1866,0,2713,1672,142,-1.30965095986038,-0.123246073298429,0,1.31543727757986
79096,791364746,46.675057,3191,1790,0,2712,1600,142,-1.31298429319372,-0.363246073298429,0,1.36230520219961
79097,791374747,46.6760992,3152,1795,0,2683,1613,142,-1.40965095986038,-0.319912739965096,0,1.4454964509909
79098,791384746,46.677191,3136,1795,0,2676,1623,142,-1.43298429319372,-0.286579406631762,0,1.46135955221339
79099,791394747,46.6781119,3093,1776,0,2643,1599,142,-1.54298429319372,-0.366579406631762,0,1.58593221494773
79100,791404746,46.6790213,3085,1787,0,2642,1608,142,-1.54631762652705,-0.336579406631762,0,1.5825245334834
79101,791414747,46.6801371,3065,1787,0,2631,1608,142,-1.58298429319372,-0.336579406631762,0,1.61837108521705
79102,791424746,46.6810338,3098,1786,0,2649,1611,142,-1.52298429319372,-0.326579406631762,0,1.55760561958113
79103,791434746,46.6818442,3071,1787,0,2643,1612,142,-1.54298429319372,-0.323246073298429,0,1.57647979782342
79104,791444746,46.6826216,3117,1796,0,2662,1621,142,-1.47965095986038,-0.293246073298429,0,1.50842972077611
79105,791454746,46.6836411,3089,1793,0,2650,1619,142,-1.51965095986038,-0.299912739965096,0,1.54896310201307
79106,791464747,46.6846011,3134,1808,0,2673,1626,142,-1.44298429319372,-0.276579406631762,0,1.46925145518953
79107,791474746,46.6857595,3137,1815,0,2672,1640,142,-1.44631762652705,-0.229912739965096,0,1.46447756718944
79108,791484746,46.6865473,3148,1826,0,2681,1639,142,-1.41631762652705,-0.233246073298429,0,1.43539518945841
79109,791494747,46.6935043,3147,1819,0,2681,1635,142,-1.41631762652705,-0.246579406631762,0,1.43762200281788
79110,791504746,46.708613,3137,1829,0,2676,1642,142,-1.43298429319372,-0.223246073298429,0,1.4502699037707
79111,791514747,46.7098868,3126,1827,0,2666,1644,142,-1.46631762652705,-0.216579406631762,0,1.48222603581265
79112,791524746,46.7246662,3100,1827,0,2658,1640,142,-1.49298429319372,-0.229912739965096,0,1.51058332035059
79113,791534747,46.7257838,3141,1835,0,2674,1649,142,-1.43965095986038,-0.199912739965096,0,1.45346482235632
79114,791544746,46.7403805,3130,1847,0,2670,1653,142,-1.45298429319372,-0.186579406631762,0,1.46491475221144
79115,791554747,46.9117656,3102,1844,0,2649,1651,142,-1.52298429319372,-0.193246073298429,0,1.53519549314087
79116,791564746,46.9128631,3173,1851,0,2693,1653,142,-1.37631762652705,-0.186579406631762,0,1.38890679459354
79117,791574747,46.9137432,3166,1857,0,2692,1664,142,-1.37965095986038,-0.149912739965096,0,1.38777181144723
79118,791584747,46.9144085,3143,1867,0,2679,1666,142,-1.42298429319372,-0.143246073298429,0,1.43017612068984
79119,791594746,46.9151354,3158,1870,0,2685,1670,142,-1.40298429319372,-0.129912739965096,0,1.40898624796465
79120,791604746,46.9157463,3171,1859,0,2694,1675,142,-1.37298429319372,-0.113246073298429,0,1.37764674081354
79121,791614747,46.9162908,3168,1870,0,2694,1675,142,-1.37298429319372,-0.113246073298429,0,1.37764674081354
79122,791624747,46.9168475,3173,1866,0,2695,1675,142,-1.36965095986038,-0.113246073298429,0,1.37432471598381
79123,791634747,46.9176194,3130,1353,0,2653,1257,142,-1.50965095986038,-1.50657940663176,0,2.1327980516435
79124,791644746,46.9183357,3147,1737,0,2676,1562,142,-1.43298429319372,-0.489912739965096,0,1.5144168769926
79125,791654746,46.9190942,3127,1825,0,2664,1644,142,-1.47298429319372,-0.216579406631762,0,1.48882146927439
79126,791664747,46.9198533,3094,1916,0,2651,1705,142,-1.51631762652705,-0.013246073298429,0,1.51637548218588
79127,791674747,46.9204487,3279,2006,0,2762,1790,142,-1.14631762652705,0.270087260034904,0,1.17770591784187
79128,791684747,46.9212541,3171,1585,0,2698,1442,142,-1.35965095986038,-0.889912739965096,0,1.62499089763649
79129,791694747,46.9221373,3082,1850,0,2631,1654,142,-1.58298429319372,-0.183246073298429,0,1.59355526916305
79130,791704747,46.9229845,3265,1835,0,2747,1656,142,-1.19631762652705,-0.176579406631762,0,1.2092791862865
79131,791714746,46.9239003,3173,1837,0,2692,1653,142,-1.37965095986038,-0.186579406631762,0,1.39220998632489
79132,791724747,46.9297479,3144,1786,0,2679,1601,142,-1.42298429319372,-0.359912739965096,0,1.46779476735176
79133,791734746,46.9312841,3188,1808,0,2703,1624,142,-1.34298429319372,-0.283246073298429,0,1.37252874279703
79134,791744747,46.9437803,3214,1807,0,2719,1615,142,-1.28965095986038,-0.313246073298429,0,1.32714833410049
79135,791754747,47.0823424,3190,1791,0,2710,1612,142,-1.31965095986038,-0.323246073298429,0,1.35866356386093
79136,791764746,47.0839992,3181,1781,0,2701,1601,142,-1.34965095986038,-0.359912739965096,0,1.39681598424461
79137,791774747,47.0854092,3162,1773,0,2688,1600,142,-1.39298429319372,-0.363246073298429,0,1.43956693170242
79138,791784746,47.0863504,3152,1783,0,2683,1603,142,-1.40965095986038,-0.353246073298429,0,1.45323728858575
79139,791794746,47.087267,3148,1776,0,2673,1600,142,-1.44298429319372,-0.363246073298429,0,1.48800247989393
79140,791804747,47.0884247,3161,1786,0,2686,1612,142,-1.39965095986038,-0.323246073298429,0,1.43649254552223
79141,791814747,47.0894528,3157,1787,0,2685,1615,142,-1.40298429319372,-0.313246073298429,0,1.43752844472211
79142,791824747,47.0904541,3175,1806,0,2701,1626,142,-1.34965095986038,-0.276579406631762,0,1.37769876301927
79143,791834747,47.0914707,3179,1819,0,2694,1629,142,-1.37298429319372,-0.266579406631762,0,1.39862448476952
79144,791844746,47.0924724,3175,1823,0,2693,1637,142,-1.37631762652705,-0.239912739965096,0,1.39707134101542
79145,791854747,47.0932386,3167,1831,0,2695,1641,142,-1.36965095986038,-0.226579406631762,0,1.38826581725406
79146,791864746,47.0940194,3162,1831,0,2689,1650,142,-1.38965095986038,-0.196579406631762,0,1.40348610728877
79147,791874747,47.0949104,3206,1851,0,2710,1658,142,-1.31965095986038,-0.169912739965096,0,1.33054462347675
79148,791884747,47.0958991,3210,1855,0,2713,1658,142,-1.30965095986038,-0.169912739965096,0,1.32062711461853
79149,791894747,47.1000733,3202,1857,0,2707,1670,142,-1.32965095986038,-0.129912739965096,0,1.3359824082161
79150,791904747,47.1017296,3194,1865,0,2705,1673,142,-1.33631762652705,-0.119912739965096,0,1.34168694715751
79151,791914746,47.116913,3194,1875,0,2707,1673,142,-1.32965095986038,-0.119912739965096,0,1.33504709290106
79152,791924747,47.1179803,3194,1876,0,2707,1683,142,-1.32965095986038,-0.0865794066317623,0,1.33246676082758
79153,791934746,47.1321674,3183,1872,0,2695,1685,142,-1.36965095986038,-0.0799127399650956,0,1.37198024688958
79154,791944746,47.1474808,3183,1878,0,2705,1690,142,-1.33631762652705,-0.063246073298429,0,1.33781346411021
79155,791954747,47.1482446,3181,1881,0,2701,1684,142,-1.34965095986038,-0.083246073298429,0,1.35221581937635
79156,791964747,47.2752967,3182,1877,0,2697,1681,142,-1.36298429319372,-0.093246073298429,0,1.3661701993816
79157,791974747,47.2763768,3180,1874,0,2694,1690,142,-1.37298429319372,-0.063246073298429,0,1.37444022610819
79158,791984747,47.2770316,3218,1877,0,2722,1686,142,-1.27965095986038,-0.0765794066317623,0,1.28194032021451
79159,791994747,47.2782458,3219,1883,0,2722,1690,142,-1.27965095986038,-0.063246073298429,0,1.28121295843403
79160,792004747,47.2795002,3216,1872,0,2722,1680,142,-1.27965095986038,-0.0965794066317623,0,1.28329036498251
79161,792014746,47.2806962,3197,1866,0,2712,1672,142,-1.31298429319372,-0.123246073298429,0,1.31875598529709
79162,792024747,47.2819449,3182,1850,0,2702,1665,142,-1.34631762652705,-0.146579406631762,0,1.35427348565419
79163,792034747,47.2829707,3046,1103,0,2583,1036,142,-1.74298429319372,-2.24324607329843,0,2.84080044911444
79164,792044746,47.2842673,2711,1664,0,2369,1499,142,-2.45631762652705,-0.699912739965096,0,2.55408968635656
79165,792054746,47.285555,2721,1778,0,2375,1600,142,-2.43631762652705,-0.363246073298429,0,2.46324811724136
79166,792064746,47.2870347,2754,1807,0,2406,1615,142,-2.33298429319372,-0.313246073298429,0,2.35391988281791
79167,792074746,47.2880506,2767,1791,0,2412,1618,142,-2.31298429319372,-0.303246073298429,0,2.33277828383491
79168,792084747,47.289337,2890,1926,0,2515,1722,142,-1.96965095986038,0.0434205933682377,0,1.97012950122762
79169,792094746,47.2900847,2974,1860,0,2566,1668,142,-1.79965095986038,-0.136579406631762,0,1.80482617214021
79170,792104746,47.303573,3071,1533,0,2630,1391,142,-1.58631762652705,-1.0599127399651,0,1.907830870012
79171,792114746,47.3185694,2469,1834,0,2176,1657,142,-3.09965095986038,-0.173246073298429,0,3.10448873002894
79172,792124746,47.3200196,2837,1732,0,2472,1562,142,-2.11298429319372,-0.489912739965096,0,2.16903598772899
79173,792134746,47.3341971,2856,1782,0,2484,1602,142,-2.07298429319372,-0.356579406631762,0,2.1034288086507
79174,792144746,47.3485758,2786,1808,0,2432,1626,142,-2.24631762652705,-0.276579406631762,0,2.26328059405344
79175,792154746,47.3492059,2778,1667,0,2424,1504,142,-2.27298429319372,-0.683246073298429,0,2.37345376904271
79176,792164746,47.4666056,2817,1743,0,2453,1573,142,-2.17631762652705,-0.453246073298429,0,2.22301381338326
79177,792174746,47.4677932,2864,1802,0,2492,1621,142,-2.04631762652705,-0.293246073298429,0,2.06722255409045
79179,792194747,47.4687366,2941,1747,0,2539,1580,142,-1.88965095986038,-0.429912739965096,0,1.93793852175077
79180,792204746,47.4695044,2823,1765,0,2458,1600,142,-2.15965095986038,-0.363246073298429,0,2.18998629634813
79181,792214746,47.4703052,2836,1758,0,2467,1591,142,-2.12965095986038,-0.393246073298429,0,2.16565363920431
79183,792234746,47.471088,2821,1779,0,2456,1600,142,-2.16631762652705,-0.363246073298429,0,2.19656089575694
79184,792244746,47.4721092,2806,1777,0,2450,1602,142,-2.18631762652705,-0.356579406631762,0,2.2152051005035
79185,792254746,47.4734184,2805,1782,0,2448,1601,142,-2.19298429319372,-0.359912739965096,0,2.22232249922992
79186,792264746,47.4751069,2832,1792,0,2467,1611,142,-2.12965095986038,-0.326579406631762,0,2.15454573394723
79187,792274746,47.4768609,2866,1803,0,2491,1619,142,-2.04965095986038,-0.299912739965096,0,2.07147693900993
79188,792284746,47.4780471,2912,1813,0,2528,1627,142,-1.92631762652705,-0.273246073298429,0,1.94560093925805
79189,792294746,47.4940017,2864,1810,0,2493,1626,142,-2.04298429319372,-0.276579406631762,0,2.0616209618669
79190,792304746,47.5071049,2869,1811,0,2493,1635,142,-2.04298429319372,-0.246579406631762,0,2.05781102776983
79191,792314746,47.5081075,2841,1812,0,2476,1626,142,-2.09965095986038,-0.276579406631762,0,2.11778901721003
79192,792324746,47.5235187,2870,1822,0,2499,1635,142,-2.02298429319372,-0.246579406631762,0,2.03795653886028
79193,792334747,47.5384614,2890,1826,0,2518,1639,142,-1.95965095986038,-0.233246073298429,0,1.97348311753378
79194,792344746,47.539364,2909,1825,0,2524,1642,142,-1.93965095986038,-0.223246073298429,0,1.95245605720858
79195,792354746,47.5546539,2969,1472,0,2566,1337,142,-1.79965095986038,-1.2399127399651,0,2.18543523812859
79196,792364747,47.5556108,2895,1664,0,2518,1517,142,-1.95965095986038,-0.639912739965096,0,2.06148495004241
79197,792374747,47.6780728,2886,1747,0,2511,1585,142,-1.98298429319372,-0.413246073298429,0,2.02558609398602
79198,792384747,47.6794449,2941,1897,0,2543,1703,142,-1.87631762652705,-0.0199127399650956,0,1.876423287222
79199,792394746,47.6804876,3198,1682,0,2709,1529,142,-1.32298429319372,-0.599912739965096,0,1.45264680346246
79200,792404746,47.6813406,3167,1809,0,2691,1630,142,-1.38298429319372,-0.263246073298429,0,1.40781534667284
79201,792414747,47.6820527,3376,1825,0,2816,1642,142,-0.966317626527051,-0.223246073298429,0,0.991770419290695
79202,792424747,47.682856,3393,1871,0,2825,1676,142,-0.936317626527051,-0.109912739965096,0,0.942746788990492
79203,792434746,47.6837761,3485,1875,0,2870,1679,142,-0.786317626527051,-0.0999127399650956,0,0.792639871186447
79204,792444747,47.6848269,3487,1798,0,2870,1624,142,-0.786317626527051,-0.283246073298429,0,0.835777331486152
79205,792454746,47.6858947,3495,1872,0,2879,1679,142,-0.756317626527051,-0.0999127399650956,0,0.762888529080654
79206,792464746,47.6868013,3487,1845,0,2876,1657,142,-0.766317626527051,-0.173246073298429,0,0.785656990447725
79207,792474747,47.6882713,3504,1840,0,2884,1653,142,-0.739650959860384,-0.186579406631762,0,0.762820698068326
79208,792484747,47.6895057,3509,1838,0,2884,1653,142,-0.739650959860384,-0.186579406631762,0,0.762820698068326
79209,792494747,47.6964324,3516,1843,0,2884,1653,142,-0.739650959860384,-0.186579406631762,0,0.762820698068326
79210,792504747,47.6971714,3508,1845,0,2885,1651,142,-0.736317626527051,-0.193246073298429,0,0.761254025920186
79211,792514746,47.7108534,3520,1843,0,2888,1655,142,-0.726317626527051,-0.179912739965096,0,0.748268593892351
79212,792524746,47.7271221,3517,1843,0,2891,1663,142,-0.716317626527051,-0.153246073298429,0,0.732526655525063
79213,792534746,47.7428344,3523,1846,0,2893,1657,142,-0.709650959860384,-0.173246073298429,0,0.7304920853398
79214,792544747,47.7437823,3526,1854,0,2891,1663,142,-0.716317626527051,-0.153246073298429,0,0.732526655525063
79215,792554747,47.7578932,3522,1857,0,2896,1667,142,-0.699650959860384,-0.139912739965096,0,0.71350335699147
79216,792564747,47.7587186,3520,1866,0,2889,1671,142,-0.722984293193717,-0.126579406631762,0,0.733981358338254
79217,792574746,47.8760333,3517,1868,0,2893,1679,142,-0.709650959860384,-0.0999127399650956,0,0.716649872977103
79218,792584746,47.8770338,3524,1872,0,2890,1680,142,-0.719650959860384,-0.0965794066317623,0,0.726102668920391
79219,792594746,47.8779035,3536,1886,0,2898,1687,142,-0.692984293193717,-0.073246073298429,0,0.69684447179183
79220,792604746,47.8786828,3520,1893,0,2896,1698,142,-0.699650959860384,-0.0365794066317623,0,0.700606536240627
79221,792614746,47.8793946,3535,1904,0,2898,1704,142,-0.692984293193717,-0.0165794066317623,0,0.693182593071593
79222,792624747,47.8800854,3536,1903,0,2897,1708,142,-0.696317626527051,-0.00324607329842896,0,0.696325192711081
79223,792634746,47.8807954,3536,1911,0,2895,1706,142,-0.702984293193717,-0.00991273996509563,0,0.703054179200071
79224,792644747,47.8814661,3498,1904,0,2875,1705,142,-0.769650959860384,-0.013246073298429,0,0.769764937154089
79225,792654746,47.8822981,3521,1907,0,2894,1708,142,-0.706317626527051,-0.00324607329842896,0,0.706325085590668
79226,792664746,47.883144,3520,1905,0,2897,1704,142,-0.696317626527051,-0.0165794066317623,0,0.696514977395696
79227,792674746,47.8837348,3526,1904,0,2893,1710,142,-0.709650959860384,0.00342059336823771,0,0.709659203625061
79228,792684746,47.8847963,3578,1657,0,2916,1484,142,-0.632984293193717,-0.749912739965096,0,0.98134511411221
79229,792694746,47.8991567,3517,1727,0,2891,1564,142,-0.716317626527051,-0.483246073298429,0,0.864082003881401
79230,792704747,47.9005426,3529,1833,0,2887,1649,142,-0.729650959860384,-0.199912739965096,0,0.756541887026443
79231,792714747,47.9148915,3546,1969,0,2903,1760,142,-0.676317626527051,0.170087260034904,0,0.697377378452559
79232,792724746,47.93048,3613,1744,0,2940,1566,142,-0.552984293193717,-0.476579406631762,0,0.730013396688333
79233,792734747,47.9313699,3440,1840,0,2849,1657,142,-0.856317626527051,-0.173246073298429,0,0.87366703006022
79234,792744746,47.9471771,3563,1861,0,2911,1667,142,-0.649650959860384,-0.139912739965096,0,0.664546420088212
79235,792754746,47.9615996,3558,1904,0,2915,1701,142,-0.636317626527051,-0.0265794066317623,0,0.636872504262757
79236,792764747,47.9623637,3533,1876,0,2900,1682,142,-0.686317626527051,-0.0899127399650956,0,0.692182190820997
79237,792774746,48.0806823,3531,1805,0,2897,1628,142,-0.696317626527051,-0.269912739965096,0,0.746800591997442
79238,792784746,48.0815442,3542,1865,0,2902,1672,142,-0.679650959860384,-0.123246073298429,0,0.690735131452443
79239,792794746,48.0823476,3533,1840,0,2898,1653,142,-0.692984293193717,-0.186579406631762,0,0.717662250360332
79240,792804747,48.0831384,3535,1840,0,2900,1656,142,-0.686317626527051,-0.176579406631762,0,0.708669296165813
79241,792814747,48.0840318,3523,1835,0,2895,1644,142,-0.702984293193717,-0.216579406631762,0,0.735590617024195
79242,792824747,48.0851967,3524,1836,0,2900,1646,142,-0.686317626527051,-0.209912739965096,0,0.71770136051242
79243,792834746,48.0862897,3526,1838,0,2893,1653,142,-0.709650959860384,-0.186579406631762,0,0.733768600997498
79244,792844747,48.0872214,3541,1841,0,2909,1658,142,-0.656317626527051,-0.169912739965096,0,0.677955135752026
79245,792854747,48.0880949,3559,1842,0,2911,1653,142,-0.649650959860384,-0.186579406631762,0,0.675912897218701
79246,792864746,48.0889437,3561,1845,0,2914,1658,142,-0.639650959860384,-0.169912739965096,0,0.661833581539013
79247,792874746,48.0898064,3556,1847,0,2905,1660,142,-0.669650959860384,-0.163246073298429,0,0.689261698115665
79248,792884746,48.0909689,3568,1866,0,2914,1668,142,-0.639650959860384,-0.136579406631762,0,0.65406978585331
79249,792894747,48.0917455,3562,1870,0,2913,1674,142,-0.642984293193717,-0.116579406631762,0,0.653467336096027
79250,792904746,48.1036648,3552,1871,0,2912,1677,142,-0.646317626527051,-0.106579406631762,0,0.655046291705814
79251,792914746,48.1213947,3551,1875,0,2902,1679,142,-0.679650959860384,-0.0999127399650956,0,0.686955590155924
79252,792924747,48.1222132,3507,1871,0,2884,1681,142,-0.739650959860384,-0.093246073298429,0,0.745505447738622
79253,792934746,48.1355292,3529,1877,0,2894,1682,142,-0.706317626527051,-0.0899127399650956,0,0.712017478964412
79254,792944747,48.1371581,3523,1879,0,2900,1691,142,-0.686317626527051,-0.0599127399650956,0,0.688927732706304
79255,792954746,48.150595,3529,1898,0,2895,1700,142,-0.702984293193717,-0.0299127399650956,0,0.703620415060059
79256,792964747,48.1657093,3522,1899,0,2896,1704,142,-0.699650959860384,-0.0165794066317623,0,0.699847370758666
79257,792974747,48.1664837,3521,1906,0,2892,1713,142,-0.712984293193717,0.0134205933682377,0,0.713110590769272
79258,792984746,48.2943715,3523,1911,0,2887,1721,142,-0.729650959860384,0.0400872600349044,0,0.730751333657548
79259,792994746,48.2956077,3517,1923,0,2890,1722,142,-0.719650959860384,0.0434205933682377,0,0.720959674292829
79260,793004746,48.2964521,3504,1926,0,2890,1719,142,-0.719650959860384,0.0334205933682377,0,0.720426568144913
79261,793014747,48.2973434,3493,1915,0,2881,1713,142,-0.749650959860384,0.0134205933682377,0,0.749771081028037
79262,793024747,48.2981505,3489,1921,0,2881,1721,142,-0.749650959860384,0.0400872600349044,0,0.750722019150032
79263,793034747,48.2988232,3471,1911,0,2870,1716,142,-0.786317626527051,0.0234205933682377,0,0.786666342219403
79264,793044746,48.2994877,3489,1917,0,2881,1708,142,-0.749650959860384,-0.00324607329842896,0,0.749657987759387
79265,793054747,48.300528,3568,1760,0,2914,1575,142,-0.639650959860384,-0.446579406631762,0,0.780119552939091
79266,793064747,48.301646,3453,1613,0,2854,1471,142,-0.839650959860384,-0.793246073298429,0,1.15509872616926
79267,793074747,48.3024199,3489,1814,0,2873,1628,142,-0.776317626527051,-0.269912739965096,0,0.821901420154545
79268,793084747,48.3031759,3495,1895,0,2878,1703,142,-0.759650959860384,-0.0199127399650956,0,0.759911901492351
79269,793094747,48.3043126,3390,1952,0,2825,1744,142,-0.936317626527051,0.116753926701571,0,0.943568851300998
79270,793104746,48.3059681,3571,2027,0,2918,1806,142,-0.626317626527051,0.323420593368238,0,0.704893360383783
79271,793114747,48.3070896,3495,1805,0,2878,1621,142,-0.759650959860384,-0.293246073298429,0,0.814286706462626
79272,793124746,48.3212115,3502,1597,0,2883,1455,142,-0.742984293193717,-0.846579406631762,0,1.12637575953389
79273,793134746,48.3363439,3435,1907,0,2844,1713,142,-0.872984293193717,0.0134205933682377,0,0.873087446072437
79274,793144747,48.3377506,3519,1852,0,2892,1666,142,-0.712984293193717,-0.143246073298429,0,0.727231764884046
79275,793154747,48.351606,3457,1889,0,2851,1690,142,-0.849650959860384,-0.063246073298429,0,0.852001654563735
79276,793164747,48.3674689,3437,1817,0,2847,1626,142,-0.862984293193717,-0.276579406631762,0,0.906221859409625
79277,793174746,48.3689604,3408,1819,0,2832,1637,142,-0.912984293193717,-0.239912739965096,0,0.943980107002256
79278,793184746,48.5257503,3423,1845,0,2844,1655,142,-0.872984293193717,-0.179912739965096,0,0.891330561668724
79279,793194750,48.5275956,3434,1828,0,2846,1644,142,-0.866317626527051,-0.216579406631762,0,0.892979769876355
79280,793204747,48.5290021,3423,1839,0,2836,1645,142,-0.899650959860384,-0.213246073298429,0,0.924578680997409
79281,793214746,48.5303411,3440,1827,0,2848,1652,142,-0.859650959860384,-0.189912739965096,0,0.880378680790221
79282,793224747,48.5316923,3446,1846,0,2856,1654,142,-0.832984293193717,-0.183246073298429,0,0.852902078838321
79283,793234746,48.5329772,3456,1844,0,2852,1658,142,-0.846317626527051,-0.169912739965096,0,0.863205574688224
79284,793244746,48.5345684,3461,1853,0,2860,1665,142,-0.819650959860384,-0.146579406631762,0,0.832654321101241
79285,793254746,48.5364032,3467,1859,0,2862,1668,142,-0.812984293193717,-0.136579406631762,0,0.824376974020728
79286,793264747,48.5379804,3459,1866,0,2859,1671,142,-0.822984293193717,-0.126579406631762,0,0.832661691821361
79287,793274747,48.5397882,3454,1860,0,2854,1675,142,-0.839650959860384,-0.113246073298429,0,0.847253449395148
79288,793284746,48.541508,3440,1865,0,2850,1676,142,-0.852984293193717,-0.109912739965096,0,0.860036635755606
79289,793294746,48.5431111,3422,1863,0,2845,1670,142,-0.869650959860384,-0.129912739965096,0,0.87930092231916
79290,793304747,48.5442052,3439,1870,0,2848,1679,142,-0.859650959860384,-0.0999127399650956,0,0.865437651362715
79291,793314746,48.54525,3432,1872,0,2850,1678,142,-0.852984293193717,-0.103246073298429,0,0.859210076807023
79293,793334747,48.547904,3443,1881,0,2853,1688,142,-0.842984293193717,-0.0699127399650956,0,0.845878424941042
79294,793344746,48.550403,3440,1891,0,2848,1692,142,-0.859650959860384,-0.0565794066317623,0,0.861510883299614
79295,793354747,48.5570934,3456,1899,0,2861,1694,142,-0.816317626527051,-0.0499127399650956,0,0.817842129625015
79296,793364747,48.5591684,3460,1904,0,2859,1707,142,-0.822984293193717,-0.00657940663176229,0,0.823010592541304
79297,793374746,48.5711681,3450,1910,0,2858,1710,142,-0.826317626527051,0.00342059336823771,0,0.826324706376549
79298,793384747,48.709496,3451,1914,0,2860,1717,142,-0.819650959860384,0.026753926701571,0,0.820087476184097
79299,793394746,48.7104991,3451,1911,0,2857,1713,142,-0.829650959860384,0.0134205933682377,0,0.829759499809199
79300,793404747,48.711424,3445,1915,0,2859,1715,142,-0.822984293193717,0.0200872600349044,0,0.823229399899732
79301,793414747,48.7123098,3453,1905,0,2855,1709,142,-0.836317626527051,8.72600349043751e-05,0,0.836317631079336
79302,793424746,48.7132222,3514,1609,0,2889,1447,142,-0.722984293193717,-0.873246073298429,0,1.13369528213535
79303,793434747,48.7142183,3289,1647,0,2763,1498,142,-1.14298429319372,-0.703246073298429,0,1.34200154027378
79304,793444746,48.7152404,3372,1798,0,2810,1622,142,-0.986317626527051,-0.289912739965096,0,1.02804273120918
79305,793454747,48.7161924,3384,1897,0,2825,1701,142,-0.936317626527051,-0.0265794066317623,0,0.936694807609259
79307,793474746,48.717126,3413,2073,0,2834,1850,142,-0.906317626527051,0.470087260034904,0,1.02097682255806
79308,793484747,48.7182194,3469,1791,0,2866,1612,142,-0.799650959860384,-0.323246073298429,0,0.86251358337622
79309,793494747,48.7193284,3477,1556,0,2867,1430,142,-0.796317626527051,-0.929912739965096,0,1.22427916190184
79310,793504747,48.7204006,3402,1905,0,2832,1697,142,-0.912984293193717,-0.0399127399650956,0,0.913856305132242
79311,793514747,48.7213898,3522,1830,0,2898,1645,142,-0.692984293193717,-0.213246073298429,0,0.725052493541257
79312,793524746,48.7260139,3448,1872,0,2849,1680,142,-0.856317626527051,-0.0965794066317623,0,0.861746748927006
79313,793534746,48.7268793,3318,1845,0,2782,1661,142,-1.07965095986038,-0.159912739965096,0,1.09142946612715
79314,793544747,48.7420416,3246,1747,0,2740,1585,142,-1.21965095986038,-0.413246073298429,0,1.28775804442641
79315,793554747,48.7577716,3200,1809,0,2716,1627,142,-1.29965095986038,-0.273246073298429,0,1.32806477027253
79316,793564746,48.7590357,2875,1746,0,2504,1586,142,-2.00631762652705,-0.409912739965096,0,2.04776435971008
79317,793574747,48.7735525,3066,1755,0,2631,1583,142,-1.58298429319372,-0.419912739965096,0,1.63773196271032
79318,793584747,48.7886111,3166,1793,0,2683,1615,142,-1.40965095986038,-0.313246073298429,0,1.44403564051314
79319,793594747,48.78974,3200,1802,0,2703,1625,142,-1.34298429319372,-0.279912739965096,0,1.37184472654882
79320,793604747,48.89732,3212,1808,0,2718,1627,142,-1.29298429319372,-0.273246073298429,0,1.32154144808957
79321,793614746,48.8982715,3207,1813,0,2723,1628,142,-1.27631762652705,-0.269912739965096,0,1.30454573357131
79322,793624746,48.8989457,3201,1831,0,2716,1642,142,-1.29965095986038,-0.223246073298429,0,1.31868549196129
79323,793634747,48.8995365,3221,1849,0,2723,1655,142,-1.27631762652705,-0.179912739965096,0,1.28893571514851
79324,793644746,48.9001241,3228,1853,0,2725,1660,142,-1.26965095986038,-0.163246073298429,0,1.28010266788323
79325,793654746,48.9007447,3113,1840,0,2661,1653,142,-1.48298429319372,-0.186579406631762,0,1.49467531217931
79326,793664746,48.9013029,3184,1869,0,2703,1671,142,-1.34298429319372,-0.126579406631762,0,1.34893630611244
79327,793674746,48.9018395,3189,1874,0,2703,1681,142,-1.34298429319372,-0.093246073298429,0,1.34621753143784
79328,793684747,48.902473,3034,1857,0,2613,1673,142,-1.64298429319372,-0.119912739965096,0,1.64735437987313
79329,793694746,48.9031712,3187,1887,0,2700,1695,142,-1.35298429319372,-0.0465794066317623,0,1.35378585409623
79330,793704747,48.9039399,3131,1890,0,2656,1695,142,-1.49965095986038,-0.0465794066317623,0,1.50037416751034
79331,793714747,48.913676,3237,1903,0,2740,1701,142,-1.21965095986038,-0.0265794066317623,0,1.21994054311891
79332,793724747,48.9286067,3209,1894,0,2722,1693,142,-1.27965095986038,-0.053246073298429,0,1.2807582611068
79333,793734746,48.9294584,3207,1891,0,2722,1695,142,-1.27965095986038,-0.0465794066317623,0,1.28049842647063
79334,793744747,48.9433357,3269,1891,0,2759,1700,142,-1.15631762652705,-0.0299127399650956,0,1.15670446762748
79335,793754747,48.958922,3205,1883,0,2719,1687,142,-1.28965095986038,-0.073246073298429,0,1.29172930040409
79336,793764746,48.9596698,3263,1824,0,2752,1640,142,-1.17965095986038,-0.229912739965096,0,1.20184701817568
79337,793774746,48.9743897,2689,1300,0,2357,1224,142,-2.49631762652705,-1.61657940663176,0,2.97404281584101
79338,793784746,48.9749631,2874,1728,0,2507,1559,142,-1.99631762652705,-0.499912739965096,0,2.05795938093102
79339,793794746,48.9903604,3066,1840,0,2631,1651,142,-1.58298429319372,-0.193246073298429,0,1.59473612781026
79340,793804747,48.994701,2943,1829,0,2543,1637,142,-1.87631762652705,-0.239912739965096,0,1.89159349713771
79341,793814746,49.0952517,2992,1967,0,2588,1744,142,-1.72631762652705,0.116753926701571,0,1.73026125976924
79343,793834746,49.096229,3018,1734,0,2594,1566,142,-1.70631762652705,-0.476579406631762,0,1.77162292077699
79344,793844746,49.097161,3344,1486,0,2796,1364,142,-1.03298429319372,-1.1499127399651,0,1.54575413941511
79345,793854747,49.0980781,3313,1874,0,2785,1681,142,-1.06965095986038,-0.093246073298429,0,1.07370759805257
79346,793864746,49.0986924,3536,1803,0,2899,1626,142,-0.689650959860384,-0.276579406631762,0,0.743044153875883
79347,793874746,49.0990942,3449,1872,0,2855,1680,142,-0.836317626527051,-0.0965794066317623,0,0.841875735619683
79348,793884746,49.099485,3439,1926,0,2849,1726,142,-0.856317626527051,0.056753926701571,0,0.858196297881183
79349,793894747,49.1003128,3404,1631,0,2829,1480,142,-0.922984293193717,-0.763246073298429,0,1.19768300225384
79350,793904746,49.1143827,3453,1857,0,2850,1671,142,-0.852984293193717,-0.126579406631762,0,0.862325084071219
79351,793914746,49.1149734,3465,1840,0,2863,1653,142,-0.809650959860384,-0.186579406631762,0,0.830870959765656
79352,793924747,49.1154409,3423,1808,0,2834,1624,142,-0.906317626527051,-0.283246073298429,0,0.949547249057468
79353,793934747,49.1317045,3433,1811,0,2850,1635,142,-0.852984293193717,-0.246579406631762,0,0.887909684714643
79354,793944746,49.1468804,3453,1837,0,2852,1643,142,-0.846317626527051,-0.219912739965096,0,0.87442274568388
79356,793964746,49.1617447,3470,1842,0,2867,1655,142,-0.796317626527051,-0.179912739965096,0,0.816388606191576
79357,793974747,49.1783858,3472,1860,0,2866,1666,142,-0.799650959860384,-0.143246073298429,0,0.812379895812946
79358,793984747,49.1791253,3467,1862,0,2864,1674,142,-0.806317626527051,-0.116579406631762,0,0.814701707926791
79359,793994746,49.1941416,3455,1872,0,2859,1678,142,-0.822984293193717,-0.103246073298429,0,0.829435288913552
79361,794014746,49.3053673,3457,1882,0,2855,1682,142,-0.836317626527051,-0.0899127399650956,0,0.841137012173326
79362,794024747,49.3060496,3451,1889,0,2855,1693,142,-0.836317626527051,-0.053246073298429,0,0.838010928784071
79363,794034747,49.3064918,3447,1897,0,2844,1698,142,-0.872984293193717,-0.0365794066317623,0,0.873750324264584
79364,794044746,49.3069189,3442,1902,0,2852,1705,142,-0.846317626527051,-0.013246073298429,0,0.846421280113046
79365,794054747,49.3075736,3444,1908,0,2855,1709,142,-0.836317626527051,8.72600349043751e-05,0,0.836317631079336
79367,794074746,49.3081766,3451,1919,0,2852,1720,142,-0.846317626527051,0.036753926701571,0,0.847115326327157
79368,794084747,49.308693,3454,1926,0,2863,1718,142,-0.809650959860384,0.0300872600349044,0,0.81020980000198
79369,794094746,49.3092073,3456,1925,0,2850,1723,142,-0.852984293193717,0.046753926701571,0,0.854264674499187
79370,794104746,49.3097472,3442,1922,0,2854,1713,142,-0.839650959860384,0.0134205933682377,0,0.839758207295898
79371,794114747,49.3191487,3457,1919,0,2857,1714,142,-0.829650959860384,0.016753926701571,0,0.829820106563572
79372,794124747,49.3200928,3449,1907,0,2856,1709,142,-0.832984293193717,8.72600349043751e-05,0,0.83298429776422
79373,794134747,49.3357393,3441,1904,0,2855,1705,142,-0.836317626527051,-0.013246073298429,0,0.836422519363071
79374,794144747,49.3367039,3530,1828,0,2901,1635,142,-0.682984293193717,-0.246579406631762,0,0.726132872499375
79375,794154747,49.3514178,3062,1391,0,2663,1296,142,-1.47631762652705,-1.37657940663176,0,2.01853526032049
79376,794164747,49.3683195,3379,1802,0,2818,1619,142,-0.959650959860384,-0.299912739965096,0,1.00542409775891
79377,794174747,49.3690493,2986,1818,0,2571,1630,142,-1.78298429319372,-0.263246073298429,0,1.80231281549085
79378,794184746,49.3822885,3211,1855,0,2729,1671,142,-1.25631762652705,-0.126579406631762,0,1.26267823490619
79379,794194746,49.3973482,3248,1909,0,2735,1703,142,-1.23631762652705,-0.0199127399650956,0,1.23647797832165
79380,794204747,49.3980681,3202,2064,0,2704,1835,142,-1.33965095986038,0.420087260034904,0,1.40397222205373
79381,794214747,49.5035188,3395,1804,0,2832,1623,142,-0.912984293193717,-0.286579406631762,0,0.956905468645594
79382,794224746,49.5044346,3489,1535,0,2870,1402,142,-0.786317626527051,-1.02324607329843,0,1.29047585653812
79383,794234746,49.5053906,3373,1874,0,2815,1682,142,-0.969650959860384,-0.0899127399650956,0,0.973810702737547
79384,794244746,49.5059419,3554,1792,0,2910,1619,142,-0.652984293193717,-0.299912739965096,0,0.718565333669159
79385,794254746,49.5063437,3490,1867,0,2875,1676,142,-0.769650959860384,-0.109912739965096,0,0.777459587644686
79386,794264747,49.5067663,3461,1936,0,2866,1721,142,-0.799650959860384,0.0400872600349044,0,0.800655135512625
79387,794274747,49.5071746,3458,1659,0,2858,1513,142,-0.826317626527051,-0.653246073298429,0,1.05334289392824
79388,794284747,49.5075701,3482,1870,0,2873,1677,142,-0.776317626527051,-0.106579406631762,0,0.783599532398133
79389,794294746,49.5079684,3474,1838,0,2867,1653,142,-0.796317626527051,-0.186579406631762,0,0.817883633102372
79390,794304746,49.5086219,3442,1808,0,2848,1630,142,-0.859650959860384,-0.263246073298429,0,0.899054096201069
79391,794314746,49.5225759,3446,1826,0,2851,1634,142,-0.849650959860384,-0.249912739965096,0,0.885642778544788
79392,794324747,49.5234003,3450,1840,0,2858,1651,142,-0.826317626527051,-0.193246073298429,0,0.848613495505793
79393,794334747,49.5374474,3445,1830,0,2856,1656,142,-0.832984293193717,-0.176579406631762,0,0.851494638593727
79394,794344746,49.5386936,3462,1855,0,2859,1666,142,-0.822984293193717,-0.143246073298429,0,0.835357758304178
79395,794354747,49.5554063,3457,1858,0,2859,1671,142,-0.822984293193717,-0.126579406631762,0,0.832661691821361
79396,794364747,49.5693108,3446,1863,0,2853,1676,142,-0.842984293193717,-0.109912739965096,0,0.850119596867374
79397,794374746,49.5702102,3419,1872,0,2842,1674,142,-0.879650959860384,-0.116579406631762,0,0.887342419381553
79398,794384747,49.5838399,3431,1876,0,2841,1681,142,-0.882984293193717,-0.093246073298429,0,0.887894189761587
79399,794394746,49.5990107,3408,1882,0,2834,1690,142,-0.906317626527051,-0.063246073298429,0,0.908521714622879
79400,794404747,49.5996244,3404,1897,0,2830,1695,142,-0.919650959860384,-0.0465794066317623,0,0.920829804629657
79401,794414747,49.7106774,3450,1905,0,2856,1707,142,-0.832984293193717,-0.00657940663176229,0,0.833010276826801
79402,794424746,49.7117946,3467,1921,0,2864,1715,142,-0.806317626527051,0.0200872600349044,0,0.806567798057873
79403,794434747,49.7126282,3447,1921,0,2855,1722,142,-0.836317626527051,0.0434205933682377,0,0.837444040141363
79404,794444746,49.7133282,3451,1921,0,2859,1713,142,-0.822984293193717,0.0134205933682377,0,0.823093712264842
79405,794454747,49.7139757,3435,1917,0,2850,1718,142,-0.852984293193717,0.0300872600349044,0,0.853514761238254
79406,794464746,49.7146778,3446,1923,0,2852,1724,142,-0.846317626527051,0.0500872600349044,0,0.847798477580719
79407,794474747,49.7154148,3431,1923,0,2851,1718,142,-0.849650959860384,0.0300872600349044,0,0.850183507725291
79408,794484747,49.7164352,3445,1922,0,2851,1719,142,-0.849650959860384,0.0334205933682377,0,0.850307996935673
79409,794494747,49.7176139,3442,1914,0,2852,1711,142,-0.846317626527051,0.00675392670157104,0,0.846344575510631
79410,794504747,49.7187436,3386,1898,0,2818,1701,142,-0.959650959860384,-0.0265794066317623,0,0.9600189735718
79411,794514747,49.7196087,3427,1872,0,2845,1676,142,-0.869650959860384,-0.109912739965096,0,0.876569222818553
79412,794524746,49.7242709,2384,924,0,2086,905,142,-3.39965095986038,-2.6799127399651,0,4.32892122158707
79413,794534746,49.7385618,2762,1669,0,2415,1509,142,-2.30298429319372,-0.666579406631762,0,2.39751220227187
79414,794544746,49.7394888,2832,1791,0,2472,1609,142,-2.11298429319372,-0.333246073298429,0,2.13910157978815
79415,794554746,49.7553433,2859,1814,0,2483,1627,142,-2.07631762652705,-0.273246073298429,0,2.0942202135401
79416,794564746,49.7702837,2878,1828,0,2504,1648,142,-2.00631762652705,-0.203246073298429,0,2.01658607176197
79417,794574747,49.77141,3296,2003,0,2766,1778,142,-1.13298429319372,0.230087260034904,0,1.15611139422377
79418,794584745,49.7861325,3332,1926,0,2790,1719,142,-1.05298429319372,0.0334205933682377,0,1.05351452660785
79419,794594746,49.7869284,3394,1806,0,2832,1618,142,-0.912984293193717,-0.303246073298429,0,0.962028326292603
79420,794604746,49.801086,3179,1631,0,2693,1486,142,-1.37631762652705,-0.743246073298429,0,1.56418187387611
79421,794614746,49.903594,3361,1797,0,2813,1611,142,-0.976317626527051,-0.326579406631762,0,1.02949027032963
79422,794624746,49.9044641,3453,1870,0,2855,1676,142,-0.836317626527051,-0.109912739965096,0,0.843509325879966
79423,794634746,49.9052366,3376,1872,0,2810,1680,142,-0.986317626527051,-0.0965794066317623,0,0.991034833990863
79424,794644747,49.9058364,3349,1895,0,2801,1695,142,-1.01631762652705,-0.0465794066317623,0,1.01738446966314
79425,794654746,49.9062537,3340,1701,0,2796,1543,142,-1.03298429319372,-0.553246073298429,0,1.17180961235392
79426,794664746,49.906667,3393,1872,0,2824,1675,142,-0.939650959860384,-0.113246073298429,0,0.946450526696485
79427,794674746,49.9070876,3393,1847,0,2815,1663,142,-0.969650959860384,-0.153246073298429,0,0.98168596961531
79428,794684747,49.9075453,3352,1823,0,2799,1632,142,-1.02298429319372,-0.256579406631762,0,1.05467049642462
79429,794694747,49.9080227,3361,1815,0,2806,1638,142,-0.999650959860384,-0.236579406631762,0,1.02726425869492
79430,794704747,49.9084661,3367,1862,0,2811,1674,142,-0.982984293193717,-0.116579406631762,0,0.989873162943701
79431,794714747,49.9117859,3379,1849,0,2819,1661,142,-0.956317626527051,-0.159912739965096,0,0.969595527634836
79432,794724746,49.927595,3383,1858,0,2823,1669,142,-0.942984293193717,-0.133246073298429,0,0.952351769704611
79433,794734746,49.9283271,3369,1866,0,2815,1666,142,-0.969650959860384,-0.143246073298429,0,0.9801746892639
79434,794744746,49.9443194,3374,1862,0,2809,1672,142,-0.989650959860384,-0.123246073298429,0,0.997295651718216
79435,794754746,49.9581304,3353,1877,0,2806,1676,142,-0.999650959860384,-0.109912739965096,0,1.00567532134204
79436,794764747,49.9597944,3392,1885,0,2822,1685,142,-0.946317626527051,-0.0799127399650956,0,0.949685788187082
79437,794774747,49.9748024,3387,1893,0,2822,1696,142,-0.946317626527051,-0.043246073298429,0,0.947305269240873
79438,794784747,49.9897784,3359,1904,0,2812,1711,142,-0.979650959860384,0.00675392670157104,0,0.979674241103267
79439,794794746,49.991295,3361,1904,0,2809,1705,142,-0.989650959860384,-0.013246073298429,0,0.989739602527052
79440,794804747,50.0055045,3389,1907,0,2821,1711,142,-0.949650959860384,0.00675392670157104,0,0.949674976552314
79441,794814747,50.006173,3376,1917,0,2818,1714,142,-0.959650959860384,0.016753926701571,0,0.95979719671443
79443,794834747,50.1329332,3349,1903,0,2806,1705,142,-0.999650959860384,-0.013246073298429,0,0.999738715869109
79444,794844747,50.1344173,3373,1906,0,2814,1708,142,-0.972984293193717,-0.00324607329842896,0,0.97298970795869
79445,794854746,50.135762,3371,1904,0,2815,1705,142,-0.969650959860384,-0.013246073298429,0,0.969741430699953
79446,794864746,50.1369876,3351,1872,0,2807,1681,142,-0.996317626527051,-0.093246073298429,0,1.00067159603642
79447,794874747,50.1387115,2969,1207,0,2544,1141,142,-1.87298429319372,-1.89324607329843,0,2.66316557063399
79448,794884746,50.1401848,3134,1701,0,2676,1545,142,-1.43298429319372,-0.546579406631762,0,1.53368609314091
79449,794894746,50.1418713,3195,1803,0,2713,1626,142,-1.30965095986038,-0.276579406631762,0,1.33853718843968
79450,794904747,50.1437093,3240,1882,0,2738,1686,142,-1.22631762652705,-0.0765794066317623,0,1.22870636307094
79451,794914747,50.1461598,3162,1878,0,2684,1681,142,-1.40631762652705,-0.093246073298429,0,1.40940558281364
79452,794924747,50.1475188,3312,1949,0,2786,1749,142,-1.06631762652705,0.133420593368238,0,1.07463218608834
79453,794934747,50.1491878,3309,1879,0,2774,1681,142,-1.10631762652705,-0.093246073298429,0,1.11024029874168
79454,794944747,50.1525176,3351,1761,0,2801,1585,142,-1.01631762652705,-0.413246073298429,0,1.09712070215002
79455,794954746,50.1537927,2993,1724,0,2573,1566,142,-1.77631762652705,-0.476579406631762,0,1.83913899451243
79456,794964747,50.1650076,3258,1749,0,2748,1585,142,-1.19298429319372,-0.413246073298429,0,1.26253072869673
79457,794974746,50.1707348,3332,1878,0,2790,1685,142,-1.05298429319372,-0.0799127399650956,0,1.05601229525106
79458,794984746,50.1826124,3248,1856,0,2743,1666,142,-1.20965095986038,-0.143246073298429,0,1.21810298505774
79459,794994747,50.1959711,3203,1818,0,2710,1632,142,-1.31965095986038,-0.256579406631762,0,1.34436291520108
79460,795004746,50.1969865,3253,1759,0,2741,1591,142,-1.21631762652705,-0.393246073298429,0,1.27830788261867
79461,795014747,50.3800582,3282,1847,0,2760,1658,142,-1.15298429319372,-0.169912739965096,0,1.16543687926625
79462,795024746,50.3812483,3277,1839,0,2752,1647,142,-1.17965095986038,-0.206579406631762,0,1.1976023707157
79463,795034746,50.3822374,3221,1797,0,2730,1612,142,-1.25298429319372,-0.323246073298429,0,1.294008370488
79464,795044747,50.383301,3278,1833,0,2759,1644,142,-1.15631762652705,-0.216579406631762,0,1.17642555769335
79465,795054747,50.3846442,3286,1856,0,2766,1663,142,-1.13298429319372,-0.153246073298429,0,1.14330125846386
79466,795064747,50.3861303,3278,1841,0,2760,1653,142,-1.15298429319372,-0.186579406631762,0,1.1679831571262
79467,795074747,50.3873082,3280,1863,0,2760,1673,142,-1.15298429319372,-0.119912739965096,0,1.15920310798296
79468,795084747,50.3887041,3280,1868,0,2760,1672,142,-1.15298429319372,-0.123246073298429,0,1.15955266156173
79469,795094747,50.3900553,3279,1872,0,2759,1679,142,-1.15631762652705,-0.0999127399650956,0,1.16062612801215
79470,795104746,50.39203,3277,1882,0,2760,1683,142,-1.15298429319372,-0.0865794066317623,0,1.15623041561971
79471,795114747,50.3950378,3278,1889,0,2760,1691,142,-1.15298429319372,-0.0599127399650956,0,1.15453987231344
79472,795124747,50.3967719,3269,1899,0,2757,1703,142,-1.16298429319372,-0.0199127399650956,0,1.1631547547202
79473,795134746,50.397963,3279,1895,0,2758,1704,142,-1.15965095986038,-0.0165794066317623,0,1.15976947081279
79474,795144746,50.3990738,3225,1879,0,2731,1690,142,-1.24965095986038,-0.063246073298429,0,1.2512504094975
79475,795154747,50.4000366,3238,1895,0,2734,1697,142,-1.23965095986038,-0.0399127399650956,0,1.24029332381267
79476,795164747,50.402017,3142,1872,0,2676,1679,142,-1.43298429319372,-0.0999127399650956,0,1.43646320528833
79477,795174746,50.4042496,3175,1883,0,2695,1690,142,-1.36965095986038,-0.063246073298429,0,1.37111043232635
79478,795184747,50.4063884,3274,1776,0,2754,1594,142,-1.17298429319372,-0.383246073298429,0,1.2340055529769
79479,795194746,50.4079105,2629,1376,0,2300,1284,142,-2.68631762652705,-1.41657940663176,0,3.03693918376432
79480,795204746,50.4094177,2490,1648,0,2190,1496,142,-3.05298429319372,-0.709912739965096,0,3.13443602468646
79481,795214746,50.4156596,2501,1716,0,2195,1548,142,-3.03631762652705,-0.536579406631762,0,3.08336539981562
79482,795224746,50.5447354,2445,1744,0,2151,1575,142,-3.18298429319372,-0.446579406631762,0,3.21415963778178
79483,795234746,50.5457284,2546,1854,0,2235,1664,142,-2.90298429319372,-0.149912739965096,0,2.90685253085417
79484,795244746,50.5466217,2559,1770,0,2243,1596,142,-2.87631762652705,-0.376579406631762,0,2.90086455012455
79485,795254746,50.547287,2605,1699,0,2282,1530,142,-2.74631762652705,-0.596579406631762,0,2.81036785745039
79486,795264746,50.5479315,2457,1568,0,2153,1431,142,-3.17631762652705,-0.926579406631762,0,3.30870715860145
79487,795274746,50.5485426,2464,1577,0,2169,1435,142,-3.12298429319372,-0.913246073298429,0,3.25377462125601
79488,795284746,50.5491225,2559,1756,0,2243,1578,142,-2.87631762652705,-0.436579406631762,0,2.9092618766562
79489,795294746,50.5496905,2493,1734,0,2184,1563,142,-3.07298429319372,-0.486579406631762,0,3.11126854918913
79490,795304746,50.550281,2471,1729,0,2167,1558,142,-3.12965095986038,-0.503246073298429,0,3.16985358350276
79491,795314746,50.5511098,2466,1618,0,2168,1476,142,-3.12631762652705,-0.776579406631762,0,3.22132542235929
79492,795324746,50.5518255,2496,1726,0,2191,1560,142,-3.04965095986038,-0.496579406631762,0,3.08981586572212
79493,795334746,50.5526213,2511,1711,0,2202,1545,142,-3.01298429319372,-0.546579406631762,0,3.062159923777
79494,795344746,50.5538312,2485,1682,0,2179,1523,142,-3.08965095986038,-0.619912739965096,0,3.15122751621288
79495,795354746,50.555098,2498,1691,0,2191,1523,142,-3.04965095986038,-0.619912739965096,0,3.11201908447689
79496,795364746,50.5705585,2559,1709,0,2243,1548,142,-2.87631762652705,-0.536579406631762,0,2.92593925915961
79497,795374746,50.5720323,2618,1710,0,2292,1546,142,-2.71298429319372,-0.543246073298429,0,2.76683936491983
79498,795384746,50.5856558,2635,1725,0,2301,1561,142,-2.68298429319372,-0.493246073298429,0,2.72794728804435
79499,795394746,50.5865964,2645,1712,0,2319,1543,142,-2.62298429319372,-0.553246073298429,0,2.68069539857871
79500,795404748,50.6013831,2863,1744,0,2505,1575,142,-2.00298429319372,-0.446579406631762,0,2.05216452683704
79501,795414751,50.6166941,3050,1821,0,2617,1640,142,-1.62965095986038,-0.229912739965096,0,1.64578920854772
79502,795424746,50.6178459,3191,1846,0,2710,1658,142,-1.31965095986038,-0.169912739965096,0,1.33054462347675
79503,795434746,50.7370894,3226,1844,0,2725,1655,142,-1.26965095986038,-0.179912739965096,0,1.28233464972141
79504,795444747,50.7380556,3283,1800,0,2762,1626,142,-1.14631762652705,-0.276579406631762,0,1.17921171511285
79505,795454746,50.7386558,3260,1808,0,2744,1631,142,-1.20631762652705,-0.259912739965096,0,1.23400034378683
79507,795474746,50.7391653,3199,1823,0,2716,1640,142,-1.29965095986038,-0.229912739965096,0,1.31983047603254
79508,795484747,50.7403998,3199,1808,0,2708,1630,142,-1.32631762652705,-0.263246073298429,0,1.35218968401012
79509,795494747,50.7411554,3205,1814,0,2716,1629,142,-1.29965095986038,-0.266579406631762,0,1.32670916085861
79510,795504747,50.7418043,3229,1827,0,2731,1638,142,-1.24965095986038,-0.236579406631762,0,1.27184800079342
79511,795514746,50.7425066,3231,1822,0,2732,1642,142,-1.24631762652705,-0.223246073298429,0,1.26615419101908
79512,795524747,50.7431827,3222,1823,0,2729,1637,142,-1.25631762652705,-0.239912739965096,0,1.27901997698242
79513,795534747,50.7438554,3222,1814,0,2725,1632,142,-1.26965095986038,-0.256579406631762,0,1.29531716262153
79514,795544746,50.7447305,3244,1808,0,2738,1627,142,-1.22631762652705,-0.273246073298429,0,1.25639099714378
79515,795554746,50.756295,3242,1823,0,2734,1637,142,-1.23965095986038,-0.239912739965096,0,1.26265301056162
79516,795564746,50.7570109,3238,1818,0,2732,1631,142,-1.24631762652705,-0.259912739965096,0,1.27313088823898
79517,795574746,50.7717384,3269,1830,0,2754,1645,142,-1.17298429319372,-0.213246073298429,0,1.19221056858944
79518,795584747,50.7868449,3276,1834,0,2753,1641,142,-1.17631762652705,-0.226579406631762,0,1.19794047681337
79519,795594747,50.7875883,3275,1821,0,2760,1635,142,-1.15298429319372,-0.246579406631762,0,1.1790564804649
79520,795604747,50.8030203,3274,1823,0,2759,1636,142,-1.15631762652705,-0.243246073298429,0,1.18162561989501
79521,795614746,50.817316,3269,1837,0,2757,1645,142,-1.16298429319372,-0.213246073298429,0,1.18237318727739
79522,795624746,50.8179412,3280,1824,0,2760,1641,142,-1.15298429319372,-0.226579406631762,0,1.17503659851982
79523,795634746,50.9327672,3271,1830,0,2763,1642,142,-1.14298429319372,-0.223246073298429,0,1.16458228723037
79524,795644747,50.9336041,3280,1830,0,2761,1640,142,-1.14965095986038,-0.229912739965096,0,1.17241511313449
79525,795654747,50.9343789,3277,1831,0,2759,1642,142,-1.15631762652705,-0.223246073298429,0,1.17767111820759
79526,795664746,50.9350572,3276,1823,0,2757,1647,142,-1.16298429319372,-0.206579406631762,0,1.1811890269807
79527,795674746,50.9356383,3283,1823,0,2760,1645,142,-1.15298429319372,-0.213246073298429,0,1.17253855720339
79528,795684746,50.9360849,3256,1824,0,2748,1644,142,-1.19298429319372,-0.216579406631762,0,1.21248429399472
79529,795694747,50.9365212,3307,1826,0,2767,1644,142,-1.12965095986038,-0.216579406631762,0,1.15022516512657
79530,795704747,50.9369729,3297,1826,0,2770,1640,142,-1.11965095986038,-0.229912739965096,0,1.14301274704814
79531,795714747,50.9376034,3295,1822,0,2771,1640,142,-1.11631762652705,-0.229912739965096,0,1.13974774020098
79532,795724746,50.9381795,3295,1827,0,2764,1642,142,-1.13965095986038,-0.223246073298429,0,1.16131094869284
79533,795734746,50.9387165,3291,1829,0,2760,1645,142,-1.15298429319372,-0.213246073298429,0,1.17253855720339
79534,795744747,50.9582541,3301,1829,0,2778,1650,142,-1.09298429319372,-0.196579406631762,0,1.11052155687311
79535,795754745,50.9594214,3309,1831,0,2778,1642,142,-1.09298429319372,-0.223246073298429,0,1.11555074936613
79536,795764747,50.9605287,3285,1829,0,2767,1646,142,-1.12965095986038,-0.209912739965096,0,1.14898853323832
79537,795774746,50.9739985,3280,1828,0,2755,1637,142,-1.16965095986038,-0.239912739965096,0,1.19400229928584
79538,795784746,50.9886142,3287,1826,0,2764,1638,142,-1.13965095986038,-0.236579406631762,0,1.1639476474279
79539,795794747,50.9894196,3305,1834,0,2780,1642,142,-1.08631762652705,-0.223246073298429,0,1.10901974506612
79540,795804746,51.0056854,3312,1831,0,2771,1644,142,-1.11631762652705,-0.216579406631762,0,1.13713309804611
79541,795814746,51.0209212,3312,1836,0,2776,1639,142,-1.09965095986038,-0.233246073298429,0,1.1241156365032
79542,795824747,51.0219684,3315,1831,0,2779,1643,142,-1.08965095986038,-0.219912739965096,0,1.11162081103388
79543,795834747,51.1381377,3311,1829,0,2779,1643,142,-1.08965095986038,-0.219912739965096,0,1.11162081103388
79544,795844747,51.1391402,3315,1829,0,2779,1647,142,-1.08965095986038,-0.206579406631762,0,1.10906008203748
79545,795854747,51.1399541,3324,1830,0,2783,1650,142,-1.07631762652705,-0.196579406631762,0,1.09412206644621
79546,795864746,51.1407204,3319,1826,0,2785,1644,142,-1.06965095986038,-0.216579406631762,0,1.0913568689055
79547,795874747,51.1414824,3319,1829,0,2787,1647,142,-1.06298429319372,-0.206579406631762,0,1.08287148767565
79548,795884747,51.1421786,3282,1824,0,2761,1644,142,-1.14965095986038,-0.216579406631762,0,1.16987348413616
79549,795894747,51.1429363,3292,1829,0,2768,1642,142,-1.12631762652705,-0.223246073298429,0,1.1482291605201
79550,795904747,51.1438097,3282,1829,0,2763,1642,142,-1.14298429319372,-0.223246073298429,0,1.16458228723037
79551,795914746,51.1445714,3296,1823,0,2771,1642,142,-1.11631762652705,-0.223246073298429,0,1.13842164971427
79552,795924746,51.1456317,3306,1827,0,2773,1640,142,-1.10965095986038,-0.229912739965096,0,1.13321892003149
79553,795934746,51.1465382,3307,1837,0,2776,1644,142,-1.09965095986038,-0.216579406631762,0,1.12077601370605
79554,795944747,51.1476886,3309,1825,0,2778,1643,142,-1.09298429319372,-0.219912739965096,0,1.11488846005649
79555,795954746,51.1618526,3293,1834,0,2773,1644,142,-1.10965095986038,-0.216579406631762,0,1.13058917918758
79557,795974747,51.1778566,3298,1829,0,2764,1645,142,-1.13965095986038,-0.213246073298429,0,1.15943011781129
79558,795984747,51.1787264,3289,1825,0,2766,1641,142,-1.13298429319372,-0.226579406631762,0,1.15541838142435
79559,795994747,51.1935262,3309,1826,0,2779,1648,142,-1.08965095986038,-0.203246073298429,0,1.10844403586103
79560,796004747,51.2079642,3317,1830,0,2785,1650,142,-1.06965095986038,-0.196579406631762,0,1.08756454477053
79561,796014747,51.2087019,3344,1835,0,2790,1644,142,-1.05298429319372,-0.216579406631762,0,1.07502677226646
79562,796024746,51.3294803,3333,1840,0,2796,1651,142,-1.03298429319372,-0.193246073298429,0,1.05090465544225
79563,796034746,51.330371,3332,1839,0,2797,1650,142,-1.02965095986038,-0.196579406631762,0,1.04824833043182
79564,796044746,51.3317068,3375,1836,0,2811,1652,142,-0.982984293193717,-0.189912739965096,0,1.00116180983226
79565,796054747,51.3326687,3376,1843,0,2814,1652,142,-0.972984293193717,-0.189912739965096,0,0.991345188923983
79567,796074746,51.3332716,3350,1838,0,2801,1645,142,-1.01631762652705,-0.213246073298429,0,1.03844855711141
79568,796084746,51.3338379,3350,1836,0,2801,1644,142,-1.01631762652705,-0.216579406631762,0,1.03913818011203
79569,796094747,51.3344771,3344,1830,0,2801,1651,142,-1.01631762652705,-0.193246073298429,0,1.03452673374584
79570,796104747,51.3352708,3367,1834,0,2809,1648,142,-0.989650959860384,-0.203246073298429,0,1.01030588866135
79571,796114747,51.336044,3389,1840,0,2822,1653,142,-0.946317626527051,-0.186579406631762,0,0.96453560082293
79572,796124746,51.3367788,3392,1840,0,2821,1651,142,-0.949650959860384,-0.193246073298429,0,0.969113507494871
79573,796134747,51.3376414,3383,1839,0,2824,1653,142,-0.939650959860384,-0.186579406631762,0,0.957995720943263
79574,796144746,51.3480426,3387,1839,0,2820,1653,142,-0.952984293193717,-0.186579406631762,0,0.971077204990926
79575,796154747,51.3491638,3390,1839,0,2818,1650,142,-0.959650959860384,-0.196579406631762,0,0.979578188748939
79576,796164746,51.3642554,3376,1843,0,2819,1653,142,-0.956317626527051,-0.186579406631762,0,0.974348642830374
79578,796184747,51.378826,3390,1837,0,2823,1653,142,-0.942984293193717,-0.186579406631762,0,0.961265443147269
79579,796194747,51.3943559,3375,1838,0,2817,1651,142,-0.962984293193717,-0.193246073298429,0,0.982182668235937
79580,796204747,51.409728,3377,1839,0,2819,1654,142,-0.956317626527051,-0.183246073298429,0,0.973715834412497
79581,796214746,51.4104627,3382,1840,0,2814,1644,142,-0.972984293193717,-0.216579406631762,0,0.996797408794106
79582,796224746,51.4263569,3358,1842,0,2793,1651,142,-1.04298429319372,-0.193246073298429,0,1.0607357261326
79583,796234746,51.4271884,3391,1840,0,2822,1652,142,-0.946317626527051,-0.189912739965096,0,0.965185940157046
79584,796244746,51.5328716,3349,1840,0,2797,1649,142,-1.02965095986038,-0.199912739965096,0,1.0488785452767
79585,796254747,51.5337035,3369,1840,0,2815,1645,142,-0.969650959860384,-0.213246073298429,0,0.992822678898585
79586,796264747,51.5345653,3361,1840,0,2808,1645,142,-0.992984293193717,-0.213246073298429,0,1.01562379565793
79587,796274747,51.5360072,3354,1834,0,2808,1650,142,-0.992984293193717,-0.196579406631762,0,1.01225553574239
79588,796284747,51.5367118,3372,1841,0,2813,1652,142,-0.976317626527051,-0.189912739965096,0,0.994616989935555
79589,796294747,51.5373536,3378,1835,0,2815,1653,142,-0.969650959860384,-0.186579406631762,0,0.987438534257816
79590,796304747,51.5377847,3371,1841,0,2815,1652,142,-0.969650959860384,-0.189912739965096,0,0.988073799247411
79591,796314746,51.5381881,3372,1839,0,2813,1650,142,-0.976317626527051,-0.196579406631762,0,0.995911427276095
79592,796324746,51.5389381,3362,1837,0,2810,1649,142,-0.986317626527051,-0.199912739965096,0,1.00637347143012
79593,796334746,51.5401264,3360,1840,0,2807,1650,142,-0.996317626527051,-0.196579406631762,0,1.01552561564945
79594,796344747,51.5410325,3370,1840,0,2815,1653,142,-0.969650959860384,-0.186579406631762,0,0.987438534257816
79595,796354747,51.5539161,3367,1835,0,2811,1653,142,-0.982984293193717,-0.186579406631762,0,1.00053485478748
79596,796364747,51.5692681,3347,1831,0,2801,1653,142,-1.01631762652705,-0.186579406631762,0,1.03330217892378
79597,796374747,51.5718628,3353,1840,0,2799,1653,142,-1.02298429319372,-0.186579406631762,0,1.03985996129292
79598,796384746,51.5857948,3360,1833,0,2807,1652,142,-0.996317626527051,-0.189912739965096,0,1.01425621108749
79599,796394746,51.5877741,3363,1840,0,2811,1648,142,-0.982984293193717,-0.203246073298429,0,1.00377641284142
79600,796404747,51.5993851,3376,1840,0,2812,1649,142,-0.979650959860384,-0.199912739965096,0,0.999840540664222
79601,796414747,51.6165923,3381,1840,0,2815,1650,142,-0.969650959860384,-0.196579406631762,0,0.989376797317311
79602,796424746,51.6174608,3369,1831,0,2804,1653,142,-1.00631762652705,-0.186579406631762,0,1.02346814334306
79603,796434746,51.6309517,3362,1835,0,2809,1653,142,-0.989650959860384,-0.186579406631762,0,1.00708534759058
79604,796444747,51.7410063,3375,1838,0,2813,1649,142,-0.976317626527051,-0.199912739965096,0,0.996574739529236
79605,796454747,51.7422976,3377,1840,0,2811,1653,142,-0.982984293193717,-0.186579406631762,0,1.00053485478748
79606,796464746,51.7433672,3371,1843,0,2812,1651,142,-0.979650959860384,-0.193246073298429,0,0.998528941994489
79607,796474747,51.7441637,3364,1834,0,2812,1650,142,-0.979650959860384,-0.196579406631762,0,0.999179396438431
79608,796484746,51.744916,3354,1835,0,2801,1653,142,-1.01631762652705,-0.186579406631762,0,1.03330217892378
79609,796494746,51.7456482,3342,1834,0,2801,1647,142,-1.01631762652705,-0.206579406631762,0,1.03710007676883
79610,796504747,51.7461391,3329,1832,0,2796,1643,142,-1.03298429319372,-0.219912739965096,0,1.05613359154223
79611,796514747,51.7465628,3315,1837,0,2783,1644,142,-1.07631762652705,-0.216579406631762,0,1.09789173990416
79612,796524746,51.7470025,3317,1830,0,2786,1651,142,-1.06631762652705,-0.193246073298429,0,1.08368691303695
79613,796534747,51.7474281,3317,1829,0,2786,1650,142,-1.06631762652705,-0.196579406631762,0,1.08428628311622
79614,796544747,51.747834,3341,1833,0,2788,1649,142,-1.05965095986038,-0.199912739965096,0,1.07834375796097
79615,796554746,51.7559928,3342,1835,0,2798,1643,142,-1.02631762652705,-0.219912739965096,0,1.04961396890432
79616,796564746,51.7569441,3358,1839,0,2807,1648,142,-0.996317626527051,-0.203246073298429,0,1.01683714489574
79617,796574746,51.7709866,3371,1840,0,2809,1649,142,-0.989650959860384,-0.199912739965096,0,1.00964059246493
79618,796584747,51.7870199,3371,1835,0,2815,1652,142,-0.969650959860384,-0.189912739965096,0,0.988073799247411
79619,796594747,51.7880029,3365,1840,0,2807,1653,142,-0.996317626527051,-0.186579406631762,0,1.01363735522501
79620,796604746,51.8017542,3341,1833,0,2797,1653,142,-1.02965095986038,-0.186579406631762,0,1.04641911972234
79621,796614746,51.8170285,3355,1830,0,2799,1649,142,-1.02298429319372,-0.199912739965096,0,1.04233486352583
79622,796624746,51.8177014,3353,1829,0,2803,1652,142,-1.00965095986038,-0.189912739965096,0,1.02735675865205
79623,796634746,51.8329329,3191,1815,0,2713,1637,142,-1.30965095986038,-0.239912739965096,0,1.33144423820932
79624,796644746,51.9455124,3347,1833,0,2796,1648,142,-1.03298429319372,-0.203246073298429,0,1.05278939788362
79625,796654746,51.9465382,3356,1838,0,2799,1645,142,-1.02298429319372,-0.213246073298429,0,1.04497404364809
79626,796664747,51.9471436,3345,1840,0,2803,1644,142,-1.00965095986038,-0.216579406631762,0,1.03261885520455
79627,796674747,51.9476199,3338,1833,0,2797,1652,142,-1.02965095986038,-0.189912739965096,0,1.04701859961629
79628,796684747,51.9480204,3280,1822,0,2760,1642,142,-1.15298429319372,-0.223246073298429,0,1.17439839475137
79629,796694747,51.94841,3283,1828,0,2760,1637,142,-1.15298429319372,-0.239912739965096,0,1.1776803060037
79630,796704747,51.9488037,3280,1825,0,2764,1644,142,-1.13965095986038,-0.216579406631762,0,1.16004782215548
79631,796714746,51.9492109,3264,1826,0,2748,1638,142,-1.19298429319372,-0.236579406631762,0,1.21621599210385
79632,796724746,51.9496123,3281,1829,0,2761,1643,142,-1.14965095986038,-0.219912739965096,0,1.17049516987763
79633,796734747,51.9500036,3280,1821,0,2760,1635,142,-1.15298429319372,-0.246579406631762,0,1.1790564804649
79634,796744746,51.9504366,3265,1823,0,2750,1642,142,-1.18631762652705,-0.223246073298429,0,1.20714055530081
79635,796754746,51.9577254,3286,1827,0,2763,1644,142,-1.14298429319372,-0.216579406631762,0,1.16332271269176
79636,796764746,51.958685,3255,1817,0,2747,1640,142,-1.19631762652705,-0.229912739965096,0,1.21821005230526
79637,796774746,51.9734587,3265,1822,0,2758,1639,142,-1.15965095986038,-0.233246073298429,0,1.1828753439878
79638,796784746,51.9881572,3290,1831,0,2760,1646,142,-1.15298429319372,-0.209912739965096,0,1.17193691756471
79639,796794747,51.9889131,3290,1824,0,2769,1641,142,-1.12298429319372,-0.226579406631762,0,1.1456142240167
79640,796804746,52.004146,3286,1822,0,2770,1647,142,-1.11965095986038,-0.206579406631762,0,1.13854877943837
79641,796814746,52.0046969,3269,1826,0,2753,1639,142,-1.17631762652705,-0.233246073298429,0,1.19921928319527
79642,796824746,52.0197,3290,1830,0,2763,1635,142,-1.14298429319372,-0.246579406631762,0,1.16927947825249
79643,796834746,52.0359619,3296,1824,0,2769,1645,142,-1.12298429319372,-0.213246073298429,0,1.14305188444663
79644,796844746,52.0366229,3326,1837,0,2792,1647,142,-1.04631762652705,-0.206579406631762,0,1.06651564771715
79645,796854746,52.1618625,3327,1827,0,2794,1649,142,-1.03965095986038,-0.199912739965096,0,1.05869694527706
79646,796864746,52.1627956,3346,1836,0,2797,1648,142,-1.02965095986038,-0.203246073298429,0,1.04951896860068
79647,796874746,52.1634942,3353,1834,0,2800,1652,142,-1.01965095986038,-0.189912739965096,0,1.03718606274152
79648,796884747,52.1639489,3363,1839,0,2815,1653,142,-0.969650959860384,-0.186579406631762,0,0.987438534257816
79649,796894747,52.1643579,3365,1835,0,2809,1652,142,-0.989650959860384,-0.189912739965096,0,1.00770822719358
79650,796904747,52.1647499,3344,1837,0,2794,1640,142,-1.03965095986038,-0.229912739965096,0,1.06476945219934
79651,796914747,52.1652096,3344,1830,0,2800,1651,142,-1.01965095986038,-0.193246073298429,0,1.03780158257225
79652,796924746,52.1656543,3325,1837,0,2790,1646,142,-1.05298429319372,-0.209912739965096,0,1.07370353455334
79653,796934747,52.166051,3357,1838,0,2804,1653,142,-1.00631762652705,-0.186579406631762,0,1.02346814334306
79654,796944747,52.1664471,3365,1840,0,2809,1652,142,-0.989650959860384,-0.189912739965096,0,1.00770822719358
79655,796954746,52.1669951,3358,1837,0,2804,1645,142,-1.00631762652705,-0.213246073298429,0,1.02866372213481
79656,796964746,52.1687132,3390,1840,0,2822,1653,142,-0.946317626527051,-0.186579406631762,0,0.96453560082293
79657,796974746,52.1770175,3378,1842,0,2816,1654,142,-0.966317626527051,-0.183246073298429,0,0.983538956379546
79658,796984746,52.1782604,3376,1835,0,2809,1652,142,-0.989650959860384,-0.189912739965096,0,1.00770822719358
79659,796994747,52.1930958,3363,1831,0,2809,1652,142,-0.989650959860384,-0.189912739965096,0,1.00770822719358
79660,797004747,52.2087144,3166,1817,0,2685,1628,142,-1.40298429319372,-0.269912739965096,0,1.42871194232558
79661,797014747,52.2093401,3117,1799,0,2658,1626,142,-1.49298429319372,-0.276579406631762,0,1.51838673199417
79662,797024746,52.2247857,3155,1808,0,2683,1628,142,-1.40965095986038,-0.269912739965096,0,1.43525911104259
79663,797034747,52.2392651,3157,1807,0,2685,1626,142,-1.40298429319372,-0.276579406631762,0,1.42998639683077
79664,797044747,52.2398807,3110,1797,0,2662,1621,142,-1.47965095986038,-0.293246073298429,0,1.50842972077611
79665,797054746,52.3407791,3115,1803,0,2656,1618,142,-1.49965095986038,-0.303246073298429,0,1.53000365436854
79666,797064747,52.3417642,3117,1805,0,2662,1618,142,-1.47965095986038,-0.303246073298429,0,1.51040562233682
79667,797074746,52.3427253,3111,1799,0,2660,1626,142,-1.48631762652705,-0.276579406631762,0,1.51183208561592
79668,797084746,52.3434556,3107,1799,0,2659,1617,142,-1.48965095986038,-0.306579406631762,0,1.52087176145251
79669,797094747,52.3440755,3098,1805,0,2649,1621,142,-1.52298429319372,-0.293246073298429,0,1.55095919250627
79670,797104747,52.3446853,3120,1801,0,2663,1625,142,-1.47631762652705,-0.279912739965096,0,1.50261933848504
79671,797114746,52.3453283,3109,1801,0,2658,1618,142,-1.49298429319372,-0.303246073298429,0,1.52346981614145
79672,797124747,52.3459012,3109,1807,0,2656,1620,142,-1.49965095986038,-0.296579406631762,0,1.52869628960373
79673,797134747,52.346438,3108,1801,0,2655,1625,142,-1.50298429319372,-0.279912739965096,0,1.52882730469526
79674,797144747,52.3484801,3100,1806,0,2648,1615,142,-1.52631762652705,-0.313246073298429,0,1.55812984038047
79675,797154747,52.3643417,3114,1808,0,2656,1619,142,-1.49965095986038,-0.299912739965096,0,1.52934647905684
79676,797164746,52.3652667,3105,1801,0,2651,1622,142,-1.51631762652705,-0.289912739965096,0,1.54378383892004
79678,797184747,52.3808374,3055,1802,0,2619,1616,142,-1.62298429319372,-0.309912739965096,0,1.65230866436819
79679,797194746,52.3969319,3101,1799,0,2648,1621,142,-1.52631762652705,-0.293246073298429,0,1.55423252975612
79680,797204746,52.3979697,3083,1793,0,2631,1614,142,-1.58298429319372,-0.316579406631762,0,1.61433013761168
79681,797214747,52.4282028,3071,1801,0,2631,1621,142,-1.58298429319372,-0.293246073298429,0,1.60991693326176
79682,797224747,52.4288699,3232,1811,0,2728,1638,142,-1.25965095986038,-0.236579406631762,0,1.28167482471937
79683,797234746,52.429446,3248,1818,0,2735,1632,142,-1.23631762652705,-0.256579406631762,0,1.26266157998451
79684,797244745,52.4440364,3238,1813,0,2740,1635,142,-1.21965095986038,-0.246579406631762,0,1.24432707423058
79685,797254746,52.4584537,3239,1820,0,2739,1637,142,-1.22298429319372,-0.239912739965096,0,1.24629398786807
79686,797264747,52.4590081,3242,1817,0,2735,1639,142,-1.23631762652705,-0.233246073298429,0,1.25812757873382
79687,797274746,52.5642774,3216,1823,0,2718,1634,142,-1.29298429319372,-0.249912739965096,0,1.31691486438665
79688,797284747,52.5651205,3248,1821,0,2740,1635,142,-1.21965095986038,-0.246579406631762,0,1.24432707423058
79689,797294746,52.5662418,3207,1811,0,2716,1631,142,-1.29965095986038,-0.259912739965096,0,1.32538569852786
79690,797304747,52.5670339,3179,1811,0,2700,1626,142,-1.35298429319372,-0.276579406631762,0,1.38096439700728
79691,797314746,52.5676977,3187,1814,0,2709,1628,142,-1.32298429319372,-0.269912739965096,0,1.35023713740689
79692,797324746,52.5683078,3194,1809,0,2710,1635,142,-1.31965095986038,-0.246579406631762,0,1.34249024563879
79693,797334746,52.5689485,3216,1813,0,2721,1632,142,-1.28298429319372,-0.256579406631762,0,1.30838896681732
79694,797344746,52.5695447,3206,1814,0,2721,1635,142,-1.28298429319372,-0.246579406631762,0,1.30646473368272
79695,797354746,52.5702818,3206,1814,0,2722,1632,142,-1.27965095986038,-0.256579406631762,0,1.30512051971422
79696,797364746,52.5714434,3204,1813,0,2717,1628,142,-1.29631762652705,-0.269912739965096,0,1.32411943420531
79697,797374746,52.5722864,3205,1818,0,2716,1630,142,-1.29965095986038,-0.263246073298429,0,1.3260434052372
79698,797384747,52.5850044,3207,1822,0,2716,1634,142,-1.29965095986038,-0.249912739965096,0,1.32346099113758
79699,797394746,52.598876,3212,1808,0,2713,1634,142,-1.30965095986038,-0.249912739965096,0,1.33328242104218
79700,797404747,52.5997595,3207,1817,0,2715,1635,142,-1.30298429319372,-0.246579406631762,0,1.32611065604813
79701,797414747,52.6152652,3204,1811,0,2714,1629,142,-1.30631762652705,-0.266579406631762,0,1.33324053396805
79702,797424746,52.6169711,3211,1821,0,2716,1638,142,-1.29965095986038,-0.236579406631762,0,1.3210081124309
79703,797434746,52.6300184,3206,1811,0,2717,1635,142,-1.29631762652705,-0.246579406631762,0,1.31956083323945
79704,797444747,52.6464764,3209,1810,0,2718,1635,142,-1.29298429319372,-0.246579406631762,0,1.31628636178475
79705,797454746,52.6473218,3191,1808,0,2706,1631,142,-1.33298429319372,-0.259912739965096,0,1.3580875370525
79706,797464747,52.6624915,3210,1810,0,2717,1630,142,-1.29631762652705,-0.263246073298429,0,1.32277658126827
79707,797474746,52.6767039,3203,1810,0,2714,1626,142,-1.30631762652705,-0.276579406631762,0,1.33527596756178
79708,797484746,52.6773418,3201,1818,0,2713,1632,142,-1.30965095986038,-0.256579406631762,0,1.33454809900982
79709,797494747,52.7811742,3201,1818,0,2715,1630,142,-1.30298429319372,-0.263246073298429,0,1.32931055943168
79710,797504747,52.7821026,3155,1813,0,2693,1630,142,-1.37631762652705,-0.263246073298429,0,1.40126682120005
79711,797514746,52.783621,3194,1815,0,2707,1629,142,-1.32965095986038,-0.266579406631762,0,1.35611070901228
79712,797524746,52.7844983,3187,1815,0,2703,1630,142,-1.34298429319372,-0.263246073298429,0,1.36854130623524
79713,797534747,52.785122,3175,1808,0,2698,1635,142,-1.35965095986038,-0.246579406631762,0,1.38182927180753
79714,797544747,52.7858159,3173,1813,0,2696,1630,142,-1.36631762652705,-0.263246073298429,0,1.39144613681793
79715,797554747,52.7864166,3152,1808,0,2683,1626,142,-1.40965095986038,-0.276579406631762,0,1.43652775706148
79716,797564747,52.7871771,3229,1824,0,2733,1634,142,-1.24298429319372,-0.249912739965096,0,1.26785895537443
79717,797574746,52.7880378,3235,1815,0,2733,1641,142,-1.24298429319372,-0.226579406631762,0,1.26346673111558
79718,797584747,52.7891854,3225,1826,0,2730,1637,142,-1.25298429319372,-0.239912739965096,0,1.27574596287338
79719,797594746,52.8000732,3237,1819,0,2725,1638,142,-1.26965095986038,-0.236579406631762,0,1.29150430720019
79720,797604747,52.801436,3225,1815,0,2727,1635,142,-1.26298429319372,-0.246579406631762,0,1.2868297201374
79721,797614747,52.8158314,3248,1819,0,2743,1638,142,-1.20965095986038,-0.236579406631762,0,1.23256856212277
79722,797624746,52.8165715,3259,1818,0,2750,1636,142,-1.18631762652705,-0.243246073298429,0,1.21099882872936
79723,797634747,52.8311092,3237,1824,0,2732,1639,142,-1.24631762652705,-0.233246073298429,0,1.26795558159628
79724,797644746,52.8480823,3210,1820,0,2722,1635,142,-1.27965095986038,-0.246579406631762,0,1.30319146054848
79725,797654747,52.8502123,3244,1824,0,2741,1640,142,-1.21631762652705,-0.229912739965096,0,1.2378563877117
79726,797664746,52.8623015,3248,1823,0,2741,1639,142,-1.21631762652705,-0.233246073298429,0,1.23847983403426
79727,797674747,52.8781576,3264,1823,0,2757,1640,142,-1.16298429319372,-0.229912739965096,0,1.18549244376063
79728,797684747,52.8788922,3253,1825,0,2748,1640,142,-1.19298429319372,-0.229912739965096,0,1.2149367851066
79729,797694746,52.9934151,3184,1819,0,2716,1639,142,-1.29965095986038,-0.233246073298429,0,1.32041521809435
79730,797704747,52.9944036,3215,1823,0,2724,1632,142,-1.27298429319372,-0.256579406631762,0,1.29858461511964
79731,797714746,52.9953229,3251,1817,0,2741,1635,142,-1.21631762652705,-0.246579406631762,0,1.24106001965065
79732,797724746,52.9961285,3226,1814,0,2731,1631,142,-1.24965095986038,-0.259912739965096,0,1.27639420003232
79733,797734746,52.9968096,3277,1827,0,2757,1644,142,-1.16298429319372,-0.216579406631762,0,1.18297891172762
79734,797744747,52.9973916,3255,1820,0,2744,1640,142,-1.20631762652705,-0.229912739965096,0,1.22803179277579
79735,797754746,52.9980244,3359,1840,0,2818,1654,142,-0.959650959860384,-0.183246073298429,0,0.976989809639921
79736,797764747,52.9985921,3485,1851,0,2876,1661,142,-0.766317626527051,-0.159912739965096,0,0.782824877689255
79737,797774747,52.999145,3510,1853,0,2884,1663,142,-0.739650959860384,-0.153246073298429,0,0.755359451786879
79738,797784747,52.9997015,3501,1850,0,2883,1665,142,-0.742984293193717,-0.146579406631762,0,0.757305210850346
79739,797794747,53.0031258,3439,1852,0,2851,1661,142,-0.849650959860384,-0.159912739965096,0,0.864568584899322
79740,797804746,53.003759,3507,1853,0,2889,1663,142,-0.722984293193717,-0.153246073298429,0,0.739047121086475
79741,797814746,53.0185555,3500,1856,0,2880,1667,142,-0.752984293193717,-0.139912739965096,0,0.765872652991986
79742,797824746,53.0201952,3522,1857,0,2890,1670,142,-0.719650959860384,-0.129912739965096,0,0.731282998594395
79743,797834746,53.0346506,3405,1804,0,2840,1626,142,-0.886317626527051,-0.276579406631762,0,0.928469225804131
79744,797844746,53.0357007,3530,1857,0,2891,1665,142,-0.716317626527051,-0.146579406631762,0,0.731161038706157
79745,797854746,53.0503117,3520,1858,0,2891,1669,142,-0.716317626527051,-0.133246073298429,0,0.728605145550591
79746,797864747,53.0660016,3534,1860,0,2900,1662,142,-0.686317626527051,-0.156579406631762,0,0.703952409657698
79747,797874747,53.0812786,3534,1855,0,2897,1668,142,-0.696317626527051,-0.136579406631762,0,0.709585915395838
79748,797884747,53.0824335,3523,1858,0,2898,1664,142,-0.692984293193717,-0.149912739965096,0,0.709014146697397
79749,797894746,53.1870087,3503,1855,0,2880,1666,142,-0.752984293193717,-0.143246073298429,0,0.766488606120053
79750,797904746,53.1878047,3526,1855,0,2893,1665,142,-0.709650959860384,-0.146579406631762,0,0.724630945571112
79751,797914746,53.1885104,3522,1857,0,2897,1665,142,-0.696317626527051,-0.146579406631762,0,0.711578357920465
79752,797924747,53.1890064,3518,1853,0,2887,1666,142,-0.729650959860384,-0.143246073298429,0,0.743579155665756
79753,797934747,53.1894375,3521,1858,0,2895,1665,142,-0.702984293193717,-0.146579406631762,0,0.718103362285395
79754,797944747,53.1898355,3521,1855,0,2893,1666,142,-0.709650959860384,-0.143246073298429,0,0.72396403387612
79755,797954746,53.1902498,3520,1856,0,2893,1662,142,-0.709650959860384,-0.156579406631762,0,0.726719750255846
79756,797964746,53.1906791,3517,1854,0,2892,1665,142,-0.712984293193717,-0.146579406631762,0,0.727895682628675
79757,797974747,53.1911127,3504,1856,0,2889,1662,142,-0.722984293193717,-0.156579406631762,0,0.739745495955179
79758,797984746,53.1915657,3502,1854,0,2883,1664,142,-0.742984293193717,-0.149912739965096,0,0.757957445729251
79759,797994747,53.1923726,3487,1855,0,2875,1664,142,-0.769650959860384,-0.149912739965096,0,0.784115061466015
79760,798004747,53.2052886,3470,1853,0,2863,1658,142,-0.809650959860384,-0.169912739965096,0,0.827287746799919
79761,798014746,53.2061775,3457,1843,0,2859,1653,142,-0.822984293193717,-0.186579406631762,0,0.843869078603205
79762,798024747,53.2225239,3459,1842,0,2861,1658,142,-0.816317626527051,-0.169912739965096,0,0.833813412329883
79763,798034746,53.236877,3465,1847,0,2859,1658,142,-0.822984293193717,-0.169912739965096,0,0.840341291408442
79764,798044747,53.2376518,3456,1846,0,2858,1657,142,-0.826317626527051,-0.173246073298429,0,0.844283733008414
79765,798054747,53.2531401,3453,1843,0,2858,1657,142,-0.826317626527051,-0.173246073298429,0,0.844283733008414
79766,798064747,53.2839855,3407,1846,0,2836,1653,142,-0.899650959860384,-0.186579406631762,0,0.918794712956475
79767,798074747,53.2846428,3464,1849,0,2859,1663,142,-0.822984293193717,-0.153246073298429,0,0.837130518990289
79768,798084746,53.28524,3452,1849,0,2855,1658,142,-0.836317626527051,-0.169912739965096,0,0.853403487010854
79769,798094746,53.2983253,3425,1843,0,2842,1653,142,-0.879650959860384,-0.186579406631762,0,0.899220599276037
79770,798104746,53.2988651,3453,1846,0,2855,1657,142,-0.836317626527051,-0.173246073298429,0,0.854073401033637
79771,798114746,53.3984221,3446,1841,0,2850,1655,142,-0.852984293193717,-0.179912739965096,0,0.871751569219657
79772,798124746,53.3991004,3473,1855,0,2866,1666,142,-0.799650959860384,-0.143246073298429,0,0.812379895812946
79773,798134747,53.3997042,3447,1851,0,2850,1655,142,-0.852984293193717,-0.179912739965096,0,0.871751569219657
79775,798154746,53.4002931,3442,1846,0,2855,1658,142,-0.836317626527051,-0.169912739965096,0,0.853403487010854
79776,798164747,53.401116,3420,1845,0,2841,1658,142,-0.882984293193717,-0.169912739965096,0,0.899183852851715
79777,798174747,53.4018203,3426,1840,0,2841,1653,142,-0.882984293193717,-0.186579406631762,0,0.902481654664442
79778,798184747,53.4023239,3425,1846,0,2845,1654,142,-0.869650959860384,-0.183246073298429,0,0.888747385574428
79779,798194746,53.4028356,3430,1840,0,2847,1658,142,-0.862984293193717,-0.169912739965096,0,0.879552289236692
79780,798204747,53.4110107,3436,1846,0,2844,1660,142,-0.872984293193717,-0.163246073298429,0,0.888116465679074
79781,798214746,53.4120392,3440,1846,0,2848,1656,142,-0.859650959860384,-0.176579406631762,0,0.877599031241093
79782,798224747,53.4274292,3440,1849,0,2847,1658,142,-0.862984293193717,-0.169912739965096,0,0.879552289236692
79783,798234746,53.4282399,3441,1840,0,2845,1658,142,-0.869650959860384,-0.169912739965096,0,0.886094312806788
79785,798254747,53.4569478,3434,1844,0,2847,1657,142,-0.862984293193717,-0.173246073298429,0,0.880202301867238
79786,798264747,53.4575728,3435,1841,0,2849,1658,142,-0.856317626527051,-0.169912739965096,0,0.873012151521024
79787,798274747,53.4721187,3435,1841,0,2848,1653,142,-0.859650959860384,-0.186579406631762,0,0.879665645440323
79788,798284746,53.487349,3439,1846,0,2847,1662,142,-0.862984293193717,-0.156579406631762,0,0.877074113675814
79789,798294746,53.4879772,3335,1837,0,2803,1649,142,-1.00965095986038,-0.199912739965096,0,1.02925223553187
79790,798304746,53.5029391,3443,1843,0,2849,1653,142,-0.856317626527051,-0.186579406631762,0,0.876408439302122
79791,798314746,53.5177679,3440,1850,0,2850,1657,142,-0.852984293193717,-0.173246073298429,0,0.870400141514528
79792,798324747,53.5183506,3431,1845,0,2841,1656,142,-0.882984293193717,-0.176579406631762,0,0.900467405780594
79793,798334746,53.6203752,3446,1842,0,2855,1659,142,-0.836317626527051,-0.166579406631762,0,0.852746076598204
79794,798344746,53.6215628,3449,1845,0,2856,1658,142,-0.832984293193717,-0.169912739965096,0,0.850137148882392
79795,798354746,53.6226684,3443,1849,0,2852,1660,142,-0.846317626527051,-0.163246073298429,0,0.861918096699296
79796,798364747,53.623348,3461,1845,0,2859,1658,142,-0.822984293193717,-0.169912739965096,0,0.840341291408442
79797,798374747,53.6237704,3445,1841,0,2852,1653,142,-0.846317626527051,-0.186579406631762,0,0.866640294441379
79798,798384746,53.6241716,3463,1850,0,2859,1658,142,-0.822984293193717,-0.169912739965096,0,0.840341291408442
79799,798394746,53.6246172,3458,1850,0,2864,1656,142,-0.806317626527051,-0.176579406631762,0,0.825426193971721
79800,798404747,53.6254563,3460,1840,0,2857,1653,142,-0.829650959860384,-0.186579406631762,0,0.850372030452741
79801,798414747,53.6260969,3457,1841,0,2862,1658,142,-0.812984293193717,-0.169912739965096,0,0.830550299609924
79802,798424747,53.6269449,3451,1854,0,2857,1657,142,-0.829650959860384,-0.173246073298429,0,0.847546410003948
79803,798434747,53.6275201,3451,1849,0,2861,1658,142,-0.816317626527051,-0.169912739965096,0,0.833813412329883
79804,798444747,53.6425765,3450,1844,0,2855,1658,142,-0.836317626527051,-0.169912739965096,0,0.853403487010854
79806,798464747,53.6580462,3450,1839,0,2859,1654,142,-0.822984293193717,-0.183246073298429,0,0.843138345838247
79807,798474746,53.6726997,3459,1847,0,2856,1655,142,-0.832984293193717,-0.179912739965096,0,0.852192130161494
79808,798484747,53.6881515,3453,1845,0,2857,1660,142,-0.829650959860384,-0.163246073298429,0,0.845558984130979
79809,798494746,53.6891168,3451,1842,0,2859,1653,142,-0.822984293193717,-0.186579406631762,0,0.843869078603205
79811,798514746,53.7191801,3467,1840,0,2864,1658,142,-0.806317626527051,-0.169912739965096,0,0.824025760550398
79812,798524747,53.7197092,3467,1851,0,2862,1663,142,-0.812984293193717,-0.153246073298429,0,0.827301529045532
79813,798534747,53.8280394,3457,1847,0,2857,1655,142,-0.829650959860384,-0.179912739965096,0,0.848934219594784
79814,798544747,53.8290023,3450,1851,0,2850,1654,142,-0.852984293193717,-0.183246073298429,0,0.872445601636273
79815,798554746,53.8297277,3431,1846,0,2850,1657,142,-0.852984293193717,-0.173246073298429,0,0.870400141514528
79816,798564747,53.8304926,3425,1843,0,2843,1655,142,-0.876317626527051,-0.179912739965096,0,0.894595537974425
79818,798584747,53.8312321,3427,1840,0,2840,1653,142,-0.886317626527051,-0.186579406631762,0,0.90574323628256
79819,798594747,53.8318853,3422,1840,0,2839,1655,142,-0.889650959860384,-0.179912739965096,0,0.907660412479387
79820,798604746,53.8326018,3434,1845,0,2846,1657,142,-0.866317626527051,-0.173246073298429,0,0.883470674071747
79821,798614746,53.833238,3440,1841,0,2851,1658,142,-0.849650959860384,-0.169912739965096,0,0.866473942363022
79822,798624746,53.8341155,3440,1840,0,2853,1653,142,-0.842984293193717,-0.186579406631762,0,0.863385425838525
79823,798634747,53.8348318,3440,1849,0,2847,1653,142,-0.862984293193717,-0.186579406631762,0,0.882923419826499
79824,798644746,53.8435405,3439,1840,0,2851,1661,142,-0.849650959860384,-0.159912739965096,0,0.864568584899322
79825,798654746,53.8598521,3442,1849,0,2852,1653,142,-0.846317626527051,-0.186579406631762,0,0.866640294441379
79826,798664746,53.8610445,3441,1843,0,2849,1658,142,-0.856317626527051,-0.169912739965096,0,0.873012151521024
79827,798674746,53.8760279,3446,1842,0,2851,1654,142,-0.849650959860384,-0.183246073298429,0,0.869186905660092
79828,798684747,53.8769213,3440,1849,0,2850,1658,142,-0.852984293193717,-0.169912739965096,0,0.869742803153686
79829,798694747,53.9069813,3442,1847,0,2850,1655,142,-0.852984293193717,-0.179912739965096,0,0.871751569219657
79830,798704746,53.9077673,3445,1843,0,2851,1661,142,-0.849650959860384,-0.159912739965096,0,0.864568584899322
79831,798714747,53.9223755,3440,1850,0,2855,1658,142,-0.836317626527051,-0.169912739965096,0,0.853403487010854
79832,798724747,53.9233765,3446,1844,0,2854,1662,142,-0.839650959860384,-0.156579406631762,0,0.854125778194066
79833,798734746,53.9379429,3443,1847,0,2851,1661,142,-0.849650959860384,-0.159912739965096,0,0.864568584899322
79834,798744747,53.9384944,3441,1846,0,2858,1663,142,-0.826317626527051,-0.153246073298429,0,0.840407745615595
79835,798754746,54.0417869,3441,1844,0,2856,1661,142,-0.832984293193717,-0.159912739965096,0,0.848195093778891
79836,798764747,54.042374,3445,1843,0,2855,1661,142,-0.836317626527051,-0.159912739965096,0,0.851468881899382
79837,798774746,54.0428779,3456,1847,0,2853,1662,142,-0.842984293193717,-0.156579406631762,0,0.857402839482391
79838,798784747,54.0434131,3442,1845,0,2850,1658,142,-0.852984293193717,-0.169912739965096,0,0.869742803153686
79839,798794747,54.0438636,3445,1842,0,2850,1657,142,-0.852984293193717,-0.173246073298429,0,0.870400141514528
79840,798804747,54.0443026,3443,1850,0,2850,1655,142,-0.852984293193717,-0.179912739965096,0,0.871751569219657
79841,798814747,54.0447456,3445,1847,0,2846,1653,142,-0.866317626527051,-0.186579406631762,0,0.886181756193685
79842,798824747,54.0451703,3427,1851,0,2849,1657,142,-0.856317626527051,-0.173246073298429,0,0.87366703006022
79843,798834747,54.0455904,3436,1840,0,2845,1656,142,-0.869650959860384,-0.176579406631762,0,0.887396798975809
79844,798844747,54.04798,3424,1839,0,2840,1653,142,-0.886317626527051,-0.186579406631762,0,0.90574323628256
79845,798854747,54.048733,3426,1841,0,2835,1653,142,-0.902984293193717,-0.186579406631762,0,0.922058842337959
79846,798864747,54.0642729,3425,1841,0,2843,1658,142,-0.876317626527051,-0.169912739965096,0,0.892638180767801
79847,798874746,54.0786828,3417,1847,0,2841,1657,142,-0.882984293193717,-0.173246073298429,0,0.899819684125733
79848,798884746,54.0967973,3423,1845,0,2841,1654,142,-0.882984293193717,-0.183246073298429,0,0.901798417278552
79849,798894747,54.097537,3406,1840,0,2826,1653,142,-0.932984293193717,-0.186579406631762,0,0.951457600907808
79850,798904746,54.0981838,3391,1840,0,2821,1653,142,-0.949650959860384,-0.186579406631762,0,0.967806189555951
79851,798914746,54.109706,3370,1835,0,2812,1647,142,-0.979650959860384,-0.206579406631762,0,1.00119481341031
79852,798924747,54.1268898,3388,1840,0,2822,1648,142,-0.946317626527051,-0.203246073298429,0,0.967897730437995
79853,798934747,54.1282692,3399,1840,0,2830,1653,142,-0.919650959860384,-0.186579406631762,0,0.938386787498197
79854,798944746,54.1430457,3393,1847,0,2827,1655,142,-0.929650959860384,-0.179912739965096,0,0.9468999425341
79855,798954747,54.144592,3398,1840,0,2830,1654,142,-0.919650959860384,-0.183246073298429,0,0.937729711244887
79856,798964746,54.2584643,3408,1841,0,2828,1653,142,-0.926317626527051,-0.186579406631762,0,0.944921277246824
79857,798974747,54.2598062,3393,1841,0,2825,1653,142,-0.936317626527051,-0.186579406631762,0,0.954726438685087
79858,798984747,54.2610711,3404,1837,0,2825,1658,142,-0.936317626527051,-0.169912739965096,0,0.951609708308872
79859,798994746,54.2619105,3389,1837,0,2829,1653,142,-0.922984293193717,-0.186579406631762,0,0.941653800747051
79860,799004746,54.262524,3398,1840,0,2830,1653,142,-0.919650959860384,-0.186579406631762,0,0.938386787498197
79861,799014747,54.2630784,3393,1843,0,2830,1648,142,-0.919650959860384,-0.203246073298429,0,0.941842266137678
79862,799024746,54.2636229,3407,1841,0,2832,1655,142,-0.912984293193717,-0.179912739965096,0,0.930542268583314
79863,799034746,54.2642097,3408,1840,0,2833,1657,142,-0.909650959860384,-0.173246073298429,0,0.926001658037523
79864,799044746,54.2647498,3409,1845,0,2835,1655,142,-0.902984293193717,-0.179912739965096,0,0.9207329839624
79865,799054746,54.2654611,3418,1841,0,2833,1653,142,-0.909650959860384,-0.186579406631762,0,0.928588576148758
79866,799064746,54.266384,3417,1839,0,2837,1653,142,-0.896317626527051,-0.186579406631762,0,0.915531082269819
79867,799074747,54.2826238,3422,1842,0,2839,1653,142,-0.889650959860384,-0.186579406631762,0,0.909005338465932
79868,799084746,54.2832185,3434,1844,0,2842,1653,142,-0.879650959860384,-0.186579406631762,0,0.899220599276037
79869,799094746,54.2973602,3422,1840,0,2843,1654,142,-0.876317626527051,-0.183246073298429,0,0.895271861470747
79870,799104746,54.3120354,3437,1842,0,2844,1653,142,-0.872984293193717,-0.186579406631762,0,0.892700090255398
79871,799114747,54.3128511,3422,1839,0,2844,1653,142,-0.872984293193717,-0.186579406631762,0,0.892700090255398
79872,799124747,54.3292189,3427,1849,0,2841,1656,142,-0.882984293193717,-0.176579406631762,0,0.900467405780594
79873,799134746,54.3300082,3412,1845,0,2836,1654,142,-0.899650959860384,-0.183246073298429,0,0.918123615292082
79874,799144747,54.3439621,3402,1839,0,2832,1653,142,-0.912984293193717,-0.186579406631762,0,0.931854170242046
79876,799164747,54.3598354,3389,1837,0,2825,1653,142,-0.936317626527051,-0.186579406631762,0,0.954726438685087
79877,799174747,54.474585,3397,1838,0,2831,1652,142,-0.916317626527051,-0.189912739965096,0,0.935791024473529
79879,799194747,54.4755391,3402,1842,0,2833,1654,142,-0.909650959860384,-0.183246073298429,0,0.92792456167202
79880,799204747,54.4760296,3425,1843,0,2841,1653,142,-0.882984293193717,-0.186579406631762,0,0.902481654664442
79881,799214746,54.4764476,3421,1843,0,2843,1658,142,-0.876317626527051,-0.169912739965096,0,0.892638180767801
79882,799224746,54.4768488,3454,1843,0,2855,1653,142,-0.836317626527051,-0.186579406631762,0,0.856877498490245
79883,799234747,54.4773184,3460,1846,0,2858,1661,142,-0.826317626527051,-0.159912739965096,0,0.841648919866498
79885,799254747,54.4777759,3043,1793,0,2611,1616,142,-1.64965095986038,-0.309912739965096,0,1.67850951613655
79886,799264746,54.4782923,3102,1795,0,2664,1614,142,-1.47298429319372,-0.316579406631762,0,1.50662047268007
79887,799274747,54.4788807,3389,1831,0,2824,1653,142,-0.939650959860384,-0.186579406631762,0,0.957995720943263
79888,799284747,54.484599,3442,1842,0,2855,1664,142,-0.836317626527051,-0.149912739965096,0,0.84964757520026
79889,799294747,54.5019258,3470,1851,0,2864,1658,142,-0.806317626527051,-0.169912739965096,0,0.824025760550398
79890,799304746,54.5030508,3461,1852,0,2866,1658,142,-0.799650959860384,-0.169912739965096,0,0.817503514859771
79891,799314746,54.517243,3447,1849,0,2857,1661,142,-0.829650959860384,-0.159912739965096,0,0.844921771290337
79892,799324746,54.5178826,3513,1854,0,2886,1661,142,-0.732984293193717,-0.159912739965096,0,0.750225338462943
79893,799334747,54.5321056,3506,1851,0,2884,1664,142,-0.739650959860384,-0.149912739965096,0,0.75469024905999
79894,799344746,54.5462797,3509,1856,0,2885,1667,142,-0.736317626527051,-0.139912739965096,0,0.749492643018575
79895,799354746,54.5469534,3515,1854,0,2885,1663,142,-0.736317626527051,-0.153246073298429,0,0.752095742652368
79897,799374746,54.6699899,3503,1855,0,2883,1664,142,-0.742984293193717,-0.149912739965096,0,0.757957445729251
79898,799384747,54.6713597,3492,1850,0,2881,1661,142,-0.749650959860384,-0.159912739965096,0,0.766517218347207
79900,799404747,54.6721315,3476,1843,0,2867,1658,142,-0.796317626527051,-0.169912739965096,0,0.814243269250733
79901,799414746,54.6728147,3472,1843,0,2867,1660,142,-0.796317626527051,-0.163246073298429,0,0.812878245966167
79902,799424746,54.6734116,3466,1844,0,2866,1658,142,-0.799650959860384,-0.169912739965096,0,0.817503514859771
79903,799434747,54.673961,3472,1842,0,2867,1655,142,-0.796317626527051,-0.179912739965096,0,0.816388606191576
79904,799444747,54.6746288,3472,1851,0,2869,1664,142,-0.789650959860384,-0.149912739965096,0,0.803755228917528
79905,799454747,54.6753289,3437,1841,0,2856,1657,142,-0.832984293193717,-0.173246073298429,0,0.85080963477194
79906,799464747,54.6760371,3445,1850,0,2854,1657,142,-0.839650959860384,-0.173246073298429,0,0.857337702604865
79907,799474747,54.6769843,3471,1846,0,2862,1661,142,-0.812984293193717,-0.159912739965096,0,0.828562336449607
79908,799484747,54.687482,3458,1849,0,2858,1657,142,-0.826317626527051,-0.173246073298429,0,0.844283733008414
79909,799494747,54.6882581,3440,1841,0,2850,1655,142,-0.852984293193717,-0.179912739965096,0,0.871751569219657
79910,799504746,54.7044704,3421,1840,0,2836,1652,142,-0.899650959860384,-0.189912739965096,0,0.919477405039819
79911,799514747,54.7185312,3462,1844,0,2859,1662,142,-0.822984293193717,-0.156579406631762,0,0.837747132149503
79912,799524746,54.7193223,3467,1843,0,2866,1658,142,-0.799650959860384,-0.169912739965096,0,0.817503514859771
79913,799534746,54.7388484,3456,1844,0,2864,1661,142,-0.806317626527051,-0.159912739965096,0,0.822022018714438
79914,799544746,54.7400674,3447,1851,0,2854,1663,142,-0.839650959860384,-0.153246073298429,0,0.853520997618601
79915,799554747,54.7525817,3419,1843,0,2836,1655,142,-0.899650959860384,-0.179912739965096,0,0.917464137489558
79916,799564747,54.9259233,3440,1849,0,2849,1658,142,-0.856317626527051,-0.169912739965096,0,0.873012151521024
79917,799574747,54.9267436,3438,1843,0,2848,1653,142,-0.859650959860384,-0.186579406631762,0,0.879665645440323
79919,799594747,54.9274594,3439,1842,0,2851,1658,142,-0.849650959860384,-0.169912739965096,0,0.866473942363022
79920,799604747,54.9283466,3443,1845,0,2856,1657,142,-0.832984293193717,-0.173246073298429,0,0.85080963477194
79921,799614747,54.9290252,3443,1845,0,2850,1662,142,-0.852984293193717,-0.156579406631762,0,0.867236596907868
79922,799624747,54.9295887,3466,1843,0,2867,1661,142,-0.796317626527051,-0.159912739965096,0,0.812215394289483
79923,799634747,54.9301503,3459,1846,0,2867,1658,142,-0.796317626527051,-0.169912739965096,0,0.814243269250733
79924,799644747,54.9307311,3466,1849,0,2862,1658,142,-0.812984293193717,-0.169912739965096,0,0.830550299609924
79925,799654746,54.9312965,3463,1849,0,2866,1663,142,-0.799650959860384,-0.153246073298429,0,0.814202687656471
79926,799664747,54.931852,3457,1850,0,2859,1662,142,-0.822984293193717,-0.156579406631762,0,0.837747132149503
79927,799674746,54.9324086,3455,1851,0,2857,1661,142,-0.829650959860384,-0.159912739965096,0,0.844921771290337
79928,799684746,54.9330229,3458,1846,0,2858,1655,142,-0.826317626527051,-0.179912739965096,0,0.845676896876725
79929,799694746,54.9336533,3440,1848,0,2856,1662,142,-0.832984293193717,-0.156579406631762,0,0.847572972249937
79930,799704746,54.9343626,3440,1842,0,2850,1663,142,-0.852984293193717,-0.153246073298429,0,0.866640965692583
79931,799714747,54.9350817,3440,1841,0,2843,1653,142,-0.876317626527051,-0.186579406631762,0,0.895960075863352
79932,799724747,54.9359117,3425,1844,0,2841,1653,142,-0.882984293193717,-0.186579406631762,0,0.902481654664442
79933,799734747,54.9369701,3410,1845,0,2835,1653,142,-0.902984293193717,-0.186579406631762,0,0.922058842337959
79934,799744746,54.9376422,3394,1839,0,2832,1653,142,-0.912984293193717,-0.186579406631762,0,0.931854170242046
79935,799754746,54.9550568,3412,1842,0,2836,1653,142,-0.899650959860384,-0.186579406631762,0,0.918794712956475
79936,799764747,55.0826818,3413,1838,0,2833,1658,142,-0.909650959860384,-0.169912739965096,0,0.925383816574163
79937,799774746,55.083733,3401,1842,0,2825,1653,142,-0.936317626527051,-0.186579406631762,0,0.954726438685087
79938,799784747,55.084969,3413,1840,0,2832,1653,142,-0.912984293193717,-0.186579406631762,0,0.931854170242046
79939,799794746,55.0857392,3413,1842,0,2832,1653,142,-0.912984293193717,-0.186579406631762,0,0.931854170242046
79940,799804747,55.0864395,3443,1843,0,2850,1658,142,-0.852984293193717,-0.169912739965096,0,0.869742803153686
79941,799814746,55.0872638,3440,1845,0,2857,1658,142,-0.829650959860384,-0.169912739965096,0,0.846871332847973
79942,799824747,55.0879094,3441,1842,0,2856,1662,142,-0.832984293193717,-0.156579406631762,0,0.847572972249937
79943,799834747,55.0885267,3447,1846,0,2854,1654,142,-0.839650959860384,-0.183246073298429,0,0.859414252717371
79944,799844747,55.0891032,3442,1845,0,2852,1657,142,-0.846317626527051,-0.173246073298429,0,0.863867887401601
79945,799854747,55.0896883,3441,1845,0,2851,1658,142,-0.849650959860384,-0.169912739965096,0,0.866473942363022
79946,799864746,55.0902491,3442,1843,0,2851,1655,142,-0.849650959860384,-0.179912739965096,0,0.868490269141468
79947,799874747,55.0910156,3436,1847,0,2850,1653,142,-0.852984293193717,-0.186579406631762,0,0.873151807771275
79948,799884746,55.0920613,3440,1847,0,2844,1653,142,-0.872984293193717,-0.186579406631762,0,0.892700090255398
79949,799894746,55.0958117,3425,1846,0,2849,1656,142,-0.856317626527051,-0.176579406631762,0,0.874334126262579
79950,799904747,55.1096501,3431,1850,0,2850,1655,142,-0.852984293193717,-0.179912739965096,0,0.871751569219657
79951,799914747,55.1106007,3438,1840,0,2842,1653,142,-0.879650959860384,-0.186579406631762,0,0.899220599276037
79952,799924747,55.1282174,3421,1841,0,2839,1653,142,-0.889650959860384,-0.186579406631762,0,0.909005338465932
79953,799934746,55.1290444,3408,1845,0,2835,1656,142,-0.902984293193717,-0.176579406631762,0,0.920087452691853
79955,799954747,55.1559137,3387,1837,0,2823,1649,142,-0.942984293193717,-0.199912739965096,0,0.963942156361266
79956,799964746,55.1564206,3378,1840,0,2815,1650,142,-0.969650959860384,-0.196579406631762,0,0.989376797317311
79957,799974746,55.1724794,3381,1840,0,2818,1652,142,-0.959650959860384,-0.189912739965096,0,0.978262139491254
79958,799984747,55.1862458,3408,1846,0,2833,1657,142,-0.909650959860384,-0.173246073298429,0,0.926001658037523
79959,799994747,55.1868169,3401,1841,0,2825,1653,142,-0.936317626527051,-0.186579406631762,0,0.954726438685087
79960,800004746,55.3049057,3403,1838,0,2826,1653,142,-0.932984293193717,-0.186579406631762,0,0.951457600907808
79961,800014747,55.3058253,3397,1838,0,2830,1653,142,-0.919650959860384,-0.186579406631762,0,0.938386787498197
79962,800024746,55.3065284,3406,1840,0,2831,1650,142,-0.916317626527051,-0.196579406631762,0,0.937166717183161
79963,800034746,55.3071734,3409,1839,0,2835,1653,142,-0.902984293193717,-0.186579406631762,0,0.922058842337959
79964,800044746,55.3076169,3413,1841,0,2835,1650,142,-0.902984293193717,-0.196579406631762,0,0.924134241799455
79965,800054747,55.3080184,3407,1840,0,2837,1655,142,-0.896317626527051,-0.179912739965096,0,0.914195756730928
79966,800064746,55.3084449,3411,1843,0,2835,1653,142,-0.902984293193717,-0.186579406631762,0,0.922058842337959
79967,800074746,55.3088702,3405,1841,0,2835,1652,142,-0.902984293193717,-0.189912739965096,0,0.922739119445798
79968,800084746,55.3093053,3381,1840,0,2819,1657,142,-0.956317626527051,-0.173246073298429,0,0.971883534544987
79969,800094746,55.3096991,3394,1840,0,2826,1653,142,-0.932984293193717,-0.186579406631762,0,0.951457600907808
79970,800104746,55.3101981,3037,1808,0,2641,1626,142,-1.54965095986038,-0.276579406631762,0,1.57413921416404
79971,800114747,55.3113029,3426,1847,0,2845,1653,142,-0.869650959860384,-0.186579406631762,0,0.889440648365672
79972,800124747,55.3269713,3426,1843,0,2845,1658,142,-0.869650959860384,-0.169912739965096,0,0.886094312806788
79973,800134747,55.3280384,3450,1849,0,2858,1660,142,-0.826317626527051,-0.163246073298429,0,0.842288608706454
79974,800144746,55.3422421,3450,1847,0,2859,1658,142,-0.822984293193717,-0.169912739965096,0,0.840341291408442
79976,800164747,55.3590927,3465,1847,0,2861,1661,142,-0.816317626527051,-0.159912739965096,0,0.83183324758145
79977,800174747,55.3736398,3453,1841,0,2857,1660,142,-0.829650959860384,-0.163246073298429,0,0.845558984130979
79978,800184747,55.3893306,3466,1847,0,2860,1658,142,-0.819650959860384,-0.169912739965096,0,0.837077078411836
79979,800194747,55.3903616,3461,1844,0,2858,1661,142,-0.826317626527051,-0.159912739965096,0,0.841648919866498
79980,800204747,55.497128,3454,1851,0,2857,1662,142,-0.829650959860384,-0.156579406631762,0,0.844297237812852
79981,800214747,55.4985012,3455,1842,0,2858,1657,142,-0.826317626527051,-0.173246073298429,0,0.844283733008414
79982,800224746,55.4992853,3463,1851,0,2862,1658,142,-0.812984293193717,-0.169912739965096,0,0.830550299609924
79983,800234747,55.5000533,3459,1843,0,2862,1655,142,-0.812984293193717,-0.179912739965096,0,0.832653622451399
79984,800244747,55.5006904,3451,1853,0,2857,1663,142,-0.829650959860384,-0.153246073298429,0,0.843685411856009
79985,800254747,55.501264,3455,1854,0,2856,1658,142,-0.832984293193717,-0.169912739965096,0,0.850137148882392
79986,800264746,55.5017058,3459,1843,0,2859,1661,142,-0.822984293193717,-0.159912739965096,0,0.838376545024195
79987,800274746,55.502131,3451,1846,0,2857,1662,142,-0.829650959860384,-0.156579406631762,0,0.844297237812852
79988,800284746,55.5025254,3439,1842,0,2850,1658,142,-0.852984293193717,-0.169912739965096,0,0.869742803153686
79989,800294747,55.5033125,3438,1842,0,2849,1658,142,-0.856317626527051,-0.169912739965096,0,0.873012151521024
79990,800304747,55.5038908,3445,1852,0,2848,1655,142,-0.859650959860384,-0.179912739965096,0,0.878275791987134
79991,800314746,55.514488,3438,1840,0,2850,1654,142,-0.852984293193717,-0.183246073298429,0,0.872445601636273
79992,800324746,55.5153132,3442,1846,0,2856,1658,142,-0.832984293193717,-0.169912739965096,0,0.850137148882392
79993,800334747,55.5302074,3447,1849,0,2854,1654,142,-0.839650959860384,-0.183246073298429,0,0.859414252717371
79994,800344747,55.5462365,3456,1845,0,2857,1658,142,-0.829650959860384,-0.169912739965096,0,0.846871332847973
79995,800354746,55.5605609,3443,1847,0,2854,1663,142,-0.839650959860384,-0.153246073298429,0,0.853520997618601
79996,800364746,55.5614202,3447,1847,0,2856,1653,142,-0.832984293193717,-0.186579406631762,0,0.853624453542948
79997,800374747,55.5784185,3444,1843,0,2856,1664,142,-0.832984293193717,-0.149912739965096,0,0.846366742205339
79998,800384747,55.5802334,3443,1846,0,2855,1663,142,-0.836317626527051,-0.153246073298429,0,0.850242042844993
79999,800394747,55.5941724,3440,1845,0,2848,1652,142,-0.859650959860384,-0.189912739965096,0,0.880378680790221
80000,800404749,55.6079894,3440,1850,0,2853,1657,142,-0.842984293193717,-0.173246073298429,0,0.86060253339427
80001,800414751,55.6088256,3444,1845,0,2853,1654,142,-0.842984293193717,-0.183246073298429,0,0.86267122471461
80002,800424747,55.7198672,3454,1845,0,2850,1662,142,-0.852984293193717,-0.156579406631762,0,0.867236596907868
80003,800434746,55.7209238,3447,1843,0,2857,1661,142,-0.829650959860384,-0.159912739965096,0,0.844921771290337
80004,800444746,55.721724,3449,1845,0,2854,1654,142,-0.839650959860384,-0.183246073298429,0,0.859414252717371
80005,800454747,55.7222116,3457,1845,0,2857,1661,142,-0.829650959860384,-0.159912739965096,0,0.844921771290337
80006,800464747,55.7226223,3473,1847,0,2863,1662,142,-0.809650959860384,-0.156579406631762,0,0.824652525239568
80007,800474747,55.7230252,3474,1853,0,2867,1660,142,-0.796317626527051,-0.163246073298429,0,0.812878245966167
80008,800484747,55.7234353,3475,1849,0,2870,1657,142,-0.786317626527051,-0.173246073298429,0,0.805176758047858
80009,800494746,55.7238504,3485,1851,0,2867,1658,142,-0.796317626527051,-0.169912739965096,0,0.814243269250733
80010,800504747,55.7243098,3470,1851,0,2867,1661,142,-0.796317626527051,-0.159912739965096,0,0.812215394289483
80011,800514747,55.7249056,3477,1844,0,2869,1664,142,-0.789650959860384,-0.149912739965096,0,0.803755228917528
80012,800524747,55.7254907,3472,1846,0,2868,1661,142,-0.792984293193717,-0.159912739965096,0,0.808947571635569
80013,800534747,55.7352098,3465,1850,0,2864,1657,142,-0.806317626527051,-0.173246073298429,0,0.824719538244088
80014,800544747,55.7480012,3466,1842,0,2860,1662,142,-0.819650959860384,-0.156579406631762,0,0.834472771623618
80015,800554747,55.7492259,3447,1841,0,2853,1662,142,-0.842984293193717,-0.156579406631762,0,0.857402839482391
80016,800564746,55.7635932,3447,1843,0,2858,1661,142,-0.826317626527051,-0.159912739965096,0,0.841648919866498
80017,800574746,55.7793295,3446,1840,0,2854,1654,142,-0.839650959860384,-0.183246073298429,0,0.859414252717371
80018,800584746,55.7936972,3440,1841,0,2849,1653,142,-0.856317626527051,-0.186579406631762,0,0.876408439302122
80019,800594747,55.7945378,3459,1847,0,2852,1658,142,-0.846317626527051,-0.169912739965096,0,0.863205574688224
80020,800604747,55.8258561,3443,1846,0,2851,1654,142,-0.849650959860384,-0.183246073298429,0,0.869186905660092
80021,800614746,55.826666,3443,1845,0,2855,1657,142,-0.836317626527051,-0.173246073298429,0,0.854073401033637
80022,800624746,55.8274449,3450,1849,0,2855,1658,142,-0.836317626527051,-0.169912739965096,0,0.853403487010854
80023,800634747,55.8280638,3444,1849,0,2859,1657,142,-0.822984293193717,-0.173246073298429,0,0.841021610160457
80024,800644747,55.9320886,3450,1850,0,2856,1658,142,-0.832984293193717,-0.169912739965096,0,0.850137148882392
80025,800654747,55.933003,3376,1839,0,2815,1656,142,-0.969650959860384,-0.176579406631762,0,0.985597925527742
80026,800664747,55.9339497,3417,1842,0,2841,1660,142,-0.882984293193717,-0.163246073298429,0,0.897947962007913
80027,800674747,55.9349532,3416,1843,0,2838,1658,142,-0.892984293193717,-0.169912739965096,0,0.909005658449456
80028,800684746,55.9355886,3437,1842,0,2846,1657,142,-0.866317626527051,-0.173246073298429,0,0.883470674071747
80029,800694747,55.9360067,3412,1840,0,2838,1657,142,-0.892984293193717,-0.173246073298429,0,0.909634624343207
80030,800704746,55.9364016,3376,1837,0,2813,1653,142,-0.976317626527051,-0.186579406631762,0,0.993985906764514
80031,800714746,55.9368282,3427,1846,0,2838,1658,142,-0.892984293193717,-0.169912739965096,0,0.909005658449456
80032,800724746,55.9372254,3423,1840,0,2841,1653,142,-0.882984293193717,-0.186579406631762,0,0.902481654664442
80033,800734746,55.9379747,3426,1841,0,2841,1652,142,-0.882984293193717,-0.189912739965096,0,0.903176677526528
80034,800744747,55.9386333,3421,1840,0,2834,1653,142,-0.906317626527051,-0.186579406631762,0,0.925323465136753
80035,800754746,55.9523608,3412,1843,0,2833,1658,142,-0.909650959860384,-0.169912739965096,0,0.925383816574163
80036,800764747,55.9668708,3411,1845,0,2832,1653,142,-0.912984293193717,-0.186579406631762,0,0.931854170242046
80037,800774747,55.9679978,3413,1844,0,2835,1653,142,-0.902984293193717,-0.186579406631762,0,0.922058842337959
80038,800784746,55.9833183,3413,1841,0,2831,1653,142,-0.916317626527051,-0.186579406631762,0,0.935120242355617
80039,800794746,55.9977777,3411,1840,0,2832,1654,142,-0.912984293193717,-0.183246073298429,0,0.931192484397144
80040,800804746,56.0131788,3412,1846,0,2833,1657,142,-0.909650959860384,-0.173246073298429,0,0.926001658037523
80041,800814746,56.0137228,3414,1840,0,2836,1655,142,-0.899650959860384,-0.179912739965096,0,0.917464137489558
80042,800824746,56.0292683,3412,1845,0,2833,1653,142,-0.909650959860384,-0.186579406631762,0,0.928588576148758
80043,800834747,56.0297914,3407,1840,0,2835,1653,142,-0.902984293193717,-0.186579406631762,0,0.922058842337959
80044,800844746,56.1294341,3417,1840,0,2833,1650,142,-0.909650959860384,-0.196579406631762,0,0.930649414058062
80045,800854747,56.1304322,3405,1842,0,2833,1653,142,-0.909650959860384,-0.186579406631762,0,0.928588576148758
80047,800874746,56.1310922,3409,1840,0,2831,1653,142,-0.916317626527051,-0.186579406631762,0,0.935120242355617
80048,800884747,56.1315558,3408,1839,0,2830,1653,142,-0.919650959860384,-0.186579406631762,0,0.938386787498197
80049,800894747,56.131987,3407,1845,0,2829,1655,142,-0.922984293193717,-0.179912739965096,0,0.940355570773127
80050,800904747,56.1324047,3394,1840,0,2832,1652,142,-0.912984293193717,-0.189912739965096,0,0.93252730170193
80051,800914747,56.1327977,3398,1838,0,2830,1654,142,-0.919650959860384,-0.183246073298429,0,0.937729711244887
80052,800924746,56.1332303,3390,1837,0,2827,1649,142,-0.929650959860384,-0.199912739965096,0,0.950902734652543
80053,800934746,56.1390144,3392,1840,0,2823,1651,142,-0.942984293193717,-0.193246073298429,0,0.96258164435819
80054,800944747,56.139704,3380,1835,0,2819,1649,142,-0.956317626527051,-0.199912739965096,0,0.976989511922561
80055,800954747,56.1550339,3379,1835,0,2816,1653,142,-0.966317626527051,-0.186579406631762,0,0.984165448649734
80056,800964746,56.1557197,3376,1837,0,2816,1653,142,-0.966317626527051,-0.186579406631762,0,0.984165448649734
80057,800974746,56.170591,3372,1838,0,2814,1653,142,-0.972984293193717,-0.186579406631762,0,0.990712021619168
80058,800984746,56.1747412,3365,1838,0,2807,1650,142,-0.996317626527051,-0.196579406631762,0,1.01552561564945
80059,800994747,56.1866387,3371,1840,0,2811,1645,142,-0.982984293193717,-0.213246073298429,0,1.00584889940923
80060,801004746,56.2024589,3366,1835,0,2809,1646,142,-0.989650959860384,-0.209912739965096,0,1.01166811788859
80061,801014746,56.2177499,3373,1837,0,2815,1652,142,-0.969650959860384,-0.189912739965096,0,0.988073799247411
80062,801024747,56.2184707,3367,1840,0,2812,1651,142,-0.979650959860384,-0.193246073298429,0,0.998528941994489
80063,801034746,56.2338349,3375,1833,0,2812,1650,142,-0.979650959860384,-0.196579406631762,0,0.999179396438431
80064,801044747,56.2485488,3376,1837,0,2814,1652,142,-0.972984293193717,-0.189912739965096,0,0.991345188923983
80065,801054747,56.2490892,3351,1835,0,2803,1653,142,-1.00965095986038,-0.186579406631762,0,1.02674579898145
80066,801064747,56.3494035,3366,1836,0,2808,1651,142,-0.992984293193717,-0.193246073298429,0,1.01161348912254
80067,801074746,56.3503415,3365,1840,0,2815,1653,142,-0.969650959860384,-0.186579406631762,0,0.987438534257816
80068,801084746,56.3514272,3376,1840,0,2817,1653,142,-0.962984293193717,-0.186579406631762,0,0.980892768816686
80069,801094747,56.3523126,3379,1840,0,2819,1653,142,-0.956317626527051,-0.186579406631762,0,0.974348642830374
80070,801104746,56.3528078,3378,1838,0,2818,1656,142,-0.959650959860384,-0.176579406631762,0,0.975761370216808
80071,801114746,56.353344,3382,1841,0,2818,1651,142,-0.959650959860384,-0.193246073298429,0,0.978914710077552
80073,801134746,56.3540608,3362,1835,0,2809,1652,142,-0.989650959860384,-0.189912739965096,0,1.00770822719358
80074,801144747,56.358709,3366,1838,0,2808,1649,142,-0.992984293193717,-0.199912739965096,0,1.01290814496171
80075,801154746,56.3598072,3371,1841,0,2806,1650,142,-0.999650959860384,-0.196579406631762,0,1.01879610553902
80076,801164747,56.360261,3360,1837,0,2805,1651,142,-1.00298429319372,-0.193246073298429,0,1.02143112212159
80078,801184747,56.3769063,3366,1840,0,2806,1653,142,-0.999650959860384,-0.186579406631762,0,1.01691391795414
80079,801194747,56.3911403,3363,1835,0,2804,1654,142,-1.00631762652705,-0.183246073298429,0,1.02286572375768
80080,801204746,56.4081922,3366,1839,0,2807,1644,142,-0.996317626527051,-0.216579406631762,0,1.01958592198277
80082,801224746,56.4222252,3354,1836,0,2806,1654,142,-0.999650959860384,-0.183246073298429,0,1.01630761333815
80083,801234746,56.4380672,3359,1839,0,2800,1651,142,-1.01965095986038,-0.193246073298429,0,1.03780158257225
80084,801244747,56.4532237,3345,1836,0,2798,1652,142,-1.02631762652705,-0.189912739965096,0,1.04374073376542
80085,801254746,56.4537574,3318,1839,0,2783,1650,142,-1.07631762652705,-0.196579406631762,0,1.09412206644621
80086,801264746,56.5548036,3344,1847,0,2798,1649,142,-1.02631762652705,-0.199912739965096,0,1.04560651017506
80087,801274747,56.5557535,3355,1840,0,2815,1648,142,-0.969650959860384,-0.203246073298429,0,0.990722943243667
80088,801284747,56.5564758,3363,1840,0,2803,1653,142,-1.00965095986038,-0.186579406631762,0,1.02674579898145
80089,801294746,56.5569133,3362,1837,0,2808,1653,142,-0.992984293193717,-0.186579406631762,0,1.01036116389561
80090,801304746,56.5573439,3360,1837,0,2802,1649,142,-1.01298429319372,-0.199912739965096,0,1.0325222912158
80091,801314746,56.5577415,3355,1838,0,2804,1650,142,-1.00631762652705,-0.196579406631762,0,1.02533829957275
80092,801324746,56.5581646,3355,1837,0,2802,1651,142,-1.01298429319372,-0.193246073298429,0,1.03125225968355
80093,801334746,56.5586133,3346,1840,0,2799,1653,142,-1.02298429319372,-0.186579406631762,0,1.03985996129292
80094,801344747,56.5590075,3346,1840,0,2799,1652,142,-1.02298429319372,-0.189912739965096,0,1.04046322036009
80095,801354747,56.5594069,3332,1829,0,2790,1652,142,-1.05298429319372,-0.189912739965096,0,1.0699732569152
80096,801364747,56.5790484,3339,1834,0,2788,1647,142,-1.05965095986038,-0.206579406631762,0,1.07959955908539
80097,801374747,56.5798478,3328,1837,0,2791,1644,142,-1.04965095986038,-0.216579406631762,0,1.07176199639323
80098,801384746,56.580624,3327,1835,0,2788,1649,142,-1.05965095986038,-0.199912739965096,0,1.07834375796097
80099,801394747,56.5966993,3255,1822,0,2747,1635,142,-1.19631762652705,-0.246579406631762,0,1.22146521330498
80100,801404747,56.5975922,3263,1823,0,2744,1639,142,-1.20631762652705,-0.233246073298429,0,1.22866022430084
80101,801414747,56.6095445,3231,1823,0,2732,1629,142,-1.24631762652705,-0.266579406631762,0,1.27450861363592
80102,801424746,56.6252848,3216,1822,0,2721,1635,142,-1.28298429319372,-0.246579406631762,0,1.30646473368272
80103,801434746,56.6263143,3243,1815,0,2734,1638,142,-1.23965095986038,-0.236579406631762,0,1.26202389752532
80104,801444747,56.6419084,3197,1814,0,2722,1632,142,-1.27965095986038,-0.256579406631762,0,1.30512051971422
80105,801454747,56.6569314,3209,1817,0,2722,1631,142,-1.27965095986038,-0.259912739965096,0,1.30577992459211
80106,801464747,56.6573801,3136,1808,0,2676,1630,142,-1.43298429319372,-0.263246073298429,0,1.4569634448561
80107,801474747,56.7649585,3282,1819,0,2766,1635,142,-1.13298429319372,-0.246579406631762,0,1.15950627958564
80108,801484747,56.7658345,3302,1832,0,2776,1645,142,-1.09965095986038,-0.213246073298429,0,1.1201366529576
80109,801494746,56.7665994,3311,1827,0,2779,1644,142,-1.08965095986038,-0.216579406631762,0,1.11096618026906
80110,801504746,56.767095,3309,1829,0,2780,1652,142,-1.08631762652705,-0.189912739965096,0,1.10279319661685
80111,801514747,56.7675338,3284,1826,0,2760,1644,142,-1.15298429319372,-0.216579406631762,0,1.17314935951412
80112,801524747,56.7679687,3314,1831,0,2780,1648,142,-1.08631762652705,-0.203246073298429,0,1.1051673864237
80113,801534747,56.7683992,3337,1839,0,2794,1647,142,-1.03965095986038,-0.206579406631762,0,1.05997602311701
80114,801544746,56.7688251,3294,1829,0,2768,1648,142,-1.12631762652705,-0.203246073298429,0,1.14450878639561
80115,801554746,56.7692657,3255,1820,0,2744,1639,142,-1.20631762652705,-0.233246073298429,0,1.22866022430084
80116,801564747,56.7701703,3333,1834,0,2790,1649,142,-1.05298429319372,-0.199912739965096,0,1.07179336875772
80117,801574746,56.7707247,3191,1812,0,2722,1632,142,-1.27965095986038,-0.256579406631762,0,1.30512051971422
80118,801584747,56.7849267,3392,1840,0,2824,1654,142,-0.939650959860384,-0.183246073298429,0,0.957352103327629
80119,801594746,56.7985476,3403,1846,0,2825,1653,142,-0.936317626527051,-0.186579406631762,0,0.954726438685087
80120,801604746,56.7992677,3344,1837,0,2797,1653,142,-1.02965095986038,-0.186579406631762,0,1.04641911972234
80121,801614747,56.8166434,3408,1842,0,2830,1657,142,-0.919650959860384,-0.173246073298429,0,0.935826955096641
80122,801624746,56.8176304,3393,1841,0,2829,1657,142,-0.922984293193717,-0.173246073298429,0,0.939102873702147
80123,801634746,56.8304075,3387,1840,0,2823,1655,142,-0.942984293193717,-0.179912739965096,0,0.959993734985704
80124,801644746,56.8457217,3394,1843,0,2824,1658,142,-0.939650959860384,-0.169912739965096,0,0.954889661463034
80125,801654746,56.8466331,3386,1844,0,2815,1649,142,-0.969650959860384,-0.199912739965096,0,0.990044487666345
80126,801664746,56.8626255,3363,1844,0,2807,1652,142,-0.996317626527051,-0.189912739965096,0,1.01425621108749
80127,801674746,57.000365,3359,1839,0,2808,1653,142,-0.992984293193717,-0.186579406631762,0,1.01036116389561
80128,801684746,57.0014668,3361,1843,0,2811,1653,142,-0.982984293193717,-0.186579406631762,0,1.00053485478748
80129,801694746,57.0024652,3391,1845,0,2825,1652,142,-0.936317626527051,-0.189912739965096,0,0.955383455239989
80130,801704747,57.003157,3392,1841,0,2826,1658,142,-0.932984293193717,-0.169912739965096,0,0.948330127407448
80131,801714746,57.0039248,3382,1842,0,2821,1653,142,-0.949650959860384,-0.186579406631762,0,0.967806189555951
80132,801724746,57.0046306,3376,1839,0,2815,1653,142,-0.969650959860384,-0.186579406631762,0,0.987438534257816
80133,801734747,57.0054736,3335,1840,0,2788,1644,142,-1.05965095986038,-0.216579406631762,0,1.08155757873079
80134,801744747,57.0062653,3321,1833,0,2782,1649,142,-1.07965095986038,-0.199912739965096,0,1.09800332364151
80135,801754747,57.007036,3295,1827,0,2767,1640,142,-1.12965095986038,-0.229912739965096,0,1.15281011407419
80136,801764746,57.0079091,3280,1831,0,2760,1644,142,-1.15298429319372,-0.216579406631762,0,1.17314935951412
80137,801774746,57.0088823,3279,1829,0,2759,1644,142,-1.15631762652705,-0.216579406631762,0,1.17642555769335
80138,801784746,57.0098893,3253,1823,0,2741,1632,142,-1.21631762652705,-0.256579406631762,0,1.2430855000795
80139,801794747,57.010714,3217,1817,0,2726,1634,142,-1.26631762652705,-0.249912739965096,0,1.29074269660919
80140,801804747,57.0115987,3258,1824,0,2748,1641,142,-1.19298429319372,-0.226579406631762,0,1.21431040155164
80141,801814746,57.0186737,3265,1826,0,2750,1644,142,-1.18631762652705,-0.216579406631762,0,1.20592543317808
80142,801824746,57.0204712,3259,1820,0,2745,1637,142,-1.20298429319372,-0.239912739965096,0,1.22667409382784
80143,801834747,57.0369676,3203,1815,0,2716,1635,142,-1.29965095986038,-0.246579406631762,0,1.32283559872
80144,801844746,57.0377403,3134,1814,0,2674,1626,142,-1.43965095986038,-0.276579406631762,0,1.46597784921864
80145,801854746,57.0499472,3043,1797,0,2613,1609,142,-1.64298429319372,-0.333246073298429,0,1.67643977913019
80146,801864746,57.0655187,3394,1847,0,2824,1661,142,-0.939650959860384,-0.159912739965096,0,0.953161062344494
80147,801874746,57.0659951,3411,1838,0,2832,1654,142,-0.912984293193717,-0.183246073298429,0,0.931192484397144
80148,801884746,57.1773816,3403,1839,0,2833,1654,142,-0.909650959860384,-0.183246073298429,0,0.92792456167202
80149,801894746,57.1783687,3400,1842,0,2826,1653,142,-0.932984293193717,-0.186579406631762,0,0.951457600907808
80150,801904747,57.1794768,3403,1843,0,2829,1655,142,-0.922984293193717,-0.179912739965096,0,0.940355570773127
80151,801914747,57.1803475,3401,1843,0,2830,1653,142,-0.919650959860384,-0.186579406631762,0,0.938386787498197
80152,801924747,57.181205,3393,1845,0,2826,1653,142,-0.932984293193717,-0.186579406631762,0,0.951457600907808
80153,801934746,57.1821191,3405,1840,0,2826,1652,142,-0.932984293193717,-0.189912739965096,0,0.952116873155407
80154,801944747,57.1827231,3402,1840,0,2829,1658,142,-0.922984293193717,-0.169912739965096,0,0.938493657242686
80155,801954746,57.1832422,3399,1837,0,2832,1656,142,-0.912984293193717,-0.176579406631762,0,0.929903546861102
80156,801964746,57.1838772,3398,1845,0,2829,1653,142,-0.922984293193717,-0.186579406631762,0,0.941653800747051
80157,801974747,57.184574,3403,1840,0,2825,1657,142,-0.936317626527051,-0.173246073298429,0,0.952210533263823
80158,801984747,57.1852722,3402,1838,0,2830,1653,142,-0.919650959860384,-0.186579406631762,0,0.938386787498197
80159,801994747,57.1919289,3421,1845,0,2837,1653,142,-0.896317626527051,-0.186579406631762,0,0.915531082269819
80160,802004747,57.207171,3415,1843,0,2840,1652,142,-0.886317626527051,-0.189912739965096,0,0.906435758282734
80161,802014746,57.2080593,3422,1845,0,2835,1658,142,-0.902984293193717,-0.169912739965096,0,0.918831308215498
80162,802024746,57.2225008,3409,1841,0,2838,1653,142,-0.892984293193717,-0.186579406631762,0,0.912267955630221
80163,802034746,57.2380522,3393,1840,0,2827,1655,142,-0.929650959860384,-0.179912739965096,0,0.9468999425341
80164,802044746,57.2386459,3397,1840,0,2828,1658,142,-0.926317626527051,-0.169912739965096,0,0.941772097918151
80165,802054746,57.2568951,3397,1843,0,2822,1652,142,-0.946317626527051,-0.189912739965096,0,0.965185940157046
80166,802064747,57.2696106,3403,1840,0,2825,1650,142,-0.936317626527051,-0.196579406631762,0,0.956730976218992
80167,802074747,57.2703612,3383,1838,0,2817,1653,142,-0.962984293193717,-0.186579406631762,0,0.980892768816686
80168,802084747,57.2746779,3391,1837,0,2824,1653,142,-0.939650959860384,-0.186579406631762,0,0.957995720943263
80169,802094747,57.3841779,3387,1838,0,2825,1653,142,-0.936317626527051,-0.186579406631762,0,0.954726438685087
80170,802104746,57.3851014,3387,1840,0,2825,1652,142,-0.936317626527051,-0.189912739965096,0,0.955383455239989
80171,802114746,57.3857848,3392,1837,0,2825,1654,142,-0.936317626527051,-0.183246073298429,0,0.954080615631899
80172,802124746,57.3864033,3387,1840,0,2820,1653,142,-0.952984293193717,-0.186579406631762,0,0.971077204990926
80173,802134746,57.3871898,3393,1842,0,2819,1653,142,-0.956317626527051,-0.186579406631762,0,0.974348642830374
80174,802144746,57.3879944,3401,1845,0,2825,1653,142,-0.936317626527051,-0.186579406631762,0,0.954726438685087
80175,802154746,57.3887588,3402,1843,0,2825,1653,142,-0.936317626527051,-0.186579406631762,0,0.954726438685087
80176,802164747,57.389558,3393,1838,0,2826,1653,142,-0.932984293193717,-0.186579406631762,0,0.951457600907808
80177,802174746,57.3903172,3394,1843,0,2821,1649,142,-0.949650959860384,-0.199912739965096,0,0.970464862405693
80178,802184747,57.3911532,3386,1840,0,2818,1651,142,-0.959650959860384,-0.193246073298429,0,0.978914710077552
80179,802194747,57.3953472,3382,1840,0,2820,1653,142,-0.952984293193717,-0.186579406631762,0,0.971077204990926
80180,802204747,57.396088,3383,1833,0,2818,1654,142,-0.959650959860384,-0.183246073298429,0,0.976989809639921
80181,802214747,57.4107408,3392,1840,0,2822,1650,142,-0.946317626527051,-0.196579406631762,0,0.966519794617516
80182,802224746,57.425842,3386,1843,0,2823,1653,142,-0.942984293193717,-0.186579406631762,0,0.961265443147269
80183,802234746,57.4269298,3377,1840,0,2820,1653,142,-0.952984293193717,-0.186579406631762,0,0.971077204990926
80184,802244746,57.441029,3386,1839,0,2817,1649,142,-0.962984293193717,-0.199912739965096,0,0.983516066232858
80185,802254747,57.4567027,3387,1842,0,2817,1653,142,-0.962984293193717,-0.186579406631762,0,0.980892768816686
80186,802264746,57.4574932,3397,1838,0,2822,1653,142,-0.946317626527051,-0.186579406631762,0,0.96453560082293
80187,802274746,57.4729451,3407,1839,0,2823,1658,142,-0.942984293193717,-0.169912739965096,0,0.958169983047111
80188,802284746,57.5936308,3393,1845,0,2825,1653,142,-0.936317626527051,-0.186579406631762,0,0.954726438685087
80189,802294745,57.5947347,3398,1840,0,2824,1655,142,-0.939650959860384,-0.179912739965096,0,0.95671966655248
80190,802304747,57.5956245,3395,1845,0,2828,1655,142,-0.926317626527051,-0.179912739965096,0,0.943627542633457
80191,802314746,57.5970593,3391,1840,0,2827,1656,142,-0.929650959860384,-0.176579406631762,0,0.946272262097838
80192,802324746,57.5978872,3381,1835,0,2823,1653,142,-0.942984293193717,-0.186579406631762,0,0.961265443147269
80193,802334746,57.5985078,3386,1838,0,2822,1653,142,-0.946317626527051,-0.186579406631762,0,0.96453560082293
80195,802354747,57.5990594,3387,1840,0,2818,1650,142,-0.959650959860384,-0.196579406631762,0,0.979578188748939
80196,802364747,57.5995644,3391,1839,0,2820,1653,142,-0.952984293193717,-0.186579406631762,0,0.971077204990926
80197,802374747,57.6004478,3383,1846,0,2822,1656,142,-0.946317626527051,-0.176579406631762,0,0.962651202213042
80198,802384747,57.601457,3382,1838,0,2818,1649,142,-0.959650959860384,-0.199912739965096,0,0.980252553356179
80199,802394746,57.6027189,3381,1840,0,2819,1655,142,-0.956317626527051,-0.179912739965096,0,0.973094032870452
80200,802404747,57.6034801,3383,1837,0,2813,1653,142,-0.976317626527051,-0.186579406631762,0,0.993985906764514
80201,802414746,57.6138516,3376,1840,0,2814,1653,142,-0.972984293193717,-0.186579406631762,0,0.990712021619168
80202,802424747,57.6286265,3376,1840,0,2812,1652,142,-0.979650959860384,-0.189912739965096,0,0.997889198236168
80203,802434746,57.6295428,3375,1840,0,2814,1649,142,-0.972984293193717,-0.199912739965096,0,0.993309387050193
80204,802444747,57.644461,3370,1839,0,2812,1652,142,-0.979650959860384,-0.189912739965096,0,0.997889198236168
80205,802454747,57.6591937,3376,1841,0,2815,1649,142,-0.969650959860384,-0.199912739965096,0,0.990044487666345
80206,802464746,57.6597569,3376,1842,0,2815,1653,142,-0.969650959860384,-0.186579406631762,0,0.987438534257816
80207,802474747,57.675946,3382,1842,0,2820,1652,142,-0.952984293193717,-0.189912739965096,0,0.971723166274726
80209,802494747,57.7873831,3376,1840,0,2823,1654,142,-0.942984293193717,-0.183246073298429,0,0.960624016246392
80210,802504747,57.7886247,3387,1840,0,2821,1653,142,-0.949650959860384,-0.186579406631762,0,0.967806189555951
80211,802514746,57.7896998,3391,1839,0,2828,1653,142,-0.926317626527051,-0.186579406631762,0,0.944921277246824
80212,802524747,57.7906325,3406,1843,0,2830,1658,142,-0.919650959860384,-0.169912739965096,0,0.935215604646635
80213,802534746,57.7913563,3399,1840,0,2832,1657,142,-0.912984293193717,-0.173246073298429,0,0.929276342931292
80214,802544747,57.7919071,3399,1843,0,2829,1654,142,-0.922984293193717,-0.183246073298429,0,0.940999005770781
80215,802554747,57.7924419,3397,1845,0,2830,1655,142,-0.919650959860384,-0.179912739965096,0,0.937084031436815
80216,802564746,57.793116,3408,1839,0,2831,1653,142,-0.916317626527051,-0.186579406631762,0,0.935120242355617
80217,802574746,57.793643,3394,1843,0,2824,1656,142,-0.939650959860384,-0.176579406631762,0,0.956098432805413
80218,802584746,57.7940585,3398,1841,0,2825,1651,142,-0.936317626527051,-0.193246073298429,0,0.956051642219452
80219,802594745,57.7944529,3399,1844,0,2828,1654,142,-0.926317626527051,-0.183246073298429,0,0.944268748076522
80220,802604747,57.8016134,3397,1842,0,2827,1653,142,-0.929650959860384,-0.186579406631762,0,0.948189212208404
80222,802624747,57.8184722,3408,1840,0,2823,1653,142,-0.942984293193717,-0.186579406631762,0,0.961265443147269
80223,802634747,57.8316562,3397,1841,0,2822,1653,142,-0.946317626527051,-0.186579406631762,0,0.96453560082293
80224,802644747,57.8465566,3396,1841,0,2823,1654,142,-0.942984293193717,-0.183246073298429,0,0.960624016246392
80226,802664747,57.8627493,3388,1839,0,2820,1655,142,-0.952984293193717,-0.179912739965096,0,0.969818362929717
80227,802674747,57.8780936,3387,1843,0,2823,1650,142,-0.942984293193717,-0.196579406631762,0,0.963256373102068
80228,802684746,57.8789583,3382,1846,0,2824,1653,142,-0.939650959860384,-0.186579406631762,0,0.957995720943263
80229,802694747,57.9887609,3387,1842,0,2822,1650,142,-0.946317626527051,-0.196579406631762,0,0.966519794617516
80230,802704747,57.9899036,3383,1843,0,2814,1653,142,-0.972984293193717,-0.186579406631762,0,0.990712021619168
80231,802714747,57.9908122,3381,1837,0,2818,1653,142,-0.959650959860384,-0.186579406631762,0,0.977620498833784
80232,802724746,57.9916273,3386,1838,0,2825,1650,142,-0.936317626527051,-0.196579406631762,0,0.956730976218992
80233,802734746,57.9922485,3408,1841,0,2830,1653,142,-0.919650959860384,-0.186579406631762,0,0.938386787498197
80234,802744747,57.9928283,3399,1840,0,2829,1653,142,-0.922984293193717,-0.186579406631762,0,0.941653800747051
80235,802754746,57.9934503,3407,1831,0,2832,1650,142,-0.912984293193717,-0.196579406631762,0,0.933907802050142
80236,802764746,57.9940474,3407,1841,0,2832,1657,142,-0.912984293193717,-0.173246073298429,0,0.929276342931292
80237,802774747,57.9945865,3403,1842,0,2833,1653,142,-0.909650959860384,-0.186579406631762,0,0.928588576148758
80238,802784747,57.9954245,3398,1850,0,2824,1653,142,-0.939650959860384,-0.186579406631762,0,0.957995720943263
80239,802794746,57.9960624,3386,1842,0,2821,1649,142,-0.949650959860384,-0.199912739965096,0,0.970464862405693
80240,802804746,58.0049812,3383,1845,0,2822,1653,142,-0.946317626527051,-0.186579406631762,0,0.96453560082293
80241,802814746,58.0062894,3389,1841,0,2825,1652,142,-0.936317626527051,-0.189912739965096,0,0.955383455239989
80242,802824747,58.0199303,3388,1840,0,2821,1653,142,-0.949650959860384,-0.186579406631762,0,0.967806189555951
80243,802834747,58.0357,3386,1841,0,2819,1652,142,-0.956317626527051,-0.189912739965096,0,0.974992436692399
80244,802844746,58.0369341,3391,1840,0,2820,1653,142,-0.952984293193717,-0.186579406631762,0,0.971077204990926
80245,802854747,58.0504353,3392,1839,0,2818,1651,142,-0.959650959860384,-0.193246073298429,0,0.978914710077552
80246,802864747,58.0656091,3392,1844,0,2823,1650,142,-0.942984293193717,-0.196579406631762,0,0.963256373102068
80247,802874747,58.0662773,3391,1840,0,2824,1649,142,-0.939650959860384,-0.199912739965096,0,0.960681544512485
80248,802884746,58.0807629,3393,1840,0,2825,1653,142,-0.936317626527051,-0.186579406631762,0,0.954726438685087
80249,802894746,58.1908976,3389,1839,0,2820,1653,142,-0.952984293193717,-0.186579406631762,0,0.971077204990926
80250,802904746,58.192353,3385,1839,0,2821,1653,142,-0.949650959860384,-0.186579406631762,0,0.967806189555951
80251,802914746,58.193587,3381,1843,0,2821,1655,142,-0.949650959860384,-0.179912739965096,0,0.966543087278315
80252,802924747,58.1944672,3383,1840,0,2819,1649,142,-0.956317626527051,-0.199912739965096,0,0.976989511922561
80253,802934747,58.1950686,3382,1846,0,2821,1654,142,-0.949650959860384,-0.183246073298429,0,0.96716910049021
80254,802944747,58.1954872,3383,1835,0,2818,1653,142,-0.959650959860384,-0.186579406631762,0,0.977620498833784
80255,802954747,58.1958937,3378,1840,0,2817,1653,142,-0.962984293193717,-0.186579406631762,0,0.980892768816686
80256,802964747,58.1963061,3385,1837,0,2816,1651,142,-0.966317626527051,-0.193246073298429,0,0.985451064326451
80257,802974746,58.1967505,3377,1844,0,2817,1650,142,-0.962984293193717,-0.196579406631762,0,0.98284394084183
80258,802984746,58.1971979,3387,1835,0,2815,1655,142,-0.969650959860384,-0.179912739965096,0,0.986200576941583
80259,802994747,58.1979109,3378,1843,0,2822,1651,142,-0.946317626527051,-0.193246073298429,0,0.965847345661338
80260,803004747,58.2065464,3376,1838,0,2815,1652,142,-0.969650959860384,-0.189912739965096,0,0.988073799247411
80261,803014747,58.2075939,3379,1840,0,2817,1652,142,-0.962984293193717,-0.189912739965096,0,0.981532270350218
80262,803024747,58.2229661,3378,1835,0,2814,1650,142,-0.972984293193717,-0.196579406631762,0,0.992643892800119
80263,803034747,58.2382392,3376,1841,0,2814,1655,142,-0.972984293193717,-0.179912739965096,0,0.989478159841553
80264,803044746,58.2396094,3377,1836,0,2817,1652,142,-0.962984293193717,-0.189912739965096,0,0.981532270350218
80265,803054746,58.2562953,3376,1839,0,2815,1655,142,-0.969650959860384,-0.179912739965096,0,0.986200576941583
80266,803064747,58.2685858,3373,1840,0,2812,1651,142,-0.979650959860384,-0.193246073298429,0,0.998528941994489
80267,803074747,58.2691066,3374,1840,0,2813,1653,142,-0.976317626527051,-0.186579406631762,0,0.993985906764514
80268,803084746,58.430724,3370,1839,0,2813,1655,142,-0.976317626527051,-0.179912739965096,0,0.992756113992335
80269,803094747,58.431644,3365,1840,0,2807,1652,142,-0.996317626527051,-0.189912739965096,0,1.01425621108749
80270,803104746,58.4322731,3358,1835,0,2808,1653,142,-0.992984293193717,-0.186579406631762,0,1.01036116389561
80271,803114747,58.4327259,3359,1843,0,2810,1653,142,-0.986317626527051,-0.186579406631762,0,1.00380990998147
80272,803124746,58.4332018,3351,1840,0,2802,1647,142,-1.01298429319372,-0.206579406631762,0,1.03383375331893
80273,803134747,58.4338822,3358,1837,0,2807,1651,142,-0.996317626527051,-0.193246073298429,0,1.01488563778081
80274,803144747,58.4346038,3344,1835,0,2797,1651,142,-1.02965095986038,-0.193246073298429,0,1.0476283424892
80276,803164746,58.4353053,3328,1840,0,2788,1644,142,-1.05965095986038,-0.216579406631762,0,1.08155757873079
80277,803174746,58.4358877,3331,1835,0,2785,1640,142,-1.06965095986038,-0.229912739965096,0,1.09408091288008
80278,803184747,58.4364312,3325,1837,0,2790,1649,142,-1.05298429319372,-0.199912739965096,0,1.07179336875772
80279,803194747,58.4368966,3305,1829,0,2777,1647,142,-1.09631762652705,-0.206579406631762,0,1.11561076970341
80280,803204747,58.4374658,3296,1834,0,2776,1647,142,-1.09965095986038,-0.206579406631762,0,1.11888662730689
80281,803214747,58.438199,3289,1823,0,2760,1643,142,-1.15298429319372,-0.219912739965096,0,1.17376931019275
80282,803224747,58.4388491,3255,1825,0,2747,1644,142,-1.19631762652705,-0.216579406631762,0,1.21576416418493
80283,803234746,58.4394067,3247,1824,0,2741,1634,142,-1.21631762652705,-0.249912739965096,0,1.24172659881202
80284,803244746,58.4415614,3200,1809,0,2715,1635,142,-1.30298429319372,-0.246579406631762,0,1.32611065604813
80285,803254747,58.4568409,3258,1829,0,2751,1637,142,-1.18298429319372,-0.239912739965096,0,1.20706667617849
80286,803264747,58.4576558,3293,1829,0,2767,1647,142,-1.12965095986038,-0.206579406631762,0,1.14838423115167
80287,803274747,58.472722,3200,1823,0,2719,1640,142,-1.28965095986038,-0.229912739965096,0,1.30998452901821
80288,803284746,58.4883109,3306,1825,0,2769,1647,142,-1.12298429319372,-0.206579406631762,0,1.14182694573395
80289,803294746,58.4893157,3274,1825,0,2753,1644,142,-1.17631762652705,-0.216579406631762,0,1.19608937703468
80290,803304747,58.6008256,3015,1791,0,2600,1615,142,-1.68631762652705,-0.313246073298429,0,1.71516478507831
80291,803314746,58.6017922,2999,1787,0,2582,1612,142,-1.74631762652705,-0.323246073298429,0,1.77598234130352
80293,803334746,58.6024752,3314,1832,0,2785,1649,142,-1.06965095986038,-0.199912739965096,0,1.08817198986676
80294,803344746,58.603039,3279,1834,0,2762,1640,142,-1.14631762652705,-0.229912739965096,0,1.16914668407556
80295,803354746,58.603649,3351,1835,0,2801,1651,142,-1.01631762652705,-0.193246073298429,0,1.03452673374584
80296,803364746,58.6045744,3345,1837,0,2804,1651,142,-1.00631762652705,-0.193246073298429,0,1.02470445022177
80297,803374746,58.6058,3363,1840,0,2806,1651,142,-0.999650959860384,-0.193246073298429,0,1.01815818338559
80298,803384747,58.6066232,3364,1826,0,2808,1653,142,-0.992984293193717,-0.186579406631762,0,1.01036116389561
80299,803394747,58.6073206,3405,1839,0,2831,1653,142,-0.916317626527051,-0.186579406631762,0,0.935120242355617
80300,803404747,58.6080491,3408,1844,0,2834,1659,142,-0.906317626527051,-0.166579406631762,0,0.921498963031113
80301,803414746,58.6142143,3374,1839,0,2815,1660,142,-0.969650959860384,-0.163246073298429,0,0.983296630933677
80302,803424746,58.6297545,3363,1838,0,2814,1653,142,-0.972984293193717,-0.186579406631762,0,0.990712021619168
80303,803434746,58.6307718,3403,1842,0,2826,1653,142,-0.932984293193717,-0.186579406631762,0,0.951457600907808
80304,803444747,58.6442596,3411,1842,0,2832,1653,142,-0.912984293193717,-0.186579406631762,0,0.931854170242046
80305,803454746,58.6597038,3347,1841,0,2801,1651,142,-1.01631762652705,-0.193246073298429,0,1.03452673374584
80306,803464747,58.6602555,3344,1840,0,2799,1650,142,-1.02298429319372,-0.196579406631762,0,1.04170068984941
80307,803474747,58.6763063,3437,1842,0,2850,1658,142,-0.852984293193717,-0.169912739965096,0,0.869742803153686
80308,803484746,58.6887059,3430,1845,0,2845,1657,142,-0.869650959860384,-0.173246073298429,0,0.886739529906845
80309,803494746,58.6895173,3453,1841,0,2855,1661,142,-0.836317626527051,-0.159912739965096,0,0.851468881899382
80310,803504747,58.7999458,3447,1847,0,2854,1661,142,-0.839650959860384,-0.159912739965096,0,0.854743130301501
80311,803514746,58.8011521,3475,1844,0,2865,1662,142,-0.802984293193717,-0.156579406631762,0,0.818108113697064
80312,803524747,58.8021502,3472,1849,0,2868,1663,142,-0.792984293193717,-0.153246073298429,0,0.807656144800079
80313,803534746,58.8027148,3482,1852,0,2875,1658,142,-0.769650959860384,-0.169912739965096,0,0.788183315743525
80314,803544746,58.8032527,3491,1841,0,2875,1658,142,-0.769650959860384,-0.169912739965096,0,0.788183315743525
80315,803554746,58.8037023,3485,1855,0,2879,1661,142,-0.756317626527051,-0.159912739965096,0,0.773038444450634
80316,803564746,58.8041046,3492,1857,0,2877,1664,142,-0.762984293193717,-0.149912739965096,0,0.777572415447049
80317,803574747,58.8045266,3497,1851,0,2877,1663,142,-0.762984293193717,-0.153246073298429,0,0.778221941763212
80318,803584746,58.8049601,3489,1849,0,2876,1663,142,-0.766317626527051,-0.153246073298429,0,0.78149028382152
80319,803594747,58.8053644,3489,1856,0,2875,1662,142,-0.769650959860384,-0.156579406631762,0,0.785416902412448
80320,803604746,58.8057879,3491,1856,0,2874,1666,142,-0.772984293193717,-0.143246073298429,0,0.786145123396189
80321,803614747,58.8152847,3491,1846,0,2873,1665,142,-0.776317626527051,-0.146579406631762,0,0.790034543361942
80322,803624746,58.8164476,3486,1847,0,2875,1666,142,-0.769650959860384,-0.143246073298429,0,0.782867828901807
80323,803634747,58.8335364,3489,1851,0,2876,1664,142,-0.766317626527051,-0.149912739965096,0,0.780843476203711
80324,803644746,58.8489437,3488,1855,0,2875,1664,142,-0.769650959860384,-0.149912739965096,0,0.784115061466015
80325,803654746,58.8497219,3490,1853,0,2875,1658,142,-0.769650959860384,-0.169912739965096,0,0.788183315743525
80326,803664747,58.8637409,3487,1847,0,2874,1666,142,-0.772984293193717,-0.143246073298429,0,0.786145123396189
80327,803674747,58.8772656,3491,1855,0,2875,1666,142,-0.769650959860384,-0.143246073298429,0,0.782867828901807
80328,803684746,58.8778331,3463,1846,0,2860,1654,142,-0.819650959860384,-0.183246073298429,0,0.8398850036638
80329,803694747,58.8930982,3462,1852,0,2861,1662,142,-0.816317626527051,-0.156579406631762,0,0.831198879907758
80330,803704746,58.9083542,3450,1847,0,2856,1662,142,-0.832984293193717,-0.156579406631762,0,0.847572972249937
80331,803714746,58.9090648,3443,1840,0,2855,1657,142,-0.836317626527051,-0.173246073298429,0,0.854073401033637
80332,803724747,59.0124778,3455,1842,0,2851,1662,142,-0.849650959860384,-0.156579406631762,0,0.863958253721108
80334,803744746,59.0138976,3444,1845,0,2856,1661,142,-0.832984293193717,-0.159912739965096,0,0.848195093778891
80335,803754746,59.0153709,3453,1845,0,2855,1660,142,-0.836317626527051,-0.163246073298429,0,0.852101198735922
80336,803764747,59.0167141,3442,1843,0,2852,1661,142,-0.846317626527051,-0.159912739965096,0,0.86129298695248
80337,803774747,59.0186811,3445,1847,0,2859,1660,142,-0.822984293193717,-0.163246073298429,0,0.839018728808195
80338,803784746,59.021348,3455,1847,0,2856,1657,142,-0.832984293193717,-0.173246073298429,0,0.85080963477194
80339,803794746,59.0228079,3454,1845,0,2858,1661,142,-0.826317626527051,-0.159912739965096,0,0.841648919866498
80340,803804746,59.0239655,3449,1851,0,2859,1657,142,-0.822984293193717,-0.173246073298429,0,0.841021610160457
80341,803814746,59.0262609,3462,1850,0,2862,1666,142,-0.812984293193717,-0.143246073298429,0,0.825507661075963
80342,803824747,59.0281695,3478,1850,0,2866,1658,142,-0.799650959860384,-0.169912739965096,0,0.817503514859771
80343,803834747,59.0406357,3483,1855,0,2869,1664,142,-0.789650959860384,-0.149912739965096,0,0.803755228917528
80344,803844747,59.041982,3472,1853,0,2867,1658,142,-0.796317626527051,-0.169912739965096,0,0.814243269250733
80345,803854747,59.0534029,3472,1853,0,2866,1661,142,-0.799650959860384,-0.159912739965096,0,0.815483747237661
80346,803864747,59.069483,3472,1851,0,2868,1657,142,-0.792984293193717,-0.173246073298429,0,0.811688543201926
80347,803874747,59.0708979,3468,1847,0,2869,1660,142,-0.789650959860384,-0.163246073298429,0,0.806348509551411
80348,803884746,59.0839818,3472,1855,0,2866,1658,142,-0.799650959860384,-0.169912739965096,0,0.817503514859771
80349,803894746,59.0954263,3473,1847,0,2870,1664,142,-0.786317626527051,-0.149912739965096,0,0.800480630240968
80350,803904747,59.1130307,3476,1853,0,2870,1667,142,-0.786317626527051,-0.139912739965096,0,0.798668256907507
80351,803914746,59.1143846,3475,1856,0,2870,1666,142,-0.786317626527051,-0.143246073298429,0,0.799258936329493
80352,803924747,59.1266008,3482,1849,0,2869,1666,142,-0.789650959860384,-0.143246073298429,0,0.80253851990035
80353,803934746,59.127909,3469,1855,0,2866,1663,142,-0.799650959860384,-0.153246073298429,0,0.814202687656471
80354,803944747,59.2716389,3469,1844,0,2866,1662,142,-0.799650959860384,-0.156579406631762,0,0.814836651229428
80355,803954746,59.2725949,3476,1848,0,2868,1658,142,-0.792984293193717,-0.169912739965096,0,0.810983617870537
80356,803964747,59.2735864,3477,1850,0,2865,1662,142,-0.802984293193717,-0.156579406631762,0,0.818108113697064
80357,803974747,59.2743934,3485,1853,0,2864,1665,142,-0.806317626527051,-0.146579406631762,0,0.819532572444034
80359,803994746,59.2750943,3489,1858,0,2881,1658,142,-0.749650959860384,-0.169912739965096,0,0.768665662575115
80360,804004746,59.2757813,3493,1857,0,2878,1663,142,-0.759650959860384,-0.153246073298429,0,0.774954153352436
80361,804014747,59.2763636,3489,1855,0,2874,1667,142,-0.772984293193717,-0.139912739965096,0,0.785544583285208
80362,804024747,59.277019,3495,1852,0,2879,1666,142,-0.756317626527051,-0.143246073298429,0,0.769763463481432
80363,804034746,59.2776703,3488,1855,0,2879,1665,142,-0.756317626527051,-0.146579406631762,0,0.770390728555342
80364,804044747,59.2782557,3463,1843,0,2862,1655,142,-0.812984293193717,-0.179912739965096,0,0.832653622451399
80365,804054747,59.2788343,3443,1842,0,2857,1663,142,-0.829650959860384,-0.153246073298429,0,0.843685411856009
80366,804064746,59.2793702,3490,1854,0,2873,1664,142,-0.776317626527051,-0.149912739965096,0,0.790659779462972
80367,804074746,59.2799667,3455,1854,0,2850,1658,142,-0.852984293193717,-0.169912739965096,0,0.869742803153686
80368,804084746,59.2863463,3473,1851,0,2866,1655,142,-0.799650959860384,-0.179912739965096,0,0.819640318436924
80369,804094747,59.287214,3414,1847,0,2840,1658,142,-0.886317626527051,-0.169912739965096,0,0.902457353172431
80370,804104747,59.3025708,3482,1844,0,2868,1658,142,-0.792984293193717,-0.169912739965096,0,0.810983617870537
80371,804114746,59.3054217,3427,1850,0,2849,1655,142,-0.856317626527051,-0.179912739965096,0,0.875013412184447
80372,804124747,59.3162033,3140,1837,0,2703,1650,142,-1.34298429319372,-0.196579406631762,0,1.35729520550127
80373,804134746,59.3311071,3479,1847,0,2870,1666,142,-0.786317626527051,-0.143246073298429,0,0.799258936329493
80374,804144746,59.4485414,3474,1847,0,2873,1658,142,-0.776317626527051,-0.169912739965096,0,0.794694530281315
80375,804154747,59.4496661,3478,1855,0,2868,1661,142,-0.792984293193717,-0.159912739965096,0,0.808947571635569
80376,804164746,59.4507182,3476,1850,0,2872,1658,142,-0.779650959860384,-0.169912739965096,0,0.797951100264712
80377,804174747,59.4515125,3483,1851,0,2867,1665,142,-0.796317626527051,-0.146579406631762,0,0.809695797671073
80379,804194746,59.4522645,3474,1853,0,2870,1657,142,-0.786317626527051,-0.173246073298429,0,0.805176758047858
80380,804204746,59.4530388,3466,1853,0,2867,1663,142,-0.796317626527051,-0.153246073298429,0,0.810929171567445
80381,804214747,59.4539329,3475,1847,0,2866,1663,142,-0.799650959860384,-0.153246073298429,0,0.814202687656471
80382,804224746,59.4550237,3472,1843,0,2862,1658,142,-0.812984293193717,-0.169912739965096,0,0.830550299609924
80383,804234746,59.4558799,3466,1846,0,2865,1663,142,-0.802984293193717,-0.153246073298429,0,0.817476687188816
80384,804244747,59.4571232,3463,1842,0,2864,1656,142,-0.806317626527051,-0.176579406631762,0,0.825426193971721
80385,804254747,59.4579843,3461,1845,0,2858,1660,142,-0.826317626527051,-0.163246073298429,0,0.842288608706454
80386,804264747,59.4708693,3466,1847,0,2856,1655,142,-0.832984293193717,-0.179912739965096,0,0.852192130161494
80387,804274747,59.4716372,3461,1849,0,2859,1655,142,-0.822984293193717,-0.179912739965096,0,0.842420168826287
80388,804284746,59.4988771,3455,1847,0,2853,1664,142,-0.842984293193717,-0.149912739965096,0,0.856210457875372
80389,804294747,59.4996605,3450,1845,0,2856,1663,142,-0.832984293193717,-0.153246073298429,0,0.84696351260773
80390,804304747,59.5036488,3443,1841,0,2847,1653,142,-0.862984293193717,-0.186579406631762,0,0.882923419826499
80391,804314747,59.5178856,3379,1842,0,2797,1649,142,-1.02965095986038,-0.199912739965096,0,1.0488785452767
80392,804324746,59.5189438,3441,1846,0,2850,1664,142,-0.852984293193717,-0.149912739965096,0,0.86605775444772
80393,804334746,59.6408647,3440,1840,0,2852,1654,142,-0.846317626527051,-0.183246073298429,0,0.865928777873604
80394,804344746,59.6416386,3427,1850,0,2841,1653,142,-0.882984293193717,-0.186579406631762,0,0.902481654664442
80395,804354747,59.6429836,3411,1841,0,2835,1653,142,-0.902984293193717,-0.186579406631762,0,0.922058842337959
80396,804364746,59.6437313,3015,1783,0,2590,1611,142,-1.71965095986038,-0.326579406631762,0,1.75038668087503
80397,804374747,59.6442188,3008,1793,0,2589,1610,142,-1.72298429319372,-0.329912739965096,0,1.75428540739058
80398,804384746,59.6446324,3393,1840,0,2825,1653,142,-0.936317626527051,-0.186579406631762,0,0.954726438685087
80399,804394746,59.6450432,3344,1838,0,2794,1647,142,-1.03965095986038,-0.206579406631762,0,1.05997602311701
80400,804404747,59.6454511,3337,1833,0,2793,1652,142,-1.04298429319372,-0.189912739965096,0,1.06013352208571
80401,804414746,59.6458641,3342,1837,0,2797,1652,142,-1.02965095986038,-0.189912739965096,0,1.04701859961629
80402,804424746,59.6463004,3323,1837,0,2787,1651,142,-1.06298429319372,-0.193246073298429,0,1.08040716973825
80403,804434746,59.6467115,3339,1839,0,2787,1647,142,-1.06298429319372,-0.206579406631762,0,1.08287148767565
80404,804444747,59.6473627,3330,1838,0,2787,1650,142,-1.06298429319372,-0.196579406631762,0,1.08100835828787
80405,804454746,59.6595082,3343,1835,0,2797,1650,142,-1.02965095986038,-0.196579406631762,0,1.04824833043182
80406,804464747,59.6602168,3337,1842,0,2798,1653,142,-1.02631762652705,-0.186579406631762,0,1.04313937012231
80407,804474747,59.6745348,3333,1837,0,2793,1649,142,-1.04298429319372,-0.199912739965096,0,1.06197049838927
80408,804484747,59.6903639,3322,1838,0,2790,1650,142,-1.05298429319372,-0.196579406631762,0,1.0711766356789
80409,804494746,59.6913316,3312,1834,0,2782,1653,142,-1.07965095986038,-0.186579406631762,0,1.0956541745033
80410,804504746,59.7066426,3334,1836,0,2792,1644,142,-1.04631762652705,-0.216579406631762,0,1.06849764387113
80411,804514746,59.7213673,3319,1829,0,2785,1644,142,-1.06965095986038,-0.216579406631762,0,1.0913568689055
80412,804524746,59.7223241,3312,1834,0,2779,1650,142,-1.08965095986038,-0.196579406631762,0,1.10724102048125
80413,804534747,59.7374562,3290,1825,0,2761,1645,142,-1.14965095986038,-0.213246073298429,0,1.16926097056436
80414,804544747,59.7381858,3142,1814,0,2672,1628,142,-1.44631762652705,-0.269912739965096,0,1.47128772305022
80415,804554746,59.8441532,3150,1811,0,2683,1626,142,-1.40965095986038,-0.276579406631762,0,1.43652775706148
80416,804564747,59.8452212,3223,1819,0,2727,1635,142,-1.26298429319372,-0.246579406631762,0,1.2868297201374
80417,804574746,59.8462024,3184,1821,0,2707,1629,142,-1.32965095986038,-0.266579406631762,0,1.35611070901228
80418,804584747,59.8469999,3085,1806,0,2651,1626,142,-1.51631762652705,-0.276579406631762,0,1.54133556135236
80419,804594747,59.847607,3071,1799,0,2628,1613,142,-1.59298429319372,-0.319912739965096,0,1.6247901770856
80420,804604746,59.8482459,3034,1790,0,2604,1611,142,-1.67298429319372,-0.326579406631762,0,1.704561689734
80421,804614746,59.8488404,3207,1808,0,2720,1626,142,-1.28631762652705,-0.276579406631762,0,1.31571623250873
80422,804624746,59.8494081,3192,1817,0,2705,1630,142,-1.33631762652705,-0.263246073298429,0,1.36199974084944
80423,804634747,59.8503165,3181,1813,0,2703,1635,142,-1.34298429319372,-0.246579406631762,0,1.36543334349938
80424,804644747,59.8512132,3232,1818,0,2731,1636,142,-1.24965095986038,-0.243246073298429,0,1.27310493426704
80425,804654746,59.8519548,3218,1824,0,2724,1640,142,-1.27298429319372,-0.229912739965096,0,1.29357986947701
80426,804664747,59.8625464,3163,1811,0,2689,1627,142,-1.38965095986038,-0.273246073298429,0,1.41626028921731
80427,804674747,59.8780294,3146,1811,0,2681,1629,142,-1.41631762652705,-0.266579406631762,0,1.44118707989329
80428,804684747,59.8794054,3107,1807,0,2657,1626,142,-1.49631762652705,-0.276579406631762,0,1.52166442017559
80429,804694747,59.8933516,3217,1820,0,2724,1639,142,-1.27298429319372,-0.233246073298429,0,1.29417647228925
80431,804714747,59.9107373,3217,1824,0,2723,1640,142,-1.27631762652705,-0.229912739965096,0,1.29686026686837
80432,804724747,59.9252801,3219,1816,0,2722,1635,142,-1.27965095986038,-0.246579406631762,0,1.30319146054848
