protocol_version,session_id,sensor_id,physical_label,node_id,node_mac,seq,sensor_t_us,receiver_t_us,pc_wall_s,sync_group_id,pair_seq,x_raw,y_raw,z_raw,x_g,y_g,z_g,sample_rate_hz,odr_hz,range_g,calibration_id,calibration_applied,packet_status,packet_error_code,firmware_version,contract_version
kx134.v3,NODE_PROTOTYPE,1,KX134_SENSOR_1,sensor_node_1,D4:E9:F4:E9:8E:1C,20183,202309924,0,0,NA,0,-4080,272,-60,-0.996094,0.066406,-0.014648,100,100,8,UNCALIBRATED_SENSOR_1,false,CALIBRATION_MISSING,CALIBRATION_MISSING,kx134_single_node_i2c.0.1.0,kx134.v3
kx134.v3,NODE_PROTOTYPE,1,KX134_SENSOR_1,sensor_node_1,D4:E9:F4:E9:8E:1C,20184,202319924,0,0,NA,0,-4102,273,-72,-1.001465,0.066650,-0.017578,100,100,8,UNCALIBRATED_SENSOR_1,false,CALIBRATION_MISSING,CALIBRATION_MISSING,kx134_single_node_i2c.0.1.0,kx134.v3
kx134.v3,NODE_PROTOTYPE,1,KX134_SENSOR_1,sensor_node_1,D4:E9:F4:E9:8E:1C,20185,202329925,0,0,NA,0,-4117,286,-73,-1.005127,0.069824,-0.017822,100,100,8,UNCALIBRATED_SENSOR_1,false,CALIBRATION_MISSING,CALIBRATION_MISSING,kx134_single_node_i2c.0.1.0,kx134.v3
kx134.v3,NODE_PROTOTYPE,1,KX134_SENSOR_1,sensor_node_1,D4:E9:F4:E9:8E:1C,20186,202339925,0,0,NA,0,-4119,282,-69,-1.005615,0.068848,-0.016846,100,100,8,UNCALIBRATED_SENSOR_1,false,CALIBRATION_MISSING,CALIBRATION_MISSING,kx134_single_node_i2c.0.1.0,kx134.v3
kx134.v3,NODE_PROTOTYPE,1,KX134_SENSOR_1,sensor_node_1,D4:E9:F4:E9:8E:1C,20187,202349925,0,0,NA,0,-4132,291,-57,-1.008789,0.071045,-0.013916,100,100,8,UNCALIBRATED_SENSOR_1,false,CALIBRATION_MISSING,CALIBRATION_MISSING,kx134_single_node_i2c.0.1.0,kx134.v3
kx134.v3,NODE_PROTOTYPE,1,KX134_SENSOR_1,sensor_node_1,D4:E9:F4:E9:8E:1C,20188,202359924,0,0,NA,0,-4150,316,-60,-1.013184,0.077148,-0.014648,100,100,8,UNCALIBRATED_SENSOR_1,false,CALIBRATION_MISSING,CALIBRATION_MISSING,kx134_single_node_i2c.0.1.0,kx134.v3
kx134.v3,NODE_PROTOTYPE,1,KX134_SENSOR_1,sensor_node_1,D4:E9:F4:E9:8E:1C,20189,202369924,0,0,NA,0,-4128,315,-54,-1.007813,0.076904,-0.013184,100,100,8,UNCALIBRATED_SENSOR_1,false,CALIBRATION_MISSING,CALIBRATION_MISSING,kx134_single_node_i2c.0.1.0,kx134.v3
kx134.v3,NODE_PROTOTYPE,1,KX134_SENSOR_1,sensor_node_1,D4:E9:F4:E9:8E:1C,20190,202379924,0,0,NA,0,-4106,302,-29,-1.002441,0.073730,-0.007080,100,100,8,UNCALIBRATED_SENSOR_1,false,CALIBRATION_MISSING,CALIBRATION_MISSING,kx134_single_node_i2c.0.1.0,kx134.v3
kx134.v3,NODE_PROTOTYPE,1,KX134_SENSOR_1,sensor_node_1,D4:E9:F4:E9:8E:1C,20191,202389925,0,0,NA,0,-4102,311,-46,-1.001465,0.075928,-0.011230,100,100,8,UNCALIBRATED_SENSOR_1,false,CALIBRATION_MISSING,CALIBRATION_MISSING,kx134_single_node_i2c.0.1.0,kx134.v3
kx134.v3,NODE_PROTOTYPE,1,KX134_SENSOR_1,sensor_node_1,D4:E9:F4:E9:8E:1C,20192,202399925,0,0,NA,0,-4097,317,-94,-1.000244,0.077393,-0.022949,100,100,8,UNCALIBRATED_SENSOR_1,false,CALIBRATION_MISSING,CALIBRATION_MISSING,kx134_single_node_i2c.0.1.0,kx134.v3
kx134.v3,NODE_PROTOTYPE,1,KX134_SENSOR_1,sensor_node_1,D4:E9:F4:E9:8E:1C,20193,202409925,0,0,NA,0,-4105,307,-119,-1.002197,0.074951,-0.029053,100,100,8,UNCALIBRATED_SENSOR_1,false,CALIBRATION_MISSING,CALIBRATION_MISSING,kx134_single_node_i2c.0.1.0,kx134.v3
kx134.v3,NODE_PROTOTYPE,1,KX134_SENSOR_1,sensor_node_1,D4:E9:F4:E9:8E:1C,20194,202419924,0,0,NA,0,-4092,289,-96,-0.999023,0.070557,-0.023437,100,100,8,UNCALIBRATED_SENSOR_1,false,CALIBRATION_MISSING,CALIBRATION_MISSING,kx134_single_node_i2c.0.1.0,kx134.v3
kx134.v3,NODE_PROTOTYPE,1,KX134_SENSOR_1,sensor_node_1,D4:E9:F4:E9:8E:1C,20195,202429925,0,0,NA,0,-4097,282,-89,-1.000244,0.068848,-0.021729,100,100,8,UNCALIBRATED_SENSOR_1,false,CALIBRATION_MISSING,CALIBRATION_MISSING,kx134_single_node_i2c.0.1.0,kx134.v3
kx134.v3,NODE_PROTOTYPE,1,KX134_SENSOR_1,sensor_node_1,D4:E9:F4:E9:8E:1C,20196,202439925,0,0,NA,0,-4098,289,-100,-1.000488,0.070557,-0.024414,100,100,8,UNCALIBRATED_SENSOR_1,false,CALIBRATION_MISSING,CALIBRATION_MISSING,kx134_single_node_i2c.0.1.0,kx134.v3
kx134.v3,NODE_PROTOTYPE,1,KX134_SENSOR_1,sensor_node_1,D4:E9:F4:E9:8E:1C,20197,202449925,0,0,NA,0,-4081,293,-87,-0.996338,0.071533,-0.021240,100,100,8,UNCALIBRATED_SENSOR_1,false,CALIBRATION_MISSING,CALIBRATION_MISSING,kx134_single_node_i2c.0.1.0,kx134.v3
kx134.v3,NODE_PROTOTYPE,1,KX134_SENSOR_1,sensor_node_1,D4:E9:F4:E9:8E:1C,20198,202459925,0,0,NA,0,-4086,305,-82,-0.997559,0.074463,-0.020020,100,100,8,UNCALIBRATED_SENSOR_1,false,CALIBRATION_MISSING,CALIBRATION_MISSING,kx134_single_node_i2c.0.1.0,kx134.v3
kx134.v3,NODE_PROTOTYPE,1,KX134_SENSOR_1,sensor_node_1,D4:E9:F4:E9:8E:1C,20199,202469924,0,0,NA,0,-4067,291,-81,-0.992920,0.071045,-0.019775,100,100,8,UNCALIBRATED_SENSOR_1,false,CALIBRATION_MISSING,CALIBRATION_MISSING,kx134_single_node_i2c.0.1.0,kx134.v3
kx134.v3,NODE_PROTOTYPE,1,KX134_SENSOR_1,sensor_node_1,D4:E9:F4:E9:8E:1C,20200,202479924,0,0,NA,0,-4038,262,-84,-0.985840,0.063965,-0.020508,100,100,8,UNCALIBRATED_SENSOR_1,false,CALIBRATION_MISSING,CALIBRATION_MISSING,kx134_single_node_i2c.0.1.0,kx134.v3
kx134.v3,NODE_PROTOTYPE,1,KX134_SENSOR_1,sensor_node_1,D4:E9:F4:E9:8E:1C,20201,202489924,0,0,NA,0,-4070,250,-89,-0.993652,0.061035,-0.021729,100,100,8,UNCALIBRATED_SENSOR_1,false,CALIBRATION_MISSING,CALIBRATION_MISSING,kx134_single_node_i2c.0.1.0,kx134.v3
kx134.v3,NODE_PROTOTYPE,1,KX134_SENSOR_1,sensor_node_1,D4:E9:F4:E9:8E:1C,20202,202499925,0,0,NA,0,-4120,258,-89,-1.005859,0.062988,-0.021729,100,100,8,UNCALIBRATED_SENSOR_1,false,CALIBRATION_MISSING,CALIBRATION_MISSING,kx134_single_node_i2c.0.1.0,kx134.v3
kx134.v3,NODE_PROTOTYPE,1,KX134_SENSOR_1,sensor_node_1,D4:E9:F4:E9:8E:1C,20203,202509925,0,0,NA,0,-4130,283,-93,-1.008301,0.069092,-0.022705,100,100,8,UNCALIBRATED_SENSOR_1,false,CALIBRATION_MISSING,CALIBRATION_MISSING,kx134_single_node_i2c.0.1.0,kx134.v3
kx134.v3,NODE_PROTOTYPE,1,KX134_SENSOR_1,sensor_node_1,D4:E9:F4:E9:8E:1C,20204,202519924,0,0,NA,0,-4125,314,-76,-1.007080,0.076660,-0.018555,100,100,8,UNCALIBRATED_SENSOR_1,false,CALIBRATION_MISSING,CALIBRATION_MISSING,kx134_single_node_i2c.0.1.0,kx134.v3
kx134.v3,NODE_PROTOTYPE,1,KX134_SENSOR_1,sensor_node_1,D4:E9:F4:E9:8E:1C,20205,202529924,0,0,NA,0,-4120,313,-38,-1.005859,0.076416,-0.009277,100,100,8,UNCALIBRATED_SENSOR_1,false,CALIBRATION_MISSING,CALIBRATION_MISSING,kx134_single_node_i2c.0.1.0,kx134.v3
kx134.v3,NODE_PROTOTYPE,1,KX134_SENSOR_1,sensor_node_1,D4:E9:F4:E9:8E:1C,20206,202539925,0,0,NA,0,-4131,292,-32,-1.008545,0.071289,-0.007813,100,100,8,UNCALIBRATED_SENSOR_1,false,CALIBRATION_MISSING,CALIBRATION_MISSING,kx134_single_node_i2c.0.1.0,kx134.v3
kx134.v3,NODE_PROTOTYPE,1,KX134_SENSOR_1,sensor_node_1,D4:E9:F4:E9:8E:1C,20207,202549925,0,0,NA,0,-4145,284,-59,-1.011963,0.069336,-0.014404,100,100,8,UNCALIBRATED_SENSOR_1,false,CALIBRATION_MISSING,CALIBRATION_MISSING,kx134_single_node_i2c.0.1.0,kx134.v3
kx134.v3,NODE_PROTOTYPE,1,KX134_SENSOR_1,sensor_node_1,D4:E9:F4:E9:8E:1C,20208,202559924,0,0,NA,0,-4124,248,-121,-1.006836,0.060547,-0.029541,100,100,8,UNCALIBRATED_SENSOR_1,false,CALIBRATION_MISSING,CALIBRATION_MISSING,kx134_single_node_i2c.0.1.0,kx134.v3
kx134.v3,NODE_PROTOTYPE,1,KX134_SENSOR_1,sensor_node_1,D4:E9:F4:E9:8E:1C,20209,202569924,0,0,NA,0,-4124,289,-200,-1.006836,0.070557,-0.048828,100,100,8,UNCALIBRATED_SENSOR_1,false,CALIBRATION_MISSING,CALIBRATION_MISSING,kx134_single_node_i2c.0.1.0,kx134.v3
kx134.v3,NODE_PROTOTYPE,1,KX134_SENSOR_1,sensor_node_1,D4:E9:F4:E9:8E:1C,20210,202579924,0,0,NA,0,-4095,213,-67,-0.999756,0.052002,-0.016357,100,100,8,UNCALIBRATED_SENSOR_1,false,CALIBRATION_MISSING,CALIBRATION_MISSING,kx134_single_node_i2c.0.1.0,kx134.v3
kx134.v3,NODE_PROTOTYPE,1,KX134_SENSOR_1,sensor_node_1,D4:E9:F4:E9:8E:1C,20211,202589924,0,0,NA,0,-4095,213,-67,-0.999756,0.052002,-0.016357,100,100,8,UNCALIBRATED_SENSOR_1,false,CALIBRATION_MISSING,CALIBRATION_MISSING,kx134_single_node_i2c.0.1.0,kx134.v3
kx134.v3,NODE_PROTOTYPE,1,KX134_SENSOR_1,sensor_node_1,D4:E9:F4:E9:8E:1C,20212,202599924,0,0,NA,0,-4095,114,118,-0.999756,0.027832,0.028809,100,100,8,UNCALIBRATED_SENSOR_1,false,CALIBRATION_MISSING,CALIBRATION_MISSING,kx134_single_node_i2c.0.1.0,kx134.v3
kx134.v3,NODE_PROTOTYPE,1,KX134_SENSOR_1,sensor_node_1,D4:E9:F4:E9:8E:1C,20213,202609925,0,0,NA,0,-4154,244,70,-1.014160,0.059570,0.017090,100,100,8,UNCALIBRATED_SENSOR_1,false,CALIBRATION_MISSING,CALIBRATION_MISSING,kx134_single_node_i2c.0.1.0,kx134.v3
kx134.v3,NODE_PROTOTYPE,1,KX134_SENSOR_1,sensor_node_1,D4:E9:F4:E9:8E:1C,20214,202619925,0,0,NA,0,-4151,371,-146,-1.013428,0.090576,-0.035645,100,100,8,UNCALIBRATED_SENSOR_1,false,CALIBRATION_MISSING,CALIBRATION_MISSING,kx134_single_node_i2c.0.1.0,kx134.v3
kx134.v3,NODE_PROTOTYPE,1,KX134_SENSOR_1,sensor_node_1,D4:E9:F4:E9:8E:1C,20215,202629925,0,0,NA,0,-4162,314,-238,-1.016113,0.076660,-0.058105,100,100,8,UNCALIBRATED_SENSOR_1,false,CALIBRATION_MISSING,CALIBRATION_MISSING,kx134_single_node_i2c.0.1.0,kx134.v3
kx134.v3,NODE_PROTOTYPE,1,KX134_SENSOR_1,sensor_node_1,D4:E9:F4:E9:8E:1C,20216,202639924,0,0,NA,0,-4122,299,-235,-1.006348,0.072998,-0.057373,100,100,8,UNCALIBRATED_SENSOR_1,false,CALIBRATION_MISSING,CALIBRATION_MISSING,kx134_single_node_i2c.0.1.0,kx134.v3
kx134.v3,NODE_PROTOTYPE,1,KX134_SENSOR_1,sensor_node_1,D4:E9:F4:E9:8E:1C,20217,202649924,0,0,NA,0,-4105,331,-182,-1.002197,0.080811,-0.044434,100,100,8,UNCALIBRATED_SENSOR_1,false,CALIBRATION_MISSING,CALIBRATION_MISSING,kx134_single_node_i2c.0.1.0,kx134.v3
kx134.v3,NODE_PROTOTYPE,1,KX134_SENSOR_1,sensor_node_1,D4:E9:F4:E9:8E:1C,20218,202659924,0,0,NA,0,-4142,220,-125,-1.011230,0.053711,-0.030518,100,100,8,UNCALIBRATED_SENSOR_1,false,CALIBRATION_MISSING,CALIBRATION_MISSING,kx134_single_node_i2c.0.1.0,kx134.v3
kx134.v3,NODE_PROTOTYPE,1,KX134_SENSOR_1,sensor_node_1,D4:E9:F4:E9:8E:1C,20219,202669925,0,0,NA,0,-4123,211,-151,-1.006592,0.051514,-0.036865,100,100,8,UNCALIBRATED_SENSOR_1,false,CALIBRATION_MISSING,CALIBRATION_MISSING,kx134_single_node_i2c.0.1.0,kx134.v3
kx134.v3,NODE_PROTOTYPE,1,KX134_SENSOR_1,sensor_node_1,D4:E9:F4:E9:8E:1C,20220,202679925,0,0,NA,0,-4104,276,-103,-1.001953,0.067383,-0.025146,100,100,8,UNCALIBRATED_SENSOR_1,false,CALIBRATION_MISSING,CALIBRATION_MISSING,kx134_single_node_i2c.0.1.0,kx134.v3
kx134.v3,NODE_PROTOTYPE,1,KX134_SENSOR_1,sensor_node_1,D4:E9:F4:E9:8E:1C,20221,202689925,0,0,NA,0,-4090,275,-100,-0.998535,0.067139,-0.024414,100,100,8,UNCALIBRATED_SENSOR_1,false,CALIBRATION_MISSING,CALIBRATION_MISSING,kx134_single_node_i2c.0.1.0,kx134.v3
kx134.v3,NODE_PROTOTYPE,1,KX134_SENSOR_1,sensor_node_1,D4:E9:F4:E9:8E:1C,20222,202699925,0,0,NA,0,-4088,259,-115,-0.998047,0.063232,-0.028076,100,100,8,UNCALIBRATED_SENSOR_1,false,CALIBRATION_MISSING,CALIBRATION_MISSING,kx134_single_node_i2c.0.1.0,kx134.v3
kx134.v3,NODE_PROTOTYPE,1,KX134_SENSOR_1,sensor_node_1,D4:E9:F4:E9:8E:1C,20223,202709925,0,0,NA,0,-4094,290,-136,-0.999512,0.070801,-0.033203,100,100,8,UNCALIBRATED_SENSOR_1,false,CALIBRATION_MISSING,CALIBRATION_MISSING,kx134_single_node_i2c.0.1.0,kx134.v3
kx134.v3,NODE_PROTOTYPE,1,KX134_SENSOR_1,sensor_node_1,D4:E9:F4:E9:8E:1C,20224,202719925,0,0,NA,0,-4085,305,-141,-0.997314,0.074463,-0.034424,100,100,8,UNCALIBRATED_SENSOR_1,false,CALIBRATION_MISSING,CALIBRATION_MISSING,kx134_single_node_i2c.0.1.0,kx134.v3
kx134.v3,NODE_PROTOTYPE,1,KX134_SENSOR_1,sensor_node_1,D4:E9:F4:E9:8E:1C,20225,202729925,0,0,NA,0,-4064,294,-99,-0.992187,0.071777,-0.024170,100,100,8,UNCALIBRATED_SENSOR_1,false,CALIBRATION_MISSING,CALIBRATION_MISSING,kx134_single_node_i2c.0.1.0,kx134.v3
kx134.v3,NODE_PROTOTYPE,1,KX134_SENSOR_1,sensor_node_1,D4:E9:F4:E9:8E:1C,20226,202739925,0,0,NA,0,-4068,330,-76,-0.993164,0.080566,-0.018555,100,100,8,UNCALIBRATED_SENSOR_1,false,CALIBRATION_MISSING,CALIBRATION_MISSING,kx134_single_node_i2c.0.1.0,kx134.v3
kx134.v3,NODE_PROTOTYPE,1,KX134_SENSOR_1,sensor_node_1,D4:E9:F4:E9:8E:1C,20227,202749925,0,0,NA,0,-4063,339,-84,-0.991943,0.082764,-0.020508,100,100,8,UNCALIBRATED_SENSOR_1,false,CALIBRATION_MISSING,CALIBRATION_MISSING,kx134_single_node_i2c.0.1.0,kx134.v3
kx134.v3,NODE_PROTOTYPE,1,KX134_SENSOR_1,sensor_node_1,D4:E9:F4:E9:8E:1C,20228,202759925,0,0,NA,0,-4078,334,-108,-0.995605,0.081543,-0.026367,100,100,8,UNCALIBRATED_SENSOR_1,false,CALIBRATION_MISSING,CALIBRATION_MISSING,kx134_single_node_i2c.0.1.0,kx134.v3
kx134.v3,NODE_PROTOTYPE,1,KX134_SENSOR_1,sensor_node_1,D4:E9:F4:E9:8E:1C,20229,202769925,0,0,NA,0,-4115,344,-107,-1.004639,0.083984,-0.026123,100,100,8,UNCALIBRATED_SENSOR_1,false,CALIBRATION_MISSING,CALIBRATION_MISSING,kx134_single_node_i2c.0.1.0,kx134.v3
kx134.v3,NODE_PROTOTYPE,1,KX134_SENSOR_1,sensor_node_1,D4:E9:F4:E9:8E:1C,20230,202779925,0,0,NA,0,-4112,324,-88,-1.003906,0.079102,-0.021484,100,100,8,UNCALIBRATED_SENSOR_1,false,CALIBRATION_MISSING,CALIBRATION_MISSING,kx134_single_node_i2c.0.1.0,kx134.v3
kx134.v3,NODE_PROTOTYPE,1,KX134_SENSOR_1,sensor_node_1,D4:E9:F4:E9:8E:1C,20231,202789925,0,0,NA,0,-4112,275,-54,-1.003906,0.067139,-0.013184,100,100,8,UNCALIBRATED_SENSOR_1,false,CALIBRATION_MISSING,CALIBRATION_MISSING,kx134_single_node_i2c.0.1.0,kx134.v3
kx134.v3,NODE_PROTOTYPE,1,KX134_SENSOR_1,sensor_node_1,D4:E9:F4:E9:8E:1C,20232,202799925,0,0,NA,0,-4124,247,-17,-1.006836,0.060303,-0.004150,100,100,8,UNCALIBRATED_SENSOR_1,false,CALIBRATION_MISSING,CALIBRATION_MISSING,kx134_single_node_i2c.0.1.0,kx134.v3
kx134.v3,NODE_PROTOTYPE,1,KX134_SENSOR_1,sensor_node_1,D4:E9:F4:E9:8E:1C,20233,202809925,0,0,NA,0,-4143,284,-19,-1.011475,0.069336,-0.004639,100,100,8,UNCALIBRATED_SENSOR_1,false,CALIBRATION_MISSING,CALIBRATION_MISSING,kx134_single_node_i2c.0.1.0,kx134.v3
kx134.v3,NODE_PROTOTYPE,1,KX134_SENSOR_1,sensor_node_1,D4:E9:F4:E9:8E:1C,20234,202819925,0,0,NA,0,-4149,314,-36,-1.012939,0.076660,-0.008789,100,100,8,UNCALIBRATED_SENSOR_1,false,CALIBRATION_MISSING,CALIBRATION_MISSING,kx134_single_node_i2c.0.1.0,kx134.v3
kx134.v3,NODE_PROTOTYPE,1,KX134_SENSOR_1,sensor_node_1,D4:E9:F4:E9:8E:1C,20235,202829924,0,0,NA,0,-4150,288,-67,-1.013184,0.070312,-0.016357,100,100,8,UNCALIBRATED_SENSOR_1,false,CALIBRATION_MISSING,CALIBRATION_MISSING,kx134_single_node_i2c.0.1.0,kx134.v3
kx134.v3,NODE_PROTOTYPE,1,KX134_SENSOR_1,sensor_node_1,D4:E9:F4:E9:8E:1C,20236,202839925,0,0,NA,0,-4125,286,-68,-1.007080,0.069824,-0.016602,100,100,8,UNCALIBRATED_SENSOR_1,false,CALIBRATION_MISSING,CALIBRATION_MISSING,kx134_single_node_i2c.0.1.0,kx134.v3
kx134.v3,NODE_PROTOTYPE,1,KX134_SENSOR_1,sensor_node_1,D4:E9:F4:E9:8E:1C,20237,202849924,0,0,NA,0,-4088,327,-70,-0.998047,0.079834,-0.017090,100,100,8,UNCALIBRATED_SENSOR_1,false,CALIBRATION_MISSING,CALIBRATION_MISSING,kx134_single_node_i2c.0.1.0,kx134.v3
kx134.v3,NODE_PROTOTYPE,1,KX134_SENSOR_1,sensor_node_1,D4:E9:F4:E9:8E:1C,20238,202859924,0,0,NA,0,-4116,341,-95,-1.004883,0.083252,-0.023193,100,100,8,UNCALIBRATED_SENSOR_1,false,CALIBRATION_MISSING,CALIBRATION_MISSING,kx134_single_node_i2c.0.1.0,kx134.v3
kx134.v3,NODE_PROTOTYPE,1,KX134_SENSOR_1,sensor_node_1,D4:E9:F4:E9:8E:1C,20239,202869924,0,0,NA,0,-4130,334,-98,-1.008301,0.081543,-0.023926,100,100,8,UNCALIBRATED_SENSOR_1,false,CALIBRATION_MISSING,CALIBRATION_MISSING,kx134_single_node_i2c.0.1.0,kx134.v3
kx134.v3,NODE_PROTOTYPE,1,KX134_SENSOR_1,sensor_node_1,D4:E9:F4:E9:8E:1C,20240,202879925,0,0,NA,0,-4114,324,-95,-1.004395,0.079102,-0.023193,100,100,8,UNCALIBRATED_SENSOR_1,false,CALIBRATION_MISSING,CALIBRATION_MISSING,kx134_single_node_i2c.0.1.0,kx134.v3
kx134.v3,NODE_PROTOTYPE,1,KX134_SENSOR_1,sensor_node_1,D4:E9:F4:E9:8E:1C,20241,202889925,0,0,NA,0,-4098,305,-96,-1.000488,0.074463,-0.023437,100,100,8,UNCALIBRATED_SENSOR_1,false,CALIBRATION_MISSING,CALIBRATION_MISSING,kx134_single_node_i2c.0.1.0,kx134.v3
kx134.v3,NODE_PROTOTYPE,1,KX134_SENSOR_1,sensor_node_1,D4:E9:F4:E9:8E:1C,20242,202899925,0,0,NA,0,-4077,277,-95,-0.995361,0.067627,-0.023193,100,100,8,UNCALIBRATED_SENSOR_1,false,CALIBRATION_MISSING,CALIBRATION_MISSING,kx134_single_node_i2c.0.1.0,kx134.v3
kx134.v3,NODE_PROTOTYPE,1,KX134_SENSOR_1,sensor_node_1,D4:E9:F4:E9:8E:1C,20243,202909925,0,0,NA,0,-4081,275,-66,-0.996338,0.067139,-0.016113,100,100,8,UNCALIBRATED_SENSOR_1,false,CALIBRATION_MISSING,CALIBRATION_MISSING,kx134_single_node_i2c.0.1.0,kx134.v3
kx134.v3,NODE_PROTOTYPE,1,KX134_SENSOR_1,sensor_node_1,D4:E9:F4:E9:8E:1C,20244,202919925,0,0,NA,0,-4070,286,-50,-0.993652,0.069824,-0.012207,100,100,8,UNCALIBRATED_SENSOR_1,false,CALIBRATION_MISSING,CALIBRATION_MISSING,kx134_single_node_i2c.0.1.0,kx134.v3
kx134.v3,NODE_PROTOTYPE,1,KX134_SENSOR_1,sensor_node_1,D4:E9:F4:E9:8E:1C,20245,202929925,0,0,NA,0,-4082,311,-77,-0.996582,0.075928,-0.018799,100,100,8,UNCALIBRATED_SENSOR_1,false,CALIBRATION_MISSING,CALIBRATION_MISSING,kx134_single_node_i2c.0.1.0,kx134.v3
kx134.v3,NODE_PROTOTYPE,1,KX134_SENSOR_1,sensor_node_1,D4:E9:F4:E9:8E:1C,20246,202939925,0,0,NA,0,-4108,310,-74,-1.002930,0.075684,-0.018066,100,100,8,UNCALIBRATED_SENSOR_1,false,CALIBRATION_MISSING,CALIBRATION_MISSING,kx134_single_node_i2c.0.1.0,kx134.v3
kx134.v3,NODE_PROTOTYPE,1,KX134_SENSOR_1,sensor_node_1,D4:E9:F4:E9:8E:1C,20247,202949925,0,0,NA,0,-4126,296,-49,-1.007324,0.072266,-0.011963,100,100,8,UNCALIBRATED_SENSOR_1,false,CALIBRATION_MISSING,CALIBRATION_MISSING,kx134_single_node_i2c.0.1.0,kx134.v3
kx134.v3,NODE_PROTOTYPE,1,KX134_SENSOR_1,sensor_node_1,D4:E9:F4:E9:8E:1C,20248,202959925,0,0,NA,0,-4138,304,-64,-1.010254,0.074219,-0.015625,100,100,8,UNCALIBRATED_SENSOR_1,false,CALIBRATION_MISSING,CALIBRATION_MISSING,kx134_single_node_i2c.0.1.0,kx134.v3
kx134.v3,NODE_PROTOTYPE,1,KX134_SENSOR_1,sensor_node_1,D4:E9:F4:E9:8E:1C,20249,202969924,0,0,NA,0,-4114,271,-83,-1.004395,0.066162,-0.020264,100,100,8,UNCALIBRATED_SENSOR_1,false,CALIBRATION_MISSING,CALIBRATION_MISSING,kx134_single_node_i2c.0.1.0,kx134.v3
kx134.v3,NODE_PROTOTYPE,1,KX134_SENSOR_1,sensor_node_1,D4:E9:F4:E9:8E:1C,20250,202979925,0,0,NA,0,-4087,241,-91,-0.997803,0.058838,-0.022217,100,100,8,UNCALIBRATED_SENSOR_1,false,CALIBRATION_MISSING,CALIBRATION_MISSING,kx134_single_node_i2c.0.1.0,kx134.v3
kx134.v3,NODE_PROTOTYPE,1,KX134_SENSOR_1,sensor_node_1,D4:E9:F4:E9:8E:1C,20251,202989925,0,0,NA,0,-4079,251,-76,-0.995850,0.061279,-0.018555,100,100,8,UNCALIBRATED_SENSOR_1,false,CALIBRATION_MISSING,CALIBRATION_MISSING,kx134_single_node_i2c.0.1.0,kx134.v3
kx134.v3,NODE_PROTOTYPE,1,KX134_SENSOR_1,sensor_node_1,D4:E9:F4:E9:8E:1C,20252,202999924,0,0,NA,0,-4091,264,-76,-0.998779,0.064453,-0.018555,100,100,8,UNCALIBRATED_SENSOR_1,false,CALIBRATION_MISSING,CALIBRATION_MISSING,kx134_single_node_i2c.0.1.0,kx134.v3
kx134.v3,NODE_PROTOTYPE,1,KX134_SENSOR_1,sensor_node_1,D4:E9:F4:E9:8E:1C,20253,203009924,0,0,NA,0,-4099,281,-104,-1.000732,0.068604,-0.025391,100,100,8,UNCALIBRATED_SENSOR_1,false,CALIBRATION_MISSING,CALIBRATION_MISSING,kx134_single_node_i2c.0.1.0,kx134.v3
kx134.v3,NODE_PROTOTYPE,1,KX134_SENSOR_1,sensor_node_1,D4:E9:F4:E9:8E:1C,20254,203019924,0,0,NA,0,-4111,278,-111,-1.003662,0.067871,-0.027100,100,100,8,UNCALIBRATED_SENSOR_1,false,CALIBRATION_MISSING,CALIBRATION_MISSING,kx134_single_node_i2c.0.1.0,kx134.v3
kx134.v3,NODE_PROTOTYPE,1,KX134_SENSOR_1,sensor_node_1,D4:E9:F4:E9:8E:1C,20255,203029925,0,0,NA,0,-4129,259,-95,-1.008057,0.063232,-0.023193,100,100,8,UNCALIBRATED_SENSOR_1,false,CALIBRATION_MISSING,CALIBRATION_MISSING,kx134_single_node_i2c.0.1.0,kx134.v3
kx134.v3,NODE_PROTOTYPE,1,KX134_SENSOR_1,sensor_node_1,D4:E9:F4:E9:8E:1C,20256,203039924,0,0,NA,0,-4111,265,-60,-1.003662,0.064697,-0.014648,100,100,8,UNCALIBRATED_SENSOR_1,false,CALIBRATION_MISSING,CALIBRATION_MISSING,kx134_single_node_i2c.0.1.0,kx134.v3
kx134.v3,NODE_PROTOTYPE,1,KX134_SENSOR_1,sensor_node_1,D4:E9:F4:E9:8E:1C,20257,203049924,0,0,NA,0,-4086,269,-54,-0.997559,0.065674,-0.013184,100,100,8,UNCALIBRATED_SENSOR_1,false,CALIBRATION_MISSING,CALIBRATION_MISSING,kx134_single_node_i2c.0.1.0,kx134.v3
kx134.v3,NODE_PROTOTYPE,1,KX134_SENSOR_1,sensor_node_1,D4:E9:F4:E9:8E:1C,20258,203059924,0,0,NA,0,-4103,252,-74,-1.001709,0.061523,-0.018066,100,100,8,UNCALIBRATED_SENSOR_1,false,CALIBRATION_MISSING,CALIBRATION_MISSING,kx134_single_node_i2c.0.1.0,kx134.v3
kx134.v3,NODE_PROTOTYPE,1,KX134_SENSOR_1,sensor_node_1,D4:E9:F4:E9:8E:1C,20259,203069925,0,0,NA,0,-4111,232,-59,-1.003662,0.056641,-0.014404,100,100,8,UNCALIBRATED_SENSOR_1,false,CALIBRATION_MISSING,CALIBRATION_MISSING,kx134_single_node_i2c.0.1.0,kx134.v3
kx134.v3,NODE_PROTOTYPE,1,KX134_SENSOR_1,sensor_node_1,D4:E9:F4:E9:8E:1C,20260,203079925,0,0,NA,0,-4107,227,-24,-1.002686,0.055420,-0.005859,100,100,8,UNCALIBRATED_SENSOR_1,false,CALIBRATION_MISSING,CALIBRATION_MISSING,kx134_single_node_i2c.0.1.0,kx134.v3
kx134.v3,NODE_PROTOTYPE,1,KX134_SENSOR_1,sensor_node_1,D4:E9:F4:E9:8E:1C,20261,203089924,0,0,NA,0,-4083,261,-49,-0.996826,0.063721,-0.011963,100,100,8,UNCALIBRATED_SENSOR_1,false,CALIBRATION_MISSING,CALIBRATION_MISSING,kx134_single_node_i2c.0.1.0,kx134.v3
kx134.v3,NODE_PROTOTYPE,1,KX134_SENSOR_1,sensor_node_1,D4:E9:F4:E9:8E:1C,20262,203099924,0,0,NA,0,-4082,290,-112,-0.996582,0.070801,-0.027344,100,100,8,UNCALIBRATED_SENSOR_1,false,CALIBRATION_MISSING,CALIBRATION_MISSING,kx134_single_node_i2c.0.1.0,kx134.v3
kx134.v3,NODE_PROTOTYPE,1,KX134_SENSOR_1,sensor_node_1,D4:E9:F4:E9:8E:1C,20263,203109925,0,0,NA,0,-4099,284,-113,-1.000732,0.069336,-0.027588,100,100,8,UNCALIBRATED_SENSOR_1,false,CALIBRATION_MISSING,CALIBRATION_MISSING,kx134_single_node_i2c.0.1.0,kx134.v3
kx134.v3,NODE_PROTOTYPE,1,KX134_SENSOR_1,sensor_node_1,D4:E9:F4:E9:8E:1C,20264,203119925,0,0,NA,0,-4076,286,-54,-0.995117,0.069824,-0.013184,100,100,8,UNCALIBRATED_SENSOR_1,false,CALIBRATION_MISSING,CALIBRATION_MISSING,kx134_single_node_i2c.0.1.0,kx134.v3
kx134.v3,NODE_PROTOTYPE,1,KX134_SENSOR_1,sensor_node_1,D4:E9:F4:E9:8E:1C,20265,203129925,0,0,NA,0,-4067,321,-53,-0.992920,0.078369,-0.012939,100,100,8,UNCALIBRATED_SENSOR_1,false,CALIBRATION_MISSING,CALIBRATION_MISSING,kx134_single_node_i2c.0.1.0,kx134.v3
kx134.v3,NODE_PROTOTYPE,1,KX134_SENSOR_1,sensor_node_1,D4:E9:F4:E9:8E:1C,20266,203139925,0,0,NA,0,-4064,332,-71,-0.992187,0.081055,-0.017334,100,100,8,UNCALIBRATED_SENSOR_1,false,CALIBRATION_MISSING,CALIBRATION_MISSING,kx134_single_node_i2c.0.1.0,kx134.v3
kx134.v3,NODE_PROTOTYPE,1,KX134_SENSOR_1,sensor_node_1,D4:E9:F4:E9:8E:1C,20267,203149925,0,0,NA,0,-4075,319,-49,-0.994873,0.077881,-0.011963,100,100,8,UNCALIBRATED_SENSOR_1,false,CALIBRATION_MISSING,CALIBRATION_MISSING,kx134_single_node_i2c.0.1.0,kx134.v3
kx134.v3,NODE_PROTOTYPE,1,KX134_SENSOR_1,sensor_node_1,D4:E9:F4:E9:8E:1C,20268,203159925,0,0,NA,0,-4086,316,-52,-0.997559,0.077148,-0.012695,100,100,8,UNCALIBRATED_SENSOR_1,false,CALIBRATION_MISSING,CALIBRATION_MISSING,kx134_single_node_i2c.0.1.0,kx134.v3
kx134.v3,NODE_PROTOTYPE,1,KX134_SENSOR_1,sensor_node_1,D4:E9:F4:E9:8E:1C,20269,203169925,0,0,NA,0,-4092,308,-58,-0.999023,0.075195,-0.014160,100,100,8,UNCALIBRATED_SENSOR_1,false,CALIBRATION_MISSING,CALIBRATION_MISSING,kx134_single_node_i2c.0.1.0,kx134.v3
kx134.v3,NODE_PROTOTYPE,1,KX134_SENSOR_1,sensor_node_1,D4:E9:F4:E9:8E:1C,20270,203179924,0,0,NA,0,-4112,288,-43,-1.003906,0.070312,-0.010498,100,100,8,UNCALIBRATED_SENSOR_1,false,CALIBRATION_MISSING,CALIBRATION_MISSING,kx134_single_node_i2c.0.1.0,kx134.v3
kx134.v3,NODE_PROTOTYPE,1,KX134_SENSOR_1,sensor_node_1,D4:E9:F4:E9:8E:1C,20271,203189924,0,0,NA,0,-4111,265,-31,-1.003662,0.064697,-0.007568,100,100,8,UNCALIBRATED_SENSOR_1,false,CALIBRATION_MISSING,CALIBRATION_MISSING,kx134_single_node_i2c.0.1.0,kx134.v3
kx134.v3,NODE_PROTOTYPE,1,KX134_SENSOR_1,sensor_node_1,D4:E9:F4:E9:8E:1C,20272,203199924,0,0,NA,0,-4101,274,-38,-1.001221,0.066895,-0.009277,100,100,8,UNCALIBRATED_SENSOR_1,false,CALIBRATION_MISSING,CALIBRATION_MISSING,kx134_single_node_i2c.0.1.0,kx134.v3
kx134.v3,NODE_PROTOTYPE,1,KX134_SENSOR_1,sensor_node_1,D4:E9:F4:E9:8E:1C,20273,203209924,0,0,NA,0,-4090,287,-53,-0.998535,0.070068,-0.012939,100,100,8,UNCALIBRATED_SENSOR_1,false,CALIBRATION_MISSING,CALIBRATION_MISSING,kx134_single_node_i2c.0.1.0,kx134.v3
kx134.v3,NODE_PROTOTYPE,1,KX134_SENSOR_1,sensor_node_1,D4:E9:F4:E9:8E:1C,20274,203219924,0,0,NA,0,-4085,289,-87,-0.997314,0.070557,-0.021240,100,100,8,UNCALIBRATED_SENSOR_1,false,CALIBRATION_MISSING,CALIBRATION_MISSING,kx134_single_node_i2c.0.1.0,kx134.v3
kx134.v3,NODE_PROTOTYPE,1,KX134_SENSOR_1,sensor_node_1,D4:E9:F4:E9:8E:1C,20275,203229924,0,0,NA,0,-4071,308,-111,-0.993896,0.075195,-0.027100,100,100,8,UNCALIBRATED_SENSOR_1,false,CALIBRATION_MISSING,CALIBRATION_MISSING,kx134_single_node_i2c.0.1.0,kx134.v3
kx134.v3,NODE_PROTOTYPE,1,KX134_SENSOR_1,sensor_node_1,D4:E9:F4:E9:8E:1C,20276,203239925,0,0,NA,0,-4069,315,-92,-0.993408,0.076904,-0.022461,100,100,8,UNCALIBRATED_SENSOR_1,false,CALIBRATION_MISSING,CALIBRATION_MISSING,kx134_single_node_i2c.0.1.0,kx134.v3
kx134.v3,NODE_PROTOTYPE,1,KX134_SENSOR_1,sensor_node_1,D4:E9:F4:E9:8E:1C,20277,203249925,0,0,NA,0,-4058,311,-62,-0.990723,0.075928,-0.015137,100,100,8,UNCALIBRATED_SENSOR_1,false,CALIBRATION_MISSING,CALIBRATION_MISSING,kx134_single_node_i2c.0.1.0,kx134.v3
kx134.v3,NODE_PROTOTYPE,1,KX134_SENSOR_1,sensor_node_1,D4:E9:F4:E9:8E:1C,20278,203259925,0,0,NA,0,-4035,309,-63,-0.985107,0.075439,-0.015381,100,100,8,UNCALIBRATED_SENSOR_1,false,CALIBRATION_MISSING,CALIBRATION_MISSING,kx134_single_node_i2c.0.1.0,kx134.v3
kx134.v3,NODE_PROTOTYPE,1,KX134_SENSOR_1,sensor_node_1,D4:E9:F4:E9:8E:1C,20279,203269925,0,0,NA,0,-4057,295,-81,-0.990479,0.072021,-0.019775,100,100,8,UNCALIBRATED_SENSOR_1,false,CALIBRATION_MISSING,CALIBRATION_MISSING,kx134_single_node_i2c.0.1.0,kx134.v3
kx134.v3,NODE_PROTOTYPE,1,KX134_SENSOR_1,sensor_node_1,D4:E9:F4:E9:8E:1C,20280,203279925,0,0,NA,0,-4106,323,-87,-1.002441,0.078857,-0.021240,100,100,8,UNCALIBRATED_SENSOR_1,false,CALIBRATION_MISSING,CALIBRATION_MISSING,kx134_single_node_i2c.0.1.0,kx134.v3
kx134.v3,NODE_PROTOTYPE,1,KX134_SENSOR_1,sensor_node_1,D4:E9:F4:E9:8E:1C,20281,203289925,0,0,NA,0,-4124,323,-68,-1.006836,0.078857,-0.016602,100,100,8,UNCALIBRATED_SENSOR_1,false,CALIBRATION_MISSING,CALIBRATION_MISSING,kx134_single_node_i2c.0.1.0,kx134.v3
kx134.v3,NODE_PROTOTYPE,1,KX134_SENSOR_1,sensor_node_1,D4:E9:F4:E9:8E:1C,20282,203299925,0,0,NA,0,-4119,303,-71,-1.005615,0.073975,-0.017334,100,100,8,UNCALIBRATED_SENSOR_1,false,CALIBRATION_MISSING,CALIBRATION_MISSING,kx134_single_node_i2c.0.1.0,kx134.v3
kx134.v3,NODE_PROTOTYPE,1,KX134_SENSOR_1,sensor_node_1,D4:E9:F4:E9:8E:1C,20283,203309924,0,0,NA,0,-4117,310,-103,-1.005127,0.075684,-0.025146,100,100,8,UNCALIBRATED_SENSOR_1,false,CALIBRATION_MISSING,CALIBRATION_MISSING,kx134_single_node_i2c.0.1.0,kx134.v3
kx134.v3,NODE_PROTOTYPE,1,KX134_SENSOR_1,sensor_node_1,D4:E9:F4:E9:8E:1C,20284,203319924,0,0,NA,0,-4106,287,-105,-1.002441,0.070068,-0.025635,100,100,8,UNCALIBRATED_SENSOR_1,false,CALIBRATION_MISSING,CALIBRATION_MISSING,kx134_single_node_i2c.0.1.0,kx134.v3
kx134.v3,NODE_PROTOTYPE,1,KX134_SENSOR_1,sensor_node_1,D4:E9:F4:E9:8E:1C,20285,203329924,0,0,NA,0,-4091,281,-83,-0.998779,0.068604,-0.020264,100,100,8,UNCALIBRATED_SENSOR_1,false,CALIBRATION_MISSING,CALIBRATION_MISSING,kx134_single_node_i2c.0.1.0,kx134.v3
kx134.v3,NODE_PROTOTYPE,1,KX134_SENSOR_1,sensor_node_1,D4:E9:F4:E9:8E:1C,20286,203339924,0,0,NA,0,-4067,318,-91,-0.992920,0.077637,-0.022217,100,100,8,UNCALIBRATED_SENSOR_1,false,CALIBRATION_MISSING,CALIBRATION_MISSING,kx134_single_node_i2c.0.1.0,kx134.v3
kx134.v3,NODE_PROTOTYPE,1,KX134_SENSOR_1,sensor_node_1,D4:E9:F4:E9:8E:1C,20287,203349925,0,0,NA,0,-4066,323,-91,-0.992676,0.078857,-0.022217,100,100,8,UNCALIBRATED_SENSOR_1,false,CALIBRATION_MISSING,CALIBRATION_MISSING,kx134_single_node_i2c.0.1.0,kx134.v3
kx134.v3,NODE_PROTOTYPE,1,KX134_SENSOR_1,sensor_node_1,D4:E9:F4:E9:8E:1C,20288,203359925,0,0,NA,0,-4088,277,-75,-0.998047,0.067627,-0.018311,100,100,8,UNCALIBRATED_SENSOR_1,false,CALIBRATION_MISSING,CALIBRATION_MISSING,kx134_single_node_i2c.0.1.0,kx134.v3
kx134.v3,NODE_PROTOTYPE,1,KX134_SENSOR_1,sensor_node_1,D4:E9:F4:E9:8E:1C,20289,203369925,0,0,NA,0,-4077,260,-81,-0.995361,0.063477,-0.019775,100,100,8,UNCALIBRATED_SENSOR_1,false,CALIBRATION_MISSING,CALIBRATION_MISSING,kx134_single_node_i2c.0.1.0,kx134.v3
kx134.v3,NODE_PROTOTYPE,1,KX134_SENSOR_1,sensor_node_1,D4:E9:F4:E9:8E:1C,20290,203379924,0,0,NA,0,-4058,293,-76,-0.990723,0.071533,-0.018555,100,100,8,UNCALIBRATED_SENSOR_1,false,CALIBRATION_MISSING,CALIBRATION_MISSING,kx134_single_node_i2c.0.1.0,kx134.v3
kx134.v3,NODE_PROTOTYPE,1,KX134_SENSOR_1,sensor_node_1,D4:E9:F4:E9:8E:1C,20291,203389924,0,0,NA,0,-4053,325,-97,-0.989502,0.079346,-0.023682,100,100,8,UNCALIBRATED_SENSOR_1,false,CALIBRATION_MISSING,CALIBRATION_MISSING,kx134_single_node_i2c.0.1.0,kx134.v3
kx134.v3,NODE_PROTOTYPE,1,KX134_SENSOR_1,sensor_node_1,D4:E9:F4:E9:8E:1C,20292,203399924,0,0,NA,0,-4056,293,-112,-0.990234,0.071533,-0.027344,100,100,8,UNCALIBRATED_SENSOR_1,false,CALIBRATION_MISSING,CALIBRATION_MISSING,kx134_single_node_i2c.0.1.0,kx134.v3
kx134.v3,NODE_PROTOTYPE,1,KX134_SENSOR_1,sensor_node_1,D4:E9:F4:E9:8E:1C,20293,203409925,0,0,NA,0,-4048,236,-68,-0.988281,0.057617,-0.016602,100,100,8,UNCALIBRATED_SENSOR_1,false,CALIBRATION_MISSING,CALIBRATION_MISSING,kx134_single_node_i2c.0.1.0,kx134.v3
kx134.v3,NODE_PROTOTYPE,1,KX134_SENSOR_1,sensor_node_1,D4:E9:F4:E9:8E:1C,20294,203419925,0,0,NA,0,-4042,223,-46,-0.986816,0.054443,-0.011230,100,100,8,UNCALIBRATED_SENSOR_1,false,CALIBRATION_MISSING,CALIBRATION_MISSING,kx134_single_node_i2c.0.1.0,kx134.v3
kx134.v3,NODE_PROTOTYPE,1,KX134_SENSOR_1,sensor_node_1,D4:E9:F4:E9:8E:1C,20295,203429925,0,0,NA,0,-4052,244,-69,-0.989258,0.059570,-0.016846,100,100,8,UNCALIBRATED_SENSOR_1,false,CALIBRATION_MISSING,CALIBRATION_MISSING,kx134_single_node_i2c.0.1.0,kx134.v3
kx134.v3,NODE_PROTOTYPE,1,KX134_SENSOR_1,sensor_node_1,D4:E9:F4:E9:8E:1C,20296,203439924,0,0,NA,0,-4065,244,-85,-0.992432,0.059570,-0.020752,100,100,8,UNCALIBRATED_SENSOR_1,false,CALIBRATION_MISSING,CALIBRATION_MISSING,kx134_single_node_i2c.0.1.0,kx134.v3
kx134.v3,NODE_PROTOTYPE,1,KX134_SENSOR_1,sensor_node_1,D4:E9:F4:E9:8E:1C,20297,203449924,0,0,NA,0,-4101,233,-95,-1.001221,0.056885,-0.023193,100,100,8,UNCALIBRATED_SENSOR_1,false,CALIBRATION_MISSING,CALIBRATION_MISSING,kx134_single_node_i2c.0.1.0,kx134.v3
kx134.v3,NODE_PROTOTYPE,1,KX134_SENSOR_1,sensor_node_1,D4:E9:F4:E9:8E:1C,20298,203459924,0,0,NA,0,-4112,268,-95,-1.003906,0.065430,-0.023193,100,100,8,UNCALIBRATED_SENSOR_1,false,CALIBRATION_MISSING,CALIBRATION_MISSING,kx134_single_node_i2c.0.1.0,kx134.v3
kx134.v3,NODE_PROTOTYPE,1,KX134_SENSOR_1,sensor_node_1,D4:E9:F4:E9:8E:1C,20299,203469925,0,0,NA,0,-4045,260,-27,-0.987549,0.063477,-0.006592,100,100,8,UNCALIBRATED_SENSOR_1,false,CALIBRATION_MISSING,CALIBRATION_MISSING,kx134_single_node_i2c.0.1.0,kx134.v3
kx134.v3,NODE_PROTOTYPE,1,KX134_SENSOR_1,sensor_node_1,D4:E9:F4:E9:8E:1C,20300,203479924,0,0,NA,0,-3999,216,29,-0.976318,0.052734,0.007080,100,100,8,UNCALIBRATED_SENSOR_1,false,CALIBRATION_MISSING,CALIBRATION_MISSING,kx134_single_node_i2c.0.1.0,kx134.v3
kx134.v3,NODE_PROTOTYPE,1,KX134_SENSOR_1,sensor_node_1,D4:E9:F4:E9:8E:1C,20301,203489924,0,0,NA,0,-3999,216,29,-0.976318,0.052734,0.007080,100,100,8,UNCALIBRATED_SENSOR_1,false,CALIBRATION_MISSING,CALIBRATION_MISSING,kx134_single_node_i2c.0.1.0,kx134.v3
kx134.v3,NODE_PROTOTYPE,1,KX134_SENSOR_1,sensor_node_1,D4:E9:F4:E9:8E:1C,20302,203499925,0,0,NA,0,-4124,201,95,-1.006836,0.049072,0.023193,100,100,8,UNCALIBRATED_SENSOR_1,false,CALIBRATION_MISSING,CALIBRATION_MISSING,kx134_single_node_i2c.0.1.0,kx134.v3
kx134.v3,NODE_PROTOTYPE,1,KX134_SENSOR_1,sensor_node_1,D4:E9:F4:E9:8E:1C,20303,203509924,0,0,NA,0,-4089,59,136,-0.998291,0.014404,0.033203,100,100,8,UNCALIBRATED_SENSOR_1,false,CALIBRATION_MISSING,CALIBRATION_MISSING,kx134_single_node_i2c.0.1.0,kx134.v3
kx134.v3,NODE_PROTOTYPE,1,KX134_SENSOR_1,sensor_node_1,D4:E9:F4:E9:8E:1C,20304,203519925,0,0,NA,0,-4015,167,-15,-0.980225,0.040771,-0.003662,100,100,8,UNCALIBRATED_SENSOR_1,false,CALIBRATION_MISSING,CALIBRATION_MISSING,kx134_single_node_i2c.0.1.0,kx134.v3
kx134.v3,NODE_PROTOTYPE,1,KX134_SENSOR_1,sensor_node_1,D4:E9:F4:E9:8E:1C,20305,203529924,0,0,NA,0,-4016,385,-139,-0.980469,0.093994,-0.033936,100,100,8,UNCALIBRATED_SENSOR_1,false,CALIBRATION_MISSING,CALIBRATION_MISSING,kx134_single_node_i2c.0.1.0,kx134.v3
kx134.v3,NODE_PROTOTYPE,1,KX134_SENSOR_1,sensor_node_1,D4:E9:F4:E9:8E:1C,20306,203539924,0,0,NA,0,-4044,333,-145,-0.987305,0.081299,-0.035400,100,100,8,UNCALIBRATED_SENSOR_1,false,CALIBRATION_MISSING,CALIBRATION_MISSING,kx134_single_node_i2c.0.1.0,kx134.v3
kx134.v3,NODE_PROTOTYPE,1,KX134_SENSOR_1,sensor_node_1,D4:E9:F4:E9:8E:1C,20307,203549924,0,0,NA,0,-4149,295,-56,-1.012939,0.072021,-0.013672,100,100,8,UNCALIBRATED_SENSOR_1,false,CALIBRATION_MISSING,CALIBRATION_MISSING,kx134_single_node_i2c.0.1.0,kx134.v3
kx134.v3,NODE_PROTOTYPE,1,KX134_SENSOR_1,sensor_node_1,D4:E9:F4:E9:8E:1C,20308,203559925,0,0,NA,0,-4109,266,29,-1.003174,0.064941,0.007080,100,100,8,UNCALIBRATED_SENSOR_1,false,CALIBRATION_MISSING,CALIBRATION_MISSING,kx134_single_node_i2c.0.1.0,kx134.v3
kx134.v3,NODE_PROTOTYPE,1,KX134_SENSOR_1,sensor_node_1,D4:E9:F4:E9:8E:1C,20309,203569925,0,0,NA,0,-4066,243,-5,-0.992676,0.059326,-0.001221,100,100,8,UNCALIBRATED_SENSOR_1,false,CALIBRATION_MISSING,CALIBRATION_MISSING,kx134_single_node_i2c.0.1.0,kx134.v3
kx134.v3,NODE_PROTOTYPE,1,KX134_SENSOR_1,sensor_node_1,D4:E9:F4:E9:8E:1C,20310,203579924,0,0,NA,0,-4086,236,-63,-0.997559,0.057617,-0.015381,100,100,8,UNCALIBRATED_SENSOR_1,false,CALIBRATION_MISSING,CALIBRATION_MISSING,kx134_single_node_i2c.0.1.0,kx134.v3
kx134.v3,NODE_PROTOTYPE,1,KX134_SENSOR_1,sensor_node_1,D4:E9:F4:E9:8E:1C,20311,203589924,0,0,NA,0,-4102,238,-86,-1.001465,0.058105,-0.020996,100,100,8,UNCALIBRATED_SENSOR_1,false,CALIBRATION_MISSING,CALIBRATION_MISSING,kx134_single_node_i2c.0.1.0,kx134.v3
kx134.v3,NODE_PROTOTYPE,1,KX134_SENSOR_1,sensor_node_1,D4:E9:F4:E9:8E:1C,20312,203599924,0,0,NA,0,-4110,261,-69,-1.003418,0.063721,-0.016846,100,100,8,UNCALIBRATED_SENSOR_1,false,CALIBRATION_MISSING,CALIBRATION_MISSING,kx134_single_node_i2c.0.1.0,kx134.v3
kx134.v3,NODE_PROTOTYPE,1,KX134_SENSOR_1,sensor_node_1,D4:E9:F4:E9:8E:1C,20313,203609924,0,0,NA,0,-4126,287,-44,-1.007324,0.070068,-0.010742,100,100,8,UNCALIBRATED_SENSOR_1,false,CALIBRATION_MISSING,CALIBRATION_MISSING,kx134_single_node_i2c.0.1.0,kx134.v3
kx134.v3,NODE_PROTOTYPE,1,KX134_SENSOR_1,sensor_node_1,D4:E9:F4:E9:8E:1C,20314,203619924,0,0,NA,0,-4102,283,-26,-1.001465,0.069092,-0.006348,100,100,8,UNCALIBRATED_SENSOR_1,false,CALIBRATION_MISSING,CALIBRATION_MISSING,kx134_single_node_i2c.0.1.0,kx134.v3
kx134.v3,NODE_PROTOTYPE,1,KX134_SENSOR_1,sensor_node_1,D4:E9:F4:E9:8E:1C,20315,203629924,0,0,NA,0,-4079,261,-41,-0.995850,0.063721,-0.010010,100,100,8,UNCALIBRATED_SENSOR_1,false,CALIBRATION_MISSING,CALIBRATION_MISSING,kx134_single_node_i2c.0.1.0,kx134.v3
kx134.v3,NODE_PROTOTYPE,1,KX134_SENSOR_1,sensor_node_1,D4:E9:F4:E9:8E:1C,20316,203639925,0,0,NA,0,-4099,258,-61,-1.000732,0.062988,-0.014893,100,100,8,UNCALIBRATED_SENSOR_1,false,CALIBRATION_MISSING,CALIBRATION_MISSING,kx134_single_node_i2c.0.1.0,kx134.v3
kx134.v3,NODE_PROTOTYPE,1,KX134_SENSOR_1,sensor_node_1,D4:E9:F4:E9:8E:1C,20317,203649925,0,0,NA,0,-4114,266,-63,-1.004395,0.064941,-0.015381,100,100,8,UNCALIBRATED_SENSOR_1,false,CALIBRATION_MISSING,CALIBRATION_MISSING,kx134_single_node_i2c.0.1.0,kx134.v3
kx134.v3,NODE_PROTOTYPE,1,KX134_SENSOR_1,sensor_node_1,D4:E9:F4:E9:8E:1C,20318,203659925,0,0,NA,0,-4082,238,-44,-0.996582,0.058105,-0.010742,100,100,8,UNCALIBRATED_SENSOR_1,false,CALIBRATION_MISSING,CALIBRATION_MISSING,kx134_single_node_i2c.0.1.0,kx134.v3
kx134.v3,NODE_PROTOTYPE,1,KX134_SENSOR_1,sensor_node_1,D4:E9:F4:E9:8E:1C,20319,203669924,0,0,NA,0,-4056,206,-35,-0.990234,0.050293,-0.008545,100,100,8,UNCALIBRATED_SENSOR_1,false,CALIBRATION_MISSING,CALIBRATION_MISSING,kx134_single_node_i2c.0.1.0,kx134.v3
kx134.v3,NODE_PROTOTYPE,1,KX134_SENSOR_1,sensor_node_1,D4:E9:F4:E9:8E:1C,20320,203679924,0,0,NA,0,-4066,215,-42,-0.992676,0.052490,-0.010254,100,100,8,UNCALIBRATED_SENSOR_1,false,CALIBRATION_MISSING,CALIBRATION_MISSING,kx134_single_node_i2c.0.1.0,kx134.v3
kx134.v3,NODE_PROTOTYPE,1,KX134_SENSOR_1,sensor_node_1,D4:E9:F4:E9:8E:1C,20321,203689925,0,0,NA,0,-4079,262,-53,-0.995850,0.063965,-0.012939,100,100,8,UNCALIBRATED_SENSOR_1,false,CALIBRATION_MISSING,CALIBRATION_MISSING,kx134_single_node_i2c.0.1.0,kx134.v3
kx134.v3,NODE_PROTOTYPE,1,KX134_SENSOR_1,sensor_node_1,D4:E9:F4:E9:8E:1C,20322,203699925,0,0,NA,0,-4102,279,-59,-1.001465,0.068115,-0.014404,100,100,8,UNCALIBRATED_SENSOR_1,false,CALIBRATION_MISSING,CALIBRATION_MISSING,kx134_single_node_i2c.0.1.0,kx134.v3
kx134.v3,NODE_PROTOTYPE,1,KX134_SENSOR_1,sensor_node_1,D4:E9:F4:E9:8E:1C,20323,203709925,0,0,NA,0,-4121,251,-46,-1.006104,0.061279,-0.011230,100,100,8,UNCALIBRATED_SENSOR_1,false,CALIBRATION_MISSING,CALIBRATION_MISSING,kx134_single_node_i2c.0.1.0,kx134.v3
kx134.v3,NODE_PROTOTYPE,1,KX134_SENSOR_1,sensor_node_1,D4:E9:F4:E9:8E:1C,20324,203719924,0,0,NA,0,-4106,237,-43,-1.002441,0.057861,-0.010498,100,100,8,UNCALIBRATED_SENSOR_1,false,CALIBRATION_MISSING,CALIBRATION_MISSING,kx134_single_node_i2c.0.1.0,kx134.v3
kx134.v3,NODE_PROTOTYPE,1,KX134_SENSOR_1,sensor_node_1,D4:E9:F4:E9:8E:1C,20325,203729924,0,0,NA,0,-4097,258,-68,-1.000244,0.062988,-0.016602,100,100,8,UNCALIBRATED_SENSOR_1,false,CALIBRATION_MISSING,CALIBRATION_MISSING,kx134_single_node_i2c.0.1.0,kx134.v3
kx134.v3,NODE_PROTOTYPE,1,KX134_SENSOR_1,sensor_node_1,D4:E9:F4:E9:8E:1C,20326,203739924,0,0,NA,0,-4120,269,-82,-1.005859,0.065674,-0.020020,100,100,8,UNCALIBRATED_SENSOR_1,false,CALIBRATION_MISSING,CALIBRATION_MISSING,kx134_single_node_i2c.0.1.0,kx134.v3
kx134.v3,NODE_PROTOTYPE,1,KX134_SENSOR_1,sensor_node_1,D4:E9:F4:E9:8E:1C,20327,203749925,0,0,NA,0,-4141,273,-79,-1.010986,0.066650,-0.019287,100,100,8,UNCALIBRATED_SENSOR_1,false,CALIBRATION_MISSING,CALIBRATION_MISSING,kx134_single_node_i2c.0.1.0,kx134.v3
kx134.v3,NODE_PROTOTYPE,1,KX134_SENSOR_1,sensor_node_1,D4:E9:F4:E9:8E:1C,20328,203759925,0,0,NA,0,-4134,281,-80,-1.009277,0.068604,-0.019531,100,100,8,UNCALIBRATED_SENSOR_1,false,CALIBRATION_MISSING,CALIBRATION_MISSING,kx134_single_node_i2c.0.1.0,kx134.v3
kx134.v3,NODE_PROTOTYPE,1,KX134_SENSOR_1,sensor_node_1,D4:E9:F4:E9:8E:1C,20329,203769925,0,0,NA,0,-4100,292,-68,-1.000977,0.071289,-0.016602,100,100,8,UNCALIBRATED_SENSOR_1,false,CALIBRATION_MISSING,CALIBRATION_MISSING,kx134_single_node_i2c.0.1.0,kx134.v3
kx134.v3,NODE_PROTOTYPE,1,KX134_SENSOR_1,sensor_node_1,D4:E9:F4:E9:8E:1C,20330,203779924,0,0,NA,0,-4088,317,-76,-0.998047,0.077393,-0.018555,100,100,8,UNCALIBRATED_SENSOR_1,false,CALIBRATION_MISSING,CALIBRATION_MISSING,kx134_single_node_i2c.0.1.0,kx134.v3
kx134.v3,NODE_PROTOTYPE,1,KX134_SENSOR_1,sensor_node_1,D4:E9:F4:E9:8E:1C,20331,203789925,0,0,NA,0,-4087,306,-69,-0.997803,0.074707,-0.016846,100,100,8,UNCALIBRATED_SENSOR_1,false,CALIBRATION_MISSING,CALIBRATION_MISSING,kx134_single_node_i2c.0.1.0,kx134.v3
kx134.v3,NODE_PROTOTYPE,1,KX134_SENSOR_1,sensor_node_1,D4:E9:F4:E9:8E:1C,20332,203799925,0,0,NA,0,-4102,290,-66,-1.001465,0.070801,-0.016113,100,100,8,UNCALIBRATED_SENSOR_1,false,CALIBRATION_MISSING,CALIBRATION_MISSING,kx134_single_node_i2c.0.1.0,kx134.v3
kx134.v3,NODE_PROTOTYPE,1,KX134_SENSOR_1,sensor_node_1,D4:E9:F4:E9:8E:1C,20333,203809925,0,0,NA,0,-4098,308,-94,-1.000488,0.075195,-0.022949,100,100,8,UNCALIBRATED_SENSOR_1,false,CALIBRATION_MISSING,CALIBRATION_MISSING,kx134_single_node_i2c.0.1.0,kx134.v3
kx134.v3,NODE_PROTOTYPE,1,KX134_SENSOR_1,sensor_node_1,D4:E9:F4:E9:8E:1C,20334,203819925,0,0,NA,0,-4097,300,-93,-1.000244,0.073242,-0.022705,100,100,8,UNCALIBRATED_SENSOR_1,false,CALIBRATION_MISSING,CALIBRATION_MISSING,kx134_single_node_i2c.0.1.0,kx134.v3
kx134.v3,NODE_PROTOTYPE,1,KX134_SENSOR_1,sensor_node_1,D4:E9:F4:E9:8E:1C,20335,203829924,0,0,NA,0,-4126,284,-109,-1.007324,0.069336,-0.026611,100,100,8,UNCALIBRATED_SENSOR_1,false,CALIBRATION_MISSING,CALIBRATION_MISSING,kx134_single_node_i2c.0.1.0,kx134.v3
kx134.v3,NODE_PROTOTYPE,1,KX134_SENSOR_1,sensor_node_1,D4:E9:F4:E9:8E:1C,20336,203839924,0,0,NA,0,-4126,299,-121,-1.007324,0.072998,-0.029541,100,100,8,UNCALIBRATED_SENSOR_1,false,CALIBRATION_MISSING,CALIBRATION_MISSING,kx134_single_node_i2c.0.1.0,kx134.v3
kx134.v3,NODE_PROTOTYPE,1,KX134_SENSOR_1,sensor_node_1,D4:E9:F4:E9:8E:1C,20337,203849924,0,0,NA,0,-4111,313,-107,-1.003662,0.076416,-0.026123,100,100,8,UNCALIBRATED_SENSOR_1,false,CALIBRATION_MISSING,CALIBRATION_MISSING,kx134_single_node_i2c.0.1.0,kx134.v3
kx134.v3,NODE_PROTOTYPE,1,KX134_SENSOR_1,sensor_node_1,D4:E9:F4:E9:8E:1C,20338,203859924,0,0,NA,0,-4122,325,-85,-1.006348,0.079346,-0.020752,100,100,8,UNCALIBRATED_SENSOR_1,false,CALIBRATION_MISSING,CALIBRATION_MISSING,kx134_single_node_i2c.0.1.0,kx134.v3
kx134.v3,NODE_PROTOTYPE,1,KX134_SENSOR_1,sensor_node_1,D4:E9:F4:E9:8E:1C,20339,203869925,0,0,NA,0,-4127,302,-67,-1.007568,0.073730,-0.016357,100,100,8,UNCALIBRATED_SENSOR_1,false,CALIBRATION_MISSING,CALIBRATION_MISSING,kx134_single_node_i2c.0.1.0,kx134.v3
kx134.v3,NODE_PROTOTYPE,1,KX134_SENSOR_1,sensor_node_1,D4:E9:F4:E9:8E:1C,20340,203879925,0,0,NA,0,-4109,283,-73,-1.003174,0.069092,-0.017822,100,100,8,UNCALIBRATED_SENSOR_1,false,CALIBRATION_MISSING,CALIBRATION_MISSING,kx134_single_node_i2c.0.1.0,kx134.v3
kx134.v3,NODE_PROTOTYPE,1,KX134_SENSOR_1,sensor_node_1,D4:E9:F4:E9:8E:1C,20341,203889925,0,0,NA,0,-4099,281,-75,-1.000732,0.068604,-0.018311,100,100,8,UNCALIBRATED_SENSOR_1,false,CALIBRATION_MISSING,CALIBRATION_MISSING,kx134_single_node_i2c.0.1.0,kx134.v3
kx134.v3,NODE_PROTOTYPE,1,KX134_SENSOR_1,sensor_node_1,D4:E9:F4:E9:8E:1C,20342,203899924,0,0,NA,0,-4076,263,-76,-0.995117,0.064209,-0.018555,100,100,8,UNCALIBRATED_SENSOR_1,false,CALIBRATION_MISSING,CALIBRATION_MISSING,kx134_single_node_i2c.0.1.0,kx134.v3
kx134.v3,NODE_PROTOTYPE,1,KX134_SENSOR_1,sensor_node_1,D4:E9:F4:E9:8E:1C,20343,203909924,0,0,NA,0,-4058,258,-47,-0.990723,0.062988,-0.011475,100,100,8,UNCALIBRATED_SENSOR_1,false,CALIBRATION_MISSING,CALIBRATION_MISSING,kx134_single_node_i2c.0.1.0,kx134.v3
kx134.v3,NODE_PROTOTYPE,1,KX134_SENSOR_1,sensor_node_1,D4:E9:F4:E9:8E:1C,20344,203919925,0,0,NA,0,-4074,261,-39,-0.994629,0.063721,-0.009521,100,100,8,UNCALIBRATED_SENSOR_1,false,CALIBRATION_MISSING,CALIBRATION_MISSING,kx134_single_node_i2c.0.1.0,kx134.v3
kx134.v3,NODE_PROTOTYPE,1,KX134_SENSOR_1,sensor_node_1,D4:E9:F4:E9:8E:1C,20345,203929925,0,0,NA,0,-4097,272,-55,-1.000244,0.066406,-0.013428,100,100,8,UNCALIBRATED_SENSOR_1,false,CALIBRATION_MISSING,CALIBRATION_MISSING,kx134_single_node_i2c.0.1.0,kx134.v3
kx134.v3,NODE_PROTOTYPE,1,KX134_SENSOR_1,sensor_node_1,D4:E9:F4:E9:8E:1C,20346,203939925,0,0,NA,0,-4111,288,-72,-1.003662,0.070312,-0.017578,100,100,8,UNCALIBRATED_SENSOR_1,false,CALIBRATION_MISSING,CALIBRATION_MISSING,kx134_single_node_i2c.0.1.0,kx134.v3
kx134.v3,NODE_PROTOTYPE,1,KX134_SENSOR_1,sensor_node_1,D4:E9:F4:E9:8E:1C,20347,203949925,0,0,NA,0,-4111,277,-86,-1.003662,0.067627,-0.020996,100,100,8,UNCALIBRATED_SENSOR_1,false,CALIBRATION_MISSING,CALIBRATION_MISSING,kx134_single_node_i2c.0.1.0,kx134.v3
kx134.v3,NODE_PROTOTYPE,1,KX134_SENSOR_1,sensor_node_1,D4:E9:F4:E9:8E:1C,20348,203959925,0,0,NA,0,-4095,240,-74,-0.999756,0.058594,-0.018066,100,100,8,UNCALIBRATED_SENSOR_1,false,CALIBRATION_MISSING,CALIBRATION_MISSING,kx134_single_node_i2c.0.1.0,kx134.v3
kx134.v3,NODE_PROTOTYPE,1,KX134_SENSOR_1,sensor_node_1,D4:E9:F4:E9:8E:1C,20349,203969925,0,0,NA,0,-4107,237,-68,-1.002686,0.057861,-0.016602,100,100,8,UNCALIBRATED_SENSOR_1,false,CALIBRATION_MISSING,CALIBRATION_MISSING,kx134_single_node_i2c.0.1.0,kx134.v3
kx134.v3,NODE_PROTOTYPE,1,KX134_SENSOR_1,sensor_node_1,D4:E9:F4:E9:8E:1C,20350,203979925,0,0,NA,0,-4114,288,-67,-1.004395,0.070312,-0.016357,100,100,8,UNCALIBRATED_SENSOR_1,false,CALIBRATION_MISSING,CALIBRATION_MISSING,kx134_single_node_i2c.0.1.0,kx134.v3
kx134.v3,NODE_PROTOTYPE,1,KX134_SENSOR_1,sensor_node_1,D4:E9:F4:E9:8E:1C,20351,203989925,0,0,NA,0,-4085,291,-48,-0.997314,0.071045,-0.011719,100,100,8,UNCALIBRATED_SENSOR_1,false,CALIBRATION_MISSING,CALIBRATION_MISSING,kx134_single_node_i2c.0.1.0,kx134.v3
kx134.v3,NODE_PROTOTYPE,1,KX134_SENSOR_1,sensor_node_1,D4:E9:F4:E9:8E:1C,20352,203999924,0,0,NA,0,-4093,259,-11,-0.999268,0.063232,-0.002686,100,100,8,UNCALIBRATED_SENSOR_1,false,CALIBRATION_MISSING,CALIBRATION_MISSING,kx134_single_node_i2c.0.1.0,kx134.v3
kx134.v3,NODE_PROTOTYPE,1,KX134_SENSOR_1,sensor_node_1,D4:E9:F4:E9:8E:1C,20353,204009924,0,0,NA,0,-4117,298,-8,-1.005127,0.072754,-0.001953,100,100,8,UNCALIBRATED_SENSOR_1,false,CALIBRATION_MISSING,CALIBRATION_MISSING,kx134_single_node_i2c.0.1.0,kx134.v3
kx134.v3,NODE_PROTOTYPE,1,KX134_SENSOR_1,sensor_node_1,D4:E9:F4:E9:8E:1C,20354,204019924,0,0,NA,0,-4098,329,-48,-1.000488,0.080322,-0.011719,100,100,8,UNCALIBRATED_SENSOR_1,false,CALIBRATION_MISSING,CALIBRATION_MISSING,kx134_single_node_i2c.0.1.0,kx134.v3
kx134.v3,NODE_PROTOTYPE,1,KX134_SENSOR_1,sensor_node_1,D4:E9:F4:E9:8E:1C,20355,204029924,0,0,NA,0,-4086,352,-74,-0.997559,0.085937,-0.018066,100,100,8,UNCALIBRATED_SENSOR_1,false,CALIBRATION_MISSING,CALIBRATION_MISSING,kx134_single_node_i2c.0.1.0,kx134.v3
kx134.v3,NODE_PROTOTYPE,1,KX134_SENSOR_1,sensor_node_1,D4:E9:F4:E9:8E:1C,20356,204039925,0,0,NA,0,-4109,336,-58,-1.003174,0.082031,-0.014160,100,100,8,UNCALIBRATED_SENSOR_1,false,CALIBRATION_MISSING,CALIBRATION_MISSING,kx134_single_node_i2c.0.1.0,kx134.v3
kx134.v3,NODE_PROTOTYPE,1,KX134_SENSOR_1,sensor_node_1,D4:E9:F4:E9:8E:1C,20357,204049924,0,0,NA,0,-4126,293,-52,-1.007324,0.071533,-0.012695,100,100,8,UNCALIBRATED_SENSOR_1,false,CALIBRATION_MISSING,CALIBRATION_MISSING,kx134_single_node_i2c.0.1.0,kx134.v3
kx134.v3,NODE_PROTOTYPE,1,KX134_SENSOR_1,sensor_node_1,D4:E9:F4:E9:8E:1C,20358,204059925,0,0,NA,0,-4111,287,-37,-1.003662,0.070068,-0.009033,100,100,8,UNCALIBRATED_SENSOR_1,false,CALIBRATION_MISSING,CALIBRATION_MISSING,kx134_single_node_i2c.0.1.0,kx134.v3
kx134.v3,NODE_PROTOTYPE,1,KX134_SENSOR_1,sensor_node_1,D4:E9:F4:E9:8E:1C,20359,204069925,0,0,NA,0,-4101,280,-33,-1.001221,0.068359,-0.008057,100,100,8,UNCALIBRATED_SENSOR_1,false,CALIBRATION_MISSING,CALIBRATION_MISSING,kx134_single_node_i2c.0.1.0,kx134.v3
kx134.v3,NODE_PROTOTYPE,1,KX134_SENSOR_1,sensor_node_1,D4:E9:F4:E9:8E:1C,20360,204079925,0,0,NA,0,-4095,299,-40,-0.999756,0.072998,-0.009766,100,100,8,UNCALIBRATED_SENSOR_1,false,CALIBRATION_MISSING,CALIBRATION_MISSING,kx134_single_node_i2c.0.1.0,kx134.v3
kx134.v3,NODE_PROTOTYPE,1,KX134_SENSOR_1,sensor_node_1,D4:E9:F4:E9:8E:1C,20361,204089925,0,0,NA,0,-4051,285,-46,-0.989014,0.069580,-0.011230,100,100,8,UNCALIBRATED_SENSOR_1,false,CALIBRATION_MISSING,CALIBRATION_MISSING,kx134_single_node_i2c.0.1.0,kx134.v3
kx134.v3,NODE_PROTOTYPE,1,KX134_SENSOR_1,sensor_node_1,D4:E9:F4:E9:8E:1C,20362,204099925,0,0,NA,0,-4027,256,-75,-0.983154,0.062500,-0.018311,100,100,8,UNCALIBRATED_SENSOR_1,false,CALIBRATION_MISSING,CALIBRATION_MISSING,kx134_single_node_i2c.0.1.0,kx134.v3
kx134.v3,NODE_PROTOTYPE,1,KX134_SENSOR_1,sensor_node_1,D4:E9:F4:E9:8E:1C,20363,204109925,0,0,NA,0,-4074,273,-79,-0.994629,0.066650,-0.019287,100,100,8,UNCALIBRATED_SENSOR_1,false,CALIBRATION_MISSING,CALIBRATION_MISSING,kx134_single_node_i2c.0.1.0,kx134.v3
kx134.v3,NODE_PROTOTYPE,1,KX134_SENSOR_1,sensor_node_1,D4:E9:F4:E9:8E:1C,20364,204119924,0,0,NA,0,-4099,278,-72,-1.000732,0.067871,-0.017578,100,100,8,UNCALIBRATED_SENSOR_1,false,CALIBRATION_MISSING,CALIBRATION_MISSING,kx134_single_node_i2c.0.1.0,kx134.v3
kx134.v3,NODE_PROTOTYPE,1,KX134_SENSOR_1,sensor_node_1,D4:E9:F4:E9:8E:1C,20365,204129925,0,0,NA,0,-4088,272,-74,-0.998047,0.066406,-0.018066,100,100,8,UNCALIBRATED_SENSOR_1,false,CALIBRATION_MISSING,CALIBRATION_MISSING,kx134_single_node_i2c.0.1.0,kx134.v3
kx134.v3,NODE_PROTOTYPE,1,KX134_SENSOR_1,sensor_node_1,D4:E9:F4:E9:8E:1C,20366,204139925,0,0,NA,0,-4084,291,-101,-0.997070,0.071045,-0.024658,100,100,8,UNCALIBRATED_SENSOR_1,false,CALIBRATION_MISSING,CALIBRATION_MISSING,kx134_single_node_i2c.0.1.0,kx134.v3
kx134.v3,NODE_PROTOTYPE,1,KX134_SENSOR_1,sensor_node_1,D4:E9:F4:E9:8E:1C,20367,204149925,0,0,NA,0,-4068,318,-104,-0.993164,0.077637,-0.025391,100,100,8,UNCALIBRATED_SENSOR_1,false,CALIBRATION_MISSING,CALIBRATION_MISSING,kx134_single_node_i2c.0.1.0,kx134.v3
kx134.v3,NODE_PROTOTYPE,1,KX134_SENSOR_1,sensor_node_1,D4:E9:F4:E9:8E:1C,20368,204159924,0,0,NA,0,-4067,342,-76,-0.992920,0.083496,-0.018555,100,100,8,UNCALIBRATED_SENSOR_1,false,CALIBRATION_MISSING,CALIBRATION_MISSING,kx134_single_node_i2c.0.1.0,kx134.v3
kx134.v3,NODE_PROTOTYPE,1,KX134_SENSOR_1,sensor_node_1,D4:E9:F4:E9:8E:1C,20369,204169925,0,0,NA,0,-4088,340,-89,-0.998047,0.083008,-0.021729,100,100,8,UNCALIBRATED_SENSOR_1,false,CALIBRATION_MISSING,CALIBRATION_MISSING,kx134_single_node_i2c.0.1.0,kx134.v3
kx134.v3,NODE_PROTOTYPE,1,KX134_SENSOR_1,sensor_node_1,D4:E9:F4:E9:8E:1C,20370,204179924,0,0,NA,0,-4086,300,-121,-0.997559,0.073242,-0.029541,100,100,8,UNCALIBRATED_SENSOR_1,false,CALIBRATION_MISSING,CALIBRATION_MISSING,kx134_single_node_i2c.0.1.0,kx134.v3
kx134.v3,NODE_PROTOTYPE,1,KX134_SENSOR_1,sensor_node_1,D4:E9:F4:E9:8E:1C,20371,204189925,0,0,NA,0,-4082,272,-117,-0.996582,0.066406,-0.028564,100,100,8,UNCALIBRATED_SENSOR_1,false,CALIBRATION_MISSING,CALIBRATION_MISSING,kx134_single_node_i2c.0.1.0,kx134.v3
kx134.v3,NODE_PROTOTYPE,1,KX134_SENSOR_1,sensor_node_1,D4:E9:F4:E9:8E:1C,20372,204199925,0,0,NA,0,-4097,282,-96,-1.000244,0.068848,-0.023437,100,100,8,UNCALIBRATED_SENSOR_1,false,CALIBRATION_MISSING,CALIBRATION_MISSING,kx134_single_node_i2c.0.1.0,kx134.v3
kx134.v3,NODE_PROTOTYPE,1,KX134_SENSOR_1,sensor_node_1,D4:E9:F4:E9:8E:1C,20373,204209925,0,0,NA,0,-4106,294,-74,-1.002441,0.071777,-0.018066,100,100,8,UNCALIBRATED_SENSOR_1,false,CALIBRATION_MISSING,CALIBRATION_MISSING,kx134_single_node_i2c.0.1.0,kx134.v3
kx134.v3,NODE_PROTOTYPE,1,KX134_SENSOR_1,sensor_node_1,D4:E9:F4:E9:8E:1C,20374,204219925,0,0,NA,0,-4078,297,-70,-0.995605,0.072510,-0.017090,100,100,8,UNCALIBRATED_SENSOR_1,false,CALIBRATION_MISSING,CALIBRATION_MISSING,kx134_single_node_i2c.0.1.0,kx134.v3
kx134.v3,NODE_PROTOTYPE,1,KX134_SENSOR_1,sensor_node_1,D4:E9:F4:E9:8E:1C,20375,204229925,0,0,NA,0,-4057,275,-70,-0.990479,0.067139,-0.017090,100,100,8,UNCALIBRATED_SENSOR_1,false,CALIBRATION_MISSING,CALIBRATION_MISSING,kx134_single_node_i2c.0.1.0,kx134.v3
kx134.v3,NODE_PROTOTYPE,1,KX134_SENSOR_1,sensor_node_1,D4:E9:F4:E9:8E:1C,20376,204239924,0,0,NA,0,-4073,274,-89,-0.994385,0.066895,-0.021729,100,100,8,UNCALIBRATED_SENSOR_1,false,CALIBRATION_MISSING,CALIBRATION_MISSING,kx134_single_node_i2c.0.1.0,kx134.v3
kx134.v3,NODE_PROTOTYPE,1,KX134_SENSOR_1,sensor_node_1,D4:E9:F4:E9:8E:1C,20377,204249924,0,0,NA,0,-4073,294,-121,-0.994385,0.071777,-0.029541,100,100,8,UNCALIBRATED_SENSOR_1,false,CALIBRATION_MISSING,CALIBRATION_MISSING,kx134_single_node_i2c.0.1.0,kx134.v3
kx134.v3,NODE_PROTOTYPE,1,KX134_SENSOR_1,sensor_node_1,D4:E9:F4:E9:8E:1C,20378,204259924,0,0,NA,0,-4081,281,-81,-0.996338,0.068604,-0.019775,100,100,8,UNCALIBRATED_SENSOR_1,false,CALIBRATION_MISSING,CALIBRATION_MISSING,kx134_single_node_i2c.0.1.0,kx134.v3
kx134.v3,NODE_PROTOTYPE,1,KX134_SENSOR_1,sensor_node_1,D4:E9:F4:E9:8E:1C,20379,204269925,0,0,NA,0,-4098,274,-46,-1.000488,0.066895,-0.011230,100,100,8,UNCALIBRATED_SENSOR_1,false,CALIBRATION_MISSING,CALIBRATION_MISSING,kx134_single_node_i2c.0.1.0,kx134.v3
kx134.v3,NODE_PROTOTYPE,1,KX134_SENSOR_1,sensor_node_1,D4:E9:F4:E9:8E:1C,20380,204279924,0,0,NA,0,-4076,286,-58,-0.995117,0.069824,-0.014160,100,100,8,UNCALIBRATED_SENSOR_1,false,CALIBRATION_MISSING,CALIBRATION_MISSING,kx134_single_node_i2c.0.1.0,kx134.v3
kx134.v3,NODE_PROTOTYPE,1,KX134_SENSOR_1,sensor_node_1,D4:E9:F4:E9:8E:1C,20381,204289924,0,0,NA,0,-4068,300,-68,-0.993164,0.073242,-0.016602,100,100,8,UNCALIBRATED_SENSOR_1,false,CALIBRATION_MISSING,CALIBRATION_MISSING,kx134_single_node_i2c.0.1.0,kx134.v3
kx134.v3,NODE_PROTOTYPE,1,KX134_SENSOR_1,sensor_node_1,D4:E9:F4:E9:8E:1C,20382,204299925,0,0,NA,0,-4098,304,-64,-1.000488,0.074219,-0.015625,100,100,8,UNCALIBRATED_SENSOR_1,false,CALIBRATION_MISSING,CALIBRATION_MISSING,kx134_single_node_i2c.0.1.0,kx134.v3
kx134.v3,NODE_PROTOTYPE,1,KX134_SENSOR_1,sensor_node_1,D4:E9:F4:E9:8E:1C,20383,204309925,0,0,NA,0,-4085,298,-73,-0.997314,0.072754,-0.017822,100,100,8,UNCALIBRATED_SENSOR_1,false,CALIBRATION_MISSING,CALIBRATION_MISSING,kx134_single_node_i2c.0.1.0,kx134.v3
kx134.v3,NODE_PROTOTYPE,1,KX134_SENSOR_1,sensor_node_1,D4:E9:F4:E9:8E:1C,20384,204319924,0,0,NA,0,-4082,321,-128,-0.996582,0.078369,-0.031250,100,100,8,UNCALIBRATED_SENSOR_1,false,CALIBRATION_MISSING,CALIBRATION_MISSING,kx134_single_node_i2c.0.1.0,kx134.v3
kx134.v3,NODE_PROTOTYPE,1,KX134_SENSOR_1,sensor_node_1,D4:E9:F4:E9:8E:1C,20385,204329925,0,0,NA,0,-4098,329,-127,-1.000488,0.080322,-0.031006,100,100,8,UNCALIBRATED_SENSOR_1,false,CALIBRATION_MISSING,CALIBRATION_MISSING,kx134_single_node_i2c.0.1.0,kx134.v3
kx134.v3,NODE_PROTOTYPE,1,KX134_SENSOR_1,sensor_node_1,D4:E9:F4:E9:8E:1C,20386,204339924,0,0,NA,0,-4098,298,-69,-1.000488,0.072754,-0.016846,100,100,8,UNCALIBRATED_SENSOR_1,false,CALIBRATION_MISSING,CALIBRATION_MISSING,kx134_single_node_i2c.0.1.0,kx134.v3
kx134.v3,NODE_PROTOTYPE,1,KX134_SENSOR_1,sensor_node_1,D4:E9:F4:E9:8E:1C,20387,204349925,0,0,NA,0,-4097,288,-69,-1.000244,0.070312,-0.016846,100,100,8,UNCALIBRATED_SENSOR_1,false,CALIBRATION_MISSING,CALIBRATION_MISSING,kx134_single_node_i2c.0.1.0,kx134.v3
kx134.v3,NODE_PROTOTYPE,1,KX134_SENSOR_1,sensor_node_1,D4:E9:F4:E9:8E:1C,20388,204359925,0,0,NA,0,-4108,376,-144,-1.002930,0.091797,-0.035156,100,100,8,UNCALIBRATED_SENSOR_1,false,CALIBRATION_MISSING,CALIBRATION_MISSING,kx134_single_node_i2c.0.1.0,kx134.v3
kx134.v3,NODE_PROTOTYPE,1,KX134_SENSOR_1,sensor_node_1,D4:E9:F4:E9:8E:1C,20389,204369925,0,0,NA,0,-4152,469,-207,-1.013672,0.114502,-0.050537,100,100,8,UNCALIBRATED_SENSOR_1,false,CALIBRATION_MISSING,CALIBRATION_MISSING,kx134_single_node_i2c.0.1.0,kx134.v3
kx134.v3,NODE_PROTOTYPE,1,KX134_SENSOR_1,sensor_node_1,D4:E9:F4:E9:8E:1C,20390,204379925,0,0,NA,0,-4152,469,-207,-1.013672,0.114502,-0.050537,100,100,8,UNCALIBRATED_SENSOR_1,false,CALIBRATION_MISSING,CALIBRATION_MISSING,kx134_single_node_i2c.0.1.0,kx134.v3
kx134.v3,NODE_PROTOTYPE,1,KX134_SENSOR_1,sensor_node_1,D4:E9:F4:E9:8E:1C,20391,204389925,0,0,NA,0,-4049,372,-106,-0.988525,0.090820,-0.025879,100,100,8,UNCALIBRATED_SENSOR_1,false,CALIBRATION_MISSING,CALIBRATION_MISSING,kx134_single_node_i2c.0.1.0,kx134.v3
kx134.v3,NODE_PROTOTYPE,1,KX134_SENSOR_1,sensor_node_1,D4:E9:F4:E9:8E:1C,20392,204399925,0,0,NA,0,-4082,331,-49,-0.996582,0.080811,-0.011963,100,100,8,UNCALIBRATED_SENSOR_1,false,CALIBRATION_MISSING,CALIBRATION_MISSING,kx134_single_node_i2c.0.1.0,kx134.v3
kx134.v3,NODE_PROTOTYPE,1,KX134_SENSOR_1,sensor_node_1,D4:E9:F4:E9:8E:1C,20393,204409924,0,0,NA,0,-4212,395,-31,-1.028320,0.096436,-0.007568,100,100,8,UNCALIBRATED_SENSOR_1,false,CALIBRATION_MISSING,CALIBRATION_MISSING,kx134_single_node_i2c.0.1.0,kx134.v3
kx134.v3,NODE_PROTOTYPE,1,KX134_SENSOR_1,sensor_node_1,D4:E9:F4:E9:8E:1C,20394,204419924,0,0,NA,0,-4124,298,18,-1.006836,0.072754,0.004395,100,100,8,UNCALIBRATED_SENSOR_1,false,CALIBRATION_MISSING,CALIBRATION_MISSING,kx134_single_node_i2c.0.1.0,kx134.v3
kx134.v3,NODE_PROTOTYPE,1,KX134_SENSOR_1,sensor_node_1,D4:E9:F4:E9:8E:1C,20395,204429924,0,0,NA,0,-4043,188,-61,-0.987061,0.045898,-0.014893,100,100,8,UNCALIBRATED_SENSOR_1,false,CALIBRATION_MISSING,CALIBRATION_MISSING,kx134_single_node_i2c.0.1.0,kx134.v3
kx134.v3,NODE_PROTOTYPE,1,KX134_SENSOR_1,sensor_node_1,D4:E9:F4:E9:8E:1C,20396,204439925,0,0,NA,0,-4031,240,-40,-0.984131,0.058594,-0.009766,100,100,8,UNCALIBRATED_SENSOR_1,false,CALIBRATION_MISSING,CALIBRATION_MISSING,kx134_single_node_i2c.0.1.0,kx134.v3
kx134.v3,NODE_PROTOTYPE,1,KX134_SENSOR_1,sensor_node_1,D4:E9:F4:E9:8E:1C,20397,204449925,0,0,NA,0,-4080,261,22,-0.996094,0.063721,0.005371,100,100,8,UNCALIBRATED_SENSOR_1,false,CALIBRATION_MISSING,CALIBRATION_MISSING,kx134_single_node_i2c.0.1.0,kx134.v3
kx134.v3,NODE_PROTOTYPE,1,KX134_SENSOR_1,sensor_node_1,D4:E9:F4:E9:8E:1C,20398,204459924,0,0,NA,0,-4103,236,-23,-1.001709,0.057617,-0.005615,100,100,8,UNCALIBRATED_SENSOR_1,false,CALIBRATION_MISSING,CALIBRATION_MISSING,kx134_single_node_i2c.0.1.0,kx134.v3
kx134.v3,NODE_PROTOTYPE,1,KX134_SENSOR_1,sensor_node_1,D4:E9:F4:E9:8E:1C,20399,204469924,0,0,NA,0,-4113,267,-48,-1.004150,0.065186,-0.011719,100,100,8,UNCALIBRATED_SENSOR_1,false,CALIBRATION_MISSING,CALIBRATION_MISSING,kx134_single_node_i2c.0.1.0,kx134.v3
kx134.v3,NODE_PROTOTYPE,1,KX134_SENSOR_1,sensor_node_1,D4:E9:F4:E9:8E:1C,20400,204479924,0,0,NA,0,-4136,264,-68,-1.009766,0.064453,-0.016602,100,100,8,UNCALIBRATED_SENSOR_1,false,CALIBRATION_MISSING,CALIBRATION_MISSING,kx134_single_node_i2c.0.1.0,kx134.v3
kx134.v3,NODE_PROTOTYPE,1,KX134_SENSOR_1,sensor_node_1,D4:E9:F4:E9:8E:1C,20401,204489925,0,0,NA,0,-4128,275,-94,-1.007813,0.067139,-0.022949,100,100,8,UNCALIBRATED_SENSOR_1,false,CALIBRATION_MISSING,CALIBRATION_MISSING,kx134_single_node_i2c.0.1.0,kx134.v3
kx134.v3,NODE_PROTOTYPE,1,KX134_SENSOR_1,sensor_node_1,D4:E9:F4:E9:8E:1C,20402,204499924,0,0,NA,0,-4088,286,-96,-0.998047,0.069824,-0.023437,100,100,8,UNCALIBRATED_SENSOR_1,false,CALIBRATION_MISSING,CALIBRATION_MISSING,kx134_single_node_i2c.0.1.0,kx134.v3
kx134.v3,NODE_PROTOTYPE,1,KX134_SENSOR_1,sensor_node_1,D4:E9:F4:E9:8E:1C,20403,204509924,0,0,NA,0,-4044,255,-71,-0.987305,0.062256,-0.017334,100,100,8,UNCALIBRATED_SENSOR_1,false,CALIBRATION_MISSING,CALIBRATION_MISSING,kx134_single_node_i2c.0.1.0,kx134.v3
kx134.v3,NODE_PROTOTYPE,1,KX134_SENSOR_1,sensor_node_1,D4:E9:F4:E9:8E:1C,20404,204519925,0,0,NA,0,-4036,211,-61,-0.985352,0.051514,-0.014893,100,100,8,UNCALIBRATED_SENSOR_1,false,CALIBRATION_MISSING,CALIBRATION_MISSING,kx134_single_node_i2c.0.1.0,kx134.v3
kx134.v3,NODE_PROTOTYPE,1,KX134_SENSOR_1,sensor_node_1,D4:E9:F4:E9:8E:1C,20405,204529925,0,0,NA,0,-4048,231,-77,-0.988281,0.056396,-0.018799,100,100,8,UNCALIBRATED_SENSOR_1,false,CALIBRATION_MISSING,CALIBRATION_MISSING,kx134_single_node_i2c.0.1.0,kx134.v3
kx134.v3,NODE_PROTOTYPE,1,KX134_SENSOR_1,sensor_node_1,D4:E9:F4:E9:8E:1C,20406,204539925,0,0,NA,0,-4070,297,-85,-0.993652,0.072510,-0.020752,100,100,8,UNCALIBRATED_SENSOR_1,false,CALIBRATION_MISSING,CALIBRATION_MISSING,kx134_single_node_i2c.0.1.0,kx134.v3
kx134.v3,NODE_PROTOTYPE,1,KX134_SENSOR_1,sensor_node_1,D4:E9:F4:E9:8E:1C,20407,204549924,0,0,NA,0,-4097,313,-77,-1.000244,0.076416,-0.018799,100,100,8,UNCALIBRATED_SENSOR_1,false,CALIBRATION_MISSING,CALIBRATION_MISSING,kx134_single_node_i2c.0.1.0,kx134.v3
kx134.v3,NODE_PROTOTYPE,1,KX134_SENSOR_1,sensor_node_1,D4:E9:F4:E9:8E:1C,20408,204559924,0,0,NA,0,-4134,298,-103,-1.009277,0.072754,-0.025146,100,100,8,UNCALIBRATED_SENSOR_1,false,CALIBRATION_MISSING,CALIBRATION_MISSING,kx134_single_node_i2c.0.1.0,kx134.v3
kx134.v3,NODE_PROTOTYPE,1,KX134_SENSOR_1,sensor_node_1,D4:E9:F4:E9:8E:1C,20409,204569924,0,0,NA,0,-4173,294,-128,-1.018799,0.071777,-0.031250,100,100,8,UNCALIBRATED_SENSOR_1,false,CALIBRATION_MISSING,CALIBRATION_MISSING,kx134_single_node_i2c.0.1.0,kx134.v3
kx134.v3,NODE_PROTOTYPE,1,KX134_SENSOR_1,sensor_node_1,D4:E9:F4:E9:8E:1C,20410,204579924,0,0,NA,0,-4151,301,-84,-1.013428,0.073486,-0.020508,100,100,8,UNCALIBRATED_SENSOR_1,false,CALIBRATION_MISSING,CALIBRATION_MISSING,kx134_single_node_i2c.0.1.0,kx134.v3
kx134.v3,NODE_PROTOTYPE,1,KX134_SENSOR_1,sensor_node_1,D4:E9:F4:E9:8E:1C,20411,204589925,0,0,NA,0,-4112,288,-55,-1.003906,0.070312,-0.013428,100,100,8,UNCALIBRATED_SENSOR_1,false,CALIBRATION_MISSING,CALIBRATION_MISSING,kx134_single_node_i2c.0.1.0,kx134.v3
kx134.v3,NODE_PROTOTYPE,1,KX134_SENSOR_1,sensor_node_1,D4:E9:F4:E9:8E:1C,20412,204599924,0,0,NA,0,-4096,277,-46,-1.000000,0.067627,-0.011230,100,100,8,UNCALIBRATED_SENSOR_1,false,CALIBRATION_MISSING,CALIBRATION_MISSING,kx134_single_node_i2c.0.1.0,kx134.v3
kx134.v3,NODE_PROTOTYPE,1,KX134_SENSOR_1,sensor_node_1,D4:E9:F4:E9:8E:1C,20413,204609924,0,0,NA,0,-4073,286,-48,-0.994385,0.069824,-0.011719,100,100,8,UNCALIBRATED_SENSOR_1,false,CALIBRATION_MISSING,CALIBRATION_MISSING,kx134_single_node_i2c.0.1.0,kx134.v3
kx134.v3,NODE_PROTOTYPE,1,KX134_SENSOR_1,sensor_node_1,D4:E9:F4:E9:8E:1C,20414,204619924,0,0,NA,0,-4058,288,-85,-0.990723,0.070312,-0.020752,100,100,8,UNCALIBRATED_SENSOR_1,false,CALIBRATION_MISSING,CALIBRATION_MISSING,kx134_single_node_i2c.0.1.0,kx134.v3
kx134.v3,NODE_PROTOTYPE,1,KX134_SENSOR_1,sensor_node_1,D4:E9:F4:E9:8E:1C,20415,204629925,0,0,NA,0,-4042,294,-83,-0.986816,0.071777,-0.020264,100,100,8,UNCALIBRATED_SENSOR_1,false,CALIBRATION_MISSING,CALIBRATION_MISSING,kx134_single_node_i2c.0.1.0,kx134.v3
kx134.v3,NODE_PROTOTYPE,1,KX134_SENSOR_1,sensor_node_1,D4:E9:F4:E9:8E:1C,20416,204639925,0,0,NA,0,-4047,298,-68,-0.988037,0.072754,-0.016602,100,100,8,UNCALIBRATED_SENSOR_1,false,CALIBRATION_MISSING,CALIBRATION_MISSING,kx134_single_node_i2c.0.1.0,kx134.v3
kx134.v3,NODE_PROTOTYPE,1,KX134_SENSOR_1,sensor_node_1,D4:E9:F4:E9:8E:1C,20417,204649925,0,0,NA,0,-4061,304,-69,-0.991455,0.074219,-0.016846,100,100,8,UNCALIBRATED_SENSOR_1,false,CALIBRATION_MISSING,CALIBRATION_MISSING,kx134_single_node_i2c.0.1.0,kx134.v3
kx134.v3,NODE_PROTOTYPE,1,KX134_SENSOR_1,sensor_node_1,D4:E9:F4:E9:8E:1C,20418,204659925,0,0,NA,0,-4074,303,-88,-0.994629,0.073975,-0.021484,100,100,8,UNCALIBRATED_SENSOR_1,false,CALIBRATION_MISSING,CALIBRATION_MISSING,kx134_single_node_i2c.0.1.0,kx134.v3
kx134.v3,NODE_PROTOTYPE,1,KX134_SENSOR_1,sensor_node_1,D4:E9:F4:E9:8E:1C,20419,204669925,0,0,NA,0,-4069,286,-123,-0.993408,0.069824,-0.030029,100,100,8,UNCALIBRATED_SENSOR_1,false,CALIBRATION_MISSING,CALIBRATION_MISSING,kx134_single_node_i2c.0.1.0,kx134.v3
kx134.v3,NODE_PROTOTYPE,1,KX134_SENSOR_1,sensor_node_1,D4:E9:F4:E9:8E:1C,20420,204679925,0,0,NA,0,-4051,279,-99,-0.989014,0.068115,-0.024170,100,100,8,UNCALIBRATED_SENSOR_1,false,CALIBRATION_MISSING,CALIBRATION_MISSING,kx134_single_node_i2c.0.1.0,kx134.v3
kx134.v3,NODE_PROTOTYPE,1,KX134_SENSOR_1,sensor_node_1,D4:E9:F4:E9:8E:1C,20421,204689925,0,0,NA,0,-4062,268,-59,-0.991699,0.065430,-0.014404,100,100,8,UNCALIBRATED_SENSOR_1,false,CALIBRATION_MISSING,CALIBRATION_MISSING,kx134_single_node_i2c.0.1.0,kx134.v3
kx134.v3,NODE_PROTOTYPE,1,KX134_SENSOR_1,sensor_node_1,D4:E9:F4:E9:8E:1C,20422,204699925,0,0,NA,0,-4089,269,-75,-0.998291,0.065674,-0.018311,100,100,8,UNCALIBRATED_SENSOR_1,false,CALIBRATION_MISSING,CALIBRATION_MISSING,kx134_single_node_i2c.0.1.0,kx134.v3
kx134.v3,NODE_PROTOTYPE,1,KX134_SENSOR_1,sensor_node_1,D4:E9:F4:E9:8E:1C,20423,204709925,0,0,NA,0,-4127,284,-114,-1.007568,0.069336,-0.027832,100,100,8,UNCALIBRATED_SENSOR_1,false,CALIBRATION_MISSING,CALIBRATION_MISSING,kx134_single_node_i2c.0.1.0,kx134.v3
kx134.v3,NODE_PROTOTYPE,1,KX134_SENSOR_1,sensor_node_1,D4:E9:F4:E9:8E:1C,20424,204719925,0,0,NA,0,-4123,286,-131,-1.006592,0.069824,-0.031982,100,100,8,UNCALIBRATED_SENSOR_1,false,CALIBRATION_MISSING,CALIBRATION_MISSING,kx134_single_node_i2c.0.1.0,kx134.v3
kx134.v3,NODE_PROTOTYPE,1,KX134_SENSOR_1,sensor_node_1,D4:E9:F4:E9:8E:1C,20425,204729925,0,0,NA,0,-4090,282,-113,-0.998535,0.068848,-0.027588,100,100,8,UNCALIBRATED_SENSOR_1,false,CALIBRATION_MISSING,CALIBRATION_MISSING,kx134_single_node_i2c.0.1.0,kx134.v3
kx134.v3,NODE_PROTOTYPE,1,KX134_SENSOR_1,sensor_node_1,D4:E9:F4:E9:8E:1C,20426,204739924,0,0,NA,0,-4079,262,-85,-0.995850,0.063965,-0.020752,100,100,8,UNCALIBRATED_SENSOR_1,false,CALIBRATION_MISSING,CALIBRATION_MISSING,kx134_single_node_i2c.0.1.0,kx134.v3
kx134.v3,NODE_PROTOTYPE,1,KX134_SENSOR_1,sensor_node_1,D4:E9:F4:E9:8E:1C,20427,204749924,0,0,NA,0,-4065,255,-79,-0.992432,0.062256,-0.019287,100,100,8,UNCALIBRATED_SENSOR_1,false,CALIBRATION_MISSING,CALIBRATION_MISSING,kx134_single_node_i2c.0.1.0,kx134.v3
kx134.v3,NODE_PROTOTYPE,1,KX134_SENSOR_1,sensor_node_1,D4:E9:F4:E9:8E:1C,20428,204759925,0,0,NA,0,-4062,269,-83,-0.991699,0.065674,-0.020264,100,100,8,UNCALIBRATED_SENSOR_1,false,CALIBRATION_MISSING,CALIBRATION_MISSING,kx134_single_node_i2c.0.1.0,kx134.v3
kx134.v3,NODE_PROTOTYPE,1,KX134_SENSOR_1,sensor_node_1,D4:E9:F4:E9:8E:1C,20429,204769925,0,0,NA,0,-4068,252,-103,-0.993164,0.061523,-0.025146,100,100,8,UNCALIBRATED_SENSOR_1,false,CALIBRATION_MISSING,CALIBRATION_MISSING,kx134_single_node_i2c.0.1.0,kx134.v3
kx134.v3,NODE_PROTOTYPE,1,KX134_SENSOR_1,sensor_node_1,D4:E9:F4:E9:8E:1C,20430,204779925,0,0,NA,0,-4080,222,-116,-0.996094,0.054199,-0.028320,100,100,8,UNCALIBRATED_SENSOR_1,false,CALIBRATION_MISSING,CALIBRATION_MISSING,kx134_single_node_i2c.0.1.0,kx134.v3
kx134.v3,NODE_PROTOTYPE,1,KX134_SENSOR_1,sensor_node_1,D4:E9:F4:E9:8E:1C,20431,204789925,0,0,NA,0,-4085,237,-100,-0.997314,0.057861,-0.024414,100,100,8,UNCALIBRATED_SENSOR_1,false,CALIBRATION_MISSING,CALIBRATION_MISSING,kx134_single_node_i2c.0.1.0,kx134.v3
kx134.v3,NODE_PROTOTYPE,1,KX134_SENSOR_1,sensor_node_1,D4:E9:F4:E9:8E:1C,20432,204799925,0,0,NA,0,-4071,293,-72,-0.993896,0.071533,-0.017578,100,100,8,UNCALIBRATED_SENSOR_1,false,CALIBRATION_MISSING,CALIBRATION_MISSING,kx134_single_node_i2c.0.1.0,kx134.v3
kx134.v3,NODE_PROTOTYPE,1,KX134_SENSOR_1,sensor_node_1,D4:E9:F4:E9:8E:1C,20433,204809925,0,0,NA,0,-4060,294,-54,-0.991211,0.071777,-0.013184,100,100,8,UNCALIBRATED_SENSOR_1,false,CALIBRATION_MISSING,CALIBRATION_MISSING,kx134_single_node_i2c.0.1.0,kx134.v3
kx134.v3,NODE_PROTOTYPE,1,KX134_SENSOR_1,sensor_node_1,D4:E9:F4:E9:8E:1C,20434,204819925,0,0,NA,0,-4057,277,-62,-0.990479,0.067627,-0.015137,100,100,8,UNCALIBRATED_SENSOR_1,false,CALIBRATION_MISSING,CALIBRATION_MISSING,kx134_single_node_i2c.0.1.0,kx134.v3
kx134.v3,NODE_PROTOTYPE,1,KX134_SENSOR_1,sensor_node_1,D4:E9:F4:E9:8E:1C,20435,204829925,0,0,NA,0,-4045,290,-49,-0.987549,0.070801,-0.011963,100,100,8,UNCALIBRATED_SENSOR_1,false,CALIBRATION_MISSING,CALIBRATION_MISSING,kx134_single_node_i2c.0.1.0,kx134.v3
kx134.v3,NODE_PROTOTYPE,1,KX134_SENSOR_1,sensor_node_1,D4:E9:F4:E9:8E:1C,20436,204839925,0,0,NA,0,-4042,286,-52,-0.986816,0.069824,-0.012695,100,100,8,UNCALIBRATED_SENSOR_1,false,CALIBRATION_MISSING,CALIBRATION_MISSING,kx134_single_node_i2c.0.1.0,kx134.v3
kx134.v3,NODE_PROTOTYPE,1,KX134_SENSOR_1,sensor_node_1,D4:E9:F4:E9:8E:1C,20437,204849925,0,0,NA,0,-4073,262,-92,-0.994385,0.063965,-0.022461,100,100,8,UNCALIBRATED_SENSOR_1,false,CALIBRATION_MISSING,CALIBRATION_MISSING,kx134_single_node_i2c.0.1.0,kx134.v3
kx134.v3,NODE_PROTOTYPE,1,KX134_SENSOR_1,sensor_node_1,D4:E9:F4:E9:8E:1C,20438,204859925,0,0,NA,0,-4114,250,-87,-1.004395,0.061035,-0.021240,100,100,8,UNCALIBRATED_SENSOR_1,false,CALIBRATION_MISSING,CALIBRATION_MISSING,kx134_single_node_i2c.0.1.0,kx134.v3
kx134.v3,NODE_PROTOTYPE,1,KX134_SENSOR_1,sensor_node_1,D4:E9:F4:E9:8E:1C,20439,204869925,0,0,NA,0,-4129,275,-79,-1.008057,0.067139,-0.019287,100,100,8,UNCALIBRATED_SENSOR_1,false,CALIBRATION_MISSING,CALIBRATION_MISSING,kx134_single_node_i2c.0.1.0,kx134.v3
kx134.v3,NODE_PROTOTYPE,1,KX134_SENSOR_1,sensor_node_1,D4:E9:F4:E9:8E:1C,20440,204879925,0,0,NA,0,-4102,280,-89,-1.001465,0.068359,-0.021729,100,100,8,UNCALIBRATED_SENSOR_1,false,CALIBRATION_MISSING,CALIBRATION_MISSING,kx134_single_node_i2c.0.1.0,kx134.v3
kx134.v3,NODE_PROTOTYPE,1,KX134_SENSOR_1,sensor_node_1,D4:E9:F4:E9:8E:1C,20441,204889925,0,0,NA,0,-4084,271,-59,-0.997070,0.066162,-0.014404,100,100,8,UNCALIBRATED_SENSOR_1,false,CALIBRATION_MISSING,CALIBRATION_MISSING,kx134_single_node_i2c.0.1.0,kx134.v3
kx134.v3,NODE_PROTOTYPE,1,KX134_SENSOR_1,sensor_node_1,D4:E9:F4:E9:8E:1C,20442,204899924,0,0,NA,0,-4091,263,-40,-0.998779,0.064209,-0.009766,100,100,8,UNCALIBRATED_SENSOR_1,false,CALIBRATION_MISSING,CALIBRATION_MISSING,kx134_single_node_i2c.0.1.0,kx134.v3
kx134.v3,NODE_PROTOTYPE,1,KX134_SENSOR_1,sensor_node_1,D4:E9:F4:E9:8E:1C,20443,204909925,0,0,NA,0,-4083,265,-57,-0.996826,0.064697,-0.013916,100,100,8,UNCALIBRATED_SENSOR_1,false,CALIBRATION_MISSING,CALIBRATION_MISSING,kx134_single_node_i2c.0.1.0,kx134.v3
kx134.v3,NODE_PROTOTYPE,1,KX134_SENSOR_1,sensor_node_1,D4:E9:F4:E9:8E:1C,20444,204919925,0,0,NA,0,-4091,271,-74,-0.998779,0.066162,-0.018066,100,100,8,UNCALIBRATED_SENSOR_1,false,CALIBRATION_MISSING,CALIBRATION_MISSING,kx134_single_node_i2c.0.1.0,kx134.v3
kx134.v3,NODE_PROTOTYPE,1,KX134_SENSOR_1,sensor_node_1,D4:E9:F4:E9:8E:1C,20445,204929925,0,0,NA,0,-4101,274,-97,-1.001221,0.066895,-0.023682,100,100,8,UNCALIBRATED_SENSOR_1,false,CALIBRATION_MISSING,CALIBRATION_MISSING,kx134_single_node_i2c.0.1.0,kx134.v3
kx134.v3,NODE_PROTOTYPE,1,KX134_SENSOR_1,sensor_node_1,D4:E9:F4:E9:8E:1C,20446,204939924,0,0,NA,0,-4077,288,-105,-0.995361,0.070312,-0.025635,100,100,8,UNCALIBRATED_SENSOR_1,false,CALIBRATION_MISSING,CALIBRATION_MISSING,kx134_single_node_i2c.0.1.0,kx134.v3
kx134.v3,NODE_PROTOTYPE,1,KX134_SENSOR_1,sensor_node_1,D4:E9:F4:E9:8E:1C,20447,204949924,0,0,NA,0,-4050,292,-95,-0.988770,0.071289,-0.023193,100,100,8,UNCALIBRATED_SENSOR_1,false,CALIBRATION_MISSING,CALIBRATION_MISSING,kx134_single_node_i2c.0.1.0,kx134.v3
kx134.v3,NODE_PROTOTYPE,1,KX134_SENSOR_1,sensor_node_1,D4:E9:F4:E9:8E:1C,20448,204959925,0,0,NA,0,-4034,291,-86,-0.984863,0.071045,-0.020996,100,100,8,UNCALIBRATED_SENSOR_1,false,CALIBRATION_MISSING,CALIBRATION_MISSING,kx134_single_node_i2c.0.1.0,kx134.v3
kx134.v3,NODE_PROTOTYPE,1,KX134_SENSOR_1,sensor_node_1,D4:E9:F4:E9:8E:1C,20449,204969925,0,0,NA,0,-4033,288,-86,-0.984619,0.070312,-0.020996,100,100,8,UNCALIBRATED_SENSOR_1,false,CALIBRATION_MISSING,CALIBRATION_MISSING,kx134_single_node_i2c.0.1.0,kx134.v3
kx134.v3,NODE_PROTOTYPE,1,KX134_SENSOR_1,sensor_node_1,D4:E9:F4:E9:8E:1C,20450,204979924,0,0,NA,0,-4059,282,-82,-0.990967,0.068848,-0.020020,100,100,8,UNCALIBRATED_SENSOR_1,false,CALIBRATION_MISSING,CALIBRATION_MISSING,kx134_single_node_i2c.0.1.0,kx134.v3
kx134.v3,NODE_PROTOTYPE,1,KX134_SENSOR_1,sensor_node_1,D4:E9:F4:E9:8E:1C,20451,204989925,0,0,NA,0,-4105,301,-111,-1.002197,0.073486,-0.027100,100,100,8,UNCALIBRATED_SENSOR_1,false,CALIBRATION_MISSING,CALIBRATION_MISSING,kx134_single_node_i2c.0.1.0,kx134.v3
kx134.v3,NODE_PROTOTYPE,1,KX134_SENSOR_1,sensor_node_1,D4:E9:F4:E9:8E:1C,20452,204999925,0,0,NA,0,-4119,327,-133,-1.005615,0.079834,-0.032471,100,100,8,UNCALIBRATED_SENSOR_1,false,CALIBRATION_MISSING,CALIBRATION_MISSING,kx134_single_node_i2c.0.1.0,kx134.v3
kx134.v3,NODE_PROTOTYPE,1,KX134_SENSOR_1,sensor_node_1,D4:E9:F4:E9:8E:1C,20453,205009924,0,0,NA,0,-4099,336,-127,-1.000732,0.082031,-0.031006,100,100,8,UNCALIBRATED_SENSOR_1,false,CALIBRATION_MISSING,CALIBRATION_MISSING,kx134_single_node_i2c.0.1.0,kx134.v3
kx134.v3,NODE_PROTOTYPE,1,KX134_SENSOR_1,sensor_node_1,D4:E9:F4:E9:8E:1C,20454,205019924,0,0,NA,0,-4082,327,-137,-0.996582,0.079834,-0.033447,100,100,8,UNCALIBRATED_SENSOR_1,false,CALIBRATION_MISSING,CALIBRATION_MISSING,kx134_single_node_i2c.0.1.0,kx134.v3
kx134.v3,NODE_PROTOTYPE,1,KX134_SENSOR_1,sensor_node_1,D4:E9:F4:E9:8E:1C,20455,205029924,0,0,NA,0,-4063,315,-116,-0.991943,0.076904,-0.028320,100,100,8,UNCALIBRATED_SENSOR_1,false,CALIBRATION_MISSING,CALIBRATION_MISSING,kx134_single_node_i2c.0.1.0,kx134.v3
kx134.v3,NODE_PROTOTYPE,1,KX134_SENSOR_1,sensor_node_1,D4:E9:F4:E9:8E:1C,20456,205039925,0,0,NA,0,-4059,305,-91,-0.990967,0.074463,-0.022217,100,100,8,UNCALIBRATED_SENSOR_1,false,CALIBRATION_MISSING,CALIBRATION_MISSING,kx134_single_node_i2c.0.1.0,kx134.v3
kx134.v3,NODE_PROTOTYPE,1,KX134_SENSOR_1,sensor_node_1,D4:E9:F4:E9:8E:1C,20457,205049925,0,0,NA,0,-4062,290,-70,-0.991699,0.070801,-0.017090,100,100,8,UNCALIBRATED_SENSOR_1,false,CALIBRATION_MISSING,CALIBRATION_MISSING,kx134_single_node_i2c.0.1.0,kx134.v3
kx134.v3,NODE_PROTOTYPE,1,KX134_SENSOR_1,sensor_node_1,D4:E9:F4:E9:8E:1C,20458,205059924,0,0,NA,0,-4073,279,-76,-0.994385,0.068115,-0.018555,100,100,8,UNCALIBRATED_SENSOR_1,false,CALIBRATION_MISSING,CALIBRATION_MISSING,kx134_single_node_i2c.0.1.0,kx134.v3
kx134.v3,NODE_PROTOTYPE,1,KX134_SENSOR_1,sensor_node_1,D4:E9:F4:E9:8E:1C,20459,205069924,0,0,NA,0,-4080,265,-83,-0.996094,0.064697,-0.020264,100,100,8,UNCALIBRATED_SENSOR_1,false,CALIBRATION_MISSING,CALIBRATION_MISSING,kx134_single_node_i2c.0.1.0,kx134.v3
kx134.v3,NODE_PROTOTYPE,1,KX134_SENSOR_1,sensor_node_1,D4:E9:F4:E9:8E:1C,20460,205079924,0,0,NA,0,-4062,235,-59,-0.991699,0.057373,-0.014404,100,100,8,UNCALIBRATED_SENSOR_1,false,CALIBRATION_MISSING,CALIBRATION_MISSING,kx134_single_node_i2c.0.1.0,kx134.v3
kx134.v3,NODE_PROTOTYPE,1,KX134_SENSOR_1,sensor_node_1,D4:E9:F4:E9:8E:1C,20461,205089925,0,0,NA,0,-4070,224,-55,-0.993652,0.054687,-0.013428,100,100,8,UNCALIBRATED_SENSOR_1,false,CALIBRATION_MISSING,CALIBRATION_MISSING,kx134_single_node_i2c.0.1.0,kx134.v3
kx134.v3,NODE_PROTOTYPE,1,KX134_SENSOR_1,sensor_node_1,D4:E9:F4:E9:8E:1C,20462,205099925,0,0,NA,0,-4089,247,-69,-0.998291,0.060303,-0.016846,100,100,8,UNCALIBRATED_SENSOR_1,false,CALIBRATION_MISSING,CALIBRATION_MISSING,kx134_single_node_i2c.0.1.0,kx134.v3
kx134.v3,NODE_PROTOTYPE,1,KX134_SENSOR_1,sensor_node_1,D4:E9:F4:E9:8E:1C,20463,205109925,0,0,NA,0,-4094,264,-76,-0.999512,0.064453,-0.018555,100,100,8,UNCALIBRATED_SENSOR_1,false,CALIBRATION_MISSING,CALIBRATION_MISSING,kx134_single_node_i2c.0.1.0,kx134.v3
kx134.v3,NODE_PROTOTYPE,1,KX134_SENSOR_1,sensor_node_1,D4:E9:F4:E9:8E:1C,20464,205119925,0,0,NA,0,-4086,264,-73,-0.997559,0.064453,-0.017822,100,100,8,UNCALIBRATED_SENSOR_1,false,CALIBRATION_MISSING,CALIBRATION_MISSING,kx134_single_node_i2c.0.1.0,kx134.v3
kx134.v3,NODE_PROTOTYPE,1,KX134_SENSOR_1,sensor_node_1,D4:E9:F4:E9:8E:1C,20465,205129925,0,0,NA,0,-4105,265,-77,-1.002197,0.064697,-0.018799,100,100,8,UNCALIBRATED_SENSOR_1,false,CALIBRATION_MISSING,CALIBRATION_MISSING,kx134_single_node_i2c.0.1.0,kx134.v3
kx134.v3,NODE_PROTOTYPE,1,KX134_SENSOR_1,sensor_node_1,D4:E9:F4:E9:8E:1C,20466,205139925,0,0,NA,0,-4112,296,-77,-1.003906,0.072266,-0.018799,100,100,8,UNCALIBRATED_SENSOR_1,false,CALIBRATION_MISSING,CALIBRATION_MISSING,kx134_single_node_i2c.0.1.0,kx134.v3
kx134.v3,NODE_PROTOTYPE,1,KX134_SENSOR_1,sensor_node_1,D4:E9:F4:E9:8E:1C,20467,205149925,0,0,NA,0,-4104,299,-73,-1.001953,0.072998,-0.017822,100,100,8,UNCALIBRATED_SENSOR_1,false,CALIBRATION_MISSING,CALIBRATION_MISSING,kx134_single_node_i2c.0.1.0,kx134.v3
kx134.v3,NODE_PROTOTYPE,1,KX134_SENSOR_1,sensor_node_1,D4:E9:F4:E9:8E:1C,20468,205159925,0,0,NA,0,-4122,272,-81,-1.006348,0.066406,-0.019775,100,100,8,UNCALIBRATED_SENSOR_1,false,CALIBRATION_MISSING,CALIBRATION_MISSING,kx134_single_node_i2c.0.1.0,kx134.v3
kx134.v3,NODE_PROTOTYPE,1,KX134_SENSOR_1,sensor_node_1,D4:E9:F4:E9:8E:1C,20469,205169925,0,0,NA,0,-4116,259,-91,-1.004883,0.063232,-0.022217,100,100,8,UNCALIBRATED_SENSOR_1,false,CALIBRATION_MISSING,CALIBRATION_MISSING,kx134_single_node_i2c.0.1.0,kx134.v3
kx134.v3,NODE_PROTOTYPE,1,KX134_SENSOR_1,sensor_node_1,D4:E9:F4:E9:8E:1C,20470,205179925,0,0,NA,0,-4098,255,-75,-1.000488,0.062256,-0.018311,100,100,8,UNCALIBRATED_SENSOR_1,false,CALIBRATION_MISSING,CALIBRATION_MISSING,kx134_single_node_i2c.0.1.0,kx134.v3
kx134.v3,NODE_PROTOTYPE,1,KX134_SENSOR_1,sensor_node_1,D4:E9:F4:E9:8E:1C,20471,205189925,0,0,NA,0,-4119,271,-52,-1.005615,0.066162,-0.012695,100,100,8,UNCALIBRATED_SENSOR_1,false,CALIBRATION_MISSING,CALIBRATION_MISSING,kx134_single_node_i2c.0.1.0,kx134.v3
kx134.v3,NODE_PROTOTYPE,1,KX134_SENSOR_1,sensor_node_1,D4:E9:F4:E9:8E:1C,20472,205199925,0,0,NA,0,-4133,293,-56,-1.009033,0.071533,-0.013672,100,100,8,UNCALIBRATED_SENSOR_1,false,CALIBRATION_MISSING,CALIBRATION_MISSING,kx134_single_node_i2c.0.1.0,kx134.v3
kx134.v3,NODE_PROTOTYPE,1,KX134_SENSOR_1,sensor_node_1,D4:E9:F4:E9:8E:1C,20473,205209925,0,0,NA,0,-4107,307,-72,-1.002686,0.074951,-0.017578,100,100,8,UNCALIBRATED_SENSOR_1,false,CALIBRATION_MISSING,CALIBRATION_MISSING,kx134_single_node_i2c.0.1.0,kx134.v3
kx134.v3,NODE_PROTOTYPE,1,KX134_SENSOR_1,sensor_node_1,D4:E9:F4:E9:8E:1C,20474,205219924,0,0,NA,0,-4068,284,-61,-0.993164,0.069336,-0.014893,100,100,8,UNCALIBRATED_SENSOR_1,false,CALIBRATION_MISSING,CALIBRATION_MISSING,kx134_single_node_i2c.0.1.0,kx134.v3
kx134.v3,NODE_PROTOTYPE,1,KX134_SENSOR_1,sensor_node_1,D4:E9:F4:E9:8E:1C,20475,205229924,0,0,NA,0,-4077,266,-37,-0.995361,0.064941,-0.009033,100,100,8,UNCALIBRATED_SENSOR_1,false,CALIBRATION_MISSING,CALIBRATION_MISSING,kx134_single_node_i2c.0.1.0,kx134.v3
kx134.v3,NODE_PROTOTYPE,1,KX134_SENSOR_1,sensor_node_1,D4:E9:F4:E9:8E:1C,20476,205239924,0,0,NA,0,-4128,278,-66,-1.007813,0.067871,-0.016113,100,100,8,UNCALIBRATED_SENSOR_1,false,CALIBRATION_MISSING,CALIBRATION_MISSING,kx134_single_node_i2c.0.1.0,kx134.v3
kx134.v3,NODE_PROTOTYPE,1,KX134_SENSOR_1,sensor_node_1,D4:E9:F4:E9:8E:1C,20477,205249925,0,0,NA,0,-4125,278,-98,-1.007080,0.067871,-0.023926,100,100,8,UNCALIBRATED_SENSOR_1,false,CALIBRATION_MISSING,CALIBRATION_MISSING,kx134_single_node_i2c.0.1.0,kx134.v3
kx134.v3,NODE_PROTOTYPE,1,KX134_SENSOR_1,sensor_node_1,D4:E9:F4:E9:8E:1C,20478,205259925,0,0,NA,0,-4088,181,-51,-0.998047,0.044189,-0.012451,100,100,8,UNCALIBRATED_SENSOR_1,false,CALIBRATION_MISSING,CALIBRATION_MISSING,kx134_single_node_i2c.0.1.0,kx134.v3
kx134.v3,NODE_PROTOTYPE,1,KX134_SENSOR_1,sensor_node_1,D4:E9:F4:E9:8E:1C,20479,205269925,0,0,NA,0,-4088,181,-51,-0.998047,0.044189,-0.012451,100,100,8,UNCALIBRATED_SENSOR_1,false,CALIBRATION_MISSING,CALIBRATION_MISSING,kx134_single_node_i2c.0.1.0,kx134.v3
kx134.v3,NODE_PROTOTYPE,1,KX134_SENSOR_1,sensor_node_1,D4:E9:F4:E9:8E:1C,20480,205279925,0,0,NA,0,-4098,139,-143,-1.000488,0.033936,-0.034912,100,100,8,UNCALIBRATED_SENSOR_1,false,CALIBRATION_MISSING,CALIBRATION_MISSING,kx134_single_node_i2c.0.1.0,kx134.v3
kx134.v3,NODE_PROTOTYPE,1,KX134_SENSOR_1,sensor_node_1,D4:E9:F4:E9:8E:1C,20481,205289925,0,0,NA,0,-4120,221,-267,-1.005859,0.053955,-0.065186,100,100,8,UNCALIBRATED_SENSOR_1,false,CALIBRATION_MISSING,CALIBRATION_MISSING,kx134_single_node_i2c.0.1.0,kx134.v3
kx134.v3,NODE_PROTOTYPE,1,KX134_SENSOR_1,sensor_node_1,D4:E9:F4:E9:8E:1C,20482,205299925,0,0,NA,0,-4082,113,-214,-0.996582,0.027588,-0.052246,100,100,8,UNCALIBRATED_SENSOR_1,false,CALIBRATION_MISSING,CALIBRATION_MISSING,kx134_single_node_i2c.0.1.0,kx134.v3
kx134.v3,NODE_PROTOTYPE,1,KX134_SENSOR_1,sensor_node_1,D4:E9:F4:E9:8E:1C,20483,205309925,0,0,NA,0,-4044,176,-134,-0.987305,0.042969,-0.032715,100,100,8,UNCALIBRATED_SENSOR_1,false,CALIBRATION_MISSING,CALIBRATION_MISSING,kx134_single_node_i2c.0.1.0,kx134.v3
kx134.v3,NODE_PROTOTYPE,1,KX134_SENSOR_1,sensor_node_1,D4:E9:F4:E9:8E:1C,20484,205319925,0,0,NA,0,-4012,405,-87,-0.979492,0.098877,-0.021240,100,100,8,UNCALIBRATED_SENSOR_1,false,CALIBRATION_MISSING,CALIBRATION_MISSING,kx134_single_node_i2c.0.1.0,kx134.v3
kx134.v3,NODE_PROTOTYPE,1,KX134_SENSOR_1,sensor_node_1,D4:E9:F4:E9:8E:1C,20485,205329925,0,0,NA,0,-4030,347,-68,-0.983887,0.084717,-0.016602,100,100,8,UNCALIBRATED_SENSOR_1,false,CALIBRATION_MISSING,CALIBRATION_MISSING,kx134_single_node_i2c.0.1.0,kx134.v3
kx134.v3,NODE_PROTOTYPE,1,KX134_SENSOR_1,sensor_node_1,D4:E9:F4:E9:8E:1C,20486,205339925,0,0,NA,0,-4147,286,-31,-1.012451,0.069824,-0.007568,100,100,8,UNCALIBRATED_SENSOR_1,false,CALIBRATION_MISSING,CALIBRATION_MISSING,kx134_single_node_i2c.0.1.0,kx134.v3
kx134.v3,NODE_PROTOTYPE,1,KX134_SENSOR_1,sensor_node_1,D4:E9:F4:E9:8E:1C,20487,205349924,0,0,NA,0,-4179,314,-26,-1.020264,0.076660,-0.006348,100,100,8,UNCALIBRATED_SENSOR_1,false,CALIBRATION_MISSING,CALIBRATION_MISSING,kx134_single_node_i2c.0.1.0,kx134.v3
kx134.v3,NODE_PROTOTYPE,1,KX134_SENSOR_1,sensor_node_1,D4:E9:F4:E9:8E:1C,20488,205359924,0,0,NA,0,-4134,289,-43,-1.009277,0.070557,-0.010498,100,100,8,UNCALIBRATED_SENSOR_1,false,CALIBRATION_MISSING,CALIBRATION_MISSING,kx134_single_node_i2c.0.1.0,kx134.v3
kx134.v3,NODE_PROTOTYPE,1,KX134_SENSOR_1,sensor_node_1,D4:E9:F4:E9:8E:1C,20489,205369925,0,0,NA,0,-4104,258,-38,-1.001953,0.062988,-0.009277,100,100,8,UNCALIBRATED_SENSOR_1,false,CALIBRATION_MISSING,CALIBRATION_MISSING,kx134_single_node_i2c.0.1.0,kx134.v3
kx134.v3,NODE_PROTOTYPE,1,KX134_SENSOR_1,sensor_node_1,D4:E9:F4:E9:8E:1C,20490,205379925,0,0,NA,0,-4081,263,-26,-0.996338,0.064209,-0.006348,100,100,8,UNCALIBRATED_SENSOR_1,false,CALIBRATION_MISSING,CALIBRATION_MISSING,kx134_single_node_i2c.0.1.0,kx134.v3
kx134.v3,NODE_PROTOTYPE,1,KX134_SENSOR_1,sensor_node_1,D4:E9:F4:E9:8E:1C,20491,205389925,0,0,NA,0,-4099,273,-30,-1.000732,0.066650,-0.007324,100,100,8,UNCALIBRATED_SENSOR_1,false,CALIBRATION_MISSING,CALIBRATION_MISSING,kx134_single_node_i2c.0.1.0,kx134.v3
kx134.v3,NODE_PROTOTYPE,1,KX134_SENSOR_1,sensor_node_1,D4:E9:F4:E9:8E:1C,20492,205399924,0,0,NA,0,-4109,275,-61,-1.003174,0.067139,-0.014893,100,100,8,UNCALIBRATED_SENSOR_1,false,CALIBRATION_MISSING,CALIBRATION_MISSING,kx134_single_node_i2c.0.1.0,kx134.v3
kx134.v3,NODE_PROTOTYPE,1,KX134_SENSOR_1,sensor_node_1,D4:E9:F4:E9:8E:1C,20493,205409925,0,0,NA,0,-4094,275,-56,-0.999512,0.067139,-0.013672,100,100,8,UNCALIBRATED_SENSOR_1,false,CALIBRATION_MISSING,CALIBRATION_MISSING,kx134_single_node_i2c.0.1.0,kx134.v3
kx134.v3,NODE_PROTOTYPE,1,KX134_SENSOR_1,sensor_node_1,D4:E9:F4:E9:8E:1C,20494,205419925,0,0,NA,0,-4110,282,-38,-1.003418,0.068848,-0.009277,100,100,8,UNCALIBRATED_SENSOR_1,false,CALIBRATION_MISSING,CALIBRATION_MISSING,kx134_single_node_i2c.0.1.0,kx134.v3
kx134.v3,NODE_PROTOTYPE,1,KX134_SENSOR_1,sensor_node_1,D4:E9:F4:E9:8E:1C,20495,205429925,0,0,NA,0,-4118,286,-47,-1.005371,0.069824,-0.011475,100,100,8,UNCALIBRATED_SENSOR_1,false,CALIBRATION_MISSING,CALIBRATION_MISSING,kx134_single_node_i2c.0.1.0,kx134.v3
kx134.v3,NODE_PROTOTYPE,1,KX134_SENSOR_1,sensor_node_1,D4:E9:F4:E9:8E:1C,20496,205439925,0,0,NA,0,-4127,291,-60,-1.007568,0.071045,-0.014648,100,100,8,UNCALIBRATED_SENSOR_1,false,CALIBRATION_MISSING,CALIBRATION_MISSING,kx134_single_node_i2c.0.1.0,kx134.v3
kx134.v3,NODE_PROTOTYPE,1,KX134_SENSOR_1,sensor_node_1,D4:E9:F4:E9:8E:1C,20497,205449925,0,0,NA,0,-4132,304,-75,-1.008789,0.074219,-0.018311,100,100,8,UNCALIBRATED_SENSOR_1,false,CALIBRATION_MISSING,CALIBRATION_MISSING,kx134_single_node_i2c.0.1.0,kx134.v3
kx134.v3,NODE_PROTOTYPE,1,KX134_SENSOR_1,sensor_node_1,D4:E9:F4:E9:8E:1C,20498,205459925,0,0,NA,0,-4126,316,-76,-1.007324,0.077148,-0.018555,100,100,8,UNCALIBRATED_SENSOR_1,false,CALIBRATION_MISSING,CALIBRATION_MISSING,kx134_single_node_i2c.0.1.0,kx134.v3
kx134.v3,NODE_PROTOTYPE,1,KX134_SENSOR_1,sensor_node_1,D4:E9:F4:E9:8E:1C,20499,205469925,0,0,NA,0,-4108,325,-66,-1.002930,0.079346,-0.016113,100,100,8,UNCALIBRATED_SENSOR_1,false,CALIBRATION_MISSING,CALIBRATION_MISSING,kx134_single_node_i2c.0.1.0,kx134.v3
kx134.v3,NODE_PROTOTYPE,1,KX134_SENSOR_1,sensor_node_1,D4:E9:F4:E9:8E:1C,20500,205479924,0,0,NA,0,-4083,311,-36,-0.996826,0.075928,-0.008789,100,100,8,UNCALIBRATED_SENSOR_1,false,CALIBRATION_MISSING,CALIBRATION_MISSING,kx134_single_node_i2c.0.1.0,kx134.v3
kx134.v3,NODE_PROTOTYPE,1,KX134_SENSOR_1,sensor_node_1,D4:E9:F4:E9:8E:1C,20501,205489925,0,0,NA,0,-4085,290,-32,-0.997314,0.070801,-0.007813,100,100,8,UNCALIBRATED_SENSOR_1,false,CALIBRATION_MISSING,CALIBRATION_MISSING,kx134_single_node_i2c.0.1.0,kx134.v3
kx134.v3,NODE_PROTOTYPE,1,KX134_SENSOR_1,sensor_node_1,D4:E9:F4:E9:8E:1C,20502,205499925,0,0,NA,0,-4095,281,-40,-0.999756,0.068604,-0.009766,100,100,8,UNCALIBRATED_SENSOR_1,false,CALIBRATION_MISSING,CALIBRATION_MISSING,kx134_single_node_i2c.0.1.0,kx134.v3
kx134.v3,NODE_PROTOTYPE,1,KX134_SENSOR_1,sensor_node_1,D4:E9:F4:E9:8E:1C,20503,205509925,0,0,NA,0,-4122,286,-55,-1.006348,0.069824,-0.013428,100,100,8,UNCALIBRATED_SENSOR_1,false,CALIBRATION_MISSING,CALIBRATION_MISSING,kx134_single_node_i2c.0.1.0,kx134.v3
kx134.v3,NODE_PROTOTYPE,1,KX134_SENSOR_1,sensor_node_1,D4:E9:F4:E9:8E:1C,20504,205519925,0,0,NA,0,-4127,288,-79,-1.007568,0.070312,-0.019287,100,100,8,UNCALIBRATED_SENSOR_1,false,CALIBRATION_MISSING,CALIBRATION_MISSING,kx134_single_node_i2c.0.1.0,kx134.v3
kx134.v3,NODE_PROTOTYPE,1,KX134_SENSOR_1,sensor_node_1,D4:E9:F4:E9:8E:1C,20505,205529925,0,0,NA,0,-4112,288,-71,-1.003906,0.070312,-0.017334,100,100,8,UNCALIBRATED_SENSOR_1,false,CALIBRATION_MISSING,CALIBRATION_MISSING,kx134_single_node_i2c.0.1.0,kx134.v3
kx134.v3,NODE_PROTOTYPE,1,KX134_SENSOR_1,sensor_node_1,D4:E9:F4:E9:8E:1C,20506,205539925,0,0,NA,0,-4098,306,-62,-1.000488,0.074707,-0.015137,100,100,8,UNCALIBRATED_SENSOR_1,false,CALIBRATION_MISSING,CALIBRATION_MISSING,kx134_single_node_i2c.0.1.0,kx134.v3
kx134.v3,NODE_PROTOTYPE,1,KX134_SENSOR_1,sensor_node_1,D4:E9:F4:E9:8E:1C,20507,205549925,0,0,NA,0,-4111,295,-55,-1.003662,0.072021,-0.013428,100,100,8,UNCALIBRATED_SENSOR_1,false,CALIBRATION_MISSING,CALIBRATION_MISSING,kx134_single_node_i2c.0.1.0,kx134.v3
kx134.v3,NODE_PROTOTYPE,1,KX134_SENSOR_1,sensor_node_1,D4:E9:F4:E9:8E:1C,20508,205559925,0,0,NA,0,-4135,283,-94,-1.009521,0.069092,-0.022949,100,100,8,UNCALIBRATED_SENSOR_1,false,CALIBRATION_MISSING,CALIBRATION_MISSING,kx134_single_node_i2c.0.1.0,kx134.v3
kx134.v3,NODE_PROTOTYPE,1,KX134_SENSOR_1,sensor_node_1,D4:E9:F4:E9:8E:1C,20509,205569925,0,0,NA,0,-4127,295,-117,-1.007568,0.072021,-0.028564,100,100,8,UNCALIBRATED_SENSOR_1,false,CALIBRATION_MISSING,CALIBRATION_MISSING,kx134_single_node_i2c.0.1.0,kx134.v3
kx134.v3,NODE_PROTOTYPE,1,KX134_SENSOR_1,sensor_node_1,D4:E9:F4:E9:8E:1C,20510,205579925,0,0,NA,0,-4109,277,-72,-1.003174,0.067627,-0.017578,100,100,8,UNCALIBRATED_SENSOR_1,false,CALIBRATION_MISSING,CALIBRATION_MISSING,kx134_single_node_i2c.0.1.0,kx134.v3
kx134.v3,NODE_PROTOTYPE,1,KX134_SENSOR_1,sensor_node_1,D4:E9:F4:E9:8E:1C,20511,205589925,0,0,NA,0,-4077,251,-52,-0.995361,0.061279,-0.012695,100,100,8,UNCALIBRATED_SENSOR_1,false,CALIBRATION_MISSING,CALIBRATION_MISSING,kx134_single_node_i2c.0.1.0,kx134.v3
kx134.v3,NODE_PROTOTYPE,1,KX134_SENSOR_1,sensor_node_1,D4:E9:F4:E9:8E:1C,20512,205599924,0,0,NA,0,-4078,242,-67,-0.995605,0.059082,-0.016357,100,100,8,UNCALIBRATED_SENSOR_1,false,CALIBRATION_MISSING,CALIBRATION_MISSING,kx134_single_node_i2c.0.1.0,kx134.v3
kx134.v3,NODE_PROTOTYPE,1,KX134_SENSOR_1,sensor_node_1,D4:E9:F4:E9:8E:1C,20513,205609924,0,0,NA,0,-4113,245,-89,-1.004150,0.059814,-0.021729,100,100,8,UNCALIBRATED_SENSOR_1,false,CALIBRATION_MISSING,CALIBRATION_MISSING,kx134_single_node_i2c.0.1.0,kx134.v3
kx134.v3,NODE_PROTOTYPE,1,KX134_SENSOR_1,sensor_node_1,D4:E9:F4:E9:8E:1C,20514,205619924,0,0,NA,0,-4112,264,-94,-1.003906,0.064453,-0.022949,100,100,8,UNCALIBRATED_SENSOR_1,false,CALIBRATION_MISSING,CALIBRATION_MISSING,kx134_single_node_i2c.0.1.0,kx134.v3
kx134.v3,NODE_PROTOTYPE,1,KX134_SENSOR_1,sensor_node_1,D4:E9:F4:E9:8E:1C,20515,205629924,0,0,NA,0,-4106,287,-89,-1.002441,0.070068,-0.021729,100,100,8,UNCALIBRATED_SENSOR_1,false,CALIBRATION_MISSING,CALIBRATION_MISSING,kx134_single_node_i2c.0.1.0,kx134.v3
kx134.v3,NODE_PROTOTYPE,1,KX134_SENSOR_1,sensor_node_1,D4:E9:F4:E9:8E:1C,20516,205639924,0,0,NA,0,-4091,287,-98,-0.998779,0.070068,-0.023926,100,100,8,UNCALIBRATED_SENSOR_1,false,CALIBRATION_MISSING,CALIBRATION_MISSING,kx134_single_node_i2c.0.1.0,kx134.v3
kx134.v3,NODE_PROTOTYPE,1,KX134_SENSOR_1,sensor_node_1,D4:E9:F4:E9:8E:1C,20517,205649924,0,0,NA,0,-4095,286,-89,-0.999756,0.069824,-0.021729,100,100,8,UNCALIBRATED_SENSOR_1,false,CALIBRATION_MISSING,CALIBRATION_MISSING,kx134_single_node_i2c.0.1.0,kx134.v3
kx134.v3,NODE_PROTOTYPE,1,KX134_SENSOR_1,sensor_node_1,D4:E9:F4:E9:8E:1C,20518,205659925,0,0,NA,0,-4100,288,-77,-1.000977,0.070312,-0.018799,100,100,8,UNCALIBRATED_SENSOR_1,false,CALIBRATION_MISSING,CALIBRATION_MISSING,kx134_single_node_i2c.0.1.0,kx134.v3
kx134.v3,NODE_PROTOTYPE,1,KX134_SENSOR_1,sensor_node_1,D4:E9:F4:E9:8E:1C,20519,205669925,0,0,NA,0,-4089,321,-74,-0.998291,0.078369,-0.018066,100,100,8,UNCALIBRATED_SENSOR_1,false,CALIBRATION_MISSING,CALIBRATION_MISSING,kx134_single_node_i2c.0.1.0,kx134.v3
kx134.v3,NODE_PROTOTYPE,1,KX134_SENSOR_1,sensor_node_1,D4:E9:F4:E9:8E:1C,20520,205679925,0,0,NA,0,-4097,332,-86,-1.000244,0.081055,-0.020996,100,100,8,UNCALIBRATED_SENSOR_1,false,CALIBRATION_MISSING,CALIBRATION_MISSING,kx134_single_node_i2c.0.1.0,kx134.v3
kx134.v3,NODE_PROTOTYPE,1,KX134_SENSOR_1,sensor_node_1,D4:E9:F4:E9:8E:1C,20521,205689924,0,0,NA,0,-4080,310,-109,-0.996094,0.075684,-0.026611,100,100,8,UNCALIBRATED_SENSOR_1,false,CALIBRATION_MISSING,CALIBRATION_MISSING,kx134_single_node_i2c.0.1.0,kx134.v3
kx134.v3,NODE_PROTOTYPE,1,KX134_SENSOR_1,sensor_node_1,D4:E9:F4:E9:8E:1C,20522,205699924,0,0,NA,0,-4062,286,-123,-0.991699,0.069824,-0.030029,100,100,8,UNCALIBRATED_SENSOR_1,false,CALIBRATION_MISSING,CALIBRATION_MISSING,kx134_single_node_i2c.0.1.0,kx134.v3
kx134.v3,NODE_PROTOTYPE,1,KX134_SENSOR_1,sensor_node_1,D4:E9:F4:E9:8E:1C,20523,205709925,0,0,NA,0,-4096,253,-120,-1.000000,0.061768,-0.029297,100,100,8,UNCALIBRATED_SENSOR_1,false,CALIBRATION_MISSING,CALIBRATION_MISSING,kx134_single_node_i2c.0.1.0,kx134.v3
kx134.v3,NODE_PROTOTYPE,1,KX134_SENSOR_1,sensor_node_1,D4:E9:F4:E9:8E:1C,20524,205719924,0,0,NA,0,-4135,256,-99,-1.009521,0.062500,-0.024170,100,100,8,UNCALIBRATED_SENSOR_1,false,CALIBRATION_MISSING,CALIBRATION_MISSING,kx134_single_node_i2c.0.1.0,kx134.v3
kx134.v3,NODE_PROTOTYPE,1,KX134_SENSOR_1,sensor_node_1,D4:E9:F4:E9:8E:1C,20525,205729925,0,0,NA,0,-4136,273,-94,-1.009766,0.066650,-0.022949,100,100,8,UNCALIBRATED_SENSOR_1,false,CALIBRATION_MISSING,CALIBRATION_MISSING,kx134_single_node_i2c.0.1.0,kx134.v3
kx134.v3,NODE_PROTOTYPE,1,KX134_SENSOR_1,sensor_node_1,D4:E9:F4:E9:8E:1C,20526,205739925,0,0,NA,0,-4153,296,-112,-1.013916,0.072266,-0.027344,100,100,8,UNCALIBRATED_SENSOR_1,false,CALIBRATION_MISSING,CALIBRATION_MISSING,kx134_single_node_i2c.0.1.0,kx134.v3
kx134.v3,NODE_PROTOTYPE,1,KX134_SENSOR_1,sensor_node_1,D4:E9:F4:E9:8E:1C,20527,205749924,0,0,NA,0,-4158,307,-112,-1.015137,0.074951,-0.027344,100,100,8,UNCALIBRATED_SENSOR_1,false,CALIBRATION_MISSING,CALIBRATION_MISSING,kx134_single_node_i2c.0.1.0,kx134.v3
kx134.v3,NODE_PROTOTYPE,1,KX134_SENSOR_1,sensor_node_1,D4:E9:F4:E9:8E:1C,20528,205759924,0,0,NA,0,-4140,295,-100,-1.010742,0.072021,-0.024414,100,100,8,UNCALIBRATED_SENSOR_1,false,CALIBRATION_MISSING,CALIBRATION_MISSING,kx134_single_node_i2c.0.1.0,kx134.v3
kx134.v3,NODE_PROTOTYPE,1,KX134_SENSOR_1,sensor_node_1,D4:E9:F4:E9:8E:1C,20529,205769925,0,0,NA,0,-4131,286,-72,-1.008545,0.069824,-0.017578,100,100,8,UNCALIBRATED_SENSOR_1,false,CALIBRATION_MISSING,CALIBRATION_MISSING,kx134_single_node_i2c.0.1.0,kx134.v3
kx134.v3,NODE_PROTOTYPE,1,KX134_SENSOR_1,sensor_node_1,D4:E9:F4:E9:8E:1C,20530,205779924,0,0,NA,0,-4124,286,-64,-1.006836,0.069824,-0.015625,100,100,8,UNCALIBRATED_SENSOR_1,false,CALIBRATION_MISSING,CALIBRATION_MISSING,kx134_single_node_i2c.0.1.0,kx134.v3
kx134.v3,NODE_PROTOTYPE,1,KX134_SENSOR_1,sensor_node_1,D4:E9:F4:E9:8E:1C,20531,205789924,0,0,NA,0,-4128,339,-81,-1.007813,0.082764,-0.019775,100,100,8,UNCALIBRATED_SENSOR_1,false,CALIBRATION_MISSING,CALIBRATION_MISSING,kx134_single_node_i2c.0.1.0,kx134.v3
kx134.v3,NODE_PROTOTYPE,1,KX134_SENSOR_1,sensor_node_1,D4:E9:F4:E9:8E:1C,20532,205799925,0,0,NA,0,-4121,366,-106,-1.006104,0.089355,-0.025879,100,100,8,UNCALIBRATED_SENSOR_1,false,CALIBRATION_MISSING,CALIBRATION_MISSING,kx134_single_node_i2c.0.1.0,kx134.v3
kx134.v3,NODE_PROTOTYPE,1,KX134_SENSOR_1,sensor_node_1,D4:E9:F4:E9:8E:1C,20533,205809925,0,0,NA,0,-4105,313,-108,-1.002197,0.076416,-0.026367,100,100,8,UNCALIBRATED_SENSOR_1,false,CALIBRATION_MISSING,CALIBRATION_MISSING,kx134_single_node_i2c.0.1.0,kx134.v3
kx134.v3,NODE_PROTOTYPE,1,KX134_SENSOR_1,sensor_node_1,D4:E9:F4:E9:8E:1C,20534,205819925,0,0,NA,0,-4100,298,-96,-1.000977,0.072754,-0.023437,100,100,8,UNCALIBRATED_SENSOR_1,false,CALIBRATION_MISSING,CALIBRATION_MISSING,kx134_single_node_i2c.0.1.0,kx134.v3
kx134.v3,NODE_PROTOTYPE,1,KX134_SENSOR_1,sensor_node_1,D4:E9:F4:E9:8E:1C,20535,205829925,0,0,NA,0,-4105,307,-106,-1.002197,0.074951,-0.025879,100,100,8,UNCALIBRATED_SENSOR_1,false,CALIBRATION_MISSING,CALIBRATION_MISSING,kx134_single_node_i2c.0.1.0,kx134.v3
kx134.v3,NODE_PROTOTYPE,1,KX134_SENSOR_1,sensor_node_1,D4:E9:F4:E9:8E:1C,20536,205839925,0,0,NA,0,-4091,309,-85,-0.998779,0.075439,-0.020752,100,100,8,UNCALIBRATED_SENSOR_1,false,CALIBRATION_MISSING,CALIBRATION_MISSING,kx134_single_node_i2c.0.1.0,kx134.v3
kx134.v3,NODE_PROTOTYPE,1,KX134_SENSOR_1,sensor_node_1,D4:E9:F4:E9:8E:1C,20537,205849925,0,0,NA,0,-4083,302,-89,-0.996826,0.073730,-0.021729,100,100,8,UNCALIBRATED_SENSOR_1,false,CALIBRATION_MISSING,CALIBRATION_MISSING,kx134_single_node_i2c.0.1.0,kx134.v3
kx134.v3,NODE_PROTOTYPE,1,KX134_SENSOR_1,sensor_node_1,D4:E9:F4:E9:8E:1C,20538,205859925,0,0,NA,0,-4094,292,-106,-0.999512,0.071289,-0.025879,100,100,8,UNCALIBRATED_SENSOR_1,false,CALIBRATION_MISSING,CALIBRATION_MISSING,kx134_single_node_i2c.0.1.0,kx134.v3
kx134.v3,NODE_PROTOTYPE,1,KX134_SENSOR_1,sensor_node_1,D4:E9:F4:E9:8E:1C,20539,205869925,0,0,NA,0,-4093,299,-106,-0.999268,0.072998,-0.025879,100,100,8,UNCALIBRATED_SENSOR_1,false,CALIBRATION_MISSING,CALIBRATION_MISSING,kx134_single_node_i2c.0.1.0,kx134.v3
kx134.v3,NODE_PROTOTYPE,1,KX134_SENSOR_1,sensor_node_1,D4:E9:F4:E9:8E:1C,20540,205879925,0,0,NA,0,-4117,290,-97,-1.005127,0.070801,-0.023682,100,100,8,UNCALIBRATED_SENSOR_1,false,CALIBRATION_MISSING,CALIBRATION_MISSING,kx134_single_node_i2c.0.1.0,kx134.v3
kx134.v3,NODE_PROTOTYPE,1,KX134_SENSOR_1,sensor_node_1,D4:E9:F4:E9:8E:1C,20541,205889925,0,0,NA,0,-4132,275,-82,-1.008789,0.067139,-0.020020,100,100,8,UNCALIBRATED_SENSOR_1,false,CALIBRATION_MISSING,CALIBRATION_MISSING,kx134_single_node_i2c.0.1.0,kx134.v3
kx134.v3,NODE_PROTOTYPE,1,KX134_SENSOR_1,sensor_node_1,D4:E9:F4:E9:8E:1C,20542,205899924,0,0,NA,0,-4122,288,-98,-1.006348,0.070312,-0.023926,100,100,8,UNCALIBRATED_SENSOR_1,false,CALIBRATION_MISSING,CALIBRATION_MISSING,kx134_single_node_i2c.0.1.0,kx134.v3
kx134.v3,NODE_PROTOTYPE,1,KX134_SENSOR_1,sensor_node_1,D4:E9:F4:E9:8E:1C,20543,205909925,0,0,NA,0,-4109,288,-104,-1.003174,0.070312,-0.025391,100,100,8,UNCALIBRATED_SENSOR_1,false,CALIBRATION_MISSING,CALIBRATION_MISSING,kx134_single_node_i2c.0.1.0,kx134.v3
kx134.v3,NODE_PROTOTYPE,1,KX134_SENSOR_1,sensor_node_1,D4:E9:F4:E9:8E:1C,20544,205919925,0,0,NA,0,-4100,277,-107,-1.000977,0.067627,-0.026123,100,100,8,UNCALIBRATED_SENSOR_1,false,CALIBRATION_MISSING,CALIBRATION_MISSING,kx134_single_node_i2c.0.1.0,kx134.v3
kx134.v3,NODE_PROTOTYPE,1,KX134_SENSOR_1,sensor_node_1,D4:E9:F4:E9:8E:1C,20545,205929925,0,0,NA,0,-4117,302,-131,-1.005127,0.073730,-0.031982,100,100,8,UNCALIBRATED_SENSOR_1,false,CALIBRATION_MISSING,CALIBRATION_MISSING,kx134_single_node_i2c.0.1.0,kx134.v3
kx134.v3,NODE_PROTOTYPE,1,KX134_SENSOR_1,sensor_node_1,D4:E9:F4:E9:8E:1C,20546,205939925,0,0,NA,0,-4108,321,-143,-1.002930,0.078369,-0.034912,100,100,8,UNCALIBRATED_SENSOR_1,false,CALIBRATION_MISSING,CALIBRATION_MISSING,kx134_single_node_i2c.0.1.0,kx134.v3
kx134.v3,NODE_PROTOTYPE,1,KX134_SENSOR_1,sensor_node_1,D4:E9:F4:E9:8E:1C,20547,205949925,0,0,NA,0,-4083,308,-146,-0.996826,0.075195,-0.035645,100,100,8,UNCALIBRATED_SENSOR_1,false,CALIBRATION_MISSING,CALIBRATION_MISSING,kx134_single_node_i2c.0.1.0,kx134.v3
kx134.v3,NODE_PROTOTYPE,1,KX134_SENSOR_1,sensor_node_1,D4:E9:F4:E9:8E:1C,20548,205959925,0,0,NA,0,-4103,280,-138,-1.001709,0.068359,-0.033691,100,100,8,UNCALIBRATED_SENSOR_1,false,CALIBRATION_MISSING,CALIBRATION_MISSING,kx134_single_node_i2c.0.1.0,kx134.v3
kx134.v3,NODE_PROTOTYPE,1,KX134_SENSOR_1,sensor_node_1,D4:E9:F4:E9:8E:1C,20549,205969925,0,0,NA,0,-4101,264,-119,-1.001221,0.064453,-0.029053,100,100,8,UNCALIBRATED_SENSOR_1,false,CALIBRATION_MISSING,CALIBRATION_MISSING,kx134_single_node_i2c.0.1.0,kx134.v3
kx134.v3,NODE_PROTOTYPE,1,KX134_SENSOR_1,sensor_node_1,D4:E9:F4:E9:8E:1C,20550,205979924,0,0,NA,0,-4092,290,-118,-0.999023,0.070801,-0.028809,100,100,8,UNCALIBRATED_SENSOR_1,false,CALIBRATION_MISSING,CALIBRATION_MISSING,kx134_single_node_i2c.0.1.0,kx134.v3
kx134.v3,NODE_PROTOTYPE,1,KX134_SENSOR_1,sensor_node_1,D4:E9:F4:E9:8E:1C,20551,205989925,0,0,NA,0,-4116,310,-104,-1.004883,0.075684,-0.025391,100,100,8,UNCALIBRATED_SENSOR_1,false,CALIBRATION_MISSING,CALIBRATION_MISSING,kx134_single_node_i2c.0.1.0,kx134.v3
kx134.v3,NODE_PROTOTYPE,1,KX134_SENSOR_1,sensor_node_1,D4:E9:F4:E9:8E:1C,20552,205999925,0,0,NA,0,-4120,322,-61,-1.005859,0.078613,-0.014893,100,100,8,UNCALIBRATED_SENSOR_1,false,CALIBRATION_MISSING,CALIBRATION_MISSING,kx134_single_node_i2c.0.1.0,kx134.v3
kx134.v3,NODE_PROTOTYPE,1,KX134_SENSOR_1,sensor_node_1,D4:E9:F4:E9:8E:1C,20553,206009924,0,0,NA,0,-4093,317,-66,-0.999268,0.077393,-0.016113,100,100,8,UNCALIBRATED_SENSOR_1,false,CALIBRATION_MISSING,CALIBRATION_MISSING,kx134_single_node_i2c.0.1.0,kx134.v3
kx134.v3,NODE_PROTOTYPE,1,KX134_SENSOR_1,sensor_node_1,D4:E9:F4:E9:8E:1C,20554,206019924,0,0,NA,0,-4075,303,-89,-0.994873,0.073975,-0.021729,100,100,8,UNCALIBRATED_SENSOR_1,false,CALIBRATION_MISSING,CALIBRATION_MISSING,kx134_single_node_i2c.0.1.0,kx134.v3
kx134.v3,NODE_PROTOTYPE,1,KX134_SENSOR_1,sensor_node_1,D4:E9:F4:E9:8E:1C,20555,206029924,0,0,NA,0,-4073,314,-90,-0.994385,0.076660,-0.021973,100,100,8,UNCALIBRATED_SENSOR_1,false,CALIBRATION_MISSING,CALIBRATION_MISSING,kx134_single_node_i2c.0.1.0,kx134.v3
kx134.v3,NODE_PROTOTYPE,1,KX134_SENSOR_1,sensor_node_1,D4:E9:F4:E9:8E:1C,20556,206039925,0,0,NA,0,-4087,300,-81,-0.997803,0.073242,-0.019775,100,100,8,UNCALIBRATED_SENSOR_1,false,CALIBRATION_MISSING,CALIBRATION_MISSING,kx134_single_node_i2c.0.1.0,kx134.v3
kx134.v3,NODE_PROTOTYPE,1,KX134_SENSOR_1,sensor_node_1,D4:E9:F4:E9:8E:1C,20557,206049925,0,0,NA,0,-4097,302,-91,-1.000244,0.073730,-0.022217,100,100,8,UNCALIBRATED_SENSOR_1,false,CALIBRATION_MISSING,CALIBRATION_MISSING,kx134_single_node_i2c.0.1.0,kx134.v3
kx134.v3,NODE_PROTOTYPE,1,KX134_SENSOR_1,sensor_node_1,D4:E9:F4:E9:8E:1C,20558,206059925,0,0,NA,0,-4098,288,-114,-1.000488,0.070312,-0.027832,100,100,8,UNCALIBRATED_SENSOR_1,false,CALIBRATION_MISSING,CALIBRATION_MISSING,kx134_single_node_i2c.0.1.0,kx134.v3
kx134.v3,NODE_PROTOTYPE,1,KX134_SENSOR_1,sensor_node_1,D4:E9:F4:E9:8E:1C,20559,206069925,0,0,NA,0,-4088,261,-102,-0.998047,0.063721,-0.024902,100,100,8,UNCALIBRATED_SENSOR_1,false,CALIBRATION_MISSING,CALIBRATION_MISSING,kx134_single_node_i2c.0.1.0,kx134.v3
kx134.v3,NODE_PROTOTYPE,1,KX134_SENSOR_1,sensor_node_1,D4:E9:F4:E9:8E:1C,20560,206079924,0,0,NA,0,-4089,268,-80,-0.998291,0.065430,-0.019531,100,100,8,UNCALIBRATED_SENSOR_1,false,CALIBRATION_MISSING,CALIBRATION_MISSING,kx134_single_node_i2c.0.1.0,kx134.v3
kx134.v3,NODE_PROTOTYPE,1,KX134_SENSOR_1,sensor_node_1,D4:E9:F4:E9:8E:1C,20561,206089924,0,0,NA,0,-4099,275,-82,-1.000732,0.067139,-0.020020,100,100,8,UNCALIBRATED_SENSOR_1,false,CALIBRATION_MISSING,CALIBRATION_MISSING,kx134_single_node_i2c.0.1.0,kx134.v3
kx134.v3,NODE_PROTOTYPE,1,KX134_SENSOR_1,sensor_node_1,D4:E9:F4:E9:8E:1C,20562,206099925,0,0,NA,0,-4092,288,-85,-0.999023,0.070312,-0.020752,100,100,8,UNCALIBRATED_SENSOR_1,false,CALIBRATION_MISSING,CALIBRATION_MISSING,kx134_single_node_i2c.0.1.0,kx134.v3
kx134.v3,NODE_PROTOTYPE,1,KX134_SENSOR_1,sensor_node_1,D4:E9:F4:E9:8E:1C,20563,206109925,0,0,NA,0,-4085,303,-98,-0.997314,0.073975,-0.023926,100,100,8,UNCALIBRATED_SENSOR_1,false,CALIBRATION_MISSING,CALIBRATION_MISSING,kx134_single_node_i2c.0.1.0,kx134.v3
kx134.v3,NODE_PROTOTYPE,1,KX134_SENSOR_1,sensor_node_1,D4:E9:F4:E9:8E:1C,20564,206119925,0,0,NA,0,-4076,266,-102,-0.995117,0.064941,-0.024902,100,100,8,UNCALIBRATED_SENSOR_1,false,CALIBRATION_MISSING,CALIBRATION_MISSING,kx134_single_node_i2c.0.1.0,kx134.v3
kx134.v3,NODE_PROTOTYPE,1,KX134_SENSOR_1,sensor_node_1,D4:E9:F4:E9:8E:1C,20565,206129925,0,0,NA,0,-4097,231,-61,-1.000244,0.056396,-0.014893,100,100,8,UNCALIBRATED_SENSOR_1,false,CALIBRATION_MISSING,CALIBRATION_MISSING,kx134_single_node_i2c.0.1.0,kx134.v3
kx134.v3,NODE_PROTOTYPE,1,KX134_SENSOR_1,sensor_node_1,D4:E9:F4:E9:8E:1C,20566,206139924,0,0,NA,0,-4094,255,-62,-0.999512,0.062256,-0.015137,100,100,8,UNCALIBRATED_SENSOR_1,false,CALIBRATION_MISSING,CALIBRATION_MISSING,kx134_single_node_i2c.0.1.0,kx134.v3
kx134.v3,NODE_PROTOTYPE,1,KX134_SENSOR_1,sensor_node_1,D4:E9:F4:E9:8E:1C,20567,206149925,0,0,NA,0,-4063,206,-70,-0.991943,0.050293,-0.017090,100,100,8,UNCALIBRATED_SENSOR_1,false,CALIBRATION_MISSING,CALIBRATION_MISSING,kx134_single_node_i2c.0.1.0,kx134.v3
kx134.v3,NODE_PROTOTYPE,1,KX134_SENSOR_1,sensor_node_1,D4:E9:F4:E9:8E:1C,20568,206159924,0,0,NA,0,-4063,206,-70,-0.991943,0.050293,-0.017090,100,100,8,UNCALIBRATED_SENSOR_1,false,CALIBRATION_MISSING,CALIBRATION_MISSING,kx134_single_node_i2c.0.1.0,kx134.v3
kx134.v3,NODE_PROTOTYPE,1,KX134_SENSOR_1,sensor_node_1,D4:E9:F4:E9:8E:1C,20569,206169925,0,0,NA,0,-4082,287,-76,-0.996582,0.070068,-0.018555,100,100,8,UNCALIBRATED_SENSOR_1,false,CALIBRATION_MISSING,CALIBRATION_MISSING,kx134_single_node_i2c.0.1.0,kx134.v3
kx134.v3,NODE_PROTOTYPE,1,KX134_SENSOR_1,sensor_node_1,D4:E9:F4:E9:8E:1C,20570,206179925,0,0,NA,0,-4219,452,-195,-1.030029,0.110352,-0.047607,100,100,8,UNCALIBRATED_SENSOR_1,false,CALIBRATION_MISSING,CALIBRATION_MISSING,kx134_single_node_i2c.0.1.0,kx134.v3
kx134.v3,NODE_PROTOTYPE,1,KX134_SENSOR_1,sensor_node_1,D4:E9:F4:E9:8E:1C,20571,206189925,0,0,NA,0,-4239,325,-140,-1.034912,0.079346,-0.034180,100,100,8,UNCALIBRATED_SENSOR_1,false,CALIBRATION_MISSING,CALIBRATION_MISSING,kx134_single_node_i2c.0.1.0,kx134.v3
kx134.v3,NODE_PROTOTYPE,1,KX134_SENSOR_1,sensor_node_1,D4:E9:F4:E9:8E:1C,20572,206199925,0,0,NA,0,-4147,257,-74,-1.012451,0.062744,-0.018066,100,100,8,UNCALIBRATED_SENSOR_1,false,CALIBRATION_MISSING,CALIBRATION_MISSING,kx134_single_node_i2c.0.1.0,kx134.v3
kx134.v3,NODE_PROTOTYPE,1,KX134_SENSOR_1,sensor_node_1,D4:E9:F4:E9:8E:1C,20573,206209924,0,0,NA,0,-4148,353,-166,-1.012695,0.086182,-0.040527,100,100,8,UNCALIBRATED_SENSOR_1,false,CALIBRATION_MISSING,CALIBRATION_MISSING,kx134_single_node_i2c.0.1.0,kx134.v3
kx134.v3,NODE_PROTOTYPE,1,KX134_SENSOR_1,sensor_node_1,D4:E9:F4:E9:8E:1C,20574,206219924,0,0,NA,0,-4223,250,-124,-1.031006,0.061035,-0.030273,100,100,8,UNCALIBRATED_SENSOR_1,false,CALIBRATION_MISSING,CALIBRATION_MISSING,kx134_single_node_i2c.0.1.0,kx134.v3
kx134.v3,NODE_PROTOTYPE,1,KX134_SENSOR_1,sensor_node_1,D4:E9:F4:E9:8E:1C,20575,206229924,0,0,NA,0,-4267,177,-48,-1.041748,0.043213,-0.011719,100,100,8,UNCALIBRATED_SENSOR_1,false,CALIBRATION_MISSING,CALIBRATION_MISSING,kx134_single_node_i2c.0.1.0,kx134.v3
kx134.v3,NODE_PROTOTYPE,1,KX134_SENSOR_1,sensor_node_1,D4:E9:F4:E9:8E:1C,20576,206239924,0,0,NA,0,-4183,231,-38,-1.021240,0.056396,-0.009277,100,100,8,UNCALIBRATED_SENSOR_1,false,CALIBRATION_MISSING,CALIBRATION_MISSING,kx134_single_node_i2c.0.1.0,kx134.v3
kx134.v3,NODE_PROTOTYPE,1,KX134_SENSOR_1,sensor_node_1,D4:E9:F4:E9:8E:1C,20577,206249924,0,0,NA,0,-4121,251,-80,-1.006104,0.061279,-0.019531,100,100,8,UNCALIBRATED_SENSOR_1,false,CALIBRATION_MISSING,CALIBRATION_MISSING,kx134_single_node_i2c.0.1.0,kx134.v3
kx134.v3,NODE_PROTOTYPE,1,KX134_SENSOR_1,sensor_node_1,D4:E9:F4:E9:8E:1C,20578,206259924,0,0,NA,0,-4095,251,-118,-0.999756,0.061279,-0.028809,100,100,8,UNCALIBRATED_SENSOR_1,false,CALIBRATION_MISSING,CALIBRATION_MISSING,kx134_single_node_i2c.0.1.0,kx134.v3
kx134.v3,NODE_PROTOTYPE,1,KX134_SENSOR_1,sensor_node_1,D4:E9:F4:E9:8E:1C,20579,206269925,0,0,NA,0,-4058,228,-91,-0.990723,0.055664,-0.022217,100,100,8,UNCALIBRATED_SENSOR_1,false,CALIBRATION_MISSING,CALIBRATION_MISSING,kx134_single_node_i2c.0.1.0,kx134.v3
kx134.v3,NODE_PROTOTYPE,1,KX134_SENSOR_1,sensor_node_1,D4:E9:F4:E9:8E:1C,20580,206279925,0,0,NA,0,-4056,229,-52,-0.990234,0.055908,-0.012695,100,100,8,UNCALIBRATED_SENSOR_1,false,CALIBRATION_MISSING,CALIBRATION_MISSING,kx134_single_node_i2c.0.1.0,kx134.v3
kx134.v3,NODE_PROTOTYPE,1,KX134_SENSOR_1,sensor_node_1,D4:E9:F4:E9:8E:1C,20581,206289925,0,0,NA,0,-4083,247,-61,-0.996826,0.060303,-0.014893,100,100,8,UNCALIBRATED_SENSOR_1,false,CALIBRATION_MISSING,CALIBRATION_MISSING,kx134_single_node_i2c.0.1.0,kx134.v3
kx134.v3,NODE_PROTOTYPE,1,KX134_SENSOR_1,sensor_node_1,D4:E9:F4:E9:8E:1C,20582,206299925,0,0,NA,0,-4096,276,-71,-1.000000,0.067383,-0.017334,100,100,8,UNCALIBRATED_SENSOR_1,false,CALIBRATION_MISSING,CALIBRATION_MISSING,kx134_single_node_i2c.0.1.0,kx134.v3
kx134.v3,NODE_PROTOTYPE,1,KX134_SENSOR_1,sensor_node_1,D4:E9:F4:E9:8E:1C,20583,206309924,0,0,NA,0,-4087,307,-75,-0.997803,0.074951,-0.018311,100,100,8,UNCALIBRATED_SENSOR_1,false,CALIBRATION_MISSING,CALIBRATION_MISSING,kx134_single_node_i2c.0.1.0,kx134.v3
kx134.v3,NODE_PROTOTYPE,1,KX134_SENSOR_1,sensor_node_1,D4:E9:F4:E9:8E:1C,20584,206319924,0,0,NA,0,-4074,322,-108,-0.994629,0.078613,-0.026367,100,100,8,UNCALIBRATED_SENSOR_1,false,CALIBRATION_MISSING,CALIBRATION_MISSING,kx134_single_node_i2c.0.1.0,kx134.v3
kx134.v3,NODE_PROTOTYPE,1,KX134_SENSOR_1,sensor_node_1,D4:E9:F4:E9:8E:1C,20585,206329925,0,0,NA,0,-4075,315,-113,-0.994873,0.076904,-0.027588,100,100,8,UNCALIBRATED_SENSOR_1,false,CALIBRATION_MISSING,CALIBRATION_MISSING,kx134_single_node_i2c.0.1.0,kx134.v3
kx134.v3,NODE_PROTOTYPE,1,KX134_SENSOR_1,sensor_node_1,D4:E9:F4:E9:8E:1C,20586,206339925,0,0,NA,0,-4092,287,-91,-0.999023,0.070068,-0.022217,100,100,8,UNCALIBRATED_SENSOR_1,false,CALIBRATION_MISSING,CALIBRATION_MISSING,kx134_single_node_i2c.0.1.0,kx134.v3
kx134.v3,NODE_PROTOTYPE,1,KX134_SENSOR_1,sensor_node_1,D4:E9:F4:E9:8E:1C,20587,206349924,0,0,NA,0,-4100,266,-102,-1.000977,0.064941,-0.024902,100,100,8,UNCALIBRATED_SENSOR_1,false,CALIBRATION_MISSING,CALIBRATION_MISSING,kx134_single_node_i2c.0.1.0,kx134.v3
kx134.v3,NODE_PROTOTYPE,1,KX134_SENSOR_1,sensor_node_1,D4:E9:F4:E9:8E:1C,20588,206359925,0,0,NA,0,-4081,241,-100,-0.996338,0.058838,-0.024414,100,100,8,UNCALIBRATED_SENSOR_1,false,CALIBRATION_MISSING,CALIBRATION_MISSING,kx134_single_node_i2c.0.1.0,kx134.v3
kx134.v3,NODE_PROTOTYPE,1,KX134_SENSOR_1,sensor_node_1,D4:E9:F4:E9:8E:1C,20589,206369925,0,0,NA,0,-4073,243,-92,-0.994385,0.059326,-0.022461,100,100,8,UNCALIBRATED_SENSOR_1,false,CALIBRATION_MISSING,CALIBRATION_MISSING,kx134_single_node_i2c.0.1.0,kx134.v3
kx134.v3,NODE_PROTOTYPE,1,KX134_SENSOR_1,sensor_node_1,D4:E9:F4:E9:8E:1C,20590,206379925,0,0,NA,0,-4085,267,-86,-0.997314,0.065186,-0.020996,100,100,8,UNCALIBRATED_SENSOR_1,false,CALIBRATION_MISSING,CALIBRATION_MISSING,kx134_single_node_i2c.0.1.0,kx134.v3
kx134.v3,NODE_PROTOTYPE,1,KX134_SENSOR_1,sensor_node_1,D4:E9:F4:E9:8E:1C,20591,206389925,0,0,NA,0,-4107,261,-60,-1.002686,0.063721,-0.014648,100,100,8,UNCALIBRATED_SENSOR_1,false,CALIBRATION_MISSING,CALIBRATION_MISSING,kx134_single_node_i2c.0.1.0,kx134.v3
kx134.v3,NODE_PROTOTYPE,1,KX134_SENSOR_1,sensor_node_1,D4:E9:F4:E9:8E:1C,20592,206399925,0,0,NA,0,-4096,257,-42,-1.000000,0.062744,-0.010254,100,100,8,UNCALIBRATED_SENSOR_1,false,CALIBRATION_MISSING,CALIBRATION_MISSING,kx134_single_node_i2c.0.1.0,kx134.v3
kx134.v3,NODE_PROTOTYPE,1,KX134_SENSOR_1,sensor_node_1,D4:E9:F4:E9:8E:1C,20593,206409925,0,0,NA,0,-4095,275,-61,-0.999756,0.067139,-0.014893,100,100,8,UNCALIBRATED_SENSOR_1,false,CALIBRATION_MISSING,CALIBRATION_MISSING,kx134_single_node_i2c.0.1.0,kx134.v3
kx134.v3,NODE_PROTOTYPE,1,KX134_SENSOR_1,sensor_node_1,D4:E9:F4:E9:8E:1C,20594,206419925,0,0,NA,0,-4107,258,-79,-1.002686,0.062988,-0.019287,100,100,8,UNCALIBRATED_SENSOR_1,false,CALIBRATION_MISSING,CALIBRATION_MISSING,kx134_single_node_i2c.0.1.0,kx134.v3
kx134.v3,NODE_PROTOTYPE,1,KX134_SENSOR_1,sensor_node_1,D4:E9:F4:E9:8E:1C,20595,206429925,0,0,NA,0,-4077,244,-80,-0.995361,0.059570,-0.019531,100,100,8,UNCALIBRATED_SENSOR_1,false,CALIBRATION_MISSING,CALIBRATION_MISSING,kx134_single_node_i2c.0.1.0,kx134.v3
kx134.v3,NODE_PROTOTYPE,1,KX134_SENSOR_1,sensor_node_1,D4:E9:F4:E9:8E:1C,20596,206439924,0,0,NA,0,-4063,247,-82,-0.991943,0.060303,-0.020020,100,100,8,UNCALIBRATED_SENSOR_1,false,CALIBRATION_MISSING,CALIBRATION_MISSING,kx134_single_node_i2c.0.1.0,kx134.v3
kx134.v3,NODE_PROTOTYPE,1,KX134_SENSOR_1,sensor_node_1,D4:E9:F4:E9:8E:1C,20597,206449925,0,0,NA,0,-4057,249,-85,-0.990479,0.060791,-0.020752,100,100,8,UNCALIBRATED_SENSOR_1,false,CALIBRATION_MISSING,CALIBRATION_MISSING,kx134_single_node_i2c.0.1.0,kx134.v3
kx134.v3,NODE_PROTOTYPE,1,KX134_SENSOR_1,sensor_node_1,D4:E9:F4:E9:8E:1C,20598,206459924,0,0,NA,0,-4066,279,-90,-0.992676,0.068115,-0.021973,100,100,8,UNCALIBRATED_SENSOR_1,false,CALIBRATION_MISSING,CALIBRATION_MISSING,kx134_single_node_i2c.0.1.0,kx134.v3
kx134.v3,NODE_PROTOTYPE,1,KX134_SENSOR_1,sensor_node_1,D4:E9:F4:E9:8E:1C,20599,206469924,0,0,NA,0,-4096,306,-102,-1.000000,0.074707,-0.024902,100,100,8,UNCALIBRATED_SENSOR_1,false,CALIBRATION_MISSING,CALIBRATION_MISSING,kx134_single_node_i2c.0.1.0,kx134.v3
kx134.v3,NODE_PROTOTYPE,1,KX134_SENSOR_1,sensor_node_1,D4:E9:F4:E9:8E:1C,20600,206479924,0,0,NA,0,-4094,308,-118,-0.999512,0.075195,-0.028809,100,100,8,UNCALIBRATED_SENSOR_1,false,CALIBRATION_MISSING,CALIBRATION_MISSING,kx134_single_node_i2c.0.1.0,kx134.v3
kx134.v3,NODE_PROTOTYPE,1,KX134_SENSOR_1,sensor_node_1,D4:E9:F4:E9:8E:1C,20601,206489924,0,0,NA,0,-4067,305,-107,-0.992920,0.074463,-0.026123,100,100,8,UNCALIBRATED_SENSOR_1,false,CALIBRATION_MISSING,CALIBRATION_MISSING,kx134_single_node_i2c.0.1.0,kx134.v3
kx134.v3,NODE_PROTOTYPE,1,KX134_SENSOR_1,sensor_node_1,D4:E9:F4:E9:8E:1C,20602,206499924,0,0,NA,0,-4069,262,-76,-0.993408,0.063965,-0.018555,100,100,8,UNCALIBRATED_SENSOR_1,false,CALIBRATION_MISSING,CALIBRATION_MISSING,kx134_single_node_i2c.0.1.0,kx134.v3
kx134.v3,NODE_PROTOTYPE,1,KX134_SENSOR_1,sensor_node_1,D4:E9:F4:E9:8E:1C,20603,206509925,0,0,NA,0,-4086,241,-71,-0.997559,0.058838,-0.017334,100,100,8,UNCALIBRATED_SENSOR_1,false,CALIBRATION_MISSING,CALIBRATION_MISSING,kx134_single_node_i2c.0.1.0,kx134.v3
kx134.v3,NODE_PROTOTYPE,1,KX134_SENSOR_1,sensor_node_1,D4:E9:F4:E9:8E:1C,20604,206519925,0,0,NA,0,-4082,249,-51,-0.996582,0.060791,-0.012451,100,100,8,UNCALIBRATED_SENSOR_1,false,CALIBRATION_MISSING,CALIBRATION_MISSING,kx134_single_node_i2c.0.1.0,kx134.v3
kx134.v3,NODE_PROTOTYPE,1,KX134_SENSOR_1,sensor_node_1,D4:E9:F4:E9:8E:1C,20605,206529925,0,0,NA,0,-4067,245,-39,-0.992920,0.059814,-0.009521,100,100,8,UNCALIBRATED_SENSOR_1,false,CALIBRATION_MISSING,CALIBRATION_MISSING,kx134_single_node_i2c.0.1.0,kx134.v3
kx134.v3,NODE_PROTOTYPE,1,KX134_SENSOR_1,sensor_node_1,D4:E9:F4:E9:8E:1C,20606,206539925,0,0,NA,0,-4073,281,-55,-0.994385,0.068604,-0.013428,100,100,8,UNCALIBRATED_SENSOR_1,false,CALIBRATION_MISSING,CALIBRATION_MISSING,kx134_single_node_i2c.0.1.0,kx134.v3
kx134.v3,NODE_PROTOTYPE,1,KX134_SENSOR_1,sensor_node_1,D4:E9:F4:E9:8E:1C,20607,206549925,0,0,NA,0,-4075,294,-26,-0.994873,0.071777,-0.006348,100,100,8,UNCALIBRATED_SENSOR_1,false,CALIBRATION_MISSING,CALIBRATION_MISSING,kx134_single_node_i2c.0.1.0,kx134.v3
kx134.v3,NODE_PROTOTYPE,1,KX134_SENSOR_1,sensor_node_1,D4:E9:F4:E9:8E:1C,20608,206559925,0,0,NA,0,-4067,263,-22,-0.992920,0.064209,-0.005371,100,100,8,UNCALIBRATED_SENSOR_1,false,CALIBRATION_MISSING,CALIBRATION_MISSING,kx134_single_node_i2c.0.1.0,kx134.v3
kx134.v3,NODE_PROTOTYPE,1,KX134_SENSOR_1,sensor_node_1,D4:E9:F4:E9:8E:1C,20609,206569924,0,0,NA,0,-4072,252,-62,-0.994141,0.061523,-0.015137,100,100,8,UNCALIBRATED_SENSOR_1,false,CALIBRATION_MISSING,CALIBRATION_MISSING,kx134_single_node_i2c.0.1.0,kx134.v3
kx134.v3,NODE_PROTOTYPE,1,KX134_SENSOR_1,sensor_node_1,D4:E9:F4:E9:8E:1C,20610,206579924,0,0,NA,0,-4043,270,-72,-0.987061,0.065918,-0.017578,100,100,8,UNCALIBRATED_SENSOR_1,false,CALIBRATION_MISSING,CALIBRATION_MISSING,kx134_single_node_i2c.0.1.0,kx134.v3
kx134.v3,NODE_PROTOTYPE,1,KX134_SENSOR_1,sensor_node_1,D4:E9:F4:E9:8E:1C,20611,206589925,0,0,NA,0,-4031,276,-61,-0.984131,0.067383,-0.014893,100,100,8,UNCALIBRATED_SENSOR_1,false,CALIBRATION_MISSING,CALIBRATION_MISSING,kx134_single_node_i2c.0.1.0,kx134.v3
kx134.v3,NODE_PROTOTYPE,1,KX134_SENSOR_1,sensor_node_1,D4:E9:F4:E9:8E:1C,20612,206599925,0,0,NA,0,-4061,257,-56,-0.991455,0.062744,-0.013672,100,100,8,UNCALIBRATED_SENSOR_1,false,CALIBRATION_MISSING,CALIBRATION_MISSING,kx134_single_node_i2c.0.1.0,kx134.v3
kx134.v3,NODE_PROTOTYPE,1,KX134_SENSOR_1,sensor_node_1,D4:E9:F4:E9:8E:1C,20613,206609925,0,0,NA,0,-4095,260,-56,-0.999756,0.063477,-0.013672,100,100,8,UNCALIBRATED_SENSOR_1,false,CALIBRATION_MISSING,CALIBRATION_MISSING,kx134_single_node_i2c.0.1.0,kx134.v3
kx134.v3,NODE_PROTOTYPE,1,KX134_SENSOR_1,sensor_node_1,D4:E9:F4:E9:8E:1C,20614,206619925,0,0,NA,0,-4098,279,-60,-1.000488,0.068115,-0.014648,100,100,8,UNCALIBRATED_SENSOR_1,false,CALIBRATION_MISSING,CALIBRATION_MISSING,kx134_single_node_i2c.0.1.0,kx134.v3
kx134.v3,NODE_PROTOTYPE,1,KX134_SENSOR_1,sensor_node_1,D4:E9:F4:E9:8E:1C,20615,206629925,0,0,NA,0,-4097,284,-80,-1.000244,0.069336,-0.019531,100,100,8,UNCALIBRATED_SENSOR_1,false,CALIBRATION_MISSING,CALIBRATION_MISSING,kx134_single_node_i2c.0.1.0,kx134.v3
kx134.v3,NODE_PROTOTYPE,1,KX134_SENSOR_1,sensor_node_1,D4:E9:F4:E9:8E:1C,20616,206639925,0,0,NA,0,-4093,295,-103,-0.999268,0.072021,-0.025146,100,100,8,UNCALIBRATED_SENSOR_1,false,CALIBRATION_MISSING,CALIBRATION_MISSING,kx134_single_node_i2c.0.1.0,kx134.v3
kx134.v3,NODE_PROTOTYPE,1,KX134_SENSOR_1,sensor_node_1,D4:E9:F4:E9:8E:1C,20617,206649925,0,0,NA,0,-4073,295,-98,-0.994385,0.072021,-0.023926,100,100,8,UNCALIBRATED_SENSOR_1,false,CALIBRATION_MISSING,CALIBRATION_MISSING,kx134_single_node_i2c.0.1.0,kx134.v3
kx134.v3,NODE_PROTOTYPE,1,KX134_SENSOR_1,sensor_node_1,D4:E9:F4:E9:8E:1C,20618,206659925,0,0,NA,0,-4073,297,-78,-0.994385,0.072510,-0.019043,100,100,8,UNCALIBRATED_SENSOR_1,false,CALIBRATION_MISSING,CALIBRATION_MISSING,kx134_single_node_i2c.0.1.0,kx134.v3
kx134.v3,NODE_PROTOTYPE,1,KX134_SENSOR_1,sensor_node_1,D4:E9:F4:E9:8E:1C,20619,206669924,0,0,NA,0,-4091,296,-58,-0.998779,0.072266,-0.014160,100,100,8,UNCALIBRATED_SENSOR_1,false,CALIBRATION_MISSING,CALIBRATION_MISSING,kx134_single_node_i2c.0.1.0,kx134.v3
kx134.v3,NODE_PROTOTYPE,1,KX134_SENSOR_1,sensor_node_1,D4:E9:F4:E9:8E:1C,20620,206679925,0,0,NA,0,-4096,270,-55,-1.000000,0.065918,-0.013428,100,100,8,UNCALIBRATED_SENSOR_1,false,CALIBRATION_MISSING,CALIBRATION_MISSING,kx134_single_node_i2c.0.1.0,kx134.v3
kx134.v3,NODE_PROTOTYPE,1,KX134_SENSOR_1,sensor_node_1,D4:E9:F4:E9:8E:1C,20621,206689924,0,0,NA,0,-4072,273,-45,-0.994141,0.066650,-0.010986,100,100,8,UNCALIBRATED_SENSOR_1,false,CALIBRATION_MISSING,CALIBRATION_MISSING,kx134_single_node_i2c.0.1.0,kx134.v3
kx134.v3,NODE_PROTOTYPE,1,KX134_SENSOR_1,sensor_node_1,D4:E9:F4:E9:8E:1C,20622,206699925,0,0,NA,0,-4067,281,-43,-0.992920,0.068604,-0.010498,100,100,8,UNCALIBRATED_SENSOR_1,false,CALIBRATION_MISSING,CALIBRATION_MISSING,kx134_single_node_i2c.0.1.0,kx134.v3
kx134.v3,NODE_PROTOTYPE,1,KX134_SENSOR_1,sensor_node_1,D4:E9:F4:E9:8E:1C,20623,206709924,0,0,NA,0,-4093,271,-53,-0.999268,0.066162,-0.012939,100,100,8,UNCALIBRATED_SENSOR_1,false,CALIBRATION_MISSING,CALIBRATION_MISSING,kx134_single_node_i2c.0.1.0,kx134.v3
kx134.v3,NODE_PROTOTYPE,1,KX134_SENSOR_1,sensor_node_1,D4:E9:F4:E9:8E:1C,20624,206719924,0,0,NA,0,-4099,281,-57,-1.000732,0.068604,-0.013916,100,100,8,UNCALIBRATED_SENSOR_1,false,CALIBRATION_MISSING,CALIBRATION_MISSING,kx134_single_node_i2c.0.1.0,kx134.v3
kx134.v3,NODE_PROTOTYPE,1,KX134_SENSOR_1,sensor_node_1,D4:E9:F4:E9:8E:1C,20625,206729924,0,0,NA,0,-4101,277,-71,-1.001221,0.067627,-0.017334,100,100,8,UNCALIBRATED_SENSOR_1,false,CALIBRATION_MISSING,CALIBRATION_MISSING,kx134_single_node_i2c.0.1.0,kx134.v3
kx134.v3,NODE_PROTOTYPE,1,KX134_SENSOR_1,sensor_node_1,D4:E9:F4:E9:8E:1C,20626,206739925,0,0,NA,0,-4060,245,-43,-0.991211,0.059814,-0.010498,100,100,8,UNCALIBRATED_SENSOR_1,false,CALIBRATION_MISSING,CALIBRATION_MISSING,kx134_single_node_i2c.0.1.0,kx134.v3
kx134.v3,NODE_PROTOTYPE,1,KX134_SENSOR_1,sensor_node_1,D4:E9:F4:E9:8E:1C,20627,206749924,0,0,NA,0,-4031,248,-20,-0.984131,0.060547,-0.004883,100,100,8,UNCALIBRATED_SENSOR_1,false,CALIBRATION_MISSING,CALIBRATION_MISSING,kx134_single_node_i2c.0.1.0,kx134.v3
kx134.v3,NODE_PROTOTYPE,1,KX134_SENSOR_1,sensor_node_1,D4:E9:F4:E9:8E:1C,20628,206759924,0,0,NA,0,-4058,274,-76,-0.990723,0.066895,-0.018555,100,100,8,UNCALIBRATED_SENSOR_1,false,CALIBRATION_MISSING,CALIBRATION_MISSING,kx134_single_node_i2c.0.1.0,kx134.v3
kx134.v3,NODE_PROTOTYPE,1,KX134_SENSOR_1,sensor_node_1,D4:E9:F4:E9:8E:1C,20629,206769925,0,0,NA,0,-4050,266,-80,-0.988770,0.064941,-0.019531,100,100,8,UNCALIBRATED_SENSOR_1,false,CALIBRATION_MISSING,CALIBRATION_MISSING,kx134_single_node_i2c.0.1.0,kx134.v3
kx134.v3,NODE_PROTOTYPE,1,KX134_SENSOR_1,sensor_node_1,D4:E9:F4:E9:8E:1C,20630,206779924,0,0,NA,0,-4054,256,-37,-0.989746,0.062500,-0.009033,100,100,8,UNCALIBRATED_SENSOR_1,false,CALIBRATION_MISSING,CALIBRATION_MISSING,kx134_single_node_i2c.0.1.0,kx134.v3
kx134.v3,NODE_PROTOTYPE,1,KX134_SENSOR_1,sensor_node_1,D4:E9:F4:E9:8E:1C,20631,206789925,0,0,NA,0,-4088,268,-31,-0.998047,0.065430,-0.007568,100,100,8,UNCALIBRATED_SENSOR_1,false,CALIBRATION_MISSING,CALIBRATION_MISSING,kx134_single_node_i2c.0.1.0,kx134.v3
kx134.v3,NODE_PROTOTYPE,1,KX134_SENSOR_1,sensor_node_1,D4:E9:F4:E9:8E:1C,20632,206799924,0,0,NA,0,-4105,265,-63,-1.002197,0.064697,-0.015381,100,100,8,UNCALIBRATED_SENSOR_1,false,CALIBRATION_MISSING,CALIBRATION_MISSING,kx134_single_node_i2c.0.1.0,kx134.v3
kx134.v3,NODE_PROTOTYPE,1,KX134_SENSOR_1,sensor_node_1,D4:E9:F4:E9:8E:1C,20633,206809924,0,0,NA,0,-4077,263,-95,-0.995361,0.064209,-0.023193,100,100,8,UNCALIBRATED_SENSOR_1,false,CALIBRATION_MISSING,CALIBRATION_MISSING,kx134_single_node_i2c.0.1.0,kx134.v3
kx134.v3,NODE_PROTOTYPE,1,KX134_SENSOR_1,sensor_node_1,D4:E9:F4:E9:8E:1C,20634,206819925,0,0,NA,0,-4067,270,-86,-0.992920,0.065918,-0.020996,100,100,8,UNCALIBRATED_SENSOR_1,false,CALIBRATION_MISSING,CALIBRATION_MISSING,kx134_single_node_i2c.0.1.0,kx134.v3
kx134.v3,NODE_PROTOTYPE,1,KX134_SENSOR_1,sensor_node_1,D4:E9:F4:E9:8E:1C,20635,206829925,0,0,NA,0,-4068,288,-57,-0.993164,0.070312,-0.013916,100,100,8,UNCALIBRATED_SENSOR_1,false,CALIBRATION_MISSING,CALIBRATION_MISSING,kx134_single_node_i2c.0.1.0,kx134.v3
kx134.v3,NODE_PROTOTYPE,1,KX134_SENSOR_1,sensor_node_1,D4:E9:F4:E9:8E:1C,20636,206839925,0,0,NA,0,-4071,282,-62,-0.993896,0.068848,-0.015137,100,100,8,UNCALIBRATED_SENSOR_1,false,CALIBRATION_MISSING,CALIBRATION_MISSING,kx134_single_node_i2c.0.1.0,kx134.v3
kx134.v3,NODE_PROTOTYPE,1,KX134_SENSOR_1,sensor_node_1,D4:E9:F4:E9:8E:1C,20637,206849925,0,0,NA,0,-4090,253,-87,-0.998535,0.061768,-0.021240,100,100,8,UNCALIBRATED_SENSOR_1,false,CALIBRATION_MISSING,CALIBRATION_MISSING,kx134_single_node_i2c.0.1.0,kx134.v3
kx134.v3,NODE_PROTOTYPE,1,KX134_SENSOR_1,sensor_node_1,D4:E9:F4:E9:8E:1C,20638,206859925,0,0,NA,0,-4099,263,-103,-1.000732,0.064209,-0.025146,100,100,8,UNCALIBRATED_SENSOR_1,false,CALIBRATION_MISSING,CALIBRATION_MISSING,kx134_single_node_i2c.0.1.0,kx134.v3
kx134.v3,NODE_PROTOTYPE,1,KX134_SENSOR_1,sensor_node_1,D4:E9:F4:E9:8E:1C,20639,206869925,0,0,NA,0,-4106,252,-85,-1.002441,0.061523,-0.020752,100,100,8,UNCALIBRATED_SENSOR_1,false,CALIBRATION_MISSING,CALIBRATION_MISSING,kx134_single_node_i2c.0.1.0,kx134.v3
kx134.v3,NODE_PROTOTYPE,1,KX134_SENSOR_1,sensor_node_1,D4:E9:F4:E9:8E:1C,20640,206879925,0,0,NA,0,-4094,248,-54,-0.999512,0.060547,-0.013184,100,100,8,UNCALIBRATED_SENSOR_1,false,CALIBRATION_MISSING,CALIBRATION_MISSING,kx134_single_node_i2c.0.1.0,kx134.v3
kx134.v3,NODE_PROTOTYPE,1,KX134_SENSOR_1,sensor_node_1,D4:E9:F4:E9:8E:1C,20641,206889925,0,0,NA,0,-4099,302,-65,-1.000732,0.073730,-0.015869,100,100,8,UNCALIBRATED_SENSOR_1,false,CALIBRATION_MISSING,CALIBRATION_MISSING,kx134_single_node_i2c.0.1.0,kx134.v3
kx134.v3,NODE_PROTOTYPE,1,KX134_SENSOR_1,sensor_node_1,D4:E9:F4:E9:8E:1C,20642,206899924,0,0,NA,0,-4109,331,-82,-1.003174,0.080811,-0.020020,100,100,8,UNCALIBRATED_SENSOR_1,false,CALIBRATION_MISSING,CALIBRATION_MISSING,kx134_single_node_i2c.0.1.0,kx134.v3
kx134.v3,NODE_PROTOTYPE,1,KX134_SENSOR_1,sensor_node_1,D4:E9:F4:E9:8E:1C,20643,206909925,0,0,NA,0,-4108,323,-87,-1.002930,0.078857,-0.021240,100,100,8,UNCALIBRATED_SENSOR_1,false,CALIBRATION_MISSING,CALIBRATION_MISSING,kx134_single_node_i2c.0.1.0,kx134.v3
kx134.v3,NODE_PROTOTYPE,1,KX134_SENSOR_1,sensor_node_1,D4:E9:F4:E9:8E:1C,20644,206919925,0,0,NA,0,-4118,321,-94,-1.005371,0.078369,-0.022949,100,100,8,UNCALIBRATED_SENSOR_1,false,CALIBRATION_MISSING,CALIBRATION_MISSING,kx134_single_node_i2c.0.1.0,kx134.v3
kx134.v3,NODE_PROTOTYPE,1,KX134_SENSOR_1,sensor_node_1,D4:E9:F4:E9:8E:1C,20645,206929925,0,0,NA,0,-4113,330,-97,-1.004150,0.080566,-0.023682,100,100,8,UNCALIBRATED_SENSOR_1,false,CALIBRATION_MISSING,CALIBRATION_MISSING,kx134_single_node_i2c.0.1.0,kx134.v3
kx134.v3,NODE_PROTOTYPE,1,KX134_SENSOR_1,sensor_node_1,D4:E9:F4:E9:8E:1C,20646,206939924,0,0,NA,0,-4097,342,-93,-1.000244,0.083496,-0.022705,100,100,8,UNCALIBRATED_SENSOR_1,false,CALIBRATION_MISSING,CALIBRATION_MISSING,kx134_single_node_i2c.0.1.0,kx134.v3
kx134.v3,NODE_PROTOTYPE,1,KX134_SENSOR_1,sensor_node_1,D4:E9:F4:E9:8E:1C,20647,206949925,0,0,NA,0,-4104,333,-97,-1.001953,0.081299,-0.023682,100,100,8,UNCALIBRATED_SENSOR_1,false,CALIBRATION_MISSING,CALIBRATION_MISSING,kx134_single_node_i2c.0.1.0,kx134.v3
kx134.v3,NODE_PROTOTYPE,1,KX134_SENSOR_1,sensor_node_1,D4:E9:F4:E9:8E:1C,20648,206959925,0,0,NA,0,-4106,331,-105,-1.002441,0.080811,-0.025635,100,100,8,UNCALIBRATED_SENSOR_1,false,CALIBRATION_MISSING,CALIBRATION_MISSING,kx134_single_node_i2c.0.1.0,kx134.v3
kx134.v3,NODE_PROTOTYPE,1,KX134_SENSOR_1,sensor_node_1,D4:E9:F4:E9:8E:1C,20649,206969925,0,0,NA,0,-4086,342,-117,-0.997559,0.083496,-0.028564,100,100,8,UNCALIBRATED_SENSOR_1,false,CALIBRATION_MISSING,CALIBRATION_MISSING,kx134_single_node_i2c.0.1.0,kx134.v3
kx134.v3,NODE_PROTOTYPE,1,KX134_SENSOR_1,sensor_node_1,D4:E9:F4:E9:8E:1C,20650,206979925,0,0,NA,0,-4075,343,-117,-0.994873,0.083740,-0.028564,100,100,8,UNCALIBRATED_SENSOR_1,false,CALIBRATION_MISSING,CALIBRATION_MISSING,kx134_single_node_i2c.0.1.0,kx134.v3
kx134.v3,NODE_PROTOTYPE,1,KX134_SENSOR_1,sensor_node_1,D4:E9:F4:E9:8E:1C,20651,206989925,0,0,NA,0,-4082,327,-123,-0.996582,0.079834,-0.030029,100,100,8,UNCALIBRATED_SENSOR_1,false,CALIBRATION_MISSING,CALIBRATION_MISSING,kx134_single_node_i2c.0.1.0,kx134.v3
kx134.v3,NODE_PROTOTYPE,1,KX134_SENSOR_1,sensor_node_1,D4:E9:F4:E9:8E:1C,20652,206999924,0,0,NA,0,-4083,305,-129,-0.996826,0.074463,-0.031494,100,100,8,UNCALIBRATED_SENSOR_1,false,CALIBRATION_MISSING,CALIBRATION_MISSING,kx134_single_node_i2c.0.1.0,kx134.v3
kx134.v3,NODE_PROTOTYPE,1,KX134_SENSOR_1,sensor_node_1,D4:E9:F4:E9:8E:1C,20653,207009925,0,0,NA,0,-4085,301,-124,-0.997314,0.073486,-0.030273,100,100,8,UNCALIBRATED_SENSOR_1,false,CALIBRATION_MISSING,CALIBRATION_MISSING,kx134_single_node_i2c.0.1.0,kx134.v3
kx134.v3,NODE_PROTOTYPE,1,KX134_SENSOR_1,sensor_node_1,D4:E9:F4:E9:8E:1C,20654,207019925,0,0,NA,0,-4121,339,-154,-1.006104,0.082764,-0.037598,100,100,8,UNCALIBRATED_SENSOR_1,false,CALIBRATION_MISSING,CALIBRATION_MISSING,kx134_single_node_i2c.0.1.0,kx134.v3
kx134.v3,NODE_PROTOTYPE,1,KX134_SENSOR_1,sensor_node_1,D4:E9:F4:E9:8E:1C,20655,207029925,0,0,NA,0,-4152,274,-118,-1.013672,0.066895,-0.028809,100,100,8,UNCALIBRATED_SENSOR_1,false,CALIBRATION_MISSING,CALIBRATION_MISSING,kx134_single_node_i2c.0.1.0,kx134.v3
kx134.v3,NODE_PROTOTYPE,1,KX134_SENSOR_1,sensor_node_1,D4:E9:F4:E9:8E:1C,20656,207039925,0,0,NA,0,-4150,249,-41,-1.013184,0.060791,-0.010010,100,100,8,UNCALIBRATED_SENSOR_1,false,CALIBRATION_MISSING,CALIBRATION_MISSING,kx134_single_node_i2c.0.1.0,kx134.v3
kx134.v3,NODE_PROTOTYPE,1,KX134_SENSOR_1,sensor_node_1,D4:E9:F4:E9:8E:1C,20657,207049925,0,0,NA,0,-4049,302,9,-0.988525,0.073730,0.002197,100,100,8,UNCALIBRATED_SENSOR_1,false,CALIBRATION_MISSING,CALIBRATION_MISSING,kx134_single_node_i2c.0.1.0,kx134.v3
kx134.v3,NODE_PROTOTYPE,1,KX134_SENSOR_1,sensor_node_1,D4:E9:F4:E9:8E:1C,20658,207059924,0,0,NA,0,-4049,302,9,-0.988525,0.073730,0.002197,100,100,8,UNCALIBRATED_SENSOR_1,false,CALIBRATION_MISSING,CALIBRATION_MISSING,kx134_single_node_i2c.0.1.0,kx134.v3
kx134.v3,NODE_PROTOTYPE,1,KX134_SENSOR_1,sensor_node_1,D4:E9:F4:E9:8E:1C,20659,207069924,0,0,NA,0,-3884,259,43,-0.948242,0.063232,0.010498,100,100,8,UNCALIBRATED_SENSOR_1,false,CALIBRATION_MISSING,CALIBRATION_MISSING,kx134_single_node_i2c.0.1.0,kx134.v3
kx134.v3,NODE_PROTOTYPE,1,KX134_SENSOR_1,sensor_node_1,D4:E9:F4:E9:8E:1C,20660,207079925,0,0,NA,0,-3913,225,73,-0.955322,0.054932,0.017822,100,100,8,UNCALIBRATED_SENSOR_1,false,CALIBRATION_MISSING,CALIBRATION_MISSING,kx134_single_node_i2c.0.1.0,kx134.v3
kx134.v3,NODE_PROTOTYPE,1,KX134_SENSOR_1,sensor_node_1,D4:E9:F4:E9:8E:1C,20661,207089924,0,0,NA,0,-4114,317,-25,-1.004395,0.077393,-0.006104,100,100,8,UNCALIBRATED_SENSOR_1,false,CALIBRATION_MISSING,CALIBRATION_MISSING,kx134_single_node_i2c.0.1.0,kx134.v3
kx134.v3,NODE_PROTOTYPE,1,KX134_SENSOR_1,sensor_node_1,D4:E9:F4:E9:8E:1C,20662,207099924,0,0,NA,0,-4112,364,-204,-1.003906,0.088867,-0.049805,100,100,8,UNCALIBRATED_SENSOR_1,false,CALIBRATION_MISSING,CALIBRATION_MISSING,kx134_single_node_i2c.0.1.0,kx134.v3
kx134.v3,NODE_PROTOTYPE,1,KX134_SENSOR_1,sensor_node_1,D4:E9:F4:E9:8E:1C,20663,207109925,0,0,NA,0,-4044,343,-229,-0.987305,0.083740,-0.055908,100,100,8,UNCALIBRATED_SENSOR_1,false,CALIBRATION_MISSING,CALIBRATION_MISSING,kx134_single_node_i2c.0.1.0,kx134.v3
kx134.v3,NODE_PROTOTYPE,1,KX134_SENSOR_1,sensor_node_1,D4:E9:F4:E9:8E:1C,20664,207119924,0,0,NA,0,-4109,381,-245,-1.003174,0.093018,-0.059814,100,100,8,UNCALIBRATED_SENSOR_1,false,CALIBRATION_MISSING,CALIBRATION_MISSING,kx134_single_node_i2c.0.1.0,kx134.v3
kx134.v3,NODE_PROTOTYPE,1,KX134_SENSOR_1,sensor_node_1,D4:E9:F4:E9:8E:1C,20665,207129925,0,0,NA,0,-4154,339,-225,-1.014160,0.082764,-0.054932,100,100,8,UNCALIBRATED_SENSOR_1,false,CALIBRATION_MISSING,CALIBRATION_MISSING,kx134_single_node_i2c.0.1.0,kx134.v3
kx134.v3,NODE_PROTOTYPE,1,KX134_SENSOR_1,sensor_node_1,D4:E9:F4:E9:8E:1C,20666,207139925,0,0,NA,0,-4142,277,-140,-1.011230,0.067627,-0.034180,100,100,8,UNCALIBRATED_SENSOR_1,false,CALIBRATION_MISSING,CALIBRATION_MISSING,kx134_single_node_i2c.0.1.0,kx134.v3
kx134.v3,NODE_PROTOTYPE,1,KX134_SENSOR_1,sensor_node_1,D4:E9:F4:E9:8E:1C,20667,207149924,0,0,NA,0,-4112,252,-143,-1.003906,0.061523,-0.034912,100,100,8,UNCALIBRATED_SENSOR_1,false,CALIBRATION_MISSING,CALIBRATION_MISSING,kx134_single_node_i2c.0.1.0,kx134.v3
kx134.v3,NODE_PROTOTYPE,1,KX134_SENSOR_1,sensor_node_1,D4:E9:F4:E9:8E:1C,20668,207159925,0,0,NA,0,-4087,256,-143,-0.997803,0.062500,-0.034912,100,100,8,UNCALIBRATED_SENSOR_1,false,CALIBRATION_MISSING,CALIBRATION_MISSING,kx134_single_node_i2c.0.1.0,kx134.v3
kx134.v3,NODE_PROTOTYPE,1,KX134_SENSOR_1,sensor_node_1,D4:E9:F4:E9:8E:1C,20669,207169925,0,0,NA,0,-4069,300,-120,-0.993408,0.073242,-0.029297,100,100,8,UNCALIBRATED_SENSOR_1,false,CALIBRATION_MISSING,CALIBRATION_MISSING,kx134_single_node_i2c.0.1.0,kx134.v3
kx134.v3,NODE_PROTOTYPE,1,KX134_SENSOR_1,sensor_node_1,D4:E9:F4:E9:8E:1C,20670,207179924,0,0,NA,0,-4079,317,-96,-0.995850,0.077393,-0.023437,100,100,8,UNCALIBRATED_SENSOR_1,false,CALIBRATION_MISSING,CALIBRATION_MISSING,kx134_single_node_i2c.0.1.0,kx134.v3
kx134.v3,NODE_PROTOTYPE,1,KX134_SENSOR_1,sensor_node_1,D4:E9:F4:E9:8E:1C,20671,207189924,0,0,NA,0,-4097,280,-61,-1.000244,0.068359,-0.014893,100,100,8,UNCALIBRATED_SENSOR_1,false,CALIBRATION_MISSING,CALIBRATION_MISSING,kx134_single_node_i2c.0.1.0,kx134.v3
kx134.v3,NODE_PROTOTYPE,1,KX134_SENSOR_1,sensor_node_1,D4:E9:F4:E9:8E:1C,20672,207199925,0,0,NA,0,-4103,238,-58,-1.001709,0.058105,-0.014160,100,100,8,UNCALIBRATED_SENSOR_1,false,CALIBRATION_MISSING,CALIBRATION_MISSING,kx134_single_node_i2c.0.1.0,kx134.v3
kx134.v3,NODE_PROTOTYPE,1,KX134_SENSOR_1,sensor_node_1,D4:E9:F4:E9:8E:1C,20673,207209924,0,0,NA,0,-4105,234,-73,-1.002197,0.057129,-0.017822,100,100,8,UNCALIBRATED_SENSOR_1,false,CALIBRATION_MISSING,CALIBRATION_MISSING,kx134_single_node_i2c.0.1.0,kx134.v3
kx134.v3,NODE_PROTOTYPE,1,KX134_SENSOR_1,sensor_node_1,D4:E9:F4:E9:8E:1C,20674,207219925,0,0,NA,0,-4127,237,-93,-1.007568,0.057861,-0.022705,100,100,8,UNCALIBRATED_SENSOR_1,false,CALIBRATION_MISSING,CALIBRATION_MISSING,kx134_single_node_i2c.0.1.0,kx134.v3
kx134.v3,NODE_PROTOTYPE,1,KX134_SENSOR_1,sensor_node_1,D4:E9:F4:E9:8E:1C,20675,207229924,0,0,NA,0,-4123,249,-112,-1.006592,0.060791,-0.027344,100,100,8,UNCALIBRATED_SENSOR_1,false,CALIBRATION_MISSING,CALIBRATION_MISSING,kx134_single_node_i2c.0.1.0,kx134.v3
kx134.v3,NODE_PROTOTYPE,1,KX134_SENSOR_1,sensor_node_1,D4:E9:F4:E9:8E:1C,20676,207239924,0,0,NA,0,-4102,292,-88,-1.001465,0.071289,-0.021484,100,100,8,UNCALIBRATED_SENSOR_1,false,CALIBRATION_MISSING,CALIBRATION_MISSING,kx134_single_node_i2c.0.1.0,kx134.v3
kx134.v3,NODE_PROTOTYPE,1,KX134_SENSOR_1,sensor_node_1,D4:E9:F4:E9:8E:1C,20677,207249925,0,0,NA,0,-4088,295,-48,-0.998047,0.072021,-0.011719,100,100,8,UNCALIBRATED_SENSOR_1,false,CALIBRATION_MISSING,CALIBRATION_MISSING,kx134_single_node_i2c.0.1.0,kx134.v3
kx134.v3,NODE_PROTOTYPE,1,KX134_SENSOR_1,sensor_node_1,D4:E9:F4:E9:8E:1C,20678,207259925,0,0,NA,0,-4068,283,-56,-0.993164,0.069092,-0.013672,100,100,8,UNCALIBRATED_SENSOR_1,false,CALIBRATION_MISSING,CALIBRATION_MISSING,kx134_single_node_i2c.0.1.0,kx134.v3
kx134.v3,NODE_PROTOTYPE,1,KX134_SENSOR_1,sensor_node_1,D4:E9:F4:E9:8E:1C,20679,207269925,0,0,NA,0,-4050,267,-64,-0.988770,0.065186,-0.015625,100,100,8,UNCALIBRATED_SENSOR_1,false,CALIBRATION_MISSING,CALIBRATION_MISSING,kx134_single_node_i2c.0.1.0,kx134.v3
kx134.v3,NODE_PROTOTYPE,1,KX134_SENSOR_1,sensor_node_1,D4:E9:F4:E9:8E:1C,20680,207279924,0,0,NA,0,-4037,252,-56,-0.985596,0.061523,-0.013672,100,100,8,UNCALIBRATED_SENSOR_1,false,CALIBRATION_MISSING,CALIBRATION_MISSING,kx134_single_node_i2c.0.1.0,kx134.v3
kx134.v3,NODE_PROTOTYPE,1,KX134_SENSOR_1,sensor_node_1,D4:E9:F4:E9:8E:1C,20681,207289925,0,0,NA,0,-4068,241,-60,-0.993164,0.058838,-0.014648,100,100,8,UNCALIBRATED_SENSOR_1,false,CALIBRATION_MISSING,CALIBRATION_MISSING,kx134_single_node_i2c.0.1.0,kx134.v3
kx134.v3,NODE_PROTOTYPE,1,KX134_SENSOR_1,sensor_node_1,D4:E9:F4:E9:8E:1C,20682,207299925,0,0,NA,0,-4081,215,-74,-0.996338,0.052490,-0.018066,100,100,8,UNCALIBRATED_SENSOR_1,false,CALIBRATION_MISSING,CALIBRATION_MISSING,kx134_single_node_i2c.0.1.0,kx134.v3
kx134.v3,NODE_PROTOTYPE,1,KX134_SENSOR_1,sensor_node_1,D4:E9:F4:E9:8E:1C,20683,207309925,0,0,NA,0,-4059,230,-54,-0.990967,0.056152,-0.013184,100,100,8,UNCALIBRATED_SENSOR_1,false,CALIBRATION_MISSING,CALIBRATION_MISSING,kx134_single_node_i2c.0.1.0,kx134.v3
kx134.v3,NODE_PROTOTYPE,1,KX134_SENSOR_1,sensor_node_1,D4:E9:F4:E9:8E:1C,20684,207319925,0,0,NA,0,-4074,264,-32,-0.994629,0.064453,-0.007813,100,100,8,UNCALIBRATED_SENSOR_1,false,CALIBRATION_MISSING,CALIBRATION_MISSING,kx134_single_node_i2c.0.1.0,kx134.v3
kx134.v3,NODE_PROTOTYPE,1,KX134_SENSOR_1,sensor_node_1,D4:E9:F4:E9:8E:1C,20685,207329924,0,0,NA,0,-4093,266,-42,-0.999268,0.064941,-0.010254,100,100,8,UNCALIBRATED_SENSOR_1,false,CALIBRATION_MISSING,CALIBRATION_MISSING,kx134_single_node_i2c.0.1.0,kx134.v3
kx134.v3,NODE_PROTOTYPE,1,KX134_SENSOR_1,sensor_node_1,D4:E9:F4:E9:8E:1C,20686,207339925,0,0,NA,0,-4122,268,-56,-1.006348,0.065430,-0.013672,100,100,8,UNCALIBRATED_SENSOR_1,false,CALIBRATION_MISSING,CALIBRATION_MISSING,kx134_single_node_i2c.0.1.0,kx134.v3
kx134.v3,NODE_PROTOTYPE,1,KX134_SENSOR_1,sensor_node_1,D4:E9:F4:E9:8E:1C,20687,207349925,0,0,NA,0,-4131,272,-72,-1.008545,0.066406,-0.017578,100,100,8,UNCALIBRATED_SENSOR_1,false,CALIBRATION_MISSING,CALIBRATION_MISSING,kx134_single_node_i2c.0.1.0,kx134.v3
kx134.v3,NODE_PROTOTYPE,1,KX134_SENSOR_1,sensor_node_1,D4:E9:F4:E9:8E:1C,20688,207359925,0,0,NA,0,-4109,277,-61,-1.003174,0.067627,-0.014893,100,100,8,UNCALIBRATED_SENSOR_1,false,CALIBRATION_MISSING,CALIBRATION_MISSING,kx134_single_node_i2c.0.1.0,kx134.v3
kx134.v3,NODE_PROTOTYPE,1,KX134_SENSOR_1,sensor_node_1,D4:E9:F4:E9:8E:1C,20689,207369925,0,0,NA,0,-4109,284,-68,-1.003174,0.069336,-0.016602,100,100,8,UNCALIBRATED_SENSOR_1,false,CALIBRATION_MISSING,CALIBRATION_MISSING,kx134_single_node_i2c.0.1.0,kx134.v3
kx134.v3,NODE_PROTOTYPE,1,KX134_SENSOR_1,sensor_node_1,D4:E9:F4:E9:8E:1C,20690,207379925,0,0,NA,0,-4101,286,-85,-1.001221,0.069824,-0.020752,100,100,8,UNCALIBRATED_SENSOR_1,false,CALIBRATION_MISSING,CALIBRATION_MISSING,kx134_single_node_i2c.0.1.0,kx134.v3
kx134.v3,NODE_PROTOTYPE,1,KX134_SENSOR_1,sensor_node_1,D4:E9:F4:E9:8E:1C,20691,207389925,0,0,NA,0,-4086,278,-52,-0.997559,0.067871,-0.012695,100,100,8,UNCALIBRATED_SENSOR_1,false,CALIBRATION_MISSING,CALIBRATION_MISSING,kx134_single_node_i2c.0.1.0,kx134.v3
kx134.v3,NODE_PROTOTYPE,1,KX134_SENSOR_1,sensor_node_1,D4:E9:F4:E9:8E:1C,20692,207399925,0,0,NA,0,-4074,245,-39,-0.994629,0.059814,-0.009521,100,100,8,UNCALIBRATED_SENSOR_1,false,CALIBRATION_MISSING,CALIBRATION_MISSING,kx134_single_node_i2c.0.1.0,kx134.v3
kx134.v3,NODE_PROTOTYPE,1,KX134_SENSOR_1,sensor_node_1,D4:E9:F4:E9:8E:1C,20693,207409925,0,0,NA,0,-4090,254,-59,-0.998535,0.062012,-0.014404,100,100,8,UNCALIBRATED_SENSOR_1,false,CALIBRATION_MISSING,CALIBRATION_MISSING,kx134_single_node_i2c.0.1.0,kx134.v3
kx134.v3,NODE_PROTOTYPE,1,KX134_SENSOR_1,sensor_node_1,D4:E9:F4:E9:8E:1C,20694,207419924,0,0,NA,0,-4121,267,-63,-1.006104,0.065186,-0.015381,100,100,8,UNCALIBRATED_SENSOR_1,false,CALIBRATION_MISSING,CALIBRATION_MISSING,kx134_single_node_i2c.0.1.0,kx134.v3
kx134.v3,NODE_PROTOTYPE,1,KX134_SENSOR_1,sensor_node_1,D4:E9:F4:E9:8E:1C,20695,207429925,0,0,NA,0,-4139,245,-81,-1.010498,0.059814,-0.019775,100,100,8,UNCALIBRATED_SENSOR_1,false,CALIBRATION_MISSING,CALIBRATION_MISSING,kx134_single_node_i2c.0.1.0,kx134.v3
kx134.v3,NODE_PROTOTYPE,1,KX134_SENSOR_1,sensor_node_1,D4:E9:F4:E9:8E:1C,20696,207439925,0,0,NA,0,-4147,248,-69,-1.012451,0.060547,-0.016846,100,100,8,UNCALIBRATED_SENSOR_1,false,CALIBRATION_MISSING,CALIBRATION_MISSING,kx134_single_node_i2c.0.1.0,kx134.v3
kx134.v3,NODE_PROTOTYPE,1,KX134_SENSOR_1,sensor_node_1,D4:E9:F4:E9:8E:1C,20697,207449924,0,0,NA,0,-4142,277,-47,-1.011230,0.067627,-0.011475,100,100,8,UNCALIBRATED_SENSOR_1,false,CALIBRATION_MISSING,CALIBRATION_MISSING,kx134_single_node_i2c.0.1.0,kx134.v3
kx134.v3,NODE_PROTOTYPE,1,KX134_SENSOR_1,sensor_node_1,D4:E9:F4:E9:8E:1C,20698,207459925,0,0,NA,0,-4120,297,-60,-1.005859,0.072510,-0.014648,100,100,8,UNCALIBRATED_SENSOR_1,false,CALIBRATION_MISSING,CALIBRATION_MISSING,kx134_single_node_i2c.0.1.0,kx134.v3
kx134.v3,NODE_PROTOTYPE,1,KX134_SENSOR_1,sensor_node_1,D4:E9:F4:E9:8E:1C,20699,207469924,0,0,NA,0,-4083,312,-80,-0.996826,0.076172,-0.019531,100,100,8,UNCALIBRATED_SENSOR_1,false,CALIBRATION_MISSING,CALIBRATION_MISSING,kx134_single_node_i2c.0.1.0,kx134.v3
kx134.v3,NODE_PROTOTYPE,1,KX134_SENSOR_1,sensor_node_1,D4:E9:F4:E9:8E:1C,20700,207479924,0,0,NA,0,-4070,338,-113,-0.993652,0.082520,-0.027588,100,100,8,UNCALIBRATED_SENSOR_1,false,CALIBRATION_MISSING,CALIBRATION_MISSING,kx134_single_node_i2c.0.1.0,kx134.v3
kx134.v3,NODE_PROTOTYPE,1,KX134_SENSOR_1,sensor_node_1,D4:E9:F4:E9:8E:1C,20701,207489925,0,0,NA,0,-4070,344,-120,-0.993652,0.083984,-0.029297,100,100,8,UNCALIBRATED_SENSOR_1,false,CALIBRATION_MISSING,CALIBRATION_MISSING,kx134_single_node_i2c.0.1.0,kx134.v3
kx134.v3,NODE_PROTOTYPE,1,KX134_SENSOR_1,sensor_node_1,D4:E9:F4:E9:8E:1C,20702,207499924,0,0,NA,0,-4070,299,-115,-0.993652,0.072998,-0.028076,100,100,8,UNCALIBRATED_SENSOR_1,false,CALIBRATION_MISSING,CALIBRATION_MISSING,kx134_single_node_i2c.0.1.0,kx134.v3
kx134.v3,NODE_PROTOTYPE,1,KX134_SENSOR_1,sensor_node_1,D4:E9:F4:E9:8E:1C,20703,207509925,0,0,NA,0,-4064,249,-97,-0.992187,0.060791,-0.023682,100,100,8,UNCALIBRATED_SENSOR_1,false,CALIBRATION_MISSING,CALIBRATION_MISSING,kx134_single_node_i2c.0.1.0,kx134.v3
kx134.v3,NODE_PROTOTYPE,1,KX134_SENSOR_1,sensor_node_1,D4:E9:F4:E9:8E:1C,20704,207519925,0,0,NA,0,-4059,259,-64,-0.990967,0.063232,-0.015625,100,100,8,UNCALIBRATED_SENSOR_1,false,CALIBRATION_MISSING,CALIBRATION_MISSING,kx134_single_node_i2c.0.1.0,kx134.v3
kx134.v3,NODE_PROTOTYPE,1,KX134_SENSOR_1,sensor_node_1,D4:E9:F4:E9:8E:1C,20705,207529925,0,0,NA,0,-4067,291,-70,-0.992920,0.071045,-0.017090,100,100,8,UNCALIBRATED_SENSOR_1,false,CALIBRATION_MISSING,CALIBRATION_MISSING,kx134_single_node_i2c.0.1.0,kx134.v3
kx134.v3,NODE_PROTOTYPE,1,KX134_SENSOR_1,sensor_node_1,D4:E9:F4:E9:8E:1C,20706,207539925,0,0,NA,0,-4073,289,-96,-0.994385,0.070557,-0.023437,100,100,8,UNCALIBRATED_SENSOR_1,false,CALIBRATION_MISSING,CALIBRATION_MISSING,kx134_single_node_i2c.0.1.0,kx134.v3
kx134.v3,NODE_PROTOTYPE,1,KX134_SENSOR_1,sensor_node_1,D4:E9:F4:E9:8E:1C,20707,207549925,0,0,NA,0,-4091,305,-85,-0.998779,0.074463,-0.020752,100,100,8,UNCALIBRATED_SENSOR_1,false,CALIBRATION_MISSING,CALIBRATION_MISSING,kx134_single_node_i2c.0.1.0,kx134.v3
kx134.v3,NODE_PROTOTYPE,1,KX134_SENSOR_1,sensor_node_1,D4:E9:F4:E9:8E:1C,20708,207559925,0,0,NA,0,-4112,283,-62,-1.003906,0.069092,-0.015137,100,100,8,UNCALIBRATED_SENSOR_1,false,CALIBRATION_MISSING,CALIBRATION_MISSING,kx134_single_node_i2c.0.1.0,kx134.v3
kx134.v3,NODE_PROTOTYPE,1,KX134_SENSOR_1,sensor_node_1,D4:E9:F4:E9:8E:1C,20709,207569925,0,0,NA,0,-4091,254,-62,-0.998779,0.062012,-0.015137,100,100,8,UNCALIBRATED_SENSOR_1,false,CALIBRATION_MISSING,CALIBRATION_MISSING,kx134_single_node_i2c.0.1.0,kx134.v3
kx134.v3,NODE_PROTOTYPE,1,KX134_SENSOR_1,sensor_node_1,D4:E9:F4:E9:8E:1C,20710,207579925,0,0,NA,0,-4083,273,-66,-0.996826,0.066650,-0.016113,100,100,8,UNCALIBRATED_SENSOR_1,false,CALIBRATION_MISSING,CALIBRATION_MISSING,kx134_single_node_i2c.0.1.0,kx134.v3
kx134.v3,NODE_PROTOTYPE,1,KX134_SENSOR_1,sensor_node_1,D4:E9:F4:E9:8E:1C,20711,207589925,0,0,NA,0,-4108,279,-58,-1.002930,0.068115,-0.014160,100,100,8,UNCALIBRATED_SENSOR_1,false,CALIBRATION_MISSING,CALIBRATION_MISSING,kx134_single_node_i2c.0.1.0,kx134.v3
kx134.v3,NODE_PROTOTYPE,1,KX134_SENSOR_1,sensor_node_1,D4:E9:F4:E9:8E:1C,20712,207599924,0,0,NA,0,-4097,279,-61,-1.000244,0.068115,-0.014893,100,100,8,UNCALIBRATED_SENSOR_1,false,CALIBRATION_MISSING,CALIBRATION_MISSING,kx134_single_node_i2c.0.1.0,kx134.v3
kx134.v3,NODE_PROTOTYPE,1,KX134_SENSOR_1,sensor_node_1,D4:E9:F4:E9:8E:1C,20713,207609924,0,0,NA,0,-4077,264,-70,-0.995361,0.064453,-0.017090,100,100,8,UNCALIBRATED_SENSOR_1,false,CALIBRATION_MISSING,CALIBRATION_MISSING,kx134_single_node_i2c.0.1.0,kx134.v3
kx134.v3,NODE_PROTOTYPE,1,KX134_SENSOR_1,sensor_node_1,D4:E9:F4:E9:8E:1C,20714,207619925,0,0,NA,0,-4086,263,-59,-0.997559,0.064209,-0.014404,100,100,8,UNCALIBRATED_SENSOR_1,false,CALIBRATION_MISSING,CALIBRATION_MISSING,kx134_single_node_i2c.0.1.0,kx134.v3
kx134.v3,NODE_PROTOTYPE,1,KX134_SENSOR_1,sensor_node_1,D4:E9:F4:E9:8E:1C,20715,207629925,0,0,NA,0,-4063,295,-94,-0.991943,0.072021,-0.022949,100,100,8,UNCALIBRATED_SENSOR_1,false,CALIBRATION_MISSING,CALIBRATION_MISSING,kx134_single_node_i2c.0.1.0,kx134.v3
kx134.v3,NODE_PROTOTYPE,1,KX134_SENSOR_1,sensor_node_1,D4:E9:F4:E9:8E:1C,20716,207639925,0,0,NA,0,-4038,293,-109,-0.985840,0.071533,-0.026611,100,100,8,UNCALIBRATED_SENSOR_1,false,CALIBRATION_MISSING,CALIBRATION_MISSING,kx134_single_node_i2c.0.1.0,kx134.v3
kx134.v3,NODE_PROTOTYPE,1,KX134_SENSOR_1,sensor_node_1,D4:E9:F4:E9:8E:1C,20717,207649925,0,0,NA,0,-4061,266,-56,-0.991455,0.064941,-0.013672,100,100,8,UNCALIBRATED_SENSOR_1,false,CALIBRATION_MISSING,CALIBRATION_MISSING,kx134_single_node_i2c.0.1.0,kx134.v3
kx134.v3,NODE_PROTOTYPE,1,KX134_SENSOR_1,sensor_node_1,D4:E9:F4:E9:8E:1C,20718,207659925,0,0,NA,0,-4086,264,-39,-0.997559,0.064453,-0.009521,100,100,8,UNCALIBRATED_SENSOR_1,false,CALIBRATION_MISSING,CALIBRATION_MISSING,kx134_single_node_i2c.0.1.0,kx134.v3
kx134.v3,NODE_PROTOTYPE,1,KX134_SENSOR_1,sensor_node_1,D4:E9:F4:E9:8E:1C,20719,207669925,0,0,NA,0,-4108,255,-65,-1.002930,0.062256,-0.015869,100,100,8,UNCALIBRATED_SENSOR_1,false,CALIBRATION_MISSING,CALIBRATION_MISSING,kx134_single_node_i2c.0.1.0,kx134.v3
kx134.v3,NODE_PROTOTYPE,1,KX134_SENSOR_1,sensor_node_1,D4:E9:F4:E9:8E:1C,20720,207679925,0,0,NA,0,-4119,301,-101,-1.005615,0.073486,-0.024658,100,100,8,UNCALIBRATED_SENSOR_1,false,CALIBRATION_MISSING,CALIBRATION_MISSING,kx134_single_node_i2c.0.1.0,kx134.v3
kx134.v3,NODE_PROTOTYPE,1,KX134_SENSOR_1,sensor_node_1,D4:E9:F4:E9:8E:1C,20721,207689925,0,0,NA,0,-4124,340,-111,-1.006836,0.083008,-0.027100,100,100,8,UNCALIBRATED_SENSOR_1,false,CALIBRATION_MISSING,CALIBRATION_MISSING,kx134_single_node_i2c.0.1.0,kx134.v3
kx134.v3,NODE_PROTOTYPE,1,KX134_SENSOR_1,sensor_node_1,D4:E9:F4:E9:8E:1C,20722,207699924,0,0,NA,0,-4121,312,-81,-1.006104,0.076172,-0.019775,100,100,8,UNCALIBRATED_SENSOR_1,false,CALIBRATION_MISSING,CALIBRATION_MISSING,kx134_single_node_i2c.0.1.0,kx134.v3
kx134.v3,NODE_PROTOTYPE,1,KX134_SENSOR_1,sensor_node_1,D4:E9:F4:E9:8E:1C,20723,207709925,0,0,NA,0,-4101,319,-72,-1.001221,0.077881,-0.017578,100,100,8,UNCALIBRATED_SENSOR_1,false,CALIBRATION_MISSING,CALIBRATION_MISSING,kx134_single_node_i2c.0.1.0,kx134.v3
kx134.v3,NODE_PROTOTYPE,1,KX134_SENSOR_1,sensor_node_1,D4:E9:F4:E9:8E:1C,20724,207719925,0,0,NA,0,-4104,328,-75,-1.001953,0.080078,-0.018311,100,100,8,UNCALIBRATED_SENSOR_1,false,CALIBRATION_MISSING,CALIBRATION_MISSING,kx134_single_node_i2c.0.1.0,kx134.v3
kx134.v3,NODE_PROTOTYPE,1,KX134_SENSOR_1,sensor_node_1,D4:E9:F4:E9:8E:1C,20725,207729925,0,0,NA,0,-4103,312,-70,-1.001709,0.076172,-0.017090,100,100,8,UNCALIBRATED_SENSOR_1,false,CALIBRATION_MISSING,CALIBRATION_MISSING,kx134_single_node_i2c.0.1.0,kx134.v3
kx134.v3,NODE_PROTOTYPE,1,KX134_SENSOR_1,sensor_node_1,D4:E9:F4:E9:8E:1C,20726,207739924,0,0,NA,0,-4087,290,-94,-0.997803,0.070801,-0.022949,100,100,8,UNCALIBRATED_SENSOR_1,false,CALIBRATION_MISSING,CALIBRATION_MISSING,kx134_single_node_i2c.0.1.0,kx134.v3
kx134.v3,NODE_PROTOTYPE,1,KX134_SENSOR_1,sensor_node_1,D4:E9:F4:E9:8E:1C,20727,207749925,0,0,NA,0,-4078,302,-100,-0.995605,0.073730,-0.024414,100,100,8,UNCALIBRATED_SENSOR_1,false,CALIBRATION_MISSING,CALIBRATION_MISSING,kx134_single_node_i2c.0.1.0,kx134.v3
kx134.v3,NODE_PROTOTYPE,1,KX134_SENSOR_1,sensor_node_1,D4:E9:F4:E9:8E:1C,20728,207759925,0,0,NA,0,-4082,305,-85,-0.996582,0.074463,-0.020752,100,100,8,UNCALIBRATED_SENSOR_1,false,CALIBRATION_MISSING,CALIBRATION_MISSING,kx134_single_node_i2c.0.1.0,kx134.v3
kx134.v3,NODE_PROTOTYPE,1,KX134_SENSOR_1,sensor_node_1,D4:E9:F4:E9:8E:1C,20729,207769925,0,0,NA,0,-4083,285,-92,-0.996826,0.069580,-0.022461,100,100,8,UNCALIBRATED_SENSOR_1,false,CALIBRATION_MISSING,CALIBRATION_MISSING,kx134_single_node_i2c.0.1.0,kx134.v3
kx134.v3,NODE_PROTOTYPE,1,KX134_SENSOR_1,sensor_node_1,D4:E9:F4:E9:8E:1C,20730,207779924,0,0,NA,0,-4094,317,-116,-0.999512,0.077393,-0.028320,100,100,8,UNCALIBRATED_SENSOR_1,false,CALIBRATION_MISSING,CALIBRATION_MISSING,kx134_single_node_i2c.0.1.0,kx134.v3
kx134.v3,NODE_PROTOTYPE,1,KX134_SENSOR_1,sensor_node_1,D4:E9:F4:E9:8E:1C,20731,207789925,0,0,NA,0,-4104,331,-130,-1.001953,0.080811,-0.031738,100,100,8,UNCALIBRATED_SENSOR_1,false,CALIBRATION_MISSING,CALIBRATION_MISSING,kx134_single_node_i2c.0.1.0,kx134.v3
kx134.v3,NODE_PROTOTYPE,1,KX134_SENSOR_1,sensor_node_1,D4:E9:F4:E9:8E:1C,20732,207799924,0,0,NA,0,-4104,310,-116,-1.001953,0.075684,-0.028320,100,100,8,UNCALIBRATED_SENSOR_1,false,CALIBRATION_MISSING,CALIBRATION_MISSING,kx134_single_node_i2c.0.1.0,kx134.v3
kx134.v3,NODE_PROTOTYPE,1,KX134_SENSOR_1,sensor_node_1,D4:E9:F4:E9:8E:1C,20733,207809925,0,0,NA,0,-4116,296,-118,-1.004883,0.072266,-0.028809,100,100,8,UNCALIBRATED_SENSOR_1,false,CALIBRATION_MISSING,CALIBRATION_MISSING,kx134_single_node_i2c.0.1.0,kx134.v3
kx134.v3,NODE_PROTOTYPE,1,KX134_SENSOR_1,sensor_node_1,D4:E9:F4:E9:8E:1C,20734,207819925,0,0,NA,0,-4129,273,-105,-1.008057,0.066650,-0.025635,100,100,8,UNCALIBRATED_SENSOR_1,false,CALIBRATION_MISSING,CALIBRATION_MISSING,kx134_single_node_i2c.0.1.0,kx134.v3
kx134.v3,NODE_PROTOTYPE,1,KX134_SENSOR_1,sensor_node_1,D4:E9:F4:E9:8E:1C,20735,207829925,0,0,NA,0,-4091,251,-66,-0.998779,0.061279,-0.016113,100,100,8,UNCALIBRATED_SENSOR_1,false,CALIBRATION_MISSING,CALIBRATION_MISSING,kx134_single_node_i2c.0.1.0,kx134.v3
kx134.v3,NODE_PROTOTYPE,1,KX134_SENSOR_1,sensor_node_1,D4:E9:F4:E9:8E:1C,20736,207839925,0,0,NA,0,-4065,272,-56,-0.992432,0.066406,-0.013672,100,100,8,UNCALIBRATED_SENSOR_1,false,CALIBRATION_MISSING,CALIBRATION_MISSING,kx134_single_node_i2c.0.1.0,kx134.v3
kx134.v3,NODE_PROTOTYPE,1,KX134_SENSOR_1,sensor_node_1,D4:E9:F4:E9:8E:1C,20737,207849925,0,0,NA,0,-4087,283,-57,-0.997803,0.069092,-0.013916,100,100,8,UNCALIBRATED_SENSOR_1,false,CALIBRATION_MISSING,CALIBRATION_MISSING,kx134_single_node_i2c.0.1.0,kx134.v3
kx134.v3,NODE_PROTOTYPE,1,KX134_SENSOR_1,sensor_node_1,D4:E9:F4:E9:8E:1C,20738,207859925,0,0,NA,0,-4090,290,-68,-0.998535,0.070801,-0.016602,100,100,8,UNCALIBRATED_SENSOR_1,false,CALIBRATION_MISSING,CALIBRATION_MISSING,kx134_single_node_i2c.0.1.0,kx134.v3
kx134.v3,NODE_PROTOTYPE,1,KX134_SENSOR_1,sensor_node_1,D4:E9:F4:E9:8E:1C,20739,207869924,0,0,NA,0,-4098,299,-68,-1.000488,0.072998,-0.016602,100,100,8,UNCALIBRATED_SENSOR_1,false,CALIBRATION_MISSING,CALIBRATION_MISSING,kx134_single_node_i2c.0.1.0,kx134.v3
kx134.v3,NODE_PROTOTYPE,1,KX134_SENSOR_1,sensor_node_1,D4:E9:F4:E9:8E:1C,20740,207879924,0,0,NA,0,-4108,281,-76,-1.002930,0.068604,-0.018555,100,100,8,UNCALIBRATED_SENSOR_1,false,CALIBRATION_MISSING,CALIBRATION_MISSING,kx134_single_node_i2c.0.1.0,kx134.v3
kx134.v3,NODE_PROTOTYPE,1,KX134_SENSOR_1,sensor_node_1,D4:E9:F4:E9:8E:1C,20741,207889924,0,0,NA,0,-4097,278,-73,-1.000244,0.067871,-0.017822,100,100,8,UNCALIBRATED_SENSOR_1,false,CALIBRATION_MISSING,CALIBRATION_MISSING,kx134_single_node_i2c.0.1.0,kx134.v3
kx134.v3,NODE_PROTOTYPE,1,KX134_SENSOR_1,sensor_node_1,D4:E9:F4:E9:8E:1C,20742,207899924,0,0,NA,0,-4083,289,-69,-0.996826,0.070557,-0.016846,100,100,8,UNCALIBRATED_SENSOR_1,false,CALIBRATION_MISSING,CALIBRATION_MISSING,kx134_single_node_i2c.0.1.0,kx134.v3
kx134.v3,NODE_PROTOTYPE,1,KX134_SENSOR_1,sensor_node_1,D4:E9:F4:E9:8E:1C,20743,207909924,0,0,NA,0,-4085,276,-86,-0.997314,0.067383,-0.020996,100,100,8,UNCALIBRATED_SENSOR_1,false,CALIBRATION_MISSING,CALIBRATION_MISSING,kx134_single_node_i2c.0.1.0,kx134.v3
kx134.v3,NODE_PROTOTYPE,1,KX134_SENSOR_1,sensor_node_1,D4:E9:F4:E9:8E:1C,20744,207919925,0,0,NA,0,-4128,277,-92,-1.007813,0.067627,-0.022461,100,100,8,UNCALIBRATED_SENSOR_1,false,CALIBRATION_MISSING,CALIBRATION_MISSING,kx134_single_node_i2c.0.1.0,kx134.v3
kx134.v3,NODE_PROTOTYPE,1,KX134_SENSOR_1,sensor_node_1,D4:E9:F4:E9:8E:1C,20745,207929925,0,0,NA,0,-4065,286,12,-0.992432,0.069824,0.002930,100,100,8,UNCALIBRATED_SENSOR_1,false,CALIBRATION_MISSING,CALIBRATION_MISSING,kx134_single_node_i2c.0.1.0,kx134.v3
kx134.v3,NODE_PROTOTYPE,1,KX134_SENSOR_1,sensor_node_1,D4:E9:F4:E9:8E:1C,20746,207939925,0,0,NA,0,-4072,350,40,-0.994141,0.085449,0.009766,100,100,8,UNCALIBRATED_SENSOR_1,false,CALIBRATION_MISSING,CALIBRATION_MISSING,kx134_single_node_i2c.0.1.0,kx134.v3
kx134.v3,NODE_PROTOTYPE,1,KX134_SENSOR_1,sensor_node_1,D4:E9:F4:E9:8E:1C,20747,207949925,0,0,NA,0,-4147,291,53,-1.012451,0.071045,0.012939,100,100,8,UNCALIBRATED_SENSOR_1,false,CALIBRATION_MISSING,CALIBRATION_MISSING,kx134_single_node_i2c.0.1.0,kx134.v3
kx134.v3,NODE_PROTOTYPE,1,KX134_SENSOR_1,sensor_node_1,D4:E9:F4:E9:8E:1C,20748,207959924,0,0,NA,0,-4147,291,53,-1.012451,0.071045,0.012939,100,100,8,UNCALIBRATED_SENSOR_1,false,CALIBRATION_MISSING,CALIBRATION_MISSING,kx134_single_node_i2c.0.1.0,kx134.v3
kx134.v3,NODE_PROTOTYPE,1,KX134_SENSOR_1,sensor_node_1,D4:E9:F4:E9:8E:1C,20749,207969925,0,0,NA,0,-4098,116,18,-1.000488,0.028320,0.004395,100,100,8,UNCALIBRATED_SENSOR_1,false,CALIBRATION_MISSING,CALIBRATION_MISSING,kx134_single_node_i2c.0.1.0,kx134.v3
kx134.v3,NODE_PROTOTYPE,1,KX134_SENSOR_1,sensor_node_1,D4:E9:F4:E9:8E:1C,20750,207979924,0,0,NA,0,-4133,188,-90,-1.009033,0.045898,-0.021973,100,100,8,UNCALIBRATED_SENSOR_1,false,CALIBRATION_MISSING,CALIBRATION_MISSING,kx134_single_node_i2c.0.1.0,kx134.v3
kx134.v3,NODE_PROTOTYPE,1,KX134_SENSOR_1,sensor_node_1,D4:E9:F4:E9:8E:1C,20751,207989925,0,0,NA,0,-4122,259,10,-1.006348,0.063232,0.002441,100,100,8,UNCALIBRATED_SENSOR_1,false,CALIBRATION_MISSING,CALIBRATION_MISSING,kx134_single_node_i2c.0.1.0,kx134.v3
kx134.v3,NODE_PROTOTYPE,1,KX134_SENSOR_1,sensor_node_1,D4:E9:F4:E9:8E:1C,20752,207999925,0,0,NA,0,-4111,265,-14,-1.003662,0.064697,-0.003418,100,100,8,UNCALIBRATED_SENSOR_1,false,CALIBRATION_MISSING,CALIBRATION_MISSING,kx134_single_node_i2c.0.1.0,kx134.v3
kx134.v3,NODE_PROTOTYPE,1,KX134_SENSOR_1,sensor_node_1,D4:E9:F4:E9:8E:1C,20753,208009924,0,0,NA,0,-4089,399,-114,-0.998291,0.097412,-0.027832,100,100,8,UNCALIBRATED_SENSOR_1,false,CALIBRATION_MISSING,CALIBRATION_MISSING,kx134_single_node_i2c.0.1.0,kx134.v3
kx134.v3,NODE_PROTOTYPE,1,KX134_SENSOR_1,sensor_node_1,D4:E9:F4:E9:8E:1C,20754,208019925,0,0,NA,0,-3993,464,-108,-0.974854,0.113281,-0.026367,100,100,8,UNCALIBRATED_SENSOR_1,false,CALIBRATION_MISSING,CALIBRATION_MISSING,kx134_single_node_i2c.0.1.0,kx134.v3
kx134.v3,NODE_PROTOTYPE,1,KX134_SENSOR_1,sensor_node_1,D4:E9:F4:E9:8E:1C,20755,208029924,0,0,NA,0,-4001,432,-103,-0.976807,0.105469,-0.025146,100,100,8,UNCALIBRATED_SENSOR_1,false,CALIBRATION_MISSING,CALIBRATION_MISSING,kx134_single_node_i2c.0.1.0,kx134.v3
kx134.v3,NODE_PROTOTYPE,1,KX134_SENSOR_1,sensor_node_1,D4:E9:F4:E9:8E:1C,20756,208039924,0,0,NA,0,-4065,389,-73,-0.992432,0.094971,-0.017822,100,100,8,UNCALIBRATED_SENSOR_1,false,CALIBRATION_MISSING,CALIBRATION_MISSING,kx134_single_node_i2c.0.1.0,kx134.v3
kx134.v3,NODE_PROTOTYPE,1,KX134_SENSOR_1,sensor_node_1,D4:E9:F4:E9:8E:1C,20757,208049924,0,0,NA,0,-4092,331,-56,-0.999023,0.080811,-0.013672,100,100,8,UNCALIBRATED_SENSOR_1,false,CALIBRATION_MISSING,CALIBRATION_MISSING,kx134_single_node_i2c.0.1.0,kx134.v3
kx134.v3,NODE_PROTOTYPE,1,KX134_SENSOR_1,sensor_node_1,D4:E9:F4:E9:8E:1C,20758,208059924,0,0,NA,0,-4086,293,-78,-0.997559,0.071533,-0.019043,100,100,8,UNCALIBRATED_SENSOR_1,false,CALIBRATION_MISSING,CALIBRATION_MISSING,kx134_single_node_i2c.0.1.0,kx134.v3
kx134.v3,NODE_PROTOTYPE,1,KX134_SENSOR_1,sensor_node_1,D4:E9:F4:E9:8E:1C,20759,208069925,0,0,NA,0,-4063,266,-75,-0.991943,0.064941,-0.018311,100,100,8,UNCALIBRATED_SENSOR_1,false,CALIBRATION_MISSING,CALIBRATION_MISSING,kx134_single_node_i2c.0.1.0,kx134.v3
kx134.v3,NODE_PROTOTYPE,1,KX134_SENSOR_1,sensor_node_1,D4:E9:F4:E9:8E:1C,20760,208079925,0,0,NA,0,-4070,255,-82,-0.993652,0.062256,-0.020020,100,100,8,UNCALIBRATED_SENSOR_1,false,CALIBRATION_MISSING,CALIBRATION_MISSING,kx134_single_node_i2c.0.1.0,kx134.v3
kx134.v3,NODE_PROTOTYPE,1,KX134_SENSOR_1,sensor_node_1,D4:E9:F4:E9:8E:1C,20761,208089925,0,0,NA,0,-4109,266,-105,-1.003174,0.064941,-0.025635,100,100,8,UNCALIBRATED_SENSOR_1,false,CALIBRATION_MISSING,CALIBRATION_MISSING,kx134_single_node_i2c.0.1.0,kx134.v3
kx134.v3,NODE_PROTOTYPE,1,KX134_SENSOR_1,sensor_node_1,D4:E9:F4:E9:8E:1C,20762,208099925,0,0,NA,0,-4114,273,-81,-1.004395,0.066650,-0.019775,100,100,8,UNCALIBRATED_SENSOR_1,false,CALIBRATION_MISSING,CALIBRATION_MISSING,kx134_single_node_i2c.0.1.0,kx134.v3
kx134.v3,NODE_PROTOTYPE,1,KX134_SENSOR_1,sensor_node_1,D4:E9:F4:E9:8E:1C,20763,208109925,0,0,NA,0,-4116,266,-52,-1.004883,0.064941,-0.012695,100,100,8,UNCALIBRATED_SENSOR_1,false,CALIBRATION_MISSING,CALIBRATION_MISSING,kx134_single_node_i2c.0.1.0,kx134.v3
kx134.v3,NODE_PROTOTYPE,1,KX134_SENSOR_1,sensor_node_1,D4:E9:F4:E9:8E:1C,20764,208119925,0,0,NA,0,-4123,256,-45,-1.006592,0.062500,-0.010986,100,100,8,UNCALIBRATED_SENSOR_1,false,CALIBRATION_MISSING,CALIBRATION_MISSING,kx134_single_node_i2c.0.1.0,kx134.v3
kx134.v3,NODE_PROTOTYPE,1,KX134_SENSOR_1,sensor_node_1,D4:E9:F4:E9:8E:1C,20765,208129924,0,0,NA,0,-4100,264,-64,-1.000977,0.064453,-0.015625,100,100,8,UNCALIBRATED_SENSOR_1,false,CALIBRATION_MISSING,CALIBRATION_MISSING,kx134_single_node_i2c.0.1.0,kx134.v3
kx134.v3,NODE_PROTOTYPE,1,KX134_SENSOR_1,sensor_node_1,D4:E9:F4:E9:8E:1C,20766,208139925,0,0,NA,0,-4087,279,-78,-0.997803,0.068115,-0.019043,100,100,8,UNCALIBRATED_SENSOR_1,false,CALIBRATION_MISSING,CALIBRATION_MISSING,kx134_single_node_i2c.0.1.0,kx134.v3
kx134.v3,NODE_PROTOTYPE,1,KX134_SENSOR_1,sensor_node_1,D4:E9:F4:E9:8E:1C,20767,208149925,0,0,NA,0,-4091,282,-85,-0.998779,0.068848,-0.020752,100,100,8,UNCALIBRATED_SENSOR_1,false,CALIBRATION_MISSING,CALIBRATION_MISSING,kx134_single_node_i2c.0.1.0,kx134.v3
kx134.v3,NODE_PROTOTYPE,1,KX134_SENSOR_1,sensor_node_1,D4:E9:F4:E9:8E:1C,20768,208159924,0,0,NA,0,-4086,274,-105,-0.997559,0.066895,-0.025635,100,100,8,UNCALIBRATED_SENSOR_1,false,CALIBRATION_MISSING,CALIBRATION_MISSING,kx134_single_node_i2c.0.1.0,kx134.v3
kx134.v3,NODE_PROTOTYPE,1,KX134_SENSOR_1,sensor_node_1,D4:E9:F4:E9:8E:1C,20769,208169925,0,0,NA,0,-4094,290,-107,-0.999512,0.070801,-0.026123,100,100,8,UNCALIBRATED_SENSOR_1,false,CALIBRATION_MISSING,CALIBRATION_MISSING,kx134_single_node_i2c.0.1.0,kx134.v3
kx134.v3,NODE_PROTOTYPE,1,KX134_SENSOR_1,sensor_node_1,D4:E9:F4:E9:8E:1C,20770,208179925,0,0,NA,0,-4107,284,-86,-1.002686,0.069336,-0.020996,100,100,8,UNCALIBRATED_SENSOR_1,false,CALIBRATION_MISSING,CALIBRATION_MISSING,kx134_single_node_i2c.0.1.0,kx134.v3
kx134.v3,NODE_PROTOTYPE,1,KX134_SENSOR_1,sensor_node_1,D4:E9:F4:E9:8E:1C,20771,208189925,0,0,NA,0,-4105,266,-85,-1.002197,0.064941,-0.020752,100,100,8,UNCALIBRATED_SENSOR_1,false,CALIBRATION_MISSING,CALIBRATION_MISSING,kx134_single_node_i2c.0.1.0,kx134.v3
kx134.v3,NODE_PROTOTYPE,1,KX134_SENSOR_1,sensor_node_1,D4:E9:F4:E9:8E:1C,20772,208199925,0,0,NA,0,-4109,276,-103,-1.003174,0.067383,-0.025146,100,100,8,UNCALIBRATED_SENSOR_1,false,CALIBRATION_MISSING,CALIBRATION_MISSING,kx134_single_node_i2c.0.1.0,kx134.v3
kx134.v3,NODE_PROTOTYPE,1,KX134_SENSOR_1,sensor_node_1,D4:E9:F4:E9:8E:1C,20773,208209925,0,0,NA,0,-4094,282,-89,-0.999512,0.068848,-0.021729,100,100,8,UNCALIBRATED_SENSOR_1,false,CALIBRATION_MISSING,CALIBRATION_MISSING,kx134_single_node_i2c.0.1.0,kx134.v3
kx134.v3,NODE_PROTOTYPE,1,KX134_SENSOR_1,sensor_node_1,D4:E9:F4:E9:8E:1C,20774,208219925,0,0,NA,0,-4089,279,-62,-0.998291,0.068115,-0.015137,100,100,8,UNCALIBRATED_SENSOR_1,false,CALIBRATION_MISSING,CALIBRATION_MISSING,kx134_single_node_i2c.0.1.0,kx134.v3
kx134.v3,NODE_PROTOTYPE,1,KX134_SENSOR_1,sensor_node_1,D4:E9:F4:E9:8E:1C,20775,208229925,0,0,NA,0,-4086,260,-72,-0.997559,0.063477,-0.017578,100,100,8,UNCALIBRATED_SENSOR_1,false,CALIBRATION_MISSING,CALIBRATION_MISSING,kx134_single_node_i2c.0.1.0,kx134.v3
kx134.v3,NODE_PROTOTYPE,1,KX134_SENSOR_1,sensor_node_1,D4:E9:F4:E9:8E:1C,20776,208239925,0,0,NA,0,-4072,253,-88,-0.994141,0.061768,-0.021484,100,100,8,UNCALIBRATED_SENSOR_1,false,CALIBRATION_MISSING,CALIBRATION_MISSING,kx134_single_node_i2c.0.1.0,kx134.v3
kx134.v3,NODE_PROTOTYPE,1,KX134_SENSOR_1,sensor_node_1,D4:E9:F4:E9:8E:1C,20777,208249925,0,0,NA,0,-4076,252,-77,-0.995117,0.061523,-0.018799,100,100,8,UNCALIBRATED_SENSOR_1,false,CALIBRATION_MISSING,CALIBRATION_MISSING,kx134_single_node_i2c.0.1.0,kx134.v3
kx134.v3,NODE_PROTOTYPE,1,KX134_SENSOR_1,sensor_node_1,D4:E9:F4:E9:8E:1C,20778,208259925,0,0,NA,0,-4080,246,-65,-0.996094,0.060059,-0.015869,100,100,8,UNCALIBRATED_SENSOR_1,false,CALIBRATION_MISSING,CALIBRATION_MISSING,kx134_single_node_i2c.0.1.0,kx134.v3
kx134.v3,NODE_PROTOTYPE,1,KX134_SENSOR_1,sensor_node_1,D4:E9:F4:E9:8E:1C,20779,208269925,0,0,NA,0,-4076,241,-67,-0.995117,0.058838,-0.016357,100,100,8,UNCALIBRATED_SENSOR_1,false,CALIBRATION_MISSING,CALIBRATION_MISSING,kx134_single_node_i2c.0.1.0,kx134.v3
kx134.v3,NODE_PROTOTYPE,1,KX134_SENSOR_1,sensor_node_1,D4:E9:F4:E9:8E:1C,20780,208279925,0,0,NA,0,-4073,254,-62,-0.994385,0.062012,-0.015137,100,100,8,UNCALIBRATED_SENSOR_1,false,CALIBRATION_MISSING,CALIBRATION_MISSING,kx134_single_node_i2c.0.1.0,kx134.v3
kx134.v3,NODE_PROTOTYPE,1,KX134_SENSOR_1,sensor_node_1,D4:E9:F4:E9:8E:1C,20781,208289924,0,0,NA,0,-4067,285,-70,-0.992920,0.069580,-0.017090,100,100,8,UNCALIBRATED_SENSOR_1,false,CALIBRATION_MISSING,CALIBRATION_MISSING,kx134_single_node_i2c.0.1.0,kx134.v3
kx134.v3,NODE_PROTOTYPE,1,KX134_SENSOR_1,sensor_node_1,D4:E9:F4:E9:8E:1C,20782,208299925,0,0,NA,0,-4085,312,-93,-0.997314,0.076172,-0.022705,100,100,8,UNCALIBRATED_SENSOR_1,false,CALIBRATION_MISSING,CALIBRATION_MISSING,kx134_single_node_i2c.0.1.0,kx134.v3
kx134.v3,NODE_PROTOTYPE,1,KX134_SENSOR_1,sensor_node_1,D4:E9:F4:E9:8E:1C,20783,208309925,0,0,NA,0,-4122,306,-106,-1.006348,0.074707,-0.025879,100,100,8,UNCALIBRATED_SENSOR_1,false,CALIBRATION_MISSING,CALIBRATION_MISSING,kx134_single_node_i2c.0.1.0,kx134.v3
kx134.v3,NODE_PROTOTYPE,1,KX134_SENSOR_1,sensor_node_1,D4:E9:F4:E9:8E:1C,20784,208319924,0,0,NA,0,-4129,287,-114,-1.008057,0.070068,-0.027832,100,100,8,UNCALIBRATED_SENSOR_1,false,CALIBRATION_MISSING,CALIBRATION_MISSING,kx134_single_node_i2c.0.1.0,kx134.v3
kx134.v3,NODE_PROTOTYPE,1,KX134_SENSOR_1,sensor_node_1,D4:E9:F4:E9:8E:1C,20785,208329925,0,0,NA,0,-4114,263,-82,-1.004395,0.064209,-0.020020,100,100,8,UNCALIBRATED_SENSOR_1,false,CALIBRATION_MISSING,CALIBRATION_MISSING,kx134_single_node_i2c.0.1.0,kx134.v3
kx134.v3,NODE_PROTOTYPE,1,KX134_SENSOR_1,sensor_node_1,D4:E9:F4:E9:8E:1C,20786,208339925,0,0,NA,0,-4096,245,-51,-1.000000,0.059814,-0.012451,100,100,8,UNCALIBRATED_SENSOR_1,false,CALIBRATION_MISSING,CALIBRATION_MISSING,kx134_single_node_i2c.0.1.0,kx134.v3
kx134.v3,NODE_PROTOTYPE,1,KX134_SENSOR_1,sensor_node_1,D4:E9:F4:E9:8E:1C,20787,208349924,0,0,NA,0,-4093,246,-69,-0.999268,0.060059,-0.016846,100,100,8,UNCALIBRATED_SENSOR_1,false,CALIBRATION_MISSING,CALIBRATION_MISSING,kx134_single_node_i2c.0.1.0,kx134.v3
kx134.v3,NODE_PROTOTYPE,1,KX134_SENSOR_1,sensor_node_1,D4:E9:F4:E9:8E:1C,20788,208359925,0,0,NA,0,-4081,241,-81,-0.996338,0.058838,-0.019775,100,100,8,UNCALIBRATED_SENSOR_1,false,CALIBRATION_MISSING,CALIBRATION_MISSING,kx134_single_node_i2c.0.1.0,kx134.v3
kx134.v3,NODE_PROTOTYPE,1,KX134_SENSOR_1,sensor_node_1,D4:E9:F4:E9:8E:1C,20789,208369925,0,0,NA,0,-4090,251,-82,-0.998535,0.061279,-0.020020,100,100,8,UNCALIBRATED_SENSOR_1,false,CALIBRATION_MISSING,CALIBRATION_MISSING,kx134_single_node_i2c.0.1.0,kx134.v3
kx134.v3,NODE_PROTOTYPE,1,KX134_SENSOR_1,sensor_node_1,D4:E9:F4:E9:8E:1C,20790,208379924,0,0,NA,0,-4096,257,-87,-1.000000,0.062744,-0.021240,100,100,8,UNCALIBRATED_SENSOR_1,false,CALIBRATION_MISSING,CALIBRATION_MISSING,kx134_single_node_i2c.0.1.0,kx134.v3
kx134.v3,NODE_PROTOTYPE,1,KX134_SENSOR_1,sensor_node_1,D4:E9:F4:E9:8E:1C,20791,208389925,0,0,NA,0,-4076,267,-94,-0.995117,0.065186,-0.022949,100,100,8,UNCALIBRATED_SENSOR_1,false,CALIBRATION_MISSING,CALIBRATION_MISSING,kx134_single_node_i2c.0.1.0,kx134.v3
kx134.v3,NODE_PROTOTYPE,1,KX134_SENSOR_1,sensor_node_1,D4:E9:F4:E9:8E:1C,20792,208399925,0,0,NA,0,-4084,289,-99,-0.997070,0.070557,-0.024170,100,100,8,UNCALIBRATED_SENSOR_1,false,CALIBRATION_MISSING,CALIBRATION_MISSING,kx134_single_node_i2c.0.1.0,kx134.v3
kx134.v3,NODE_PROTOTYPE,1,KX134_SENSOR_1,sensor_node_1,D4:E9:F4:E9:8E:1C,20793,208409924,0,0,NA,0,-4107,305,-93,-1.002686,0.074463,-0.022705,100,100,8,UNCALIBRATED_SENSOR_1,false,CALIBRATION_MISSING,CALIBRATION_MISSING,kx134_single_node_i2c.0.1.0,kx134.v3
kx134.v3,NODE_PROTOTYPE,1,KX134_SENSOR_1,sensor_node_1,D4:E9:F4:E9:8E:1C,20794,208419925,0,0,NA,0,-4099,300,-90,-1.000732,0.073242,-0.021973,100,100,8,UNCALIBRATED_SENSOR_1,false,CALIBRATION_MISSING,CALIBRATION_MISSING,kx134_single_node_i2c.0.1.0,kx134.v3
kx134.v3,NODE_PROTOTYPE,1,KX134_SENSOR_1,sensor_node_1,D4:E9:F4:E9:8E:1C,20795,208429925,0,0,NA,0,-4081,290,-92,-0.996338,0.070801,-0.022461,100,100,8,UNCALIBRATED_SENSOR_1,false,CALIBRATION_MISSING,CALIBRATION_MISSING,kx134_single_node_i2c.0.1.0,kx134.v3
kx134.v3,NODE_PROTOTYPE,1,KX134_SENSOR_1,sensor_node_1,D4:E9:F4:E9:8E:1C,20796,208439925,0,0,NA,0,-4059,259,-74,-0.990967,0.063232,-0.018066,100,100,8,UNCALIBRATED_SENSOR_1,false,CALIBRATION_MISSING,CALIBRATION_MISSING,kx134_single_node_i2c.0.1.0,kx134.v3
kx134.v3,NODE_PROTOTYPE,1,KX134_SENSOR_1,sensor_node_1,D4:E9:F4:E9:8E:1C,20797,208449924,0,0,NA,0,-4029,250,-32,-0.983643,0.061035,-0.007813,100,100,8,UNCALIBRATED_SENSOR_1,false,CALIBRATION_MISSING,CALIBRATION_MISSING,kx134_single_node_i2c.0.1.0,kx134.v3
kx134.v3,NODE_PROTOTYPE,1,KX134_SENSOR_1,sensor_node_1,D4:E9:F4:E9:8E:1C,20798,208459925,0,0,NA,0,-4029,252,-34,-0.983643,0.061523,-0.008301,100,100,8,UNCALIBRATED_SENSOR_1,false,CALIBRATION_MISSING,CALIBRATION_MISSING,kx134_single_node_i2c.0.1.0,kx134.v3
kx134.v3,NODE_PROTOTYPE,1,KX134_SENSOR_1,sensor_node_1,D4:E9:F4:E9:8E:1C,20799,208469924,0,0,NA,0,-4064,217,-86,-0.992187,0.052979,-0.020996,100,100,8,UNCALIBRATED_SENSOR_1,false,CALIBRATION_MISSING,CALIBRATION_MISSING,kx134_single_node_i2c.0.1.0,kx134.v3
kx134.v3,NODE_PROTOTYPE,1,KX134_SENSOR_1,sensor_node_1,D4:E9:F4:E9:8E:1C,20800,208479924,0,0,NA,0,-4104,230,-104,-1.001953,0.056152,-0.025391,100,100,8,UNCALIBRATED_SENSOR_1,false,CALIBRATION_MISSING,CALIBRATION_MISSING,kx134_single_node_i2c.0.1.0,kx134.v3
kx134.v3,NODE_PROTOTYPE,1,KX134_SENSOR_1,sensor_node_1,D4:E9:F4:E9:8E:1C,20801,208489924,0,0,NA,0,-4091,261,-91,-0.998779,0.063721,-0.022217,100,100,8,UNCALIBRATED_SENSOR_1,false,CALIBRATION_MISSING,CALIBRATION_MISSING,kx134_single_node_i2c.0.1.0,kx134.v3
kx134.v3,NODE_PROTOTYPE,1,KX134_SENSOR_1,sensor_node_1,D4:E9:F4:E9:8E:1C,20802,208499924,0,0,NA,0,-4069,272,-108,-0.993408,0.066406,-0.026367,100,100,8,UNCALIBRATED_SENSOR_1,false,CALIBRATION_MISSING,CALIBRATION_MISSING,kx134_single_node_i2c.0.1.0,kx134.v3
kx134.v3,NODE_PROTOTYPE,1,KX134_SENSOR_1,sensor_node_1,D4:E9:F4:E9:8E:1C,20803,208509924,0,0,NA,0,-4073,294,-119,-0.994385,0.071777,-0.029053,100,100,8,UNCALIBRATED_SENSOR_1,false,CALIBRATION_MISSING,CALIBRATION_MISSING,kx134_single_node_i2c.0.1.0,kx134.v3
kx134.v3,NODE_PROTOTYPE,1,KX134_SENSOR_1,sensor_node_1,D4:E9:F4:E9:8E:1C,20804,208519924,0,0,NA,0,-4061,295,-94,-0.991455,0.072021,-0.022949,100,100,8,UNCALIBRATED_SENSOR_1,false,CALIBRATION_MISSING,CALIBRATION_MISSING,kx134_single_node_i2c.0.1.0,kx134.v3
kx134.v3,NODE_PROTOTYPE,1,KX134_SENSOR_1,sensor_node_1,D4:E9:F4:E9:8E:1C,20805,208529925,0,0,NA,0,-4056,312,-78,-0.990234,0.076172,-0.019043,100,100,8,UNCALIBRATED_SENSOR_1,false,CALIBRATION_MISSING,CALIBRATION_MISSING,kx134_single_node_i2c.0.1.0,kx134.v3
kx134.v3,NODE_PROTOTYPE,1,KX134_SENSOR_1,sensor_node_1,D4:E9:F4:E9:8E:1C,20806,208539925,0,0,NA,0,-4071,318,-99,-0.993896,0.077637,-0.024170,100,100,8,UNCALIBRATED_SENSOR_1,false,CALIBRATION_MISSING,CALIBRATION_MISSING,kx134_single_node_i2c.0.1.0,kx134.v3
kx134.v3,NODE_PROTOTYPE,1,KX134_SENSOR_1,sensor_node_1,D4:E9:F4:E9:8E:1C,20807,208549925,0,0,NA,0,-4072,299,-91,-0.994141,0.072998,-0.022217,100,100,8,UNCALIBRATED_SENSOR_1,false,CALIBRATION_MISSING,CALIBRATION_MISSING,kx134_single_node_i2c.0.1.0,kx134.v3
kx134.v3,NODE_PROTOTYPE,1,KX134_SENSOR_1,sensor_node_1,D4:E9:F4:E9:8E:1C,20808,208559925,0,0,NA,0,-4068,303,-72,-0.993164,0.073975,-0.017578,100,100,8,UNCALIBRATED_SENSOR_1,false,CALIBRATION_MISSING,CALIBRATION_MISSING,kx134_single_node_i2c.0.1.0,kx134.v3
kx134.v3,NODE_PROTOTYPE,1,KX134_SENSOR_1,sensor_node_1,D4:E9:F4:E9:8E:1C,20809,208569925,0,0,NA,0,-4074,292,-88,-0.994629,0.071289,-0.021484,100,100,8,UNCALIBRATED_SENSOR_1,false,CALIBRATION_MISSING,CALIBRATION_MISSING,kx134_single_node_i2c.0.1.0,kx134.v3
kx134.v3,NODE_PROTOTYPE,1,KX134_SENSOR_1,sensor_node_1,D4:E9:F4:E9:8E:1C,20810,208579925,0,0,NA,0,-4080,297,-108,-0.996094,0.072510,-0.026367,100,100,8,UNCALIBRATED_SENSOR_1,false,CALIBRATION_MISSING,CALIBRATION_MISSING,kx134_single_node_i2c.0.1.0,kx134.v3
kx134.v3,NODE_PROTOTYPE,1,KX134_SENSOR_1,sensor_node_1,D4:E9:F4:E9:8E:1C,20811,208589925,0,0,NA,0,-4070,308,-83,-0.993652,0.075195,-0.020264,100,100,8,UNCALIBRATED_SENSOR_1,false,CALIBRATION_MISSING,CALIBRATION_MISSING,kx134_single_node_i2c.0.1.0,kx134.v3
kx134.v3,NODE_PROTOTYPE,1,KX134_SENSOR_1,sensor_node_1,D4:E9:F4:E9:8E:1C,20812,208599925,0,0,NA,0,-4075,285,-86,-0.994873,0.069580,-0.020996,100,100,8,UNCALIBRATED_SENSOR_1,false,CALIBRATION_MISSING,CALIBRATION_MISSING,kx134_single_node_i2c.0.1.0,kx134.v3
kx134.v3,NODE_PROTOTYPE,1,KX134_SENSOR_1,sensor_node_1,D4:E9:F4:E9:8E:1C,20813,208609925,0,0,NA,0,-4092,259,-125,-0.999023,0.063232,-0.030518,100,100,8,UNCALIBRATED_SENSOR_1,false,CALIBRATION_MISSING,CALIBRATION_MISSING,kx134_single_node_i2c.0.1.0,kx134.v3
kx134.v3,NODE_PROTOTYPE,1,KX134_SENSOR_1,sensor_node_1,D4:E9:F4:E9:8E:1C,20814,208619924,0,0,NA,0,-4117,273,-103,-1.005127,0.066650,-0.025146,100,100,8,UNCALIBRATED_SENSOR_1,false,CALIBRATION_MISSING,CALIBRATION_MISSING,kx134_single_node_i2c.0.1.0,kx134.v3
kx134.v3,NODE_PROTOTYPE,1,KX134_SENSOR_1,sensor_node_1,D4:E9:F4:E9:8E:1C,20815,208629924,0,0,NA,0,-4131,309,-83,-1.008545,0.075439,-0.020264,100,100,8,UNCALIBRATED_SENSOR_1,false,CALIBRATION_MISSING,CALIBRATION_MISSING,kx134_single_node_i2c.0.1.0,kx134.v3
kx134.v3,NODE_PROTOTYPE,1,KX134_SENSOR_1,sensor_node_1,D4:E9:F4:E9:8E:1C,20816,208639925,0,0,NA,0,-4112,348,-94,-1.003906,0.084961,-0.022949,100,100,8,UNCALIBRATED_SENSOR_1,false,CALIBRATION_MISSING,CALIBRATION_MISSING,kx134_single_node_i2c.0.1.0,kx134.v3
kx134.v3,NODE_PROTOTYPE,1,KX134_SENSOR_1,sensor_node_1,D4:E9:F4:E9:8E:1C,20817,208649925,0,0,NA,0,-4100,346,-105,-1.000977,0.084473,-0.025635,100,100,8,UNCALIBRATED_SENSOR_1,false,CALIBRATION_MISSING,CALIBRATION_MISSING,kx134_single_node_i2c.0.1.0,kx134.v3
kx134.v3,NODE_PROTOTYPE,1,KX134_SENSOR_1,sensor_node_1,D4:E9:F4:E9:8E:1C,20818,208659925,0,0,NA,0,-4094,327,-111,-0.999512,0.079834,-0.027100,100,100,8,UNCALIBRATED_SENSOR_1,false,CALIBRATION_MISSING,CALIBRATION_MISSING,kx134_single_node_i2c.0.1.0,kx134.v3
kx134.v3,NODE_PROTOTYPE,1,KX134_SENSOR_1,sensor_node_1,D4:E9:F4:E9:8E:1C,20819,208669924,0,0,NA,0,-4074,310,-98,-0.994629,0.075684,-0.023926,100,100,8,UNCALIBRATED_SENSOR_1,false,CALIBRATION_MISSING,CALIBRATION_MISSING,kx134_single_node_i2c.0.1.0,kx134.v3
kx134.v3,NODE_PROTOTYPE,1,KX134_SENSOR_1,sensor_node_1,D4:E9:F4:E9:8E:1C,20820,208679924,0,0,NA,0,-4057,242,-81,-0.990479,0.059082,-0.019775,100,100,8,UNCALIBRATED_SENSOR_1,false,CALIBRATION_MISSING,CALIBRATION_MISSING,kx134_single_node_i2c.0.1.0,kx134.v3
kx134.v3,NODE_PROTOTYPE,1,KX134_SENSOR_1,sensor_node_1,D4:E9:F4:E9:8E:1C,20821,208689924,0,0,NA,0,-4082,224,-78,-0.996582,0.054687,-0.019043,100,100,8,UNCALIBRATED_SENSOR_1,false,CALIBRATION_MISSING,CALIBRATION_MISSING,kx134_single_node_i2c.0.1.0,kx134.v3
kx134.v3,NODE_PROTOTYPE,1,KX134_SENSOR_1,sensor_node_1,D4:E9:F4:E9:8E:1C,20822,208699925,0,0,NA,0,-4116,251,-82,-1.004883,0.061279,-0.020020,100,100,8,UNCALIBRATED_SENSOR_1,false,CALIBRATION_MISSING,CALIBRATION_MISSING,kx134_single_node_i2c.0.1.0,kx134.v3
kx134.v3,NODE_PROTOTYPE,1,KX134_SENSOR_1,sensor_node_1,D4:E9:F4:E9:8E:1C,20823,208709925,0,0,NA,0,-4108,255,-86,-1.002930,0.062256,-0.020996,100,100,8,UNCALIBRATED_SENSOR_1,false,CALIBRATION_MISSING,CALIBRATION_MISSING,kx134_single_node_i2c.0.1.0,kx134.v3
kx134.v3,NODE_PROTOTYPE,1,KX134_SENSOR_1,sensor_node_1,D4:E9:F4:E9:8E:1C,20824,208719924,0,0,NA,0,-4111,244,-65,-1.003662,0.059570,-0.015869,100,100,8,UNCALIBRATED_SENSOR_1,false,CALIBRATION_MISSING,CALIBRATION_MISSING,kx134_single_node_i2c.0.1.0,kx134.v3
kx134.v3,NODE_PROTOTYPE,1,KX134_SENSOR_1,sensor_node_1,D4:E9:F4:E9:8E:1C,20825,208729925,0,0,NA,0,-4118,234,-56,-1.005371,0.057129,-0.013672,100,100,8,UNCALIBRATED_SENSOR_1,false,CALIBRATION_MISSING,CALIBRATION_MISSING,kx134_single_node_i2c.0.1.0,kx134.v3
kx134.v3,NODE_PROTOTYPE,1,KX134_SENSOR_1,sensor_node_1,D4:E9:F4:E9:8E:1C,20826,208739924,0,0,NA,0,-4101,252,-56,-1.001221,0.061523,-0.013672,100,100,8,UNCALIBRATED_SENSOR_1,false,CALIBRATION_MISSING,CALIBRATION_MISSING,kx134_single_node_i2c.0.1.0,kx134.v3
kx134.v3,NODE_PROTOTYPE,1,KX134_SENSOR_1,sensor_node_1,D4:E9:F4:E9:8E:1C,20827,208749925,0,0,NA,0,-4095,241,-70,-0.999756,0.058838,-0.017090,100,100,8,UNCALIBRATED_SENSOR_1,false,CALIBRATION_MISSING,CALIBRATION_MISSING,kx134_single_node_i2c.0.1.0,kx134.v3
kx134.v3,NODE_PROTOTYPE,1,KX134_SENSOR_1,sensor_node_1,D4:E9:F4:E9:8E:1C,20828,208759925,0,0,NA,0,-4099,210,-94,-1.000732,0.051270,-0.022949,100,100,8,UNCALIBRATED_SENSOR_1,false,CALIBRATION_MISSING,CALIBRATION_MISSING,kx134_single_node_i2c.0.1.0,kx134.v3
kx134.v3,NODE_PROTOTYPE,1,KX134_SENSOR_1,sensor_node_1,D4:E9:F4:E9:8E:1C,20829,208769925,0,0,NA,0,-4105,194,-79,-1.002197,0.047363,-0.019287,100,100,8,UNCALIBRATED_SENSOR_1,false,CALIBRATION_MISSING,CALIBRATION_MISSING,kx134_single_node_i2c.0.1.0,kx134.v3
kx134.v3,NODE_PROTOTYPE,1,KX134_SENSOR_1,sensor_node_1,D4:E9:F4:E9:8E:1C,20830,208779925,0,0,NA,0,-4092,202,-63,-0.999023,0.049316,-0.015381,100,100,8,UNCALIBRATED_SENSOR_1,false,CALIBRATION_MISSING,CALIBRATION_MISSING,kx134_single_node_i2c.0.1.0,kx134.v3
kx134.v3,NODE_PROTOTYPE,1,KX134_SENSOR_1,sensor_node_1,D4:E9:F4:E9:8E:1C,20831,208789924,0,0,NA,0,-4093,226,-77,-0.999268,0.055176,-0.018799,100,100,8,UNCALIBRATED_SENSOR_1,false,CALIBRATION_MISSING,CALIBRATION_MISSING,kx134_single_node_i2c.0.1.0,kx134.v3
kx134.v3,NODE_PROTOTYPE,1,KX134_SENSOR_1,sensor_node_1,D4:E9:F4:E9:8E:1C,20832,208799924,0,0,NA,0,-4112,271,-88,-1.003906,0.066162,-0.021484,100,100,8,UNCALIBRATED_SENSOR_1,false,CALIBRATION_MISSING,CALIBRATION_MISSING,kx134_single_node_i2c.0.1.0,kx134.v3
kx134.v3,NODE_PROTOTYPE,1,KX134_SENSOR_1,sensor_node_1,D4:E9:F4:E9:8E:1C,20833,208809925,0,0,NA,0,-4118,297,-84,-1.005371,0.072510,-0.020508,100,100,8,UNCALIBRATED_SENSOR_1,false,CALIBRATION_MISSING,CALIBRATION_MISSING,kx134_single_node_i2c.0.1.0,kx134.v3
kx134.v3,NODE_PROTOTYPE,1,KX134_SENSOR_1,sensor_node_1,D4:E9:F4:E9:8E:1C,20834,208819925,0,0,NA,0,-4100,254,-77,-1.000977,0.062012,-0.018799,100,100,8,UNCALIBRATED_SENSOR_1,false,CALIBRATION_MISSING,CALIBRATION_MISSING,kx134_single_node_i2c.0.1.0,kx134.v3
kx134.v3,NODE_PROTOTYPE,1,KX134_SENSOR_1,sensor_node_1,D4:E9:F4:E9:8E:1C,20835,208829925,0,0,NA,0,-4090,233,-67,-0.998535,0.056885,-0.016357,100,100,8,UNCALIBRATED_SENSOR_1,false,CALIBRATION_MISSING,CALIBRATION_MISSING,kx134_single_node_i2c.0.1.0,kx134.v3
kx134.v3,NODE_PROTOTYPE,1,KX134_SENSOR_1,sensor_node_1,D4:E9:F4:E9:8E:1C,20836,208839925,0,0,NA,0,-4050,263,-71,-0.988770,0.064209,-0.017334,100,100,8,UNCALIBRATED_SENSOR_1,false,CALIBRATION_MISSING,CALIBRATION_MISSING,kx134_single_node_i2c.0.1.0,kx134.v3
kx134.v3,NODE_PROTOTYPE,1,KX134_SENSOR_1,sensor_node_1,D4:E9:F4:E9:8E:1C,20837,208849925,0,0,NA,0,-4002,232,-31,-0.977051,0.056641,-0.007568,100,100,8,UNCALIBRATED_SENSOR_1,false,CALIBRATION_MISSING,CALIBRATION_MISSING,kx134_single_node_i2c.0.1.0,kx134.v3
kx134.v3,NODE_PROTOTYPE,1,KX134_SENSOR_1,sensor_node_1,D4:E9:F4:E9:8E:1C,20838,208859925,0,0,NA,0,-3909,179,63,-0.954346,0.043701,0.015381,100,100,8,UNCALIBRATED_SENSOR_1,false,CALIBRATION_MISSING,CALIBRATION_MISSING,kx134_single_node_i2c.0.1.0,kx134.v3
kx134.v3,NODE_PROTOTYPE,1,KX134_SENSOR_1,sensor_node_1,D4:E9:F4:E9:8E:1C,20839,208869925,0,0,NA,0,-3909,179,63,-0.954346,0.043701,0.015381,100,100,8,UNCALIBRATED_SENSOR_1,false,CALIBRATION_MISSING,CALIBRATION_MISSING,kx134_single_node_i2c.0.1.0,kx134.v3
kx134.v3,NODE_PROTOTYPE,1,KX134_SENSOR_1,sensor_node_1,D4:E9:F4:E9:8E:1C,20840,208879925,0,0,NA,0,-3874,149,79,-0.945801,0.036377,0.019287,100,100,8,UNCALIBRATED_SENSOR_1,false,CALIBRATION_MISSING,CALIBRATION_MISSING,kx134_single_node_i2c.0.1.0,kx134.v3
kx134.v3,NODE_PROTOTYPE,1,KX134_SENSOR_1,sensor_node_1,D4:E9:F4:E9:8E:1C,20841,208889924,0,0,NA,0,-4063,220,-98,-0.991943,0.053711,-0.023926,100,100,8,UNCALIBRATED_SENSOR_1,false,CALIBRATION_MISSING,CALIBRATION_MISSING,kx134_single_node_i2c.0.1.0,kx134.v3
kx134.v3,NODE_PROTOTYPE,1,KX134_SENSOR_1,sensor_node_1,D4:E9:F4:E9:8E:1C,20842,208899925,0,0,NA,0,-4156,369,-240,-1.014648,0.090088,-0.058594,100,100,8,UNCALIBRATED_SENSOR_1,false,CALIBRATION_MISSING,CALIBRATION_MISSING,kx134_single_node_i2c.0.1.0,kx134.v3
kx134.v3,NODE_PROTOTYPE,1,KX134_SENSOR_1,sensor_node_1,D4:E9:F4:E9:8E:1C,20843,208909925,0,0,NA,0,-4151,353,-230,-1.013428,0.086182,-0.056152,100,100,8,UNCALIBRATED_SENSOR_1,false,CALIBRATION_MISSING,CALIBRATION_MISSING,kx134_single_node_i2c.0.1.0,kx134.v3
kx134.v3,NODE_PROTOTYPE,1,KX134_SENSOR_1,sensor_node_1,D4:E9:F4:E9:8E:1C,20844,208919925,0,0,NA,0,-4151,334,-222,-1.013428,0.081543,-0.054199,100,100,8,UNCALIBRATED_SENSOR_1,false,CALIBRATION_MISSING,CALIBRATION_MISSING,kx134_single_node_i2c.0.1.0,kx134.v3
kx134.v3,NODE_PROTOTYPE,1,KX134_SENSOR_1,sensor_node_1,D4:E9:F4:E9:8E:1C,20845,208929925,0,0,NA,0,-4050,327,-153,-0.988770,0.079834,-0.037354,100,100,8,UNCALIBRATED_SENSOR_1,false,CALIBRATION_MISSING,CALIBRATION_MISSING,kx134_single_node_i2c.0.1.0,kx134.v3
kx134.v3,NODE_PROTOTYPE,1,KX134_SENSOR_1,sensor_node_1,D4:E9:F4:E9:8E:1C,20846,208939925,0,0,NA,0,-3972,285,-60,-0.969727,0.069580,-0.014648,100,100,8,UNCALIBRATED_SENSOR_1,false,CALIBRATION_MISSING,CALIBRATION_MISSING,kx134_single_node_i2c.0.1.0,kx134.v3
kx134.v3,NODE_PROTOTYPE,1,KX134_SENSOR_1,sensor_node_1,D4:E9:F4:E9:8E:1C,20847,208949924,0,0,NA,0,-4007,294,-62,-0.978271,0.071777,-0.015137,100,100,8,UNCALIBRATED_SENSOR_1,false,CALIBRATION_MISSING,CALIBRATION_MISSING,kx134_single_node_i2c.0.1.0,kx134.v3
kx134.v3,NODE_PROTOTYPE,1,KX134_SENSOR_1,sensor_node_1,D4:E9:F4:E9:8E:1C,20848,208959924,0,0,NA,0,-4071,262,-66,-0.993896,0.063965,-0.016113,100,100,8,UNCALIBRATED_SENSOR_1,false,CALIBRATION_MISSING,CALIBRATION_MISSING,kx134_single_node_i2c.0.1.0,kx134.v3
kx134.v3,NODE_PROTOTYPE,1,KX134_SENSOR_1,sensor_node_1,D4:E9:F4:E9:8E:1C,20849,208969924,0,0,NA,0,-4089,231,-66,-0.998291,0.056396,-0.016113,100,100,8,UNCALIBRATED_SENSOR_1,false,CALIBRATION_MISSING,CALIBRATION_MISSING,kx134_single_node_i2c.0.1.0,kx134.v3
kx134.v3,NODE_PROTOTYPE,1,KX134_SENSOR_1,sensor_node_1,D4:E9:F4:E9:8E:1C,20850,208979924,0,0,NA,0,-4078,232,-83,-0.995605,0.056641,-0.020264,100,100,8,UNCALIBRATED_SENSOR_1,false,CALIBRATION_MISSING,CALIBRATION_MISSING,kx134_single_node_i2c.0.1.0,kx134.v3
kx134.v3,NODE_PROTOTYPE,1,KX134_SENSOR_1,sensor_node_1,D4:E9:F4:E9:8E:1C,20851,208989924,0,0,NA,0,-4065,246,-77,-0.992432,0.060059,-0.018799,100,100,8,UNCALIBRATED_SENSOR_1,false,CALIBRATION_MISSING,CALIBRATION_MISSING,kx134_single_node_i2c.0.1.0,kx134.v3
kx134.v3,NODE_PROTOTYPE,1,KX134_SENSOR_1,sensor_node_1,D4:E9:F4:E9:8E:1C,20852,208999924,0,0,NA,0,-4047,268,-94,-0.988037,0.065430,-0.022949,100,100,8,UNCALIBRATED_SENSOR_1,false,CALIBRATION_MISSING,CALIBRATION_MISSING,kx134_single_node_i2c.0.1.0,kx134.v3
kx134.v3,NODE_PROTOTYPE,1,KX134_SENSOR_1,sensor_node_1,D4:E9:F4:E9:8E:1C,20853,209009924,0,0,NA,0,-4051,289,-109,-0.989014,0.070557,-0.026611,100,100,8,UNCALIBRATED_SENSOR_1,false,CALIBRATION_MISSING,CALIBRATION_MISSING,kx134_single_node_i2c.0.1.0,kx134.v3
kx134.v3,NODE_PROTOTYPE,1,KX134_SENSOR_1,sensor_node_1,D4:E9:F4:E9:8E:1C,20854,209019924,0,0,NA,0,-4081,284,-106,-0.996338,0.069336,-0.025879,100,100,8,UNCALIBRATED_SENSOR_1,false,CALIBRATION_MISSING,CALIBRATION_MISSING,kx134_single_node_i2c.0.1.0,kx134.v3
kx134.v3,NODE_PROTOTYPE,1,KX134_SENSOR_1,sensor_node_1,D4:E9:F4:E9:8E:1C,20855,209029924,0,0,NA,0,-4091,286,-124,-0.998779,0.069824,-0.030273,100,100,8,UNCALIBRATED_SENSOR_1,false,CALIBRATION_MISSING,CALIBRATION_MISSING,kx134_single_node_i2c.0.1.0,kx134.v3
kx134.v3,NODE_PROTOTYPE,1,KX134_SENSOR_1,sensor_node_1,D4:E9:F4:E9:8E:1C,20856,209039925,0,0,NA,0,-4069,294,-131,-0.993408,0.071777,-0.031982,100,100,8,UNCALIBRATED_SENSOR_1,false,CALIBRATION_MISSING,CALIBRATION_MISSING,kx134_single_node_i2c.0.1.0,kx134.v3
kx134.v3,NODE_PROTOTYPE,1,KX134_SENSOR_1,sensor_node_1,D4:E9:F4:E9:8E:1C,20857,209049925,0,0,NA,0,-4059,262,-106,-0.990967,0.063965,-0.025879,100,100,8,UNCALIBRATED_SENSOR_1,false,CALIBRATION_MISSING,CALIBRATION_MISSING,kx134_single_node_i2c.0.1.0,kx134.v3
kx134.v3,NODE_PROTOTYPE,1,KX134_SENSOR_1,sensor_node_1,D4:E9:F4:E9:8E:1C,20858,209059925,0,0,NA,0,-4071,247,-94,-0.993896,0.060303,-0.022949,100,100,8,UNCALIBRATED_SENSOR_1,false,CALIBRATION_MISSING,CALIBRATION_MISSING,kx134_single_node_i2c.0.1.0,kx134.v3
kx134.v3,NODE_PROTOTYPE,1,KX134_SENSOR_1,sensor_node_1,D4:E9:F4:E9:8E:1C,20859,209069925,0,0,NA,0,-4094,269,-111,-0.999512,0.065674,-0.027100,100,100,8,UNCALIBRATED_SENSOR_1,false,CALIBRATION_MISSING,CALIBRATION_MISSING,kx134_single_node_i2c.0.1.0,kx134.v3
kx134.v3,NODE_PROTOTYPE,1,KX134_SENSOR_1,sensor_node_1,D4:E9:F4:E9:8E:1C,20860,209079925,0,0,NA,0,-4114,274,-106,-1.004395,0.066895,-0.025879,100,100,8,UNCALIBRATED_SENSOR_1,false,CALIBRATION_MISSING,CALIBRATION_MISSING,kx134_single_node_i2c.0.1.0,kx134.v3
kx134.v3,NODE_PROTOTYPE,1,KX134_SENSOR_1,sensor_node_1,D4:E9:F4:E9:8E:1C,20861,209089925,0,0,NA,0,-4122,274,-109,-1.006348,0.066895,-0.026611,100,100,8,UNCALIBRATED_SENSOR_1,false,CALIBRATION_MISSING,CALIBRATION_MISSING,kx134_single_node_i2c.0.1.0,kx134.v3
kx134.v3,NODE_PROTOTYPE,1,KX134_SENSOR_1,sensor_node_1,D4:E9:F4:E9:8E:1C,20862,209099925,0,0,NA,0,-4096,293,-127,-1.000000,0.071533,-0.031006,100,100,8,UNCALIBRATED_SENSOR_1,false,CALIBRATION_MISSING,CALIBRATION_MISSING,kx134_single_node_i2c.0.1.0,kx134.v3
kx134.v3,NODE_PROTOTYPE,1,KX134_SENSOR_1,sensor_node_1,D4:E9:F4:E9:8E:1C,20863,209109925,0,0,NA,0,-4085,301,-111,-0.997314,0.073486,-0.027100,100,100,8,UNCALIBRATED_SENSOR_1,false,CALIBRATION_MISSING,CALIBRATION_MISSING,kx134_single_node_i2c.0.1.0,kx134.v3
kx134.v3,NODE_PROTOTYPE,1,KX134_SENSOR_1,sensor_node_1,D4:E9:F4:E9:8E:1C,20864,209119924,0,0,NA,0,-4112,300,-96,-1.003906,0.073242,-0.023437,100,100,8,UNCALIBRATED_SENSOR_1,false,CALIBRATION_MISSING,CALIBRATION_MISSING,kx134_single_node_i2c.0.1.0,kx134.v3
kx134.v3,NODE_PROTOTYPE,1,KX134_SENSOR_1,sensor_node_1,D4:E9:F4:E9:8E:1C,20865,209129925,0,0,NA,0,-4101,308,-97,-1.001221,0.075195,-0.023682,100,100,8,UNCALIBRATED_SENSOR_1,false,CALIBRATION_MISSING,CALIBRATION_MISSING,kx134_single_node_i2c.0.1.0,kx134.v3
kx134.v3,NODE_PROTOTYPE,1,KX134_SENSOR_1,sensor_node_1,D4:E9:F4:E9:8E:1C,20866,209139924,0,0,NA,0,-4079,293,-81,-0.995850,0.071533,-0.019775,100,100,8,UNCALIBRATED_SENSOR_1,false,CALIBRATION_MISSING,CALIBRATION_MISSING,kx134_single_node_i2c.0.1.0,kx134.v3
kx134.v3,NODE_PROTOTYPE,1,KX134_SENSOR_1,sensor_node_1,D4:E9:F4:E9:8E:1C,20867,209149924,0,0,NA,0,-4087,281,-55,-0.997803,0.068604,-0.013428,100,100,8,UNCALIBRATED_SENSOR_1,false,CALIBRATION_MISSING,CALIBRATION_MISSING,kx134_single_node_i2c.0.1.0,kx134.v3
kx134.v3,NODE_PROTOTYPE,1,KX134_SENSOR_1,sensor_node_1,D4:E9:F4:E9:8E:1C,20868,209159924,0,0,NA,0,-4083,262,-55,-0.996826,0.063965,-0.013428,100,100,8,UNCALIBRATED_SENSOR_1,false,CALIBRATION_MISSING,CALIBRATION_MISSING,kx134_single_node_i2c.0.1.0,kx134.v3
kx134.v3,NODE_PROTOTYPE,1,KX134_SENSOR_1,sensor_node_1,D4:E9:F4:E9:8E:1C,20869,209169924,0,0,NA,0,-4075,253,-70,-0.994873,0.061768,-0.017090,100,100,8,UNCALIBRATED_SENSOR_1,false,CALIBRATION_MISSING,CALIBRATION_MISSING,kx134_single_node_i2c.0.1.0,kx134.v3
kx134.v3,NODE_PROTOTYPE,1,KX134_SENSOR_1,sensor_node_1,D4:E9:F4:E9:8E:1C,20870,209179925,0,0,NA,0,-4079,256,-80,-0.995850,0.062500,-0.019531,100,100,8,UNCALIBRATED_SENSOR_1,false,CALIBRATION_MISSING,CALIBRATION_MISSING,kx134_single_node_i2c.0.1.0,kx134.v3
kx134.v3,NODE_PROTOTYPE,1,KX134_SENSOR_1,sensor_node_1,D4:E9:F4:E9:8E:1C,20871,209189925,0,0,NA,0,-4068,238,-75,-0.993164,0.058105,-0.018311,100,100,8,UNCALIBRATED_SENSOR_1,false,CALIBRATION_MISSING,CALIBRATION_MISSING,kx134_single_node_i2c.0.1.0,kx134.v3
kx134.v3,NODE_PROTOTYPE,1,KX134_SENSOR_1,sensor_node_1,D4:E9:F4:E9:8E:1C,20872,209199925,0,0,NA,0,-4082,262,-75,-0.996582,0.063965,-0.018311,100,100,8,UNCALIBRATED_SENSOR_1,false,CALIBRATION_MISSING,CALIBRATION_MISSING,kx134_single_node_i2c.0.1.0,kx134.v3
kx134.v3,NODE_PROTOTYPE,1,KX134_SENSOR_1,sensor_node_1,D4:E9:F4:E9:8E:1C,20873,209209925,0,0,NA,0,-4098,285,-78,-1.000488,0.069580,-0.019043,100,100,8,UNCALIBRATED_SENSOR_1,false,CALIBRATION_MISSING,CALIBRATION_MISSING,kx134_single_node_i2c.0.1.0,kx134.v3
kx134.v3,NODE_PROTOTYPE,1,KX134_SENSOR_1,sensor_node_1,D4:E9:F4:E9:8E:1C,20874,209219924,0,0,NA,0,-4086,280,-90,-0.997559,0.068359,-0.021973,100,100,8,UNCALIBRATED_SENSOR_1,false,CALIBRATION_MISSING,CALIBRATION_MISSING,kx134_single_node_i2c.0.1.0,kx134.v3
kx134.v3,NODE_PROTOTYPE,1,KX134_SENSOR_1,sensor_node_1,D4:E9:F4:E9:8E:1C,20875,209229924,0,0,NA,0,-4076,287,-123,-0.995117,0.070068,-0.030029,100,100,8,UNCALIBRATED_SENSOR_1,false,CALIBRATION_MISSING,CALIBRATION_MISSING,kx134_single_node_i2c.0.1.0,kx134.v3
kx134.v3,NODE_PROTOTYPE,1,KX134_SENSOR_1,sensor_node_1,D4:E9:F4:E9:8E:1C,20876,209239925,0,0,NA,0,-4100,281,-123,-1.000977,0.068604,-0.030029,100,100,8,UNCALIBRATED_SENSOR_1,false,CALIBRATION_MISSING,CALIBRATION_MISSING,kx134_single_node_i2c.0.1.0,kx134.v3
kx134.v3,NODE_PROTOTYPE,1,KX134_SENSOR_1,sensor_node_1,D4:E9:F4:E9:8E:1C,20877,209249924,0,0,NA,0,-4104,259,-82,-1.001953,0.063232,-0.020020,100,100,8,UNCALIBRATED_SENSOR_1,false,CALIBRATION_MISSING,CALIBRATION_MISSING,kx134_single_node_i2c.0.1.0,kx134.v3
kx134.v3,NODE_PROTOTYPE,1,KX134_SENSOR_1,sensor_node_1,D4:E9:F4:E9:8E:1C,20878,209259925,0,0,NA,0,-4075,256,-63,-0.994873,0.062500,-0.015381,100,100,8,UNCALIBRATED_SENSOR_1,false,CALIBRATION_MISSING,CALIBRATION_MISSING,kx134_single_node_i2c.0.1.0,kx134.v3
kx134.v3,NODE_PROTOTYPE,1,KX134_SENSOR_1,sensor_node_1,D4:E9:F4:E9:8E:1C,20879,209269925,0,0,NA,0,-4067,267,-65,-0.992920,0.065186,-0.015869,100,100,8,UNCALIBRATED_SENSOR_1,false,CALIBRATION_MISSING,CALIBRATION_MISSING,kx134_single_node_i2c.0.1.0,kx134.v3
kx134.v3,NODE_PROTOTYPE,1,KX134_SENSOR_1,sensor_node_1,D4:E9:F4:E9:8E:1C,20880,209279925,0,0,NA,0,-4076,263,-78,-0.995117,0.064209,-0.019043,100,100,8,UNCALIBRATED_SENSOR_1,false,CALIBRATION_MISSING,CALIBRATION_MISSING,kx134_single_node_i2c.0.1.0,kx134.v3
kx134.v3,NODE_PROTOTYPE,1,KX134_SENSOR_1,sensor_node_1,D4:E9:F4:E9:8E:1C,20881,209289925,0,0,NA,0,-4080,271,-86,-0.996094,0.066162,-0.020996,100,100,8,UNCALIBRATED_SENSOR_1,false,CALIBRATION_MISSING,CALIBRATION_MISSING,kx134_single_node_i2c.0.1.0,kx134.v3
kx134.v3,NODE_PROTOTYPE,1,KX134_SENSOR_1,sensor_node_1,D4:E9:F4:E9:8E:1C,20882,209299924,0,0,NA,0,-4096,293,-86,-1.000000,0.071533,-0.020996,100,100,8,UNCALIBRATED_SENSOR_1,false,CALIBRATION_MISSING,CALIBRATION_MISSING,kx134_single_node_i2c.0.1.0,kx134.v3
kx134.v3,NODE_PROTOTYPE,1,KX134_SENSOR_1,sensor_node_1,D4:E9:F4:E9:8E:1C,20883,209309924,0,0,NA,0,-4105,292,-101,-1.002197,0.071289,-0.024658,100,100,8,UNCALIBRATED_SENSOR_1,false,CALIBRATION_MISSING,CALIBRATION_MISSING,kx134_single_node_i2c.0.1.0,kx134.v3
kx134.v3,NODE_PROTOTYPE,1,KX134_SENSOR_1,sensor_node_1,D4:E9:F4:E9:8E:1C,20884,209319924,0,0,NA,0,-4094,303,-124,-0.999512,0.073975,-0.030273,100,100,8,UNCALIBRATED_SENSOR_1,false,CALIBRATION_MISSING,CALIBRATION_MISSING,kx134_single_node_i2c.0.1.0,kx134.v3
kx134.v3,NODE_PROTOTYPE,1,KX134_SENSOR_1,sensor_node_1,D4:E9:F4:E9:8E:1C,20885,209329925,0,0,NA,0,-4098,304,-111,-1.000488,0.074219,-0.027100,100,100,8,UNCALIBRATED_SENSOR_1,false,CALIBRATION_MISSING,CALIBRATION_MISSING,kx134_single_node_i2c.0.1.0,kx134.v3
kx134.v3,NODE_PROTOTYPE,1,KX134_SENSOR_1,sensor_node_1,D4:E9:F4:E9:8E:1C,20886,209339924,0,0,NA,0,-4118,283,-71,-1.005371,0.069092,-0.017334,100,100,8,UNCALIBRATED_SENSOR_1,false,CALIBRATION_MISSING,CALIBRATION_MISSING,kx134_single_node_i2c.0.1.0,kx134.v3
kx134.v3,NODE_PROTOTYPE,1,KX134_SENSOR_1,sensor_node_1,D4:E9:F4:E9:8E:1C,20887,209349924,0,0,NA,0,-4107,290,-71,-1.002686,0.070801,-0.017334,100,100,8,UNCALIBRATED_SENSOR_1,false,CALIBRATION_MISSING,CALIBRATION_MISSING,kx134_single_node_i2c.0.1.0,kx134.v3
kx134.v3,NODE_PROTOTYPE,1,KX134_SENSOR_1,sensor_node_1,D4:E9:F4:E9:8E:1C,20888,209359925,0,0,NA,0,-4104,290,-88,-1.001953,0.070801,-0.021484,100,100,8,UNCALIBRATED_SENSOR_1,false,CALIBRATION_MISSING,CALIBRATION_MISSING,kx134_single_node_i2c.0.1.0,kx134.v3
kx134.v3,NODE_PROTOTYPE,1,KX134_SENSOR_1,sensor_node_1,D4:E9:F4:E9:8E:1C,20889,209369925,0,0,NA,0,-4102,266,-72,-1.001465,0.064941,-0.017578,100,100,8,UNCALIBRATED_SENSOR_1,false,CALIBRATION_MISSING,CALIBRATION_MISSING,kx134_single_node_i2c.0.1.0,kx134.v3
kx134.v3,NODE_PROTOTYPE,1,KX134_SENSOR_1,sensor_node_1,D4:E9:F4:E9:8E:1C,20890,209379925,0,0,NA,0,-4079,252,-67,-0.995850,0.061523,-0.016357,100,100,8,UNCALIBRATED_SENSOR_1,false,CALIBRATION_MISSING,CALIBRATION_MISSING,kx134_single_node_i2c.0.1.0,kx134.v3
kx134.v3,NODE_PROTOTYPE,1,KX134_SENSOR_1,sensor_node_1,D4:E9:F4:E9:8E:1C,20891,209389925,0,0,NA,0,-4080,253,-71,-0.996094,0.061768,-0.017334,100,100,8,UNCALIBRATED_SENSOR_1,false,CALIBRATION_MISSING,CALIBRATION_MISSING,kx134_single_node_i2c.0.1.0,kx134.v3
kx134.v3,NODE_PROTOTYPE,1,KX134_SENSOR_1,sensor_node_1,D4:E9:F4:E9:8E:1C,20892,209399925,0,0,NA,0,-4093,261,-62,-0.999268,0.063721,-0.015137,100,100,8,UNCALIBRATED_SENSOR_1,false,CALIBRATION_MISSING,CALIBRATION_MISSING,kx134_single_node_i2c.0.1.0,kx134.v3
kx134.v3,NODE_PROTOTYPE,1,KX134_SENSOR_1,sensor_node_1,D4:E9:F4:E9:8E:1C,20893,209409925,0,0,NA,0,-4097,278,-69,-1.000244,0.067871,-0.016846,100,100,8,UNCALIBRATED_SENSOR_1,false,CALIBRATION_MISSING,CALIBRATION_MISSING,kx134_single_node_i2c.0.1.0,kx134.v3
kx134.v3,NODE_PROTOTYPE,1,KX134_SENSOR_1,sensor_node_1,D4:E9:F4:E9:8E:1C,20894,209419925,0,0,NA,0,-4097,280,-111,-1.000244,0.068359,-0.027100,100,100,8,UNCALIBRATED_SENSOR_1,false,CALIBRATION_MISSING,CALIBRATION_MISSING,kx134_single_node_i2c.0.1.0,kx134.v3
kx134.v3,NODE_PROTOTYPE,1,KX134_SENSOR_1,sensor_node_1,D4:E9:F4:E9:8E:1C,20895,209429925,0,0,NA,0,-4093,278,-135,-0.999268,0.067871,-0.032959,100,100,8,UNCALIBRATED_SENSOR_1,false,CALIBRATION_MISSING,CALIBRATION_MISSING,kx134_single_node_i2c.0.1.0,kx134.v3
kx134.v3,NODE_PROTOTYPE,1,KX134_SENSOR_1,sensor_node_1,D4:E9:F4:E9:8E:1C,20896,209439925,0,0,NA,0,-4078,303,-111,-0.995605,0.073975,-0.027100,100,100,8,UNCALIBRATED_SENSOR_1,false,CALIBRATION_MISSING,CALIBRATION_MISSING,kx134_single_node_i2c.0.1.0,kx134.v3
kx134.v3,NODE_PROTOTYPE,1,KX134_SENSOR_1,sensor_node_1,D4:E9:F4:E9:8E:1C,20897,209449924,0,0,NA,0,-4071,345,-108,-0.993896,0.084229,-0.026367,100,100,8,UNCALIBRATED_SENSOR_1,false,CALIBRATION_MISSING,CALIBRATION_MISSING,kx134_single_node_i2c.0.1.0,kx134.v3
kx134.v3,NODE_PROTOTYPE,1,KX134_SENSOR_1,sensor_node_1,D4:E9:F4:E9:8E:1C,20898,209459925,0,0,NA,0,-4077,328,-128,-0.995361,0.080078,-0.031250,100,100,8,UNCALIBRATED_SENSOR_1,false,CALIBRATION_MISSING,CALIBRATION_MISSING,kx134_single_node_i2c.0.1.0,kx134.v3
kx134.v3,NODE_PROTOTYPE,1,KX134_SENSOR_1,sensor_node_1,D4:E9:F4:E9:8E:1C,20899,209469925,0,0,NA,0,-4074,287,-101,-0.994629,0.070068,-0.024658,100,100,8,UNCALIBRATED_SENSOR_1,false,CALIBRATION_MISSING,CALIBRATION_MISSING,kx134_single_node_i2c.0.1.0,kx134.v3
kx134.v3,NODE_PROTOTYPE,1,KX134_SENSOR_1,sensor_node_1,D4:E9:F4:E9:8E:1C,20900,209479924,0,0,NA,0,-4055,268,-69,-0.989990,0.065430,-0.016846,100,100,8,UNCALIBRATED_SENSOR_1,false,CALIBRATION_MISSING,CALIBRATION_MISSING,kx134_single_node_i2c.0.1.0,kx134.v3
kx134.v3,NODE_PROTOTYPE,1,KX134_SENSOR_1,sensor_node_1,D4:E9:F4:E9:8E:1C,20901,209489924,0,0,NA,0,-4060,280,-68,-0.991211,0.068359,-0.016602,100,100,8,UNCALIBRATED_SENSOR_1,false,CALIBRATION_MISSING,CALIBRATION_MISSING,kx134_single_node_i2c.0.1.0,kx134.v3
kx134.v3,NODE_PROTOTYPE,1,KX134_SENSOR_1,sensor_node_1,D4:E9:F4:E9:8E:1C,20902,209499924,0,0,NA,0,-4082,285,-86,-0.996582,0.069580,-0.020996,100,100,8,UNCALIBRATED_SENSOR_1,false,CALIBRATION_MISSING,CALIBRATION_MISSING,kx134_single_node_i2c.0.1.0,kx134.v3
kx134.v3,NODE_PROTOTYPE,1,KX134_SENSOR_1,sensor_node_1,D4:E9:F4:E9:8E:1C,20903,209509925,0,0,NA,0,-4093,276,-107,-0.999268,0.067383,-0.026123,100,100,8,UNCALIBRATED_SENSOR_1,false,CALIBRATION_MISSING,CALIBRATION_MISSING,kx134_single_node_i2c.0.1.0,kx134.v3
kx134.v3,NODE_PROTOTYPE,1,KX134_SENSOR_1,sensor_node_1,D4:E9:F4:E9:8E:1C,20904,209519924,0,0,NA,0,-4102,265,-97,-1.001465,0.064697,-0.023682,100,100,8,UNCALIBRATED_SENSOR_1,false,CALIBRATION_MISSING,CALIBRATION_MISSING,kx134_single_node_i2c.0.1.0,kx134.v3
kx134.v3,NODE_PROTOTYPE,1,KX134_SENSOR_1,sensor_node_1,D4:E9:F4:E9:8E:1C,20905,209529925,0,0,NA,0,-4112,250,-81,-1.003906,0.061035,-0.019775,100,100,8,UNCALIBRATED_SENSOR_1,false,CALIBRATION_MISSING,CALIBRATION_MISSING,kx134_single_node_i2c.0.1.0,kx134.v3
kx134.v3,NODE_PROTOTYPE,1,KX134_SENSOR_1,sensor_node_1,D4:E9:F4:E9:8E:1C,20906,209539924,0,0,NA,0,-4097,267,-74,-1.000244,0.065186,-0.018066,100,100,8,UNCALIBRATED_SENSOR_1,false,CALIBRATION_MISSING,CALIBRATION_MISSING,kx134_single_node_i2c.0.1.0,kx134.v3
kx134.v3,NODE_PROTOTYPE,1,KX134_SENSOR_1,sensor_node_1,D4:E9:F4:E9:8E:1C,20907,209549925,0,0,NA,0,-4110,258,-67,-1.003418,0.062988,-0.016357,100,100,8,UNCALIBRATED_SENSOR_1,false,CALIBRATION_MISSING,CALIBRATION_MISSING,kx134_single_node_i2c.0.1.0,kx134.v3
kx134.v3,NODE_PROTOTYPE,1,KX134_SENSOR_1,sensor_node_1,D4:E9:F4:E9:8E:1C,20908,209559924,0,0,NA,0,-4134,257,-67,-1.009277,0.062744,-0.016357,100,100,8,UNCALIBRATED_SENSOR_1,false,CALIBRATION_MISSING,CALIBRATION_MISSING,kx134_single_node_i2c.0.1.0,kx134.v3
kx134.v3,NODE_PROTOTYPE,1,KX134_SENSOR_1,sensor_node_1,D4:E9:F4:E9:8E:1C,20909,209569925,0,0,NA,0,-4136,271,-63,-1.009766,0.066162,-0.015381,100,100,8,UNCALIBRATED_SENSOR_1,false,CALIBRATION_MISSING,CALIBRATION_MISSING,kx134_single_node_i2c.0.1.0,kx134.v3
kx134.v3,NODE_PROTOTYPE,1,KX134_SENSOR_1,sensor_node_1,D4:E9:F4:E9:8E:1C,20910,209579925,0,0,NA,0,-4104,245,-60,-1.001953,0.059814,-0.014648,100,100,8,UNCALIBRATED_SENSOR_1,false,CALIBRATION_MISSING,CALIBRATION_MISSING,kx134_single_node_i2c.0.1.0,kx134.v3
kx134.v3,NODE_PROTOTYPE,1,KX134_SENSOR_1,sensor_node_1,D4:E9:F4:E9:8E:1C,20911,209589925,0,0,NA,0,-4059,256,-45,-0.990967,0.062500,-0.010986,100,100,8,UNCALIBRATED_SENSOR_1,false,CALIBRATION_MISSING,CALIBRATION_MISSING,kx134_single_node_i2c.0.1.0,kx134.v3
kx134.v3,NODE_PROTOTYPE,1,KX134_SENSOR_1,sensor_node_1,D4:E9:F4:E9:8E:1C,20912,209599924,0,0,NA,0,-4068,268,-26,-0.993164,0.065430,-0.006348,100,100,8,UNCALIBRATED_SENSOR_1,false,CALIBRATION_MISSING,CALIBRATION_MISSING,kx134_single_node_i2c.0.1.0,kx134.v3
kx134.v3,NODE_PROTOTYPE,1,KX134_SENSOR_1,sensor_node_1,D4:E9:F4:E9:8E:1C,20913,209609924,0,0,NA,0,-4107,245,-54,-1.002686,0.059814,-0.013184,100,100,8,UNCALIBRATED_SENSOR_1,false,CALIBRATION_MISSING,CALIBRATION_MISSING,kx134_single_node_i2c.0.1.0,kx134.v3
kx134.v3,NODE_PROTOTYPE,1,KX134_SENSOR_1,sensor_node_1,D4:E9:F4:E9:8E:1C,20914,209619925,0,0,NA,0,-4104,252,-67,-1.001953,0.061523,-0.016357,100,100,8,UNCALIBRATED_SENSOR_1,false,CALIBRATION_MISSING,CALIBRATION_MISSING,kx134_single_node_i2c.0.1.0,kx134.v3
kx134.v3,NODE_PROTOTYPE,1,KX134_SENSOR_1,sensor_node_1,D4:E9:F4:E9:8E:1C,20915,209629925,0,0,NA,0,-4076,242,-47,-0.995117,0.059082,-0.011475,100,100,8,UNCALIBRATED_SENSOR_1,false,CALIBRATION_MISSING,CALIBRATION_MISSING,kx134_single_node_i2c.0.1.0,kx134.v3
kx134.v3,NODE_PROTOTYPE,1,KX134_SENSOR_1,sensor_node_1,D4:E9:F4:E9:8E:1C,20916,209639925,0,0,NA,0,-4077,238,-51,-0.995361,0.058105,-0.012451,100,100,8,UNCALIBRATED_SENSOR_1,false,CALIBRATION_MISSING,CALIBRATION_MISSING,kx134_single_node_i2c.0.1.0,kx134.v3
kx134.v3,NODE_PROTOTYPE,1,KX134_SENSOR_1,sensor_node_1,D4:E9:F4:E9:8E:1C,20917,209649925,0,0,NA,0,-4060,269,-68,-0.991211,0.065674,-0.016602,100,100,8,UNCALIBRATED_SENSOR_1,false,CALIBRATION_MISSING,CALIBRATION_MISSING,kx134_single_node_i2c.0.1.0,kx134.v3
kx134.v3,NODE_PROTOTYPE,1,KX134_SENSOR_1,sensor_node_1,D4:E9:F4:E9:8E:1C,20918,209659925,0,0,NA,0,-4042,292,-79,-0.986816,0.071289,-0.019287,100,100,8,UNCALIBRATED_SENSOR_1,false,CALIBRATION_MISSING,CALIBRATION_MISSING,kx134_single_node_i2c.0.1.0,kx134.v3
kx134.v3,NODE_PROTOTYPE,1,KX134_SENSOR_1,sensor_node_1,D4:E9:F4:E9:8E:1C,20919,209669925,0,0,NA,0,-4098,302,-87,-1.000488,0.073730,-0.021240,100,100,8,UNCALIBRATED_SENSOR_1,false,CALIBRATION_MISSING,CALIBRATION_MISSING,kx134_single_node_i2c.0.1.0,kx134.v3
kx134.v3,NODE_PROTOTYPE,1,KX134_SENSOR_1,sensor_node_1,D4:E9:F4:E9:8E:1C,20920,209679924,0,0,NA,0,-4132,311,-75,-1.008789,0.075928,-0.018311,100,100,8,UNCALIBRATED_SENSOR_1,false,CALIBRATION_MISSING,CALIBRATION_MISSING,kx134_single_node_i2c.0.1.0,kx134.v3
kx134.v3,NODE_PROTOTYPE,1,KX134_SENSOR_1,sensor_node_1,D4:E9:F4:E9:8E:1C,20921,209689925,0,0,NA,0,-4126,297,-61,-1.007324,0.072510,-0.014893,100,100,8,UNCALIBRATED_SENSOR_1,false,CALIBRATION_MISSING,CALIBRATION_MISSING,kx134_single_node_i2c.0.1.0,kx134.v3
kx134.v3,NODE_PROTOTYPE,1,KX134_SENSOR_1,sensor_node_1,D4:E9:F4:E9:8E:1C,20922,209699925,0,0,NA,0,-4115,283,-85,-1.004639,0.069092,-0.020752,100,100,8,UNCALIBRATED_SENSOR_1,false,CALIBRATION_MISSING,CALIBRATION_MISSING,kx134_single_node_i2c.0.1.0,kx134.v3
kx134.v3,NODE_PROTOTYPE,1,KX134_SENSOR_1,sensor_node_1,D4:E9:F4:E9:8E:1C,20923,209709924,0,0,NA,0,-4091,312,-81,-0.998779,0.076172,-0.019775,100,100,8,UNCALIBRATED_SENSOR_1,false,CALIBRATION_MISSING,CALIBRATION_MISSING,kx134_single_node_i2c.0.1.0,kx134.v3
kx134.v3,NODE_PROTOTYPE,1,KX134_SENSOR_1,sensor_node_1,D4:E9:F4:E9:8E:1C,20924,209719924,0,0,NA,0,-4056,308,-31,-0.990234,0.075195,-0.007568,100,100,8,UNCALIBRATED_SENSOR_1,false,CALIBRATION_MISSING,CALIBRATION_MISSING,kx134_single_node_i2c.0.1.0,kx134.v3
kx134.v3,NODE_PROTOTYPE,1,KX134_SENSOR_1,sensor_node_1,D4:E9:F4:E9:8E:1C,20925,209729925,0,0,NA,0,-4032,282,-16,-0.984375,0.068848,-0.003906,100,100,8,UNCALIBRATED_SENSOR_1,false,CALIBRATION_MISSING,CALIBRATION_MISSING,kx134_single_node_i2c.0.1.0,kx134.v3
kx134.v3,NODE_PROTOTYPE,1,KX134_SENSOR_1,sensor_node_1,D4:E9:F4:E9:8E:1C,20926,209739925,0,0,NA,0,-4070,273,-65,-0.993652,0.066650,-0.015869,100,100,8,UNCALIBRATED_SENSOR_1,false,CALIBRATION_MISSING,CALIBRATION_MISSING,kx134_single_node_i2c.0.1.0,kx134.v3
kx134.v3,NODE_PROTOTYPE,1,KX134_SENSOR_1,sensor_node_1,D4:E9:F4:E9:8E:1C,20927,209749925,0,0,NA,0,-4081,258,-43,-0.996338,0.062988,-0.010498,100,100,8,UNCALIBRATED_SENSOR_1,false,CALIBRATION_MISSING,CALIBRATION_MISSING,kx134_single_node_i2c.0.1.0,kx134.v3
kx134.v3,NODE_PROTOTYPE,1,KX134_SENSOR_1,sensor_node_1,D4:E9:F4:E9:8E:1C,20928,209759925,0,0,NA,0,-4075,286,11,-0.994873,0.069824,0.002686,100,100,8,UNCALIBRATED_SENSOR_1,false,CALIBRATION_MISSING,CALIBRATION_MISSING,kx134_single_node_i2c.0.1.0,kx134.v3
kx134.v3,NODE_PROTOTYPE,1,KX134_SENSOR_1,sensor_node_1,D4:E9:F4:E9:8E:1C,20929,209769924,0,0,NA,0,-4075,286,11,-0.994873,0.069824,0.002686,100,100,8,UNCALIBRATED_SENSOR_1,false,CALIBRATION_MISSING,CALIBRATION_MISSING,kx134_single_node_i2c.0.1.0,kx134.v3
kx134.v3,NODE_PROTOTYPE,1,KX134_SENSOR_1,sensor_node_1,D4:E9:F4:E9:8E:1C,20930,209779924,0,0,NA,0,-4131,377,-75,-1.008545,0.092041,-0.018311,100,100,8,UNCALIBRATED_SENSOR_1,false,CALIBRATION_MISSING,CALIBRATION_MISSING,kx134_single_node_i2c.0.1.0,kx134.v3
kx134.v3,NODE_PROTOTYPE,1,KX134_SENSOR_1,sensor_node_1,D4:E9:F4:E9:8E:1C,20931,209789924,0,0,NA,0,-4228,408,-138,-1.032227,0.099609,-0.033691,100,100,8,UNCALIBRATED_SENSOR_1,false,CALIBRATION_MISSING,CALIBRATION_MISSING,kx134_single_node_i2c.0.1.0,kx134.v3
kx134.v3,NODE_PROTOTYPE,1,KX134_SENSOR_1,sensor_node_1,D4:E9:F4:E9:8E:1C,20932,209799924,0,0,NA,0,-4193,278,-173,-1.023682,0.067871,-0.042236,100,100,8,UNCALIBRATED_SENSOR_1,false,CALIBRATION_MISSING,CALIBRATION_MISSING,kx134_single_node_i2c.0.1.0,kx134.v3
kx134.v3,NODE_PROTOTYPE,1,KX134_SENSOR_1,sensor_node_1,D4:E9:F4:E9:8E:1C,20933,209809925,0,0,NA,0,-3995,214,-136,-0.975342,0.052246,-0.033203,100,100,8,UNCALIBRATED_SENSOR_1,false,CALIBRATION_MISSING,CALIBRATION_MISSING,kx134_single_node_i2c.0.1.0,kx134.v3
kx134.v3,NODE_PROTOTYPE,1,KX134_SENSOR_1,sensor_node_1,D4:E9:F4:E9:8E:1C,20934,209819925,0,0,NA,0,-3892,226,-106,-0.950195,0.055176,-0.025879,100,100,8,UNCALIBRATED_SENSOR_1,false,CALIBRATION_MISSING,CALIBRATION_MISSING,kx134_single_node_i2c.0.1.0,kx134.v3
kx134.v3,NODE_PROTOTYPE,1,KX134_SENSOR_1,sensor_node_1,D4:E9:F4:E9:8E:1C,20935,209829925,0,0,NA,0,-3960,306,-150,-0.966797,0.074707,-0.036621,100,100,8,UNCALIBRATED_SENSOR_1,false,CALIBRATION_MISSING,CALIBRATION_MISSING,kx134_single_node_i2c.0.1.0,kx134.v3
kx134.v3,NODE_PROTOTYPE,1,KX134_SENSOR_1,sensor_node_1,D4:E9:F4:E9:8E:1C,20936,209839925,0,0,NA,0,-4105,343,-100,-1.002197,0.083740,-0.024414,100,100,8,UNCALIBRATED_SENSOR_1,false,CALIBRATION_MISSING,CALIBRATION_MISSING,kx134_single_node_i2c.0.1.0,kx134.v3
kx134.v3,NODE_PROTOTYPE,1,KX134_SENSOR_1,sensor_node_1,D4:E9:F4:E9:8E:1C,20937,209849925,0,0,NA,0,-4165,259,-70,-1.016846,0.063232,-0.017090,100,100,8,UNCALIBRATED_SENSOR_1,false,CALIBRATION_MISSING,CALIBRATION_MISSING,kx134_single_node_i2c.0.1.0,kx134.v3
kx134.v3,NODE_PROTOTYPE,1,KX134_SENSOR_1,sensor_node_1,D4:E9:F4:E9:8E:1C,20938,209859925,0,0,NA,0,-4125,269,-98,-1.007080,0.065674,-0.023926,100,100,8,UNCALIBRATED_SENSOR_1,false,CALIBRATION_MISSING,CALIBRATION_MISSING,kx134_single_node_i2c.0.1.0,kx134.v3
kx134.v3,NODE_PROTOTYPE,1,KX134_SENSOR_1,sensor_node_1,D4:E9:F4:E9:8E:1C,20939,209869924,0,0,NA,0,-4089,264,-95,-0.998291,0.064453,-0.023193,100,100,8,UNCALIBRATED_SENSOR_1,false,CALIBRATION_MISSING,CALIBRATION_MISSING,kx134_single_node_i2c.0.1.0,kx134.v3
kx134.v3,NODE_PROTOTYPE,1,KX134_SENSOR_1,sensor_node_1,D4:E9:F4:E9:8E:1C,20940,209879925,0,0,NA,0,-4059,236,-96,-0.990967,0.057617,-0.023437,100,100,8,UNCALIBRATED_SENSOR_1,false,CALIBRATION_MISSING,CALIBRATION_MISSING,kx134_single_node_i2c.0.1.0,kx134.v3
kx134.v3,NODE_PROTOTYPE,1,KX134_SENSOR_1,sensor_node_1,D4:E9:F4:E9:8E:1C,20941,209889925,0,0,NA,0,-4059,250,-109,-0.990967,0.061035,-0.026611,100,100,8,UNCALIBRATED_SENSOR_1,false,CALIBRATION_MISSING,CALIBRATION_MISSING,kx134_single_node_i2c.0.1.0,kx134.v3
kx134.v3,NODE_PROTOTYPE,1,KX134_SENSOR_1,sensor_node_1,D4:E9:F4:E9:8E:1C,20942,209899925,0,0,NA,0,-4092,271,-83,-0.999023,0.066162,-0.020264,100,100,8,UNCALIBRATED_SENSOR_1,false,CALIBRATION_MISSING,CALIBRATION_MISSING,kx134_single_node_i2c.0.1.0,kx134.v3
kx134.v3,NODE_PROTOTYPE,1,KX134_SENSOR_1,sensor_node_1,D4:E9:F4:E9:8E:1C,20943,209909924,0,0,NA,0,-4098,290,-76,-1.000488,0.070801,-0.018555,100,100,8,UNCALIBRATED_SENSOR_1,false,CALIBRATION_MISSING,CALIBRATION_MISSING,kx134_single_node_i2c.0.1.0,kx134.v3
kx134.v3,NODE_PROTOTYPE,1,KX134_SENSOR_1,sensor_node_1,D4:E9:F4:E9:8E:1C,20944,209919925,0,0,NA,0,-4044,263,-54,-0.987305,0.064209,-0.013184,100,100,8,UNCALIBRATED_SENSOR_1,false,CALIBRATION_MISSING,CALIBRATION_MISSING,kx134_single_node_i2c.0.1.0,kx134.v3
kx134.v3,NODE_PROTOTYPE,1,KX134_SENSOR_1,sensor_node_1,D4:E9:F4:E9:8E:1C,20945,209929925,0,0,NA,0,-4039,243,-39,-0.986084,0.059326,-0.009521,100,100,8,UNCALIBRATED_SENSOR_1,false,CALIBRATION_MISSING,CALIBRATION_MISSING,kx134_single_node_i2c.0.1.0,kx134.v3
kx134.v3,NODE_PROTOTYPE,1,KX134_SENSOR_1,sensor_node_1,D4:E9:F4:E9:8E:1C,20946,209939925,0,0,NA,0,-4061,306,-66,-0.991455,0.074707,-0.016113,100,100,8,UNCALIBRATED_SENSOR_1,false,CALIBRATION_MISSING,CALIBRATION_MISSING,kx134_single_node_i2c.0.1.0,kx134.v3
kx134.v3,NODE_PROTOTYPE,1,KX134_SENSOR_1,sensor_node_1,D4:E9:F4:E9:8E:1C,20947,209949925,0,0,NA,0,-4072,332,-88,-0.994141,0.081055,-0.021484,100,100,8,UNCALIBRATED_SENSOR_1,false,CALIBRATION_MISSING,CALIBRATION_MISSING,kx134_single_node_i2c.0.1.0,kx134.v3
kx134.v3,NODE_PROTOTYPE,1,KX134_SENSOR_1,sensor_node_1,D4:E9:F4:E9:8E:1C,20948,209959925,0,0,NA,0,-4097,304,-122,-1.000244,0.074219,-0.029785,100,100,8,UNCALIBRATED_SENSOR_1,false,CALIBRATION_MISSING,CALIBRATION_MISSING,kx134_single_node_i2c.0.1.0,kx134.v3
kx134.v3,NODE_PROTOTYPE,1,KX134_SENSOR_1,sensor_node_1,D4:E9:F4:E9:8E:1C,20949,209969925,0,0,NA,0,-4075,265,-136,-0.994873,0.064697,-0.033203,100,100,8,UNCALIBRATED_SENSOR_1,false,CALIBRATION_MISSING,CALIBRATION_MISSING,kx134_single_node_i2c.0.1.0,kx134.v3
kx134.v3,NODE_PROTOTYPE,1,KX134_SENSOR_1,sensor_node_1,D4:E9:F4:E9:8E:1C,20950,209979925,0,0,NA,0,-4053,260,-115,-0.989502,0.063477,-0.028076,100,100,8,UNCALIBRATED_SENSOR_1,false,CALIBRATION_MISSING,CALIBRATION_MISSING,kx134_single_node_i2c.0.1.0,kx134.v3
kx134.v3,NODE_PROTOTYPE,1,KX134_SENSOR_1,sensor_node_1,D4:E9:F4:E9:8E:1C,20951,209989924,0,0,NA,0,-4055,267,-121,-0.989990,0.065186,-0.029541,100,100,8,UNCALIBRATED_SENSOR_1,false,CALIBRATION_MISSING,CALIBRATION_MISSING,kx134_single_node_i2c.0.1.0,kx134.v3
kx134.v3,NODE_PROTOTYPE,1,KX134_SENSOR_1,sensor_node_1,D4:E9:F4:E9:8E:1C,20952,209999924,0,0,NA,0,-4051,251,-117,-0.989014,0.061279,-0.028564,100,100,8,UNCALIBRATED_SENSOR_1,false,CALIBRATION_MISSING,CALIBRATION_MISSING,kx134_single_node_i2c.0.1.0,kx134.v3
kx134.v3,NODE_PROTOTYPE,1,KX134_SENSOR_1,sensor_node_1,D4:E9:F4:E9:8E:1C,20953,210009924,0,0,NA,0,-4054,283,-92,-0.989746,0.069092,-0.022461,100,100,8,UNCALIBRATED_SENSOR_1,false,CALIBRATION_MISSING,CALIBRATION_MISSING,kx134_single_node_i2c.0.1.0,kx134.v3
kx134.v3,NODE_PROTOTYPE,1,KX134_SENSOR_1,sensor_node_1,D4:E9:F4:E9:8E:1C,20954,210019924,0,0,NA,0,-4064,291,-74,-0.992187,0.071045,-0.018066,100,100,8,UNCALIBRATED_SENSOR_1,false,CALIBRATION_MISSING,CALIBRATION_MISSING,kx134_single_node_i2c.0.1.0,kx134.v3
kx134.v3,NODE_PROTOTYPE,1,KX134_SENSOR_1,sensor_node_1,D4:E9:F4:E9:8E:1C,20955,210029924,0,0,NA,0,-4072,279,-100,-0.994141,0.068115,-0.024414,100,100,8,UNCALIBRATED_SENSOR_1,false,CALIBRATION_MISSING,CALIBRATION_MISSING,kx134_single_node_i2c.0.1.0,kx134.v3
kx134.v3,NODE_PROTOTYPE,1,KX134_SENSOR_1,sensor_node_1,D4:E9:F4:E9:8E:1C,20956,210039925,0,0,NA,0,-4089,285,-101,-0.998291,0.069580,-0.024658,100,100,8,UNCALIBRATED_SENSOR_1,false,CALIBRATION_MISSING,CALIBRATION_MISSING,kx134_single_node_i2c.0.1.0,kx134.v3
kx134.v3,NODE_PROTOTYPE,1,KX134_SENSOR_1,sensor_node_1,D4:E9:F4:E9:8E:1C,20957,210049925,0,0,NA,0,-4094,277,-75,-0.999512,0.067627,-0.018311,100,100,8,UNCALIBRATED_SENSOR_1,false,CALIBRATION_MISSING,CALIBRATION_MISSING,kx134_single_node_i2c.0.1.0,kx134.v3
kx134.v3,NODE_PROTOTYPE,1,KX134_SENSOR_1,sensor_node_1,D4:E9:F4:E9:8E:1C,20958,210059925,0,0,NA,0,-4094,280,-87,-0.999512,0.068359,-0.021240,100,100,8,UNCALIBRATED_SENSOR_1,false,CALIBRATION_MISSING,CALIBRATION_MISSING,kx134_single_node_i2c.0.1.0,kx134.v3
kx134.v3,NODE_PROTOTYPE,1,KX134_SENSOR_1,sensor_node_1,D4:E9:F4:E9:8E:1C,20959,210069924,0,0,NA,0,-4104,287,-68,-1.001953,0.070068,-0.016602,100,100,8,UNCALIBRATED_SENSOR_1,false,CALIBRATION_MISSING,CALIBRATION_MISSING,kx134_single_node_i2c.0.1.0,kx134.v3
kx134.v3,NODE_PROTOTYPE,1,KX134_SENSOR_1,sensor_node_1,D4:E9:F4:E9:8E:1C,20960,210079924,0,0,NA,0,-4101,270,-53,-1.001221,0.065918,-0.012939,100,100,8,UNCALIBRATED_SENSOR_1,false,CALIBRATION_MISSING,CALIBRATION_MISSING,kx134_single_node_i2c.0.1.0,kx134.v3
kx134.v3,NODE_PROTOTYPE,1,KX134_SENSOR_1,sensor_node_1,D4:E9:F4:E9:8E:1C,20961,210089925,0,0,NA,0,-4100,247,-92,-1.000977,0.060303,-0.022461,100,100,8,UNCALIBRATED_SENSOR_1,false,CALIBRATION_MISSING,CALIBRATION_MISSING,kx134_single_node_i2c.0.1.0,kx134.v3
kx134.v3,NODE_PROTOTYPE,1,KX134_SENSOR_1,sensor_node_1,D4:E9:F4:E9:8E:1C,20962,210099924,0,0,NA,0,-4099,251,-117,-1.000732,0.061279,-0.028564,100,100,8,UNCALIBRATED_SENSOR_1,false,CALIBRATION_MISSING,CALIBRATION_MISSING,kx134_single_node_i2c.0.1.0,kx134.v3
kx134.v3,NODE_PROTOTYPE,1,KX134_SENSOR_1,sensor_node_1,D4:E9:F4:E9:8E:1C,20963,210109924,0,0,NA,0,-4086,270,-124,-0.997559,0.065918,-0.030273,100,100,8,UNCALIBRATED_SENSOR_1,false,CALIBRATION_MISSING,CALIBRATION_MISSING,kx134_single_node_i2c.0.1.0,kx134.v3
kx134.v3,NODE_PROTOTYPE,1,KX134_SENSOR_1,sensor_node_1,D4:E9:F4:E9:8E:1C,20964,210119925,0,0,NA,0,-4091,299,-146,-0.998779,0.072998,-0.035645,100,100,8,UNCALIBRATED_SENSOR_1,false,CALIBRATION_MISSING,CALIBRATION_MISSING,kx134_single_node_i2c.0.1.0,kx134.v3
kx134.v3,NODE_PROTOTYPE,1,KX134_SENSOR_1,sensor_node_1,D4:E9:F4:E9:8E:1C,20965,210129925,0,0,NA,0,-4079,288,-134,-0.995850,0.070312,-0.032715,100,100,8,UNCALIBRATED_SENSOR_1,false,CALIBRATION_MISSING,CALIBRATION_MISSING,kx134_single_node_i2c.0.1.0,kx134.v3
kx134.v3,NODE_PROTOTYPE,1,KX134_SENSOR_1,sensor_node_1,D4:E9:F4:E9:8E:1C,20966,210139925,0,0,NA,0,-4055,256,-120,-0.989990,0.062500,-0.029297,100,100,8,UNCALIBRATED_SENSOR_1,false,CALIBRATION_MISSING,CALIBRATION_MISSING,kx134_single_node_i2c.0.1.0,kx134.v3
kx134.v3,NODE_PROTOTYPE,1,KX134_SENSOR_1,sensor_node_1,D4:E9:F4:E9:8E:1C,20967,210149924,0,0,NA,0,-4044,232,-108,-0.987305,0.056641,-0.026367,100,100,8,UNCALIBRATED_SENSOR_1,false,CALIBRATION_MISSING,CALIBRATION_MISSING,kx134_single_node_i2c.0.1.0,kx134.v3
kx134.v3,NODE_PROTOTYPE,1,KX134_SENSOR_1,sensor_node_1,D4:E9:F4:E9:8E:1C,20968,210159924,0,0,NA,0,-4033,209,-60,-0.984619,0.051025,-0.014648,100,100,8,UNCALIBRATED_SENSOR_1,false,CALIBRATION_MISSING,CALIBRATION_MISSING,kx134_single_node_i2c.0.1.0,kx134.v3
kx134.v3,NODE_PROTOTYPE,1,KX134_SENSOR_1,sensor_node_1,D4:E9:F4:E9:8E:1C,20969,210169925,0,0,NA,0,-4037,221,-48,-0.985596,0.053955,-0.011719,100,100,8,UNCALIBRATED_SENSOR_1,false,CALIBRATION_MISSING,CALIBRATION_MISSING,kx134_single_node_i2c.0.1.0,kx134.v3
kx134.v3,NODE_PROTOTYPE,1,KX134_SENSOR_1,sensor_node_1,D4:E9:F4:E9:8E:1C,20970,210179925,0,0,NA,0,-4049,211,-46,-0.988525,0.051514,-0.011230,100,100,8,UNCALIBRATED_SENSOR_1,false,CALIBRATION_MISSING,CALIBRATION_MISSING,kx134_single_node_i2c.0.1.0,kx134.v3
kx134.v3,NODE_PROTOTYPE,1,KX134_SENSOR_1,sensor_node_1,D4:E9:F4:E9:8E:1C,20971,210189925,0,0,NA,0,-4080,216,-32,-0.996094,0.052734,-0.007813,100,100,8,UNCALIBRATED_SENSOR_1,false,CALIBRATION_MISSING,CALIBRATION_MISSING,kx134_single_node_i2c.0.1.0,kx134.v3
kx134.v3,NODE_PROTOTYPE,1,KX134_SENSOR_1,sensor_node_1,D4:E9:F4:E9:8E:1C,20972,210199924,0,0,NA,0,-4112,252,-47,-1.003906,0.061523,-0.011475,100,100,8,UNCALIBRATED_SENSOR_1,false,CALIBRATION_MISSING,CALIBRATION_MISSING,kx134_single_node_i2c.0.1.0,kx134.v3
kx134.v3,NODE_PROTOTYPE,1,KX134_SENSOR_1,sensor_node_1,D4:E9:F4:E9:8E:1C,20973,210209925,0,0,NA,0,-4110,259,-26,-1.003418,0.063232,-0.006348,100,100,8,UNCALIBRATED_SENSOR_1,false,CALIBRATION_MISSING,CALIBRATION_MISSING,kx134_single_node_i2c.0.1.0,kx134.v3
kx134.v3,NODE_PROTOTYPE,1,KX134_SENSOR_1,sensor_node_1,D4:E9:F4:E9:8E:1C,20974,210219925,0,0,NA,0,-4071,268,-35,-0.993896,0.065430,-0.008545,100,100,8,UNCALIBRATED_SENSOR_1,false,CALIBRATION_MISSING,CALIBRATION_MISSING,kx134_single_node_i2c.0.1.0,kx134.v3
kx134.v3,NODE_PROTOTYPE,1,KX134_SENSOR_1,sensor_node_1,D4:E9:F4:E9:8E:1C,20975,210229924,0,0,NA,0,-4049,279,-85,-0.988525,0.068115,-0.020752,100,100,8,UNCALIBRATED_SENSOR_1,false,CALIBRATION_MISSING,CALIBRATION_MISSING,kx134_single_node_i2c.0.1.0,kx134.v3
kx134.v3,NODE_PROTOTYPE,1,KX134_SENSOR_1,sensor_node_1,D4:E9:F4:E9:8E:1C,20976,210239925,0,0,NA,0,-4043,294,-75,-0.987061,0.071777,-0.018311,100,100,8,UNCALIBRATED_SENSOR_1,false,CALIBRATION_MISSING,CALIBRATION_MISSING,kx134_single_node_i2c.0.1.0,kx134.v3
kx134.v3,NODE_PROTOTYPE,1,KX134_SENSOR_1,sensor_node_1,D4:E9:F4:E9:8E:1C,20977,210249925,0,0,NA,0,-4062,303,-58,-0.991699,0.073975,-0.014160,100,100,8,UNCALIBRATED_SENSOR_1,false,CALIBRATION_MISSING,CALIBRATION_MISSING,kx134_single_node_i2c.0.1.0,kx134.v3
kx134.v3,NODE_PROTOTYPE,1,KX134_SENSOR_1,sensor_node_1,D4:E9:F4:E9:8E:1C,20978,210259925,0,0,NA,0,-4094,313,-58,-0.999512,0.076416,-0.014160,100,100,8,UNCALIBRATED_SENSOR_1,false,CALIBRATION_MISSING,CALIBRATION_MISSING,kx134_single_node_i2c.0.1.0,kx134.v3
kx134.v3,NODE_PROTOTYPE,1,KX134_SENSOR_1,sensor_node_1,D4:E9:F4:E9:8E:1C,20979,210269924,0,0,NA,0,-4095,325,-55,-0.999756,0.079346,-0.013428,100,100,8,UNCALIBRATED_SENSOR_1,false,CALIBRATION_MISSING,CALIBRATION_MISSING,kx134_single_node_i2c.0.1.0,kx134.v3
kx134.v3,NODE_PROTOTYPE,1,KX134_SENSOR_1,sensor_node_1,D4:E9:F4:E9:8E:1C,20980,210279925,0,0,NA,0,-4107,282,-56,-1.002686,0.068848,-0.013672,100,100,8,UNCALIBRATED_SENSOR_1,false,CALIBRATION_MISSING,CALIBRATION_MISSING,kx134_single_node_i2c.0.1.0,kx134.v3
kx134.v3,NODE_PROTOTYPE,1,KX134_SENSOR_1,sensor_node_1,D4:E9:F4:E9:8E:1C,20981,210289925,0,0,NA,0,-4102,261,-54,-1.001465,0.063721,-0.013184,100,100,8,UNCALIBRATED_SENSOR_1,false,CALIBRATION_MISSING,CALIBRATION_MISSING,kx134_single_node_i2c.0.1.0,kx134.v3
kx134.v3,NODE_PROTOTYPE,1,KX134_SENSOR_1,sensor_node_1,D4:E9:F4:E9:8E:1C,20982,210299925,0,0,NA,0,-4081,292,-50,-0.996338,0.071289,-0.012207,100,100,8,UNCALIBRATED_SENSOR_1,false,CALIBRATION_MISSING,CALIBRATION_MISSING,kx134_single_node_i2c.0.1.0,kx134.v3
kx134.v3,NODE_PROTOTYPE,1,KX134_SENSOR_1,sensor_node_1,D4:E9:F4:E9:8E:1C,20983,210309925,0,0,NA,0,-4075,326,-42,-0.994873,0.079590,-0.010254,100,100,8,UNCALIBRATED_SENSOR_1,false,CALIBRATION_MISSING,CALIBRATION_MISSING,kx134_single_node_i2c.0.1.0,kx134.v3
kx134.v3,NODE_PROTOTYPE,1,KX134_SENSOR_1,sensor_node_1,D4:E9:F4:E9:8E:1C,20984,210319925,0,0,NA,0,-4069,322,-40,-0.993408,0.078613,-0.009766,100,100,8,UNCALIBRATED_SENSOR_1,false,CALIBRATION_MISSING,CALIBRATION_MISSING,kx134_single_node_i2c.0.1.0,kx134.v3
kx134.v3,NODE_PROTOTYPE,1,KX134_SENSOR_1,sensor_node_1,D4:E9:F4:E9:8E:1C,20985,210329925,0,0,NA,0,-4083,301,-60,-0.996826,0.073486,-0.014648,100,100,8,UNCALIBRATED_SENSOR_1,false,CALIBRATION_MISSING,CALIBRATION_MISSING,kx134_single_node_i2c.0.1.0,kx134.v3
kx134.v3,NODE_PROTOTYPE,1,KX134_SENSOR_1,sensor_node_1,D4:E9:F4:E9:8E:1C,20986,210339925,0,0,NA,0,-4102,298,-43,-1.001465,0.072754,-0.010498,100,100,8,UNCALIBRATED_SENSOR_1,false,CALIBRATION_MISSING,CALIBRATION_MISSING,kx134_single_node_i2c.0.1.0,kx134.v3
kx134.v3,NODE_PROTOTYPE,1,KX134_SENSOR_1,sensor_node_1,D4:E9:F4:E9:8E:1C,20987,210349925,0,0,NA,0,-4083,289,-44,-0.996826,0.070557,-0.010742,100,100,8,UNCALIBRATED_SENSOR_1,false,CALIBRATION_MISSING,CALIBRATION_MISSING,kx134_single_node_i2c.0.1.0,kx134.v3
kx134.v3,NODE_PROTOTYPE,1,KX134_SENSOR_1,sensor_node_1,D4:E9:F4:E9:8E:1C,20988,210359925,0,0,NA,0,-4070,291,-88,-0.993652,0.071045,-0.021484,100,100,8,UNCALIBRATED_SENSOR_1,false,CALIBRATION_MISSING,CALIBRATION_MISSING,kx134_single_node_i2c.0.1.0,kx134.v3
kx134.v3,NODE_PROTOTYPE,1,KX134_SENSOR_1,sensor_node_1,D4:E9:F4:E9:8E:1C,20989,210369925,0,0,NA,0,-4074,290,-75,-0.994629,0.070801,-0.018311,100,100,8,UNCALIBRATED_SENSOR_1,false,CALIBRATION_MISSING,CALIBRATION_MISSING,kx134_single_node_i2c.0.1.0,kx134.v3
kx134.v3,NODE_PROTOTYPE,1,KX134_SENSOR_1,sensor_node_1,D4:E9:F4:E9:8E:1C,20990,210379924,0,0,NA,0,-4088,266,-65,-0.998047,0.064941,-0.015869,100,100,8,UNCALIBRATED_SENSOR_1,false,CALIBRATION_MISSING,CALIBRATION_MISSING,kx134_single_node_i2c.0.1.0,kx134.v3
kx134.v3,NODE_PROTOTYPE,1,KX134_SENSOR_1,sensor_node_1,D4:E9:F4:E9:8E:1C,20991,210389925,0,0,NA,0,-4091,287,-100,-0.998779,0.070068,-0.024414,100,100,8,UNCALIBRATED_SENSOR_1,false,CALIBRATION_MISSING,CALIBRATION_MISSING,kx134_single_node_i2c.0.1.0,kx134.v3
kx134.v3,NODE_PROTOTYPE,1,KX134_SENSOR_1,sensor_node_1,D4:E9:F4:E9:8E:1C,20992,210399925,0,0,NA,0,-4092,290,-123,-0.999023,0.070801,-0.030029,100,100,8,UNCALIBRATED_SENSOR_1,false,CALIBRATION_MISSING,CALIBRATION_MISSING,kx134_single_node_i2c.0.1.0,kx134.v3
kx134.v3,NODE_PROTOTYPE,1,KX134_SENSOR_1,sensor_node_1,D4:E9:F4:E9:8E:1C,20993,210409924,0,0,NA,0,-4104,260,-117,-1.001953,0.063477,-0.028564,100,100,8,UNCALIBRATED_SENSOR_1,false,CALIBRATION_MISSING,CALIBRATION_MISSING,kx134_single_node_i2c.0.1.0,kx134.v3
kx134.v3,NODE_PROTOTYPE,1,KX134_SENSOR_1,sensor_node_1,D4:E9:F4:E9:8E:1C,20994,210419924,0,0,NA,0,-4099,273,-108,-1.000732,0.066650,-0.026367,100,100,8,UNCALIBRATED_SENSOR_1,false,CALIBRATION_MISSING,CALIBRATION_MISSING,kx134_single_node_i2c.0.1.0,kx134.v3
kx134.v3,NODE_PROTOTYPE,1,KX134_SENSOR_1,sensor_node_1,D4:E9:F4:E9:8E:1C,20995,210429924,0,0,NA,0,-4091,272,-95,-0.998779,0.066406,-0.023193,100,100,8,UNCALIBRATED_SENSOR_1,false,CALIBRATION_MISSING,CALIBRATION_MISSING,kx134_single_node_i2c.0.1.0,kx134.v3
kx134.v3,NODE_PROTOTYPE,1,KX134_SENSOR_1,sensor_node_1,D4:E9:F4:E9:8E:1C,20996,210439925,0,0,NA,0,-4077,272,-66,-0.995361,0.066406,-0.016113,100,100,8,UNCALIBRATED_SENSOR_1,false,CALIBRATION_MISSING,CALIBRATION_MISSING,kx134_single_node_i2c.0.1.0,kx134.v3
kx134.v3,NODE_PROTOTYPE,1,KX134_SENSOR_1,sensor_node_1,D4:E9:F4:E9:8E:1C,20997,210449924,0,0,NA,0,-4069,307,-50,-0.993408,0.074951,-0.012207,100,100,8,UNCALIBRATED_SENSOR_1,false,CALIBRATION_MISSING,CALIBRATION_MISSING,kx134_single_node_i2c.0.1.0,kx134.v3
kx134.v3,NODE_PROTOTYPE,1,KX134_SENSOR_1,sensor_node_1,D4:E9:F4:E9:8E:1C,20998,210459924,0,0,NA,0,-4088,291,-67,-0.998047,0.071045,-0.016357,100,100,8,UNCALIBRATED_SENSOR_1,false,CALIBRATION_MISSING,CALIBRATION_MISSING,kx134_single_node_i2c.0.1.0,kx134.v3
kx134.v3,NODE_PROTOTYPE,1,KX134_SENSOR_1,sensor_node_1,D4:E9:F4:E9:8E:1C,20999,210469925,0,0,NA,0,-4091,277,-103,-0.998779,0.067627,-0.025146,100,100,8,UNCALIBRATED_SENSOR_1,false,CALIBRATION_MISSING,CALIBRATION_MISSING,kx134_single_node_i2c.0.1.0,kx134.v3
kx134.v3,NODE_PROTOTYPE,1,KX134_SENSOR_1,sensor_node_1,D4:E9:F4:E9:8E:1C,21000,210479925,0,0,NA,0,-4101,286,-138,-1.001221,0.069824,-0.033691,100,100,8,UNCALIBRATED_SENSOR_1,false,CALIBRATION_MISSING,CALIBRATION_MISSING,kx134_single_node_i2c.0.1.0,kx134.v3
kx134.v3,NODE_PROTOTYPE,1,KX134_SENSOR_1,sensor_node_1,D4:E9:F4:E9:8E:1C,21001,210489925,0,0,NA,0,-4113,267,-139,-1.004150,0.065186,-0.033936,100,100,8,UNCALIBRATED_SENSOR_1,false,CALIBRATION_MISSING,CALIBRATION_MISSING,kx134_single_node_i2c.0.1.0,kx134.v3
kx134.v3,NODE_PROTOTYPE,1,KX134_SENSOR_1,sensor_node_1,D4:E9:F4:E9:8E:1C,21002,210499924,0,0,NA,0,-4103,278,-100,-1.001709,0.067871,-0.024414,100,100,8,UNCALIBRATED_SENSOR_1,false,CALIBRATION_MISSING,CALIBRATION_MISSING,kx134_single_node_i2c.0.1.0,kx134.v3
kx134.v3,NODE_PROTOTYPE,1,KX134_SENSOR_1,sensor_node_1,D4:E9:F4:E9:8E:1C,21003,210509925,0,0,NA,0,-4097,316,-76,-1.000244,0.077148,-0.018555,100,100,8,UNCALIBRATED_SENSOR_1,false,CALIBRATION_MISSING,CALIBRATION_MISSING,kx134_single_node_i2c.0.1.0,kx134.v3
kx134.v3,NODE_PROTOTYPE,1,KX134_SENSOR_1,sensor_node_1,D4:E9:F4:E9:8E:1C,21004,210519925,0,0,NA,0,-4069,321,-72,-0.993408,0.078369,-0.017578,100,100,8,UNCALIBRATED_SENSOR_1,false,CALIBRATION_MISSING,CALIBRATION_MISSING,kx134_single_node_i2c.0.1.0,kx134.v3
kx134.v3,NODE_PROTOTYPE,1,KX134_SENSOR_1,sensor_node_1,D4:E9:F4:E9:8E:1C,21005,210529924,0,0,NA,0,-4071,292,-73,-0.993896,0.071289,-0.017822,100,100,8,UNCALIBRATED_SENSOR_1,false,CALIBRATION_MISSING,CALIBRATION_MISSING,kx134_single_node_i2c.0.1.0,kx134.v3
kx134.v3,NODE_PROTOTYPE,1,KX134_SENSOR_1,sensor_node_1,D4:E9:F4:E9:8E:1C,21006,210539924,0,0,NA,0,-4114,270,-74,-1.004395,0.065918,-0.018066,100,100,8,UNCALIBRATED_SENSOR_1,false,CALIBRATION_MISSING,CALIBRATION_MISSING,kx134_single_node_i2c.0.1.0,kx134.v3
kx134.v3,NODE_PROTOTYPE,1,KX134_SENSOR_1,sensor_node_1,D4:E9:F4:E9:8E:1C,21007,210549925,0,0,NA,0,-4127,261,-80,-1.007568,0.063721,-0.019531,100,100,8,UNCALIBRATED_SENSOR_1,false,CALIBRATION_MISSING,CALIBRATION_MISSING,kx134_single_node_i2c.0.1.0,kx134.v3
kx134.v3,NODE_PROTOTYPE,1,KX134_SENSOR_1,sensor_node_1,D4:E9:F4:E9:8E:1C,21008,210559925,0,0,NA,0,-4115,295,-83,-1.004639,0.072021,-0.020264,100,100,8,UNCALIBRATED_SENSOR_1,false,CALIBRATION_MISSING,CALIBRATION_MISSING,kx134_single_node_i2c.0.1.0,kx134.v3
kx134.v3,NODE_PROTOTYPE,1,KX134_SENSOR_1,sensor_node_1,D4:E9:F4:E9:8E:1C,21009,210569924,0,0,NA,0,-4098,298,-77,-1.000488,0.072754,-0.018799,100,100,8,UNCALIBRATED_SENSOR_1,false,CALIBRATION_MISSING,CALIBRATION_MISSING,kx134_single_node_i2c.0.1.0,kx134.v3
kx134.v3,NODE_PROTOTYPE,1,KX134_SENSOR_1,sensor_node_1,D4:E9:F4:E9:8E:1C,21010,210579924,0,0,NA,0,-4069,248,-87,-0.993408,0.060547,-0.021240,100,100,8,UNCALIBRATED_SENSOR_1,false,CALIBRATION_MISSING,CALIBRATION_MISSING,kx134_single_node_i2c.0.1.0,kx134.v3
kx134.v3,NODE_PROTOTYPE,1,KX134_SENSOR_1,sensor_node_1,D4:E9:F4:E9:8E:1C,21011,210589924,0,0,NA,0,-4067,218,-97,-0.992920,0.053223,-0.023682,100,100,8,UNCALIBRATED_SENSOR_1,false,CALIBRATION_MISSING,CALIBRATION_MISSING,kx134_single_node_i2c.0.1.0,kx134.v3
kx134.v3,NODE_PROTOTYPE,1,KX134_SENSOR_1,sensor_node_1,D4:E9:F4:E9:8E:1C,21012,210599924,0,0,NA,0,-4056,238,-85,-0.990234,0.058105,-0.020752,100,100,8,UNCALIBRATED_SENSOR_1,false,CALIBRATION_MISSING,CALIBRATION_MISSING,kx134_single_node_i2c.0.1.0,kx134.v3
kx134.v3,NODE_PROTOTYPE,1,KX134_SENSOR_1,sensor_node_1,D4:E9:F4:E9:8E:1C,21013,210609924,0,0,NA,0,-4034,272,-67,-0.984863,0.066406,-0.016357,100,100,8,UNCALIBRATED_SENSOR_1,false,CALIBRATION_MISSING,CALIBRATION_MISSING,kx134_single_node_i2c.0.1.0,kx134.v3
kx134.v3,NODE_PROTOTYPE,1,KX134_SENSOR_1,sensor_node_1,D4:E9:F4:E9:8E:1C,21014,210619925,0,0,NA,0,-4056,250,-79,-0.990234,0.061035,-0.019287,100,100,8,UNCALIBRATED_SENSOR_1,false,CALIBRATION_MISSING,CALIBRATION_MISSING,kx134_single_node_i2c.0.1.0,kx134.v3
kx134.v3,NODE_PROTOTYPE,1,KX134_SENSOR_1,sensor_node_1,D4:E9:F4:E9:8E:1C,21015,210629925,0,0,NA,0,-4078,220,-75,-0.995605,0.053711,-0.018311,100,100,8,UNCALIBRATED_SENSOR_1,false,CALIBRATION_MISSING,CALIBRATION_MISSING,kx134_single_node_i2c.0.1.0,kx134.v3
kx134.v3,NODE_PROTOTYPE,1,KX134_SENSOR_1,sensor_node_1,D4:E9:F4:E9:8E:1C,21016,210639925,0,0,NA,0,-4078,233,-48,-0.995605,0.056885,-0.011719,100,100,8,UNCALIBRATED_SENSOR_1,false,CALIBRATION_MISSING,CALIBRATION_MISSING,kx134_single_node_i2c.0.1.0,kx134.v3
kx134.v3,NODE_PROTOTYPE,1,KX134_SENSOR_1,sensor_node_1,D4:E9:F4:E9:8E:1C,21017,210649924,0,0,NA,0,-4089,194,-43,-0.998291,0.047363,-0.010498,100,100,8,UNCALIBRATED_SENSOR_1,false,CALIBRATION_MISSING,CALIBRATION_MISSING,kx134_single_node_i2c.0.1.0,kx134.v3
kx134.v3,NODE_PROTOTYPE,1,KX134_SENSOR_1,sensor_node_1,D4:E9:F4:E9:8E:1C,21018,210659925,0,0,NA,0,-4052,108,-5,-0.989258,0.026367,-0.001221,100,100,8,UNCALIBRATED_SENSOR_1,false,CALIBRATION_MISSING,CALIBRATION_MISSING,kx134_single_node_i2c.0.1.0,kx134.v3
kx134.v3,NODE_PROTOTYPE,1,KX134_SENSOR_1,sensor_node_1,D4:E9:F4:E9:8E:1C,21019,210669925,0,0,NA,0,-3943,98,86,-0.962646,0.023926,0.020996,100,100,8,UNCALIBRATED_SENSOR_1,false,CALIBRATION_MISSING,CALIBRATION_MISSING,kx134_single_node_i2c.0.1.0,kx134.v3
kx134.v3,NODE_PROTOTYPE,1,KX134_SENSOR_1,sensor_node_1,D4:E9:F4:E9:8E:1C,21020,210679924,0,0,NA,0,-3943,98,86,-0.962646,0.023926,0.020996,100,100,8,UNCALIBRATED_SENSOR_1,false,CALIBRATION_MISSING,CALIBRATION_MISSING,kx134_single_node_i2c.0.1.0,kx134.v3
kx134.v3,NODE_PROTOTYPE,1,KX134_SENSOR_1,sensor_node_1,D4:E9:F4:E9:8E:1C,21021,210689924,0,0,NA,0,-4064,132,40,-0.992187,0.032227,0.009766,100,100,8,UNCALIBRATED_SENSOR_1,false,CALIBRATION_MISSING,CALIBRATION_MISSING,kx134_single_node_i2c.0.1.0,kx134.v3
kx134.v3,NODE_PROTOTYPE,1,KX134_SENSOR_1,sensor_node_1,D4:E9:F4:E9:8E:1C,21022,210699924,0,0,NA,0,-4300,90,-69,-1.049805,0.021973,-0.016846,100,100,8,UNCALIBRATED_SENSOR_1,false,CALIBRATION_MISSING,CALIBRATION_MISSING,kx134_single_node_i2c.0.1.0,kx134.v3
kx134.v3,NODE_PROTOTYPE,1,KX134_SENSOR_1,sensor_node_1,D4:E9:F4:E9:8E:1C,21023,210709924,0,0,NA,0,-4308,152,-99,-1.051758,0.037109,-0.024170,100,100,8,UNCALIBRATED_SENSOR_1,false,CALIBRATION_MISSING,CALIBRATION_MISSING,kx134_single_node_i2c.0.1.0,kx134.v3
kx134.v3,NODE_PROTOTYPE,1,KX134_SENSOR_1,sensor_node_1,D4:E9:F4:E9:8E:1C,21024,210719924,0,0,NA,0,-4220,229,-61,-1.030273,0.055908,-0.014893,100,100,8,UNCALIBRATED_SENSOR_1,false,CALIBRATION_MISSING,CALIBRATION_MISSING,kx134_single_node_i2c.0.1.0,kx134.v3
kx134.v3,NODE_PROTOTYPE,1,KX134_SENSOR_1,sensor_node_1,D4:E9:F4:E9:8E:1C,21025,210729925,0,0,NA,0,-4101,299,51,-1.001221,0.072998,0.012451,100,100,8,UNCALIBRATED_SENSOR_1,false,CALIBRATION_MISSING,CALIBRATION_MISSING,kx134_single_node_i2c.0.1.0,kx134.v3
kx134.v3,NODE_PROTOTYPE,1,KX134_SENSOR_1,sensor_node_1,D4:E9:F4:E9:8E:1C,21026,210739924,0,0,NA,0,-4070,326,93,-0.993652,0.079590,0.022705,100,100,8,UNCALIBRATED_SENSOR_1,false,CALIBRATION_MISSING,CALIBRATION_MISSING,kx134_single_node_i2c.0.1.0,kx134.v3
kx134.v3,NODE_PROTOTYPE,1,KX134_SENSOR_1,sensor_node_1,D4:E9:F4:E9:8E:1C,21027,210749924,0,0,NA,0,-4140,269,43,-1.010742,0.065674,0.010498,100,100,8,UNCALIBRATED_SENSOR_1,false,CALIBRATION_MISSING,CALIBRATION_MISSING,kx134_single_node_i2c.0.1.0,kx134.v3
kx134.v3,NODE_PROTOTYPE,1,KX134_SENSOR_1,sensor_node_1,D4:E9:F4:E9:8E:1C,21028,210759925,0,0,NA,0,-4140,286,-25,-1.010742,0.069824,-0.006104,100,100,8,UNCALIBRATED_SENSOR_1,false,CALIBRATION_MISSING,CALIBRATION_MISSING,kx134_single_node_i2c.0.1.0,kx134.v3
kx134.v3,NODE_PROTOTYPE,1,KX134_SENSOR_1,sensor_node_1,D4:E9:F4:E9:8E:1C,21029,210769924,0,0,NA,0,-4130,270,-50,-1.008301,0.065918,-0.012207,100,100,8,UNCALIBRATED_SENSOR_1,false,CALIBRATION_MISSING,CALIBRATION_MISSING,kx134_single_node_i2c.0.1.0,kx134.v3
kx134.v3,NODE_PROTOTYPE,1,KX134_SENSOR_1,sensor_node_1,D4:E9:F4:E9:8E:1C,21030,210779925,0,0,NA,0,-4113,246,-57,-1.004150,0.060059,-0.013916,100,100,8,UNCALIBRATED_SENSOR_1,false,CALIBRATION_MISSING,CALIBRATION_MISSING,kx134_single_node_i2c.0.1.0,kx134.v3
kx134.v3,NODE_PROTOTYPE,1,KX134_SENSOR_1,sensor_node_1,D4:E9:F4:E9:8E:1C,21031,210789924,0,0,NA,0,-4054,259,-45,-0.989746,0.063232,-0.010986,100,100,8,UNCALIBRATED_SENSOR_1,false,CALIBRATION_MISSING,CALIBRATION_MISSING,kx134_single_node_i2c.0.1.0,kx134.v3
kx134.v3,NODE_PROTOTYPE,1,KX134_SENSOR_1,sensor_node_1,D4:E9:F4:E9:8E:1C,21032,210799925,0,0,NA,0,-4036,279,-29,-0.985352,0.068115,-0.007080,100,100,8,UNCALIBRATED_SENSOR_1,false,CALIBRATION_MISSING,CALIBRATION_MISSING,kx134_single_node_i2c.0.1.0,kx134.v3
kx134.v3,NODE_PROTOTYPE,1,KX134_SENSOR_1,sensor_node_1,D4:E9:F4:E9:8E:1C,21033,210809924,0,0,NA,0,-4065,274,-46,-0.992432,0.066895,-0.011230,100,100,8,UNCALIBRATED_SENSOR_1,false,CALIBRATION_MISSING,CALIBRATION_MISSING,kx134_single_node_i2c.0.1.0,kx134.v3
kx134.v3,NODE_PROTOTYPE,1,KX134_SENSOR_1,sensor_node_1,D4:E9:F4:E9:8E:1C,21034,210819925,0,0,NA,0,-4081,290,-72,-0.996338,0.070801,-0.017578,100,100,8,UNCALIBRATED_SENSOR_1,false,CALIBRATION_MISSING,CALIBRATION_MISSING,kx134_single_node_i2c.0.1.0,kx134.v3
kx134.v3,NODE_PROTOTYPE,1,KX134_SENSOR_1,sensor_node_1,D4:E9:F4:E9:8E:1C,21035,210829925,0,0,NA,0,-4074,313,-122,-0.994629,0.076416,-0.029785,100,100,8,UNCALIBRATED_SENSOR_1,false,CALIBRATION_MISSING,CALIBRATION_MISSING,kx134_single_node_i2c.0.1.0,kx134.v3
kx134.v3,NODE_PROTOTYPE,1,KX134_SENSOR_1,sensor_node_1,D4:E9:F4:E9:8E:1C,21036,210839925,0,0,NA,0,-4069,307,-143,-0.993408,0.074951,-0.034912,100,100,8,UNCALIBRATED_SENSOR_1,false,CALIBRATION_MISSING,CALIBRATION_MISSING,kx134_single_node_i2c.0.1.0,kx134.v3
kx134.v3,NODE_PROTOTYPE,1,KX134_SENSOR_1,sensor_node_1,D4:E9:F4:E9:8E:1C,21037,210849925,0,0,NA,0,-4081,301,-124,-0.996338,0.073486,-0.030273,100,100,8,UNCALIBRATED_SENSOR_1,false,CALIBRATION_MISSING,CALIBRATION_MISSING,kx134_single_node_i2c.0.1.0,kx134.v3
kx134.v3,NODE_PROTOTYPE,1,KX134_SENSOR_1,sensor_node_1,D4:E9:F4:E9:8E:1C,21038,210859925,0,0,NA,0,-4092,284,-116,-0.999023,0.069336,-0.028320,100,100,8,UNCALIBRATED_SENSOR_1,false,CALIBRATION_MISSING,CALIBRATION_MISSING,kx134_single_node_i2c.0.1.0,kx134.v3
kx134.v3,NODE_PROTOTYPE,1,KX134_SENSOR_1,sensor_node_1,D4:E9:F4:E9:8E:1C,21039,210869925,0,0,NA,0,-4082,281,-95,-0.996582,0.068604,-0.023193,100,100,8,UNCALIBRATED_SENSOR_1,false,CALIBRATION_MISSING,CALIBRATION_MISSING,kx134_single_node_i2c.0.1.0,kx134.v3
kx134.v3,NODE_PROTOTYPE,1,KX134_SENSOR_1,sensor_node_1,D4:E9:F4:E9:8E:1C,21040,210879925,0,0,NA,0,-4051,292,-68,-0.989014,0.071289,-0.016602,100,100,8,UNCALIBRATED_SENSOR_1,false,CALIBRATION_MISSING,CALIBRATION_MISSING,kx134_single_node_i2c.0.1.0,kx134.v3
kx134.v3,NODE_PROTOTYPE,1,KX134_SENSOR_1,sensor_node_1,D4:E9:F4:E9:8E:1C,21041,210889925,0,0,NA,0,-4045,295,-65,-0.987549,0.072021,-0.015869,100,100,8,UNCALIBRATED_SENSOR_1,false,CALIBRATION_MISSING,CALIBRATION_MISSING,kx134_single_node_i2c.0.1.0,kx134.v3
kx134.v3,NODE_PROTOTYPE,1,KX134_SENSOR_1,sensor_node_1,D4:E9:F4:E9:8E:1C,21042,210899924,0,0,NA,0,-4060,302,-107,-0.991211,0.073730,-0.026123,100,100,8,UNCALIBRATED_SENSOR_1,false,CALIBRATION_MISSING,CALIBRATION_MISSING,kx134_single_node_i2c.0.1.0,kx134.v3
kx134.v3,NODE_PROTOTYPE,1,KX134_SENSOR_1,sensor_node_1,D4:E9:F4:E9:8E:1C,21043,210909924,0,0,NA,0,-4061,292,-135,-0.991455,0.071289,-0.032959,100,100,8,UNCALIBRATED_SENSOR_1,false,CALIBRATION_MISSING,CALIBRATION_MISSING,kx134_single_node_i2c.0.1.0,kx134.v3
kx134.v3,NODE_PROTOTYPE,1,KX134_SENSOR_1,sensor_node_1,D4:E9:F4:E9:8E:1C,21044,210919924,0,0,NA,0,-4084,302,-132,-0.997070,0.073730,-0.032227,100,100,8,UNCALIBRATED_SENSOR_1,false,CALIBRATION_MISSING,CALIBRATION_MISSING,kx134_single_node_i2c.0.1.0,kx134.v3
kx134.v3,NODE_PROTOTYPE,1,KX134_SENSOR_1,sensor_node_1,D4:E9:F4:E9:8E:1C,21045,210929924,0,0,NA,0,-4098,291,-112,-1.000488,0.071045,-0.027344,100,100,8,UNCALIBRATED_SENSOR_1,false,CALIBRATION_MISSING,CALIBRATION_MISSING,kx134_single_node_i2c.0.1.0,kx134.v3
kx134.v3,NODE_PROTOTYPE,1,KX134_SENSOR_1,sensor_node_1,D4:E9:F4:E9:8E:1C,21046,210939925,0,0,NA,0,-4078,271,-92,-0.995605,0.066162,-0.022461,100,100,8,UNCALIBRATED_SENSOR_1,false,CALIBRATION_MISSING,CALIBRATION_MISSING,kx134_single_node_i2c.0.1.0,kx134.v3
kx134.v3,NODE_PROTOTYPE,1,KX134_SENSOR_1,sensor_node_1,D4:E9:F4:E9:8E:1C,21047,210949924,0,0,NA,0,-4069,272,-77,-0.993408,0.066406,-0.018799,100,100,8,UNCALIBRATED_SENSOR_1,false,CALIBRATION_MISSING,CALIBRATION_MISSING,kx134_single_node_i2c.0.1.0,kx134.v3
kx134.v3,NODE_PROTOTYPE,1,KX134_SENSOR_1,sensor_node_1,D4:E9:F4:E9:8E:1C,21048,210959925,0,0,NA,0,-4103,289,-82,-1.001709,0.070557,-0.020020,100,100,8,UNCALIBRATED_SENSOR_1,false,CALIBRATION_MISSING,CALIBRATION_MISSING,kx134_single_node_i2c.0.1.0,kx134.v3
kx134.v3,NODE_PROTOTYPE,1,KX134_SENSOR_1,sensor_node_1,D4:E9:F4:E9:8E:1C,21049,210969925,0,0,NA,0,-4132,313,-91,-1.008789,0.076416,-0.022217,100,100,8,UNCALIBRATED_SENSOR_1,false,CALIBRATION_MISSING,CALIBRATION_MISSING,kx134_single_node_i2c.0.1.0,kx134.v3
kx134.v3,NODE_PROTOTYPE,1,KX134_SENSOR_1,sensor_node_1,D4:E9:F4:E9:8E:1C,21050,210979925,0,0,NA,0,-4132,325,-84,-1.008789,0.079346,-0.020508,100,100,8,UNCALIBRATED_SENSOR_1,false,CALIBRATION_MISSING,CALIBRATION_MISSING,kx134_single_node_i2c.0.1.0,kx134.v3
kx134.v3,NODE_PROTOTYPE,1,KX134_SENSOR_1,sensor_node_1,D4:E9:F4:E9:8E:1C,21051,210989925,0,0,NA,0,-4118,333,-90,-1.005371,0.081299,-0.021973,100,100,8,UNCALIBRATED_SENSOR_1,false,CALIBRATION_MISSING,CALIBRATION_MISSING,kx134_single_node_i2c.0.1.0,kx134.v3
kx134.v3,NODE_PROTOTYPE,1,KX134_SENSOR_1,sensor_node_1,D4:E9:F4:E9:8E:1C,21052,210999925,0,0,NA,0,-4107,327,-94,-1.002686,0.079834,-0.022949,100,100,8,UNCALIBRATED_SENSOR_1,false,CALIBRATION_MISSING,CALIBRATION_MISSING,kx134_single_node_i2c.0.1.0,kx134.v3
kx134.v3,NODE_PROTOTYPE,1,KX134_SENSOR_1,sensor_node_1,D4:E9:F4:E9:8E:1C,21053,211009924,0,0,NA,0,-4101,318,-109,-1.001221,0.077637,-0.026611,100,100,8,UNCALIBRATED_SENSOR_1,false,CALIBRATION_MISSING,CALIBRATION_MISSING,kx134_single_node_i2c.0.1.0,kx134.v3
kx134.v3,NODE_PROTOTYPE,1,KX134_SENSOR_1,sensor_node_1,D4:E9:F4:E9:8E:1C,21054,211019924,0,0,NA,0,-4089,297,-122,-0.998291,0.072510,-0.029785,100,100,8,UNCALIBRATED_SENSOR_1,false,CALIBRATION_MISSING,CALIBRATION_MISSING,kx134_single_node_i2c.0.1.0,kx134.v3
kx134.v3,NODE_PROTOTYPE,1,KX134_SENSOR_1,sensor_node_1,D4:E9:F4:E9:8E:1C,21055,211029924,0,0,NA,0,-4082,263,-94,-0.996582,0.064209,-0.022949,100,100,8,UNCALIBRATED_SENSOR_1,false,CALIBRATION_MISSING,CALIBRATION_MISSING,kx134_single_node_i2c.0.1.0,kx134.v3
kx134.v3,NODE_PROTOTYPE,1,KX134_SENSOR_1,sensor_node_1,D4:E9:F4:E9:8E:1C,21056,211039924,0,0,NA,0,-4077,246,-64,-0.995361,0.060059,-0.015625,100,100,8,UNCALIBRATED_SENSOR_1,false,CALIBRATION_MISSING,CALIBRATION_MISSING,kx134_single_node_i2c.0.1.0,kx134.v3
kx134.v3,NODE_PROTOTYPE,1,KX134_SENSOR_1,sensor_node_1,D4:E9:F4:E9:8E:1C,21057,211049925,0,0,NA,0,-4082,262,-92,-0.996582,0.063965,-0.022461,100,100,8,UNCALIBRATED_SENSOR_1,false,CALIBRATION_MISSING,CALIBRATION_MISSING,kx134_single_node_i2c.0.1.0,kx134.v3
kx134.v3,NODE_PROTOTYPE,1,KX134_SENSOR_1,sensor_node_1,D4:E9:F4:E9:8E:1C,21058,211059925,0,0,NA,0,-4082,299,-103,-0.996582,0.072998,-0.025146,100,100,8,UNCALIBRATED_SENSOR_1,false,CALIBRATION_MISSING,CALIBRATION_MISSING,kx134_single_node_i2c.0.1.0,kx134.v3
kx134.v3,NODE_PROTOTYPE,1,KX134_SENSOR_1,sensor_node_1,D4:E9:F4:E9:8E:1C,21059,211069924,0,0,NA,0,-4076,297,-106,-0.995117,0.072510,-0.025879,100,100,8,UNCALIBRATED_SENSOR_1,false,CALIBRATION_MISSING,CALIBRATION_MISSING,kx134_single_node_i2c.0.1.0,kx134.v3
kx134.v3,NODE_PROTOTYPE,1,KX134_SENSOR_1,sensor_node_1,D4:E9:F4:E9:8E:1C,21060,211079924,0,0,NA,0,-4086,306,-130,-0.997559,0.074707,-0.031738,100,100,8,UNCALIBRATED_SENSOR_1,false,CALIBRATION_MISSING,CALIBRATION_MISSING,kx134_single_node_i2c.0.1.0,kx134.v3
kx134.v3,NODE_PROTOTYPE,1,KX134_SENSOR_1,sensor_node_1,D4:E9:F4:E9:8E:1C,21061,211089924,0,0,NA,0,-4087,306,-114,-0.997803,0.074707,-0.027832,100,100,8,UNCALIBRATED_SENSOR_1,false,CALIBRATION_MISSING,CALIBRATION_MISSING,kx134_single_node_i2c.0.1.0,kx134.v3
kx134.v3,NODE_PROTOTYPE,1,KX134_SENSOR_1,sensor_node_1,D4:E9:F4:E9:8E:1C,21062,211099924,0,0,NA,0,-4029,245,-72,-0.983643,0.059814,-0.017578,100,100,8,UNCALIBRATED_SENSOR_1,false,CALIBRATION_MISSING,CALIBRATION_MISSING,kx134_single_node_i2c.0.1.0,kx134.v3
kx134.v3,NODE_PROTOTYPE,1,KX134_SENSOR_1,sensor_node_1,D4:E9:F4:E9:8E:1C,21063,211109925,0,0,NA,0,-4012,239,-61,-0.979492,0.058350,-0.014893,100,100,8,UNCALIBRATED_SENSOR_1,false,CALIBRATION_MISSING,CALIBRATION_MISSING,kx134_single_node_i2c.0.1.0,kx134.v3
kx134.v3,NODE_PROTOTYPE,1,KX134_SENSOR_1,sensor_node_1,D4:E9:F4:E9:8E:1C,21064,211119925,0,0,NA,0,-4047,267,-97,-0.988037,0.065186,-0.023682,100,100,8,UNCALIBRATED_SENSOR_1,false,CALIBRATION_MISSING,CALIBRATION_MISSING,kx134_single_node_i2c.0.1.0,kx134.v3
kx134.v3,NODE_PROTOTYPE,1,KX134_SENSOR_1,sensor_node_1,D4:E9:F4:E9:8E:1C,21065,211129924,0,0,NA,0,-4040,272,-120,-0.986328,0.066406,-0.029297,100,100,8,UNCALIBRATED_SENSOR_1,false,CALIBRATION_MISSING,CALIBRATION_MISSING,kx134_single_node_i2c.0.1.0,kx134.v3
kx134.v3,NODE_PROTOTYPE,1,KX134_SENSOR_1,sensor_node_1,D4:E9:F4:E9:8E:1C,21066,211139924,0,0,NA,0,-4055,307,-122,-0.989990,0.074951,-0.029785,100,100,8,UNCALIBRATED_SENSOR_1,false,CALIBRATION_MISSING,CALIBRATION_MISSING,kx134_single_node_i2c.0.1.0,kx134.v3
kx134.v3,NODE_PROTOTYPE,1,KX134_SENSOR_1,sensor_node_1,D4:E9:F4:E9:8E:1C,21067,211149924,0,0,NA,0,-4110,311,-101,-1.003418,0.075928,-0.024658,100,100,8,UNCALIBRATED_SENSOR_1,false,CALIBRATION_MISSING,CALIBRATION_MISSING,kx134_single_node_i2c.0.1.0,kx134.v3
kx134.v3,NODE_PROTOTYPE,1,KX134_SENSOR_1,sensor_node_1,D4:E9:F4:E9:8E:1C,21068,211159924,0,0,NA,0,-4099,274,-73,-1.000732,0.066895,-0.017822,100,100,8,UNCALIBRATED_SENSOR_1,false,CALIBRATION_MISSING,CALIBRATION_MISSING,kx134_single_node_i2c.0.1.0,kx134.v3
kx134.v3,NODE_PROTOTYPE,1,KX134_SENSOR_1,sensor_node_1,D4:E9:F4:E9:8E:1C,21069,211169924,0,0,NA,0,-4063,257,-57,-0.991943,0.062744,-0.013916,100,100,8,UNCALIBRATED_SENSOR_1,false,CALIBRATION_MISSING,CALIBRATION_MISSING,kx134_single_node_i2c.0.1.0,kx134.v3
kx134.v3,NODE_PROTOTYPE,1,KX134_SENSOR_1,sensor_node_1,D4:E9:F4:E9:8E:1C,21070,211179925,0,0,NA,0,-4070,244,-56,-0.993652,0.059570,-0.013672,100,100,8,UNCALIBRATED_SENSOR_1,false,CALIBRATION_MISSING,CALIBRATION_MISSING,kx134_single_node_i2c.0.1.0,kx134.v3
kx134.v3,NODE_PROTOTYPE,1,KX134_SENSOR_1,sensor_node_1,D4:E9:F4:E9:8E:1C,21071,211189924,0,0,NA,0,-4072,225,-57,-0.994141,0.054932,-0.013916,100,100,8,UNCALIBRATED_SENSOR_1,false,CALIBRATION_MISSING,CALIBRATION_MISSING,kx134_single_node_i2c.0.1.0,kx134.v3
kx134.v3,NODE_PROTOTYPE,1,KX134_SENSOR_1,sensor_node_1,D4:E9:F4:E9:8E:1C,21072,211199924,0,0,NA,0,-4090,228,-41,-0.998535,0.055664,-0.010010,100,100,8,UNCALIBRATED_SENSOR_1,false,CALIBRATION_MISSING,CALIBRATION_MISSING,kx134_single_node_i2c.0.1.0,kx134.v3
kx134.v3,NODE_PROTOTYPE,1,KX134_SENSOR_1,sensor_node_1,D4:E9:F4:E9:8E:1C,21073,211209925,0,0,NA,0,-4085,218,-35,-0.997314,0.053223,-0.008545,100,100,8,UNCALIBRATED_SENSOR_1,false,CALIBRATION_MISSING,CALIBRATION_MISSING,kx134_single_node_i2c.0.1.0,kx134.v3
kx134.v3,NODE_PROTOTYPE,1,KX134_SENSOR_1,sensor_node_1,D4:E9:F4:E9:8E:1C,21074,211219924,0,0,NA,0,-4061,204,-62,-0.991455,0.049805,-0.015137,100,100,8,UNCALIBRATED_SENSOR_1,false,CALIBRATION_MISSING,CALIBRATION_MISSING,kx134_single_node_i2c.0.1.0,kx134.v3
kx134.v3,NODE_PROTOTYPE,1,KX134_SENSOR_1,sensor_node_1,D4:E9:F4:E9:8E:1C,21075,211229925,0,0,NA,0,-4057,241,-52,-0.990479,0.058838,-0.012695,100,100,8,UNCALIBRATED_SENSOR_1,false,CALIBRATION_MISSING,CALIBRATION_MISSING,kx134_single_node_i2c.0.1.0,kx134.v3
kx134.v3,NODE_PROTOTYPE,1,KX134_SENSOR_1,sensor_node_1,D4:E9:F4:E9:8E:1C,21076,211239925,0,0,NA,0,-4068,272,-37,-0.993164,0.066406,-0.009033,100,100,8,UNCALIBRATED_SENSOR_1,false,CALIBRATION_MISSING,CALIBRATION_MISSING,kx134_single_node_i2c.0.1.0,kx134.v3
kx134.v3,NODE_PROTOTYPE,1,KX134_SENSOR_1,sensor_node_1,D4:E9:F4:E9:8E:1C,21077,211249924,0,0,NA,0,-4081,265,-58,-0.996338,0.064697,-0.014160,100,100,8,UNCALIBRATED_SENSOR_1,false,CALIBRATION_MISSING,CALIBRATION_MISSING,kx134_single_node_i2c.0.1.0,kx134.v3
kx134.v3,NODE_PROTOTYPE,1,KX134_SENSOR_1,sensor_node_1,D4:E9:F4:E9:8E:1C,21078,211259924,0,0,NA,0,-4074,260,-61,-0.994629,0.063477,-0.014893,100,100,8,UNCALIBRATED_SENSOR_1,false,CALIBRATION_MISSING,CALIBRATION_MISSING,kx134_single_node_i2c.0.1.0,kx134.v3
kx134.v3,NODE_PROTOTYPE,1,KX134_SENSOR_1,sensor_node_1,D4:E9:F4:E9:8E:1C,21079,211269925,0,0,NA,0,-4063,261,-65,-0.991943,0.063721,-0.015869,100,100,8,UNCALIBRATED_SENSOR_1,false,CALIBRATION_MISSING,CALIBRATION_MISSING,kx134_single_node_i2c.0.1.0,kx134.v3
kx134.v3,NODE_PROTOTYPE,1,KX134_SENSOR_1,sensor_node_1,D4:E9:F4:E9:8E:1C,21080,211279925,0,0,NA,0,-4062,245,-81,-0.991699,0.059814,-0.019775,100,100,8,UNCALIBRATED_SENSOR_1,false,CALIBRATION_MISSING,CALIBRATION_MISSING,kx134_single_node_i2c.0.1.0,kx134.v3
kx134.v3,NODE_PROTOTYPE,1,KX134_SENSOR_1,sensor_node_1,D4:E9:F4:E9:8E:1C,21081,211289925,0,0,NA,0,-4068,239,-87,-0.993164,0.058350,-0.021240,100,100,8,UNCALIBRATED_SENSOR_1,false,CALIBRATION_MISSING,CALIBRATION_MISSING,kx134_single_node_i2c.0.1.0,kx134.v3
kx134.v3,NODE_PROTOTYPE,1,KX134_SENSOR_1,sensor_node_1,D4:E9:F4:E9:8E:1C,21082,211299924,0,0,NA,0,-4077,241,-88,-0.995361,0.058838,-0.021484,100,100,8,UNCALIBRATED_SENSOR_1,false,CALIBRATION_MISSING,CALIBRATION_MISSING,kx134_single_node_i2c.0.1.0,kx134.v3
kx134.v3,NODE_PROTOTYPE,1,KX134_SENSOR_1,sensor_node_1,D4:E9:F4:E9:8E:1C,21083,211309924,0,0,NA,0,-4095,250,-97,-0.999756,0.061035,-0.023682,100,100,8,UNCALIBRATED_SENSOR_1,false,CALIBRATION_MISSING,CALIBRATION_MISSING,kx134_single_node_i2c.0.1.0,kx134.v3
kx134.v3,NODE_PROTOTYPE,1,KX134_SENSOR_1,sensor_node_1,D4:E9:F4:E9:8E:1C,21084,211319924,0,0,NA,0,-4082,279,-81,-0.996582,0.068115,-0.019775,100,100,8,UNCALIBRATED_SENSOR_1,false,CALIBRATION_MISSING,CALIBRATION_MISSING,kx134_single_node_i2c.0.1.0,kx134.v3
kx134.v3,NODE_PROTOTYPE,1,KX134_SENSOR_1,sensor_node_1,D4:E9:F4:E9:8E:1C,21085,211329925,0,0,NA,0,-4056,273,-45,-0.990234,0.066650,-0.010986,100,100,8,UNCALIBRATED_SENSOR_1,false,CALIBRATION_MISSING,CALIBRATION_MISSING,kx134_single_node_i2c.0.1.0,kx134.v3
kx134.v3,NODE_PROTOTYPE,1,KX134_SENSOR_1,sensor_node_1,D4:E9:F4:E9:8E:1C,21086,211339925,0,0,NA,0,-4067,268,-52,-0.992920,0.065430,-0.012695,100,100,8,UNCALIBRATED_SENSOR_1,false,CALIBRATION_MISSING,CALIBRATION_MISSING,kx134_single_node_i2c.0.1.0,kx134.v3
kx134.v3,NODE_PROTOTYPE,1,KX134_SENSOR_1,sensor_node_1,D4:E9:F4:E9:8E:1C,21087,211349925,0,0,NA,0,-4105,285,-88,-1.002197,0.069580,-0.021484,100,100,8,UNCALIBRATED_SENSOR_1,false,CALIBRATION_MISSING,CALIBRATION_MISSING,kx134_single_node_i2c.0.1.0,kx134.v3
kx134.v3,NODE_PROTOTYPE,1,KX134_SENSOR_1,sensor_node_1,D4:E9:F4:E9:8E:1C,21088,211359924,0,0,NA,0,-4112,269,-87,-1.003906,0.065674,-0.021240,100,100,8,UNCALIBRATED_SENSOR_1,false,CALIBRATION_MISSING,CALIBRATION_MISSING,kx134_single_node_i2c.0.1.0,kx134.v3
kx134.v3,NODE_PROTOTYPE,1,KX134_SENSOR_1,sensor_node_1,D4:E9:F4:E9:8E:1C,21089,211369924,0,0,NA,0,-4092,234,-70,-0.999023,0.057129,-0.017090,100,100,8,UNCALIBRATED_SENSOR_1,false,CALIBRATION_MISSING,CALIBRATION_MISSING,kx134_single_node_i2c.0.1.0,kx134.v3
kx134.v3,NODE_PROTOTYPE,1,KX134_SENSOR_1,sensor_node_1,D4:E9:F4:E9:8E:1C,21090,211379925,0,0,NA,0,-4084,238,-41,-0.997070,0.058105,-0.010010,100,100,8,UNCALIBRATED_SENSOR_1,false,CALIBRATION_MISSING,CALIBRATION_MISSING,kx134_single_node_i2c.0.1.0,kx134.v3
kx134.v3,NODE_PROTOTYPE,1,KX134_SENSOR_1,sensor_node_1,D4:E9:F4:E9:8E:1C,21091,211389924,0,0,NA,0,-4068,271,-44,-0.993164,0.066162,-0.010742,100,100,8,UNCALIBRATED_SENSOR_1,false,CALIBRATION_MISSING,CALIBRATION_MISSING,kx134_single_node_i2c.0.1.0,kx134.v3
kx134.v3,NODE_PROTOTYPE,1,KX134_SENSOR_1,sensor_node_1,D4:E9:F4:E9:8E:1C,21092,211399925,0,0,NA,0,-4080,296,-71,-0.996094,0.072266,-0.017334,100,100,8,UNCALIBRATED_SENSOR_1,false,CALIBRATION_MISSING,CALIBRATION_MISSING,kx134_single_node_i2c.0.1.0,kx134.v3
kx134.v3,NODE_PROTOTYPE,1,KX134_SENSOR_1,sensor_node_1,D4:E9:F4:E9:8E:1C,21093,211409925,0,0,NA,0,-4103,302,-99,-1.001709,0.073730,-0.024170,100,100,8,UNCALIBRATED_SENSOR_1,false,CALIBRATION_MISSING,CALIBRATION_MISSING,kx134_single_node_i2c.0.1.0,kx134.v3
kx134.v3,NODE_PROTOTYPE,1,KX134_SENSOR_1,sensor_node_1,D4:E9:F4:E9:8E:1C,21094,211419924,0,0,NA,0,-4100,282,-124,-1.000977,0.068848,-0.030273,100,100,8,UNCALIBRATED_SENSOR_1,false,CALIBRATION_MISSING,CALIBRATION_MISSING,kx134_single_node_i2c.0.1.0,kx134.v3
kx134.v3,NODE_PROTOTYPE,1,KX134_SENSOR_1,sensor_node_1,D4:E9:F4:E9:8E:1C,21095,211429925,0,0,NA,0,-4117,279,-87,-1.005127,0.068115,-0.021240,100,100,8,UNCALIBRATED_SENSOR_1,false,CALIBRATION_MISSING,CALIBRATION_MISSING,kx134_single_node_i2c.0.1.0,kx134.v3
kx134.v3,NODE_PROTOTYPE,1,KX134_SENSOR_1,sensor_node_1,D4:E9:F4:E9:8E:1C,21096,211439925,0,0,NA,0,-4116,270,-75,-1.004883,0.065918,-0.018311,100,100,8,UNCALIBRATED_SENSOR_1,false,CALIBRATION_MISSING,CALIBRATION_MISSING,kx134_single_node_i2c.0.1.0,kx134.v3
kx134.v3,NODE_PROTOTYPE,1,KX134_SENSOR_1,sensor_node_1,D4:E9:F4:E9:8E:1C,21097,211449925,0,0,NA,0,-4090,266,-102,-0.998535,0.064941,-0.024902,100,100,8,UNCALIBRATED_SENSOR_1,false,CALIBRATION_MISSING,CALIBRATION_MISSING,kx134_single_node_i2c.0.1.0,kx134.v3
kx134.v3,NODE_PROTOTYPE,1,KX134_SENSOR_1,sensor_node_1,D4:E9:F4:E9:8E:1C,21098,211459925,0,0,NA,0,-4080,273,-94,-0.996094,0.066650,-0.022949,100,100,8,UNCALIBRATED_SENSOR_1,false,CALIBRATION_MISSING,CALIBRATION_MISSING,kx134_single_node_i2c.0.1.0,kx134.v3
kx134.v3,NODE_PROTOTYPE,1,KX134_SENSOR_1,sensor_node_1,D4:E9:F4:E9:8E:1C,21099,211469925,0,0,NA,0,-4118,252,-73,-1.005371,0.061523,-0.017822,100,100,8,UNCALIBRATED_SENSOR_1,false,CALIBRATION_MISSING,CALIBRATION_MISSING,kx134_single_node_i2c.0.1.0,kx134.v3
kx134.v3,NODE_PROTOTYPE,1,KX134_SENSOR_1,sensor_node_1,D4:E9:F4:E9:8E:1C,21100,211479925,0,0,NA,0,-4126,251,-82,-1.007324,0.061279,-0.020020,100,100,8,UNCALIBRATED_SENSOR_1,false,CALIBRATION_MISSING,CALIBRATION_MISSING,kx134_single_node_i2c.0.1.0,kx134.v3
kx134.v3,NODE_PROTOTYPE,1,KX134_SENSOR_1,sensor_node_1,D4:E9:F4:E9:8E:1C,21101,211489925,0,0,NA,0,-4081,259,-86,-0.996338,0.063232,-0.020996,100,100,8,UNCALIBRATED_SENSOR_1,false,CALIBRATION_MISSING,CALIBRATION_MISSING,kx134_single_node_i2c.0.1.0,kx134.v3
kx134.v3,NODE_PROTOTYPE,1,KX134_SENSOR_1,sensor_node_1,D4:E9:F4:E9:8E:1C,21102,211499925,0,0,NA,0,-4063,241,-77,-0.991943,0.058838,-0.018799,100,100,8,UNCALIBRATED_SENSOR_1,false,CALIBRATION_MISSING,CALIBRATION_MISSING,kx134_single_node_i2c.0.1.0,kx134.v3
kx134.v3,NODE_PROTOTYPE,1,KX134_SENSOR_1,sensor_node_1,D4:E9:F4:E9:8E:1C,21103,211509925,0,0,NA,0,-4063,227,-89,-0.991943,0.055420,-0.021729,100,100,8,UNCALIBRATED_SENSOR_1,false,CALIBRATION_MISSING,CALIBRATION_MISSING,kx134_single_node_i2c.0.1.0,kx134.v3
kx134.v3,NODE_PROTOTYPE,1,KX134_SENSOR_1,sensor_node_1,D4:E9:F4:E9:8E:1C,21104,211519925,0,0,NA,0,-4097,253,-88,-1.000244,0.061768,-0.021484,100,100,8,UNCALIBRATED_SENSOR_1,false,CALIBRATION_MISSING,CALIBRATION_MISSING,kx134_single_node_i2c.0.1.0,kx134.v3
kx134.v3,NODE_PROTOTYPE,1,KX134_SENSOR_1,sensor_node_1,D4:E9:F4:E9:8E:1C,21105,211529925,0,0,NA,0,-4126,276,-58,-1.007324,0.067383,-0.014160,100,100,8,UNCALIBRATED_SENSOR_1,false,CALIBRATION_MISSING,CALIBRATION_MISSING,kx134_single_node_i2c.0.1.0,kx134.v3
kx134.v3,NODE_PROTOTYPE,1,KX134_SENSOR_1,sensor_node_1,D4:E9:F4:E9:8E:1C,21106,211539925,0,0,NA,0,-4104,267,-50,-1.001953,0.065186,-0.012207,100,100,8,UNCALIBRATED_SENSOR_1,false,CALIBRATION_MISSING,CALIBRATION_MISSING,kx134_single_node_i2c.0.1.0,kx134.v3
kx134.v3,NODE_PROTOTYPE,1,KX134_SENSOR_1,sensor_node_1,D4:E9:F4:E9:8E:1C,21107,211549925,0,0,NA,0,-4037,239,-78,-0.985596,0.058350,-0.019043,100,100,8,UNCALIBRATED_SENSOR_1,false,CALIBRATION_MISSING,CALIBRATION_MISSING,kx134_single_node_i2c.0.1.0,kx134.v3
kx134.v3,NODE_PROTOTYPE,1,KX134_SENSOR_1,sensor_node_1,D4:E9:F4:E9:8E:1C,21108,211559925,0,0,NA,0,-4005,277,-134,-0.977783,0.067627,-0.032715,100,100,8,UNCALIBRATED_SENSOR_1,false,CALIBRATION_MISSING,CALIBRATION_MISSING,kx134_single_node_i2c.0.1.0,kx134.v3
kx134.v3,NODE_PROTOTYPE,1,KX134_SENSOR_1,sensor_node_1,D4:E9:F4:E9:8E:1C,21109,211569925,0,0,NA,0,-3976,343,-137,-0.970703,0.083740,-0.033447,100,100,8,UNCALIBRATED_SENSOR_1,false,CALIBRATION_MISSING,CALIBRATION_MISSING,kx134_single_node_i2c.0.1.0,kx134.v3
kx134.v3,NODE_PROTOTYPE,1,KX134_SENSOR_1,sensor_node_1,D4:E9:F4:E9:8E:1C,21110,211579925,0,0,NA,0,-3976,343,-137,-0.970703,0.083740,-0.033447,100,100,8,UNCALIBRATED_SENSOR_1,false,CALIBRATION_MISSING,CALIBRATION_MISSING,kx134_single_node_i2c.0.1.0,kx134.v3
kx134.v3,NODE_PROTOTYPE,1,KX134_SENSOR_1,sensor_node_1,D4:E9:F4:E9:8E:1C,21111,211589925,0,0,NA,0,-3897,307,-31,-0.951416,0.074951,-0.007568,100,100,8,UNCALIBRATED_SENSOR_1,false,CALIBRATION_MISSING,CALIBRATION_MISSING,kx134_single_node_i2c.0.1.0,kx134.v3
kx134.v3,NODE_PROTOTYPE,1,KX134_SENSOR_1,sensor_node_1,D4:E9:F4:E9:8E:1C,21112,211599925,0,0,NA,0,-4015,218,9,-0.980225,0.053223,0.002197,100,100,8,UNCALIBRATED_SENSOR_1,false,CALIBRATION_MISSING,CALIBRATION_MISSING,kx134_single_node_i2c.0.1.0,kx134.v3
kx134.v3,NODE_PROTOTYPE,1,KX134_SENSOR_1,sensor_node_1,D4:E9:F4:E9:8E:1C,21113,211609924,0,0,NA,0,-4268,266,-48,-1.041992,0.064941,-0.011719,100,100,8,UNCALIBRATED_SENSOR_1,false,CALIBRATION_MISSING,CALIBRATION_MISSING,kx134_single_node_i2c.0.1.0,kx134.v3
kx134.v3,NODE_PROTOTYPE,1,KX134_SENSOR_1,sensor_node_1,D4:E9:F4:E9:8E:1C,21114,211619925,0,0,NA,0,-4261,308,-26,-1.040283,0.075195,-0.006348,100,100,8,UNCALIBRATED_SENSOR_1,false,CALIBRATION_MISSING,CALIBRATION_MISSING,kx134_single_node_i2c.0.1.0,kx134.v3
kx134.v3,NODE_PROTOTYPE,1,KX134_SENSOR_1,sensor_node_1,D4:E9:F4:E9:8E:1C,21115,211629925,0,0,NA,0,-4059,236,5,-0.990967,0.057617,0.001221,100,100,8,UNCALIBRATED_SENSOR_1,false,CALIBRATION_MISSING,CALIBRATION_MISSING,kx134_single_node_i2c.0.1.0,kx134.v3
kx134.v3,NODE_PROTOTYPE,1,KX134_SENSOR_1,sensor_node_1,D4:E9:F4:E9:8E:1C,21116,211639924,0,0,NA,0,-3937,270,-46,-0.961182,0.065918,-0.011230,100,100,8,UNCALIBRATED_SENSOR_1,false,CALIBRATION_MISSING,CALIBRATION_MISSING,kx134_single_node_i2c.0.1.0,kx134.v3
kx134.v3,NODE_PROTOTYPE,1,KX134_SENSOR_1,sensor_node_1,D4:E9:F4:E9:8E:1C,21117,211649925,0,0,NA,0,-3913,320,-74,-0.955322,0.078125,-0.018066,100,100,8,UNCALIBRATED_SENSOR_1,false,CALIBRATION_MISSING,CALIBRATION_MISSING,kx134_single_node_i2c.0.1.0,kx134.v3
kx134.v3,NODE_PROTOTYPE,1,KX134_SENSOR_1,sensor_node_1,D4:E9:F4:E9:8E:1C,21118,211659925,0,0,NA,0,-3951,327,-85,-0.964600,0.079834,-0.020752,100,100,8,UNCALIBRATED_SENSOR_1,false,CALIBRATION_MISSING,CALIBRATION_MISSING,kx134_single_node_i2c.0.1.0,kx134.v3
kx134.v3,NODE_PROTOTYPE,1,KX134_SENSOR_1,sensor_node_1,D4:E9:F4:E9:8E:1C,21119,211669924,0,0,NA,0,-3996,329,-128,-0.975586,0.080322,-0.031250,100,100,8,UNCALIBRATED_SENSOR_1,false,CALIBRATION_MISSING,CALIBRATION_MISSING,kx134_single_node_i2c.0.1.0,kx134.v3
kx134.v3,NODE_PROTOTYPE,1,KX134_SENSOR_1,sensor_node_1,D4:E9:F4:E9:8E:1C,21120,211679925,0,0,NA,0,-4030,308,-157,-0.983887,0.075195,-0.038330,100,100,8,UNCALIBRATED_SENSOR_1,false,CALIBRATION_MISSING,CALIBRATION_MISSING,kx134_single_node_i2c.0.1.0,kx134.v3
kx134.v3,NODE_PROTOTYPE,1,KX134_SENSOR_1,sensor_node_1,D4:E9:F4:E9:8E:1C,21121,211689925,0,0,NA,0,-4056,288,-142,-0.990234,0.070312,-0.034668,100,100,8,UNCALIBRATED_SENSOR_1,false,CALIBRATION_MISSING,CALIBRATION_MISSING,kx134_single_node_i2c.0.1.0,kx134.v3
kx134.v3,NODE_PROTOTYPE,1,KX134_SENSOR_1,sensor_node_1,D4:E9:F4:E9:8E:1C,21122,211699925,0,0,NA,0,-4059,271,-109,-0.990967,0.066162,-0.026611,100,100,8,UNCALIBRATED_SENSOR_1,false,CALIBRATION_MISSING,CALIBRATION_MISSING,kx134_single_node_i2c.0.1.0,kx134.v3
kx134.v3,NODE_PROTOTYPE,1,KX134_SENSOR_1,sensor_node_1,D4:E9:F4:E9:8E:1C,21123,211709925,0,0,NA,0,-4062,245,-64,-0.991699,0.059814,-0.015625,100,100,8,UNCALIBRATED_SENSOR_1,false,CALIBRATION_MISSING,CALIBRATION_MISSING,kx134_single_node_i2c.0.1.0,kx134.v3
kx134.v3,NODE_PROTOTYPE,1,KX134_SENSOR_1,sensor_node_1,D4:E9:F4:E9:8E:1C,21124,211719925,0,0,NA,0,-4080,234,-47,-0.996094,0.057129,-0.011475,100,100,8,UNCALIBRATED_SENSOR_1,false,CALIBRATION_MISSING,CALIBRATION_MISSING,kx134_single_node_i2c.0.1.0,kx134.v3
kx134.v3,NODE_PROTOTYPE,1,KX134_SENSOR_1,sensor_node_1,D4:E9:F4:E9:8E:1C,21125,211729925,0,0,NA,0,-4093,231,-72,-0.999268,0.056396,-0.017578,100,100,8,UNCALIBRATED_SENSOR_1,false,CALIBRATION_MISSING,CALIBRATION_MISSING,kx134_single_node_i2c.0.1.0,kx134.v3
kx134.v3,NODE_PROTOTYPE,1,KX134_SENSOR_1,sensor_node_1,D4:E9:F4:E9:8E:1C,21126,211739925,0,0,NA,0,-4072,247,-85,-0.994141,0.060303,-0.020752,100,100,8,UNCALIBRATED_SENSOR_1,false,CALIBRATION_MISSING,CALIBRATION_MISSING,kx134_single_node_i2c.0.1.0,kx134.v3
kx134.v3,NODE_PROTOTYPE,1,KX134_SENSOR_1,sensor_node_1,D4:E9:F4:E9:8E:1C,21127,211749924,0,0,NA,0,-4072,263,-98,-0.994141,0.064209,-0.023926,100,100,8,UNCALIBRATED_SENSOR_1,false,CALIBRATION_MISSING,CALIBRATION_MISSING,kx134_single_node_i2c.0.1.0,kx134.v3
kx134.v3,NODE_PROTOTYPE,1,KX134_SENSOR_1,sensor_node_1,D4:E9:F4:E9:8E:1C,21128,211759925,0,0,NA,0,-4086,268,-72,-0.997559,0.065430,-0.017578,100,100,8,UNCALIBRATED_SENSOR_1,false,CALIBRATION_MISSING,CALIBRATION_MISSING,kx134_single_node_i2c.0.1.0,kx134.v3
kx134.v3,NODE_PROTOTYPE,1,KX134_SENSOR_1,sensor_node_1,D4:E9:F4:E9:8E:1C,21129,211769925,0,0,NA,0,-4084,263,-46,-0.997070,0.064209,-0.011230,100,100,8,UNCALIBRATED_SENSOR_1,false,CALIBRATION_MISSING,CALIBRATION_MISSING,kx134_single_node_i2c.0.1.0,kx134.v3
kx134.v3,NODE_PROTOTYPE,1,KX134_SENSOR_1,sensor_node_1,D4:E9:F4:E9:8E:1C,21130,211779925,0,0,NA,0,-4078,255,-81,-0.995605,0.062256,-0.019775,100,100,8,UNCALIBRATED_SENSOR_1,false,CALIBRATION_MISSING,CALIBRATION_MISSING,kx134_single_node_i2c.0.1.0,kx134.v3
kx134.v3,NODE_PROTOTYPE,1,KX134_SENSOR_1,sensor_node_1,D4:E9:F4:E9:8E:1C,21131,211789925,0,0,NA,0,-4092,283,-129,-0.999023,0.069092,-0.031494,100,100,8,UNCALIBRATED_SENSOR_1,false,CALIBRATION_MISSING,CALIBRATION_MISSING,kx134_single_node_i2c.0.1.0,kx134.v3
kx134.v3,NODE_PROTOTYPE,1,KX134_SENSOR_1,sensor_node_1,D4:E9:F4:E9:8E:1C,21132,211799925,0,0,NA,0,-4128,338,-153,-1.007813,0.082520,-0.037354,100,100,8,UNCALIBRATED_SENSOR_1,false,CALIBRATION_MISSING,CALIBRATION_MISSING,kx134_single_node_i2c.0.1.0,kx134.v3
kx134.v3,NODE_PROTOTYPE,1,KX134_SENSOR_1,sensor_node_1,D4:E9:F4:E9:8E:1C,21133,211809925,0,0,NA,0,-4108,341,-120,-1.002930,0.083252,-0.029297,100,100,8,UNCALIBRATED_SENSOR_1,false,CALIBRATION_MISSING,CALIBRATION_MISSING,kx134_single_node_i2c.0.1.0,kx134.v3
kx134.v3,NODE_PROTOTYPE,1,KX134_SENSOR_1,sensor_node_1,D4:E9:F4:E9:8E:1C,21134,211819925,0,0,NA,0,-4073,288,-63,-0.994385,0.070312,-0.015381,100,100,8,UNCALIBRATED_SENSOR_1,false,CALIBRATION_MISSING,CALIBRATION_MISSING,kx134_single_node_i2c.0.1.0,kx134.v3
kx134.v3,NODE_PROTOTYPE,1,KX134_SENSOR_1,sensor_node_1,D4:E9:F4:E9:8E:1C,21135,211829925,0,0,NA,0,-4078,280,-75,-0.995605,0.068359,-0.018311,100,100,8,UNCALIBRATED_SENSOR_1,false,CALIBRATION_MISSING,CALIBRATION_MISSING,kx134_single_node_i2c.0.1.0,kx134.v3
kx134.v3,NODE_PROTOTYPE,1,KX134_SENSOR_1,sensor_node_1,D4:E9:F4:E9:8E:1C,21136,211839925,0,0,NA,0,-4081,270,-57,-0.996338,0.065918,-0.013916,100,100,8,UNCALIBRATED_SENSOR_1,false,CALIBRATION_MISSING,CALIBRATION_MISSING,kx134_single_node_i2c.0.1.0,kx134.v3
kx134.v3,NODE_PROTOTYPE,1,KX134_SENSOR_1,sensor_node_1,D4:E9:F4:E9:8E:1C,21137,211849925,0,0,NA,0,-4081,249,-6,-0.996338,0.060791,-0.001465,100,100,8,UNCALIBRATED_SENSOR_1,false,CALIBRATION_MISSING,CALIBRATION_MISSING,kx134_single_node_i2c.0.1.0,kx134.v3
kx134.v3,NODE_PROTOTYPE,1,KX134_SENSOR_1,sensor_node_1,D4:E9:F4:E9:8E:1C,21138,211859924,0,0,NA,0,-4070,258,-26,-0.993652,0.062988,-0.006348,100,100,8,UNCALIBRATED_SENSOR_1,false,CALIBRATION_MISSING,CALIBRATION_MISSING,kx134_single_node_i2c.0.1.0,kx134.v3
kx134.v3,NODE_PROTOTYPE,1,KX134_SENSOR_1,sensor_node_1,D4:E9:F4:E9:8E:1C,21139,211869925,0,0,NA,0,-4069,261,-41,-0.993408,0.063721,-0.010010,100,100,8,UNCALIBRATED_SENSOR_1,false,CALIBRATION_MISSING,CALIBRATION_MISSING,kx134_single_node_i2c.0.1.0,kx134.v3
kx134.v3,NODE_PROTOTYPE,1,KX134_SENSOR_1,sensor_node_1,D4:E9:F4:E9:8E:1C,21140,211879925,0,0,NA,0,-4088,261,-49,-0.998047,0.063721,-0.011963,100,100,8,UNCALIBRATED_SENSOR_1,false,CALIBRATION_MISSING,CALIBRATION_MISSING,kx134_single_node_i2c.0.1.0,kx134.v3
kx134.v3,NODE_PROTOTYPE,1,KX134_SENSOR_1,sensor_node_1,D4:E9:F4:E9:8E:1C,21141,211889924,0,0,NA,0,-4089,249,-59,-0.998291,0.060791,-0.014404,100,100,8,UNCALIBRATED_SENSOR_1,false,CALIBRATION_MISSING,CALIBRATION_MISSING,kx134_single_node_i2c.0.1.0,kx134.v3
kx134.v3,NODE_PROTOTYPE,1,KX134_SENSOR_1,sensor_node_1,D4:E9:F4:E9:8E:1C,21142,211899924,0,0,NA,0,-4085,250,-83,-0.997314,0.061035,-0.020264,100,100,8,UNCALIBRATED_SENSOR_1,false,CALIBRATION_MISSING,CALIBRATION_MISSING,kx134_single_node_i2c.0.1.0,kx134.v3
kx134.v3,NODE_PROTOTYPE,1,KX134_SENSOR_1,sensor_node_1,D4:E9:F4:E9:8E:1C,21143,211909924,0,0,NA,0,-4069,237,-88,-0.993408,0.057861,-0.021484,100,100,8,UNCALIBRATED_SENSOR_1,false,CALIBRATION_MISSING,CALIBRATION_MISSING,kx134_single_node_i2c.0.1.0,kx134.v3
kx134.v3,NODE_PROTOTYPE,1,KX134_SENSOR_1,sensor_node_1,D4:E9:F4:E9:8E:1C,21144,211919925,0,0,NA,0,-4071,243,-76,-0.993896,0.059326,-0.018555,100,100,8,UNCALIBRATED_SENSOR_1,false,CALIBRATION_MISSING,CALIBRATION_MISSING,kx134_single_node_i2c.0.1.0,kx134.v3
kx134.v3,NODE_PROTOTYPE,1,KX134_SENSOR_1,sensor_node_1,D4:E9:F4:E9:8E:1C,21145,211929925,0,0,NA,0,-4080,264,-77,-0.996094,0.064453,-0.018799,100,100,8,UNCALIBRATED_SENSOR_1,false,CALIBRATION_MISSING,CALIBRATION_MISSING,kx134_single_node_i2c.0.1.0,kx134.v3
kx134.v3,NODE_PROTOTYPE,1,KX134_SENSOR_1,sensor_node_1,D4:E9:F4:E9:8E:1C,21146,211939925,0,0,NA,0,-4063,261,-76,-0.991943,0.063721,-0.018555,100,100,8,UNCALIBRATED_SENSOR_1,false,CALIBRATION_MISSING,CALIBRATION_MISSING,kx134_single_node_i2c.0.1.0,kx134.v3
kx134.v3,NODE_PROTOTYPE,1,KX134_SENSOR_1,sensor_node_1,D4:E9:F4:E9:8E:1C,21147,211949925,0,0,NA,0,-4082,296,-102,-0.996582,0.072266,-0.024902,100,100,8,UNCALIBRATED_SENSOR_1,false,CALIBRATION_MISSING,CALIBRATION_MISSING,kx134_single_node_i2c.0.1.0,kx134.v3
kx134.v3,NODE_PROTOTYPE,1,KX134_SENSOR_1,sensor_node_1,D4:E9:F4:E9:8E:1C,21148,211959925,0,0,NA,0,-4112,305,-106,-1.003906,0.074463,-0.025879,100,100,8,UNCALIBRATED_SENSOR_1,false,CALIBRATION_MISSING,CALIBRATION_MISSING,kx134_single_node_i2c.0.1.0,kx134.v3
kx134.v3,NODE_PROTOTYPE,1,KX134_SENSOR_1,sensor_node_1,D4:E9:F4:E9:8E:1C,21149,211969925,0,0,NA,0,-4119,270,-66,-1.005615,0.065918,-0.016113,100,100,8,UNCALIBRATED_SENSOR_1,false,CALIBRATION_MISSING,CALIBRATION_MISSING,kx134_single_node_i2c.0.1.0,kx134.v3
kx134.v3,NODE_PROTOTYPE,1,KX134_SENSOR_1,sensor_node_1,D4:E9:F4:E9:8E:1C,21150,211979925,0,0,NA,0,-4106,273,-56,-1.002441,0.066650,-0.013672,100,100,8,UNCALIBRATED_SENSOR_1,false,CALIBRATION_MISSING,CALIBRATION_MISSING,kx134_single_node_i2c.0.1.0,kx134.v3
kx134.v3,NODE_PROTOTYPE,1,KX134_SENSOR_1,sensor_node_1,D4:E9:F4:E9:8E:1C,21151,211989925,0,0,NA,0,-4085,291,-81,-0.997314,0.071045,-0.019775,100,100,8,UNCALIBRATED_SENSOR_1,false,CALIBRATION_MISSING,CALIBRATION_MISSING,kx134_single_node_i2c.0.1.0,kx134.v3
kx134.v3,NODE_PROTOTYPE,1,KX134_SENSOR_1,sensor_node_1,D4:E9:F4:E9:8E:1C,21152,211999924,0,0,NA,0,-4064,258,-87,-0.992187,0.062988,-0.021240,100,100,8,UNCALIBRATED_SENSOR_1,false,CALIBRATION_MISSING,CALIBRATION_MISSING,kx134_single_node_i2c.0.1.0,kx134.v3
kx134.v3,NODE_PROTOTYPE,1,KX134_SENSOR_1,sensor_node_1,D4:E9:F4:E9:8E:1C,21153,212009925,0,0,NA,0,-4054,257,-71,-0.989746,0.062744,-0.017334,100,100,8,UNCALIBRATED_SENSOR_1,false,CALIBRATION_MISSING,CALIBRATION_MISSING,kx134_single_node_i2c.0.1.0,kx134.v3
kx134.v3,NODE_PROTOTYPE,1,KX134_SENSOR_1,sensor_node_1,D4:E9:F4:E9:8E:1C,21154,212019925,0,0,NA,0,-4064,276,-69,-0.992187,0.067383,-0.016846,100,100,8,UNCALIBRATED_SENSOR_1,false,CALIBRATION_MISSING,CALIBRATION_MISSING,kx134_single_node_i2c.0.1.0,kx134.v3
kx134.v3,NODE_PROTOTYPE,1,KX134_SENSOR_1,sensor_node_1,D4:E9:F4:E9:8E:1C,21155,212029925,0,0,NA,0,-4060,269,-72,-0.991211,0.065674,-0.017578,100,100,8,UNCALIBRATED_SENSOR_1,false,CALIBRATION_MISSING,CALIBRATION_MISSING,kx134_single_node_i2c.0.1.0,kx134.v3
kx134.v3,NODE_PROTOTYPE,1,KX134_SENSOR_1,sensor_node_1,D4:E9:F4:E9:8E:1C,21156,212039925,0,0,NA,0,-4051,279,-80,-0.989014,0.068115,-0.019531,100,100,8,UNCALIBRATED_SENSOR_1,false,CALIBRATION_MISSING,CALIBRATION_MISSING,kx134_single_node_i2c.0.1.0,kx134.v3
kx134.v3,NODE_PROTOTYPE,1,KX134_SENSOR_1,sensor_node_1,D4:E9:F4:E9:8E:1C,21157,212049925,0,0,NA,0,-4062,295,-82,-0.991699,0.072021,-0.020020,100,100,8,UNCALIBRATED_SENSOR_1,false,CALIBRATION_MISSING,CALIBRATION_MISSING,kx134_single_node_i2c.0.1.0,kx134.v3
kx134.v3,NODE_PROTOTYPE,1,KX134_SENSOR_1,sensor_node_1,D4:E9:F4:E9:8E:1C,21158,212059925,0,0,NA,0,-4098,291,-70,-1.000488,0.071045,-0.017090,100,100,8,UNCALIBRATED_SENSOR_1,false,CALIBRATION_MISSING,CALIBRATION_MISSING,kx134_single_node_i2c.0.1.0,kx134.v3
kx134.v3,NODE_PROTOTYPE,1,KX134_SENSOR_1,sensor_node_1,D4:E9:F4:E9:8E:1C,21159,212069924,0,0,NA,0,-4126,271,-59,-1.007324,0.066162,-0.014404,100,100,8,UNCALIBRATED_SENSOR_1,false,CALIBRATION_MISSING,CALIBRATION_MISSING,kx134_single_node_i2c.0.1.0,kx134.v3
kx134.v3,NODE_PROTOTYPE,1,KX134_SENSOR_1,sensor_node_1,D4:E9:F4:E9:8E:1C,21160,212079924,0,0,NA,0,-4131,264,-51,-1.008545,0.064453,-0.012451,100,100,8,UNCALIBRATED_SENSOR_1,false,CALIBRATION_MISSING,CALIBRATION_MISSING,kx134_single_node_i2c.0.1.0,kx134.v3
kx134.v3,NODE_PROTOTYPE,1,KX134_SENSOR_1,sensor_node_1,D4:E9:F4:E9:8E:1C,21161,212089925,0,0,NA,0,-4123,266,-60,-1.006592,0.064941,-0.014648,100,100,8,UNCALIBRATED_SENSOR_1,false,CALIBRATION_MISSING,CALIBRATION_MISSING,kx134_single_node_i2c.0.1.0,kx134.v3
kx134.v3,NODE_PROTOTYPE,1,KX134_SENSOR_1,sensor_node_1,D4:E9:F4:E9:8E:1C,21162,212099924,0,0,NA,0,-4092,277,-68,-0.999023,0.067627,-0.016602,100,100,8,UNCALIBRATED_SENSOR_1,false,CALIBRATION_MISSING,CALIBRATION_MISSING,kx134_single_node_i2c.0.1.0,kx134.v3
kx134.v3,NODE_PROTOTYPE,1,KX134_SENSOR_1,sensor_node_1,D4:E9:F4:E9:8E:1C,21163,212109925,0,0,NA,0,-4088,286,-75,-0.998047,0.069824,-0.018311,100,100,8,UNCALIBRATED_SENSOR_1,false,CALIBRATION_MISSING,CALIBRATION_MISSING,kx134_single_node_i2c.0.1.0,kx134.v3
kx134.v3,NODE_PROTOTYPE,1,KX134_SENSOR_1,sensor_node_1,D4:E9:F4:E9:8E:1C,21164,212119925,0,0,NA,0,-4086,287,-113,-0.997559,0.070068,-0.027588,100,100,8,UNCALIBRATED_SENSOR_1,false,CALIBRATION_MISSING,CALIBRATION_MISSING,kx134_single_node_i2c.0.1.0,kx134.v3
kx134.v3,NODE_PROTOTYPE,1,KX134_SENSOR_1,sensor_node_1,D4:E9:F4:E9:8E:1C,21165,212129925,0,0,NA,0,-4055,296,-142,-0.989990,0.072266,-0.034668,100,100,8,UNCALIBRATED_SENSOR_1,false,CALIBRATION_MISSING,CALIBRATION_MISSING,kx134_single_node_i2c.0.1.0,kx134.v3
kx134.v3,NODE_PROTOTYPE,1,KX134_SENSOR_1,sensor_node_1,D4:E9:F4:E9:8E:1C,21166,212139925,0,0,NA,0,-4027,295,-136,-0.983154,0.072021,-0.033203,100,100,8,UNCALIBRATED_SENSOR_1,false,CALIBRATION_MISSING,CALIBRATION_MISSING,kx134_single_node_i2c.0.1.0,kx134.v3
kx134.v3,NODE_PROTOTYPE,1,KX134_SENSOR_1,sensor_node_1,D4:E9:F4:E9:8E:1C,21167,212149924,0,0,NA,0,-4029,291,-84,-0.983643,0.071045,-0.020508,100,100,8,UNCALIBRATED_SENSOR_1,false,CALIBRATION_MISSING,CALIBRATION_MISSING,kx134_single_node_i2c.0.1.0,kx134.v3
kx134.v3,NODE_PROTOTYPE,1,KX134_SENSOR_1,sensor_node_1,D4:E9:F4:E9:8E:1C,21168,212159925,0,0,NA,0,-4061,275,-51,-0.991455,0.067139,-0.012451,100,100,8,UNCALIBRATED_SENSOR_1,false,CALIBRATION_MISSING,CALIBRATION_MISSING,kx134_single_node_i2c.0.1.0,kx134.v3
kx134.v3,NODE_PROTOTYPE,1,KX134_SENSOR_1,sensor_node_1,D4:E9:F4:E9:8E:1C,21169,212169925,0,0,NA,0,-4078,244,-49,-0.995605,0.059570,-0.011963,100,100,8,UNCALIBRATED_SENSOR_1,false,CALIBRATION_MISSING,CALIBRATION_MISSING,kx134_single_node_i2c.0.1.0,kx134.v3
kx134.v3,NODE_PROTOTYPE,1,KX134_SENSOR_1,sensor_node_1,D4:E9:F4:E9:8E:1C,21170,212179925,0,0,NA,0,-4104,240,-25,-1.001953,0.058594,-0.006104,100,100,8,UNCALIBRATED_SENSOR_1,false,CALIBRATION_MISSING,CALIBRATION_MISSING,kx134_single_node_i2c.0.1.0,kx134.v3
kx134.v3,NODE_PROTOTYPE,1,KX134_SENSOR_1,sensor_node_1,D4:E9:F4:E9:8E:1C,21171,212189925,0,0,NA,0,-4068,231,-14,-0.993164,0.056396,-0.003418,100,100,8,UNCALIBRATED_SENSOR_1,false,CALIBRATION_MISSING,CALIBRATION_MISSING,kx134_single_node_i2c.0.1.0,kx134.v3
kx134.v3,NODE_PROTOTYPE,1,KX134_SENSOR_1,sensor_node_1,D4:E9:F4:E9:8E:1C,21172,212199924,0,0,NA,0,-4043,229,-34,-0.987061,0.055908,-0.008301,100,100,8,UNCALIBRATED_SENSOR_1,false,CALIBRATION_MISSING,CALIBRATION_MISSING,kx134_single_node_i2c.0.1.0,kx134.v3
kx134.v3,NODE_PROTOTYPE,1,KX134_SENSOR_1,sensor_node_1,D4:E9:F4:E9:8E:1C,21173,212209925,0,0,NA,0,-4071,244,-42,-0.993896,0.059570,-0.010254,100,100,8,UNCALIBRATED_SENSOR_1,false,CALIBRATION_MISSING,CALIBRATION_MISSING,kx134_single_node_i2c.0.1.0,kx134.v3
kx134.v3,NODE_PROTOTYPE,1,KX134_SENSOR_1,sensor_node_1,D4:E9:F4:E9:8E:1C,21174,212219924,0,0,NA,0,-4066,270,-52,-0.992676,0.065918,-0.012695,100,100,8,UNCALIBRATED_SENSOR_1,false,CALIBRATION_MISSING,CALIBRATION_MISSING,kx134_single_node_i2c.0.1.0,kx134.v3
kx134.v3,NODE_PROTOTYPE,1,KX134_SENSOR_1,sensor_node_1,D4:E9:F4:E9:8E:1C,21175,212229924,0,0,NA,0,-4063,302,-82,-0.991943,0.073730,-0.020020,100,100,8,UNCALIBRATED_SENSOR_1,false,CALIBRATION_MISSING,CALIBRATION_MISSING,kx134_single_node_i2c.0.1.0,kx134.v3
kx134.v3,NODE_PROTOTYPE,1,KX134_SENSOR_1,sensor_node_1,D4:E9:F4:E9:8E:1C,21176,212239925,0,0,NA,0,-4055,298,-92,-0.989990,0.072754,-0.022461,100,100,8,UNCALIBRATED_SENSOR_1,false,CALIBRATION_MISSING,CALIBRATION_MISSING,kx134_single_node_i2c.0.1.0,kx134.v3
kx134.v3,NODE_PROTOTYPE,1,KX134_SENSOR_1,sensor_node_1,D4:E9:F4:E9:8E:1C,21177,212249925,0,0,NA,0,-4071,279,-77,-0.993896,0.068115,-0.018799,100,100,8,UNCALIBRATED_SENSOR_1,false,CALIBRATION_MISSING,CALIBRATION_MISSING,kx134_single_node_i2c.0.1.0,kx134.v3
kx134.v3,NODE_PROTOTYPE,1,KX134_SENSOR_1,sensor_node_1,D4:E9:F4:E9:8E:1C,21178,212259925,0,0,NA,0,-4084,282,-70,-0.997070,0.068848,-0.017090,100,100,8,UNCALIBRATED_SENSOR_1,false,CALIBRATION_MISSING,CALIBRATION_MISSING,kx134_single_node_i2c.0.1.0,kx134.v3
kx134.v3,NODE_PROTOTYPE,1,KX134_SENSOR_1,sensor_node_1,D4:E9:F4:E9:8E:1C,21179,212269924,0,0,NA,0,-4069,313,-65,-0.993408,0.076416,-0.015869,100,100,8,UNCALIBRATED_SENSOR_1,false,CALIBRATION_MISSING,CALIBRATION_MISSING,kx134_single_node_i2c.0.1.0,kx134.v3
kx134.v3,NODE_PROTOTYPE,1,KX134_SENSOR_1,sensor_node_1,D4:E9:F4:E9:8E:1C,21180,212279925,0,0,NA,0,-4041,299,-28,-0.986572,0.072998,-0.006836,100,100,8,UNCALIBRATED_SENSOR_1,false,CALIBRATION_MISSING,CALIBRATION_MISSING,kx134_single_node_i2c.0.1.0,kx134.v3
kx134.v3,NODE_PROTOTYPE,1,KX134_SENSOR_1,sensor_node_1,D4:E9:F4:E9:8E:1C,21181,212289925,0,0,NA,0,-4027,264,-33,-0.983154,0.064453,-0.008057,100,100,8,UNCALIBRATED_SENSOR_1,false,CALIBRATION_MISSING,CALIBRATION_MISSING,kx134_single_node_i2c.0.1.0,kx134.v3
kx134.v3,NODE_PROTOTYPE,1,KX134_SENSOR_1,sensor_node_1,D4:E9:F4:E9:8E:1C,21182,212299925,0,0,NA,0,-4045,261,-56,-0.987549,0.063721,-0.013672,100,100,8,UNCALIBRATED_SENSOR_1,false,CALIBRATION_MISSING,CALIBRATION_MISSING,kx134_single_node_i2c.0.1.0,kx134.v3
kx134.v3,NODE_PROTOTYPE,1,KX134_SENSOR_1,sensor_node_1,D4:E9:F4:E9:8E:1C,21183,212309925,0,0,NA,0,-4078,260,-62,-0.995605,0.063477,-0.015137,100,100,8,UNCALIBRATED_SENSOR_1,false,CALIBRATION_MISSING,CALIBRATION_MISSING,kx134_single_node_i2c.0.1.0,kx134.v3
kx134.v3,NODE_PROTOTYPE,1,KX134_SENSOR_1,sensor_node_1,D4:E9:F4:E9:8E:1C,21184,212319925,0,0,NA,0,-4089,285,-87,-0.998291,0.069580,-0.021240,100,100,8,UNCALIBRATED_SENSOR_1,false,CALIBRATION_MISSING,CALIBRATION_MISSING,kx134_single_node_i2c.0.1.0,kx134.v3
kx134.v3,NODE_PROTOTYPE,1,KX134_SENSOR_1,sensor_node_1,D4:E9:F4:E9:8E:1C,21185,212329925,0,0,NA,0,-4073,300,-102,-0.994385,0.073242,-0.024902,100,100,8,UNCALIBRATED_SENSOR_1,false,CALIBRATION_MISSING,CALIBRATION_MISSING,kx134_single_node_i2c.0.1.0,kx134.v3
kx134.v3,NODE_PROTOTYPE,1,KX134_SENSOR_1,sensor_node_1,D4:E9:F4:E9:8E:1C,21186,212339925,0,0,NA,0,-4090,295,-109,-0.998535,0.072021,-0.026611,100,100,8,UNCALIBRATED_SENSOR_1,false,CALIBRATION_MISSING,CALIBRATION_MISSING,kx134_single_node_i2c.0.1.0,kx134.v3
kx134.v3,NODE_PROTOTYPE,1,KX134_SENSOR_1,sensor_node_1,D4:E9:F4:E9:8E:1C,21187,212349925,0,0,NA,0,-4124,288,-107,-1.006836,0.070312,-0.026123,100,100,8,UNCALIBRATED_SENSOR_1,false,CALIBRATION_MISSING,CALIBRATION_MISSING,kx134_single_node_i2c.0.1.0,kx134.v3
kx134.v3,NODE_PROTOTYPE,1,KX134_SENSOR_1,sensor_node_1,D4:E9:F4:E9:8E:1C,21188,212359925,0,0,NA,0,-4130,275,-102,-1.008301,0.067139,-0.024902,100,100,8,UNCALIBRATED_SENSOR_1,false,CALIBRATION_MISSING,CALIBRATION_MISSING,kx134_single_node_i2c.0.1.0,kx134.v3
kx134.v3,NODE_PROTOTYPE,1,KX134_SENSOR_1,sensor_node_1,D4:E9:F4:E9:8E:1C,21189,212369925,0,0,NA,0,-4122,303,-118,-1.006348,0.073975,-0.028809,100,100,8,UNCALIBRATED_SENSOR_1,false,CALIBRATION_MISSING,CALIBRATION_MISSING,kx134_single_node_i2c.0.1.0,kx134.v3
kx134.v3,NODE_PROTOTYPE,1,KX134_SENSOR_1,sensor_node_1,D4:E9:F4:E9:8E:1C,21190,212379925,0,0,NA,0,-4117,310,-92,-1.005127,0.075684,-0.022461,100,100,8,UNCALIBRATED_SENSOR_1,false,CALIBRATION_MISSING,CALIBRATION_MISSING,kx134_single_node_i2c.0.1.0,kx134.v3
kx134.v3,NODE_PROTOTYPE,1,KX134_SENSOR_1,sensor_node_1,D4:E9:F4:E9:8E:1C,21191,212389925,0,0,NA,0,-4108,277,-71,-1.002930,0.067627,-0.017334,100,100,8,UNCALIBRATED_SENSOR_1,false,CALIBRATION_MISSING,CALIBRATION_MISSING,kx134_single_node_i2c.0.1.0,kx134.v3
kx134.v3,NODE_PROTOTYPE,1,KX134_SENSOR_1,sensor_node_1,D4:E9:F4:E9:8E:1C,21192,212399925,0,0,NA,0,-4101,278,-97,-1.001221,0.067871,-0.023682,100,100,8,UNCALIBRATED_SENSOR_1,false,CALIBRATION_MISSING,CALIBRATION_MISSING,kx134_single_node_i2c.0.1.0,kx134.v3
kx134.v3,NODE_PROTOTYPE,1,KX134_SENSOR_1,sensor_node_1,D4:E9:F4:E9:8E:1C,21193,212409925,0,0,NA,0,-4087,289,-85,-0.997803,0.070557,-0.020752,100,100,8,UNCALIBRATED_SENSOR_1,false,CALIBRATION_MISSING,CALIBRATION_MISSING,kx134_single_node_i2c.0.1.0,kx134.v3
kx134.v3,NODE_PROTOTYPE,1,KX134_SENSOR_1,sensor_node_1,D4:E9:F4:E9:8E:1C,21194,212419925,0,0,NA,0,-4086,254,-39,-0.997559,0.062012,-0.009521,100,100,8,UNCALIBRATED_SENSOR_1,false,CALIBRATION_MISSING,CALIBRATION_MISSING,kx134_single_node_i2c.0.1.0,kx134.v3
kx134.v3,NODE_PROTOTYPE,1,KX134_SENSOR_1,sensor_node_1,D4:E9:F4:E9:8E:1C,21195,212429925,0,0,NA,0,-4093,210,-20,-0.999268,0.051270,-0.004883,100,100,8,UNCALIBRATED_SENSOR_1,false,CALIBRATION_MISSING,CALIBRATION_MISSING,kx134_single_node_i2c.0.1.0,kx134.v3
kx134.v3,NODE_PROTOTYPE,1,KX134_SENSOR_1,sensor_node_1,D4:E9:F4:E9:8E:1C,21196,212439924,0,0,NA,0,-4075,210,-51,-0.994873,0.051270,-0.012451,100,100,8,UNCALIBRATED_SENSOR_1,false,CALIBRATION_MISSING,CALIBRATION_MISSING,kx134_single_node_i2c.0.1.0,kx134.v3
kx134.v3,NODE_PROTOTYPE,1,KX134_SENSOR_1,sensor_node_1,D4:E9:F4:E9:8E:1C,21197,212449924,0,0,NA,0,-4067,235,-77,-0.992920,0.057373,-0.018799,100,100,8,UNCALIBRATED_SENSOR_1,false,CALIBRATION_MISSING,CALIBRATION_MISSING,kx134_single_node_i2c.0.1.0,kx134.v3
kx134.v3,NODE_PROTOTYPE,1,KX134_SENSOR_1,sensor_node_1,D4:E9:F4:E9:8E:1C,21198,212459925,0,0,NA,0,-4064,240,-76,-0.992187,0.058594,-0.018555,100,100,8,UNCALIBRATED_SENSOR_1,false,CALIBRATION_MISSING,CALIBRATION_MISSING,kx134_single_node_i2c.0.1.0,kx134.v3
kx134.v3,NODE_PROTOTYPE,1,KX134_SENSOR_1,sensor_node_1,D4:E9:F4:E9:8E:1C,21199,212469925,0,0,NA,0,-3960,157,27,-0.966797,0.038330,0.006592,100,100,8,UNCALIBRATED_SENSOR_1,false,CALIBRATION_MISSING,CALIBRATION_MISSING,kx134_single_node_i2c.0.1.0,kx134.v3
kx134.v3,NODE_PROTOTYPE,1,KX134_SENSOR_1,sensor_node_1,D4:E9:F4:E9:8E:1C,21200,212479925,0,0,NA,0,-3960,157,27,-0.966797,0.038330,0.006592,100,100,8,UNCALIBRATED_SENSOR_1,false,CALIBRATION_MISSING,CALIBRATION_MISSING,kx134_single_node_i2c.0.1.0,kx134.v3
kx134.v3,NODE_PROTOTYPE,1,KX134_SENSOR_1,sensor_node_1,D4:E9:F4:E9:8E:1C,21201,212489925,0,0,NA,0,-3911,241,-18,-0.954834,0.058838,-0.004395,100,100,8,UNCALIBRATED_SENSOR_1,false,CALIBRATION_MISSING,CALIBRATION_MISSING,kx134_single_node_i2c.0.1.0,kx134.v3
kx134.v3,NODE_PROTOTYPE,1,KX134_SENSOR_1,sensor_node_1,D4:E9:F4:E9:8E:1C,21202,212499925,0,0,NA,0,-3951,359,-72,-0.964600,0.087646,-0.017578,100,100,8,UNCALIBRATED_SENSOR_1,false,CALIBRATION_MISSING,CALIBRATION_MISSING,kx134_single_node_i2c.0.1.0,kx134.v3
kx134.v3,NODE_PROTOTYPE,1,KX134_SENSOR_1,sensor_node_1,D4:E9:F4:E9:8E:1C,21203,212509925,0,0,NA,0,-3945,265,62,-0.963135,0.064697,0.015137,100,100,8,UNCALIBRATED_SENSOR_1,false,CALIBRATION_MISSING,CALIBRATION_MISSING,kx134_single_node_i2c.0.1.0,kx134.v3
kx134.v3,NODE_PROTOTYPE,1,KX134_SENSOR_1,sensor_node_1,D4:E9:F4:E9:8E:1C,21204,212519924,0,0,NA,0,-3883,291,11,-0.947998,0.071045,0.002686,100,100,8,UNCALIBRATED_SENSOR_1,false,CALIBRATION_MISSING,CALIBRATION_MISSING,kx134_single_node_i2c.0.1.0,kx134.v3
kx134.v3,NODE_PROTOTYPE,1,KX134_SENSOR_1,sensor_node_1,D4:E9:F4:E9:8E:1C,21205,212529925,0,0,NA,0,-3905,393,-148,-0.953369,0.095947,-0.036133,100,100,8,UNCALIBRATED_SENSOR_1,false,CALIBRATION_MISSING,CALIBRATION_MISSING,kx134_single_node_i2c.0.1.0,kx134.v3
kx134.v3,NODE_PROTOTYPE,1,KX134_SENSOR_1,sensor_node_1,D4:E9:F4:E9:8E:1C,21206,212539925,0,0,NA,0,-3983,332,-191,-0.972412,0.081055,-0.046631,100,100,8,UNCALIBRATED_SENSOR_1,false,CALIBRATION_MISSING,CALIBRATION_MISSING,kx134_single_node_i2c.0.1.0,kx134.v3
kx134.v3,NODE_PROTOTYPE,1,KX134_SENSOR_1,sensor_node_1,D4:E9:F4:E9:8E:1C,21207,212549924,0,0,NA,0,-4020,271,-164,-0.981445,0.066162,-0.040039,100,100,8,UNCALIBRATED_SENSOR_1,false,CALIBRATION_MISSING,CALIBRATION_MISSING,kx134_single_node_i2c.0.1.0,kx134.v3
kx134.v3,NODE_PROTOTYPE,1,KX134_SENSOR_1,sensor_node_1,D4:E9:F4:E9:8E:1C,21208,212559925,0,0,NA,0,-4061,296,-125,-0.991455,0.072266,-0.030518,100,100,8,UNCALIBRATED_SENSOR_1,false,CALIBRATION_MISSING,CALIBRATION_MISSING,kx134_single_node_i2c.0.1.0,kx134.v3
kx134.v3,NODE_PROTOTYPE,1,KX134_SENSOR_1,sensor_node_1,D4:E9:F4:E9:8E:1C,21209,212569925,0,0,NA,0,-4061,290,-80,-0.991455,0.070801,-0.019531,100,100,8,UNCALIBRATED_SENSOR_1,false,CALIBRATION_MISSING,CALIBRATION_MISSING,kx134_single_node_i2c.0.1.0,kx134.v3
kx134.v3,NODE_PROTOTYPE,1,KX134_SENSOR_1,sensor_node_1,D4:E9:F4:E9:8E:1C,21210,212579924,0,0,NA,0,-4077,278,-79,-0.995361,0.067871,-0.019287,100,100,8,UNCALIBRATED_SENSOR_1,false,CALIBRATION_MISSING,CALIBRATION_MISSING,kx134_single_node_i2c.0.1.0,kx134.v3
kx134.v3,NODE_PROTOTYPE,1,KX134_SENSOR_1,sensor_node_1,D4:E9:F4:E9:8E:1C,21211,212589924,0,0,NA,0,-4083,277,-93,-0.996826,0.067627,-0.022705,100,100,8,UNCALIBRATED_SENSOR_1,false,CALIBRATION_MISSING,CALIBRATION_MISSING,kx134_single_node_i2c.0.1.0,kx134.v3
kx134.v3,NODE_PROTOTYPE,1,KX134_SENSOR_1,sensor_node_1,D4:E9:F4:E9:8E:1C,21212,212599925,0,0,NA,0,-4085,260,-83,-0.997314,0.063477,-0.020264,100,100,8,UNCALIBRATED_SENSOR_1,false,CALIBRATION_MISSING,CALIBRATION_MISSING,kx134_single_node_i2c.0.1.0,kx134.v3
kx134.v3,NODE_PROTOTYPE,1,KX134_SENSOR_1,sensor_node_1,D4:E9:F4:E9:8E:1C,21213,212609925,0,0,NA,0,-4088,243,-84,-0.998047,0.059326,-0.020508,100,100,8,UNCALIBRATED_SENSOR_1,false,CALIBRATION_MISSING,CALIBRATION_MISSING,kx134_single_node_i2c.0.1.0,kx134.v3
kx134.v3,NODE_PROTOTYPE,1,KX134_SENSOR_1,sensor_node_1,D4:E9:F4:E9:8E:1C,21214,212619925,0,0,NA,0,-4089,255,-94,-0.998291,0.062256,-0.022949,100,100,8,UNCALIBRATED_SENSOR_1,false,CALIBRATION_MISSING,CALIBRATION_MISSING,kx134_single_node_i2c.0.1.0,kx134.v3
kx134.v3,NODE_PROTOTYPE,1,KX134_SENSOR_1,sensor_node_1,D4:E9:F4:E9:8E:1C,21215,212629925,0,0,NA,0,-4112,274,-72,-1.003906,0.066895,-0.017578,100,100,8,UNCALIBRATED_SENSOR_1,false,CALIBRATION_MISSING,CALIBRATION_MISSING,kx134_single_node_i2c.0.1.0,kx134.v3
kx134.v3,NODE_PROTOTYPE,1,KX134_SENSOR_1,sensor_node_1,D4:E9:F4:E9:8E:1C,21216,212639925,0,0,NA,0,-4124,281,-72,-1.006836,0.068604,-0.017578,100,100,8,UNCALIBRATED_SENSOR_1,false,CALIBRATION_MISSING,CALIBRATION_MISSING,kx134_single_node_i2c.0.1.0,kx134.v3
kx134.v3,NODE_PROTOTYPE,1,KX134_SENSOR_1,sensor_node_1,D4:E9:F4:E9:8E:1C,21217,212649924,0,0,NA,0,-4113,286,-102,-1.004150,0.069824,-0.024902,100,100,8,UNCALIBRATED_SENSOR_1,false,CALIBRATION_MISSING,CALIBRATION_MISSING,kx134_single_node_i2c.0.1.0,kx134.v3
kx134.v3,NODE_PROTOTYPE,1,KX134_SENSOR_1,sensor_node_1,D4:E9:F4:E9:8E:1C,21218,212659925,0,0,NA,0,-4084,285,-118,-0.997070,0.069580,-0.028809,100,100,8,UNCALIBRATED_SENSOR_1,false,CALIBRATION_MISSING,CALIBRATION_MISSING,kx134_single_node_i2c.0.1.0,kx134.v3
kx134.v3,NODE_PROTOTYPE,1,KX134_SENSOR_1,sensor_node_1,D4:E9:F4:E9:8E:1C,21219,212669925,0,0,NA,0,-4051,256,-110,-0.989014,0.062500,-0.026855,100,100,8,UNCALIBRATED_SENSOR_1,false,CALIBRATION_MISSING,CALIBRATION_MISSING,kx134_single_node_i2c.0.1.0,kx134.v3
kx134.v3,NODE_PROTOTYPE,1,KX134_SENSOR_1,sensor_node_1,D4:E9:F4:E9:8E:1C,21220,212679924,0,0,NA,0,-4072,235,-88,-0.994141,0.057373,-0.021484,100,100,8,UNCALIBRATED_SENSOR_1,false,CALIBRATION_MISSING,CALIBRATION_MISSING,kx134_single_node_i2c.0.1.0,kx134.v3
kx134.v3,NODE_PROTOTYPE,1,KX134_SENSOR_1,sensor_node_1,D4:E9:F4:E9:8E:1C,21221,212689924,0,0,NA,0,-4108,260,-73,-1.002930,0.063477,-0.017822,100,100,8,UNCALIBRATED_SENSOR_1,false,CALIBRATION_MISSING,CALIBRATION_MISSING,kx134_single_node_i2c.0.1.0,kx134.v3
kx134.v3,NODE_PROTOTYPE,1,KX134_SENSOR_1,sensor_node_1,D4:E9:F4:E9:8E:1C,21222,212699925,0,0,NA,0,-4119,273,-61,-1.005615,0.066650,-0.014893,100,100,8,UNCALIBRATED_SENSOR_1,false,CALIBRATION_MISSING,CALIBRATION_MISSING,kx134_single_node_i2c.0.1.0,kx134.v3
kx134.v3,NODE_PROTOTYPE,1,KX134_SENSOR_1,sensor_node_1,D4:E9:F4:E9:8E:1C,21223,212709925,0,0,NA,0,-4144,255,-71,-1.011719,0.062256,-0.017334,100,100,8,UNCALIBRATED_SENSOR_1,false,CALIBRATION_MISSING,CALIBRATION_MISSING,kx134_single_node_i2c.0.1.0,kx134.v3
kx134.v3,NODE_PROTOTYPE,1,KX134_SENSOR_1,sensor_node_1,D4:E9:F4:E9:8E:1C,21224,212719925,0,0,NA,0,-4136,275,-104,-1.009766,0.067139,-0.025391,100,100,8,UNCALIBRATED_SENSOR_1,false,CALIBRATION_MISSING,CALIBRATION_MISSING,kx134_single_node_i2c.0.1.0,kx134.v3
kx134.v3,NODE_PROTOTYPE,1,KX134_SENSOR_1,sensor_node_1,D4:E9:F4:E9:8E:1C,21225,212729925,0,0,NA,0,-4099,286,-126,-1.000732,0.069824,-0.030762,100,100,8,UNCALIBRATED_SENSOR_1,false,CALIBRATION_MISSING,CALIBRATION_MISSING,kx134_single_node_i2c.0.1.0,kx134.v3
kx134.v3,NODE_PROTOTYPE,1,KX134_SENSOR_1,sensor_node_1,D4:E9:F4:E9:8E:1C,21226,212739925,0,0,NA,0,-4088,270,-141,-0.998047,0.065918,-0.034424,100,100,8,UNCALIBRATED_SENSOR_1,false,CALIBRATION_MISSING,CALIBRATION_MISSING,kx134_single_node_i2c.0.1.0,kx134.v3
kx134.v3,NODE_PROTOTYPE,1,KX134_SENSOR_1,sensor_node_1,D4:E9:F4:E9:8E:1C,21227,212749924,0,0,NA,0,-4092,306,-131,-0.999023,0.074707,-0.031982,100,100,8,UNCALIBRATED_SENSOR_1,false,CALIBRATION_MISSING,CALIBRATION_MISSING,kx134_single_node_i2c.0.1.0,kx134.v3
kx134.v3,NODE_PROTOTYPE,1,KX134_SENSOR_1,sensor_node_1,D4:E9:F4:E9:8E:1C,21228,212759924,0,0,NA,0,-4090,307,-89,-0.998535,0.074951,-0.021729,100,100,8,UNCALIBRATED_SENSOR_1,false,CALIBRATION_MISSING,CALIBRATION_MISSING,kx134_single_node_i2c.0.1.0,kx134.v3
kx134.v3,NODE_PROTOTYPE,1,KX134_SENSOR_1,sensor_node_1,D4:E9:F4:E9:8E:1C,21229,212769924,0,0,NA,0,-4086,289,-48,-0.997559,0.070557,-0.011719,100,100,8,UNCALIBRATED_SENSOR_1,false,CALIBRATION_MISSING,CALIBRATION_MISSING,kx134_single_node_i2c.0.1.0,kx134.v3
kx134.v3,NODE_PROTOTYPE,1,KX134_SENSOR_1,sensor_node_1,D4:E9:F4:E9:8E:1C,21230,212779925,0,0,NA,0,-4087,283,-49,-0.997803,0.069092,-0.011963,100,100,8,UNCALIBRATED_SENSOR_1,false,CALIBRATION_MISSING,CALIBRATION_MISSING,kx134_single_node_i2c.0.1.0,kx134.v3
kx134.v3,NODE_PROTOTYPE,1,KX134_SENSOR_1,sensor_node_1,D4:E9:F4:E9:8E:1C,21231,212789924,0,0,NA,0,-4086,258,-59,-0.997559,0.062988,-0.014404,100,100,8,UNCALIBRATED_SENSOR_1,false,CALIBRATION_MISSING,CALIBRATION_MISSING,kx134_single_node_i2c.0.1.0,kx134.v3
kx134.v3,NODE_PROTOTYPE,1,KX134_SENSOR_1,sensor_node_1,D4:E9:F4:E9:8E:1C,21232,212799925,0,0,NA,0,-4103,257,-54,-1.001709,0.062744,-0.013184,100,100,8,UNCALIBRATED_SENSOR_1,false,CALIBRATION_MISSING,CALIBRATION_MISSING,kx134_single_node_i2c.0.1.0,kx134.v3
kx134.v3,NODE_PROTOTYPE,1,KX134_SENSOR_1,sensor_node_1,D4:E9:F4:E9:8E:1C,21233,212809925,0,0,NA,0,-4121,260,-52,-1.006104,0.063477,-0.012695,100,100,8,UNCALIBRATED_SENSOR_1,false,CALIBRATION_MISSING,CALIBRATION_MISSING,kx134_single_node_i2c.0.1.0,kx134.v3
kx134.v3,NODE_PROTOTYPE,1,KX134_SENSOR_1,sensor_node_1,D4:E9:F4:E9:8E:1C,21234,212819925,0,0,NA,0,-4095,252,-65,-0.999756,0.061523,-0.015869,100,100,8,UNCALIBRATED_SENSOR_1,false,CALIBRATION_MISSING,CALIBRATION_MISSING,kx134_single_node_i2c.0.1.0,kx134.v3
kx134.v3,NODE_PROTOTYPE,1,KX134_SENSOR_1,sensor_node_1,D4:E9:F4:E9:8E:1C,21235,212829925,0,0,NA,0,-4085,242,-97,-0.997314,0.059082,-0.023682,100,100,8,UNCALIBRATED_SENSOR_1,false,CALIBRATION_MISSING,CALIBRATION_MISSING,kx134_single_node_i2c.0.1.0,kx134.v3
kx134.v3,NODE_PROTOTYPE,1,KX134_SENSOR_1,sensor_node_1,D4:E9:F4:E9:8E:1C,21236,212839925,0,0,NA,0,-4116,216,-117,-1.004883,0.052734,-0.028564,100,100,8,UNCALIBRATED_SENSOR_1,false,CALIBRATION_MISSING,CALIBRATION_MISSING,kx134_single_node_i2c.0.1.0,kx134.v3
kx134.v3,NODE_PROTOTYPE,1,KX134_SENSOR_1,sensor_node_1,D4:E9:F4:E9:8E:1C,21237,212849924,0,0,NA,0,-4116,204,-127,-1.004883,0.049805,-0.031006,100,100,8,UNCALIBRATED_SENSOR_1,false,CALIBRATION_MISSING,CALIBRATION_MISSING,kx134_single_node_i2c.0.1.0,kx134.v3
kx134.v3,NODE_PROTOTYPE,1,KX134_SENSOR_1,sensor_node_1,D4:E9:F4:E9:8E:1C,21238,212859924,0,0,NA,0,-4097,223,-130,-1.000244,0.054443,-0.031738,100,100,8,UNCALIBRATED_SENSOR_1,false,CALIBRATION_MISSING,CALIBRATION_MISSING,kx134_single_node_i2c.0.1.0,kx134.v3
kx134.v3,NODE_PROTOTYPE,1,KX134_SENSOR_1,sensor_node_1,D4:E9:F4:E9:8E:1C,21239,212869924,0,0,NA,0,-4086,251,-109,-0.997559,0.061279,-0.026611,100,100,8,UNCALIBRATED_SENSOR_1,false,CALIBRATION_MISSING,CALIBRATION_MISSING,kx134_single_node_i2c.0.1.0,kx134.v3
kx134.v3,NODE_PROTOTYPE,1,KX134_SENSOR_1,sensor_node_1,D4:E9:F4:E9:8E:1C,21240,212879925,0,0,NA,0,-4073,271,-84,-0.994385,0.066162,-0.020508,100,100,8,UNCALIBRATED_SENSOR_1,false,CALIBRATION_MISSING,CALIBRATION_MISSING,kx134_single_node_i2c.0.1.0,kx134.v3
kx134.v3,NODE_PROTOTYPE,1,KX134_SENSOR_1,sensor_node_1,D4:E9:F4:E9:8E:1C,21241,212889925,0,0,NA,0,-4073,260,-68,-0.994385,0.063477,-0.016602,100,100,8,UNCALIBRATED_SENSOR_1,false,CALIBRATION_MISSING,CALIBRATION_MISSING,kx134_single_node_i2c.0.1.0,kx134.v3
kx134.v3,NODE_PROTOTYPE,1,KX134_SENSOR_1,sensor_node_1,D4:E9:F4:E9:8E:1C,21242,212899925,0,0,NA,0,-4072,277,-81,-0.994141,0.067627,-0.019775,100,100,8,UNCALIBRATED_SENSOR_1,false,CALIBRATION_MISSING,CALIBRATION_MISSING,kx134_single_node_i2c.0.1.0,kx134.v3
kx134.v3,NODE_PROTOTYPE,1,KX134_SENSOR_1,sensor_node_1,D4:E9:F4:E9:8E:1C,21243,212909925,0,0,NA,0,-4049,298,-79,-0.988525,0.072754,-0.019287,100,100,8,UNCALIBRATED_SENSOR_1,false,CALIBRATION_MISSING,CALIBRATION_MISSING,kx134_single_node_i2c.0.1.0,kx134.v3
kx134.v3,NODE_PROTOTYPE,1,KX134_SENSOR_1,sensor_node_1,D4:E9:F4:E9:8E:1C,21244,212919924,0,0,NA,0,-4064,265,-69,-0.992187,0.064697,-0.016846,100,100,8,UNCALIBRATED_SENSOR_1,false,CALIBRATION_MISSING,CALIBRATION_MISSING,kx134_single_node_i2c.0.1.0,kx134.v3
kx134.v3,NODE_PROTOTYPE,1,KX134_SENSOR_1,sensor_node_1,D4:E9:F4:E9:8E:1C,21245,212929925,0,0,NA,0,-4075,248,-89,-0.994873,0.060547,-0.021729,100,100,8,UNCALIBRATED_SENSOR_1,false,CALIBRATION_MISSING,CALIBRATION_MISSING,kx134_single_node_i2c.0.1.0,kx134.v3
kx134.v3,NODE_PROTOTYPE,1,KX134_SENSOR_1,sensor_node_1,D4:E9:F4:E9:8E:1C,21246,212939925,0,0,NA,0,-4071,275,-80,-0.993896,0.067139,-0.019531,100,100,8,UNCALIBRATED_SENSOR_1,false,CALIBRATION_MISSING,CALIBRATION_MISSING,kx134_single_node_i2c.0.1.0,kx134.v3
kx134.v3,NODE_PROTOTYPE,1,KX134_SENSOR_1,sensor_node_1,D4:E9:F4:E9:8E:1C,21247,212949925,0,0,NA,0,-4095,262,-65,-0.999756,0.063965,-0.015869,100,100,8,UNCALIBRATED_SENSOR_1,false,CALIBRATION_MISSING,CALIBRATION_MISSING,kx134_single_node_i2c.0.1.0,kx134.v3
kx134.v3,NODE_PROTOTYPE,1,KX134_SENSOR_1,sensor_node_1,D4:E9:F4:E9:8E:1C,21248,212959925,0,0,NA,0,-4079,227,-102,-0.995850,0.055420,-0.024902,100,100,8,UNCALIBRATED_SENSOR_1,false,CALIBRATION_MISSING,CALIBRATION_MISSING,kx134_single_node_i2c.0.1.0,kx134.v3
kx134.v3,NODE_PROTOTYPE,1,KX134_SENSOR_1,sensor_node_1,D4:E9:F4:E9:8E:1C,21249,212969925,0,0,NA,0,-4067,205,-121,-0.992920,0.050049,-0.029541,100,100,8,UNCALIBRATED_SENSOR_1,false,CALIBRATION_MISSING,CALIBRATION_MISSING,kx134_single_node_i2c.0.1.0,kx134.v3
kx134.v3,NODE_PROTOTYPE,1,KX134_SENSOR_1,sensor_node_1,D4:E9:F4:E9:8E:1C,21250,212979925,0,0,NA,0,-4077,189,-99,-0.995361,0.046143,-0.024170,100,100,8,UNCALIBRATED_SENSOR_1,false,CALIBRATION_MISSING,CALIBRATION_MISSING,kx134_single_node_i2c.0.1.0,kx134.v3
kx134.v3,NODE_PROTOTYPE,1,KX134_SENSOR_1,sensor_node_1,D4:E9:F4:E9:8E:1C,21251,212989924,0,0,NA,0,-4070,246,-95,-0.993652,0.060059,-0.023193,100,100,8,UNCALIBRATED_SENSOR_1,false,CALIBRATION_MISSING,CALIBRATION_MISSING,kx134_single_node_i2c.0.1.0,kx134.v3
kx134.v3,NODE_PROTOTYPE,1,KX134_SENSOR_1,sensor_node_1,D4:E9:F4:E9:8E:1C,21252,212999925,0,0,NA,0,-4084,317,-92,-0.997070,0.077393,-0.022461,100,100,8,UNCALIBRATED_SENSOR_1,false,CALIBRATION_MISSING,CALIBRATION_MISSING,kx134_single_node_i2c.0.1.0,kx134.v3
kx134.v3,NODE_PROTOTYPE,1,KX134_SENSOR_1,sensor_node_1,D4:E9:F4:E9:8E:1C,21253,213009925,0,0,NA,0,-4101,306,-67,-1.001221,0.074707,-0.016357,100,100,8,UNCALIBRATED_SENSOR_1,false,CALIBRATION_MISSING,CALIBRATION_MISSING,kx134_single_node_i2c.0.1.0,kx134.v3
kx134.v3,NODE_PROTOTYPE,1,KX134_SENSOR_1,sensor_node_1,D4:E9:F4:E9:8E:1C,21254,213019924,0,0,NA,0,-4117,255,-70,-1.005127,0.062256,-0.017090,100,100,8,UNCALIBRATED_SENSOR_1,false,CALIBRATION_MISSING,CALIBRATION_MISSING,kx134_single_node_i2c.0.1.0,kx134.v3
kx134.v3,NODE_PROTOTYPE,1,KX134_SENSOR_1,sensor_node_1,D4:E9:F4:E9:8E:1C,21255,213029924,0,0,NA,0,-4120,237,-80,-1.005859,0.057861,-0.019531,100,100,8,UNCALIBRATED_SENSOR_1,false,CALIBRATION_MISSING,CALIBRATION_MISSING,kx134_single_node_i2c.0.1.0,kx134.v3
kx134.v3,NODE_PROTOTYPE,1,KX134_SENSOR_1,sensor_node_1,D4:E9:F4:E9:8E:1C,21256,213039924,0,0,NA,0,-4087,238,-55,-0.997803,0.058105,-0.013428,100,100,8,UNCALIBRATED_SENSOR_1,false,CALIBRATION_MISSING,CALIBRATION_MISSING,kx134_single_node_i2c.0.1.0,kx134.v3
kx134.v3,NODE_PROTOTYPE,1,KX134_SENSOR_1,sensor_node_1,D4:E9:F4:E9:8E:1C,21257,213049924,0,0,NA,0,-4063,261,-61,-0.991943,0.063721,-0.014893,100,100,8,UNCALIBRATED_SENSOR_1,false,CALIBRATION_MISSING,CALIBRATION_MISSING,kx134_single_node_i2c.0.1.0,kx134.v3
kx134.v3,NODE_PROTOTYPE,1,KX134_SENSOR_1,sensor_node_1,D4:E9:F4:E9:8E:1C,21258,213059924,0,0,NA,0,-4065,290,-97,-0.992432,0.070801,-0.023682,100,100,8,UNCALIBRATED_SENSOR_1,false,CALIBRATION_MISSING,CALIBRATION_MISSING,kx134_single_node_i2c.0.1.0,kx134.v3
kx134.v3,NODE_PROTOTYPE,1,KX134_SENSOR_1,sensor_node_1,D4:E9:F4:E9:8E:1C,21259,213069925,0,0,NA,0,-4077,301,-94,-0.995361,0.073486,-0.022949,100,100,8,UNCALIBRATED_SENSOR_1,false,CALIBRATION_MISSING,CALIBRATION_MISSING,kx134_single_node_i2c.0.1.0,kx134.v3
kx134.v3,NODE_PROTOTYPE,1,KX134_SENSOR_1,sensor_node_1,D4:E9:F4:E9:8E:1C,21260,213079925,0,0,NA,0,-4064,319,-82,-0.992187,0.077881,-0.020020,100,100,8,UNCALIBRATED_SENSOR_1,false,CALIBRATION_MISSING,CALIBRATION_MISSING,kx134_single_node_i2c.0.1.0,kx134.v3
kx134.v3,NODE_PROTOTYPE,1,KX134_SENSOR_1,sensor_node_1,D4:E9:F4:E9:8E:1C,21261,213089925,0,0,NA,0,-4081,311,-83,-0.996338,0.075928,-0.020264,100,100,8,UNCALIBRATED_SENSOR_1,false,CALIBRATION_MISSING,CALIBRATION_MISSING,kx134_single_node_i2c.0.1.0,kx134.v3
kx134.v3,NODE_PROTOTYPE,1,KX134_SENSOR_1,sensor_node_1,D4:E9:F4:E9:8E:1C,21262,213099925,0,0,NA,0,-4093,275,-63,-0.999268,0.067139,-0.015381,100,100,8,UNCALIBRATED_SENSOR_1,false,CALIBRATION_MISSING,CALIBRATION_MISSING,kx134_single_node_i2c.0.1.0,kx134.v3
kx134.v3,NODE_PROTOTYPE,1,KX134_SENSOR_1,sensor_node_1,D4:E9:F4:E9:8E:1C,21263,213109925,0,0,NA,0,-4081,245,-40,-0.996338,0.059814,-0.009766,100,100,8,UNCALIBRATED_SENSOR_1,false,CALIBRATION_MISSING,CALIBRATION_MISSING,kx134_single_node_i2c.0.1.0,kx134.v3
kx134.v3,NODE_PROTOTYPE,1,KX134_SENSOR_1,sensor_node_1,D4:E9:F4:E9:8E:1C,21264,213119925,0,0,NA,0,-4086,236,-56,-0.997559,0.057617,-0.013672,100,100,8,UNCALIBRATED_SENSOR_1,false,CALIBRATION_MISSING,CALIBRATION_MISSING,kx134_single_node_i2c.0.1.0,kx134.v3
kx134.v3,NODE_PROTOTYPE,1,KX134_SENSOR_1,sensor_node_1,D4:E9:F4:E9:8E:1C,21265,213129925,0,0,NA,0,-4085,257,-96,-0.997314,0.062744,-0.023437,100,100,8,UNCALIBRATED_SENSOR_1,false,CALIBRATION_MISSING,CALIBRATION_MISSING,kx134_single_node_i2c.0.1.0,kx134.v3
kx134.v3,NODE_PROTOTYPE,1,KX134_SENSOR_1,sensor_node_1,D4:E9:F4:E9:8E:1C,21266,213139925,0,0,NA,0,-4079,277,-112,-0.995850,0.067627,-0.027344,100,100,8,UNCALIBRATED_SENSOR_1,false,CALIBRATION_MISSING,CALIBRATION_MISSING,kx134_single_node_i2c.0.1.0,kx134.v3
kx134.v3,NODE_PROTOTYPE,1,KX134_SENSOR_1,sensor_node_1,D4:E9:F4:E9:8E:1C,21267,213149925,0,0,NA,0,-4083,278,-98,-0.996826,0.067871,-0.023926,100,100,8,UNCALIBRATED_SENSOR_1,false,CALIBRATION_MISSING,CALIBRATION_MISSING,kx134_single_node_i2c.0.1.0,kx134.v3
kx134.v3,NODE_PROTOTYPE,1,KX134_SENSOR_1,sensor_node_1,D4:E9:F4:E9:8E:1C,21268,213159925,0,0,NA,0,-4108,286,-86,-1.002930,0.069824,-0.020996,100,100,8,UNCALIBRATED_SENSOR_1,false,CALIBRATION_MISSING,CALIBRATION_MISSING,kx134_single_node_i2c.0.1.0,kx134.v3
kx134.v3,NODE_PROTOTYPE,1,KX134_SENSOR_1,sensor_node_1,D4:E9:F4:E9:8E:1C,21269,213169925,0,0,NA,0,-4101,314,-101,-1.001221,0.076660,-0.024658,100,100,8,UNCALIBRATED_SENSOR_1,false,CALIBRATION_MISSING,CALIBRATION_MISSING,kx134_single_node_i2c.0.1.0,kx134.v3
kx134.v3,NODE_PROTOTYPE,1,KX134_SENSOR_1,sensor_node_1,D4:E9:F4:E9:8E:1C,21270,213179925,0,0,NA,0,-4079,312,-116,-0.995850,0.076172,-0.028320,100,100,8,UNCALIBRATED_SENSOR_1,false,CALIBRATION_MISSING,CALIBRATION_MISSING,kx134_single_node_i2c.0.1.0,kx134.v3
kx134.v3,NODE_PROTOTYPE,1,KX134_SENSOR_1,sensor_node_1,D4:E9:F4:E9:8E:1C,21271,213189925,0,0,NA,0,-4067,261,-98,-0.992920,0.063721,-0.023926,100,100,8,UNCALIBRATED_SENSOR_1,false,CALIBRATION_MISSING,CALIBRATION_MISSING,kx134_single_node_i2c.0.1.0,kx134.v3
kx134.v3,NODE_PROTOTYPE,1,KX134_SENSOR_1,sensor_node_1,D4:E9:F4:E9:8E:1C,21272,213199925,0,0,NA,0,-4062,243,-80,-0.991699,0.059326,-0.019531,100,100,8,UNCALIBRATED_SENSOR_1,false,CALIBRATION_MISSING,CALIBRATION_MISSING,kx134_single_node_i2c.0.1.0,kx134.v3
kx134.v3,NODE_PROTOTYPE,1,KX134_SENSOR_1,sensor_node_1,D4:E9:F4:E9:8E:1C,21273,213209925,0,0,NA,0,-4071,263,-59,-0.993896,0.064209,-0.014404,100,100,8,UNCALIBRATED_SENSOR_1,false,CALIBRATION_MISSING,CALIBRATION_MISSING,kx134_single_node_i2c.0.1.0,kx134.v3
kx134.v3,NODE_PROTOTYPE,1,KX134_SENSOR_1,sensor_node_1,D4:E9:F4:E9:8E:1C,21274,213219925,0,0,NA,0,-4078,294,-49,-0.995605,0.071777,-0.011963,100,100,8,UNCALIBRATED_SENSOR_1,false,CALIBRATION_MISSING,CALIBRATION_MISSING,kx134_single_node_i2c.0.1.0,kx134.v3
kx134.v3,NODE_PROTOTYPE,1,KX134_SENSOR_1,sensor_node_1,D4:E9:F4:E9:8E:1C,21275,213229924,0,0,NA,0,-4071,313,-76,-0.993896,0.076416,-0.018555,100,100,8,UNCALIBRATED_SENSOR_1,false,CALIBRATION_MISSING,CALIBRATION_MISSING,kx134_single_node_i2c.0.1.0,kx134.v3
kx134.v3,NODE_PROTOTYPE,1,KX134_SENSOR_1,sensor_node_1,D4:E9:F4:E9:8E:1C,21276,213239924,0,0,NA,0,-4059,327,-81,-0.990967,0.079834,-0.019775,100,100,8,UNCALIBRATED_SENSOR_1,false,CALIBRATION_MISSING,CALIBRATION_MISSING,kx134_single_node_i2c.0.1.0,kx134.v3
kx134.v3,NODE_PROTOTYPE,1,KX134_SENSOR_1,sensor_node_1,D4:E9:F4:E9:8E:1C,21277,213249925,0,0,NA,0,-4078,327,-85,-0.995605,0.079834,-0.020752,100,100,8,UNCALIBRATED_SENSOR_1,false,CALIBRATION_MISSING,CALIBRATION_MISSING,kx134_single_node_i2c.0.1.0,kx134.v3
kx134.v3,NODE_PROTOTYPE,1,KX134_SENSOR_1,sensor_node_1,D4:E9:F4:E9:8E:1C,21278,213259925,0,0,NA,0,-4077,292,-81,-0.995361,0.071289,-0.019775,100,100,8,UNCALIBRATED_SENSOR_1,false,CALIBRATION_MISSING,CALIBRATION_MISSING,kx134_single_node_i2c.0.1.0,kx134.v3
kx134.v3,NODE_PROTOTYPE,1,KX134_SENSOR_1,sensor_node_1,D4:E9:F4:E9:8E:1C,21279,213269925,0,0,NA,0,-4060,258,-73,-0.991211,0.062988,-0.017822,100,100,8,UNCALIBRATED_SENSOR_1,false,CALIBRATION_MISSING,CALIBRATION_MISSING,kx134_single_node_i2c.0.1.0,kx134.v3
kx134.v3,NODE_PROTOTYPE,1,KX134_SENSOR_1,sensor_node_1,D4:E9:F4:E9:8E:1C,21280,213279924,0,0,NA,0,-4085,265,-119,-0.997314,0.064697,-0.029053,100,100,8,UNCALIBRATED_SENSOR_1,false,CALIBRATION_MISSING,CALIBRATION_MISSING,kx134_single_node_i2c.0.1.0,kx134.v3
kx134.v3,NODE_PROTOTYPE,1,KX134_SENSOR_1,sensor_node_1,D4:E9:F4:E9:8E:1C,21281,213289924,0,0,NA,0,-4074,285,-144,-0.994629,0.069580,-0.035156,100,100,8,UNCALIBRATED_SENSOR_1,false,CALIBRATION_MISSING,CALIBRATION_MISSING,kx134_single_node_i2c.0.1.0,kx134.v3
kx134.v3,NODE_PROTOTYPE,1,KX134_SENSOR_1,sensor_node_1,D4:E9:F4:E9:8E:1C,21282,213299925,0,0,NA,0,-4036,285,-107,-0.985352,0.069580,-0.026123,100,100,8,UNCALIBRATED_SENSOR_1,false,CALIBRATION_MISSING,CALIBRATION_MISSING,kx134_single_node_i2c.0.1.0,kx134.v3
kx134.v3,NODE_PROTOTYPE,1,KX134_SENSOR_1,sensor_node_1,D4:E9:F4:E9:8E:1C,21283,213309925,0,0,NA,0,-4037,301,-82,-0.985596,0.073486,-0.020020,100,100,8,UNCALIBRATED_SENSOR_1,false,CALIBRATION_MISSING,CALIBRATION_MISSING,kx134_single_node_i2c.0.1.0,kx134.v3
kx134.v3,NODE_PROTOTYPE,1,KX134_SENSOR_1,sensor_node_1,D4:E9:F4:E9:8E:1C,21284,213319924,0,0,NA,0,-4056,298,-90,-0.990234,0.072754,-0.021973,100,100,8,UNCALIBRATED_SENSOR_1,false,CALIBRATION_MISSING,CALIBRATION_MISSING,kx134_single_node_i2c.0.1.0,kx134.v3
kx134.v3,NODE_PROTOTYPE,1,KX134_SENSOR_1,sensor_node_1,D4:E9:F4:E9:8E:1C,21285,213329924,0,0,NA,0,-4074,329,-112,-0.994629,0.080322,-0.027344,100,100,8,UNCALIBRATED_SENSOR_1,false,CALIBRATION_MISSING,CALIBRATION_MISSING,kx134_single_node_i2c.0.1.0,kx134.v3
kx134.v3,NODE_PROTOTYPE,1,KX134_SENSOR_1,sensor_node_1,D4:E9:F4:E9:8E:1C,21286,213339924,0,0,NA,0,-4078,346,-116,-0.995605,0.084473,-0.028320,100,100,8,UNCALIBRATED_SENSOR_1,false,CALIBRATION_MISSING,CALIBRATION_MISSING,kx134_single_node_i2c.0.1.0,kx134.v3
kx134.v3,NODE_PROTOTYPE,1,KX134_SENSOR_1,sensor_node_1,D4:E9:F4:E9:8E:1C,21287,213349925,0,0,NA,0,-4067,300,-106,-0.992920,0.073242,-0.025879,100,100,8,UNCALIBRATED_SENSOR_1,false,CALIBRATION_MISSING,CALIBRATION_MISSING,kx134_single_node_i2c.0.1.0,kx134.v3
kx134.v3,NODE_PROTOTYPE,1,KX134_SENSOR_1,sensor_node_1,D4:E9:F4:E9:8E:1C,21288,213359925,0,0,NA,0,-4003,282,-59,-0.977295,0.068848,-0.014404,100,100,8,UNCALIBRATED_SENSOR_1,false,CALIBRATION_MISSING,CALIBRATION_MISSING,kx134_single_node_i2c.0.1.0,kx134.v3
kx134.v3,NODE_PROTOTYPE,1,KX134_SENSOR_1,sensor_node_1,D4:E9:F4:E9:8E:1C,21289,213369924,0,0,NA,0,-3899,222,59,-0.951904,0.054199,0.014404,100,100,8,UNCALIBRATED_SENSOR_1,false,CALIBRATION_MISSING,CALIBRATION_MISSING,kx134_single_node_i2c.0.1.0,kx134.v3
kx134.v3,NODE_PROTOTYPE,1,KX134_SENSOR_1,sensor_node_1,D4:E9:F4:E9:8E:1C,21290,213379925,0,0,NA,0,-3924,249,59,-0.958008,0.060791,0.014404,100,100,8,UNCALIBRATED_SENSOR_1,false,CALIBRATION_MISSING,CALIBRATION_MISSING,kx134_single_node_i2c.0.1.0,kx134.v3
kx134.v3,NODE_PROTOTYPE,1,KX134_SENSOR_1,sensor_node_1,D4:E9:F4:E9:8E:1C,21291,213389925,0,0,NA,0,-3924,249,103,-0.958008,0.060791,0.025146,100,100,8,UNCALIBRATED_SENSOR_1,false,CALIBRATION_MISSING,CALIBRATION_MISSING,kx134_single_node_i2c.0.1.0,kx134.v3
kx134.v3,NODE_PROTOTYPE,1,KX134_SENSOR_1,sensor_node_1,D4:E9:F4:E9:8E:1C,21292,213399924,0,0,NA,0,-4013,410,-7,-0.979736,0.100098,-0.001709,100,100,8,UNCALIBRATED_SENSOR_1,false,CALIBRATION_MISSING,CALIBRATION_MISSING,kx134_single_node_i2c.0.1.0,kx134.v3
kx134.v3,NODE_PROTOTYPE,1,KX134_SENSOR_1,sensor_node_1,D4:E9:F4:E9:8E:1C,21293,213409925,0,0,NA,0,-3987,369,-32,-0.973389,0.090088,-0.007813,100,100,8,UNCALIBRATED_SENSOR_1,false,CALIBRATION_MISSING,CALIBRATION_MISSING,kx134_single_node_i2c.0.1.0,kx134.v3
kx134.v3,NODE_PROTOTYPE,1,KX134_SENSOR_1,sensor_node_1,D4:E9:F4:E9:8E:1C,21294,213419925,0,0,NA,0,-3966,350,-31,-0.968262,0.085449,-0.007568,100,100,8,UNCALIBRATED_SENSOR_1,false,CALIBRATION_MISSING,CALIBRATION_MISSING,kx134_single_node_i2c.0.1.0,kx134.v3
kx134.v3,NODE_PROTOTYPE,1,KX134_SENSOR_1,sensor_node_1,D4:E9:F4:E9:8E:1C,21295,213429925,0,0,NA,0,-3990,362,-48,-0.974121,0.088379,-0.011719,100,100,8,UNCALIBRATED_SENSOR_1,false,CALIBRATION_MISSING,CALIBRATION_MISSING,kx134_single_node_i2c.0.1.0,kx134.v3
kx134.v3,NODE_PROTOTYPE,1,KX134_SENSOR_1,sensor_node_1,D4:E9:F4:E9:8E:1C,21296,213439924,0,0,NA,0,-4002,259,-90,-0.977051,0.063232,-0.021973,100,100,8,UNCALIBRATED_SENSOR_1,false,CALIBRATION_MISSING,CALIBRATION_MISSING,kx134_single_node_i2c.0.1.0,kx134.v3
kx134.v3,NODE_PROTOTYPE,1,KX134_SENSOR_1,sensor_node_1,D4:E9:F4:E9:8E:1C,21297,213449924,0,0,NA,0,-4076,223,-151,-0.995117,0.054443,-0.036865,100,100,8,UNCALIBRATED_SENSOR_1,false,CALIBRATION_MISSING,CALIBRATION_MISSING,kx134_single_node_i2c.0.1.0,kx134.v3
kx134.v3,NODE_PROTOTYPE,1,KX134_SENSOR_1,sensor_node_1,D4:E9:F4:E9:8E:1C,21298,213459925,0,0,NA,0,-4145,218,-110,-1.011963,0.053223,-0.026855,100,100,8,UNCALIBRATED_SENSOR_1,false,CALIBRATION_MISSING,CALIBRATION_MISSING,kx134_single_node_i2c.0.1.0,kx134.v3
kx134.v3,NODE_PROTOTYPE,1,KX134_SENSOR_1,sensor_node_1,D4:E9:F4:E9:8E:1C,21299,213469925,0,0,NA,0,-4103,249,-85,-1.001709,0.060791,-0.020752,100,100,8,UNCALIBRATED_SENSOR_1,false,CALIBRATION_MISSING,CALIBRATION_MISSING,kx134_single_node_i2c.0.1.0,kx134.v3
kx134.v3,NODE_PROTOTYPE,1,KX134_SENSOR_1,sensor_node_1,D4:E9:F4:E9:8E:1C,21300,213479925,0,0,NA,0,-4078,267,-104,-0.995605,0.065186,-0.025391,100,100,8,UNCALIBRATED_SENSOR_1,false,CALIBRATION_MISSING,CALIBRATION_MISSING,kx134_single_node_i2c.0.1.0,kx134.v3
kx134.v3,NODE_PROTOTYPE,1,KX134_SENSOR_1,sensor_node_1,D4:E9:F4:E9:8E:1C,21301,213489925,0,0,NA,0,-4080,240,-108,-0.996094,0.058594,-0.026367,100,100,8,UNCALIBRATED_SENSOR_1,false,CALIBRATION_MISSING,CALIBRATION_MISSING,kx134_single_node_i2c.0.1.0,kx134.v3
kx134.v3,NODE_PROTOTYPE,1,KX134_SENSOR_1,sensor_node_1,D4:E9:F4:E9:8E:1C,21302,213499925,0,0,NA,0,-4080,214,-74,-0.996094,0.052246,-0.018066,100,100,8,UNCALIBRATED_SENSOR_1,false,CALIBRATION_MISSING,CALIBRATION_MISSING,kx134_single_node_i2c.0.1.0,kx134.v3
kx134.v3,NODE_PROTOTYPE,1,KX134_SENSOR_1,sensor_node_1,D4:E9:F4:E9:8E:1C,21303,213509925,0,0,NA,0,-4087,214,-41,-0.997803,0.052246,-0.010010,100,100,8,UNCALIBRATED_SENSOR_1,false,CALIBRATION_MISSING,CALIBRATION_MISSING,kx134_single_node_i2c.0.1.0,kx134.v3
kx134.v3,NODE_PROTOTYPE,1,KX134_SENSOR_1,sensor_node_1,D4:E9:F4:E9:8E:1C,21304,213519924,0,0,NA,0,-4071,231,-38,-0.993896,0.056396,-0.009277,100,100,8,UNCALIBRATED_SENSOR_1,false,CALIBRATION_MISSING,CALIBRATION_MISSING,kx134_single_node_i2c.0.1.0,kx134.v3
kx134.v3,NODE_PROTOTYPE,1,KX134_SENSOR_1,sensor_node_1,D4:E9:F4:E9:8E:1C,21305,213529925,0,0,NA,0,-4078,249,-50,-0.995605,0.060791,-0.012207,100,100,8,UNCALIBRATED_SENSOR_1,false,CALIBRATION_MISSING,CALIBRATION_MISSING,kx134_single_node_i2c.0.1.0,kx134.v3
kx134.v3,NODE_PROTOTYPE,1,KX134_SENSOR_1,sensor_node_1,D4:E9:F4:E9:8E:1C,21306,213539924,0,0,NA,0,-4102,255,-68,-1.001465,0.062256,-0.016602,100,100,8,UNCALIBRATED_SENSOR_1,false,CALIBRATION_MISSING,CALIBRATION_MISSING,kx134_single_node_i2c.0.1.0,kx134.v3
kx134.v3,NODE_PROTOTYPE,1,KX134_SENSOR_1,sensor_node_1,D4:E9:F4:E9:8E:1C,21307,213549925,0,0,NA,0,-4089,263,-82,-0.998291,0.064209,-0.020020,100,100,8,UNCALIBRATED_SENSOR_1,false,CALIBRATION_MISSING,CALIBRATION_MISSING,kx134_single_node_i2c.0.1.0,kx134.v3
kx134.v3,NODE_PROTOTYPE,1,KX134_SENSOR_1,sensor_node_1,D4:E9:F4:E9:8E:1C,21308,213559925,0,0,NA,0,-4079,277,-48,-0.995850,0.067627,-0.011719,100,100,8,UNCALIBRATED_SENSOR_1,false,CALIBRATION_MISSING,CALIBRATION_MISSING,kx134_single_node_i2c.0.1.0,kx134.v3
kx134.v3,NODE_PROTOTYPE,1,KX134_SENSOR_1,sensor_node_1,D4:E9:F4:E9:8E:1C,21309,213569925,0,0,NA,0,-4070,292,-35,-0.993652,0.071289,-0.008545,100,100,8,UNCALIBRATED_SENSOR_1,false,CALIBRATION_MISSING,CALIBRATION_MISSING,kx134_single_node_i2c.0.1.0,kx134.v3
kx134.v3,NODE_PROTOTYPE,1,KX134_SENSOR_1,sensor_node_1,D4:E9:F4:E9:8E:1C,21310,213579925,0,0,NA,0,-4079,314,-76,-0.995850,0.076660,-0.018555,100,100,8,UNCALIBRATED_SENSOR_1,false,CALIBRATION_MISSING,CALIBRATION_MISSING,kx134_single_node_i2c.0.1.0,kx134.v3
kx134.v3,NODE_PROTOTYPE,1,KX134_SENSOR_1,sensor_node_1,D4:E9:F4:E9:8E:1C,21311,213589924,0,0,NA,0,-4122,313,-107,-1.006348,0.076416,-0.026123,100,100,8,UNCALIBRATED_SENSOR_1,false,CALIBRATION_MISSING,CALIBRATION_MISSING,kx134_single_node_i2c.0.1.0,kx134.v3
kx134.v3,NODE_PROTOTYPE,1,KX134_SENSOR_1,sensor_node_1,D4:E9:F4:E9:8E:1C,21312,213599924,0,0,NA,0,-4121,289,-102,-1.006104,0.070557,-0.024902,100,100,8,UNCALIBRATED_SENSOR_1,false,CALIBRATION_MISSING,CALIBRATION_MISSING,kx134_single_node_i2c.0.1.0,kx134.v3
kx134.v3,NODE_PROTOTYPE,1,KX134_SENSOR_1,sensor_node_1,D4:E9:F4:E9:8E:1C,21313,213609924,0,0,NA,0,-4127,287,-84,-1.007568,0.070068,-0.020508,100,100,8,UNCALIBRATED_SENSOR_1,false,CALIBRATION_MISSING,CALIBRATION_MISSING,kx134_single_node_i2c.0.1.0,kx134.v3
kx134.v3,NODE_PROTOTYPE,1,KX134_SENSOR_1,sensor_node_1,D4:E9:F4:E9:8E:1C,21314,213619924,0,0,NA,0,-4119,276,-73,-1.005615,0.067383,-0.017822,100,100,8,UNCALIBRATED_SENSOR_1,false,CALIBRATION_MISSING,CALIBRATION_MISSING,kx134_single_node_i2c.0.1.0,kx134.v3
kx134.v3,NODE_PROTOTYPE,1,KX134_SENSOR_1,sensor_node_1,D4:E9:F4:E9:8E:1C,21315,213629925,0,0,NA,0,-4078,274,-66,-0.995605,0.066895,-0.016113,100,100,8,UNCALIBRATED_SENSOR_1,false,CALIBRATION_MISSING,CALIBRATION_MISSING,kx134_single_node_i2c.0.1.0,kx134.v3
kx134.v3,NODE_PROTOTYPE,1,KX134_SENSOR_1,sensor_node_1,D4:E9:F4:E9:8E:1C,21316,213639925,0,0,NA,0,-4047,277,-77,-0.988037,0.067627,-0.018799,100,100,8,UNCALIBRATED_SENSOR_1,false,CALIBRATION_MISSING,CALIBRATION_MISSING,kx134_single_node_i2c.0.1.0,kx134.v3
kx134.v3,NODE_PROTOTYPE,1,KX134_SENSOR_1,sensor_node_1,D4:E9:F4:E9:8E:1C,21317,213649924,0,0,NA,0,-4028,250,-71,-0.983398,0.061035,-0.017334,100,100,8,UNCALIBRATED_SENSOR_1,false,CALIBRATION_MISSING,CALIBRATION_MISSING,kx134_single_node_i2c.0.1.0,kx134.v3
kx134.v3,NODE_PROTOTYPE,1,KX134_SENSOR_1,sensor_node_1,D4:E9:F4:E9:8E:1C,21318,213659925,0,0,NA,0,-4043,229,-49,-0.987061,0.055908,-0.011963,100,100,8,UNCALIBRATED_SENSOR_1,false,CALIBRATION_MISSING,CALIBRATION_MISSING,kx134_single_node_i2c.0.1.0,kx134.v3
kx134.v3,NODE_PROTOTYPE,1,KX134_SENSOR_1,sensor_node_1,D4:E9:F4:E9:8E:1C,21319,213669925,0,0,NA,0,-4082,214,-54,-0.996582,0.052246,-0.013184,100,100,8,UNCALIBRATED_SENSOR_1,false,CALIBRATION_MISSING,CALIBRATION_MISSING,kx134_single_node_i2c.0.1.0,kx134.v3
kx134.v3,NODE_PROTOTYPE,1,KX134_SENSOR_1,sensor_node_1,D4:E9:F4:E9:8E:1C,21320,213679925,0,0,NA,0,-4116,226,-46,-1.004883,0.055176,-0.011230,100,100,8,UNCALIBRATED_SENSOR_1,false,CALIBRATION_MISSING,CALIBRATION_MISSING,kx134_single_node_i2c.0.1.0,kx134.v3
kx134.v3,NODE_PROTOTYPE,1,KX134_SENSOR_1,sensor_node_1,D4:E9:F4:E9:8E:1C,21321,213689925,0,0,NA,0,-4105,232,-37,-1.002197,0.056641,-0.009033,100,100,8,UNCALIBRATED_SENSOR_1,false,CALIBRATION_MISSING,CALIBRATION_MISSING,kx134_single_node_i2c.0.1.0,kx134.v3
kx134.v3,NODE_PROTOTYPE,1,KX134_SENSOR_1,sensor_node_1,D4:E9:F4:E9:8E:1C,21322,213699924,0,0,NA,0,-4080,215,-46,-0.996094,0.052490,-0.011230,100,100,8,UNCALIBRATED_SENSOR_1,false,CALIBRATION_MISSING,CALIBRATION_MISSING,kx134_single_node_i2c.0.1.0,kx134.v3
kx134.v3,NODE_PROTOTYPE,1,KX134_SENSOR_1,sensor_node_1,D4:E9:F4:E9:8E:1C,21323,213709925,0,0,NA,0,-4069,231,-57,-0.993408,0.056396,-0.013916,100,100,8,UNCALIBRATED_SENSOR_1,false,CALIBRATION_MISSING,CALIBRATION_MISSING,kx134_single_node_i2c.0.1.0,kx134.v3
kx134.v3,NODE_PROTOTYPE,1,KX134_SENSOR_1,sensor_node_1,D4:E9:F4:E9:8E:1C,21324,213719925,0,0,NA,0,-4085,248,-68,-0.997314,0.060547,-0.016602,100,100,8,UNCALIBRATED_SENSOR_1,false,CALIBRATION_MISSING,CALIBRATION_MISSING,kx134_single_node_i2c.0.1.0,kx134.v3
kx134.v3,NODE_PROTOTYPE,1,KX134_SENSOR_1,sensor_node_1,D4:E9:F4:E9:8E:1C,21325,213729925,0,0,NA,0,-4095,254,-76,-0.999756,0.062012,-0.018555,100,100,8,UNCALIBRATED_SENSOR_1,false,CALIBRATION_MISSING,CALIBRATION_MISSING,kx134_single_node_i2c.0.1.0,kx134.v3
kx134.v3,NODE_PROTOTYPE,1,KX134_SENSOR_1,sensor_node_1,D4:E9:F4:E9:8E:1C,21326,213739925,0,0,NA,0,-4085,269,-89,-0.997314,0.065674,-0.021729,100,100,8,UNCALIBRATED_SENSOR_1,false,CALIBRATION_MISSING,CALIBRATION_MISSING,kx134_single_node_i2c.0.1.0,kx134.v3
kx134.v3,NODE_PROTOTYPE,1,KX134_SENSOR_1,sensor_node_1,D4:E9:F4:E9:8E:1C,21327,213749925,0,0,NA,0,-4079,279,-79,-0.995850,0.068115,-0.019287,100,100,8,UNCALIBRATED_SENSOR_1,false,CALIBRATION_MISSING,CALIBRATION_MISSING,kx134_single_node_i2c.0.1.0,kx134.v3
kx134.v3,NODE_PROTOTYPE,1,KX134_SENSOR_1,sensor_node_1,D4:E9:F4:E9:8E:1C,21328,213759925,0,0,NA,0,-4079,290,-71,-0.995850,0.070801,-0.017334,100,100,8,UNCALIBRATED_SENSOR_1,false,CALIBRATION_MISSING,CALIBRATION_MISSING,kx134_single_node_i2c.0.1.0,kx134.v3
kx134.v3,NODE_PROTOTYPE,1,KX134_SENSOR_1,sensor_node_1,D4:E9:F4:E9:8E:1C,21329,213769924,0,0,NA,0,-4079,311,-58,-0.995850,0.075928,-0.014160,100,100,8,UNCALIBRATED_SENSOR_1,false,CALIBRATION_MISSING,CALIBRATION_MISSING,kx134_single_node_i2c.0.1.0,kx134.v3
kx134.v3,NODE_PROTOTYPE,1,KX134_SENSOR_1,sensor_node_1,D4:E9:F4:E9:8E:1C,21330,213779924,0,0,NA,0,-4067,318,-38,-0.992920,0.077637,-0.009277,100,100,8,UNCALIBRATED_SENSOR_1,false,CALIBRATION_MISSING,CALIBRATION_MISSING,kx134_single_node_i2c.0.1.0,kx134.v3
kx134.v3,NODE_PROTOTYPE,1,KX134_SENSOR_1,sensor_node_1,D4:E9:F4:E9:8E:1C,21331,213789924,0,0,NA,0,-4078,297,-57,-0.995605,0.072510,-0.013916,100,100,8,UNCALIBRATED_SENSOR_1,false,CALIBRATION_MISSING,CALIBRATION_MISSING,kx134_single_node_i2c.0.1.0,kx134.v3
kx134.v3,NODE_PROTOTYPE,1,KX134_SENSOR_1,sensor_node_1,D4:E9:F4:E9:8E:1C,21332,213799925,0,0,NA,0,-4086,271,-74,-0.997559,0.066162,-0.018066,100,100,8,UNCALIBRATED_SENSOR_1,false,CALIBRATION_MISSING,CALIBRATION_MISSING,kx134_single_node_i2c.0.1.0,kx134.v3
kx134.v3,NODE_PROTOTYPE,1,KX134_SENSOR_1,sensor_node_1,D4:E9:F4:E9:8E:1C,21333,213809925,0,0,NA,0,-4069,251,-90,-0.993408,0.061279,-0.021973,100,100,8,UNCALIBRATED_SENSOR_1,false,CALIBRATION_MISSING,CALIBRATION_MISSING,kx134_single_node_i2c.0.1.0,kx134.v3
kx134.v3,NODE_PROTOTYPE,1,KX134_SENSOR_1,sensor_node_1,D4:E9:F4:E9:8E:1C,21334,213819925,0,0,NA,0,-4065,243,-85,-0.992432,0.059326,-0.020752,100,100,8,UNCALIBRATED_SENSOR_1,false,CALIBRATION_MISSING,CALIBRATION_MISSING,kx134_single_node_i2c.0.1.0,kx134.v3
kx134.v3,NODE_PROTOTYPE,1,KX134_SENSOR_1,sensor_node_1,D4:E9:F4:E9:8E:1C,21335,213829925,0,0,NA,0,-4080,255,-90,-0.996094,0.062256,-0.021973,100,100,8,UNCALIBRATED_SENSOR_1,false,CALIBRATION_MISSING,CALIBRATION_MISSING,kx134_single_node_i2c.0.1.0,kx134.v3
kx134.v3,NODE_PROTOTYPE,1,KX134_SENSOR_1,sensor_node_1,D4:E9:F4:E9:8E:1C,21336,213839925,0,0,NA,0,-4090,263,-97,-0.998535,0.064209,-0.023682,100,100,8,UNCALIBRATED_SENSOR_1,false,CALIBRATION_MISSING,CALIBRATION_MISSING,kx134_single_node_i2c.0.1.0,kx134.v3
kx134.v3,NODE_PROTOTYPE,1,KX134_SENSOR_1,sensor_node_1,D4:E9:F4:E9:8E:1C,21337,213849925,0,0,NA,0,-4090,286,-100,-0.998535,0.069824,-0.024414,100,100,8,UNCALIBRATED_SENSOR_1,false,CALIBRATION_MISSING,CALIBRATION_MISSING,kx134_single_node_i2c.0.1.0,kx134.v3
kx134.v3,NODE_PROTOTYPE,1,KX134_SENSOR_1,sensor_node_1,D4:E9:F4:E9:8E:1C,21338,213859924,0,0,NA,0,-4113,335,-143,-1.004150,0.081787,-0.034912,100,100,8,UNCALIBRATED_SENSOR_1,false,CALIBRATION_MISSING,CALIBRATION_MISSING,kx134_single_node_i2c.0.1.0,kx134.v3
kx134.v3,NODE_PROTOTYPE,1,KX134_SENSOR_1,sensor_node_1,D4:E9:F4:E9:8E:1C,21339,213869924,0,0,NA,0,-4128,307,-140,-1.007813,0.074951,-0.034180,100,100,8,UNCALIBRATED_SENSOR_1,false,CALIBRATION_MISSING,CALIBRATION_MISSING,kx134_single_node_i2c.0.1.0,kx134.v3
kx134.v3,NODE_PROTOTYPE,1,KX134_SENSOR_1,sensor_node_1,D4:E9:F4:E9:8E:1C,21340,213879925,0,0,NA,0,-4098,240,-94,-1.000488,0.058594,-0.022949,100,100,8,UNCALIBRATED_SENSOR_1,false,CALIBRATION_MISSING,CALIBRATION_MISSING,kx134_single_node_i2c.0.1.0,kx134.v3
kx134.v3,NODE_PROTOTYPE,1,KX134_SENSOR_1,sensor_node_1,D4:E9:F4:E9:8E:1C,21341,213889924,0,0,NA,0,-4067,249,-55,-0.992920,0.060791,-0.013428,100,100,8,UNCALIBRATED_SENSOR_1,false,CALIBRATION_MISSING,CALIBRATION_MISSING,kx134_single_node_i2c.0.1.0,kx134.v3
kx134.v3,NODE_PROTOTYPE,1,KX134_SENSOR_1,sensor_node_1,D4:E9:F4:E9:8E:1C,21342,213899924,0,0,NA,0,-4065,256,-71,-0.992432,0.062500,-0.017334,100,100,8,UNCALIBRATED_SENSOR_1,false,CALIBRATION_MISSING,CALIBRATION_MISSING,kx134_single_node_i2c.0.1.0,kx134.v3
kx134.v3,NODE_PROTOTYPE,1,KX134_SENSOR_1,sensor_node_1,D4:E9:F4:E9:8E:1C,21343,213909925,0,0,NA,0,-4075,245,-72,-0.994873,0.059814,-0.017578,100,100,8,UNCALIBRATED_SENSOR_1,false,CALIBRATION_MISSING,CALIBRATION_MISSING,kx134_single_node_i2c.0.1.0,kx134.v3
kx134.v3,NODE_PROTOTYPE,1,KX134_SENSOR_1,sensor_node_1,D4:E9:F4:E9:8E:1C,21344,213919925,0,0,NA,0,-4086,273,-52,-0.997559,0.066650,-0.012695,100,100,8,UNCALIBRATED_SENSOR_1,false,CALIBRATION_MISSING,CALIBRATION_MISSING,kx134_single_node_i2c.0.1.0,kx134.v3
kx134.v3,NODE_PROTOTYPE,1,KX134_SENSOR_1,sensor_node_1,D4:E9:F4:E9:8E:1C,21345,213929925,0,0,NA,0,-4096,285,-67,-1.000000,0.069580,-0.016357,100,100,8,UNCALIBRATED_SENSOR_1,false,CALIBRATION_MISSING,CALIBRATION_MISSING,kx134_single_node_i2c.0.1.0,kx134.v3
kx134.v3,NODE_PROTOTYPE,1,KX134_SENSOR_1,sensor_node_1,D4:E9:F4:E9:8E:1C,21346,213939925,0,0,NA,0,-4085,270,-71,-0.997314,0.065918,-0.017334,100,100,8,UNCALIBRATED_SENSOR_1,false,CALIBRATION_MISSING,CALIBRATION_MISSING,kx134_single_node_i2c.0.1.0,kx134.v3
kx134.v3,NODE_PROTOTYPE,1,KX134_SENSOR_1,sensor_node_1,D4:E9:F4:E9:8E:1C,21347,213949925,0,0,NA,0,-4079,256,-75,-0.995850,0.062500,-0.018311,100,100,8,UNCALIBRATED_SENSOR_1,false,CALIBRATION_MISSING,CALIBRATION_MISSING,kx134_single_node_i2c.0.1.0,kx134.v3
kx134.v3,NODE_PROTOTYPE,1,KX134_SENSOR_1,sensor_node_1,D4:E9:F4:E9:8E:1C,21348,213959924,0,0,NA,0,-4083,249,-85,-0.996826,0.060791,-0.020752,100,100,8,UNCALIBRATED_SENSOR_1,false,CALIBRATION_MISSING,CALIBRATION_MISSING,kx134_single_node_i2c.0.1.0,kx134.v3
kx134.v3,NODE_PROTOTYPE,1,KX134_SENSOR_1,sensor_node_1,D4:E9:F4:E9:8E:1C,21349,213969925,0,0,NA,0,-4085,230,-78,-0.997314,0.056152,-0.019043,100,100,8,UNCALIBRATED_SENSOR_1,false,CALIBRATION_MISSING,CALIBRATION_MISSING,kx134_single_node_i2c.0.1.0,kx134.v3
kx134.v3,NODE_PROTOTYPE,1,KX134_SENSOR_1,sensor_node_1,D4:E9:F4:E9:8E:1C,21350,213979925,0,0,NA,0,-4100,222,-55,-1.000977,0.054199,-0.013428,100,100,8,UNCALIBRATED_SENSOR_1,false,CALIBRATION_MISSING,CALIBRATION_MISSING,kx134_single_node_i2c.0.1.0,kx134.v3
kx134.v3,NODE_PROTOTYPE,1,KX134_SENSOR_1,sensor_node_1,D4:E9:F4:E9:8E:1C,21351,213989925,0,0,NA,0,-4099,243,-43,-1.000732,0.059326,-0.010498,100,100,8,UNCALIBRATED_SENSOR_1,false,CALIBRATION_MISSING,CALIBRATION_MISSING,kx134_single_node_i2c.0.1.0,kx134.v3
kx134.v3,NODE_PROTOTYPE,1,KX134_SENSOR_1,sensor_node_1,D4:E9:F4:E9:8E:1C,21352,213999924,0,0,NA,0,-4100,262,-57,-1.000977,0.063965,-0.013916,100,100,8,UNCALIBRATED_SENSOR_1,false,CALIBRATION_MISSING,CALIBRATION_MISSING,kx134_single_node_i2c.0.1.0,kx134.v3
kx134.v3,NODE_PROTOTYPE,1,KX134_SENSOR_1,sensor_node_1,D4:E9:F4:E9:8E:1C,21353,214009925,0,0,NA,0,-4092,265,-72,-0.999023,0.064697,-0.017578,100,100,8,UNCALIBRATED_SENSOR_1,false,CALIBRATION_MISSING,CALIBRATION_MISSING,kx134_single_node_i2c.0.1.0,kx134.v3
kx134.v3,NODE_PROTOTYPE,1,KX134_SENSOR_1,sensor_node_1,D4:E9:F4:E9:8E:1C,21354,214019924,0,0,NA,0,-4083,260,-65,-0.996826,0.063477,-0.015869,100,100,8,UNCALIBRATED_SENSOR_1,false,CALIBRATION_MISSING,CALIBRATION_MISSING,kx134_single_node_i2c.0.1.0,kx134.v3
kx134.v3,NODE_PROTOTYPE,1,KX134_SENSOR_1,sensor_node_1,D4:E9:F4:E9:8E:1C,21355,214029924,0,0,NA,0,-4076,241,-76,-0.995117,0.058838,-0.018555,100,100,8,UNCALIBRATED_SENSOR_1,false,CALIBRATION_MISSING,CALIBRATION_MISSING,kx134_single_node_i2c.0.1.0,kx134.v3
kx134.v3,NODE_PROTOTYPE,1,KX134_SENSOR_1,sensor_node_1,D4:E9:F4:E9:8E:1C,21356,214039924,0,0,NA,0,-4075,223,-92,-0.994873,0.054443,-0.022461,100,100,8,UNCALIBRATED_SENSOR_1,false,CALIBRATION_MISSING,CALIBRATION_MISSING,kx134_single_node_i2c.0.1.0,kx134.v3
kx134.v3,NODE_PROTOTYPE,1,KX134_SENSOR_1,sensor_node_1,D4:E9:F4:E9:8E:1C,21357,214049924,0,0,NA,0,-4089,224,-102,-0.998291,0.054687,-0.024902,100,100,8,UNCALIBRATED_SENSOR_1,false,CALIBRATION_MISSING,CALIBRATION_MISSING,kx134_single_node_i2c.0.1.0,kx134.v3
kx134.v3,NODE_PROTOTYPE,1,KX134_SENSOR_1,sensor_node_1,D4:E9:F4:E9:8E:1C,21358,214059924,0,0,NA,0,-4087,238,-109,-0.997803,0.058105,-0.026611,100,100,8,UNCALIBRATED_SENSOR_1,false,CALIBRATION_MISSING,CALIBRATION_MISSING,kx134_single_node_i2c.0.1.0,kx134.v3
kx134.v3,NODE_PROTOTYPE,1,KX134_SENSOR_1,sensor_node_1,D4:E9:F4:E9:8E:1C,21359,214069924,0,0,NA,0,-4090,258,-101,-0.998535,0.062988,-0.024658,100,100,8,UNCALIBRATED_SENSOR_1,false,CALIBRATION_MISSING,CALIBRATION_MISSING,kx134_single_node_i2c.0.1.0,kx134.v3
kx134.v3,NODE_PROTOTYPE,1,KX134_SENSOR_1,sensor_node_1,D4:E9:F4:E9:8E:1C,21360,214079924,0,0,NA,0,-4084,281,-107,-0.997070,0.068604,-0.026123,100,100,8,UNCALIBRATED_SENSOR_1,false,CALIBRATION_MISSING,CALIBRATION_MISSING,kx134_single_node_i2c.0.1.0,kx134.v3
kx134.v3,NODE_PROTOTYPE,1,KX134_SENSOR_1,sensor_node_1,D4:E9:F4:E9:8E:1C,21361,214089925,0,0,NA,0,-4074,271,-109,-0.994629,0.066162,-0.026611,100,100,8,UNCALIBRATED_SENSOR_1,false,CALIBRATION_MISSING,CALIBRATION_MISSING,kx134_single_node_i2c.0.1.0,kx134.v3
kx134.v3,NODE_PROTOTYPE,1,KX134_SENSOR_1,sensor_node_1,D4:E9:F4:E9:8E:1C,21362,214099925,0,0,NA,0,-4071,255,-110,-0.993896,0.062256,-0.026855,100,100,8,UNCALIBRATED_SENSOR_1,false,CALIBRATION_MISSING,CALIBRATION_MISSING,kx134_single_node_i2c.0.1.0,kx134.v3
kx134.v3,NODE_PROTOTYPE,1,KX134_SENSOR_1,sensor_node_1,D4:E9:F4:E9:8E:1C,21363,214109924,0,0,NA,0,-4060,239,-94,-0.991211,0.058350,-0.022949,100,100,8,UNCALIBRATED_SENSOR_1,false,CALIBRATION_MISSING,CALIBRATION_MISSING,kx134_single_node_i2c.0.1.0,kx134.v3
kx134.v3,NODE_PROTOTYPE,1,KX134_SENSOR_1,sensor_node_1,D4:E9:F4:E9:8E:1C,21364,214119924,0,0,NA,0,-4045,218,-81,-0.987549,0.053223,-0.019775,100,100,8,UNCALIBRATED_SENSOR_1,false,CALIBRATION_MISSING,CALIBRATION_MISSING,kx134_single_node_i2c.0.1.0,kx134.v3
kx134.v3,NODE_PROTOTYPE,1,KX134_SENSOR_1,sensor_node_1,D4:E9:F4:E9:8E:1C,21365,214129924,0,0,NA,0,-4033,223,-73,-0.984619,0.054443,-0.017822,100,100,8,UNCALIBRATED_SENSOR_1,false,CALIBRATION_MISSING,CALIBRATION_MISSING,kx134_single_node_i2c.0.1.0,kx134.v3
kx134.v3,NODE_PROTOTYPE,1,KX134_SENSOR_1,sensor_node_1,D4:E9:F4:E9:8E:1C,21366,214139924,0,0,NA,0,-4053,246,-77,-0.989502,0.060059,-0.018799,100,100,8,UNCALIBRATED_SENSOR_1,false,CALIBRATION_MISSING,CALIBRATION_MISSING,kx134_single_node_i2c.0.1.0,kx134.v3
kx134.v3,NODE_PROTOTYPE,1,KX134_SENSOR_1,sensor_node_1,D4:E9:F4:E9:8E:1C,21367,214149924,0,0,NA,0,-4069,307,-108,-0.993408,0.074951,-0.026367,100,100,8,UNCALIBRATED_SENSOR_1,false,CALIBRATION_MISSING,CALIBRATION_MISSING,kx134_single_node_i2c.0.1.0,kx134.v3
kx134.v3,NODE_PROTOTYPE,1,KX134_SENSOR_1,sensor_node_1,D4:E9:F4:E9:8E:1C,21368,214159924,0,0,NA,0,-4065,339,-101,-0.992432,0.082764,-0.024658,100,100,8,UNCALIBRATED_SENSOR_1,false,CALIBRATION_MISSING,CALIBRATION_MISSING,kx134_single_node_i2c.0.1.0,kx134.v3
kx134.v3,NODE_PROTOTYPE,1,KX134_SENSOR_1,sensor_node_1,D4:E9:F4:E9:8E:1C,21369,214169924,0,0,NA,0,-4080,323,-81,-0.996094,0.078857,-0.019775,100,100,8,UNCALIBRATED_SENSOR_1,false,CALIBRATION_MISSING,CALIBRATION_MISSING,kx134_single_node_i2c.0.1.0,kx134.v3
kx134.v3,NODE_PROTOTYPE,1,KX134_SENSOR_1,sensor_node_1,D4:E9:F4:E9:8E:1C,21370,214179924,0,0,NA,0,-4096,342,-96,-1.000000,0.083496,-0.023437,100,100,8,UNCALIBRATED_SENSOR_1,false,CALIBRATION_MISSING,CALIBRATION_MISSING,kx134_single_node_i2c.0.1.0,kx134.v3
kx134.v3,NODE_PROTOTYPE,1,KX134_SENSOR_1,sensor_node_1,D4:E9:F4:E9:8E:1C,21371,214189924,0,0,NA,0,-4102,367,-118,-1.001465,0.089600,-0.028809,100,100,8,UNCALIBRATED_SENSOR_1,false,CALIBRATION_MISSING,CALIBRATION_MISSING,kx134_single_node_i2c.0.1.0,kx134.v3
kx134.v3,NODE_PROTOTYPE,1,KX134_SENSOR_1,sensor_node_1,D4:E9:F4:E9:8E:1C,21372,214199924,0,0,NA,0,-4092,320,-92,-0.999023,0.078125,-0.022461,100,100,8,UNCALIBRATED_SENSOR_1,false,CALIBRATION_MISSING,CALIBRATION_MISSING,kx134_single_node_i2c.0.1.0,kx134.v3
kx134.v3,NODE_PROTOTYPE,1,KX134_SENSOR_1,sensor_node_1,D4:E9:F4:E9:8E:1C,21373,214209924,0,0,NA,0,-4088,257,-81,-0.998047,0.062744,-0.019775,100,100,8,UNCALIBRATED_SENSOR_1,false,CALIBRATION_MISSING,CALIBRATION_MISSING,kx134_single_node_i2c.0.1.0,kx134.v3
kx134.v3,NODE_PROTOTYPE,1,KX134_SENSOR_1,sensor_node_1,D4:E9:F4:E9:8E:1C,21374,214219924,0,0,NA,0,-4087,249,-98,-0.997803,0.060791,-0.023926,100,100,8,UNCALIBRATED_SENSOR_1,false,CALIBRATION_MISSING,CALIBRATION_MISSING,kx134_single_node_i2c.0.1.0,kx134.v3
kx134.v3,NODE_PROTOTYPE,1,KX134_SENSOR_1,sensor_node_1,D4:E9:F4:E9:8E:1C,21375,214229925,0,0,NA,0,-4080,247,-107,-0.996094,0.060303,-0.026123,100,100,8,UNCALIBRATED_SENSOR_1,false,CALIBRATION_MISSING,CALIBRATION_MISSING,kx134_single_node_i2c.0.1.0,kx134.v3
kx134.v3,NODE_PROTOTYPE,1,KX134_SENSOR_1,sensor_node_1,D4:E9:F4:E9:8E:1C,21376,214239924,0,0,NA,0,-4070,235,-114,-0.993652,0.057373,-0.027832,100,100,8,UNCALIBRATED_SENSOR_1,false,CALIBRATION_MISSING,CALIBRATION_MISSING,kx134_single_node_i2c.0.1.0,kx134.v3
kx134.v3,NODE_PROTOTYPE,1,KX134_SENSOR_1,sensor_node_1,D4:E9:F4:E9:8E:1C,21377,214249924,0,0,NA,0,-4118,234,-148,-1.005371,0.057129,-0.036133,100,100,8,UNCALIBRATED_SENSOR_1,false,CALIBRATION_MISSING,CALIBRATION_MISSING,kx134_single_node_i2c.0.1.0,kx134.v3
kx134.v3,NODE_PROTOTYPE,1,KX134_SENSOR_1,sensor_node_1,D4:E9:F4:E9:8E:1C,21378,214259924,0,0,NA,0,-4097,166,-82,-1.000244,0.040527,-0.020020,100,100,8,UNCALIBRATED_SENSOR_1,false,CALIBRATION_MISSING,CALIBRATION_MISSING,kx134_single_node_i2c.0.1.0,kx134.v3
kx134.v3,NODE_PROTOTYPE,1,KX134_SENSOR_1,sensor_node_1,D4:E9:F4:E9:8E:1C,21379,214269925,0,0,NA,0,-4002,166,-82,-0.977051,0.040527,-0.020020,100,100,8,UNCALIBRATED_SENSOR_1,false,CALIBRATION_MISSING,CALIBRATION_MISSING,kx134_single_node_i2c.0.1.0,kx134.v3
kx134.v3,NODE_PROTOTYPE,1,KX134_SENSOR_1,sensor_node_1,D4:E9:F4:E9:8E:1C,21380,214279925,0,0,NA,0,-4002,103,-77,-0.977051,0.025146,-0.018799,100,100,8,UNCALIBRATED_SENSOR_1,false,CALIBRATION_MISSING,CALIBRATION_MISSING,kx134_single_node_i2c.0.1.0,kx134.v3
kx134.v3,NODE_PROTOTYPE,1,KX134_SENSOR_1,sensor_node_1,D4:E9:F4:E9:8E:1C,21381,214289925,0,0,NA,0,-4067,168,-83,-0.992920,0.041016,-0.020264,100,100,8,UNCALIBRATED_SENSOR_1,false,CALIBRATION_MISSING,CALIBRATION_MISSING,kx134_single_node_i2c.0.1.0,kx134.v3
kx134.v3,NODE_PROTOTYPE,1,KX134_SENSOR_1,sensor_node_1,D4:E9:F4:E9:8E:1C,21382,214299925,0,0,NA,0,-4134,179,71,-1.009277,0.043701,0.017334,100,100,8,UNCALIBRATED_SENSOR_1,false,CALIBRATION_MISSING,CALIBRATION_MISSING,kx134_single_node_i2c.0.1.0,kx134.v3
kx134.v3,NODE_PROTOTYPE,1,KX134_SENSOR_1,sensor_node_1,D4:E9:F4:E9:8E:1C,21383,214309925,0,0,NA,0,-4131,65,88,-1.008545,0.015869,0.021484,100,100,8,UNCALIBRATED_SENSOR_1,false,CALIBRATION_MISSING,CALIBRATION_MISSING,kx134_single_node_i2c.0.1.0,kx134.v3
kx134.v3,NODE_PROTOTYPE,1,KX134_SENSOR_1,sensor_node_1,D4:E9:F4:E9:8E:1C,21384,214319924,0,0,NA,0,-4182,102,-18,-1.020996,0.024902,-0.004395,100,100,8,UNCALIBRATED_SENSOR_1,false,CALIBRATION_MISSING,CALIBRATION_MISSING,kx134_single_node_i2c.0.1.0,kx134.v3
kx134.v3,NODE_PROTOTYPE,1,KX134_SENSOR_1,sensor_node_1,D4:E9:F4:E9:8E:1C,21385,214329925,0,0,NA,0,-4146,188,-15,-1.012207,0.045898,-0.003662,100,100,8,UNCALIBRATED_SENSOR_1,false,CALIBRATION_MISSING,CALIBRATION_MISSING,kx134_single_node_i2c.0.1.0,kx134.v3
kx134.v3,NODE_PROTOTYPE,1,KX134_SENSOR_1,sensor_node_1,D4:E9:F4:E9:8E:1C,21386,214339925,0,0,NA,0,-4135,177,-12,-1.009521,0.043213,-0.002930,100,100,8,UNCALIBRATED_SENSOR_1,false,CALIBRATION_MISSING,CALIBRATION_MISSING,kx134_single_node_i2c.0.1.0,kx134.v3
kx134.v3,NODE_PROTOTYPE,1,KX134_SENSOR_1,sensor_node_1,D4:E9:F4:E9:8E:1C,21387,214349924,0,0,NA,0,-4148,194,-69,-1.012695,0.047363,-0.016846,100,100,8,UNCALIBRATED_SENSOR_1,false,CALIBRATION_MISSING,CALIBRATION_MISSING,kx134_single_node_i2c.0.1.0,kx134.v3
kx134.v3,NODE_PROTOTYPE,1,KX134_SENSOR_1,sensor_node_1,D4:E9:F4:E9:8E:1C,21388,214359924,0,0,NA,0,-4100,258,-69,-1.000977,0.062988,-0.016846,100,100,8,UNCALIBRATED_SENSOR_1,false,CALIBRATION_MISSING,CALIBRATION_MISSING,kx134_single_node_i2c.0.1.0,kx134.v3
kx134.v3,NODE_PROTOTYPE,1,KX134_SENSOR_1,sensor_node_1,D4:E9:F4:E9:8E:1C,21389,214369924,0,0,NA,0,-4088,298,-74,-0.998047,0.072754,-0.018066,100,100,8,UNCALIBRATED_SENSOR_1,false,CALIBRATION_MISSING,CALIBRATION_MISSING,kx134_single_node_i2c.0.1.0,kx134.v3
kx134.v3,NODE_PROTOTYPE,1,KX134_SENSOR_1,sensor_node_1,D4:E9:F4:E9:8E:1C,21390,214379924,0,0,NA,0,-4073,269,-59,-0.994385,0.065674,-0.014404,100,100,8,UNCALIBRATED_SENSOR_1,false,CALIBRATION_MISSING,CALIBRATION_MISSING,kx134_single_node_i2c.0.1.0,kx134.v3
kx134.v3,NODE_PROTOTYPE,1,KX134_SENSOR_1,sensor_node_1,D4:E9:F4:E9:8E:1C,21391,214389925,0,0,NA,0,-4073,255,-72,-0.994385,0.062256,-0.017578,100,100,8,UNCALIBRATED_SENSOR_1,false,CALIBRATION_MISSING,CALIBRATION_MISSING,kx134_single_node_i2c.0.1.0,kx134.v3
kx134.v3,NODE_PROTOTYPE,1,KX134_SENSOR_1,sensor_node_1,D4:E9:F4:E9:8E:1C,21392,214399925,0,0,NA,0,-4091,263,-104,-0.998779,0.064209,-0.025391,100,100,8,UNCALIBRATED_SENSOR_1,false,CALIBRATION_MISSING,CALIBRATION_MISSING,kx134_single_node_i2c.0.1.0,kx134.v3
kx134.v3,NODE_PROTOTYPE,1,KX134_SENSOR_1,sensor_node_1,D4:E9:F4:E9:8E:1C,21393,214409925,0,0,NA,0,-4106,275,-94,-1.002441,0.067139,-0.022949,100,100,8,UNCALIBRATED_SENSOR_1,false,CALIBRATION_MISSING,CALIBRATION_MISSING,kx134_single_node_i2c.0.1.0,kx134.v3
kx134.v3,NODE_PROTOTYPE,1,KX134_SENSOR_1,sensor_node_1,D4:E9:F4:E9:8E:1C,21394,214419924,0,0,NA,0,-4093,254,-80,-0.999268,0.062012,-0.019531,100,100,8,UNCALIBRATED_SENSOR_1,false,CALIBRATION_MISSING,CALIBRATION_MISSING,kx134_single_node_i2c.0.1.0,kx134.v3
kx134.v3,NODE_PROTOTYPE,1,KX134_SENSOR_1,sensor_node_1,D4:E9:F4:E9:8E:1C,21395,214429925,0,0,NA,0,-4075,217,-76,-0.994873,0.052979,-0.018555,100,100,8,UNCALIBRATED_SENSOR_1,false,CALIBRATION_MISSING,CALIBRATION_MISSING,kx134_single_node_i2c.0.1.0,kx134.v3
kx134.v3,NODE_PROTOTYPE,1,KX134_SENSOR_1,sensor_node_1,D4:E9:F4:E9:8E:1C,21396,214439925,0,0,NA,0,-4093,213,-62,-0.999268,0.052002,-0.015137,100,100,8,UNCALIBRATED_SENSOR_1,false,CALIBRATION_MISSING,CALIBRATION_MISSING,kx134_single_node_i2c.0.1.0,kx134.v3
kx134.v3,NODE_PROTOTYPE,1,KX134_SENSOR_1,sensor_node_1,D4:E9:F4:E9:8E:1C,21397,214449925,0,0,NA,0,-4114,218,-84,-1.004395,0.053223,-0.020508,100,100,8,UNCALIBRATED_SENSOR_1,false,CALIBRATION_MISSING,CALIBRATION_MISSING,kx134_single_node_i2c.0.1.0,kx134.v3
kx134.v3,NODE_PROTOTYPE,1,KX134_SENSOR_1,sensor_node_1,D4:E9:F4:E9:8E:1C,21398,214459925,0,0,NA,0,-4101,240,-117,-1.001221,0.058594,-0.028564,100,100,8,UNCALIBRATED_SENSOR_1,false,CALIBRATION_MISSING,CALIBRATION_MISSING,kx134_single_node_i2c.0.1.0,kx134.v3
kx134.v3,NODE_PROTOTYPE,1,KX134_SENSOR_1,sensor_node_1,D4:E9:F4:E9:8E:1C,21399,214469924,0,0,NA,0,-4067,268,-98,-0.992920,0.065430,-0.023926,100,100,8,UNCALIBRATED_SENSOR_1,false,CALIBRATION_MISSING,CALIBRATION_MISSING,kx134_single_node_i2c.0.1.0,kx134.v3
kx134.v3,NODE_PROTOTYPE,1,KX134_SENSOR_1,sensor_node_1,D4:E9:F4:E9:8E:1C,21400,214479924,0,0,NA,0,-4031,249,-40,-0.984131,0.060791,-0.009766,100,100,8,UNCALIBRATED_SENSOR_1,false,CALIBRATION_MISSING,CALIBRATION_MISSING,kx134_single_node_i2c.0.1.0,kx134.v3
kx134.v3,NODE_PROTOTYPE,1,KX134_SENSOR_1,sensor_node_1,D4:E9:F4:E9:8E:1C,21401,214489924,0,0,NA,0,-4054,255,-26,-0.989746,0.062256,-0.006348,100,100,8,UNCALIBRATED_SENSOR_1,false,CALIBRATION_MISSING,CALIBRATION_MISSING,kx134_single_node_i2c.0.1.0,kx134.v3
kx134.v3,NODE_PROTOTYPE,1,KX134_SENSOR_1,sensor_node_1,D4:E9:F4:E9:8E:1C,21402,214499925,0,0,NA,0,-4076,260,-43,-0.995117,0.063477,-0.010498,100,100,8,UNCALIBRATED_SENSOR_1,false,CALIBRATION_MISSING,CALIBRATION_MISSING,kx134_single_node_i2c.0.1.0,kx134.v3
kx134.v3,NODE_PROTOTYPE,1,KX134_SENSOR_1,sensor_node_1,D4:E9:F4:E9:8E:1C,21403,214509925,0,0,NA,0,-4079,239,-45,-0.995850,0.058350,-0.010986,100,100,8,UNCALIBRATED_SENSOR_1,false,CALIBRATION_MISSING,CALIBRATION_MISSING,kx134_single_node_i2c.0.1.0,kx134.v3
kx134.v3,NODE_PROTOTYPE,1,KX134_SENSOR_1,sensor_node_1,D4:E9:F4:E9:8E:1C,21404,214519925,0,0,NA,0,-4090,231,-47,-0.998535,0.056396,-0.011475,100,100,8,UNCALIBRATED_SENSOR_1,false,CALIBRATION_MISSING,CALIBRATION_MISSING,kx134_single_node_i2c.0.1.0,kx134.v3
kx134.v3,NODE_PROTOTYPE,1,KX134_SENSOR_1,sensor_node_1,D4:E9:F4:E9:8E:1C,21405,214529925,0,0,NA,0,-4086,264,-54,-0.997559,0.064453,-0.013184,100,100,8,UNCALIBRATED_SENSOR_1,false,CALIBRATION_MISSING,CALIBRATION_MISSING,kx134_single_node_i2c.0.1.0,kx134.v3
kx134.v3,NODE_PROTOTYPE,1,KX134_SENSOR_1,sensor_node_1,D4:E9:F4:E9:8E:1C,21406,214539925,0,0,NA,0,-4099,313,-70,-1.000732,0.076416,-0.017090,100,100,8,UNCALIBRATED_SENSOR_1,false,CALIBRATION_MISSING,CALIBRATION_MISSING,kx134_single_node_i2c.0.1.0,kx134.v3
kx134.v3,NODE_PROTOTYPE,1,KX134_SENSOR_1,sensor_node_1,D4:E9:F4:E9:8E:1C,21407,214549924,0,0,NA,0,-4097,316,-78,-1.000244,0.077148,-0.019043,100,100,8,UNCALIBRATED_SENSOR_1,false,CALIBRATION_MISSING,CALIBRATION_MISSING,kx134_single_node_i2c.0.1.0,kx134.v3
kx134.v3,NODE_PROTOTYPE,1,KX134_SENSOR_1,sensor_node_1,D4:E9:F4:E9:8E:1C,21408,214559924,0,0,NA,0,-4075,323,-72,-0.994873,0.078857,-0.017578,100,100,8,UNCALIBRATED_SENSOR_1,false,CALIBRATION_MISSING,CALIBRATION_MISSING,kx134_single_node_i2c.0.1.0,kx134.v3
kx134.v3,NODE_PROTOTYPE,1,KX134_SENSOR_1,sensor_node_1,D4:E9:F4:E9:8E:1C,21409,214569924,0,0,NA,0,-4070,321,-57,-0.993652,0.078369,-0.013916,100,100,8,UNCALIBRATED_SENSOR_1,false,CALIBRATION_MISSING,CALIBRATION_MISSING,kx134_single_node_i2c.0.1.0,kx134.v3
kx134.v3,NODE_PROTOTYPE,1,KX134_SENSOR_1,sensor_node_1,D4:E9:F4:E9:8E:1C,21410,214579924,0,0,NA,0,-4058,283,-59,-0.990723,0.069092,-0.014404,100,100,8,UNCALIBRATED_SENSOR_1,false,CALIBRATION_MISSING,CALIBRATION_MISSING,kx134_single_node_i2c.0.1.0,kx134.v3
kx134.v3,NODE_PROTOTYPE,1,KX134_SENSOR_1,sensor_node_1,D4:E9:F4:E9:8E:1C,21411,214589924,0,0,NA,0,-4051,252,-81,-0.989014,0.061523,-0.019775,100,100,8,UNCALIBRATED_SENSOR_1,false,CALIBRATION_MISSING,CALIBRATION_MISSING,kx134_single_node_i2c.0.1.0,kx134.v3
kx134.v3,NODE_PROTOTYPE,1,KX134_SENSOR_1,sensor_node_1,D4:E9:F4:E9:8E:1C,21412,214599925,0,0,NA,0,-4094,251,-80,-0.999512,0.061279,-0.019531,100,100,8,UNCALIBRATED_SENSOR_1,false,CALIBRATION_MISSING,CALIBRATION_MISSING,kx134_single_node_i2c.0.1.0,kx134.v3
kx134.v3,NODE_PROTOTYPE,1,KX134_SENSOR_1,sensor_node_1,D4:E9:F4:E9:8E:1C,21413,214609925,0,0,NA,0,-4137,267,-64,-1.010010,0.065186,-0.015625,100,100,8,UNCALIBRATED_SENSOR_1,false,CALIBRATION_MISSING,CALIBRATION_MISSING,kx134_single_node_i2c.0.1.0,kx134.v3
kx134.v3,NODE_PROTOTYPE,1,KX134_SENSOR_1,sensor_node_1,D4:E9:F4:E9:8E:1C,21414,214619924,0,0,NA,0,-4136,296,-88,-1.009766,0.072266,-0.021484,100,100,8,UNCALIBRATED_SENSOR_1,false,CALIBRATION_MISSING,CALIBRATION_MISSING,kx134_single_node_i2c.0.1.0,kx134.v3
kx134.v3,NODE_PROTOTYPE,1,KX134_SENSOR_1,sensor_node_1,D4:E9:F4:E9:8E:1C,21415,214629925,0,0,NA,0,-4104,275,-93,-1.001953,0.067139,-0.022705,100,100,8,UNCALIBRATED_SENSOR_1,false,CALIBRATION_MISSING,CALIBRATION_MISSING,kx134_single_node_i2c.0.1.0,kx134.v3
kx134.v3,NODE_PROTOTYPE,1,KX134_SENSOR_1,sensor_node_1,D4:E9:F4:E9:8E:1C,21416,214639925,0,0,NA,0,-4089,229,-76,-0.998291,0.055908,-0.018555,100,100,8,UNCALIBRATED_SENSOR_1,false,CALIBRATION_MISSING,CALIBRATION_MISSING,kx134_single_node_i2c.0.1.0,kx134.v3
kx134.v3,NODE_PROTOTYPE,1,KX134_SENSOR_1,sensor_node_1,D4:E9:F4:E9:8E:1C,21417,214649925,0,0,NA,0,-4096,232,-89,-1.000000,0.056641,-0.021729,100,100,8,UNCALIBRATED_SENSOR_1,false,CALIBRATION_MISSING,CALIBRATION_MISSING,kx134_single_node_i2c.0.1.0,kx134.v3
kx134.v3,NODE_PROTOTYPE,1,KX134_SENSOR_1,sensor_node_1,D4:E9:F4:E9:8E:1C,21418,214659924,0,0,NA,0,-4093,259,-97,-0.999268,0.063232,-0.023682,100,100,8,UNCALIBRATED_SENSOR_1,false,CALIBRATION_MISSING,CALIBRATION_MISSING,kx134_single_node_i2c.0.1.0,kx134.v3
kx134.v3,NODE_PROTOTYPE,1,KX134_SENSOR_1,sensor_node_1,D4:E9:F4:E9:8E:1C,21419,214669924,0,0,NA,0,-4081,300,-91,-0.996338,0.073242,-0.022217,100,100,8,UNCALIBRATED_SENSOR_1,false,CALIBRATION_MISSING,CALIBRATION_MISSING,kx134_single_node_i2c.0.1.0,kx134.v3
kx134.v3,NODE_PROTOTYPE,1,KX134_SENSOR_1,sensor_node_1,D4:E9:F4:E9:8E:1C,21420,214679924,0,0,NA,0,-4068,307,-75,-0.993164,0.074951,-0.018311,100,100,8,UNCALIBRATED_SENSOR_1,false,CALIBRATION_MISSING,CALIBRATION_MISSING,kx134_single_node_i2c.0.1.0,kx134.v3
kx134.v3,NODE_PROTOTYPE,1,KX134_SENSOR_1,sensor_node_1,D4:E9:F4:E9:8E:1C,21421,214689924,0,0,NA,0,-4069,300,-75,-0.993408,0.073242,-0.018311,100,100,8,UNCALIBRATED_SENSOR_1,false,CALIBRATION_MISSING,CALIBRATION_MISSING,kx134_single_node_i2c.0.1.0,kx134.v3
kx134.v3,NODE_PROTOTYPE,1,KX134_SENSOR_1,sensor_node_1,D4:E9:F4:E9:8E:1C,21422,214699925,0,0,NA,0,-4077,292,-90,-0.995361,0.071289,-0.021973,100,100,8,UNCALIBRATED_SENSOR_1,false,CALIBRATION_MISSING,CALIBRATION_MISSING,kx134_single_node_i2c.0.1.0,kx134.v3
kx134.v3,NODE_PROTOTYPE,1,KX134_SENSOR_1,sensor_node_1,D4:E9:F4:E9:8E:1C,21423,214709925,0,0,NA,0,-4093,287,-81,-0.999268,0.070068,-0.019775,100,100,8,UNCALIBRATED_SENSOR_1,false,CALIBRATION_MISSING,CALIBRATION_MISSING,kx134_single_node_i2c.0.1.0,kx134.v3
kx134.v3,NODE_PROTOTYPE,1,KX134_SENSOR_1,sensor_node_1,D4:E9:F4:E9:8E:1C,21424,214719925,0,0,NA,0,-4104,280,-99,-1.001953,0.068359,-0.024170,100,100,8,UNCALIBRATED_SENSOR_1,false,CALIBRATION_MISSING,CALIBRATION_MISSING,kx134_single_node_i2c.0.1.0,kx134.v3
kx134.v3,NODE_PROTOTYPE,1,KX134_SENSOR_1,sensor_node_1,D4:E9:F4:E9:8E:1C,21425,214729925,0,0,NA,0,-4090,263,-130,-0.998535,0.064209,-0.031738,100,100,8,UNCALIBRATED_SENSOR_1,false,CALIBRATION_MISSING,CALIBRATION_MISSING,kx134_single_node_i2c.0.1.0,kx134.v3
kx134.v3,NODE_PROTOTYPE,1,KX134_SENSOR_1,sensor_node_1,D4:E9:F4:E9:8E:1C,21426,214739925,0,0,NA,0,-4082,261,-106,-0.996582,0.063721,-0.025879,100,100,8,UNCALIBRATED_SENSOR_1,false,CALIBRATION_MISSING,CALIBRATION_MISSING,kx134_single_node_i2c.0.1.0,kx134.v3
kx134.v3,NODE_PROTOTYPE,1,KX134_SENSOR_1,sensor_node_1,D4:E9:F4:E9:8E:1C,21427,214749925,0,0,NA,0,-4104,272,-70,-1.001953,0.066406,-0.017090,100,100,8,UNCALIBRATED_SENSOR_1,false,CALIBRATION_MISSING,CALIBRATION_MISSING,kx134_single_node_i2c.0.1.0,kx134.v3
kx134.v3,NODE_PROTOTYPE,1,KX134_SENSOR_1,sensor_node_1,D4:E9:F4:E9:8E:1C,21428,214759924,0,0,NA,0,-4106,272,-83,-1.002441,0.066406,-0.020264,100,100,8,UNCALIBRATED_SENSOR_1,false,CALIBRATION_MISSING,CALIBRATION_MISSING,kx134_single_node_i2c.0.1.0,kx134.v3
kx134.v3,NODE_PROTOTYPE,1,KX134_SENSOR_1,sensor_node_1,D4:E9:F4:E9:8E:1C,21429,214769924,0,0,NA,0,-4088,285,-103,-0.998047,0.069580,-0.025146,100,100,8,UNCALIBRATED_SENSOR_1,false,CALIBRATION_MISSING,CALIBRATION_MISSING,kx134_single_node_i2c.0.1.0,kx134.v3
kx134.v3,NODE_PROTOTYPE,1,KX134_SENSOR_1,sensor_node_1,D4:E9:F4:E9:8E:1C,21430,214779924,0,0,NA,0,-4080,294,-82,-0.996094,0.071777,-0.020020,100,100,8,UNCALIBRATED_SENSOR_1,false,CALIBRATION_MISSING,CALIBRATION_MISSING,kx134_single_node_i2c.0.1.0,kx134.v3
kx134.v3,NODE_PROTOTYPE,1,KX134_SENSOR_1,sensor_node_1,D4:E9:F4:E9:8E:1C,21431,214789925,0,0,NA,0,-4090,277,-55,-0.998535,0.067627,-0.013428,100,100,8,UNCALIBRATED_SENSOR_1,false,CALIBRATION_MISSING,CALIBRATION_MISSING,kx134_single_node_i2c.0.1.0,kx134.v3
kx134.v3,NODE_PROTOTYPE,1,KX134_SENSOR_1,sensor_node_1,D4:E9:F4:E9:8E:1C,21432,214799925,0,0,NA,0,-4102,274,-54,-1.001465,0.066895,-0.013184,100,100,8,UNCALIBRATED_SENSOR_1,false,CALIBRATION_MISSING,CALIBRATION_MISSING,kx134_single_node_i2c.0.1.0,kx134.v3
kx134.v3,NODE_PROTOTYPE,1,KX134_SENSOR_1,sensor_node_1,D4:E9:F4:E9:8E:1C,21433,214809925,0,0,NA,0,-4095,276,-63,-0.999756,0.067383,-0.015381,100,100,8,UNCALIBRATED_SENSOR_1,false,CALIBRATION_MISSING,CALIBRATION_MISSING,kx134_single_node_i2c.0.1.0,kx134.v3
kx134.v3,NODE_PROTOTYPE,1,KX134_SENSOR_1,sensor_node_1,D4:E9:F4:E9:8E:1C,21434,214819925,0,0,NA,0,-4095,265,-63,-0.999756,0.064697,-0.015381,100,100,8,UNCALIBRATED_SENSOR_1,false,CALIBRATION_MISSING,CALIBRATION_MISSING,kx134_single_node_i2c.0.1.0,kx134.v3
kx134.v3,NODE_PROTOTYPE,1,KX134_SENSOR_1,sensor_node_1,D4:E9:F4:E9:8E:1C,21435,214829925,0,0,NA,0,-4094,267,-63,-0.999512,0.065186,-0.015381,100,100,8,UNCALIBRATED_SENSOR_1,false,CALIBRATION_MISSING,CALIBRATION_MISSING,kx134_single_node_i2c.0.1.0,kx134.v3
kx134.v3,NODE_PROTOTYPE,1,KX134_SENSOR_1,sensor_node_1,D4:E9:F4:E9:8E:1C,21436,214839925,0,0,NA,0,-4077,285,-69,-0.995361,0.069580,-0.016846,100,100,8,UNCALIBRATED_SENSOR_1,false,CALIBRATION_MISSING,CALIBRATION_MISSING,kx134_single_node_i2c.0.1.0,kx134.v3
kx134.v3,NODE_PROTOTYPE,1,KX134_SENSOR_1,sensor_node_1,D4:E9:F4:E9:8E:1C,21437,214849925,0,0,NA,0,-4075,283,-63,-0.994873,0.069092,-0.015381,100,100,8,UNCALIBRATED_SENSOR_1,false,CALIBRATION_MISSING,CALIBRATION_MISSING,kx134_single_node_i2c.0.1.0,kx134.v3
kx134.v3,NODE_PROTOTYPE,1,KX134_SENSOR_1,sensor_node_1,D4:E9:F4:E9:8E:1C,21438,214859925,0,0,NA,0,-4070,300,-54,-0.993652,0.073242,-0.013184,100,100,8,UNCALIBRATED_SENSOR_1,false,CALIBRATION_MISSING,CALIBRATION_MISSING,kx134_single_node_i2c.0.1.0,kx134.v3
kx134.v3,NODE_PROTOTYPE,1,KX134_SENSOR_1,sensor_node_1,D4:E9:F4:E9:8E:1C,21439,214869925,0,0,NA,0,-4070,313,-68,-0.993652,0.076416,-0.016602,100,100,8,UNCALIBRATED_SENSOR_1,false,CALIBRATION_MISSING,CALIBRATION_MISSING,kx134_single_node_i2c.0.1.0,kx134.v3
kx134.v3,NODE_PROTOTYPE,1,KX134_SENSOR_1,sensor_node_1,D4:E9:F4:E9:8E:1C,21440,214879924,0,0,NA,0,-4087,278,-88,-0.997803,0.067871,-0.021484,100,100,8,UNCALIBRATED_SENSOR_1,false,CALIBRATION_MISSING,CALIBRATION_MISSING,kx134_single_node_i2c.0.1.0,kx134.v3
kx134.v3,NODE_PROTOTYPE,1,KX134_SENSOR_1,sensor_node_1,D4:E9:F4:E9:8E:1C,21441,214889925,0,0,NA,0,-4075,264,-75,-0.994873,0.064453,-0.018311,100,100,8,UNCALIBRATED_SENSOR_1,false,CALIBRATION_MISSING,CALIBRATION_MISSING,kx134_single_node_i2c.0.1.0,kx134.v3
kx134.v3,NODE_PROTOTYPE,1,KX134_SENSOR_1,sensor_node_1,D4:E9:F4:E9:8E:1C,21442,214899925,0,0,NA,0,-4067,267,-69,-0.992920,0.065186,-0.016846,100,100,8,UNCALIBRATED_SENSOR_1,false,CALIBRATION_MISSING,CALIBRATION_MISSING,kx134_single_node_i2c.0.1.0,kx134.v3
kx134.v3,NODE_PROTOTYPE,1,KX134_SENSOR_1,sensor_node_1,D4:E9:F4:E9:8E:1C,21443,214909924,0,0,NA,0,-4061,280,-96,-0.991455,0.068359,-0.023437,100,100,8,UNCALIBRATED_SENSOR_1,false,CALIBRATION_MISSING,CALIBRATION_MISSING,kx134_single_node_i2c.0.1.0,kx134.v3
kx134.v3,NODE_PROTOTYPE,1,KX134_SENSOR_1,sensor_node_1,D4:E9:F4:E9:8E:1C,21444,214919924,0,0,NA,0,-4052,292,-110,-0.989258,0.071289,-0.026855,100,100,8,UNCALIBRATED_SENSOR_1,false,CALIBRATION_MISSING,CALIBRATION_MISSING,kx134_single_node_i2c.0.1.0,kx134.v3
kx134.v3,NODE_PROTOTYPE,1,KX134_SENSOR_1,sensor_node_1,D4:E9:F4:E9:8E:1C,21445,214929924,0,0,NA,0,-4066,284,-108,-0.992676,0.069336,-0.026367,100,100,8,UNCALIBRATED_SENSOR_1,false,CALIBRATION_MISSING,CALIBRATION_MISSING,kx134_single_node_i2c.0.1.0,kx134.v3
kx134.v3,NODE_PROTOTYPE,1,KX134_SENSOR_1,sensor_node_1,D4:E9:F4:E9:8E:1C,21446,214939924,0,0,NA,0,-4109,284,-102,-1.003174,0.069336,-0.024902,100,100,8,UNCALIBRATED_SENSOR_1,false,CALIBRATION_MISSING,CALIBRATION_MISSING,kx134_single_node_i2c.0.1.0,kx134.v3
kx134.v3,NODE_PROTOTYPE,1,KX134_SENSOR_1,sensor_node_1,D4:E9:F4:E9:8E:1C,21447,214949925,0,0,NA,0,-4084,236,-68,-0.997070,0.057617,-0.016602,100,100,8,UNCALIBRATED_SENSOR_1,false,CALIBRATION_MISSING,CALIBRATION_MISSING,kx134_single_node_i2c.0.1.0,kx134.v3
kx134.v3,NODE_PROTOTYPE,1,KX134_SENSOR_1,sensor_node_1,D4:E9:F4:E9:8E:1C,21448,214959924,0,0,NA,0,-4053,215,-46,-0.989502,0.052490,-0.011230,100,100,8,UNCALIBRATED_SENSOR_1,false,CALIBRATION_MISSING,CALIBRATION_MISSING,kx134_single_node_i2c.0.1.0,kx134.v3
kx134.v3,NODE_PROTOTYPE,1,KX134_SENSOR_1,sensor_node_1,D4:E9:F4:E9:8E:1C,21449,214969924,0,0,NA,0,-4082,248,-75,-0.996582,0.060547,-0.018311,100,100,8,UNCALIBRATED_SENSOR_1,false,CALIBRATION_MISSING,CALIBRATION_MISSING,kx134_single_node_i2c.0.1.0,kx134.v3
kx134.v3,NODE_PROTOTYPE,1,KX134_SENSOR_1,sensor_node_1,D4:E9:F4:E9:8E:1C,21450,214979925,0,0,NA,0,-4071,263,-107,-0.993896,0.064209,-0.026123,100,100,8,UNCALIBRATED_SENSOR_1,false,CALIBRATION_MISSING,CALIBRATION_MISSING,kx134_single_node_i2c.0.1.0,kx134.v3
kx134.v3,NODE_PROTOTYPE,1,KX134_SENSOR_1,sensor_node_1,D4:E9:F4:E9:8E:1C,21451,214989925,0,0,NA,0,-4071,283,-110,-0.993896,0.069092,-0.026855,100,100,8,UNCALIBRATED_SENSOR_1,false,CALIBRATION_MISSING,CALIBRATION_MISSING,kx134_single_node_i2c.0.1.0,kx134.v3
kx134.v3,NODE_PROTOTYPE,1,KX134_SENSOR_1,sensor_node_1,D4:E9:F4:E9:8E:1C,21452,214999925,0,0,NA,0,-4080,284,-91,-0.996094,0.069336,-0.022217,100,100,8,UNCALIBRATED_SENSOR_1,false,CALIBRATION_MISSING,CALIBRATION_MISSING,kx134_single_node_i2c.0.1.0,kx134.v3
kx134.v3,NODE_PROTOTYPE,1,KX134_SENSOR_1,sensor_node_1,D4:E9:F4:E9:8E:1C,21453,215009925,0,0,NA,0,-4069,274,-49,-0.993408,0.066895,-0.011963,100,100,8,UNCALIBRATED_SENSOR_1,false,CALIBRATION_MISSING,CALIBRATION_MISSING,kx134_single_node_i2c.0.1.0,kx134.v3
kx134.v3,NODE_PROTOTYPE,1,KX134_SENSOR_1,sensor_node_1,D4:E9:F4:E9:8E:1C,21454,215019925,0,0,NA,0,-4074,269,-37,-0.994629,0.065674,-0.009033,100,100,8,UNCALIBRATED_SENSOR_1,false,CALIBRATION_MISSING,CALIBRATION_MISSING,kx134_single_node_i2c.0.1.0,kx134.v3
kx134.v3,NODE_PROTOTYPE,1,KX134_SENSOR_1,sensor_node_1,D4:E9:F4:E9:8E:1C,21455,215029925,0,0,NA,0,-4081,279,-66,-0.996338,0.068115,-0.016113,100,100,8,UNCALIBRATED_SENSOR_1,false,CALIBRATION_MISSING,CALIBRATION_MISSING,kx134_single_node_i2c.0.1.0,kx134.v3
kx134.v3,NODE_PROTOTYPE,1,KX134_SENSOR_1,sensor_node_1,D4:E9:F4:E9:8E:1C,21456,215039925,0,0,NA,0,-4087,288,-70,-0.997803,0.070312,-0.017090,100,100,8,UNCALIBRATED_SENSOR_1,false,CALIBRATION_MISSING,CALIBRATION_MISSING,kx134_single_node_i2c.0.1.0,kx134.v3
kx134.v3,NODE_PROTOTYPE,1,KX134_SENSOR_1,sensor_node_1,D4:E9:F4:E9:8E:1C,21457,215049924,0,0,NA,0,-4104,279,-45,-1.001953,0.068115,-0.010986,100,100,8,UNCALIBRATED_SENSOR_1,false,CALIBRATION_MISSING,CALIBRATION_MISSING,kx134_single_node_i2c.0.1.0,kx134.v3
kx134.v3,NODE_PROTOTYPE,1,KX134_SENSOR_1,sensor_node_1,D4:E9:F4:E9:8E:1C,21458,215059925,0,0,NA,0,-4110,267,-43,-1.003418,0.065186,-0.010498,100,100,8,UNCALIBRATED_SENSOR_1,false,CALIBRATION_MISSING,CALIBRATION_MISSING,kx134_single_node_i2c.0.1.0,kx134.v3
kx134.v3,NODE_PROTOTYPE,1,KX134_SENSOR_1,sensor_node_1,D4:E9:F4:E9:8E:1C,21459,215069925,0,0,NA,0,-4092,269,-50,-0.999023,0.065674,-0.012207,100,100,8,UNCALIBRATED_SENSOR_1,false,CALIBRATION_MISSING,CALIBRATION_MISSING,kx134_single_node_i2c.0.1.0,kx134.v3
kx134.v3,NODE_PROTOTYPE,1,KX134_SENSOR_1,sensor_node_1,D4:E9:F4:E9:8E:1C,21460,215079925,0,0,NA,0,-4085,259,-46,-0.997314,0.063232,-0.011230,100,100,8,UNCALIBRATED_SENSOR_1,false,CALIBRATION_MISSING,CALIBRATION_MISSING,kx134_single_node_i2c.0.1.0,kx134.v3
kx134.v3,NODE_PROTOTYPE,1,KX134_SENSOR_1,sensor_node_1,D4:E9:F4:E9:8E:1C,21461,215089925,0,0,NA,0,-4112,263,-99,-1.003906,0.064209,-0.024170,100,100,8,UNCALIBRATED_SENSOR_1,false,CALIBRATION_MISSING,CALIBRATION_MISSING,kx134_single_node_i2c.0.1.0,kx134.v3
kx134.v3,NODE_PROTOTYPE,1,KX134_SENSOR_1,sensor_node_1,D4:E9:F4:E9:8E:1C,21462,215099924,0,0,NA,0,-4116,287,-128,-1.004883,0.070068,-0.031250,100,100,8,UNCALIBRATED_SENSOR_1,false,CALIBRATION_MISSING,CALIBRATION_MISSING,kx134_single_node_i2c.0.1.0,kx134.v3
kx134.v3,NODE_PROTOTYPE,1,KX134_SENSOR_1,sensor_node_1,D4:E9:F4:E9:8E:1C,21463,215109925,0,0,NA,0,-4111,289,-112,-1.003662,0.070557,-0.027344,100,100,8,UNCALIBRATED_SENSOR_1,false,CALIBRATION_MISSING,CALIBRATION_MISSING,kx134_single_node_i2c.0.1.0,kx134.v3
kx134.v3,NODE_PROTOTYPE,1,KX134_SENSOR_1,sensor_node_1,D4:E9:F4:E9:8E:1C,21464,215119925,0,0,NA,0,-4116,293,-106,-1.004883,0.071533,-0.025879,100,100,8,UNCALIBRATED_SENSOR_1,false,CALIBRATION_MISSING,CALIBRATION_MISSING,kx134_single_node_i2c.0.1.0,kx134.v3
kx134.v3,NODE_PROTOTYPE,1,KX134_SENSOR_1,sensor_node_1,D4:E9:F4:E9:8E:1C,21465,215129925,0,0,NA,0,-4126,299,-78,-1.007324,0.072998,-0.019043,100,100,8,UNCALIBRATED_SENSOR_1,false,CALIBRATION_MISSING,CALIBRATION_MISSING,kx134_single_node_i2c.0.1.0,kx134.v3
kx134.v3,NODE_PROTOTYPE,1,KX134_SENSOR_1,sensor_node_1,D4:E9:F4:E9:8E:1C,21466,215139925,0,0,NA,0,-4100,272,-51,-1.000977,0.066406,-0.012451,100,100,8,UNCALIBRATED_SENSOR_1,false,CALIBRATION_MISSING,CALIBRATION_MISSING,kx134_single_node_i2c.0.1.0,kx134.v3
kx134.v3,NODE_PROTOTYPE,1,KX134_SENSOR_1,sensor_node_1,D4:E9:F4:E9:8E:1C,21467,215149925,0,0,NA,0,-4095,312,-67,-0.999756,0.076172,-0.016357,100,100,8,UNCALIBRATED_SENSOR_1,false,CALIBRATION_MISSING,CALIBRATION_MISSING,kx134_single_node_i2c.0.1.0,kx134.v3
kx134.v3,NODE_PROTOTYPE,1,KX134_SENSOR_1,sensor_node_1,D4:E9:F4:E9:8E:1C,21468,215159925,0,0,NA,0,-4083,326,-23,-0.996826,0.079590,-0.005615,100,100,8,UNCALIBRATED_SENSOR_1,false,CALIBRATION_MISSING,CALIBRATION_MISSING,kx134_single_node_i2c.0.1.0,kx134.v3
kx134.v3,NODE_PROTOTYPE,1,KX134_SENSOR_1,sensor_node_1,D4:E9:F4:E9:8E:1C,21469,215169925,0,0,NA,0,-4083,326,-23,-0.996826,0.079590,-0.005615,100,100,8,UNCALIBRATED_SENSOR_1,false,CALIBRATION_MISSING,CALIBRATION_MISSING,kx134_single_node_i2c.0.1.0,kx134.v3
kx134.v3,NODE_PROTOTYPE,1,KX134_SENSOR_1,sensor_node_1,D4:E9:F4:E9:8E:1C,21470,215179925,0,0,NA,0,-3950,269,52,-0.964355,0.065674,0.012695,100,100,8,UNCALIBRATED_SENSOR_1,false,CALIBRATION_MISSING,CALIBRATION_MISSING,kx134_single_node_i2c.0.1.0,kx134.v3
kx134.v3,NODE_PROTOTYPE,1,KX134_SENSOR_1,sensor_node_1,D4:E9:F4:E9:8E:1C,21471,215189924,0,0,NA,0,-3944,104,0,-0.962891,0.025391,0.000000,100,100,8,UNCALIBRATED_SENSOR_1,false,CALIBRATION_MISSING,CALIBRATION_MISSING,kx134_single_node_i2c.0.1.0,kx134.v3
kx134.v3,NODE_PROTOTYPE,1,KX134_SENSOR_1,sensor_node_1,D4:E9:F4:E9:8E:1C,21472,215199925,0,0,NA,0,-3959,24,-62,-0.966553,0.005859,-0.015137,100,100,8,UNCALIBRATED_SENSOR_1,false,CALIBRATION_MISSING,CALIBRATION_MISSING,kx134_single_node_i2c.0.1.0,kx134.v3
kx134.v3,NODE_PROTOTYPE,1,KX134_SENSOR_1,sensor_node_1,D4:E9:F4:E9:8E:1C,21473,215209925,0,0,NA,0,-3998,122,-201,-0.976074,0.029785,-0.049072,100,100,8,UNCALIBRATED_SENSOR_1,false,CALIBRATION_MISSING,CALIBRATION_MISSING,kx134_single_node_i2c.0.1.0,kx134.v3
kx134.v3,NODE_PROTOTYPE,1,KX134_SENSOR_1,sensor_node_1,D4:E9:F4:E9:8E:1C,21474,215219925,0,0,NA,0,-4059,163,-279,-0.990967,0.039795,-0.068115,100,100,8,UNCALIBRATED_SENSOR_1,false,CALIBRATION_MISSING,CALIBRATION_MISSING,kx134_single_node_i2c.0.1.0,kx134.v3
kx134.v3,NODE_PROTOTYPE,1,KX134_SENSOR_1,sensor_node_1,D4:E9:F4:E9:8E:1C,21475,215229925,0,0,NA,0,-4042,251,-162,-0.986816,0.061279,-0.039551,100,100,8,UNCALIBRATED_SENSOR_1,false,CALIBRATION_MISSING,CALIBRATION_MISSING,kx134_single_node_i2c.0.1.0,kx134.v3
kx134.v3,NODE_PROTOTYPE,1,KX134_SENSOR_1,sensor_node_1,D4:E9:F4:E9:8E:1C,21476,215239924,0,0,NA,0,-4002,329,-30,-0.977051,0.080322,-0.007324,100,100,8,UNCALIBRATED_SENSOR_1,false,CALIBRATION_MISSING,CALIBRATION_MISSING,kx134_single_node_i2c.0.1.0,kx134.v3
kx134.v3,NODE_PROTOTYPE,1,KX134_SENSOR_1,sensor_node_1,D4:E9:F4:E9:8E:1C,21477,215249924,0,0,NA,0,-3985,322,11,-0.972900,0.078613,0.002686,100,100,8,UNCALIBRATED_SENSOR_1,false,CALIBRATION_MISSING,CALIBRATION_MISSING,kx134_single_node_i2c.0.1.0,kx134.v3
kx134.v3,NODE_PROTOTYPE,1,KX134_SENSOR_1,sensor_node_1,D4:E9:F4:E9:8E:1C,21478,215259924,0,0,NA,0,-4052,302,-21,-0.989258,0.073730,-0.005127,100,100,8,UNCALIBRATED_SENSOR_1,false,CALIBRATION_MISSING,CALIBRATION_MISSING,kx134_single_node_i2c.0.1.0,kx134.v3
kx134.v3,NODE_PROTOTYPE,1,KX134_SENSOR_1,sensor_node_1,D4:E9:F4:E9:8E:1C,21479,215269924,0,0,NA,0,-4069,308,-24,-0.993408,0.075195,-0.005859,100,100,8,UNCALIBRATED_SENSOR_1,false,CALIBRATION_MISSING,CALIBRATION_MISSING,kx134_single_node_i2c.0.1.0,kx134.v3
kx134.v3,NODE_PROTOTYPE,1,KX134_SENSOR_1,sensor_node_1,D4:E9:F4:E9:8E:1C,21480,215279924,0,0,NA,0,-4050,297,-49,-0.988770,0.072510,-0.011963,100,100,8,UNCALIBRATED_SENSOR_1,false,CALIBRATION_MISSING,CALIBRATION_MISSING,kx134_single_node_i2c.0.1.0,kx134.v3
kx134.v3,NODE_PROTOTYPE,1,KX134_SENSOR_1,sensor_node_1,D4:E9:F4:E9:8E:1C,21481,215289924,0,0,NA,0,-4054,287,-93,-0.989746,0.070068,-0.022705,100,100,8,UNCALIBRATED_SENSOR_1,false,CALIBRATION_MISSING,CALIBRATION_MISSING,kx134_single_node_i2c.0.1.0,kx134.v3
kx134.v3,NODE_PROTOTYPE,1,KX134_SENSOR_1,sensor_node_1,D4:E9:F4:E9:8E:1C,21482,215299925,0,0,NA,0,-4076,309,-124,-0.995117,0.075439,-0.030273,100,100,8,UNCALIBRATED_SENSOR_1,false,CALIBRATION_MISSING,CALIBRATION_MISSING,kx134_single_node_i2c.0.1.0,kx134.v3
kx134.v3,NODE_PROTOTYPE,1,KX134_SENSOR_1,sensor_node_1,D4:E9:F4:E9:8E:1C,21483,215309925,0,0,NA,0,-4067,326,-131,-0.992920,0.079590,-0.031982,100,100,8,UNCALIBRATED_SENSOR_1,false,CALIBRATION_MISSING,CALIBRATION_MISSING,kx134_single_node_i2c.0.1.0,kx134.v3
kx134.v3,NODE_PROTOTYPE,1,KX134_SENSOR_1,sensor_node_1,D4:E9:F4:E9:8E:1C,21484,215319925,0,0,NA,0,-4093,305,-116,-0.999268,0.074463,-0.028320,100,100,8,UNCALIBRATED_SENSOR_1,false,CALIBRATION_MISSING,CALIBRATION_MISSING,kx134_single_node_i2c.0.1.0,kx134.v3
kx134.v3,NODE_PROTOTYPE,1,KX134_SENSOR_1,sensor_node_1,D4:E9:F4:E9:8E:1C,21485,215329925,0,0,NA,0,-4099,300,-95,-1.000732,0.073242,-0.023193,100,100,8,UNCALIBRATED_SENSOR_1,false,CALIBRATION_MISSING,CALIBRATION_MISSING,kx134_single_node_i2c.0.1.0,kx134.v3
kx134.v3,NODE_PROTOTYPE,1,KX134_SENSOR_1,sensor_node_1,D4:E9:F4:E9:8E:1C,21486,215339925,0,0,NA,0,-4070,307,-117,-0.993652,0.074951,-0.028564,100,100,8,UNCALIBRATED_SENSOR_1,false,CALIBRATION_MISSING,CALIBRATION_MISSING,kx134_single_node_i2c.0.1.0,kx134.v3
kx134.v3,NODE_PROTOTYPE,1,KX134_SENSOR_1,sensor_node_1,D4:E9:F4:E9:8E:1C,21487,215349925,0,0,NA,0,-4081,294,-135,-0.996338,0.071777,-0.032959,100,100,8,UNCALIBRATED_SENSOR_1,false,CALIBRATION_MISSING,CALIBRATION_MISSING,kx134_single_node_i2c.0.1.0,kx134.v3
kx134.v3,NODE_PROTOTYPE,1,KX134_SENSOR_1,sensor_node_1,D4:E9:F4:E9:8E:1C,21488,215359925,0,0,NA,0,-4098,304,-115,-1.000488,0.074219,-0.028076,100,100,8,UNCALIBRATED_SENSOR_1,false,CALIBRATION_MISSING,CALIBRATION_MISSING,kx134_single_node_i2c.0.1.0,kx134.v3
kx134.v3,NODE_PROTOTYPE,1,KX134_SENSOR_1,sensor_node_1,D4:E9:F4:E9:8E:1C,21489,215369925,0,0,NA,0,-4089,314,-97,-0.998291,0.076660,-0.023682,100,100,8,UNCALIBRATED_SENSOR_1,false,CALIBRATION_MISSING,CALIBRATION_MISSING,kx134_single_node_i2c.0.1.0,kx134.v3
kx134.v3,NODE_PROTOTYPE,1,KX134_SENSOR_1,sensor_node_1,D4:E9:F4:E9:8E:1C,21490,215379925,0,0,NA,0,-4088,314,-82,-0.998047,0.076660,-0.020020,100,100,8,UNCALIBRATED_SENSOR_1,false,CALIBRATION_MISSING,CALIBRATION_MISSING,kx134_single_node_i2c.0.1.0,kx134.v3
kx134.v3,NODE_PROTOTYPE,1,KX134_SENSOR_1,sensor_node_1,D4:E9:F4:E9:8E:1C,21491,215389925,0,0,NA,0,-4080,286,-65,-0.996094,0.069824,-0.015869,100,100,8,UNCALIBRATED_SENSOR_1,false,CALIBRATION_MISSING,CALIBRATION_MISSING,kx134_single_node_i2c.0.1.0,kx134.v3
kx134.v3,NODE_PROTOTYPE,1,KX134_SENSOR_1,sensor_node_1,D4:E9:F4:E9:8E:1C,21492,215399925,0,0,NA,0,-4061,228,-58,-0.991455,0.055664,-0.014160,100,100,8,UNCALIBRATED_SENSOR_1,false,CALIBRATION_MISSING,CALIBRATION_MISSING,kx134_single_node_i2c.0.1.0,kx134.v3
kx134.v3,NODE_PROTOTYPE,1,KX134_SENSOR_1,sensor_node_1,D4:E9:F4:E9:8E:1C,21493,215409924,0,0,NA,0,-4074,216,-53,-0.994629,0.052734,-0.012939,100,100,8,UNCALIBRATED_SENSOR_1,false,CALIBRATION_MISSING,CALIBRATION_MISSING,kx134_single_node_i2c.0.1.0,kx134.v3
kx134.v3,NODE_PROTOTYPE,1,KX134_SENSOR_1,sensor_node_1,D4:E9:F4:E9:8E:1C,21494,215419924,0,0,NA,0,-4088,198,-80,-0.998047,0.048340,-0.019531,100,100,8,UNCALIBRATED_SENSOR_1,false,CALIBRATION_MISSING,CALIBRATION_MISSING,kx134_single_node_i2c.0.1.0,kx134.v3
kx134.v3,NODE_PROTOTYPE,1,KX134_SENSOR_1,sensor_node_1,D4:E9:F4:E9:8E:1C,21495,215429924,0,0,NA,0,-4083,223,-132,-0.996826,0.054443,-0.032227,100,100,8,UNCALIBRATED_SENSOR_1,false,CALIBRATION_MISSING,CALIBRATION_MISSING,kx134_single_node_i2c.0.1.0,kx134.v3
kx134.v3,NODE_PROTOTYPE,1,KX134_SENSOR_1,sensor_node_1,D4:E9:F4:E9:8E:1C,21496,215439925,0,0,NA,0,-4072,245,-145,-0.994141,0.059814,-0.035400,100,100,8,UNCALIBRATED_SENSOR_1,false,CALIBRATION_MISSING,CALIBRATION_MISSING,kx134_single_node_i2c.0.1.0,kx134.v3
kx134.v3,NODE_PROTOTYPE,1,KX134_SENSOR_1,sensor_node_1,D4:E9:F4:E9:8E:1C,21497,215449925,0,0,NA,0,-4070,220,-142,-0.993652,0.053711,-0.034668,100,100,8,UNCALIBRATED_SENSOR_1,false,CALIBRATION_MISSING,CALIBRATION_MISSING,kx134_single_node_i2c.0.1.0,kx134.v3
kx134.v3,NODE_PROTOTYPE,1,KX134_SENSOR_1,sensor_node_1,D4:E9:F4:E9:8E:1C,21498,215459925,0,0,NA,0,-4079,235,-132,-0.995850,0.057373,-0.032227,100,100,8,UNCALIBRATED_SENSOR_1,false,CALIBRATION_MISSING,CALIBRATION_MISSING,kx134_single_node_i2c.0.1.0,kx134.v3
kx134.v3,NODE_PROTOTYPE,1,KX134_SENSOR_1,sensor_node_1,D4:E9:F4:E9:8E:1C,21499,215469925,0,0,NA,0,-4121,270,-118,-1.006104,0.065918,-0.028809,100,100,8,UNCALIBRATED_SENSOR_1,false,CALIBRATION_MISSING,CALIBRATION_MISSING,kx134_single_node_i2c.0.1.0,kx134.v3
kx134.v3,NODE_PROTOTYPE,1,KX134_SENSOR_1,sensor_node_1,D4:E9:F4:E9:8E:1C,21500,215479925,0,0,NA,0,-4124,280,-122,-1.006836,0.068359,-0.029785,100,100,8,UNCALIBRATED_SENSOR_1,false,CALIBRATION_MISSING,CALIBRATION_MISSING,kx134_single_node_i2c.0.1.0,kx134.v3
kx134.v3,NODE_PROTOTYPE,1,KX134_SENSOR_1,sensor_node_1,D4:E9:F4:E9:8E:1C,21501,215489924,0,0,NA,0,-4089,289,-100,-0.998291,0.070557,-0.024414,100,100,8,UNCALIBRATED_SENSOR_1,false,CALIBRATION_MISSING,CALIBRATION_MISSING,kx134_single_node_i2c.0.1.0,kx134.v3
kx134.v3,NODE_PROTOTYPE,1,KX134_SENSOR_1,sensor_node_1,D4:E9:F4:E9:8E:1C,21502,215499925,0,0,NA,0,-4080,292,-73,-0.996094,0.071289,-0.017822,100,100,8,UNCALIBRATED_SENSOR_1,false,CALIBRATION_MISSING,CALIBRATION_MISSING,kx134_single_node_i2c.0.1.0,kx134.v3
kx134.v3,NODE_PROTOTYPE,1,KX134_SENSOR_1,sensor_node_1,D4:E9:F4:E9:8E:1C,21503,215509925,0,0,NA,0,-4073,275,-60,-0.994385,0.067139,-0.014648,100,100,8,UNCALIBRATED_SENSOR_1,false,CALIBRATION_MISSING,CALIBRATION_MISSING,kx134_single_node_i2c.0.1.0,kx134.v3
kx134.v3,NODE_PROTOTYPE,1,KX134_SENSOR_1,sensor_node_1,D4:E9:F4:E9:8E:1C,21504,215519925,0,0,NA,0,-4061,257,-57,-0.991455,0.062744,-0.013916,100,100,8,UNCALIBRATED_SENSOR_1,false,CALIBRATION_MISSING,CALIBRATION_MISSING,kx134_single_node_i2c.0.1.0,kx134.v3
kx134.v3,NODE_PROTOTYPE,1,KX134_SENSOR_1,sensor_node_1,D4:E9:F4:E9:8E:1C,21505,215529925,0,0,NA,0,-4087,229,-80,-0.997803,0.055908,-0.019531,100,100,8,UNCALIBRATED_SENSOR_1,false,CALIBRATION_MISSING,CALIBRATION_MISSING,kx134_single_node_i2c.0.1.0,kx134.v3
kx134.v3,NODE_PROTOTYPE,1,KX134_SENSOR_1,sensor_node_1,D4:E9:F4:E9:8E:1C,21506,215539925,0,0,NA,0,-4107,239,-71,-1.002686,0.058350,-0.017334,100,100,8,UNCALIBRATED_SENSOR_1,false,CALIBRATION_MISSING,CALIBRATION_MISSING,kx134_single_node_i2c.0.1.0,kx134.v3
kx134.v3,NODE_PROTOTYPE,1,KX134_SENSOR_1,sensor_node_1,D4:E9:F4:E9:8E:1C,21507,215549924,0,0,NA,0,-4071,257,-61,-0.993896,0.062744,-0.014893,100,100,8,UNCALIBRATED_SENSOR_1,false,CALIBRATION_MISSING,CALIBRATION_MISSING,kx134_single_node_i2c.0.1.0,kx134.v3
kx134.v3,NODE_PROTOTYPE,1,KX134_SENSOR_1,sensor_node_1,D4:E9:F4:E9:8E:1C,21508,215559924,0,0,NA,0,-4057,242,-77,-0.990479,0.059082,-0.018799,100,100,8,UNCALIBRATED_SENSOR_1,false,CALIBRATION_MISSING,CALIBRATION_MISSING,kx134_single_node_i2c.0.1.0,kx134.v3
kx134.v3,NODE_PROTOTYPE,1,KX134_SENSOR_1,sensor_node_1,D4:E9:F4:E9:8E:1C,21509,215569925,0,0,NA,0,-4085,248,-73,-0.997314,0.060547,-0.017822,100,100,8,UNCALIBRATED_SENSOR_1,false,CALIBRATION_MISSING,CALIBRATION_MISSING,kx134_single_node_i2c.0.1.0,kx134.v3
kx134.v3,NODE_PROTOTYPE,1,KX134_SENSOR_1,sensor_node_1,D4:E9:F4:E9:8E:1C,21510,215579925,0,0,NA,0,-4088,269,-92,-0.998047,0.065674,-0.022461,100,100,8,UNCALIBRATED_SENSOR_1,false,CALIBRATION_MISSING,CALIBRATION_MISSING,kx134_single_node_i2c.0.1.0,kx134.v3
kx134.v3,NODE_PROTOTYPE,1,KX134_SENSOR_1,sensor_node_1,D4:E9:F4:E9:8E:1C,21511,215589924,0,0,NA,0,-4065,282,-137,-0.992432,0.068848,-0.033447,100,100,8,UNCALIBRATED_SENSOR_1,false,CALIBRATION_MISSING,CALIBRATION_MISSING,kx134_single_node_i2c.0.1.0,kx134.v3
kx134.v3,NODE_PROTOTYPE,1,KX134_SENSOR_1,sensor_node_1,D4:E9:F4:E9:8E:1C,21512,215599924,0,0,NA,0,-4077,294,-140,-0.995361,0.071777,-0.034180,100,100,8,UNCALIBRATED_SENSOR_1,false,CALIBRATION_MISSING,CALIBRATION_MISSING,kx134_single_node_i2c.0.1.0,kx134.v3
kx134.v3,NODE_PROTOTYPE,1,KX134_SENSOR_1,sensor_node_1,D4:E9:F4:E9:8E:1C,21513,215609925,0,0,NA,0,-4120,294,-116,-1.005859,0.071777,-0.028320,100,100,8,UNCALIBRATED_SENSOR_1,false,CALIBRATION_MISSING,CALIBRATION_MISSING,kx134_single_node_i2c.0.1.0,kx134.v3
kx134.v3,NODE_PROTOTYPE,1,KX134_SENSOR_1,sensor_node_1,D4:E9:F4:E9:8E:1C,21514,215619925,0,0,NA,0,-4131,310,-101,-1.008545,0.075684,-0.024658,100,100,8,UNCALIBRATED_SENSOR_1,false,CALIBRATION_MISSING,CALIBRATION_MISSING,kx134_single_node_i2c.0.1.0,kx134.v3
kx134.v3,NODE_PROTOTYPE,1,KX134_SENSOR_1,sensor_node_1,D4:E9:F4:E9:8E:1C,21515,215629925,0,0,NA,0,-4108,319,-104,-1.002930,0.077881,-0.025391,100,100,8,UNCALIBRATED_SENSOR_1,false,CALIBRATION_MISSING,CALIBRATION_MISSING,kx134_single_node_i2c.0.1.0,kx134.v3
kx134.v3,NODE_PROTOTYPE,1,KX134_SENSOR_1,sensor_node_1,D4:E9:F4:E9:8E:1C,21516,215639924,0,0,NA,0,-4092,298,-73,-0.999023,0.072754,-0.017822,100,100,8,UNCALIBRATED_SENSOR_1,false,CALIBRATION_MISSING,CALIBRATION_MISSING,kx134_single_node_i2c.0.1.0,kx134.v3
kx134.v3,NODE_PROTOTYPE,1,KX134_SENSOR_1,sensor_node_1,D4:E9:F4:E9:8E:1C,21517,215649924,0,0,NA,0,-4085,274,-71,-0.997314,0.066895,-0.017334,100,100,8,UNCALIBRATED_SENSOR_1,false,CALIBRATION_MISSING,CALIBRATION_MISSING,kx134_single_node_i2c.0.1.0,kx134.v3
kx134.v3,NODE_PROTOTYPE,1,KX134_SENSOR_1,sensor_node_1,D4:E9:F4:E9:8E:1C,21518,215659924,0,0,NA,0,-4084,284,-112,-0.997070,0.069336,-0.027344,100,100,8,UNCALIBRATED_SENSOR_1,false,CALIBRATION_MISSING,CALIBRATION_MISSING,kx134_single_node_i2c.0.1.0,kx134.v3
kx134.v3,NODE_PROTOTYPE,1,KX134_SENSOR_1,sensor_node_1,D4:E9:F4:E9:8E:1C,21519,215669925,0,0,NA,0,-4079,279,-119,-0.995850,0.068115,-0.029053,100,100,8,UNCALIBRATED_SENSOR_1,false,CALIBRATION_MISSING,CALIBRATION_MISSING,kx134_single_node_i2c.0.1.0,kx134.v3
kx134.v3,NODE_PROTOTYPE,1,KX134_SENSOR_1,sensor_node_1,D4:E9:F4:E9:8E:1C,21520,215679925,0,0,NA,0,-4073,241,-98,-0.994385,0.058838,-0.023926,100,100,8,UNCALIBRATED_SENSOR_1,false,CALIBRATION_MISSING,CALIBRATION_MISSING,kx134_single_node_i2c.0.1.0,kx134.v3
kx134.v3,NODE_PROTOTYPE,1,KX134_SENSOR_1,sensor_node_1,D4:E9:F4:E9:8E:1C,21521,215689925,0,0,NA,0,-4067,240,-93,-0.992920,0.058594,-0.022705,100,100,8,UNCALIBRATED_SENSOR_1,false,CALIBRATION_MISSING,CALIBRATION_MISSING,kx134_single_node_i2c.0.1.0,kx134.v3
kx134.v3,NODE_PROTOTYPE,1,KX134_SENSOR_1,sensor_node_1,D4:E9:F4:E9:8E:1C,21522,215699925,0,0,NA,0,-4078,246,-116,-0.995605,0.060059,-0.028320,100,100,8,UNCALIBRATED_SENSOR_1,false,CALIBRATION_MISSING,CALIBRATION_MISSING,kx134_single_node_i2c.0.1.0,kx134.v3
kx134.v3,NODE_PROTOTYPE,1,KX134_SENSOR_1,sensor_node_1,D4:E9:F4:E9:8E:1C,21523,215709924,0,0,NA,0,-4100,243,-120,-1.000977,0.059326,-0.029297,100,100,8,UNCALIBRATED_SENSOR_1,false,CALIBRATION_MISSING,CALIBRATION_MISSING,kx134_single_node_i2c.0.1.0,kx134.v3
kx134.v3,NODE_PROTOTYPE,1,KX134_SENSOR_1,sensor_node_1,D4:E9:F4:E9:8E:1C,21524,215719924,0,0,NA,0,-4093,274,-111,-0.999268,0.066895,-0.027100,100,100,8,UNCALIBRATED_SENSOR_1,false,CALIBRATION_MISSING,CALIBRATION_MISSING,kx134_single_node_i2c.0.1.0,kx134.v3
kx134.v3,NODE_PROTOTYPE,1,KX134_SENSOR_1,sensor_node_1,D4:E9:F4:E9:8E:1C,21525,215729925,0,0,NA,0,-4085,297,-125,-0.997314,0.072510,-0.030518,100,100,8,UNCALIBRATED_SENSOR_1,false,CALIBRATION_MISSING,CALIBRATION_MISSING,kx134_single_node_i2c.0.1.0,kx134.v3
kx134.v3,NODE_PROTOTYPE,1,KX134_SENSOR_1,sensor_node_1,D4:E9:F4:E9:8E:1C,21526,215739924,0,0,NA,0,-4101,301,-118,-1.001221,0.073486,-0.028809,100,100,8,UNCALIBRATED_SENSOR_1,false,CALIBRATION_MISSING,CALIBRATION_MISSING,kx134_single_node_i2c.0.1.0,kx134.v3
kx134.v3,NODE_PROTOTYPE,1,KX134_SENSOR_1,sensor_node_1,D4:E9:F4:E9:8E:1C,21527,215749925,0,0,NA,0,-4118,309,-131,-1.005371,0.075439,-0.031982,100,100,8,UNCALIBRATED_SENSOR_1,false,CALIBRATION_MISSING,CALIBRATION_MISSING,kx134_single_node_i2c.0.1.0,kx134.v3
kx134.v3,NODE_PROTOTYPE,1,KX134_SENSOR_1,sensor_node_1,D4:E9:F4:E9:8E:1C,21528,215759925,0,0,NA,0,-4103,285,-152,-1.001709,0.069580,-0.037109,100,100,8,UNCALIBRATED_SENSOR_1,false,CALIBRATION_MISSING,CALIBRATION_MISSING,kx134_single_node_i2c.0.1.0,kx134.v3
kx134.v3,NODE_PROTOTYPE,1,KX134_SENSOR_1,sensor_node_1,D4:E9:F4:E9:8E:1C,21529,215769925,0,0,NA,0,-4078,276,-117,-0.995605,0.067383,-0.028564,100,100,8,UNCALIBRATED_SENSOR_1,false,CALIBRATION_MISSING,CALIBRATION_MISSING,kx134_single_node_i2c.0.1.0,kx134.v3
kx134.v3,NODE_PROTOTYPE,1,KX134_SENSOR_1,sensor_node_1,D4:E9:F4:E9:8E:1C,21530,215779925,0,0,NA,0,-4089,270,-81,-0.998291,0.065918,-0.019775,100,100,8,UNCALIBRATED_SENSOR_1,false,CALIBRATION_MISSING,CALIBRATION_MISSING,kx134_single_node_i2c.0.1.0,kx134.v3
kx134.v3,NODE_PROTOTYPE,1,KX134_SENSOR_1,sensor_node_1,D4:E9:F4:E9:8E:1C,21531,215789925,0,0,NA,0,-4079,262,-73,-0.995850,0.063965,-0.017822,100,100,8,UNCALIBRATED_SENSOR_1,false,CALIBRATION_MISSING,CALIBRATION_MISSING,kx134_single_node_i2c.0.1.0,kx134.v3
kx134.v3,NODE_PROTOTYPE,1,KX134_SENSOR_1,sensor_node_1,D4:E9:F4:E9:8E:1C,21532,215799925,0,0,NA,0,-4043,289,-57,-0.987061,0.070557,-0.013916,100,100,8,UNCALIBRATED_SENSOR_1,false,CALIBRATION_MISSING,CALIBRATION_MISSING,kx134_single_node_i2c.0.1.0,kx134.v3
kx134.v3,NODE_PROTOTYPE,1,KX134_SENSOR_1,sensor_node_1,D4:E9:F4:E9:8E:1C,21533,215809925,0,0,NA,0,-4040,274,-59,-0.986328,0.066895,-0.014404,100,100,8,UNCALIBRATED_SENSOR_1,false,CALIBRATION_MISSING,CALIBRATION_MISSING,kx134_single_node_i2c.0.1.0,kx134.v3
kx134.v3,NODE_PROTOTYPE,1,KX134_SENSOR_1,sensor_node_1,D4:E9:F4:E9:8E:1C,21534,215819924,0,0,NA,0,-4053,256,-103,-0.989502,0.062500,-0.025146,100,100,8,UNCALIBRATED_SENSOR_1,false,CALIBRATION_MISSING,CALIBRATION_MISSING,kx134_single_node_i2c.0.1.0,kx134.v3
kx134.v3,NODE_PROTOTYPE,1,KX134_SENSOR_1,sensor_node_1,D4:E9:F4:E9:8E:1C,21535,215829924,0,0,NA,0,-4056,257,-102,-0.990234,0.062744,-0.024902,100,100,8,UNCALIBRATED_SENSOR_1,false,CALIBRATION_MISSING,CALIBRATION_MISSING,kx134_single_node_i2c.0.1.0,kx134.v3
kx134.v3,NODE_PROTOTYPE,1,KX134_SENSOR_1,sensor_node_1,D4:E9:F4:E9:8E:1C,21536,215839925,0,0,NA,0,-4047,260,-81,-0.988037,0.063477,-0.019775,100,100,8,UNCALIBRATED_SENSOR_1,false,CALIBRATION_MISSING,CALIBRATION_MISSING,kx134_single_node_i2c.0.1.0,kx134.v3
kx134.v3,NODE_PROTOTYPE,1,KX134_SENSOR_1,sensor_node_1,D4:E9:F4:E9:8E:1C,21537,215849925,0,0,NA,0,-4066,284,-78,-0.992676,0.069336,-0.019043,100,100,8,UNCALIBRATED_SENSOR_1,false,CALIBRATION_MISSING,CALIBRATION_MISSING,kx134_single_node_i2c.0.1.0,kx134.v3
kx134.v3,NODE_PROTOTYPE,1,KX134_SENSOR_1,sensor_node_1,D4:E9:F4:E9:8E:1C,21538,215859925,0,0,NA,0,-4086,281,-90,-0.997559,0.068604,-0.021973,100,100,8,UNCALIBRATED_SENSOR_1,false,CALIBRATION_MISSING,CALIBRATION_MISSING,kx134_single_node_i2c.0.1.0,kx134.v3
kx134.v3,NODE_PROTOTYPE,1,KX134_SENSOR_1,sensor_node_1,D4:E9:F4:E9:8E:1C,21539,215869925,0,0,NA,0,-4059,280,-106,-0.990967,0.068359,-0.025879,100,100,8,UNCALIBRATED_SENSOR_1,false,CALIBRATION_MISSING,CALIBRATION_MISSING,kx134_single_node_i2c.0.1.0,kx134.v3
kx134.v3,NODE_PROTOTYPE,1,KX134_SENSOR_1,sensor_node_1,D4:E9:F4:E9:8E:1C,21540,215879925,0,0,NA,0,-4059,278,-103,-0.990967,0.067871,-0.025146,100,100,8,UNCALIBRATED_SENSOR_1,false,CALIBRATION_MISSING,CALIBRATION_MISSING,kx134_single_node_i2c.0.1.0,kx134.v3
kx134.v3,NODE_PROTOTYPE,1,KX134_SENSOR_1,sensor_node_1,D4:E9:F4:E9:8E:1C,21541,215889925,0,0,NA,0,-4071,266,-70,-0.993896,0.064941,-0.017090,100,100,8,UNCALIBRATED_SENSOR_1,false,CALIBRATION_MISSING,CALIBRATION_MISSING,kx134_single_node_i2c.0.1.0,kx134.v3
kx134.v3,NODE_PROTOTYPE,1,KX134_SENSOR_1,sensor_node_1,D4:E9:F4:E9:8E:1C,21542,215899925,0,0,NA,0,-4074,270,-48,-0.994629,0.065918,-0.011719,100,100,8,UNCALIBRATED_SENSOR_1,false,CALIBRATION_MISSING,CALIBRATION_MISSING,kx134_single_node_i2c.0.1.0,kx134.v3
kx134.v3,NODE_PROTOTYPE,1,KX134_SENSOR_1,sensor_node_1,D4:E9:F4:E9:8E:1C,21543,215909925,0,0,NA,0,-4083,269,-56,-0.996826,0.065674,-0.013672,100,100,8,UNCALIBRATED_SENSOR_1,false,CALIBRATION_MISSING,CALIBRATION_MISSING,kx134_single_node_i2c.0.1.0,kx134.v3
kx134.v3,NODE_PROTOTYPE,1,KX134_SENSOR_1,sensor_node_1,D4:E9:F4:E9:8E:1C,21544,215919925,0,0,NA,0,-4090,289,-62,-0.998535,0.070557,-0.015137,100,100,8,UNCALIBRATED_SENSOR_1,false,CALIBRATION_MISSING,CALIBRATION_MISSING,kx134_single_node_i2c.0.1.0,kx134.v3
kx134.v3,NODE_PROTOTYPE,1,KX134_SENSOR_1,sensor_node_1,D4:E9:F4:E9:8E:1C,21545,215929925,0,0,NA,0,-4079,297,-58,-0.995850,0.072510,-0.014160,100,100,8,UNCALIBRATED_SENSOR_1,false,CALIBRATION_MISSING,CALIBRATION_MISSING,kx134_single_node_i2c.0.1.0,kx134.v3
kx134.v3,NODE_PROTOTYPE,1,KX134_SENSOR_1,sensor_node_1,D4:E9:F4:E9:8E:1C,21546,215939924,0,0,NA,0,-4074,292,-56,-0.994629,0.071289,-0.013672,100,100,8,UNCALIBRATED_SENSOR_1,false,CALIBRATION_MISSING,CALIBRATION_MISSING,kx134_single_node_i2c.0.1.0,kx134.v3
kx134.v3,NODE_PROTOTYPE,1,KX134_SENSOR_1,sensor_node_1,D4:E9:F4:E9:8E:1C,21547,215949924,0,0,NA,0,-4108,293,-54,-1.002930,0.071533,-0.013184,100,100,8,UNCALIBRATED_SENSOR_1,false,CALIBRATION_MISSING,CALIBRATION_MISSING,kx134_single_node_i2c.0.1.0,kx134.v3
kx134.v3,NODE_PROTOTYPE,1,KX134_SENSOR_1,sensor_node_1,D4:E9:F4:E9:8E:1C,21548,215959924,0,0,NA,0,-4106,291,-56,-1.002441,0.071045,-0.013672,100,100,8,UNCALIBRATED_SENSOR_1,false,CALIBRATION_MISSING,CALIBRATION_MISSING,kx134_single_node_i2c.0.1.0,kx134.v3
kx134.v3,NODE_PROTOTYPE,1,KX134_SENSOR_1,sensor_node_1,D4:E9:F4:E9:8E:1C,21549,215969924,0,0,NA,0,-4093,297,-69,-0.999268,0.072510,-0.016846,100,100,8,UNCALIBRATED_SENSOR_1,false,CALIBRATION_MISSING,CALIBRATION_MISSING,kx134_single_node_i2c.0.1.0,kx134.v3
kx134.v3,NODE_PROTOTYPE,1,KX134_SENSOR_1,sensor_node_1,D4:E9:F4:E9:8E:1C,21550,215979925,0,0,NA,0,-4094,311,-70,-0.999512,0.075928,-0.017090,100,100,8,UNCALIBRATED_SENSOR_1,false,CALIBRATION_MISSING,CALIBRATION_MISSING,kx134_single_node_i2c.0.1.0,kx134.v3
kx134.v3,NODE_PROTOTYPE,1,KX134_SENSOR_1,sensor_node_1,D4:E9:F4:E9:8E:1C,21551,215989925,0,0,NA,0,-4086,301,-67,-0.997559,0.073486,-0.016357,100,100,8,UNCALIBRATED_SENSOR_1,false,CALIBRATION_MISSING,CALIBRATION_MISSING,kx134_single_node_i2c.0.1.0,kx134.v3
kx134.v3,NODE_PROTOTYPE,1,KX134_SENSOR_1,sensor_node_1,D4:E9:F4:E9:8E:1C,21552,215999925,0,0,NA,0,-4086,285,-62,-0.997559,0.069580,-0.015137,100,100,8,UNCALIBRATED_SENSOR_1,false,CALIBRATION_MISSING,CALIBRATION_MISSING,kx134_single_node_i2c.0.1.0,kx134.v3
kx134.v3,NODE_PROTOTYPE,1,KX134_SENSOR_1,sensor_node_1,D4:E9:F4:E9:8E:1C,21553,216009924,0,0,NA,0,-4097,283,-88,-1.000244,0.069092,-0.021484,100,100,8,UNCALIBRATED_SENSOR_1,false,CALIBRATION_MISSING,CALIBRATION_MISSING,kx134_single_node_i2c.0.1.0,kx134.v3
kx134.v3,NODE_PROTOTYPE,1,KX134_SENSOR_1,sensor_node_1,D4:E9:F4:E9:8E:1C,21554,216019925,0,0,NA,0,-4093,252,-104,-0.999268,0.061523,-0.025391,100,100,8,UNCALIBRATED_SENSOR_1,false,CALIBRATION_MISSING,CALIBRATION_MISSING,kx134_single_node_i2c.0.1.0,kx134.v3
kx134.v3,NODE_PROTOTYPE,1,KX134_SENSOR_1,sensor_node_1,D4:E9:F4:E9:8E:1C,21555,216029925,0,0,NA,0,-4094,213,-63,-0.999512,0.052002,-0.015381,100,100,8,UNCALIBRATED_SENSOR_1,false,CALIBRATION_MISSING,CALIBRATION_MISSING,kx134_single_node_i2c.0.1.0,kx134.v3
kx134.v3,NODE_PROTOTYPE,1,KX134_SENSOR_1,sensor_node_1,D4:E9:F4:E9:8E:1C,21556,216039925,0,0,NA,0,-4116,206,-35,-1.004883,0.050293,-0.008545,100,100,8,UNCALIBRATED_SENSOR_1,false,CALIBRATION_MISSING,CALIBRATION_MISSING,kx134_single_node_i2c.0.1.0,kx134.v3
kx134.v3,NODE_PROTOTYPE,1,KX134_SENSOR_1,sensor_node_1,D4:E9:F4:E9:8E:1C,21557,216049925,0,0,NA,0,-4087,169,-45,-0.997803,0.041260,-0.010986,100,100,8,UNCALIBRATED_SENSOR_1,false,CALIBRATION_MISSING,CALIBRATION_MISSING,kx134_single_node_i2c.0.1.0,kx134.v3
kx134.v3,NODE_PROTOTYPE,1,KX134_SENSOR_1,sensor_node_1,D4:E9:F4:E9:8E:1C,21558,216059925,0,0,NA,0,-4054,154,-84,-0.989746,0.037598,-0.020508,100,100,8,UNCALIBRATED_SENSOR_1,false,CALIBRATION_MISSING,CALIBRATION_MISSING,kx134_single_node_i2c.0.1.0,kx134.v3
kx134.v3,NODE_PROTOTYPE,1,KX134_SENSOR_1,sensor_node_1,D4:E9:F4:E9:8E:1C,21559,216069925,0,0,NA,0,-3965,73,-40,-0.968018,0.017822,-0.009766,100,100,8,UNCALIBRATED_SENSOR_1,false,CALIBRATION_MISSING,CALIBRATION_MISSING,kx134_single_node_i2c.0.1.0,kx134.v3
kx134.v3,NODE_PROTOTYPE,1,KX134_SENSOR_1,sensor_node_1,D4:E9:F4:E9:8E:1C,21560,216079924,0,0,NA,0,-3965,73,-40,-0.968018,0.017822,-0.009766,100,100,8,UNCALIBRATED_SENSOR_1,false,CALIBRATION_MISSING,CALIBRATION_MISSING,kx134_single_node_i2c.0.1.0,kx134.v3
kx134.v3,NODE_PROTOTYPE,1,KX134_SENSOR_1,sensor_node_1,D4:E9:F4:E9:8E:1C,21561,216089924,0,0,NA,0,-3924,91,-122,-0.958008,0.022217,-0.029785,100,100,8,UNCALIBRATED_SENSOR_1,false,CALIBRATION_MISSING,CALIBRATION_MISSING,kx134_single_node_i2c.0.1.0,kx134.v3
kx134.v3,NODE_PROTOTYPE,1,KX134_SENSOR_1,sensor_node_1,D4:E9:F4:E9:8E:1C,21562,216099925,0,0,NA,0,-3895,230,-135,-0.950928,0.056152,-0.032959,100,100,8,UNCALIBRATED_SENSOR_1,false,CALIBRATION_MISSING,CALIBRATION_MISSING,kx134_single_node_i2c.0.1.0,kx134.v3
kx134.v3,NODE_PROTOTYPE,1,KX134_SENSOR_1,sensor_node_1,D4:E9:F4:E9:8E:1C,21563,216109925,0,0,NA,0,-3996,341,-62,-0.975586,0.083252,-0.015137,100,100,8,UNCALIBRATED_SENSOR_1,false,CALIBRATION_MISSING,CALIBRATION_MISSING,kx134_single_node_i2c.0.1.0,kx134.v3
kx134.v3,NODE_PROTOTYPE,1,KX134_SENSOR_1,sensor_node_1,D4:E9:F4:E9:8E:1C,21564,216119925,0,0,NA,0,-4139,331,-96,-1.010498,0.080811,-0.023437,100,100,8,UNCALIBRATED_SENSOR_1,false,CALIBRATION_MISSING,CALIBRATION_MISSING,kx134_single_node_i2c.0.1.0,kx134.v3
kx134.v3,NODE_PROTOTYPE,1,KX134_SENSOR_1,sensor_node_1,D4:E9:F4:E9:8E:1C,21565,216129925,0,0,NA,0,-4057,219,-1,-0.990479,0.053467,-0.000244,100,100,8,UNCALIBRATED_SENSOR_1,false,CALIBRATION_MISSING,CALIBRATION_MISSING,kx134_single_node_i2c.0.1.0,kx134.v3
kx134.v3,NODE_PROTOTYPE,1,KX134_SENSOR_1,sensor_node_1,D4:E9:F4:E9:8E:1C,21566,216139924,0,0,NA,0,-4019,291,20,-0.981201,0.071045,0.004883,100,100,8,UNCALIBRATED_SENSOR_1,false,CALIBRATION_MISSING,CALIBRATION_MISSING,kx134_single_node_i2c.0.1.0,kx134.v3
kx134.v3,NODE_PROTOTYPE,1,KX134_SENSOR_1,sensor_node_1,D4:E9:F4:E9:8E:1C,21567,216149924,0,0,NA,0,-4053,321,-45,-0.989502,0.078369,-0.010986,100,100,8,UNCALIBRATED_SENSOR_1,false,CALIBRATION_MISSING,CALIBRATION_MISSING,kx134_single_node_i2c.0.1.0,kx134.v3
kx134.v3,NODE_PROTOTYPE,1,KX134_SENSOR_1,sensor_node_1,D4:E9:F4:E9:8E:1C,21568,216159924,0,0,NA,0,-4095,273,-52,-0.999756,0.066650,-0.012695,100,100,8,UNCALIBRATED_SENSOR_1,false,CALIBRATION_MISSING,CALIBRATION_MISSING,kx134_single_node_i2c.0.1.0,kx134.v3
kx134.v3,NODE_PROTOTYPE,1,KX134_SENSOR_1,sensor_node_1,D4:E9:F4:E9:8E:1C,21569,216169925,0,0,NA,0,-4097,260,-54,-1.000244,0.063477,-0.013184,100,100,8,UNCALIBRATED_SENSOR_1,false,CALIBRATION_MISSING,CALIBRATION_MISSING,kx134_single_node_i2c.0.1.0,kx134.v3
kx134.v3,NODE_PROTOTYPE,1,KX134_SENSOR_1,sensor_node_1,D4:E9:F4:E9:8E:1C,21570,216179925,0,0,NA,0,-4071,276,-95,-0.993896,0.067383,-0.023193,100,100,8,UNCALIBRATED_SENSOR_1,false,CALIBRATION_MISSING,CALIBRATION_MISSING,kx134_single_node_i2c.0.1.0,kx134.v3
kx134.v3,NODE_PROTOTYPE,1,KX134_SENSOR_1,sensor_node_1,D4:E9:F4:E9:8E:1C,21571,216189925,0,0,NA,0,-4081,317,-131,-0.996338,0.077393,-0.031982,100,100,8,UNCALIBRATED_SENSOR_1,false,CALIBRATION_MISSING,CALIBRATION_MISSING,kx134_single_node_i2c.0.1.0,kx134.v3
kx134.v3,NODE_PROTOTYPE,1,KX134_SENSOR_1,sensor_node_1,D4:E9:F4:E9:8E:1C,21572,216199925,0,0,NA,0,-4099,309,-145,-1.000732,0.075439,-0.035400,100,100,8,UNCALIBRATED_SENSOR_1,false,CALIBRATION_MISSING,CALIBRATION_MISSING,kx134_single_node_i2c.0.1.0,kx134.v3
kx134.v3,NODE_PROTOTYPE,1,KX134_SENSOR_1,sensor_node_1,D4:E9:F4:E9:8E:1C,21573,216209924,0,0,NA,0,-4092,276,-110,-0.999023,0.067383,-0.026855,100,100,8,UNCALIBRATED_SENSOR_1,false,CALIBRATION_MISSING,CALIBRATION_MISSING,kx134_single_node_i2c.0.1.0,kx134.v3
kx134.v3,NODE_PROTOTYPE,1,KX134_SENSOR_1,sensor_node_1,D4:E9:F4:E9:8E:1C,21574,216219924,0,0,NA,0,-4092,259,-75,-0.999023,0.063232,-0.018311,100,100,8,UNCALIBRATED_SENSOR_1,false,CALIBRATION_MISSING,CALIBRATION_MISSING,kx134_single_node_i2c.0.1.0,kx134.v3
kx134.v3,NODE_PROTOTYPE,1,KX134_SENSOR_1,sensor_node_1,D4:E9:F4:E9:8E:1C,21575,216229925,0,0,NA,0,-4115,276,-87,-1.004639,0.067383,-0.021240,100,100,8,UNCALIBRATED_SENSOR_1,false,CALIBRATION_MISSING,CALIBRATION_MISSING,kx134_single_node_i2c.0.1.0,kx134.v3
kx134.v3,NODE_PROTOTYPE,1,KX134_SENSOR_1,sensor_node_1,D4:E9:F4:E9:8E:1C,21576,216239925,0,0,NA,0,-4124,317,-126,-1.006836,0.077393,-0.030762,100,100,8,UNCALIBRATED_SENSOR_1,false,CALIBRATION_MISSING,CALIBRATION_MISSING,kx134_single_node_i2c.0.1.0,kx134.v3
kx134.v3,NODE_PROTOTYPE,1,KX134_SENSOR_1,sensor_node_1,D4:E9:F4:E9:8E:1C,21577,216249924,0,0,NA,0,-4104,297,-142,-1.001953,0.072510,-0.034668,100,100,8,UNCALIBRATED_SENSOR_1,false,CALIBRATION_MISSING,CALIBRATION_MISSING,kx134_single_node_i2c.0.1.0,kx134.v3
kx134.v3,NODE_PROTOTYPE,1,KX134_SENSOR_1,sensor_node_1,D4:E9:F4:E9:8E:1C,21578,216259925,0,0,NA,0,-4099,236,-109,-1.000732,0.057617,-0.026611,100,100,8,UNCALIBRATED_SENSOR_1,false,CALIBRATION_MISSING,CALIBRATION_MISSING,kx134_single_node_i2c.0.1.0,kx134.v3
kx134.v3,NODE_PROTOTYPE,1,KX134_SENSOR_1,sensor_node_1,D4:E9:F4:E9:8E:1C,21579,216269925,0,0,NA,0,-4106,213,-86,-1.002441,0.052002,-0.020996,100,100,8,UNCALIBRATED_SENSOR_1,false,CALIBRATION_MISSING,CALIBRATION_MISSING,kx134_single_node_i2c.0.1.0,kx134.v3
kx134.v3,NODE_PROTOTYPE,1,KX134_SENSOR_1,sensor_node_1,D4:E9:F4:E9:8E:1C,21580,216279924,0,0,NA,0,-4121,242,-113,-1.006104,0.059082,-0.027588,100,100,8,UNCALIBRATED_SENSOR_1,false,CALIBRATION_MISSING,CALIBRATION_MISSING,kx134_single_node_i2c.0.1.0,kx134.v3
kx134.v3,NODE_PROTOTYPE,1,KX134_SENSOR_1,sensor_node_1,D4:E9:F4:E9:8E:1C,21581,216289925,0,0,NA,0,-4127,247,-118,-1.007568,0.060303,-0.028809,100,100,8,UNCALIBRATED_SENSOR_1,false,CALIBRATION_MISSING,CALIBRATION_MISSING,kx134_single_node_i2c.0.1.0,kx134.v3
kx134.v3,NODE_PROTOTYPE,1,KX134_SENSOR_1,sensor_node_1,D4:E9:F4:E9:8E:1C,21582,216299925,0,0,NA,0,-4115,223,-89,-1.004639,0.054443,-0.021729,100,100,8,UNCALIBRATED_SENSOR_1,false,CALIBRATION_MISSING,CALIBRATION_MISSING,kx134_single_node_i2c.0.1.0,kx134.v3
kx134.v3,NODE_PROTOTYPE,1,KX134_SENSOR_1,sensor_node_1,D4:E9:F4:E9:8E:1C,21583,216309925,0,0,NA,0,-4095,212,-94,-0.999756,0.051758,-0.022949,100,100,8,UNCALIBRATED_SENSOR_1,false,CALIBRATION_MISSING,CALIBRATION_MISSING,kx134_single_node_i2c.0.1.0,kx134.v3
kx134.v3,NODE_PROTOTYPE,1,KX134_SENSOR_1,sensor_node_1,D4:E9:F4:E9:8E:1C,21584,216319924,0,0,NA,0,-4073,216,-91,-0.994385,0.052734,-0.022217,100,100,8,UNCALIBRATED_SENSOR_1,false,CALIBRATION_MISSING,CALIBRATION_MISSING,kx134_single_node_i2c.0.1.0,kx134.v3
kx134.v3,NODE_PROTOTYPE,1,KX134_SENSOR_1,sensor_node_1,D4:E9:F4:E9:8E:1C,21585,216329925,0,0,NA,0,-4075,238,-70,-0.994873,0.058105,-0.017090,100,100,8,UNCALIBRATED_SENSOR_1,false,CALIBRATION_MISSING,CALIBRATION_MISSING,kx134_single_node_i2c.0.1.0,kx134.v3
kx134.v3,NODE_PROTOTYPE,1,KX134_SENSOR_1,sensor_node_1,D4:E9:F4:E9:8E:1C,21586,216339924,0,0,NA,0,-4088,237,-77,-0.998047,0.057861,-0.018799,100,100,8,UNCALIBRATED_SENSOR_1,false,CALIBRATION_MISSING,CALIBRATION_MISSING,kx134_single_node_i2c.0.1.0,kx134.v3
kx134.v3,NODE_PROTOTYPE,1,KX134_SENSOR_1,sensor_node_1,D4:E9:F4:E9:8E:1C,21587,216349925,0,0,NA,0,-4089,238,-56,-0.998291,0.058105,-0.013672,100,100,8,UNCALIBRATED_SENSOR_1,false,CALIBRATION_MISSING,CALIBRATION_MISSING,kx134_single_node_i2c.0.1.0,kx134.v3
kx134.v3,NODE_PROTOTYPE,1,KX134_SENSOR_1,sensor_node_1,D4:E9:F4:E9:8E:1C,21588,216359925,0,0,NA,0,-4079,253,-22,-0.995850,0.061768,-0.005371,100,100,8,UNCALIBRATED_SENSOR_1,false,CALIBRATION_MISSING,CALIBRATION_MISSING,kx134_single_node_i2c.0.1.0,kx134.v3
kx134.v3,NODE_PROTOTYPE,1,KX134_SENSOR_1,sensor_node_1,D4:E9:F4:E9:8E:1C,21589,216369924,0,0,NA,0,-4081,242,-20,-0.996338,0.059082,-0.004883,100,100,8,UNCALIBRATED_SENSOR_1,false,CALIBRATION_MISSING,CALIBRATION_MISSING,kx134_single_node_i2c.0.1.0,kx134.v3
kx134.v3,NODE_PROTOTYPE,1,KX134_SENSOR_1,sensor_node_1,D4:E9:F4:E9:8E:1C,21590,216379924,0,0,NA,0,-4043,215,-14,-0.987061,0.052490,-0.003418,100,100,8,UNCALIBRATED_SENSOR_1,false,CALIBRATION_MISSING,CALIBRATION_MISSING,kx134_single_node_i2c.0.1.0,kx134.v3
kx134.v3,NODE_PROTOTYPE,1,KX134_SENSOR_1,sensor_node_1,D4:E9:F4:E9:8E:1C,21591,216389924,0,0,NA,0,-4011,198,-11,-0.979248,0.048340,-0.002686,100,100,8,UNCALIBRATED_SENSOR_1,false,CALIBRATION_MISSING,CALIBRATION_MISSING,kx134_single_node_i2c.0.1.0,kx134.v3
kx134.v3,NODE_PROTOTYPE,1,KX134_SENSOR_1,sensor_node_1,D4:E9:F4:E9:8E:1C,21592,216399925,0,0,NA,0,-4047,196,-19,-0.988037,0.047852,-0.004639,100,100,8,UNCALIBRATED_SENSOR_1,false,CALIBRATION_MISSING,CALIBRATION_MISSING,kx134_single_node_i2c.0.1.0,kx134.v3
kx134.v3,NODE_PROTOTYPE,1,KX134_SENSOR_1,sensor_node_1,D4:E9:F4:E9:8E:1C,21593,216409925,0,0,NA,0,-4067,233,-22,-0.992920,0.056885,-0.005371,100,100,8,UNCALIBRATED_SENSOR_1,false,CALIBRATION_MISSING,CALIBRATION_MISSING,kx134_single_node_i2c.0.1.0,kx134.v3
kx134.v3,NODE_PROTOTYPE,1,KX134_SENSOR_1,sensor_node_1,D4:E9:F4:E9:8E:1C,21594,216419924,0,0,NA,0,-4058,282,-38,-0.990723,0.068848,-0.009277,100,100,8,UNCALIBRATED_SENSOR_1,false,CALIBRATION_MISSING,CALIBRATION_MISSING,kx134_single_node_i2c.0.1.0,kx134.v3
kx134.v3,NODE_PROTOTYPE,1,KX134_SENSOR_1,sensor_node_1,D4:E9:F4:E9:8E:1C,21595,216429925,0,0,NA,0,-4050,312,-59,-0.988770,0.076172,-0.014404,100,100,8,UNCALIBRATED_SENSOR_1,false,CALIBRATION_MISSING,CALIBRATION_MISSING,kx134_single_node_i2c.0.1.0,kx134.v3
kx134.v3,NODE_PROTOTYPE,1,KX134_SENSOR_1,sensor_node_1,D4:E9:F4:E9:8E:1C,21596,216439925,0,0,NA,0,-4052,315,-85,-0.989258,0.076904,-0.020752,100,100,8,UNCALIBRATED_SENSOR_1,false,CALIBRATION_MISSING,CALIBRATION_MISSING,kx134_single_node_i2c.0.1.0,kx134.v3
kx134.v3,NODE_PROTOTYPE,1,KX134_SENSOR_1,sensor_node_1,D4:E9:F4:E9:8E:1C,21597,216449925,0,0,NA,0,-4057,285,-107,-0.990479,0.069580,-0.026123,100,100,8,UNCALIBRATED_SENSOR_1,false,CALIBRATION_MISSING,CALIBRATION_MISSING,kx134_single_node_i2c.0.1.0,kx134.v3
kx134.v3,NODE_PROTOTYPE,1,KX134_SENSOR_1,sensor_node_1,D4:E9:F4:E9:8E:1C,21598,216459925,0,0,NA,0,-4072,285,-102,-0.994141,0.069580,-0.024902,100,100,8,UNCALIBRATED_SENSOR_1,false,CALIBRATION_MISSING,CALIBRATION_MISSING,kx134_single_node_i2c.0.1.0,kx134.v3
kx134.v3,NODE_PROTOTYPE,1,KX134_SENSOR_1,sensor_node_1,D4:E9:F4:E9:8E:1C,21599,216469925,0,0,NA,0,-4087,292,-109,-0.997803,0.071289,-0.026611,100,100,8,UNCALIBRATED_SENSOR_1,false,CALIBRATION_MISSING,CALIBRATION_MISSING,kx134_single_node_i2c.0.1.0,kx134.v3
kx134.v3,NODE_PROTOTYPE,1,KX134_SENSOR_1,sensor_node_1,D4:E9:F4:E9:8E:1C,21600,216479925,0,0,NA,0,-4087,291,-115,-0.997803,0.071045,-0.028076,100,100,8,UNCALIBRATED_SENSOR_1,false,CALIBRATION_MISSING,CALIBRATION_MISSING,kx134_single_node_i2c.0.1.0,kx134.v3
kx134.v3,NODE_PROTOTYPE,1,KX134_SENSOR_1,sensor_node_1,D4:E9:F4:E9:8E:1C,21601,216489925,0,0,NA,0,-4075,274,-118,-0.994873,0.066895,-0.028809,100,100,8,UNCALIBRATED_SENSOR_1,false,CALIBRATION_MISSING,CALIBRATION_MISSING,kx134_single_node_i2c.0.1.0,kx134.v3
kx134.v3,NODE_PROTOTYPE,1,KX134_SENSOR_1,sensor_node_1,D4:E9:F4:E9:8E:1C,21602,216499925,0,0,NA,0,-4071,254,-139,-0.993896,0.062012,-0.033936,100,100,8,UNCALIBRATED_SENSOR_1,false,CALIBRATION_MISSING,CALIBRATION_MISSING,kx134_single_node_i2c.0.1.0,kx134.v3
kx134.v3,NODE_PROTOTYPE,1,KX134_SENSOR_1,sensor_node_1,D4:E9:F4:E9:8E:1C,21603,216509925,0,0,NA,0,-4073,278,-121,-0.994385,0.067871,-0.029541,100,100,8,UNCALIBRATED_SENSOR_1,false,CALIBRATION_MISSING,CALIBRATION_MISSING,kx134_single_node_i2c.0.1.0,kx134.v3
kx134.v3,NODE_PROTOTYPE,1,KX134_SENSOR_1,sensor_node_1,D4:E9:F4:E9:8E:1C,21604,216519925,0,0,NA,0,-4078,300,-101,-0.995605,0.073242,-0.024658,100,100,8,UNCALIBRATED_SENSOR_1,false,CALIBRATION_MISSING,CALIBRATION_MISSING,kx134_single_node_i2c.0.1.0,kx134.v3
kx134.v3,NODE_PROTOTYPE,1,KX134_SENSOR_1,sensor_node_1,D4:E9:F4:E9:8E:1C,21605,216529925,0,0,NA,0,-4059,283,-108,-0.990967,0.069092,-0.026367,100,100,8,UNCALIBRATED_SENSOR_1,false,CALIBRATION_MISSING,CALIBRATION_MISSING,kx134_single_node_i2c.0.1.0,kx134.v3
kx134.v3,NODE_PROTOTYPE,1,KX134_SENSOR_1,sensor_node_1,D4:E9:F4:E9:8E:1C,21606,216539925,0,0,NA,0,-4050,248,-98,-0.988770,0.060547,-0.023926,100,100,8,UNCALIBRATED_SENSOR_1,false,CALIBRATION_MISSING,CALIBRATION_MISSING,kx134_single_node_i2c.0.1.0,kx134.v3
kx134.v3,NODE_PROTOTYPE,1,KX134_SENSOR_1,sensor_node_1,D4:E9:F4:E9:8E:1C,21607,216549924,0,0,NA,0,-4052,251,-74,-0.989258,0.061279,-0.018066,100,100,8,UNCALIBRATED_SENSOR_1,false,CALIBRATION_MISSING,CALIBRATION_MISSING,kx134_single_node_i2c.0.1.0,kx134.v3
kx134.v3,NODE_PROTOTYPE,1,KX134_SENSOR_1,sensor_node_1,D4:E9:F4:E9:8E:1C,21608,216559925,0,0,NA,0,-4074,263,-61,-0.994629,0.064209,-0.014893,100,100,8,UNCALIBRATED_SENSOR_1,false,CALIBRATION_MISSING,CALIBRATION_MISSING,kx134_single_node_i2c.0.1.0,kx134.v3
kx134.v3,NODE_PROTOTYPE,1,KX134_SENSOR_1,sensor_node_1,D4:E9:F4:E9:8E:1C,21609,216569925,0,0,NA,0,-4115,280,-83,-1.004639,0.068359,-0.020264,100,100,8,UNCALIBRATED_SENSOR_1,false,CALIBRATION_MISSING,CALIBRATION_MISSING,kx134_single_node_i2c.0.1.0,kx134.v3
kx134.v3,NODE_PROTOTYPE,1,KX134_SENSOR_1,sensor_node_1,D4:E9:F4:E9:8E:1C,21610,216579925,0,0,NA,0,-4107,301,-98,-1.002686,0.073486,-0.023926,100,100,8,UNCALIBRATED_SENSOR_1,false,CALIBRATION_MISSING,CALIBRATION_MISSING,kx134_single_node_i2c.0.1.0,kx134.v3
kx134.v3,NODE_PROTOTYPE,1,KX134_SENSOR_1,sensor_node_1,D4:E9:F4:E9:8E:1C,21611,216589925,0,0,NA,0,-4081,291,-120,-0.996338,0.071045,-0.029297,100,100,8,UNCALIBRATED_SENSOR_1,false,CALIBRATION_MISSING,CALIBRATION_MISSING,kx134_single_node_i2c.0.1.0,kx134.v3
kx134.v3,NODE_PROTOTYPE,1,KX134_SENSOR_1,sensor_node_1,D4:E9:F4:E9:8E:1C,21612,216599925,0,0,NA,0,-4080,321,-137,-0.996094,0.078369,-0.033447,100,100,8,UNCALIBRATED_SENSOR_1,false,CALIBRATION_MISSING,CALIBRATION_MISSING,kx134_single_node_i2c.0.1.0,kx134.v3
kx134.v3,NODE_PROTOTYPE,1,KX134_SENSOR_1,sensor_node_1,D4:E9:F4:E9:8E:1C,21613,216609925,0,0,NA,0,-4108,342,-146,-1.002930,0.083496,-0.035645,100,100,8,UNCALIBRATED_SENSOR_1,false,CALIBRATION_MISSING,CALIBRATION_MISSING,kx134_single_node_i2c.0.1.0,kx134.v3
kx134.v3,NODE_PROTOTYPE,1,KX134_SENSOR_1,sensor_node_1,D4:E9:F4:E9:8E:1C,21614,216619924,0,0,NA,0,-4104,285,-144,-1.001953,0.069580,-0.035156,100,100,8,UNCALIBRATED_SENSOR_1,false,CALIBRATION_MISSING,CALIBRATION_MISSING,kx134_single_node_i2c.0.1.0,kx134.v3
kx134.v3,NODE_PROTOTYPE,1,KX134_SENSOR_1,sensor_node_1,D4:E9:F4:E9:8E:1C,21615,216629924,0,0,NA,0,-4080,244,-131,-0.996094,0.059570,-0.031982,100,100,8,UNCALIBRATED_SENSOR_1,false,CALIBRATION_MISSING,CALIBRATION_MISSING,kx134_single_node_i2c.0.1.0,kx134.v3
kx134.v3,NODE_PROTOTYPE,1,KX134_SENSOR_1,sensor_node_1,D4:E9:F4:E9:8E:1C,21616,216639925,0,0,NA,0,-4074,257,-131,-0.994629,0.062744,-0.031982,100,100,8,UNCALIBRATED_SENSOR_1,false,CALIBRATION_MISSING,CALIBRATION_MISSING,kx134_single_node_i2c.0.1.0,kx134.v3
kx134.v3,NODE_PROTOTYPE,1,KX134_SENSOR_1,sensor_node_1,D4:E9:F4:E9:8E:1C,21617,216649925,0,0,NA,0,-4072,263,-127,-0.994141,0.064209,-0.031006,100,100,8,UNCALIBRATED_SENSOR_1,false,CALIBRATION_MISSING,CALIBRATION_MISSING,kx134_single_node_i2c.0.1.0,kx134.v3
kx134.v3,NODE_PROTOTYPE,1,KX134_SENSOR_1,sensor_node_1,D4:E9:F4:E9:8E:1C,21618,216659925,0,0,NA,0,-4072,250,-80,-0.994141,0.061035,-0.019531,100,100,8,UNCALIBRATED_SENSOR_1,false,CALIBRATION_MISSING,CALIBRATION_MISSING,kx134_single_node_i2c.0.1.0,kx134.v3
kx134.v3,NODE_PROTOTYPE,1,KX134_SENSOR_1,sensor_node_1,D4:E9:F4:E9:8E:1C,21619,216669925,0,0,NA,0,-4064,218,-41,-0.992187,0.053223,-0.010010,100,100,8,UNCALIBRATED_SENSOR_1,false,CALIBRATION_MISSING,CALIBRATION_MISSING,kx134_single_node_i2c.0.1.0,kx134.v3
kx134.v3,NODE_PROTOTYPE,1,KX134_SENSOR_1,sensor_node_1,D4:E9:F4:E9:8E:1C,21620,216679925,0,0,NA,0,-4057,221,-66,-0.990479,0.053955,-0.016113,100,100,8,UNCALIBRATED_SENSOR_1,false,CALIBRATION_MISSING,CALIBRATION_MISSING,kx134_single_node_i2c.0.1.0,kx134.v3
kx134.v3,NODE_PROTOTYPE,1,KX134_SENSOR_1,sensor_node_1,D4:E9:F4:E9:8E:1C,21621,216689925,0,0,NA,0,-4062,256,-90,-0.991699,0.062500,-0.021973,100,100,8,UNCALIBRATED_SENSOR_1,false,CALIBRATION_MISSING,CALIBRATION_MISSING,kx134_single_node_i2c.0.1.0,kx134.v3
kx134.v3,NODE_PROTOTYPE,1,KX134_SENSOR_1,sensor_node_1,D4:E9:F4:E9:8E:1C,21622,216699924,0,0,NA,0,-4068,290,-94,-0.993164,0.070801,-0.022949,100,100,8,UNCALIBRATED_SENSOR_1,false,CALIBRATION_MISSING,CALIBRATION_MISSING,kx134_single_node_i2c.0.1.0,kx134.v3
kx134.v3,NODE_PROTOTYPE,1,KX134_SENSOR_1,sensor_node_1,D4:E9:F4:E9:8E:1C,21623,216709924,0,0,NA,0,-4072,317,-109,-0.994141,0.077393,-0.026611,100,100,8,UNCALIBRATED_SENSOR_1,false,CALIBRATION_MISSING,CALIBRATION_MISSING,kx134_single_node_i2c.0.1.0,kx134.v3
kx134.v3,NODE_PROTOTYPE,1,KX134_SENSOR_1,sensor_node_1,D4:E9:F4:E9:8E:1C,21624,216719925,0,0,NA,0,-4094,300,-120,-0.999512,0.073242,-0.029297,100,100,8,UNCALIBRATED_SENSOR_1,false,CALIBRATION_MISSING,CALIBRATION_MISSING,kx134_single_node_i2c.0.1.0,kx134.v3
kx134.v3,NODE_PROTOTYPE,1,KX134_SENSOR_1,sensor_node_1,D4:E9:F4:E9:8E:1C,21625,216729925,0,0,NA,0,-4098,257,-119,-1.000488,0.062744,-0.029053,100,100,8,UNCALIBRATED_SENSOR_1,false,CALIBRATION_MISSING,CALIBRATION_MISSING,kx134_single_node_i2c.0.1.0,kx134.v3
kx134.v3,NODE_PROTOTYPE,1,KX134_SENSOR_1,sensor_node_1,D4:E9:F4:E9:8E:1C,21626,216739925,0,0,NA,0,-4068,240,-98,-0.993164,0.058594,-0.023926,100,100,8,UNCALIBRATED_SENSOR_1,false,CALIBRATION_MISSING,CALIBRATION_MISSING,kx134_single_node_i2c.0.1.0,kx134.v3
kx134.v3,NODE_PROTOTYPE,1,KX134_SENSOR_1,sensor_node_1,D4:E9:F4:E9:8E:1C,21627,216749925,0,0,NA,0,-4047,255,-84,-0.988037,0.062256,-0.020508,100,100,8,UNCALIBRATED_SENSOR_1,false,CALIBRATION_MISSING,CALIBRATION_MISSING,kx134_single_node_i2c.0.1.0,kx134.v3
kx134.v3,NODE_PROTOTYPE,1,KX134_SENSOR_1,sensor_node_1,D4:E9:F4:E9:8E:1C,21628,216759924,0,0,NA,0,-4049,268,-85,-0.988525,0.065430,-0.020752,100,100,8,UNCALIBRATED_SENSOR_1,false,CALIBRATION_MISSING,CALIBRATION_MISSING,kx134_single_node_i2c.0.1.0,kx134.v3
kx134.v3,NODE_PROTOTYPE,1,KX134_SENSOR_1,sensor_node_1,D4:E9:F4:E9:8E:1C,21629,216769924,0,0,NA,0,-4054,254,-68,-0.989746,0.062012,-0.016602,100,100,8,UNCALIBRATED_SENSOR_1,false,CALIBRATION_MISSING,CALIBRATION_MISSING,kx134_single_node_i2c.0.1.0,kx134.v3
kx134.v3,NODE_PROTOTYPE,1,KX134_SENSOR_1,sensor_node_1,D4:E9:F4:E9:8E:1C,21630,216779924,0,0,NA,0,-4082,240,-62,-0.996582,0.058594,-0.015137,100,100,8,UNCALIBRATED_SENSOR_1,false,CALIBRATION_MISSING,CALIBRATION_MISSING,kx134_single_node_i2c.0.1.0,kx134.v3
kx134.v3,NODE_PROTOTYPE,1,KX134_SENSOR_1,sensor_node_1,D4:E9:F4:E9:8E:1C,21631,216789925,0,0,NA,0,-4082,237,-31,-0.996582,0.057861,-0.007568,100,100,8,UNCALIBRATED_SENSOR_1,false,CALIBRATION_MISSING,CALIBRATION_MISSING,kx134_single_node_i2c.0.1.0,kx134.v3
kx134.v3,NODE_PROTOTYPE,1,KX134_SENSOR_1,sensor_node_1,D4:E9:F4:E9:8E:1C,21632,216799925,0,0,NA,0,-4052,252,-38,-0.989258,0.061523,-0.009277,100,100,8,UNCALIBRATED_SENSOR_1,false,CALIBRATION_MISSING,CALIBRATION_MISSING,kx134_single_node_i2c.0.1.0,kx134.v3
kx134.v3,NODE_PROTOTYPE,1,KX134_SENSOR_1,sensor_node_1,D4:E9:F4:E9:8E:1C,21633,216809924,0,0,NA,0,-4060,260,-91,-0.991211,0.063477,-0.022217,100,100,8,UNCALIBRATED_SENSOR_1,false,CALIBRATION_MISSING,CALIBRATION_MISSING,kx134_single_node_i2c.0.1.0,kx134.v3
kx134.v3,NODE_PROTOTYPE,1,KX134_SENSOR_1,sensor_node_1,D4:E9:F4:E9:8E:1C,21634,216819924,0,0,NA,0,-4064,266,-94,-0.992187,0.064941,-0.022949,100,100,8,UNCALIBRATED_SENSOR_1,false,CALIBRATION_MISSING,CALIBRATION_MISSING,kx134_single_node_i2c.0.1.0,kx134.v3
kx134.v3,NODE_PROTOTYPE,1,KX134_SENSOR_1,sensor_node_1,D4:E9:F4:E9:8E:1C,21635,216829924,0,0,NA,0,-4043,286,-108,-0.987061,0.069824,-0.026367,100,100,8,UNCALIBRATED_SENSOR_1,false,CALIBRATION_MISSING,CALIBRATION_MISSING,kx134_single_node_i2c.0.1.0,kx134.v3
kx134.v3,NODE_PROTOTYPE,1,KX134_SENSOR_1,sensor_node_1,D4:E9:F4:E9:8E:1C,21636,216839924,0,0,NA,0,-4009,254,-117,-0.978760,0.062012,-0.028564,100,100,8,UNCALIBRATED_SENSOR_1,false,CALIBRATION_MISSING,CALIBRATION_MISSING,kx134_single_node_i2c.0.1.0,kx134.v3
kx134.v3,NODE_PROTOTYPE,1,KX134_SENSOR_1,sensor_node_1,D4:E9:F4:E9:8E:1C,21637,216849925,0,0,NA,0,-4022,232,-90,-0.981934,0.056641,-0.021973,100,100,8,UNCALIBRATED_SENSOR_1,false,CALIBRATION_MISSING,CALIBRATION_MISSING,kx134_single_node_i2c.0.1.0,kx134.v3
kx134.v3,NODE_PROTOTYPE,1,KX134_SENSOR_1,sensor_node_1,D4:E9:F4:E9:8E:1C,21638,216859925,0,0,NA,0,-4045,260,-94,-0.987549,0.063477,-0.022949,100,100,8,UNCALIBRATED_SENSOR_1,false,CALIBRATION_MISSING,CALIBRATION_MISSING,kx134_single_node_i2c.0.1.0,kx134.v3
kx134.v3,NODE_PROTOTYPE,1,KX134_SENSOR_1,sensor_node_1,D4:E9:F4:E9:8E:1C,21639,216869925,0,0,NA,0,-4056,269,-105,-0.990234,0.065674,-0.025635,100,100,8,UNCALIBRATED_SENSOR_1,false,CALIBRATION_MISSING,CALIBRATION_MISSING,kx134_single_node_i2c.0.1.0,kx134.v3
kx134.v3,NODE_PROTOTYPE,1,KX134_SENSOR_1,sensor_node_1,D4:E9:F4:E9:8E:1C,21640,216879925,0,0,NA,0,-4088,254,-107,-0.998047,0.062012,-0.026123,100,100,8,UNCALIBRATED_SENSOR_1,false,CALIBRATION_MISSING,CALIBRATION_MISSING,kx134_single_node_i2c.0.1.0,kx134.v3
kx134.v3,NODE_PROTOTYPE,1,KX134_SENSOR_1,sensor_node_1,D4:E9:F4:E9:8E:1C,21641,216889925,0,0,NA,0,-4118,270,-102,-1.005371,0.065918,-0.024902,100,100,8,UNCALIBRATED_SENSOR_1,false,CALIBRATION_MISSING,CALIBRATION_MISSING,kx134_single_node_i2c.0.1.0,kx134.v3
kx134.v3,NODE_PROTOTYPE,1,KX134_SENSOR_1,sensor_node_1,D4:E9:F4:E9:8E:1C,21642,216899924,0,0,NA,0,-4106,281,-84,-1.002441,0.068604,-0.020508,100,100,8,UNCALIBRATED_SENSOR_1,false,CALIBRATION_MISSING,CALIBRATION_MISSING,kx134_single_node_i2c.0.1.0,kx134.v3
kx134.v3,NODE_PROTOTYPE,1,KX134_SENSOR_1,sensor_node_1,D4:E9:F4:E9:8E:1C,21643,216909924,0,0,NA,0,-4070,271,-98,-0.993652,0.066162,-0.023926,100,100,8,UNCALIBRATED_SENSOR_1,false,CALIBRATION_MISSING,CALIBRATION_MISSING,kx134_single_node_i2c.0.1.0,kx134.v3
kx134.v3,NODE_PROTOTYPE,1,KX134_SENSOR_1,sensor_node_1,D4:E9:F4:E9:8E:1C,21644,216919925,0,0,NA,0,-4060,255,-72,-0.991211,0.062256,-0.017578,100,100,8,UNCALIBRATED_SENSOR_1,false,CALIBRATION_MISSING,CALIBRATION_MISSING,kx134_single_node_i2c.0.1.0,kx134.v3
kx134.v3,NODE_PROTOTYPE,1,KX134_SENSOR_1,sensor_node_1,D4:E9:F4:E9:8E:1C,21645,216929925,0,0,NA,0,-4073,224,-43,-0.994385,0.054687,-0.010498,100,100,8,UNCALIBRATED_SENSOR_1,false,CALIBRATION_MISSING,CALIBRATION_MISSING,kx134_single_node_i2c.0.1.0,kx134.v3
kx134.v3,NODE_PROTOTYPE,1,KX134_SENSOR_1,sensor_node_1,D4:E9:F4:E9:8E:1C,21646,216939925,0,0,NA,0,-4071,230,-78,-0.993896,0.056152,-0.019043,100,100,8,UNCALIBRATED_SENSOR_1,false,CALIBRATION_MISSING,CALIBRATION_MISSING,kx134_single_node_i2c.0.1.0,kx134.v3
kx134.v3,NODE_PROTOTYPE,1,KX134_SENSOR_1,sensor_node_1,D4:E9:F4:E9:8E:1C,21647,216949925,0,0,NA,0,-4070,268,-85,-0.993652,0.065430,-0.020752,100,100,8,UNCALIBRATED_SENSOR_1,false,CALIBRATION_MISSING,CALIBRATION_MISSING,kx134_single_node_i2c.0.1.0,kx134.v3
kx134.v3,NODE_PROTOTYPE,1,KX134_SENSOR_1,sensor_node_1,D4:E9:F4:E9:8E:1C,21648,216959924,0,0,NA,0,-4075,303,-114,-0.994873,0.073975,-0.027832,100,100,8,UNCALIBRATED_SENSOR_1,false,CALIBRATION_MISSING,CALIBRATION_MISSING,kx134_single_node_i2c.0.1.0,kx134.v3
kx134.v3,NODE_PROTOTYPE,1,KX134_SENSOR_1,sensor_node_1,D4:E9:F4:E9:8E:1C,21649,216969924,0,0,NA,0,-4032,248,-99,-0.984375,0.060547,-0.024170,100,100,8,UNCALIBRATED_SENSOR_1,false,CALIBRATION_MISSING,CALIBRATION_MISSING,kx134_single_node_i2c.0.1.0,kx134.v3
kx134.v3,NODE_PROTOTYPE,1,KX134_SENSOR_1,sensor_node_1,D4:E9:F4:E9:8E:1C,21650,216979924,0,0,NA,0,-4032,248,-99,-0.984375,0.060547,-0.024170,100,100,8,UNCALIBRATED_SENSOR_1,false,CALIBRATION_MISSING,CALIBRATION_MISSING,kx134_single_node_i2c.0.1.0,kx134.v3
kx134.v3,NODE_PROTOTYPE,1,KX134_SENSOR_1,sensor_node_1,D4:E9:F4:E9:8E:1C,21651,216989924,0,0,NA,0,-3969,61,21,-0.968994,0.014893,0.005127,100,100,8,UNCALIBRATED_SENSOR_1,false,CALIBRATION_MISSING,CALIBRATION_MISSING,kx134_single_node_i2c.0.1.0,kx134.v3
kx134.v3,NODE_PROTOTYPE,1,KX134_SENSOR_1,sensor_node_1,D4:E9:F4:E9:8E:1C,21652,216999924,0,0,NA,0,-4103,120,-4,-1.001709,0.029297,-0.000977,100,100,8,UNCALIBRATED_SENSOR_1,false,CALIBRATION_MISSING,CALIBRATION_MISSING,kx134_single_node_i2c.0.1.0,kx134.v3
kx134.v3,NODE_PROTOTYPE,1,KX134_SENSOR_1,sensor_node_1,D4:E9:F4:E9:8E:1C,21653,217009925,0,0,NA,0,-4196,356,-107,-1.024414,0.086914,-0.026123,100,100,8,UNCALIBRATED_SENSOR_1,false,CALIBRATION_MISSING,CALIBRATION_MISSING,kx134_single_node_i2c.0.1.0,kx134.v3
kx134.v3,NODE_PROTOTYPE,1,KX134_SENSOR_1,sensor_node_1,D4:E9:F4:E9:8E:1C,21654,217019925,0,0,NA,0,-4045,372,-144,-0.987549,0.090820,-0.035156,100,100,8,UNCALIBRATED_SENSOR_1,false,CALIBRATION_MISSING,CALIBRATION_MISSING,kx134_single_node_i2c.0.1.0,kx134.v3
kx134.v3,NODE_PROTOTYPE,1,KX134_SENSOR_1,sensor_node_1,D4:E9:F4:E9:8E:1C,21655,217029924,0,0,NA,0,-4008,321,-104,-0.978516,0.078369,-0.025391,100,100,8,UNCALIBRATED_SENSOR_1,false,CALIBRATION_MISSING,CALIBRATION_MISSING,kx134_single_node_i2c.0.1.0,kx134.v3
kx134.v3,NODE_PROTOTYPE,1,KX134_SENSOR_1,sensor_node_1,D4:E9:F4:E9:8E:1C,21656,217039924,0,0,NA,0,-3975,333,-33,-0.970459,0.081299,-0.008057,100,100,8,UNCALIBRATED_SENSOR_1,false,CALIBRATION_MISSING,CALIBRATION_MISSING,kx134_single_node_i2c.0.1.0,kx134.v3
kx134.v3,NODE_PROTOTYPE,1,KX134_SENSOR_1,sensor_node_1,D4:E9:F4:E9:8E:1C,21657,217049925,0,0,NA,0,-3974,374,-35,-0.970215,0.091309,-0.008545,100,100,8,UNCALIBRATED_SENSOR_1,false,CALIBRATION_MISSING,CALIBRATION_MISSING,kx134_single_node_i2c.0.1.0,kx134.v3
kx134.v3,NODE_PROTOTYPE,1,KX134_SENSOR_1,sensor_node_1,D4:E9:F4:E9:8E:1C,21658,217059924,0,0,NA,0,-4039,348,-65,-0.986084,0.084961,-0.015869,100,100,8,UNCALIBRATED_SENSOR_1,false,CALIBRATION_MISSING,CALIBRATION_MISSING,kx134_single_node_i2c.0.1.0,kx134.v3
kx134.v3,NODE_PROTOTYPE,1,KX134_SENSOR_1,sensor_node_1,D4:E9:F4:E9:8E:1C,21659,217069925,0,0,NA,0,-4074,292,-84,-0.994629,0.071289,-0.020508,100,100,8,UNCALIBRATED_SENSOR_1,false,CALIBRATION_MISSING,CALIBRATION_MISSING,kx134_single_node_i2c.0.1.0,kx134.v3
kx134.v3,NODE_PROTOTYPE,1,KX134_SENSOR_1,sensor_node_1,D4:E9:F4:E9:8E:1C,21660,217079924,0,0,NA,0,-4100,280,-91,-1.000977,0.068359,-0.022217,100,100,8,UNCALIBRATED_SENSOR_1,false,CALIBRATION_MISSING,CALIBRATION_MISSING,kx134_single_node_i2c.0.1.0,kx134.v3
kx134.v3,NODE_PROTOTYPE,1,KX134_SENSOR_1,sensor_node_1,D4:E9:F4:E9:8E:1C,21661,217089925,0,0,NA,0,-4104,296,-95,-1.001953,0.072266,-0.023193,100,100,8,UNCALIBRATED_SENSOR_1,false,CALIBRATION_MISSING,CALIBRATION_MISSING,kx134_single_node_i2c.0.1.0,kx134.v3
kx134.v3,NODE_PROTOTYPE,1,KX134_SENSOR_1,sensor_node_1,D4:E9:F4:E9:8E:1C,21662,217099925,0,0,NA,0,-4120,288,-104,-1.005859,0.070312,-0.025391,100,100,8,UNCALIBRATED_SENSOR_1,false,CALIBRATION_MISSING,CALIBRATION_MISSING,kx134_single_node_i2c.0.1.0,kx134.v3
kx134.v3,NODE_PROTOTYPE,1,KX134_SENSOR_1,sensor_node_1,D4:E9:F4:E9:8E:1C,21663,217109925,0,0,NA,0,-4129,274,-102,-1.008057,0.066895,-0.024902,100,100,8,UNCALIBRATED_SENSOR_1,false,CALIBRATION_MISSING,CALIBRATION_MISSING,kx134_single_node_i2c.0.1.0,kx134.v3
kx134.v3,NODE_PROTOTYPE,1,KX134_SENSOR_1,sensor_node_1,D4:E9:F4:E9:8E:1C,21664,217119925,0,0,NA,0,-4124,275,-81,-1.006836,0.067139,-0.019775,100,100,8,UNCALIBRATED_SENSOR_1,false,CALIBRATION_MISSING,CALIBRATION_MISSING,kx134_single_node_i2c.0.1.0,kx134.v3
kx134.v3,NODE_PROTOTYPE,1,KX134_SENSOR_1,sensor_node_1,D4:E9:F4:E9:8E:1C,21665,217129925,0,0,NA,0,-4108,292,-72,-1.002930,0.071289,-0.017578,100,100,8,UNCALIBRATED_SENSOR_1,false,CALIBRATION_MISSING,CALIBRATION_MISSING,kx134_single_node_i2c.0.1.0,kx134.v3
kx134.v3,NODE_PROTOTYPE,1,KX134_SENSOR_1,sensor_node_1,D4:E9:F4:E9:8E:1C,21666,217139925,0,0,NA,0,-4085,303,-37,-0.997314,0.073975,-0.009033,100,100,8,UNCALIBRATED_SENSOR_1,false,CALIBRATION_MISSING,CALIBRATION_MISSING,kx134_single_node_i2c.0.1.0,kx134.v3
kx134.v3,NODE_PROTOTYPE,1,KX134_SENSOR_1,sensor_node_1,D4:E9:F4:E9:8E:1C,21667,217149925,0,0,NA,0,-4064,301,-29,-0.992187,0.073486,-0.007080,100,100,8,UNCALIBRATED_SENSOR_1,false,CALIBRATION_MISSING,CALIBRATION_MISSING,kx134_single_node_i2c.0.1.0,kx134.v3
kx134.v3,NODE_PROTOTYPE,1,KX134_SENSOR_1,sensor_node_1,D4:E9:F4:E9:8E:1C,21668,217159924,0,0,NA,0,-4067,286,-46,-0.992920,0.069824,-0.011230,100,100,8,UNCALIBRATED_SENSOR_1,false,CALIBRATION_MISSING,CALIBRATION_MISSING,kx134_single_node_i2c.0.1.0,kx134.v3
kx134.v3,NODE_PROTOTYPE,1,KX134_SENSOR_1,sensor_node_1,D4:E9:F4:E9:8E:1C,21669,217169925,0,0,NA,0,-4078,258,-51,-0.995605,0.062988,-0.012451,100,100,8,UNCALIBRATED_SENSOR_1,false,CALIBRATION_MISSING,CALIBRATION_MISSING,kx134_single_node_i2c.0.1.0,kx134.v3
kx134.v3,NODE_PROTOTYPE,1,KX134_SENSOR_1,sensor_node_1,D4:E9:F4:E9:8E:1C,21670,217179925,0,0,NA,0,-4088,234,-68,-0.998047,0.057129,-0.016602,100,100,8,UNCALIBRATED_SENSOR_1,false,CALIBRATION_MISSING,CALIBRATION_MISSING,kx134_single_node_i2c.0.1.0,kx134.v3
kx134.v3,NODE_PROTOTYPE,1,KX134_SENSOR_1,sensor_node_1,D4:E9:F4:E9:8E:1C,21671,217189925,0,0,NA,0,-4101,216,-77,-1.001221,0.052734,-0.018799,100,100,8,UNCALIBRATED_SENSOR_1,false,CALIBRATION_MISSING,CALIBRATION_MISSING,kx134_single_node_i2c.0.1.0,kx134.v3
kx134.v3,NODE_PROTOTYPE,1,KX134_SENSOR_1,sensor_node_1,D4:E9:F4:E9:8E:1C,21672,217199925,0,0,NA,0,-4091,209,-68,-0.998779,0.051025,-0.016602,100,100,8,UNCALIBRATED_SENSOR_1,false,CALIBRATION_MISSING,CALIBRATION_MISSING,kx134_single_node_i2c.0.1.0,kx134.v3
kx134.v3,NODE_PROTOTYPE,1,KX134_SENSOR_1,sensor_node_1,D4:E9:F4:E9:8E:1C,21673,217209925,0,0,NA,0,-4072,212,-61,-0.994141,0.051758,-0.014893,100,100,8,UNCALIBRATED_SENSOR_1,false,CALIBRATION_MISSING,CALIBRATION_MISSING,kx134_single_node_i2c.0.1.0,kx134.v3
kx134.v3,NODE_PROTOTYPE,1,KX134_SENSOR_1,sensor_node_1,D4:E9:F4:E9:8E:1C,21674,217219925,0,0,NA,0,-4082,235,-78,-0.996582,0.057373,-0.019043,100,100,8,UNCALIBRATED_SENSOR_1,false,CALIBRATION_MISSING,CALIBRATION_MISSING,kx134_single_node_i2c.0.1.0,kx134.v3
kx134.v3,NODE_PROTOTYPE,1,KX134_SENSOR_1,sensor_node_1,D4:E9:F4:E9:8E:1C,21675,217229925,0,0,NA,0,-4082,266,-91,-0.996582,0.064941,-0.022217,100,100,8,UNCALIBRATED_SENSOR_1,false,CALIBRATION_MISSING,CALIBRATION_MISSING,kx134_single_node_i2c.0.1.0,kx134.v3
kx134.v3,NODE_PROTOTYPE,1,KX134_SENSOR_1,sensor_node_1,D4:E9:F4:E9:8E:1C,21676,217239925,0,0,NA,0,-4088,287,-102,-0.998047,0.070068,-0.024902,100,100,8,UNCALIBRATED_SENSOR_1,false,CALIBRATION_MISSING,CALIBRATION_MISSING,kx134_single_node_i2c.0.1.0,kx134.v3
kx134.v3,NODE_PROTOTYPE,1,KX134_SENSOR_1,sensor_node_1,D4:E9:F4:E9:8E:1C,21677,217249924,0,0,NA,0,-4119,304,-124,-1.005615,0.074219,-0.030273,100,100,8,UNCALIBRATED_SENSOR_1,false,CALIBRATION_MISSING,CALIBRATION_MISSING,kx134_single_node_i2c.0.1.0,kx134.v3
kx134.v3,NODE_PROTOTYPE,1,KX134_SENSOR_1,sensor_node_1,D4:E9:F4:E9:8E:1C,21678,217259925,0,0,NA,0,-4142,290,-108,-1.011230,0.070801,-0.026367,100,100,8,UNCALIBRATED_SENSOR_1,false,CALIBRATION_MISSING,CALIBRATION_MISSING,kx134_single_node_i2c.0.1.0,kx134.v3
kx134.v3,NODE_PROTOTYPE,1,KX134_SENSOR_1,sensor_node_1,D4:E9:F4:E9:8E:1C,21679,217269925,0,0,NA,0,-4134,251,-91,-1.009277,0.061279,-0.022217,100,100,8,UNCALIBRATED_SENSOR_1,false,CALIBRATION_MISSING,CALIBRATION_MISSING,kx134_single_node_i2c.0.1.0,kx134.v3
kx134.v3,NODE_PROTOTYPE,1,KX134_SENSOR_1,sensor_node_1,D4:E9:F4:E9:8E:1C,21680,217279925,0,0,NA,0,-4111,237,-102,-1.003662,0.057861,-0.024902,100,100,8,UNCALIBRATED_SENSOR_1,false,CALIBRATION_MISSING,CALIBRATION_MISSING,kx134_single_node_i2c.0.1.0,kx134.v3
kx134.v3,NODE_PROTOTYPE,1,KX134_SENSOR_1,sensor_node_1,D4:E9:F4:E9:8E:1C,21681,217289924,0,0,NA,0,-4098,236,-99,-1.000488,0.057617,-0.024170,100,100,8,UNCALIBRATED_SENSOR_1,false,CALIBRATION_MISSING,CALIBRATION_MISSING,kx134_single_node_i2c.0.1.0,kx134.v3
kx134.v3,NODE_PROTOTYPE,1,KX134_SENSOR_1,sensor_node_1,D4:E9:F4:E9:8E:1C,21682,217299924,0,0,NA,0,-4078,257,-89,-0.995605,0.062744,-0.021729,100,100,8,UNCALIBRATED_SENSOR_1,false,CALIBRATION_MISSING,CALIBRATION_MISSING,kx134_single_node_i2c.0.1.0,kx134.v3
kx134.v3,NODE_PROTOTYPE,1,KX134_SENSOR_1,sensor_node_1,D4:E9:F4:E9:8E:1C,21683,217309925,0,0,NA,0,-4076,254,-77,-0.995117,0.062012,-0.018799,100,100,8,UNCALIBRATED_SENSOR_1,false,CALIBRATION_MISSING,CALIBRATION_MISSING,kx134_single_node_i2c.0.1.0,kx134.v3
kx134.v3,NODE_PROTOTYPE,1,KX134_SENSOR_1,sensor_node_1,D4:E9:F4:E9:8E:1C,21684,217319925,0,0,NA,0,-4103,257,-89,-1.001709,0.062744,-0.021729,100,100,8,UNCALIBRATED_SENSOR_1,false,CALIBRATION_MISSING,CALIBRATION_MISSING,kx134_single_node_i2c.0.1.0,kx134.v3
kx134.v3,NODE_PROTOTYPE,1,KX134_SENSOR_1,sensor_node_1,D4:E9:F4:E9:8E:1C,21685,217329925,0,0,NA,0,-4106,269,-81,-1.002441,0.065674,-0.019775,100,100,8,UNCALIBRATED_SENSOR_1,false,CALIBRATION_MISSING,CALIBRATION_MISSING,kx134_single_node_i2c.0.1.0,kx134.v3
kx134.v3,NODE_PROTOTYPE,1,KX134_SENSOR_1,sensor_node_1,D4:E9:F4:E9:8E:1C,21686,217339925,0,0,NA,0,-4099,274,-57,-1.000732,0.066895,-0.013916,100,100,8,UNCALIBRATED_SENSOR_1,false,CALIBRATION_MISSING,CALIBRATION_MISSING,kx134_single_node_i2c.0.1.0,kx134.v3
kx134.v3,NODE_PROTOTYPE,1,KX134_SENSOR_1,sensor_node_1,D4:E9:F4:E9:8E:1C,21687,217349925,0,0,NA,0,-4091,271,-49,-0.998779,0.066162,-0.011963,100,100,8,UNCALIBRATED_SENSOR_1,false,CALIBRATION_MISSING,CALIBRATION_MISSING,kx134_single_node_i2c.0.1.0,kx134.v3
kx134.v3,NODE_PROTOTYPE,1,KX134_SENSOR_1,sensor_node_1,D4:E9:F4:E9:8E:1C,21688,217359925,0,0,NA,0,-4086,245,-28,-0.997559,0.059814,-0.006836,100,100,8,UNCALIBRATED_SENSOR_1,false,CALIBRATION_MISSING,CALIBRATION_MISSING,kx134_single_node_i2c.0.1.0,kx134.v3
kx134.v3,NODE_PROTOTYPE,1,KX134_SENSOR_1,sensor_node_1,D4:E9:F4:E9:8E:1C,21689,217369925,0,0,NA,0,-4094,251,-43,-0.999512,0.061279,-0.010498,100,100,8,UNCALIBRATED_SENSOR_1,false,CALIBRATION_MISSING,CALIBRATION_MISSING,kx134_single_node_i2c.0.1.0,kx134.v3
kx134.v3,NODE_PROTOTYPE,1,KX134_SENSOR_1,sensor_node_1,D4:E9:F4:E9:8E:1C,21690,217379925,0,0,NA,0,-4100,269,-75,-1.000977,0.065674,-0.018311,100,100,8,UNCALIBRATED_SENSOR_1,false,CALIBRATION_MISSING,CALIBRATION_MISSING,kx134_single_node_i2c.0.1.0,kx134.v3
kx134.v3,NODE_PROTOTYPE,1,KX134_SENSOR_1,sensor_node_1,D4:E9:F4:E9:8E:1C,21691,217389925,0,0,NA,0,-4103,258,-78,-1.001709,0.062988,-0.019043,100,100,8,UNCALIBRATED_SENSOR_1,false,CALIBRATION_MISSING,CALIBRATION_MISSING,kx134_single_node_i2c.0.1.0,kx134.v3
kx134.v3,NODE_PROTOTYPE,1,KX134_SENSOR_1,sensor_node_1,D4:E9:F4:E9:8E:1C,21692,217399924,0,0,NA,0,-4093,239,-70,-0.999268,0.058350,-0.017090,100,100,8,UNCALIBRATED_SENSOR_1,false,CALIBRATION_MISSING,CALIBRATION_MISSING,kx134_single_node_i2c.0.1.0,kx134.v3
kx134.v3,NODE_PROTOTYPE,1,KX134_SENSOR_1,sensor_node_1,D4:E9:F4:E9:8E:1C,21693,217409925,0,0,NA,0,-4088,250,-57,-0.998047,0.061035,-0.013916,100,100,8,UNCALIBRATED_SENSOR_1,false,CALIBRATION_MISSING,CALIBRATION_MISSING,kx134_single_node_i2c.0.1.0,kx134.v3
kx134.v3,NODE_PROTOTYPE,1,KX134_SENSOR_1,sensor_node_1,D4:E9:F4:E9:8E:1C,21694,217419925,0,0,NA,0,-4062,228,-26,-0.991699,0.055664,-0.006348,100,100,8,UNCALIBRATED_SENSOR_1,false,CALIBRATION_MISSING,CALIBRATION_MISSING,kx134_single_node_i2c.0.1.0,kx134.v3
kx134.v3,NODE_PROTOTYPE,1,KX134_SENSOR_1,sensor_node_1,D4:E9:F4:E9:8E:1C,21695,217429924,0,0,NA,0,-4055,214,-17,-0.989990,0.052246,-0.004150,100,100,8,UNCALIBRATED_SENSOR_1,false,CALIBRATION_MISSING,CALIBRATION_MISSING,kx134_single_node_i2c.0.1.0,kx134.v3
kx134.v3,NODE_PROTOTYPE,1,KX134_SENSOR_1,sensor_node_1,D4:E9:F4:E9:8E:1C,21696,217439924,0,0,NA,0,-4087,231,-54,-0.997803,0.056396,-0.013184,100,100,8,UNCALIBRATED_SENSOR_1,false,CALIBRATION_MISSING,CALIBRATION_MISSING,kx134_single_node_i2c.0.1.0,kx134.v3
kx134.v3,NODE_PROTOTYPE,1,KX134_SENSOR_1,sensor_node_1,D4:E9:F4:E9:8E:1C,21697,217449924,0,0,NA,0,-4084,247,-76,-0.997070,0.060303,-0.018555,100,100,8,UNCALIBRATED_SENSOR_1,false,CALIBRATION_MISSING,CALIBRATION_MISSING,kx134_single_node_i2c.0.1.0,kx134.v3
kx134.v3,NODE_PROTOTYPE,1,KX134_SENSOR_1,sensor_node_1,D4:E9:F4:E9:8E:1C,21698,217459925,0,0,NA,0,-4072,263,-78,-0.994141,0.064209,-0.019043,100,100,8,UNCALIBRATED_SENSOR_1,false,CALIBRATION_MISSING,CALIBRATION_MISSING,kx134_single_node_i2c.0.1.0,kx134.v3
kx134.v3,NODE_PROTOTYPE,1,KX134_SENSOR_1,sensor_node_1,D4:E9:F4:E9:8E:1C,21699,217469925,0,0,NA,0,-4045,248,-49,-0.987549,0.060547,-0.011963,100,100,8,UNCALIBRATED_SENSOR_1,false,CALIBRATION_MISSING,CALIBRATION_MISSING,kx134_single_node_i2c.0.1.0,kx134.v3
kx134.v3,NODE_PROTOTYPE,1,KX134_SENSOR_1,sensor_node_1,D4:E9:F4:E9:8E:1C,21700,217479925,0,0,NA,0,-4039,262,-48,-0.986084,0.063965,-0.011719,100,100,8,UNCALIBRATED_SENSOR_1,false,CALIBRATION_MISSING,CALIBRATION_MISSING,kx134_single_node_i2c.0.1.0,kx134.v3
kx134.v3,NODE_PROTOTYPE,1,KX134_SENSOR_1,sensor_node_1,D4:E9:F4:E9:8E:1C,21701,217489925,0,0,NA,0,-4059,295,-89,-0.990967,0.072021,-0.021729,100,100,8,UNCALIBRATED_SENSOR_1,false,CALIBRATION_MISSING,CALIBRATION_MISSING,kx134_single_node_i2c.0.1.0,kx134.v3
kx134.v3,NODE_PROTOTYPE,1,KX134_SENSOR_1,sensor_node_1,D4:E9:F4:E9:8E:1C,21702,217499925,0,0,NA,0,-4061,289,-89,-0.991455,0.070557,-0.021729,100,100,8,UNCALIBRATED_SENSOR_1,false,CALIBRATION_MISSING,CALIBRATION_MISSING,kx134_single_node_i2c.0.1.0,kx134.v3
kx134.v3,NODE_PROTOTYPE,1,KX134_SENSOR_1,sensor_node_1,D4:E9:F4:E9:8E:1C,21703,217509924,0,0,NA,0,-4075,285,-84,-0.994873,0.069580,-0.020508,100,100,8,UNCALIBRATED_SENSOR_1,false,CALIBRATION_MISSING,CALIBRATION_MISSING,kx134_single_node_i2c.0.1.0,kx134.v3
kx134.v3,NODE_PROTOTYPE,1,KX134_SENSOR_1,sensor_node_1,D4:E9:F4:E9:8E:1C,21704,217519924,0,0,NA,0,-4090,268,-94,-0.998535,0.065430,-0.022949,100,100,8,UNCALIBRATED_SENSOR_1,false,CALIBRATION_MISSING,CALIBRATION_MISSING,kx134_single_node_i2c.0.1.0,kx134.v3
kx134.v3,NODE_PROTOTYPE,1,KX134_SENSOR_1,sensor_node_1,D4:E9:F4:E9:8E:1C,21705,217529925,0,0,NA,0,-4090,248,-107,-0.998535,0.060547,-0.026123,100,100,8,UNCALIBRATED_SENSOR_1,false,CALIBRATION_MISSING,CALIBRATION_MISSING,kx134_single_node_i2c.0.1.0,kx134.v3
kx134.v3,NODE_PROTOTYPE,1,KX134_SENSOR_1,sensor_node_1,D4:E9:F4:E9:8E:1C,21706,217539925,0,0,NA,0,-4082,262,-94,-0.996582,0.063965,-0.022949,100,100,8,UNCALIBRATED_SENSOR_1,false,CALIBRATION_MISSING,CALIBRATION_MISSING,kx134_single_node_i2c.0.1.0,kx134.v3
kx134.v3,NODE_PROTOTYPE,1,KX134_SENSOR_1,sensor_node_1,D4:E9:F4:E9:8E:1C,21707,217549925,0,0,NA,0,-4085,280,-69,-0.997314,0.068359,-0.016846,100,100,8,UNCALIBRATED_SENSOR_1,false,CALIBRATION_MISSING,CALIBRATION_MISSING,kx134_single_node_i2c.0.1.0,kx134.v3
kx134.v3,NODE_PROTOTYPE,1,KX134_SENSOR_1,sensor_node_1,D4:E9:F4:E9:8E:1C,21708,217559925,0,0,NA,0,-4094,293,-66,-0.999512,0.071533,-0.016113,100,100,8,UNCALIBRATED_SENSOR_1,false,CALIBRATION_MISSING,CALIBRATION_MISSING,kx134_single_node_i2c.0.1.0,kx134.v3
kx134.v3,NODE_PROTOTYPE,1,KX134_SENSOR_1,sensor_node_1,D4:E9:F4:E9:8E:1C,21709,217569925,0,0,NA,0,-4092,301,-44,-0.999023,0.073486,-0.010742,100,100,8,UNCALIBRATED_SENSOR_1,false,CALIBRATION_MISSING,CALIBRATION_MISSING,kx134_single_node_i2c.0.1.0,kx134.v3
kx134.v3,NODE_PROTOTYPE,1,KX134_SENSOR_1,sensor_node_1,D4:E9:F4:E9:8E:1C,21710,217579924,0,0,NA,0,-4059,276,-35,-0.990967,0.067383,-0.008545,100,100,8,UNCALIBRATED_SENSOR_1,false,CALIBRATION_MISSING,CALIBRATION_MISSING,kx134_single_node_i2c.0.1.0,kx134.v3
kx134.v3,NODE_PROTOTYPE,1,KX134_SENSOR_1,sensor_node_1,D4:E9:F4:E9:8E:1C,21711,217589925,0,0,NA,0,-4067,249,-57,-0.992920,0.060791,-0.013916,100,100,8,UNCALIBRATED_SENSOR_1,false,CALIBRATION_MISSING,CALIBRATION_MISSING,kx134_single_node_i2c.0.1.0,kx134.v3
kx134.v3,NODE_PROTOTYPE,1,KX134_SENSOR_1,sensor_node_1,D4:E9:F4:E9:8E:1C,21712,217599925,0,0,NA,0,-4094,266,-56,-0.999512,0.064941,-0.013672,100,100,8,UNCALIBRATED_SENSOR_1,false,CALIBRATION_MISSING,CALIBRATION_MISSING,kx134_single_node_i2c.0.1.0,kx134.v3
kx134.v3,NODE_PROTOTYPE,1,KX134_SENSOR_1,sensor_node_1,D4:E9:F4:E9:8E:1C,21713,217609925,0,0,NA,0,-4110,299,-72,-1.003418,0.072998,-0.017578,100,100,8,UNCALIBRATED_SENSOR_1,false,CALIBRATION_MISSING,CALIBRATION_MISSING,kx134_single_node_i2c.0.1.0,kx134.v3
kx134.v3,NODE_PROTOTYPE,1,KX134_SENSOR_1,sensor_node_1,D4:E9:F4:E9:8E:1C,21714,217619924,0,0,NA,0,-4153,305,-102,-1.013916,0.074463,-0.024902,100,100,8,UNCALIBRATED_SENSOR_1,false,CALIBRATION_MISSING,CALIBRATION_MISSING,kx134_single_node_i2c.0.1.0,kx134.v3
kx134.v3,NODE_PROTOTYPE,1,KX134_SENSOR_1,sensor_node_1,D4:E9:F4:E9:8E:1C,21715,217629924,0,0,NA,0,-4152,299,-122,-1.013672,0.072998,-0.029785,100,100,8,UNCALIBRATED_SENSOR_1,false,CALIBRATION_MISSING,CALIBRATION_MISSING,kx134_single_node_i2c.0.1.0,kx134.v3
kx134.v3,NODE_PROTOTYPE,1,KX134_SENSOR_1,sensor_node_1,D4:E9:F4:E9:8E:1C,21716,217639925,0,0,NA,0,-4129,296,-132,-1.008057,0.072266,-0.032227,100,100,8,UNCALIBRATED_SENSOR_1,false,CALIBRATION_MISSING,CALIBRATION_MISSING,kx134_single_node_i2c.0.1.0,kx134.v3
kx134.v3,NODE_PROTOTYPE,1,KX134_SENSOR_1,sensor_node_1,D4:E9:F4:E9:8E:1C,21717,217649925,0,0,NA,0,-4117,264,-103,-1.005127,0.064453,-0.025146,100,100,8,UNCALIBRATED_SENSOR_1,false,CALIBRATION_MISSING,CALIBRATION_MISSING,kx134_single_node_i2c.0.1.0,kx134.v3
kx134.v3,NODE_PROTOTYPE,1,KX134_SENSOR_1,sensor_node_1,D4:E9:F4:E9:8E:1C,21718,217659925,0,0,NA,0,-4104,274,-83,-1.001953,0.066895,-0.020264,100,100,8,UNCALIBRATED_SENSOR_1,false,CALIBRATION_MISSING,CALIBRATION_MISSING,kx134_single_node_i2c.0.1.0,kx134.v3
kx134.v3,NODE_PROTOTYPE,1,KX134_SENSOR_1,sensor_node_1,D4:E9:F4:E9:8E:1C,21719,217669924,0,0,NA,0,-4108,302,-103,-1.002930,0.073730,-0.025146,100,100,8,UNCALIBRATED_SENSOR_1,false,CALIBRATION_MISSING,CALIBRATION_MISSING,kx134_single_node_i2c.0.1.0,kx134.v3
kx134.v3,NODE_PROTOTYPE,1,KX134_SENSOR_1,sensor_node_1,D4:E9:F4:E9:8E:1C,21720,217679924,0,0,NA,0,-4113,293,-109,-1.004150,0.071533,-0.026611,100,100,8,UNCALIBRATED_SENSOR_1,false,CALIBRATION_MISSING,CALIBRATION_MISSING,kx134_single_node_i2c.0.1.0,kx134.v3
kx134.v3,NODE_PROTOTYPE,1,KX134_SENSOR_1,sensor_node_1,D4:E9:F4:E9:8E:1C,21721,217689925,0,0,NA,0,-4111,278,-76,-1.003662,0.067871,-0.018555,100,100,8,UNCALIBRATED_SENSOR_1,false,CALIBRATION_MISSING,CALIBRATION_MISSING,kx134_single_node_i2c.0.1.0,kx134.v3
kx134.v3,NODE_PROTOTYPE,1,KX134_SENSOR_1,sensor_node_1,D4:E9:F4:E9:8E:1C,21722,217699924,0,0,NA,0,-4094,291,-59,-0.999512,0.071045,-0.014404,100,100,8,UNCALIBRATED_SENSOR_1,false,CALIBRATION_MISSING,CALIBRATION_MISSING,kx134_single_node_i2c.0.1.0,kx134.v3
kx134.v3,NODE_PROTOTYPE,1,KX134_SENSOR_1,sensor_node_1,D4:E9:F4:E9:8E:1C,21723,217709925,0,0,NA,0,-4077,298,-45,-0.995361,0.072754,-0.010986,100,100,8,UNCALIBRATED_SENSOR_1,false,CALIBRATION_MISSING,CALIBRATION_MISSING,kx134_single_node_i2c.0.1.0,kx134.v3
kx134.v3,NODE_PROTOTYPE,1,KX134_SENSOR_1,sensor_node_1,D4:E9:F4:E9:8E:1C,21724,217719924,0,0,NA,0,-4082,298,-33,-0.996582,0.072754,-0.008057,100,100,8,UNCALIBRATED_SENSOR_1,false,CALIBRATION_MISSING,CALIBRATION_MISSING,kx134_single_node_i2c.0.1.0,kx134.v3
kx134.v3,NODE_PROTOTYPE,1,KX134_SENSOR_1,sensor_node_1,D4:E9:F4:E9:8E:1C,21725,217729924,0,0,NA,0,-4089,297,-46,-0.998291,0.072510,-0.011230,100,100,8,UNCALIBRATED_SENSOR_1,false,CALIBRATION_MISSING,CALIBRATION_MISSING,kx134_single_node_i2c.0.1.0,kx134.v3
kx134.v3,NODE_PROTOTYPE,1,KX134_SENSOR_1,sensor_node_1,D4:E9:F4:E9:8E:1C,21726,217739924,0,0,NA,0,-4086,291,-69,-0.997559,0.071045,-0.016846,100,100,8,UNCALIBRATED_SENSOR_1,false,CALIBRATION_MISSING,CALIBRATION_MISSING,kx134_single_node_i2c.0.1.0,kx134.v3
kx134.v3,NODE_PROTOTYPE,1,KX134_SENSOR_1,sensor_node_1,D4:E9:F4:E9:8E:1C,21727,217749924,0,0,NA,0,-4106,315,-83,-1.002441,0.076904,-0.020264,100,100,8,UNCALIBRATED_SENSOR_1,false,CALIBRATION_MISSING,CALIBRATION_MISSING,kx134_single_node_i2c.0.1.0,kx134.v3
kx134.v3,NODE_PROTOTYPE,1,KX134_SENSOR_1,sensor_node_1,D4:E9:F4:E9:8E:1C,21728,217759924,0,0,NA,0,-4116,336,-67,-1.004883,0.082031,-0.016357,100,100,8,UNCALIBRATED_SENSOR_1,false,CALIBRATION_MISSING,CALIBRATION_MISSING,kx134_single_node_i2c.0.1.0,kx134.v3
kx134.v3,NODE_PROTOTYPE,1,KX134_SENSOR_1,sensor_node_1,D4:E9:F4:E9:8E:1C,21729,217769925,0,0,NA,0,-4091,301,-59,-0.998779,0.073486,-0.014404,100,100,8,UNCALIBRATED_SENSOR_1,false,CALIBRATION_MISSING,CALIBRATION_MISSING,kx134_single_node_i2c.0.1.0,kx134.v3
kx134.v3,NODE_PROTOTYPE,1,KX134_SENSOR_1,sensor_node_1,D4:E9:F4:E9:8E:1C,21730,217779925,0,0,NA,0,-4080,270,-84,-0.996094,0.065918,-0.020508,100,100,8,UNCALIBRATED_SENSOR_1,false,CALIBRATION_MISSING,CALIBRATION_MISSING,kx134_single_node_i2c.0.1.0,kx134.v3
kx134.v3,NODE_PROTOTYPE,1,KX134_SENSOR_1,sensor_node_1,D4:E9:F4:E9:8E:1C,21731,217789924,0,0,NA,0,-4054,270,-94,-0.989746,0.065918,-0.022949,100,100,8,UNCALIBRATED_SENSOR_1,false,CALIBRATION_MISSING,CALIBRATION_MISSING,kx134_single_node_i2c.0.1.0,kx134.v3
kx134.v3,NODE_PROTOTYPE,1,KX134_SENSOR_1,sensor_node_1,D4:E9:F4:E9:8E:1C,21732,217799925,0,0,NA,0,-4031,263,-73,-0.984131,0.064209,-0.017822,100,100,8,UNCALIBRATED_SENSOR_1,false,CALIBRATION_MISSING,CALIBRATION_MISSING,kx134_single_node_i2c.0.1.0,kx134.v3
kx134.v3,NODE_PROTOTYPE,1,KX134_SENSOR_1,sensor_node_1,D4:E9:F4:E9:8E:1C,21733,217809924,0,0,NA,0,-4037,271,-61,-0.985596,0.066162,-0.014893,100,100,8,UNCALIBRATED_SENSOR_1,false,CALIBRATION_MISSING,CALIBRATION_MISSING,kx134_single_node_i2c.0.1.0,kx134.v3
kx134.v3,NODE_PROTOTYPE,1,KX134_SENSOR_1,sensor_node_1,D4:E9:F4:E9:8E:1C,21734,217819924,0,0,NA,0,-4052,269,-82,-0.989258,0.065674,-0.020020,100,100,8,UNCALIBRATED_SENSOR_1,false,CALIBRATION_MISSING,CALIBRATION_MISSING,kx134_single_node_i2c.0.1.0,kx134.v3
kx134.v3,NODE_PROTOTYPE,1,KX134_SENSOR_1,sensor_node_1,D4:E9:F4:E9:8E:1C,21735,217829925,0,0,NA,0,-4074,240,-104,-0.994629,0.058594,-0.025391,100,100,8,UNCALIBRATED_SENSOR_1,false,CALIBRATION_MISSING,CALIBRATION_MISSING,kx134_single_node_i2c.0.1.0,kx134.v3
kx134.v3,NODE_PROTOTYPE,1,KX134_SENSOR_1,sensor_node_1,D4:E9:F4:E9:8E:1C,21736,217839925,0,0,NA,0,-4089,249,-112,-0.998291,0.060791,-0.027344,100,100,8,UNCALIBRATED_SENSOR_1,false,CALIBRATION_MISSING,CALIBRATION_MISSING,kx134_single_node_i2c.0.1.0,kx134.v3
kx134.v3,NODE_PROTOTYPE,1,KX134_SENSOR_1,sensor_node_1,D4:E9:F4:E9:8E:1C,21737,217849924,0,0,NA,0,-4084,224,-81,-0.997070,0.054687,-0.019775,100,100,8,UNCALIBRATED_SENSOR_1,false,CALIBRATION_MISSING,CALIBRATION_MISSING,kx134_single_node_i2c.0.1.0,kx134.v3
kx134.v3,NODE_PROTOTYPE,1,KX134_SENSOR_1,sensor_node_1,D4:E9:F4:E9:8E:1C,21738,217859925,0,0,NA,0,-4022,148,-35,-0.981934,0.036133,-0.008545,100,100,8,UNCALIBRATED_SENSOR_1,false,CALIBRATION_MISSING,CALIBRATION_MISSING,kx134_single_node_i2c.0.1.0,kx134.v3
kx134.v3,NODE_PROTOTYPE,1,KX134_SENSOR_1,sensor_node_1,D4:E9:F4:E9:8E:1C,21739,217869925,0,0,NA,0,-4068,148,-35,-0.993164,0.036133,-0.008545,100,100,8,UNCALIBRATED_SENSOR_1,false,CALIBRATION_MISSING,CALIBRATION_MISSING,kx134_single_node_i2c.0.1.0,kx134.v3
kx134.v3,NODE_PROTOTYPE,1,KX134_SENSOR_1,sensor_node_1,D4:E9:F4:E9:8E:1C,21740,217879925,0,0,NA,0,-4068,252,-147,-0.993164,0.061523,-0.035889,100,100,8,UNCALIBRATED_SENSOR_1,false,CALIBRATION_MISSING,CALIBRATION_MISSING,kx134_single_node_i2c.0.1.0,kx134.v3
kx134.v3,NODE_PROTOTYPE,1,KX134_SENSOR_1,sensor_node_1,D4:E9:F4:E9:8E:1C,21741,217889925,0,0,NA,0,-4069,273,-228,-0.993408,0.066650,-0.055664,100,100,8,UNCALIBRATED_SENSOR_1,false,CALIBRATION_MISSING,CALIBRATION_MISSING,kx134_single_node_i2c.0.1.0,kx134.v3
kx134.v3,NODE_PROTOTYPE,1,KX134_SENSOR_1,sensor_node_1,D4:E9:F4:E9:8E:1C,21742,217899925,0,0,NA,0,-3934,177,-134,-0.960449,0.043213,-0.032715,100,100,8,UNCALIBRATED_SENSOR_1,false,CALIBRATION_MISSING,CALIBRATION_MISSING,kx134_single_node_i2c.0.1.0,kx134.v3
kx134.v3,NODE_PROTOTYPE,1,KX134_SENSOR_1,sensor_node_1,D4:E9:F4:E9:8E:1C,21743,217909925,0,0,NA,0,-3905,221,-122,-0.953369,0.053955,-0.029785,100,100,8,UNCALIBRATED_SENSOR_1,false,CALIBRATION_MISSING,CALIBRATION_MISSING,kx134_single_node_i2c.0.1.0,kx134.v3
kx134.v3,NODE_PROTOTYPE,1,KX134_SENSOR_1,sensor_node_1,D4:E9:F4:E9:8E:1C,21744,217919924,0,0,NA,0,-3968,187,-185,-0.968750,0.045654,-0.045166,100,100,8,UNCALIBRATED_SENSOR_1,false,CALIBRATION_MISSING,CALIBRATION_MISSING,kx134_single_node_i2c.0.1.0,kx134.v3
kx134.v3,NODE_PROTOTYPE,1,KX134_SENSOR_1,sensor_node_1,D4:E9:F4:E9:8E:1C,21745,217929925,0,0,NA,0,-4033,258,-212,-0.984619,0.062988,-0.051758,100,100,8,UNCALIBRATED_SENSOR_1,false,CALIBRATION_MISSING,CALIBRATION_MISSING,kx134_single_node_i2c.0.1.0,kx134.v3
kx134.v3,NODE_PROTOTYPE,1,KX134_SENSOR_1,sensor_node_1,D4:E9:F4:E9:8E:1C,21746,217939925,0,0,NA,0,-4081,366,-159,-0.996338,0.089355,-0.038818,100,100,8,UNCALIBRATED_SENSOR_1,false,CALIBRATION_MISSING,CALIBRATION_MISSING,kx134_single_node_i2c.0.1.0,kx134.v3
kx134.v3,NODE_PROTOTYPE,1,KX134_SENSOR_1,sensor_node_1,D4:E9:F4:E9:8E:1C,21747,217949925,0,0,NA,0,-4112,295,-69,-1.003906,0.072021,-0.016846,100,100,8,UNCALIBRATED_SENSOR_1,false,CALIBRATION_MISSING,CALIBRATION_MISSING,kx134_single_node_i2c.0.1.0,kx134.v3
kx134.v3,NODE_PROTOTYPE,1,KX134_SENSOR_1,sensor_node_1,D4:E9:F4:E9:8E:1C,21748,217959925,0,0,NA,0,-4116,249,-67,-1.004883,0.060791,-0.016357,100,100,8,UNCALIBRATED_SENSOR_1,false,CALIBRATION_MISSING,CALIBRATION_MISSING,kx134_single_node_i2c.0.1.0,kx134.v3
kx134.v3,NODE_PROTOTYPE,1,KX134_SENSOR_1,sensor_node_1,D4:E9:F4:E9:8E:1C,21749,217969925,0,0,NA,0,-4129,240,-97,-1.008057,0.058594,-0.023682,100,100,8,UNCALIBRATED_SENSOR_1,false,CALIBRATION_MISSING,CALIBRATION_MISSING,kx134_single_node_i2c.0.1.0,kx134.v3
kx134.v3,NODE_PROTOTYPE,1,KX134_SENSOR_1,sensor_node_1,D4:E9:F4:E9:8E:1C,21750,217979925,0,0,NA,0,-4105,253,-91,-1.002197,0.061768,-0.022217,100,100,8,UNCALIBRATED_SENSOR_1,false,CALIBRATION_MISSING,CALIBRATION_MISSING,kx134_single_node_i2c.0.1.0,kx134.v3
kx134.v3,NODE_PROTOTYPE,1,KX134_SENSOR_1,sensor_node_1,D4:E9:F4:E9:8E:1C,21751,217989925,0,0,NA,0,-4098,255,-99,-1.000488,0.062256,-0.024170,100,100,8,UNCALIBRATED_SENSOR_1,false,CALIBRATION_MISSING,CALIBRATION_MISSING,kx134_single_node_i2c.0.1.0,kx134.v3
kx134.v3,NODE_PROTOTYPE,1,KX134_SENSOR_1,sensor_node_1,D4:E9:F4:E9:8E:1C,21752,217999925,0,0,NA,0,-4122,256,-137,-1.006348,0.062500,-0.033447,100,100,8,UNCALIBRATED_SENSOR_1,false,CALIBRATION_MISSING,CALIBRATION_MISSING,kx134_single_node_i2c.0.1.0,kx134.v3
kx134.v3,NODE_PROTOTYPE,1,KX134_SENSOR_1,sensor_node_1,D4:E9:F4:E9:8E:1C,21753,218009925,0,0,NA,0,-4123,267,-143,-1.006592,0.065186,-0.034912,100,100,8,UNCALIBRATED_SENSOR_1,false,CALIBRATION_MISSING,CALIBRATION_MISSING,kx134_single_node_i2c.0.1.0,kx134.v3
kx134.v3,NODE_PROTOTYPE,1,KX134_SENSOR_1,sensor_node_1,D4:E9:F4:E9:8E:1C,21754,218019925,0,0,NA,0,-4109,241,-111,-1.003174,0.058838,-0.027100,100,100,8,UNCALIBRATED_SENSOR_1,false,CALIBRATION_MISSING,CALIBRATION_MISSING,kx134_single_node_i2c.0.1.0,kx134.v3
kx134.v3,NODE_PROTOTYPE,1,KX134_SENSOR_1,sensor_node_1,D4:E9:F4:E9:8E:1C,21755,218029925,0,0,NA,0,-4103,221,-96,-1.001709,0.053955,-0.023437,100,100,8,UNCALIBRATED_SENSOR_1,false,CALIBRATION_MISSING,CALIBRATION_MISSING,kx134_single_node_i2c.0.1.0,kx134.v3
kx134.v3,NODE_PROTOTYPE,1,KX134_SENSOR_1,sensor_node_1,D4:E9:F4:E9:8E:1C,21756,218039925,0,0,NA,0,-4104,227,-98,-1.001953,0.055420,-0.023926,100,100,8,UNCALIBRATED_SENSOR_1,false,CALIBRATION_MISSING,CALIBRATION_MISSING,kx134_single_node_i2c.0.1.0,kx134.v3
kx134.v3,NODE_PROTOTYPE,1,KX134_SENSOR_1,sensor_node_1,D4:E9:F4:E9:8E:1C,21757,218049925,0,0,NA,0,-4116,253,-104,-1.004883,0.061768,-0.025391,100,100,8,UNCALIBRATED_SENSOR_1,false,CALIBRATION_MISSING,CALIBRATION_MISSING,kx134_single_node_i2c.0.1.0,kx134.v3
kx134.v3,NODE_PROTOTYPE,1,KX134_SENSOR_1,sensor_node_1,D4:E9:F4:E9:8E:1C,21758,218059925,0,0,NA,0,-4112,258,-114,-1.003906,0.062988,-0.027832,100,100,8,UNCALIBRATED_SENSOR_1,false,CALIBRATION_MISSING,CALIBRATION_MISSING,kx134_single_node_i2c.0.1.0,kx134.v3
kx134.v3,NODE_PROTOTYPE,1,KX134_SENSOR_1,sensor_node_1,D4:E9:F4:E9:8E:1C,21759,218069925,0,0,NA,0,-4115,283,-111,-1.004639,0.069092,-0.027100,100,100,8,UNCALIBRATED_SENSOR_1,false,CALIBRATION_MISSING,CALIBRATION_MISSING,kx134_single_node_i2c.0.1.0,kx134.v3
kx134.v3,NODE_PROTOTYPE,1,KX134_SENSOR_1,sensor_node_1,D4:E9:F4:E9:8E:1C,21760,218079924,0,0,NA,0,-4108,335,-96,-1.002930,0.081787,-0.023437,100,100,8,UNCALIBRATED_SENSOR_1,false,CALIBRATION_MISSING,CALIBRATION_MISSING,kx134_single_node_i2c.0.1.0,kx134.v3
kx134.v3,NODE_PROTOTYPE,1,KX134_SENSOR_1,sensor_node_1,D4:E9:F4:E9:8E:1C,21761,218089924,0,0,NA,0,-4087,326,-83,-0.997803,0.079590,-0.020264,100,100,8,UNCALIBRATED_SENSOR_1,false,CALIBRATION_MISSING,CALIBRATION_MISSING,kx134_single_node_i2c.0.1.0,kx134.v3
kx134.v3,NODE_PROTOTYPE,1,KX134_SENSOR_1,sensor_node_1,D4:E9:F4:E9:8E:1C,21762,218099924,0,0,NA,0,-4093,298,-82,-0.999268,0.072754,-0.020020,100,100,8,UNCALIBRATED_SENSOR_1,false,CALIBRATION_MISSING,CALIBRATION_MISSING,kx134_single_node_i2c.0.1.0,kx134.v3
kx134.v3,NODE_PROTOTYPE,1,KX134_SENSOR_1,sensor_node_1,D4:E9:F4:E9:8E:1C,21763,218109925,0,0,NA,0,-4103,279,-67,-1.001709,0.068115,-0.016357,100,100,8,UNCALIBRATED_SENSOR_1,false,CALIBRATION_MISSING,CALIBRATION_MISSING,kx134_single_node_i2c.0.1.0,kx134.v3
kx134.v3,NODE_PROTOTYPE,1,KX134_SENSOR_1,sensor_node_1,D4:E9:F4:E9:8E:1C,21764,218119925,0,0,NA,0,-4110,277,-67,-1.003418,0.067627,-0.016357,100,100,8,UNCALIBRATED_SENSOR_1,false,CALIBRATION_MISSING,CALIBRATION_MISSING,kx134_single_node_i2c.0.1.0,kx134.v3
kx134.v3,NODE_PROTOTYPE,1,KX134_SENSOR_1,sensor_node_1,D4:E9:F4:E9:8E:1C,21765,218129924,0,0,NA,0,-4128,287,-94,-1.007813,0.070068,-0.022949,100,100,8,UNCALIBRATED_SENSOR_1,false,CALIBRATION_MISSING,CALIBRATION_MISSING,kx134_single_node_i2c.0.1.0,kx134.v3
kx134.v3,NODE_PROTOTYPE,1,KX134_SENSOR_1,sensor_node_1,D4:E9:F4:E9:8E:1C,21766,218139924,0,0,NA,0,-4148,308,-99,-1.012695,0.075195,-0.024170,100,100,8,UNCALIBRATED_SENSOR_1,false,CALIBRATION_MISSING,CALIBRATION_MISSING,kx134_single_node_i2c.0.1.0,kx134.v3
kx134.v3,NODE_PROTOTYPE,1,KX134_SENSOR_1,sensor_node_1,D4:E9:F4:E9:8E:1C,21767,218149925,0,0,NA,0,-4126,312,-77,-1.007324,0.076172,-0.018799,100,100,8,UNCALIBRATED_SENSOR_1,false,CALIBRATION_MISSING,CALIBRATION_MISSING,kx134_single_node_i2c.0.1.0,kx134.v3
kx134.v3,NODE_PROTOTYPE,1,KX134_SENSOR_1,sensor_node_1,D4:E9:F4:E9:8E:1C,21768,218159925,0,0,NA,0,-4106,279,-77,-1.002441,0.068115,-0.018799,100,100,8,UNCALIBRATED_SENSOR_1,false,CALIBRATION_MISSING,CALIBRATION_MISSING,kx134_single_node_i2c.0.1.0,kx134.v3
kx134.v3,NODE_PROTOTYPE,1,KX134_SENSOR_1,sensor_node_1,D4:E9:F4:E9:8E:1C,21769,218169925,0,0,NA,0,-4108,270,-94,-1.002930,0.065918,-0.022949,100,100,8,UNCALIBRATED_SENSOR_1,false,CALIBRATION_MISSING,CALIBRATION_MISSING,kx134_single_node_i2c.0.1.0,kx134.v3
kx134.v3,NODE_PROTOTYPE,1,KX134_SENSOR_1,sensor_node_1,D4:E9:F4:E9:8E:1C,21770,218179925,0,0,NA,0,-4107,275,-102,-1.002686,0.067139,-0.024902,100,100,8,UNCALIBRATED_SENSOR_1,false,CALIBRATION_MISSING,CALIBRATION_MISSING,kx134_single_node_i2c.0.1.0,kx134.v3
kx134.v3,NODE_PROTOTYPE,1,KX134_SENSOR_1,sensor_node_1,D4:E9:F4:E9:8E:1C,21771,218189924,0,0,NA,0,-4099,259,-113,-1.000732,0.063232,-0.027588,100,100,8,UNCALIBRATED_SENSOR_1,false,CALIBRATION_MISSING,CALIBRATION_MISSING,kx134_single_node_i2c.0.1.0,kx134.v3
kx134.v3,NODE_PROTOTYPE,1,KX134_SENSOR_1,sensor_node_1,D4:E9:F4:E9:8E:1C,21772,218199924,0,0,NA,0,-4089,241,-138,-0.998291,0.058838,-0.033691,100,100,8,UNCALIBRATED_SENSOR_1,false,CALIBRATION_MISSING,CALIBRATION_MISSING,kx134_single_node_i2c.0.1.0,kx134.v3
kx134.v3,NODE_PROTOTYPE,1,KX134_SENSOR_1,sensor_node_1,D4:E9:F4:E9:8E:1C,21773,218209924,0,0,NA,0,-4066,243,-114,-0.992676,0.059326,-0.027832,100,100,8,UNCALIBRATED_SENSOR_1,false,CALIBRATION_MISSING,CALIBRATION_MISSING,kx134_single_node_i2c.0.1.0,kx134.v3
kx134.v3,NODE_PROTOTYPE,1,KX134_SENSOR_1,sensor_node_1,D4:E9:F4:E9:8E:1C,21774,218219925,0,0,NA,0,-4051,236,-69,-0.989014,0.057617,-0.016846,100,100,8,UNCALIBRATED_SENSOR_1,false,CALIBRATION_MISSING,CALIBRATION_MISSING,kx134_single_node_i2c.0.1.0,kx134.v3
kx134.v3,NODE_PROTOTYPE,1,KX134_SENSOR_1,sensor_node_1,D4:E9:F4:E9:8E:1C,21775,218229924,0,0,NA,0,-4062,264,-84,-0.991699,0.064453,-0.020508,100,100,8,UNCALIBRATED_SENSOR_1,false,CALIBRATION_MISSING,CALIBRATION_MISSING,kx134_single_node_i2c.0.1.0,kx134.v3
kx134.v3,NODE_PROTOTYPE,1,KX134_SENSOR_1,sensor_node_1,D4:E9:F4:E9:8E:1C,21776,218239924,0,0,NA,0,-4052,299,-111,-0.989258,0.072998,-0.027100,100,100,8,UNCALIBRATED_SENSOR_1,false,CALIBRATION_MISSING,CALIBRATION_MISSING,kx134_single_node_i2c.0.1.0,kx134.v3
kx134.v3,NODE_PROTOTYPE,1,KX134_SENSOR_1,sensor_node_1,D4:E9:F4:E9:8E:1C,21777,218249925,0,0,NA,0,-4053,275,-115,-0.989502,0.067139,-0.028076,100,100,8,UNCALIBRATED_SENSOR_1,false,CALIBRATION_MISSING,CALIBRATION_MISSING,kx134_single_node_i2c.0.1.0,kx134.v3
kx134.v3,NODE_PROTOTYPE,1,KX134_SENSOR_1,sensor_node_1,D4:E9:F4:E9:8E:1C,21778,218259925,0,0,NA,0,-4055,233,-89,-0.989990,0.056885,-0.021729,100,100,8,UNCALIBRATED_SENSOR_1,false,CALIBRATION_MISSING,CALIBRATION_MISSING,kx134_single_node_i2c.0.1.0,kx134.v3
kx134.v3,NODE_PROTOTYPE,1,KX134_SENSOR_1,sensor_node_1,D4:E9:F4:E9:8E:1C,21779,218269925,0,0,NA,0,-4035,258,-73,-0.985107,0.062988,-0.017822,100,100,8,UNCALIBRATED_SENSOR_1,false,CALIBRATION_MISSING,CALIBRATION_MISSING,kx134_single_node_i2c.0.1.0,kx134.v3
kx134.v3,NODE_PROTOTYPE,1,KX134_SENSOR_1,sensor_node_1,D4:E9:F4:E9:8E:1C,21780,218279925,0,0,NA,0,-4040,285,-83,-0.986328,0.069580,-0.020264,100,100,8,UNCALIBRATED_SENSOR_1,false,CALIBRATION_MISSING,CALIBRATION_MISSING,kx134_single_node_i2c.0.1.0,kx134.v3
kx134.v3,NODE_PROTOTYPE,1,KX134_SENSOR_1,sensor_node_1,D4:E9:F4:E9:8E:1C,21781,218289924,0,0,NA,0,-4087,268,-81,-0.997803,0.065430,-0.019775,100,100,8,UNCALIBRATED_SENSOR_1,false,CALIBRATION_MISSING,CALIBRATION_MISSING,kx134_single_node_i2c.0.1.0,kx134.v3
kx134.v3,NODE_PROTOTYPE,1,KX134_SENSOR_1,sensor_node_1,D4:E9:F4:E9:8E:1C,21782,218299924,0,0,NA,0,-4111,254,-70,-1.003662,0.062012,-0.017090,100,100,8,UNCALIBRATED_SENSOR_1,false,CALIBRATION_MISSING,CALIBRATION_MISSING,kx134_single_node_i2c.0.1.0,kx134.v3
kx134.v3,NODE_PROTOTYPE,1,KX134_SENSOR_1,sensor_node_1,D4:E9:F4:E9:8E:1C,21783,218309925,0,0,NA,0,-4092,246,-83,-0.999023,0.060059,-0.020264,100,100,8,UNCALIBRATED_SENSOR_1,false,CALIBRATION_MISSING,CALIBRATION_MISSING,kx134_single_node_i2c.0.1.0,kx134.v3
kx134.v3,NODE_PROTOTYPE,1,KX134_SENSOR_1,sensor_node_1,D4:E9:F4:E9:8E:1C,21784,218319924,0,0,NA,0,-4101,262,-102,-1.001221,0.063965,-0.024902,100,100,8,UNCALIBRATED_SENSOR_1,false,CALIBRATION_MISSING,CALIBRATION_MISSING,kx134_single_node_i2c.0.1.0,kx134.v3
kx134.v3,NODE_PROTOTYPE,1,KX134_SENSOR_1,sensor_node_1,D4:E9:F4:E9:8E:1C,21785,218329925,0,0,NA,0,-4113,271,-91,-1.004150,0.066162,-0.022217,100,100,8,UNCALIBRATED_SENSOR_1,false,CALIBRATION_MISSING,CALIBRATION_MISSING,kx134_single_node_i2c.0.1.0,kx134.v3
kx134.v3,NODE_PROTOTYPE,1,KX134_SENSOR_1,sensor_node_1,D4:E9:F4:E9:8E:1C,21786,218339925,0,0,NA,0,-4087,284,-56,-0.997803,0.069336,-0.013672,100,100,8,UNCALIBRATED_SENSOR_1,false,CALIBRATION_MISSING,CALIBRATION_MISSING,kx134_single_node_i2c.0.1.0,kx134.v3
kx134.v3,NODE_PROTOTYPE,1,KX134_SENSOR_1,sensor_node_1,D4:E9:F4:E9:8E:1C,21787,218349925,0,0,NA,0,-4060,275,-48,-0.991211,0.067139,-0.011719,100,100,8,UNCALIBRATED_SENSOR_1,false,CALIBRATION_MISSING,CALIBRATION_MISSING,kx134_single_node_i2c.0.1.0,kx134.v3
kx134.v3,NODE_PROTOTYPE,1,KX134_SENSOR_1,sensor_node_1,D4:E9:F4:E9:8E:1C,21788,218359925,0,0,NA,0,-4061,256,-59,-0.991455,0.062500,-0.014404,100,100,8,UNCALIBRATED_SENSOR_1,false,CALIBRATION_MISSING,CALIBRATION_MISSING,kx134_single_node_i2c.0.1.0,kx134.v3
kx134.v3,NODE_PROTOTYPE,1,KX134_SENSOR_1,sensor_node_1,D4:E9:F4:E9:8E:1C,21789,218369924,0,0,NA,0,-4079,300,-104,-0.995850,0.073242,-0.025391,100,100,8,UNCALIBRATED_SENSOR_1,false,CALIBRATION_MISSING,CALIBRATION_MISSING,kx134_single_node_i2c.0.1.0,kx134.v3
kx134.v3,NODE_PROTOTYPE,1,KX134_SENSOR_1,sensor_node_1,D4:E9:F4:E9:8E:1C,21790,218379925,0,0,NA,0,-4091,310,-123,-0.998779,0.075684,-0.030029,100,100,8,UNCALIBRATED_SENSOR_1,false,CALIBRATION_MISSING,CALIBRATION_MISSING,kx134_single_node_i2c.0.1.0,kx134.v3
kx134.v3,NODE_PROTOTYPE,1,KX134_SENSOR_1,sensor_node_1,D4:E9:F4:E9:8E:1C,21791,218389925,0,0,NA,0,-4078,271,-91,-0.995605,0.066162,-0.022217,100,100,8,UNCALIBRATED_SENSOR_1,false,CALIBRATION_MISSING,CALIBRATION_MISSING,kx134_single_node_i2c.0.1.0,kx134.v3
kx134.v3,NODE_PROTOTYPE,1,KX134_SENSOR_1,sensor_node_1,D4:E9:F4:E9:8E:1C,21792,218399925,0,0,NA,0,-4062,257,-82,-0.991699,0.062744,-0.020020,100,100,8,UNCALIBRATED_SENSOR_1,false,CALIBRATION_MISSING,CALIBRATION_MISSING,kx134_single_node_i2c.0.1.0,kx134.v3
kx134.v3,NODE_PROTOTYPE,1,KX134_SENSOR_1,sensor_node_1,D4:E9:F4:E9:8E:1C,21793,218409925,0,0,NA,0,-4062,238,-77,-0.991699,0.058105,-0.018799,100,100,8,UNCALIBRATED_SENSOR_1,false,CALIBRATION_MISSING,CALIBRATION_MISSING,kx134_single_node_i2c.0.1.0,kx134.v3
kx134.v3,NODE_PROTOTYPE,1,KX134_SENSOR_1,sensor_node_1,D4:E9:F4:E9:8E:1C,21794,218419925,0,0,NA,0,-4065,229,-44,-0.992432,0.055908,-0.010742,100,100,8,UNCALIBRATED_SENSOR_1,false,CALIBRATION_MISSING,CALIBRATION_MISSING,kx134_single_node_i2c.0.1.0,kx134.v3
kx134.v3,NODE_PROTOTYPE,1,KX134_SENSOR_1,sensor_node_1,D4:E9:F4:E9:8E:1C,21795,218429924,0,0,NA,0,-4070,242,-42,-0.993652,0.059082,-0.010254,100,100,8,UNCALIBRATED_SENSOR_1,false,CALIBRATION_MISSING,CALIBRATION_MISSING,kx134_single_node_i2c.0.1.0,kx134.v3
kx134.v3,NODE_PROTOTYPE,1,KX134_SENSOR_1,sensor_node_1,D4:E9:F4:E9:8E:1C,21796,218439925,0,0,NA,0,-4069,256,-61,-0.993408,0.062500,-0.014893,100,100,8,UNCALIBRATED_SENSOR_1,false,CALIBRATION_MISSING,CALIBRATION_MISSING,kx134_single_node_i2c.0.1.0,kx134.v3
kx134.v3,NODE_PROTOTYPE,1,KX134_SENSOR_1,sensor_node_1,D4:E9:F4:E9:8E:1C,21797,218449925,0,0,NA,0,-4067,274,-58,-0.992920,0.066895,-0.014160,100,100,8,UNCALIBRATED_SENSOR_1,false,CALIBRATION_MISSING,CALIBRATION_MISSING,kx134_single_node_i2c.0.1.0,kx134.v3
kx134.v3,NODE_PROTOTYPE,1,KX134_SENSOR_1,sensor_node_1,D4:E9:F4:E9:8E:1C,21798,218459925,0,0,NA,0,-4094,292,-82,-0.999512,0.071289,-0.020020,100,100,8,UNCALIBRATED_SENSOR_1,false,CALIBRATION_MISSING,CALIBRATION_MISSING,kx134_single_node_i2c.0.1.0,kx134.v3
kx134.v3,NODE_PROTOTYPE,1,KX134_SENSOR_1,sensor_node_1,D4:E9:F4:E9:8E:1C,21799,218469924,0,0,NA,0,-4096,324,-109,-1.000000,0.079102,-0.026611,100,100,8,UNCALIBRATED_SENSOR_1,false,CALIBRATION_MISSING,CALIBRATION_MISSING,kx134_single_node_i2c.0.1.0,kx134.v3
kx134.v3,NODE_PROTOTYPE,1,KX134_SENSOR_1,sensor_node_1,D4:E9:F4:E9:8E:1C,21800,218479924,0,0,NA,0,-4066,336,-127,-0.992676,0.082031,-0.031006,100,100,8,UNCALIBRATED_SENSOR_1,false,CALIBRATION_MISSING,CALIBRATION_MISSING,kx134_single_node_i2c.0.1.0,kx134.v3
kx134.v3,NODE_PROTOTYPE,1,KX134_SENSOR_1,sensor_node_1,D4:E9:F4:E9:8E:1C,21801,218489924,0,0,NA,0,-4063,307,-129,-0.991943,0.074951,-0.031494,100,100,8,UNCALIBRATED_SENSOR_1,false,CALIBRATION_MISSING,CALIBRATION_MISSING,kx134_single_node_i2c.0.1.0,kx134.v3
kx134.v3,NODE_PROTOTYPE,1,KX134_SENSOR_1,sensor_node_1,D4:E9:F4:E9:8E:1C,21802,218499925,0,0,NA,0,-4080,270,-97,-0.996094,0.065918,-0.023682,100,100,8,UNCALIBRATED_SENSOR_1,false,CALIBRATION_MISSING,CALIBRATION_MISSING,kx134_single_node_i2c.0.1.0,kx134.v3
kx134.v3,NODE_PROTOTYPE,1,KX134_SENSOR_1,sensor_node_1,D4:E9:F4:E9:8E:1C,21803,218509924,0,0,NA,0,-4124,284,-116,-1.006836,0.069336,-0.028320,100,100,8,UNCALIBRATED_SENSOR_1,false,CALIBRATION_MISSING,CALIBRATION_MISSING,kx134_single_node_i2c.0.1.0,kx134.v3
kx134.v3,NODE_PROTOTYPE,1,KX134_SENSOR_1,sensor_node_1,D4:E9:F4:E9:8E:1C,21804,218519925,0,0,NA,0,-4134,302,-150,-1.009277,0.073730,-0.036621,100,100,8,UNCALIBRATED_SENSOR_1,false,CALIBRATION_MISSING,CALIBRATION_MISSING,kx134_single_node_i2c.0.1.0,kx134.v3
kx134.v3,NODE_PROTOTYPE,1,KX134_SENSOR_1,sensor_node_1,D4:E9:F4:E9:8E:1C,21805,218529925,0,0,NA,0,-4103,267,-146,-1.001709,0.065186,-0.035645,100,100,8,UNCALIBRATED_SENSOR_1,false,CALIBRATION_MISSING,CALIBRATION_MISSING,kx134_single_node_i2c.0.1.0,kx134.v3
kx134.v3,NODE_PROTOTYPE,1,KX134_SENSOR_1,sensor_node_1,D4:E9:F4:E9:8E:1C,21806,218539924,0,0,NA,0,-4099,240,-141,-1.000732,0.058594,-0.034424,100,100,8,UNCALIBRATED_SENSOR_1,false,CALIBRATION_MISSING,CALIBRATION_MISSING,kx134_single_node_i2c.0.1.0,kx134.v3
kx134.v3,NODE_PROTOTYPE,1,KX134_SENSOR_1,sensor_node_1,D4:E9:F4:E9:8E:1C,21807,218549924,0,0,NA,0,-4102,256,-145,-1.001465,0.062500,-0.035400,100,100,8,UNCALIBRATED_SENSOR_1,false,CALIBRATION_MISSING,CALIBRATION_MISSING,kx134_single_node_i2c.0.1.0,kx134.v3
kx134.v3,NODE_PROTOTYPE,1,KX134_SENSOR_1,sensor_node_1,D4:E9:F4:E9:8E:1C,21808,218559925,0,0,NA,0,-4088,265,-151,-0.998047,0.064697,-0.036865,100,100,8,UNCALIBRATED_SENSOR_1,false,CALIBRATION_MISSING,CALIBRATION_MISSING,kx134_single_node_i2c.0.1.0,kx134.v3
kx134.v3,NODE_PROTOTYPE,1,KX134_SENSOR_1,sensor_node_1,D4:E9:F4:E9:8E:1C,21809,218569925,0,0,NA,0,-4086,241,-135,-0.997559,0.058838,-0.032959,100,100,8,UNCALIBRATED_SENSOR_1,false,CALIBRATION_MISSING,CALIBRATION_MISSING,kx134_single_node_i2c.0.1.0,kx134.v3
kx134.v3,NODE_PROTOTYPE,1,KX134_SENSOR_1,sensor_node_1,D4:E9:F4:E9:8E:1C,21810,218579925,0,0,NA,0,-4086,231,-136,-0.997559,0.056396,-0.033203,100,100,8,UNCALIBRATED_SENSOR_1,false,CALIBRATION_MISSING,CALIBRATION_MISSING,kx134_single_node_i2c.0.1.0,kx134.v3
kx134.v3,NODE_PROTOTYPE,1,KX134_SENSOR_1,sensor_node_1,D4:E9:F4:E9:8E:1C,21811,218589925,0,0,NA,0,-4091,237,-117,-0.998779,0.057861,-0.028564,100,100,8,UNCALIBRATED_SENSOR_1,false,CALIBRATION_MISSING,CALIBRATION_MISSING,kx134_single_node_i2c.0.1.0,kx134.v3
kx134.v3,NODE_PROTOTYPE,1,KX134_SENSOR_1,sensor_node_1,D4:E9:F4:E9:8E:1C,21812,218599925,0,0,NA,0,-4096,257,-73,-1.000000,0.062744,-0.017822,100,100,8,UNCALIBRATED_SENSOR_1,false,CALIBRATION_MISSING,CALIBRATION_MISSING,kx134_single_node_i2c.0.1.0,kx134.v3
kx134.v3,NODE_PROTOTYPE,1,KX134_SENSOR_1,sensor_node_1,D4:E9:F4:E9:8E:1C,21813,218609924,0,0,NA,0,-4082,240,-65,-0.996582,0.058594,-0.015869,100,100,8,UNCALIBRATED_SENSOR_1,false,CALIBRATION_MISSING,CALIBRATION_MISSING,kx134_single_node_i2c.0.1.0,kx134.v3
kx134.v3,NODE_PROTOTYPE,1,KX134_SENSOR_1,sensor_node_1,D4:E9:F4:E9:8E:1C,21814,218619924,0,0,NA,0,-4079,204,-84,-0.995850,0.049805,-0.020508,100,100,8,UNCALIBRATED_SENSOR_1,false,CALIBRATION_MISSING,CALIBRATION_MISSING,kx134_single_node_i2c.0.1.0,kx134.v3
kx134.v3,NODE_PROTOTYPE,1,KX134_SENSOR_1,sensor_node_1,D4:E9:F4:E9:8E:1C,21815,218629925,0,0,NA,0,-4070,190,-79,-0.993652,0.046387,-0.019287,100,100,8,UNCALIBRATED_SENSOR_1,false,CALIBRATION_MISSING,CALIBRATION_MISSING,kx134_single_node_i2c.0.1.0,kx134.v3
kx134.v3,NODE_PROTOTYPE,1,KX134_SENSOR_1,sensor_node_1,D4:E9:F4:E9:8E:1C,21816,218639925,0,0,NA,0,-4067,196,-57,-0.992920,0.047852,-0.013916,100,100,8,UNCALIBRATED_SENSOR_1,false,CALIBRATION_MISSING,CALIBRATION_MISSING,kx134_single_node_i2c.0.1.0,kx134.v3
kx134.v3,NODE_PROTOTYPE,1,KX134_SENSOR_1,sensor_node_1,D4:E9:F4:E9:8E:1C,21817,218649925,0,0,NA,0,-4070,225,-82,-0.993652,0.054932,-0.020020,100,100,8,UNCALIBRATED_SENSOR_1,false,CALIBRATION_MISSING,CALIBRATION_MISSING,kx134_single_node_i2c.0.1.0,kx134.v3
kx134.v3,NODE_PROTOTYPE,1,KX134_SENSOR_1,sensor_node_1,D4:E9:F4:E9:8E:1C,21818,218659924,0,0,NA,0,-4074,258,-102,-0.994629,0.062988,-0.024902,100,100,8,UNCALIBRATED_SENSOR_1,false,CALIBRATION_MISSING,CALIBRATION_MISSING,kx134_single_node_i2c.0.1.0,kx134.v3
kx134.v3,NODE_PROTOTYPE,1,KX134_SENSOR_1,sensor_node_1,D4:E9:F4:E9:8E:1C,21819,218669925,0,0,NA,0,-4069,253,-97,-0.993408,0.061768,-0.023682,100,100,8,UNCALIBRATED_SENSOR_1,false,CALIBRATION_MISSING,CALIBRATION_MISSING,kx134_single_node_i2c.0.1.0,kx134.v3
kx134.v3,NODE_PROTOTYPE,1,KX134_SENSOR_1,sensor_node_1,D4:E9:F4:E9:8E:1C,21820,218679925,0,0,NA,0,-4076,238,-74,-0.995117,0.058105,-0.018066,100,100,8,UNCALIBRATED_SENSOR_1,false,CALIBRATION_MISSING,CALIBRATION_MISSING,kx134_single_node_i2c.0.1.0,kx134.v3
kx134.v3,NODE_PROTOTYPE,1,KX134_SENSOR_1,sensor_node_1,D4:E9:F4:E9:8E:1C,21821,218689925,0,0,NA,0,-4096,245,-69,-1.000000,0.059814,-0.016846,100,100,8,UNCALIBRATED_SENSOR_1,false,CALIBRATION_MISSING,CALIBRATION_MISSING,kx134_single_node_i2c.0.1.0,kx134.v3
kx134.v3,NODE_PROTOTYPE,1,KX134_SENSOR_1,sensor_node_1,D4:E9:F4:E9:8E:1C,21822,218699924,0,0,NA,0,-4096,256,-87,-1.000000,0.062500,-0.021240,100,100,8,UNCALIBRATED_SENSOR_1,false,CALIBRATION_MISSING,CALIBRATION_MISSING,kx134_single_node_i2c.0.1.0,kx134.v3
kx134.v3,NODE_PROTOTYPE,1,KX134_SENSOR_1,sensor_node_1,D4:E9:F4:E9:8E:1C,21823,218709924,0,0,NA,0,-4096,264,-103,-1.000000,0.064453,-0.025146,100,100,8,UNCALIBRATED_SENSOR_1,false,CALIBRATION_MISSING,CALIBRATION_MISSING,kx134_single_node_i2c.0.1.0,kx134.v3
kx134.v3,NODE_PROTOTYPE,1,KX134_SENSOR_1,sensor_node_1,D4:E9:F4:E9:8E:1C,21824,218719924,0,0,NA,0,-4093,261,-118,-0.999268,0.063721,-0.028809,100,100,8,UNCALIBRATED_SENSOR_1,false,CALIBRATION_MISSING,CALIBRATION_MISSING,kx134_single_node_i2c.0.1.0,kx134.v3
kx134.v3,NODE_PROTOTYPE,1,KX134_SENSOR_1,sensor_node_1,D4:E9:F4:E9:8E:1C,21825,218729924,0,0,NA,0,-4085,275,-97,-0.997314,0.067139,-0.023682,100,100,8,UNCALIBRATED_SENSOR_1,false,CALIBRATION_MISSING,CALIBRATION_MISSING,kx134_single_node_i2c.0.1.0,kx134.v3
kx134.v3,NODE_PROTOTYPE,1,KX134_SENSOR_1,sensor_node_1,D4:E9:F4:E9:8E:1C,21826,218739924,0,0,NA,0,-4073,307,23,-0.994385,0.074951,0.005615,100,100,8,UNCALIBRATED_SENSOR_1,false,CALIBRATION_MISSING,CALIBRATION_MISSING,kx134_single_node_i2c.0.1.0,kx134.v3
kx134.v3,NODE_PROTOTYPE,1,KX134_SENSOR_1,sensor_node_1,D4:E9:F4:E9:8E:1C,21827,218749925,0,0,NA,0,-4125,368,39,-1.007080,0.089844,0.009521,100,100,8,UNCALIBRATED_SENSOR_1,false,CALIBRATION_MISSING,CALIBRATION_MISSING,kx134_single_node_i2c.0.1.0,kx134.v3
kx134.v3,NODE_PROTOTYPE,1,KX134_SENSOR_1,sensor_node_1,D4:E9:F4:E9:8E:1C,21828,218759924,0,0,NA,0,-4168,382,-31,-1.017578,0.093262,-0.007568,100,100,8,UNCALIBRATED_SENSOR_1,false,CALIBRATION_MISSING,CALIBRATION_MISSING,kx134_single_node_i2c.0.1.0,kx134.v3
kx134.v3,NODE_PROTOTYPE,1,KX134_SENSOR_1,sensor_node_1,D4:E9:F4:E9:8E:1C,21829,218769925,0,0,NA,0,-4168,382,-31,-1.017578,0.093262,-0.007568,100,100,8,UNCALIBRATED_SENSOR_1,false,CALIBRATION_MISSING,CALIBRATION_MISSING,kx134_single_node_i2c.0.1.0,kx134.v3
kx134.v3,NODE_PROTOTYPE,1,KX134_SENSOR_1,sensor_node_1,D4:E9:F4:E9:8E:1C,21830,218779925,0,0,NA,0,-4031,356,-21,-0.984131,0.086914,-0.005127,100,100,8,UNCALIBRATED_SENSOR_1,false,CALIBRATION_MISSING,CALIBRATION_MISSING,kx134_single_node_i2c.0.1.0,kx134.v3
kx134.v3,NODE_PROTOTYPE,1,KX134_SENSOR_1,sensor_node_1,D4:E9:F4:E9:8E:1C,21831,218789925,0,0,NA,0,-3984,396,-127,-0.972656,0.096680,-0.031006,100,100,8,UNCALIBRATED_SENSOR_1,false,CALIBRATION_MISSING,CALIBRATION_MISSING,kx134_single_node_i2c.0.1.0,kx134.v3
kx134.v3,NODE_PROTOTYPE,1,KX134_SENSOR_1,sensor_node_1,D4:E9:F4:E9:8E:1C,21832,218799925,0,0,NA,0,-4069,461,-158,-0.993408,0.112549,-0.038574,100,100,8,UNCALIBRATED_SENSOR_1,false,CALIBRATION_MISSING,CALIBRATION_MISSING,kx134_single_node_i2c.0.1.0,kx134.v3
kx134.v3,NODE_PROTOTYPE,1,KX134_SENSOR_1,sensor_node_1,D4:E9:F4:E9:8E:1C,21833,218809925,0,0,NA,0,-4057,416,-37,-0.990479,0.101563,-0.009033,100,100,8,UNCALIBRATED_SENSOR_1,false,CALIBRATION_MISSING,CALIBRATION_MISSING,kx134_single_node_i2c.0.1.0,kx134.v3
kx134.v3,NODE_PROTOTYPE,1,KX134_SENSOR_1,sensor_node_1,D4:E9:F4:E9:8E:1C,21834,218819924,0,0,NA,0,-4083,313,-104,-0.996826,0.076416,-0.025391,100,100,8,UNCALIBRATED_SENSOR_1,false,CALIBRATION_MISSING,CALIBRATION_MISSING,kx134_single_node_i2c.0.1.0,kx134.v3
kx134.v3,NODE_PROTOTYPE,1,KX134_SENSOR_1,sensor_node_1,D4:E9:F4:E9:8E:1C,21835,218829924,0,0,NA,0,-4187,242,-173,-1.022217,0.059082,-0.042236,100,100,8,UNCALIBRATED_SENSOR_1,false,CALIBRATION_MISSING,CALIBRATION_MISSING,kx134_single_node_i2c.0.1.0,kx134.v3
kx134.v3,NODE_PROTOTYPE,1,KX134_SENSOR_1,sensor_node_1,D4:E9:F4:E9:8E:1C,21836,218839924,0,0,NA,0,-4199,204,-107,-1.025146,0.049805,-0.026123,100,100,8,UNCALIBRATED_SENSOR_1,false,CALIBRATION_MISSING,CALIBRATION_MISSING,kx134_single_node_i2c.0.1.0,kx134.v3
kx134.v3,NODE_PROTOTYPE,1,KX134_SENSOR_1,sensor_node_1,D4:E9:F4:E9:8E:1C,21837,218849924,0,0,NA,0,-4148,234,-78,-1.012695,0.057129,-0.019043,100,100,8,UNCALIBRATED_SENSOR_1,false,CALIBRATION_MISSING,CALIBRATION_MISSING,kx134_single_node_i2c.0.1.0,kx134.v3
kx134.v3,NODE_PROTOTYPE,1,KX134_SENSOR_1,sensor_node_1,D4:E9:F4:E9:8E:1C,21838,218859925,0,0,NA,0,-4123,271,-77,-1.006592,0.066162,-0.018799,100,100,8,UNCALIBRATED_SENSOR_1,false,CALIBRATION_MISSING,CALIBRATION_MISSING,kx134_single_node_i2c.0.1.0,kx134.v3
kx134.v3,NODE_PROTOTYPE,1,KX134_SENSOR_1,sensor_node_1,D4:E9:F4:E9:8E:1C,21839,218869925,0,0,NA,0,-4110,265,-92,-1.003418,0.064697,-0.022461,100,100,8,UNCALIBRATED_SENSOR_1,false,CALIBRATION_MISSING,CALIBRATION_MISSING,kx134_single_node_i2c.0.1.0,kx134.v3
kx134.v3,NODE_PROTOTYPE,1,KX134_SENSOR_1,sensor_node_1,D4:E9:F4:E9:8E:1C,21840,218879925,0,0,NA,0,-4070,268,-65,-0.993652,0.065430,-0.015869,100,100,8,UNCALIBRATED_SENSOR_1,false,CALIBRATION_MISSING,CALIBRATION_MISSING,kx134_single_node_i2c.0.1.0,kx134.v3
kx134.v3,NODE_PROTOTYPE,1,KX134_SENSOR_1,sensor_node_1,D4:E9:F4:E9:8E:1C,21841,218889925,0,0,NA,0,-4043,278,-25,-0.987061,0.067871,-0.006104,100,100,8,UNCALIBRATED_SENSOR_1,false,CALIBRATION_MISSING,CALIBRATION_MISSING,kx134_single_node_i2c.0.1.0,kx134.v3
kx134.v3,NODE_PROTOTYPE,1,KX134_SENSOR_1,sensor_node_1,D4:E9:F4:E9:8E:1C,21842,218899924,0,0,NA,0,-4052,274,-15,-0.989258,0.066895,-0.003662,100,100,8,UNCALIBRATED_SENSOR_1,false,CALIBRATION_MISSING,CALIBRATION_MISSING,kx134_single_node_i2c.0.1.0,kx134.v3
kx134.v3,NODE_PROTOTYPE,1,KX134_SENSOR_1,sensor_node_1,D4:E9:F4:E9:8E:1C,21843,218909925,0,0,NA,0,-4032,272,-17,-0.984375,0.066406,-0.004150,100,100,8,UNCALIBRATED_SENSOR_1,false,CALIBRATION_MISSING,CALIBRATION_MISSING,kx134_single_node_i2c.0.1.0,kx134.v3
kx134.v3,NODE_PROTOTYPE,1,KX134_SENSOR_1,sensor_node_1,D4:E9:F4:E9:8E:1C,21844,218919924,0,0,NA,0,-4038,243,-28,-0.985840,0.059326,-0.006836,100,100,8,UNCALIBRATED_SENSOR_1,false,CALIBRATION_MISSING,CALIBRATION_MISSING,kx134_single_node_i2c.0.1.0,kx134.v3
kx134.v3,NODE_PROTOTYPE,1,KX134_SENSOR_1,sensor_node_1,D4:E9:F4:E9:8E:1C,21845,218929924,0,0,NA,0,-4079,229,-45,-0.995850,0.055908,-0.010986,100,100,8,UNCALIBRATED_SENSOR_1,false,CALIBRATION_MISSING,CALIBRATION_MISSING,kx134_single_node_i2c.0.1.0,kx134.v3
kx134.v3,NODE_PROTOTYPE,1,KX134_SENSOR_1,sensor_node_1,D4:E9:F4:E9:8E:1C,21846,218939924,0,0,NA,0,-4085,239,-58,-0.997314,0.058350,-0.014160,100,100,8,UNCALIBRATED_SENSOR_1,false,CALIBRATION_MISSING,CALIBRATION_MISSING,kx134_single_node_i2c.0.1.0,kx134.v3
kx134.v3,NODE_PROTOTYPE,1,KX134_SENSOR_1,sensor_node_1,D4:E9:F4:E9:8E:1C,21847,218949924,0,0,NA,0,-4086,220,-58,-0.997559,0.053711,-0.014160,100,100,8,UNCALIBRATED_SENSOR_1,false,CALIBRATION_MISSING,CALIBRATION_MISSING,kx134_single_node_i2c.0.1.0,kx134.v3
kx134.v3,NODE_PROTOTYPE,1,KX134_SENSOR_1,sensor_node_1,D4:E9:F4:E9:8E:1C,21848,218959924,0,0,NA,0,-4103,241,-53,-1.001709,0.058838,-0.012939,100,100,8,UNCALIBRATED_SENSOR_1,false,CALIBRATION_MISSING,CALIBRATION_MISSING,kx134_single_node_i2c.0.1.0,kx134.v3
kx134.v3,NODE_PROTOTYPE,1,KX134_SENSOR_1,sensor_node_1,D4:E9:F4:E9:8E:1C,21849,218969924,0,0,NA,0,-4103,273,-56,-1.001709,0.066650,-0.013672,100,100,8,UNCALIBRATED_SENSOR_1,false,CALIBRATION_MISSING,CALIBRATION_MISSING,kx134_single_node_i2c.0.1.0,kx134.v3
kx134.v3,NODE_PROTOTYPE,1,KX134_SENSOR_1,sensor_node_1,D4:E9:F4:E9:8E:1C,21850,218979924,0,0,NA,0,-4108,291,-85,-1.002930,0.071045,-0.020752,100,100,8,UNCALIBRATED_SENSOR_1,false,CALIBRATION_MISSING,CALIBRATION_MISSING,kx134_single_node_i2c.0.1.0,kx134.v3
kx134.v3,NODE_PROTOTYPE,1,KX134_SENSOR_1,sensor_node_1,D4:E9:F4:E9:8E:1C,21851,218989925,0,0,NA,0,-4101,295,-93,-1.001221,0.072021,-0.022705,100,100,8,UNCALIBRATED_SENSOR_1,false,CALIBRATION_MISSING,CALIBRATION_MISSING,kx134_single_node_i2c.0.1.0,kx134.v3
kx134.v3,NODE_PROTOTYPE,1,KX134_SENSOR_1,sensor_node_1,D4:E9:F4:E9:8E:1C,21852,218999924,0,0,NA,0,-4091,253,-70,-0.998779,0.061768,-0.017090,100,100,8,UNCALIBRATED_SENSOR_1,false,CALIBRATION_MISSING,CALIBRATION_MISSING,kx134_single_node_i2c.0.1.0,kx134.v3
kx134.v3,NODE_PROTOTYPE,1,KX134_SENSOR_1,sensor_node_1,D4:E9:F4:E9:8E:1C,21853,219009924,0,0,NA,0,-4106,245,-62,-1.002441,0.059814,-0.015137,100,100,8,UNCALIBRATED_SENSOR_1,false,CALIBRATION_MISSING,CALIBRATION_MISSING,kx134_single_node_i2c.0.1.0,kx134.v3
kx134.v3,NODE_PROTOTYPE,1,KX134_SENSOR_1,sensor_node_1,D4:E9:F4:E9:8E:1C,21854,219019924,0,0,NA,0,-4085,245,-35,-0.997314,0.059814,-0.008545,100,100,8,UNCALIBRATED_SENSOR_1,false,CALIBRATION_MISSING,CALIBRATION_MISSING,kx134_single_node_i2c.0.1.0,kx134.v3
kx134.v3,NODE_PROTOTYPE,1,KX134_SENSOR_1,sensor_node_1,D4:E9:F4:E9:8E:1C,21855,219029925,0,0,NA,0,-4053,241,-17,-0.989502,0.058838,-0.004150,100,100,8,UNCALIBRATED_SENSOR_1,false,CALIBRATION_MISSING,CALIBRATION_MISSING,kx134_single_node_i2c.0.1.0,kx134.v3
kx134.v3,NODE_PROTOTYPE,1,KX134_SENSOR_1,sensor_node_1,D4:E9:F4:E9:8E:1C,21856,219039924,0,0,NA,0,-4084,300,-39,-0.997070,0.073242,-0.009521,100,100,8,UNCALIBRATED_SENSOR_1,false,CALIBRATION_MISSING,CALIBRATION_MISSING,kx134_single_node_i2c.0.1.0,kx134.v3
kx134.v3,NODE_PROTOTYPE,1,KX134_SENSOR_1,sensor_node_1,D4:E9:F4:E9:8E:1C,21857,219049925,0,0,NA,0,-4121,306,-56,-1.006104,0.074707,-0.013672,100,100,8,UNCALIBRATED_SENSOR_1,false,CALIBRATION_MISSING,CALIBRATION_MISSING,kx134_single_node_i2c.0.1.0,kx134.v3
kx134.v3,NODE_PROTOTYPE,1,KX134_SENSOR_1,sensor_node_1,D4:E9:F4:E9:8E:1C,21858,219059925,0,0,NA,0,-4116,266,-56,-1.004883,0.064941,-0.013672,100,100,8,UNCALIBRATED_SENSOR_1,false,CALIBRATION_MISSING,CALIBRATION_MISSING,kx134_single_node_i2c.0.1.0,kx134.v3
kx134.v3,NODE_PROTOTYPE,1,KX134_SENSOR_1,sensor_node_1,D4:E9:F4:E9:8E:1C,21859,219069925,0,0,NA,0,-4084,276,-69,-0.997070,0.067383,-0.016846,100,100,8,UNCALIBRATED_SENSOR_1,false,CALIBRATION_MISSING,CALIBRATION_MISSING,kx134_single_node_i2c.0.1.0,kx134.v3
kx134.v3,NODE_PROTOTYPE,1,KX134_SENSOR_1,sensor_node_1,D4:E9:F4:E9:8E:1C,21860,219079925,0,0,NA,0,-4080,271,-78,-0.996094,0.066162,-0.019043,100,100,8,UNCALIBRATED_SENSOR_1,false,CALIBRATION_MISSING,CALIBRATION_MISSING,kx134_single_node_i2c.0.1.0,kx134.v3
kx134.v3,NODE_PROTOTYPE,1,KX134_SENSOR_1,sensor_node_1,D4:E9:F4:E9:8E:1C,21861,219089925,0,0,NA,0,-4117,293,-64,-1.005127,0.071533,-0.015625,100,100,8,UNCALIBRATED_SENSOR_1,false,CALIBRATION_MISSING,CALIBRATION_MISSING,kx134_single_node_i2c.0.1.0,kx134.v3
kx134.v3,NODE_PROTOTYPE,1,KX134_SENSOR_1,sensor_node_1,D4:E9:F4:E9:8E:1C,21862,219099925,0,0,NA,0,-4119,299,-46,-1.005615,0.072998,-0.011230,100,100,8,UNCALIBRATED_SENSOR_1,false,CALIBRATION_MISSING,CALIBRATION_MISSING,kx134_single_node_i2c.0.1.0,kx134.v3
kx134.v3,NODE_PROTOTYPE,1,KX134_SENSOR_1,sensor_node_1,D4:E9:F4:E9:8E:1C,21863,219109924,0,0,NA,0,-4086,279,-54,-0.997559,0.068115,-0.013184,100,100,8,UNCALIBRATED_SENSOR_1,false,CALIBRATION_MISSING,CALIBRATION_MISSING,kx134_single_node_i2c.0.1.0,kx134.v3
kx134.v3,NODE_PROTOTYPE,1,KX134_SENSOR_1,sensor_node_1,D4:E9:F4:E9:8E:1C,21864,219119924,0,0,NA,0,-4088,278,-74,-0.998047,0.067871,-0.018066,100,100,8,UNCALIBRATED_SENSOR_1,false,CALIBRATION_MISSING,CALIBRATION_MISSING,kx134_single_node_i2c.0.1.0,kx134.v3
kx134.v3,NODE_PROTOTYPE,1,KX134_SENSOR_1,sensor_node_1,D4:E9:F4:E9:8E:1C,21865,219129924,0,0,NA,0,-4088,283,-105,-0.998047,0.069092,-0.025635,100,100,8,UNCALIBRATED_SENSOR_1,false,CALIBRATION_MISSING,CALIBRATION_MISSING,kx134_single_node_i2c.0.1.0,kx134.v3
kx134.v3,NODE_PROTOTYPE,1,KX134_SENSOR_1,sensor_node_1,D4:E9:F4:E9:8E:1C,21866,219139924,0,0,NA,0,-4073,285,-119,-0.994385,0.069580,-0.029053,100,100,8,UNCALIBRATED_SENSOR_1,false,CALIBRATION_MISSING,CALIBRATION_MISSING,kx134_single_node_i2c.0.1.0,kx134.v3
kx134.v3,NODE_PROTOTYPE,1,KX134_SENSOR_1,sensor_node_1,D4:E9:F4:E9:8E:1C,21867,219149925,0,0,NA,0,-4071,270,-97,-0.993896,0.065918,-0.023682,100,100,8,UNCALIBRATED_SENSOR_1,false,CALIBRATION_MISSING,CALIBRATION_MISSING,kx134_single_node_i2c.0.1.0,kx134.v3
kx134.v3,NODE_PROTOTYPE,1,KX134_SENSOR_1,sensor_node_1,D4:E9:F4:E9:8E:1C,21868,219159925,0,0,NA,0,-4077,290,-100,-0.995361,0.070801,-0.024414,100,100,8,UNCALIBRATED_SENSOR_1,false,CALIBRATION_MISSING,CALIBRATION_MISSING,kx134_single_node_i2c.0.1.0,kx134.v3
kx134.v3,NODE_PROTOTYPE,1,KX134_SENSOR_1,sensor_node_1,D4:E9:F4:E9:8E:1C,21869,219169924,0,0,NA,0,-4076,305,-93,-0.995117,0.074463,-0.022705,100,100,8,UNCALIBRATED_SENSOR_1,false,CALIBRATION_MISSING,CALIBRATION_MISSING,kx134_single_node_i2c.0.1.0,kx134.v3
kx134.v3,NODE_PROTOTYPE,1,KX134_SENSOR_1,sensor_node_1,D4:E9:F4:E9:8E:1C,21870,219179925,0,0,NA,0,-4069,284,-104,-0.993408,0.069336,-0.025391,100,100,8,UNCALIBRATED_SENSOR_1,false,CALIBRATION_MISSING,CALIBRATION_MISSING,kx134_single_node_i2c.0.1.0,kx134.v3
kx134.v3,NODE_PROTOTYPE,1,KX134_SENSOR_1,sensor_node_1,D4:E9:F4:E9:8E:1C,21871,219189925,0,0,NA,0,-4077,275,-137,-0.995361,0.067139,-0.033447,100,100,8,UNCALIBRATED_SENSOR_1,false,CALIBRATION_MISSING,CALIBRATION_MISSING,kx134_single_node_i2c.0.1.0,kx134.v3
kx134.v3,NODE_PROTOTYPE,1,KX134_SENSOR_1,sensor_node_1,D4:E9:F4:E9:8E:1C,21872,219199925,0,0,NA,0,-4083,277,-125,-0.996826,0.067627,-0.030518,100,100,8,UNCALIBRATED_SENSOR_1,false,CALIBRATION_MISSING,CALIBRATION_MISSING,kx134_single_node_i2c.0.1.0,kx134.v3
kx134.v3,NODE_PROTOTYPE,1,KX134_SENSOR_1,sensor_node_1,D4:E9:F4:E9:8E:1C,21873,219209925,0,0,NA,0,-4086,268,-68,-0.997559,0.065430,-0.016602,100,100,8,UNCALIBRATED_SENSOR_1,false,CALIBRATION_MISSING,CALIBRATION_MISSING,kx134_single_node_i2c.0.1.0,kx134.v3
kx134.v3,NODE_PROTOTYPE,1,KX134_SENSOR_1,sensor_node_1,D4:E9:F4:E9:8E:1C,21874,219219924,0,0,NA,0,-4091,239,-26,-0.998779,0.058350,-0.006348,100,100,8,UNCALIBRATED_SENSOR_1,false,CALIBRATION_MISSING,CALIBRATION_MISSING,kx134_single_node_i2c.0.1.0,kx134.v3
kx134.v3,NODE_PROTOTYPE,1,KX134_SENSOR_1,sensor_node_1,D4:E9:F4:E9:8E:1C,21875,219229925,0,0,NA,0,-4073,215,-41,-0.994385,0.052490,-0.010010,100,100,8,UNCALIBRATED_SENSOR_1,false,CALIBRATION_MISSING,CALIBRATION_MISSING,kx134_single_node_i2c.0.1.0,kx134.v3
kx134.v3,NODE_PROTOTYPE,1,KX134_SENSOR_1,sensor_node_1,D4:E9:F4:E9:8E:1C,21876,219239925,0,0,NA,0,-4071,205,-61,-0.993896,0.050049,-0.014893,100,100,8,UNCALIBRATED_SENSOR_1,false,CALIBRATION_MISSING,CALIBRATION_MISSING,kx134_single_node_i2c.0.1.0,kx134.v3
kx134.v3,NODE_PROTOTYPE,1,KX134_SENSOR_1,sensor_node_1,D4:E9:F4:E9:8E:1C,21877,219249925,0,0,NA,0,-4093,199,-68,-0.999268,0.048584,-0.016602,100,100,8,UNCALIBRATED_SENSOR_1,false,CALIBRATION_MISSING,CALIBRATION_MISSING,kx134_single_node_i2c.0.1.0,kx134.v3
kx134.v3,NODE_PROTOTYPE,1,KX134_SENSOR_1,sensor_node_1,D4:E9:F4:E9:8E:1C,21878,219259924,0,0,NA,0,-4111,233,-67,-1.003662,0.056885,-0.016357,100,100,8,UNCALIBRATED_SENSOR_1,false,CALIBRATION_MISSING,CALIBRATION_MISSING,kx134_single_node_i2c.0.1.0,kx134.v3
kx134.v3,NODE_PROTOTYPE,1,KX134_SENSOR_1,sensor_node_1,D4:E9:F4:E9:8E:1C,21879,219269924,0,0,NA,0,-4110,261,-39,-1.003418,0.063721,-0.009521,100,100,8,UNCALIBRATED_SENSOR_1,false,CALIBRATION_MISSING,CALIBRATION_MISSING,kx134_single_node_i2c.0.1.0,kx134.v3
kx134.v3,NODE_PROTOTYPE,1,KX134_SENSOR_1,sensor_node_1,D4:E9:F4:E9:8E:1C,21880,219279925,0,0,NA,0,-4090,251,-36,-0.998535,0.061279,-0.008789,100,100,8,UNCALIBRATED_SENSOR_1,false,CALIBRATION_MISSING,CALIBRATION_MISSING,kx134_single_node_i2c.0.1.0,kx134.v3
kx134.v3,NODE_PROTOTYPE,1,KX134_SENSOR_1,sensor_node_1,D4:E9:F4:E9:8E:1C,21881,219289925,0,0,NA,0,-4087,239,-65,-0.997803,0.058350,-0.015869,100,100,8,UNCALIBRATED_SENSOR_1,false,CALIBRATION_MISSING,CALIBRATION_MISSING,kx134_single_node_i2c.0.1.0,kx134.v3
kx134.v3,NODE_PROTOTYPE,1,KX134_SENSOR_1,sensor_node_1,D4:E9:F4:E9:8E:1C,21882,219299924,0,0,NA,0,-4073,248,-81,-0.994385,0.060547,-0.019775,100,100,8,UNCALIBRATED_SENSOR_1,false,CALIBRATION_MISSING,CALIBRATION_MISSING,kx134_single_node_i2c.0.1.0,kx134.v3
kx134.v3,NODE_PROTOTYPE,1,KX134_SENSOR_1,sensor_node_1,D4:E9:F4:E9:8E:1C,21883,219309925,0,0,NA,0,-4051,294,-70,-0.989014,0.071777,-0.017090,100,100,8,UNCALIBRATED_SENSOR_1,false,CALIBRATION_MISSING,CALIBRATION_MISSING,kx134_single_node_i2c.0.1.0,kx134.v3
kx134.v3,NODE_PROTOTYPE,1,KX134_SENSOR_1,sensor_node_1,D4:E9:F4:E9:8E:1C,21884,219319925,0,0,NA,0,-4045,289,-44,-0.987549,0.070557,-0.010742,100,100,8,UNCALIBRATED_SENSOR_1,false,CALIBRATION_MISSING,CALIBRATION_MISSING,kx134_single_node_i2c.0.1.0,kx134.v3
kx134.v3,NODE_PROTOTYPE,1,KX134_SENSOR_1,sensor_node_1,D4:E9:F4:E9:8E:1C,21885,219329924,0,0,NA,0,-4077,250,-53,-0.995361,0.061035,-0.012939,100,100,8,UNCALIBRATED_SENSOR_1,false,CALIBRATION_MISSING,CALIBRATION_MISSING,kx134_single_node_i2c.0.1.0,kx134.v3
kx134.v3,NODE_PROTOTYPE,1,KX134_SENSOR_1,sensor_node_1,D4:E9:F4:E9:8E:1C,21886,219339925,0,0,NA,0,-4104,245,-87,-1.001953,0.059814,-0.021240,100,100,8,UNCALIBRATED_SENSOR_1,false,CALIBRATION_MISSING,CALIBRATION_MISSING,kx134_single_node_i2c.0.1.0,kx134.v3
kx134.v3,NODE_PROTOTYPE,1,KX134_SENSOR_1,sensor_node_1,D4:E9:F4:E9:8E:1C,21887,219349925,0,0,NA,0,-4090,245,-91,-0.998535,0.059814,-0.022217,100,100,8,UNCALIBRATED_SENSOR_1,false,CALIBRATION_MISSING,CALIBRATION_MISSING,kx134_single_node_i2c.0.1.0,kx134.v3
kx134.v3,NODE_PROTOTYPE,1,KX134_SENSOR_1,sensor_node_1,D4:E9:F4:E9:8E:1C,21888,219359925,0,0,NA,0,-4109,268,-93,-1.003174,0.065430,-0.022705,100,100,8,UNCALIBRATED_SENSOR_1,false,CALIBRATION_MISSING,CALIBRATION_MISSING,kx134_single_node_i2c.0.1.0,kx134.v3
kx134.v3,NODE_PROTOTYPE,1,KX134_SENSOR_1,sensor_node_1,D4:E9:F4:E9:8E:1C,21889,219369925,0,0,NA,0,-4145,266,-111,-1.011963,0.064941,-0.027100,100,100,8,UNCALIBRATED_SENSOR_1,false,CALIBRATION_MISSING,CALIBRATION_MISSING,kx134_single_node_i2c.0.1.0,kx134.v3
kx134.v3,NODE_PROTOTYPE,1,KX134_SENSOR_1,sensor_node_1,D4:E9:F4:E9:8E:1C,21890,219379924,0,0,NA,0,-4129,246,-105,-1.008057,0.060059,-0.025635,100,100,8,UNCALIBRATED_SENSOR_1,false,CALIBRATION_MISSING,CALIBRATION_MISSING,kx134_single_node_i2c.0.1.0,kx134.v3
kx134.v3,NODE_PROTOTYPE,1,KX134_SENSOR_1,sensor_node_1,D4:E9:F4:E9:8E:1C,21891,219389925,0,0,NA,0,-4090,241,-85,-0.998535,0.058838,-0.020752,100,100,8,UNCALIBRATED_SENSOR_1,false,CALIBRATION_MISSING,CALIBRATION_MISSING,kx134_single_node_i2c.0.1.0,kx134.v3
kx134.v3,NODE_PROTOTYPE,1,KX134_SENSOR_1,sensor_node_1,D4:E9:F4:E9:8E:1C,21892,219399925,0,0,NA,0,-4078,223,-58,-0.995605,0.054443,-0.014160,100,100,8,UNCALIBRATED_SENSOR_1,false,CALIBRATION_MISSING,CALIBRATION_MISSING,kx134_single_node_i2c.0.1.0,kx134.v3
kx134.v3,NODE_PROTOTYPE,1,KX134_SENSOR_1,sensor_node_1,D4:E9:F4:E9:8E:1C,21893,219409925,0,0,NA,0,-4081,205,-57,-0.996338,0.050049,-0.013916,100,100,8,UNCALIBRATED_SENSOR_1,false,CALIBRATION_MISSING,CALIBRATION_MISSING,kx134_single_node_i2c.0.1.0,kx134.v3
kx134.v3,NODE_PROTOTYPE,1,KX134_SENSOR_1,sensor_node_1,D4:E9:F4:E9:8E:1C,21894,219419925,0,0,NA,0,-4092,239,-84,-0.999023,0.058350,-0.020508,100,100,8,UNCALIBRATED_SENSOR_1,false,CALIBRATION_MISSING,CALIBRATION_MISSING,kx134_single_node_i2c.0.1.0,kx134.v3
kx134.v3,NODE_PROTOTYPE,1,KX134_SENSOR_1,sensor_node_1,D4:E9:F4:E9:8E:1C,21895,219429925,0,0,NA,0,-4092,286,-105,-0.999023,0.069824,-0.025635,100,100,8,UNCALIBRATED_SENSOR_1,false,CALIBRATION_MISSING,CALIBRATION_MISSING,kx134_single_node_i2c.0.1.0,kx134.v3
kx134.v3,NODE_PROTOTYPE,1,KX134_SENSOR_1,sensor_node_1,D4:E9:F4:E9:8E:1C,21896,219439925,0,0,NA,0,-4073,273,-105,-0.994385,0.066650,-0.025635,100,100,8,UNCALIBRATED_SENSOR_1,false,CALIBRATION_MISSING,CALIBRATION_MISSING,kx134_single_node_i2c.0.1.0,kx134.v3
kx134.v3,NODE_PROTOTYPE,1,KX134_SENSOR_1,sensor_node_1,D4:E9:F4:E9:8E:1C,21897,219449925,0,0,NA,0,-4067,247,-107,-0.992920,0.060303,-0.026123,100,100,8,UNCALIBRATED_SENSOR_1,false,CALIBRATION_MISSING,CALIBRATION_MISSING,kx134_single_node_i2c.0.1.0,kx134.v3
kx134.v3,NODE_PROTOTYPE,1,KX134_SENSOR_1,sensor_node_1,D4:E9:F4:E9:8E:1C,21898,219459924,0,0,NA,0,-4079,246,-103,-0.995850,0.060059,-0.025146,100,100,8,UNCALIBRATED_SENSOR_1,false,CALIBRATION_MISSING,CALIBRATION_MISSING,kx134_single_node_i2c.0.1.0,kx134.v3
kx134.v3,NODE_PROTOTYPE,1,KX134_SENSOR_1,sensor_node_1,D4:E9:F4:E9:8E:1C,21899,219469924,0,0,NA,0,-4097,256,-98,-1.000244,0.062500,-0.023926,100,100,8,UNCALIBRATED_SENSOR_1,false,CALIBRATION_MISSING,CALIBRATION_MISSING,kx134_single_node_i2c.0.1.0,kx134.v3
kx134.v3,NODE_PROTOTYPE,1,KX134_SENSOR_1,sensor_node_1,D4:E9:F4:E9:8E:1C,21900,219479924,0,0,NA,0,-4094,273,-101,-0.999512,0.066650,-0.024658,100,100,8,UNCALIBRATED_SENSOR_1,false,CALIBRATION_MISSING,CALIBRATION_MISSING,kx134_single_node_i2c.0.1.0,kx134.v3
kx134.v3,NODE_PROTOTYPE,1,KX134_SENSOR_1,sensor_node_1,D4:E9:F4:E9:8E:1C,21901,219489924,0,0,NA,0,-4089,273,-85,-0.998291,0.066650,-0.020752,100,100,8,UNCALIBRATED_SENSOR_1,false,CALIBRATION_MISSING,CALIBRATION_MISSING,kx134_single_node_i2c.0.1.0,kx134.v3
kx134.v3,NODE_PROTOTYPE,1,KX134_SENSOR_1,sensor_node_1,D4:E9:F4:E9:8E:1C,21902,219499925,0,0,NA,0,-4112,272,-91,-1.003906,0.066406,-0.022217,100,100,8,UNCALIBRATED_SENSOR_1,false,CALIBRATION_MISSING,CALIBRATION_MISSING,kx134_single_node_i2c.0.1.0,kx134.v3
kx134.v3,NODE_PROTOTYPE,1,KX134_SENSOR_1,sensor_node_1,D4:E9:F4:E9:8E:1C,21903,219509924,0,0,NA,0,-4135,282,-114,-1.009521,0.068848,-0.027832,100,100,8,UNCALIBRATED_SENSOR_1,false,CALIBRATION_MISSING,CALIBRATION_MISSING,kx134_single_node_i2c.0.1.0,kx134.v3
kx134.v3,NODE_PROTOTYPE,1,KX134_SENSOR_1,sensor_node_1,D4:E9:F4:E9:8E:1C,21904,219519924,0,0,NA,0,-4127,250,-116,-1.007568,0.061035,-0.028320,100,100,8,UNCALIBRATED_SENSOR_1,false,CALIBRATION_MISSING,CALIBRATION_MISSING,kx134_single_node_i2c.0.1.0,kx134.v3
kx134.v3,NODE_PROTOTYPE,1,KX134_SENSOR_1,sensor_node_1,D4:E9:F4:E9:8E:1C,21905,219529925,0,0,NA,0,-4120,213,-112,-1.005859,0.052002,-0.027344,100,100,8,UNCALIBRATED_SENSOR_1,false,CALIBRATION_MISSING,CALIBRATION_MISSING,kx134_single_node_i2c.0.1.0,kx134.v3
kx134.v3,NODE_PROTOTYPE,1,KX134_SENSOR_1,sensor_node_1,D4:E9:F4:E9:8E:1C,21906,219539925,0,0,NA,0,-4123,215,-101,-1.006592,0.052490,-0.024658,100,100,8,UNCALIBRATED_SENSOR_1,false,CALIBRATION_MISSING,CALIBRATION_MISSING,kx134_single_node_i2c.0.1.0,kx134.v3
kx134.v3,NODE_PROTOTYPE,1,KX134_SENSOR_1,sensor_node_1,D4:E9:F4:E9:8E:1C,21907,219549925,0,0,NA,0,-4106,251,-99,-1.002441,0.061279,-0.024170,100,100,8,UNCALIBRATED_SENSOR_1,false,CALIBRATION_MISSING,CALIBRATION_MISSING,kx134_single_node_i2c.0.1.0,kx134.v3
kx134.v3,NODE_PROTOTYPE,1,KX134_SENSOR_1,sensor_node_1,D4:E9:F4:E9:8E:1C,21908,219559925,0,0,NA,0,-4106,307,-149,-1.002441,0.074951,-0.036377,100,100,8,UNCALIBRATED_SENSOR_1,false,CALIBRATION_MISSING,CALIBRATION_MISSING,kx134_single_node_i2c.0.1.0,kx134.v3
kx134.v3,NODE_PROTOTYPE,1,KX134_SENSOR_1,sensor_node_1,D4:E9:F4:E9:8E:1C,21909,219569925,0,0,NA,0,-4109,312,-164,-1.003174,0.076172,-0.040039,100,100,8,UNCALIBRATED_SENSOR_1,false,CALIBRATION_MISSING,CALIBRATION_MISSING,kx134_single_node_i2c.0.1.0,kx134.v3
kx134.v3,NODE_PROTOTYPE,1,KX134_SENSOR_1,sensor_node_1,D4:E9:F4:E9:8E:1C,21910,219579925,0,0,NA,0,-4107,276,-110,-1.002686,0.067383,-0.026855,100,100,8,UNCALIBRATED_SENSOR_1,false,CALIBRATION_MISSING,CALIBRATION_MISSING,kx134_single_node_i2c.0.1.0,kx134.v3
kx134.v3,NODE_PROTOTYPE,1,KX134_SENSOR_1,sensor_node_1,D4:E9:F4:E9:8E:1C,21911,219589925,0,0,NA,0,-4120,252,-76,-1.005859,0.061523,-0.018555,100,100,8,UNCALIBRATED_SENSOR_1,false,CALIBRATION_MISSING,CALIBRATION_MISSING,kx134_single_node_i2c.0.1.0,kx134.v3
kx134.v3,NODE_PROTOTYPE,1,KX134_SENSOR_1,sensor_node_1,D4:E9:F4:E9:8E:1C,21912,219599925,0,0,NA,0,-4136,249,-71,-1.009766,0.060791,-0.017334,100,100,8,UNCALIBRATED_SENSOR_1,false,CALIBRATION_MISSING,CALIBRATION_MISSING,kx134_single_node_i2c.0.1.0,kx134.v3
kx134.v3,NODE_PROTOTYPE,1,KX134_SENSOR_1,sensor_node_1,D4:E9:F4:E9:8E:1C,21913,219609925,0,0,NA,0,-4141,276,-106,-1.010986,0.067383,-0.025879,100,100,8,UNCALIBRATED_SENSOR_1,false,CALIBRATION_MISSING,CALIBRATION_MISSING,kx134_single_node_i2c.0.1.0,kx134.v3
kx134.v3,NODE_PROTOTYPE,1,KX134_SENSOR_1,sensor_node_1,D4:E9:F4:E9:8E:1C,21914,219619925,0,0,NA,0,-4178,321,-122,-1.020020,0.078369,-0.029785,100,100,8,UNCALIBRATED_SENSOR_1,false,CALIBRATION_MISSING,CALIBRATION_MISSING,kx134_single_node_i2c.0.1.0,kx134.v3
kx134.v3,NODE_PROTOTYPE,1,KX134_SENSOR_1,sensor_node_1,D4:E9:F4:E9:8E:1C,21915,219629925,0,0,NA,0,-4241,404,-104,-1.035400,0.098633,-0.025391,100,100,8,UNCALIBRATED_SENSOR_1,false,CALIBRATION_MISSING,CALIBRATION_MISSING,kx134_single_node_i2c.0.1.0,kx134.v3
kx134.v3,NODE_PROTOTYPE,1,KX134_SENSOR_1,sensor_node_1,D4:E9:F4:E9:8E:1C,21916,219639925,0,0,NA,0,-4086,362,-22,-0.997559,0.088379,-0.005371,100,100,8,UNCALIBRATED_SENSOR_1,false,CALIBRATION_MISSING,CALIBRATION_MISSING,kx134_single_node_i2c.0.1.0,kx134.v3
kx134.v3,NODE_PROTOTYPE,1,KX134_SENSOR_1,sensor_node_1,D4:E9:F4:E9:8E:1C,21917,219649925,0,0,NA,0,-4086,362,-22,-0.997559,0.088379,-0.005371,100,100,8,UNCALIBRATED_SENSOR_1,false,CALIBRATION_MISSING,CALIBRATION_MISSING,kx134_single_node_i2c.0.1.0,kx134.v3
kx134.v3,NODE_PROTOTYPE,1,KX134_SENSOR_1,sensor_node_1,D4:E9:F4:E9:8E:1C,21918,219659925,0,0,NA,0,-3988,296,-109,-0.973633,0.072266,-0.026611,100,100,8,UNCALIBRATED_SENSOR_1,false,CALIBRATION_MISSING,CALIBRATION_MISSING,kx134_single_node_i2c.0.1.0,kx134.v3
kx134.v3,NODE_PROTOTYPE,1,KX134_SENSOR_1,sensor_node_1,D4:E9:F4:E9:8E:1C,21919,219669925,0,0,NA,0,-4039,239,-209,-0.986084,0.058350,-0.051025,100,100,8,UNCALIBRATED_SENSOR_1,false,CALIBRATION_MISSING,CALIBRATION_MISSING,kx134_single_node_i2c.0.1.0,kx134.v3
kx134.v3,NODE_PROTOTYPE,1,KX134_SENSOR_1,sensor_node_1,D4:E9:F4:E9:8E:1C,21920,219679925,0,0,NA,0,-4072,244,-121,-0.994141,0.059570,-0.029541,100,100,8,UNCALIBRATED_SENSOR_1,false,CALIBRATION_MISSING,CALIBRATION_MISSING,kx134_single_node_i2c.0.1.0,kx134.v3
kx134.v3,NODE_PROTOTYPE,1,KX134_SENSOR_1,sensor_node_1,D4:E9:F4:E9:8E:1C,21921,219689924,0,0,NA,0,-4064,290,-60,-0.992187,0.070801,-0.014648,100,100,8,UNCALIBRATED_SENSOR_1,false,CALIBRATION_MISSING,CALIBRATION_MISSING,kx134_single_node_i2c.0.1.0,kx134.v3
kx134.v3,NODE_PROTOTYPE,1,KX134_SENSOR_1,sensor_node_1,D4:E9:F4:E9:8E:1C,21922,219699925,0,0,NA,0,-4015,194,-38,-0.980225,0.047363,-0.009277,100,100,8,UNCALIBRATED_SENSOR_1,false,CALIBRATION_MISSING,CALIBRATION_MISSING,kx134_single_node_i2c.0.1.0,kx134.v3
kx134.v3,NODE_PROTOTYPE,1,KX134_SENSOR_1,sensor_node_1,D4:E9:F4:E9:8E:1C,21923,219709925,0,0,NA,0,-4085,161,-71,-0.997314,0.039307,-0.017334,100,100,8,UNCALIBRATED_SENSOR_1,false,CALIBRATION_MISSING,CALIBRATION_MISSING,kx134_single_node_i2c.0.1.0,kx134.v3
kx134.v3,NODE_PROTOTYPE,1,KX134_SENSOR_1,sensor_node_1,D4:E9:F4:E9:8E:1C,21924,219719924,0,0,NA,0,-4113,216,-82,-1.004150,0.052734,-0.020020,100,100,8,UNCALIBRATED_SENSOR_1,false,CALIBRATION_MISSING,CALIBRATION_MISSING,kx134_single_node_i2c.0.1.0,kx134.v3
kx134.v3,NODE_PROTOTYPE,1,KX134_SENSOR_1,sensor_node_1,D4:E9:F4:E9:8E:1C,21925,219729925,0,0,NA,0,-4088,271,-63,-0.998047,0.066162,-0.015381,100,100,8,UNCALIBRATED_SENSOR_1,false,CALIBRATION_MISSING,CALIBRATION_MISSING,kx134_single_node_i2c.0.1.0,kx134.v3
kx134.v3,NODE_PROTOTYPE,1,KX134_SENSOR_1,sensor_node_1,D4:E9:F4:E9:8E:1C,21926,219739925,0,0,NA,0,-4097,290,-62,-1.000244,0.070801,-0.015137,100,100,8,UNCALIBRATED_SENSOR_1,false,CALIBRATION_MISSING,CALIBRATION_MISSING,kx134_single_node_i2c.0.1.0,kx134.v3
kx134.v3,NODE_PROTOTYPE,1,KX134_SENSOR_1,sensor_node_1,D4:E9:F4:E9:8E:1C,21927,219749924,0,0,NA,0,-4140,299,-79,-1.010742,0.072998,-0.019287,100,100,8,UNCALIBRATED_SENSOR_1,false,CALIBRATION_MISSING,CALIBRATION_MISSING,kx134_single_node_i2c.0.1.0,kx134.v3
kx134.v3,NODE_PROTOTYPE,1,KX134_SENSOR_1,sensor_node_1,D4:E9:F4:E9:8E:1C,21928,219759925,0,0,NA,0,-4137,290,-80,-1.010010,0.070801,-0.019531,100,100,8,UNCALIBRATED_SENSOR_1,false,CALIBRATION_MISSING,CALIBRATION_MISSING,kx134_single_node_i2c.0.1.0,kx134.v3
kx134.v3,NODE_PROTOTYPE,1,KX134_SENSOR_1,sensor_node_1,D4:E9:F4:E9:8E:1C,21929,219769925,0,0,NA,0,-4105,273,-83,-1.002197,0.066650,-0.020264,100,100,8,UNCALIBRATED_SENSOR_1,false,CALIBRATION_MISSING,CALIBRATION_MISSING,kx134_single_node_i2c.0.1.0,kx134.v3
kx134.v3,NODE_PROTOTYPE,1,KX134_SENSOR_1,sensor_node_1,D4:E9:F4:E9:8E:1C,21930,219779925,0,0,NA,0,-4118,272,-79,-1.005371,0.066406,-0.019287,100,100,8,UNCALIBRATED_SENSOR_1,false,CALIBRATION_MISSING,CALIBRATION_MISSING,kx134_single_node_i2c.0.1.0,kx134.v3
kx134.v3,NODE_PROTOTYPE,1,KX134_SENSOR_1,sensor_node_1,D4:E9:F4:E9:8E:1C,21931,219789925,0,0,NA,0,-4127,277,-63,-1.007568,0.067627,-0.015381,100,100,8,UNCALIBRATED_SENSOR_1,false,CALIBRATION_MISSING,CALIBRATION_MISSING,kx134_single_node_i2c.0.1.0,kx134.v3
kx134.v3,NODE_PROTOTYPE,1,KX134_SENSOR_1,sensor_node_1,D4:E9:F4:E9:8E:1C,21932,219799925,0,0,NA,0,-4110,283,-69,-1.003418,0.069092,-0.016846,100,100,8,UNCALIBRATED_SENSOR_1,false,CALIBRATION_MISSING,CALIBRATION_MISSING,kx134_single_node_i2c.0.1.0,kx134.v3
kx134.v3,NODE_PROTOTYPE,1,KX134_SENSOR_1,sensor_node_1,D4:E9:F4:E9:8E:1C,21933,219809925,0,0,NA,0,-4092,253,-87,-0.999023,0.061768,-0.021240,100,100,8,UNCALIBRATED_SENSOR_1,false,CALIBRATION_MISSING,CALIBRATION_MISSING,kx134_single_node_i2c.0.1.0,kx134.v3
kx134.v3,NODE_PROTOTYPE,1,KX134_SENSOR_1,sensor_node_1,D4:E9:F4:E9:8E:1C,21934,219819925,0,0,NA,0,-4096,220,-76,-1.000000,0.053711,-0.018555,100,100,8,UNCALIBRATED_SENSOR_1,false,CALIBRATION_MISSING,CALIBRATION_MISSING,kx134_single_node_i2c.0.1.0,kx134.v3
kx134.v3,NODE_PROTOTYPE,1,KX134_SENSOR_1,sensor_node_1,D4:E9:F4:E9:8E:1C,21935,219829925,0,0,NA,0,-4098,226,-57,-1.000488,0.055176,-0.013916,100,100,8,UNCALIBRATED_SENSOR_1,false,CALIBRATION_MISSING,CALIBRATION_MISSING,kx134_single_node_i2c.0.1.0,kx134.v3
kx134.v3,NODE_PROTOTYPE,1,KX134_SENSOR_1,sensor_node_1,D4:E9:F4:E9:8E:1C,21936,219839925,0,0,NA,0,-4086,248,-49,-0.997559,0.060547,-0.011963,100,100,8,UNCALIBRATED_SENSOR_1,false,CALIBRATION_MISSING,CALIBRATION_MISSING,kx134_single_node_i2c.0.1.0,kx134.v3
kx134.v3,NODE_PROTOTYPE,1,KX134_SENSOR_1,sensor_node_1,D4:E9:F4:E9:8E:1C,21937,219849925,0,0,NA,0,-4070,277,-63,-0.993652,0.067627,-0.015381,100,100,8,UNCALIBRATED_SENSOR_1,false,CALIBRATION_MISSING,CALIBRATION_MISSING,kx134_single_node_i2c.0.1.0,kx134.v3
kx134.v3,NODE_PROTOTYPE,1,KX134_SENSOR_1,sensor_node_1,D4:E9:F4:E9:8E:1C,21938,219859925,0,0,NA,0,-4082,276,-84,-0.996582,0.067383,-0.020508,100,100,8,UNCALIBRATED_SENSOR_1,false,CALIBRATION_MISSING,CALIBRATION_MISSING,kx134_single_node_i2c.0.1.0,kx134.v3
kx134.v3,NODE_PROTOTYPE,1,KX134_SENSOR_1,sensor_node_1,D4:E9:F4:E9:8E:1C,21939,219869924,0,0,NA,0,-4092,231,-75,-0.999023,0.056396,-0.018311,100,100,8,UNCALIBRATED_SENSOR_1,false,CALIBRATION_MISSING,CALIBRATION_MISSING,kx134_single_node_i2c.0.1.0,kx134.v3
kx134.v3,NODE_PROTOTYPE,1,KX134_SENSOR_1,sensor_node_1,D4:E9:F4:E9:8E:1C,21940,219879925,0,0,NA,0,-4097,225,-57,-1.000244,0.054932,-0.013916,100,100,8,UNCALIBRATED_SENSOR_1,false,CALIBRATION_MISSING,CALIBRATION_MISSING,kx134_single_node_i2c.0.1.0,kx134.v3
kx134.v3,NODE_PROTOTYPE,1,KX134_SENSOR_1,sensor_node_1,D4:E9:F4:E9:8E:1C,21941,219889925,0,0,NA,0,-4104,246,-63,-1.001953,0.060059,-0.015381,100,100,8,UNCALIBRATED_SENSOR_1,false,CALIBRATION_MISSING,CALIBRATION_MISSING,kx134_single_node_i2c.0.1.0,kx134.v3
kx134.v3,NODE_PROTOTYPE,1,KX134_SENSOR_1,sensor_node_1,D4:E9:F4:E9:8E:1C,21942,219899925,0,0,NA,0,-4096,271,-92,-1.000000,0.066162,-0.022461,100,100,8,UNCALIBRATED_SENSOR_1,false,CALIBRATION_MISSING,CALIBRATION_MISSING,kx134_single_node_i2c.0.1.0,kx134.v3
kx134.v3,NODE_PROTOTYPE,1,KX134_SENSOR_1,sensor_node_1,D4:E9:F4:E9:8E:1C,21943,219909924,0,0,NA,0,-4090,268,-92,-0.998535,0.065430,-0.022461,100,100,8,UNCALIBRATED_SENSOR_1,false,CALIBRATION_MISSING,CALIBRATION_MISSING,kx134_single_node_i2c.0.1.0,kx134.v3
kx134.v3,NODE_PROTOTYPE,1,KX134_SENSOR_1,sensor_node_1,D4:E9:F4:E9:8E:1C,21944,219919925,0,0,NA,0,-4084,226,-86,-0.997070,0.055176,-0.020996,100,100,8,UNCALIBRATED_SENSOR_1,false,CALIBRATION_MISSING,CALIBRATION_MISSING,kx134_single_node_i2c.0.1.0,kx134.v3
kx134.v3,NODE_PROTOTYPE,1,KX134_SENSOR_1,sensor_node_1,D4:E9:F4:E9:8E:1C,21945,219929924,0,0,NA,0,-4108,226,-99,-1.002930,0.055176,-0.024170,100,100,8,UNCALIBRATED_SENSOR_1,false,CALIBRATION_MISSING,CALIBRATION_MISSING,kx134_single_node_i2c.0.1.0,kx134.v3
kx134.v3,NODE_PROTOTYPE,1,KX134_SENSOR_1,sensor_node_1,D4:E9:F4:E9:8E:1C,21946,219939924,0,0,NA,0,-4123,265,-107,-1.006592,0.064697,-0.026123,100,100,8,UNCALIBRATED_SENSOR_1,false,CALIBRATION_MISSING,CALIBRATION_MISSING,kx134_single_node_i2c.0.1.0,kx134.v3
kx134.v3,NODE_PROTOTYPE,1,KX134_SENSOR_1,sensor_node_1,D4:E9:F4:E9:8E:1C,21947,219949925,0,0,NA,0,-4117,300,-84,-1.005127,0.073242,-0.020508,100,100,8,UNCALIBRATED_SENSOR_1,false,CALIBRATION_MISSING,CALIBRATION_MISSING,kx134_single_node_i2c.0.1.0,kx134.v3
kx134.v3,NODE_PROTOTYPE,1,KX134_SENSOR_1,sensor_node_1,D4:E9:F4:E9:8E:1C,21948,219959925,0,0,NA,0,-4140,289,-59,-1.010742,0.070557,-0.014404,100,100,8,UNCALIBRATED_SENSOR_1,false,CALIBRATION_MISSING,CALIBRATION_MISSING,kx134_single_node_i2c.0.1.0,kx134.v3
kx134.v3,NODE_PROTOTYPE,1,KX134_SENSOR_1,sensor_node_1,D4:E9:F4:E9:8E:1C,21949,219969925,0,0,NA,0,-4149,249,-82,-1.012939,0.060791,-0.020020,100,100,8,UNCALIBRATED_SENSOR_1,false,CALIBRATION_MISSING,CALIBRATION_MISSING,kx134_single_node_i2c.0.1.0,kx134.v3
kx134.v3,NODE_PROTOTYPE,1,KX134_SENSOR_1,sensor_node_1,D4:E9:F4:E9:8E:1C,21950,219979925,0,0,NA,0,-4128,250,-87,-1.007813,0.061035,-0.021240,100,100,8,UNCALIBRATED_SENSOR_1,false,CALIBRATION_MISSING,CALIBRATION_MISSING,kx134_single_node_i2c.0.1.0,kx134.v3
kx134.v3,NODE_PROTOTYPE,1,KX134_SENSOR_1,sensor_node_1,D4:E9:F4:E9:8E:1C,21951,219989925,0,0,NA,0,-4130,288,-97,-1.008301,0.070312,-0.023682,100,100,8,UNCALIBRATED_SENSOR_1,false,CALIBRATION_MISSING,CALIBRATION_MISSING,kx134_single_node_i2c.0.1.0,kx134.v3
kx134.v3,NODE_PROTOTYPE,1,KX134_SENSOR_1,sensor_node_1,D4:E9:F4:E9:8E:1C,21952,219999925,0,0,NA,0,-4122,283,-120,-1.006348,0.069092,-0.029297,100,100,8,UNCALIBRATED_SENSOR_1,false,CALIBRATION_MISSING,CALIBRATION_MISSING,kx134_single_node_i2c.0.1.0,kx134.v3
kx134.v3,NODE_PROTOTYPE,1,KX134_SENSOR_1,sensor_node_1,D4:E9:F4:E9:8E:1C,21953,220009925,0,0,NA,0,-4090,258,-129,-0.998535,0.062988,-0.031494,100,100,8,UNCALIBRATED_SENSOR_1,false,CALIBRATION_MISSING,CALIBRATION_MISSING,kx134_single_node_i2c.0.1.0,kx134.v3
kx134.v3,NODE_PROTOTYPE,1,KX134_SENSOR_1,sensor_node_1,D4:E9:F4:E9:8E:1C,21954,220019924,0,0,NA,0,-4072,269,-129,-0.994141,0.065674,-0.031494,100,100,8,UNCALIBRATED_SENSOR_1,false,CALIBRATION_MISSING,CALIBRATION_MISSING,kx134_single_node_i2c.0.1.0,kx134.v3
kx134.v3,NODE_PROTOTYPE,1,KX134_SENSOR_1,sensor_node_1,D4:E9:F4:E9:8E:1C,21955,220029924,0,0,NA,0,-4071,273,-124,-0.993896,0.066650,-0.030273,100,100,8,UNCALIBRATED_SENSOR_1,false,CALIBRATION_MISSING,CALIBRATION_MISSING,kx134_single_node_i2c.0.1.0,kx134.v3
kx134.v3,NODE_PROTOTYPE,1,KX134_SENSOR_1,sensor_node_1,D4:E9:F4:E9:8E:1C,21956,220039925,0,0,NA,0,-4085,269,-135,-0.997314,0.065674,-0.032959,100,100,8,UNCALIBRATED_SENSOR_1,false,CALIBRATION_MISSING,CALIBRATION_MISSING,kx134_single_node_i2c.0.1.0,kx134.v3
kx134.v3,NODE_PROTOTYPE,1,KX134_SENSOR_1,sensor_node_1,D4:E9:F4:E9:8E:1C,21957,220049925,0,0,NA,0,-4100,283,-112,-1.000977,0.069092,-0.027344,100,100,8,UNCALIBRATED_SENSOR_1,false,CALIBRATION_MISSING,CALIBRATION_MISSING,kx134_single_node_i2c.0.1.0,kx134.v3
kx134.v3,NODE_PROTOTYPE,1,KX134_SENSOR_1,sensor_node_1,D4:E9:F4:E9:8E:1C,21958,220059924,0,0,NA,0,-4085,286,-96,-0.997314,0.069824,-0.023437,100,100,8,UNCALIBRATED_SENSOR_1,false,CALIBRATION_MISSING,CALIBRATION_MISSING,kx134_single_node_i2c.0.1.0,kx134.v3
kx134.v3,NODE_PROTOTYPE,1,KX134_SENSOR_1,sensor_node_1,D4:E9:F4:E9:8E:1C,21959,220069924,0,0,NA,0,-4073,265,-98,-0.994385,0.064697,-0.023926,100,100,8,UNCALIBRATED_SENSOR_1,false,CALIBRATION_MISSING,CALIBRATION_MISSING,kx134_single_node_i2c.0.1.0,kx134.v3
kx134.v3,NODE_PROTOTYPE,1,KX134_SENSOR_1,sensor_node_1,D4:E9:F4:E9:8E:1C,21960,220079924,0,0,NA,0,-4093,255,-98,-0.999268,0.062256,-0.023926,100,100,8,UNCALIBRATED_SENSOR_1,false,CALIBRATION_MISSING,CALIBRATION_MISSING,kx134_single_node_i2c.0.1.0,kx134.v3
kx134.v3,NODE_PROTOTYPE,1,KX134_SENSOR_1,sensor_node_1,D4:E9:F4:E9:8E:1C,21961,220089924,0,0,NA,0,-4121,259,-108,-1.006104,0.063232,-0.026367,100,100,8,UNCALIBRATED_SENSOR_1,false,CALIBRATION_MISSING,CALIBRATION_MISSING,kx134_single_node_i2c.0.1.0,kx134.v3
kx134.v3,NODE_PROTOTYPE,1,KX134_SENSOR_1,sensor_node_1,D4:E9:F4:E9:8E:1C,21962,220099925,0,0,NA,0,-4125,266,-92,-1.007080,0.064941,-0.022461,100,100,8,UNCALIBRATED_SENSOR_1,false,CALIBRATION_MISSING,CALIBRATION_MISSING,kx134_single_node_i2c.0.1.0,kx134.v3
kx134.v3,NODE_PROTOTYPE,1,KX134_SENSOR_1,sensor_node_1,D4:E9:F4:E9:8E:1C,21963,220109925,0,0,NA,0,-4093,266,-78,-0.999268,0.064941,-0.019043,100,100,8,UNCALIBRATED_SENSOR_1,false,CALIBRATION_MISSING,CALIBRATION_MISSING,kx134_single_node_i2c.0.1.0,kx134.v3
kx134.v3,NODE_PROTOTYPE,1,KX134_SENSOR_1,sensor_node_1,D4:E9:F4:E9:8E:1C,21964,220119924,0,0,NA,0,-4094,267,-114,-0.999512,0.065186,-0.027832,100,100,8,UNCALIBRATED_SENSOR_1,false,CALIBRATION_MISSING,CALIBRATION_MISSING,kx134_single_node_i2c.0.1.0,kx134.v3
kx134.v3,NODE_PROTOTYPE,1,KX134_SENSOR_1,sensor_node_1,D4:E9:F4:E9:8E:1C,21965,220129925,0,0,NA,0,-4102,269,-122,-1.001465,0.065674,-0.029785,100,100,8,UNCALIBRATED_SENSOR_1,false,CALIBRATION_MISSING,CALIBRATION_MISSING,kx134_single_node_i2c.0.1.0,kx134.v3
kx134.v3,NODE_PROTOTYPE,1,KX134_SENSOR_1,sensor_node_1,D4:E9:F4:E9:8E:1C,21966,220139925,0,0,NA,0,-4117,265,-92,-1.005127,0.064697,-0.022461,100,100,8,UNCALIBRATED_SENSOR_1,false,CALIBRATION_MISSING,CALIBRATION_MISSING,kx134_single_node_i2c.0.1.0,kx134.v3
kx134.v3,NODE_PROTOTYPE,1,KX134_SENSOR_1,sensor_node_1,D4:E9:F4:E9:8E:1C,21967,220149925,0,0,NA,0,-4121,260,-101,-1.006104,0.063477,-0.024658,100,100,8,UNCALIBRATED_SENSOR_1,false,CALIBRATION_MISSING,CALIBRATION_MISSING,kx134_single_node_i2c.0.1.0,kx134.v3
kx134.v3,NODE_PROTOTYPE,1,KX134_SENSOR_1,sensor_node_1,D4:E9:F4:E9:8E:1C,21968,220159925,0,0,NA,0,-4090,249,-104,-0.998535,0.060791,-0.025391,100,100,8,UNCALIBRATED_SENSOR_1,false,CALIBRATION_MISSING,CALIBRATION_MISSING,kx134_single_node_i2c.0.1.0,kx134.v3
kx134.v3,NODE_PROTOTYPE,1,KX134_SENSOR_1,sensor_node_1,D4:E9:F4:E9:8E:1C,21969,220169925,0,0,NA,0,-4106,264,-94,-1.002441,0.064453,-0.022949,100,100,8,UNCALIBRATED_SENSOR_1,false,CALIBRATION_MISSING,CALIBRATION_MISSING,kx134_single_node_i2c.0.1.0,kx134.v3
kx134.v3,NODE_PROTOTYPE,1,KX134_SENSOR_1,sensor_node_1,D4:E9:F4:E9:8E:1C,21970,220179924,0,0,NA,0,-4129,320,-104,-1.008057,0.078125,-0.025391,100,100,8,UNCALIBRATED_SENSOR_1,false,CALIBRATION_MISSING,CALIBRATION_MISSING,kx134_single_node_i2c.0.1.0,kx134.v3
kx134.v3,NODE_PROTOTYPE,1,KX134_SENSOR_1,sensor_node_1,D4:E9:F4:E9:8E:1C,21971,220189924,0,0,NA,0,-4121,318,-94,-1.006104,0.077637,-0.022949,100,100,8,UNCALIBRATED_SENSOR_1,false,CALIBRATION_MISSING,CALIBRATION_MISSING,kx134_single_node_i2c.0.1.0,kx134.v3
kx134.v3,NODE_PROTOTYPE,1,KX134_SENSOR_1,sensor_node_1,D4:E9:F4:E9:8E:1C,21972,220199924,0,0,NA,0,-4113,253,-114,-1.004150,0.061768,-0.027832,100,100,8,UNCALIBRATED_SENSOR_1,false,CALIBRATION_MISSING,CALIBRATION_MISSING,kx134_single_node_i2c.0.1.0,kx134.v3
kx134.v3,NODE_PROTOTYPE,1,KX134_SENSOR_1,sensor_node_1,D4:E9:F4:E9:8E:1C,21973,220209925,0,0,NA,0,-4138,267,-138,-1.010254,0.065186,-0.033691,100,100,8,UNCALIBRATED_SENSOR_1,false,CALIBRATION_MISSING,CALIBRATION_MISSING,kx134_single_node_i2c.0.1.0,kx134.v3
kx134.v3,NODE_PROTOTYPE,1,KX134_SENSOR_1,sensor_node_1,D4:E9:F4:E9:8E:1C,21974,220219925,0,0,NA,0,-4142,273,-101,-1.011230,0.066650,-0.024658,100,100,8,UNCALIBRATED_SENSOR_1,false,CALIBRATION_MISSING,CALIBRATION_MISSING,kx134_single_node_i2c.0.1.0,kx134.v3
kx134.v3,NODE_PROTOTYPE,1,KX134_SENSOR_1,sensor_node_1,D4:E9:F4:E9:8E:1C,21975,220229925,0,0,NA,0,-4118,224,-69,-1.005371,0.054687,-0.016846,100,100,8,UNCALIBRATED_SENSOR_1,false,CALIBRATION_MISSING,CALIBRATION_MISSING,kx134_single_node_i2c.0.1.0,kx134.v3
kx134.v3,NODE_PROTOTYPE,1,KX134_SENSOR_1,sensor_node_1,D4:E9:F4:E9:8E:1C,21976,220239925,0,0,NA,0,-4104,228,-62,-1.001953,0.055664,-0.015137,100,100,8,UNCALIBRATED_SENSOR_1,false,CALIBRATION_MISSING,CALIBRATION_MISSING,kx134_single_node_i2c.0.1.0,kx134.v3
kx134.v3,NODE_PROTOTYPE,1,KX134_SENSOR_1,sensor_node_1,D4:E9:F4:E9:8E:1C,21977,220249924,0,0,NA,0,-4065,239,-81,-0.992432,0.058350,-0.019775,100,100,8,UNCALIBRATED_SENSOR_1,false,CALIBRATION_MISSING,CALIBRATION_MISSING,kx134_single_node_i2c.0.1.0,kx134.v3
kx134.v3,NODE_PROTOTYPE,1,KX134_SENSOR_1,sensor_node_1,D4:E9:F4:E9:8E:1C,21978,220259925,0,0,NA,0,-4065,248,-90,-0.992432,0.060547,-0.021973,100,100,8,UNCALIBRATED_SENSOR_1,false,CALIBRATION_MISSING,CALIBRATION_MISSING,kx134_single_node_i2c.0.1.0,kx134.v3
kx134.v3,NODE_PROTOTYPE,1,KX134_SENSOR_1,sensor_node_1,D4:E9:F4:E9:8E:1C,21979,220269925,0,0,NA,0,-4078,250,-73,-0.995605,0.061035,-0.017822,100,100,8,UNCALIBRATED_SENSOR_1,false,CALIBRATION_MISSING,CALIBRATION_MISSING,kx134_single_node_i2c.0.1.0,kx134.v3
kx134.v3,NODE_PROTOTYPE,1,KX134_SENSOR_1,sensor_node_1,D4:E9:F4:E9:8E:1C,21980,220279925,0,0,NA,0,-4082,252,-51,-0.996582,0.061523,-0.012451,100,100,8,UNCALIBRATED_SENSOR_1,false,CALIBRATION_MISSING,CALIBRATION_MISSING,kx134_single_node_i2c.0.1.0,kx134.v3
kx134.v3,NODE_PROTOTYPE,1,KX134_SENSOR_1,sensor_node_1,D4:E9:F4:E9:8E:1C,21981,220289924,0,0,NA,0,-4117,289,-51,-1.005127,0.070557,-0.012451,100,100,8,UNCALIBRATED_SENSOR_1,false,CALIBRATION_MISSING,CALIBRATION_MISSING,kx134_single_node_i2c.0.1.0,kx134.v3
kx134.v3,NODE_PROTOTYPE,1,KX134_SENSOR_1,sensor_node_1,D4:E9:F4:E9:8E:1C,21982,220299925,0,0,NA,0,-4093,294,-82,-0.999268,0.071777,-0.020020,100,100,8,UNCALIBRATED_SENSOR_1,false,CALIBRATION_MISSING,CALIBRATION_MISSING,kx134_single_node_i2c.0.1.0,kx134.v3
kx134.v3,NODE_PROTOTYPE,1,KX134_SENSOR_1,sensor_node_1,D4:E9:F4:E9:8E:1C,21983,220309925,0,0,NA,0,-4061,288,-87,-0.991455,0.070312,-0.021240,100,100,8,UNCALIBRATED_SENSOR_1,false,CALIBRATION_MISSING,CALIBRATION_MISSING,kx134_single_node_i2c.0.1.0,kx134.v3
kx134.v3,NODE_PROTOTYPE,1,KX134_SENSOR_1,sensor_node_1,D4:E9:F4:E9:8E:1C,21984,220319924,0,0,NA,0,-4076,286,-90,-0.995117,0.069824,-0.021973,100,100,8,UNCALIBRATED_SENSOR_1,false,CALIBRATION_MISSING,CALIBRATION_MISSING,kx134_single_node_i2c.0.1.0,kx134.v3
kx134.v3,NODE_PROTOTYPE,1,KX134_SENSOR_1,sensor_node_1,D4:E9:F4:E9:8E:1C,21985,220329925,0,0,NA,0,-4096,288,-93,-1.000000,0.070312,-0.022705,100,100,8,UNCALIBRATED_SENSOR_1,false,CALIBRATION_MISSING,CALIBRATION_MISSING,kx134_single_node_i2c.0.1.0,kx134.v3
kx134.v3,NODE_PROTOTYPE,1,KX134_SENSOR_1,sensor_node_1,D4:E9:F4:E9:8E:1C,21986,220339925,0,0,NA,0,-4112,264,-77,-1.003906,0.064453,-0.018799,100,100,8,UNCALIBRATED_SENSOR_1,false,CALIBRATION_MISSING,CALIBRATION_MISSING,kx134_single_node_i2c.0.1.0,kx134.v3
kx134.v3,NODE_PROTOTYPE,1,KX134_SENSOR_1,sensor_node_1,D4:E9:F4:E9:8E:1C,21987,220349925,0,0,NA,0,-4081,246,-68,-0.996338,0.060059,-0.016602,100,100,8,UNCALIBRATED_SENSOR_1,false,CALIBRATION_MISSING,CALIBRATION_MISSING,kx134_single_node_i2c.0.1.0,kx134.v3
kx134.v3,NODE_PROTOTYPE,1,KX134_SENSOR_1,sensor_node_1,D4:E9:F4:E9:8E:1C,21988,220359924,0,0,NA,0,-4067,280,-73,-0.992920,0.068359,-0.017822,100,100,8,UNCALIBRATED_SENSOR_1,false,CALIBRATION_MISSING,CALIBRATION_MISSING,kx134_single_node_i2c.0.1.0,kx134.v3
kx134.v3,NODE_PROTOTYPE,1,KX134_SENSOR_1,sensor_node_1,D4:E9:F4:E9:8E:1C,21989,220369925,0,0,NA,0,-4088,298,-94,-0.998047,0.072754,-0.022949,100,100,8,UNCALIBRATED_SENSOR_1,false,CALIBRATION_MISSING,CALIBRATION_MISSING,kx134_single_node_i2c.0.1.0,kx134.v3
kx134.v3,NODE_PROTOTYPE,1,KX134_SENSOR_1,sensor_node_1,D4:E9:F4:E9:8E:1C,21990,220379925,0,0,NA,0,-4098,273,-117,-1.000488,0.066650,-0.028564,100,100,8,UNCALIBRATED_SENSOR_1,false,CALIBRATION_MISSING,CALIBRATION_MISSING,kx134_single_node_i2c.0.1.0,kx134.v3
kx134.v3,NODE_PROTOTYPE,1,KX134_SENSOR_1,sensor_node_1,D4:E9:F4:E9:8E:1C,21991,220389925,0,0,NA,0,-4105,276,-137,-1.002197,0.067383,-0.033447,100,100,8,UNCALIBRATED_SENSOR_1,false,CALIBRATION_MISSING,CALIBRATION_MISSING,kx134_single_node_i2c.0.1.0,kx134.v3
kx134.v3,NODE_PROTOTYPE,1,KX134_SENSOR_1,sensor_node_1,D4:E9:F4:E9:8E:1C,21992,220399925,0,0,NA,0,-4104,281,-137,-1.001953,0.068604,-0.033447,100,100,8,UNCALIBRATED_SENSOR_1,false,CALIBRATION_MISSING,CALIBRATION_MISSING,kx134_single_node_i2c.0.1.0,kx134.v3
kx134.v3,NODE_PROTOTYPE,1,KX134_SENSOR_1,sensor_node_1,D4:E9:F4:E9:8E:1C,21993,220409925,0,0,NA,0,-4107,265,-98,-1.002686,0.064697,-0.023926,100,100,8,UNCALIBRATED_SENSOR_1,false,CALIBRATION_MISSING,CALIBRATION_MISSING,kx134_single_node_i2c.0.1.0,kx134.v3
kx134.v3,NODE_PROTOTYPE,1,KX134_SENSOR_1,sensor_node_1,D4:E9:F4:E9:8E:1C,21994,220419925,0,0,NA,0,-4083,259,-83,-0.996826,0.063232,-0.020264,100,100,8,UNCALIBRATED_SENSOR_1,false,CALIBRATION_MISSING,CALIBRATION_MISSING,kx134_single_node_i2c.0.1.0,kx134.v3
kx134.v3,NODE_PROTOTYPE,1,KX134_SENSOR_1,sensor_node_1,D4:E9:F4:E9:8E:1C,21995,220429925,0,0,NA,0,-4063,241,-91,-0.991943,0.058838,-0.022217,100,100,8,UNCALIBRATED_SENSOR_1,false,CALIBRATION_MISSING,CALIBRATION_MISSING,kx134_single_node_i2c.0.1.0,kx134.v3
kx134.v3,NODE_PROTOTYPE,1,KX134_SENSOR_1,sensor_node_1,D4:E9:F4:E9:8E:1C,21996,220439925,0,0,NA,0,-4067,250,-103,-0.992920,0.061035,-0.025146,100,100,8,UNCALIBRATED_SENSOR_1,false,CALIBRATION_MISSING,CALIBRATION_MISSING,kx134_single_node_i2c.0.1.0,kx134.v3
kx134.v3,NODE_PROTOTYPE,1,KX134_SENSOR_1,sensor_node_1,D4:E9:F4:E9:8E:1C,21997,220449924,0,0,NA,0,-4078,284,-140,-0.995605,0.069336,-0.034180,100,100,8,UNCALIBRATED_SENSOR_1,false,CALIBRATION_MISSING,CALIBRATION_MISSING,kx134_single_node_i2c.0.1.0,kx134.v3
kx134.v3,NODE_PROTOTYPE,1,KX134_SENSOR_1,sensor_node_1,D4:E9:F4:E9:8E:1C,21998,220459925,0,0,NA,0,-4075,260,-105,-0.994873,0.063477,-0.025635,100,100,8,UNCALIBRATED_SENSOR_1,false,CALIBRATION_MISSING,CALIBRATION_MISSING,kx134_single_node_i2c.0.1.0,kx134.v3
kx134.v3,NODE_PROTOTYPE,1,KX134_SENSOR_1,sensor_node_1,D4:E9:F4:E9:8E:1C,21999,220469925,0,0,NA,0,-4068,234,-68,-0.993164,0.057129,-0.016602,100,100,8,UNCALIBRATED_SENSOR_1,false,CALIBRATION_MISSING,CALIBRATION_MISSING,kx134_single_node_i2c.0.1.0,kx134.v3
kx134.v3,NODE_PROTOTYPE,1,KX134_SENSOR_1,sensor_node_1,D4:E9:F4:E9:8E:1C,22000,220479924,0,0,NA,0,-4093,247,-106,-0.999268,0.060303,-0.025879,100,100,8,UNCALIBRATED_SENSOR_1,false,CALIBRATION_MISSING,CALIBRATION_MISSING,kx134_single_node_i2c.0.1.0,kx134.v3
kx134.v3,NODE_PROTOTYPE,1,KX134_SENSOR_1,sensor_node_1,D4:E9:F4:E9:8E:1C,22001,220489925,0,0,NA,0,-4096,257,-86,-1.000000,0.062744,-0.020996,100,100,8,UNCALIBRATED_SENSOR_1,false,CALIBRATION_MISSING,CALIBRATION_MISSING,kx134_single_node_i2c.0.1.0,kx134.v3
kx134.v3,NODE_PROTOTYPE,1,KX134_SENSOR_1,sensor_node_1,D4:E9:F4:E9:8E:1C,22002,220499925,0,0,NA,0,-4096,252,-57,-1.000000,0.061523,-0.013916,100,100,8,UNCALIBRATED_SENSOR_1,false,CALIBRATION_MISSING,CALIBRATION_MISSING,kx134_single_node_i2c.0.1.0,kx134.v3
kx134.v3,NODE_PROTOTYPE,1,KX134_SENSOR_1,sensor_node_1,D4:E9:F4:E9:8E:1C,22003,220509924,0,0,NA,0,-4124,221,-94,-1.006836,0.053955,-0.022949,100,100,8,UNCALIBRATED_SENSOR_1,false,CALIBRATION_MISSING,CALIBRATION_MISSING,kx134_single_node_i2c.0.1.0,kx134.v3
kx134.v3,NODE_PROTOTYPE,1,KX134_SENSOR_1,sensor_node_1,D4:E9:F4:E9:8E:1C,22004,220519925,0,0,NA,0,-4072,158,-57,-0.994141,0.038574,-0.013916,100,100,8,UNCALIBRATED_SENSOR_1,false,CALIBRATION_MISSING,CALIBRATION_MISSING,kx134_single_node_i2c.0.1.0,kx134.v3
kx134.v3,NODE_PROTOTYPE,1,KX134_SENSOR_1,sensor_node_1,D4:E9:F4:E9:8E:1C,22005,220529925,0,0,NA,0,-4072,158,-57,-0.994141,0.038574,-0.013916,100,100,8,UNCALIBRATED_SENSOR_1,false,CALIBRATION_MISSING,CALIBRATION_MISSING,kx134_single_node_i2c.0.1.0,kx134.v3
kx134.v3,NODE_PROTOTYPE,1,KX134_SENSOR_1,sensor_node_1,D4:E9:F4:E9:8E:1C,22006,220539925,0,0,NA,0,-4122,208,-144,-1.006348,0.050781,-0.035156,100,100,8,UNCALIBRATED_SENSOR_1,false,CALIBRATION_MISSING,CALIBRATION_MISSING,kx134_single_node_i2c.0.1.0,kx134.v3
kx134.v3,NODE_PROTOTYPE,1,KX134_SENSOR_1,sensor_node_1,D4:E9:F4:E9:8E:1C,22007,220549924,0,0,NA,0,-4120,185,-229,-1.005859,0.045166,-0.055908,100,100,8,UNCALIBRATED_SENSOR_1,false,CALIBRATION_MISSING,CALIBRATION_MISSING,kx134_single_node_i2c.0.1.0,kx134.v3
kx134.v3,NODE_PROTOTYPE,1,KX134_SENSOR_1,sensor_node_1,D4:E9:F4:E9:8E:1C,22008,220559925,0,0,NA,0,-4001,2,-67,-0.976807,0.000488,-0.016357,100,100,8,UNCALIBRATED_SENSOR_1,false,CALIBRATION_MISSING,CALIBRATION_MISSING,kx134_single_node_i2c.0.1.0,kx134.v3
kx134.v3,NODE_PROTOTYPE,1,KX134_SENSOR_1,sensor_node_1,D4:E9:F4:E9:8E:1C,22009,220569925,0,0,NA,0,-4069,61,12,-0.993408,0.014893,0.002930,100,100,8,UNCALIBRATED_SENSOR_1,false,CALIBRATION_MISSING,CALIBRATION_MISSING,kx134_single_node_i2c.0.1.0,kx134.v3
kx134.v3,NODE_PROTOTYPE,1,KX134_SENSOR_1,sensor_node_1,D4:E9:F4:E9:8E:1C,22010,220579925,0,0,NA,0,-4109,204,-40,-1.003174,0.049805,-0.009766,100,100,8,UNCALIBRATED_SENSOR_1,false,CALIBRATION_MISSING,CALIBRATION_MISSING,kx134_single_node_i2c.0.1.0,kx134.v3
kx134.v3,NODE_PROTOTYPE,1,KX134_SENSOR_1,sensor_node_1,D4:E9:F4:E9:8E:1C,22011,220589925,0,0,NA,0,-4003,260,-72,-0.977295,0.063477,-0.017578,100,100,8,UNCALIBRATED_SENSOR_1,false,CALIBRATION_MISSING,CALIBRATION_MISSING,kx134_single_node_i2c.0.1.0,kx134.v3
kx134.v3,NODE_PROTOTYPE,1,KX134_SENSOR_1,sensor_node_1,D4:E9:F4:E9:8E:1C,22012,220599925,0,0,NA,0,-3921,305,-70,-0.957275,0.074463,-0.017090,100,100,8,UNCALIBRATED_SENSOR_1,false,CALIBRATION_MISSING,CALIBRATION_MISSING,kx134_single_node_i2c.0.1.0,kx134.v3
kx134.v3,NODE_PROTOTYPE,1,KX134_SENSOR_1,sensor_node_1,D4:E9:F4:E9:8E:1C,22013,220609925,0,0,NA,0,-3985,288,-100,-0.972900,0.070312,-0.024414,100,100,8,UNCALIBRATED_SENSOR_1,false,CALIBRATION_MISSING,CALIBRATION_MISSING,kx134_single_node_i2c.0.1.0,kx134.v3
kx134.v3,NODE_PROTOTYPE,1,KX134_SENSOR_1,sensor_node_1,D4:E9:F4:E9:8E:1C,22014,220619925,0,0,NA,0,-4066,282,-118,-0.992676,0.068848,-0.028809,100,100,8,UNCALIBRATED_SENSOR_1,false,CALIBRATION_MISSING,CALIBRATION_MISSING,kx134_single_node_i2c.0.1.0,kx134.v3
kx134.v3,NODE_PROTOTYPE,1,KX134_SENSOR_1,sensor_node_1,D4:E9:F4:E9:8E:1C,22015,220629925,0,0,NA,0,-4090,300,-83,-0.998535,0.073242,-0.020264,100,100,8,UNCALIBRATED_SENSOR_1,false,CALIBRATION_MISSING,CALIBRATION_MISSING,kx134_single_node_i2c.0.1.0,kx134.v3
kx134.v3,NODE_PROTOTYPE,1,KX134_SENSOR_1,sensor_node_1,D4:E9:F4:E9:8E:1C,22016,220639925,0,0,NA,0,-4085,295,-74,-0.997314,0.072021,-0.018066,100,100,8,UNCALIBRATED_SENSOR_1,false,CALIBRATION_MISSING,CALIBRATION_MISSING,kx134_single_node_i2c.0.1.0,kx134.v3
kx134.v3,NODE_PROTOTYPE,1,KX134_SENSOR_1,sensor_node_1,D4:E9:F4:E9:8E:1C,22017,220649925,0,0,NA,0,-4068,285,-58,-0.993164,0.069580,-0.014160,100,100,8,UNCALIBRATED_SENSOR_1,false,CALIBRATION_MISSING,CALIBRATION_MISSING,kx134_single_node_i2c.0.1.0,kx134.v3
kx134.v3,NODE_PROTOTYPE,1,KX134_SENSOR_1,sensor_node_1,D4:E9:F4:E9:8E:1C,22018,220659924,0,0,NA,0,-4072,265,-35,-0.994141,0.064697,-0.008545,100,100,8,UNCALIBRATED_SENSOR_1,false,CALIBRATION_MISSING,CALIBRATION_MISSING,kx134_single_node_i2c.0.1.0,kx134.v3
kx134.v3,NODE_PROTOTYPE,1,KX134_SENSOR_1,sensor_node_1,D4:E9:F4:E9:8E:1C,22019,220669925,0,0,NA,0,-4088,256,-56,-0.998047,0.062500,-0.013672,100,100,8,UNCALIBRATED_SENSOR_1,false,CALIBRATION_MISSING,CALIBRATION_MISSING,kx134_single_node_i2c.0.1.0,kx134.v3
kx134.v3,NODE_PROTOTYPE,1,KX134_SENSOR_1,sensor_node_1,D4:E9:F4:E9:8E:1C,22020,220679925,0,0,NA,0,-4083,245,-66,-0.996826,0.059814,-0.016113,100,100,8,UNCALIBRATED_SENSOR_1,false,CALIBRATION_MISSING,CALIBRATION_MISSING,kx134_single_node_i2c.0.1.0,kx134.v3
kx134.v3,NODE_PROTOTYPE,1,KX134_SENSOR_1,sensor_node_1,D4:E9:F4:E9:8E:1C,22021,220689925,0,0,NA,0,-4063,233,-76,-0.991943,0.056885,-0.018555,100,100,8,UNCALIBRATED_SENSOR_1,false,CALIBRATION_MISSING,CALIBRATION_MISSING,kx134_single_node_i2c.0.1.0,kx134.v3
kx134.v3,NODE_PROTOTYPE,1,KX134_SENSOR_1,sensor_node_1,D4:E9:F4:E9:8E:1C,22022,220699925,0,0,NA,0,-4071,235,-102,-0.993896,0.057373,-0.024902,100,100,8,UNCALIBRATED_SENSOR_1,false,CALIBRATION_MISSING,CALIBRATION_MISSING,kx134_single_node_i2c.0.1.0,kx134.v3
kx134.v3,NODE_PROTOTYPE,1,KX134_SENSOR_1,sensor_node_1,D4:E9:F4:E9:8E:1C,22023,220709925,0,0,NA,0,-4110,253,-104,-1.003418,0.061768,-0.025391,100,100,8,UNCALIBRATED_SENSOR_1,false,CALIBRATION_MISSING,CALIBRATION_MISSING,kx134_single_node_i2c.0.1.0,kx134.v3
kx134.v3,NODE_PROTOTYPE,1,KX134_SENSOR_1,sensor_node_1,D4:E9:F4:E9:8E:1C,22024,220719925,0,0,NA,0,-4116,288,-122,-1.004883,0.070312,-0.029785,100,100,8,UNCALIBRATED_SENSOR_1,false,CALIBRATION_MISSING,CALIBRATION_MISSING,kx134_single_node_i2c.0.1.0,kx134.v3
kx134.v3,NODE_PROTOTYPE,1,KX134_SENSOR_1,sensor_node_1,D4:E9:F4:E9:8E:1C,22025,220729924,0,0,NA,0,-4084,265,-110,-0.997070,0.064697,-0.026855,100,100,8,UNCALIBRATED_SENSOR_1,false,CALIBRATION_MISSING,CALIBRATION_MISSING,kx134_single_node_i2c.0.1.0,kx134.v3
kx134.v3,NODE_PROTOTYPE,1,KX134_SENSOR_1,sensor_node_1,D4:E9:F4:E9:8E:1C,22026,220739925,0,0,NA,0,-4096,230,-52,-1.000000,0.056152,-0.012695,100,100,8,UNCALIBRATED_SENSOR_1,false,CALIBRATION_MISSING,CALIBRATION_MISSING,kx134_single_node_i2c.0.1.0,kx134.v3
kx134.v3,NODE_PROTOTYPE,1,KX134_SENSOR_1,sensor_node_1,D4:E9:F4:E9:8E:1C,22027,220749925,0,0,NA,0,-4133,240,-49,-1.009033,0.058594,-0.011963,100,100,8,UNCALIBRATED_SENSOR_1,false,CALIBRATION_MISSING,CALIBRATION_MISSING,kx134_single_node_i2c.0.1.0,kx134.v3
kx134.v3,NODE_PROTOTYPE,1,KX134_SENSOR_1,sensor_node_1,D4:E9:F4:E9:8E:1C,22028,220759925,0,0,NA,0,-4129,249,-75,-1.008057,0.060791,-0.018311,100,100,8,UNCALIBRATED_SENSOR_1,false,CALIBRATION_MISSING,CALIBRATION_MISSING,kx134_single_node_i2c.0.1.0,kx134.v3
kx134.v3,NODE_PROTOTYPE,1,KX134_SENSOR_1,sensor_node_1,D4:E9:F4:E9:8E:1C,22029,220769925,0,0,NA,0,-4117,250,-91,-1.005127,0.061035,-0.022217,100,100,8,UNCALIBRATED_SENSOR_1,false,CALIBRATION_MISSING,CALIBRATION_MISSING,kx134_single_node_i2c.0.1.0,kx134.v3
kx134.v3,NODE_PROTOTYPE,1,KX134_SENSOR_1,sensor_node_1,D4:E9:F4:E9:8E:1C,22030,220779925,0,0,NA,0,-4108,273,-91,-1.002930,0.066650,-0.022217,100,100,8,UNCALIBRATED_SENSOR_1,false,CALIBRATION_MISSING,CALIBRATION_MISSING,kx134_single_node_i2c.0.1.0,kx134.v3
kx134.v3,NODE_PROTOTYPE,1,KX134_SENSOR_1,sensor_node_1,D4:E9:F4:E9:8E:1C,22031,220789925,0,0,NA,0,-4098,290,-99,-1.000488,0.070801,-0.024170,100,100,8,UNCALIBRATED_SENSOR_1,false,CALIBRATION_MISSING,CALIBRATION_MISSING,kx134_single_node_i2c.0.1.0,kx134.v3
kx134.v3,NODE_PROTOTYPE,1,KX134_SENSOR_1,sensor_node_1,D4:E9:F4:E9:8E:1C,22032,220799924,0,0,NA,0,-4108,261,-107,-1.002930,0.063721,-0.026123,100,100,8,UNCALIBRATED_SENSOR_1,false,CALIBRATION_MISSING,CALIBRATION_MISSING,kx134_single_node_i2c.0.1.0,kx134.v3
kx134.v3,NODE_PROTOTYPE,1,KX134_SENSOR_1,sensor_node_1,D4:E9:F4:E9:8E:1C,22033,220809925,0,0,NA,0,-4110,243,-102,-1.003418,0.059326,-0.024902,100,100,8,UNCALIBRATED_SENSOR_1,false,CALIBRATION_MISSING,CALIBRATION_MISSING,kx134_single_node_i2c.0.1.0,kx134.v3
kx134.v3,NODE_PROTOTYPE,1,KX134_SENSOR_1,sensor_node_1,D4:E9:F4:E9:8E:1C,22034,220819924,0,0,NA,0,-4105,271,-118,-1.002197,0.066162,-0.028809,100,100,8,UNCALIBRATED_SENSOR_1,false,CALIBRATION_MISSING,CALIBRATION_MISSING,kx134_single_node_i2c.0.1.0,kx134.v3
kx134.v3,NODE_PROTOTYPE,1,KX134_SENSOR_1,sensor_node_1,D4:E9:F4:E9:8E:1C,22035,220829925,0,0,NA,0,-4122,292,-119,-1.006348,0.071289,-0.029053,100,100,8,UNCALIBRATED_SENSOR_1,false,CALIBRATION_MISSING,CALIBRATION_MISSING,kx134_single_node_i2c.0.1.0,kx134.v3
kx134.v3,NODE_PROTOTYPE,1,KX134_SENSOR_1,sensor_node_1,D4:E9:F4:E9:8E:1C,22036,220839924,0,0,NA,0,-4129,314,-137,-1.008057,0.076660,-0.033447,100,100,8,UNCALIBRATED_SENSOR_1,false,CALIBRATION_MISSING,CALIBRATION_MISSING,kx134_single_node_i2c.0.1.0,kx134.v3
kx134.v3,NODE_PROTOTYPE,1,KX134_SENSOR_1,sensor_node_1,D4:E9:F4:E9:8E:1C,22037,220849925,0,0,NA,0,-4119,312,-119,-1.005615,0.076172,-0.029053,100,100,8,UNCALIBRATED_SENSOR_1,false,CALIBRATION_MISSING,CALIBRATION_MISSING,kx134_single_node_i2c.0.1.0,kx134.v3
kx134.v3,NODE_PROTOTYPE,1,KX134_SENSOR_1,sensor_node_1,D4:E9:F4:E9:8E:1C,22038,220859924,0,0,NA,0,-4096,300,-73,-1.000000,0.073242,-0.017822,100,100,8,UNCALIBRATED_SENSOR_1,false,CALIBRATION_MISSING,CALIBRATION_MISSING,kx134_single_node_i2c.0.1.0,kx134.v3
kx134.v3,NODE_PROTOTYPE,1,KX134_SENSOR_1,sensor_node_1,D4:E9:F4:E9:8E:1C,22039,220869924,0,0,NA,0,-4095,309,-80,-0.999756,0.075439,-0.019531,100,100,8,UNCALIBRATED_SENSOR_1,false,CALIBRATION_MISSING,CALIBRATION_MISSING,kx134_single_node_i2c.0.1.0,kx134.v3
kx134.v3,NODE_PROTOTYPE,1,KX134_SENSOR_1,sensor_node_1,D4:E9:F4:E9:8E:1C,22040,220879925,0,0,NA,0,-4118,307,-71,-1.005371,0.074951,-0.017334,100,100,8,UNCALIBRATED_SENSOR_1,false,CALIBRATION_MISSING,CALIBRATION_MISSING,kx134_single_node_i2c.0.1.0,kx134.v3
kx134.v3,NODE_PROTOTYPE,1,KX134_SENSOR_1,sensor_node_1,D4:E9:F4:E9:8E:1C,22041,220889925,0,0,NA,0,-4091,315,-79,-0.998779,0.076904,-0.019287,100,100,8,UNCALIBRATED_SENSOR_1,false,CALIBRATION_MISSING,CALIBRATION_MISSING,kx134_single_node_i2c.0.1.0,kx134.v3
kx134.v3,NODE_PROTOTYPE,1,KX134_SENSOR_1,sensor_node_1,D4:E9:F4:E9:8E:1C,22042,220899925,0,0,NA,0,-4059,302,-102,-0.990967,0.073730,-0.024902,100,100,8,UNCALIBRATED_SENSOR_1,false,CALIBRATION_MISSING,CALIBRATION_MISSING,kx134_single_node_i2c.0.1.0,kx134.v3
kx134.v3,NODE_PROTOTYPE,1,KX134_SENSOR_1,sensor_node_1,D4:E9:F4:E9:8E:1C,22043,220909924,0,0,NA,0,-4074,272,-117,-0.994629,0.066406,-0.028564,100,100,8,UNCALIBRATED_SENSOR_1,false,CALIBRATION_MISSING,CALIBRATION_MISSING,kx134_single_node_i2c.0.1.0,kx134.v3
kx134.v3,NODE_PROTOTYPE,1,KX134_SENSOR_1,sensor_node_1,D4:E9:F4:E9:8E:1C,22044,220919924,0,0,NA,0,-4093,251,-123,-0.999268,0.061279,-0.030029,100,100,8,UNCALIBRATED_SENSOR_1,false,CALIBRATION_MISSING,CALIBRATION_MISSING,kx134_single_node_i2c.0.1.0,kx134.v3
kx134.v3,NODE_PROTOTYPE,1,KX134_SENSOR_1,sensor_node_1,D4:E9:F4:E9:8E:1C,22045,220929925,0,0,NA,0,-4109,266,-122,-1.003174,0.064941,-0.029785,100,100,8,UNCALIBRATED_SENSOR_1,false,CALIBRATION_MISSING,CALIBRATION_MISSING,kx134_single_node_i2c.0.1.0,kx134.v3
kx134.v3,NODE_PROTOTYPE,1,KX134_SENSOR_1,sensor_node_1,D4:E9:F4:E9:8E:1C,22046,220939925,0,0,NA,0,-4093,256,-108,-0.999268,0.062500,-0.026367,100,100,8,UNCALIBRATED_SENSOR_1,false,CALIBRATION_MISSING,CALIBRATION_MISSING,kx134_single_node_i2c.0.1.0,kx134.v3
kx134.v3,NODE_PROTOTYPE,1,KX134_SENSOR_1,sensor_node_1,D4:E9:F4:E9:8E:1C,22047,220949925,0,0,NA,0,-4090,237,-83,-0.998535,0.057861,-0.020264,100,100,8,UNCALIBRATED_SENSOR_1,false,CALIBRATION_MISSING,CALIBRATION_MISSING,kx134_single_node_i2c.0.1.0,kx134.v3
kx134.v3,NODE_PROTOTYPE,1,KX134_SENSOR_1,sensor_node_1,D4:E9:F4:E9:8E:1C,22048,220959925,0,0,NA,0,-4133,246,-80,-1.009033,0.060059,-0.019531,100,100,8,UNCALIBRATED_SENSOR_1,false,CALIBRATION_MISSING,CALIBRATION_MISSING,kx134_single_node_i2c.0.1.0,kx134.v3
kx134.v3,NODE_PROTOTYPE,1,KX134_SENSOR_1,sensor_node_1,D4:E9:F4:E9:8E:1C,22049,220969924,0,0,NA,0,-4128,249,-77,-1.007813,0.060791,-0.018799,100,100,8,UNCALIBRATED_SENSOR_1,false,CALIBRATION_MISSING,CALIBRATION_MISSING,kx134_single_node_i2c.0.1.0,kx134.v3
kx134.v3,NODE_PROTOTYPE,1,KX134_SENSOR_1,sensor_node_1,D4:E9:F4:E9:8E:1C,22050,220979925,0,0,NA,0,-4091,242,-94,-0.998779,0.059082,-0.022949,100,100,8,UNCALIBRATED_SENSOR_1,false,CALIBRATION_MISSING,CALIBRATION_MISSING,kx134_single_node_i2c.0.1.0,kx134.v3
kx134.v3,NODE_PROTOTYPE,1,KX134_SENSOR_1,sensor_node_1,D4:E9:F4:E9:8E:1C,22051,220989924,0,0,NA,0,-4076,224,-105,-0.995117,0.054687,-0.025635,100,100,8,UNCALIBRATED_SENSOR_1,false,CALIBRATION_MISSING,CALIBRATION_MISSING,kx134_single_node_i2c.0.1.0,kx134.v3
kx134.v3,NODE_PROTOTYPE,1,KX134_SENSOR_1,sensor_node_1,D4:E9:F4:E9:8E:1C,22052,220999924,0,0,NA,0,-4062,234,-113,-0.991699,0.057129,-0.027588,100,100,8,UNCALIBRATED_SENSOR_1,false,CALIBRATION_MISSING,CALIBRATION_MISSING,kx134_single_node_i2c.0.1.0,kx134.v3
kx134.v3,NODE_PROTOTYPE,1,KX134_SENSOR_1,sensor_node_1,D4:E9:F4:E9:8E:1C,22053,221009925,0,0,NA,0,-4047,253,-126,-0.988037,0.061768,-0.030762,100,100,8,UNCALIBRATED_SENSOR_1,false,CALIBRATION_MISSING,CALIBRATION_MISSING,kx134_single_node_i2c.0.1.0,kx134.v3
kx134.v3,NODE_PROTOTYPE,1,KX134_SENSOR_1,sensor_node_1,D4:E9:F4:E9:8E:1C,22054,221019925,0,0,NA,0,-4039,260,-124,-0.986084,0.063477,-0.030273,100,100,8,UNCALIBRATED_SENSOR_1,false,CALIBRATION_MISSING,CALIBRATION_MISSING,kx134_single_node_i2c.0.1.0,kx134.v3
kx134.v3,NODE_PROTOTYPE,1,KX134_SENSOR_1,sensor_node_1,D4:E9:F4:E9:8E:1C,22055,221029924,0,0,NA,0,-4063,271,-130,-0.991943,0.066162,-0.031738,100,100,8,UNCALIBRATED_SENSOR_1,false,CALIBRATION_MISSING,CALIBRATION_MISSING,kx134_single_node_i2c.0.1.0,kx134.v3
kx134.v3,NODE_PROTOTYPE,1,KX134_SENSOR_1,sensor_node_1,D4:E9:F4:E9:8E:1C,22056,221039924,0,0,NA,0,-4099,293,-121,-1.000732,0.071533,-0.029541,100,100,8,UNCALIBRATED_SENSOR_1,false,CALIBRATION_MISSING,CALIBRATION_MISSING,kx134_single_node_i2c.0.1.0,kx134.v3
kx134.v3,NODE_PROTOTYPE,1,KX134_SENSOR_1,sensor_node_1,D4:E9:F4:E9:8E:1C,22057,221049924,0,0,NA,0,-4103,278,-116,-1.001709,0.067871,-0.028320,100,100,8,UNCALIBRATED_SENSOR_1,false,CALIBRATION_MISSING,CALIBRATION_MISSING,kx134_single_node_i2c.0.1.0,kx134.v3
kx134.v3,NODE_PROTOTYPE,1,KX134_SENSOR_1,sensor_node_1,D4:E9:F4:E9:8E:1C,22058,221059925,0,0,NA,0,-4107,278,-125,-1.002686,0.067871,-0.030518,100,100,8,UNCALIBRATED_SENSOR_1,false,CALIBRATION_MISSING,CALIBRATION_MISSING,kx134_single_node_i2c.0.1.0,kx134.v3
kx134.v3,NODE_PROTOTYPE,1,KX134_SENSOR_1,sensor_node_1,D4:E9:F4:E9:8E:1C,22059,221069925,0,0,NA,0,-4110,268,-94,-1.003418,0.065430,-0.022949,100,100,8,UNCALIBRATED_SENSOR_1,false,CALIBRATION_MISSING,CALIBRATION_MISSING,kx134_single_node_i2c.0.1.0,kx134.v3
kx134.v3,NODE_PROTOTYPE,1,KX134_SENSOR_1,sensor_node_1,D4:E9:F4:E9:8E:1C,22060,221079925,0,0,NA,0,-4078,203,-91,-0.995605,0.049561,-0.022217,100,100,8,UNCALIBRATED_SENSOR_1,false,CALIBRATION_MISSING,CALIBRATION_MISSING,kx134_single_node_i2c.0.1.0,kx134.v3
kx134.v3,NODE_PROTOTYPE,1,KX134_SENSOR_1,sensor_node_1,D4:E9:F4:E9:8E:1C,22061,221089925,0,0,NA,0,-4046,204,-92,-0.987793,0.049805,-0.022461,100,100,8,UNCALIBRATED_SENSOR_1,false,CALIBRATION_MISSING,CALIBRATION_MISSING,kx134_single_node_i2c.0.1.0,kx134.v3
kx134.v3,NODE_PROTOTYPE,1,KX134_SENSOR_1,sensor_node_1,D4:E9:F4:E9:8E:1C,22062,221099924,0,0,NA,0,-4048,250,-69,-0.988281,0.061035,-0.016846,100,100,8,UNCALIBRATED_SENSOR_1,false,CALIBRATION_MISSING,CALIBRATION_MISSING,kx134_single_node_i2c.0.1.0,kx134.v3
kx134.v3,NODE_PROTOTYPE,1,KX134_SENSOR_1,sensor_node_1,D4:E9:F4:E9:8E:1C,22063,221109925,0,0,NA,0,-4077,254,-81,-0.995361,0.062012,-0.019775,100,100,8,UNCALIBRATED_SENSOR_1,false,CALIBRATION_MISSING,CALIBRATION_MISSING,kx134_single_node_i2c.0.1.0,kx134.v3
kx134.v3,NODE_PROTOTYPE,1,KX134_SENSOR_1,sensor_node_1,D4:E9:F4:E9:8E:1C,22064,221119925,0,0,NA,0,-4112,252,-110,-1.003906,0.061523,-0.026855,100,100,8,UNCALIBRATED_SENSOR_1,false,CALIBRATION_MISSING,CALIBRATION_MISSING,kx134_single_node_i2c.0.1.0,kx134.v3
kx134.v3,NODE_PROTOTYPE,1,KX134_SENSOR_1,sensor_node_1,D4:E9:F4:E9:8E:1C,22065,221129925,0,0,NA,0,-4108,282,-136,-1.002930,0.068848,-0.033203,100,100,8,UNCALIBRATED_SENSOR_1,false,CALIBRATION_MISSING,CALIBRATION_MISSING,kx134_single_node_i2c.0.1.0,kx134.v3
kx134.v3,NODE_PROTOTYPE,1,KX134_SENSOR_1,sensor_node_1,D4:E9:F4:E9:8E:1C,22066,221139925,0,0,NA,0,-4078,277,-123,-0.995605,0.067627,-0.030029,100,100,8,UNCALIBRATED_SENSOR_1,false,CALIBRATION_MISSING,CALIBRATION_MISSING,kx134_single_node_i2c.0.1.0,kx134.v3
kx134.v3,NODE_PROTOTYPE,1,KX134_SENSOR_1,sensor_node_1,D4:E9:F4:E9:8E:1C,22067,221149925,0,0,NA,0,-4077,282,-111,-0.995361,0.068848,-0.027100,100,100,8,UNCALIBRATED_SENSOR_1,false,CALIBRATION_MISSING,CALIBRATION_MISSING,kx134_single_node_i2c.0.1.0,kx134.v3
kx134.v3,NODE_PROTOTYPE,1,KX134_SENSOR_1,sensor_node_1,D4:E9:F4:E9:8E:1C,22068,221159925,0,0,NA,0,-4083,273,-119,-0.996826,0.066650,-0.029053,100,100,8,UNCALIBRATED_SENSOR_1,false,CALIBRATION_MISSING,CALIBRATION_MISSING,kx134_single_node_i2c.0.1.0,kx134.v3
kx134.v3,NODE_PROTOTYPE,1,KX134_SENSOR_1,sensor_node_1,D4:E9:F4:E9:8E:1C,22069,221169925,0,0,NA,0,-4083,255,-135,-0.996826,0.062256,-0.032959,100,100,8,UNCALIBRATED_SENSOR_1,false,CALIBRATION_MISSING,CALIBRATION_MISSING,kx134_single_node_i2c.0.1.0,kx134.v3
kx134.v3,NODE_PROTOTYPE,1,KX134_SENSOR_1,sensor_node_1,D4:E9:F4:E9:8E:1C,22070,221179924,0,0,NA,0,-4102,285,-99,-1.001465,0.069580,-0.024170,100,100,8,UNCALIBRATED_SENSOR_1,false,CALIBRATION_MISSING,CALIBRATION_MISSING,kx134_single_node_i2c.0.1.0,kx134.v3
kx134.v3,NODE_PROTOTYPE,1,KX134_SENSOR_1,sensor_node_1,D4:E9:F4:E9:8E:1C,22071,221189924,0,0,NA,0,-4121,285,-73,-1.006104,0.069580,-0.017822,100,100,8,UNCALIBRATED_SENSOR_1,false,CALIBRATION_MISSING,CALIBRATION_MISSING,kx134_single_node_i2c.0.1.0,kx134.v3
kx134.v3,NODE_PROTOTYPE,1,KX134_SENSOR_1,sensor_node_1,D4:E9:F4:E9:8E:1C,22072,221199925,0,0,NA,0,-4110,268,-118,-1.003418,0.065430,-0.028809,100,100,8,UNCALIBRATED_SENSOR_1,false,CALIBRATION_MISSING,CALIBRATION_MISSING,kx134_single_node_i2c.0.1.0,kx134.v3
kx134.v3,NODE_PROTOTYPE,1,KX134_SENSOR_1,sensor_node_1,D4:E9:F4:E9:8E:1C,22073,221209925,0,0,NA,0,-4090,271,-137,-0.998535,0.066162,-0.033447,100,100,8,UNCALIBRATED_SENSOR_1,false,CALIBRATION_MISSING,CALIBRATION_MISSING,kx134_single_node_i2c.0.1.0,kx134.v3
kx134.v3,NODE_PROTOTYPE,1,KX134_SENSOR_1,sensor_node_1,D4:E9:F4:E9:8E:1C,22074,221219925,0,0,NA,0,-4084,253,-96,-0.997070,0.061768,-0.023437,100,100,8,UNCALIBRATED_SENSOR_1,false,CALIBRATION_MISSING,CALIBRATION_MISSING,kx134_single_node_i2c.0.1.0,kx134.v3
kx134.v3,NODE_PROTOTYPE,1,KX134_SENSOR_1,sensor_node_1,D4:E9:F4:E9:8E:1C,22075,221229924,0,0,NA,0,-4086,233,-102,-0.997559,0.056885,-0.024902,100,100,8,UNCALIBRATED_SENSOR_1,false,CALIBRATION_MISSING,CALIBRATION_MISSING,kx134_single_node_i2c.0.1.0,kx134.v3
kx134.v3,NODE_PROTOTYPE,1,KX134_SENSOR_1,sensor_node_1,D4:E9:F4:E9:8E:1C,22076,221239925,0,0,NA,0,-4073,250,-130,-0.994385,0.061035,-0.031738,100,100,8,UNCALIBRATED_SENSOR_1,false,CALIBRATION_MISSING,CALIBRATION_MISSING,kx134_single_node_i2c.0.1.0,kx134.v3
kx134.v3,NODE_PROTOTYPE,1,KX134_SENSOR_1,sensor_node_1,D4:E9:F4:E9:8E:1C,22077,221249925,0,0,NA,0,-4057,250,-101,-0.990479,0.061035,-0.024658,100,100,8,UNCALIBRATED_SENSOR_1,false,CALIBRATION_MISSING,CALIBRATION_MISSING,kx134_single_node_i2c.0.1.0,kx134.v3
