protocol_version,session_id,sensor_id,physical_label,node_id,node_mac,seq,sensor_t_us,receiver_t_us,pc_wall_s,sync_group_id,pair_seq,x_raw,y_raw,z_raw,x_g,y_g,z_g,sample_rate_hz,odr_hz,range_g,calibration_id,calibration_applied,packet_status,packet_error_code,firmware_version,contract_version
kx134.v3,NODE_PROTOTYPE,1,KX134_SENSOR_1,sensor_node_1,D4:E9:F4:E9:8E:1C,56162,562099924,0,0,NA,0,-345,-3996,266,-0.084229,-0.975586,0.064941,100,100,8,UNCALIBRATED_SENSOR_1,false,CALIBRATION_MISSING,CALIBRATION_MISSING,kx134_single_node_i2c.0.1.0,kx134.v3
kx134.v3,NODE_PROTOTYPE,1,KX134_SENSOR_1,sensor_node_1,D4:E9:F4:E9:8E:1C,56163,562109925,0,0,NA,0,-324,-3989,269,-0.079102,-0.973877,0.065674,100,100,8,UNCALIBRATED_SENSOR_1,false,CALIBRATION_MISSING,CALIBRATION_MISSING,kx134_single_node_i2c.0.1.0,kx134.v3
kx134.v3,NODE_PROTOTYPE,1,KX134_SENSOR_1,sensor_node_1,D4:E9:F4:E9:8E:1C,56164,562119925,0,0,NA,0,-341,-3982,238,-0.083252,-0.972168,0.058105,100,100,8,UNCALIBRATED_SENSOR_1,false,CALIBRATION_MISSING,CALIBRATION_MISSING,kx134_single_node_i2c.0.1.0,kx134.v3
kx134.v3,NODE_PROTOTYPE,1,KX134_SENSOR_1,sensor_node_1,D4:E9:F4:E9:8E:1C,56165,562129925,0,0,NA,0,-366,-3990,232,-0.089355,-0.974121,0.056641,100,100,8,UNCALIBRATED_SENSOR_1,false,CALIBRATION_MISSING,CALIBRATION_MISSING,kx134_single_node_i2c.0.1.0,kx134.v3
kx134.v3,NODE_PROTOTYPE,1,KX134_SENSOR_1,sensor_node_1,D4:E9:F4:E9:8E:1C,56166,562139924,0,0,NA,0,-368,-4016,221,-0.089844,-0.980469,0.053955,100,100,8,UNCALIBRATED_SENSOR_1,false,CALIBRATION_MISSING,CALIBRATION_MISSING,kx134_single_node_i2c.0.1.0,kx134.v3
kx134.v3,NODE_PROTOTYPE,1,KX134_SENSOR_1,sensor_node_1,D4:E9:F4:E9:8E:1C,56167,562149924,0,0,NA,0,-366,-4036,186,-0.089355,-0.985352,0.045410,100,100,8,UNCALIBRATED_SENSOR_1,false,CALIBRATION_MISSING,CALIBRATION_MISSING,kx134_single_node_i2c.0.1.0,kx134.v3
kx134.v3,NODE_PROTOTYPE,1,KX134_SENSOR_1,sensor_node_1,D4:E9:F4:E9:8E:1C,56168,562159924,0,0,NA,0,-376,-4036,183,-0.091797,-0.985352,0.044678,100,100,8,UNCALIBRATED_SENSOR_1,false,CALIBRATION_MISSING,CALIBRATION_MISSING,kx134_single_node_i2c.0.1.0,kx134.v3
kx134.v3,NODE_PROTOTYPE,1,KX134_SENSOR_1,sensor_node_1,D4:E9:F4:E9:8E:1C,56169,562169925,0,0,NA,0,-365,-4033,203,-0.089111,-0.984619,0.049561,100,100,8,UNCALIBRATED_SENSOR_1,false,CALIBRATION_MISSING,CALIBRATION_MISSING,kx134_single_node_i2c.0.1.0,kx134.v3
kx134.v3,NODE_PROTOTYPE,1,KX134_SENSOR_1,sensor_node_1,D4:E9:F4:E9:8E:1C,56170,562179924,0,0,NA,0,-348,-4023,212,-0.084961,-0.982178,0.051758,100,100,8,UNCALIBRATED_SENSOR_1,false,CALIBRATION_MISSING,CALIBRATION_MISSING,kx134_single_node_i2c.0.1.0,kx134.v3
kx134.v3,NODE_PROTOTYPE,1,KX134_SENSOR_1,sensor_node_1,D4:E9:F4:E9:8E:1C,56171,562189924,0,0,NA,0,-341,-4009,196,-0.083252,-0.978760,0.047852,100,100,8,UNCALIBRATED_SENSOR_1,false,CALIBRATION_MISSING,CALIBRATION_MISSING,kx134_single_node_i2c.0.1.0,kx134.v3
kx134.v3,NODE_PROTOTYPE,1,KX134_SENSOR_1,sensor_node_1,D4:E9:F4:E9:8E:1C,56172,562199925,0,0,NA,0,-341,-4019,180,-0.083252,-0.981201,0.043945,100,100,8,UNCALIBRATED_SENSOR_1,false,CALIBRATION_MISSING,CALIBRATION_MISSING,kx134_single_node_i2c.0.1.0,kx134.v3
kx134.v3,NODE_PROTOTYPE,1,KX134_SENSOR_1,sensor_node_1,D4:E9:F4:E9:8E:1C,56173,562209925,0,0,NA,0,-361,-4028,177,-0.088135,-0.983398,0.043213,100,100,8,UNCALIBRATED_SENSOR_1,false,CALIBRATION_MISSING,CALIBRATION_MISSING,kx134_single_node_i2c.0.1.0,kx134.v3
kx134.v3,NODE_PROTOTYPE,1,KX134_SENSOR_1,sensor_node_1,D4:E9:F4:E9:8E:1C,56174,562219925,0,0,NA,0,-374,-3992,183,-0.091309,-0.974609,0.044678,100,100,8,UNCALIBRATED_SENSOR_1,false,CALIBRATION_MISSING,CALIBRATION_MISSING,kx134_single_node_i2c.0.1.0,kx134.v3
kx134.v3,NODE_PROTOTYPE,1,KX134_SENSOR_1,sensor_node_1,D4:E9:F4:E9:8E:1C,56175,562229925,0,0,NA,0,-364,-3947,194,-0.088867,-0.963623,0.047363,100,100,8,UNCALIBRATED_SENSOR_1,false,CALIBRATION_MISSING,CALIBRATION_MISSING,kx134_single_node_i2c.0.1.0,kx134.v3
kx134.v3,NODE_PROTOTYPE,1,KX134_SENSOR_1,sensor_node_1,D4:E9:F4:E9:8E:1C,56176,562239924,0,0,NA,0,-366,-3975,191,-0.089355,-0.970459,0.046631,100,100,8,UNCALIBRATED_SENSOR_1,false,CALIBRATION_MISSING,CALIBRATION_MISSING,kx134_single_node_i2c.0.1.0,kx134.v3
kx134.v3,NODE_PROTOTYPE,1,KX134_SENSOR_1,sensor_node_1,D4:E9:F4:E9:8E:1C,56177,562249925,0,0,NA,0,-381,-3991,211,-0.093018,-0.974365,0.051514,100,100,8,UNCALIBRATED_SENSOR_1,false,CALIBRATION_MISSING,CALIBRATION_MISSING,kx134_single_node_i2c.0.1.0,kx134.v3
kx134.v3,NODE_PROTOTYPE,1,KX134_SENSOR_1,sensor_node_1,D4:E9:F4:E9:8E:1C,56178,562259925,0,0,NA,0,-385,-3979,222,-0.093994,-0.971436,0.054199,100,100,8,UNCALIBRATED_SENSOR_1,false,CALIBRATION_MISSING,CALIBRATION_MISSING,kx134_single_node_i2c.0.1.0,kx134.v3
kx134.v3,NODE_PROTOTYPE,1,KX134_SENSOR_1,sensor_node_1,D4:E9:F4:E9:8E:1C,56179,562269925,0,0,NA,0,-365,-3990,232,-0.089111,-0.974121,0.056641,100,100,8,UNCALIBRATED_SENSOR_1,false,CALIBRATION_MISSING,CALIBRATION_MISSING,kx134_single_node_i2c.0.1.0,kx134.v3
kx134.v3,NODE_PROTOTYPE,1,KX134_SENSOR_1,sensor_node_1,D4:E9:F4:E9:8E:1C,56180,562279924,0,0,NA,0,-327,-3998,244,-0.079834,-0.976074,0.059570,100,100,8,UNCALIBRATED_SENSOR_1,false,CALIBRATION_MISSING,CALIBRATION_MISSING,kx134_single_node_i2c.0.1.0,kx134.v3
kx134.v3,NODE_PROTOTYPE,1,KX134_SENSOR_1,sensor_node_1,D4:E9:F4:E9:8E:1C,56181,562289925,0,0,NA,0,-338,-4009,198,-0.082520,-0.978760,0.048340,100,100,8,UNCALIBRATED_SENSOR_1,false,CALIBRATION_MISSING,CALIBRATION_MISSING,kx134_single_node_i2c.0.1.0,kx134.v3
kx134.v3,NODE_PROTOTYPE,1,KX134_SENSOR_1,sensor_node_1,D4:E9:F4:E9:8E:1C,56182,562299925,0,0,NA,0,-360,-4007,157,-0.087891,-0.978271,0.038330,100,100,8,UNCALIBRATED_SENSOR_1,false,CALIBRATION_MISSING,CALIBRATION_MISSING,kx134_single_node_i2c.0.1.0,kx134.v3
kx134.v3,NODE_PROTOTYPE,1,KX134_SENSOR_1,sensor_node_1,D4:E9:F4:E9:8E:1C,56183,562309925,0,0,NA,0,-364,-3991,168,-0.088867,-0.974365,0.041016,100,100,8,UNCALIBRATED_SENSOR_1,false,CALIBRATION_MISSING,CALIBRATION_MISSING,kx134_single_node_i2c.0.1.0,kx134.v3
kx134.v3,NODE_PROTOTYPE,1,KX134_SENSOR_1,sensor_node_1,D4:E9:F4:E9:8E:1C,56184,562319924,0,0,NA,0,-366,-3989,185,-0.089355,-0.973877,0.045166,100,100,8,UNCALIBRATED_SENSOR_1,false,CALIBRATION_MISSING,CALIBRATION_MISSING,kx134_single_node_i2c.0.1.0,kx134.v3
kx134.v3,NODE_PROTOTYPE,1,KX134_SENSOR_1,sensor_node_1,D4:E9:F4:E9:8E:1C,56185,562329925,0,0,NA,0,-359,-3984,184,-0.087646,-0.972656,0.044922,100,100,8,UNCALIBRATED_SENSOR_1,false,CALIBRATION_MISSING,CALIBRATION_MISSING,kx134_single_node_i2c.0.1.0,kx134.v3
kx134.v3,NODE_PROTOTYPE,1,KX134_SENSOR_1,sensor_node_1,D4:E9:F4:E9:8E:1C,56186,562339924,0,0,NA,0,-352,-3973,214,-0.085937,-0.969971,0.052246,100,100,8,UNCALIBRATED_SENSOR_1,false,CALIBRATION_MISSING,CALIBRATION_MISSING,kx134_single_node_i2c.0.1.0,kx134.v3
kx134.v3,NODE_PROTOTYPE,1,KX134_SENSOR_1,sensor_node_1,D4:E9:F4:E9:8E:1C,56187,562349925,0,0,NA,0,-336,-3965,238,-0.082031,-0.968018,0.058105,100,100,8,UNCALIBRATED_SENSOR_1,false,CALIBRATION_MISSING,CALIBRATION_MISSING,kx134_single_node_i2c.0.1.0,kx134.v3
kx134.v3,NODE_PROTOTYPE,1,KX134_SENSOR_1,sensor_node_1,D4:E9:F4:E9:8E:1C,56188,562359925,0,0,NA,0,-342,-3952,232,-0.083496,-0.964844,0.056641,100,100,8,UNCALIBRATED_SENSOR_1,false,CALIBRATION_MISSING,CALIBRATION_MISSING,kx134_single_node_i2c.0.1.0,kx134.v3
kx134.v3,NODE_PROTOTYPE,1,KX134_SENSOR_1,sensor_node_1,D4:E9:F4:E9:8E:1C,56189,562369924,0,0,NA,0,-329,-3934,225,-0.080322,-0.960449,0.054932,100,100,8,UNCALIBRATED_SENSOR_1,false,CALIBRATION_MISSING,CALIBRATION_MISSING,kx134_single_node_i2c.0.1.0,kx134.v3
kx134.v3,NODE_PROTOTYPE,1,KX134_SENSOR_1,sensor_node_1,D4:E9:F4:E9:8E:1C,56190,562379924,0,0,NA,0,-325,-3939,233,-0.079346,-0.961670,0.056885,100,100,8,UNCALIBRATED_SENSOR_1,false,CALIBRATION_MISSING,CALIBRATION_MISSING,kx134_single_node_i2c.0.1.0,kx134.v3
kx134.v3,NODE_PROTOTYPE,1,KX134_SENSOR_1,sensor_node_1,D4:E9:F4:E9:8E:1C,56191,562389924,0,0,NA,0,-352,-3961,214,-0.085937,-0.967041,0.052246,100,100,8,UNCALIBRATED_SENSOR_1,false,CALIBRATION_MISSING,CALIBRATION_MISSING,kx134_single_node_i2c.0.1.0,kx134.v3
kx134.v3,NODE_PROTOTYPE,1,KX134_SENSOR_1,sensor_node_1,D4:E9:F4:E9:8E:1C,56192,562399925,0,0,NA,0,-366,-3974,178,-0.089355,-0.970215,0.043457,100,100,8,UNCALIBRATED_SENSOR_1,false,CALIBRATION_MISSING,CALIBRATION_MISSING,kx134_single_node_i2c.0.1.0,kx134.v3
kx134.v3,NODE_PROTOTYPE,1,KX134_SENSOR_1,sensor_node_1,D4:E9:F4:E9:8E:1C,56193,562409925,0,0,NA,0,-355,-3966,196,-0.086670,-0.968262,0.047852,100,100,8,UNCALIBRATED_SENSOR_1,false,CALIBRATION_MISSING,CALIBRATION_MISSING,kx134_single_node_i2c.0.1.0,kx134.v3
kx134.v3,NODE_PROTOTYPE,1,KX134_SENSOR_1,sensor_node_1,D4:E9:F4:E9:8E:1C,56194,562419925,0,0,NA,0,-326,-3959,206,-0.079590,-0.966553,0.050293,100,100,8,UNCALIBRATED_SENSOR_1,false,CALIBRATION_MISSING,CALIBRATION_MISSING,kx134_single_node_i2c.0.1.0,kx134.v3
kx134.v3,NODE_PROTOTYPE,1,KX134_SENSOR_1,sensor_node_1,D4:E9:F4:E9:8E:1C,56195,562429924,0,0,NA,0,-318,-3964,189,-0.077637,-0.967773,0.046143,100,100,8,UNCALIBRATED_SENSOR_1,false,CALIBRATION_MISSING,CALIBRATION_MISSING,kx134_single_node_i2c.0.1.0,kx134.v3
kx134.v3,NODE_PROTOTYPE,1,KX134_SENSOR_1,sensor_node_1,D4:E9:F4:E9:8E:1C,56196,562439925,0,0,NA,0,-310,-3970,192,-0.075684,-0.969238,0.046875,100,100,8,UNCALIBRATED_SENSOR_1,false,CALIBRATION_MISSING,CALIBRATION_MISSING,kx134_single_node_i2c.0.1.0,kx134.v3
kx134.v3,NODE_PROTOTYPE,1,KX134_SENSOR_1,sensor_node_1,D4:E9:F4:E9:8E:1C,56197,562449924,0,0,NA,0,-356,-3980,202,-0.086914,-0.971680,0.049316,100,100,8,UNCALIBRATED_SENSOR_1,false,CALIBRATION_MISSING,CALIBRATION_MISSING,kx134_single_node_i2c.0.1.0,kx134.v3
kx134.v3,NODE_PROTOTYPE,1,KX134_SENSOR_1,sensor_node_1,D4:E9:F4:E9:8E:1C,56198,562459924,0,0,NA,0,-414,-3951,133,-0.101074,-0.964600,0.032471,100,100,8,UNCALIBRATED_SENSOR_1,false,CALIBRATION_MISSING,CALIBRATION_MISSING,kx134_single_node_i2c.0.1.0,kx134.v3
kx134.v3,NODE_PROTOTYPE,1,KX134_SENSOR_1,sensor_node_1,D4:E9:F4:E9:8E:1C,56199,562469924,0,0,NA,0,-419,-3951,133,-0.102295,-0.964600,0.032471,100,100,8,UNCALIBRATED_SENSOR_1,false,CALIBRATION_MISSING,CALIBRATION_MISSING,kx134_single_node_i2c.0.1.0,kx134.v3
kx134.v3,NODE_PROTOTYPE,1,KX134_SENSOR_1,sensor_node_1,D4:E9:F4:E9:8E:1C,56200,562479925,0,0,NA,0,-419,-3938,89,-0.102295,-0.961426,0.021729,100,100,8,UNCALIBRATED_SENSOR_1,false,CALIBRATION_MISSING,CALIBRATION_MISSING,kx134_single_node_i2c.0.1.0,kx134.v3
kx134.v3,NODE_PROTOTYPE,1,KX134_SENSOR_1,sensor_node_1,D4:E9:F4:E9:8E:1C,56201,562489925,0,0,NA,0,-442,-3924,200,-0.107910,-0.958008,0.048828,100,100,8,UNCALIBRATED_SENSOR_1,false,CALIBRATION_MISSING,CALIBRATION_MISSING,kx134_single_node_i2c.0.1.0,kx134.v3
kx134.v3,NODE_PROTOTYPE,1,KX134_SENSOR_1,sensor_node_1,D4:E9:F4:E9:8E:1C,56202,562499924,0,0,NA,0,-363,-4036,349,-0.088623,-0.985352,0.085205,100,100,8,UNCALIBRATED_SENSOR_1,false,CALIBRATION_MISSING,CALIBRATION_MISSING,kx134_single_node_i2c.0.1.0,kx134.v3
kx134.v3,NODE_PROTOTYPE,1,KX134_SENSOR_1,sensor_node_1,D4:E9:F4:E9:8E:1C,56203,562509924,0,0,NA,0,-261,-4151,472,-0.063721,-1.013428,0.115234,100,100,8,UNCALIBRATED_SENSOR_1,false,CALIBRATION_MISSING,CALIBRATION_MISSING,kx134_single_node_i2c.0.1.0,kx134.v3
kx134.v3,NODE_PROTOTYPE,1,KX134_SENSOR_1,sensor_node_1,D4:E9:F4:E9:8E:1C,56204,562519925,0,0,NA,0,-325,-4118,422,-0.079346,-1.005371,0.103027,100,100,8,UNCALIBRATED_SENSOR_1,false,CALIBRATION_MISSING,CALIBRATION_MISSING,kx134_single_node_i2c.0.1.0,kx134.v3
kx134.v3,NODE_PROTOTYPE,1,KX134_SENSOR_1,sensor_node_1,D4:E9:F4:E9:8E:1C,56205,562529924,0,0,NA,0,-291,-4129,327,-0.071045,-1.008057,0.079834,100,100,8,UNCALIBRATED_SENSOR_1,false,CALIBRATION_MISSING,CALIBRATION_MISSING,kx134_single_node_i2c.0.1.0,kx134.v3
kx134.v3,NODE_PROTOTYPE,1,KX134_SENSOR_1,sensor_node_1,D4:E9:F4:E9:8E:1C,56206,562539925,0,0,NA,0,-250,-4069,271,-0.061035,-0.993408,0.066162,100,100,8,UNCALIBRATED_SENSOR_1,false,CALIBRATION_MISSING,CALIBRATION_MISSING,kx134_single_node_i2c.0.1.0,kx134.v3
kx134.v3,NODE_PROTOTYPE,1,KX134_SENSOR_1,sensor_node_1,D4:E9:F4:E9:8E:1C,56207,562549925,0,0,NA,0,-301,-3990,215,-0.073486,-0.974121,0.052490,100,100,8,UNCALIBRATED_SENSOR_1,false,CALIBRATION_MISSING,CALIBRATION_MISSING,kx134_single_node_i2c.0.1.0,kx134.v3
kx134.v3,NODE_PROTOTYPE,1,KX134_SENSOR_1,sensor_node_1,D4:E9:F4:E9:8E:1C,56208,562559925,0,0,NA,0,-315,-3983,204,-0.076904,-0.972412,0.049805,100,100,8,UNCALIBRATED_SENSOR_1,false,CALIBRATION_MISSING,CALIBRATION_MISSING,kx134_single_node_i2c.0.1.0,kx134.v3
kx134.v3,NODE_PROTOTYPE,1,KX134_SENSOR_1,sensor_node_1,D4:E9:F4:E9:8E:1C,56209,562569925,0,0,NA,0,-337,-3995,189,-0.082275,-0.975342,0.046143,100,100,8,UNCALIBRATED_SENSOR_1,false,CALIBRATION_MISSING,CALIBRATION_MISSING,kx134_single_node_i2c.0.1.0,kx134.v3
kx134.v3,NODE_PROTOTYPE,1,KX134_SENSOR_1,sensor_node_1,D4:E9:F4:E9:8E:1C,56210,562579925,0,0,NA,0,-346,-4016,216,-0.084473,-0.980469,0.052734,100,100,8,UNCALIBRATED_SENSOR_1,false,CALIBRATION_MISSING,CALIBRATION_MISSING,kx134_single_node_i2c.0.1.0,kx134.v3
kx134.v3,NODE_PROTOTYPE,1,KX134_SENSOR_1,sensor_node_1,D4:E9:F4:E9:8E:1C,56211,562589925,0,0,NA,0,-365,-4033,200,-0.089111,-0.984619,0.048828,100,100,8,UNCALIBRATED_SENSOR_1,false,CALIBRATION_MISSING,CALIBRATION_MISSING,kx134_single_node_i2c.0.1.0,kx134.v3
kx134.v3,NODE_PROTOTYPE,1,KX134_SENSOR_1,sensor_node_1,D4:E9:F4:E9:8E:1C,56212,562599924,0,0,NA,0,-393,-4020,180,-0.095947,-0.981445,0.043945,100,100,8,UNCALIBRATED_SENSOR_1,false,CALIBRATION_MISSING,CALIBRATION_MISSING,kx134_single_node_i2c.0.1.0,kx134.v3
kx134.v3,NODE_PROTOTYPE,1,KX134_SENSOR_1,sensor_node_1,D4:E9:F4:E9:8E:1C,56213,562609925,0,0,NA,0,-384,-3976,167,-0.093750,-0.970703,0.040771,100,100,8,UNCALIBRATED_SENSOR_1,false,CALIBRATION_MISSING,CALIBRATION_MISSING,kx134_single_node_i2c.0.1.0,kx134.v3
kx134.v3,NODE_PROTOTYPE,1,KX134_SENSOR_1,sensor_node_1,D4:E9:F4:E9:8E:1C,56214,562619924,0,0,NA,0,-326,-3957,157,-0.079590,-0.966064,0.038330,100,100,8,UNCALIBRATED_SENSOR_1,false,CALIBRATION_MISSING,CALIBRATION_MISSING,kx134_single_node_i2c.0.1.0,kx134.v3
kx134.v3,NODE_PROTOTYPE,1,KX134_SENSOR_1,sensor_node_1,D4:E9:F4:E9:8E:1C,56215,562629924,0,0,NA,0,-303,-3945,171,-0.073975,-0.963135,0.041748,100,100,8,UNCALIBRATED_SENSOR_1,false,CALIBRATION_MISSING,CALIBRATION_MISSING,kx134_single_node_i2c.0.1.0,kx134.v3
kx134.v3,NODE_PROTOTYPE,1,KX134_SENSOR_1,sensor_node_1,D4:E9:F4:E9:8E:1C,56216,562639924,0,0,NA,0,-298,-3938,155,-0.072754,-0.961426,0.037842,100,100,8,UNCALIBRATED_SENSOR_1,false,CALIBRATION_MISSING,CALIBRATION_MISSING,kx134_single_node_i2c.0.1.0,kx134.v3
kx134.v3,NODE_PROTOTYPE,1,KX134_SENSOR_1,sensor_node_1,D4:E9:F4:E9:8E:1C,56217,562649925,0,0,NA,0,-307,-3956,159,-0.074951,-0.965820,0.038818,100,100,8,UNCALIBRATED_SENSOR_1,false,CALIBRATION_MISSING,CALIBRATION_MISSING,kx134_single_node_i2c.0.1.0,kx134.v3
kx134.v3,NODE_PROTOTYPE,1,KX134_SENSOR_1,sensor_node_1,D4:E9:F4:E9:8E:1C,56218,562659924,0,0,NA,0,-303,-3975,187,-0.073975,-0.970459,0.045654,100,100,8,UNCALIBRATED_SENSOR_1,false,CALIBRATION_MISSING,CALIBRATION_MISSING,kx134_single_node_i2c.0.1.0,kx134.v3
kx134.v3,NODE_PROTOTYPE,1,KX134_SENSOR_1,sensor_node_1,D4:E9:F4:E9:8E:1C,56219,562669924,0,0,NA,0,-319,-3996,211,-0.077881,-0.975586,0.051514,100,100,8,UNCALIBRATED_SENSOR_1,false,CALIBRATION_MISSING,CALIBRATION_MISSING,kx134_single_node_i2c.0.1.0,kx134.v3
kx134.v3,NODE_PROTOTYPE,1,KX134_SENSOR_1,sensor_node_1,D4:E9:F4:E9:8E:1C,56220,562679925,0,0,NA,0,-355,-4001,202,-0.086670,-0.976807,0.049316,100,100,8,UNCALIBRATED_SENSOR_1,false,CALIBRATION_MISSING,CALIBRATION_MISSING,kx134_single_node_i2c.0.1.0,kx134.v3
kx134.v3,NODE_PROTOTYPE,1,KX134_SENSOR_1,sensor_node_1,D4:E9:F4:E9:8E:1C,56221,562689925,0,0,NA,0,-366,-4015,187,-0.089355,-0.980225,0.045654,100,100,8,UNCALIBRATED_SENSOR_1,false,CALIBRATION_MISSING,CALIBRATION_MISSING,kx134_single_node_i2c.0.1.0,kx134.v3
kx134.v3,NODE_PROTOTYPE,1,KX134_SENSOR_1,sensor_node_1,D4:E9:F4:E9:8E:1C,56222,562699925,0,0,NA,0,-383,-4025,203,-0.093506,-0.982666,0.049561,100,100,8,UNCALIBRATED_SENSOR_1,false,CALIBRATION_MISSING,CALIBRATION_MISSING,kx134_single_node_i2c.0.1.0,kx134.v3
kx134.v3,NODE_PROTOTYPE,1,KX134_SENSOR_1,sensor_node_1,D4:E9:F4:E9:8E:1C,56223,562709925,0,0,NA,0,-370,-4015,205,-0.090332,-0.980225,0.050049,100,100,8,UNCALIBRATED_SENSOR_1,false,CALIBRATION_MISSING,CALIBRATION_MISSING,kx134_single_node_i2c.0.1.0,kx134.v3
kx134.v3,NODE_PROTOTYPE,1,KX134_SENSOR_1,sensor_node_1,D4:E9:F4:E9:8E:1C,56224,562719924,0,0,NA,0,-343,-4005,215,-0.083740,-0.977783,0.052490,100,100,8,UNCALIBRATED_SENSOR_1,false,CALIBRATION_MISSING,CALIBRATION_MISSING,kx134_single_node_i2c.0.1.0,kx134.v3
kx134.v3,NODE_PROTOTYPE,1,KX134_SENSOR_1,sensor_node_1,D4:E9:F4:E9:8E:1C,56225,562729925,0,0,NA,0,-356,-3991,230,-0.086914,-0.974365,0.056152,100,100,8,UNCALIBRATED_SENSOR_1,false,CALIBRATION_MISSING,CALIBRATION_MISSING,kx134_single_node_i2c.0.1.0,kx134.v3
kx134.v3,NODE_PROTOTYPE,1,KX134_SENSOR_1,sensor_node_1,D4:E9:F4:E9:8E:1C,56226,562739925,0,0,NA,0,-383,-3993,223,-0.093506,-0.974854,0.054443,100,100,8,UNCALIBRATED_SENSOR_1,false,CALIBRATION_MISSING,CALIBRATION_MISSING,kx134_single_node_i2c.0.1.0,kx134.v3
kx134.v3,NODE_PROTOTYPE,1,KX134_SENSOR_1,sensor_node_1,D4:E9:F4:E9:8E:1C,56227,562749925,0,0,NA,0,-370,-3997,242,-0.090332,-0.975830,0.059082,100,100,8,UNCALIBRATED_SENSOR_1,false,CALIBRATION_MISSING,CALIBRATION_MISSING,kx134_single_node_i2c.0.1.0,kx134.v3
kx134.v3,NODE_PROTOTYPE,1,KX134_SENSOR_1,sensor_node_1,D4:E9:F4:E9:8E:1C,56228,562759925,0,0,NA,0,-364,-3982,262,-0.088867,-0.972168,0.063965,100,100,8,UNCALIBRATED_SENSOR_1,false,CALIBRATION_MISSING,CALIBRATION_MISSING,kx134_single_node_i2c.0.1.0,kx134.v3
kx134.v3,NODE_PROTOTYPE,1,KX134_SENSOR_1,sensor_node_1,D4:E9:F4:E9:8E:1C,56229,562769924,0,0,NA,0,-355,-3965,243,-0.086670,-0.968018,0.059326,100,100,8,UNCALIBRATED_SENSOR_1,false,CALIBRATION_MISSING,CALIBRATION_MISSING,kx134_single_node_i2c.0.1.0,kx134.v3
kx134.v3,NODE_PROTOTYPE,1,KX134_SENSOR_1,sensor_node_1,D4:E9:F4:E9:8E:1C,56230,562779924,0,0,NA,0,-329,-3943,214,-0.080322,-0.962646,0.052246,100,100,8,UNCALIBRATED_SENSOR_1,false,CALIBRATION_MISSING,CALIBRATION_MISSING,kx134_single_node_i2c.0.1.0,kx134.v3
kx134.v3,NODE_PROTOTYPE,1,KX134_SENSOR_1,sensor_node_1,D4:E9:F4:E9:8E:1C,56231,562789924,0,0,NA,0,-357,-3952,192,-0.087158,-0.964844,0.046875,100,100,8,UNCALIBRATED_SENSOR_1,false,CALIBRATION_MISSING,CALIBRATION_MISSING,kx134_single_node_i2c.0.1.0,kx134.v3
kx134.v3,NODE_PROTOTYPE,1,KX134_SENSOR_1,sensor_node_1,D4:E9:F4:E9:8E:1C,56232,562799925,0,0,NA,0,-382,-3981,207,-0.093262,-0.971924,0.050537,100,100,8,UNCALIBRATED_SENSOR_1,false,CALIBRATION_MISSING,CALIBRATION_MISSING,kx134_single_node_i2c.0.1.0,kx134.v3
kx134.v3,NODE_PROTOTYPE,1,KX134_SENSOR_1,sensor_node_1,D4:E9:F4:E9:8E:1C,56233,562809925,0,0,NA,0,-356,-3969,217,-0.086914,-0.968994,0.052979,100,100,8,UNCALIBRATED_SENSOR_1,false,CALIBRATION_MISSING,CALIBRATION_MISSING,kx134_single_node_i2c.0.1.0,kx134.v3
kx134.v3,NODE_PROTOTYPE,1,KX134_SENSOR_1,sensor_node_1,D4:E9:F4:E9:8E:1C,56234,562819924,0,0,NA,0,-332,-3975,217,-0.081055,-0.970459,0.052979,100,100,8,UNCALIBRATED_SENSOR_1,false,CALIBRATION_MISSING,CALIBRATION_MISSING,kx134_single_node_i2c.0.1.0,kx134.v3
kx134.v3,NODE_PROTOTYPE,1,KX134_SENSOR_1,sensor_node_1,D4:E9:F4:E9:8E:1C,56235,562829924,0,0,NA,0,-337,-3991,196,-0.082275,-0.974365,0.047852,100,100,8,UNCALIBRATED_SENSOR_1,false,CALIBRATION_MISSING,CALIBRATION_MISSING,kx134_single_node_i2c.0.1.0,kx134.v3
kx134.v3,NODE_PROTOTYPE,1,KX134_SENSOR_1,sensor_node_1,D4:E9:F4:E9:8E:1C,56236,562839925,0,0,NA,0,-346,-3979,179,-0.084473,-0.971436,0.043701,100,100,8,UNCALIBRATED_SENSOR_1,false,CALIBRATION_MISSING,CALIBRATION_MISSING,kx134_single_node_i2c.0.1.0,kx134.v3
kx134.v3,NODE_PROTOTYPE,1,KX134_SENSOR_1,sensor_node_1,D4:E9:F4:E9:8E:1C,56237,562849925,0,0,NA,0,-341,-3965,190,-0.083252,-0.968018,0.046387,100,100,8,UNCALIBRATED_SENSOR_1,false,CALIBRATION_MISSING,CALIBRATION_MISSING,kx134_single_node_i2c.0.1.0,kx134.v3
kx134.v3,NODE_PROTOTYPE,1,KX134_SENSOR_1,sensor_node_1,D4:E9:F4:E9:8E:1C,56238,562859925,0,0,NA,0,-359,-3937,179,-0.087646,-0.961182,0.043701,100,100,8,UNCALIBRATED_SENSOR_1,false,CALIBRATION_MISSING,CALIBRATION_MISSING,kx134_single_node_i2c.0.1.0,kx134.v3
kx134.v3,NODE_PROTOTYPE,1,KX134_SENSOR_1,sensor_node_1,D4:E9:F4:E9:8E:1C,56239,562869925,0,0,NA,0,-337,-3952,213,-0.082275,-0.964844,0.052002,100,100,8,UNCALIBRATED_SENSOR_1,false,CALIBRATION_MISSING,CALIBRATION_MISSING,kx134_single_node_i2c.0.1.0,kx134.v3
kx134.v3,NODE_PROTOTYPE,1,KX134_SENSOR_1,sensor_node_1,D4:E9:F4:E9:8E:1C,56240,562879924,0,0,NA,0,-317,-3988,267,-0.077393,-0.973633,0.065186,100,100,8,UNCALIBRATED_SENSOR_1,false,CALIBRATION_MISSING,CALIBRATION_MISSING,kx134_single_node_i2c.0.1.0,kx134.v3
kx134.v3,NODE_PROTOTYPE,1,KX134_SENSOR_1,sensor_node_1,D4:E9:F4:E9:8E:1C,56241,562889925,0,0,NA,0,-319,-3972,259,-0.077881,-0.969727,0.063232,100,100,8,UNCALIBRATED_SENSOR_1,false,CALIBRATION_MISSING,CALIBRATION_MISSING,kx134_single_node_i2c.0.1.0,kx134.v3
kx134.v3,NODE_PROTOTYPE,1,KX134_SENSOR_1,sensor_node_1,D4:E9:F4:E9:8E:1C,56242,562899924,0,0,NA,0,-335,-3991,220,-0.081787,-0.974365,0.053711,100,100,8,UNCALIBRATED_SENSOR_1,false,CALIBRATION_MISSING,CALIBRATION_MISSING,kx134_single_node_i2c.0.1.0,kx134.v3
kx134.v3,NODE_PROTOTYPE,1,KX134_SENSOR_1,sensor_node_1,D4:E9:F4:E9:8E:1C,56243,562909925,0,0,NA,0,-349,-4029,194,-0.085205,-0.983643,0.047363,100,100,8,UNCALIBRATED_SENSOR_1,false,CALIBRATION_MISSING,CALIBRATION_MISSING,kx134_single_node_i2c.0.1.0,kx134.v3
kx134.v3,NODE_PROTOTYPE,1,KX134_SENSOR_1,sensor_node_1,D4:E9:F4:E9:8E:1C,56244,562919925,0,0,NA,0,-377,-4000,169,-0.092041,-0.976562,0.041260,100,100,8,UNCALIBRATED_SENSOR_1,false,CALIBRATION_MISSING,CALIBRATION_MISSING,kx134_single_node_i2c.0.1.0,kx134.v3
kx134.v3,NODE_PROTOTYPE,1,KX134_SENSOR_1,sensor_node_1,D4:E9:F4:E9:8E:1C,56245,562929924,0,0,NA,0,-407,-3956,190,-0.099365,-0.965820,0.046387,100,100,8,UNCALIBRATED_SENSOR_1,false,CALIBRATION_MISSING,CALIBRATION_MISSING,kx134_single_node_i2c.0.1.0,kx134.v3
kx134.v3,NODE_PROTOTYPE,1,KX134_SENSOR_1,sensor_node_1,D4:E9:F4:E9:8E:1C,56246,562939924,0,0,NA,0,-372,-3951,240,-0.090820,-0.964600,0.058594,100,100,8,UNCALIBRATED_SENSOR_1,false,CALIBRATION_MISSING,CALIBRATION_MISSING,kx134_single_node_i2c.0.1.0,kx134.v3
kx134.v3,NODE_PROTOTYPE,1,KX134_SENSOR_1,sensor_node_1,D4:E9:F4:E9:8E:1C,56247,562949924,0,0,NA,0,-337,-3973,261,-0.082275,-0.969971,0.063721,100,100,8,UNCALIBRATED_SENSOR_1,false,CALIBRATION_MISSING,CALIBRATION_MISSING,kx134_single_node_i2c.0.1.0,kx134.v3
kx134.v3,NODE_PROTOTYPE,1,KX134_SENSOR_1,sensor_node_1,D4:E9:F4:E9:8E:1C,56248,562959925,0,0,NA,0,-313,-4020,285,-0.076416,-0.981445,0.069580,100,100,8,UNCALIBRATED_SENSOR_1,false,CALIBRATION_MISSING,CALIBRATION_MISSING,kx134_single_node_i2c.0.1.0,kx134.v3
kx134.v3,NODE_PROTOTYPE,1,KX134_SENSOR_1,sensor_node_1,D4:E9:F4:E9:8E:1C,56249,562969925,0,0,NA,0,-315,-4034,285,-0.076904,-0.984863,0.069580,100,100,8,UNCALIBRATED_SENSOR_1,false,CALIBRATION_MISSING,CALIBRATION_MISSING,kx134_single_node_i2c.0.1.0,kx134.v3
kx134.v3,NODE_PROTOTYPE,1,KX134_SENSOR_1,sensor_node_1,D4:E9:F4:E9:8E:1C,56250,562979924,0,0,NA,0,-336,-4012,274,-0.082031,-0.979492,0.066895,100,100,8,UNCALIBRATED_SENSOR_1,false,CALIBRATION_MISSING,CALIBRATION_MISSING,kx134_single_node_i2c.0.1.0,kx134.v3
kx134.v3,NODE_PROTOTYPE,1,KX134_SENSOR_1,sensor_node_1,D4:E9:F4:E9:8E:1C,56251,562989924,0,0,NA,0,-352,-3998,267,-0.085937,-0.976074,0.065186,100,100,8,UNCALIBRATED_SENSOR_1,false,CALIBRATION_MISSING,CALIBRATION_MISSING,kx134_single_node_i2c.0.1.0,kx134.v3
kx134.v3,NODE_PROTOTYPE,1,KX134_SENSOR_1,sensor_node_1,D4:E9:F4:E9:8E:1C,56252,562999924,0,0,NA,0,-362,-3981,242,-0.088379,-0.971924,0.059082,100,100,8,UNCALIBRATED_SENSOR_1,false,CALIBRATION_MISSING,CALIBRATION_MISSING,kx134_single_node_i2c.0.1.0,kx134.v3
kx134.v3,NODE_PROTOTYPE,1,KX134_SENSOR_1,sensor_node_1,D4:E9:F4:E9:8E:1C,56253,563009925,0,0,NA,0,-374,-3961,223,-0.091309,-0.967041,0.054443,100,100,8,UNCALIBRATED_SENSOR_1,false,CALIBRATION_MISSING,CALIBRATION_MISSING,kx134_single_node_i2c.0.1.0,kx134.v3
kx134.v3,NODE_PROTOTYPE,1,KX134_SENSOR_1,sensor_node_1,D4:E9:F4:E9:8E:1C,56254,563019924,0,0,NA,0,-394,-3970,196,-0.096191,-0.969238,0.047852,100,100,8,UNCALIBRATED_SENSOR_1,false,CALIBRATION_MISSING,CALIBRATION_MISSING,kx134_single_node_i2c.0.1.0,kx134.v3
kx134.v3,NODE_PROTOTYPE,1,KX134_SENSOR_1,sensor_node_1,D4:E9:F4:E9:8E:1C,56255,563029924,0,0,NA,0,-383,-3989,169,-0.093506,-0.973877,0.041260,100,100,8,UNCALIBRATED_SENSOR_1,false,CALIBRATION_MISSING,CALIBRATION_MISSING,kx134_single_node_i2c.0.1.0,kx134.v3
kx134.v3,NODE_PROTOTYPE,1,KX134_SENSOR_1,sensor_node_1,D4:E9:F4:E9:8E:1C,56256,563039925,0,0,NA,0,-355,-3978,180,-0.086670,-0.971191,0.043945,100,100,8,UNCALIBRATED_SENSOR_1,false,CALIBRATION_MISSING,CALIBRATION_MISSING,kx134_single_node_i2c.0.1.0,kx134.v3
kx134.v3,NODE_PROTOTYPE,1,KX134_SENSOR_1,sensor_node_1,D4:E9:F4:E9:8E:1C,56257,563049925,0,0,NA,0,-399,-3929,169,-0.097412,-0.959229,0.041260,100,100,8,UNCALIBRATED_SENSOR_1,false,CALIBRATION_MISSING,CALIBRATION_MISSING,kx134_single_node_i2c.0.1.0,kx134.v3
kx134.v3,NODE_PROTOTYPE,1,KX134_SENSOR_1,sensor_node_1,D4:E9:F4:E9:8E:1C,56258,563059925,0,0,NA,0,-436,-3900,153,-0.106445,-0.952148,0.037354,100,100,8,UNCALIBRATED_SENSOR_1,false,CALIBRATION_MISSING,CALIBRATION_MISSING,kx134_single_node_i2c.0.1.0,kx134.v3
kx134.v3,NODE_PROTOTYPE,1,KX134_SENSOR_1,sensor_node_1,D4:E9:F4:E9:8E:1C,56259,563069925,0,0,NA,0,-405,-3926,196,-0.098877,-0.958496,0.047852,100,100,8,UNCALIBRATED_SENSOR_1,false,CALIBRATION_MISSING,CALIBRATION_MISSING,kx134_single_node_i2c.0.1.0,kx134.v3
kx134.v3,NODE_PROTOTYPE,1,KX134_SENSOR_1,sensor_node_1,D4:E9:F4:E9:8E:1C,56260,563079925,0,0,NA,0,-391,-3953,239,-0.095459,-0.965088,0.058350,100,100,8,UNCALIBRATED_SENSOR_1,false,CALIBRATION_MISSING,CALIBRATION_MISSING,kx134_single_node_i2c.0.1.0,kx134.v3
kx134.v3,NODE_PROTOTYPE,1,KX134_SENSOR_1,sensor_node_1,D4:E9:F4:E9:8E:1C,56261,563089924,0,0,NA,0,-401,-3980,240,-0.097900,-0.971680,0.058594,100,100,8,UNCALIBRATED_SENSOR_1,false,CALIBRATION_MISSING,CALIBRATION_MISSING,kx134_single_node_i2c.0.1.0,kx134.v3
kx134.v3,NODE_PROTOTYPE,1,KX134_SENSOR_1,sensor_node_1,D4:E9:F4:E9:8E:1C,56262,563099925,0,0,NA,0,-341,-4021,251,-0.083252,-0.981689,0.061279,100,100,8,UNCALIBRATED_SENSOR_1,false,CALIBRATION_MISSING,CALIBRATION_MISSING,kx134_single_node_i2c.0.1.0,kx134.v3
kx134.v3,NODE_PROTOTYPE,1,KX134_SENSOR_1,sensor_node_1,D4:E9:F4:E9:8E:1C,56263,563109924,0,0,NA,0,-310,-4040,259,-0.075684,-0.986328,0.063232,100,100,8,UNCALIBRATED_SENSOR_1,false,CALIBRATION_MISSING,CALIBRATION_MISSING,kx134_single_node_i2c.0.1.0,kx134.v3
kx134.v3,NODE_PROTOTYPE,1,KX134_SENSOR_1,sensor_node_1,D4:E9:F4:E9:8E:1C,56264,563119925,0,0,NA,0,-354,-4008,225,-0.086426,-0.978516,0.054932,100,100,8,UNCALIBRATED_SENSOR_1,false,CALIBRATION_MISSING,CALIBRATION_MISSING,kx134_single_node_i2c.0.1.0,kx134.v3
kx134.v3,NODE_PROTOTYPE,1,KX134_SENSOR_1,sensor_node_1,D4:E9:F4:E9:8E:1C,56265,563129925,0,0,NA,0,-370,-4001,198,-0.090332,-0.976807,0.048340,100,100,8,UNCALIBRATED_SENSOR_1,false,CALIBRATION_MISSING,CALIBRATION_MISSING,kx134_single_node_i2c.0.1.0,kx134.v3
kx134.v3,NODE_PROTOTYPE,1,KX134_SENSOR_1,sensor_node_1,D4:E9:F4:E9:8E:1C,56266,563139925,0,0,NA,0,-376,-4009,206,-0.091797,-0.978760,0.050293,100,100,8,UNCALIBRATED_SENSOR_1,false,CALIBRATION_MISSING,CALIBRATION_MISSING,kx134_single_node_i2c.0.1.0,kx134.v3
kx134.v3,NODE_PROTOTYPE,1,KX134_SENSOR_1,sensor_node_1,D4:E9:F4:E9:8E:1C,56267,563149924,0,0,NA,0,-377,-3983,216,-0.092041,-0.972412,0.052734,100,100,8,UNCALIBRATED_SENSOR_1,false,CALIBRATION_MISSING,CALIBRATION_MISSING,kx134_single_node_i2c.0.1.0,kx134.v3
kx134.v3,NODE_PROTOTYPE,1,KX134_SENSOR_1,sensor_node_1,D4:E9:F4:E9:8E:1C,56268,563159925,0,0,NA,0,-369,-3989,209,-0.090088,-0.973877,0.051025,100,100,8,UNCALIBRATED_SENSOR_1,false,CALIBRATION_MISSING,CALIBRATION_MISSING,kx134_single_node_i2c.0.1.0,kx134.v3
kx134.v3,NODE_PROTOTYPE,1,KX134_SENSOR_1,sensor_node_1,D4:E9:F4:E9:8E:1C,56269,563169925,0,0,NA,0,-377,-4010,233,-0.092041,-0.979004,0.056885,100,100,8,UNCALIBRATED_SENSOR_1,false,CALIBRATION_MISSING,CALIBRATION_MISSING,kx134_single_node_i2c.0.1.0,kx134.v3
kx134.v3,NODE_PROTOTYPE,1,KX134_SENSOR_1,sensor_node_1,D4:E9:F4:E9:8E:1C,56270,563179925,0,0,NA,0,-378,-3988,234,-0.092285,-0.973633,0.057129,100,100,8,UNCALIBRATED_SENSOR_1,false,CALIBRATION_MISSING,CALIBRATION_MISSING,kx134_single_node_i2c.0.1.0,kx134.v3
kx134.v3,NODE_PROTOTYPE,1,KX134_SENSOR_1,sensor_node_1,D4:E9:F4:E9:8E:1C,56271,563189925,0,0,NA,0,-315,-4002,240,-0.076904,-0.977051,0.058594,100,100,8,UNCALIBRATED_SENSOR_1,false,CALIBRATION_MISSING,CALIBRATION_MISSING,kx134_single_node_i2c.0.1.0,kx134.v3
kx134.v3,NODE_PROTOTYPE,1,KX134_SENSOR_1,sensor_node_1,D4:E9:F4:E9:8E:1C,56272,563199925,0,0,NA,0,-253,-4014,264,-0.061768,-0.979980,0.064453,100,100,8,UNCALIBRATED_SENSOR_1,false,CALIBRATION_MISSING,CALIBRATION_MISSING,kx134_single_node_i2c.0.1.0,kx134.v3
kx134.v3,NODE_PROTOTYPE,1,KX134_SENSOR_1,sensor_node_1,D4:E9:F4:E9:8E:1C,56273,563209925,0,0,NA,0,-269,-3996,250,-0.065674,-0.975586,0.061035,100,100,8,UNCALIBRATED_SENSOR_1,false,CALIBRATION_MISSING,CALIBRATION_MISSING,kx134_single_node_i2c.0.1.0,kx134.v3
kx134.v3,NODE_PROTOTYPE,1,KX134_SENSOR_1,sensor_node_1,D4:E9:F4:E9:8E:1C,56274,563219925,0,0,NA,0,-314,-4005,241,-0.076660,-0.977783,0.058838,100,100,8,UNCALIBRATED_SENSOR_1,false,CALIBRATION_MISSING,CALIBRATION_MISSING,kx134_single_node_i2c.0.1.0,kx134.v3
kx134.v3,NODE_PROTOTYPE,1,KX134_SENSOR_1,sensor_node_1,D4:E9:F4:E9:8E:1C,56275,563229925,0,0,NA,0,-328,-4005,235,-0.080078,-0.977783,0.057373,100,100,8,UNCALIBRATED_SENSOR_1,false,CALIBRATION_MISSING,CALIBRATION_MISSING,kx134_single_node_i2c.0.1.0,kx134.v3
kx134.v3,NODE_PROTOTYPE,1,KX134_SENSOR_1,sensor_node_1,D4:E9:F4:E9:8E:1C,56276,563239925,0,0,NA,0,-361,-3987,192,-0.088135,-0.973389,0.046875,100,100,8,UNCALIBRATED_SENSOR_1,false,CALIBRATION_MISSING,CALIBRATION_MISSING,kx134_single_node_i2c.0.1.0,kx134.v3
kx134.v3,NODE_PROTOTYPE,1,KX134_SENSOR_1,sensor_node_1,D4:E9:F4:E9:8E:1C,56277,563249924,0,0,NA,0,-360,-3997,166,-0.087891,-0.975830,0.040527,100,100,8,UNCALIBRATED_SENSOR_1,false,CALIBRATION_MISSING,CALIBRATION_MISSING,kx134_single_node_i2c.0.1.0,kx134.v3
kx134.v3,NODE_PROTOTYPE,1,KX134_SENSOR_1,sensor_node_1,D4:E9:F4:E9:8E:1C,56278,563259925,0,0,NA,0,-314,-4003,184,-0.076660,-0.977295,0.044922,100,100,8,UNCALIBRATED_SENSOR_1,false,CALIBRATION_MISSING,CALIBRATION_MISSING,kx134_single_node_i2c.0.1.0,kx134.v3
kx134.v3,NODE_PROTOTYPE,1,KX134_SENSOR_1,sensor_node_1,D4:E9:F4:E9:8E:1C,56279,563269925,0,0,NA,0,-331,-3966,211,-0.080811,-0.968262,0.051514,100,100,8,UNCALIBRATED_SENSOR_1,false,CALIBRATION_MISSING,CALIBRATION_MISSING,kx134_single_node_i2c.0.1.0,kx134.v3
kx134.v3,NODE_PROTOTYPE,1,KX134_SENSOR_1,sensor_node_1,D4:E9:F4:E9:8E:1C,56280,563279925,0,0,NA,0,-352,-3963,213,-0.085937,-0.967529,0.052002,100,100,8,UNCALIBRATED_SENSOR_1,false,CALIBRATION_MISSING,CALIBRATION_MISSING,kx134_single_node_i2c.0.1.0,kx134.v3
kx134.v3,NODE_PROTOTYPE,1,KX134_SENSOR_1,sensor_node_1,D4:E9:F4:E9:8E:1C,56281,563289925,0,0,NA,0,-379,-3978,175,-0.092529,-0.971191,0.042725,100,100,8,UNCALIBRATED_SENSOR_1,false,CALIBRATION_MISSING,CALIBRATION_MISSING,kx134_single_node_i2c.0.1.0,kx134.v3
kx134.v3,NODE_PROTOTYPE,1,KX134_SENSOR_1,sensor_node_1,D4:E9:F4:E9:8E:1C,56282,563299925,0,0,NA,0,-407,-3988,199,-0.099365,-0.973633,0.048584,100,100,8,UNCALIBRATED_SENSOR_1,false,CALIBRATION_MISSING,CALIBRATION_MISSING,kx134_single_node_i2c.0.1.0,kx134.v3
kx134.v3,NODE_PROTOTYPE,1,KX134_SENSOR_1,sensor_node_1,D4:E9:F4:E9:8E:1C,56283,563309924,0,0,NA,0,-372,-4023,222,-0.090820,-0.982178,0.054199,100,100,8,UNCALIBRATED_SENSOR_1,false,CALIBRATION_MISSING,CALIBRATION_MISSING,kx134_single_node_i2c.0.1.0,kx134.v3
kx134.v3,NODE_PROTOTYPE,1,KX134_SENSOR_1,sensor_node_1,D4:E9:F4:E9:8E:1C,56284,563319924,0,0,NA,0,-343,-4023,219,-0.083740,-0.982178,0.053467,100,100,8,UNCALIBRATED_SENSOR_1,false,CALIBRATION_MISSING,CALIBRATION_MISSING,kx134_single_node_i2c.0.1.0,kx134.v3
kx134.v3,NODE_PROTOTYPE,1,KX134_SENSOR_1,sensor_node_1,D4:E9:F4:E9:8E:1C,56285,563329925,0,0,NA,0,-350,-3980,235,-0.085449,-0.971680,0.057373,100,100,8,UNCALIBRATED_SENSOR_1,false,CALIBRATION_MISSING,CALIBRATION_MISSING,kx134_single_node_i2c.0.1.0,kx134.v3
kx134.v3,NODE_PROTOTYPE,1,KX134_SENSOR_1,sensor_node_1,D4:E9:F4:E9:8E:1C,56286,563339925,0,0,NA,0,-336,-3953,254,-0.082031,-0.965088,0.062012,100,100,8,UNCALIBRATED_SENSOR_1,false,CALIBRATION_MISSING,CALIBRATION_MISSING,kx134_single_node_i2c.0.1.0,kx134.v3
kx134.v3,NODE_PROTOTYPE,1,KX134_SENSOR_1,sensor_node_1,D4:E9:F4:E9:8E:1C,56287,563349925,0,0,NA,0,-323,-3972,218,-0.078857,-0.969727,0.053223,100,100,8,UNCALIBRATED_SENSOR_1,false,CALIBRATION_MISSING,CALIBRATION_MISSING,kx134_single_node_i2c.0.1.0,kx134.v3
kx134.v3,NODE_PROTOTYPE,1,KX134_SENSOR_1,sensor_node_1,D4:E9:F4:E9:8E:1C,56288,563359924,0,0,NA,0,-330,-3972,218,-0.080566,-0.969727,0.053223,100,100,8,UNCALIBRATED_SENSOR_1,false,CALIBRATION_MISSING,CALIBRATION_MISSING,kx134_single_node_i2c.0.1.0,kx134.v3
kx134.v3,NODE_PROTOTYPE,1,KX134_SENSOR_1,sensor_node_1,D4:E9:F4:E9:8E:1C,56289,563369924,0,0,NA,0,-330,-4009,121,-0.080566,-0.978760,0.029541,100,100,8,UNCALIBRATED_SENSOR_1,false,CALIBRATION_MISSING,CALIBRATION_MISSING,kx134_single_node_i2c.0.1.0,kx134.v3
kx134.v3,NODE_PROTOTYPE,1,KX134_SENSOR_1,sensor_node_1,D4:E9:F4:E9:8E:1C,56290,563379924,0,0,NA,0,-242,-4091,121,-0.059082,-0.998779,0.029541,100,100,8,UNCALIBRATED_SENSOR_1,false,CALIBRATION_MISSING,CALIBRATION_MISSING,kx134_single_node_i2c.0.1.0,kx134.v3
kx134.v3,NODE_PROTOTYPE,1,KX134_SENSOR_1,sensor_node_1,D4:E9:F4:E9:8E:1C,56291,563389924,0,0,NA,0,-308,-4006,160,-0.075195,-0.978027,0.039063,100,100,8,UNCALIBRATED_SENSOR_1,false,CALIBRATION_MISSING,CALIBRATION_MISSING,kx134_single_node_i2c.0.1.0,kx134.v3
kx134.v3,NODE_PROTOTYPE,1,KX134_SENSOR_1,sensor_node_1,D4:E9:F4:E9:8E:1C,56292,563399924,0,0,NA,0,-532,-3888,251,-0.129883,-0.949219,0.061279,100,100,8,UNCALIBRATED_SENSOR_1,false,CALIBRATION_MISSING,CALIBRATION_MISSING,kx134_single_node_i2c.0.1.0,kx134.v3
kx134.v3,NODE_PROTOTYPE,1,KX134_SENSOR_1,sensor_node_1,D4:E9:F4:E9:8E:1C,56293,563409924,0,0,NA,0,-493,-3945,168,-0.120361,-0.963135,0.041016,100,100,8,UNCALIBRATED_SENSOR_1,false,CALIBRATION_MISSING,CALIBRATION_MISSING,kx134_single_node_i2c.0.1.0,kx134.v3
kx134.v3,NODE_PROTOTYPE,1,KX134_SENSOR_1,sensor_node_1,D4:E9:F4:E9:8E:1C,56294,563419925,0,0,NA,0,-468,-4004,118,-0.114258,-0.977539,0.028809,100,100,8,UNCALIBRATED_SENSOR_1,false,CALIBRATION_MISSING,CALIBRATION_MISSING,kx134_single_node_i2c.0.1.0,kx134.v3
kx134.v3,NODE_PROTOTYPE,1,KX134_SENSOR_1,sensor_node_1,D4:E9:F4:E9:8E:1C,56295,563429924,0,0,NA,0,-531,-4032,281,-0.129639,-0.984375,0.068604,100,100,8,UNCALIBRATED_SENSOR_1,false,CALIBRATION_MISSING,CALIBRATION_MISSING,kx134_single_node_i2c.0.1.0,kx134.v3
kx134.v3,NODE_PROTOTYPE,1,KX134_SENSOR_1,sensor_node_1,D4:E9:F4:E9:8E:1C,56296,563439924,0,0,NA,0,-479,-4009,300,-0.116943,-0.978760,0.073242,100,100,8,UNCALIBRATED_SENSOR_1,false,CALIBRATION_MISSING,CALIBRATION_MISSING,kx134_single_node_i2c.0.1.0,kx134.v3
kx134.v3,NODE_PROTOTYPE,1,KX134_SENSOR_1,sensor_node_1,D4:E9:F4:E9:8E:1C,56297,563449924,0,0,NA,0,-431,-3992,274,-0.105225,-0.974609,0.066895,100,100,8,UNCALIBRATED_SENSOR_1,false,CALIBRATION_MISSING,CALIBRATION_MISSING,kx134_single_node_i2c.0.1.0,kx134.v3
kx134.v3,NODE_PROTOTYPE,1,KX134_SENSOR_1,sensor_node_1,D4:E9:F4:E9:8E:1C,56298,563459925,0,0,NA,0,-388,-3988,256,-0.094727,-0.973633,0.062500,100,100,8,UNCALIBRATED_SENSOR_1,false,CALIBRATION_MISSING,CALIBRATION_MISSING,kx134_single_node_i2c.0.1.0,kx134.v3
kx134.v3,NODE_PROTOTYPE,1,KX134_SENSOR_1,sensor_node_1,D4:E9:F4:E9:8E:1C,56299,563469924,0,0,NA,0,-359,-3991,264,-0.087646,-0.974365,0.064453,100,100,8,UNCALIBRATED_SENSOR_1,false,CALIBRATION_MISSING,CALIBRATION_MISSING,kx134_single_node_i2c.0.1.0,kx134.v3
kx134.v3,NODE_PROTOTYPE,1,KX134_SENSOR_1,sensor_node_1,D4:E9:F4:E9:8E:1C,56300,563479924,0,0,NA,0,-341,-4002,236,-0.083252,-0.977051,0.057617,100,100,8,UNCALIBRATED_SENSOR_1,false,CALIBRATION_MISSING,CALIBRATION_MISSING,kx134_single_node_i2c.0.1.0,kx134.v3
kx134.v3,NODE_PROTOTYPE,1,KX134_SENSOR_1,sensor_node_1,D4:E9:F4:E9:8E:1C,56301,563489925,0,0,NA,0,-336,-3984,194,-0.082031,-0.972656,0.047363,100,100,8,UNCALIBRATED_SENSOR_1,false,CALIBRATION_MISSING,CALIBRATION_MISSING,kx134_single_node_i2c.0.1.0,kx134.v3
kx134.v3,NODE_PROTOTYPE,1,KX134_SENSOR_1,sensor_node_1,D4:E9:F4:E9:8E:1C,56302,563499925,0,0,NA,0,-350,-3946,237,-0.085449,-0.963379,0.057861,100,100,8,UNCALIBRATED_SENSOR_1,false,CALIBRATION_MISSING,CALIBRATION_MISSING,kx134_single_node_i2c.0.1.0,kx134.v3
kx134.v3,NODE_PROTOTYPE,1,KX134_SENSOR_1,sensor_node_1,D4:E9:F4:E9:8E:1C,56303,563509925,0,0,NA,0,-337,-3952,261,-0.082275,-0.964844,0.063721,100,100,8,UNCALIBRATED_SENSOR_1,false,CALIBRATION_MISSING,CALIBRATION_MISSING,kx134_single_node_i2c.0.1.0,kx134.v3
kx134.v3,NODE_PROTOTYPE,1,KX134_SENSOR_1,sensor_node_1,D4:E9:F4:E9:8E:1C,56304,563519925,0,0,NA,0,-322,-3979,236,-0.078613,-0.971436,0.057617,100,100,8,UNCALIBRATED_SENSOR_1,false,CALIBRATION_MISSING,CALIBRATION_MISSING,kx134_single_node_i2c.0.1.0,kx134.v3
kx134.v3,NODE_PROTOTYPE,1,KX134_SENSOR_1,sensor_node_1,D4:E9:F4:E9:8E:1C,56305,563529924,0,0,NA,0,-330,-3985,249,-0.080566,-0.972900,0.060791,100,100,8,UNCALIBRATED_SENSOR_1,false,CALIBRATION_MISSING,CALIBRATION_MISSING,kx134_single_node_i2c.0.1.0,kx134.v3
kx134.v3,NODE_PROTOTYPE,1,KX134_SENSOR_1,sensor_node_1,D4:E9:F4:E9:8E:1C,56306,563539924,0,0,NA,0,-351,-3962,288,-0.085693,-0.967285,0.070312,100,100,8,UNCALIBRATED_SENSOR_1,false,CALIBRATION_MISSING,CALIBRATION_MISSING,kx134_single_node_i2c.0.1.0,kx134.v3
kx134.v3,NODE_PROTOTYPE,1,KX134_SENSOR_1,sensor_node_1,D4:E9:F4:E9:8E:1C,56307,563549924,0,0,NA,0,-364,-3945,282,-0.088867,-0.963135,0.068848,100,100,8,UNCALIBRATED_SENSOR_1,false,CALIBRATION_MISSING,CALIBRATION_MISSING,kx134_single_node_i2c.0.1.0,kx134.v3
kx134.v3,NODE_PROTOTYPE,1,KX134_SENSOR_1,sensor_node_1,D4:E9:F4:E9:8E:1C,56308,563559925,0,0,NA,0,-346,-3971,259,-0.084473,-0.969482,0.063232,100,100,8,UNCALIBRATED_SENSOR_1,false,CALIBRATION_MISSING,CALIBRATION_MISSING,kx134_single_node_i2c.0.1.0,kx134.v3
kx134.v3,NODE_PROTOTYPE,1,KX134_SENSOR_1,sensor_node_1,D4:E9:F4:E9:8E:1C,56309,563569925,0,0,NA,0,-338,-3980,241,-0.082520,-0.971680,0.058838,100,100,8,UNCALIBRATED_SENSOR_1,false,CALIBRATION_MISSING,CALIBRATION_MISSING,kx134_single_node_i2c.0.1.0,kx134.v3
kx134.v3,NODE_PROTOTYPE,1,KX134_SENSOR_1,sensor_node_1,D4:E9:F4:E9:8E:1C,56310,563579924,0,0,NA,0,-360,-3972,218,-0.087891,-0.969727,0.053223,100,100,8,UNCALIBRATED_SENSOR_1,false,CALIBRATION_MISSING,CALIBRATION_MISSING,kx134_single_node_i2c.0.1.0,kx134.v3
kx134.v3,NODE_PROTOTYPE,1,KX134_SENSOR_1,sensor_node_1,D4:E9:F4:E9:8E:1C,56311,563589925,0,0,NA,0,-380,-3966,217,-0.092773,-0.968262,0.052979,100,100,8,UNCALIBRATED_SENSOR_1,false,CALIBRATION_MISSING,CALIBRATION_MISSING,kx134_single_node_i2c.0.1.0,kx134.v3
kx134.v3,NODE_PROTOTYPE,1,KX134_SENSOR_1,sensor_node_1,D4:E9:F4:E9:8E:1C,56312,563599925,0,0,NA,0,-353,-3957,211,-0.086182,-0.966064,0.051514,100,100,8,UNCALIBRATED_SENSOR_1,false,CALIBRATION_MISSING,CALIBRATION_MISSING,kx134_single_node_i2c.0.1.0,kx134.v3
kx134.v3,NODE_PROTOTYPE,1,KX134_SENSOR_1,sensor_node_1,D4:E9:F4:E9:8E:1C,56313,563609925,0,0,NA,0,-322,-3974,189,-0.078613,-0.970215,0.046143,100,100,8,UNCALIBRATED_SENSOR_1,false,CALIBRATION_MISSING,CALIBRATION_MISSING,kx134_single_node_i2c.0.1.0,kx134.v3
kx134.v3,NODE_PROTOTYPE,1,KX134_SENSOR_1,sensor_node_1,D4:E9:F4:E9:8E:1C,56314,563619940,0,0,NA,0,-331,-3985,186,-0.080811,-0.972900,0.045410,100,100,8,UNCALIBRATED_SENSOR_1,false,CALIBRATION_MISSING,CALIBRATION_MISSING,kx134_single_node_i2c.0.1.0,kx134.v3
kx134.v3,NODE_PROTOTYPE,1,KX134_SENSOR_1,sensor_node_1,D4:E9:F4:E9:8E:1C,56315,563629925,0,0,NA,0,-359,-3988,192,-0.087646,-0.973633,0.046875,100,100,8,UNCALIBRATED_SENSOR_1,false,CALIBRATION_MISSING,CALIBRATION_MISSING,kx134_single_node_i2c.0.1.0,kx134.v3
kx134.v3,NODE_PROTOTYPE,1,KX134_SENSOR_1,sensor_node_1,D4:E9:F4:E9:8E:1C,56316,563639924,0,0,NA,0,-368,-3984,195,-0.089844,-0.972656,0.047607,100,100,8,UNCALIBRATED_SENSOR_1,false,CALIBRATION_MISSING,CALIBRATION_MISSING,kx134_single_node_i2c.0.1.0,kx134.v3
kx134.v3,NODE_PROTOTYPE,1,KX134_SENSOR_1,sensor_node_1,D4:E9:F4:E9:8E:1C,56317,563649924,0,0,NA,0,-366,-3959,205,-0.089355,-0.966553,0.050049,100,100,8,UNCALIBRATED_SENSOR_1,false,CALIBRATION_MISSING,CALIBRATION_MISSING,kx134_single_node_i2c.0.1.0,kx134.v3
kx134.v3,NODE_PROTOTYPE,1,KX134_SENSOR_1,sensor_node_1,D4:E9:F4:E9:8E:1C,56318,563659924,0,0,NA,0,-386,-3955,207,-0.094238,-0.965576,0.050537,100,100,8,UNCALIBRATED_SENSOR_1,false,CALIBRATION_MISSING,CALIBRATION_MISSING,kx134_single_node_i2c.0.1.0,kx134.v3
kx134.v3,NODE_PROTOTYPE,1,KX134_SENSOR_1,sensor_node_1,D4:E9:F4:E9:8E:1C,56319,563669925,0,0,NA,0,-381,-3965,208,-0.093018,-0.968018,0.050781,100,100,8,UNCALIBRATED_SENSOR_1,false,CALIBRATION_MISSING,CALIBRATION_MISSING,kx134_single_node_i2c.0.1.0,kx134.v3
kx134.v3,NODE_PROTOTYPE,1,KX134_SENSOR_1,sensor_node_1,D4:E9:F4:E9:8E:1C,56320,563679925,0,0,NA,0,-363,-3972,216,-0.088623,-0.969727,0.052734,100,100,8,UNCALIBRATED_SENSOR_1,false,CALIBRATION_MISSING,CALIBRATION_MISSING,kx134_single_node_i2c.0.1.0,kx134.v3
kx134.v3,NODE_PROTOTYPE,1,KX134_SENSOR_1,sensor_node_1,D4:E9:F4:E9:8E:1C,56321,563689924,0,0,NA,0,-358,-3981,203,-0.087402,-0.971924,0.049561,100,100,8,UNCALIBRATED_SENSOR_1,false,CALIBRATION_MISSING,CALIBRATION_MISSING,kx134_single_node_i2c.0.1.0,kx134.v3
kx134.v3,NODE_PROTOTYPE,1,KX134_SENSOR_1,sensor_node_1,D4:E9:F4:E9:8E:1C,56322,563699924,0,0,NA,0,-339,-3977,191,-0.082764,-0.970947,0.046631,100,100,8,UNCALIBRATED_SENSOR_1,false,CALIBRATION_MISSING,CALIBRATION_MISSING,kx134_single_node_i2c.0.1.0,kx134.v3
kx134.v3,NODE_PROTOTYPE,1,KX134_SENSOR_1,sensor_node_1,D4:E9:F4:E9:8E:1C,56323,563709924,0,0,NA,0,-316,-3992,199,-0.077148,-0.974609,0.048584,100,100,8,UNCALIBRATED_SENSOR_1,false,CALIBRATION_MISSING,CALIBRATION_MISSING,kx134_single_node_i2c.0.1.0,kx134.v3
kx134.v3,NODE_PROTOTYPE,1,KX134_SENSOR_1,sensor_node_1,D4:E9:F4:E9:8E:1C,56324,563719925,0,0,NA,0,-300,-4002,216,-0.073242,-0.977051,0.052734,100,100,8,UNCALIBRATED_SENSOR_1,false,CALIBRATION_MISSING,CALIBRATION_MISSING,kx134_single_node_i2c.0.1.0,kx134.v3
kx134.v3,NODE_PROTOTYPE,1,KX134_SENSOR_1,sensor_node_1,D4:E9:F4:E9:8E:1C,56325,563729925,0,0,NA,0,-319,-3983,221,-0.077881,-0.972412,0.053955,100,100,8,UNCALIBRATED_SENSOR_1,false,CALIBRATION_MISSING,CALIBRATION_MISSING,kx134_single_node_i2c.0.1.0,kx134.v3
kx134.v3,NODE_PROTOTYPE,1,KX134_SENSOR_1,sensor_node_1,D4:E9:F4:E9:8E:1C,56326,563739924,0,0,NA,0,-339,-3960,222,-0.082764,-0.966797,0.054199,100,100,8,UNCALIBRATED_SENSOR_1,false,CALIBRATION_MISSING,CALIBRATION_MISSING,kx134_single_node_i2c.0.1.0,kx134.v3
kx134.v3,NODE_PROTOTYPE,1,KX134_SENSOR_1,sensor_node_1,D4:E9:F4:E9:8E:1C,56327,563749924,0,0,NA,0,-338,-3972,229,-0.082520,-0.969727,0.055908,100,100,8,UNCALIBRATED_SENSOR_1,false,CALIBRATION_MISSING,CALIBRATION_MISSING,kx134_single_node_i2c.0.1.0,kx134.v3
kx134.v3,NODE_PROTOTYPE,1,KX134_SENSOR_1,sensor_node_1,D4:E9:F4:E9:8E:1C,56328,563759925,0,0,NA,0,-350,-3979,194,-0.085449,-0.971436,0.047363,100,100,8,UNCALIBRATED_SENSOR_1,false,CALIBRATION_MISSING,CALIBRATION_MISSING,kx134_single_node_i2c.0.1.0,kx134.v3
kx134.v3,NODE_PROTOTYPE,1,KX134_SENSOR_1,sensor_node_1,D4:E9:F4:E9:8E:1C,56329,563769924,0,0,NA,0,-344,-3947,173,-0.083984,-0.963623,0.042236,100,100,8,UNCALIBRATED_SENSOR_1,false,CALIBRATION_MISSING,CALIBRATION_MISSING,kx134_single_node_i2c.0.1.0,kx134.v3
kx134.v3,NODE_PROTOTYPE,1,KX134_SENSOR_1,sensor_node_1,D4:E9:F4:E9:8E:1C,56330,563779925,0,0,NA,0,-342,-3955,192,-0.083496,-0.965576,0.046875,100,100,8,UNCALIBRATED_SENSOR_1,false,CALIBRATION_MISSING,CALIBRATION_MISSING,kx134_single_node_i2c.0.1.0,kx134.v3
kx134.v3,NODE_PROTOTYPE,1,KX134_SENSOR_1,sensor_node_1,D4:E9:F4:E9:8E:1C,56331,563789924,0,0,NA,0,-355,-3959,195,-0.086670,-0.966553,0.047607,100,100,8,UNCALIBRATED_SENSOR_1,false,CALIBRATION_MISSING,CALIBRATION_MISSING,kx134_single_node_i2c.0.1.0,kx134.v3
kx134.v3,NODE_PROTOTYPE,1,KX134_SENSOR_1,sensor_node_1,D4:E9:F4:E9:8E:1C,56332,563799925,0,0,NA,0,-327,-3960,192,-0.079834,-0.966797,0.046875,100,100,8,UNCALIBRATED_SENSOR_1,false,CALIBRATION_MISSING,CALIBRATION_MISSING,kx134_single_node_i2c.0.1.0,kx134.v3
kx134.v3,NODE_PROTOTYPE,1,KX134_SENSOR_1,sensor_node_1,D4:E9:F4:E9:8E:1C,56333,563809924,0,0,NA,0,-250,-4002,234,-0.061035,-0.977051,0.057129,100,100,8,UNCALIBRATED_SENSOR_1,false,CALIBRATION_MISSING,CALIBRATION_MISSING,kx134_single_node_i2c.0.1.0,kx134.v3
kx134.v3,NODE_PROTOTYPE,1,KX134_SENSOR_1,sensor_node_1,D4:E9:F4:E9:8E:1C,56334,563819924,0,0,NA,0,-229,-4031,285,-0.055908,-0.984131,0.069580,100,100,8,UNCALIBRATED_SENSOR_1,false,CALIBRATION_MISSING,CALIBRATION_MISSING,kx134_single_node_i2c.0.1.0,kx134.v3
kx134.v3,NODE_PROTOTYPE,1,KX134_SENSOR_1,sensor_node_1,D4:E9:F4:E9:8E:1C,56335,563829925,0,0,NA,0,-272,-4023,266,-0.066406,-0.982178,0.064941,100,100,8,UNCALIBRATED_SENSOR_1,false,CALIBRATION_MISSING,CALIBRATION_MISSING,kx134_single_node_i2c.0.1.0,kx134.v3
kx134.v3,NODE_PROTOTYPE,1,KX134_SENSOR_1,sensor_node_1,D4:E9:F4:E9:8E:1C,56336,563839925,0,0,NA,0,-311,-4006,235,-0.075928,-0.978027,0.057373,100,100,8,UNCALIBRATED_SENSOR_1,false,CALIBRATION_MISSING,CALIBRATION_MISSING,kx134_single_node_i2c.0.1.0,kx134.v3
kx134.v3,NODE_PROTOTYPE,1,KX134_SENSOR_1,sensor_node_1,D4:E9:F4:E9:8E:1C,56337,563849925,0,0,NA,0,-362,-4004,245,-0.088379,-0.977539,0.059814,100,100,8,UNCALIBRATED_SENSOR_1,false,CALIBRATION_MISSING,CALIBRATION_MISSING,kx134_single_node_i2c.0.1.0,kx134.v3
kx134.v3,NODE_PROTOTYPE,1,KX134_SENSOR_1,sensor_node_1,D4:E9:F4:E9:8E:1C,56338,563859924,0,0,NA,0,-408,-3981,206,-0.099609,-0.971924,0.050293,100,100,8,UNCALIBRATED_SENSOR_1,false,CALIBRATION_MISSING,CALIBRATION_MISSING,kx134_single_node_i2c.0.1.0,kx134.v3
kx134.v3,NODE_PROTOTYPE,1,KX134_SENSOR_1,sensor_node_1,D4:E9:F4:E9:8E:1C,56339,563869925,0,0,NA,0,-401,-3958,173,-0.097900,-0.966309,0.042236,100,100,8,UNCALIBRATED_SENSOR_1,false,CALIBRATION_MISSING,CALIBRATION_MISSING,kx134_single_node_i2c.0.1.0,kx134.v3
kx134.v3,NODE_PROTOTYPE,1,KX134_SENSOR_1,sensor_node_1,D4:E9:F4:E9:8E:1C,56340,563879925,0,0,NA,0,-362,-3968,185,-0.088379,-0.968750,0.045166,100,100,8,UNCALIBRATED_SENSOR_1,false,CALIBRATION_MISSING,CALIBRATION_MISSING,kx134_single_node_i2c.0.1.0,kx134.v3
kx134.v3,NODE_PROTOTYPE,1,KX134_SENSOR_1,sensor_node_1,D4:E9:F4:E9:8E:1C,56341,563889925,0,0,NA,0,-359,-3981,198,-0.087646,-0.971924,0.048340,100,100,8,UNCALIBRATED_SENSOR_1,false,CALIBRATION_MISSING,CALIBRATION_MISSING,kx134_single_node_i2c.0.1.0,kx134.v3
kx134.v3,NODE_PROTOTYPE,1,KX134_SENSOR_1,sensor_node_1,D4:E9:F4:E9:8E:1C,56342,563899932,0,0,NA,0,-356,-4000,205,-0.086914,-0.976562,0.050049,100,100,8,UNCALIBRATED_SENSOR_1,false,CALIBRATION_MISSING,CALIBRATION_MISSING,kx134_single_node_i2c.0.1.0,kx134.v3
kx134.v3,NODE_PROTOTYPE,1,KX134_SENSOR_1,sensor_node_1,D4:E9:F4:E9:8E:1C,56343,563909924,0,0,NA,0,-351,-4012,204,-0.085693,-0.979492,0.049805,100,100,8,UNCALIBRATED_SENSOR_1,false,CALIBRATION_MISSING,CALIBRATION_MISSING,kx134_single_node_i2c.0.1.0,kx134.v3
kx134.v3,NODE_PROTOTYPE,1,KX134_SENSOR_1,sensor_node_1,D4:E9:F4:E9:8E:1C,56344,563919924,0,0,NA,0,-373,-4008,219,-0.091064,-0.978516,0.053467,100,100,8,UNCALIBRATED_SENSOR_1,false,CALIBRATION_MISSING,CALIBRATION_MISSING,kx134_single_node_i2c.0.1.0,kx134.v3
kx134.v3,NODE_PROTOTYPE,1,KX134_SENSOR_1,sensor_node_1,D4:E9:F4:E9:8E:1C,56345,563929924,0,0,NA,0,-373,-3995,233,-0.091064,-0.975342,0.056885,100,100,8,UNCALIBRATED_SENSOR_1,false,CALIBRATION_MISSING,CALIBRATION_MISSING,kx134_single_node_i2c.0.1.0,kx134.v3
kx134.v3,NODE_PROTOTYPE,1,KX134_SENSOR_1,sensor_node_1,D4:E9:F4:E9:8E:1C,56346,563939924,0,0,NA,0,-352,-3988,241,-0.085937,-0.973633,0.058838,100,100,8,UNCALIBRATED_SENSOR_1,false,CALIBRATION_MISSING,CALIBRATION_MISSING,kx134_single_node_i2c.0.1.0,kx134.v3
kx134.v3,NODE_PROTOTYPE,1,KX134_SENSOR_1,sensor_node_1,D4:E9:F4:E9:8E:1C,56347,563949924,0,0,NA,0,-360,-3972,217,-0.087891,-0.969727,0.052979,100,100,8,UNCALIBRATED_SENSOR_1,false,CALIBRATION_MISSING,CALIBRATION_MISSING,kx134_single_node_i2c.0.1.0,kx134.v3
kx134.v3,NODE_PROTOTYPE,1,KX134_SENSOR_1,sensor_node_1,D4:E9:F4:E9:8E:1C,56348,563959925,0,0,NA,0,-331,-3978,194,-0.080811,-0.971191,0.047363,100,100,8,UNCALIBRATED_SENSOR_1,false,CALIBRATION_MISSING,CALIBRATION_MISSING,kx134_single_node_i2c.0.1.0,kx134.v3
kx134.v3,NODE_PROTOTYPE,1,KX134_SENSOR_1,sensor_node_1,D4:E9:F4:E9:8E:1C,56349,563969925,0,0,NA,0,-304,-3999,188,-0.074219,-0.976318,0.045898,100,100,8,UNCALIBRATED_SENSOR_1,false,CALIBRATION_MISSING,CALIBRATION_MISSING,kx134_single_node_i2c.0.1.0,kx134.v3
kx134.v3,NODE_PROTOTYPE,1,KX134_SENSOR_1,sensor_node_1,D4:E9:F4:E9:8E:1C,56350,563979925,0,0,NA,0,-332,-3978,180,-0.081055,-0.971191,0.043945,100,100,8,UNCALIBRATED_SENSOR_1,false,CALIBRATION_MISSING,CALIBRATION_MISSING,kx134_single_node_i2c.0.1.0,kx134.v3
kx134.v3,NODE_PROTOTYPE,1,KX134_SENSOR_1,sensor_node_1,D4:E9:F4:E9:8E:1C,56351,563989925,0,0,NA,0,-362,-3954,197,-0.088379,-0.965332,0.048096,100,100,8,UNCALIBRATED_SENSOR_1,false,CALIBRATION_MISSING,CALIBRATION_MISSING,kx134_single_node_i2c.0.1.0,kx134.v3
kx134.v3,NODE_PROTOTYPE,1,KX134_SENSOR_1,sensor_node_1,D4:E9:F4:E9:8E:1C,56352,563999925,0,0,NA,0,-414,-3953,194,-0.101074,-0.965088,0.047363,100,100,8,UNCALIBRATED_SENSOR_1,false,CALIBRATION_MISSING,CALIBRATION_MISSING,kx134_single_node_i2c.0.1.0,kx134.v3
kx134.v3,NODE_PROTOTYPE,1,KX134_SENSOR_1,sensor_node_1,D4:E9:F4:E9:8E:1C,56353,564009925,0,0,NA,0,-400,-3991,177,-0.097656,-0.974365,0.043213,100,100,8,UNCALIBRATED_SENSOR_1,false,CALIBRATION_MISSING,CALIBRATION_MISSING,kx134_single_node_i2c.0.1.0,kx134.v3
kx134.v3,NODE_PROTOTYPE,1,KX134_SENSOR_1,sensor_node_1,D4:E9:F4:E9:8E:1C,56354,564019925,0,0,NA,0,-356,-4015,174,-0.086914,-0.980225,0.042480,100,100,8,UNCALIBRATED_SENSOR_1,false,CALIBRATION_MISSING,CALIBRATION_MISSING,kx134_single_node_i2c.0.1.0,kx134.v3
kx134.v3,NODE_PROTOTYPE,1,KX134_SENSOR_1,sensor_node_1,D4:E9:F4:E9:8E:1C,56355,564029924,0,0,NA,0,-376,-3992,182,-0.091797,-0.974609,0.044434,100,100,8,UNCALIBRATED_SENSOR_1,false,CALIBRATION_MISSING,CALIBRATION_MISSING,kx134_single_node_i2c.0.1.0,kx134.v3
kx134.v3,NODE_PROTOTYPE,1,KX134_SENSOR_1,sensor_node_1,D4:E9:F4:E9:8E:1C,56356,564039924,0,0,NA,0,-373,-3969,193,-0.091064,-0.968994,0.047119,100,100,8,UNCALIBRATED_SENSOR_1,false,CALIBRATION_MISSING,CALIBRATION_MISSING,kx134_single_node_i2c.0.1.0,kx134.v3
kx134.v3,NODE_PROTOTYPE,1,KX134_SENSOR_1,sensor_node_1,D4:E9:F4:E9:8E:1C,56357,564049924,0,0,NA,0,-315,-3987,209,-0.076904,-0.973389,0.051025,100,100,8,UNCALIBRATED_SENSOR_1,false,CALIBRATION_MISSING,CALIBRATION_MISSING,kx134_single_node_i2c.0.1.0,kx134.v3
kx134.v3,NODE_PROTOTYPE,1,KX134_SENSOR_1,sensor_node_1,D4:E9:F4:E9:8E:1C,56358,564059925,0,0,NA,0,-305,-4014,232,-0.074463,-0.979980,0.056641,100,100,8,UNCALIBRATED_SENSOR_1,false,CALIBRATION_MISSING,CALIBRATION_MISSING,kx134_single_node_i2c.0.1.0,kx134.v3
kx134.v3,NODE_PROTOTYPE,1,KX134_SENSOR_1,sensor_node_1,D4:E9:F4:E9:8E:1C,56359,564069925,0,0,NA,0,-344,-4012,233,-0.083984,-0.979492,0.056885,100,100,8,UNCALIBRATED_SENSOR_1,false,CALIBRATION_MISSING,CALIBRATION_MISSING,kx134_single_node_i2c.0.1.0,kx134.v3
kx134.v3,NODE_PROTOTYPE,1,KX134_SENSOR_1,sensor_node_1,D4:E9:F4:E9:8E:1C,56360,564079924,0,0,NA,0,-328,-3989,228,-0.080078,-0.973877,0.055664,100,100,8,UNCALIBRATED_SENSOR_1,false,CALIBRATION_MISSING,CALIBRATION_MISSING,kx134_single_node_i2c.0.1.0,kx134.v3
kx134.v3,NODE_PROTOTYPE,1,KX134_SENSOR_1,sensor_node_1,D4:E9:F4:E9:8E:1C,56361,564089924,0,0,NA,0,-334,-3927,191,-0.081543,-0.958740,0.046631,100,100,8,UNCALIBRATED_SENSOR_1,false,CALIBRATION_MISSING,CALIBRATION_MISSING,kx134_single_node_i2c.0.1.0,kx134.v3
kx134.v3,NODE_PROTOTYPE,1,KX134_SENSOR_1,sensor_node_1,D4:E9:F4:E9:8E:1C,56362,564099924,0,0,NA,0,-396,-3886,140,-0.096680,-0.948730,0.034180,100,100,8,UNCALIBRATED_SENSOR_1,false,CALIBRATION_MISSING,CALIBRATION_MISSING,kx134_single_node_i2c.0.1.0,kx134.v3
kx134.v3,NODE_PROTOTYPE,1,KX134_SENSOR_1,sensor_node_1,D4:E9:F4:E9:8E:1C,56363,564109925,0,0,NA,0,-403,-3916,134,-0.098389,-0.956055,0.032715,100,100,8,UNCALIBRATED_SENSOR_1,false,CALIBRATION_MISSING,CALIBRATION_MISSING,kx134_single_node_i2c.0.1.0,kx134.v3
kx134.v3,NODE_PROTOTYPE,1,KX134_SENSOR_1,sensor_node_1,D4:E9:F4:E9:8E:1C,56364,564119925,0,0,NA,0,-378,-3947,159,-0.092285,-0.963623,0.038818,100,100,8,UNCALIBRATED_SENSOR_1,false,CALIBRATION_MISSING,CALIBRATION_MISSING,kx134_single_node_i2c.0.1.0,kx134.v3
kx134.v3,NODE_PROTOTYPE,1,KX134_SENSOR_1,sensor_node_1,D4:E9:F4:E9:8E:1C,56365,564129924,0,0,NA,0,-368,-3954,178,-0.089844,-0.965332,0.043457,100,100,8,UNCALIBRATED_SENSOR_1,false,CALIBRATION_MISSING,CALIBRATION_MISSING,kx134_single_node_i2c.0.1.0,kx134.v3
kx134.v3,NODE_PROTOTYPE,1,KX134_SENSOR_1,sensor_node_1,D4:E9:F4:E9:8E:1C,56366,564139924,0,0,NA,0,-363,-3935,172,-0.088623,-0.960693,0.041992,100,100,8,UNCALIBRATED_SENSOR_1,false,CALIBRATION_MISSING,CALIBRATION_MISSING,kx134_single_node_i2c.0.1.0,kx134.v3
kx134.v3,NODE_PROTOTYPE,1,KX134_SENSOR_1,sensor_node_1,D4:E9:F4:E9:8E:1C,56367,564149925,0,0,NA,0,-373,-3914,184,-0.091064,-0.955566,0.044922,100,100,8,UNCALIBRATED_SENSOR_1,false,CALIBRATION_MISSING,CALIBRATION_MISSING,kx134_single_node_i2c.0.1.0,kx134.v3
kx134.v3,NODE_PROTOTYPE,1,KX134_SENSOR_1,sensor_node_1,D4:E9:F4:E9:8E:1C,56368,564159925,0,0,NA,0,-354,-3951,220,-0.086426,-0.964600,0.053711,100,100,8,UNCALIBRATED_SENSOR_1,false,CALIBRATION_MISSING,CALIBRATION_MISSING,kx134_single_node_i2c.0.1.0,kx134.v3
kx134.v3,NODE_PROTOTYPE,1,KX134_SENSOR_1,sensor_node_1,D4:E9:F4:E9:8E:1C,56369,564169925,0,0,NA,0,-315,-3995,212,-0.076904,-0.975342,0.051758,100,100,8,UNCALIBRATED_SENSOR_1,false,CALIBRATION_MISSING,CALIBRATION_MISSING,kx134_single_node_i2c.0.1.0,kx134.v3
kx134.v3,NODE_PROTOTYPE,1,KX134_SENSOR_1,sensor_node_1,D4:E9:F4:E9:8E:1C,56370,564179925,0,0,NA,0,-310,-3997,203,-0.075684,-0.975830,0.049561,100,100,8,UNCALIBRATED_SENSOR_1,false,CALIBRATION_MISSING,CALIBRATION_MISSING,kx134_single_node_i2c.0.1.0,kx134.v3
kx134.v3,NODE_PROTOTYPE,1,KX134_SENSOR_1,sensor_node_1,D4:E9:F4:E9:8E:1C,56371,564189925,0,0,NA,0,-328,-3983,204,-0.080078,-0.972412,0.049805,100,100,8,UNCALIBRATED_SENSOR_1,false,CALIBRATION_MISSING,CALIBRATION_MISSING,kx134_single_node_i2c.0.1.0,kx134.v3
kx134.v3,NODE_PROTOTYPE,1,KX134_SENSOR_1,sensor_node_1,D4:E9:F4:E9:8E:1C,56372,564199925,0,0,NA,0,-367,-3988,196,-0.089600,-0.973633,0.047852,100,100,8,UNCALIBRATED_SENSOR_1,false,CALIBRATION_MISSING,CALIBRATION_MISSING,kx134_single_node_i2c.0.1.0,kx134.v3
kx134.v3,NODE_PROTOTYPE,1,KX134_SENSOR_1,sensor_node_1,D4:E9:F4:E9:8E:1C,56373,564209925,0,0,NA,0,-391,-3999,197,-0.095459,-0.976318,0.048096,100,100,8,UNCALIBRATED_SENSOR_1,false,CALIBRATION_MISSING,CALIBRATION_MISSING,kx134_single_node_i2c.0.1.0,kx134.v3
kx134.v3,NODE_PROTOTYPE,1,KX134_SENSOR_1,sensor_node_1,D4:E9:F4:E9:8E:1C,56374,564219925,0,0,NA,0,-388,-3990,194,-0.094727,-0.974121,0.047363,100,100,8,UNCALIBRATED_SENSOR_1,false,CALIBRATION_MISSING,CALIBRATION_MISSING,kx134_single_node_i2c.0.1.0,kx134.v3
kx134.v3,NODE_PROTOTYPE,1,KX134_SENSOR_1,sensor_node_1,D4:E9:F4:E9:8E:1C,56375,564229925,0,0,NA,0,-450,-3976,198,-0.109863,-0.970703,0.048340,100,100,8,UNCALIBRATED_SENSOR_1,false,CALIBRATION_MISSING,CALIBRATION_MISSING,kx134_single_node_i2c.0.1.0,kx134.v3
kx134.v3,NODE_PROTOTYPE,1,KX134_SENSOR_1,sensor_node_1,D4:E9:F4:E9:8E:1C,56376,564239925,0,0,NA,0,-389,-4022,260,-0.094971,-0.981934,0.063477,100,100,8,UNCALIBRATED_SENSOR_1,false,CALIBRATION_MISSING,CALIBRATION_MISSING,kx134_single_node_i2c.0.1.0,kx134.v3
kx134.v3,NODE_PROTOTYPE,1,KX134_SENSOR_1,sensor_node_1,D4:E9:F4:E9:8E:1C,56377,564249924,0,0,NA,0,-355,-3992,233,-0.086670,-0.974609,0.056885,100,100,8,UNCALIBRATED_SENSOR_1,false,CALIBRATION_MISSING,CALIBRATION_MISSING,kx134_single_node_i2c.0.1.0,kx134.v3
kx134.v3,NODE_PROTOTYPE,1,KX134_SENSOR_1,sensor_node_1,D4:E9:F4:E9:8E:1C,56378,564259925,0,0,NA,0,-355,-3992,233,-0.086670,-0.974609,0.056885,100,100,8,UNCALIBRATED_SENSOR_1,false,CALIBRATION_MISSING,CALIBRATION_MISSING,kx134_single_node_i2c.0.1.0,kx134.v3
kx134.v3,NODE_PROTOTYPE,1,KX134_SENSOR_1,sensor_node_1,D4:E9:F4:E9:8E:1C,56379,564269924,0,0,NA,0,-347,-4001,174,-0.084717,-0.976807,0.042480,100,100,8,UNCALIBRATED_SENSOR_1,false,CALIBRATION_MISSING,CALIBRATION_MISSING,kx134_single_node_i2c.0.1.0,kx134.v3
kx134.v3,NODE_PROTOTYPE,1,KX134_SENSOR_1,sensor_node_1,D4:E9:F4:E9:8E:1C,56380,564279925,0,0,NA,0,-197,-4150,262,-0.048096,-1.013184,0.063965,100,100,8,UNCALIBRATED_SENSOR_1,false,CALIBRATION_MISSING,CALIBRATION_MISSING,kx134_single_node_i2c.0.1.0,kx134.v3
kx134.v3,NODE_PROTOTYPE,1,KX134_SENSOR_1,sensor_node_1,D4:E9:F4:E9:8E:1C,56381,564289925,0,0,NA,0,-275,-4040,208,-0.067139,-0.986328,0.050781,100,100,8,UNCALIBRATED_SENSOR_1,false,CALIBRATION_MISSING,CALIBRATION_MISSING,kx134_single_node_i2c.0.1.0,kx134.v3
kx134.v3,NODE_PROTOTYPE,1,KX134_SENSOR_1,sensor_node_1,D4:E9:F4:E9:8E:1C,56382,564299925,0,0,NA,0,-472,-3969,150,-0.115234,-0.968994,0.036621,100,100,8,UNCALIBRATED_SENSOR_1,false,CALIBRATION_MISSING,CALIBRATION_MISSING,kx134_single_node_i2c.0.1.0,kx134.v3
kx134.v3,NODE_PROTOTYPE,1,KX134_SENSOR_1,sensor_node_1,D4:E9:F4:E9:8E:1C,56383,564309924,0,0,NA,0,-458,-3967,154,-0.111816,-0.968506,0.037598,100,100,8,UNCALIBRATED_SENSOR_1,false,CALIBRATION_MISSING,CALIBRATION_MISSING,kx134_single_node_i2c.0.1.0,kx134.v3
kx134.v3,NODE_PROTOTYPE,1,KX134_SENSOR_1,sensor_node_1,D4:E9:F4:E9:8E:1C,56384,564319924,0,0,NA,0,-361,-3974,74,-0.088135,-0.970215,0.018066,100,100,8,UNCALIBRATED_SENSOR_1,false,CALIBRATION_MISSING,CALIBRATION_MISSING,kx134_single_node_i2c.0.1.0,kx134.v3
kx134.v3,NODE_PROTOTYPE,1,KX134_SENSOR_1,sensor_node_1,D4:E9:F4:E9:8E:1C,56385,564329925,0,0,NA,0,-378,-4049,69,-0.092285,-0.988525,0.016846,100,100,8,UNCALIBRATED_SENSOR_1,false,CALIBRATION_MISSING,CALIBRATION_MISSING,kx134_single_node_i2c.0.1.0,kx134.v3
kx134.v3,NODE_PROTOTYPE,1,KX134_SENSOR_1,sensor_node_1,D4:E9:F4:E9:8E:1C,56386,564339925,0,0,NA,0,-374,-4029,151,-0.091309,-0.983643,0.036865,100,100,8,UNCALIBRATED_SENSOR_1,false,CALIBRATION_MISSING,CALIBRATION_MISSING,kx134_single_node_i2c.0.1.0,kx134.v3
kx134.v3,NODE_PROTOTYPE,1,KX134_SENSOR_1,sensor_node_1,D4:E9:F4:E9:8E:1C,56387,564349925,0,0,NA,0,-338,-4019,220,-0.082520,-0.981201,0.053711,100,100,8,UNCALIBRATED_SENSOR_1,false,CALIBRATION_MISSING,CALIBRATION_MISSING,kx134_single_node_i2c.0.1.0,kx134.v3
kx134.v3,NODE_PROTOTYPE,1,KX134_SENSOR_1,sensor_node_1,D4:E9:F4:E9:8E:1C,56388,564359924,0,0,NA,0,-353,-4012,229,-0.086182,-0.979492,0.055908,100,100,8,UNCALIBRATED_SENSOR_1,false,CALIBRATION_MISSING,CALIBRATION_MISSING,kx134_single_node_i2c.0.1.0,kx134.v3
kx134.v3,NODE_PROTOTYPE,1,KX134_SENSOR_1,sensor_node_1,D4:E9:F4:E9:8E:1C,56389,564369925,0,0,NA,0,-370,-4016,217,-0.090332,-0.980469,0.052979,100,100,8,UNCALIBRATED_SENSOR_1,false,CALIBRATION_MISSING,CALIBRATION_MISSING,kx134_single_node_i2c.0.1.0,kx134.v3
kx134.v3,NODE_PROTOTYPE,1,KX134_SENSOR_1,sensor_node_1,D4:E9:F4:E9:8E:1C,56390,564379924,0,0,NA,0,-348,-4000,220,-0.084961,-0.976562,0.053711,100,100,8,UNCALIBRATED_SENSOR_1,false,CALIBRATION_MISSING,CALIBRATION_MISSING,kx134_single_node_i2c.0.1.0,kx134.v3
kx134.v3,NODE_PROTOTYPE,1,KX134_SENSOR_1,sensor_node_1,D4:E9:F4:E9:8E:1C,56391,564389925,0,0,NA,0,-301,-4015,264,-0.073486,-0.980225,0.064453,100,100,8,UNCALIBRATED_SENSOR_1,false,CALIBRATION_MISSING,CALIBRATION_MISSING,kx134_single_node_i2c.0.1.0,kx134.v3
kx134.v3,NODE_PROTOTYPE,1,KX134_SENSOR_1,sensor_node_1,D4:E9:F4:E9:8E:1C,56392,564399925,0,0,NA,0,-280,-4012,281,-0.068359,-0.979492,0.068604,100,100,8,UNCALIBRATED_SENSOR_1,false,CALIBRATION_MISSING,CALIBRATION_MISSING,kx134_single_node_i2c.0.1.0,kx134.v3
kx134.v3,NODE_PROTOTYPE,1,KX134_SENSOR_1,sensor_node_1,D4:E9:F4:E9:8E:1C,56393,564409925,0,0,NA,0,-307,-3987,257,-0.074951,-0.973389,0.062744,100,100,8,UNCALIBRATED_SENSOR_1,false,CALIBRATION_MISSING,CALIBRATION_MISSING,kx134_single_node_i2c.0.1.0,kx134.v3
kx134.v3,NODE_PROTOTYPE,1,KX134_SENSOR_1,sensor_node_1,D4:E9:F4:E9:8E:1C,56394,564419924,0,0,NA,0,-322,-4001,250,-0.078613,-0.976807,0.061035,100,100,8,UNCALIBRATED_SENSOR_1,false,CALIBRATION_MISSING,CALIBRATION_MISSING,kx134_single_node_i2c.0.1.0,kx134.v3
kx134.v3,NODE_PROTOTYPE,1,KX134_SENSOR_1,sensor_node_1,D4:E9:F4:E9:8E:1C,56395,564429925,0,0,NA,0,-354,-3988,217,-0.086426,-0.973633,0.052979,100,100,8,UNCALIBRATED_SENSOR_1,false,CALIBRATION_MISSING,CALIBRATION_MISSING,kx134_single_node_i2c.0.1.0,kx134.v3
kx134.v3,NODE_PROTOTYPE,1,KX134_SENSOR_1,sensor_node_1,D4:E9:F4:E9:8E:1C,56396,564439925,0,0,NA,0,-395,-3955,176,-0.096436,-0.965576,0.042969,100,100,8,UNCALIBRATED_SENSOR_1,false,CALIBRATION_MISSING,CALIBRATION_MISSING,kx134_single_node_i2c.0.1.0,kx134.v3
kx134.v3,NODE_PROTOTYPE,1,KX134_SENSOR_1,sensor_node_1,D4:E9:F4:E9:8E:1C,56397,564449924,0,0,NA,0,-388,-3956,183,-0.094727,-0.965820,0.044678,100,100,8,UNCALIBRATED_SENSOR_1,false,CALIBRATION_MISSING,CALIBRATION_MISSING,kx134_single_node_i2c.0.1.0,kx134.v3
kx134.v3,NODE_PROTOTYPE,1,KX134_SENSOR_1,sensor_node_1,D4:E9:F4:E9:8E:1C,56398,564459924,0,0,NA,0,-359,-3984,204,-0.087646,-0.972656,0.049805,100,100,8,UNCALIBRATED_SENSOR_1,false,CALIBRATION_MISSING,CALIBRATION_MISSING,kx134_single_node_i2c.0.1.0,kx134.v3
kx134.v3,NODE_PROTOTYPE,1,KX134_SENSOR_1,sensor_node_1,D4:E9:F4:E9:8E:1C,56399,564469925,0,0,NA,0,-347,-3996,244,-0.084717,-0.975586,0.059570,100,100,8,UNCALIBRATED_SENSOR_1,false,CALIBRATION_MISSING,CALIBRATION_MISSING,kx134_single_node_i2c.0.1.0,kx134.v3
kx134.v3,NODE_PROTOTYPE,1,KX134_SENSOR_1,sensor_node_1,D4:E9:F4:E9:8E:1C,56400,564479925,0,0,NA,0,-350,-4005,263,-0.085449,-0.977783,0.064209,100,100,8,UNCALIBRATED_SENSOR_1,false,CALIBRATION_MISSING,CALIBRATION_MISSING,kx134_single_node_i2c.0.1.0,kx134.v3
kx134.v3,NODE_PROTOTYPE,1,KX134_SENSOR_1,sensor_node_1,D4:E9:F4:E9:8E:1C,56401,564489925,0,0,NA,0,-346,-4017,222,-0.084473,-0.980713,0.054199,100,100,8,UNCALIBRATED_SENSOR_1,false,CALIBRATION_MISSING,CALIBRATION_MISSING,kx134_single_node_i2c.0.1.0,kx134.v3
kx134.v3,NODE_PROTOTYPE,1,KX134_SENSOR_1,sensor_node_1,D4:E9:F4:E9:8E:1C,56402,564499925,0,0,NA,0,-336,-4026,206,-0.082031,-0.982910,0.050293,100,100,8,UNCALIBRATED_SENSOR_1,false,CALIBRATION_MISSING,CALIBRATION_MISSING,kx134_single_node_i2c.0.1.0,kx134.v3
kx134.v3,NODE_PROTOTYPE,1,KX134_SENSOR_1,sensor_node_1,D4:E9:F4:E9:8E:1C,56403,564509925,0,0,NA,0,-326,-4017,232,-0.079590,-0.980713,0.056641,100,100,8,UNCALIBRATED_SENSOR_1,false,CALIBRATION_MISSING,CALIBRATION_MISSING,kx134_single_node_i2c.0.1.0,kx134.v3
kx134.v3,NODE_PROTOTYPE,1,KX134_SENSOR_1,sensor_node_1,D4:E9:F4:E9:8E:1C,56404,564519925,0,0,NA,0,-326,-3995,227,-0.079590,-0.975342,0.055420,100,100,8,UNCALIBRATED_SENSOR_1,false,CALIBRATION_MISSING,CALIBRATION_MISSING,kx134_single_node_i2c.0.1.0,kx134.v3
kx134.v3,NODE_PROTOTYPE,1,KX134_SENSOR_1,sensor_node_1,D4:E9:F4:E9:8E:1C,56405,564529924,0,0,NA,0,-297,-4019,239,-0.072510,-0.981201,0.058350,100,100,8,UNCALIBRATED_SENSOR_1,false,CALIBRATION_MISSING,CALIBRATION_MISSING,kx134_single_node_i2c.0.1.0,kx134.v3
kx134.v3,NODE_PROTOTYPE,1,KX134_SENSOR_1,sensor_node_1,D4:E9:F4:E9:8E:1C,56406,564539925,0,0,NA,0,-294,-4010,267,-0.071777,-0.979004,0.065186,100,100,8,UNCALIBRATED_SENSOR_1,false,CALIBRATION_MISSING,CALIBRATION_MISSING,kx134_single_node_i2c.0.1.0,kx134.v3
kx134.v3,NODE_PROTOTYPE,1,KX134_SENSOR_1,sensor_node_1,D4:E9:F4:E9:8E:1C,56407,564549924,0,0,NA,0,-309,-4004,249,-0.075439,-0.977539,0.060791,100,100,8,UNCALIBRATED_SENSOR_1,false,CALIBRATION_MISSING,CALIBRATION_MISSING,kx134_single_node_i2c.0.1.0,kx134.v3
kx134.v3,NODE_PROTOTYPE,1,KX134_SENSOR_1,sensor_node_1,D4:E9:F4:E9:8E:1C,56408,564559924,0,0,NA,0,-304,-3996,234,-0.074219,-0.975586,0.057129,100,100,8,UNCALIBRATED_SENSOR_1,false,CALIBRATION_MISSING,CALIBRATION_MISSING,kx134_single_node_i2c.0.1.0,kx134.v3
kx134.v3,NODE_PROTOTYPE,1,KX134_SENSOR_1,sensor_node_1,D4:E9:F4:E9:8E:1C,56409,564569924,0,0,NA,0,-321,-3944,254,-0.078369,-0.962891,0.062012,100,100,8,UNCALIBRATED_SENSOR_1,false,CALIBRATION_MISSING,CALIBRATION_MISSING,kx134_single_node_i2c.0.1.0,kx134.v3
kx134.v3,NODE_PROTOTYPE,1,KX134_SENSOR_1,sensor_node_1,D4:E9:F4:E9:8E:1C,56410,564579924,0,0,NA,0,-346,-3944,268,-0.084473,-0.962891,0.065430,100,100,8,UNCALIBRATED_SENSOR_1,false,CALIBRATION_MISSING,CALIBRATION_MISSING,kx134_single_node_i2c.0.1.0,kx134.v3
kx134.v3,NODE_PROTOTYPE,1,KX134_SENSOR_1,sensor_node_1,D4:E9:F4:E9:8E:1C,56411,564589924,0,0,NA,0,-360,-3965,275,-0.087891,-0.968018,0.067139,100,100,8,UNCALIBRATED_SENSOR_1,false,CALIBRATION_MISSING,CALIBRATION_MISSING,kx134_single_node_i2c.0.1.0,kx134.v3
kx134.v3,NODE_PROTOTYPE,1,KX134_SENSOR_1,sensor_node_1,D4:E9:F4:E9:8E:1C,56412,564599925,0,0,NA,0,-349,-3979,272,-0.085205,-0.971436,0.066406,100,100,8,UNCALIBRATED_SENSOR_1,false,CALIBRATION_MISSING,CALIBRATION_MISSING,kx134_single_node_i2c.0.1.0,kx134.v3
kx134.v3,NODE_PROTOTYPE,1,KX134_SENSOR_1,sensor_node_1,D4:E9:F4:E9:8E:1C,56413,564609924,0,0,NA,0,-332,-3993,243,-0.081055,-0.974854,0.059326,100,100,8,UNCALIBRATED_SENSOR_1,false,CALIBRATION_MISSING,CALIBRATION_MISSING,kx134_single_node_i2c.0.1.0,kx134.v3
kx134.v3,NODE_PROTOTYPE,1,KX134_SENSOR_1,sensor_node_1,D4:E9:F4:E9:8E:1C,56414,564619924,0,0,NA,0,-331,-3980,230,-0.080811,-0.971680,0.056152,100,100,8,UNCALIBRATED_SENSOR_1,false,CALIBRATION_MISSING,CALIBRATION_MISSING,kx134_single_node_i2c.0.1.0,kx134.v3
kx134.v3,NODE_PROTOTYPE,1,KX134_SENSOR_1,sensor_node_1,D4:E9:F4:E9:8E:1C,56415,564629924,0,0,NA,0,-324,-3973,228,-0.079102,-0.969971,0.055664,100,100,8,UNCALIBRATED_SENSOR_1,false,CALIBRATION_MISSING,CALIBRATION_MISSING,kx134_single_node_i2c.0.1.0,kx134.v3
kx134.v3,NODE_PROTOTYPE,1,KX134_SENSOR_1,sensor_node_1,D4:E9:F4:E9:8E:1C,56416,564639924,0,0,NA,0,-330,-3992,199,-0.080566,-0.974609,0.048584,100,100,8,UNCALIBRATED_SENSOR_1,false,CALIBRATION_MISSING,CALIBRATION_MISSING,kx134_single_node_i2c.0.1.0,kx134.v3
kx134.v3,NODE_PROTOTYPE,1,KX134_SENSOR_1,sensor_node_1,D4:E9:F4:E9:8E:1C,56417,564649924,0,0,NA,0,-353,-4024,201,-0.086182,-0.982422,0.049072,100,100,8,UNCALIBRATED_SENSOR_1,false,CALIBRATION_MISSING,CALIBRATION_MISSING,kx134_single_node_i2c.0.1.0,kx134.v3
kx134.v3,NODE_PROTOTYPE,1,KX134_SENSOR_1,sensor_node_1,D4:E9:F4:E9:8E:1C,56418,564659925,0,0,NA,0,-346,-4019,210,-0.084473,-0.981201,0.051270,100,100,8,UNCALIBRATED_SENSOR_1,false,CALIBRATION_MISSING,CALIBRATION_MISSING,kx134_single_node_i2c.0.1.0,kx134.v3
kx134.v3,NODE_PROTOTYPE,1,KX134_SENSOR_1,sensor_node_1,D4:E9:F4:E9:8E:1C,56419,564669924,0,0,NA,0,-334,-4011,178,-0.081543,-0.979248,0.043457,100,100,8,UNCALIBRATED_SENSOR_1,false,CALIBRATION_MISSING,CALIBRATION_MISSING,kx134_single_node_i2c.0.1.0,kx134.v3
kx134.v3,NODE_PROTOTYPE,1,KX134_SENSOR_1,sensor_node_1,D4:E9:F4:E9:8E:1C,56420,564679924,0,0,NA,0,-333,-4028,181,-0.081299,-0.983398,0.044189,100,100,8,UNCALIBRATED_SENSOR_1,false,CALIBRATION_MISSING,CALIBRATION_MISSING,kx134_single_node_i2c.0.1.0,kx134.v3
kx134.v3,NODE_PROTOTYPE,1,KX134_SENSOR_1,sensor_node_1,D4:E9:F4:E9:8E:1C,56421,564689925,0,0,NA,0,-332,-4016,218,-0.081055,-0.980469,0.053223,100,100,8,UNCALIBRATED_SENSOR_1,false,CALIBRATION_MISSING,CALIBRATION_MISSING,kx134_single_node_i2c.0.1.0,kx134.v3
kx134.v3,NODE_PROTOTYPE,1,KX134_SENSOR_1,sensor_node_1,D4:E9:F4:E9:8E:1C,56422,564699925,0,0,NA,0,-340,-4023,250,-0.083008,-0.982178,0.061035,100,100,8,UNCALIBRATED_SENSOR_1,false,CALIBRATION_MISSING,CALIBRATION_MISSING,kx134_single_node_i2c.0.1.0,kx134.v3
kx134.v3,NODE_PROTOTYPE,1,KX134_SENSOR_1,sensor_node_1,D4:E9:F4:E9:8E:1C,56423,564709925,0,0,NA,0,-359,-4042,245,-0.087646,-0.986816,0.059814,100,100,8,UNCALIBRATED_SENSOR_1,false,CALIBRATION_MISSING,CALIBRATION_MISSING,kx134_single_node_i2c.0.1.0,kx134.v3
kx134.v3,NODE_PROTOTYPE,1,KX134_SENSOR_1,sensor_node_1,D4:E9:F4:E9:8E:1C,56424,564719924,0,0,NA,0,-371,-4020,224,-0.090576,-0.981445,0.054687,100,100,8,UNCALIBRATED_SENSOR_1,false,CALIBRATION_MISSING,CALIBRATION_MISSING,kx134_single_node_i2c.0.1.0,kx134.v3
kx134.v3,NODE_PROTOTYPE,1,KX134_SENSOR_1,sensor_node_1,D4:E9:F4:E9:8E:1C,56425,564729924,0,0,NA,0,-376,-4003,225,-0.091797,-0.977295,0.054932,100,100,8,UNCALIBRATED_SENSOR_1,false,CALIBRATION_MISSING,CALIBRATION_MISSING,kx134_single_node_i2c.0.1.0,kx134.v3
kx134.v3,NODE_PROTOTYPE,1,KX134_SENSOR_1,sensor_node_1,D4:E9:F4:E9:8E:1C,56426,564739925,0,0,NA,0,-379,-4007,221,-0.092529,-0.978271,0.053955,100,100,8,UNCALIBRATED_SENSOR_1,false,CALIBRATION_MISSING,CALIBRATION_MISSING,kx134_single_node_i2c.0.1.0,kx134.v3
kx134.v3,NODE_PROTOTYPE,1,KX134_SENSOR_1,sensor_node_1,D4:E9:F4:E9:8E:1C,56427,564749925,0,0,NA,0,-368,-4008,239,-0.089844,-0.978516,0.058350,100,100,8,UNCALIBRATED_SENSOR_1,false,CALIBRATION_MISSING,CALIBRATION_MISSING,kx134_single_node_i2c.0.1.0,kx134.v3
kx134.v3,NODE_PROTOTYPE,1,KX134_SENSOR_1,sensor_node_1,D4:E9:F4:E9:8E:1C,56428,564759925,0,0,NA,0,-396,-3999,255,-0.096680,-0.976318,0.062256,100,100,8,UNCALIBRATED_SENSOR_1,false,CALIBRATION_MISSING,CALIBRATION_MISSING,kx134_single_node_i2c.0.1.0,kx134.v3
kx134.v3,NODE_PROTOTYPE,1,KX134_SENSOR_1,sensor_node_1,D4:E9:F4:E9:8E:1C,56429,564769925,0,0,NA,0,-387,-3960,247,-0.094482,-0.966797,0.060303,100,100,8,UNCALIBRATED_SENSOR_1,false,CALIBRATION_MISSING,CALIBRATION_MISSING,kx134_single_node_i2c.0.1.0,kx134.v3
kx134.v3,NODE_PROTOTYPE,1,KX134_SENSOR_1,sensor_node_1,D4:E9:F4:E9:8E:1C,56430,564779925,0,0,NA,0,-349,-3938,234,-0.085205,-0.961426,0.057129,100,100,8,UNCALIBRATED_SENSOR_1,false,CALIBRATION_MISSING,CALIBRATION_MISSING,kx134_single_node_i2c.0.1.0,kx134.v3
kx134.v3,NODE_PROTOTYPE,1,KX134_SENSOR_1,sensor_node_1,D4:E9:F4:E9:8E:1C,56431,564789925,0,0,NA,0,-359,-3921,208,-0.087646,-0.957275,0.050781,100,100,8,UNCALIBRATED_SENSOR_1,false,CALIBRATION_MISSING,CALIBRATION_MISSING,kx134_single_node_i2c.0.1.0,kx134.v3
kx134.v3,NODE_PROTOTYPE,1,KX134_SENSOR_1,sensor_node_1,D4:E9:F4:E9:8E:1C,56432,564799925,0,0,NA,0,-373,-3945,204,-0.091064,-0.963135,0.049805,100,100,8,UNCALIBRATED_SENSOR_1,false,CALIBRATION_MISSING,CALIBRATION_MISSING,kx134_single_node_i2c.0.1.0,kx134.v3
kx134.v3,NODE_PROTOTYPE,1,KX134_SENSOR_1,sensor_node_1,D4:E9:F4:E9:8E:1C,56433,564809924,0,0,NA,0,-380,-4001,211,-0.092773,-0.976807,0.051514,100,100,8,UNCALIBRATED_SENSOR_1,false,CALIBRATION_MISSING,CALIBRATION_MISSING,kx134_single_node_i2c.0.1.0,kx134.v3
kx134.v3,NODE_PROTOTYPE,1,KX134_SENSOR_1,sensor_node_1,D4:E9:F4:E9:8E:1C,56434,564819924,0,0,NA,0,-360,-4011,211,-0.087891,-0.979248,0.051514,100,100,8,UNCALIBRATED_SENSOR_1,false,CALIBRATION_MISSING,CALIBRATION_MISSING,kx134_single_node_i2c.0.1.0,kx134.v3
kx134.v3,NODE_PROTOTYPE,1,KX134_SENSOR_1,sensor_node_1,D4:E9:F4:E9:8E:1C,56435,564829925,0,0,NA,0,-367,-3968,213,-0.089600,-0.968750,0.052002,100,100,8,UNCALIBRATED_SENSOR_1,false,CALIBRATION_MISSING,CALIBRATION_MISSING,kx134_single_node_i2c.0.1.0,kx134.v3
kx134.v3,NODE_PROTOTYPE,1,KX134_SENSOR_1,sensor_node_1,D4:E9:F4:E9:8E:1C,56436,564839924,0,0,NA,0,-401,-3949,205,-0.097900,-0.964111,0.050049,100,100,8,UNCALIBRATED_SENSOR_1,false,CALIBRATION_MISSING,CALIBRATION_MISSING,kx134_single_node_i2c.0.1.0,kx134.v3
kx134.v3,NODE_PROTOTYPE,1,KX134_SENSOR_1,sensor_node_1,D4:E9:F4:E9:8E:1C,56437,564849925,0,0,NA,0,-414,-3982,219,-0.101074,-0.972168,0.053467,100,100,8,UNCALIBRATED_SENSOR_1,false,CALIBRATION_MISSING,CALIBRATION_MISSING,kx134_single_node_i2c.0.1.0,kx134.v3
kx134.v3,NODE_PROTOTYPE,1,KX134_SENSOR_1,sensor_node_1,D4:E9:F4:E9:8E:1C,56438,564859925,0,0,NA,0,-400,-3997,242,-0.097656,-0.975830,0.059082,100,100,8,UNCALIBRATED_SENSOR_1,false,CALIBRATION_MISSING,CALIBRATION_MISSING,kx134_single_node_i2c.0.1.0,kx134.v3
kx134.v3,NODE_PROTOTYPE,1,KX134_SENSOR_1,sensor_node_1,D4:E9:F4:E9:8E:1C,56439,564869924,0,0,NA,0,-366,-4002,253,-0.089355,-0.977051,0.061768,100,100,8,UNCALIBRATED_SENSOR_1,false,CALIBRATION_MISSING,CALIBRATION_MISSING,kx134_single_node_i2c.0.1.0,kx134.v3
kx134.v3,NODE_PROTOTYPE,1,KX134_SENSOR_1,sensor_node_1,D4:E9:F4:E9:8E:1C,56440,564879924,0,0,NA,0,-360,-4011,252,-0.087891,-0.979248,0.061523,100,100,8,UNCALIBRATED_SENSOR_1,false,CALIBRATION_MISSING,CALIBRATION_MISSING,kx134_single_node_i2c.0.1.0,kx134.v3
kx134.v3,NODE_PROTOTYPE,1,KX134_SENSOR_1,sensor_node_1,D4:E9:F4:E9:8E:1C,56441,564889925,0,0,NA,0,-367,-4023,229,-0.089600,-0.982178,0.055908,100,100,8,UNCALIBRATED_SENSOR_1,false,CALIBRATION_MISSING,CALIBRATION_MISSING,kx134_single_node_i2c.0.1.0,kx134.v3
kx134.v3,NODE_PROTOTYPE,1,KX134_SENSOR_1,sensor_node_1,D4:E9:F4:E9:8E:1C,56442,564899925,0,0,NA,0,-344,-4011,216,-0.083984,-0.979248,0.052734,100,100,8,UNCALIBRATED_SENSOR_1,false,CALIBRATION_MISSING,CALIBRATION_MISSING,kx134_single_node_i2c.0.1.0,kx134.v3
kx134.v3,NODE_PROTOTYPE,1,KX134_SENSOR_1,sensor_node_1,D4:E9:F4:E9:8E:1C,56443,564909924,0,0,NA,0,-340,-4009,217,-0.083008,-0.978760,0.052979,100,100,8,UNCALIBRATED_SENSOR_1,false,CALIBRATION_MISSING,CALIBRATION_MISSING,kx134_single_node_i2c.0.1.0,kx134.v3
kx134.v3,NODE_PROTOTYPE,1,KX134_SENSOR_1,sensor_node_1,D4:E9:F4:E9:8E:1C,56444,564919925,0,0,NA,0,-353,-4025,228,-0.086182,-0.982666,0.055664,100,100,8,UNCALIBRATED_SENSOR_1,false,CALIBRATION_MISSING,CALIBRATION_MISSING,kx134_single_node_i2c.0.1.0,kx134.v3
kx134.v3,NODE_PROTOTYPE,1,KX134_SENSOR_1,sensor_node_1,D4:E9:F4:E9:8E:1C,56445,564929925,0,0,NA,0,-365,-4006,249,-0.089111,-0.978027,0.060791,100,100,8,UNCALIBRATED_SENSOR_1,false,CALIBRATION_MISSING,CALIBRATION_MISSING,kx134_single_node_i2c.0.1.0,kx134.v3
kx134.v3,NODE_PROTOTYPE,1,KX134_SENSOR_1,sensor_node_1,D4:E9:F4:E9:8E:1C,56446,564939924,0,0,NA,0,-349,-3990,256,-0.085205,-0.974121,0.062500,100,100,8,UNCALIBRATED_SENSOR_1,false,CALIBRATION_MISSING,CALIBRATION_MISSING,kx134_single_node_i2c.0.1.0,kx134.v3
kx134.v3,NODE_PROTOTYPE,1,KX134_SENSOR_1,sensor_node_1,D4:E9:F4:E9:8E:1C,56447,564949925,0,0,NA,0,-320,-4006,248,-0.078125,-0.978027,0.060547,100,100,8,UNCALIBRATED_SENSOR_1,false,CALIBRATION_MISSING,CALIBRATION_MISSING,kx134_single_node_i2c.0.1.0,kx134.v3
kx134.v3,NODE_PROTOTYPE,1,KX134_SENSOR_1,sensor_node_1,D4:E9:F4:E9:8E:1C,56448,564959924,0,0,NA,0,-330,-4026,243,-0.080566,-0.982910,0.059326,100,100,8,UNCALIBRATED_SENSOR_1,false,CALIBRATION_MISSING,CALIBRATION_MISSING,kx134_single_node_i2c.0.1.0,kx134.v3
kx134.v3,NODE_PROTOTYPE,1,KX134_SENSOR_1,sensor_node_1,D4:E9:F4:E9:8E:1C,56449,564969925,0,0,NA,0,-340,-4023,234,-0.083008,-0.982178,0.057129,100,100,8,UNCALIBRATED_SENSOR_1,false,CALIBRATION_MISSING,CALIBRATION_MISSING,kx134_single_node_i2c.0.1.0,kx134.v3
kx134.v3,NODE_PROTOTYPE,1,KX134_SENSOR_1,sensor_node_1,D4:E9:F4:E9:8E:1C,56450,564979925,0,0,NA,0,-352,-4000,210,-0.085937,-0.976562,0.051270,100,100,8,UNCALIBRATED_SENSOR_1,false,CALIBRATION_MISSING,CALIBRATION_MISSING,kx134_single_node_i2c.0.1.0,kx134.v3
kx134.v3,NODE_PROTOTYPE,1,KX134_SENSOR_1,sensor_node_1,D4:E9:F4:E9:8E:1C,56451,564989925,0,0,NA,0,-360,-3968,219,-0.087891,-0.968750,0.053467,100,100,8,UNCALIBRATED_SENSOR_1,false,CALIBRATION_MISSING,CALIBRATION_MISSING,kx134_single_node_i2c.0.1.0,kx134.v3
kx134.v3,NODE_PROTOTYPE,1,KX134_SENSOR_1,sensor_node_1,D4:E9:F4:E9:8E:1C,56452,564999925,0,0,NA,0,-336,-3943,257,-0.082031,-0.962646,0.062744,100,100,8,UNCALIBRATED_SENSOR_1,false,CALIBRATION_MISSING,CALIBRATION_MISSING,kx134_single_node_i2c.0.1.0,kx134.v3
kx134.v3,NODE_PROTOTYPE,1,KX134_SENSOR_1,sensor_node_1,D4:E9:F4:E9:8E:1C,56453,565009925,0,0,NA,0,-321,-3945,259,-0.078369,-0.963135,0.063232,100,100,8,UNCALIBRATED_SENSOR_1,false,CALIBRATION_MISSING,CALIBRATION_MISSING,kx134_single_node_i2c.0.1.0,kx134.v3
kx134.v3,NODE_PROTOTYPE,1,KX134_SENSOR_1,sensor_node_1,D4:E9:F4:E9:8E:1C,56454,565019924,0,0,NA,0,-298,-3946,240,-0.072754,-0.963379,0.058594,100,100,8,UNCALIBRATED_SENSOR_1,false,CALIBRATION_MISSING,CALIBRATION_MISSING,kx134_single_node_i2c.0.1.0,kx134.v3
kx134.v3,NODE_PROTOTYPE,1,KX134_SENSOR_1,sensor_node_1,D4:E9:F4:E9:8E:1C,56455,565029925,0,0,NA,0,-302,-3946,219,-0.073730,-0.963379,0.053467,100,100,8,UNCALIBRATED_SENSOR_1,false,CALIBRATION_MISSING,CALIBRATION_MISSING,kx134_single_node_i2c.0.1.0,kx134.v3
kx134.v3,NODE_PROTOTYPE,1,KX134_SENSOR_1,sensor_node_1,D4:E9:F4:E9:8E:1C,56456,565039925,0,0,NA,0,-318,-3996,248,-0.077637,-0.975586,0.060547,100,100,8,UNCALIBRATED_SENSOR_1,false,CALIBRATION_MISSING,CALIBRATION_MISSING,kx134_single_node_i2c.0.1.0,kx134.v3
kx134.v3,NODE_PROTOTYPE,1,KX134_SENSOR_1,sensor_node_1,D4:E9:F4:E9:8E:1C,56457,565049924,0,0,NA,0,-319,-4025,274,-0.077881,-0.982666,0.066895,100,100,8,UNCALIBRATED_SENSOR_1,false,CALIBRATION_MISSING,CALIBRATION_MISSING,kx134_single_node_i2c.0.1.0,kx134.v3
kx134.v3,NODE_PROTOTYPE,1,KX134_SENSOR_1,sensor_node_1,D4:E9:F4:E9:8E:1C,56458,565059924,0,0,NA,0,-320,-4008,251,-0.078125,-0.978516,0.061279,100,100,8,UNCALIBRATED_SENSOR_1,false,CALIBRATION_MISSING,CALIBRATION_MISSING,kx134_single_node_i2c.0.1.0,kx134.v3
kx134.v3,NODE_PROTOTYPE,1,KX134_SENSOR_1,sensor_node_1,D4:E9:F4:E9:8E:1C,56459,565069925,0,0,NA,0,-315,-4001,223,-0.076904,-0.976807,0.054443,100,100,8,UNCALIBRATED_SENSOR_1,false,CALIBRATION_MISSING,CALIBRATION_MISSING,kx134_single_node_i2c.0.1.0,kx134.v3
kx134.v3,NODE_PROTOTYPE,1,KX134_SENSOR_1,sensor_node_1,D4:E9:F4:E9:8E:1C,56460,565079925,0,0,NA,0,-355,-3968,181,-0.086670,-0.968750,0.044189,100,100,8,UNCALIBRATED_SENSOR_1,false,CALIBRATION_MISSING,CALIBRATION_MISSING,kx134_single_node_i2c.0.1.0,kx134.v3
kx134.v3,NODE_PROTOTYPE,1,KX134_SENSOR_1,sensor_node_1,D4:E9:F4:E9:8E:1C,56461,565089925,0,0,NA,0,-358,-3957,181,-0.087402,-0.966064,0.044189,100,100,8,UNCALIBRATED_SENSOR_1,false,CALIBRATION_MISSING,CALIBRATION_MISSING,kx134_single_node_i2c.0.1.0,kx134.v3
kx134.v3,NODE_PROTOTYPE,1,KX134_SENSOR_1,sensor_node_1,D4:E9:F4:E9:8E:1C,56462,565099925,0,0,NA,0,-342,-3987,224,-0.083496,-0.973389,0.054687,100,100,8,UNCALIBRATED_SENSOR_1,false,CALIBRATION_MISSING,CALIBRATION_MISSING,kx134_single_node_i2c.0.1.0,kx134.v3
kx134.v3,NODE_PROTOTYPE,1,KX134_SENSOR_1,sensor_node_1,D4:E9:F4:E9:8E:1C,56463,565109924,0,0,NA,0,-351,-3989,246,-0.085693,-0.973877,0.060059,100,100,8,UNCALIBRATED_SENSOR_1,false,CALIBRATION_MISSING,CALIBRATION_MISSING,kx134_single_node_i2c.0.1.0,kx134.v3
kx134.v3,NODE_PROTOTYPE,1,KX134_SENSOR_1,sensor_node_1,D4:E9:F4:E9:8E:1C,56464,565119924,0,0,NA,0,-367,-3987,240,-0.089600,-0.973389,0.058594,100,100,8,UNCALIBRATED_SENSOR_1,false,CALIBRATION_MISSING,CALIBRATION_MISSING,kx134_single_node_i2c.0.1.0,kx134.v3
kx134.v3,NODE_PROTOTYPE,1,KX134_SENSOR_1,sensor_node_1,D4:E9:F4:E9:8E:1C,56465,565129924,0,0,NA,0,-336,-3997,278,-0.082031,-0.975830,0.067871,100,100,8,UNCALIBRATED_SENSOR_1,false,CALIBRATION_MISSING,CALIBRATION_MISSING,kx134_single_node_i2c.0.1.0,kx134.v3
kx134.v3,NODE_PROTOTYPE,1,KX134_SENSOR_1,sensor_node_1,D4:E9:F4:E9:8E:1C,56466,565139924,0,0,NA,0,-306,-3931,275,-0.074707,-0.959717,0.067139,100,100,8,UNCALIBRATED_SENSOR_1,false,CALIBRATION_MISSING,CALIBRATION_MISSING,kx134_single_node_i2c.0.1.0,kx134.v3
kx134.v3,NODE_PROTOTYPE,1,KX134_SENSOR_1,sensor_node_1,D4:E9:F4:E9:8E:1C,56467,565149924,0,0,NA,0,-267,-3910,306,-0.065186,-0.954590,0.074707,100,100,8,UNCALIBRATED_SENSOR_1,false,CALIBRATION_MISSING,CALIBRATION_MISSING,kx134_single_node_i2c.0.1.0,kx134.v3
kx134.v3,NODE_PROTOTYPE,1,KX134_SENSOR_1,sensor_node_1,D4:E9:F4:E9:8E:1C,56468,565159925,0,0,NA,0,-232,-3919,327,-0.056641,-0.956787,0.079834,100,100,8,UNCALIBRATED_SENSOR_1,false,CALIBRATION_MISSING,CALIBRATION_MISSING,kx134_single_node_i2c.0.1.0,kx134.v3
kx134.v3,NODE_PROTOTYPE,1,KX134_SENSOR_1,sensor_node_1,D4:E9:F4:E9:8E:1C,56469,565169924,0,0,NA,0,-232,-3919,327,-0.056641,-0.956787,0.079834,100,100,8,UNCALIBRATED_SENSOR_1,false,CALIBRATION_MISSING,CALIBRATION_MISSING,kx134_single_node_i2c.0.1.0,kx134.v3
kx134.v3,NODE_PROTOTYPE,1,KX134_SENSOR_1,sensor_node_1,D4:E9:F4:E9:8E:1C,56470,565179925,0,0,NA,0,-197,-4057,231,-0.048096,-0.990479,0.056396,100,100,8,UNCALIBRATED_SENSOR_1,false,CALIBRATION_MISSING,CALIBRATION_MISSING,kx134_single_node_i2c.0.1.0,kx134.v3
kx134.v3,NODE_PROTOTYPE,1,KX134_SENSOR_1,sensor_node_1,D4:E9:F4:E9:8E:1C,56471,565189925,0,0,NA,0,-173,-4093,243,-0.042236,-0.999268,0.059326,100,100,8,UNCALIBRATED_SENSOR_1,false,CALIBRATION_MISSING,CALIBRATION_MISSING,kx134_single_node_i2c.0.1.0,kx134.v3
kx134.v3,NODE_PROTOTYPE,1,KX134_SENSOR_1,sensor_node_1,D4:E9:F4:E9:8E:1C,56472,565199925,0,0,NA,0,-409,-3914,307,-0.099854,-0.955566,0.074951,100,100,8,UNCALIBRATED_SENSOR_1,false,CALIBRATION_MISSING,CALIBRATION_MISSING,kx134_single_node_i2c.0.1.0,kx134.v3
kx134.v3,NODE_PROTOTYPE,1,KX134_SENSOR_1,sensor_node_1,D4:E9:F4:E9:8E:1C,56473,565209925,0,0,NA,0,-486,-3907,283,-0.118652,-0.953857,0.069092,100,100,8,UNCALIBRATED_SENSOR_1,false,CALIBRATION_MISSING,CALIBRATION_MISSING,kx134_single_node_i2c.0.1.0,kx134.v3
kx134.v3,NODE_PROTOTYPE,1,KX134_SENSOR_1,sensor_node_1,D4:E9:F4:E9:8E:1C,56474,565219924,0,0,NA,0,-397,-3910,177,-0.096924,-0.954590,0.043213,100,100,8,UNCALIBRATED_SENSOR_1,false,CALIBRATION_MISSING,CALIBRATION_MISSING,kx134_single_node_i2c.0.1.0,kx134.v3
kx134.v3,NODE_PROTOTYPE,1,KX134_SENSOR_1,sensor_node_1,D4:E9:F4:E9:8E:1C,56475,565229925,0,0,NA,0,-468,-3932,152,-0.114258,-0.959961,0.037109,100,100,8,UNCALIBRATED_SENSOR_1,false,CALIBRATION_MISSING,CALIBRATION_MISSING,kx134_single_node_i2c.0.1.0,kx134.v3
kx134.v3,NODE_PROTOTYPE,1,KX134_SENSOR_1,sensor_node_1,D4:E9:F4:E9:8E:1C,56476,565239925,0,0,NA,0,-510,-3974,189,-0.124512,-0.970215,0.046143,100,100,8,UNCALIBRATED_SENSOR_1,false,CALIBRATION_MISSING,CALIBRATION_MISSING,kx134_single_node_i2c.0.1.0,kx134.v3
kx134.v3,NODE_PROTOTYPE,1,KX134_SENSOR_1,sensor_node_1,D4:E9:F4:E9:8E:1C,56477,565249925,0,0,NA,0,-471,-3977,192,-0.114990,-0.970947,0.046875,100,100,8,UNCALIBRATED_SENSOR_1,false,CALIBRATION_MISSING,CALIBRATION_MISSING,kx134_single_node_i2c.0.1.0,kx134.v3
kx134.v3,NODE_PROTOTYPE,1,KX134_SENSOR_1,sensor_node_1,D4:E9:F4:E9:8E:1C,56478,565259925,0,0,NA,0,-407,-3989,213,-0.099365,-0.973877,0.052002,100,100,8,UNCALIBRATED_SENSOR_1,false,CALIBRATION_MISSING,CALIBRATION_MISSING,kx134_single_node_i2c.0.1.0,kx134.v3
kx134.v3,NODE_PROTOTYPE,1,KX134_SENSOR_1,sensor_node_1,D4:E9:F4:E9:8E:1C,56479,565269924,0,0,NA,0,-381,-3975,212,-0.093018,-0.970459,0.051758,100,100,8,UNCALIBRATED_SENSOR_1,false,CALIBRATION_MISSING,CALIBRATION_MISSING,kx134_single_node_i2c.0.1.0,kx134.v3
kx134.v3,NODE_PROTOTYPE,1,KX134_SENSOR_1,sensor_node_1,D4:E9:F4:E9:8E:1C,56480,565279925,0,0,NA,0,-363,-3969,203,-0.088623,-0.968994,0.049561,100,100,8,UNCALIBRATED_SENSOR_1,false,CALIBRATION_MISSING,CALIBRATION_MISSING,kx134_single_node_i2c.0.1.0,kx134.v3
kx134.v3,NODE_PROTOTYPE,1,KX134_SENSOR_1,sensor_node_1,D4:E9:F4:E9:8E:1C,56481,565289924,0,0,NA,0,-385,-3948,185,-0.093994,-0.963867,0.045166,100,100,8,UNCALIBRATED_SENSOR_1,false,CALIBRATION_MISSING,CALIBRATION_MISSING,kx134_single_node_i2c.0.1.0,kx134.v3
kx134.v3,NODE_PROTOTYPE,1,KX134_SENSOR_1,sensor_node_1,D4:E9:F4:E9:8E:1C,56482,565299925,0,0,NA,0,-396,-3948,175,-0.096680,-0.963867,0.042725,100,100,8,UNCALIBRATED_SENSOR_1,false,CALIBRATION_MISSING,CALIBRATION_MISSING,kx134_single_node_i2c.0.1.0,kx134.v3
kx134.v3,NODE_PROTOTYPE,1,KX134_SENSOR_1,sensor_node_1,D4:E9:F4:E9:8E:1C,56483,565309925,0,0,NA,0,-369,-3973,199,-0.090088,-0.969971,0.048584,100,100,8,UNCALIBRATED_SENSOR_1,false,CALIBRATION_MISSING,CALIBRATION_MISSING,kx134_single_node_i2c.0.1.0,kx134.v3
kx134.v3,NODE_PROTOTYPE,1,KX134_SENSOR_1,sensor_node_1,D4:E9:F4:E9:8E:1C,56484,565319924,0,0,NA,0,-373,-3975,236,-0.091064,-0.970459,0.057617,100,100,8,UNCALIBRATED_SENSOR_1,false,CALIBRATION_MISSING,CALIBRATION_MISSING,kx134_single_node_i2c.0.1.0,kx134.v3
kx134.v3,NODE_PROTOTYPE,1,KX134_SENSOR_1,sensor_node_1,D4:E9:F4:E9:8E:1C,56485,565329924,0,0,NA,0,-410,-3944,237,-0.100098,-0.962891,0.057861,100,100,8,UNCALIBRATED_SENSOR_1,false,CALIBRATION_MISSING,CALIBRATION_MISSING,kx134_single_node_i2c.0.1.0,kx134.v3
kx134.v3,NODE_PROTOTYPE,1,KX134_SENSOR_1,sensor_node_1,D4:E9:F4:E9:8E:1C,56486,565339924,0,0,NA,0,-403,-3951,204,-0.098389,-0.964600,0.049805,100,100,8,UNCALIBRATED_SENSOR_1,false,CALIBRATION_MISSING,CALIBRATION_MISSING,kx134_single_node_i2c.0.1.0,kx134.v3
kx134.v3,NODE_PROTOTYPE,1,KX134_SENSOR_1,sensor_node_1,D4:E9:F4:E9:8E:1C,56487,565349925,0,0,NA,0,-369,-3991,185,-0.090088,-0.974365,0.045166,100,100,8,UNCALIBRATED_SENSOR_1,false,CALIBRATION_MISSING,CALIBRATION_MISSING,kx134_single_node_i2c.0.1.0,kx134.v3
kx134.v3,NODE_PROTOTYPE,1,KX134_SENSOR_1,sensor_node_1,D4:E9:F4:E9:8E:1C,56488,565359925,0,0,NA,0,-366,-3992,174,-0.089355,-0.974609,0.042480,100,100,8,UNCALIBRATED_SENSOR_1,false,CALIBRATION_MISSING,CALIBRATION_MISSING,kx134_single_node_i2c.0.1.0,kx134.v3
kx134.v3,NODE_PROTOTYPE,1,KX134_SENSOR_1,sensor_node_1,D4:E9:F4:E9:8E:1C,56489,565369924,0,0,NA,0,-351,-3990,177,-0.085693,-0.974121,0.043213,100,100,8,UNCALIBRATED_SENSOR_1,false,CALIBRATION_MISSING,CALIBRATION_MISSING,kx134_single_node_i2c.0.1.0,kx134.v3
kx134.v3,NODE_PROTOTYPE,1,KX134_SENSOR_1,sensor_node_1,D4:E9:F4:E9:8E:1C,56490,565379925,0,0,NA,0,-357,-3988,244,-0.087158,-0.973633,0.059570,100,100,8,UNCALIBRATED_SENSOR_1,false,CALIBRATION_MISSING,CALIBRATION_MISSING,kx134_single_node_i2c.0.1.0,kx134.v3
kx134.v3,NODE_PROTOTYPE,1,KX134_SENSOR_1,sensor_node_1,D4:E9:F4:E9:8E:1C,56491,565389925,0,0,NA,0,-354,-3981,301,-0.086426,-0.971924,0.073486,100,100,8,UNCALIBRATED_SENSOR_1,false,CALIBRATION_MISSING,CALIBRATION_MISSING,kx134_single_node_i2c.0.1.0,kx134.v3
kx134.v3,NODE_PROTOTYPE,1,KX134_SENSOR_1,sensor_node_1,D4:E9:F4:E9:8E:1C,56492,565399924,0,0,NA,0,-339,-3974,288,-0.082764,-0.970215,0.070312,100,100,8,UNCALIBRATED_SENSOR_1,false,CALIBRATION_MISSING,CALIBRATION_MISSING,kx134_single_node_i2c.0.1.0,kx134.v3
kx134.v3,NODE_PROTOTYPE,1,KX134_SENSOR_1,sensor_node_1,D4:E9:F4:E9:8E:1C,56493,565409925,0,0,NA,0,-351,-3980,249,-0.085693,-0.971680,0.060791,100,100,8,UNCALIBRATED_SENSOR_1,false,CALIBRATION_MISSING,CALIBRATION_MISSING,kx134_single_node_i2c.0.1.0,kx134.v3
kx134.v3,NODE_PROTOTYPE,1,KX134_SENSOR_1,sensor_node_1,D4:E9:F4:E9:8E:1C,56494,565419924,0,0,NA,0,-343,-3980,226,-0.083740,-0.971680,0.055176,100,100,8,UNCALIBRATED_SENSOR_1,false,CALIBRATION_MISSING,CALIBRATION_MISSING,kx134_single_node_i2c.0.1.0,kx134.v3
kx134.v3,NODE_PROTOTYPE,1,KX134_SENSOR_1,sensor_node_1,D4:E9:F4:E9:8E:1C,56495,565429924,0,0,NA,0,-334,-3954,200,-0.081543,-0.965332,0.048828,100,100,8,UNCALIBRATED_SENSOR_1,false,CALIBRATION_MISSING,CALIBRATION_MISSING,kx134_single_node_i2c.0.1.0,kx134.v3
kx134.v3,NODE_PROTOTYPE,1,KX134_SENSOR_1,sensor_node_1,D4:E9:F4:E9:8E:1C,56496,565439925,0,0,NA,0,-349,-3956,187,-0.085205,-0.965820,0.045654,100,100,8,UNCALIBRATED_SENSOR_1,false,CALIBRATION_MISSING,CALIBRATION_MISSING,kx134_single_node_i2c.0.1.0,kx134.v3
kx134.v3,NODE_PROTOTYPE,1,KX134_SENSOR_1,sensor_node_1,D4:E9:F4:E9:8E:1C,56497,565449925,0,0,NA,0,-374,-3981,212,-0.091309,-0.971924,0.051758,100,100,8,UNCALIBRATED_SENSOR_1,false,CALIBRATION_MISSING,CALIBRATION_MISSING,kx134_single_node_i2c.0.1.0,kx134.v3
kx134.v3,NODE_PROTOTYPE,1,KX134_SENSOR_1,sensor_node_1,D4:E9:F4:E9:8E:1C,56498,565459925,0,0,NA,0,-375,-3979,232,-0.091553,-0.971436,0.056641,100,100,8,UNCALIBRATED_SENSOR_1,false,CALIBRATION_MISSING,CALIBRATION_MISSING,kx134_single_node_i2c.0.1.0,kx134.v3
kx134.v3,NODE_PROTOTYPE,1,KX134_SENSOR_1,sensor_node_1,D4:E9:F4:E9:8E:1C,56499,565469925,0,0,NA,0,-358,-3973,235,-0.087402,-0.969971,0.057373,100,100,8,UNCALIBRATED_SENSOR_1,false,CALIBRATION_MISSING,CALIBRATION_MISSING,kx134_single_node_i2c.0.1.0,kx134.v3
kx134.v3,NODE_PROTOTYPE,1,KX134_SENSOR_1,sensor_node_1,D4:E9:F4:E9:8E:1C,56500,565479925,0,0,NA,0,-375,-3972,210,-0.091553,-0.969727,0.051270,100,100,8,UNCALIBRATED_SENSOR_1,false,CALIBRATION_MISSING,CALIBRATION_MISSING,kx134_single_node_i2c.0.1.0,kx134.v3
kx134.v3,NODE_PROTOTYPE,1,KX134_SENSOR_1,sensor_node_1,D4:E9:F4:E9:8E:1C,56501,565489924,0,0,NA,0,-387,-3993,171,-0.094482,-0.974854,0.041748,100,100,8,UNCALIBRATED_SENSOR_1,false,CALIBRATION_MISSING,CALIBRATION_MISSING,kx134_single_node_i2c.0.1.0,kx134.v3
kx134.v3,NODE_PROTOTYPE,1,KX134_SENSOR_1,sensor_node_1,D4:E9:F4:E9:8E:1C,56502,565499925,0,0,NA,0,-354,-4006,170,-0.086426,-0.978027,0.041504,100,100,8,UNCALIBRATED_SENSOR_1,false,CALIBRATION_MISSING,CALIBRATION_MISSING,kx134_single_node_i2c.0.1.0,kx134.v3
kx134.v3,NODE_PROTOTYPE,1,KX134_SENSOR_1,sensor_node_1,D4:E9:F4:E9:8E:1C,56503,565509924,0,0,NA,0,-331,-3989,213,-0.080811,-0.973877,0.052002,100,100,8,UNCALIBRATED_SENSOR_1,false,CALIBRATION_MISSING,CALIBRATION_MISSING,kx134_single_node_i2c.0.1.0,kx134.v3
kx134.v3,NODE_PROTOTYPE,1,KX134_SENSOR_1,sensor_node_1,D4:E9:F4:E9:8E:1C,56504,565519924,0,0,NA,0,-347,-3989,219,-0.084717,-0.973877,0.053467,100,100,8,UNCALIBRATED_SENSOR_1,false,CALIBRATION_MISSING,CALIBRATION_MISSING,kx134_single_node_i2c.0.1.0,kx134.v3
kx134.v3,NODE_PROTOTYPE,1,KX134_SENSOR_1,sensor_node_1,D4:E9:F4:E9:8E:1C,56505,565529925,0,0,NA,0,-363,-3972,191,-0.088623,-0.969727,0.046631,100,100,8,UNCALIBRATED_SENSOR_1,false,CALIBRATION_MISSING,CALIBRATION_MISSING,kx134_single_node_i2c.0.1.0,kx134.v3
kx134.v3,NODE_PROTOTYPE,1,KX134_SENSOR_1,sensor_node_1,D4:E9:F4:E9:8E:1C,56506,565539925,0,0,NA,0,-344,-3943,186,-0.083984,-0.962646,0.045410,100,100,8,UNCALIBRATED_SENSOR_1,false,CALIBRATION_MISSING,CALIBRATION_MISSING,kx134_single_node_i2c.0.1.0,kx134.v3
kx134.v3,NODE_PROTOTYPE,1,KX134_SENSOR_1,sensor_node_1,D4:E9:F4:E9:8E:1C,56507,565549925,0,0,NA,0,-342,-3964,187,-0.083496,-0.967773,0.045654,100,100,8,UNCALIBRATED_SENSOR_1,false,CALIBRATION_MISSING,CALIBRATION_MISSING,kx134_single_node_i2c.0.1.0,kx134.v3
kx134.v3,NODE_PROTOTYPE,1,KX134_SENSOR_1,sensor_node_1,D4:E9:F4:E9:8E:1C,56508,565559925,0,0,NA,0,-339,-3982,202,-0.082764,-0.972168,0.049316,100,100,8,UNCALIBRATED_SENSOR_1,false,CALIBRATION_MISSING,CALIBRATION_MISSING,kx134_single_node_i2c.0.1.0,kx134.v3
kx134.v3,NODE_PROTOTYPE,1,KX134_SENSOR_1,sensor_node_1,D4:E9:F4:E9:8E:1C,56509,565569925,0,0,NA,0,-329,-4008,242,-0.080322,-0.978516,0.059082,100,100,8,UNCALIBRATED_SENSOR_1,false,CALIBRATION_MISSING,CALIBRATION_MISSING,kx134_single_node_i2c.0.1.0,kx134.v3
kx134.v3,NODE_PROTOTYPE,1,KX134_SENSOR_1,sensor_node_1,D4:E9:F4:E9:8E:1C,56510,565579925,0,0,NA,0,-324,-4034,263,-0.079102,-0.984863,0.064209,100,100,8,UNCALIBRATED_SENSOR_1,false,CALIBRATION_MISSING,CALIBRATION_MISSING,kx134_single_node_i2c.0.1.0,kx134.v3
kx134.v3,NODE_PROTOTYPE,1,KX134_SENSOR_1,sensor_node_1,D4:E9:F4:E9:8E:1C,56511,565589925,0,0,NA,0,-317,-4019,254,-0.077393,-0.981201,0.062012,100,100,8,UNCALIBRATED_SENSOR_1,false,CALIBRATION_MISSING,CALIBRATION_MISSING,kx134_single_node_i2c.0.1.0,kx134.v3
kx134.v3,NODE_PROTOTYPE,1,KX134_SENSOR_1,sensor_node_1,D4:E9:F4:E9:8E:1C,56512,565599925,0,0,NA,0,-336,-4015,243,-0.082031,-0.980225,0.059326,100,100,8,UNCALIBRATED_SENSOR_1,false,CALIBRATION_MISSING,CALIBRATION_MISSING,kx134_single_node_i2c.0.1.0,kx134.v3
kx134.v3,NODE_PROTOTYPE,1,KX134_SENSOR_1,sensor_node_1,D4:E9:F4:E9:8E:1C,56513,565609924,0,0,NA,0,-341,-3992,267,-0.083252,-0.974609,0.065186,100,100,8,UNCALIBRATED_SENSOR_1,false,CALIBRATION_MISSING,CALIBRATION_MISSING,kx134_single_node_i2c.0.1.0,kx134.v3
kx134.v3,NODE_PROTOTYPE,1,KX134_SENSOR_1,sensor_node_1,D4:E9:F4:E9:8E:1C,56514,565619924,0,0,NA,0,-369,-3922,262,-0.090088,-0.957520,0.063965,100,100,8,UNCALIBRATED_SENSOR_1,false,CALIBRATION_MISSING,CALIBRATION_MISSING,kx134_single_node_i2c.0.1.0,kx134.v3
kx134.v3,NODE_PROTOTYPE,1,KX134_SENSOR_1,sensor_node_1,D4:E9:F4:E9:8E:1C,56515,565629924,0,0,NA,0,-389,-3909,247,-0.094971,-0.954346,0.060303,100,100,8,UNCALIBRATED_SENSOR_1,false,CALIBRATION_MISSING,CALIBRATION_MISSING,kx134_single_node_i2c.0.1.0,kx134.v3
kx134.v3,NODE_PROTOTYPE,1,KX134_SENSOR_1,sensor_node_1,D4:E9:F4:E9:8E:1C,56516,565639925,0,0,NA,0,-379,-3959,266,-0.092529,-0.966553,0.064941,100,100,8,UNCALIBRATED_SENSOR_1,false,CALIBRATION_MISSING,CALIBRATION_MISSING,kx134_single_node_i2c.0.1.0,kx134.v3
kx134.v3,NODE_PROTOTYPE,1,KX134_SENSOR_1,sensor_node_1,D4:E9:F4:E9:8E:1C,56517,565649925,0,0,NA,0,-367,-3993,270,-0.089600,-0.974854,0.065918,100,100,8,UNCALIBRATED_SENSOR_1,false,CALIBRATION_MISSING,CALIBRATION_MISSING,kx134_single_node_i2c.0.1.0,kx134.v3
kx134.v3,NODE_PROTOTYPE,1,KX134_SENSOR_1,sensor_node_1,D4:E9:F4:E9:8E:1C,56518,565659925,0,0,NA,0,-339,-4019,289,-0.082764,-0.981201,0.070557,100,100,8,UNCALIBRATED_SENSOR_1,false,CALIBRATION_MISSING,CALIBRATION_MISSING,kx134_single_node_i2c.0.1.0,kx134.v3
kx134.v3,NODE_PROTOTYPE,1,KX134_SENSOR_1,sensor_node_1,D4:E9:F4:E9:8E:1C,56519,565669924,0,0,NA,0,-330,-4007,276,-0.080566,-0.978271,0.067383,100,100,8,UNCALIBRATED_SENSOR_1,false,CALIBRATION_MISSING,CALIBRATION_MISSING,kx134_single_node_i2c.0.1.0,kx134.v3
kx134.v3,NODE_PROTOTYPE,1,KX134_SENSOR_1,sensor_node_1,D4:E9:F4:E9:8E:1C,56520,565679924,0,0,NA,0,-296,-3983,231,-0.072266,-0.972412,0.056396,100,100,8,UNCALIBRATED_SENSOR_1,false,CALIBRATION_MISSING,CALIBRATION_MISSING,kx134_single_node_i2c.0.1.0,kx134.v3
kx134.v3,NODE_PROTOTYPE,1,KX134_SENSOR_1,sensor_node_1,D4:E9:F4:E9:8E:1C,56521,565689925,0,0,NA,0,-304,-3986,207,-0.074219,-0.973145,0.050537,100,100,8,UNCALIBRATED_SENSOR_1,false,CALIBRATION_MISSING,CALIBRATION_MISSING,kx134_single_node_i2c.0.1.0,kx134.v3
kx134.v3,NODE_PROTOTYPE,1,KX134_SENSOR_1,sensor_node_1,D4:E9:F4:E9:8E:1C,56522,565699925,0,0,NA,0,-338,-3995,207,-0.082520,-0.975342,0.050537,100,100,8,UNCALIBRATED_SENSOR_1,false,CALIBRATION_MISSING,CALIBRATION_MISSING,kx134_single_node_i2c.0.1.0,kx134.v3
kx134.v3,NODE_PROTOTYPE,1,KX134_SENSOR_1,sensor_node_1,D4:E9:F4:E9:8E:1C,56523,565709924,0,0,NA,0,-366,-3967,200,-0.089355,-0.968506,0.048828,100,100,8,UNCALIBRATED_SENSOR_1,false,CALIBRATION_MISSING,CALIBRATION_MISSING,kx134_single_node_i2c.0.1.0,kx134.v3
kx134.v3,NODE_PROTOTYPE,1,KX134_SENSOR_1,sensor_node_1,D4:E9:F4:E9:8E:1C,56524,565719924,0,0,NA,0,-374,-3951,184,-0.091309,-0.964600,0.044922,100,100,8,UNCALIBRATED_SENSOR_1,false,CALIBRATION_MISSING,CALIBRATION_MISSING,kx134_single_node_i2c.0.1.0,kx134.v3
kx134.v3,NODE_PROTOTYPE,1,KX134_SENSOR_1,sensor_node_1,D4:E9:F4:E9:8E:1C,56525,565729925,0,0,NA,0,-357,-3989,196,-0.087158,-0.973877,0.047852,100,100,8,UNCALIBRATED_SENSOR_1,false,CALIBRATION_MISSING,CALIBRATION_MISSING,kx134_single_node_i2c.0.1.0,kx134.v3
kx134.v3,NODE_PROTOTYPE,1,KX134_SENSOR_1,sensor_node_1,D4:E9:F4:E9:8E:1C,56526,565739924,0,0,NA,0,-359,-4007,215,-0.087646,-0.978271,0.052490,100,100,8,UNCALIBRATED_SENSOR_1,false,CALIBRATION_MISSING,CALIBRATION_MISSING,kx134_single_node_i2c.0.1.0,kx134.v3
kx134.v3,NODE_PROTOTYPE,1,KX134_SENSOR_1,sensor_node_1,D4:E9:F4:E9:8E:1C,56527,565749925,0,0,NA,0,-353,-4008,213,-0.086182,-0.978516,0.052002,100,100,8,UNCALIBRATED_SENSOR_1,false,CALIBRATION_MISSING,CALIBRATION_MISSING,kx134_single_node_i2c.0.1.0,kx134.v3
kx134.v3,NODE_PROTOTYPE,1,KX134_SENSOR_1,sensor_node_1,D4:E9:F4:E9:8E:1C,56528,565759924,0,0,NA,0,-356,-3996,243,-0.086914,-0.975586,0.059326,100,100,8,UNCALIBRATED_SENSOR_1,false,CALIBRATION_MISSING,CALIBRATION_MISSING,kx134_single_node_i2c.0.1.0,kx134.v3
kx134.v3,NODE_PROTOTYPE,1,KX134_SENSOR_1,sensor_node_1,D4:E9:F4:E9:8E:1C,56529,565769924,0,0,NA,0,-365,-3996,265,-0.089111,-0.975586,0.064697,100,100,8,UNCALIBRATED_SENSOR_1,false,CALIBRATION_MISSING,CALIBRATION_MISSING,kx134_single_node_i2c.0.1.0,kx134.v3
kx134.v3,NODE_PROTOTYPE,1,KX134_SENSOR_1,sensor_node_1,D4:E9:F4:E9:8E:1C,56530,565779925,0,0,NA,0,-359,-3985,264,-0.087646,-0.972900,0.064453,100,100,8,UNCALIBRATED_SENSOR_1,false,CALIBRATION_MISSING,CALIBRATION_MISSING,kx134_single_node_i2c.0.1.0,kx134.v3
kx134.v3,NODE_PROTOTYPE,1,KX134_SENSOR_1,sensor_node_1,D4:E9:F4:E9:8E:1C,56531,565789925,0,0,NA,0,-347,-3972,276,-0.084717,-0.969727,0.067383,100,100,8,UNCALIBRATED_SENSOR_1,false,CALIBRATION_MISSING,CALIBRATION_MISSING,kx134_single_node_i2c.0.1.0,kx134.v3
kx134.v3,NODE_PROTOTYPE,1,KX134_SENSOR_1,sensor_node_1,D4:E9:F4:E9:8E:1C,56532,565799925,0,0,NA,0,-343,-3973,266,-0.083740,-0.969971,0.064941,100,100,8,UNCALIBRATED_SENSOR_1,false,CALIBRATION_MISSING,CALIBRATION_MISSING,kx134_single_node_i2c.0.1.0,kx134.v3
kx134.v3,NODE_PROTOTYPE,1,KX134_SENSOR_1,sensor_node_1,D4:E9:F4:E9:8E:1C,56533,565809925,0,0,NA,0,-344,-3962,263,-0.083984,-0.967285,0.064209,100,100,8,UNCALIBRATED_SENSOR_1,false,CALIBRATION_MISSING,CALIBRATION_MISSING,kx134_single_node_i2c.0.1.0,kx134.v3
kx134.v3,NODE_PROTOTYPE,1,KX134_SENSOR_1,sensor_node_1,D4:E9:F4:E9:8E:1C,56534,565819925,0,0,NA,0,-319,-3980,275,-0.077881,-0.971680,0.067139,100,100,8,UNCALIBRATED_SENSOR_1,false,CALIBRATION_MISSING,CALIBRATION_MISSING,kx134_single_node_i2c.0.1.0,kx134.v3
kx134.v3,NODE_PROTOTYPE,1,KX134_SENSOR_1,sensor_node_1,D4:E9:F4:E9:8E:1C,56535,565829925,0,0,NA,0,-309,-4001,262,-0.075439,-0.976807,0.063965,100,100,8,UNCALIBRATED_SENSOR_1,false,CALIBRATION_MISSING,CALIBRATION_MISSING,kx134_single_node_i2c.0.1.0,kx134.v3
kx134.v3,NODE_PROTOTYPE,1,KX134_SENSOR_1,sensor_node_1,D4:E9:F4:E9:8E:1C,56536,565839925,0,0,NA,0,-341,-3970,254,-0.083252,-0.969238,0.062012,100,100,8,UNCALIBRATED_SENSOR_1,false,CALIBRATION_MISSING,CALIBRATION_MISSING,kx134_single_node_i2c.0.1.0,kx134.v3
kx134.v3,NODE_PROTOTYPE,1,KX134_SENSOR_1,sensor_node_1,D4:E9:F4:E9:8E:1C,56537,565849925,0,0,NA,0,-342,-3932,257,-0.083496,-0.959961,0.062744,100,100,8,UNCALIBRATED_SENSOR_1,false,CALIBRATION_MISSING,CALIBRATION_MISSING,kx134_single_node_i2c.0.1.0,kx134.v3
kx134.v3,NODE_PROTOTYPE,1,KX134_SENSOR_1,sensor_node_1,D4:E9:F4:E9:8E:1C,56538,565859925,0,0,NA,0,-320,-3944,268,-0.078125,-0.962891,0.065430,100,100,8,UNCALIBRATED_SENSOR_1,false,CALIBRATION_MISSING,CALIBRATION_MISSING,kx134_single_node_i2c.0.1.0,kx134.v3
kx134.v3,NODE_PROTOTYPE,1,KX134_SENSOR_1,sensor_node_1,D4:E9:F4:E9:8E:1C,56539,565869925,0,0,NA,0,-333,-3974,259,-0.081299,-0.970215,0.063232,100,100,8,UNCALIBRATED_SENSOR_1,false,CALIBRATION_MISSING,CALIBRATION_MISSING,kx134_single_node_i2c.0.1.0,kx134.v3
kx134.v3,NODE_PROTOTYPE,1,KX134_SENSOR_1,sensor_node_1,D4:E9:F4:E9:8E:1C,56540,565879925,0,0,NA,0,-363,-3982,252,-0.088623,-0.972168,0.061523,100,100,8,UNCALIBRATED_SENSOR_1,false,CALIBRATION_MISSING,CALIBRATION_MISSING,kx134_single_node_i2c.0.1.0,kx134.v3
kx134.v3,NODE_PROTOTYPE,1,KX134_SENSOR_1,sensor_node_1,D4:E9:F4:E9:8E:1C,56541,565889925,0,0,NA,0,-363,-3967,276,-0.088623,-0.968506,0.067383,100,100,8,UNCALIBRATED_SENSOR_1,false,CALIBRATION_MISSING,CALIBRATION_MISSING,kx134_single_node_i2c.0.1.0,kx134.v3
kx134.v3,NODE_PROTOTYPE,1,KX134_SENSOR_1,sensor_node_1,D4:E9:F4:E9:8E:1C,56542,565899925,0,0,NA,0,-358,-3957,278,-0.087402,-0.966064,0.067871,100,100,8,UNCALIBRATED_SENSOR_1,false,CALIBRATION_MISSING,CALIBRATION_MISSING,kx134_single_node_i2c.0.1.0,kx134.v3
kx134.v3,NODE_PROTOTYPE,1,KX134_SENSOR_1,sensor_node_1,D4:E9:F4:E9:8E:1C,56543,565909925,0,0,NA,0,-340,-3948,263,-0.083008,-0.963867,0.064209,100,100,8,UNCALIBRATED_SENSOR_1,false,CALIBRATION_MISSING,CALIBRATION_MISSING,kx134_single_node_i2c.0.1.0,kx134.v3
kx134.v3,NODE_PROTOTYPE,1,KX134_SENSOR_1,sensor_node_1,D4:E9:F4:E9:8E:1C,56544,565919924,0,0,NA,0,-328,-3955,240,-0.080078,-0.965576,0.058594,100,100,8,UNCALIBRATED_SENSOR_1,false,CALIBRATION_MISSING,CALIBRATION_MISSING,kx134_single_node_i2c.0.1.0,kx134.v3
kx134.v3,NODE_PROTOTYPE,1,KX134_SENSOR_1,sensor_node_1,D4:E9:F4:E9:8E:1C,56545,565929924,0,0,NA,0,-344,-3988,229,-0.083984,-0.973633,0.055908,100,100,8,UNCALIBRATED_SENSOR_1,false,CALIBRATION_MISSING,CALIBRATION_MISSING,kx134_single_node_i2c.0.1.0,kx134.v3
kx134.v3,NODE_PROTOTYPE,1,KX134_SENSOR_1,sensor_node_1,D4:E9:F4:E9:8E:1C,56546,565939925,0,0,NA,0,-348,-4006,244,-0.084961,-0.978027,0.059570,100,100,8,UNCALIBRATED_SENSOR_1,false,CALIBRATION_MISSING,CALIBRATION_MISSING,kx134_single_node_i2c.0.1.0,kx134.v3
kx134.v3,NODE_PROTOTYPE,1,KX134_SENSOR_1,sensor_node_1,D4:E9:F4:E9:8E:1C,56547,565949925,0,0,NA,0,-366,-4001,253,-0.089355,-0.976807,0.061768,100,100,8,UNCALIBRATED_SENSOR_1,false,CALIBRATION_MISSING,CALIBRATION_MISSING,kx134_single_node_i2c.0.1.0,kx134.v3
kx134.v3,NODE_PROTOTYPE,1,KX134_SENSOR_1,sensor_node_1,D4:E9:F4:E9:8E:1C,56548,565959925,0,0,NA,0,-376,-3994,235,-0.091797,-0.975098,0.057373,100,100,8,UNCALIBRATED_SENSOR_1,false,CALIBRATION_MISSING,CALIBRATION_MISSING,kx134_single_node_i2c.0.1.0,kx134.v3
kx134.v3,NODE_PROTOTYPE,1,KX134_SENSOR_1,sensor_node_1,D4:E9:F4:E9:8E:1C,56549,565969925,0,0,NA,0,-367,-4009,243,-0.089600,-0.978760,0.059326,100,100,8,UNCALIBRATED_SENSOR_1,false,CALIBRATION_MISSING,CALIBRATION_MISSING,kx134_single_node_i2c.0.1.0,kx134.v3
kx134.v3,NODE_PROTOTYPE,1,KX134_SENSOR_1,sensor_node_1,D4:E9:F4:E9:8E:1C,56550,565979925,0,0,NA,0,-368,-4028,264,-0.089844,-0.983398,0.064453,100,100,8,UNCALIBRATED_SENSOR_1,false,CALIBRATION_MISSING,CALIBRATION_MISSING,kx134_single_node_i2c.0.1.0,kx134.v3
kx134.v3,NODE_PROTOTYPE,1,KX134_SENSOR_1,sensor_node_1,D4:E9:F4:E9:8E:1C,56551,565989924,0,0,NA,0,-387,-4002,243,-0.094482,-0.977051,0.059326,100,100,8,UNCALIBRATED_SENSOR_1,false,CALIBRATION_MISSING,CALIBRATION_MISSING,kx134_single_node_i2c.0.1.0,kx134.v3
kx134.v3,NODE_PROTOTYPE,1,KX134_SENSOR_1,sensor_node_1,D4:E9:F4:E9:8E:1C,56552,565999925,0,0,NA,0,-390,-3984,226,-0.095215,-0.972656,0.055176,100,100,8,UNCALIBRATED_SENSOR_1,false,CALIBRATION_MISSING,CALIBRATION_MISSING,kx134_single_node_i2c.0.1.0,kx134.v3
kx134.v3,NODE_PROTOTYPE,1,KX134_SENSOR_1,sensor_node_1,D4:E9:F4:E9:8E:1C,56553,566009925,0,0,NA,0,-355,-3979,223,-0.086670,-0.971436,0.054443,100,100,8,UNCALIBRATED_SENSOR_1,false,CALIBRATION_MISSING,CALIBRATION_MISSING,kx134_single_node_i2c.0.1.0,kx134.v3
kx134.v3,NODE_PROTOTYPE,1,KX134_SENSOR_1,sensor_node_1,D4:E9:F4:E9:8E:1C,56554,566019925,0,0,NA,0,-342,-3965,226,-0.083496,-0.968018,0.055176,100,100,8,UNCALIBRATED_SENSOR_1,false,CALIBRATION_MISSING,CALIBRATION_MISSING,kx134_single_node_i2c.0.1.0,kx134.v3
kx134.v3,NODE_PROTOTYPE,1,KX134_SENSOR_1,sensor_node_1,D4:E9:F4:E9:8E:1C,56555,566029925,0,0,NA,0,-350,-3979,227,-0.085449,-0.971436,0.055420,100,100,8,UNCALIBRATED_SENSOR_1,false,CALIBRATION_MISSING,CALIBRATION_MISSING,kx134_single_node_i2c.0.1.0,kx134.v3
kx134.v3,NODE_PROTOTYPE,1,KX134_SENSOR_1,sensor_node_1,D4:E9:F4:E9:8E:1C,56556,566039925,0,0,NA,0,-359,-3954,243,-0.087646,-0.965332,0.059326,100,100,8,UNCALIBRATED_SENSOR_1,false,CALIBRATION_MISSING,CALIBRATION_MISSING,kx134_single_node_i2c.0.1.0,kx134.v3
kx134.v3,NODE_PROTOTYPE,1,KX134_SENSOR_1,sensor_node_1,D4:E9:F4:E9:8E:1C,56557,566049925,0,0,NA,0,-362,-3947,260,-0.088379,-0.963623,0.063477,100,100,8,UNCALIBRATED_SENSOR_1,false,CALIBRATION_MISSING,CALIBRATION_MISSING,kx134_single_node_i2c.0.1.0,kx134.v3
kx134.v3,NODE_PROTOTYPE,1,KX134_SENSOR_1,sensor_node_1,D4:E9:F4:E9:8E:1C,56558,566059924,0,0,NA,0,-320,-3961,190,-0.078125,-0.967041,0.046387,100,100,8,UNCALIBRATED_SENSOR_1,false,CALIBRATION_MISSING,CALIBRATION_MISSING,kx134_single_node_i2c.0.1.0,kx134.v3
kx134.v3,NODE_PROTOTYPE,1,KX134_SENSOR_1,sensor_node_1,D4:E9:F4:E9:8E:1C,56559,566069924,0,0,NA,0,-320,-3961,190,-0.078125,-0.967041,0.046387,100,100,8,UNCALIBRATED_SENSOR_1,false,CALIBRATION_MISSING,CALIBRATION_MISSING,kx134_single_node_i2c.0.1.0,kx134.v3
kx134.v3,NODE_PROTOTYPE,1,KX134_SENSOR_1,sensor_node_1,D4:E9:F4:E9:8E:1C,56560,566079925,0,0,NA,0,-276,-4107,211,-0.067383,-1.002686,0.051514,100,100,8,UNCALIBRATED_SENSOR_1,false,CALIBRATION_MISSING,CALIBRATION_MISSING,kx134_single_node_i2c.0.1.0,kx134.v3
kx134.v3,NODE_PROTOTYPE,1,KX134_SENSOR_1,sensor_node_1,D4:E9:F4:E9:8E:1C,56561,566089925,0,0,NA,0,-165,-4187,337,-0.040283,-1.022217,0.082275,100,100,8,UNCALIBRATED_SENSOR_1,false,CALIBRATION_MISSING,CALIBRATION_MISSING,kx134_single_node_i2c.0.1.0,kx134.v3
kx134.v3,NODE_PROTOTYPE,1,KX134_SENSOR_1,sensor_node_1,D4:E9:F4:E9:8E:1C,56562,566099925,0,0,NA,0,-200,-4043,301,-0.048828,-0.987061,0.073486,100,100,8,UNCALIBRATED_SENSOR_1,false,CALIBRATION_MISSING,CALIBRATION_MISSING,kx134_single_node_i2c.0.1.0,kx134.v3
kx134.v3,NODE_PROTOTYPE,1,KX134_SENSOR_1,sensor_node_1,D4:E9:F4:E9:8E:1C,56563,566109925,0,0,NA,0,-386,-4042,258,-0.094238,-0.986816,0.062988,100,100,8,UNCALIBRATED_SENSOR_1,false,CALIBRATION_MISSING,CALIBRATION_MISSING,kx134_single_node_i2c.0.1.0,kx134.v3
kx134.v3,NODE_PROTOTYPE,1,KX134_SENSOR_1,sensor_node_1,D4:E9:F4:E9:8E:1C,56564,566119924,0,0,NA,0,-427,-4138,265,-0.104248,-1.010254,0.064697,100,100,8,UNCALIBRATED_SENSOR_1,false,CALIBRATION_MISSING,CALIBRATION_MISSING,kx134_single_node_i2c.0.1.0,kx134.v3
kx134.v3,NODE_PROTOTYPE,1,KX134_SENSOR_1,sensor_node_1,D4:E9:F4:E9:8E:1C,56565,566129924,0,0,NA,0,-417,-4194,235,-0.101807,-1.023926,0.057373,100,100,8,UNCALIBRATED_SENSOR_1,false,CALIBRATION_MISSING,CALIBRATION_MISSING,kx134_single_node_i2c.0.1.0,kx134.v3
kx134.v3,NODE_PROTOTYPE,1,KX134_SENSOR_1,sensor_node_1,D4:E9:F4:E9:8E:1C,56566,566139925,0,0,NA,0,-379,-4225,289,-0.092529,-1.031494,0.070557,100,100,8,UNCALIBRATED_SENSOR_1,false,CALIBRATION_MISSING,CALIBRATION_MISSING,kx134_single_node_i2c.0.1.0,kx134.v3
kx134.v3,NODE_PROTOTYPE,1,KX134_SENSOR_1,sensor_node_1,D4:E9:F4:E9:8E:1C,56567,566149925,0,0,NA,0,-361,-4174,312,-0.088135,-1.019043,0.076172,100,100,8,UNCALIBRATED_SENSOR_1,false,CALIBRATION_MISSING,CALIBRATION_MISSING,kx134_single_node_i2c.0.1.0,kx134.v3
kx134.v3,NODE_PROTOTYPE,1,KX134_SENSOR_1,sensor_node_1,D4:E9:F4:E9:8E:1C,56568,566159925,0,0,NA,0,-384,-4063,263,-0.093750,-0.991943,0.064209,100,100,8,UNCALIBRATED_SENSOR_1,false,CALIBRATION_MISSING,CALIBRATION_MISSING,kx134_single_node_i2c.0.1.0,kx134.v3
kx134.v3,NODE_PROTOTYPE,1,KX134_SENSOR_1,sensor_node_1,D4:E9:F4:E9:8E:1C,56569,566169924,0,0,NA,0,-376,-3993,239,-0.091797,-0.974854,0.058350,100,100,8,UNCALIBRATED_SENSOR_1,false,CALIBRATION_MISSING,CALIBRATION_MISSING,kx134_single_node_i2c.0.1.0,kx134.v3
kx134.v3,NODE_PROTOTYPE,1,KX134_SENSOR_1,sensor_node_1,D4:E9:F4:E9:8E:1C,56570,566179924,0,0,NA,0,-364,-3972,230,-0.088867,-0.969727,0.056152,100,100,8,UNCALIBRATED_SENSOR_1,false,CALIBRATION_MISSING,CALIBRATION_MISSING,kx134_single_node_i2c.0.1.0,kx134.v3
kx134.v3,NODE_PROTOTYPE,1,KX134_SENSOR_1,sensor_node_1,D4:E9:F4:E9:8E:1C,56571,566189925,0,0,NA,0,-312,-4000,280,-0.076172,-0.976562,0.068359,100,100,8,UNCALIBRATED_SENSOR_1,false,CALIBRATION_MISSING,CALIBRATION_MISSING,kx134_single_node_i2c.0.1.0,kx134.v3
kx134.v3,NODE_PROTOTYPE,1,KX134_SENSOR_1,sensor_node_1,D4:E9:F4:E9:8E:1C,56572,566199924,0,0,NA,0,-300,-4021,305,-0.073242,-0.981689,0.074463,100,100,8,UNCALIBRATED_SENSOR_1,false,CALIBRATION_MISSING,CALIBRATION_MISSING,kx134_single_node_i2c.0.1.0,kx134.v3
kx134.v3,NODE_PROTOTYPE,1,KX134_SENSOR_1,sensor_node_1,D4:E9:F4:E9:8E:1C,56573,566209924,0,0,NA,0,-321,-4007,272,-0.078369,-0.978271,0.066406,100,100,8,UNCALIBRATED_SENSOR_1,false,CALIBRATION_MISSING,CALIBRATION_MISSING,kx134_single_node_i2c.0.1.0,kx134.v3
kx134.v3,NODE_PROTOTYPE,1,KX134_SENSOR_1,sensor_node_1,D4:E9:F4:E9:8E:1C,56574,566219924,0,0,NA,0,-328,-3988,273,-0.080078,-0.973633,0.066650,100,100,8,UNCALIBRATED_SENSOR_1,false,CALIBRATION_MISSING,CALIBRATION_MISSING,kx134_single_node_i2c.0.1.0,kx134.v3
kx134.v3,NODE_PROTOTYPE,1,KX134_SENSOR_1,sensor_node_1,D4:E9:F4:E9:8E:1C,56575,566229925,0,0,NA,0,-373,-3937,258,-0.091064,-0.961182,0.062988,100,100,8,UNCALIBRATED_SENSOR_1,false,CALIBRATION_MISSING,CALIBRATION_MISSING,kx134_single_node_i2c.0.1.0,kx134.v3
kx134.v3,NODE_PROTOTYPE,1,KX134_SENSOR_1,sensor_node_1,D4:E9:F4:E9:8E:1C,56576,566239925,0,0,NA,0,-381,-3928,249,-0.093018,-0.958984,0.060791,100,100,8,UNCALIBRATED_SENSOR_1,false,CALIBRATION_MISSING,CALIBRATION_MISSING,kx134_single_node_i2c.0.1.0,kx134.v3
kx134.v3,NODE_PROTOTYPE,1,KX134_SENSOR_1,sensor_node_1,D4:E9:F4:E9:8E:1C,56577,566249924,0,0,NA,0,-384,-3959,232,-0.093750,-0.966553,0.056641,100,100,8,UNCALIBRATED_SENSOR_1,false,CALIBRATION_MISSING,CALIBRATION_MISSING,kx134_single_node_i2c.0.1.0,kx134.v3
kx134.v3,NODE_PROTOTYPE,1,KX134_SENSOR_1,sensor_node_1,D4:E9:F4:E9:8E:1C,56578,566259924,0,0,NA,0,-388,-3993,212,-0.094727,-0.974854,0.051758,100,100,8,UNCALIBRATED_SENSOR_1,false,CALIBRATION_MISSING,CALIBRATION_MISSING,kx134_single_node_i2c.0.1.0,kx134.v3
kx134.v3,NODE_PROTOTYPE,1,KX134_SENSOR_1,sensor_node_1,D4:E9:F4:E9:8E:1C,56579,566269924,0,0,NA,0,-375,-4021,243,-0.091553,-0.981689,0.059326,100,100,8,UNCALIBRATED_SENSOR_1,false,CALIBRATION_MISSING,CALIBRATION_MISSING,kx134_single_node_i2c.0.1.0,kx134.v3
kx134.v3,NODE_PROTOTYPE,1,KX134_SENSOR_1,sensor_node_1,D4:E9:F4:E9:8E:1C,56580,566279925,0,0,NA,0,-363,-4007,258,-0.088623,-0.978271,0.062988,100,100,8,UNCALIBRATED_SENSOR_1,false,CALIBRATION_MISSING,CALIBRATION_MISSING,kx134_single_node_i2c.0.1.0,kx134.v3
kx134.v3,NODE_PROTOTYPE,1,KX134_SENSOR_1,sensor_node_1,D4:E9:F4:E9:8E:1C,56581,566289924,0,0,NA,0,-364,-3985,251,-0.088867,-0.972900,0.061279,100,100,8,UNCALIBRATED_SENSOR_1,false,CALIBRATION_MISSING,CALIBRATION_MISSING,kx134_single_node_i2c.0.1.0,kx134.v3
kx134.v3,NODE_PROTOTYPE,1,KX134_SENSOR_1,sensor_node_1,D4:E9:F4:E9:8E:1C,56582,566299925,0,0,NA,0,-346,-3997,269,-0.084473,-0.975830,0.065674,100,100,8,UNCALIBRATED_SENSOR_1,false,CALIBRATION_MISSING,CALIBRATION_MISSING,kx134_single_node_i2c.0.1.0,kx134.v3
kx134.v3,NODE_PROTOTYPE,1,KX134_SENSOR_1,sensor_node_1,D4:E9:F4:E9:8E:1C,56583,566309925,0,0,NA,0,-354,-3997,305,-0.086426,-0.975830,0.074463,100,100,8,UNCALIBRATED_SENSOR_1,false,CALIBRATION_MISSING,CALIBRATION_MISSING,kx134_single_node_i2c.0.1.0,kx134.v3
kx134.v3,NODE_PROTOTYPE,1,KX134_SENSOR_1,sensor_node_1,D4:E9:F4:E9:8E:1C,56584,566319924,0,0,NA,0,-375,-3950,281,-0.091553,-0.964355,0.068604,100,100,8,UNCALIBRATED_SENSOR_1,false,CALIBRATION_MISSING,CALIBRATION_MISSING,kx134_single_node_i2c.0.1.0,kx134.v3
kx134.v3,NODE_PROTOTYPE,1,KX134_SENSOR_1,sensor_node_1,D4:E9:F4:E9:8E:1C,56585,566329924,0,0,NA,0,-339,-3962,244,-0.082764,-0.967285,0.059570,100,100,8,UNCALIBRATED_SENSOR_1,false,CALIBRATION_MISSING,CALIBRATION_MISSING,kx134_single_node_i2c.0.1.0,kx134.v3
kx134.v3,NODE_PROTOTYPE,1,KX134_SENSOR_1,sensor_node_1,D4:E9:F4:E9:8E:1C,56586,566339925,0,0,NA,0,-327,-3988,263,-0.079834,-0.973633,0.064209,100,100,8,UNCALIBRATED_SENSOR_1,false,CALIBRATION_MISSING,CALIBRATION_MISSING,kx134_single_node_i2c.0.1.0,kx134.v3
kx134.v3,NODE_PROTOTYPE,1,KX134_SENSOR_1,sensor_node_1,D4:E9:F4:E9:8E:1C,56587,566349925,0,0,NA,0,-322,-3957,284,-0.078613,-0.966064,0.069336,100,100,8,UNCALIBRATED_SENSOR_1,false,CALIBRATION_MISSING,CALIBRATION_MISSING,kx134_single_node_i2c.0.1.0,kx134.v3
kx134.v3,NODE_PROTOTYPE,1,KX134_SENSOR_1,sensor_node_1,D4:E9:F4:E9:8E:1C,56588,566359925,0,0,NA,0,-333,-3946,295,-0.081299,-0.963379,0.072021,100,100,8,UNCALIBRATED_SENSOR_1,false,CALIBRATION_MISSING,CALIBRATION_MISSING,kx134_single_node_i2c.0.1.0,kx134.v3
kx134.v3,NODE_PROTOTYPE,1,KX134_SENSOR_1,sensor_node_1,D4:E9:F4:E9:8E:1C,56589,566369925,0,0,NA,0,-371,-3949,282,-0.090576,-0.964111,0.068848,100,100,8,UNCALIBRATED_SENSOR_1,false,CALIBRATION_MISSING,CALIBRATION_MISSING,kx134_single_node_i2c.0.1.0,kx134.v3
kx134.v3,NODE_PROTOTYPE,1,KX134_SENSOR_1,sensor_node_1,D4:E9:F4:E9:8E:1C,56590,566379925,0,0,NA,0,-372,-3960,258,-0.090820,-0.966797,0.062988,100,100,8,UNCALIBRATED_SENSOR_1,false,CALIBRATION_MISSING,CALIBRATION_MISSING,kx134_single_node_i2c.0.1.0,kx134.v3
kx134.v3,NODE_PROTOTYPE,1,KX134_SENSOR_1,sensor_node_1,D4:E9:F4:E9:8E:1C,56591,566389924,0,0,NA,0,-372,-3975,265,-0.090820,-0.970459,0.064697,100,100,8,UNCALIBRATED_SENSOR_1,false,CALIBRATION_MISSING,CALIBRATION_MISSING,kx134_single_node_i2c.0.1.0,kx134.v3
kx134.v3,NODE_PROTOTYPE,1,KX134_SENSOR_1,sensor_node_1,D4:E9:F4:E9:8E:1C,56592,566399925,0,0,NA,0,-379,-3987,267,-0.092529,-0.973389,0.065186,100,100,8,UNCALIBRATED_SENSOR_1,false,CALIBRATION_MISSING,CALIBRATION_MISSING,kx134_single_node_i2c.0.1.0,kx134.v3
kx134.v3,NODE_PROTOTYPE,1,KX134_SENSOR_1,sensor_node_1,D4:E9:F4:E9:8E:1C,56593,566409924,0,0,NA,0,-355,-3997,254,-0.086670,-0.975830,0.062012,100,100,8,UNCALIBRATED_SENSOR_1,false,CALIBRATION_MISSING,CALIBRATION_MISSING,kx134_single_node_i2c.0.1.0,kx134.v3
kx134.v3,NODE_PROTOTYPE,1,KX134_SENSOR_1,sensor_node_1,D4:E9:F4:E9:8E:1C,56594,566419925,0,0,NA,0,-302,-3991,266,-0.073730,-0.974365,0.064941,100,100,8,UNCALIBRATED_SENSOR_1,false,CALIBRATION_MISSING,CALIBRATION_MISSING,kx134_single_node_i2c.0.1.0,kx134.v3
kx134.v3,NODE_PROTOTYPE,1,KX134_SENSOR_1,sensor_node_1,D4:E9:F4:E9:8E:1C,56595,566429925,0,0,NA,0,-277,-3996,282,-0.067627,-0.975586,0.068848,100,100,8,UNCALIBRATED_SENSOR_1,false,CALIBRATION_MISSING,CALIBRATION_MISSING,kx134_single_node_i2c.0.1.0,kx134.v3
kx134.v3,NODE_PROTOTYPE,1,KX134_SENSOR_1,sensor_node_1,D4:E9:F4:E9:8E:1C,56596,566439924,0,0,NA,0,-298,-4004,264,-0.072754,-0.977539,0.064453,100,100,8,UNCALIBRATED_SENSOR_1,false,CALIBRATION_MISSING,CALIBRATION_MISSING,kx134_single_node_i2c.0.1.0,kx134.v3
kx134.v3,NODE_PROTOTYPE,1,KX134_SENSOR_1,sensor_node_1,D4:E9:F4:E9:8E:1C,56597,566449925,0,0,NA,0,-337,-4009,251,-0.082275,-0.978760,0.061279,100,100,8,UNCALIBRATED_SENSOR_1,false,CALIBRATION_MISSING,CALIBRATION_MISSING,kx134_single_node_i2c.0.1.0,kx134.v3
kx134.v3,NODE_PROTOTYPE,1,KX134_SENSOR_1,sensor_node_1,D4:E9:F4:E9:8E:1C,56598,566459925,0,0,NA,0,-347,-4036,279,-0.084717,-0.985352,0.068115,100,100,8,UNCALIBRATED_SENSOR_1,false,CALIBRATION_MISSING,CALIBRATION_MISSING,kx134_single_node_i2c.0.1.0,kx134.v3
kx134.v3,NODE_PROTOTYPE,1,KX134_SENSOR_1,sensor_node_1,D4:E9:F4:E9:8E:1C,56599,566469925,0,0,NA,0,-326,-4037,282,-0.079590,-0.985596,0.068848,100,100,8,UNCALIBRATED_SENSOR_1,false,CALIBRATION_MISSING,CALIBRATION_MISSING,kx134_single_node_i2c.0.1.0,kx134.v3
kx134.v3,NODE_PROTOTYPE,1,KX134_SENSOR_1,sensor_node_1,D4:E9:F4:E9:8E:1C,56600,566479924,0,0,NA,0,-332,-4002,255,-0.081055,-0.977051,0.062256,100,100,8,UNCALIBRATED_SENSOR_1,false,CALIBRATION_MISSING,CALIBRATION_MISSING,kx134_single_node_i2c.0.1.0,kx134.v3
kx134.v3,NODE_PROTOTYPE,1,KX134_SENSOR_1,sensor_node_1,D4:E9:F4:E9:8E:1C,56601,566489925,0,0,NA,0,-342,-3993,236,-0.083496,-0.974854,0.057617,100,100,8,UNCALIBRATED_SENSOR_1,false,CALIBRATION_MISSING,CALIBRATION_MISSING,kx134_single_node_i2c.0.1.0,kx134.v3
kx134.v3,NODE_PROTOTYPE,1,KX134_SENSOR_1,sensor_node_1,D4:E9:F4:E9:8E:1C,56602,566499925,0,0,NA,0,-349,-3988,226,-0.085205,-0.973633,0.055176,100,100,8,UNCALIBRATED_SENSOR_1,false,CALIBRATION_MISSING,CALIBRATION_MISSING,kx134_single_node_i2c.0.1.0,kx134.v3
kx134.v3,NODE_PROTOTYPE,1,KX134_SENSOR_1,sensor_node_1,D4:E9:F4:E9:8E:1C,56603,566509925,0,0,NA,0,-330,-4012,256,-0.080566,-0.979492,0.062500,100,100,8,UNCALIBRATED_SENSOR_1,false,CALIBRATION_MISSING,CALIBRATION_MISSING,kx134_single_node_i2c.0.1.0,kx134.v3
kx134.v3,NODE_PROTOTYPE,1,KX134_SENSOR_1,sensor_node_1,D4:E9:F4:E9:8E:1C,56604,566519925,0,0,NA,0,-332,-4016,273,-0.081055,-0.980469,0.066650,100,100,8,UNCALIBRATED_SENSOR_1,false,CALIBRATION_MISSING,CALIBRATION_MISSING,kx134_single_node_i2c.0.1.0,kx134.v3
kx134.v3,NODE_PROTOTYPE,1,KX134_SENSOR_1,sensor_node_1,D4:E9:F4:E9:8E:1C,56605,566529925,0,0,NA,0,-349,-4003,264,-0.085205,-0.977295,0.064453,100,100,8,UNCALIBRATED_SENSOR_1,false,CALIBRATION_MISSING,CALIBRATION_MISSING,kx134_single_node_i2c.0.1.0,kx134.v3
kx134.v3,NODE_PROTOTYPE,1,KX134_SENSOR_1,sensor_node_1,D4:E9:F4:E9:8E:1C,56606,566539925,0,0,NA,0,-354,-4007,265,-0.086426,-0.978271,0.064697,100,100,8,UNCALIBRATED_SENSOR_1,false,CALIBRATION_MISSING,CALIBRATION_MISSING,kx134_single_node_i2c.0.1.0,kx134.v3
kx134.v3,NODE_PROTOTYPE,1,KX134_SENSOR_1,sensor_node_1,D4:E9:F4:E9:8E:1C,56607,566549924,0,0,NA,0,-373,-4003,248,-0.091064,-0.977295,0.060547,100,100,8,UNCALIBRATED_SENSOR_1,false,CALIBRATION_MISSING,CALIBRATION_MISSING,kx134_single_node_i2c.0.1.0,kx134.v3
kx134.v3,NODE_PROTOTYPE,1,KX134_SENSOR_1,sensor_node_1,D4:E9:F4:E9:8E:1C,56608,566559925,0,0,NA,0,-322,-4028,235,-0.078613,-0.983398,0.057373,100,100,8,UNCALIBRATED_SENSOR_1,false,CALIBRATION_MISSING,CALIBRATION_MISSING,kx134_single_node_i2c.0.1.0,kx134.v3
kx134.v3,NODE_PROTOTYPE,1,KX134_SENSOR_1,sensor_node_1,D4:E9:F4:E9:8E:1C,56609,566569925,0,0,NA,0,-276,-4023,235,-0.067383,-0.982178,0.057373,100,100,8,UNCALIBRATED_SENSOR_1,false,CALIBRATION_MISSING,CALIBRATION_MISSING,kx134_single_node_i2c.0.1.0,kx134.v3
kx134.v3,NODE_PROTOTYPE,1,KX134_SENSOR_1,sensor_node_1,D4:E9:F4:E9:8E:1C,56610,566579924,0,0,NA,0,-296,-3996,242,-0.072266,-0.975586,0.059082,100,100,8,UNCALIBRATED_SENSOR_1,false,CALIBRATION_MISSING,CALIBRATION_MISSING,kx134_single_node_i2c.0.1.0,kx134.v3
kx134.v3,NODE_PROTOTYPE,1,KX134_SENSOR_1,sensor_node_1,D4:E9:F4:E9:8E:1C,56611,566589925,0,0,NA,0,-288,-3983,249,-0.070312,-0.972412,0.060791,100,100,8,UNCALIBRATED_SENSOR_1,false,CALIBRATION_MISSING,CALIBRATION_MISSING,kx134_single_node_i2c.0.1.0,kx134.v3
kx134.v3,NODE_PROTOTYPE,1,KX134_SENSOR_1,sensor_node_1,D4:E9:F4:E9:8E:1C,56612,566599924,0,0,NA,0,-273,-3993,262,-0.066650,-0.974854,0.063965,100,100,8,UNCALIBRATED_SENSOR_1,false,CALIBRATION_MISSING,CALIBRATION_MISSING,kx134_single_node_i2c.0.1.0,kx134.v3
kx134.v3,NODE_PROTOTYPE,1,KX134_SENSOR_1,sensor_node_1,D4:E9:F4:E9:8E:1C,56613,566609925,0,0,NA,0,-331,-3984,258,-0.080811,-0.972656,0.062988,100,100,8,UNCALIBRATED_SENSOR_1,false,CALIBRATION_MISSING,CALIBRATION_MISSING,kx134_single_node_i2c.0.1.0,kx134.v3
kx134.v3,NODE_PROTOTYPE,1,KX134_SENSOR_1,sensor_node_1,D4:E9:F4:E9:8E:1C,56614,566619925,0,0,NA,0,-373,-3956,254,-0.091064,-0.965820,0.062012,100,100,8,UNCALIBRATED_SENSOR_1,false,CALIBRATION_MISSING,CALIBRATION_MISSING,kx134_single_node_i2c.0.1.0,kx134.v3
kx134.v3,NODE_PROTOTYPE,1,KX134_SENSOR_1,sensor_node_1,D4:E9:F4:E9:8E:1C,56615,566629925,0,0,NA,0,-357,-3977,275,-0.087158,-0.970947,0.067139,100,100,8,UNCALIBRATED_SENSOR_1,false,CALIBRATION_MISSING,CALIBRATION_MISSING,kx134_single_node_i2c.0.1.0,kx134.v3
kx134.v3,NODE_PROTOTYPE,1,KX134_SENSOR_1,sensor_node_1,D4:E9:F4:E9:8E:1C,56616,566639925,0,0,NA,0,-340,-3974,270,-0.083008,-0.970215,0.065918,100,100,8,UNCALIBRATED_SENSOR_1,false,CALIBRATION_MISSING,CALIBRATION_MISSING,kx134_single_node_i2c.0.1.0,kx134.v3
kx134.v3,NODE_PROTOTYPE,1,KX134_SENSOR_1,sensor_node_1,D4:E9:F4:E9:8E:1C,56617,566649925,0,0,NA,0,-387,-3929,231,-0.094482,-0.959229,0.056396,100,100,8,UNCALIBRATED_SENSOR_1,false,CALIBRATION_MISSING,CALIBRATION_MISSING,kx134_single_node_i2c.0.1.0,kx134.v3
kx134.v3,NODE_PROTOTYPE,1,KX134_SENSOR_1,sensor_node_1,D4:E9:F4:E9:8E:1C,56618,566659925,0,0,NA,0,-417,-3917,190,-0.101807,-0.956299,0.046387,100,100,8,UNCALIBRATED_SENSOR_1,false,CALIBRATION_MISSING,CALIBRATION_MISSING,kx134_single_node_i2c.0.1.0,kx134.v3
kx134.v3,NODE_PROTOTYPE,1,KX134_SENSOR_1,sensor_node_1,D4:E9:F4:E9:8E:1C,56619,566669925,0,0,NA,0,-371,-3961,193,-0.090576,-0.967041,0.047119,100,100,8,UNCALIBRATED_SENSOR_1,false,CALIBRATION_MISSING,CALIBRATION_MISSING,kx134_single_node_i2c.0.1.0,kx134.v3
kx134.v3,NODE_PROTOTYPE,1,KX134_SENSOR_1,sensor_node_1,D4:E9:F4:E9:8E:1C,56620,566679925,0,0,NA,0,-339,-3992,216,-0.082764,-0.974609,0.052734,100,100,8,UNCALIBRATED_SENSOR_1,false,CALIBRATION_MISSING,CALIBRATION_MISSING,kx134_single_node_i2c.0.1.0,kx134.v3
kx134.v3,NODE_PROTOTYPE,1,KX134_SENSOR_1,sensor_node_1,D4:E9:F4:E9:8E:1C,56621,566689925,0,0,NA,0,-307,-3981,223,-0.074951,-0.971924,0.054443,100,100,8,UNCALIBRATED_SENSOR_1,false,CALIBRATION_MISSING,CALIBRATION_MISSING,kx134_single_node_i2c.0.1.0,kx134.v3
kx134.v3,NODE_PROTOTYPE,1,KX134_SENSOR_1,sensor_node_1,D4:E9:F4:E9:8E:1C,56622,566699924,0,0,NA,0,-302,-3977,240,-0.073730,-0.970947,0.058594,100,100,8,UNCALIBRATED_SENSOR_1,false,CALIBRATION_MISSING,CALIBRATION_MISSING,kx134_single_node_i2c.0.1.0,kx134.v3
kx134.v3,NODE_PROTOTYPE,1,KX134_SENSOR_1,sensor_node_1,D4:E9:F4:E9:8E:1C,56623,566709924,0,0,NA,0,-330,-3980,239,-0.080566,-0.971680,0.058350,100,100,8,UNCALIBRATED_SENSOR_1,false,CALIBRATION_MISSING,CALIBRATION_MISSING,kx134_single_node_i2c.0.1.0,kx134.v3
kx134.v3,NODE_PROTOTYPE,1,KX134_SENSOR_1,sensor_node_1,D4:E9:F4:E9:8E:1C,56624,566719925,0,0,NA,0,-344,-3973,236,-0.083984,-0.969971,0.057617,100,100,8,UNCALIBRATED_SENSOR_1,false,CALIBRATION_MISSING,CALIBRATION_MISSING,kx134_single_node_i2c.0.1.0,kx134.v3
kx134.v3,NODE_PROTOTYPE,1,KX134_SENSOR_1,sensor_node_1,D4:E9:F4:E9:8E:1C,56625,566729924,0,0,NA,0,-352,-3984,243,-0.085937,-0.972656,0.059326,100,100,8,UNCALIBRATED_SENSOR_1,false,CALIBRATION_MISSING,CALIBRATION_MISSING,kx134_single_node_i2c.0.1.0,kx134.v3
kx134.v3,NODE_PROTOTYPE,1,KX134_SENSOR_1,sensor_node_1,D4:E9:F4:E9:8E:1C,56626,566739925,0,0,NA,0,-360,-3988,231,-0.087891,-0.973633,0.056396,100,100,8,UNCALIBRATED_SENSOR_1,false,CALIBRATION_MISSING,CALIBRATION_MISSING,kx134_single_node_i2c.0.1.0,kx134.v3
kx134.v3,NODE_PROTOTYPE,1,KX134_SENSOR_1,sensor_node_1,D4:E9:F4:E9:8E:1C,56627,566749925,0,0,NA,0,-355,-3944,248,-0.086670,-0.962891,0.060547,100,100,8,UNCALIBRATED_SENSOR_1,false,CALIBRATION_MISSING,CALIBRATION_MISSING,kx134_single_node_i2c.0.1.0,kx134.v3
kx134.v3,NODE_PROTOTYPE,1,KX134_SENSOR_1,sensor_node_1,D4:E9:F4:E9:8E:1C,56628,566759924,0,0,NA,0,-323,-3923,269,-0.078857,-0.957764,0.065674,100,100,8,UNCALIBRATED_SENSOR_1,false,CALIBRATION_MISSING,CALIBRATION_MISSING,kx134_single_node_i2c.0.1.0,kx134.v3
kx134.v3,NODE_PROTOTYPE,1,KX134_SENSOR_1,sensor_node_1,D4:E9:F4:E9:8E:1C,56629,566769925,0,0,NA,0,-294,-3943,262,-0.071777,-0.962646,0.063965,100,100,8,UNCALIBRATED_SENSOR_1,false,CALIBRATION_MISSING,CALIBRATION_MISSING,kx134_single_node_i2c.0.1.0,kx134.v3
kx134.v3,NODE_PROTOTYPE,1,KX134_SENSOR_1,sensor_node_1,D4:E9:F4:E9:8E:1C,56630,566779925,0,0,NA,0,-300,-3949,238,-0.073242,-0.964111,0.058105,100,100,8,UNCALIBRATED_SENSOR_1,false,CALIBRATION_MISSING,CALIBRATION_MISSING,kx134_single_node_i2c.0.1.0,kx134.v3
kx134.v3,NODE_PROTOTYPE,1,KX134_SENSOR_1,sensor_node_1,D4:E9:F4:E9:8E:1C,56631,566789925,0,0,NA,0,-315,-3956,218,-0.076904,-0.965820,0.053223,100,100,8,UNCALIBRATED_SENSOR_1,false,CALIBRATION_MISSING,CALIBRATION_MISSING,kx134_single_node_i2c.0.1.0,kx134.v3
kx134.v3,NODE_PROTOTYPE,1,KX134_SENSOR_1,sensor_node_1,D4:E9:F4:E9:8E:1C,56632,566799925,0,0,NA,0,-338,-3963,222,-0.082520,-0.967529,0.054199,100,100,8,UNCALIBRATED_SENSOR_1,false,CALIBRATION_MISSING,CALIBRATION_MISSING,kx134_single_node_i2c.0.1.0,kx134.v3
kx134.v3,NODE_PROTOTYPE,1,KX134_SENSOR_1,sensor_node_1,D4:E9:F4:E9:8E:1C,56633,566809925,0,0,NA,0,-348,-3977,211,-0.084961,-0.970947,0.051514,100,100,8,UNCALIBRATED_SENSOR_1,false,CALIBRATION_MISSING,CALIBRATION_MISSING,kx134_single_node_i2c.0.1.0,kx134.v3
kx134.v3,NODE_PROTOTYPE,1,KX134_SENSOR_1,sensor_node_1,D4:E9:F4:E9:8E:1C,56634,566819925,0,0,NA,0,-345,-3988,180,-0.084229,-0.973633,0.043945,100,100,8,UNCALIBRATED_SENSOR_1,false,CALIBRATION_MISSING,CALIBRATION_MISSING,kx134_single_node_i2c.0.1.0,kx134.v3
kx134.v3,NODE_PROTOTYPE,1,KX134_SENSOR_1,sensor_node_1,D4:E9:F4:E9:8E:1C,56635,566829925,0,0,NA,0,-343,-3977,177,-0.083740,-0.970947,0.043213,100,100,8,UNCALIBRATED_SENSOR_1,false,CALIBRATION_MISSING,CALIBRATION_MISSING,kx134_single_node_i2c.0.1.0,kx134.v3
kx134.v3,NODE_PROTOTYPE,1,KX134_SENSOR_1,sensor_node_1,D4:E9:F4:E9:8E:1C,56636,566839925,0,0,NA,0,-344,-3958,203,-0.083984,-0.966309,0.049561,100,100,8,UNCALIBRATED_SENSOR_1,false,CALIBRATION_MISSING,CALIBRATION_MISSING,kx134_single_node_i2c.0.1.0,kx134.v3
kx134.v3,NODE_PROTOTYPE,1,KX134_SENSOR_1,sensor_node_1,D4:E9:F4:E9:8E:1C,56637,566849925,0,0,NA,0,-358,-3932,223,-0.087402,-0.959961,0.054443,100,100,8,UNCALIBRATED_SENSOR_1,false,CALIBRATION_MISSING,CALIBRATION_MISSING,kx134_single_node_i2c.0.1.0,kx134.v3
kx134.v3,NODE_PROTOTYPE,1,KX134_SENSOR_1,sensor_node_1,D4:E9:F4:E9:8E:1C,56638,566859925,0,0,NA,0,-372,-3930,244,-0.090820,-0.959473,0.059570,100,100,8,UNCALIBRATED_SENSOR_1,false,CALIBRATION_MISSING,CALIBRATION_MISSING,kx134_single_node_i2c.0.1.0,kx134.v3
kx134.v3,NODE_PROTOTYPE,1,KX134_SENSOR_1,sensor_node_1,D4:E9:F4:E9:8E:1C,56639,566869925,0,0,NA,0,-362,-3952,266,-0.088379,-0.964844,0.064941,100,100,8,UNCALIBRATED_SENSOR_1,false,CALIBRATION_MISSING,CALIBRATION_MISSING,kx134_single_node_i2c.0.1.0,kx134.v3
kx134.v3,NODE_PROTOTYPE,1,KX134_SENSOR_1,sensor_node_1,D4:E9:F4:E9:8E:1C,56640,566879924,0,0,NA,0,-374,-3964,245,-0.091309,-0.967773,0.059814,100,100,8,UNCALIBRATED_SENSOR_1,false,CALIBRATION_MISSING,CALIBRATION_MISSING,kx134_single_node_i2c.0.1.0,kx134.v3
kx134.v3,NODE_PROTOTYPE,1,KX134_SENSOR_1,sensor_node_1,D4:E9:F4:E9:8E:1C,56641,566889924,0,0,NA,0,-379,-3959,204,-0.092529,-0.966553,0.049805,100,100,8,UNCALIBRATED_SENSOR_1,false,CALIBRATION_MISSING,CALIBRATION_MISSING,kx134_single_node_i2c.0.1.0,kx134.v3
kx134.v3,NODE_PROTOTYPE,1,KX134_SENSOR_1,sensor_node_1,D4:E9:F4:E9:8E:1C,56642,566899924,0,0,NA,0,-368,-3963,207,-0.089844,-0.967529,0.050537,100,100,8,UNCALIBRATED_SENSOR_1,false,CALIBRATION_MISSING,CALIBRATION_MISSING,kx134_single_node_i2c.0.1.0,kx134.v3
kx134.v3,NODE_PROTOTYPE,1,KX134_SENSOR_1,sensor_node_1,D4:E9:F4:E9:8E:1C,56643,566909925,0,0,NA,0,-384,-3996,236,-0.093750,-0.975586,0.057617,100,100,8,UNCALIBRATED_SENSOR_1,false,CALIBRATION_MISSING,CALIBRATION_MISSING,kx134_single_node_i2c.0.1.0,kx134.v3
kx134.v3,NODE_PROTOTYPE,1,KX134_SENSOR_1,sensor_node_1,D4:E9:F4:E9:8E:1C,56644,566919925,0,0,NA,0,-380,-3995,232,-0.092773,-0.975342,0.056641,100,100,8,UNCALIBRATED_SENSOR_1,false,CALIBRATION_MISSING,CALIBRATION_MISSING,kx134_single_node_i2c.0.1.0,kx134.v3
kx134.v3,NODE_PROTOTYPE,1,KX134_SENSOR_1,sensor_node_1,D4:E9:F4:E9:8E:1C,56645,566929924,0,0,NA,0,-367,-3959,221,-0.089600,-0.966553,0.053955,100,100,8,UNCALIBRATED_SENSOR_1,false,CALIBRATION_MISSING,CALIBRATION_MISSING,kx134_single_node_i2c.0.1.0,kx134.v3
kx134.v3,NODE_PROTOTYPE,1,KX134_SENSOR_1,sensor_node_1,D4:E9:F4:E9:8E:1C,56646,566939925,0,0,NA,0,-333,-4004,238,-0.081299,-0.977539,0.058105,100,100,8,UNCALIBRATED_SENSOR_1,false,CALIBRATION_MISSING,CALIBRATION_MISSING,kx134_single_node_i2c.0.1.0,kx134.v3
kx134.v3,NODE_PROTOTYPE,1,KX134_SENSOR_1,sensor_node_1,D4:E9:F4:E9:8E:1C,56647,566949925,0,0,NA,0,-339,-3990,218,-0.082764,-0.974121,0.053223,100,100,8,UNCALIBRATED_SENSOR_1,false,CALIBRATION_MISSING,CALIBRATION_MISSING,kx134_single_node_i2c.0.1.0,kx134.v3
kx134.v3,NODE_PROTOTYPE,1,KX134_SENSOR_1,sensor_node_1,D4:E9:F4:E9:8E:1C,56648,566959924,0,0,NA,0,-399,-3912,191,-0.097412,-0.955078,0.046631,100,100,8,UNCALIBRATED_SENSOR_1,false,CALIBRATION_MISSING,CALIBRATION_MISSING,kx134_single_node_i2c.0.1.0,kx134.v3
kx134.v3,NODE_PROTOTYPE,1,KX134_SENSOR_1,sensor_node_1,D4:E9:F4:E9:8E:1C,56649,566969924,0,0,NA,0,-399,-3912,191,-0.097412,-0.955078,0.046631,100,100,8,UNCALIBRATED_SENSOR_1,false,CALIBRATION_MISSING,CALIBRATION_MISSING,kx134_single_node_i2c.0.1.0,kx134.v3
kx134.v3,NODE_PROTOTYPE,1,KX134_SENSOR_1,sensor_node_1,D4:E9:F4:E9:8E:1C,56650,566979924,0,0,NA,0,-387,-3932,216,-0.094482,-0.959961,0.052734,100,100,8,UNCALIBRATED_SENSOR_1,false,CALIBRATION_MISSING,CALIBRATION_MISSING,kx134_single_node_i2c.0.1.0,kx134.v3
kx134.v3,NODE_PROTOTYPE,1,KX134_SENSOR_1,sensor_node_1,D4:E9:F4:E9:8E:1C,56651,566989925,0,0,NA,0,-362,-3871,236,-0.088379,-0.945068,0.057617,100,100,8,UNCALIBRATED_SENSOR_1,false,CALIBRATION_MISSING,CALIBRATION_MISSING,kx134_single_node_i2c.0.1.0,kx134.v3
kx134.v3,NODE_PROTOTYPE,1,KX134_SENSOR_1,sensor_node_1,D4:E9:F4:E9:8E:1C,56652,566999925,0,0,NA,0,-326,-3878,269,-0.079590,-0.946777,0.065674,100,100,8,UNCALIBRATED_SENSOR_1,false,CALIBRATION_MISSING,CALIBRATION_MISSING,kx134_single_node_i2c.0.1.0,kx134.v3
kx134.v3,NODE_PROTOTYPE,1,KX134_SENSOR_1,sensor_node_1,D4:E9:F4:E9:8E:1C,56653,567009925,0,0,NA,0,-278,-3931,302,-0.067871,-0.959717,0.073730,100,100,8,UNCALIBRATED_SENSOR_1,false,CALIBRATION_MISSING,CALIBRATION_MISSING,kx134_single_node_i2c.0.1.0,kx134.v3
kx134.v3,NODE_PROTOTYPE,1,KX134_SENSOR_1,sensor_node_1,D4:E9:F4:E9:8E:1C,56654,567019925,0,0,NA,0,-239,-3931,194,-0.058350,-0.959717,0.047363,100,100,8,UNCALIBRATED_SENSOR_1,false,CALIBRATION_MISSING,CALIBRATION_MISSING,kx134_single_node_i2c.0.1.0,kx134.v3
kx134.v3,NODE_PROTOTYPE,1,KX134_SENSOR_1,sensor_node_1,D4:E9:F4:E9:8E:1C,56655,567029925,0,0,NA,0,-278,-3947,87,-0.067871,-0.963623,0.021240,100,100,8,UNCALIBRATED_SENSOR_1,false,CALIBRATION_MISSING,CALIBRATION_MISSING,kx134_single_node_i2c.0.1.0,kx134.v3
kx134.v3,NODE_PROTOTYPE,1,KX134_SENSOR_1,sensor_node_1,D4:E9:F4:E9:8E:1C,56656,567039924,0,0,NA,0,-337,-3933,152,-0.082275,-0.960205,0.037109,100,100,8,UNCALIBRATED_SENSOR_1,false,CALIBRATION_MISSING,CALIBRATION_MISSING,kx134_single_node_i2c.0.1.0,kx134.v3
kx134.v3,NODE_PROTOTYPE,1,KX134_SENSOR_1,sensor_node_1,D4:E9:F4:E9:8E:1C,56657,567049925,0,0,NA,0,-337,-3960,211,-0.082275,-0.966797,0.051514,100,100,8,UNCALIBRATED_SENSOR_1,false,CALIBRATION_MISSING,CALIBRATION_MISSING,kx134_single_node_i2c.0.1.0,kx134.v3
kx134.v3,NODE_PROTOTYPE,1,KX134_SENSOR_1,sensor_node_1,D4:E9:F4:E9:8E:1C,56658,567059924,0,0,NA,0,-353,-3990,227,-0.086182,-0.974121,0.055420,100,100,8,UNCALIBRATED_SENSOR_1,false,CALIBRATION_MISSING,CALIBRATION_MISSING,kx134_single_node_i2c.0.1.0,kx134.v3
kx134.v3,NODE_PROTOTYPE,1,KX134_SENSOR_1,sensor_node_1,D4:E9:F4:E9:8E:1C,56659,567069925,0,0,NA,0,-319,-4001,246,-0.077881,-0.976807,0.060059,100,100,8,UNCALIBRATED_SENSOR_1,false,CALIBRATION_MISSING,CALIBRATION_MISSING,kx134_single_node_i2c.0.1.0,kx134.v3
kx134.v3,NODE_PROTOTYPE,1,KX134_SENSOR_1,sensor_node_1,D4:E9:F4:E9:8E:1C,56660,567079924,0,0,NA,0,-319,-3996,259,-0.077881,-0.975586,0.063232,100,100,8,UNCALIBRATED_SENSOR_1,false,CALIBRATION_MISSING,CALIBRATION_MISSING,kx134_single_node_i2c.0.1.0,kx134.v3
kx134.v3,NODE_PROTOTYPE,1,KX134_SENSOR_1,sensor_node_1,D4:E9:F4:E9:8E:1C,56661,567089925,0,0,NA,0,-351,-4005,229,-0.085693,-0.977783,0.055908,100,100,8,UNCALIBRATED_SENSOR_1,false,CALIBRATION_MISSING,CALIBRATION_MISSING,kx134_single_node_i2c.0.1.0,kx134.v3
kx134.v3,NODE_PROTOTYPE,1,KX134_SENSOR_1,sensor_node_1,D4:E9:F4:E9:8E:1C,56662,567099925,0,0,NA,0,-333,-4005,220,-0.081299,-0.977783,0.053711,100,100,8,UNCALIBRATED_SENSOR_1,false,CALIBRATION_MISSING,CALIBRATION_MISSING,kx134_single_node_i2c.0.1.0,kx134.v3
kx134.v3,NODE_PROTOTYPE,1,KX134_SENSOR_1,sensor_node_1,D4:E9:F4:E9:8E:1C,56663,567109924,0,0,NA,0,-358,-3983,250,-0.087402,-0.972412,0.061035,100,100,8,UNCALIBRATED_SENSOR_1,false,CALIBRATION_MISSING,CALIBRATION_MISSING,kx134_single_node_i2c.0.1.0,kx134.v3
kx134.v3,NODE_PROTOTYPE,1,KX134_SENSOR_1,sensor_node_1,D4:E9:F4:E9:8E:1C,56664,567119925,0,0,NA,0,-396,-3978,233,-0.096680,-0.971191,0.056885,100,100,8,UNCALIBRATED_SENSOR_1,false,CALIBRATION_MISSING,CALIBRATION_MISSING,kx134_single_node_i2c.0.1.0,kx134.v3
kx134.v3,NODE_PROTOTYPE,1,KX134_SENSOR_1,sensor_node_1,D4:E9:F4:E9:8E:1C,56665,567129925,0,0,NA,0,-373,-3993,208,-0.091064,-0.974854,0.050781,100,100,8,UNCALIBRATED_SENSOR_1,false,CALIBRATION_MISSING,CALIBRATION_MISSING,kx134_single_node_i2c.0.1.0,kx134.v3
kx134.v3,NODE_PROTOTYPE,1,KX134_SENSOR_1,sensor_node_1,D4:E9:F4:E9:8E:1C,56666,567139924,0,0,NA,0,-365,-3996,199,-0.089111,-0.975586,0.048584,100,100,8,UNCALIBRATED_SENSOR_1,false,CALIBRATION_MISSING,CALIBRATION_MISSING,kx134_single_node_i2c.0.1.0,kx134.v3
kx134.v3,NODE_PROTOTYPE,1,KX134_SENSOR_1,sensor_node_1,D4:E9:F4:E9:8E:1C,56667,567149925,0,0,NA,0,-357,-4002,227,-0.087158,-0.977051,0.055420,100,100,8,UNCALIBRATED_SENSOR_1,false,CALIBRATION_MISSING,CALIBRATION_MISSING,kx134_single_node_i2c.0.1.0,kx134.v3
kx134.v3,NODE_PROTOTYPE,1,KX134_SENSOR_1,sensor_node_1,D4:E9:F4:E9:8E:1C,56668,567159925,0,0,NA,0,-337,-3995,258,-0.082275,-0.975342,0.062988,100,100,8,UNCALIBRATED_SENSOR_1,false,CALIBRATION_MISSING,CALIBRATION_MISSING,kx134_single_node_i2c.0.1.0,kx134.v3
kx134.v3,NODE_PROTOTYPE,1,KX134_SENSOR_1,sensor_node_1,D4:E9:F4:E9:8E:1C,56669,567169924,0,0,NA,0,-344,-4014,266,-0.083984,-0.979980,0.064941,100,100,8,UNCALIBRATED_SENSOR_1,false,CALIBRATION_MISSING,CALIBRATION_MISSING,kx134_single_node_i2c.0.1.0,kx134.v3
kx134.v3,NODE_PROTOTYPE,1,KX134_SENSOR_1,sensor_node_1,D4:E9:F4:E9:8E:1C,56670,567179924,0,0,NA,0,-350,-4046,249,-0.085449,-0.987793,0.060791,100,100,8,UNCALIBRATED_SENSOR_1,false,CALIBRATION_MISSING,CALIBRATION_MISSING,kx134_single_node_i2c.0.1.0,kx134.v3
kx134.v3,NODE_PROTOTYPE,1,KX134_SENSOR_1,sensor_node_1,D4:E9:F4:E9:8E:1C,56671,567189924,0,0,NA,0,-371,-4014,235,-0.090576,-0.979980,0.057373,100,100,8,UNCALIBRATED_SENSOR_1,false,CALIBRATION_MISSING,CALIBRATION_MISSING,kx134_single_node_i2c.0.1.0,kx134.v3
kx134.v3,NODE_PROTOTYPE,1,KX134_SENSOR_1,sensor_node_1,D4:E9:F4:E9:8E:1C,56672,567199924,0,0,NA,0,-391,-3985,259,-0.095459,-0.972900,0.063232,100,100,8,UNCALIBRATED_SENSOR_1,false,CALIBRATION_MISSING,CALIBRATION_MISSING,kx134_single_node_i2c.0.1.0,kx134.v3
kx134.v3,NODE_PROTOTYPE,1,KX134_SENSOR_1,sensor_node_1,D4:E9:F4:E9:8E:1C,56673,567209925,0,0,NA,0,-378,-3974,261,-0.092285,-0.970215,0.063721,100,100,8,UNCALIBRATED_SENSOR_1,false,CALIBRATION_MISSING,CALIBRATION_MISSING,kx134_single_node_i2c.0.1.0,kx134.v3
kx134.v3,NODE_PROTOTYPE,1,KX134_SENSOR_1,sensor_node_1,D4:E9:F4:E9:8E:1C,56674,567219925,0,0,NA,0,-365,-3967,238,-0.089111,-0.968506,0.058105,100,100,8,UNCALIBRATED_SENSOR_1,false,CALIBRATION_MISSING,CALIBRATION_MISSING,kx134_single_node_i2c.0.1.0,kx134.v3
kx134.v3,NODE_PROTOTYPE,1,KX134_SENSOR_1,sensor_node_1,D4:E9:F4:E9:8E:1C,56675,567229924,0,0,NA,0,-366,-3966,254,-0.089355,-0.968262,0.062012,100,100,8,UNCALIBRATED_SENSOR_1,false,CALIBRATION_MISSING,CALIBRATION_MISSING,kx134_single_node_i2c.0.1.0,kx134.v3
kx134.v3,NODE_PROTOTYPE,1,KX134_SENSOR_1,sensor_node_1,D4:E9:F4:E9:8E:1C,56676,567239924,0,0,NA,0,-350,-3975,268,-0.085449,-0.970459,0.065430,100,100,8,UNCALIBRATED_SENSOR_1,false,CALIBRATION_MISSING,CALIBRATION_MISSING,kx134_single_node_i2c.0.1.0,kx134.v3
kx134.v3,NODE_PROTOTYPE,1,KX134_SENSOR_1,sensor_node_1,D4:E9:F4:E9:8E:1C,56677,567249925,0,0,NA,0,-341,-4003,265,-0.083252,-0.977295,0.064697,100,100,8,UNCALIBRATED_SENSOR_1,false,CALIBRATION_MISSING,CALIBRATION_MISSING,kx134_single_node_i2c.0.1.0,kx134.v3
kx134.v3,NODE_PROTOTYPE,1,KX134_SENSOR_1,sensor_node_1,D4:E9:F4:E9:8E:1C,56678,567259925,0,0,NA,0,-357,-3991,256,-0.087158,-0.974365,0.062500,100,100,8,UNCALIBRATED_SENSOR_1,false,CALIBRATION_MISSING,CALIBRATION_MISSING,kx134_single_node_i2c.0.1.0,kx134.v3
kx134.v3,NODE_PROTOTYPE,1,KX134_SENSOR_1,sensor_node_1,D4:E9:F4:E9:8E:1C,56679,567269924,0,0,NA,0,-358,-3956,240,-0.087402,-0.965820,0.058594,100,100,8,UNCALIBRATED_SENSOR_1,false,CALIBRATION_MISSING,CALIBRATION_MISSING,kx134_single_node_i2c.0.1.0,kx134.v3
kx134.v3,NODE_PROTOTYPE,1,KX134_SENSOR_1,sensor_node_1,D4:E9:F4:E9:8E:1C,56680,567279924,0,0,NA,0,-357,-3948,249,-0.087158,-0.963867,0.060791,100,100,8,UNCALIBRATED_SENSOR_1,false,CALIBRATION_MISSING,CALIBRATION_MISSING,kx134_single_node_i2c.0.1.0,kx134.v3
kx134.v3,NODE_PROTOTYPE,1,KX134_SENSOR_1,sensor_node_1,D4:E9:F4:E9:8E:1C,56681,567289924,0,0,NA,0,-340,-3960,270,-0.083008,-0.966797,0.065918,100,100,8,UNCALIBRATED_SENSOR_1,false,CALIBRATION_MISSING,CALIBRATION_MISSING,kx134_single_node_i2c.0.1.0,kx134.v3
kx134.v3,NODE_PROTOTYPE,1,KX134_SENSOR_1,sensor_node_1,D4:E9:F4:E9:8E:1C,56682,567299925,0,0,NA,0,-311,-3969,283,-0.075928,-0.968994,0.069092,100,100,8,UNCALIBRATED_SENSOR_1,false,CALIBRATION_MISSING,CALIBRATION_MISSING,kx134_single_node_i2c.0.1.0,kx134.v3
kx134.v3,NODE_PROTOTYPE,1,KX134_SENSOR_1,sensor_node_1,D4:E9:F4:E9:8E:1C,56683,567309925,0,0,NA,0,-323,-3975,290,-0.078857,-0.970459,0.070801,100,100,8,UNCALIBRATED_SENSOR_1,false,CALIBRATION_MISSING,CALIBRATION_MISSING,kx134_single_node_i2c.0.1.0,kx134.v3
kx134.v3,NODE_PROTOTYPE,1,KX134_SENSOR_1,sensor_node_1,D4:E9:F4:E9:8E:1C,56684,567319925,0,0,NA,0,-372,-3942,248,-0.090820,-0.962402,0.060547,100,100,8,UNCALIBRATED_SENSOR_1,false,CALIBRATION_MISSING,CALIBRATION_MISSING,kx134_single_node_i2c.0.1.0,kx134.v3
kx134.v3,NODE_PROTOTYPE,1,KX134_SENSOR_1,sensor_node_1,D4:E9:F4:E9:8E:1C,56685,567329924,0,0,NA,0,-401,-3918,220,-0.097900,-0.956543,0.053711,100,100,8,UNCALIBRATED_SENSOR_1,false,CALIBRATION_MISSING,CALIBRATION_MISSING,kx134_single_node_i2c.0.1.0,kx134.v3
kx134.v3,NODE_PROTOTYPE,1,KX134_SENSOR_1,sensor_node_1,D4:E9:F4:E9:8E:1C,56686,567339925,0,0,NA,0,-390,-3924,261,-0.095215,-0.958008,0.063721,100,100,8,UNCALIBRATED_SENSOR_1,false,CALIBRATION_MISSING,CALIBRATION_MISSING,kx134_single_node_i2c.0.1.0,kx134.v3
kx134.v3,NODE_PROTOTYPE,1,KX134_SENSOR_1,sensor_node_1,D4:E9:F4:E9:8E:1C,56687,567349924,0,0,NA,0,-385,-3940,256,-0.093994,-0.961914,0.062500,100,100,8,UNCALIBRATED_SENSOR_1,false,CALIBRATION_MISSING,CALIBRATION_MISSING,kx134_single_node_i2c.0.1.0,kx134.v3
kx134.v3,NODE_PROTOTYPE,1,KX134_SENSOR_1,sensor_node_1,D4:E9:F4:E9:8E:1C,56688,567359924,0,0,NA,0,-353,-4014,257,-0.086182,-0.979980,0.062744,100,100,8,UNCALIBRATED_SENSOR_1,false,CALIBRATION_MISSING,CALIBRATION_MISSING,kx134_single_node_i2c.0.1.0,kx134.v3
kx134.v3,NODE_PROTOTYPE,1,KX134_SENSOR_1,sensor_node_1,D4:E9:F4:E9:8E:1C,56689,567369924,0,0,NA,0,-346,-4007,245,-0.084473,-0.978271,0.059814,100,100,8,UNCALIBRATED_SENSOR_1,false,CALIBRATION_MISSING,CALIBRATION_MISSING,kx134_single_node_i2c.0.1.0,kx134.v3
kx134.v3,NODE_PROTOTYPE,1,KX134_SENSOR_1,sensor_node_1,D4:E9:F4:E9:8E:1C,56690,567379925,0,0,NA,0,-361,-3949,212,-0.088135,-0.964111,0.051758,100,100,8,UNCALIBRATED_SENSOR_1,false,CALIBRATION_MISSING,CALIBRATION_MISSING,kx134_single_node_i2c.0.1.0,kx134.v3
kx134.v3,NODE_PROTOTYPE,1,KX134_SENSOR_1,sensor_node_1,D4:E9:F4:E9:8E:1C,56691,567389924,0,0,NA,0,-314,-3953,229,-0.076660,-0.965088,0.055908,100,100,8,UNCALIBRATED_SENSOR_1,false,CALIBRATION_MISSING,CALIBRATION_MISSING,kx134_single_node_i2c.0.1.0,kx134.v3
kx134.v3,NODE_PROTOTYPE,1,KX134_SENSOR_1,sensor_node_1,D4:E9:F4:E9:8E:1C,56692,567399925,0,0,NA,0,-312,-3966,256,-0.076172,-0.968262,0.062500,100,100,8,UNCALIBRATED_SENSOR_1,false,CALIBRATION_MISSING,CALIBRATION_MISSING,kx134_single_node_i2c.0.1.0,kx134.v3
kx134.v3,NODE_PROTOTYPE,1,KX134_SENSOR_1,sensor_node_1,D4:E9:F4:E9:8E:1C,56693,567409924,0,0,NA,0,-331,-4012,296,-0.080811,-0.979492,0.072266,100,100,8,UNCALIBRATED_SENSOR_1,false,CALIBRATION_MISSING,CALIBRATION_MISSING,kx134_single_node_i2c.0.1.0,kx134.v3
kx134.v3,NODE_PROTOTYPE,1,KX134_SENSOR_1,sensor_node_1,D4:E9:F4:E9:8E:1C,56694,567419925,0,0,NA,0,-315,-4025,302,-0.076904,-0.982666,0.073730,100,100,8,UNCALIBRATED_SENSOR_1,false,CALIBRATION_MISSING,CALIBRATION_MISSING,kx134_single_node_i2c.0.1.0,kx134.v3
kx134.v3,NODE_PROTOTYPE,1,KX134_SENSOR_1,sensor_node_1,D4:E9:F4:E9:8E:1C,56695,567429924,0,0,NA,0,-312,-3997,266,-0.076172,-0.975830,0.064941,100,100,8,UNCALIBRATED_SENSOR_1,false,CALIBRATION_MISSING,CALIBRATION_MISSING,kx134_single_node_i2c.0.1.0,kx134.v3
kx134.v3,NODE_PROTOTYPE,1,KX134_SENSOR_1,sensor_node_1,D4:E9:F4:E9:8E:1C,56696,567439924,0,0,NA,0,-335,-3989,230,-0.081787,-0.973877,0.056152,100,100,8,UNCALIBRATED_SENSOR_1,false,CALIBRATION_MISSING,CALIBRATION_MISSING,kx134_single_node_i2c.0.1.0,kx134.v3
kx134.v3,NODE_PROTOTYPE,1,KX134_SENSOR_1,sensor_node_1,D4:E9:F4:E9:8E:1C,56697,567449925,0,0,NA,0,-366,-3969,196,-0.089355,-0.968994,0.047852,100,100,8,UNCALIBRATED_SENSOR_1,false,CALIBRATION_MISSING,CALIBRATION_MISSING,kx134_single_node_i2c.0.1.0,kx134.v3
kx134.v3,NODE_PROTOTYPE,1,KX134_SENSOR_1,sensor_node_1,D4:E9:F4:E9:8E:1C,56698,567459924,0,0,NA,0,-356,-3980,183,-0.086914,-0.971680,0.044678,100,100,8,UNCALIBRATED_SENSOR_1,false,CALIBRATION_MISSING,CALIBRATION_MISSING,kx134_single_node_i2c.0.1.0,kx134.v3
kx134.v3,NODE_PROTOTYPE,1,KX134_SENSOR_1,sensor_node_1,D4:E9:F4:E9:8E:1C,56699,567469924,0,0,NA,0,-346,-3987,195,-0.084473,-0.973389,0.047607,100,100,8,UNCALIBRATED_SENSOR_1,false,CALIBRATION_MISSING,CALIBRATION_MISSING,kx134_single_node_i2c.0.1.0,kx134.v3
kx134.v3,NODE_PROTOTYPE,1,KX134_SENSOR_1,sensor_node_1,D4:E9:F4:E9:8E:1C,56700,567479925,0,0,NA,0,-375,-3958,216,-0.091553,-0.966309,0.052734,100,100,8,UNCALIBRATED_SENSOR_1,false,CALIBRATION_MISSING,CALIBRATION_MISSING,kx134_single_node_i2c.0.1.0,kx134.v3
kx134.v3,NODE_PROTOTYPE,1,KX134_SENSOR_1,sensor_node_1,D4:E9:F4:E9:8E:1C,56701,567489925,0,0,NA,0,-387,-3953,242,-0.094482,-0.965088,0.059082,100,100,8,UNCALIBRATED_SENSOR_1,false,CALIBRATION_MISSING,CALIBRATION_MISSING,kx134_single_node_i2c.0.1.0,kx134.v3
kx134.v3,NODE_PROTOTYPE,1,KX134_SENSOR_1,sensor_node_1,D4:E9:F4:E9:8E:1C,56702,567499924,0,0,NA,0,-352,-3996,271,-0.085937,-0.975586,0.066162,100,100,8,UNCALIBRATED_SENSOR_1,false,CALIBRATION_MISSING,CALIBRATION_MISSING,kx134_single_node_i2c.0.1.0,kx134.v3
kx134.v3,NODE_PROTOTYPE,1,KX134_SENSOR_1,sensor_node_1,D4:E9:F4:E9:8E:1C,56703,567509925,0,0,NA,0,-338,-4009,270,-0.082520,-0.978760,0.065918,100,100,8,UNCALIBRATED_SENSOR_1,false,CALIBRATION_MISSING,CALIBRATION_MISSING,kx134_single_node_i2c.0.1.0,kx134.v3
kx134.v3,NODE_PROTOTYPE,1,KX134_SENSOR_1,sensor_node_1,D4:E9:F4:E9:8E:1C,56704,567519924,0,0,NA,0,-356,-3969,240,-0.086914,-0.968994,0.058594,100,100,8,UNCALIBRATED_SENSOR_1,false,CALIBRATION_MISSING,CALIBRATION_MISSING,kx134_single_node_i2c.0.1.0,kx134.v3
kx134.v3,NODE_PROTOTYPE,1,KX134_SENSOR_1,sensor_node_1,D4:E9:F4:E9:8E:1C,56705,567529925,0,0,NA,0,-368,-3963,234,-0.089844,-0.967529,0.057129,100,100,8,UNCALIBRATED_SENSOR_1,false,CALIBRATION_MISSING,CALIBRATION_MISSING,kx134_single_node_i2c.0.1.0,kx134.v3
kx134.v3,NODE_PROTOTYPE,1,KX134_SENSOR_1,sensor_node_1,D4:E9:F4:E9:8E:1C,56706,567539924,0,0,NA,0,-366,-4001,239,-0.089355,-0.976807,0.058350,100,100,8,UNCALIBRATED_SENSOR_1,false,CALIBRATION_MISSING,CALIBRATION_MISSING,kx134_single_node_i2c.0.1.0,kx134.v3
kx134.v3,NODE_PROTOTYPE,1,KX134_SENSOR_1,sensor_node_1,D4:E9:F4:E9:8E:1C,56707,567549925,0,0,NA,0,-326,-4050,267,-0.079590,-0.988770,0.065186,100,100,8,UNCALIBRATED_SENSOR_1,false,CALIBRATION_MISSING,CALIBRATION_MISSING,kx134_single_node_i2c.0.1.0,kx134.v3
kx134.v3,NODE_PROTOTYPE,1,KX134_SENSOR_1,sensor_node_1,D4:E9:F4:E9:8E:1C,56708,567559924,0,0,NA,0,-299,-4057,263,-0.072998,-0.990479,0.064209,100,100,8,UNCALIBRATED_SENSOR_1,false,CALIBRATION_MISSING,CALIBRATION_MISSING,kx134_single_node_i2c.0.1.0,kx134.v3
kx134.v3,NODE_PROTOTYPE,1,KX134_SENSOR_1,sensor_node_1,D4:E9:F4:E9:8E:1C,56709,567569925,0,0,NA,0,-283,-4010,234,-0.069092,-0.979004,0.057129,100,100,8,UNCALIBRATED_SENSOR_1,false,CALIBRATION_MISSING,CALIBRATION_MISSING,kx134_single_node_i2c.0.1.0,kx134.v3
kx134.v3,NODE_PROTOTYPE,1,KX134_SENSOR_1,sensor_node_1,D4:E9:F4:E9:8E:1C,56710,567579925,0,0,NA,0,-289,-3995,243,-0.070557,-0.975342,0.059326,100,100,8,UNCALIBRATED_SENSOR_1,false,CALIBRATION_MISSING,CALIBRATION_MISSING,kx134_single_node_i2c.0.1.0,kx134.v3
kx134.v3,NODE_PROTOTYPE,1,KX134_SENSOR_1,sensor_node_1,D4:E9:F4:E9:8E:1C,56711,567589925,0,0,NA,0,-344,-3977,235,-0.083984,-0.970947,0.057373,100,100,8,UNCALIBRATED_SENSOR_1,false,CALIBRATION_MISSING,CALIBRATION_MISSING,kx134_single_node_i2c.0.1.0,kx134.v3
kx134.v3,NODE_PROTOTYPE,1,KX134_SENSOR_1,sensor_node_1,D4:E9:F4:E9:8E:1C,56712,567599925,0,0,NA,0,-352,-3956,244,-0.085937,-0.965820,0.059570,100,100,8,UNCALIBRATED_SENSOR_1,false,CALIBRATION_MISSING,CALIBRATION_MISSING,kx134_single_node_i2c.0.1.0,kx134.v3
kx134.v3,NODE_PROTOTYPE,1,KX134_SENSOR_1,sensor_node_1,D4:E9:F4:E9:8E:1C,56713,567609924,0,0,NA,0,-336,-3982,265,-0.082031,-0.972168,0.064697,100,100,8,UNCALIBRATED_SENSOR_1,false,CALIBRATION_MISSING,CALIBRATION_MISSING,kx134_single_node_i2c.0.1.0,kx134.v3
kx134.v3,NODE_PROTOTYPE,1,KX134_SENSOR_1,sensor_node_1,D4:E9:F4:E9:8E:1C,56714,567619924,0,0,NA,0,-335,-4017,259,-0.081787,-0.980713,0.063232,100,100,8,UNCALIBRATED_SENSOR_1,false,CALIBRATION_MISSING,CALIBRATION_MISSING,kx134_single_node_i2c.0.1.0,kx134.v3
kx134.v3,NODE_PROTOTYPE,1,KX134_SENSOR_1,sensor_node_1,D4:E9:F4:E9:8E:1C,56715,567629924,0,0,NA,0,-340,-4023,246,-0.083008,-0.982178,0.060059,100,100,8,UNCALIBRATED_SENSOR_1,false,CALIBRATION_MISSING,CALIBRATION_MISSING,kx134_single_node_i2c.0.1.0,kx134.v3
kx134.v3,NODE_PROTOTYPE,1,KX134_SENSOR_1,sensor_node_1,D4:E9:F4:E9:8E:1C,56716,567639925,0,0,NA,0,-307,-4043,261,-0.074951,-0.987061,0.063721,100,100,8,UNCALIBRATED_SENSOR_1,false,CALIBRATION_MISSING,CALIBRATION_MISSING,kx134_single_node_i2c.0.1.0,kx134.v3
kx134.v3,NODE_PROTOTYPE,1,KX134_SENSOR_1,sensor_node_1,D4:E9:F4:E9:8E:1C,56717,567649925,0,0,NA,0,-291,-4056,256,-0.071045,-0.990234,0.062500,100,100,8,UNCALIBRATED_SENSOR_1,false,CALIBRATION_MISSING,CALIBRATION_MISSING,kx134_single_node_i2c.0.1.0,kx134.v3
kx134.v3,NODE_PROTOTYPE,1,KX134_SENSOR_1,sensor_node_1,D4:E9:F4:E9:8E:1C,56718,567659925,0,0,NA,0,-330,-4029,244,-0.080566,-0.983643,0.059570,100,100,8,UNCALIBRATED_SENSOR_1,false,CALIBRATION_MISSING,CALIBRATION_MISSING,kx134_single_node_i2c.0.1.0,kx134.v3
kx134.v3,NODE_PROTOTYPE,1,KX134_SENSOR_1,sensor_node_1,D4:E9:F4:E9:8E:1C,56719,567669924,0,0,NA,0,-353,-4017,243,-0.086182,-0.980713,0.059326,100,100,8,UNCALIBRATED_SENSOR_1,false,CALIBRATION_MISSING,CALIBRATION_MISSING,kx134_single_node_i2c.0.1.0,kx134.v3
kx134.v3,NODE_PROTOTYPE,1,KX134_SENSOR_1,sensor_node_1,D4:E9:F4:E9:8E:1C,56720,567679924,0,0,NA,0,-356,-3986,225,-0.086914,-0.973145,0.054932,100,100,8,UNCALIBRATED_SENSOR_1,false,CALIBRATION_MISSING,CALIBRATION_MISSING,kx134_single_node_i2c.0.1.0,kx134.v3
kx134.v3,NODE_PROTOTYPE,1,KX134_SENSOR_1,sensor_node_1,D4:E9:F4:E9:8E:1C,56721,567689924,0,0,NA,0,-319,-3987,260,-0.077881,-0.973389,0.063477,100,100,8,UNCALIBRATED_SENSOR_1,false,CALIBRATION_MISSING,CALIBRATION_MISSING,kx134_single_node_i2c.0.1.0,kx134.v3
kx134.v3,NODE_PROTOTYPE,1,KX134_SENSOR_1,sensor_node_1,D4:E9:F4:E9:8E:1C,56722,567699925,0,0,NA,0,-292,-4000,299,-0.071289,-0.976562,0.072998,100,100,8,UNCALIBRATED_SENSOR_1,false,CALIBRATION_MISSING,CALIBRATION_MISSING,kx134_single_node_i2c.0.1.0,kx134.v3
kx134.v3,NODE_PROTOTYPE,1,KX134_SENSOR_1,sensor_node_1,D4:E9:F4:E9:8E:1C,56723,567709924,0,0,NA,0,-317,-3992,280,-0.077393,-0.974609,0.068359,100,100,8,UNCALIBRATED_SENSOR_1,false,CALIBRATION_MISSING,CALIBRATION_MISSING,kx134_single_node_i2c.0.1.0,kx134.v3
kx134.v3,NODE_PROTOTYPE,1,KX134_SENSOR_1,sensor_node_1,D4:E9:F4:E9:8E:1C,56724,567719924,0,0,NA,0,-317,-3981,264,-0.077393,-0.971924,0.064453,100,100,8,UNCALIBRATED_SENSOR_1,false,CALIBRATION_MISSING,CALIBRATION_MISSING,kx134_single_node_i2c.0.1.0,kx134.v3
kx134.v3,NODE_PROTOTYPE,1,KX134_SENSOR_1,sensor_node_1,D4:E9:F4:E9:8E:1C,56725,567729925,0,0,NA,0,-323,-3976,269,-0.078857,-0.970703,0.065674,100,100,8,UNCALIBRATED_SENSOR_1,false,CALIBRATION_MISSING,CALIBRATION_MISSING,kx134_single_node_i2c.0.1.0,kx134.v3
kx134.v3,NODE_PROTOTYPE,1,KX134_SENSOR_1,sensor_node_1,D4:E9:F4:E9:8E:1C,56726,567739924,0,0,NA,0,-347,-3994,269,-0.084717,-0.975098,0.065674,100,100,8,UNCALIBRATED_SENSOR_1,false,CALIBRATION_MISSING,CALIBRATION_MISSING,kx134_single_node_i2c.0.1.0,kx134.v3
kx134.v3,NODE_PROTOTYPE,1,KX134_SENSOR_1,sensor_node_1,D4:E9:F4:E9:8E:1C,56727,567749924,0,0,NA,0,-340,-3988,277,-0.083008,-0.973633,0.067627,100,100,8,UNCALIBRATED_SENSOR_1,false,CALIBRATION_MISSING,CALIBRATION_MISSING,kx134_single_node_i2c.0.1.0,kx134.v3
kx134.v3,NODE_PROTOTYPE,1,KX134_SENSOR_1,sensor_node_1,D4:E9:F4:E9:8E:1C,56728,567759924,0,0,NA,0,-323,-3979,292,-0.078857,-0.971436,0.071289,100,100,8,UNCALIBRATED_SENSOR_1,false,CALIBRATION_MISSING,CALIBRATION_MISSING,kx134_single_node_i2c.0.1.0,kx134.v3
kx134.v3,NODE_PROTOTYPE,1,KX134_SENSOR_1,sensor_node_1,D4:E9:F4:E9:8E:1C,56729,567769925,0,0,NA,0,-314,-3985,279,-0.076660,-0.972900,0.068115,100,100,8,UNCALIBRATED_SENSOR_1,false,CALIBRATION_MISSING,CALIBRATION_MISSING,kx134_single_node_i2c.0.1.0,kx134.v3
kx134.v3,NODE_PROTOTYPE,1,KX134_SENSOR_1,sensor_node_1,D4:E9:F4:E9:8E:1C,56730,567779925,0,0,NA,0,-316,-3996,263,-0.077148,-0.975586,0.064209,100,100,8,UNCALIBRATED_SENSOR_1,false,CALIBRATION_MISSING,CALIBRATION_MISSING,kx134_single_node_i2c.0.1.0,kx134.v3
kx134.v3,NODE_PROTOTYPE,1,KX134_SENSOR_1,sensor_node_1,D4:E9:F4:E9:8E:1C,56731,567789925,0,0,NA,0,-321,-4012,258,-0.078369,-0.979492,0.062988,100,100,8,UNCALIBRATED_SENSOR_1,false,CALIBRATION_MISSING,CALIBRATION_MISSING,kx134_single_node_i2c.0.1.0,kx134.v3
kx134.v3,NODE_PROTOTYPE,1,KX134_SENSOR_1,sensor_node_1,D4:E9:F4:E9:8E:1C,56732,567799924,0,0,NA,0,-328,-4011,250,-0.080078,-0.979248,0.061035,100,100,8,UNCALIBRATED_SENSOR_1,false,CALIBRATION_MISSING,CALIBRATION_MISSING,kx134_single_node_i2c.0.1.0,kx134.v3
kx134.v3,NODE_PROTOTYPE,1,KX134_SENSOR_1,sensor_node_1,D4:E9:F4:E9:8E:1C,56733,567809925,0,0,NA,0,-343,-4016,263,-0.083740,-0.980469,0.064209,100,100,8,UNCALIBRATED_SENSOR_1,false,CALIBRATION_MISSING,CALIBRATION_MISSING,kx134_single_node_i2c.0.1.0,kx134.v3
kx134.v3,NODE_PROTOTYPE,1,KX134_SENSOR_1,sensor_node_1,D4:E9:F4:E9:8E:1C,56734,567819925,0,0,NA,0,-302,-4009,283,-0.073730,-0.978760,0.069092,100,100,8,UNCALIBRATED_SENSOR_1,false,CALIBRATION_MISSING,CALIBRATION_MISSING,kx134_single_node_i2c.0.1.0,kx134.v3
kx134.v3,NODE_PROTOTYPE,1,KX134_SENSOR_1,sensor_node_1,D4:E9:F4:E9:8E:1C,56735,567829925,0,0,NA,0,-265,-3972,266,-0.064697,-0.969727,0.064941,100,100,8,UNCALIBRATED_SENSOR_1,false,CALIBRATION_MISSING,CALIBRATION_MISSING,kx134_single_node_i2c.0.1.0,kx134.v3
kx134.v3,NODE_PROTOTYPE,1,KX134_SENSOR_1,sensor_node_1,D4:E9:F4:E9:8E:1C,56736,567839924,0,0,NA,0,-265,-3972,266,-0.064697,-0.969727,0.064941,100,100,8,UNCALIBRATED_SENSOR_1,false,CALIBRATION_MISSING,CALIBRATION_MISSING,kx134_single_node_i2c.0.1.0,kx134.v3
kx134.v3,NODE_PROTOTYPE,1,KX134_SENSOR_1,sensor_node_1,D4:E9:F4:E9:8E:1C,56737,567849925,0,0,NA,0,-290,-4063,301,-0.070801,-0.991943,0.073486,100,100,8,UNCALIBRATED_SENSOR_1,false,CALIBRATION_MISSING,CALIBRATION_MISSING,kx134_single_node_i2c.0.1.0,kx134.v3
kx134.v3,NODE_PROTOTYPE,1,KX134_SENSOR_1,sensor_node_1,D4:E9:F4:E9:8E:1C,56738,567859925,0,0,NA,0,-383,-4121,262,-0.093506,-1.006104,0.063965,100,100,8,UNCALIBRATED_SENSOR_1,false,CALIBRATION_MISSING,CALIBRATION_MISSING,kx134_single_node_i2c.0.1.0,kx134.v3
kx134.v3,NODE_PROTOTYPE,1,KX134_SENSOR_1,sensor_node_1,D4:E9:F4:E9:8E:1C,56739,567869925,0,0,NA,0,-494,-4038,133,-0.120605,-0.985840,0.032471,100,100,8,UNCALIBRATED_SENSOR_1,false,CALIBRATION_MISSING,CALIBRATION_MISSING,kx134_single_node_i2c.0.1.0,kx134.v3
kx134.v3,NODE_PROTOTYPE,1,KX134_SENSOR_1,sensor_node_1,D4:E9:F4:E9:8E:1C,56740,567879924,0,0,NA,0,-477,-3956,216,-0.116455,-0.965820,0.052734,100,100,8,UNCALIBRATED_SENSOR_1,false,CALIBRATION_MISSING,CALIBRATION_MISSING,kx134_single_node_i2c.0.1.0,kx134.v3
kx134.v3,NODE_PROTOTYPE,1,KX134_SENSOR_1,sensor_node_1,D4:E9:F4:E9:8E:1C,56741,567889925,0,0,NA,0,-461,-3818,421,-0.112549,-0.932129,0.102783,100,100,8,UNCALIBRATED_SENSOR_1,false,CALIBRATION_MISSING,CALIBRATION_MISSING,kx134_single_node_i2c.0.1.0,kx134.v3
kx134.v3,NODE_PROTOTYPE,1,KX134_SENSOR_1,sensor_node_1,D4:E9:F4:E9:8E:1C,56742,567899925,0,0,NA,0,-483,-3891,421,-0.117920,-0.949951,0.102783,100,100,8,UNCALIBRATED_SENSOR_1,false,CALIBRATION_MISSING,CALIBRATION_MISSING,kx134_single_node_i2c.0.1.0,kx134.v3
kx134.v3,NODE_PROTOTYPE,1,KX134_SENSOR_1,sensor_node_1,D4:E9:F4:E9:8E:1C,56743,567909925,0,0,NA,0,-400,-4008,270,-0.097656,-0.978516,0.065918,100,100,8,UNCALIBRATED_SENSOR_1,false,CALIBRATION_MISSING,CALIBRATION_MISSING,kx134_single_node_i2c.0.1.0,kx134.v3
kx134.v3,NODE_PROTOTYPE,1,KX134_SENSOR_1,sensor_node_1,D4:E9:F4:E9:8E:1C,56744,567919925,0,0,NA,0,-308,-3968,231,-0.075195,-0.968750,0.056396,100,100,8,UNCALIBRATED_SENSOR_1,false,CALIBRATION_MISSING,CALIBRATION_MISSING,kx134_single_node_i2c.0.1.0,kx134.v3
kx134.v3,NODE_PROTOTYPE,1,KX134_SENSOR_1,sensor_node_1,D4:E9:F4:E9:8E:1C,56745,567929925,0,0,NA,0,-334,-3974,258,-0.081543,-0.970215,0.062988,100,100,8,UNCALIBRATED_SENSOR_1,false,CALIBRATION_MISSING,CALIBRATION_MISSING,kx134_single_node_i2c.0.1.0,kx134.v3
kx134.v3,NODE_PROTOTYPE,1,KX134_SENSOR_1,sensor_node_1,D4:E9:F4:E9:8E:1C,56746,567939925,0,0,NA,0,-341,-3974,260,-0.083252,-0.970215,0.063477,100,100,8,UNCALIBRATED_SENSOR_1,false,CALIBRATION_MISSING,CALIBRATION_MISSING,kx134_single_node_i2c.0.1.0,kx134.v3
kx134.v3,NODE_PROTOTYPE,1,KX134_SENSOR_1,sensor_node_1,D4:E9:F4:E9:8E:1C,56747,567949925,0,0,NA,0,-309,-3968,252,-0.075439,-0.968750,0.061523,100,100,8,UNCALIBRATED_SENSOR_1,false,CALIBRATION_MISSING,CALIBRATION_MISSING,kx134_single_node_i2c.0.1.0,kx134.v3
kx134.v3,NODE_PROTOTYPE,1,KX134_SENSOR_1,sensor_node_1,D4:E9:F4:E9:8E:1C,56748,567959925,0,0,NA,0,-323,-3985,250,-0.078857,-0.972900,0.061035,100,100,8,UNCALIBRATED_SENSOR_1,false,CALIBRATION_MISSING,CALIBRATION_MISSING,kx134_single_node_i2c.0.1.0,kx134.v3
kx134.v3,NODE_PROTOTYPE,1,KX134_SENSOR_1,sensor_node_1,D4:E9:F4:E9:8E:1C,56749,567969925,0,0,NA,0,-351,-3990,263,-0.085693,-0.974121,0.064209,100,100,8,UNCALIBRATED_SENSOR_1,false,CALIBRATION_MISSING,CALIBRATION_MISSING,kx134_single_node_i2c.0.1.0,kx134.v3
kx134.v3,NODE_PROTOTYPE,1,KX134_SENSOR_1,sensor_node_1,D4:E9:F4:E9:8E:1C,56750,567979925,0,0,NA,0,-361,-3992,278,-0.088135,-0.974609,0.067871,100,100,8,UNCALIBRATED_SENSOR_1,false,CALIBRATION_MISSING,CALIBRATION_MISSING,kx134_single_node_i2c.0.1.0,kx134.v3
kx134.v3,NODE_PROTOTYPE,1,KX134_SENSOR_1,sensor_node_1,D4:E9:F4:E9:8E:1C,56751,567989925,0,0,NA,0,-366,-3994,273,-0.089355,-0.975098,0.066650,100,100,8,UNCALIBRATED_SENSOR_1,false,CALIBRATION_MISSING,CALIBRATION_MISSING,kx134_single_node_i2c.0.1.0,kx134.v3
kx134.v3,NODE_PROTOTYPE,1,KX134_SENSOR_1,sensor_node_1,D4:E9:F4:E9:8E:1C,56752,567999924,0,0,NA,0,-369,-3984,251,-0.090088,-0.972656,0.061279,100,100,8,UNCALIBRATED_SENSOR_1,false,CALIBRATION_MISSING,CALIBRATION_MISSING,kx134_single_node_i2c.0.1.0,kx134.v3
kx134.v3,NODE_PROTOTYPE,1,KX134_SENSOR_1,sensor_node_1,D4:E9:F4:E9:8E:1C,56753,568009924,0,0,NA,0,-362,-3989,248,-0.088379,-0.973877,0.060547,100,100,8,UNCALIBRATED_SENSOR_1,false,CALIBRATION_MISSING,CALIBRATION_MISSING,kx134_single_node_i2c.0.1.0,kx134.v3
kx134.v3,NODE_PROTOTYPE,1,KX134_SENSOR_1,sensor_node_1,D4:E9:F4:E9:8E:1C,56754,568019924,0,0,NA,0,-377,-3987,264,-0.092041,-0.973389,0.064453,100,100,8,UNCALIBRATED_SENSOR_1,false,CALIBRATION_MISSING,CALIBRATION_MISSING,kx134_single_node_i2c.0.1.0,kx134.v3
kx134.v3,NODE_PROTOTYPE,1,KX134_SENSOR_1,sensor_node_1,D4:E9:F4:E9:8E:1C,56755,568029925,0,0,NA,0,-391,-3985,257,-0.095459,-0.972900,0.062744,100,100,8,UNCALIBRATED_SENSOR_1,false,CALIBRATION_MISSING,CALIBRATION_MISSING,kx134_single_node_i2c.0.1.0,kx134.v3
kx134.v3,NODE_PROTOTYPE,1,KX134_SENSOR_1,sensor_node_1,D4:E9:F4:E9:8E:1C,56756,568039924,0,0,NA,0,-374,-3988,243,-0.091309,-0.973633,0.059326,100,100,8,UNCALIBRATED_SENSOR_1,false,CALIBRATION_MISSING,CALIBRATION_MISSING,kx134_single_node_i2c.0.1.0,kx134.v3
kx134.v3,NODE_PROTOTYPE,1,KX134_SENSOR_1,sensor_node_1,D4:E9:F4:E9:8E:1C,56757,568049924,0,0,NA,0,-357,-3993,216,-0.087158,-0.974854,0.052734,100,100,8,UNCALIBRATED_SENSOR_1,false,CALIBRATION_MISSING,CALIBRATION_MISSING,kx134_single_node_i2c.0.1.0,kx134.v3
kx134.v3,NODE_PROTOTYPE,1,KX134_SENSOR_1,sensor_node_1,D4:E9:F4:E9:8E:1C,56758,568059924,0,0,NA,0,-340,-3993,203,-0.083008,-0.974854,0.049561,100,100,8,UNCALIBRATED_SENSOR_1,false,CALIBRATION_MISSING,CALIBRATION_MISSING,kx134_single_node_i2c.0.1.0,kx134.v3
kx134.v3,NODE_PROTOTYPE,1,KX134_SENSOR_1,sensor_node_1,D4:E9:F4:E9:8E:1C,56759,568069925,0,0,NA,0,-361,-3956,212,-0.088135,-0.965820,0.051758,100,100,8,UNCALIBRATED_SENSOR_1,false,CALIBRATION_MISSING,CALIBRATION_MISSING,kx134_single_node_i2c.0.1.0,kx134.v3
kx134.v3,NODE_PROTOTYPE,1,KX134_SENSOR_1,sensor_node_1,D4:E9:F4:E9:8E:1C,56760,568079925,0,0,NA,0,-352,-3975,225,-0.085937,-0.970459,0.054932,100,100,8,UNCALIBRATED_SENSOR_1,false,CALIBRATION_MISSING,CALIBRATION_MISSING,kx134_single_node_i2c.0.1.0,kx134.v3
kx134.v3,NODE_PROTOTYPE,1,KX134_SENSOR_1,sensor_node_1,D4:E9:F4:E9:8E:1C,56761,568089925,0,0,NA,0,-310,-4029,272,-0.075684,-0.983643,0.066406,100,100,8,UNCALIBRATED_SENSOR_1,false,CALIBRATION_MISSING,CALIBRATION_MISSING,kx134_single_node_i2c.0.1.0,kx134.v3
kx134.v3,NODE_PROTOTYPE,1,KX134_SENSOR_1,sensor_node_1,D4:E9:F4:E9:8E:1C,56762,568099925,0,0,NA,0,-315,-4009,288,-0.076904,-0.978760,0.070312,100,100,8,UNCALIBRATED_SENSOR_1,false,CALIBRATION_MISSING,CALIBRATION_MISSING,kx134_single_node_i2c.0.1.0,kx134.v3
kx134.v3,NODE_PROTOTYPE,1,KX134_SENSOR_1,sensor_node_1,D4:E9:F4:E9:8E:1C,56763,568109925,0,0,NA,0,-322,-3994,265,-0.078613,-0.975098,0.064697,100,100,8,UNCALIBRATED_SENSOR_1,false,CALIBRATION_MISSING,CALIBRATION_MISSING,kx134_single_node_i2c.0.1.0,kx134.v3
kx134.v3,NODE_PROTOTYPE,1,KX134_SENSOR_1,sensor_node_1,D4:E9:F4:E9:8E:1C,56764,568119925,0,0,NA,0,-343,-3973,252,-0.083740,-0.969971,0.061523,100,100,8,UNCALIBRATED_SENSOR_1,false,CALIBRATION_MISSING,CALIBRATION_MISSING,kx134_single_node_i2c.0.1.0,kx134.v3
kx134.v3,NODE_PROTOTYPE,1,KX134_SENSOR_1,sensor_node_1,D4:E9:F4:E9:8E:1C,56765,568129925,0,0,NA,0,-344,-3957,264,-0.083984,-0.966064,0.064453,100,100,8,UNCALIBRATED_SENSOR_1,false,CALIBRATION_MISSING,CALIBRATION_MISSING,kx134_single_node_i2c.0.1.0,kx134.v3
kx134.v3,NODE_PROTOTYPE,1,KX134_SENSOR_1,sensor_node_1,D4:E9:F4:E9:8E:1C,56766,568139925,0,0,NA,0,-339,-4006,287,-0.082764,-0.978027,0.070068,100,100,8,UNCALIBRATED_SENSOR_1,false,CALIBRATION_MISSING,CALIBRATION_MISSING,kx134_single_node_i2c.0.1.0,kx134.v3
kx134.v3,NODE_PROTOTYPE,1,KX134_SENSOR_1,sensor_node_1,D4:E9:F4:E9:8E:1C,56767,568149925,0,0,NA,0,-355,-4043,283,-0.086670,-0.987061,0.069092,100,100,8,UNCALIBRATED_SENSOR_1,false,CALIBRATION_MISSING,CALIBRATION_MISSING,kx134_single_node_i2c.0.1.0,kx134.v3
kx134.v3,NODE_PROTOTYPE,1,KX134_SENSOR_1,sensor_node_1,D4:E9:F4:E9:8E:1C,56768,568159925,0,0,NA,0,-357,-4044,254,-0.087158,-0.987305,0.062012,100,100,8,UNCALIBRATED_SENSOR_1,false,CALIBRATION_MISSING,CALIBRATION_MISSING,kx134_single_node_i2c.0.1.0,kx134.v3
kx134.v3,NODE_PROTOTYPE,1,KX134_SENSOR_1,sensor_node_1,D4:E9:F4:E9:8E:1C,56769,568169925,0,0,NA,0,-354,-4040,237,-0.086426,-0.986328,0.057861,100,100,8,UNCALIBRATED_SENSOR_1,false,CALIBRATION_MISSING,CALIBRATION_MISSING,kx134_single_node_i2c.0.1.0,kx134.v3
kx134.v3,NODE_PROTOTYPE,1,KX134_SENSOR_1,sensor_node_1,D4:E9:F4:E9:8E:1C,56770,568179924,0,0,NA,0,-322,-4037,219,-0.078613,-0.985596,0.053467,100,100,8,UNCALIBRATED_SENSOR_1,false,CALIBRATION_MISSING,CALIBRATION_MISSING,kx134_single_node_i2c.0.1.0,kx134.v3
kx134.v3,NODE_PROTOTYPE,1,KX134_SENSOR_1,sensor_node_1,D4:E9:F4:E9:8E:1C,56771,568189925,0,0,NA,0,-309,-4006,226,-0.075439,-0.978027,0.055176,100,100,8,UNCALIBRATED_SENSOR_1,false,CALIBRATION_MISSING,CALIBRATION_MISSING,kx134_single_node_i2c.0.1.0,kx134.v3
kx134.v3,NODE_PROTOTYPE,1,KX134_SENSOR_1,sensor_node_1,D4:E9:F4:E9:8E:1C,56772,568199925,0,0,NA,0,-344,-3973,226,-0.083984,-0.969971,0.055176,100,100,8,UNCALIBRATED_SENSOR_1,false,CALIBRATION_MISSING,CALIBRATION_MISSING,kx134_single_node_i2c.0.1.0,kx134.v3
kx134.v3,NODE_PROTOTYPE,1,KX134_SENSOR_1,sensor_node_1,D4:E9:F4:E9:8E:1C,56773,568209925,0,0,NA,0,-360,-3951,207,-0.087891,-0.964600,0.050537,100,100,8,UNCALIBRATED_SENSOR_1,false,CALIBRATION_MISSING,CALIBRATION_MISSING,kx134_single_node_i2c.0.1.0,kx134.v3
kx134.v3,NODE_PROTOTYPE,1,KX134_SENSOR_1,sensor_node_1,D4:E9:F4:E9:8E:1C,56774,568219924,0,0,NA,0,-340,-3960,203,-0.083008,-0.966797,0.049561,100,100,8,UNCALIBRATED_SENSOR_1,false,CALIBRATION_MISSING,CALIBRATION_MISSING,kx134_single_node_i2c.0.1.0,kx134.v3
kx134.v3,NODE_PROTOTYPE,1,KX134_SENSOR_1,sensor_node_1,D4:E9:F4:E9:8E:1C,56775,568229925,0,0,NA,0,-346,-3986,224,-0.084473,-0.973145,0.054687,100,100,8,UNCALIBRATED_SENSOR_1,false,CALIBRATION_MISSING,CALIBRATION_MISSING,kx134_single_node_i2c.0.1.0,kx134.v3
kx134.v3,NODE_PROTOTYPE,1,KX134_SENSOR_1,sensor_node_1,D4:E9:F4:E9:8E:1C,56776,568239924,0,0,NA,0,-356,-3996,251,-0.086914,-0.975586,0.061279,100,100,8,UNCALIBRATED_SENSOR_1,false,CALIBRATION_MISSING,CALIBRATION_MISSING,kx134_single_node_i2c.0.1.0,kx134.v3
kx134.v3,NODE_PROTOTYPE,1,KX134_SENSOR_1,sensor_node_1,D4:E9:F4:E9:8E:1C,56777,568249924,0,0,NA,0,-360,-4004,248,-0.087891,-0.977539,0.060547,100,100,8,UNCALIBRATED_SENSOR_1,false,CALIBRATION_MISSING,CALIBRATION_MISSING,kx134_single_node_i2c.0.1.0,kx134.v3
kx134.v3,NODE_PROTOTYPE,1,KX134_SENSOR_1,sensor_node_1,D4:E9:F4:E9:8E:1C,56778,568259924,0,0,NA,0,-357,-3990,254,-0.087158,-0.974121,0.062012,100,100,8,UNCALIBRATED_SENSOR_1,false,CALIBRATION_MISSING,CALIBRATION_MISSING,kx134_single_node_i2c.0.1.0,kx134.v3
kx134.v3,NODE_PROTOTYPE,1,KX134_SENSOR_1,sensor_node_1,D4:E9:F4:E9:8E:1C,56779,568269925,0,0,NA,0,-346,-3973,272,-0.084473,-0.969971,0.066406,100,100,8,UNCALIBRATED_SENSOR_1,false,CALIBRATION_MISSING,CALIBRATION_MISSING,kx134_single_node_i2c.0.1.0,kx134.v3
kx134.v3,NODE_PROTOTYPE,1,KX134_SENSOR_1,sensor_node_1,D4:E9:F4:E9:8E:1C,56780,568279925,0,0,NA,0,-345,-3977,269,-0.084229,-0.970947,0.065674,100,100,8,UNCALIBRATED_SENSOR_1,false,CALIBRATION_MISSING,CALIBRATION_MISSING,kx134_single_node_i2c.0.1.0,kx134.v3
kx134.v3,NODE_PROTOTYPE,1,KX134_SENSOR_1,sensor_node_1,D4:E9:F4:E9:8E:1C,56781,568289925,0,0,NA,0,-327,-3979,247,-0.079834,-0.971436,0.060303,100,100,8,UNCALIBRATED_SENSOR_1,false,CALIBRATION_MISSING,CALIBRATION_MISSING,kx134_single_node_i2c.0.1.0,kx134.v3
kx134.v3,NODE_PROTOTYPE,1,KX134_SENSOR_1,sensor_node_1,D4:E9:F4:E9:8E:1C,56782,568299924,0,0,NA,0,-337,-3978,243,-0.082275,-0.971191,0.059326,100,100,8,UNCALIBRATED_SENSOR_1,false,CALIBRATION_MISSING,CALIBRATION_MISSING,kx134_single_node_i2c.0.1.0,kx134.v3
kx134.v3,NODE_PROTOTYPE,1,KX134_SENSOR_1,sensor_node_1,D4:E9:F4:E9:8E:1C,56783,568309925,0,0,NA,0,-365,-4023,204,-0.089111,-0.982178,0.049805,100,100,8,UNCALIBRATED_SENSOR_1,false,CALIBRATION_MISSING,CALIBRATION_MISSING,kx134_single_node_i2c.0.1.0,kx134.v3
kx134.v3,NODE_PROTOTYPE,1,KX134_SENSOR_1,sensor_node_1,D4:E9:F4:E9:8E:1C,56784,568319924,0,0,NA,0,-347,-4033,199,-0.084717,-0.984619,0.048584,100,100,8,UNCALIBRATED_SENSOR_1,false,CALIBRATION_MISSING,CALIBRATION_MISSING,kx134_single_node_i2c.0.1.0,kx134.v3
kx134.v3,NODE_PROTOTYPE,1,KX134_SENSOR_1,sensor_node_1,D4:E9:F4:E9:8E:1C,56785,568329925,0,0,NA,0,-347,-4011,253,-0.084717,-0.979248,0.061768,100,100,8,UNCALIBRATED_SENSOR_1,false,CALIBRATION_MISSING,CALIBRATION_MISSING,kx134_single_node_i2c.0.1.0,kx134.v3
kx134.v3,NODE_PROTOTYPE,1,KX134_SENSOR_1,sensor_node_1,D4:E9:F4:E9:8E:1C,56786,568339924,0,0,NA,0,-368,-4011,275,-0.089844,-0.979248,0.067139,100,100,8,UNCALIBRATED_SENSOR_1,false,CALIBRATION_MISSING,CALIBRATION_MISSING,kx134_single_node_i2c.0.1.0,kx134.v3
kx134.v3,NODE_PROTOTYPE,1,KX134_SENSOR_1,sensor_node_1,D4:E9:F4:E9:8E:1C,56787,568349925,0,0,NA,0,-359,-3987,262,-0.087646,-0.973389,0.063965,100,100,8,UNCALIBRATED_SENSOR_1,false,CALIBRATION_MISSING,CALIBRATION_MISSING,kx134_single_node_i2c.0.1.0,kx134.v3
kx134.v3,NODE_PROTOTYPE,1,KX134_SENSOR_1,sensor_node_1,D4:E9:F4:E9:8E:1C,56788,568359924,0,0,NA,0,-330,-3963,244,-0.080566,-0.967529,0.059570,100,100,8,UNCALIBRATED_SENSOR_1,false,CALIBRATION_MISSING,CALIBRATION_MISSING,kx134_single_node_i2c.0.1.0,kx134.v3
kx134.v3,NODE_PROTOTYPE,1,KX134_SENSOR_1,sensor_node_1,D4:E9:F4:E9:8E:1C,56789,568369925,0,0,NA,0,-305,-3976,241,-0.074463,-0.970703,0.058838,100,100,8,UNCALIBRATED_SENSOR_1,false,CALIBRATION_MISSING,CALIBRATION_MISSING,kx134_single_node_i2c.0.1.0,kx134.v3
kx134.v3,NODE_PROTOTYPE,1,KX134_SENSOR_1,sensor_node_1,D4:E9:F4:E9:8E:1C,56790,568379925,0,0,NA,0,-297,-3976,246,-0.072510,-0.970703,0.060059,100,100,8,UNCALIBRATED_SENSOR_1,false,CALIBRATION_MISSING,CALIBRATION_MISSING,kx134_single_node_i2c.0.1.0,kx134.v3
kx134.v3,NODE_PROTOTYPE,1,KX134_SENSOR_1,sensor_node_1,D4:E9:F4:E9:8E:1C,56791,568389924,0,0,NA,0,-296,-3965,243,-0.072266,-0.968018,0.059326,100,100,8,UNCALIBRATED_SENSOR_1,false,CALIBRATION_MISSING,CALIBRATION_MISSING,kx134_single_node_i2c.0.1.0,kx134.v3
kx134.v3,NODE_PROTOTYPE,1,KX134_SENSOR_1,sensor_node_1,D4:E9:F4:E9:8E:1C,56792,568399925,0,0,NA,0,-319,-3965,219,-0.077881,-0.968018,0.053467,100,100,8,UNCALIBRATED_SENSOR_1,false,CALIBRATION_MISSING,CALIBRATION_MISSING,kx134_single_node_i2c.0.1.0,kx134.v3
kx134.v3,NODE_PROTOTYPE,1,KX134_SENSOR_1,sensor_node_1,D4:E9:F4:E9:8E:1C,56793,568409925,0,0,NA,0,-357,-3955,228,-0.087158,-0.965576,0.055664,100,100,8,UNCALIBRATED_SENSOR_1,false,CALIBRATION_MISSING,CALIBRATION_MISSING,kx134_single_node_i2c.0.1.0,kx134.v3
kx134.v3,NODE_PROTOTYPE,1,KX134_SENSOR_1,sensor_node_1,D4:E9:F4:E9:8E:1C,56794,568419924,0,0,NA,0,-376,-3968,254,-0.091797,-0.968750,0.062012,100,100,8,UNCALIBRATED_SENSOR_1,false,CALIBRATION_MISSING,CALIBRATION_MISSING,kx134_single_node_i2c.0.1.0,kx134.v3
kx134.v3,NODE_PROTOTYPE,1,KX134_SENSOR_1,sensor_node_1,D4:E9:F4:E9:8E:1C,56795,568429925,0,0,NA,0,-362,-3993,254,-0.088379,-0.974854,0.062012,100,100,8,UNCALIBRATED_SENSOR_1,false,CALIBRATION_MISSING,CALIBRATION_MISSING,kx134_single_node_i2c.0.1.0,kx134.v3
kx134.v3,NODE_PROTOTYPE,1,KX134_SENSOR_1,sensor_node_1,D4:E9:F4:E9:8E:1C,56796,568439925,0,0,NA,0,-361,-3950,242,-0.088135,-0.964355,0.059082,100,100,8,UNCALIBRATED_SENSOR_1,false,CALIBRATION_MISSING,CALIBRATION_MISSING,kx134_single_node_i2c.0.1.0,kx134.v3
kx134.v3,NODE_PROTOTYPE,1,KX134_SENSOR_1,sensor_node_1,D4:E9:F4:E9:8E:1C,56797,568449925,0,0,NA,0,-340,-3925,229,-0.083008,-0.958252,0.055908,100,100,8,UNCALIBRATED_SENSOR_1,false,CALIBRATION_MISSING,CALIBRATION_MISSING,kx134_single_node_i2c.0.1.0,kx134.v3
kx134.v3,NODE_PROTOTYPE,1,KX134_SENSOR_1,sensor_node_1,D4:E9:F4:E9:8E:1C,56798,568459925,0,0,NA,0,-308,-3967,227,-0.075195,-0.968506,0.055420,100,100,8,UNCALIBRATED_SENSOR_1,false,CALIBRATION_MISSING,CALIBRATION_MISSING,kx134_single_node_i2c.0.1.0,kx134.v3
kx134.v3,NODE_PROTOTYPE,1,KX134_SENSOR_1,sensor_node_1,D4:E9:F4:E9:8E:1C,56799,568469925,0,0,NA,0,-301,-4000,267,-0.073486,-0.976562,0.065186,100,100,8,UNCALIBRATED_SENSOR_1,false,CALIBRATION_MISSING,CALIBRATION_MISSING,kx134_single_node_i2c.0.1.0,kx134.v3
kx134.v3,NODE_PROTOTYPE,1,KX134_SENSOR_1,sensor_node_1,D4:E9:F4:E9:8E:1C,56800,568479924,0,0,NA,0,-298,-4001,257,-0.072754,-0.976807,0.062744,100,100,8,UNCALIBRATED_SENSOR_1,false,CALIBRATION_MISSING,CALIBRATION_MISSING,kx134_single_node_i2c.0.1.0,kx134.v3
kx134.v3,NODE_PROTOTYPE,1,KX134_SENSOR_1,sensor_node_1,D4:E9:F4:E9:8E:1C,56801,568489924,0,0,NA,0,-291,-3982,226,-0.071045,-0.972168,0.055176,100,100,8,UNCALIBRATED_SENSOR_1,false,CALIBRATION_MISSING,CALIBRATION_MISSING,kx134_single_node_i2c.0.1.0,kx134.v3
kx134.v3,NODE_PROTOTYPE,1,KX134_SENSOR_1,sensor_node_1,D4:E9:F4:E9:8E:1C,56802,568499924,0,0,NA,0,-299,-3982,253,-0.072998,-0.972168,0.061768,100,100,8,UNCALIBRATED_SENSOR_1,false,CALIBRATION_MISSING,CALIBRATION_MISSING,kx134_single_node_i2c.0.1.0,kx134.v3
kx134.v3,NODE_PROTOTYPE,1,KX134_SENSOR_1,sensor_node_1,D4:E9:F4:E9:8E:1C,56803,568509924,0,0,NA,0,-313,-3993,249,-0.076416,-0.974854,0.060791,100,100,8,UNCALIBRATED_SENSOR_1,false,CALIBRATION_MISSING,CALIBRATION_MISSING,kx134_single_node_i2c.0.1.0,kx134.v3
kx134.v3,NODE_PROTOTYPE,1,KX134_SENSOR_1,sensor_node_1,D4:E9:F4:E9:8E:1C,56804,568519924,0,0,NA,0,-316,-3988,221,-0.077148,-0.973633,0.053955,100,100,8,UNCALIBRATED_SENSOR_1,false,CALIBRATION_MISSING,CALIBRATION_MISSING,kx134_single_node_i2c.0.1.0,kx134.v3
kx134.v3,NODE_PROTOTYPE,1,KX134_SENSOR_1,sensor_node_1,D4:E9:F4:E9:8E:1C,56805,568529925,0,0,NA,0,-322,-3992,210,-0.078613,-0.974609,0.051270,100,100,8,UNCALIBRATED_SENSOR_1,false,CALIBRATION_MISSING,CALIBRATION_MISSING,kx134_single_node_i2c.0.1.0,kx134.v3
kx134.v3,NODE_PROTOTYPE,1,KX134_SENSOR_1,sensor_node_1,D4:E9:F4:E9:8E:1C,56806,568539924,0,0,NA,0,-288,-4023,249,-0.070312,-0.982178,0.060791,100,100,8,UNCALIBRATED_SENSOR_1,false,CALIBRATION_MISSING,CALIBRATION_MISSING,kx134_single_node_i2c.0.1.0,kx134.v3
kx134.v3,NODE_PROTOTYPE,1,KX134_SENSOR_1,sensor_node_1,D4:E9:F4:E9:8E:1C,56807,568549924,0,0,NA,0,-275,-4018,276,-0.067139,-0.980957,0.067383,100,100,8,UNCALIBRATED_SENSOR_1,false,CALIBRATION_MISSING,CALIBRATION_MISSING,kx134_single_node_i2c.0.1.0,kx134.v3
kx134.v3,NODE_PROTOTYPE,1,KX134_SENSOR_1,sensor_node_1,D4:E9:F4:E9:8E:1C,56808,568559924,0,0,NA,0,-309,-3990,284,-0.075439,-0.974121,0.069336,100,100,8,UNCALIBRATED_SENSOR_1,false,CALIBRATION_MISSING,CALIBRATION_MISSING,kx134_single_node_i2c.0.1.0,kx134.v3
kx134.v3,NODE_PROTOTYPE,1,KX134_SENSOR_1,sensor_node_1,D4:E9:F4:E9:8E:1C,56809,568569925,0,0,NA,0,-336,-3987,304,-0.082031,-0.973389,0.074219,100,100,8,UNCALIBRATED_SENSOR_1,false,CALIBRATION_MISSING,CALIBRATION_MISSING,kx134_single_node_i2c.0.1.0,kx134.v3
kx134.v3,NODE_PROTOTYPE,1,KX134_SENSOR_1,sensor_node_1,D4:E9:F4:E9:8E:1C,56810,568579925,0,0,NA,0,-330,-4001,302,-0.080566,-0.976807,0.073730,100,100,8,UNCALIBRATED_SENSOR_1,false,CALIBRATION_MISSING,CALIBRATION_MISSING,kx134_single_node_i2c.0.1.0,kx134.v3
kx134.v3,NODE_PROTOTYPE,1,KX134_SENSOR_1,sensor_node_1,D4:E9:F4:E9:8E:1C,56811,568589925,0,0,NA,0,-314,-4041,301,-0.076660,-0.986572,0.073486,100,100,8,UNCALIBRATED_SENSOR_1,false,CALIBRATION_MISSING,CALIBRATION_MISSING,kx134_single_node_i2c.0.1.0,kx134.v3
kx134.v3,NODE_PROTOTYPE,1,KX134_SENSOR_1,sensor_node_1,D4:E9:F4:E9:8E:1C,56812,568599925,0,0,NA,0,-333,-4071,283,-0.081299,-0.993896,0.069092,100,100,8,UNCALIBRATED_SENSOR_1,false,CALIBRATION_MISSING,CALIBRATION_MISSING,kx134_single_node_i2c.0.1.0,kx134.v3
kx134.v3,NODE_PROTOTYPE,1,KX134_SENSOR_1,sensor_node_1,D4:E9:F4:E9:8E:1C,56813,568609925,0,0,NA,0,-347,-4051,268,-0.084717,-0.989014,0.065430,100,100,8,UNCALIBRATED_SENSOR_1,false,CALIBRATION_MISSING,CALIBRATION_MISSING,kx134_single_node_i2c.0.1.0,kx134.v3
kx134.v3,NODE_PROTOTYPE,1,KX134_SENSOR_1,sensor_node_1,D4:E9:F4:E9:8E:1C,56814,568619924,0,0,NA,0,-346,-3997,238,-0.084473,-0.975830,0.058105,100,100,8,UNCALIBRATED_SENSOR_1,false,CALIBRATION_MISSING,CALIBRATION_MISSING,kx134_single_node_i2c.0.1.0,kx134.v3
kx134.v3,NODE_PROTOTYPE,1,KX134_SENSOR_1,sensor_node_1,D4:E9:F4:E9:8E:1C,56815,568629925,0,0,NA,0,-326,-3965,207,-0.079590,-0.968018,0.050537,100,100,8,UNCALIBRATED_SENSOR_1,false,CALIBRATION_MISSING,CALIBRATION_MISSING,kx134_single_node_i2c.0.1.0,kx134.v3
kx134.v3,NODE_PROTOTYPE,1,KX134_SENSOR_1,sensor_node_1,D4:E9:F4:E9:8E:1C,56816,568639925,0,0,NA,0,-332,-3940,221,-0.081055,-0.961914,0.053955,100,100,8,UNCALIBRATED_SENSOR_1,false,CALIBRATION_MISSING,CALIBRATION_MISSING,kx134_single_node_i2c.0.1.0,kx134.v3
kx134.v3,NODE_PROTOTYPE,1,KX134_SENSOR_1,sensor_node_1,D4:E9:F4:E9:8E:1C,56817,568649925,0,0,NA,0,-340,-3924,237,-0.083008,-0.958008,0.057861,100,100,8,UNCALIBRATED_SENSOR_1,false,CALIBRATION_MISSING,CALIBRATION_MISSING,kx134_single_node_i2c.0.1.0,kx134.v3
kx134.v3,NODE_PROTOTYPE,1,KX134_SENSOR_1,sensor_node_1,D4:E9:F4:E9:8E:1C,56818,568659924,0,0,NA,0,-325,-3933,262,-0.079346,-0.960205,0.063965,100,100,8,UNCALIBRATED_SENSOR_1,false,CALIBRATION_MISSING,CALIBRATION_MISSING,kx134_single_node_i2c.0.1.0,kx134.v3
kx134.v3,NODE_PROTOTYPE,1,KX134_SENSOR_1,sensor_node_1,D4:E9:F4:E9:8E:1C,56819,568669925,0,0,NA,0,-322,-3945,284,-0.078613,-0.963135,0.069336,100,100,8,UNCALIBRATED_SENSOR_1,false,CALIBRATION_MISSING,CALIBRATION_MISSING,kx134_single_node_i2c.0.1.0,kx134.v3
kx134.v3,NODE_PROTOTYPE,1,KX134_SENSOR_1,sensor_node_1,D4:E9:F4:E9:8E:1C,56820,568679925,0,0,NA,0,-384,-3902,239,-0.093750,-0.952637,0.058350,100,100,8,UNCALIBRATED_SENSOR_1,false,CALIBRATION_MISSING,CALIBRATION_MISSING,kx134_single_node_i2c.0.1.0,kx134.v3
kx134.v3,NODE_PROTOTYPE,1,KX134_SENSOR_1,sensor_node_1,D4:E9:F4:E9:8E:1C,56821,568689924,0,0,NA,0,-390,-3895,241,-0.095215,-0.950928,0.058838,100,100,8,UNCALIBRATED_SENSOR_1,false,CALIBRATION_MISSING,CALIBRATION_MISSING,kx134_single_node_i2c.0.1.0,kx134.v3
kx134.v3,NODE_PROTOTYPE,1,KX134_SENSOR_1,sensor_node_1,D4:E9:F4:E9:8E:1C,56822,568699924,0,0,NA,0,-266,-4004,306,-0.064941,-0.977539,0.074707,100,100,8,UNCALIBRATED_SENSOR_1,false,CALIBRATION_MISSING,CALIBRATION_MISSING,kx134_single_node_i2c.0.1.0,kx134.v3
kx134.v3,NODE_PROTOTYPE,1,KX134_SENSOR_1,sensor_node_1,D4:E9:F4:E9:8E:1C,56823,568709925,0,0,NA,0,-247,-4065,263,-0.060303,-0.992432,0.064209,100,100,8,UNCALIBRATED_SENSOR_1,false,CALIBRATION_MISSING,CALIBRATION_MISSING,kx134_single_node_i2c.0.1.0,kx134.v3
kx134.v3,NODE_PROTOTYPE,1,KX134_SENSOR_1,sensor_node_1,D4:E9:F4:E9:8E:1C,56824,568719925,0,0,NA,0,-210,-4015,263,-0.051270,-0.980225,0.064209,100,100,8,UNCALIBRATED_SENSOR_1,false,CALIBRATION_MISSING,CALIBRATION_MISSING,kx134_single_node_i2c.0.1.0,kx134.v3
kx134.v3,NODE_PROTOTYPE,1,KX134_SENSOR_1,sensor_node_1,D4:E9:F4:E9:8E:1C,56825,568729925,0,0,NA,0,-210,-4015,193,-0.051270,-0.980225,0.047119,100,100,8,UNCALIBRATED_SENSOR_1,false,CALIBRATION_MISSING,CALIBRATION_MISSING,kx134_single_node_i2c.0.1.0,kx134.v3
kx134.v3,NODE_PROTOTYPE,1,KX134_SENSOR_1,sensor_node_1,D4:E9:F4:E9:8E:1C,56826,568739925,0,0,NA,0,-289,-3859,111,-0.070557,-0.942139,0.027100,100,100,8,UNCALIBRATED_SENSOR_1,false,CALIBRATION_MISSING,CALIBRATION_MISSING,kx134_single_node_i2c.0.1.0,kx134.v3
kx134.v3,NODE_PROTOTYPE,1,KX134_SENSOR_1,sensor_node_1,D4:E9:F4:E9:8E:1C,56827,568749925,0,0,NA,0,-544,-3836,52,-0.132812,-0.936523,0.012695,100,100,8,UNCALIBRATED_SENSOR_1,false,CALIBRATION_MISSING,CALIBRATION_MISSING,kx134_single_node_i2c.0.1.0,kx134.v3
kx134.v3,NODE_PROTOTYPE,1,KX134_SENSOR_1,sensor_node_1,D4:E9:F4:E9:8E:1C,56828,568759925,0,0,NA,0,-554,-3996,104,-0.135254,-0.975586,0.025391,100,100,8,UNCALIBRATED_SENSOR_1,false,CALIBRATION_MISSING,CALIBRATION_MISSING,kx134_single_node_i2c.0.1.0,kx134.v3
kx134.v3,NODE_PROTOTYPE,1,KX134_SENSOR_1,sensor_node_1,D4:E9:F4:E9:8E:1C,56829,568769924,0,0,NA,0,-383,-4101,200,-0.093506,-1.001221,0.048828,100,100,8,UNCALIBRATED_SENSOR_1,false,CALIBRATION_MISSING,CALIBRATION_MISSING,kx134_single_node_i2c.0.1.0,kx134.v3
kx134.v3,NODE_PROTOTYPE,1,KX134_SENSOR_1,sensor_node_1,D4:E9:F4:E9:8E:1C,56830,568779924,0,0,NA,0,-433,-4104,232,-0.105713,-1.001953,0.056641,100,100,8,UNCALIBRATED_SENSOR_1,false,CALIBRATION_MISSING,CALIBRATION_MISSING,kx134_single_node_i2c.0.1.0,kx134.v3
kx134.v3,NODE_PROTOTYPE,1,KX134_SENSOR_1,sensor_node_1,D4:E9:F4:E9:8E:1C,56831,568789924,0,0,NA,0,-501,-4041,262,-0.122314,-0.986572,0.063965,100,100,8,UNCALIBRATED_SENSOR_1,false,CALIBRATION_MISSING,CALIBRATION_MISSING,kx134_single_node_i2c.0.1.0,kx134.v3
kx134.v3,NODE_PROTOTYPE,1,KX134_SENSOR_1,sensor_node_1,D4:E9:F4:E9:8E:1C,56832,568799925,0,0,NA,0,-416,-4010,312,-0.101563,-0.979004,0.076172,100,100,8,UNCALIBRATED_SENSOR_1,false,CALIBRATION_MISSING,CALIBRATION_MISSING,kx134_single_node_i2c.0.1.0,kx134.v3
kx134.v3,NODE_PROTOTYPE,1,KX134_SENSOR_1,sensor_node_1,D4:E9:F4:E9:8E:1C,56833,568809924,0,0,NA,0,-388,-4013,326,-0.094727,-0.979736,0.079590,100,100,8,UNCALIBRATED_SENSOR_1,false,CALIBRATION_MISSING,CALIBRATION_MISSING,kx134_single_node_i2c.0.1.0,kx134.v3
kx134.v3,NODE_PROTOTYPE,1,KX134_SENSOR_1,sensor_node_1,D4:E9:F4:E9:8E:1C,56834,568819924,0,0,NA,0,-371,-4005,317,-0.090576,-0.977783,0.077393,100,100,8,UNCALIBRATED_SENSOR_1,false,CALIBRATION_MISSING,CALIBRATION_MISSING,kx134_single_node_i2c.0.1.0,kx134.v3
kx134.v3,NODE_PROTOTYPE,1,KX134_SENSOR_1,sensor_node_1,D4:E9:F4:E9:8E:1C,56835,568829925,0,0,NA,0,-338,-4010,321,-0.082520,-0.979004,0.078369,100,100,8,UNCALIBRATED_SENSOR_1,false,CALIBRATION_MISSING,CALIBRATION_MISSING,kx134_single_node_i2c.0.1.0,kx134.v3
kx134.v3,NODE_PROTOTYPE,1,KX134_SENSOR_1,sensor_node_1,D4:E9:F4:E9:8E:1C,56836,568839924,0,0,NA,0,-331,-4028,296,-0.080811,-0.983398,0.072266,100,100,8,UNCALIBRATED_SENSOR_1,false,CALIBRATION_MISSING,CALIBRATION_MISSING,kx134_single_node_i2c.0.1.0,kx134.v3
kx134.v3,NODE_PROTOTYPE,1,KX134_SENSOR_1,sensor_node_1,D4:E9:F4:E9:8E:1C,56837,568849925,0,0,NA,0,-343,-4042,237,-0.083740,-0.986816,0.057861,100,100,8,UNCALIBRATED_SENSOR_1,false,CALIBRATION_MISSING,CALIBRATION_MISSING,kx134_single_node_i2c.0.1.0,kx134.v3
kx134.v3,NODE_PROTOTYPE,1,KX134_SENSOR_1,sensor_node_1,D4:E9:F4:E9:8E:1C,56838,568859925,0,0,NA,0,-333,-4036,245,-0.081299,-0.985352,0.059814,100,100,8,UNCALIBRATED_SENSOR_1,false,CALIBRATION_MISSING,CALIBRATION_MISSING,kx134_single_node_i2c.0.1.0,kx134.v3
kx134.v3,NODE_PROTOTYPE,1,KX134_SENSOR_1,sensor_node_1,D4:E9:F4:E9:8E:1C,56839,568869924,0,0,NA,0,-354,-4002,248,-0.086426,-0.977051,0.060547,100,100,8,UNCALIBRATED_SENSOR_1,false,CALIBRATION_MISSING,CALIBRATION_MISSING,kx134_single_node_i2c.0.1.0,kx134.v3
kx134.v3,NODE_PROTOTYPE,1,KX134_SENSOR_1,sensor_node_1,D4:E9:F4:E9:8E:1C,56840,568879925,0,0,NA,0,-349,-3995,253,-0.085205,-0.975342,0.061768,100,100,8,UNCALIBRATED_SENSOR_1,false,CALIBRATION_MISSING,CALIBRATION_MISSING,kx134_single_node_i2c.0.1.0,kx134.v3
kx134.v3,NODE_PROTOTYPE,1,KX134_SENSOR_1,sensor_node_1,D4:E9:F4:E9:8E:1C,56841,568889925,0,0,NA,0,-307,-4027,252,-0.074951,-0.983154,0.061523,100,100,8,UNCALIBRATED_SENSOR_1,false,CALIBRATION_MISSING,CALIBRATION_MISSING,kx134_single_node_i2c.0.1.0,kx134.v3
kx134.v3,NODE_PROTOTYPE,1,KX134_SENSOR_1,sensor_node_1,D4:E9:F4:E9:8E:1C,56842,568899924,0,0,NA,0,-297,-4031,248,-0.072510,-0.984131,0.060547,100,100,8,UNCALIBRATED_SENSOR_1,false,CALIBRATION_MISSING,CALIBRATION_MISSING,kx134_single_node_i2c.0.1.0,kx134.v3
kx134.v3,NODE_PROTOTYPE,1,KX134_SENSOR_1,sensor_node_1,D4:E9:F4:E9:8E:1C,56843,568909925,0,0,NA,0,-308,-3996,241,-0.075195,-0.975586,0.058838,100,100,8,UNCALIBRATED_SENSOR_1,false,CALIBRATION_MISSING,CALIBRATION_MISSING,kx134_single_node_i2c.0.1.0,kx134.v3
kx134.v3,NODE_PROTOTYPE,1,KX134_SENSOR_1,sensor_node_1,D4:E9:F4:E9:8E:1C,56844,568919924,0,0,NA,0,-323,-3975,224,-0.078857,-0.970459,0.054687,100,100,8,UNCALIBRATED_SENSOR_1,false,CALIBRATION_MISSING,CALIBRATION_MISSING,kx134_single_node_i2c.0.1.0,kx134.v3
kx134.v3,NODE_PROTOTYPE,1,KX134_SENSOR_1,sensor_node_1,D4:E9:F4:E9:8E:1C,56845,568929924,0,0,NA,0,-341,-3968,226,-0.083252,-0.968750,0.055176,100,100,8,UNCALIBRATED_SENSOR_1,false,CALIBRATION_MISSING,CALIBRATION_MISSING,kx134_single_node_i2c.0.1.0,kx134.v3
kx134.v3,NODE_PROTOTYPE,1,KX134_SENSOR_1,sensor_node_1,D4:E9:F4:E9:8E:1C,56846,568939924,0,0,NA,0,-341,-3961,232,-0.083252,-0.967041,0.056641,100,100,8,UNCALIBRATED_SENSOR_1,false,CALIBRATION_MISSING,CALIBRATION_MISSING,kx134_single_node_i2c.0.1.0,kx134.v3
kx134.v3,NODE_PROTOTYPE,1,KX134_SENSOR_1,sensor_node_1,D4:E9:F4:E9:8E:1C,56847,568949924,0,0,NA,0,-349,-3974,229,-0.085205,-0.970215,0.055908,100,100,8,UNCALIBRATED_SENSOR_1,false,CALIBRATION_MISSING,CALIBRATION_MISSING,kx134_single_node_i2c.0.1.0,kx134.v3
kx134.v3,NODE_PROTOTYPE,1,KX134_SENSOR_1,sensor_node_1,D4:E9:F4:E9:8E:1C,56848,568959925,0,0,NA,0,-341,-3983,224,-0.083252,-0.972412,0.054687,100,100,8,UNCALIBRATED_SENSOR_1,false,CALIBRATION_MISSING,CALIBRATION_MISSING,kx134_single_node_i2c.0.1.0,kx134.v3
kx134.v3,NODE_PROTOTYPE,1,KX134_SENSOR_1,sensor_node_1,D4:E9:F4:E9:8E:1C,56849,568969924,0,0,NA,0,-358,-3957,217,-0.087402,-0.966064,0.052979,100,100,8,UNCALIBRATED_SENSOR_1,false,CALIBRATION_MISSING,CALIBRATION_MISSING,kx134_single_node_i2c.0.1.0,kx134.v3
kx134.v3,NODE_PROTOTYPE,1,KX134_SENSOR_1,sensor_node_1,D4:E9:F4:E9:8E:1C,56850,568979925,0,0,NA,0,-369,-3985,217,-0.090088,-0.972900,0.052979,100,100,8,UNCALIBRATED_SENSOR_1,false,CALIBRATION_MISSING,CALIBRATION_MISSING,kx134_single_node_i2c.0.1.0,kx134.v3
kx134.v3,NODE_PROTOTYPE,1,KX134_SENSOR_1,sensor_node_1,D4:E9:F4:E9:8E:1C,56851,568989925,0,0,NA,0,-344,-4025,203,-0.083984,-0.982666,0.049561,100,100,8,UNCALIBRATED_SENSOR_1,false,CALIBRATION_MISSING,CALIBRATION_MISSING,kx134_single_node_i2c.0.1.0,kx134.v3
kx134.v3,NODE_PROTOTYPE,1,KX134_SENSOR_1,sensor_node_1,D4:E9:F4:E9:8E:1C,56852,568999924,0,0,NA,0,-342,-4013,188,-0.083496,-0.979736,0.045898,100,100,8,UNCALIBRATED_SENSOR_1,false,CALIBRATION_MISSING,CALIBRATION_MISSING,kx134_single_node_i2c.0.1.0,kx134.v3
kx134.v3,NODE_PROTOTYPE,1,KX134_SENSOR_1,sensor_node_1,D4:E9:F4:E9:8E:1C,56853,569009925,0,0,NA,0,-346,-4018,201,-0.084473,-0.980957,0.049072,100,100,8,UNCALIBRATED_SENSOR_1,false,CALIBRATION_MISSING,CALIBRATION_MISSING,kx134_single_node_i2c.0.1.0,kx134.v3
kx134.v3,NODE_PROTOTYPE,1,KX134_SENSOR_1,sensor_node_1,D4:E9:F4:E9:8E:1C,56854,569019925,0,0,NA,0,-417,-3998,187,-0.101807,-0.976074,0.045654,100,100,8,UNCALIBRATED_SENSOR_1,false,CALIBRATION_MISSING,CALIBRATION_MISSING,kx134_single_node_i2c.0.1.0,kx134.v3
kx134.v3,NODE_PROTOTYPE,1,KX134_SENSOR_1,sensor_node_1,D4:E9:F4:E9:8E:1C,56855,569029924,0,0,NA,0,-447,-3978,178,-0.109131,-0.971191,0.043457,100,100,8,UNCALIBRATED_SENSOR_1,false,CALIBRATION_MISSING,CALIBRATION_MISSING,kx134_single_node_i2c.0.1.0,kx134.v3
kx134.v3,NODE_PROTOTYPE,1,KX134_SENSOR_1,sensor_node_1,D4:E9:F4:E9:8E:1C,56856,569039925,0,0,NA,0,-403,-3977,215,-0.098389,-0.970947,0.052490,100,100,8,UNCALIBRATED_SENSOR_1,false,CALIBRATION_MISSING,CALIBRATION_MISSING,kx134_single_node_i2c.0.1.0,kx134.v3
kx134.v3,NODE_PROTOTYPE,1,KX134_SENSOR_1,sensor_node_1,D4:E9:F4:E9:8E:1C,56857,569049924,0,0,NA,0,-378,-3986,257,-0.092285,-0.973145,0.062744,100,100,8,UNCALIBRATED_SENSOR_1,false,CALIBRATION_MISSING,CALIBRATION_MISSING,kx134_single_node_i2c.0.1.0,kx134.v3
kx134.v3,NODE_PROTOTYPE,1,KX134_SENSOR_1,sensor_node_1,D4:E9:F4:E9:8E:1C,56858,569059924,0,0,NA,0,-350,-4023,295,-0.085449,-0.982178,0.072021,100,100,8,UNCALIBRATED_SENSOR_1,false,CALIBRATION_MISSING,CALIBRATION_MISSING,kx134_single_node_i2c.0.1.0,kx134.v3
kx134.v3,NODE_PROTOTYPE,1,KX134_SENSOR_1,sensor_node_1,D4:E9:F4:E9:8E:1C,56859,569069925,0,0,NA,0,-326,-4053,359,-0.079590,-0.989502,0.087646,100,100,8,UNCALIBRATED_SENSOR_1,false,CALIBRATION_MISSING,CALIBRATION_MISSING,kx134_single_node_i2c.0.1.0,kx134.v3
kx134.v3,NODE_PROTOTYPE,1,KX134_SENSOR_1,sensor_node_1,D4:E9:F4:E9:8E:1C,56860,569079924,0,0,NA,0,-329,-4049,365,-0.080322,-0.988525,0.089111,100,100,8,UNCALIBRATED_SENSOR_1,false,CALIBRATION_MISSING,CALIBRATION_MISSING,kx134_single_node_i2c.0.1.0,kx134.v3
kx134.v3,NODE_PROTOTYPE,1,KX134_SENSOR_1,sensor_node_1,D4:E9:F4:E9:8E:1C,56861,569089924,0,0,NA,0,-357,-4038,312,-0.087158,-0.985840,0.076172,100,100,8,UNCALIBRATED_SENSOR_1,false,CALIBRATION_MISSING,CALIBRATION_MISSING,kx134_single_node_i2c.0.1.0,kx134.v3
kx134.v3,NODE_PROTOTYPE,1,KX134_SENSOR_1,sensor_node_1,D4:E9:F4:E9:8E:1C,56862,569099924,0,0,NA,0,-367,-4023,293,-0.089600,-0.982178,0.071533,100,100,8,UNCALIBRATED_SENSOR_1,false,CALIBRATION_MISSING,CALIBRATION_MISSING,kx134_single_node_i2c.0.1.0,kx134.v3
kx134.v3,NODE_PROTOTYPE,1,KX134_SENSOR_1,sensor_node_1,D4:E9:F4:E9:8E:1C,56863,569109924,0,0,NA,0,-306,-4038,322,-0.074707,-0.985840,0.078613,100,100,8,UNCALIBRATED_SENSOR_1,false,CALIBRATION_MISSING,CALIBRATION_MISSING,kx134_single_node_i2c.0.1.0,kx134.v3
kx134.v3,NODE_PROTOTYPE,1,KX134_SENSOR_1,sensor_node_1,D4:E9:F4:E9:8E:1C,56864,569119924,0,0,NA,0,-294,-4028,335,-0.071777,-0.983398,0.081787,100,100,8,UNCALIBRATED_SENSOR_1,false,CALIBRATION_MISSING,CALIBRATION_MISSING,kx134_single_node_i2c.0.1.0,kx134.v3
kx134.v3,NODE_PROTOTYPE,1,KX134_SENSOR_1,sensor_node_1,D4:E9:F4:E9:8E:1C,56865,569129924,0,0,NA,0,-348,-3981,327,-0.084961,-0.971924,0.079834,100,100,8,UNCALIBRATED_SENSOR_1,false,CALIBRATION_MISSING,CALIBRATION_MISSING,kx134_single_node_i2c.0.1.0,kx134.v3
kx134.v3,NODE_PROTOTYPE,1,KX134_SENSOR_1,sensor_node_1,D4:E9:F4:E9:8E:1C,56866,569139925,0,0,NA,0,-343,-3991,324,-0.083740,-0.974365,0.079102,100,100,8,UNCALIBRATED_SENSOR_1,false,CALIBRATION_MISSING,CALIBRATION_MISSING,kx134_single_node_i2c.0.1.0,kx134.v3
kx134.v3,NODE_PROTOTYPE,1,KX134_SENSOR_1,sensor_node_1,D4:E9:F4:E9:8E:1C,56867,569149924,0,0,NA,0,-340,-3997,317,-0.083008,-0.975830,0.077393,100,100,8,UNCALIBRATED_SENSOR_1,false,CALIBRATION_MISSING,CALIBRATION_MISSING,kx134_single_node_i2c.0.1.0,kx134.v3
kx134.v3,NODE_PROTOTYPE,1,KX134_SENSOR_1,sensor_node_1,D4:E9:F4:E9:8E:1C,56868,569159925,0,0,NA,0,-332,-4021,323,-0.081055,-0.981689,0.078857,100,100,8,UNCALIBRATED_SENSOR_1,false,CALIBRATION_MISSING,CALIBRATION_MISSING,kx134_single_node_i2c.0.1.0,kx134.v3
kx134.v3,NODE_PROTOTYPE,1,KX134_SENSOR_1,sensor_node_1,D4:E9:F4:E9:8E:1C,56869,569169925,0,0,NA,0,-318,-4034,290,-0.077637,-0.984863,0.070801,100,100,8,UNCALIBRATED_SENSOR_1,false,CALIBRATION_MISSING,CALIBRATION_MISSING,kx134_single_node_i2c.0.1.0,kx134.v3
kx134.v3,NODE_PROTOTYPE,1,KX134_SENSOR_1,sensor_node_1,D4:E9:F4:E9:8E:1C,56870,569179924,0,0,NA,0,-335,-3987,254,-0.081787,-0.973389,0.062012,100,100,8,UNCALIBRATED_SENSOR_1,false,CALIBRATION_MISSING,CALIBRATION_MISSING,kx134_single_node_i2c.0.1.0,kx134.v3
kx134.v3,NODE_PROTOTYPE,1,KX134_SENSOR_1,sensor_node_1,D4:E9:F4:E9:8E:1C,56871,569189924,0,0,NA,0,-318,-3985,253,-0.077637,-0.972900,0.061768,100,100,8,UNCALIBRATED_SENSOR_1,false,CALIBRATION_MISSING,CALIBRATION_MISSING,kx134_single_node_i2c.0.1.0,kx134.v3
kx134.v3,NODE_PROTOTYPE,1,KX134_SENSOR_1,sensor_node_1,D4:E9:F4:E9:8E:1C,56872,569199924,0,0,NA,0,-301,-4009,267,-0.073486,-0.978760,0.065186,100,100,8,UNCALIBRATED_SENSOR_1,false,CALIBRATION_MISSING,CALIBRATION_MISSING,kx134_single_node_i2c.0.1.0,kx134.v3
kx134.v3,NODE_PROTOTYPE,1,KX134_SENSOR_1,sensor_node_1,D4:E9:F4:E9:8E:1C,56873,569209925,0,0,NA,0,-344,-3978,271,-0.083984,-0.971191,0.066162,100,100,8,UNCALIBRATED_SENSOR_1,false,CALIBRATION_MISSING,CALIBRATION_MISSING,kx134_single_node_i2c.0.1.0,kx134.v3
kx134.v3,NODE_PROTOTYPE,1,KX134_SENSOR_1,sensor_node_1,D4:E9:F4:E9:8E:1C,56874,569219924,0,0,NA,0,-353,-3949,255,-0.086182,-0.964111,0.062256,100,100,8,UNCALIBRATED_SENSOR_1,false,CALIBRATION_MISSING,CALIBRATION_MISSING,kx134_single_node_i2c.0.1.0,kx134.v3
kx134.v3,NODE_PROTOTYPE,1,KX134_SENSOR_1,sensor_node_1,D4:E9:F4:E9:8E:1C,56875,569229924,0,0,NA,0,-325,-3967,235,-0.079346,-0.968506,0.057373,100,100,8,UNCALIBRATED_SENSOR_1,false,CALIBRATION_MISSING,CALIBRATION_MISSING,kx134_single_node_i2c.0.1.0,kx134.v3
kx134.v3,NODE_PROTOTYPE,1,KX134_SENSOR_1,sensor_node_1,D4:E9:F4:E9:8E:1C,56876,569239924,0,0,NA,0,-346,-3986,239,-0.084473,-0.973145,0.058350,100,100,8,UNCALIBRATED_SENSOR_1,false,CALIBRATION_MISSING,CALIBRATION_MISSING,kx134_single_node_i2c.0.1.0,kx134.v3
kx134.v3,NODE_PROTOTYPE,1,KX134_SENSOR_1,sensor_node_1,D4:E9:F4:E9:8E:1C,56877,569249925,0,0,NA,0,-344,-4008,271,-0.083984,-0.978516,0.066162,100,100,8,UNCALIBRATED_SENSOR_1,false,CALIBRATION_MISSING,CALIBRATION_MISSING,kx134_single_node_i2c.0.1.0,kx134.v3
kx134.v3,NODE_PROTOTYPE,1,KX134_SENSOR_1,sensor_node_1,D4:E9:F4:E9:8E:1C,56878,569259924,0,0,NA,0,-344,-4022,265,-0.083984,-0.981934,0.064697,100,100,8,UNCALIBRATED_SENSOR_1,false,CALIBRATION_MISSING,CALIBRATION_MISSING,kx134_single_node_i2c.0.1.0,kx134.v3
kx134.v3,NODE_PROTOTYPE,1,KX134_SENSOR_1,sensor_node_1,D4:E9:F4:E9:8E:1C,56879,569269925,0,0,NA,0,-367,-4013,252,-0.089600,-0.979736,0.061523,100,100,8,UNCALIBRATED_SENSOR_1,false,CALIBRATION_MISSING,CALIBRATION_MISSING,kx134_single_node_i2c.0.1.0,kx134.v3
kx134.v3,NODE_PROTOTYPE,1,KX134_SENSOR_1,sensor_node_1,D4:E9:F4:E9:8E:1C,56880,569279925,0,0,NA,0,-355,-4001,270,-0.086670,-0.976807,0.065918,100,100,8,UNCALIBRATED_SENSOR_1,false,CALIBRATION_MISSING,CALIBRATION_MISSING,kx134_single_node_i2c.0.1.0,kx134.v3
kx134.v3,NODE_PROTOTYPE,1,KX134_SENSOR_1,sensor_node_1,D4:E9:F4:E9:8E:1C,56881,569289924,0,0,NA,0,-375,-4000,286,-0.091553,-0.976562,0.069824,100,100,8,UNCALIBRATED_SENSOR_1,false,CALIBRATION_MISSING,CALIBRATION_MISSING,kx134_single_node_i2c.0.1.0,kx134.v3
kx134.v3,NODE_PROTOTYPE,1,KX134_SENSOR_1,sensor_node_1,D4:E9:F4:E9:8E:1C,56882,569299925,0,0,NA,0,-398,-3992,246,-0.097168,-0.974609,0.060059,100,100,8,UNCALIBRATED_SENSOR_1,false,CALIBRATION_MISSING,CALIBRATION_MISSING,kx134_single_node_i2c.0.1.0,kx134.v3
kx134.v3,NODE_PROTOTYPE,1,KX134_SENSOR_1,sensor_node_1,D4:E9:F4:E9:8E:1C,56883,569309925,0,0,NA,0,-374,-3993,240,-0.091309,-0.974854,0.058594,100,100,8,UNCALIBRATED_SENSOR_1,false,CALIBRATION_MISSING,CALIBRATION_MISSING,kx134_single_node_i2c.0.1.0,kx134.v3
kx134.v3,NODE_PROTOTYPE,1,KX134_SENSOR_1,sensor_node_1,D4:E9:F4:E9:8E:1C,56884,569319924,0,0,NA,0,-348,-4018,273,-0.084961,-0.980957,0.066650,100,100,8,UNCALIBRATED_SENSOR_1,false,CALIBRATION_MISSING,CALIBRATION_MISSING,kx134_single_node_i2c.0.1.0,kx134.v3
kx134.v3,NODE_PROTOTYPE,1,KX134_SENSOR_1,sensor_node_1,D4:E9:F4:E9:8E:1C,56885,569329925,0,0,NA,0,-363,-4005,254,-0.088623,-0.977783,0.062012,100,100,8,UNCALIBRATED_SENSOR_1,false,CALIBRATION_MISSING,CALIBRATION_MISSING,kx134_single_node_i2c.0.1.0,kx134.v3
kx134.v3,NODE_PROTOTYPE,1,KX134_SENSOR_1,sensor_node_1,D4:E9:F4:E9:8E:1C,56886,569339925,0,0,NA,0,-391,-3980,241,-0.095459,-0.971680,0.058838,100,100,8,UNCALIBRATED_SENSOR_1,false,CALIBRATION_MISSING,CALIBRATION_MISSING,kx134_single_node_i2c.0.1.0,kx134.v3
kx134.v3,NODE_PROTOTYPE,1,KX134_SENSOR_1,sensor_node_1,D4:E9:F4:E9:8E:1C,56887,569349925,0,0,NA,0,-377,-3972,250,-0.092041,-0.969727,0.061035,100,100,8,UNCALIBRATED_SENSOR_1,false,CALIBRATION_MISSING,CALIBRATION_MISSING,kx134_single_node_i2c.0.1.0,kx134.v3
kx134.v3,NODE_PROTOTYPE,1,KX134_SENSOR_1,sensor_node_1,D4:E9:F4:E9:8E:1C,56888,569359924,0,0,NA,0,-355,-3975,247,-0.086670,-0.970459,0.060303,100,100,8,UNCALIBRATED_SENSOR_1,false,CALIBRATION_MISSING,CALIBRATION_MISSING,kx134_single_node_i2c.0.1.0,kx134.v3
kx134.v3,NODE_PROTOTYPE,1,KX134_SENSOR_1,sensor_node_1,D4:E9:F4:E9:8E:1C,56889,569369925,0,0,NA,0,-350,-3990,224,-0.085449,-0.974121,0.054687,100,100,8,UNCALIBRATED_SENSOR_1,false,CALIBRATION_MISSING,CALIBRATION_MISSING,kx134_single_node_i2c.0.1.0,kx134.v3
kx134.v3,NODE_PROTOTYPE,1,KX134_SENSOR_1,sensor_node_1,D4:E9:F4:E9:8E:1C,56890,569379924,0,0,NA,0,-343,-4003,228,-0.083740,-0.977295,0.055664,100,100,8,UNCALIBRATED_SENSOR_1,false,CALIBRATION_MISSING,CALIBRATION_MISSING,kx134_single_node_i2c.0.1.0,kx134.v3
kx134.v3,NODE_PROTOTYPE,1,KX134_SENSOR_1,sensor_node_1,D4:E9:F4:E9:8E:1C,56891,569389924,0,0,NA,0,-345,-4007,230,-0.084229,-0.978271,0.056152,100,100,8,UNCALIBRATED_SENSOR_1,false,CALIBRATION_MISSING,CALIBRATION_MISSING,kx134_single_node_i2c.0.1.0,kx134.v3
kx134.v3,NODE_PROTOTYPE,1,KX134_SENSOR_1,sensor_node_1,D4:E9:F4:E9:8E:1C,56892,569399925,0,0,NA,0,-358,-3997,208,-0.087402,-0.975830,0.050781,100,100,8,UNCALIBRATED_SENSOR_1,false,CALIBRATION_MISSING,CALIBRATION_MISSING,kx134_single_node_i2c.0.1.0,kx134.v3
kx134.v3,NODE_PROTOTYPE,1,KX134_SENSOR_1,sensor_node_1,D4:E9:F4:E9:8E:1C,56893,569409925,0,0,NA,0,-368,-3991,236,-0.089844,-0.974365,0.057617,100,100,8,UNCALIBRATED_SENSOR_1,false,CALIBRATION_MISSING,CALIBRATION_MISSING,kx134_single_node_i2c.0.1.0,kx134.v3
kx134.v3,NODE_PROTOTYPE,1,KX134_SENSOR_1,sensor_node_1,D4:E9:F4:E9:8E:1C,56894,569419925,0,0,NA,0,-393,-4003,293,-0.095947,-0.977295,0.071533,100,100,8,UNCALIBRATED_SENSOR_1,false,CALIBRATION_MISSING,CALIBRATION_MISSING,kx134_single_node_i2c.0.1.0,kx134.v3
kx134.v3,NODE_PROTOTYPE,1,KX134_SENSOR_1,sensor_node_1,D4:E9:F4:E9:8E:1C,56895,569429924,0,0,NA,0,-400,-3992,313,-0.097656,-0.974609,0.076416,100,100,8,UNCALIBRATED_SENSOR_1,false,CALIBRATION_MISSING,CALIBRATION_MISSING,kx134_single_node_i2c.0.1.0,kx134.v3
kx134.v3,NODE_PROTOTYPE,1,KX134_SENSOR_1,sensor_node_1,D4:E9:F4:E9:8E:1C,56896,569439924,0,0,NA,0,-360,-3957,300,-0.087891,-0.966064,0.073242,100,100,8,UNCALIBRATED_SENSOR_1,false,CALIBRATION_MISSING,CALIBRATION_MISSING,kx134_single_node_i2c.0.1.0,kx134.v3
kx134.v3,NODE_PROTOTYPE,1,KX134_SENSOR_1,sensor_node_1,D4:E9:F4:E9:8E:1C,56897,569449924,0,0,NA,0,-352,-3931,262,-0.085937,-0.959717,0.063965,100,100,8,UNCALIBRATED_SENSOR_1,false,CALIBRATION_MISSING,CALIBRATION_MISSING,kx134_single_node_i2c.0.1.0,kx134.v3
kx134.v3,NODE_PROTOTYPE,1,KX134_SENSOR_1,sensor_node_1,D4:E9:F4:E9:8E:1C,56898,569459925,0,0,NA,0,-386,-3971,218,-0.094238,-0.969482,0.053223,100,100,8,UNCALIBRATED_SENSOR_1,false,CALIBRATION_MISSING,CALIBRATION_MISSING,kx134_single_node_i2c.0.1.0,kx134.v3
kx134.v3,NODE_PROTOTYPE,1,KX134_SENSOR_1,sensor_node_1,D4:E9:F4:E9:8E:1C,56899,569469924,0,0,NA,0,-397,-4024,224,-0.096924,-0.982422,0.054687,100,100,8,UNCALIBRATED_SENSOR_1,false,CALIBRATION_MISSING,CALIBRATION_MISSING,kx134_single_node_i2c.0.1.0,kx134.v3
kx134.v3,NODE_PROTOTYPE,1,KX134_SENSOR_1,sensor_node_1,D4:E9:F4:E9:8E:1C,56900,569479925,0,0,NA,0,-400,-4041,235,-0.097656,-0.986572,0.057373,100,100,8,UNCALIBRATED_SENSOR_1,false,CALIBRATION_MISSING,CALIBRATION_MISSING,kx134_single_node_i2c.0.1.0,kx134.v3
kx134.v3,NODE_PROTOTYPE,1,KX134_SENSOR_1,sensor_node_1,D4:E9:F4:E9:8E:1C,56901,569489925,0,0,NA,0,-385,-4045,229,-0.093994,-0.987549,0.055908,100,100,8,UNCALIBRATED_SENSOR_1,false,CALIBRATION_MISSING,CALIBRATION_MISSING,kx134_single_node_i2c.0.1.0,kx134.v3
kx134.v3,NODE_PROTOTYPE,1,KX134_SENSOR_1,sensor_node_1,D4:E9:F4:E9:8E:1C,56902,569499925,0,0,NA,0,-361,-4010,246,-0.088135,-0.979004,0.060059,100,100,8,UNCALIBRATED_SENSOR_1,false,CALIBRATION_MISSING,CALIBRATION_MISSING,kx134_single_node_i2c.0.1.0,kx134.v3
kx134.v3,NODE_PROTOTYPE,1,KX134_SENSOR_1,sensor_node_1,D4:E9:F4:E9:8E:1C,56903,569509924,0,0,NA,0,-358,-3994,237,-0.087402,-0.975098,0.057861,100,100,8,UNCALIBRATED_SENSOR_1,false,CALIBRATION_MISSING,CALIBRATION_MISSING,kx134_single_node_i2c.0.1.0,kx134.v3
kx134.v3,NODE_PROTOTYPE,1,KX134_SENSOR_1,sensor_node_1,D4:E9:F4:E9:8E:1C,56904,569519925,0,0,NA,0,-361,-3985,225,-0.088135,-0.972900,0.054932,100,100,8,UNCALIBRATED_SENSOR_1,false,CALIBRATION_MISSING,CALIBRATION_MISSING,kx134_single_node_i2c.0.1.0,kx134.v3
kx134.v3,NODE_PROTOTYPE,1,KX134_SENSOR_1,sensor_node_1,D4:E9:F4:E9:8E:1C,56905,569529925,0,0,NA,0,-372,-3990,247,-0.090820,-0.974121,0.060303,100,100,8,UNCALIBRATED_SENSOR_1,false,CALIBRATION_MISSING,CALIBRATION_MISSING,kx134_single_node_i2c.0.1.0,kx134.v3
kx134.v3,NODE_PROTOTYPE,1,KX134_SENSOR_1,sensor_node_1,D4:E9:F4:E9:8E:1C,56906,569539924,0,0,NA,0,-365,-4007,265,-0.089111,-0.978271,0.064697,100,100,8,UNCALIBRATED_SENSOR_1,false,CALIBRATION_MISSING,CALIBRATION_MISSING,kx134_single_node_i2c.0.1.0,kx134.v3
kx134.v3,NODE_PROTOTYPE,1,KX134_SENSOR_1,sensor_node_1,D4:E9:F4:E9:8E:1C,56907,569549924,0,0,NA,0,-360,-4003,280,-0.087891,-0.977295,0.068359,100,100,8,UNCALIBRATED_SENSOR_1,false,CALIBRATION_MISSING,CALIBRATION_MISSING,kx134_single_node_i2c.0.1.0,kx134.v3
kx134.v3,NODE_PROTOTYPE,1,KX134_SENSOR_1,sensor_node_1,D4:E9:F4:E9:8E:1C,56908,569559925,0,0,NA,0,-364,-3998,286,-0.088867,-0.976074,0.069824,100,100,8,UNCALIBRATED_SENSOR_1,false,CALIBRATION_MISSING,CALIBRATION_MISSING,kx134_single_node_i2c.0.1.0,kx134.v3
kx134.v3,NODE_PROTOTYPE,1,KX134_SENSOR_1,sensor_node_1,D4:E9:F4:E9:8E:1C,56909,569569925,0,0,NA,0,-355,-4000,269,-0.086670,-0.976562,0.065674,100,100,8,UNCALIBRATED_SENSOR_1,false,CALIBRATION_MISSING,CALIBRATION_MISSING,kx134_single_node_i2c.0.1.0,kx134.v3
kx134.v3,NODE_PROTOTYPE,1,KX134_SENSOR_1,sensor_node_1,D4:E9:F4:E9:8E:1C,56910,569579925,0,0,NA,0,-260,-4041,311,-0.063477,-0.986572,0.075928,100,100,8,UNCALIBRATED_SENSOR_1,false,CALIBRATION_MISSING,CALIBRATION_MISSING,kx134_single_node_i2c.0.1.0,kx134.v3
kx134.v3,NODE_PROTOTYPE,1,KX134_SENSOR_1,sensor_node_1,D4:E9:F4:E9:8E:1C,56911,569589924,0,0,NA,0,-274,-3977,278,-0.066895,-0.970947,0.067871,100,100,8,UNCALIBRATED_SENSOR_1,false,CALIBRATION_MISSING,CALIBRATION_MISSING,kx134_single_node_i2c.0.1.0,kx134.v3
kx134.v3,NODE_PROTOTYPE,1,KX134_SENSOR_1,sensor_node_1,D4:E9:F4:E9:8E:1C,56912,569599924,0,0,NA,0,-274,-3977,278,-0.066895,-0.970947,0.067871,100,100,8,UNCALIBRATED_SENSOR_1,false,CALIBRATION_MISSING,CALIBRATION_MISSING,kx134_single_node_i2c.0.1.0,kx134.v3
kx134.v3,NODE_PROTOTYPE,1,KX134_SENSOR_1,sensor_node_1,D4:E9:F4:E9:8E:1C,56913,569609924,0,0,NA,0,-305,-4010,227,-0.074463,-0.979004,0.055420,100,100,8,UNCALIBRATED_SENSOR_1,false,CALIBRATION_MISSING,CALIBRATION_MISSING,kx134_single_node_i2c.0.1.0,kx134.v3
kx134.v3,NODE_PROTOTYPE,1,KX134_SENSOR_1,sensor_node_1,D4:E9:F4:E9:8E:1C,56914,569619925,0,0,NA,0,-244,-4026,127,-0.059570,-0.982910,0.031006,100,100,8,UNCALIBRATED_SENSOR_1,false,CALIBRATION_MISSING,CALIBRATION_MISSING,kx134_single_node_i2c.0.1.0,kx134.v3
kx134.v3,NODE_PROTOTYPE,1,KX134_SENSOR_1,sensor_node_1,D4:E9:F4:E9:8E:1C,56915,569629925,0,0,NA,0,-210,-4012,65,-0.051270,-0.979492,0.015869,100,100,8,UNCALIBRATED_SENSOR_1,false,CALIBRATION_MISSING,CALIBRATION_MISSING,kx134_single_node_i2c.0.1.0,kx134.v3
kx134.v3,NODE_PROTOTYPE,1,KX134_SENSOR_1,sensor_node_1,D4:E9:F4:E9:8E:1C,56916,569639924,0,0,NA,0,-163,-4119,208,-0.039795,-1.005615,0.050781,100,100,8,UNCALIBRATED_SENSOR_1,false,CALIBRATION_MISSING,CALIBRATION_MISSING,kx134_single_node_i2c.0.1.0,kx134.v3
kx134.v3,NODE_PROTOTYPE,1,KX134_SENSOR_1,sensor_node_1,D4:E9:F4:E9:8E:1C,56917,569649924,0,0,NA,0,-245,-4165,199,-0.059814,-1.016846,0.048584,100,100,8,UNCALIBRATED_SENSOR_1,false,CALIBRATION_MISSING,CALIBRATION_MISSING,kx134_single_node_i2c.0.1.0,kx134.v3
kx134.v3,NODE_PROTOTYPE,1,KX134_SENSOR_1,sensor_node_1,D4:E9:F4:E9:8E:1C,56918,569659925,0,0,NA,0,-301,-4198,128,-0.073486,-1.024902,0.031250,100,100,8,UNCALIBRATED_SENSOR_1,false,CALIBRATION_MISSING,CALIBRATION_MISSING,kx134_single_node_i2c.0.1.0,kx134.v3
kx134.v3,NODE_PROTOTYPE,1,KX134_SENSOR_1,sensor_node_1,D4:E9:F4:E9:8E:1C,56919,569669925,0,0,NA,0,-285,-4125,195,-0.069580,-1.007080,0.047607,100,100,8,UNCALIBRATED_SENSOR_1,false,CALIBRATION_MISSING,CALIBRATION_MISSING,kx134_single_node_i2c.0.1.0,kx134.v3
kx134.v3,NODE_PROTOTYPE,1,KX134_SENSOR_1,sensor_node_1,D4:E9:F4:E9:8E:1C,56920,569679924,0,0,NA,0,-296,-4046,265,-0.072266,-0.987793,0.064697,100,100,8,UNCALIBRATED_SENSOR_1,false,CALIBRATION_MISSING,CALIBRATION_MISSING,kx134_single_node_i2c.0.1.0,kx134.v3
kx134.v3,NODE_PROTOTYPE,1,KX134_SENSOR_1,sensor_node_1,D4:E9:F4:E9:8E:1C,56921,569689925,0,0,NA,0,-292,-4026,268,-0.071289,-0.982910,0.065430,100,100,8,UNCALIBRATED_SENSOR_1,false,CALIBRATION_MISSING,CALIBRATION_MISSING,kx134_single_node_i2c.0.1.0,kx134.v3
kx134.v3,NODE_PROTOTYPE,1,KX134_SENSOR_1,sensor_node_1,D4:E9:F4:E9:8E:1C,56922,569699925,0,0,NA,0,-316,-4009,271,-0.077148,-0.978760,0.066162,100,100,8,UNCALIBRATED_SENSOR_1,false,CALIBRATION_MISSING,CALIBRATION_MISSING,kx134_single_node_i2c.0.1.0,kx134.v3
kx134.v3,NODE_PROTOTYPE,1,KX134_SENSOR_1,sensor_node_1,D4:E9:F4:E9:8E:1C,56923,569709925,0,0,NA,0,-342,-4011,283,-0.083496,-0.979248,0.069092,100,100,8,UNCALIBRATED_SENSOR_1,false,CALIBRATION_MISSING,CALIBRATION_MISSING,kx134_single_node_i2c.0.1.0,kx134.v3
kx134.v3,NODE_PROTOTYPE,1,KX134_SENSOR_1,sensor_node_1,D4:E9:F4:E9:8E:1C,56924,569719925,0,0,NA,0,-339,-4017,278,-0.082764,-0.980713,0.067871,100,100,8,UNCALIBRATED_SENSOR_1,false,CALIBRATION_MISSING,CALIBRATION_MISSING,kx134_single_node_i2c.0.1.0,kx134.v3
kx134.v3,NODE_PROTOTYPE,1,KX134_SENSOR_1,sensor_node_1,D4:E9:F4:E9:8E:1C,56925,569729925,0,0,NA,0,-336,-4002,250,-0.082031,-0.977051,0.061035,100,100,8,UNCALIBRATED_SENSOR_1,false,CALIBRATION_MISSING,CALIBRATION_MISSING,kx134_single_node_i2c.0.1.0,kx134.v3
kx134.v3,NODE_PROTOTYPE,1,KX134_SENSOR_1,sensor_node_1,D4:E9:F4:E9:8E:1C,56926,569739925,0,0,NA,0,-328,-3977,242,-0.080078,-0.970947,0.059082,100,100,8,UNCALIBRATED_SENSOR_1,false,CALIBRATION_MISSING,CALIBRATION_MISSING,kx134_single_node_i2c.0.1.0,kx134.v3
kx134.v3,NODE_PROTOTYPE,1,KX134_SENSOR_1,sensor_node_1,D4:E9:F4:E9:8E:1C,56927,569749925,0,0,NA,0,-337,-3959,250,-0.082275,-0.966553,0.061035,100,100,8,UNCALIBRATED_SENSOR_1,false,CALIBRATION_MISSING,CALIBRATION_MISSING,kx134_single_node_i2c.0.1.0,kx134.v3
kx134.v3,NODE_PROTOTYPE,1,KX134_SENSOR_1,sensor_node_1,D4:E9:F4:E9:8E:1C,56928,569759925,0,0,NA,0,-322,-3988,249,-0.078613,-0.973633,0.060791,100,100,8,UNCALIBRATED_SENSOR_1,false,CALIBRATION_MISSING,CALIBRATION_MISSING,kx134_single_node_i2c.0.1.0,kx134.v3
kx134.v3,NODE_PROTOTYPE,1,KX134_SENSOR_1,sensor_node_1,D4:E9:F4:E9:8E:1C,56929,569769925,0,0,NA,0,-303,-4009,255,-0.073975,-0.978760,0.062256,100,100,8,UNCALIBRATED_SENSOR_1,false,CALIBRATION_MISSING,CALIBRATION_MISSING,kx134_single_node_i2c.0.1.0,kx134.v3
kx134.v3,NODE_PROTOTYPE,1,KX134_SENSOR_1,sensor_node_1,D4:E9:F4:E9:8E:1C,56930,569779925,0,0,NA,0,-316,-3975,271,-0.077148,-0.970459,0.066162,100,100,8,UNCALIBRATED_SENSOR_1,false,CALIBRATION_MISSING,CALIBRATION_MISSING,kx134_single_node_i2c.0.1.0,kx134.v3
kx134.v3,NODE_PROTOTYPE,1,KX134_SENSOR_1,sensor_node_1,D4:E9:F4:E9:8E:1C,56931,569789925,0,0,NA,0,-315,-3959,292,-0.076904,-0.966553,0.071289,100,100,8,UNCALIBRATED_SENSOR_1,false,CALIBRATION_MISSING,CALIBRATION_MISSING,kx134_single_node_i2c.0.1.0,kx134.v3
kx134.v3,NODE_PROTOTYPE,1,KX134_SENSOR_1,sensor_node_1,D4:E9:F4:E9:8E:1C,56932,569799925,0,0,NA,0,-312,-3975,302,-0.076172,-0.970459,0.073730,100,100,8,UNCALIBRATED_SENSOR_1,false,CALIBRATION_MISSING,CALIBRATION_MISSING,kx134_single_node_i2c.0.1.0,kx134.v3
kx134.v3,NODE_PROTOTYPE,1,KX134_SENSOR_1,sensor_node_1,D4:E9:F4:E9:8E:1C,56933,569809924,0,0,NA,0,-300,-3982,289,-0.073242,-0.972168,0.070557,100,100,8,UNCALIBRATED_SENSOR_1,false,CALIBRATION_MISSING,CALIBRATION_MISSING,kx134_single_node_i2c.0.1.0,kx134.v3
kx134.v3,NODE_PROTOTYPE,1,KX134_SENSOR_1,sensor_node_1,D4:E9:F4:E9:8E:1C,56934,569819925,0,0,NA,0,-303,-3981,249,-0.073975,-0.971924,0.060791,100,100,8,UNCALIBRATED_SENSOR_1,false,CALIBRATION_MISSING,CALIBRATION_MISSING,kx134_single_node_i2c.0.1.0,kx134.v3
kx134.v3,NODE_PROTOTYPE,1,KX134_SENSOR_1,sensor_node_1,D4:E9:F4:E9:8E:1C,56935,569829925,0,0,NA,0,-292,-3994,221,-0.071289,-0.975098,0.053955,100,100,8,UNCALIBRATED_SENSOR_1,false,CALIBRATION_MISSING,CALIBRATION_MISSING,kx134_single_node_i2c.0.1.0,kx134.v3
kx134.v3,NODE_PROTOTYPE,1,KX134_SENSOR_1,sensor_node_1,D4:E9:F4:E9:8E:1C,56936,569839925,0,0,NA,0,-304,-4000,254,-0.074219,-0.976562,0.062012,100,100,8,UNCALIBRATED_SENSOR_1,false,CALIBRATION_MISSING,CALIBRATION_MISSING,kx134_single_node_i2c.0.1.0,kx134.v3
kx134.v3,NODE_PROTOTYPE,1,KX134_SENSOR_1,sensor_node_1,D4:E9:F4:E9:8E:1C,56937,569849925,0,0,NA,0,-338,-4007,283,-0.082520,-0.978271,0.069092,100,100,8,UNCALIBRATED_SENSOR_1,false,CALIBRATION_MISSING,CALIBRATION_MISSING,kx134_single_node_i2c.0.1.0,kx134.v3
kx134.v3,NODE_PROTOTYPE,1,KX134_SENSOR_1,sensor_node_1,D4:E9:F4:E9:8E:1C,56938,569859924,0,0,NA,0,-337,-4024,285,-0.082275,-0.982422,0.069580,100,100,8,UNCALIBRATED_SENSOR_1,false,CALIBRATION_MISSING,CALIBRATION_MISSING,kx134_single_node_i2c.0.1.0,kx134.v3
kx134.v3,NODE_PROTOTYPE,1,KX134_SENSOR_1,sensor_node_1,D4:E9:F4:E9:8E:1C,56939,569869924,0,0,NA,0,-337,-4016,294,-0.082275,-0.980469,0.071777,100,100,8,UNCALIBRATED_SENSOR_1,false,CALIBRATION_MISSING,CALIBRATION_MISSING,kx134_single_node_i2c.0.1.0,kx134.v3
kx134.v3,NODE_PROTOTYPE,1,KX134_SENSOR_1,sensor_node_1,D4:E9:F4:E9:8E:1C,56940,569879925,0,0,NA,0,-326,-4024,303,-0.079590,-0.982422,0.073975,100,100,8,UNCALIBRATED_SENSOR_1,false,CALIBRATION_MISSING,CALIBRATION_MISSING,kx134_single_node_i2c.0.1.0,kx134.v3
kx134.v3,NODE_PROTOTYPE,1,KX134_SENSOR_1,sensor_node_1,D4:E9:F4:E9:8E:1C,56941,569889925,0,0,NA,0,-321,-4035,286,-0.078369,-0.985107,0.069824,100,100,8,UNCALIBRATED_SENSOR_1,false,CALIBRATION_MISSING,CALIBRATION_MISSING,kx134_single_node_i2c.0.1.0,kx134.v3
kx134.v3,NODE_PROTOTYPE,1,KX134_SENSOR_1,sensor_node_1,D4:E9:F4:E9:8E:1C,56942,569899924,0,0,NA,0,-320,-4000,270,-0.078125,-0.976562,0.065918,100,100,8,UNCALIBRATED_SENSOR_1,false,CALIBRATION_MISSING,CALIBRATION_MISSING,kx134_single_node_i2c.0.1.0,kx134.v3
kx134.v3,NODE_PROTOTYPE,1,KX134_SENSOR_1,sensor_node_1,D4:E9:F4:E9:8E:1C,56943,569909925,0,0,NA,0,-313,-3982,248,-0.076416,-0.972168,0.060547,100,100,8,UNCALIBRATED_SENSOR_1,false,CALIBRATION_MISSING,CALIBRATION_MISSING,kx134_single_node_i2c.0.1.0,kx134.v3
kx134.v3,NODE_PROTOTYPE,1,KX134_SENSOR_1,sensor_node_1,D4:E9:F4:E9:8E:1C,56944,569919925,0,0,NA,0,-331,-3970,209,-0.080811,-0.969238,0.051025,100,100,8,UNCALIBRATED_SENSOR_1,false,CALIBRATION_MISSING,CALIBRATION_MISSING,kx134_single_node_i2c.0.1.0,kx134.v3
kx134.v3,NODE_PROTOTYPE,1,KX134_SENSOR_1,sensor_node_1,D4:E9:F4:E9:8E:1C,56945,569929924,0,0,NA,0,-353,-3968,237,-0.086182,-0.968750,0.057861,100,100,8,UNCALIBRATED_SENSOR_1,false,CALIBRATION_MISSING,CALIBRATION_MISSING,kx134_single_node_i2c.0.1.0,kx134.v3
kx134.v3,NODE_PROTOTYPE,1,KX134_SENSOR_1,sensor_node_1,D4:E9:F4:E9:8E:1C,56946,569939924,0,0,NA,0,-346,-3985,287,-0.084473,-0.972900,0.070068,100,100,8,UNCALIBRATED_SENSOR_1,false,CALIBRATION_MISSING,CALIBRATION_MISSING,kx134_single_node_i2c.0.1.0,kx134.v3
kx134.v3,NODE_PROTOTYPE,1,KX134_SENSOR_1,sensor_node_1,D4:E9:F4:E9:8E:1C,56947,569949924,0,0,NA,0,-342,-3980,294,-0.083496,-0.971680,0.071777,100,100,8,UNCALIBRATED_SENSOR_1,false,CALIBRATION_MISSING,CALIBRATION_MISSING,kx134_single_node_i2c.0.1.0,kx134.v3
kx134.v3,NODE_PROTOTYPE,1,KX134_SENSOR_1,sensor_node_1,D4:E9:F4:E9:8E:1C,56948,569959924,0,0,NA,0,-349,-3986,313,-0.085205,-0.973145,0.076416,100,100,8,UNCALIBRATED_SENSOR_1,false,CALIBRATION_MISSING,CALIBRATION_MISSING,kx134_single_node_i2c.0.1.0,kx134.v3
kx134.v3,NODE_PROTOTYPE,1,KX134_SENSOR_1,sensor_node_1,D4:E9:F4:E9:8E:1C,56949,569969924,0,0,NA,0,-361,-3989,297,-0.088135,-0.973877,0.072510,100,100,8,UNCALIBRATED_SENSOR_1,false,CALIBRATION_MISSING,CALIBRATION_MISSING,kx134_single_node_i2c.0.1.0,kx134.v3
kx134.v3,NODE_PROTOTYPE,1,KX134_SENSOR_1,sensor_node_1,D4:E9:F4:E9:8E:1C,56950,569979924,0,0,NA,0,-360,-3972,245,-0.087891,-0.969727,0.059814,100,100,8,UNCALIBRATED_SENSOR_1,false,CALIBRATION_MISSING,CALIBRATION_MISSING,kx134_single_node_i2c.0.1.0,kx134.v3
kx134.v3,NODE_PROTOTYPE,1,KX134_SENSOR_1,sensor_node_1,D4:E9:F4:E9:8E:1C,56951,569989925,0,0,NA,0,-336,-3978,245,-0.082031,-0.971191,0.059814,100,100,8,UNCALIBRATED_SENSOR_1,false,CALIBRATION_MISSING,CALIBRATION_MISSING,kx134_single_node_i2c.0.1.0,kx134.v3
kx134.v3,NODE_PROTOTYPE,1,KX134_SENSOR_1,sensor_node_1,D4:E9:F4:E9:8E:1C,56952,569999925,0,0,NA,0,-324,-3997,259,-0.079102,-0.975830,0.063232,100,100,8,UNCALIBRATED_SENSOR_1,false,CALIBRATION_MISSING,CALIBRATION_MISSING,kx134_single_node_i2c.0.1.0,kx134.v3
kx134.v3,NODE_PROTOTYPE,1,KX134_SENSOR_1,sensor_node_1,D4:E9:F4:E9:8E:1C,56953,570009925,0,0,NA,0,-283,-4054,297,-0.069092,-0.989746,0.072510,100,100,8,UNCALIBRATED_SENSOR_1,false,CALIBRATION_MISSING,CALIBRATION_MISSING,kx134_single_node_i2c.0.1.0,kx134.v3
kx134.v3,NODE_PROTOTYPE,1,KX134_SENSOR_1,sensor_node_1,D4:E9:F4:E9:8E:1C,56954,570019925,0,0,NA,0,-284,-4069,285,-0.069336,-0.993408,0.069580,100,100,8,UNCALIBRATED_SENSOR_1,false,CALIBRATION_MISSING,CALIBRATION_MISSING,kx134_single_node_i2c.0.1.0,kx134.v3
kx134.v3,NODE_PROTOTYPE,1,KX134_SENSOR_1,sensor_node_1,D4:E9:F4:E9:8E:1C,56955,570029924,0,0,NA,0,-333,-4023,220,-0.081299,-0.982178,0.053711,100,100,8,UNCALIBRATED_SENSOR_1,false,CALIBRATION_MISSING,CALIBRATION_MISSING,kx134_single_node_i2c.0.1.0,kx134.v3
kx134.v3,NODE_PROTOTYPE,1,KX134_SENSOR_1,sensor_node_1,D4:E9:F4:E9:8E:1C,56956,570039924,0,0,NA,0,-330,-4011,231,-0.080566,-0.979248,0.056396,100,100,8,UNCALIBRATED_SENSOR_1,false,CALIBRATION_MISSING,CALIBRATION_MISSING,kx134_single_node_i2c.0.1.0,kx134.v3
kx134.v3,NODE_PROTOTYPE,1,KX134_SENSOR_1,sensor_node_1,D4:E9:F4:E9:8E:1C,56957,570049924,0,0,NA,0,-310,-3999,255,-0.075684,-0.976318,0.062256,100,100,8,UNCALIBRATED_SENSOR_1,false,CALIBRATION_MISSING,CALIBRATION_MISSING,kx134_single_node_i2c.0.1.0,kx134.v3
kx134.v3,NODE_PROTOTYPE,1,KX134_SENSOR_1,sensor_node_1,D4:E9:F4:E9:8E:1C,56958,570059925,0,0,NA,0,-275,-4025,270,-0.067139,-0.982666,0.065918,100,100,8,UNCALIBRATED_SENSOR_1,false,CALIBRATION_MISSING,CALIBRATION_MISSING,kx134_single_node_i2c.0.1.0,kx134.v3
kx134.v3,NODE_PROTOTYPE,1,KX134_SENSOR_1,sensor_node_1,D4:E9:F4:E9:8E:1C,56959,570069925,0,0,NA,0,-273,-4048,270,-0.066650,-0.988281,0.065918,100,100,8,UNCALIBRATED_SENSOR_1,false,CALIBRATION_MISSING,CALIBRATION_MISSING,kx134_single_node_i2c.0.1.0,kx134.v3
kx134.v3,NODE_PROTOTYPE,1,KX134_SENSOR_1,sensor_node_1,D4:E9:F4:E9:8E:1C,56960,570079925,0,0,NA,0,-297,-4009,266,-0.072510,-0.978760,0.064941,100,100,8,UNCALIBRATED_SENSOR_1,false,CALIBRATION_MISSING,CALIBRATION_MISSING,kx134_single_node_i2c.0.1.0,kx134.v3
kx134.v3,NODE_PROTOTYPE,1,KX134_SENSOR_1,sensor_node_1,D4:E9:F4:E9:8E:1C,56961,570089925,0,0,NA,0,-296,-3978,261,-0.072266,-0.971191,0.063721,100,100,8,UNCALIBRATED_SENSOR_1,false,CALIBRATION_MISSING,CALIBRATION_MISSING,kx134_single_node_i2c.0.1.0,kx134.v3
kx134.v3,NODE_PROTOTYPE,1,KX134_SENSOR_1,sensor_node_1,D4:E9:F4:E9:8E:1C,56962,570099924,0,0,NA,0,-322,-3961,242,-0.078613,-0.967041,0.059082,100,100,8,UNCALIBRATED_SENSOR_1,false,CALIBRATION_MISSING,CALIBRATION_MISSING,kx134_single_node_i2c.0.1.0,kx134.v3
kx134.v3,NODE_PROTOTYPE,1,KX134_SENSOR_1,sensor_node_1,D4:E9:F4:E9:8E:1C,56963,570109925,0,0,NA,0,-324,-3961,264,-0.079102,-0.967041,0.064453,100,100,8,UNCALIBRATED_SENSOR_1,false,CALIBRATION_MISSING,CALIBRATION_MISSING,kx134_single_node_i2c.0.1.0,kx134.v3
kx134.v3,NODE_PROTOTYPE,1,KX134_SENSOR_1,sensor_node_1,D4:E9:F4:E9:8E:1C,56964,570119925,0,0,NA,0,-319,-3992,296,-0.077881,-0.974609,0.072266,100,100,8,UNCALIBRATED_SENSOR_1,false,CALIBRATION_MISSING,CALIBRATION_MISSING,kx134_single_node_i2c.0.1.0,kx134.v3
kx134.v3,NODE_PROTOTYPE,1,KX134_SENSOR_1,sensor_node_1,D4:E9:F4:E9:8E:1C,56965,570129925,0,0,NA,0,-334,-4022,290,-0.081543,-0.981934,0.070801,100,100,8,UNCALIBRATED_SENSOR_1,false,CALIBRATION_MISSING,CALIBRATION_MISSING,kx134_single_node_i2c.0.1.0,kx134.v3
kx134.v3,NODE_PROTOTYPE,1,KX134_SENSOR_1,sensor_node_1,D4:E9:F4:E9:8E:1C,56966,570139925,0,0,NA,0,-330,-4003,289,-0.080566,-0.977295,0.070557,100,100,8,UNCALIBRATED_SENSOR_1,false,CALIBRATION_MISSING,CALIBRATION_MISSING,kx134_single_node_i2c.0.1.0,kx134.v3
kx134.v3,NODE_PROTOTYPE,1,KX134_SENSOR_1,sensor_node_1,D4:E9:F4:E9:8E:1C,56967,570149924,0,0,NA,0,-330,-3974,271,-0.080566,-0.970215,0.066162,100,100,8,UNCALIBRATED_SENSOR_1,false,CALIBRATION_MISSING,CALIBRATION_MISSING,kx134_single_node_i2c.0.1.0,kx134.v3
kx134.v3,NODE_PROTOTYPE,1,KX134_SENSOR_1,sensor_node_1,D4:E9:F4:E9:8E:1C,56968,570159924,0,0,NA,0,-335,-3984,256,-0.081787,-0.972656,0.062500,100,100,8,UNCALIBRATED_SENSOR_1,false,CALIBRATION_MISSING,CALIBRATION_MISSING,kx134_single_node_i2c.0.1.0,kx134.v3
kx134.v3,NODE_PROTOTYPE,1,KX134_SENSOR_1,sensor_node_1,D4:E9:F4:E9:8E:1C,56969,570169925,0,0,NA,0,-360,-3973,273,-0.087891,-0.969971,0.066650,100,100,8,UNCALIBRATED_SENSOR_1,false,CALIBRATION_MISSING,CALIBRATION_MISSING,kx134_single_node_i2c.0.1.0,kx134.v3
kx134.v3,NODE_PROTOTYPE,1,KX134_SENSOR_1,sensor_node_1,D4:E9:F4:E9:8E:1C,56970,570179925,0,0,NA,0,-351,-3963,273,-0.085693,-0.967529,0.066650,100,100,8,UNCALIBRATED_SENSOR_1,false,CALIBRATION_MISSING,CALIBRATION_MISSING,kx134_single_node_i2c.0.1.0,kx134.v3
kx134.v3,NODE_PROTOTYPE,1,KX134_SENSOR_1,sensor_node_1,D4:E9:F4:E9:8E:1C,56971,570189925,0,0,NA,0,-321,-3979,278,-0.078369,-0.971436,0.067871,100,100,8,UNCALIBRATED_SENSOR_1,false,CALIBRATION_MISSING,CALIBRATION_MISSING,kx134_single_node_i2c.0.1.0,kx134.v3
kx134.v3,NODE_PROTOTYPE,1,KX134_SENSOR_1,sensor_node_1,D4:E9:F4:E9:8E:1C,56972,570199924,0,0,NA,0,-318,-4005,285,-0.077637,-0.977783,0.069580,100,100,8,UNCALIBRATED_SENSOR_1,false,CALIBRATION_MISSING,CALIBRATION_MISSING,kx134_single_node_i2c.0.1.0,kx134.v3
kx134.v3,NODE_PROTOTYPE,1,KX134_SENSOR_1,sensor_node_1,D4:E9:F4:E9:8E:1C,56973,570209925,0,0,NA,0,-329,-3998,276,-0.080322,-0.976074,0.067383,100,100,8,UNCALIBRATED_SENSOR_1,false,CALIBRATION_MISSING,CALIBRATION_MISSING,kx134_single_node_i2c.0.1.0,kx134.v3
kx134.v3,NODE_PROTOTYPE,1,KX134_SENSOR_1,sensor_node_1,D4:E9:F4:E9:8E:1C,56974,570219925,0,0,NA,0,-351,-3964,263,-0.085693,-0.967773,0.064209,100,100,8,UNCALIBRATED_SENSOR_1,false,CALIBRATION_MISSING,CALIBRATION_MISSING,kx134_single_node_i2c.0.1.0,kx134.v3
kx134.v3,NODE_PROTOTYPE,1,KX134_SENSOR_1,sensor_node_1,D4:E9:F4:E9:8E:1C,56975,570229925,0,0,NA,0,-359,-3961,263,-0.087646,-0.967041,0.064209,100,100,8,UNCALIBRATED_SENSOR_1,false,CALIBRATION_MISSING,CALIBRATION_MISSING,kx134_single_node_i2c.0.1.0,kx134.v3
kx134.v3,NODE_PROTOTYPE,1,KX134_SENSOR_1,sensor_node_1,D4:E9:F4:E9:8E:1C,56976,570239924,0,0,NA,0,-366,-3953,272,-0.089355,-0.965088,0.066406,100,100,8,UNCALIBRATED_SENSOR_1,false,CALIBRATION_MISSING,CALIBRATION_MISSING,kx134_single_node_i2c.0.1.0,kx134.v3
kx134.v3,NODE_PROTOTYPE,1,KX134_SENSOR_1,sensor_node_1,D4:E9:F4:E9:8E:1C,56977,570249925,0,0,NA,0,-333,-3971,284,-0.081299,-0.969482,0.069336,100,100,8,UNCALIBRATED_SENSOR_1,false,CALIBRATION_MISSING,CALIBRATION_MISSING,kx134_single_node_i2c.0.1.0,kx134.v3
kx134.v3,NODE_PROTOTYPE,1,KX134_SENSOR_1,sensor_node_1,D4:E9:F4:E9:8E:1C,56978,570259924,0,0,NA,0,-311,-4010,282,-0.075928,-0.979004,0.068848,100,100,8,UNCALIBRATED_SENSOR_1,false,CALIBRATION_MISSING,CALIBRATION_MISSING,kx134_single_node_i2c.0.1.0,kx134.v3
kx134.v3,NODE_PROTOTYPE,1,KX134_SENSOR_1,sensor_node_1,D4:E9:F4:E9:8E:1C,56979,570269924,0,0,NA,0,-326,-4008,270,-0.079590,-0.978516,0.065918,100,100,8,UNCALIBRATED_SENSOR_1,false,CALIBRATION_MISSING,CALIBRATION_MISSING,kx134_single_node_i2c.0.1.0,kx134.v3
kx134.v3,NODE_PROTOTYPE,1,KX134_SENSOR_1,sensor_node_1,D4:E9:F4:E9:8E:1C,56980,570279924,0,0,NA,0,-327,-3973,279,-0.079834,-0.969971,0.068115,100,100,8,UNCALIBRATED_SENSOR_1,false,CALIBRATION_MISSING,CALIBRATION_MISSING,kx134_single_node_i2c.0.1.0,kx134.v3
kx134.v3,NODE_PROTOTYPE,1,KX134_SENSOR_1,sensor_node_1,D4:E9:F4:E9:8E:1C,56981,570289925,0,0,NA,0,-331,-3969,295,-0.080811,-0.968994,0.072021,100,100,8,UNCALIBRATED_SENSOR_1,false,CALIBRATION_MISSING,CALIBRATION_MISSING,kx134_single_node_i2c.0.1.0,kx134.v3
kx134.v3,NODE_PROTOTYPE,1,KX134_SENSOR_1,sensor_node_1,D4:E9:F4:E9:8E:1C,56982,570299924,0,0,NA,0,-310,-4005,306,-0.075684,-0.977783,0.074707,100,100,8,UNCALIBRATED_SENSOR_1,false,CALIBRATION_MISSING,CALIBRATION_MISSING,kx134_single_node_i2c.0.1.0,kx134.v3
kx134.v3,NODE_PROTOTYPE,1,KX134_SENSOR_1,sensor_node_1,D4:E9:F4:E9:8E:1C,56983,570309925,0,0,NA,0,-311,-4014,309,-0.075928,-0.979980,0.075439,100,100,8,UNCALIBRATED_SENSOR_1,false,CALIBRATION_MISSING,CALIBRATION_MISSING,kx134_single_node_i2c.0.1.0,kx134.v3
kx134.v3,NODE_PROTOTYPE,1,KX134_SENSOR_1,sensor_node_1,D4:E9:F4:E9:8E:1C,56984,570319924,0,0,NA,0,-337,-3998,287,-0.082275,-0.976074,0.070068,100,100,8,UNCALIBRATED_SENSOR_1,false,CALIBRATION_MISSING,CALIBRATION_MISSING,kx134_single_node_i2c.0.1.0,kx134.v3
kx134.v3,NODE_PROTOTYPE,1,KX134_SENSOR_1,sensor_node_1,D4:E9:F4:E9:8E:1C,56985,570329925,0,0,NA,0,-329,-3981,273,-0.080322,-0.971924,0.066650,100,100,8,UNCALIBRATED_SENSOR_1,false,CALIBRATION_MISSING,CALIBRATION_MISSING,kx134_single_node_i2c.0.1.0,kx134.v3
kx134.v3,NODE_PROTOTYPE,1,KX134_SENSOR_1,sensor_node_1,D4:E9:F4:E9:8E:1C,56986,570339924,0,0,NA,0,-340,-3961,269,-0.083008,-0.967041,0.065674,100,100,8,UNCALIBRATED_SENSOR_1,false,CALIBRATION_MISSING,CALIBRATION_MISSING,kx134_single_node_i2c.0.1.0,kx134.v3
kx134.v3,NODE_PROTOTYPE,1,KX134_SENSOR_1,sensor_node_1,D4:E9:F4:E9:8E:1C,56987,570349925,0,0,NA,0,-341,-3969,262,-0.083252,-0.968994,0.063965,100,100,8,UNCALIBRATED_SENSOR_1,false,CALIBRATION_MISSING,CALIBRATION_MISSING,kx134_single_node_i2c.0.1.0,kx134.v3
kx134.v3,NODE_PROTOTYPE,1,KX134_SENSOR_1,sensor_node_1,D4:E9:F4:E9:8E:1C,56988,570359925,0,0,NA,0,-327,-4001,274,-0.079834,-0.976807,0.066895,100,100,8,UNCALIBRATED_SENSOR_1,false,CALIBRATION_MISSING,CALIBRATION_MISSING,kx134_single_node_i2c.0.1.0,kx134.v3
kx134.v3,NODE_PROTOTYPE,1,KX134_SENSOR_1,sensor_node_1,D4:E9:F4:E9:8E:1C,56989,570369925,0,0,NA,0,-332,-4005,280,-0.081055,-0.977783,0.068359,100,100,8,UNCALIBRATED_SENSOR_1,false,CALIBRATION_MISSING,CALIBRATION_MISSING,kx134_single_node_i2c.0.1.0,kx134.v3
kx134.v3,NODE_PROTOTYPE,1,KX134_SENSOR_1,sensor_node_1,D4:E9:F4:E9:8E:1C,56990,570379925,0,0,NA,0,-316,-4022,268,-0.077148,-0.981934,0.065430,100,100,8,UNCALIBRATED_SENSOR_1,false,CALIBRATION_MISSING,CALIBRATION_MISSING,kx134_single_node_i2c.0.1.0,kx134.v3
kx134.v3,NODE_PROTOTYPE,1,KX134_SENSOR_1,sensor_node_1,D4:E9:F4:E9:8E:1C,56991,570389925,0,0,NA,0,-342,-4010,256,-0.083496,-0.979004,0.062500,100,100,8,UNCALIBRATED_SENSOR_1,false,CALIBRATION_MISSING,CALIBRATION_MISSING,kx134_single_node_i2c.0.1.0,kx134.v3
kx134.v3,NODE_PROTOTYPE,1,KX134_SENSOR_1,sensor_node_1,D4:E9:F4:E9:8E:1C,56992,570399924,0,0,NA,0,-357,-3965,240,-0.087158,-0.968018,0.058594,100,100,8,UNCALIBRATED_SENSOR_1,false,CALIBRATION_MISSING,CALIBRATION_MISSING,kx134_single_node_i2c.0.1.0,kx134.v3
kx134.v3,NODE_PROTOTYPE,1,KX134_SENSOR_1,sensor_node_1,D4:E9:F4:E9:8E:1C,56993,570409924,0,0,NA,0,-351,-3937,232,-0.085693,-0.961182,0.056641,100,100,8,UNCALIBRATED_SENSOR_1,false,CALIBRATION_MISSING,CALIBRATION_MISSING,kx134_single_node_i2c.0.1.0,kx134.v3
kx134.v3,NODE_PROTOTYPE,1,KX134_SENSOR_1,sensor_node_1,D4:E9:F4:E9:8E:1C,56994,570419925,0,0,NA,0,-367,-3914,236,-0.089600,-0.955566,0.057617,100,100,8,UNCALIBRATED_SENSOR_1,false,CALIBRATION_MISSING,CALIBRATION_MISSING,kx134_single_node_i2c.0.1.0,kx134.v3
kx134.v3,NODE_PROTOTYPE,1,KX134_SENSOR_1,sensor_node_1,D4:E9:F4:E9:8E:1C,56995,570429925,0,0,NA,0,-370,-3918,247,-0.090332,-0.956543,0.060303,100,100,8,UNCALIBRATED_SENSOR_1,false,CALIBRATION_MISSING,CALIBRATION_MISSING,kx134_single_node_i2c.0.1.0,kx134.v3
kx134.v3,NODE_PROTOTYPE,1,KX134_SENSOR_1,sensor_node_1,D4:E9:F4:E9:8E:1C,56996,570439925,0,0,NA,0,-376,-3933,247,-0.091797,-0.960205,0.060303,100,100,8,UNCALIBRATED_SENSOR_1,false,CALIBRATION_MISSING,CALIBRATION_MISSING,kx134_single_node_i2c.0.1.0,kx134.v3
kx134.v3,NODE_PROTOTYPE,1,KX134_SENSOR_1,sensor_node_1,D4:E9:F4:E9:8E:1C,56997,570449925,0,0,NA,0,-380,-3877,269,-0.092773,-0.946533,0.065674,100,100,8,UNCALIBRATED_SENSOR_1,false,CALIBRATION_MISSING,CALIBRATION_MISSING,kx134_single_node_i2c.0.1.0,kx134.v3
kx134.v3,NODE_PROTOTYPE,1,KX134_SENSOR_1,sensor_node_1,D4:E9:F4:E9:8E:1C,56998,570459925,0,0,NA,0,-277,-3875,334,-0.067627,-0.946045,0.081543,100,100,8,UNCALIBRATED_SENSOR_1,false,CALIBRATION_MISSING,CALIBRATION_MISSING,kx134_single_node_i2c.0.1.0,kx134.v3
kx134.v3,NODE_PROTOTYPE,1,KX134_SENSOR_1,sensor_node_1,D4:E9:F4:E9:8E:1C,56999,570469924,0,0,NA,0,-277,-3875,334,-0.067627,-0.946045,0.081543,100,100,8,UNCALIBRATED_SENSOR_1,false,CALIBRATION_MISSING,CALIBRATION_MISSING,kx134_single_node_i2c.0.1.0,kx134.v3
kx134.v3,NODE_PROTOTYPE,1,KX134_SENSOR_1,sensor_node_1,D4:E9:F4:E9:8E:1C,57000,570479925,0,0,NA,0,-133,-3979,373,-0.032471,-0.971436,0.091064,100,100,8,UNCALIBRATED_SENSOR_1,false,CALIBRATION_MISSING,CALIBRATION_MISSING,kx134_single_node_i2c.0.1.0,kx134.v3
kx134.v3,NODE_PROTOTYPE,1,KX134_SENSOR_1,sensor_node_1,D4:E9:F4:E9:8E:1C,57001,570489925,0,0,NA,0,-221,-3921,219,-0.053955,-0.957275,0.053467,100,100,8,UNCALIBRATED_SENSOR_1,false,CALIBRATION_MISSING,CALIBRATION_MISSING,kx134_single_node_i2c.0.1.0,kx134.v3
kx134.v3,NODE_PROTOTYPE,1,KX134_SENSOR_1,sensor_node_1,D4:E9:F4:E9:8E:1C,57002,570499924,0,0,NA,0,-447,-3906,178,-0.109131,-0.953613,0.043457,100,100,8,UNCALIBRATED_SENSOR_1,false,CALIBRATION_MISSING,CALIBRATION_MISSING,kx134_single_node_i2c.0.1.0,kx134.v3
kx134.v3,NODE_PROTOTYPE,1,KX134_SENSOR_1,sensor_node_1,D4:E9:F4:E9:8E:1C,57003,570509925,0,0,NA,0,-557,-3989,271,-0.135986,-0.973877,0.066162,100,100,8,UNCALIBRATED_SENSOR_1,false,CALIBRATION_MISSING,CALIBRATION_MISSING,kx134_single_node_i2c.0.1.0,kx134.v3
kx134.v3,NODE_PROTOTYPE,1,KX134_SENSOR_1,sensor_node_1,D4:E9:F4:E9:8E:1C,57004,570519925,0,0,NA,0,-573,-4040,250,-0.139893,-0.986328,0.061035,100,100,8,UNCALIBRATED_SENSOR_1,false,CALIBRATION_MISSING,CALIBRATION_MISSING,kx134_single_node_i2c.0.1.0,kx134.v3
kx134.v3,NODE_PROTOTYPE,1,KX134_SENSOR_1,sensor_node_1,D4:E9:F4:E9:8E:1C,57005,570529925,0,0,NA,0,-635,-4114,221,-0.155029,-1.004395,0.053955,100,100,8,UNCALIBRATED_SENSOR_1,false,CALIBRATION_MISSING,CALIBRATION_MISSING,kx134_single_node_i2c.0.1.0,kx134.v3
kx134.v3,NODE_PROTOTYPE,1,KX134_SENSOR_1,sensor_node_1,D4:E9:F4:E9:8E:1C,57006,570539925,0,0,NA,0,-563,-4129,198,-0.137451,-1.008057,0.048340,100,100,8,UNCALIBRATED_SENSOR_1,false,CALIBRATION_MISSING,CALIBRATION_MISSING,kx134_single_node_i2c.0.1.0,kx134.v3
kx134.v3,NODE_PROTOTYPE,1,KX134_SENSOR_1,sensor_node_1,D4:E9:F4:E9:8E:1C,57007,570549925,0,0,NA,0,-393,-4075,227,-0.095947,-0.994873,0.055420,100,100,8,UNCALIBRATED_SENSOR_1,false,CALIBRATION_MISSING,CALIBRATION_MISSING,kx134_single_node_i2c.0.1.0,kx134.v3
kx134.v3,NODE_PROTOTYPE,1,KX134_SENSOR_1,sensor_node_1,D4:E9:F4:E9:8E:1C,57008,570559925,0,0,NA,0,-357,-4019,260,-0.087158,-0.981201,0.063477,100,100,8,UNCALIBRATED_SENSOR_1,false,CALIBRATION_MISSING,CALIBRATION_MISSING,kx134_single_node_i2c.0.1.0,kx134.v3
kx134.v3,NODE_PROTOTYPE,1,KX134_SENSOR_1,sensor_node_1,D4:E9:F4:E9:8E:1C,57009,570569925,0,0,NA,0,-342,-4003,251,-0.083496,-0.977295,0.061279,100,100,8,UNCALIBRATED_SENSOR_1,false,CALIBRATION_MISSING,CALIBRATION_MISSING,kx134_single_node_i2c.0.1.0,kx134.v3
kx134.v3,NODE_PROTOTYPE,1,KX134_SENSOR_1,sensor_node_1,D4:E9:F4:E9:8E:1C,57010,570579925,0,0,NA,0,-300,-3964,228,-0.073242,-0.967773,0.055664,100,100,8,UNCALIBRATED_SENSOR_1,false,CALIBRATION_MISSING,CALIBRATION_MISSING,kx134_single_node_i2c.0.1.0,kx134.v3
kx134.v3,NODE_PROTOTYPE,1,KX134_SENSOR_1,sensor_node_1,D4:E9:F4:E9:8E:1C,57011,570589924,0,0,NA,0,-285,-3947,245,-0.069580,-0.963623,0.059814,100,100,8,UNCALIBRATED_SENSOR_1,false,CALIBRATION_MISSING,CALIBRATION_MISSING,kx134_single_node_i2c.0.1.0,kx134.v3
kx134.v3,NODE_PROTOTYPE,1,KX134_SENSOR_1,sensor_node_1,D4:E9:F4:E9:8E:1C,57012,570599924,0,0,NA,0,-336,-3961,275,-0.082031,-0.967041,0.067139,100,100,8,UNCALIBRATED_SENSOR_1,false,CALIBRATION_MISSING,CALIBRATION_MISSING,kx134_single_node_i2c.0.1.0,kx134.v3
kx134.v3,NODE_PROTOTYPE,1,KX134_SENSOR_1,sensor_node_1,D4:E9:F4:E9:8E:1C,57013,570609924,0,0,NA,0,-389,-3958,291,-0.094971,-0.966309,0.071045,100,100,8,UNCALIBRATED_SENSOR_1,false,CALIBRATION_MISSING,CALIBRATION_MISSING,kx134_single_node_i2c.0.1.0,kx134.v3
kx134.v3,NODE_PROTOTYPE,1,KX134_SENSOR_1,sensor_node_1,D4:E9:F4:E9:8E:1C,57014,570619925,0,0,NA,0,-380,-3964,273,-0.092773,-0.967773,0.066650,100,100,8,UNCALIBRATED_SENSOR_1,false,CALIBRATION_MISSING,CALIBRATION_MISSING,kx134_single_node_i2c.0.1.0,kx134.v3
kx134.v3,NODE_PROTOTYPE,1,KX134_SENSOR_1,sensor_node_1,D4:E9:F4:E9:8E:1C,57015,570629925,0,0,NA,0,-348,-3956,258,-0.084961,-0.965820,0.062988,100,100,8,UNCALIBRATED_SENSOR_1,false,CALIBRATION_MISSING,CALIBRATION_MISSING,kx134_single_node_i2c.0.1.0,kx134.v3
kx134.v3,NODE_PROTOTYPE,1,KX134_SENSOR_1,sensor_node_1,D4:E9:F4:E9:8E:1C,57016,570639925,0,0,NA,0,-323,-3964,261,-0.078857,-0.967773,0.063721,100,100,8,UNCALIBRATED_SENSOR_1,false,CALIBRATION_MISSING,CALIBRATION_MISSING,kx134_single_node_i2c.0.1.0,kx134.v3
kx134.v3,NODE_PROTOTYPE,1,KX134_SENSOR_1,sensor_node_1,D4:E9:F4:E9:8E:1C,57017,570649924,0,0,NA,0,-325,-4021,265,-0.079346,-0.981689,0.064697,100,100,8,UNCALIBRATED_SENSOR_1,false,CALIBRATION_MISSING,CALIBRATION_MISSING,kx134_single_node_i2c.0.1.0,kx134.v3
kx134.v3,NODE_PROTOTYPE,1,KX134_SENSOR_1,sensor_node_1,D4:E9:F4:E9:8E:1C,57018,570659925,0,0,NA,0,-304,-4047,282,-0.074219,-0.988037,0.068848,100,100,8,UNCALIBRATED_SENSOR_1,false,CALIBRATION_MISSING,CALIBRATION_MISSING,kx134_single_node_i2c.0.1.0,kx134.v3
kx134.v3,NODE_PROTOTYPE,1,KX134_SENSOR_1,sensor_node_1,D4:E9:F4:E9:8E:1C,57019,570669924,0,0,NA,0,-272,-4011,282,-0.066406,-0.979248,0.068848,100,100,8,UNCALIBRATED_SENSOR_1,false,CALIBRATION_MISSING,CALIBRATION_MISSING,kx134_single_node_i2c.0.1.0,kx134.v3
kx134.v3,NODE_PROTOTYPE,1,KX134_SENSOR_1,sensor_node_1,D4:E9:F4:E9:8E:1C,57020,570679925,0,0,NA,0,-278,-3996,270,-0.067871,-0.975586,0.065918,100,100,8,UNCALIBRATED_SENSOR_1,false,CALIBRATION_MISSING,CALIBRATION_MISSING,kx134_single_node_i2c.0.1.0,kx134.v3
kx134.v3,NODE_PROTOTYPE,1,KX134_SENSOR_1,sensor_node_1,D4:E9:F4:E9:8E:1C,57021,570689924,0,0,NA,0,-307,-3981,248,-0.074951,-0.971924,0.060547,100,100,8,UNCALIBRATED_SENSOR_1,false,CALIBRATION_MISSING,CALIBRATION_MISSING,kx134_single_node_i2c.0.1.0,kx134.v3
kx134.v3,NODE_PROTOTYPE,1,KX134_SENSOR_1,sensor_node_1,D4:E9:F4:E9:8E:1C,57022,570699924,0,0,NA,0,-336,-3972,250,-0.082031,-0.969727,0.061035,100,100,8,UNCALIBRATED_SENSOR_1,false,CALIBRATION_MISSING,CALIBRATION_MISSING,kx134_single_node_i2c.0.1.0,kx134.v3
kx134.v3,NODE_PROTOTYPE,1,KX134_SENSOR_1,sensor_node_1,D4:E9:F4:E9:8E:1C,57023,570709925,0,0,NA,0,-359,-4003,254,-0.087646,-0.977295,0.062012,100,100,8,UNCALIBRATED_SENSOR_1,false,CALIBRATION_MISSING,CALIBRATION_MISSING,kx134_single_node_i2c.0.1.0,kx134.v3
kx134.v3,NODE_PROTOTYPE,1,KX134_SENSOR_1,sensor_node_1,D4:E9:F4:E9:8E:1C,57024,570719925,0,0,NA,0,-369,-3998,254,-0.090088,-0.976074,0.062012,100,100,8,UNCALIBRATED_SENSOR_1,false,CALIBRATION_MISSING,CALIBRATION_MISSING,kx134_single_node_i2c.0.1.0,kx134.v3
kx134.v3,NODE_PROTOTYPE,1,KX134_SENSOR_1,sensor_node_1,D4:E9:F4:E9:8E:1C,57025,570729925,0,0,NA,0,-343,-3981,244,-0.083740,-0.971924,0.059570,100,100,8,UNCALIBRATED_SENSOR_1,false,CALIBRATION_MISSING,CALIBRATION_MISSING,kx134_single_node_i2c.0.1.0,kx134.v3
kx134.v3,NODE_PROTOTYPE,1,KX134_SENSOR_1,sensor_node_1,D4:E9:F4:E9:8E:1C,57026,570739925,0,0,NA,0,-338,-3980,243,-0.082520,-0.971680,0.059326,100,100,8,UNCALIBRATED_SENSOR_1,false,CALIBRATION_MISSING,CALIBRATION_MISSING,kx134_single_node_i2c.0.1.0,kx134.v3
kx134.v3,NODE_PROTOTYPE,1,KX134_SENSOR_1,sensor_node_1,D4:E9:F4:E9:8E:1C,57027,570749924,0,0,NA,0,-335,-3989,275,-0.081787,-0.973877,0.067139,100,100,8,UNCALIBRATED_SENSOR_1,false,CALIBRATION_MISSING,CALIBRATION_MISSING,kx134_single_node_i2c.0.1.0,kx134.v3
kx134.v3,NODE_PROTOTYPE,1,KX134_SENSOR_1,sensor_node_1,D4:E9:F4:E9:8E:1C,57028,570759924,0,0,NA,0,-323,-3974,280,-0.078857,-0.970215,0.068359,100,100,8,UNCALIBRATED_SENSOR_1,false,CALIBRATION_MISSING,CALIBRATION_MISSING,kx134_single_node_i2c.0.1.0,kx134.v3
kx134.v3,NODE_PROTOTYPE,1,KX134_SENSOR_1,sensor_node_1,D4:E9:F4:E9:8E:1C,57029,570769925,0,0,NA,0,-327,-3974,279,-0.079834,-0.970215,0.068115,100,100,8,UNCALIBRATED_SENSOR_1,false,CALIBRATION_MISSING,CALIBRATION_MISSING,kx134_single_node_i2c.0.1.0,kx134.v3
kx134.v3,NODE_PROTOTYPE,1,KX134_SENSOR_1,sensor_node_1,D4:E9:F4:E9:8E:1C,57030,570779925,0,0,NA,0,-332,-4007,272,-0.081055,-0.978271,0.066406,100,100,8,UNCALIBRATED_SENSOR_1,false,CALIBRATION_MISSING,CALIBRATION_MISSING,kx134_single_node_i2c.0.1.0,kx134.v3
kx134.v3,NODE_PROTOTYPE,1,KX134_SENSOR_1,sensor_node_1,D4:E9:F4:E9:8E:1C,57031,570789924,0,0,NA,0,-329,-4024,261,-0.080322,-0.982422,0.063721,100,100,8,UNCALIBRATED_SENSOR_1,false,CALIBRATION_MISSING,CALIBRATION_MISSING,kx134_single_node_i2c.0.1.0,kx134.v3
kx134.v3,NODE_PROTOTYPE,1,KX134_SENSOR_1,sensor_node_1,D4:E9:F4:E9:8E:1C,57032,570799924,0,0,NA,0,-331,-4040,249,-0.080811,-0.986328,0.060791,100,100,8,UNCALIBRATED_SENSOR_1,false,CALIBRATION_MISSING,CALIBRATION_MISSING,kx134_single_node_i2c.0.1.0,kx134.v3
kx134.v3,NODE_PROTOTYPE,1,KX134_SENSOR_1,sensor_node_1,D4:E9:F4:E9:8E:1C,57033,570809925,0,0,NA,0,-335,-4057,249,-0.081787,-0.990479,0.060791,100,100,8,UNCALIBRATED_SENSOR_1,false,CALIBRATION_MISSING,CALIBRATION_MISSING,kx134_single_node_i2c.0.1.0,kx134.v3
kx134.v3,NODE_PROTOTYPE,1,KX134_SENSOR_1,sensor_node_1,D4:E9:F4:E9:8E:1C,57034,570819924,0,0,NA,0,-339,-4048,264,-0.082764,-0.988281,0.064453,100,100,8,UNCALIBRATED_SENSOR_1,false,CALIBRATION_MISSING,CALIBRATION_MISSING,kx134_single_node_i2c.0.1.0,kx134.v3
kx134.v3,NODE_PROTOTYPE,1,KX134_SENSOR_1,sensor_node_1,D4:E9:F4:E9:8E:1C,57035,570829925,0,0,NA,0,-364,-4021,250,-0.088867,-0.981689,0.061035,100,100,8,UNCALIBRATED_SENSOR_1,false,CALIBRATION_MISSING,CALIBRATION_MISSING,kx134_single_node_i2c.0.1.0,kx134.v3
kx134.v3,NODE_PROTOTYPE,1,KX134_SENSOR_1,sensor_node_1,D4:E9:F4:E9:8E:1C,57036,570839925,0,0,NA,0,-374,-3996,252,-0.091309,-0.975586,0.061523,100,100,8,UNCALIBRATED_SENSOR_1,false,CALIBRATION_MISSING,CALIBRATION_MISSING,kx134_single_node_i2c.0.1.0,kx134.v3
kx134.v3,NODE_PROTOTYPE,1,KX134_SENSOR_1,sensor_node_1,D4:E9:F4:E9:8E:1C,57037,570849925,0,0,NA,0,-368,-3978,273,-0.089844,-0.971191,0.066650,100,100,8,UNCALIBRATED_SENSOR_1,false,CALIBRATION_MISSING,CALIBRATION_MISSING,kx134_single_node_i2c.0.1.0,kx134.v3
kx134.v3,NODE_PROTOTYPE,1,KX134_SENSOR_1,sensor_node_1,D4:E9:F4:E9:8E:1C,57038,570859925,0,0,NA,0,-378,-3956,273,-0.092285,-0.965820,0.066650,100,100,8,UNCALIBRATED_SENSOR_1,false,CALIBRATION_MISSING,CALIBRATION_MISSING,kx134_single_node_i2c.0.1.0,kx134.v3
kx134.v3,NODE_PROTOTYPE,1,KX134_SENSOR_1,sensor_node_1,D4:E9:F4:E9:8E:1C,57039,570869925,0,0,NA,0,-378,-3931,261,-0.092285,-0.959717,0.063721,100,100,8,UNCALIBRATED_SENSOR_1,false,CALIBRATION_MISSING,CALIBRATION_MISSING,kx134_single_node_i2c.0.1.0,kx134.v3
kx134.v3,NODE_PROTOTYPE,1,KX134_SENSOR_1,sensor_node_1,D4:E9:F4:E9:8E:1C,57040,570879924,0,0,NA,0,-351,-3950,256,-0.085693,-0.964355,0.062500,100,100,8,UNCALIBRATED_SENSOR_1,false,CALIBRATION_MISSING,CALIBRATION_MISSING,kx134_single_node_i2c.0.1.0,kx134.v3
kx134.v3,NODE_PROTOTYPE,1,KX134_SENSOR_1,sensor_node_1,D4:E9:F4:E9:8E:1C,57041,570889925,0,0,NA,0,-338,-3981,279,-0.082520,-0.971924,0.068115,100,100,8,UNCALIBRATED_SENSOR_1,false,CALIBRATION_MISSING,CALIBRATION_MISSING,kx134_single_node_i2c.0.1.0,kx134.v3
kx134.v3,NODE_PROTOTYPE,1,KX134_SENSOR_1,sensor_node_1,D4:E9:F4:E9:8E:1C,57042,570899925,0,0,NA,0,-346,-3986,282,-0.084473,-0.973145,0.068848,100,100,8,UNCALIBRATED_SENSOR_1,false,CALIBRATION_MISSING,CALIBRATION_MISSING,kx134_single_node_i2c.0.1.0,kx134.v3
kx134.v3,NODE_PROTOTYPE,1,KX134_SENSOR_1,sensor_node_1,D4:E9:F4:E9:8E:1C,57043,570909925,0,0,NA,0,-330,-4005,298,-0.080566,-0.977783,0.072754,100,100,8,UNCALIBRATED_SENSOR_1,false,CALIBRATION_MISSING,CALIBRATION_MISSING,kx134_single_node_i2c.0.1.0,kx134.v3
kx134.v3,NODE_PROTOTYPE,1,KX134_SENSOR_1,sensor_node_1,D4:E9:F4:E9:8E:1C,57044,570919925,0,0,NA,0,-314,-4020,332,-0.076660,-0.981445,0.081055,100,100,8,UNCALIBRATED_SENSOR_1,false,CALIBRATION_MISSING,CALIBRATION_MISSING,kx134_single_node_i2c.0.1.0,kx134.v3
kx134.v3,NODE_PROTOTYPE,1,KX134_SENSOR_1,sensor_node_1,D4:E9:F4:E9:8E:1C,57045,570929924,0,0,NA,0,-323,-3997,334,-0.078857,-0.975830,0.081543,100,100,8,UNCALIBRATED_SENSOR_1,false,CALIBRATION_MISSING,CALIBRATION_MISSING,kx134_single_node_i2c.0.1.0,kx134.v3
kx134.v3,NODE_PROTOTYPE,1,KX134_SENSOR_1,sensor_node_1,D4:E9:F4:E9:8E:1C,57046,570939924,0,0,NA,0,-320,-3964,314,-0.078125,-0.967773,0.076660,100,100,8,UNCALIBRATED_SENSOR_1,false,CALIBRATION_MISSING,CALIBRATION_MISSING,kx134_single_node_i2c.0.1.0,kx134.v3
kx134.v3,NODE_PROTOTYPE,1,KX134_SENSOR_1,sensor_node_1,D4:E9:F4:E9:8E:1C,57047,570949925,0,0,NA,0,-317,-3963,296,-0.077393,-0.967529,0.072266,100,100,8,UNCALIBRATED_SENSOR_1,false,CALIBRATION_MISSING,CALIBRATION_MISSING,kx134_single_node_i2c.0.1.0,kx134.v3
kx134.v3,NODE_PROTOTYPE,1,KX134_SENSOR_1,sensor_node_1,D4:E9:F4:E9:8E:1C,57048,570959925,0,0,NA,0,-362,-3944,253,-0.088379,-0.962891,0.061768,100,100,8,UNCALIBRATED_SENSOR_1,false,CALIBRATION_MISSING,CALIBRATION_MISSING,kx134_single_node_i2c.0.1.0,kx134.v3
kx134.v3,NODE_PROTOTYPE,1,KX134_SENSOR_1,sensor_node_1,D4:E9:F4:E9:8E:1C,57049,570969924,0,0,NA,0,-396,-3919,208,-0.096680,-0.956787,0.050781,100,100,8,UNCALIBRATED_SENSOR_1,false,CALIBRATION_MISSING,CALIBRATION_MISSING,kx134_single_node_i2c.0.1.0,kx134.v3
kx134.v3,NODE_PROTOTYPE,1,KX134_SENSOR_1,sensor_node_1,D4:E9:F4:E9:8E:1C,57050,570979925,0,0,NA,0,-370,-3949,225,-0.090332,-0.964111,0.054932,100,100,8,UNCALIBRATED_SENSOR_1,false,CALIBRATION_MISSING,CALIBRATION_MISSING,kx134_single_node_i2c.0.1.0,kx134.v3
kx134.v3,NODE_PROTOTYPE,1,KX134_SENSOR_1,sensor_node_1,D4:E9:F4:E9:8E:1C,57051,570989925,0,0,NA,0,-348,-3986,271,-0.084961,-0.973145,0.066162,100,100,8,UNCALIBRATED_SENSOR_1,false,CALIBRATION_MISSING,CALIBRATION_MISSING,kx134_single_node_i2c.0.1.0,kx134.v3
kx134.v3,NODE_PROTOTYPE,1,KX134_SENSOR_1,sensor_node_1,D4:E9:F4:E9:8E:1C,57052,570999925,0,0,NA,0,-370,-3969,258,-0.090332,-0.968994,0.062988,100,100,8,UNCALIBRATED_SENSOR_1,false,CALIBRATION_MISSING,CALIBRATION_MISSING,kx134_single_node_i2c.0.1.0,kx134.v3
kx134.v3,NODE_PROTOTYPE,1,KX134_SENSOR_1,sensor_node_1,D4:E9:F4:E9:8E:1C,57053,571009924,0,0,NA,0,-363,-3966,248,-0.088623,-0.968262,0.060547,100,100,8,UNCALIBRATED_SENSOR_1,false,CALIBRATION_MISSING,CALIBRATION_MISSING,kx134_single_node_i2c.0.1.0,kx134.v3
kx134.v3,NODE_PROTOTYPE,1,KX134_SENSOR_1,sensor_node_1,D4:E9:F4:E9:8E:1C,57054,571019924,0,0,NA,0,-340,-4002,277,-0.083008,-0.977051,0.067627,100,100,8,UNCALIBRATED_SENSOR_1,false,CALIBRATION_MISSING,CALIBRATION_MISSING,kx134_single_node_i2c.0.1.0,kx134.v3
kx134.v3,NODE_PROTOTYPE,1,KX134_SENSOR_1,sensor_node_1,D4:E9:F4:E9:8E:1C,57055,571029924,0,0,NA,0,-356,-4007,299,-0.086914,-0.978271,0.072998,100,100,8,UNCALIBRATED_SENSOR_1,false,CALIBRATION_MISSING,CALIBRATION_MISSING,kx134_single_node_i2c.0.1.0,kx134.v3
kx134.v3,NODE_PROTOTYPE,1,KX134_SENSOR_1,sensor_node_1,D4:E9:F4:E9:8E:1C,57056,571039925,0,0,NA,0,-359,-4023,290,-0.087646,-0.982178,0.070801,100,100,8,UNCALIBRATED_SENSOR_1,false,CALIBRATION_MISSING,CALIBRATION_MISSING,kx134_single_node_i2c.0.1.0,kx134.v3
kx134.v3,NODE_PROTOTYPE,1,KX134_SENSOR_1,sensor_node_1,D4:E9:F4:E9:8E:1C,57057,571049925,0,0,NA,0,-323,-4024,265,-0.078857,-0.982422,0.064697,100,100,8,UNCALIBRATED_SENSOR_1,false,CALIBRATION_MISSING,CALIBRATION_MISSING,kx134_single_node_i2c.0.1.0,kx134.v3
kx134.v3,NODE_PROTOTYPE,1,KX134_SENSOR_1,sensor_node_1,D4:E9:F4:E9:8E:1C,57058,571059924,0,0,NA,0,-306,-4011,294,-0.074707,-0.979248,0.071777,100,100,8,UNCALIBRATED_SENSOR_1,false,CALIBRATION_MISSING,CALIBRATION_MISSING,kx134_single_node_i2c.0.1.0,kx134.v3
kx134.v3,NODE_PROTOTYPE,1,KX134_SENSOR_1,sensor_node_1,D4:E9:F4:E9:8E:1C,57059,571069925,0,0,NA,0,-313,-3986,312,-0.076416,-0.973145,0.076172,100,100,8,UNCALIBRATED_SENSOR_1,false,CALIBRATION_MISSING,CALIBRATION_MISSING,kx134_single_node_i2c.0.1.0,kx134.v3
kx134.v3,NODE_PROTOTYPE,1,KX134_SENSOR_1,sensor_node_1,D4:E9:F4:E9:8E:1C,57060,571079924,0,0,NA,0,-315,-3957,298,-0.076904,-0.966064,0.072754,100,100,8,UNCALIBRATED_SENSOR_1,false,CALIBRATION_MISSING,CALIBRATION_MISSING,kx134_single_node_i2c.0.1.0,kx134.v3
kx134.v3,NODE_PROTOTYPE,1,KX134_SENSOR_1,sensor_node_1,D4:E9:F4:E9:8E:1C,57061,571089924,0,0,NA,0,-329,-3950,300,-0.080322,-0.964355,0.073242,100,100,8,UNCALIBRATED_SENSOR_1,false,CALIBRATION_MISSING,CALIBRATION_MISSING,kx134_single_node_i2c.0.1.0,kx134.v3
kx134.v3,NODE_PROTOTYPE,1,KX134_SENSOR_1,sensor_node_1,D4:E9:F4:E9:8E:1C,57062,571099924,0,0,NA,0,-340,-3980,276,-0.083008,-0.971680,0.067383,100,100,8,UNCALIBRATED_SENSOR_1,false,CALIBRATION_MISSING,CALIBRATION_MISSING,kx134_single_node_i2c.0.1.0,kx134.v3
kx134.v3,NODE_PROTOTYPE,1,KX134_SENSOR_1,sensor_node_1,D4:E9:F4:E9:8E:1C,57063,571109925,0,0,NA,0,-320,-4018,264,-0.078125,-0.980957,0.064453,100,100,8,UNCALIBRATED_SENSOR_1,false,CALIBRATION_MISSING,CALIBRATION_MISSING,kx134_single_node_i2c.0.1.0,kx134.v3
kx134.v3,NODE_PROTOTYPE,1,KX134_SENSOR_1,sensor_node_1,D4:E9:F4:E9:8E:1C,57064,571119925,0,0,NA,0,-318,-4010,303,-0.077637,-0.979004,0.073975,100,100,8,UNCALIBRATED_SENSOR_1,false,CALIBRATION_MISSING,CALIBRATION_MISSING,kx134_single_node_i2c.0.1.0,kx134.v3
kx134.v3,NODE_PROTOTYPE,1,KX134_SENSOR_1,sensor_node_1,D4:E9:F4:E9:8E:1C,57065,571129924,0,0,NA,0,-340,-3990,292,-0.083008,-0.974121,0.071289,100,100,8,UNCALIBRATED_SENSOR_1,false,CALIBRATION_MISSING,CALIBRATION_MISSING,kx134_single_node_i2c.0.1.0,kx134.v3
kx134.v3,NODE_PROTOTYPE,1,KX134_SENSOR_1,sensor_node_1,D4:E9:F4:E9:8E:1C,57066,571139925,0,0,NA,0,-372,-3960,240,-0.090820,-0.966797,0.058594,100,100,8,UNCALIBRATED_SENSOR_1,false,CALIBRATION_MISSING,CALIBRATION_MISSING,kx134_single_node_i2c.0.1.0,kx134.v3
kx134.v3,NODE_PROTOTYPE,1,KX134_SENSOR_1,sensor_node_1,D4:E9:F4:E9:8E:1C,57067,571149924,0,0,NA,0,-380,-3948,204,-0.092773,-0.963867,0.049805,100,100,8,UNCALIBRATED_SENSOR_1,false,CALIBRATION_MISSING,CALIBRATION_MISSING,kx134_single_node_i2c.0.1.0,kx134.v3
kx134.v3,NODE_PROTOTYPE,1,KX134_SENSOR_1,sensor_node_1,D4:E9:F4:E9:8E:1C,57068,571159924,0,0,NA,0,-342,-3950,223,-0.083496,-0.964355,0.054443,100,100,8,UNCALIBRATED_SENSOR_1,false,CALIBRATION_MISSING,CALIBRATION_MISSING,kx134_single_node_i2c.0.1.0,kx134.v3
kx134.v3,NODE_PROTOTYPE,1,KX134_SENSOR_1,sensor_node_1,D4:E9:F4:E9:8E:1C,57069,571169925,0,0,NA,0,-314,-3966,267,-0.076660,-0.968262,0.065186,100,100,8,UNCALIBRATED_SENSOR_1,false,CALIBRATION_MISSING,CALIBRATION_MISSING,kx134_single_node_i2c.0.1.0,kx134.v3
kx134.v3,NODE_PROTOTYPE,1,KX134_SENSOR_1,sensor_node_1,D4:E9:F4:E9:8E:1C,57070,571179925,0,0,NA,0,-308,-3969,261,-0.075195,-0.968994,0.063721,100,100,8,UNCALIBRATED_SENSOR_1,false,CALIBRATION_MISSING,CALIBRATION_MISSING,kx134_single_node_i2c.0.1.0,kx134.v3
kx134.v3,NODE_PROTOTYPE,1,KX134_SENSOR_1,sensor_node_1,D4:E9:F4:E9:8E:1C,57071,571189924,0,0,NA,0,-323,-3960,262,-0.078857,-0.966797,0.063965,100,100,8,UNCALIBRATED_SENSOR_1,false,CALIBRATION_MISSING,CALIBRATION_MISSING,kx134_single_node_i2c.0.1.0,kx134.v3
kx134.v3,NODE_PROTOTYPE,1,KX134_SENSOR_1,sensor_node_1,D4:E9:F4:E9:8E:1C,57072,571199924,0,0,NA,0,-324,-3981,269,-0.079102,-0.971924,0.065674,100,100,8,UNCALIBRATED_SENSOR_1,false,CALIBRATION_MISSING,CALIBRATION_MISSING,kx134_single_node_i2c.0.1.0,kx134.v3
kx134.v3,NODE_PROTOTYPE,1,KX134_SENSOR_1,sensor_node_1,D4:E9:F4:E9:8E:1C,57073,571209924,0,0,NA,0,-335,-4006,255,-0.081787,-0.978027,0.062256,100,100,8,UNCALIBRATED_SENSOR_1,false,CALIBRATION_MISSING,CALIBRATION_MISSING,kx134_single_node_i2c.0.1.0,kx134.v3
kx134.v3,NODE_PROTOTYPE,1,KX134_SENSOR_1,sensor_node_1,D4:E9:F4:E9:8E:1C,57074,571219924,0,0,NA,0,-327,-3994,248,-0.079834,-0.975098,0.060547,100,100,8,UNCALIBRATED_SENSOR_1,false,CALIBRATION_MISSING,CALIBRATION_MISSING,kx134_single_node_i2c.0.1.0,kx134.v3
kx134.v3,NODE_PROTOTYPE,1,KX134_SENSOR_1,sensor_node_1,D4:E9:F4:E9:8E:1C,57075,571229924,0,0,NA,0,-326,-3952,247,-0.079590,-0.964844,0.060303,100,100,8,UNCALIBRATED_SENSOR_1,false,CALIBRATION_MISSING,CALIBRATION_MISSING,kx134_single_node_i2c.0.1.0,kx134.v3
kx134.v3,NODE_PROTOTYPE,1,KX134_SENSOR_1,sensor_node_1,D4:E9:F4:E9:8E:1C,57076,571239925,0,0,NA,0,-378,-3938,233,-0.092285,-0.961426,0.056885,100,100,8,UNCALIBRATED_SENSOR_1,false,CALIBRATION_MISSING,CALIBRATION_MISSING,kx134_single_node_i2c.0.1.0,kx134.v3
kx134.v3,NODE_PROTOTYPE,1,KX134_SENSOR_1,sensor_node_1,D4:E9:F4:E9:8E:1C,57077,571249924,0,0,NA,0,-384,-3942,224,-0.093750,-0.962402,0.054687,100,100,8,UNCALIBRATED_SENSOR_1,false,CALIBRATION_MISSING,CALIBRATION_MISSING,kx134_single_node_i2c.0.1.0,kx134.v3
kx134.v3,NODE_PROTOTYPE,1,KX134_SENSOR_1,sensor_node_1,D4:E9:F4:E9:8E:1C,57078,571259924,0,0,NA,0,-344,-3943,260,-0.083984,-0.962646,0.063477,100,100,8,UNCALIBRATED_SENSOR_1,false,CALIBRATION_MISSING,CALIBRATION_MISSING,kx134_single_node_i2c.0.1.0,kx134.v3
kx134.v3,NODE_PROTOTYPE,1,KX134_SENSOR_1,sensor_node_1,D4:E9:F4:E9:8E:1C,57079,571269925,0,0,NA,0,-310,-3961,308,-0.075684,-0.967041,0.075195,100,100,8,UNCALIBRATED_SENSOR_1,false,CALIBRATION_MISSING,CALIBRATION_MISSING,kx134_single_node_i2c.0.1.0,kx134.v3
kx134.v3,NODE_PROTOTYPE,1,KX134_SENSOR_1,sensor_node_1,D4:E9:F4:E9:8E:1C,57080,571279925,0,0,NA,0,-266,-4004,331,-0.064941,-0.977539,0.080811,100,100,8,UNCALIBRATED_SENSOR_1,false,CALIBRATION_MISSING,CALIBRATION_MISSING,kx134_single_node_i2c.0.1.0,kx134.v3
kx134.v3,NODE_PROTOTYPE,1,KX134_SENSOR_1,sensor_node_1,D4:E9:F4:E9:8E:1C,57081,571289925,0,0,NA,0,-253,-4038,329,-0.061768,-0.985840,0.080322,100,100,8,UNCALIBRATED_SENSOR_1,false,CALIBRATION_MISSING,CALIBRATION_MISSING,kx134_single_node_i2c.0.1.0,kx134.v3
kx134.v3,NODE_PROTOTYPE,1,KX134_SENSOR_1,sensor_node_1,D4:E9:F4:E9:8E:1C,57082,571299924,0,0,NA,0,-306,-4051,289,-0.074707,-0.989014,0.070557,100,100,8,UNCALIBRATED_SENSOR_1,false,CALIBRATION_MISSING,CALIBRATION_MISSING,kx134_single_node_i2c.0.1.0,kx134.v3
kx134.v3,NODE_PROTOTYPE,1,KX134_SENSOR_1,sensor_node_1,D4:E9:F4:E9:8E:1C,57083,571309925,0,0,NA,0,-340,-4037,233,-0.083008,-0.985596,0.056885,100,100,8,UNCALIBRATED_SENSOR_1,false,CALIBRATION_MISSING,CALIBRATION_MISSING,kx134_single_node_i2c.0.1.0,kx134.v3
kx134.v3,NODE_PROTOTYPE,1,KX134_SENSOR_1,sensor_node_1,D4:E9:F4:E9:8E:1C,57084,571319925,0,0,NA,0,-335,-4014,215,-0.081787,-0.979980,0.052490,100,100,8,UNCALIBRATED_SENSOR_1,false,CALIBRATION_MISSING,CALIBRATION_MISSING,kx134_single_node_i2c.0.1.0,kx134.v3
kx134.v3,NODE_PROTOTYPE,1,KX134_SENSOR_1,sensor_node_1,D4:E9:F4:E9:8E:1C,57085,571329924,0,0,NA,0,-348,-3952,248,-0.084961,-0.964844,0.060547,100,100,8,UNCALIBRATED_SENSOR_1,false,CALIBRATION_MISSING,CALIBRATION_MISSING,kx134_single_node_i2c.0.1.0,kx134.v3
kx134.v3,NODE_PROTOTYPE,1,KX134_SENSOR_1,sensor_node_1,D4:E9:F4:E9:8E:1C,57086,571339924,0,0,NA,0,-328,-3961,312,-0.080078,-0.967041,0.076172,100,100,8,UNCALIBRATED_SENSOR_1,false,CALIBRATION_MISSING,CALIBRATION_MISSING,kx134_single_node_i2c.0.1.0,kx134.v3
kx134.v3,NODE_PROTOTYPE,1,KX134_SENSOR_1,sensor_node_1,D4:E9:F4:E9:8E:1C,57087,571349924,0,0,NA,0,-398,-3976,235,-0.097168,-0.970703,0.057373,100,100,8,UNCALIBRATED_SENSOR_1,false,CALIBRATION_MISSING,CALIBRATION_MISSING,kx134_single_node_i2c.0.1.0,kx134.v3
kx134.v3,NODE_PROTOTYPE,1,KX134_SENSOR_1,sensor_node_1,D4:E9:F4:E9:8E:1C,57088,571359924,0,0,NA,0,-398,-3976,235,-0.097168,-0.970703,0.057373,100,100,8,UNCALIBRATED_SENSOR_1,false,CALIBRATION_MISSING,CALIBRATION_MISSING,kx134_single_node_i2c.0.1.0,kx134.v3
kx134.v3,NODE_PROTOTYPE,1,KX134_SENSOR_1,sensor_node_1,D4:E9:F4:E9:8E:1C,57089,571369925,0,0,NA,0,-348,-4035,223,-0.084961,-0.985107,0.054443,100,100,8,UNCALIBRATED_SENSOR_1,false,CALIBRATION_MISSING,CALIBRATION_MISSING,kx134_single_node_i2c.0.1.0,kx134.v3
kx134.v3,NODE_PROTOTYPE,1,KX134_SENSOR_1,sensor_node_1,D4:E9:F4:E9:8E:1C,57090,571379925,0,0,NA,0,-288,-4032,265,-0.070312,-0.984375,0.064697,100,100,8,UNCALIBRATED_SENSOR_1,false,CALIBRATION_MISSING,CALIBRATION_MISSING,kx134_single_node_i2c.0.1.0,kx134.v3
kx134.v3,NODE_PROTOTYPE,1,KX134_SENSOR_1,sensor_node_1,D4:E9:F4:E9:8E:1C,57091,571389925,0,0,NA,0,-326,-3995,306,-0.079590,-0.975342,0.074707,100,100,8,UNCALIBRATED_SENSOR_1,false,CALIBRATION_MISSING,CALIBRATION_MISSING,kx134_single_node_i2c.0.1.0,kx134.v3
kx134.v3,NODE_PROTOTYPE,1,KX134_SENSOR_1,sensor_node_1,D4:E9:F4:E9:8E:1C,57092,571399924,0,0,NA,0,-246,-4116,342,-0.060059,-1.004883,0.083496,100,100,8,UNCALIBRATED_SENSOR_1,false,CALIBRATION_MISSING,CALIBRATION_MISSING,kx134_single_node_i2c.0.1.0,kx134.v3
kx134.v3,NODE_PROTOTYPE,1,KX134_SENSOR_1,sensor_node_1,D4:E9:F4:E9:8E:1C,57093,571409925,0,0,NA,0,-199,-4232,317,-0.048584,-1.033203,0.077393,100,100,8,UNCALIBRATED_SENSOR_1,false,CALIBRATION_MISSING,CALIBRATION_MISSING,kx134_single_node_i2c.0.1.0,kx134.v3
kx134.v3,NODE_PROTOTYPE,1,KX134_SENSOR_1,sensor_node_1,D4:E9:F4:E9:8E:1C,57094,571419925,0,0,NA,0,-232,-4141,413,-0.056641,-1.010986,0.100830,100,100,8,UNCALIBRATED_SENSOR_1,false,CALIBRATION_MISSING,CALIBRATION_MISSING,kx134_single_node_i2c.0.1.0,kx134.v3
kx134.v3,NODE_PROTOTYPE,1,KX134_SENSOR_1,sensor_node_1,D4:E9:F4:E9:8E:1C,57095,571429925,0,0,NA,0,-335,-3979,418,-0.081787,-0.971436,0.102051,100,100,8,UNCALIBRATED_SENSOR_1,false,CALIBRATION_MISSING,CALIBRATION_MISSING,kx134_single_node_i2c.0.1.0,kx134.v3
kx134.v3,NODE_PROTOTYPE,1,KX134_SENSOR_1,sensor_node_1,D4:E9:F4:E9:8E:1C,57096,571439925,0,0,NA,0,-328,-4013,358,-0.080078,-0.979736,0.087402,100,100,8,UNCALIBRATED_SENSOR_1,false,CALIBRATION_MISSING,CALIBRATION_MISSING,kx134_single_node_i2c.0.1.0,kx134.v3
kx134.v3,NODE_PROTOTYPE,1,KX134_SENSOR_1,sensor_node_1,D4:E9:F4:E9:8E:1C,57097,571449925,0,0,NA,0,-276,-4028,339,-0.067383,-0.983398,0.082764,100,100,8,UNCALIBRATED_SENSOR_1,false,CALIBRATION_MISSING,CALIBRATION_MISSING,kx134_single_node_i2c.0.1.0,kx134.v3
kx134.v3,NODE_PROTOTYPE,1,KX134_SENSOR_1,sensor_node_1,D4:E9:F4:E9:8E:1C,57098,571459924,0,0,NA,0,-304,-3995,295,-0.074219,-0.975342,0.072021,100,100,8,UNCALIBRATED_SENSOR_1,false,CALIBRATION_MISSING,CALIBRATION_MISSING,kx134_single_node_i2c.0.1.0,kx134.v3
kx134.v3,NODE_PROTOTYPE,1,KX134_SENSOR_1,sensor_node_1,D4:E9:F4:E9:8E:1C,57099,571469924,0,0,NA,0,-342,-3993,261,-0.083496,-0.974854,0.063721,100,100,8,UNCALIBRATED_SENSOR_1,false,CALIBRATION_MISSING,CALIBRATION_MISSING,kx134_single_node_i2c.0.1.0,kx134.v3
kx134.v3,NODE_PROTOTYPE,1,KX134_SENSOR_1,sensor_node_1,D4:E9:F4:E9:8E:1C,57100,571479925,0,0,NA,0,-393,-3957,254,-0.095947,-0.966064,0.062012,100,100,8,UNCALIBRATED_SENSOR_1,false,CALIBRATION_MISSING,CALIBRATION_MISSING,kx134_single_node_i2c.0.1.0,kx134.v3
kx134.v3,NODE_PROTOTYPE,1,KX134_SENSOR_1,sensor_node_1,D4:E9:F4:E9:8E:1C,57101,571489924,0,0,NA,0,-417,-3944,262,-0.101807,-0.962891,0.063965,100,100,8,UNCALIBRATED_SENSOR_1,false,CALIBRATION_MISSING,CALIBRATION_MISSING,kx134_single_node_i2c.0.1.0,kx134.v3
kx134.v3,NODE_PROTOTYPE,1,KX134_SENSOR_1,sensor_node_1,D4:E9:F4:E9:8E:1C,57102,571499924,0,0,NA,0,-368,-3964,276,-0.089844,-0.967773,0.067383,100,100,8,UNCALIBRATED_SENSOR_1,false,CALIBRATION_MISSING,CALIBRATION_MISSING,kx134_single_node_i2c.0.1.0,kx134.v3
kx134.v3,NODE_PROTOTYPE,1,KX134_SENSOR_1,sensor_node_1,D4:E9:F4:E9:8E:1C,57103,571509924,0,0,NA,0,-318,-3952,286,-0.077637,-0.964844,0.069824,100,100,8,UNCALIBRATED_SENSOR_1,false,CALIBRATION_MISSING,CALIBRATION_MISSING,kx134_single_node_i2c.0.1.0,kx134.v3
kx134.v3,NODE_PROTOTYPE,1,KX134_SENSOR_1,sensor_node_1,D4:E9:F4:E9:8E:1C,57104,571519925,0,0,NA,0,-319,-3959,249,-0.077881,-0.966553,0.060791,100,100,8,UNCALIBRATED_SENSOR_1,false,CALIBRATION_MISSING,CALIBRATION_MISSING,kx134_single_node_i2c.0.1.0,kx134.v3
kx134.v3,NODE_PROTOTYPE,1,KX134_SENSOR_1,sensor_node_1,D4:E9:F4:E9:8E:1C,57105,571529925,0,0,NA,0,-355,-3939,232,-0.086670,-0.961670,0.056641,100,100,8,UNCALIBRATED_SENSOR_1,false,CALIBRATION_MISSING,CALIBRATION_MISSING,kx134_single_node_i2c.0.1.0,kx134.v3
kx134.v3,NODE_PROTOTYPE,1,KX134_SENSOR_1,sensor_node_1,D4:E9:F4:E9:8E:1C,57106,571539924,0,0,NA,0,-357,-3914,262,-0.087158,-0.955566,0.063965,100,100,8,UNCALIBRATED_SENSOR_1,false,CALIBRATION_MISSING,CALIBRATION_MISSING,kx134_single_node_i2c.0.1.0,kx134.v3
kx134.v3,NODE_PROTOTYPE,1,KX134_SENSOR_1,sensor_node_1,D4:E9:F4:E9:8E:1C,57107,571549925,0,0,NA,0,-340,-3921,271,-0.083008,-0.957275,0.066162,100,100,8,UNCALIBRATED_SENSOR_1,false,CALIBRATION_MISSING,CALIBRATION_MISSING,kx134_single_node_i2c.0.1.0,kx134.v3
kx134.v3,NODE_PROTOTYPE,1,KX134_SENSOR_1,sensor_node_1,D4:E9:F4:E9:8E:1C,57108,571559925,0,0,NA,0,-347,-3928,261,-0.084717,-0.958984,0.063721,100,100,8,UNCALIBRATED_SENSOR_1,false,CALIBRATION_MISSING,CALIBRATION_MISSING,kx134_single_node_i2c.0.1.0,kx134.v3
kx134.v3,NODE_PROTOTYPE,1,KX134_SENSOR_1,sensor_node_1,D4:E9:F4:E9:8E:1C,57109,571569924,0,0,NA,0,-337,-3936,242,-0.082275,-0.960937,0.059082,100,100,8,UNCALIBRATED_SENSOR_1,false,CALIBRATION_MISSING,CALIBRATION_MISSING,kx134_single_node_i2c.0.1.0,kx134.v3
kx134.v3,NODE_PROTOTYPE,1,KX134_SENSOR_1,sensor_node_1,D4:E9:F4:E9:8E:1C,57110,571579925,0,0,NA,0,-341,-3950,232,-0.083252,-0.964355,0.056641,100,100,8,UNCALIBRATED_SENSOR_1,false,CALIBRATION_MISSING,CALIBRATION_MISSING,kx134_single_node_i2c.0.1.0,kx134.v3
kx134.v3,NODE_PROTOTYPE,1,KX134_SENSOR_1,sensor_node_1,D4:E9:F4:E9:8E:1C,57111,571589925,0,0,NA,0,-348,-3963,223,-0.084961,-0.967529,0.054443,100,100,8,UNCALIBRATED_SENSOR_1,false,CALIBRATION_MISSING,CALIBRATION_MISSING,kx134_single_node_i2c.0.1.0,kx134.v3
kx134.v3,NODE_PROTOTYPE,1,KX134_SENSOR_1,sensor_node_1,D4:E9:F4:E9:8E:1C,57112,571599924,0,0,NA,0,-339,-3978,224,-0.082764,-0.971191,0.054687,100,100,8,UNCALIBRATED_SENSOR_1,false,CALIBRATION_MISSING,CALIBRATION_MISSING,kx134_single_node_i2c.0.1.0,kx134.v3
kx134.v3,NODE_PROTOTYPE,1,KX134_SENSOR_1,sensor_node_1,D4:E9:F4:E9:8E:1C,57113,571609924,0,0,NA,0,-330,-3985,254,-0.080566,-0.972900,0.062012,100,100,8,UNCALIBRATED_SENSOR_1,false,CALIBRATION_MISSING,CALIBRATION_MISSING,kx134_single_node_i2c.0.1.0,kx134.v3
kx134.v3,NODE_PROTOTYPE,1,KX134_SENSOR_1,sensor_node_1,D4:E9:F4:E9:8E:1C,57114,571619924,0,0,NA,0,-307,-3987,272,-0.074951,-0.973389,0.066406,100,100,8,UNCALIBRATED_SENSOR_1,false,CALIBRATION_MISSING,CALIBRATION_MISSING,kx134_single_node_i2c.0.1.0,kx134.v3
kx134.v3,NODE_PROTOTYPE,1,KX134_SENSOR_1,sensor_node_1,D4:E9:F4:E9:8E:1C,57115,571629925,0,0,NA,0,-323,-3968,246,-0.078857,-0.968750,0.060059,100,100,8,UNCALIBRATED_SENSOR_1,false,CALIBRATION_MISSING,CALIBRATION_MISSING,kx134_single_node_i2c.0.1.0,kx134.v3
kx134.v3,NODE_PROTOTYPE,1,KX134_SENSOR_1,sensor_node_1,D4:E9:F4:E9:8E:1C,57116,571639925,0,0,NA,0,-368,-3990,246,-0.089844,-0.974121,0.060059,100,100,8,UNCALIBRATED_SENSOR_1,false,CALIBRATION_MISSING,CALIBRATION_MISSING,kx134_single_node_i2c.0.1.0,kx134.v3
kx134.v3,NODE_PROTOTYPE,1,KX134_SENSOR_1,sensor_node_1,D4:E9:F4:E9:8E:1C,57117,571649924,0,0,NA,0,-360,-4023,270,-0.087891,-0.982178,0.065918,100,100,8,UNCALIBRATED_SENSOR_1,false,CALIBRATION_MISSING,CALIBRATION_MISSING,kx134_single_node_i2c.0.1.0,kx134.v3
kx134.v3,NODE_PROTOTYPE,1,KX134_SENSOR_1,sensor_node_1,D4:E9:F4:E9:8E:1C,57118,571659925,0,0,NA,0,-337,-3995,275,-0.082275,-0.975342,0.067139,100,100,8,UNCALIBRATED_SENSOR_1,false,CALIBRATION_MISSING,CALIBRATION_MISSING,kx134_single_node_i2c.0.1.0,kx134.v3
kx134.v3,NODE_PROTOTYPE,1,KX134_SENSOR_1,sensor_node_1,D4:E9:F4:E9:8E:1C,57119,571669924,0,0,NA,0,-365,-3981,262,-0.089111,-0.971924,0.063965,100,100,8,UNCALIBRATED_SENSOR_1,false,CALIBRATION_MISSING,CALIBRATION_MISSING,kx134_single_node_i2c.0.1.0,kx134.v3
kx134.v3,NODE_PROTOTYPE,1,KX134_SENSOR_1,sensor_node_1,D4:E9:F4:E9:8E:1C,57120,571679925,0,0,NA,0,-379,-3988,259,-0.092529,-0.973633,0.063232,100,100,8,UNCALIBRATED_SENSOR_1,false,CALIBRATION_MISSING,CALIBRATION_MISSING,kx134_single_node_i2c.0.1.0,kx134.v3
kx134.v3,NODE_PROTOTYPE,1,KX134_SENSOR_1,sensor_node_1,D4:E9:F4:E9:8E:1C,57121,571689924,0,0,NA,0,-371,-3982,239,-0.090576,-0.972168,0.058350,100,100,8,UNCALIBRATED_SENSOR_1,false,CALIBRATION_MISSING,CALIBRATION_MISSING,kx134_single_node_i2c.0.1.0,kx134.v3
kx134.v3,NODE_PROTOTYPE,1,KX134_SENSOR_1,sensor_node_1,D4:E9:F4:E9:8E:1C,57122,571699925,0,0,NA,0,-353,-3973,203,-0.086182,-0.969971,0.049561,100,100,8,UNCALIBRATED_SENSOR_1,false,CALIBRATION_MISSING,CALIBRATION_MISSING,kx134_single_node_i2c.0.1.0,kx134.v3
kx134.v3,NODE_PROTOTYPE,1,KX134_SENSOR_1,sensor_node_1,D4:E9:F4:E9:8E:1C,57123,571709925,0,0,NA,0,-310,-3989,237,-0.075684,-0.973877,0.057861,100,100,8,UNCALIBRATED_SENSOR_1,false,CALIBRATION_MISSING,CALIBRATION_MISSING,kx134_single_node_i2c.0.1.0,kx134.v3
kx134.v3,NODE_PROTOTYPE,1,KX134_SENSOR_1,sensor_node_1,D4:E9:F4:E9:8E:1C,57124,571719924,0,0,NA,0,-325,-3969,263,-0.079346,-0.968994,0.064209,100,100,8,UNCALIBRATED_SENSOR_1,false,CALIBRATION_MISSING,CALIBRATION_MISSING,kx134_single_node_i2c.0.1.0,kx134.v3
kx134.v3,NODE_PROTOTYPE,1,KX134_SENSOR_1,sensor_node_1,D4:E9:F4:E9:8E:1C,57125,571729924,0,0,NA,0,-355,-3955,255,-0.086670,-0.965576,0.062256,100,100,8,UNCALIBRATED_SENSOR_1,false,CALIBRATION_MISSING,CALIBRATION_MISSING,kx134_single_node_i2c.0.1.0,kx134.v3
kx134.v3,NODE_PROTOTYPE,1,KX134_SENSOR_1,sensor_node_1,D4:E9:F4:E9:8E:1C,57126,571739924,0,0,NA,0,-362,-3985,255,-0.088379,-0.972900,0.062256,100,100,8,UNCALIBRATED_SENSOR_1,false,CALIBRATION_MISSING,CALIBRATION_MISSING,kx134_single_node_i2c.0.1.0,kx134.v3
kx134.v3,NODE_PROTOTYPE,1,KX134_SENSOR_1,sensor_node_1,D4:E9:F4:E9:8E:1C,57127,571749924,0,0,NA,0,-384,-3973,277,-0.093750,-0.969971,0.067627,100,100,8,UNCALIBRATED_SENSOR_1,false,CALIBRATION_MISSING,CALIBRATION_MISSING,kx134_single_node_i2c.0.1.0,kx134.v3
kx134.v3,NODE_PROTOTYPE,1,KX134_SENSOR_1,sensor_node_1,D4:E9:F4:E9:8E:1C,57128,571759924,0,0,NA,0,-360,-3960,271,-0.087891,-0.966797,0.066162,100,100,8,UNCALIBRATED_SENSOR_1,false,CALIBRATION_MISSING,CALIBRATION_MISSING,kx134_single_node_i2c.0.1.0,kx134.v3
kx134.v3,NODE_PROTOTYPE,1,KX134_SENSOR_1,sensor_node_1,D4:E9:F4:E9:8E:1C,57129,571769925,0,0,NA,0,-337,-3977,256,-0.082275,-0.970947,0.062500,100,100,8,UNCALIBRATED_SENSOR_1,false,CALIBRATION_MISSING,CALIBRATION_MISSING,kx134_single_node_i2c.0.1.0,kx134.v3
kx134.v3,NODE_PROTOTYPE,1,KX134_SENSOR_1,sensor_node_1,D4:E9:F4:E9:8E:1C,57130,571779925,0,0,NA,0,-354,-3977,264,-0.086426,-0.970947,0.064453,100,100,8,UNCALIBRATED_SENSOR_1,false,CALIBRATION_MISSING,CALIBRATION_MISSING,kx134_single_node_i2c.0.1.0,kx134.v3
kx134.v3,NODE_PROTOTYPE,1,KX134_SENSOR_1,sensor_node_1,D4:E9:F4:E9:8E:1C,57131,571789925,0,0,NA,0,-354,-3956,254,-0.086426,-0.965820,0.062012,100,100,8,UNCALIBRATED_SENSOR_1,false,CALIBRATION_MISSING,CALIBRATION_MISSING,kx134_single_node_i2c.0.1.0,kx134.v3
kx134.v3,NODE_PROTOTYPE,1,KX134_SENSOR_1,sensor_node_1,D4:E9:F4:E9:8E:1C,57132,571799924,0,0,NA,0,-349,-3925,268,-0.085205,-0.958252,0.065430,100,100,8,UNCALIBRATED_SENSOR_1,false,CALIBRATION_MISSING,CALIBRATION_MISSING,kx134_single_node_i2c.0.1.0,kx134.v3
kx134.v3,NODE_PROTOTYPE,1,KX134_SENSOR_1,sensor_node_1,D4:E9:F4:E9:8E:1C,57133,571809925,0,0,NA,0,-361,-3949,276,-0.088135,-0.964111,0.067383,100,100,8,UNCALIBRATED_SENSOR_1,false,CALIBRATION_MISSING,CALIBRATION_MISSING,kx134_single_node_i2c.0.1.0,kx134.v3
kx134.v3,NODE_PROTOTYPE,1,KX134_SENSOR_1,sensor_node_1,D4:E9:F4:E9:8E:1C,57134,571819924,0,0,NA,0,-363,-3985,276,-0.088623,-0.972900,0.067383,100,100,8,UNCALIBRATED_SENSOR_1,false,CALIBRATION_MISSING,CALIBRATION_MISSING,kx134_single_node_i2c.0.1.0,kx134.v3
kx134.v3,NODE_PROTOTYPE,1,KX134_SENSOR_1,sensor_node_1,D4:E9:F4:E9:8E:1C,57135,571829924,0,0,NA,0,-336,-3961,282,-0.082031,-0.967041,0.068848,100,100,8,UNCALIBRATED_SENSOR_1,false,CALIBRATION_MISSING,CALIBRATION_MISSING,kx134_single_node_i2c.0.1.0,kx134.v3
kx134.v3,NODE_PROTOTYPE,1,KX134_SENSOR_1,sensor_node_1,D4:E9:F4:E9:8E:1C,57136,571839925,0,0,NA,0,-320,-3965,270,-0.078125,-0.968018,0.065918,100,100,8,UNCALIBRATED_SENSOR_1,false,CALIBRATION_MISSING,CALIBRATION_MISSING,kx134_single_node_i2c.0.1.0,kx134.v3
kx134.v3,NODE_PROTOTYPE,1,KX134_SENSOR_1,sensor_node_1,D4:E9:F4:E9:8E:1C,57137,571849925,0,0,NA,0,-323,-4021,263,-0.078857,-0.981689,0.064209,100,100,8,UNCALIBRATED_SENSOR_1,false,CALIBRATION_MISSING,CALIBRATION_MISSING,kx134_single_node_i2c.0.1.0,kx134.v3
kx134.v3,NODE_PROTOTYPE,1,KX134_SENSOR_1,sensor_node_1,D4:E9:F4:E9:8E:1C,57138,571859925,0,0,NA,0,-337,-4015,278,-0.082275,-0.980225,0.067871,100,100,8,UNCALIBRATED_SENSOR_1,false,CALIBRATION_MISSING,CALIBRATION_MISSING,kx134_single_node_i2c.0.1.0,kx134.v3
kx134.v3,NODE_PROTOTYPE,1,KX134_SENSOR_1,sensor_node_1,D4:E9:F4:E9:8E:1C,57139,571869925,0,0,NA,0,-350,-3972,282,-0.085449,-0.969727,0.068848,100,100,8,UNCALIBRATED_SENSOR_1,false,CALIBRATION_MISSING,CALIBRATION_MISSING,kx134_single_node_i2c.0.1.0,kx134.v3
kx134.v3,NODE_PROTOTYPE,1,KX134_SENSOR_1,sensor_node_1,D4:E9:F4:E9:8E:1C,57140,571879924,0,0,NA,0,-326,-4004,280,-0.079590,-0.977539,0.068359,100,100,8,UNCALIBRATED_SENSOR_1,false,CALIBRATION_MISSING,CALIBRATION_MISSING,kx134_single_node_i2c.0.1.0,kx134.v3
kx134.v3,NODE_PROTOTYPE,1,KX134_SENSOR_1,sensor_node_1,D4:E9:F4:E9:8E:1C,57141,571889924,0,0,NA,0,-312,-4018,284,-0.076172,-0.980957,0.069336,100,100,8,UNCALIBRATED_SENSOR_1,false,CALIBRATION_MISSING,CALIBRATION_MISSING,kx134_single_node_i2c.0.1.0,kx134.v3
kx134.v3,NODE_PROTOTYPE,1,KX134_SENSOR_1,sensor_node_1,D4:E9:F4:E9:8E:1C,57142,571899924,0,0,NA,0,-324,-4000,288,-0.079102,-0.976562,0.070312,100,100,8,UNCALIBRATED_SENSOR_1,false,CALIBRATION_MISSING,CALIBRATION_MISSING,kx134_single_node_i2c.0.1.0,kx134.v3
kx134.v3,NODE_PROTOTYPE,1,KX134_SENSOR_1,sensor_node_1,D4:E9:F4:E9:8E:1C,57143,571909925,0,0,NA,0,-333,-4006,285,-0.081299,-0.978027,0.069580,100,100,8,UNCALIBRATED_SENSOR_1,false,CALIBRATION_MISSING,CALIBRATION_MISSING,kx134_single_node_i2c.0.1.0,kx134.v3
kx134.v3,NODE_PROTOTYPE,1,KX134_SENSOR_1,sensor_node_1,D4:E9:F4:E9:8E:1C,57144,571919925,0,0,NA,0,-350,-4004,275,-0.085449,-0.977539,0.067139,100,100,8,UNCALIBRATED_SENSOR_1,false,CALIBRATION_MISSING,CALIBRATION_MISSING,kx134_single_node_i2c.0.1.0,kx134.v3
kx134.v3,NODE_PROTOTYPE,1,KX134_SENSOR_1,sensor_node_1,D4:E9:F4:E9:8E:1C,57145,571929925,0,0,NA,0,-346,-4000,270,-0.084473,-0.976562,0.065918,100,100,8,UNCALIBRATED_SENSOR_1,false,CALIBRATION_MISSING,CALIBRATION_MISSING,kx134_single_node_i2c.0.1.0,kx134.v3
kx134.v3,NODE_PROTOTYPE,1,KX134_SENSOR_1,sensor_node_1,D4:E9:F4:E9:8E:1C,57146,571939925,0,0,NA,0,-332,-4007,287,-0.081055,-0.978271,0.070068,100,100,8,UNCALIBRATED_SENSOR_1,false,CALIBRATION_MISSING,CALIBRATION_MISSING,kx134_single_node_i2c.0.1.0,kx134.v3
kx134.v3,NODE_PROTOTYPE,1,KX134_SENSOR_1,sensor_node_1,D4:E9:F4:E9:8E:1C,57147,571949925,0,0,NA,0,-325,-3991,295,-0.079346,-0.974365,0.072021,100,100,8,UNCALIBRATED_SENSOR_1,false,CALIBRATION_MISSING,CALIBRATION_MISSING,kx134_single_node_i2c.0.1.0,kx134.v3
kx134.v3,NODE_PROTOTYPE,1,KX134_SENSOR_1,sensor_node_1,D4:E9:F4:E9:8E:1C,57148,571959925,0,0,NA,0,-288,-3981,287,-0.070312,-0.971924,0.070068,100,100,8,UNCALIBRATED_SENSOR_1,false,CALIBRATION_MISSING,CALIBRATION_MISSING,kx134_single_node_i2c.0.1.0,kx134.v3
kx134.v3,NODE_PROTOTYPE,1,KX134_SENSOR_1,sensor_node_1,D4:E9:F4:E9:8E:1C,57149,571969925,0,0,NA,0,-259,-3988,296,-0.063232,-0.973633,0.072266,100,100,8,UNCALIBRATED_SENSOR_1,false,CALIBRATION_MISSING,CALIBRATION_MISSING,kx134_single_node_i2c.0.1.0,kx134.v3
kx134.v3,NODE_PROTOTYPE,1,KX134_SENSOR_1,sensor_node_1,D4:E9:F4:E9:8E:1C,57150,571979925,0,0,NA,0,-282,-3960,310,-0.068848,-0.966797,0.075684,100,100,8,UNCALIBRATED_SENSOR_1,false,CALIBRATION_MISSING,CALIBRATION_MISSING,kx134_single_node_i2c.0.1.0,kx134.v3
kx134.v3,NODE_PROTOTYPE,1,KX134_SENSOR_1,sensor_node_1,D4:E9:F4:E9:8E:1C,57151,571989924,0,0,NA,0,-300,-3943,322,-0.073242,-0.962646,0.078613,100,100,8,UNCALIBRATED_SENSOR_1,false,CALIBRATION_MISSING,CALIBRATION_MISSING,kx134_single_node_i2c.0.1.0,kx134.v3
kx134.v3,NODE_PROTOTYPE,1,KX134_SENSOR_1,sensor_node_1,D4:E9:F4:E9:8E:1C,57152,571999925,0,0,NA,0,-324,-3991,340,-0.079102,-0.974365,0.083008,100,100,8,UNCALIBRATED_SENSOR_1,false,CALIBRATION_MISSING,CALIBRATION_MISSING,kx134_single_node_i2c.0.1.0,kx134.v3
kx134.v3,NODE_PROTOTYPE,1,KX134_SENSOR_1,sensor_node_1,D4:E9:F4:E9:8E:1C,57153,572009925,0,0,NA,0,-341,-4002,322,-0.083252,-0.977051,0.078613,100,100,8,UNCALIBRATED_SENSOR_1,false,CALIBRATION_MISSING,CALIBRATION_MISSING,kx134_single_node_i2c.0.1.0,kx134.v3
kx134.v3,NODE_PROTOTYPE,1,KX134_SENSOR_1,sensor_node_1,D4:E9:F4:E9:8E:1C,57154,572019925,0,0,NA,0,-331,-4004,272,-0.080811,-0.977539,0.066406,100,100,8,UNCALIBRATED_SENSOR_1,false,CALIBRATION_MISSING,CALIBRATION_MISSING,kx134_single_node_i2c.0.1.0,kx134.v3
kx134.v3,NODE_PROTOTYPE,1,KX134_SENSOR_1,sensor_node_1,D4:E9:F4:E9:8E:1C,57155,572029924,0,0,NA,0,-347,-4027,272,-0.084717,-0.983154,0.066406,100,100,8,UNCALIBRATED_SENSOR_1,false,CALIBRATION_MISSING,CALIBRATION_MISSING,kx134_single_node_i2c.0.1.0,kx134.v3
kx134.v3,NODE_PROTOTYPE,1,KX134_SENSOR_1,sensor_node_1,D4:E9:F4:E9:8E:1C,57156,572039924,0,0,NA,0,-346,-4038,282,-0.084473,-0.985840,0.068848,100,100,8,UNCALIBRATED_SENSOR_1,false,CALIBRATION_MISSING,CALIBRATION_MISSING,kx134_single_node_i2c.0.1.0,kx134.v3
kx134.v3,NODE_PROTOTYPE,1,KX134_SENSOR_1,sensor_node_1,D4:E9:F4:E9:8E:1C,57157,572049925,0,0,NA,0,-316,-4036,270,-0.077148,-0.985352,0.065918,100,100,8,UNCALIBRATED_SENSOR_1,false,CALIBRATION_MISSING,CALIBRATION_MISSING,kx134_single_node_i2c.0.1.0,kx134.v3
kx134.v3,NODE_PROTOTYPE,1,KX134_SENSOR_1,sensor_node_1,D4:E9:F4:E9:8E:1C,57158,572059924,0,0,NA,0,-316,-4000,266,-0.077148,-0.976562,0.064941,100,100,8,UNCALIBRATED_SENSOR_1,false,CALIBRATION_MISSING,CALIBRATION_MISSING,kx134_single_node_i2c.0.1.0,kx134.v3
kx134.v3,NODE_PROTOTYPE,1,KX134_SENSOR_1,sensor_node_1,D4:E9:F4:E9:8E:1C,57159,572069925,0,0,NA,0,-319,-3968,267,-0.077881,-0.968750,0.065186,100,100,8,UNCALIBRATED_SENSOR_1,false,CALIBRATION_MISSING,CALIBRATION_MISSING,kx134_single_node_i2c.0.1.0,kx134.v3
kx134.v3,NODE_PROTOTYPE,1,KX134_SENSOR_1,sensor_node_1,D4:E9:F4:E9:8E:1C,57160,572079925,0,0,NA,0,-329,-3955,274,-0.080322,-0.965576,0.066895,100,100,8,UNCALIBRATED_SENSOR_1,false,CALIBRATION_MISSING,CALIBRATION_MISSING,kx134_single_node_i2c.0.1.0,kx134.v3
kx134.v3,NODE_PROTOTYPE,1,KX134_SENSOR_1,sensor_node_1,D4:E9:F4:E9:8E:1C,57161,572089925,0,0,NA,0,-356,-3958,289,-0.086914,-0.966309,0.070557,100,100,8,UNCALIBRATED_SENSOR_1,false,CALIBRATION_MISSING,CALIBRATION_MISSING,kx134_single_node_i2c.0.1.0,kx134.v3
kx134.v3,NODE_PROTOTYPE,1,KX134_SENSOR_1,sensor_node_1,D4:E9:F4:E9:8E:1C,57162,572099924,0,0,NA,0,-341,-3956,295,-0.083252,-0.965820,0.072021,100,100,8,UNCALIBRATED_SENSOR_1,false,CALIBRATION_MISSING,CALIBRATION_MISSING,kx134_single_node_i2c.0.1.0,kx134.v3
kx134.v3,NODE_PROTOTYPE,1,KX134_SENSOR_1,sensor_node_1,D4:E9:F4:E9:8E:1C,57163,572109925,0,0,NA,0,-297,-3945,293,-0.072510,-0.963135,0.071533,100,100,8,UNCALIBRATED_SENSOR_1,false,CALIBRATION_MISSING,CALIBRATION_MISSING,kx134_single_node_i2c.0.1.0,kx134.v3
kx134.v3,NODE_PROTOTYPE,1,KX134_SENSOR_1,sensor_node_1,D4:E9:F4:E9:8E:1C,57164,572119925,0,0,NA,0,-298,-3948,274,-0.072754,-0.963867,0.066895,100,100,8,UNCALIBRATED_SENSOR_1,false,CALIBRATION_MISSING,CALIBRATION_MISSING,kx134_single_node_i2c.0.1.0,kx134.v3
kx134.v3,NODE_PROTOTYPE,1,KX134_SENSOR_1,sensor_node_1,D4:E9:F4:E9:8E:1C,57165,572129924,0,0,NA,0,-320,-3965,245,-0.078125,-0.968018,0.059814,100,100,8,UNCALIBRATED_SENSOR_1,false,CALIBRATION_MISSING,CALIBRATION_MISSING,kx134_single_node_i2c.0.1.0,kx134.v3
kx134.v3,NODE_PROTOTYPE,1,KX134_SENSOR_1,sensor_node_1,D4:E9:F4:E9:8E:1C,57166,572139924,0,0,NA,0,-326,-3990,264,-0.079590,-0.974121,0.064453,100,100,8,UNCALIBRATED_SENSOR_1,false,CALIBRATION_MISSING,CALIBRATION_MISSING,kx134_single_node_i2c.0.1.0,kx134.v3
kx134.v3,NODE_PROTOTYPE,1,KX134_SENSOR_1,sensor_node_1,D4:E9:F4:E9:8E:1C,57167,572149924,0,0,NA,0,-314,-4021,283,-0.076660,-0.981689,0.069092,100,100,8,UNCALIBRATED_SENSOR_1,false,CALIBRATION_MISSING,CALIBRATION_MISSING,kx134_single_node_i2c.0.1.0,kx134.v3
kx134.v3,NODE_PROTOTYPE,1,KX134_SENSOR_1,sensor_node_1,D4:E9:F4:E9:8E:1C,57168,572159925,0,0,NA,0,-305,-3999,274,-0.074463,-0.976318,0.066895,100,100,8,UNCALIBRATED_SENSOR_1,false,CALIBRATION_MISSING,CALIBRATION_MISSING,kx134_single_node_i2c.0.1.0,kx134.v3
kx134.v3,NODE_PROTOTYPE,1,KX134_SENSOR_1,sensor_node_1,D4:E9:F4:E9:8E:1C,57169,572169924,0,0,NA,0,-319,-3956,272,-0.077881,-0.965820,0.066406,100,100,8,UNCALIBRATED_SENSOR_1,false,CALIBRATION_MISSING,CALIBRATION_MISSING,kx134_single_node_i2c.0.1.0,kx134.v3
kx134.v3,NODE_PROTOTYPE,1,KX134_SENSOR_1,sensor_node_1,D4:E9:F4:E9:8E:1C,57170,572179925,0,0,NA,0,-319,-3969,276,-0.077881,-0.968994,0.067383,100,100,8,UNCALIBRATED_SENSOR_1,false,CALIBRATION_MISSING,CALIBRATION_MISSING,kx134_single_node_i2c.0.1.0,kx134.v3
kx134.v3,NODE_PROTOTYPE,1,KX134_SENSOR_1,sensor_node_1,D4:E9:F4:E9:8E:1C,57171,572189925,0,0,NA,0,-339,-3981,260,-0.082764,-0.971924,0.063477,100,100,8,UNCALIBRATED_SENSOR_1,false,CALIBRATION_MISSING,CALIBRATION_MISSING,kx134_single_node_i2c.0.1.0,kx134.v3
kx134.v3,NODE_PROTOTYPE,1,KX134_SENSOR_1,sensor_node_1,D4:E9:F4:E9:8E:1C,57172,572199924,0,0,NA,0,-336,-3962,254,-0.082031,-0.967285,0.062012,100,100,8,UNCALIBRATED_SENSOR_1,false,CALIBRATION_MISSING,CALIBRATION_MISSING,kx134_single_node_i2c.0.1.0,kx134.v3
kx134.v3,NODE_PROTOTYPE,1,KX134_SENSOR_1,sensor_node_1,D4:E9:F4:E9:8E:1C,57173,572209925,0,0,NA,0,-317,-3959,251,-0.077393,-0.966553,0.061279,100,100,8,UNCALIBRATED_SENSOR_1,false,CALIBRATION_MISSING,CALIBRATION_MISSING,kx134_single_node_i2c.0.1.0,kx134.v3
kx134.v3,NODE_PROTOTYPE,1,KX134_SENSOR_1,sensor_node_1,D4:E9:F4:E9:8E:1C,57174,572219924,0,0,NA,0,-332,-3918,263,-0.081055,-0.956543,0.064209,100,100,8,UNCALIBRATED_SENSOR_1,false,CALIBRATION_MISSING,CALIBRATION_MISSING,kx134_single_node_i2c.0.1.0,kx134.v3
kx134.v3,NODE_PROTOTYPE,1,KX134_SENSOR_1,sensor_node_1,D4:E9:F4:E9:8E:1C,57175,572229925,0,0,NA,0,-245,-3990,307,-0.059814,-0.974121,0.074951,100,100,8,UNCALIBRATED_SENSOR_1,false,CALIBRATION_MISSING,CALIBRATION_MISSING,kx134_single_node_i2c.0.1.0,kx134.v3
kx134.v3,NODE_PROTOTYPE,1,KX134_SENSOR_1,sensor_node_1,D4:E9:F4:E9:8E:1C,57176,572239924,0,0,NA,0,-245,-3990,307,-0.059814,-0.974121,0.074951,100,100,8,UNCALIBRATED_SENSOR_1,false,CALIBRATION_MISSING,CALIBRATION_MISSING,kx134_single_node_i2c.0.1.0,kx134.v3
kx134.v3,NODE_PROTOTYPE,1,KX134_SENSOR_1,sensor_node_1,D4:E9:F4:E9:8E:1C,57177,572249925,0,0,NA,0,-327,-4001,277,-0.079834,-0.976807,0.067627,100,100,8,UNCALIBRATED_SENSOR_1,false,CALIBRATION_MISSING,CALIBRATION_MISSING,kx134_single_node_i2c.0.1.0,kx134.v3
kx134.v3,NODE_PROTOTYPE,1,KX134_SENSOR_1,sensor_node_1,D4:E9:F4:E9:8E:1C,57178,572259925,0,0,NA,0,-413,-3828,238,-0.100830,-0.934570,0.058105,100,100,8,UNCALIBRATED_SENSOR_1,false,CALIBRATION_MISSING,CALIBRATION_MISSING,kx134_single_node_i2c.0.1.0,kx134.v3
kx134.v3,NODE_PROTOTYPE,1,KX134_SENSOR_1,sensor_node_1,D4:E9:F4:E9:8E:1C,57179,572269924,0,0,NA,0,-219,-3881,308,-0.053467,-0.947510,0.075195,100,100,8,UNCALIBRATED_SENSOR_1,false,CALIBRATION_MISSING,CALIBRATION_MISSING,kx134_single_node_i2c.0.1.0,kx134.v3
kx134.v3,NODE_PROTOTYPE,1,KX134_SENSOR_1,sensor_node_1,D4:E9:F4:E9:8E:1C,57180,572279924,0,0,NA,0,-164,-3896,274,-0.040039,-0.951172,0.066895,100,100,8,UNCALIBRATED_SENSOR_1,false,CALIBRATION_MISSING,CALIBRATION_MISSING,kx134_single_node_i2c.0.1.0,kx134.v3
kx134.v3,NODE_PROTOTYPE,1,KX134_SENSOR_1,sensor_node_1,D4:E9:F4:E9:8E:1C,57181,572289924,0,0,NA,0,-311,-3867,161,-0.075928,-0.944092,0.039307,100,100,8,UNCALIBRATED_SENSOR_1,false,CALIBRATION_MISSING,CALIBRATION_MISSING,kx134_single_node_i2c.0.1.0,kx134.v3
kx134.v3,NODE_PROTOTYPE,1,KX134_SENSOR_1,sensor_node_1,D4:E9:F4:E9:8E:1C,57182,572299924,0,0,NA,0,-368,-3966,159,-0.089844,-0.968262,0.038818,100,100,8,UNCALIBRATED_SENSOR_1,false,CALIBRATION_MISSING,CALIBRATION_MISSING,kx134_single_node_i2c.0.1.0,kx134.v3
kx134.v3,NODE_PROTOTYPE,1,KX134_SENSOR_1,sensor_node_1,D4:E9:F4:E9:8E:1C,57183,572309925,0,0,NA,0,-354,-3973,187,-0.086426,-0.969971,0.045654,100,100,8,UNCALIBRATED_SENSOR_1,false,CALIBRATION_MISSING,CALIBRATION_MISSING,kx134_single_node_i2c.0.1.0,kx134.v3
kx134.v3,NODE_PROTOTYPE,1,KX134_SENSOR_1,sensor_node_1,D4:E9:F4:E9:8E:1C,57184,572319924,0,0,NA,0,-381,-3951,212,-0.093018,-0.964600,0.051758,100,100,8,UNCALIBRATED_SENSOR_1,false,CALIBRATION_MISSING,CALIBRATION_MISSING,kx134_single_node_i2c.0.1.0,kx134.v3
kx134.v3,NODE_PROTOTYPE,1,KX134_SENSOR_1,sensor_node_1,D4:E9:F4:E9:8E:1C,57185,572329924,0,0,NA,0,-366,-3939,233,-0.089355,-0.961670,0.056885,100,100,8,UNCALIBRATED_SENSOR_1,false,CALIBRATION_MISSING,CALIBRATION_MISSING,kx134_single_node_i2c.0.1.0,kx134.v3
kx134.v3,NODE_PROTOTYPE,1,KX134_SENSOR_1,sensor_node_1,D4:E9:F4:E9:8E:1C,57186,572339924,0,0,NA,0,-383,-3910,232,-0.093506,-0.954590,0.056641,100,100,8,UNCALIBRATED_SENSOR_1,false,CALIBRATION_MISSING,CALIBRATION_MISSING,kx134_single_node_i2c.0.1.0,kx134.v3
kx134.v3,NODE_PROTOTYPE,1,KX134_SENSOR_1,sensor_node_1,D4:E9:F4:E9:8E:1C,57187,572349924,0,0,NA,0,-373,-3915,258,-0.091064,-0.955811,0.062988,100,100,8,UNCALIBRATED_SENSOR_1,false,CALIBRATION_MISSING,CALIBRATION_MISSING,kx134_single_node_i2c.0.1.0,kx134.v3
kx134.v3,NODE_PROTOTYPE,1,KX134_SENSOR_1,sensor_node_1,D4:E9:F4:E9:8E:1C,57188,572359924,0,0,NA,0,-331,-3935,297,-0.080811,-0.960693,0.072510,100,100,8,UNCALIBRATED_SENSOR_1,false,CALIBRATION_MISSING,CALIBRATION_MISSING,kx134_single_node_i2c.0.1.0,kx134.v3
kx134.v3,NODE_PROTOTYPE,1,KX134_SENSOR_1,sensor_node_1,D4:E9:F4:E9:8E:1C,57189,572369925,0,0,NA,0,-311,-3929,298,-0.075928,-0.959229,0.072754,100,100,8,UNCALIBRATED_SENSOR_1,false,CALIBRATION_MISSING,CALIBRATION_MISSING,kx134_single_node_i2c.0.1.0,kx134.v3
kx134.v3,NODE_PROTOTYPE,1,KX134_SENSOR_1,sensor_node_1,D4:E9:F4:E9:8E:1C,57190,572379924,0,0,NA,0,-304,-3944,297,-0.074219,-0.962891,0.072510,100,100,8,UNCALIBRATED_SENSOR_1,false,CALIBRATION_MISSING,CALIBRATION_MISSING,kx134_single_node_i2c.0.1.0,kx134.v3
kx134.v3,NODE_PROTOTYPE,1,KX134_SENSOR_1,sensor_node_1,D4:E9:F4:E9:8E:1C,57191,572389925,0,0,NA,0,-294,-3968,274,-0.071777,-0.968750,0.066895,100,100,8,UNCALIBRATED_SENSOR_1,false,CALIBRATION_MISSING,CALIBRATION_MISSING,kx134_single_node_i2c.0.1.0,kx134.v3
kx134.v3,NODE_PROTOTYPE,1,KX134_SENSOR_1,sensor_node_1,D4:E9:F4:E9:8E:1C,57192,572399925,0,0,NA,0,-284,-4001,269,-0.069336,-0.976807,0.065674,100,100,8,UNCALIBRATED_SENSOR_1,false,CALIBRATION_MISSING,CALIBRATION_MISSING,kx134_single_node_i2c.0.1.0,kx134.v3
kx134.v3,NODE_PROTOTYPE,1,KX134_SENSOR_1,sensor_node_1,D4:E9:F4:E9:8E:1C,57193,572409925,0,0,NA,0,-303,-4006,298,-0.073975,-0.978027,0.072754,100,100,8,UNCALIBRATED_SENSOR_1,false,CALIBRATION_MISSING,CALIBRATION_MISSING,kx134_single_node_i2c.0.1.0,kx134.v3
kx134.v3,NODE_PROTOTYPE,1,KX134_SENSOR_1,sensor_node_1,D4:E9:F4:E9:8E:1C,57194,572419925,0,0,NA,0,-316,-3983,320,-0.077148,-0.972412,0.078125,100,100,8,UNCALIBRATED_SENSOR_1,false,CALIBRATION_MISSING,CALIBRATION_MISSING,kx134_single_node_i2c.0.1.0,kx134.v3
kx134.v3,NODE_PROTOTYPE,1,KX134_SENSOR_1,sensor_node_1,D4:E9:F4:E9:8E:1C,57195,572429925,0,0,NA,0,-316,-4001,365,-0.077148,-0.976807,0.089111,100,100,8,UNCALIBRATED_SENSOR_1,false,CALIBRATION_MISSING,CALIBRATION_MISSING,kx134_single_node_i2c.0.1.0,kx134.v3
kx134.v3,NODE_PROTOTYPE,1,KX134_SENSOR_1,sensor_node_1,D4:E9:F4:E9:8E:1C,57196,572439925,0,0,NA,0,-336,-4008,360,-0.082031,-0.978516,0.087891,100,100,8,UNCALIBRATED_SENSOR_1,false,CALIBRATION_MISSING,CALIBRATION_MISSING,kx134_single_node_i2c.0.1.0,kx134.v3
kx134.v3,NODE_PROTOTYPE,1,KX134_SENSOR_1,sensor_node_1,D4:E9:F4:E9:8E:1C,57197,572449925,0,0,NA,0,-341,-3979,319,-0.083252,-0.971436,0.077881,100,100,8,UNCALIBRATED_SENSOR_1,false,CALIBRATION_MISSING,CALIBRATION_MISSING,kx134_single_node_i2c.0.1.0,kx134.v3
kx134.v3,NODE_PROTOTYPE,1,KX134_SENSOR_1,sensor_node_1,D4:E9:F4:E9:8E:1C,57198,572459925,0,0,NA,0,-333,-3944,311,-0.081299,-0.962891,0.075928,100,100,8,UNCALIBRATED_SENSOR_1,false,CALIBRATION_MISSING,CALIBRATION_MISSING,kx134_single_node_i2c.0.1.0,kx134.v3
kx134.v3,NODE_PROTOTYPE,1,KX134_SENSOR_1,sensor_node_1,D4:E9:F4:E9:8E:1C,57199,572469924,0,0,NA,0,-341,-3947,298,-0.083252,-0.963623,0.072754,100,100,8,UNCALIBRATED_SENSOR_1,false,CALIBRATION_MISSING,CALIBRATION_MISSING,kx134_single_node_i2c.0.1.0,kx134.v3
kx134.v3,NODE_PROTOTYPE,1,KX134_SENSOR_1,sensor_node_1,D4:E9:F4:E9:8E:1C,57200,572479925,0,0,NA,0,-331,-3991,264,-0.080811,-0.974365,0.064453,100,100,8,UNCALIBRATED_SENSOR_1,false,CALIBRATION_MISSING,CALIBRATION_MISSING,kx134_single_node_i2c.0.1.0,kx134.v3
kx134.v3,NODE_PROTOTYPE,1,KX134_SENSOR_1,sensor_node_1,D4:E9:F4:E9:8E:1C,57201,572489924,0,0,NA,0,-340,-4014,243,-0.083008,-0.979980,0.059326,100,100,8,UNCALIBRATED_SENSOR_1,false,CALIBRATION_MISSING,CALIBRATION_MISSING,kx134_single_node_i2c.0.1.0,kx134.v3
kx134.v3,NODE_PROTOTYPE,1,KX134_SENSOR_1,sensor_node_1,D4:E9:F4:E9:8E:1C,57202,572499925,0,0,NA,0,-368,-4023,251,-0.089844,-0.982178,0.061279,100,100,8,UNCALIBRATED_SENSOR_1,false,CALIBRATION_MISSING,CALIBRATION_MISSING,kx134_single_node_i2c.0.1.0,kx134.v3
kx134.v3,NODE_PROTOTYPE,1,KX134_SENSOR_1,sensor_node_1,D4:E9:F4:E9:8E:1C,57203,572509924,0,0,NA,0,-381,-4021,268,-0.093018,-0.981689,0.065430,100,100,8,UNCALIBRATED_SENSOR_1,false,CALIBRATION_MISSING,CALIBRATION_MISSING,kx134_single_node_i2c.0.1.0,kx134.v3
kx134.v3,NODE_PROTOTYPE,1,KX134_SENSOR_1,sensor_node_1,D4:E9:F4:E9:8E:1C,57204,572519925,0,0,NA,0,-411,-3979,262,-0.100342,-0.971436,0.063965,100,100,8,UNCALIBRATED_SENSOR_1,false,CALIBRATION_MISSING,CALIBRATION_MISSING,kx134_single_node_i2c.0.1.0,kx134.v3
kx134.v3,NODE_PROTOTYPE,1,KX134_SENSOR_1,sensor_node_1,D4:E9:F4:E9:8E:1C,57205,572529925,0,0,NA,0,-407,-3961,226,-0.099365,-0.967041,0.055176,100,100,8,UNCALIBRATED_SENSOR_1,false,CALIBRATION_MISSING,CALIBRATION_MISSING,kx134_single_node_i2c.0.1.0,kx134.v3
kx134.v3,NODE_PROTOTYPE,1,KX134_SENSOR_1,sensor_node_1,D4:E9:F4:E9:8E:1C,57206,572539925,0,0,NA,0,-374,-3977,252,-0.091309,-0.970947,0.061523,100,100,8,UNCALIBRATED_SENSOR_1,false,CALIBRATION_MISSING,CALIBRATION_MISSING,kx134_single_node_i2c.0.1.0,kx134.v3
kx134.v3,NODE_PROTOTYPE,1,KX134_SENSOR_1,sensor_node_1,D4:E9:F4:E9:8E:1C,57207,572549925,0,0,NA,0,-361,-3991,304,-0.088135,-0.974365,0.074219,100,100,8,UNCALIBRATED_SENSOR_1,false,CALIBRATION_MISSING,CALIBRATION_MISSING,kx134_single_node_i2c.0.1.0,kx134.v3
kx134.v3,NODE_PROTOTYPE,1,KX134_SENSOR_1,sensor_node_1,D4:E9:F4:E9:8E:1C,57208,572559925,0,0,NA,0,-335,-3981,274,-0.081787,-0.971924,0.066895,100,100,8,UNCALIBRATED_SENSOR_1,false,CALIBRATION_MISSING,CALIBRATION_MISSING,kx134_single_node_i2c.0.1.0,kx134.v3
kx134.v3,NODE_PROTOTYPE,1,KX134_SENSOR_1,sensor_node_1,D4:E9:F4:E9:8E:1C,57209,572569924,0,0,NA,0,-345,-3959,236,-0.084229,-0.966553,0.057617,100,100,8,UNCALIBRATED_SENSOR_1,false,CALIBRATION_MISSING,CALIBRATION_MISSING,kx134_single_node_i2c.0.1.0,kx134.v3
kx134.v3,NODE_PROTOTYPE,1,KX134_SENSOR_1,sensor_node_1,D4:E9:F4:E9:8E:1C,57210,572579924,0,0,NA,0,-355,-3963,255,-0.086670,-0.967529,0.062256,100,100,8,UNCALIBRATED_SENSOR_1,false,CALIBRATION_MISSING,CALIBRATION_MISSING,kx134_single_node_i2c.0.1.0,kx134.v3
kx134.v3,NODE_PROTOTYPE,1,KX134_SENSOR_1,sensor_node_1,D4:E9:F4:E9:8E:1C,57211,572589925,0,0,NA,0,-348,-3983,267,-0.084961,-0.972412,0.065186,100,100,8,UNCALIBRATED_SENSOR_1,false,CALIBRATION_MISSING,CALIBRATION_MISSING,kx134_single_node_i2c.0.1.0,kx134.v3
kx134.v3,NODE_PROTOTYPE,1,KX134_SENSOR_1,sensor_node_1,D4:E9:F4:E9:8E:1C,57212,572599925,0,0,NA,0,-347,-3999,252,-0.084717,-0.976318,0.061523,100,100,8,UNCALIBRATED_SENSOR_1,false,CALIBRATION_MISSING,CALIBRATION_MISSING,kx134_single_node_i2c.0.1.0,kx134.v3
kx134.v3,NODE_PROTOTYPE,1,KX134_SENSOR_1,sensor_node_1,D4:E9:F4:E9:8E:1C,57213,572609925,0,0,NA,0,-306,-3988,267,-0.074707,-0.973633,0.065186,100,100,8,UNCALIBRATED_SENSOR_1,false,CALIBRATION_MISSING,CALIBRATION_MISSING,kx134_single_node_i2c.0.1.0,kx134.v3
kx134.v3,NODE_PROTOTYPE,1,KX134_SENSOR_1,sensor_node_1,D4:E9:F4:E9:8E:1C,57214,572619925,0,0,NA,0,-270,-4008,302,-0.065918,-0.978516,0.073730,100,100,8,UNCALIBRATED_SENSOR_1,false,CALIBRATION_MISSING,CALIBRATION_MISSING,kx134_single_node_i2c.0.1.0,kx134.v3
kx134.v3,NODE_PROTOTYPE,1,KX134_SENSOR_1,sensor_node_1,D4:E9:F4:E9:8E:1C,57215,572629925,0,0,NA,0,-276,-4022,304,-0.067383,-0.981934,0.074219,100,100,8,UNCALIBRATED_SENSOR_1,false,CALIBRATION_MISSING,CALIBRATION_MISSING,kx134_single_node_i2c.0.1.0,kx134.v3
kx134.v3,NODE_PROTOTYPE,1,KX134_SENSOR_1,sensor_node_1,D4:E9:F4:E9:8E:1C,57216,572639924,0,0,NA,0,-306,-4019,298,-0.074707,-0.981201,0.072754,100,100,8,UNCALIBRATED_SENSOR_1,false,CALIBRATION_MISSING,CALIBRATION_MISSING,kx134_single_node_i2c.0.1.0,kx134.v3
kx134.v3,NODE_PROTOTYPE,1,KX134_SENSOR_1,sensor_node_1,D4:E9:F4:E9:8E:1C,57217,572649924,0,0,NA,0,-327,-4015,296,-0.079834,-0.980225,0.072266,100,100,8,UNCALIBRATED_SENSOR_1,false,CALIBRATION_MISSING,CALIBRATION_MISSING,kx134_single_node_i2c.0.1.0,kx134.v3
kx134.v3,NODE_PROTOTYPE,1,KX134_SENSOR_1,sensor_node_1,D4:E9:F4:E9:8E:1C,57218,572659925,0,0,NA,0,-299,-4037,340,-0.072998,-0.985596,0.083008,100,100,8,UNCALIBRATED_SENSOR_1,false,CALIBRATION_MISSING,CALIBRATION_MISSING,kx134_single_node_i2c.0.1.0,kx134.v3
kx134.v3,NODE_PROTOTYPE,1,KX134_SENSOR_1,sensor_node_1,D4:E9:F4:E9:8E:1C,57219,572669924,0,0,NA,0,-277,-4069,362,-0.067627,-0.993408,0.088379,100,100,8,UNCALIBRATED_SENSOR_1,false,CALIBRATION_MISSING,CALIBRATION_MISSING,kx134_single_node_i2c.0.1.0,kx134.v3
kx134.v3,NODE_PROTOTYPE,1,KX134_SENSOR_1,sensor_node_1,D4:E9:F4:E9:8E:1C,57220,572679924,0,0,NA,0,-322,-4047,327,-0.078613,-0.988037,0.079834,100,100,8,UNCALIBRATED_SENSOR_1,false,CALIBRATION_MISSING,CALIBRATION_MISSING,kx134_single_node_i2c.0.1.0,kx134.v3
kx134.v3,NODE_PROTOTYPE,1,KX134_SENSOR_1,sensor_node_1,D4:E9:F4:E9:8E:1C,57221,572689925,0,0,NA,0,-364,-4027,297,-0.088867,-0.983154,0.072510,100,100,8,UNCALIBRATED_SENSOR_1,false,CALIBRATION_MISSING,CALIBRATION_MISSING,kx134_single_node_i2c.0.1.0,kx134.v3
kx134.v3,NODE_PROTOTYPE,1,KX134_SENSOR_1,sensor_node_1,D4:E9:F4:E9:8E:1C,57222,572699925,0,0,NA,0,-379,-4005,276,-0.092529,-0.977783,0.067383,100,100,8,UNCALIBRATED_SENSOR_1,false,CALIBRATION_MISSING,CALIBRATION_MISSING,kx134_single_node_i2c.0.1.0,kx134.v3
kx134.v3,NODE_PROTOTYPE,1,KX134_SENSOR_1,sensor_node_1,D4:E9:F4:E9:8E:1C,57223,572709925,0,0,NA,0,-371,-3973,281,-0.090576,-0.969971,0.068604,100,100,8,UNCALIBRATED_SENSOR_1,false,CALIBRATION_MISSING,CALIBRATION_MISSING,kx134_single_node_i2c.0.1.0,kx134.v3
kx134.v3,NODE_PROTOTYPE,1,KX134_SENSOR_1,sensor_node_1,D4:E9:F4:E9:8E:1C,57224,572719925,0,0,NA,0,-365,-3938,279,-0.089111,-0.961426,0.068115,100,100,8,UNCALIBRATED_SENSOR_1,false,CALIBRATION_MISSING,CALIBRATION_MISSING,kx134_single_node_i2c.0.1.0,kx134.v3
kx134.v3,NODE_PROTOTYPE,1,KX134_SENSOR_1,sensor_node_1,D4:E9:F4:E9:8E:1C,57225,572729924,0,0,NA,0,-371,-3924,282,-0.090576,-0.958008,0.068848,100,100,8,UNCALIBRATED_SENSOR_1,false,CALIBRATION_MISSING,CALIBRATION_MISSING,kx134_single_node_i2c.0.1.0,kx134.v3
kx134.v3,NODE_PROTOTYPE,1,KX134_SENSOR_1,sensor_node_1,D4:E9:F4:E9:8E:1C,57226,572739925,0,0,NA,0,-351,-3940,308,-0.085693,-0.961914,0.075195,100,100,8,UNCALIBRATED_SENSOR_1,false,CALIBRATION_MISSING,CALIBRATION_MISSING,kx134_single_node_i2c.0.1.0,kx134.v3
kx134.v3,NODE_PROTOTYPE,1,KX134_SENSOR_1,sensor_node_1,D4:E9:F4:E9:8E:1C,57227,572749924,0,0,NA,0,-294,-4040,348,-0.071777,-0.986328,0.084961,100,100,8,UNCALIBRATED_SENSOR_1,false,CALIBRATION_MISSING,CALIBRATION_MISSING,kx134_single_node_i2c.0.1.0,kx134.v3
kx134.v3,NODE_PROTOTYPE,1,KX134_SENSOR_1,sensor_node_1,D4:E9:F4:E9:8E:1C,57228,572759925,0,0,NA,0,-267,-4088,358,-0.065186,-0.998047,0.087402,100,100,8,UNCALIBRATED_SENSOR_1,false,CALIBRATION_MISSING,CALIBRATION_MISSING,kx134_single_node_i2c.0.1.0,kx134.v3
kx134.v3,NODE_PROTOTYPE,1,KX134_SENSOR_1,sensor_node_1,D4:E9:F4:E9:8E:1C,57229,572769925,0,0,NA,0,-304,-4032,307,-0.074219,-0.984375,0.074951,100,100,8,UNCALIBRATED_SENSOR_1,false,CALIBRATION_MISSING,CALIBRATION_MISSING,kx134_single_node_i2c.0.1.0,kx134.v3
kx134.v3,NODE_PROTOTYPE,1,KX134_SENSOR_1,sensor_node_1,D4:E9:F4:E9:8E:1C,57230,572779924,0,0,NA,0,-342,-4010,276,-0.083496,-0.979004,0.067383,100,100,8,UNCALIBRATED_SENSOR_1,false,CALIBRATION_MISSING,CALIBRATION_MISSING,kx134_single_node_i2c.0.1.0,kx134.v3
kx134.v3,NODE_PROTOTYPE,1,KX134_SENSOR_1,sensor_node_1,D4:E9:F4:E9:8E:1C,57231,572789924,0,0,NA,0,-338,-3994,288,-0.082520,-0.975098,0.070312,100,100,8,UNCALIBRATED_SENSOR_1,false,CALIBRATION_MISSING,CALIBRATION_MISSING,kx134_single_node_i2c.0.1.0,kx134.v3
kx134.v3,NODE_PROTOTYPE,1,KX134_SENSOR_1,sensor_node_1,D4:E9:F4:E9:8E:1C,57232,572799925,0,0,NA,0,-276,-4022,294,-0.067383,-0.981934,0.071777,100,100,8,UNCALIBRATED_SENSOR_1,false,CALIBRATION_MISSING,CALIBRATION_MISSING,kx134_single_node_i2c.0.1.0,kx134.v3
kx134.v3,NODE_PROTOTYPE,1,KX134_SENSOR_1,sensor_node_1,D4:E9:F4:E9:8E:1C,57233,572809924,0,0,NA,0,-267,-4036,290,-0.065186,-0.985352,0.070801,100,100,8,UNCALIBRATED_SENSOR_1,false,CALIBRATION_MISSING,CALIBRATION_MISSING,kx134_single_node_i2c.0.1.0,kx134.v3
kx134.v3,NODE_PROTOTYPE,1,KX134_SENSOR_1,sensor_node_1,D4:E9:F4:E9:8E:1C,57234,572819924,0,0,NA,0,-304,-3999,280,-0.074219,-0.976318,0.068359,100,100,8,UNCALIBRATED_SENSOR_1,false,CALIBRATION_MISSING,CALIBRATION_MISSING,kx134_single_node_i2c.0.1.0,kx134.v3
kx134.v3,NODE_PROTOTYPE,1,KX134_SENSOR_1,sensor_node_1,D4:E9:F4:E9:8E:1C,57235,572829925,0,0,NA,0,-321,-3984,272,-0.078369,-0.972656,0.066406,100,100,8,UNCALIBRATED_SENSOR_1,false,CALIBRATION_MISSING,CALIBRATION_MISSING,kx134_single_node_i2c.0.1.0,kx134.v3
kx134.v3,NODE_PROTOTYPE,1,KX134_SENSOR_1,sensor_node_1,D4:E9:F4:E9:8E:1C,57236,572839925,0,0,NA,0,-310,-3985,278,-0.075684,-0.972900,0.067871,100,100,8,UNCALIBRATED_SENSOR_1,false,CALIBRATION_MISSING,CALIBRATION_MISSING,kx134_single_node_i2c.0.1.0,kx134.v3
kx134.v3,NODE_PROTOTYPE,1,KX134_SENSOR_1,sensor_node_1,D4:E9:F4:E9:8E:1C,57237,572849925,0,0,NA,0,-320,-3984,271,-0.078125,-0.972656,0.066162,100,100,8,UNCALIBRATED_SENSOR_1,false,CALIBRATION_MISSING,CALIBRATION_MISSING,kx134_single_node_i2c.0.1.0,kx134.v3
kx134.v3,NODE_PROTOTYPE,1,KX134_SENSOR_1,sensor_node_1,D4:E9:F4:E9:8E:1C,57238,572859925,0,0,NA,0,-329,-3983,260,-0.080322,-0.972412,0.063477,100,100,8,UNCALIBRATED_SENSOR_1,false,CALIBRATION_MISSING,CALIBRATION_MISSING,kx134_single_node_i2c.0.1.0,kx134.v3
kx134.v3,NODE_PROTOTYPE,1,KX134_SENSOR_1,sensor_node_1,D4:E9:F4:E9:8E:1C,57239,572869925,0,0,NA,0,-321,-3954,254,-0.078369,-0.965332,0.062012,100,100,8,UNCALIBRATED_SENSOR_1,false,CALIBRATION_MISSING,CALIBRATION_MISSING,kx134_single_node_i2c.0.1.0,kx134.v3
kx134.v3,NODE_PROTOTYPE,1,KX134_SENSOR_1,sensor_node_1,D4:E9:F4:E9:8E:1C,57240,572879925,0,0,NA,0,-331,-3904,262,-0.080811,-0.953125,0.063965,100,100,8,UNCALIBRATED_SENSOR_1,false,CALIBRATION_MISSING,CALIBRATION_MISSING,kx134_single_node_i2c.0.1.0,kx134.v3
kx134.v3,NODE_PROTOTYPE,1,KX134_SENSOR_1,sensor_node_1,D4:E9:F4:E9:8E:1C,57241,572889925,0,0,NA,0,-306,-3936,277,-0.074707,-0.960937,0.067627,100,100,8,UNCALIBRATED_SENSOR_1,false,CALIBRATION_MISSING,CALIBRATION_MISSING,kx134_single_node_i2c.0.1.0,kx134.v3
kx134.v3,NODE_PROTOTYPE,1,KX134_SENSOR_1,sensor_node_1,D4:E9:F4:E9:8E:1C,57242,572899924,0,0,NA,0,-280,-3976,278,-0.068359,-0.970703,0.067871,100,100,8,UNCALIBRATED_SENSOR_1,false,CALIBRATION_MISSING,CALIBRATION_MISSING,kx134_single_node_i2c.0.1.0,kx134.v3
kx134.v3,NODE_PROTOTYPE,1,KX134_SENSOR_1,sensor_node_1,D4:E9:F4:E9:8E:1C,57243,572909924,0,0,NA,0,-297,-3974,271,-0.072510,-0.970215,0.066162,100,100,8,UNCALIBRATED_SENSOR_1,false,CALIBRATION_MISSING,CALIBRATION_MISSING,kx134_single_node_i2c.0.1.0,kx134.v3
kx134.v3,NODE_PROTOTYPE,1,KX134_SENSOR_1,sensor_node_1,D4:E9:F4:E9:8E:1C,57244,572919924,0,0,NA,0,-321,-3964,298,-0.078369,-0.967773,0.072754,100,100,8,UNCALIBRATED_SENSOR_1,false,CALIBRATION_MISSING,CALIBRATION_MISSING,kx134_single_node_i2c.0.1.0,kx134.v3
kx134.v3,NODE_PROTOTYPE,1,KX134_SENSOR_1,sensor_node_1,D4:E9:F4:E9:8E:1C,57245,572929924,0,0,NA,0,-314,-3959,307,-0.076660,-0.966553,0.074951,100,100,8,UNCALIBRATED_SENSOR_1,false,CALIBRATION_MISSING,CALIBRATION_MISSING,kx134_single_node_i2c.0.1.0,kx134.v3
kx134.v3,NODE_PROTOTYPE,1,KX134_SENSOR_1,sensor_node_1,D4:E9:F4:E9:8E:1C,57246,572939924,0,0,NA,0,-325,-3966,282,-0.079346,-0.968262,0.068848,100,100,8,UNCALIBRATED_SENSOR_1,false,CALIBRATION_MISSING,CALIBRATION_MISSING,kx134_single_node_i2c.0.1.0,kx134.v3
kx134.v3,NODE_PROTOTYPE,1,KX134_SENSOR_1,sensor_node_1,D4:E9:F4:E9:8E:1C,57247,572949925,0,0,NA,0,-355,-3934,264,-0.086670,-0.960449,0.064453,100,100,8,UNCALIBRATED_SENSOR_1,false,CALIBRATION_MISSING,CALIBRATION_MISSING,kx134_single_node_i2c.0.1.0,kx134.v3
kx134.v3,NODE_PROTOTYPE,1,KX134_SENSOR_1,sensor_node_1,D4:E9:F4:E9:8E:1C,57248,572959925,0,0,NA,0,-360,-3905,248,-0.087891,-0.953369,0.060547,100,100,8,UNCALIBRATED_SENSOR_1,false,CALIBRATION_MISSING,CALIBRATION_MISSING,kx134_single_node_i2c.0.1.0,kx134.v3
kx134.v3,NODE_PROTOTYPE,1,KX134_SENSOR_1,sensor_node_1,D4:E9:F4:E9:8E:1C,57249,572969925,0,0,NA,0,-353,-3928,268,-0.086182,-0.958984,0.065430,100,100,8,UNCALIBRATED_SENSOR_1,false,CALIBRATION_MISSING,CALIBRATION_MISSING,kx134_single_node_i2c.0.1.0,kx134.v3
kx134.v3,NODE_PROTOTYPE,1,KX134_SENSOR_1,sensor_node_1,D4:E9:F4:E9:8E:1C,57250,572979925,0,0,NA,0,-330,-3965,274,-0.080566,-0.968018,0.066895,100,100,8,UNCALIBRATED_SENSOR_1,false,CALIBRATION_MISSING,CALIBRATION_MISSING,kx134_single_node_i2c.0.1.0,kx134.v3
kx134.v3,NODE_PROTOTYPE,1,KX134_SENSOR_1,sensor_node_1,D4:E9:F4:E9:8E:1C,57251,572989925,0,0,NA,0,-325,-3976,275,-0.079346,-0.970703,0.067139,100,100,8,UNCALIBRATED_SENSOR_1,false,CALIBRATION_MISSING,CALIBRATION_MISSING,kx134_single_node_i2c.0.1.0,kx134.v3
kx134.v3,NODE_PROTOTYPE,1,KX134_SENSOR_1,sensor_node_1,D4:E9:F4:E9:8E:1C,57252,572999925,0,0,NA,0,-344,-3975,268,-0.083984,-0.970459,0.065430,100,100,8,UNCALIBRATED_SENSOR_1,false,CALIBRATION_MISSING,CALIBRATION_MISSING,kx134_single_node_i2c.0.1.0,kx134.v3
kx134.v3,NODE_PROTOTYPE,1,KX134_SENSOR_1,sensor_node_1,D4:E9:F4:E9:8E:1C,57253,573009924,0,0,NA,0,-352,-3987,256,-0.085937,-0.973389,0.062500,100,100,8,UNCALIBRATED_SENSOR_1,false,CALIBRATION_MISSING,CALIBRATION_MISSING,kx134_single_node_i2c.0.1.0,kx134.v3
kx134.v3,NODE_PROTOTYPE,1,KX134_SENSOR_1,sensor_node_1,D4:E9:F4:E9:8E:1C,57254,573019924,0,0,NA,0,-349,-4006,298,-0.085205,-0.978027,0.072754,100,100,8,UNCALIBRATED_SENSOR_1,false,CALIBRATION_MISSING,CALIBRATION_MISSING,kx134_single_node_i2c.0.1.0,kx134.v3
kx134.v3,NODE_PROTOTYPE,1,KX134_SENSOR_1,sensor_node_1,D4:E9:F4:E9:8E:1C,57255,573029925,0,0,NA,0,-339,-3995,320,-0.082764,-0.975342,0.078125,100,100,8,UNCALIBRATED_SENSOR_1,false,CALIBRATION_MISSING,CALIBRATION_MISSING,kx134_single_node_i2c.0.1.0,kx134.v3
kx134.v3,NODE_PROTOTYPE,1,KX134_SENSOR_1,sensor_node_1,D4:E9:F4:E9:8E:1C,57256,573039925,0,0,NA,0,-351,-3990,305,-0.085693,-0.974121,0.074463,100,100,8,UNCALIBRATED_SENSOR_1,false,CALIBRATION_MISSING,CALIBRATION_MISSING,kx134_single_node_i2c.0.1.0,kx134.v3
kx134.v3,NODE_PROTOTYPE,1,KX134_SENSOR_1,sensor_node_1,D4:E9:F4:E9:8E:1C,57257,573049924,0,0,NA,0,-363,-3975,303,-0.088623,-0.970459,0.073975,100,100,8,UNCALIBRATED_SENSOR_1,false,CALIBRATION_MISSING,CALIBRATION_MISSING,kx134_single_node_i2c.0.1.0,kx134.v3
kx134.v3,NODE_PROTOTYPE,1,KX134_SENSOR_1,sensor_node_1,D4:E9:F4:E9:8E:1C,57258,573059924,0,0,NA,0,-350,-3963,289,-0.085449,-0.967529,0.070557,100,100,8,UNCALIBRATED_SENSOR_1,false,CALIBRATION_MISSING,CALIBRATION_MISSING,kx134_single_node_i2c.0.1.0,kx134.v3
kx134.v3,NODE_PROTOTYPE,1,KX134_SENSOR_1,sensor_node_1,D4:E9:F4:E9:8E:1C,57259,573069924,0,0,NA,0,-355,-3968,264,-0.086670,-0.968750,0.064453,100,100,8,UNCALIBRATED_SENSOR_1,false,CALIBRATION_MISSING,CALIBRATION_MISSING,kx134_single_node_i2c.0.1.0,kx134.v3
kx134.v3,NODE_PROTOTYPE,1,KX134_SENSOR_1,sensor_node_1,D4:E9:F4:E9:8E:1C,57260,573079925,0,0,NA,0,-347,-3968,263,-0.084717,-0.968750,0.064209,100,100,8,UNCALIBRATED_SENSOR_1,false,CALIBRATION_MISSING,CALIBRATION_MISSING,kx134_single_node_i2c.0.1.0,kx134.v3
kx134.v3,NODE_PROTOTYPE,1,KX134_SENSOR_1,sensor_node_1,D4:E9:F4:E9:8E:1C,57261,573089924,0,0,NA,0,-338,-3977,272,-0.082520,-0.970947,0.066406,100,100,8,UNCALIBRATED_SENSOR_1,false,CALIBRATION_MISSING,CALIBRATION_MISSING,kx134_single_node_i2c.0.1.0,kx134.v3
kx134.v3,NODE_PROTOTYPE,1,KX134_SENSOR_1,sensor_node_1,D4:E9:F4:E9:8E:1C,57262,573099925,0,0,NA,0,-351,-3971,303,-0.085693,-0.969482,0.073975,100,100,8,UNCALIBRATED_SENSOR_1,false,CALIBRATION_MISSING,CALIBRATION_MISSING,kx134_single_node_i2c.0.1.0,kx134.v3
kx134.v3,NODE_PROTOTYPE,1,KX134_SENSOR_1,sensor_node_1,D4:E9:F4:E9:8E:1C,57263,573109924,0,0,NA,0,-332,-3988,312,-0.081055,-0.973633,0.076172,100,100,8,UNCALIBRATED_SENSOR_1,false,CALIBRATION_MISSING,CALIBRATION_MISSING,kx134_single_node_i2c.0.1.0,kx134.v3
kx134.v3,NODE_PROTOTYPE,1,KX134_SENSOR_1,sensor_node_1,D4:E9:F4:E9:8E:1C,57264,573119924,0,0,NA,0,-381,-3969,215,-0.093018,-0.968994,0.052490,100,100,8,UNCALIBRATED_SENSOR_1,false,CALIBRATION_MISSING,CALIBRATION_MISSING,kx134_single_node_i2c.0.1.0,kx134.v3
kx134.v3,NODE_PROTOTYPE,1,KX134_SENSOR_1,sensor_node_1,D4:E9:F4:E9:8E:1C,57265,573129925,0,0,NA,0,-381,-3969,215,-0.093018,-0.968994,0.052490,100,100,8,UNCALIBRATED_SENSOR_1,false,CALIBRATION_MISSING,CALIBRATION_MISSING,kx134_single_node_i2c.0.1.0,kx134.v3
kx134.v3,NODE_PROTOTYPE,1,KX134_SENSOR_1,sensor_node_1,D4:E9:F4:E9:8E:1C,57266,573139924,0,0,NA,0,-310,-4004,243,-0.075684,-0.977539,0.059326,100,100,8,UNCALIBRATED_SENSOR_1,false,CALIBRATION_MISSING,CALIBRATION_MISSING,kx134_single_node_i2c.0.1.0,kx134.v3
kx134.v3,NODE_PROTOTYPE,1,KX134_SENSOR_1,sensor_node_1,D4:E9:F4:E9:8E:1C,57267,573149924,0,0,NA,0,-214,-4126,384,-0.052246,-1.007324,0.093750,100,100,8,UNCALIBRATED_SENSOR_1,false,CALIBRATION_MISSING,CALIBRATION_MISSING,kx134_single_node_i2c.0.1.0,kx134.v3
kx134.v3,NODE_PROTOTYPE,1,KX134_SENSOR_1,sensor_node_1,D4:E9:F4:E9:8E:1C,57268,573159925,0,0,NA,0,-237,-4154,394,-0.057861,-1.014160,0.096191,100,100,8,UNCALIBRATED_SENSOR_1,false,CALIBRATION_MISSING,CALIBRATION_MISSING,kx134_single_node_i2c.0.1.0,kx134.v3
kx134.v3,NODE_PROTOTYPE,1,KX134_SENSOR_1,sensor_node_1,D4:E9:F4:E9:8E:1C,57269,573169925,0,0,NA,0,-250,-4057,268,-0.061035,-0.990479,0.065430,100,100,8,UNCALIBRATED_SENSOR_1,false,CALIBRATION_MISSING,CALIBRATION_MISSING,kx134_single_node_i2c.0.1.0,kx134.v3
kx134.v3,NODE_PROTOTYPE,1,KX134_SENSOR_1,sensor_node_1,D4:E9:F4:E9:8E:1C,57270,573179925,0,0,NA,0,-324,-4014,267,-0.079102,-0.979980,0.065186,100,100,8,UNCALIBRATED_SENSOR_1,false,CALIBRATION_MISSING,CALIBRATION_MISSING,kx134_single_node_i2c.0.1.0,kx134.v3
kx134.v3,NODE_PROTOTYPE,1,KX134_SENSOR_1,sensor_node_1,D4:E9:F4:E9:8E:1C,57271,573189925,0,0,NA,0,-295,-4055,368,-0.072021,-0.989990,0.089844,100,100,8,UNCALIBRATED_SENSOR_1,false,CALIBRATION_MISSING,CALIBRATION_MISSING,kx134_single_node_i2c.0.1.0,kx134.v3
kx134.v3,NODE_PROTOTYPE,1,KX134_SENSOR_1,sensor_node_1,D4:E9:F4:E9:8E:1C,57272,573199925,0,0,NA,0,-290,-4062,362,-0.070801,-0.991699,0.088379,100,100,8,UNCALIBRATED_SENSOR_1,false,CALIBRATION_MISSING,CALIBRATION_MISSING,kx134_single_node_i2c.0.1.0,kx134.v3
kx134.v3,NODE_PROTOTYPE,1,KX134_SENSOR_1,sensor_node_1,D4:E9:F4:E9:8E:1C,57273,573209925,0,0,NA,0,-340,-4045,327,-0.083008,-0.987549,0.079834,100,100,8,UNCALIBRATED_SENSOR_1,false,CALIBRATION_MISSING,CALIBRATION_MISSING,kx134_single_node_i2c.0.1.0,kx134.v3
kx134.v3,NODE_PROTOTYPE,1,KX134_SENSOR_1,sensor_node_1,D4:E9:F4:E9:8E:1C,57274,573219924,0,0,NA,0,-340,-4015,293,-0.083008,-0.980225,0.071533,100,100,8,UNCALIBRATED_SENSOR_1,false,CALIBRATION_MISSING,CALIBRATION_MISSING,kx134_single_node_i2c.0.1.0,kx134.v3
kx134.v3,NODE_PROTOTYPE,1,KX134_SENSOR_1,sensor_node_1,D4:E9:F4:E9:8E:1C,57275,573229925,0,0,NA,0,-351,-3997,293,-0.085693,-0.975830,0.071533,100,100,8,UNCALIBRATED_SENSOR_1,false,CALIBRATION_MISSING,CALIBRATION_MISSING,kx134_single_node_i2c.0.1.0,kx134.v3
kx134.v3,NODE_PROTOTYPE,1,KX134_SENSOR_1,sensor_node_1,D4:E9:F4:E9:8E:1C,57276,573239925,0,0,NA,0,-342,-3965,315,-0.083496,-0.968018,0.076904,100,100,8,UNCALIBRATED_SENSOR_1,false,CALIBRATION_MISSING,CALIBRATION_MISSING,kx134_single_node_i2c.0.1.0,kx134.v3
kx134.v3,NODE_PROTOTYPE,1,KX134_SENSOR_1,sensor_node_1,D4:E9:F4:E9:8E:1C,57277,573249924,0,0,NA,0,-357,-3952,334,-0.087158,-0.964844,0.081543,100,100,8,UNCALIBRATED_SENSOR_1,false,CALIBRATION_MISSING,CALIBRATION_MISSING,kx134_single_node_i2c.0.1.0,kx134.v3
kx134.v3,NODE_PROTOTYPE,1,KX134_SENSOR_1,sensor_node_1,D4:E9:F4:E9:8E:1C,57278,573259925,0,0,NA,0,-355,-3953,338,-0.086670,-0.965088,0.082520,100,100,8,UNCALIBRATED_SENSOR_1,false,CALIBRATION_MISSING,CALIBRATION_MISSING,kx134_single_node_i2c.0.1.0,kx134.v3
kx134.v3,NODE_PROTOTYPE,1,KX134_SENSOR_1,sensor_node_1,D4:E9:F4:E9:8E:1C,57279,573269925,0,0,NA,0,-336,-3986,295,-0.082031,-0.973145,0.072021,100,100,8,UNCALIBRATED_SENSOR_1,false,CALIBRATION_MISSING,CALIBRATION_MISSING,kx134_single_node_i2c.0.1.0,kx134.v3
kx134.v3,NODE_PROTOTYPE,1,KX134_SENSOR_1,sensor_node_1,D4:E9:F4:E9:8E:1C,57280,573279924,0,0,NA,0,-354,-4005,272,-0.086426,-0.977783,0.066406,100,100,8,UNCALIBRATED_SENSOR_1,false,CALIBRATION_MISSING,CALIBRATION_MISSING,kx134_single_node_i2c.0.1.0,kx134.v3
kx134.v3,NODE_PROTOTYPE,1,KX134_SENSOR_1,sensor_node_1,D4:E9:F4:E9:8E:1C,57281,573289924,0,0,NA,0,-367,-3989,301,-0.089600,-0.973877,0.073486,100,100,8,UNCALIBRATED_SENSOR_1,false,CALIBRATION_MISSING,CALIBRATION_MISSING,kx134_single_node_i2c.0.1.0,kx134.v3
kx134.v3,NODE_PROTOTYPE,1,KX134_SENSOR_1,sensor_node_1,D4:E9:F4:E9:8E:1C,57282,573299925,0,0,NA,0,-352,-3987,311,-0.085937,-0.973389,0.075928,100,100,8,UNCALIBRATED_SENSOR_1,false,CALIBRATION_MISSING,CALIBRATION_MISSING,kx134_single_node_i2c.0.1.0,kx134.v3
kx134.v3,NODE_PROTOTYPE,1,KX134_SENSOR_1,sensor_node_1,D4:E9:F4:E9:8E:1C,57283,573309924,0,0,NA,0,-326,-3980,292,-0.079590,-0.971680,0.071289,100,100,8,UNCALIBRATED_SENSOR_1,false,CALIBRATION_MISSING,CALIBRATION_MISSING,kx134_single_node_i2c.0.1.0,kx134.v3
kx134.v3,NODE_PROTOTYPE,1,KX134_SENSOR_1,sensor_node_1,D4:E9:F4:E9:8E:1C,57284,573319924,0,0,NA,0,-333,-3962,256,-0.081299,-0.967285,0.062500,100,100,8,UNCALIBRATED_SENSOR_1,false,CALIBRATION_MISSING,CALIBRATION_MISSING,kx134_single_node_i2c.0.1.0,kx134.v3
kx134.v3,NODE_PROTOTYPE,1,KX134_SENSOR_1,sensor_node_1,D4:E9:F4:E9:8E:1C,57285,573329924,0,0,NA,0,-368,-3926,228,-0.089844,-0.958496,0.055664,100,100,8,UNCALIBRATED_SENSOR_1,false,CALIBRATION_MISSING,CALIBRATION_MISSING,kx134_single_node_i2c.0.1.0,kx134.v3
kx134.v3,NODE_PROTOTYPE,1,KX134_SENSOR_1,sensor_node_1,D4:E9:F4:E9:8E:1C,57286,573339925,0,0,NA,0,-374,-3938,246,-0.091309,-0.961426,0.060059,100,100,8,UNCALIBRATED_SENSOR_1,false,CALIBRATION_MISSING,CALIBRATION_MISSING,kx134_single_node_i2c.0.1.0,kx134.v3
kx134.v3,NODE_PROTOTYPE,1,KX134_SENSOR_1,sensor_node_1,D4:E9:F4:E9:8E:1C,57287,573349925,0,0,NA,0,-345,-3957,288,-0.084229,-0.966064,0.070312,100,100,8,UNCALIBRATED_SENSOR_1,false,CALIBRATION_MISSING,CALIBRATION_MISSING,kx134_single_node_i2c.0.1.0,kx134.v3
kx134.v3,NODE_PROTOTYPE,1,KX134_SENSOR_1,sensor_node_1,D4:E9:F4:E9:8E:1C,57288,573359925,0,0,NA,0,-301,-3968,293,-0.073486,-0.968750,0.071533,100,100,8,UNCALIBRATED_SENSOR_1,false,CALIBRATION_MISSING,CALIBRATION_MISSING,kx134_single_node_i2c.0.1.0,kx134.v3
kx134.v3,NODE_PROTOTYPE,1,KX134_SENSOR_1,sensor_node_1,D4:E9:F4:E9:8E:1C,57289,573369925,0,0,NA,0,-259,-4017,308,-0.063232,-0.980713,0.075195,100,100,8,UNCALIBRATED_SENSOR_1,false,CALIBRATION_MISSING,CALIBRATION_MISSING,kx134_single_node_i2c.0.1.0,kx134.v3
kx134.v3,NODE_PROTOTYPE,1,KX134_SENSOR_1,sensor_node_1,D4:E9:F4:E9:8E:1C,57290,573379925,0,0,NA,0,-276,-4023,343,-0.067383,-0.982178,0.083740,100,100,8,UNCALIBRATED_SENSOR_1,false,CALIBRATION_MISSING,CALIBRATION_MISSING,kx134_single_node_i2c.0.1.0,kx134.v3
kx134.v3,NODE_PROTOTYPE,1,KX134_SENSOR_1,sensor_node_1,D4:E9:F4:E9:8E:1C,57291,573389925,0,0,NA,0,-331,-4012,317,-0.080811,-0.979492,0.077393,100,100,8,UNCALIBRATED_SENSOR_1,false,CALIBRATION_MISSING,CALIBRATION_MISSING,kx134_single_node_i2c.0.1.0,kx134.v3
kx134.v3,NODE_PROTOTYPE,1,KX134_SENSOR_1,sensor_node_1,D4:E9:F4:E9:8E:1C,57292,573399925,0,0,NA,0,-338,-3984,274,-0.082520,-0.972656,0.066895,100,100,8,UNCALIBRATED_SENSOR_1,false,CALIBRATION_MISSING,CALIBRATION_MISSING,kx134_single_node_i2c.0.1.0,kx134.v3
kx134.v3,NODE_PROTOTYPE,1,KX134_SENSOR_1,sensor_node_1,D4:E9:F4:E9:8E:1C,57293,573409925,0,0,NA,0,-324,-3976,253,-0.079102,-0.970703,0.061768,100,100,8,UNCALIBRATED_SENSOR_1,false,CALIBRATION_MISSING,CALIBRATION_MISSING,kx134_single_node_i2c.0.1.0,kx134.v3
kx134.v3,NODE_PROTOTYPE,1,KX134_SENSOR_1,sensor_node_1,D4:E9:F4:E9:8E:1C,57294,573419925,0,0,NA,0,-307,-4025,273,-0.074951,-0.982666,0.066650,100,100,8,UNCALIBRATED_SENSOR_1,false,CALIBRATION_MISSING,CALIBRATION_MISSING,kx134_single_node_i2c.0.1.0,kx134.v3
kx134.v3,NODE_PROTOTYPE,1,KX134_SENSOR_1,sensor_node_1,D4:E9:F4:E9:8E:1C,57295,573429925,0,0,NA,0,-325,-4016,286,-0.079346,-0.980469,0.069824,100,100,8,UNCALIBRATED_SENSOR_1,false,CALIBRATION_MISSING,CALIBRATION_MISSING,kx134_single_node_i2c.0.1.0,kx134.v3
kx134.v3,NODE_PROTOTYPE,1,KX134_SENSOR_1,sensor_node_1,D4:E9:F4:E9:8E:1C,57296,573439924,0,0,NA,0,-351,-3965,292,-0.085693,-0.968018,0.071289,100,100,8,UNCALIBRATED_SENSOR_1,false,CALIBRATION_MISSING,CALIBRATION_MISSING,kx134_single_node_i2c.0.1.0,kx134.v3
kx134.v3,NODE_PROTOTYPE,1,KX134_SENSOR_1,sensor_node_1,D4:E9:F4:E9:8E:1C,57297,573449925,0,0,NA,0,-315,-3967,294,-0.076904,-0.968506,0.071777,100,100,8,UNCALIBRATED_SENSOR_1,false,CALIBRATION_MISSING,CALIBRATION_MISSING,kx134_single_node_i2c.0.1.0,kx134.v3
kx134.v3,NODE_PROTOTYPE,1,KX134_SENSOR_1,sensor_node_1,D4:E9:F4:E9:8E:1C,57298,573459925,0,0,NA,0,-302,-3995,297,-0.073730,-0.975342,0.072510,100,100,8,UNCALIBRATED_SENSOR_1,false,CALIBRATION_MISSING,CALIBRATION_MISSING,kx134_single_node_i2c.0.1.0,kx134.v3
kx134.v3,NODE_PROTOTYPE,1,KX134_SENSOR_1,sensor_node_1,D4:E9:F4:E9:8E:1C,57299,573469925,0,0,NA,0,-315,-4014,327,-0.076904,-0.979980,0.079834,100,100,8,UNCALIBRATED_SENSOR_1,false,CALIBRATION_MISSING,CALIBRATION_MISSING,kx134_single_node_i2c.0.1.0,kx134.v3
kx134.v3,NODE_PROTOTYPE,1,KX134_SENSOR_1,sensor_node_1,D4:E9:F4:E9:8E:1C,57300,573479925,0,0,NA,0,-317,-4035,317,-0.077393,-0.985107,0.077393,100,100,8,UNCALIBRATED_SENSOR_1,false,CALIBRATION_MISSING,CALIBRATION_MISSING,kx134_single_node_i2c.0.1.0,kx134.v3
kx134.v3,NODE_PROTOTYPE,1,KX134_SENSOR_1,sensor_node_1,D4:E9:F4:E9:8E:1C,57301,573489925,0,0,NA,0,-344,-4034,300,-0.083984,-0.984863,0.073242,100,100,8,UNCALIBRATED_SENSOR_1,false,CALIBRATION_MISSING,CALIBRATION_MISSING,kx134_single_node_i2c.0.1.0,kx134.v3
kx134.v3,NODE_PROTOTYPE,1,KX134_SENSOR_1,sensor_node_1,D4:E9:F4:E9:8E:1C,57302,573499924,0,0,NA,0,-355,-4034,289,-0.086670,-0.984863,0.070557,100,100,8,UNCALIBRATED_SENSOR_1,false,CALIBRATION_MISSING,CALIBRATION_MISSING,kx134_single_node_i2c.0.1.0,kx134.v3
kx134.v3,NODE_PROTOTYPE,1,KX134_SENSOR_1,sensor_node_1,D4:E9:F4:E9:8E:1C,57303,573509925,0,0,NA,0,-389,-3978,250,-0.094971,-0.971191,0.061035,100,100,8,UNCALIBRATED_SENSOR_1,false,CALIBRATION_MISSING,CALIBRATION_MISSING,kx134_single_node_i2c.0.1.0,kx134.v3
kx134.v3,NODE_PROTOTYPE,1,KX134_SENSOR_1,sensor_node_1,D4:E9:F4:E9:8E:1C,57304,573519925,0,0,NA,0,-408,-3934,257,-0.099609,-0.960449,0.062744,100,100,8,UNCALIBRATED_SENSOR_1,false,CALIBRATION_MISSING,CALIBRATION_MISSING,kx134_single_node_i2c.0.1.0,kx134.v3
kx134.v3,NODE_PROTOTYPE,1,KX134_SENSOR_1,sensor_node_1,D4:E9:F4:E9:8E:1C,57305,573529924,0,0,NA,0,-373,-3964,287,-0.091064,-0.967773,0.070068,100,100,8,UNCALIBRATED_SENSOR_1,false,CALIBRATION_MISSING,CALIBRATION_MISSING,kx134_single_node_i2c.0.1.0,kx134.v3
kx134.v3,NODE_PROTOTYPE,1,KX134_SENSOR_1,sensor_node_1,D4:E9:F4:E9:8E:1C,57306,573539925,0,0,NA,0,-359,-3979,277,-0.087646,-0.971436,0.067627,100,100,8,UNCALIBRATED_SENSOR_1,false,CALIBRATION_MISSING,CALIBRATION_MISSING,kx134_single_node_i2c.0.1.0,kx134.v3
kx134.v3,NODE_PROTOTYPE,1,KX134_SENSOR_1,sensor_node_1,D4:E9:F4:E9:8E:1C,57307,573549925,0,0,NA,0,-347,-3960,269,-0.084717,-0.966797,0.065674,100,100,8,UNCALIBRATED_SENSOR_1,false,CALIBRATION_MISSING,CALIBRATION_MISSING,kx134_single_node_i2c.0.1.0,kx134.v3
kx134.v3,NODE_PROTOTYPE,1,KX134_SENSOR_1,sensor_node_1,D4:E9:F4:E9:8E:1C,57308,573559925,0,0,NA,0,-331,-3948,250,-0.080811,-0.963867,0.061035,100,100,8,UNCALIBRATED_SENSOR_1,false,CALIBRATION_MISSING,CALIBRATION_MISSING,kx134_single_node_i2c.0.1.0,kx134.v3
kx134.v3,NODE_PROTOTYPE,1,KX134_SENSOR_1,sensor_node_1,D4:E9:F4:E9:8E:1C,57309,573569924,0,0,NA,0,-347,-3970,236,-0.084717,-0.969238,0.057617,100,100,8,UNCALIBRATED_SENSOR_1,false,CALIBRATION_MISSING,CALIBRATION_MISSING,kx134_single_node_i2c.0.1.0,kx134.v3
kx134.v3,NODE_PROTOTYPE,1,KX134_SENSOR_1,sensor_node_1,D4:E9:F4:E9:8E:1C,57310,573579925,0,0,NA,0,-378,-3999,270,-0.092285,-0.976318,0.065918,100,100,8,UNCALIBRATED_SENSOR_1,false,CALIBRATION_MISSING,CALIBRATION_MISSING,kx134_single_node_i2c.0.1.0,kx134.v3
kx134.v3,NODE_PROTOTYPE,1,KX134_SENSOR_1,sensor_node_1,D4:E9:F4:E9:8E:1C,57311,573589924,0,0,NA,0,-366,-3999,295,-0.089355,-0.976318,0.072021,100,100,8,UNCALIBRATED_SENSOR_1,false,CALIBRATION_MISSING,CALIBRATION_MISSING,kx134_single_node_i2c.0.1.0,kx134.v3
kx134.v3,NODE_PROTOTYPE,1,KX134_SENSOR_1,sensor_node_1,D4:E9:F4:E9:8E:1C,57312,573599925,0,0,NA,0,-341,-3983,305,-0.083252,-0.972412,0.074463,100,100,8,UNCALIBRATED_SENSOR_1,false,CALIBRATION_MISSING,CALIBRATION_MISSING,kx134_single_node_i2c.0.1.0,kx134.v3
kx134.v3,NODE_PROTOTYPE,1,KX134_SENSOR_1,sensor_node_1,D4:E9:F4:E9:8E:1C,57313,573609924,0,0,NA,0,-345,-3980,332,-0.084229,-0.971680,0.081055,100,100,8,UNCALIBRATED_SENSOR_1,false,CALIBRATION_MISSING,CALIBRATION_MISSING,kx134_single_node_i2c.0.1.0,kx134.v3
kx134.v3,NODE_PROTOTYPE,1,KX134_SENSOR_1,sensor_node_1,D4:E9:F4:E9:8E:1C,57314,573619925,0,0,NA,0,-349,-3968,313,-0.085205,-0.968750,0.076416,100,100,8,UNCALIBRATED_SENSOR_1,false,CALIBRATION_MISSING,CALIBRATION_MISSING,kx134_single_node_i2c.0.1.0,kx134.v3
kx134.v3,NODE_PROTOTYPE,1,KX134_SENSOR_1,sensor_node_1,D4:E9:F4:E9:8E:1C,57315,573629959,0,0,NA,0,-331,-3976,271,-0.080811,-0.970703,0.066162,100,100,8,UNCALIBRATED_SENSOR_1,false,CALIBRATION_MISSING,CALIBRATION_MISSING,kx134_single_node_i2c.0.1.0,kx134.v3
kx134.v3,NODE_PROTOTYPE,1,KX134_SENSOR_1,sensor_node_1,D4:E9:F4:E9:8E:1C,57316,573639924,0,0,NA,0,-317,-3986,264,-0.077393,-0.973145,0.064453,100,100,8,UNCALIBRATED_SENSOR_1,false,CALIBRATION_MISSING,CALIBRATION_MISSING,kx134_single_node_i2c.0.1.0,kx134.v3
kx134.v3,NODE_PROTOTYPE,1,KX134_SENSOR_1,sensor_node_1,D4:E9:F4:E9:8E:1C,57317,573649925,0,0,NA,0,-320,-4007,287,-0.078125,-0.978271,0.070068,100,100,8,UNCALIBRATED_SENSOR_1,false,CALIBRATION_MISSING,CALIBRATION_MISSING,kx134_single_node_i2c.0.1.0,kx134.v3
kx134.v3,NODE_PROTOTYPE,1,KX134_SENSOR_1,sensor_node_1,D4:E9:F4:E9:8E:1C,57318,573659944,0,0,NA,0,-348,-4029,295,-0.084961,-0.983643,0.072021,100,100,8,UNCALIBRATED_SENSOR_1,false,CALIBRATION_MISSING,CALIBRATION_MISSING,kx134_single_node_i2c.0.1.0,kx134.v3
kx134.v3,NODE_PROTOTYPE,1,KX134_SENSOR_1,sensor_node_1,D4:E9:F4:E9:8E:1C,57319,573669924,0,0,NA,0,-360,-4010,290,-0.087891,-0.979004,0.070801,100,100,8,UNCALIBRATED_SENSOR_1,false,CALIBRATION_MISSING,CALIBRATION_MISSING,kx134_single_node_i2c.0.1.0,kx134.v3
kx134.v3,NODE_PROTOTYPE,1,KX134_SENSOR_1,sensor_node_1,D4:E9:F4:E9:8E:1C,57320,573679924,0,0,NA,0,-328,-4000,286,-0.080078,-0.976562,0.069824,100,100,8,UNCALIBRATED_SENSOR_1,false,CALIBRATION_MISSING,CALIBRATION_MISSING,kx134_single_node_i2c.0.1.0,kx134.v3
kx134.v3,NODE_PROTOTYPE,1,KX134_SENSOR_1,sensor_node_1,D4:E9:F4:E9:8E:1C,57321,573689925,0,0,NA,0,-327,-3998,286,-0.079834,-0.976074,0.069824,100,100,8,UNCALIBRATED_SENSOR_1,false,CALIBRATION_MISSING,CALIBRATION_MISSING,kx134_single_node_i2c.0.1.0,kx134.v3
kx134.v3,NODE_PROTOTYPE,1,KX134_SENSOR_1,sensor_node_1,D4:E9:F4:E9:8E:1C,57322,573699925,0,0,NA,0,-308,-4008,322,-0.075195,-0.978516,0.078613,100,100,8,UNCALIBRATED_SENSOR_1,false,CALIBRATION_MISSING,CALIBRATION_MISSING,kx134_single_node_i2c.0.1.0,kx134.v3
kx134.v3,NODE_PROTOTYPE,1,KX134_SENSOR_1,sensor_node_1,D4:E9:F4:E9:8E:1C,57323,573709925,0,0,NA,0,-301,-4018,335,-0.073486,-0.980957,0.081787,100,100,8,UNCALIBRATED_SENSOR_1,false,CALIBRATION_MISSING,CALIBRATION_MISSING,kx134_single_node_i2c.0.1.0,kx134.v3
kx134.v3,NODE_PROTOTYPE,1,KX134_SENSOR_1,sensor_node_1,D4:E9:F4:E9:8E:1C,57324,573719925,0,0,NA,0,-336,-3999,301,-0.082031,-0.976318,0.073486,100,100,8,UNCALIBRATED_SENSOR_1,false,CALIBRATION_MISSING,CALIBRATION_MISSING,kx134_single_node_i2c.0.1.0,kx134.v3
kx134.v3,NODE_PROTOTYPE,1,KX134_SENSOR_1,sensor_node_1,D4:E9:F4:E9:8E:1C,57325,573729925,0,0,NA,0,-362,-3989,276,-0.088379,-0.973877,0.067383,100,100,8,UNCALIBRATED_SENSOR_1,false,CALIBRATION_MISSING,CALIBRATION_MISSING,kx134_single_node_i2c.0.1.0,kx134.v3
kx134.v3,NODE_PROTOTYPE,1,KX134_SENSOR_1,sensor_node_1,D4:E9:F4:E9:8E:1C,57326,573739924,0,0,NA,0,-387,-4023,287,-0.094482,-0.982178,0.070068,100,100,8,UNCALIBRATED_SENSOR_1,false,CALIBRATION_MISSING,CALIBRATION_MISSING,kx134_single_node_i2c.0.1.0,kx134.v3
kx134.v3,NODE_PROTOTYPE,1,KX134_SENSOR_1,sensor_node_1,D4:E9:F4:E9:8E:1C,57327,573749925,0,0,NA,0,-406,-4031,301,-0.099121,-0.984131,0.073486,100,100,8,UNCALIBRATED_SENSOR_1,false,CALIBRATION_MISSING,CALIBRATION_MISSING,kx134_single_node_i2c.0.1.0,kx134.v3
kx134.v3,NODE_PROTOTYPE,1,KX134_SENSOR_1,sensor_node_1,D4:E9:F4:E9:8E:1C,57328,573759924,0,0,NA,0,-400,-4011,304,-0.097656,-0.979248,0.074219,100,100,8,UNCALIBRATED_SENSOR_1,false,CALIBRATION_MISSING,CALIBRATION_MISSING,kx134_single_node_i2c.0.1.0,kx134.v3
kx134.v3,NODE_PROTOTYPE,1,KX134_SENSOR_1,sensor_node_1,D4:E9:F4:E9:8E:1C,57329,573769924,0,0,NA,0,-376,-4037,309,-0.091797,-0.985596,0.075439,100,100,8,UNCALIBRATED_SENSOR_1,false,CALIBRATION_MISSING,CALIBRATION_MISSING,kx134_single_node_i2c.0.1.0,kx134.v3
kx134.v3,NODE_PROTOTYPE,1,KX134_SENSOR_1,sensor_node_1,D4:E9:F4:E9:8E:1C,57330,573779924,0,0,NA,0,-358,-4040,308,-0.087402,-0.986328,0.075195,100,100,8,UNCALIBRATED_SENSOR_1,false,CALIBRATION_MISSING,CALIBRATION_MISSING,kx134_single_node_i2c.0.1.0,kx134.v3
kx134.v3,NODE_PROTOTYPE,1,KX134_SENSOR_1,sensor_node_1,D4:E9:F4:E9:8E:1C,57331,573789924,0,0,NA,0,-357,-4002,296,-0.087158,-0.977051,0.072266,100,100,8,UNCALIBRATED_SENSOR_1,false,CALIBRATION_MISSING,CALIBRATION_MISSING,kx134_single_node_i2c.0.1.0,kx134.v3
kx134.v3,NODE_PROTOTYPE,1,KX134_SENSOR_1,sensor_node_1,D4:E9:F4:E9:8E:1C,57332,573799924,0,0,NA,0,-357,-3975,281,-0.087158,-0.970459,0.068604,100,100,8,UNCALIBRATED_SENSOR_1,false,CALIBRATION_MISSING,CALIBRATION_MISSING,kx134_single_node_i2c.0.1.0,kx134.v3
kx134.v3,NODE_PROTOTYPE,1,KX134_SENSOR_1,sensor_node_1,D4:E9:F4:E9:8E:1C,57333,573809925,0,0,NA,0,-343,-3960,289,-0.083740,-0.966797,0.070557,100,100,8,UNCALIBRATED_SENSOR_1,false,CALIBRATION_MISSING,CALIBRATION_MISSING,kx134_single_node_i2c.0.1.0,kx134.v3
kx134.v3,NODE_PROTOTYPE,1,KX134_SENSOR_1,sensor_node_1,D4:E9:F4:E9:8E:1C,57334,573819924,0,0,NA,0,-332,-3966,289,-0.081055,-0.968262,0.070557,100,100,8,UNCALIBRATED_SENSOR_1,false,CALIBRATION_MISSING,CALIBRATION_MISSING,kx134_single_node_i2c.0.1.0,kx134.v3
kx134.v3,NODE_PROTOTYPE,1,KX134_SENSOR_1,sensor_node_1,D4:E9:F4:E9:8E:1C,57335,573829925,0,0,NA,0,-335,-3973,285,-0.081787,-0.969971,0.069580,100,100,8,UNCALIBRATED_SENSOR_1,false,CALIBRATION_MISSING,CALIBRATION_MISSING,kx134_single_node_i2c.0.1.0,kx134.v3
kx134.v3,NODE_PROTOTYPE,1,KX134_SENSOR_1,sensor_node_1,D4:E9:F4:E9:8E:1C,57336,573839925,0,0,NA,0,-362,-3971,308,-0.088379,-0.969482,0.075195,100,100,8,UNCALIBRATED_SENSOR_1,false,CALIBRATION_MISSING,CALIBRATION_MISSING,kx134_single_node_i2c.0.1.0,kx134.v3
kx134.v3,NODE_PROTOTYPE,1,KX134_SENSOR_1,sensor_node_1,D4:E9:F4:E9:8E:1C,57337,573849924,0,0,NA,0,-356,-3974,319,-0.086914,-0.970215,0.077881,100,100,8,UNCALIBRATED_SENSOR_1,false,CALIBRATION_MISSING,CALIBRATION_MISSING,kx134_single_node_i2c.0.1.0,kx134.v3
kx134.v3,NODE_PROTOTYPE,1,KX134_SENSOR_1,sensor_node_1,D4:E9:F4:E9:8E:1C,57338,573859924,0,0,NA,0,-332,-3979,313,-0.081055,-0.971436,0.076416,100,100,8,UNCALIBRATED_SENSOR_1,false,CALIBRATION_MISSING,CALIBRATION_MISSING,kx134_single_node_i2c.0.1.0,kx134.v3
kx134.v3,NODE_PROTOTYPE,1,KX134_SENSOR_1,sensor_node_1,D4:E9:F4:E9:8E:1C,57339,573869924,0,0,NA,0,-336,-4005,307,-0.082031,-0.977783,0.074951,100,100,8,UNCALIBRATED_SENSOR_1,false,CALIBRATION_MISSING,CALIBRATION_MISSING,kx134_single_node_i2c.0.1.0,kx134.v3
kx134.v3,NODE_PROTOTYPE,1,KX134_SENSOR_1,sensor_node_1,D4:E9:F4:E9:8E:1C,57340,573879924,0,0,NA,0,-332,-4032,298,-0.081055,-0.984375,0.072754,100,100,8,UNCALIBRATED_SENSOR_1,false,CALIBRATION_MISSING,CALIBRATION_MISSING,kx134_single_node_i2c.0.1.0,kx134.v3
kx134.v3,NODE_PROTOTYPE,1,KX134_SENSOR_1,sensor_node_1,D4:E9:F4:E9:8E:1C,57341,573889924,0,0,NA,0,-334,-4022,311,-0.081543,-0.981934,0.075928,100,100,8,UNCALIBRATED_SENSOR_1,false,CALIBRATION_MISSING,CALIBRATION_MISSING,kx134_single_node_i2c.0.1.0,kx134.v3
kx134.v3,NODE_PROTOTYPE,1,KX134_SENSOR_1,sensor_node_1,D4:E9:F4:E9:8E:1C,57342,573899925,0,0,NA,0,-337,-4004,326,-0.082275,-0.977539,0.079590,100,100,8,UNCALIBRATED_SENSOR_1,false,CALIBRATION_MISSING,CALIBRATION_MISSING,kx134_single_node_i2c.0.1.0,kx134.v3
kx134.v3,NODE_PROTOTYPE,1,KX134_SENSOR_1,sensor_node_1,D4:E9:F4:E9:8E:1C,57343,573909925,0,0,NA,0,-338,-3985,312,-0.082520,-0.972900,0.076172,100,100,8,UNCALIBRATED_SENSOR_1,false,CALIBRATION_MISSING,CALIBRATION_MISSING,kx134_single_node_i2c.0.1.0,kx134.v3
kx134.v3,NODE_PROTOTYPE,1,KX134_SENSOR_1,sensor_node_1,D4:E9:F4:E9:8E:1C,57344,573919925,0,0,NA,0,-337,-3966,284,-0.082275,-0.968262,0.069336,100,100,8,UNCALIBRATED_SENSOR_1,false,CALIBRATION_MISSING,CALIBRATION_MISSING,kx134_single_node_i2c.0.1.0,kx134.v3
kx134.v3,NODE_PROTOTYPE,1,KX134_SENSOR_1,sensor_node_1,D4:E9:F4:E9:8E:1C,57345,573929925,0,0,NA,0,-338,-3965,274,-0.082520,-0.968018,0.066895,100,100,8,UNCALIBRATED_SENSOR_1,false,CALIBRATION_MISSING,CALIBRATION_MISSING,kx134_single_node_i2c.0.1.0,kx134.v3
kx134.v3,NODE_PROTOTYPE,1,KX134_SENSOR_1,sensor_node_1,D4:E9:F4:E9:8E:1C,57346,573939925,0,0,NA,0,-340,-3973,294,-0.083008,-0.969971,0.071777,100,100,8,UNCALIBRATED_SENSOR_1,false,CALIBRATION_MISSING,CALIBRATION_MISSING,kx134_single_node_i2c.0.1.0,kx134.v3
kx134.v3,NODE_PROTOTYPE,1,KX134_SENSOR_1,sensor_node_1,D4:E9:F4:E9:8E:1C,57347,573949925,0,0,NA,0,-322,-3987,286,-0.078613,-0.973389,0.069824,100,100,8,UNCALIBRATED_SENSOR_1,false,CALIBRATION_MISSING,CALIBRATION_MISSING,kx134_single_node_i2c.0.1.0,kx134.v3
kx134.v3,NODE_PROTOTYPE,1,KX134_SENSOR_1,sensor_node_1,D4:E9:F4:E9:8E:1C,57348,573959924,0,0,NA,0,-322,-3976,269,-0.078613,-0.970703,0.065674,100,100,8,UNCALIBRATED_SENSOR_1,false,CALIBRATION_MISSING,CALIBRATION_MISSING,kx134_single_node_i2c.0.1.0,kx134.v3
kx134.v3,NODE_PROTOTYPE,1,KX134_SENSOR_1,sensor_node_1,D4:E9:F4:E9:8E:1C,57349,573969925,0,0,NA,0,-328,-3968,262,-0.080078,-0.968750,0.063965,100,100,8,UNCALIBRATED_SENSOR_1,false,CALIBRATION_MISSING,CALIBRATION_MISSING,kx134_single_node_i2c.0.1.0,kx134.v3
kx134.v3,NODE_PROTOTYPE,1,KX134_SENSOR_1,sensor_node_1,D4:E9:F4:E9:8E:1C,57350,573979925,0,0,NA,0,-366,-3967,278,-0.089355,-0.968506,0.067871,100,100,8,UNCALIBRATED_SENSOR_1,false,CALIBRATION_MISSING,CALIBRATION_MISSING,kx134_single_node_i2c.0.1.0,kx134.v3
kx134.v3,NODE_PROTOTYPE,1,KX134_SENSOR_1,sensor_node_1,D4:E9:F4:E9:8E:1C,57351,573989924,0,0,NA,0,-425,-3876,241,-0.103760,-0.946289,0.058838,100,100,8,UNCALIBRATED_SENSOR_1,false,CALIBRATION_MISSING,CALIBRATION_MISSING,kx134_single_node_i2c.0.1.0,kx134.v3
kx134.v3,NODE_PROTOTYPE,1,KX134_SENSOR_1,sensor_node_1,D4:E9:F4:E9:8E:1C,57352,573999925,0,0,NA,0,-409,-3832,266,-0.099854,-0.935547,0.064941,100,100,8,UNCALIBRATED_SENSOR_1,false,CALIBRATION_MISSING,CALIBRATION_MISSING,kx134_single_node_i2c.0.1.0,kx134.v3
kx134.v3,NODE_PROTOTYPE,1,KX134_SENSOR_1,sensor_node_1,D4:E9:F4:E9:8E:1C,57353,574009924,0,0,NA,0,-409,-3832,266,-0.099854,-0.935547,0.064941,100,100,8,UNCALIBRATED_SENSOR_1,false,CALIBRATION_MISSING,CALIBRATION_MISSING,kx134_single_node_i2c.0.1.0,kx134.v3
kx134.v3,NODE_PROTOTYPE,1,KX134_SENSOR_1,sensor_node_1,D4:E9:F4:E9:8E:1C,57354,574019925,0,0,NA,0,-282,-4012,397,-0.068848,-0.979492,0.096924,100,100,8,UNCALIBRATED_SENSOR_1,false,CALIBRATION_MISSING,CALIBRATION_MISSING,kx134_single_node_i2c.0.1.0,kx134.v3
kx134.v3,NODE_PROTOTYPE,1,KX134_SENSOR_1,sensor_node_1,D4:E9:F4:E9:8E:1C,57355,574029924,0,0,NA,0,-271,-4064,382,-0.066162,-0.992187,0.093262,100,100,8,UNCALIBRATED_SENSOR_1,false,CALIBRATION_MISSING,CALIBRATION_MISSING,kx134_single_node_i2c.0.1.0,kx134.v3
kx134.v3,NODE_PROTOTYPE,1,KX134_SENSOR_1,sensor_node_1,D4:E9:F4:E9:8E:1C,57356,574039924,0,0,NA,0,-376,-3968,321,-0.091797,-0.968750,0.078369,100,100,8,UNCALIBRATED_SENSOR_1,false,CALIBRATION_MISSING,CALIBRATION_MISSING,kx134_single_node_i2c.0.1.0,kx134.v3
kx134.v3,NODE_PROTOTYPE,1,KX134_SENSOR_1,sensor_node_1,D4:E9:F4:E9:8E:1C,57357,574049924,0,0,NA,0,-383,-3926,322,-0.093506,-0.958496,0.078613,100,100,8,UNCALIBRATED_SENSOR_1,false,CALIBRATION_MISSING,CALIBRATION_MISSING,kx134_single_node_i2c.0.1.0,kx134.v3
kx134.v3,NODE_PROTOTYPE,1,KX134_SENSOR_1,sensor_node_1,D4:E9:F4:E9:8E:1C,57358,574059924,0,0,NA,0,-284,-3882,263,-0.069336,-0.947754,0.064209,100,100,8,UNCALIBRATED_SENSOR_1,false,CALIBRATION_MISSING,CALIBRATION_MISSING,kx134_single_node_i2c.0.1.0,kx134.v3
kx134.v3,NODE_PROTOTYPE,1,KX134_SENSOR_1,sensor_node_1,D4:E9:F4:E9:8E:1C,57359,574069925,0,0,NA,0,-296,-3947,270,-0.072266,-0.963623,0.065918,100,100,8,UNCALIBRATED_SENSOR_1,false,CALIBRATION_MISSING,CALIBRATION_MISSING,kx134_single_node_i2c.0.1.0,kx134.v3
kx134.v3,NODE_PROTOTYPE,1,KX134_SENSOR_1,sensor_node_1,D4:E9:F4:E9:8E:1C,57360,574079924,0,0,NA,0,-364,-4008,306,-0.088867,-0.978516,0.074707,100,100,8,UNCALIBRATED_SENSOR_1,false,CALIBRATION_MISSING,CALIBRATION_MISSING,kx134_single_node_i2c.0.1.0,kx134.v3
kx134.v3,NODE_PROTOTYPE,1,KX134_SENSOR_1,sensor_node_1,D4:E9:F4:E9:8E:1C,57361,574089924,0,0,NA,0,-352,-3972,258,-0.085937,-0.969727,0.062988,100,100,8,UNCALIBRATED_SENSOR_1,false,CALIBRATION_MISSING,CALIBRATION_MISSING,kx134_single_node_i2c.0.1.0,kx134.v3
kx134.v3,NODE_PROTOTYPE,1,KX134_SENSOR_1,sensor_node_1,D4:E9:F4:E9:8E:1C,57362,574099925,0,0,NA,0,-363,-3954,242,-0.088623,-0.965332,0.059082,100,100,8,UNCALIBRATED_SENSOR_1,false,CALIBRATION_MISSING,CALIBRATION_MISSING,kx134_single_node_i2c.0.1.0,kx134.v3
kx134.v3,NODE_PROTOTYPE,1,KX134_SENSOR_1,sensor_node_1,D4:E9:F4:E9:8E:1C,57363,574109925,0,0,NA,0,-356,-3974,240,-0.086914,-0.970215,0.058594,100,100,8,UNCALIBRATED_SENSOR_1,false,CALIBRATION_MISSING,CALIBRATION_MISSING,kx134_single_node_i2c.0.1.0,kx134.v3
kx134.v3,NODE_PROTOTYPE,1,KX134_SENSOR_1,sensor_node_1,D4:E9:F4:E9:8E:1C,57364,574119925,0,0,NA,0,-352,-3989,269,-0.085937,-0.973877,0.065674,100,100,8,UNCALIBRATED_SENSOR_1,false,CALIBRATION_MISSING,CALIBRATION_MISSING,kx134_single_node_i2c.0.1.0,kx134.v3
kx134.v3,NODE_PROTOTYPE,1,KX134_SENSOR_1,sensor_node_1,D4:E9:F4:E9:8E:1C,57365,574129924,0,0,NA,0,-341,-3996,294,-0.083252,-0.975586,0.071777,100,100,8,UNCALIBRATED_SENSOR_1,false,CALIBRATION_MISSING,CALIBRATION_MISSING,kx134_single_node_i2c.0.1.0,kx134.v3
kx134.v3,NODE_PROTOTYPE,1,KX134_SENSOR_1,sensor_node_1,D4:E9:F4:E9:8E:1C,57366,574139925,0,0,NA,0,-303,-3998,304,-0.073975,-0.976074,0.074219,100,100,8,UNCALIBRATED_SENSOR_1,false,CALIBRATION_MISSING,CALIBRATION_MISSING,kx134_single_node_i2c.0.1.0,kx134.v3
kx134.v3,NODE_PROTOTYPE,1,KX134_SENSOR_1,sensor_node_1,D4:E9:F4:E9:8E:1C,57367,574149925,0,0,NA,0,-286,-3985,308,-0.069824,-0.972900,0.075195,100,100,8,UNCALIBRATED_SENSOR_1,false,CALIBRATION_MISSING,CALIBRATION_MISSING,kx134_single_node_i2c.0.1.0,kx134.v3
kx134.v3,NODE_PROTOTYPE,1,KX134_SENSOR_1,sensor_node_1,D4:E9:F4:E9:8E:1C,57368,574159925,0,0,NA,0,-312,-3999,295,-0.076172,-0.976318,0.072021,100,100,8,UNCALIBRATED_SENSOR_1,false,CALIBRATION_MISSING,CALIBRATION_MISSING,kx134_single_node_i2c.0.1.0,kx134.v3
kx134.v3,NODE_PROTOTYPE,1,KX134_SENSOR_1,sensor_node_1,D4:E9:F4:E9:8E:1C,57369,574169925,0,0,NA,0,-317,-3995,296,-0.077393,-0.975342,0.072266,100,100,8,UNCALIBRATED_SENSOR_1,false,CALIBRATION_MISSING,CALIBRATION_MISSING,kx134_single_node_i2c.0.1.0,kx134.v3
kx134.v3,NODE_PROTOTYPE,1,KX134_SENSOR_1,sensor_node_1,D4:E9:F4:E9:8E:1C,57370,574179925,0,0,NA,0,-308,-3954,310,-0.075195,-0.965332,0.075684,100,100,8,UNCALIBRATED_SENSOR_1,false,CALIBRATION_MISSING,CALIBRATION_MISSING,kx134_single_node_i2c.0.1.0,kx134.v3
kx134.v3,NODE_PROTOTYPE,1,KX134_SENSOR_1,sensor_node_1,D4:E9:F4:E9:8E:1C,57371,574189924,0,0,NA,0,-325,-3941,303,-0.079346,-0.962158,0.073975,100,100,8,UNCALIBRATED_SENSOR_1,false,CALIBRATION_MISSING,CALIBRATION_MISSING,kx134_single_node_i2c.0.1.0,kx134.v3
kx134.v3,NODE_PROTOTYPE,1,KX134_SENSOR_1,sensor_node_1,D4:E9:F4:E9:8E:1C,57372,574199925,0,0,NA,0,-329,-3942,313,-0.080322,-0.962402,0.076416,100,100,8,UNCALIBRATED_SENSOR_1,false,CALIBRATION_MISSING,CALIBRATION_MISSING,kx134_single_node_i2c.0.1.0,kx134.v3
kx134.v3,NODE_PROTOTYPE,1,KX134_SENSOR_1,sensor_node_1,D4:E9:F4:E9:8E:1C,57373,574209924,0,0,NA,0,-329,-3964,329,-0.080322,-0.967773,0.080322,100,100,8,UNCALIBRATED_SENSOR_1,false,CALIBRATION_MISSING,CALIBRATION_MISSING,kx134_single_node_i2c.0.1.0,kx134.v3
kx134.v3,NODE_PROTOTYPE,1,KX134_SENSOR_1,sensor_node_1,D4:E9:F4:E9:8E:1C,57374,574219925,0,0,NA,0,-361,-3992,300,-0.088135,-0.974609,0.073242,100,100,8,UNCALIBRATED_SENSOR_1,false,CALIBRATION_MISSING,CALIBRATION_MISSING,kx134_single_node_i2c.0.1.0,kx134.v3
kx134.v3,NODE_PROTOTYPE,1,KX134_SENSOR_1,sensor_node_1,D4:E9:F4:E9:8E:1C,57375,574229925,0,0,NA,0,-350,-4013,291,-0.085449,-0.979736,0.071045,100,100,8,UNCALIBRATED_SENSOR_1,false,CALIBRATION_MISSING,CALIBRATION_MISSING,kx134_single_node_i2c.0.1.0,kx134.v3
kx134.v3,NODE_PROTOTYPE,1,KX134_SENSOR_1,sensor_node_1,D4:E9:F4:E9:8E:1C,57376,574239925,0,0,NA,0,-326,-4016,297,-0.079590,-0.980469,0.072510,100,100,8,UNCALIBRATED_SENSOR_1,false,CALIBRATION_MISSING,CALIBRATION_MISSING,kx134_single_node_i2c.0.1.0,kx134.v3
kx134.v3,NODE_PROTOTYPE,1,KX134_SENSOR_1,sensor_node_1,D4:E9:F4:E9:8E:1C,57377,574249925,0,0,NA,0,-303,-4006,269,-0.073975,-0.978027,0.065674,100,100,8,UNCALIBRATED_SENSOR_1,false,CALIBRATION_MISSING,CALIBRATION_MISSING,kx134_single_node_i2c.0.1.0,kx134.v3
kx134.v3,NODE_PROTOTYPE,1,KX134_SENSOR_1,sensor_node_1,D4:E9:F4:E9:8E:1C,57378,574259925,0,0,NA,0,-286,-3990,260,-0.069824,-0.974121,0.063477,100,100,8,UNCALIBRATED_SENSOR_1,false,CALIBRATION_MISSING,CALIBRATION_MISSING,kx134_single_node_i2c.0.1.0,kx134.v3
kx134.v3,NODE_PROTOTYPE,1,KX134_SENSOR_1,sensor_node_1,D4:E9:F4:E9:8E:1C,57379,574269924,0,0,NA,0,-316,-3989,257,-0.077148,-0.973877,0.062744,100,100,8,UNCALIBRATED_SENSOR_1,false,CALIBRATION_MISSING,CALIBRATION_MISSING,kx134_single_node_i2c.0.1.0,kx134.v3
kx134.v3,NODE_PROTOTYPE,1,KX134_SENSOR_1,sensor_node_1,D4:E9:F4:E9:8E:1C,57380,574279925,0,0,NA,0,-340,-3984,255,-0.083008,-0.972656,0.062256,100,100,8,UNCALIBRATED_SENSOR_1,false,CALIBRATION_MISSING,CALIBRATION_MISSING,kx134_single_node_i2c.0.1.0,kx134.v3
kx134.v3,NODE_PROTOTYPE,1,KX134_SENSOR_1,sensor_node_1,D4:E9:F4:E9:8E:1C,57381,574289925,0,0,NA,0,-347,-3967,286,-0.084717,-0.968506,0.069824,100,100,8,UNCALIBRATED_SENSOR_1,false,CALIBRATION_MISSING,CALIBRATION_MISSING,kx134_single_node_i2c.0.1.0,kx134.v3
kx134.v3,NODE_PROTOTYPE,1,KX134_SENSOR_1,sensor_node_1,D4:E9:F4:E9:8E:1C,57382,574299925,0,0,NA,0,-334,-3950,292,-0.081543,-0.964355,0.071289,100,100,8,UNCALIBRATED_SENSOR_1,false,CALIBRATION_MISSING,CALIBRATION_MISSING,kx134_single_node_i2c.0.1.0,kx134.v3
kx134.v3,NODE_PROTOTYPE,1,KX134_SENSOR_1,sensor_node_1,D4:E9:F4:E9:8E:1C,57383,574309925,0,0,NA,0,-301,-3949,279,-0.073486,-0.964111,0.068115,100,100,8,UNCALIBRATED_SENSOR_1,false,CALIBRATION_MISSING,CALIBRATION_MISSING,kx134_single_node_i2c.0.1.0,kx134.v3
kx134.v3,NODE_PROTOTYPE,1,KX134_SENSOR_1,sensor_node_1,D4:E9:F4:E9:8E:1C,57384,574319924,0,0,NA,0,-276,-3995,272,-0.067383,-0.975342,0.066406,100,100,8,UNCALIBRATED_SENSOR_1,false,CALIBRATION_MISSING,CALIBRATION_MISSING,kx134_single_node_i2c.0.1.0,kx134.v3
kx134.v3,NODE_PROTOTYPE,1,KX134_SENSOR_1,sensor_node_1,D4:E9:F4:E9:8E:1C,57385,574329924,0,0,NA,0,-301,-4013,264,-0.073486,-0.979736,0.064453,100,100,8,UNCALIBRATED_SENSOR_1,false,CALIBRATION_MISSING,CALIBRATION_MISSING,kx134_single_node_i2c.0.1.0,kx134.v3
kx134.v3,NODE_PROTOTYPE,1,KX134_SENSOR_1,sensor_node_1,D4:E9:F4:E9:8E:1C,57386,574339925,0,0,NA,0,-336,-4022,254,-0.082031,-0.981934,0.062012,100,100,8,UNCALIBRATED_SENSOR_1,false,CALIBRATION_MISSING,CALIBRATION_MISSING,kx134_single_node_i2c.0.1.0,kx134.v3
kx134.v3,NODE_PROTOTYPE,1,KX134_SENSOR_1,sensor_node_1,D4:E9:F4:E9:8E:1C,57387,574349924,0,0,NA,0,-344,-4039,264,-0.083984,-0.986084,0.064453,100,100,8,UNCALIBRATED_SENSOR_1,false,CALIBRATION_MISSING,CALIBRATION_MISSING,kx134_single_node_i2c.0.1.0,kx134.v3
kx134.v3,NODE_PROTOTYPE,1,KX134_SENSOR_1,sensor_node_1,D4:E9:F4:E9:8E:1C,57388,574359924,0,0,NA,0,-316,-3997,280,-0.077148,-0.975830,0.068359,100,100,8,UNCALIBRATED_SENSOR_1,false,CALIBRATION_MISSING,CALIBRATION_MISSING,kx134_single_node_i2c.0.1.0,kx134.v3
kx134.v3,NODE_PROTOTYPE,1,KX134_SENSOR_1,sensor_node_1,D4:E9:F4:E9:8E:1C,57389,574369924,0,0,NA,0,-298,-3978,280,-0.072754,-0.971191,0.068359,100,100,8,UNCALIBRATED_SENSOR_1,false,CALIBRATION_MISSING,CALIBRATION_MISSING,kx134_single_node_i2c.0.1.0,kx134.v3
kx134.v3,NODE_PROTOTYPE,1,KX134_SENSOR_1,sensor_node_1,D4:E9:F4:E9:8E:1C,57390,574379925,0,0,NA,0,-323,-3977,281,-0.078857,-0.970947,0.068604,100,100,8,UNCALIBRATED_SENSOR_1,false,CALIBRATION_MISSING,CALIBRATION_MISSING,kx134_single_node_i2c.0.1.0,kx134.v3
kx134.v3,NODE_PROTOTYPE,1,KX134_SENSOR_1,sensor_node_1,D4:E9:F4:E9:8E:1C,57391,574389924,0,0,NA,0,-345,-3968,282,-0.084229,-0.968750,0.068848,100,100,8,UNCALIBRATED_SENSOR_1,false,CALIBRATION_MISSING,CALIBRATION_MISSING,kx134_single_node_i2c.0.1.0,kx134.v3
kx134.v3,NODE_PROTOTYPE,1,KX134_SENSOR_1,sensor_node_1,D4:E9:F4:E9:8E:1C,57392,574399924,0,0,NA,0,-342,-3993,291,-0.083496,-0.974854,0.071045,100,100,8,UNCALIBRATED_SENSOR_1,false,CALIBRATION_MISSING,CALIBRATION_MISSING,kx134_single_node_i2c.0.1.0,kx134.v3
kx134.v3,NODE_PROTOTYPE,1,KX134_SENSOR_1,sensor_node_1,D4:E9:F4:E9:8E:1C,57393,574409924,0,0,NA,0,-345,-3981,293,-0.084229,-0.971924,0.071533,100,100,8,UNCALIBRATED_SENSOR_1,false,CALIBRATION_MISSING,CALIBRATION_MISSING,kx134_single_node_i2c.0.1.0,kx134.v3
kx134.v3,NODE_PROTOTYPE,1,KX134_SENSOR_1,sensor_node_1,D4:E9:F4:E9:8E:1C,57394,574419925,0,0,NA,0,-355,-3955,284,-0.086670,-0.965576,0.069336,100,100,8,UNCALIBRATED_SENSOR_1,false,CALIBRATION_MISSING,CALIBRATION_MISSING,kx134_single_node_i2c.0.1.0,kx134.v3
kx134.v3,NODE_PROTOTYPE,1,KX134_SENSOR_1,sensor_node_1,D4:E9:F4:E9:8E:1C,57395,574429925,0,0,NA,0,-372,-3977,292,-0.090820,-0.970947,0.071289,100,100,8,UNCALIBRATED_SENSOR_1,false,CALIBRATION_MISSING,CALIBRATION_MISSING,kx134_single_node_i2c.0.1.0,kx134.v3
kx134.v3,NODE_PROTOTYPE,1,KX134_SENSOR_1,sensor_node_1,D4:E9:F4:E9:8E:1C,57396,574439925,0,0,NA,0,-363,-3992,298,-0.088623,-0.974609,0.072754,100,100,8,UNCALIBRATED_SENSOR_1,false,CALIBRATION_MISSING,CALIBRATION_MISSING,kx134_single_node_i2c.0.1.0,kx134.v3
kx134.v3,NODE_PROTOTYPE,1,KX134_SENSOR_1,sensor_node_1,D4:E9:F4:E9:8E:1C,57397,574449925,0,0,NA,0,-341,-3995,273,-0.083252,-0.975342,0.066650,100,100,8,UNCALIBRATED_SENSOR_1,false,CALIBRATION_MISSING,CALIBRATION_MISSING,kx134_single_node_i2c.0.1.0,kx134.v3
kx134.v3,NODE_PROTOTYPE,1,KX134_SENSOR_1,sensor_node_1,D4:E9:F4:E9:8E:1C,57398,574459925,0,0,NA,0,-349,-4000,248,-0.085205,-0.976562,0.060547,100,100,8,UNCALIBRATED_SENSOR_1,false,CALIBRATION_MISSING,CALIBRATION_MISSING,kx134_single_node_i2c.0.1.0,kx134.v3
kx134.v3,NODE_PROTOTYPE,1,KX134_SENSOR_1,sensor_node_1,D4:E9:F4:E9:8E:1C,57399,574469924,0,0,NA,0,-332,-4001,245,-0.081055,-0.976807,0.059814,100,100,8,UNCALIBRATED_SENSOR_1,false,CALIBRATION_MISSING,CALIBRATION_MISSING,kx134_single_node_i2c.0.1.0,kx134.v3
kx134.v3,NODE_PROTOTYPE,1,KX134_SENSOR_1,sensor_node_1,D4:E9:F4:E9:8E:1C,57400,574479924,0,0,NA,0,-308,-4017,262,-0.075195,-0.980713,0.063965,100,100,8,UNCALIBRATED_SENSOR_1,false,CALIBRATION_MISSING,CALIBRATION_MISSING,kx134_single_node_i2c.0.1.0,kx134.v3
kx134.v3,NODE_PROTOTYPE,1,KX134_SENSOR_1,sensor_node_1,D4:E9:F4:E9:8E:1C,57401,574489924,0,0,NA,0,-296,-4025,277,-0.072266,-0.982666,0.067627,100,100,8,UNCALIBRATED_SENSOR_1,false,CALIBRATION_MISSING,CALIBRATION_MISSING,kx134_single_node_i2c.0.1.0,kx134.v3
kx134.v3,NODE_PROTOTYPE,1,KX134_SENSOR_1,sensor_node_1,D4:E9:F4:E9:8E:1C,57402,574499925,0,0,NA,0,-309,-4001,276,-0.075439,-0.976807,0.067383,100,100,8,UNCALIBRATED_SENSOR_1,false,CALIBRATION_MISSING,CALIBRATION_MISSING,kx134_single_node_i2c.0.1.0,kx134.v3
kx134.v3,NODE_PROTOTYPE,1,KX134_SENSOR_1,sensor_node_1,D4:E9:F4:E9:8E:1C,57403,574509925,0,0,NA,0,-359,-3937,243,-0.087646,-0.961182,0.059326,100,100,8,UNCALIBRATED_SENSOR_1,false,CALIBRATION_MISSING,CALIBRATION_MISSING,kx134_single_node_i2c.0.1.0,kx134.v3
kx134.v3,NODE_PROTOTYPE,1,KX134_SENSOR_1,sensor_node_1,D4:E9:F4:E9:8E:1C,57404,574519925,0,0,NA,0,-389,-3908,219,-0.094971,-0.954102,0.053467,100,100,8,UNCALIBRATED_SENSOR_1,false,CALIBRATION_MISSING,CALIBRATION_MISSING,kx134_single_node_i2c.0.1.0,kx134.v3
kx134.v3,NODE_PROTOTYPE,1,KX134_SENSOR_1,sensor_node_1,D4:E9:F4:E9:8E:1C,57405,574529925,0,0,NA,0,-371,-3933,259,-0.090576,-0.960205,0.063232,100,100,8,UNCALIBRATED_SENSOR_1,false,CALIBRATION_MISSING,CALIBRATION_MISSING,kx134_single_node_i2c.0.1.0,kx134.v3
kx134.v3,NODE_PROTOTYPE,1,KX134_SENSOR_1,sensor_node_1,D4:E9:F4:E9:8E:1C,57406,574539925,0,0,NA,0,-342,-3960,284,-0.083496,-0.966797,0.069336,100,100,8,UNCALIBRATED_SENSOR_1,false,CALIBRATION_MISSING,CALIBRATION_MISSING,kx134_single_node_i2c.0.1.0,kx134.v3
kx134.v3,NODE_PROTOTYPE,1,KX134_SENSOR_1,sensor_node_1,D4:E9:F4:E9:8E:1C,57407,574549925,0,0,NA,0,-339,-4009,285,-0.082764,-0.978760,0.069580,100,100,8,UNCALIBRATED_SENSOR_1,false,CALIBRATION_MISSING,CALIBRATION_MISSING,kx134_single_node_i2c.0.1.0,kx134.v3
kx134.v3,NODE_PROTOTYPE,1,KX134_SENSOR_1,sensor_node_1,D4:E9:F4:E9:8E:1C,57408,574559924,0,0,NA,0,-361,-4022,277,-0.088135,-0.981934,0.067627,100,100,8,UNCALIBRATED_SENSOR_1,false,CALIBRATION_MISSING,CALIBRATION_MISSING,kx134_single_node_i2c.0.1.0,kx134.v3
kx134.v3,NODE_PROTOTYPE,1,KX134_SENSOR_1,sensor_node_1,D4:E9:F4:E9:8E:1C,57409,574569925,0,0,NA,0,-366,-3986,253,-0.089355,-0.973145,0.061768,100,100,8,UNCALIBRATED_SENSOR_1,false,CALIBRATION_MISSING,CALIBRATION_MISSING,kx134_single_node_i2c.0.1.0,kx134.v3
kx134.v3,NODE_PROTOTYPE,1,KX134_SENSOR_1,sensor_node_1,D4:E9:F4:E9:8E:1C,57410,574579925,0,0,NA,0,-367,-3992,247,-0.089600,-0.974609,0.060303,100,100,8,UNCALIBRATED_SENSOR_1,false,CALIBRATION_MISSING,CALIBRATION_MISSING,kx134_single_node_i2c.0.1.0,kx134.v3
kx134.v3,NODE_PROTOTYPE,1,KX134_SENSOR_1,sensor_node_1,D4:E9:F4:E9:8E:1C,57411,574589924,0,0,NA,0,-349,-3999,260,-0.085205,-0.976318,0.063477,100,100,8,UNCALIBRATED_SENSOR_1,false,CALIBRATION_MISSING,CALIBRATION_MISSING,kx134_single_node_i2c.0.1.0,kx134.v3
kx134.v3,NODE_PROTOTYPE,1,KX134_SENSOR_1,sensor_node_1,D4:E9:F4:E9:8E:1C,57412,574599925,0,0,NA,0,-383,-3948,264,-0.093506,-0.963867,0.064453,100,100,8,UNCALIBRATED_SENSOR_1,false,CALIBRATION_MISSING,CALIBRATION_MISSING,kx134_single_node_i2c.0.1.0,kx134.v3
kx134.v3,NODE_PROTOTYPE,1,KX134_SENSOR_1,sensor_node_1,D4:E9:F4:E9:8E:1C,57413,574609925,0,0,NA,0,-411,-3926,271,-0.100342,-0.958496,0.066162,100,100,8,UNCALIBRATED_SENSOR_1,false,CALIBRATION_MISSING,CALIBRATION_MISSING,kx134_single_node_i2c.0.1.0,kx134.v3
kx134.v3,NODE_PROTOTYPE,1,KX134_SENSOR_1,sensor_node_1,D4:E9:F4:E9:8E:1C,57414,574619925,0,0,NA,0,-373,-3959,276,-0.091064,-0.966553,0.067383,100,100,8,UNCALIBRATED_SENSOR_1,false,CALIBRATION_MISSING,CALIBRATION_MISSING,kx134_single_node_i2c.0.1.0,kx134.v3
kx134.v3,NODE_PROTOTYPE,1,KX134_SENSOR_1,sensor_node_1,D4:E9:F4:E9:8E:1C,57415,574629925,0,0,NA,0,-365,-3987,284,-0.089111,-0.973389,0.069336,100,100,8,UNCALIBRATED_SENSOR_1,false,CALIBRATION_MISSING,CALIBRATION_MISSING,kx134_single_node_i2c.0.1.0,kx134.v3
kx134.v3,NODE_PROTOTYPE,1,KX134_SENSOR_1,sensor_node_1,D4:E9:F4:E9:8E:1C,57416,574639924,0,0,NA,0,-372,-3966,286,-0.090820,-0.968262,0.069824,100,100,8,UNCALIBRATED_SENSOR_1,false,CALIBRATION_MISSING,CALIBRATION_MISSING,kx134_single_node_i2c.0.1.0,kx134.v3
kx134.v3,NODE_PROTOTYPE,1,KX134_SENSOR_1,sensor_node_1,D4:E9:F4:E9:8E:1C,57417,574649924,0,0,NA,0,-398,-3913,248,-0.097168,-0.955322,0.060547,100,100,8,UNCALIBRATED_SENSOR_1,false,CALIBRATION_MISSING,CALIBRATION_MISSING,kx134_single_node_i2c.0.1.0,kx134.v3
kx134.v3,NODE_PROTOTYPE,1,KX134_SENSOR_1,sensor_node_1,D4:E9:F4:E9:8E:1C,57418,574659924,0,0,NA,0,-402,-3893,212,-0.098145,-0.950439,0.051758,100,100,8,UNCALIBRATED_SENSOR_1,false,CALIBRATION_MISSING,CALIBRATION_MISSING,kx134_single_node_i2c.0.1.0,kx134.v3
kx134.v3,NODE_PROTOTYPE,1,KX134_SENSOR_1,sensor_node_1,D4:E9:F4:E9:8E:1C,57419,574669924,0,0,NA,0,-394,-3914,223,-0.096191,-0.955566,0.054443,100,100,8,UNCALIBRATED_SENSOR_1,false,CALIBRATION_MISSING,CALIBRATION_MISSING,kx134_single_node_i2c.0.1.0,kx134.v3
kx134.v3,NODE_PROTOTYPE,1,KX134_SENSOR_1,sensor_node_1,D4:E9:F4:E9:8E:1C,57420,574679925,0,0,NA,0,-409,-3944,268,-0.099854,-0.962891,0.065430,100,100,8,UNCALIBRATED_SENSOR_1,false,CALIBRATION_MISSING,CALIBRATION_MISSING,kx134_single_node_i2c.0.1.0,kx134.v3
kx134.v3,NODE_PROTOTYPE,1,KX134_SENSOR_1,sensor_node_1,D4:E9:F4:E9:8E:1C,57421,574689925,0,0,NA,0,-381,-3980,312,-0.093018,-0.971680,0.076172,100,100,8,UNCALIBRATED_SENSOR_1,false,CALIBRATION_MISSING,CALIBRATION_MISSING,kx134_single_node_i2c.0.1.0,kx134.v3
kx134.v3,NODE_PROTOTYPE,1,KX134_SENSOR_1,sensor_node_1,D4:E9:F4:E9:8E:1C,57422,574699925,0,0,NA,0,-330,-4007,329,-0.080566,-0.978271,0.080322,100,100,8,UNCALIBRATED_SENSOR_1,false,CALIBRATION_MISSING,CALIBRATION_MISSING,kx134_single_node_i2c.0.1.0,kx134.v3
kx134.v3,NODE_PROTOTYPE,1,KX134_SENSOR_1,sensor_node_1,D4:E9:F4:E9:8E:1C,57423,574709924,0,0,NA,0,-295,-4003,322,-0.072021,-0.977295,0.078613,100,100,8,UNCALIBRATED_SENSOR_1,false,CALIBRATION_MISSING,CALIBRATION_MISSING,kx134_single_node_i2c.0.1.0,kx134.v3
kx134.v3,NODE_PROTOTYPE,1,KX134_SENSOR_1,sensor_node_1,D4:E9:F4:E9:8E:1C,57424,574719924,0,0,NA,0,-305,-4006,297,-0.074463,-0.978027,0.072510,100,100,8,UNCALIBRATED_SENSOR_1,false,CALIBRATION_MISSING,CALIBRATION_MISSING,kx134_single_node_i2c.0.1.0,kx134.v3
kx134.v3,NODE_PROTOTYPE,1,KX134_SENSOR_1,sensor_node_1,D4:E9:F4:E9:8E:1C,57425,574729925,0,0,NA,0,-344,-4007,287,-0.083984,-0.978271,0.070068,100,100,8,UNCALIBRATED_SENSOR_1,false,CALIBRATION_MISSING,CALIBRATION_MISSING,kx134_single_node_i2c.0.1.0,kx134.v3
kx134.v3,NODE_PROTOTYPE,1,KX134_SENSOR_1,sensor_node_1,D4:E9:F4:E9:8E:1C,57426,574739924,0,0,NA,0,-352,-3991,292,-0.085937,-0.974365,0.071289,100,100,8,UNCALIBRATED_SENSOR_1,false,CALIBRATION_MISSING,CALIBRATION_MISSING,kx134_single_node_i2c.0.1.0,kx134.v3
kx134.v3,NODE_PROTOTYPE,1,KX134_SENSOR_1,sensor_node_1,D4:E9:F4:E9:8E:1C,57427,574749924,0,0,NA,0,-341,-4022,294,-0.083252,-0.981934,0.071777,100,100,8,UNCALIBRATED_SENSOR_1,false,CALIBRATION_MISSING,CALIBRATION_MISSING,kx134_single_node_i2c.0.1.0,kx134.v3
kx134.v3,NODE_PROTOTYPE,1,KX134_SENSOR_1,sensor_node_1,D4:E9:F4:E9:8E:1C,57428,574759925,0,0,NA,0,-343,-4045,303,-0.083740,-0.987549,0.073975,100,100,8,UNCALIBRATED_SENSOR_1,false,CALIBRATION_MISSING,CALIBRATION_MISSING,kx134_single_node_i2c.0.1.0,kx134.v3
kx134.v3,NODE_PROTOTYPE,1,KX134_SENSOR_1,sensor_node_1,D4:E9:F4:E9:8E:1C,57429,574769925,0,0,NA,0,-341,-4019,295,-0.083252,-0.981201,0.072021,100,100,8,UNCALIBRATED_SENSOR_1,false,CALIBRATION_MISSING,CALIBRATION_MISSING,kx134_single_node_i2c.0.1.0,kx134.v3
kx134.v3,NODE_PROTOTYPE,1,KX134_SENSOR_1,sensor_node_1,D4:E9:F4:E9:8E:1C,57430,574779924,0,0,NA,0,-328,-4007,273,-0.080078,-0.978271,0.066650,100,100,8,UNCALIBRATED_SENSOR_1,false,CALIBRATION_MISSING,CALIBRATION_MISSING,kx134_single_node_i2c.0.1.0,kx134.v3
kx134.v3,NODE_PROTOTYPE,1,KX134_SENSOR_1,sensor_node_1,D4:E9:F4:E9:8E:1C,57431,574789925,0,0,NA,0,-335,-3979,299,-0.081787,-0.971436,0.072998,100,100,8,UNCALIBRATED_SENSOR_1,false,CALIBRATION_MISSING,CALIBRATION_MISSING,kx134_single_node_i2c.0.1.0,kx134.v3
kx134.v3,NODE_PROTOTYPE,1,KX134_SENSOR_1,sensor_node_1,D4:E9:F4:E9:8E:1C,57432,574799925,0,0,NA,0,-343,-3939,313,-0.083740,-0.961670,0.076416,100,100,8,UNCALIBRATED_SENSOR_1,false,CALIBRATION_MISSING,CALIBRATION_MISSING,kx134_single_node_i2c.0.1.0,kx134.v3
kx134.v3,NODE_PROTOTYPE,1,KX134_SENSOR_1,sensor_node_1,D4:E9:F4:E9:8E:1C,57433,574809925,0,0,NA,0,-326,-3948,281,-0.079590,-0.963867,0.068604,100,100,8,UNCALIBRATED_SENSOR_1,false,CALIBRATION_MISSING,CALIBRATION_MISSING,kx134_single_node_i2c.0.1.0,kx134.v3
kx134.v3,NODE_PROTOTYPE,1,KX134_SENSOR_1,sensor_node_1,D4:E9:F4:E9:8E:1C,57434,574819925,0,0,NA,0,-326,-3994,264,-0.079590,-0.975098,0.064453,100,100,8,UNCALIBRATED_SENSOR_1,false,CALIBRATION_MISSING,CALIBRATION_MISSING,kx134_single_node_i2c.0.1.0,kx134.v3
kx134.v3,NODE_PROTOTYPE,1,KX134_SENSOR_1,sensor_node_1,D4:E9:F4:E9:8E:1C,57435,574829925,0,0,NA,0,-360,-4018,248,-0.087891,-0.980957,0.060547,100,100,8,UNCALIBRATED_SENSOR_1,false,CALIBRATION_MISSING,CALIBRATION_MISSING,kx134_single_node_i2c.0.1.0,kx134.v3
kx134.v3,NODE_PROTOTYPE,1,KX134_SENSOR_1,sensor_node_1,D4:E9:F4:E9:8E:1C,57436,574839924,0,0,NA,0,-362,-3978,247,-0.088379,-0.971191,0.060303,100,100,8,UNCALIBRATED_SENSOR_1,false,CALIBRATION_MISSING,CALIBRATION_MISSING,kx134_single_node_i2c.0.1.0,kx134.v3
kx134.v3,NODE_PROTOTYPE,1,KX134_SENSOR_1,sensor_node_1,D4:E9:F4:E9:8E:1C,57437,574849924,0,0,NA,0,-329,-3966,266,-0.080322,-0.968262,0.064941,100,100,8,UNCALIBRATED_SENSOR_1,false,CALIBRATION_MISSING,CALIBRATION_MISSING,kx134_single_node_i2c.0.1.0,kx134.v3
kx134.v3,NODE_PROTOTYPE,1,KX134_SENSOR_1,sensor_node_1,D4:E9:F4:E9:8E:1C,57438,574859925,0,0,NA,0,-368,-3983,227,-0.089844,-0.972412,0.055420,100,100,8,UNCALIBRATED_SENSOR_1,false,CALIBRATION_MISSING,CALIBRATION_MISSING,kx134_single_node_i2c.0.1.0,kx134.v3
kx134.v3,NODE_PROTOTYPE,1,KX134_SENSOR_1,sensor_node_1,D4:E9:F4:E9:8E:1C,57439,574869925,0,0,NA,0,-329,-4091,284,-0.080322,-0.998779,0.069336,100,100,8,UNCALIBRATED_SENSOR_1,false,CALIBRATION_MISSING,CALIBRATION_MISSING,kx134_single_node_i2c.0.1.0,kx134.v3
kx134.v3,NODE_PROTOTYPE,1,KX134_SENSOR_1,sensor_node_1,D4:E9:F4:E9:8E:1C,57440,574879925,0,0,NA,0,-329,-4091,284,-0.080322,-0.998779,0.069336,100,100,8,UNCALIBRATED_SENSOR_1,false,CALIBRATION_MISSING,CALIBRATION_MISSING,kx134_single_node_i2c.0.1.0,kx134.v3
kx134.v3,NODE_PROTOTYPE,1,KX134_SENSOR_1,sensor_node_1,D4:E9:F4:E9:8E:1C,57441,574889925,0,0,NA,0,-123,-4175,335,-0.030029,-1.019287,0.081787,100,100,8,UNCALIBRATED_SENSOR_1,false,CALIBRATION_MISSING,CALIBRATION_MISSING,kx134_single_node_i2c.0.1.0,kx134.v3
kx134.v3,NODE_PROTOTYPE,1,KX134_SENSOR_1,sensor_node_1,D4:E9:F4:E9:8E:1C,57442,574899925,0,0,NA,0,-37,-4132,284,-0.009033,-1.008789,0.069336,100,100,8,UNCALIBRATED_SENSOR_1,false,CALIBRATION_MISSING,CALIBRATION_MISSING,kx134_single_node_i2c.0.1.0,kx134.v3
kx134.v3,NODE_PROTOTYPE,1,KX134_SENSOR_1,sensor_node_1,D4:E9:F4:E9:8E:1C,57443,574909925,0,0,NA,0,-160,-3968,291,-0.039063,-0.968750,0.071045,100,100,8,UNCALIBRATED_SENSOR_1,false,CALIBRATION_MISSING,CALIBRATION_MISSING,kx134_single_node_i2c.0.1.0,kx134.v3
kx134.v3,NODE_PROTOTYPE,1,KX134_SENSOR_1,sensor_node_1,D4:E9:F4:E9:8E:1C,57444,574919925,0,0,NA,0,-261,-3858,218,-0.063721,-0.941895,0.053223,100,100,8,UNCALIBRATED_SENSOR_1,false,CALIBRATION_MISSING,CALIBRATION_MISSING,kx134_single_node_i2c.0.1.0,kx134.v3
kx134.v3,NODE_PROTOTYPE,1,KX134_SENSOR_1,sensor_node_1,D4:E9:F4:E9:8E:1C,57445,574929924,0,0,NA,0,-267,-3926,172,-0.065186,-0.958496,0.041992,100,100,8,UNCALIBRATED_SENSOR_1,false,CALIBRATION_MISSING,CALIBRATION_MISSING,kx134_single_node_i2c.0.1.0,kx134.v3
kx134.v3,NODE_PROTOTYPE,1,KX134_SENSOR_1,sensor_node_1,D4:E9:F4:E9:8E:1C,57446,574939925,0,0,NA,0,-374,-3930,208,-0.091309,-0.959473,0.050781,100,100,8,UNCALIBRATED_SENSOR_1,false,CALIBRATION_MISSING,CALIBRATION_MISSING,kx134_single_node_i2c.0.1.0,kx134.v3
kx134.v3,NODE_PROTOTYPE,1,KX134_SENSOR_1,sensor_node_1,D4:E9:F4:E9:8E:1C,57447,574949924,0,0,NA,0,-448,-3946,234,-0.109375,-0.963379,0.057129,100,100,8,UNCALIBRATED_SENSOR_1,false,CALIBRATION_MISSING,CALIBRATION_MISSING,kx134_single_node_i2c.0.1.0,kx134.v3
kx134.v3,NODE_PROTOTYPE,1,KX134_SENSOR_1,sensor_node_1,D4:E9:F4:E9:8E:1C,57448,574959924,0,0,NA,0,-386,-3985,239,-0.094238,-0.972900,0.058350,100,100,8,UNCALIBRATED_SENSOR_1,false,CALIBRATION_MISSING,CALIBRATION_MISSING,kx134_single_node_i2c.0.1.0,kx134.v3
kx134.v3,NODE_PROTOTYPE,1,KX134_SENSOR_1,sensor_node_1,D4:E9:F4:E9:8E:1C,57449,574969925,0,0,NA,0,-339,-3996,235,-0.082764,-0.975586,0.057373,100,100,8,UNCALIBRATED_SENSOR_1,false,CALIBRATION_MISSING,CALIBRATION_MISSING,kx134_single_node_i2c.0.1.0,kx134.v3
kx134.v3,NODE_PROTOTYPE,1,KX134_SENSOR_1,sensor_node_1,D4:E9:F4:E9:8E:1C,57450,574979924,0,0,NA,0,-329,-4007,259,-0.080322,-0.978271,0.063232,100,100,8,UNCALIBRATED_SENSOR_1,false,CALIBRATION_MISSING,CALIBRATION_MISSING,kx134_single_node_i2c.0.1.0,kx134.v3
kx134.v3,NODE_PROTOTYPE,1,KX134_SENSOR_1,sensor_node_1,D4:E9:F4:E9:8E:1C,57451,574989924,0,0,NA,0,-324,-3994,282,-0.079102,-0.975098,0.068848,100,100,8,UNCALIBRATED_SENSOR_1,false,CALIBRATION_MISSING,CALIBRATION_MISSING,kx134_single_node_i2c.0.1.0,kx134.v3
kx134.v3,NODE_PROTOTYPE,1,KX134_SENSOR_1,sensor_node_1,D4:E9:F4:E9:8E:1C,57452,574999924,0,0,NA,0,-310,-3989,296,-0.075684,-0.973877,0.072266,100,100,8,UNCALIBRATED_SENSOR_1,false,CALIBRATION_MISSING,CALIBRATION_MISSING,kx134_single_node_i2c.0.1.0,kx134.v3
kx134.v3,NODE_PROTOTYPE,1,KX134_SENSOR_1,sensor_node_1,D4:E9:F4:E9:8E:1C,57453,575009925,0,0,NA,0,-325,-3990,302,-0.079346,-0.974121,0.073730,100,100,8,UNCALIBRATED_SENSOR_1,false,CALIBRATION_MISSING,CALIBRATION_MISSING,kx134_single_node_i2c.0.1.0,kx134.v3
kx134.v3,NODE_PROTOTYPE,1,KX134_SENSOR_1,sensor_node_1,D4:E9:F4:E9:8E:1C,57454,575019925,0,0,NA,0,-369,-4001,290,-0.090088,-0.976807,0.070801,100,100,8,UNCALIBRATED_SENSOR_1,false,CALIBRATION_MISSING,CALIBRATION_MISSING,kx134_single_node_i2c.0.1.0,kx134.v3
kx134.v3,NODE_PROTOTYPE,1,KX134_SENSOR_1,sensor_node_1,D4:E9:F4:E9:8E:1C,57455,575029924,0,0,NA,0,-371,-3999,274,-0.090576,-0.976318,0.066895,100,100,8,UNCALIBRATED_SENSOR_1,false,CALIBRATION_MISSING,CALIBRATION_MISSING,kx134_single_node_i2c.0.1.0,kx134.v3
kx134.v3,NODE_PROTOTYPE,1,KX134_SENSOR_1,sensor_node_1,D4:E9:F4:E9:8E:1C,57456,575039924,0,0,NA,0,-340,-3984,250,-0.083008,-0.972656,0.061035,100,100,8,UNCALIBRATED_SENSOR_1,false,CALIBRATION_MISSING,CALIBRATION_MISSING,kx134_single_node_i2c.0.1.0,kx134.v3
kx134.v3,NODE_PROTOTYPE,1,KX134_SENSOR_1,sensor_node_1,D4:E9:F4:E9:8E:1C,57457,575049925,0,0,NA,0,-338,-3976,252,-0.082520,-0.970703,0.061523,100,100,8,UNCALIBRATED_SENSOR_1,false,CALIBRATION_MISSING,CALIBRATION_MISSING,kx134_single_node_i2c.0.1.0,kx134.v3
kx134.v3,NODE_PROTOTYPE,1,KX134_SENSOR_1,sensor_node_1,D4:E9:F4:E9:8E:1C,57458,575059925,0,0,NA,0,-354,-3989,285,-0.086426,-0.973877,0.069580,100,100,8,UNCALIBRATED_SENSOR_1,false,CALIBRATION_MISSING,CALIBRATION_MISSING,kx134_single_node_i2c.0.1.0,kx134.v3
kx134.v3,NODE_PROTOTYPE,1,KX134_SENSOR_1,sensor_node_1,D4:E9:F4:E9:8E:1C,57459,575069925,0,0,NA,0,-371,-4001,281,-0.090576,-0.976807,0.068604,100,100,8,UNCALIBRATED_SENSOR_1,false,CALIBRATION_MISSING,CALIBRATION_MISSING,kx134_single_node_i2c.0.1.0,kx134.v3
kx134.v3,NODE_PROTOTYPE,1,KX134_SENSOR_1,sensor_node_1,D4:E9:F4:E9:8E:1C,57460,575079925,0,0,NA,0,-348,-4006,280,-0.084961,-0.978027,0.068359,100,100,8,UNCALIBRATED_SENSOR_1,false,CALIBRATION_MISSING,CALIBRATION_MISSING,kx134_single_node_i2c.0.1.0,kx134.v3
kx134.v3,NODE_PROTOTYPE,1,KX134_SENSOR_1,sensor_node_1,D4:E9:F4:E9:8E:1C,57461,575089925,0,0,NA,0,-312,-4042,308,-0.076172,-0.986816,0.075195,100,100,8,UNCALIBRATED_SENSOR_1,false,CALIBRATION_MISSING,CALIBRATION_MISSING,kx134_single_node_i2c.0.1.0,kx134.v3
kx134.v3,NODE_PROTOTYPE,1,KX134_SENSOR_1,sensor_node_1,D4:E9:F4:E9:8E:1C,57462,575099925,0,0,NA,0,-313,-4028,291,-0.076416,-0.983398,0.071045,100,100,8,UNCALIBRATED_SENSOR_1,false,CALIBRATION_MISSING,CALIBRATION_MISSING,kx134_single_node_i2c.0.1.0,kx134.v3
kx134.v3,NODE_PROTOTYPE,1,KX134_SENSOR_1,sensor_node_1,D4:E9:F4:E9:8E:1C,57463,575109925,0,0,NA,0,-321,-3995,261,-0.078369,-0.975342,0.063721,100,100,8,UNCALIBRATED_SENSOR_1,false,CALIBRATION_MISSING,CALIBRATION_MISSING,kx134_single_node_i2c.0.1.0,kx134.v3
kx134.v3,NODE_PROTOTYPE,1,KX134_SENSOR_1,sensor_node_1,D4:E9:F4:E9:8E:1C,57464,575119924,0,0,NA,0,-325,-3969,265,-0.079346,-0.968994,0.064697,100,100,8,UNCALIBRATED_SENSOR_1,false,CALIBRATION_MISSING,CALIBRATION_MISSING,kx134_single_node_i2c.0.1.0,kx134.v3
kx134.v3,NODE_PROTOTYPE,1,KX134_SENSOR_1,sensor_node_1,D4:E9:F4:E9:8E:1C,57465,575129925,0,0,NA,0,-308,-3955,279,-0.075195,-0.965576,0.068115,100,100,8,UNCALIBRATED_SENSOR_1,false,CALIBRATION_MISSING,CALIBRATION_MISSING,kx134_single_node_i2c.0.1.0,kx134.v3
kx134.v3,NODE_PROTOTYPE,1,KX134_SENSOR_1,sensor_node_1,D4:E9:F4:E9:8E:1C,57466,575139925,0,0,NA,0,-311,-3973,278,-0.075928,-0.969971,0.067871,100,100,8,UNCALIBRATED_SENSOR_1,false,CALIBRATION_MISSING,CALIBRATION_MISSING,kx134_single_node_i2c.0.1.0,kx134.v3
kx134.v3,NODE_PROTOTYPE,1,KX134_SENSOR_1,sensor_node_1,D4:E9:F4:E9:8E:1C,57467,575149925,0,0,NA,0,-329,-3999,268,-0.080322,-0.976318,0.065430,100,100,8,UNCALIBRATED_SENSOR_1,false,CALIBRATION_MISSING,CALIBRATION_MISSING,kx134_single_node_i2c.0.1.0,kx134.v3
kx134.v3,NODE_PROTOTYPE,1,KX134_SENSOR_1,sensor_node_1,D4:E9:F4:E9:8E:1C,57468,575159924,0,0,NA,0,-309,-4028,271,-0.075439,-0.983398,0.066162,100,100,8,UNCALIBRATED_SENSOR_1,false,CALIBRATION_MISSING,CALIBRATION_MISSING,kx134_single_node_i2c.0.1.0,kx134.v3
kx134.v3,NODE_PROTOTYPE,1,KX134_SENSOR_1,sensor_node_1,D4:E9:F4:E9:8E:1C,57469,575169925,0,0,NA,0,-265,-4044,292,-0.064697,-0.987305,0.071289,100,100,8,UNCALIBRATED_SENSOR_1,false,CALIBRATION_MISSING,CALIBRATION_MISSING,kx134_single_node_i2c.0.1.0,kx134.v3
kx134.v3,NODE_PROTOTYPE,1,KX134_SENSOR_1,sensor_node_1,D4:E9:F4:E9:8E:1C,57470,575179925,0,0,NA,0,-257,-4021,296,-0.062744,-0.981689,0.072266,100,100,8,UNCALIBRATED_SENSOR_1,false,CALIBRATION_MISSING,CALIBRATION_MISSING,kx134_single_node_i2c.0.1.0,kx134.v3
kx134.v3,NODE_PROTOTYPE,1,KX134_SENSOR_1,sensor_node_1,D4:E9:F4:E9:8E:1C,57471,575189925,0,0,NA,0,-270,-4014,304,-0.065918,-0.979980,0.074219,100,100,8,UNCALIBRATED_SENSOR_1,false,CALIBRATION_MISSING,CALIBRATION_MISSING,kx134_single_node_i2c.0.1.0,kx134.v3
kx134.v3,NODE_PROTOTYPE,1,KX134_SENSOR_1,sensor_node_1,D4:E9:F4:E9:8E:1C,57472,575199925,0,0,NA,0,-275,-4035,326,-0.067139,-0.985107,0.079590,100,100,8,UNCALIBRATED_SENSOR_1,false,CALIBRATION_MISSING,CALIBRATION_MISSING,kx134_single_node_i2c.0.1.0,kx134.v3
kx134.v3,NODE_PROTOTYPE,1,KX134_SENSOR_1,sensor_node_1,D4:E9:F4:E9:8E:1C,57473,575209924,0,0,NA,0,-326,-3989,344,-0.079590,-0.973877,0.083984,100,100,8,UNCALIBRATED_SENSOR_1,false,CALIBRATION_MISSING,CALIBRATION_MISSING,kx134_single_node_i2c.0.1.0,kx134.v3
kx134.v3,NODE_PROTOTYPE,1,KX134_SENSOR_1,sensor_node_1,D4:E9:F4:E9:8E:1C,57474,575219924,0,0,NA,0,-349,-3968,361,-0.085205,-0.968750,0.088135,100,100,8,UNCALIBRATED_SENSOR_1,false,CALIBRATION_MISSING,CALIBRATION_MISSING,kx134_single_node_i2c.0.1.0,kx134.v3
kx134.v3,NODE_PROTOTYPE,1,KX134_SENSOR_1,sensor_node_1,D4:E9:F4:E9:8E:1C,57475,575229925,0,0,NA,0,-331,-4003,327,-0.080811,-0.977295,0.079834,100,100,8,UNCALIBRATED_SENSOR_1,false,CALIBRATION_MISSING,CALIBRATION_MISSING,kx134_single_node_i2c.0.1.0,kx134.v3
kx134.v3,NODE_PROTOTYPE,1,KX134_SENSOR_1,sensor_node_1,D4:E9:F4:E9:8E:1C,57476,575239925,0,0,NA,0,-346,-4006,294,-0.084473,-0.978027,0.071777,100,100,8,UNCALIBRATED_SENSOR_1,false,CALIBRATION_MISSING,CALIBRATION_MISSING,kx134_single_node_i2c.0.1.0,kx134.v3
kx134.v3,NODE_PROTOTYPE,1,KX134_SENSOR_1,sensor_node_1,D4:E9:F4:E9:8E:1C,57477,575249925,0,0,NA,0,-344,-3998,292,-0.083984,-0.976074,0.071289,100,100,8,UNCALIBRATED_SENSOR_1,false,CALIBRATION_MISSING,CALIBRATION_MISSING,kx134_single_node_i2c.0.1.0,kx134.v3
kx134.v3,NODE_PROTOTYPE,1,KX134_SENSOR_1,sensor_node_1,D4:E9:F4:E9:8E:1C,57478,575259925,0,0,NA,0,-325,-3963,254,-0.079346,-0.967529,0.062012,100,100,8,UNCALIBRATED_SENSOR_1,false,CALIBRATION_MISSING,CALIBRATION_MISSING,kx134_single_node_i2c.0.1.0,kx134.v3
kx134.v3,NODE_PROTOTYPE,1,KX134_SENSOR_1,sensor_node_1,D4:E9:F4:E9:8E:1C,57479,575269925,0,0,NA,0,-312,-3955,243,-0.076172,-0.965576,0.059326,100,100,8,UNCALIBRATED_SENSOR_1,false,CALIBRATION_MISSING,CALIBRATION_MISSING,kx134_single_node_i2c.0.1.0,kx134.v3
kx134.v3,NODE_PROTOTYPE,1,KX134_SENSOR_1,sensor_node_1,D4:E9:F4:E9:8E:1C,57480,575279925,0,0,NA,0,-320,-4005,270,-0.078125,-0.977783,0.065918,100,100,8,UNCALIBRATED_SENSOR_1,false,CALIBRATION_MISSING,CALIBRATION_MISSING,kx134_single_node_i2c.0.1.0,kx134.v3
kx134.v3,NODE_PROTOTYPE,1,KX134_SENSOR_1,sensor_node_1,D4:E9:F4:E9:8E:1C,57481,575289924,0,0,NA,0,-347,-4003,293,-0.084717,-0.977295,0.071533,100,100,8,UNCALIBRATED_SENSOR_1,false,CALIBRATION_MISSING,CALIBRATION_MISSING,kx134_single_node_i2c.0.1.0,kx134.v3
kx134.v3,NODE_PROTOTYPE,1,KX134_SENSOR_1,sensor_node_1,D4:E9:F4:E9:8E:1C,57482,575299925,0,0,NA,0,-322,-3979,319,-0.078613,-0.971436,0.077881,100,100,8,UNCALIBRATED_SENSOR_1,false,CALIBRATION_MISSING,CALIBRATION_MISSING,kx134_single_node_i2c.0.1.0,kx134.v3
kx134.v3,NODE_PROTOTYPE,1,KX134_SENSOR_1,sensor_node_1,D4:E9:F4:E9:8E:1C,57483,575309925,0,0,NA,0,-323,-3924,278,-0.078857,-0.958008,0.067871,100,100,8,UNCALIBRATED_SENSOR_1,false,CALIBRATION_MISSING,CALIBRATION_MISSING,kx134_single_node_i2c.0.1.0,kx134.v3
kx134.v3,NODE_PROTOTYPE,1,KX134_SENSOR_1,sensor_node_1,D4:E9:F4:E9:8E:1C,57484,575319925,0,0,NA,0,-345,-3930,243,-0.084229,-0.959473,0.059326,100,100,8,UNCALIBRATED_SENSOR_1,false,CALIBRATION_MISSING,CALIBRATION_MISSING,kx134_single_node_i2c.0.1.0,kx134.v3
kx134.v3,NODE_PROTOTYPE,1,KX134_SENSOR_1,sensor_node_1,D4:E9:F4:E9:8E:1C,57485,575329925,0,0,NA,0,-353,-3990,260,-0.086182,-0.974121,0.063477,100,100,8,UNCALIBRATED_SENSOR_1,false,CALIBRATION_MISSING,CALIBRATION_MISSING,kx134_single_node_i2c.0.1.0,kx134.v3
kx134.v3,NODE_PROTOTYPE,1,KX134_SENSOR_1,sensor_node_1,D4:E9:F4:E9:8E:1C,57486,575339924,0,0,NA,0,-353,-3992,268,-0.086182,-0.974609,0.065430,100,100,8,UNCALIBRATED_SENSOR_1,false,CALIBRATION_MISSING,CALIBRATION_MISSING,kx134_single_node_i2c.0.1.0,kx134.v3
kx134.v3,NODE_PROTOTYPE,1,KX134_SENSOR_1,sensor_node_1,D4:E9:F4:E9:8E:1C,57487,575349925,0,0,NA,0,-322,-3985,257,-0.078613,-0.972900,0.062744,100,100,8,UNCALIBRATED_SENSOR_1,false,CALIBRATION_MISSING,CALIBRATION_MISSING,kx134_single_node_i2c.0.1.0,kx134.v3
kx134.v3,NODE_PROTOTYPE,1,KX134_SENSOR_1,sensor_node_1,D4:E9:F4:E9:8E:1C,57488,575359924,0,0,NA,0,-319,-3969,251,-0.077881,-0.968994,0.061279,100,100,8,UNCALIBRATED_SENSOR_1,false,CALIBRATION_MISSING,CALIBRATION_MISSING,kx134_single_node_i2c.0.1.0,kx134.v3
kx134.v3,NODE_PROTOTYPE,1,KX134_SENSOR_1,sensor_node_1,D4:E9:F4:E9:8E:1C,57489,575369925,0,0,NA,0,-321,-3985,251,-0.078369,-0.972900,0.061279,100,100,8,UNCALIBRATED_SENSOR_1,false,CALIBRATION_MISSING,CALIBRATION_MISSING,kx134_single_node_i2c.0.1.0,kx134.v3
kx134.v3,NODE_PROTOTYPE,1,KX134_SENSOR_1,sensor_node_1,D4:E9:F4:E9:8E:1C,57490,575379925,0,0,NA,0,-325,-4006,253,-0.079346,-0.978027,0.061768,100,100,8,UNCALIBRATED_SENSOR_1,false,CALIBRATION_MISSING,CALIBRATION_MISSING,kx134_single_node_i2c.0.1.0,kx134.v3
kx134.v3,NODE_PROTOTYPE,1,KX134_SENSOR_1,sensor_node_1,D4:E9:F4:E9:8E:1C,57491,575389925,0,0,NA,0,-347,-4001,269,-0.084717,-0.976807,0.065674,100,100,8,UNCALIBRATED_SENSOR_1,false,CALIBRATION_MISSING,CALIBRATION_MISSING,kx134_single_node_i2c.0.1.0,kx134.v3
kx134.v3,NODE_PROTOTYPE,1,KX134_SENSOR_1,sensor_node_1,D4:E9:F4:E9:8E:1C,57492,575399925,0,0,NA,0,-326,-3987,262,-0.079590,-0.973389,0.063965,100,100,8,UNCALIBRATED_SENSOR_1,false,CALIBRATION_MISSING,CALIBRATION_MISSING,kx134_single_node_i2c.0.1.0,kx134.v3
kx134.v3,NODE_PROTOTYPE,1,KX134_SENSOR_1,sensor_node_1,D4:E9:F4:E9:8E:1C,57493,575409925,0,0,NA,0,-305,-3983,282,-0.074463,-0.972412,0.068848,100,100,8,UNCALIBRATED_SENSOR_1,false,CALIBRATION_MISSING,CALIBRATION_MISSING,kx134_single_node_i2c.0.1.0,kx134.v3
kx134.v3,NODE_PROTOTYPE,1,KX134_SENSOR_1,sensor_node_1,D4:E9:F4:E9:8E:1C,57494,575419924,0,0,NA,0,-323,-3980,281,-0.078857,-0.971680,0.068604,100,100,8,UNCALIBRATED_SENSOR_1,false,CALIBRATION_MISSING,CALIBRATION_MISSING,kx134_single_node_i2c.0.1.0,kx134.v3
kx134.v3,NODE_PROTOTYPE,1,KX134_SENSOR_1,sensor_node_1,D4:E9:F4:E9:8E:1C,57495,575429925,0,0,NA,0,-332,-3974,253,-0.081055,-0.970215,0.061768,100,100,8,UNCALIBRATED_SENSOR_1,false,CALIBRATION_MISSING,CALIBRATION_MISSING,kx134_single_node_i2c.0.1.0,kx134.v3
kx134.v3,NODE_PROTOTYPE,1,KX134_SENSOR_1,sensor_node_1,D4:E9:F4:E9:8E:1C,57496,575439925,0,0,NA,0,-312,-4007,234,-0.076172,-0.978271,0.057129,100,100,8,UNCALIBRATED_SENSOR_1,false,CALIBRATION_MISSING,CALIBRATION_MISSING,kx134_single_node_i2c.0.1.0,kx134.v3
kx134.v3,NODE_PROTOTYPE,1,KX134_SENSOR_1,sensor_node_1,D4:E9:F4:E9:8E:1C,57497,575449924,0,0,NA,0,-295,-4000,229,-0.072021,-0.976562,0.055908,100,100,8,UNCALIBRATED_SENSOR_1,false,CALIBRATION_MISSING,CALIBRATION_MISSING,kx134_single_node_i2c.0.1.0,kx134.v3
kx134.v3,NODE_PROTOTYPE,1,KX134_SENSOR_1,sensor_node_1,D4:E9:F4:E9:8E:1C,57498,575459925,0,0,NA,0,-320,-3952,262,-0.078125,-0.964844,0.063965,100,100,8,UNCALIBRATED_SENSOR_1,false,CALIBRATION_MISSING,CALIBRATION_MISSING,kx134_single_node_i2c.0.1.0,kx134.v3
kx134.v3,NODE_PROTOTYPE,1,KX134_SENSOR_1,sensor_node_1,D4:E9:F4:E9:8E:1C,57499,575469924,0,0,NA,0,-346,-3974,260,-0.084473,-0.970215,0.063477,100,100,8,UNCALIBRATED_SENSOR_1,false,CALIBRATION_MISSING,CALIBRATION_MISSING,kx134_single_node_i2c.0.1.0,kx134.v3
kx134.v3,NODE_PROTOTYPE,1,KX134_SENSOR_1,sensor_node_1,D4:E9:F4:E9:8E:1C,57500,575479924,0,0,NA,0,-354,-3997,234,-0.086426,-0.975830,0.057129,100,100,8,UNCALIBRATED_SENSOR_1,false,CALIBRATION_MISSING,CALIBRATION_MISSING,kx134_single_node_i2c.0.1.0,kx134.v3
kx134.v3,NODE_PROTOTYPE,1,KX134_SENSOR_1,sensor_node_1,D4:E9:F4:E9:8E:1C,57501,575489924,0,0,NA,0,-351,-3998,240,-0.085693,-0.976074,0.058594,100,100,8,UNCALIBRATED_SENSOR_1,false,CALIBRATION_MISSING,CALIBRATION_MISSING,kx134_single_node_i2c.0.1.0,kx134.v3
kx134.v3,NODE_PROTOTYPE,1,KX134_SENSOR_1,sensor_node_1,D4:E9:F4:E9:8E:1C,57502,575499924,0,0,NA,0,-339,-3987,282,-0.082764,-0.973389,0.068848,100,100,8,UNCALIBRATED_SENSOR_1,false,CALIBRATION_MISSING,CALIBRATION_MISSING,kx134_single_node_i2c.0.1.0,kx134.v3
kx134.v3,NODE_PROTOTYPE,1,KX134_SENSOR_1,sensor_node_1,D4:E9:F4:E9:8E:1C,57503,575509925,0,0,NA,0,-339,-3971,300,-0.082764,-0.969482,0.073242,100,100,8,UNCALIBRATED_SENSOR_1,false,CALIBRATION_MISSING,CALIBRATION_MISSING,kx134_single_node_i2c.0.1.0,kx134.v3
kx134.v3,NODE_PROTOTYPE,1,KX134_SENSOR_1,sensor_node_1,D4:E9:F4:E9:8E:1C,57504,575519924,0,0,NA,0,-332,-3980,297,-0.081055,-0.971680,0.072510,100,100,8,UNCALIBRATED_SENSOR_1,false,CALIBRATION_MISSING,CALIBRATION_MISSING,kx134_single_node_i2c.0.1.0,kx134.v3
kx134.v3,NODE_PROTOTYPE,1,KX134_SENSOR_1,sensor_node_1,D4:E9:F4:E9:8E:1C,57505,575529925,0,0,NA,0,-336,-3974,291,-0.082031,-0.970215,0.071045,100,100,8,UNCALIBRATED_SENSOR_1,false,CALIBRATION_MISSING,CALIBRATION_MISSING,kx134_single_node_i2c.0.1.0,kx134.v3
kx134.v3,NODE_PROTOTYPE,1,KX134_SENSOR_1,sensor_node_1,D4:E9:F4:E9:8E:1C,57506,575539925,0,0,NA,0,-348,-3976,261,-0.084961,-0.970703,0.063721,100,100,8,UNCALIBRATED_SENSOR_1,false,CALIBRATION_MISSING,CALIBRATION_MISSING,kx134_single_node_i2c.0.1.0,kx134.v3
kx134.v3,NODE_PROTOTYPE,1,KX134_SENSOR_1,sensor_node_1,D4:E9:F4:E9:8E:1C,57507,575549925,0,0,NA,0,-339,-4008,230,-0.082764,-0.978516,0.056152,100,100,8,UNCALIBRATED_SENSOR_1,false,CALIBRATION_MISSING,CALIBRATION_MISSING,kx134_single_node_i2c.0.1.0,kx134.v3
kx134.v3,NODE_PROTOTYPE,1,KX134_SENSOR_1,sensor_node_1,D4:E9:F4:E9:8E:1C,57508,575559925,0,0,NA,0,-345,-4028,237,-0.084229,-0.983398,0.057861,100,100,8,UNCALIBRATED_SENSOR_1,false,CALIBRATION_MISSING,CALIBRATION_MISSING,kx134_single_node_i2c.0.1.0,kx134.v3
kx134.v3,NODE_PROTOTYPE,1,KX134_SENSOR_1,sensor_node_1,D4:E9:F4:E9:8E:1C,57509,575569924,0,0,NA,0,-331,-3980,258,-0.080811,-0.971680,0.062988,100,100,8,UNCALIBRATED_SENSOR_1,false,CALIBRATION_MISSING,CALIBRATION_MISSING,kx134_single_node_i2c.0.1.0,kx134.v3
kx134.v3,NODE_PROTOTYPE,1,KX134_SENSOR_1,sensor_node_1,D4:E9:F4:E9:8E:1C,57510,575579924,0,0,NA,0,-330,-3949,271,-0.080566,-0.964111,0.066162,100,100,8,UNCALIBRATED_SENSOR_1,false,CALIBRATION_MISSING,CALIBRATION_MISSING,kx134_single_node_i2c.0.1.0,kx134.v3
kx134.v3,NODE_PROTOTYPE,1,KX134_SENSOR_1,sensor_node_1,D4:E9:F4:E9:8E:1C,57511,575589925,0,0,NA,0,-338,-3961,276,-0.082520,-0.967041,0.067383,100,100,8,UNCALIBRATED_SENSOR_1,false,CALIBRATION_MISSING,CALIBRATION_MISSING,kx134_single_node_i2c.0.1.0,kx134.v3
kx134.v3,NODE_PROTOTYPE,1,KX134_SENSOR_1,sensor_node_1,D4:E9:F4:E9:8E:1C,57512,575599925,0,0,NA,0,-318,-3947,266,-0.077637,-0.963623,0.064941,100,100,8,UNCALIBRATED_SENSOR_1,false,CALIBRATION_MISSING,CALIBRATION_MISSING,kx134_single_node_i2c.0.1.0,kx134.v3
kx134.v3,NODE_PROTOTYPE,1,KX134_SENSOR_1,sensor_node_1,D4:E9:F4:E9:8E:1C,57513,575609924,0,0,NA,0,-308,-3933,244,-0.075195,-0.960205,0.059570,100,100,8,UNCALIBRATED_SENSOR_1,false,CALIBRATION_MISSING,CALIBRATION_MISSING,kx134_single_node_i2c.0.1.0,kx134.v3
kx134.v3,NODE_PROTOTYPE,1,KX134_SENSOR_1,sensor_node_1,D4:E9:F4:E9:8E:1C,57514,575619925,0,0,NA,0,-305,-3952,248,-0.074463,-0.964844,0.060547,100,100,8,UNCALIBRATED_SENSOR_1,false,CALIBRATION_MISSING,CALIBRATION_MISSING,kx134_single_node_i2c.0.1.0,kx134.v3
kx134.v3,NODE_PROTOTYPE,1,KX134_SENSOR_1,sensor_node_1,D4:E9:F4:E9:8E:1C,57515,575629925,0,0,NA,0,-289,-3994,281,-0.070557,-0.975098,0.068604,100,100,8,UNCALIBRATED_SENSOR_1,false,CALIBRATION_MISSING,CALIBRATION_MISSING,kx134_single_node_i2c.0.1.0,kx134.v3
kx134.v3,NODE_PROTOTYPE,1,KX134_SENSOR_1,sensor_node_1,D4:E9:F4:E9:8E:1C,57516,575639925,0,0,NA,0,-298,-4022,286,-0.072754,-0.981934,0.069824,100,100,8,UNCALIBRATED_SENSOR_1,false,CALIBRATION_MISSING,CALIBRATION_MISSING,kx134_single_node_i2c.0.1.0,kx134.v3
kx134.v3,NODE_PROTOTYPE,1,KX134_SENSOR_1,sensor_node_1,D4:E9:F4:E9:8E:1C,57517,575649924,0,0,NA,0,-319,-4010,284,-0.077881,-0.979004,0.069336,100,100,8,UNCALIBRATED_SENSOR_1,false,CALIBRATION_MISSING,CALIBRATION_MISSING,kx134_single_node_i2c.0.1.0,kx134.v3
kx134.v3,NODE_PROTOTYPE,1,KX134_SENSOR_1,sensor_node_1,D4:E9:F4:E9:8E:1C,57518,575659924,0,0,NA,0,-309,-4011,297,-0.075439,-0.979248,0.072510,100,100,8,UNCALIBRATED_SENSOR_1,false,CALIBRATION_MISSING,CALIBRATION_MISSING,kx134_single_node_i2c.0.1.0,kx134.v3
kx134.v3,NODE_PROTOTYPE,1,KX134_SENSOR_1,sensor_node_1,D4:E9:F4:E9:8E:1C,57519,575669924,0,0,NA,0,-308,-4018,320,-0.075195,-0.980957,0.078125,100,100,8,UNCALIBRATED_SENSOR_1,false,CALIBRATION_MISSING,CALIBRATION_MISSING,kx134_single_node_i2c.0.1.0,kx134.v3
kx134.v3,NODE_PROTOTYPE,1,KX134_SENSOR_1,sensor_node_1,D4:E9:F4:E9:8E:1C,57520,575679925,0,0,NA,0,-317,-3998,330,-0.077393,-0.976074,0.080566,100,100,8,UNCALIBRATED_SENSOR_1,false,CALIBRATION_MISSING,CALIBRATION_MISSING,kx134_single_node_i2c.0.1.0,kx134.v3
kx134.v3,NODE_PROTOTYPE,1,KX134_SENSOR_1,sensor_node_1,D4:E9:F4:E9:8E:1C,57521,575689924,0,0,NA,0,-328,-3984,305,-0.080078,-0.972656,0.074463,100,100,8,UNCALIBRATED_SENSOR_1,false,CALIBRATION_MISSING,CALIBRATION_MISSING,kx134_single_node_i2c.0.1.0,kx134.v3
kx134.v3,NODE_PROTOTYPE,1,KX134_SENSOR_1,sensor_node_1,D4:E9:F4:E9:8E:1C,57522,575699925,0,0,NA,0,-321,-3995,287,-0.078369,-0.975342,0.070068,100,100,8,UNCALIBRATED_SENSOR_1,false,CALIBRATION_MISSING,CALIBRATION_MISSING,kx134_single_node_i2c.0.1.0,kx134.v3
kx134.v3,NODE_PROTOTYPE,1,KX134_SENSOR_1,sensor_node_1,D4:E9:F4:E9:8E:1C,57523,575709924,0,0,NA,0,-302,-3922,301,-0.073730,-0.957520,0.073486,100,100,8,UNCALIBRATED_SENSOR_1,false,CALIBRATION_MISSING,CALIBRATION_MISSING,kx134_single_node_i2c.0.1.0,kx134.v3
kx134.v3,NODE_PROTOTYPE,1,KX134_SENSOR_1,sensor_node_1,D4:E9:F4:E9:8E:1C,57524,575719924,0,0,NA,0,-304,-3722,229,-0.074219,-0.908691,0.055908,100,100,8,UNCALIBRATED_SENSOR_1,false,CALIBRATION_MISSING,CALIBRATION_MISSING,kx134_single_node_i2c.0.1.0,kx134.v3
kx134.v3,NODE_PROTOTYPE,1,KX134_SENSOR_1,sensor_node_1,D4:E9:F4:E9:8E:1C,57525,575729925,0,0,NA,0,-304,-3722,229,-0.074219,-0.908691,0.055908,100,100,8,UNCALIBRATED_SENSOR_1,false,CALIBRATION_MISSING,CALIBRATION_MISSING,kx134_single_node_i2c.0.1.0,kx134.v3
kx134.v3,NODE_PROTOTYPE,1,KX134_SENSOR_1,sensor_node_1,D4:E9:F4:E9:8E:1C,57526,575739924,0,0,NA,0,-335,-3792,219,-0.081787,-0.925781,0.053467,100,100,8,UNCALIBRATED_SENSOR_1,false,CALIBRATION_MISSING,CALIBRATION_MISSING,kx134_single_node_i2c.0.1.0,kx134.v3
kx134.v3,NODE_PROTOTYPE,1,KX134_SENSOR_1,sensor_node_1,D4:E9:F4:E9:8E:1C,57527,575749925,0,0,NA,0,-327,-3996,386,-0.079834,-0.975586,0.094238,100,100,8,UNCALIBRATED_SENSOR_1,false,CALIBRATION_MISSING,CALIBRATION_MISSING,kx134_single_node_i2c.0.1.0,kx134.v3
kx134.v3,NODE_PROTOTYPE,1,KX134_SENSOR_1,sensor_node_1,D4:E9:F4:E9:8E:1C,57528,575759924,0,0,NA,0,-249,-4070,525,-0.060791,-0.993652,0.128174,100,100,8,UNCALIBRATED_SENSOR_1,false,CALIBRATION_MISSING,CALIBRATION_MISSING,kx134_single_node_i2c.0.1.0,kx134.v3
kx134.v3,NODE_PROTOTYPE,1,KX134_SENSOR_1,sensor_node_1,D4:E9:F4:E9:8E:1C,57529,575769924,0,0,NA,0,-246,-4075,433,-0.060059,-0.994873,0.105713,100,100,8,UNCALIBRATED_SENSOR_1,false,CALIBRATION_MISSING,CALIBRATION_MISSING,kx134_single_node_i2c.0.1.0,kx134.v3
kx134.v3,NODE_PROTOTYPE,1,KX134_SENSOR_1,sensor_node_1,D4:E9:F4:E9:8E:1C,57530,575779925,0,0,NA,0,-281,-4047,305,-0.068604,-0.988037,0.074463,100,100,8,UNCALIBRATED_SENSOR_1,false,CALIBRATION_MISSING,CALIBRATION_MISSING,kx134_single_node_i2c.0.1.0,kx134.v3
kx134.v3,NODE_PROTOTYPE,1,KX134_SENSOR_1,sensor_node_1,D4:E9:F4:E9:8E:1C,57531,575789924,0,0,NA,0,-304,-4121,317,-0.074219,-1.006104,0.077393,100,100,8,UNCALIBRATED_SENSOR_1,false,CALIBRATION_MISSING,CALIBRATION_MISSING,kx134_single_node_i2c.0.1.0,kx134.v3
kx134.v3,NODE_PROTOTYPE,1,KX134_SENSOR_1,sensor_node_1,D4:E9:F4:E9:8E:1C,57532,575799924,0,0,NA,0,-315,-4128,296,-0.076904,-1.007813,0.072266,100,100,8,UNCALIBRATED_SENSOR_1,false,CALIBRATION_MISSING,CALIBRATION_MISSING,kx134_single_node_i2c.0.1.0,kx134.v3
kx134.v3,NODE_PROTOTYPE,1,KX134_SENSOR_1,sensor_node_1,D4:E9:F4:E9:8E:1C,57533,575809924,0,0,NA,0,-309,-4048,296,-0.075439,-0.988281,0.072266,100,100,8,UNCALIBRATED_SENSOR_1,false,CALIBRATION_MISSING,CALIBRATION_MISSING,kx134_single_node_i2c.0.1.0,kx134.v3
kx134.v3,NODE_PROTOTYPE,1,KX134_SENSOR_1,sensor_node_1,D4:E9:F4:E9:8E:1C,57534,575819925,0,0,NA,0,-345,-3997,322,-0.084229,-0.975830,0.078613,100,100,8,UNCALIBRATED_SENSOR_1,false,CALIBRATION_MISSING,CALIBRATION_MISSING,kx134_single_node_i2c.0.1.0,kx134.v3
kx134.v3,NODE_PROTOTYPE,1,KX134_SENSOR_1,sensor_node_1,D4:E9:F4:E9:8E:1C,57535,575829925,0,0,NA,0,-361,-3974,331,-0.088135,-0.970215,0.080811,100,100,8,UNCALIBRATED_SENSOR_1,false,CALIBRATION_MISSING,CALIBRATION_MISSING,kx134_single_node_i2c.0.1.0,kx134.v3
kx134.v3,NODE_PROTOTYPE,1,KX134_SENSOR_1,sensor_node_1,D4:E9:F4:E9:8E:1C,57536,575839924,0,0,NA,0,-368,-3968,328,-0.089844,-0.968750,0.080078,100,100,8,UNCALIBRATED_SENSOR_1,false,CALIBRATION_MISSING,CALIBRATION_MISSING,kx134_single_node_i2c.0.1.0,kx134.v3
kx134.v3,NODE_PROTOTYPE,1,KX134_SENSOR_1,sensor_node_1,D4:E9:F4:E9:8E:1C,57537,575849924,0,0,NA,0,-391,-3970,307,-0.095459,-0.969238,0.074951,100,100,8,UNCALIBRATED_SENSOR_1,false,CALIBRATION_MISSING,CALIBRATION_MISSING,kx134_single_node_i2c.0.1.0,kx134.v3
kx134.v3,NODE_PROTOTYPE,1,KX134_SENSOR_1,sensor_node_1,D4:E9:F4:E9:8E:1C,57538,575859925,0,0,NA,0,-375,-3980,277,-0.091553,-0.971680,0.067627,100,100,8,UNCALIBRATED_SENSOR_1,false,CALIBRATION_MISSING,CALIBRATION_MISSING,kx134_single_node_i2c.0.1.0,kx134.v3
kx134.v3,NODE_PROTOTYPE,1,KX134_SENSOR_1,sensor_node_1,D4:E9:F4:E9:8E:1C,57539,575869925,0,0,NA,0,-332,-3983,255,-0.081055,-0.972412,0.062256,100,100,8,UNCALIBRATED_SENSOR_1,false,CALIBRATION_MISSING,CALIBRATION_MISSING,kx134_single_node_i2c.0.1.0,kx134.v3
kx134.v3,NODE_PROTOTYPE,1,KX134_SENSOR_1,sensor_node_1,D4:E9:F4:E9:8E:1C,57540,575879925,0,0,NA,0,-297,-4028,283,-0.072510,-0.983398,0.069092,100,100,8,UNCALIBRATED_SENSOR_1,false,CALIBRATION_MISSING,CALIBRATION_MISSING,kx134_single_node_i2c.0.1.0,kx134.v3
kx134.v3,NODE_PROTOTYPE,1,KX134_SENSOR_1,sensor_node_1,D4:E9:F4:E9:8E:1C,57541,575889925,0,0,NA,0,-306,-4059,312,-0.074707,-0.990967,0.076172,100,100,8,UNCALIBRATED_SENSOR_1,false,CALIBRATION_MISSING,CALIBRATION_MISSING,kx134_single_node_i2c.0.1.0,kx134.v3
kx134.v3,NODE_PROTOTYPE,1,KX134_SENSOR_1,sensor_node_1,D4:E9:F4:E9:8E:1C,57542,575899925,0,0,NA,0,-347,-4030,284,-0.084717,-0.983887,0.069336,100,100,8,UNCALIBRATED_SENSOR_1,false,CALIBRATION_MISSING,CALIBRATION_MISSING,kx134_single_node_i2c.0.1.0,kx134.v3
kx134.v3,NODE_PROTOTYPE,1,KX134_SENSOR_1,sensor_node_1,D4:E9:F4:E9:8E:1C,57543,575909925,0,0,NA,0,-328,-4003,256,-0.080078,-0.977295,0.062500,100,100,8,UNCALIBRATED_SENSOR_1,false,CALIBRATION_MISSING,CALIBRATION_MISSING,kx134_single_node_i2c.0.1.0,kx134.v3
kx134.v3,NODE_PROTOTYPE,1,KX134_SENSOR_1,sensor_node_1,D4:E9:F4:E9:8E:1C,57544,575919924,0,0,NA,0,-292,-3980,261,-0.071289,-0.971680,0.063721,100,100,8,UNCALIBRATED_SENSOR_1,false,CALIBRATION_MISSING,CALIBRATION_MISSING,kx134_single_node_i2c.0.1.0,kx134.v3
kx134.v3,NODE_PROTOTYPE,1,KX134_SENSOR_1,sensor_node_1,D4:E9:F4:E9:8E:1C,57545,575929924,0,0,NA,0,-305,-3968,267,-0.074463,-0.968750,0.065186,100,100,8,UNCALIBRATED_SENSOR_1,false,CALIBRATION_MISSING,CALIBRATION_MISSING,kx134_single_node_i2c.0.1.0,kx134.v3
kx134.v3,NODE_PROTOTYPE,1,KX134_SENSOR_1,sensor_node_1,D4:E9:F4:E9:8E:1C,57546,575939924,0,0,NA,0,-338,-3958,285,-0.082520,-0.966309,0.069580,100,100,8,UNCALIBRATED_SENSOR_1,false,CALIBRATION_MISSING,CALIBRATION_MISSING,kx134_single_node_i2c.0.1.0,kx134.v3
kx134.v3,NODE_PROTOTYPE,1,KX134_SENSOR_1,sensor_node_1,D4:E9:F4:E9:8E:1C,57547,575949925,0,0,NA,0,-350,-3967,299,-0.085449,-0.968506,0.072998,100,100,8,UNCALIBRATED_SENSOR_1,false,CALIBRATION_MISSING,CALIBRATION_MISSING,kx134_single_node_i2c.0.1.0,kx134.v3
kx134.v3,NODE_PROTOTYPE,1,KX134_SENSOR_1,sensor_node_1,D4:E9:F4:E9:8E:1C,57548,575959925,0,0,NA,0,-343,-3963,278,-0.083740,-0.967529,0.067871,100,100,8,UNCALIBRATED_SENSOR_1,false,CALIBRATION_MISSING,CALIBRATION_MISSING,kx134_single_node_i2c.0.1.0,kx134.v3
kx134.v3,NODE_PROTOTYPE,1,KX134_SENSOR_1,sensor_node_1,D4:E9:F4:E9:8E:1C,57549,575969925,0,0,NA,0,-328,-3987,287,-0.080078,-0.973389,0.070068,100,100,8,UNCALIBRATED_SENSOR_1,false,CALIBRATION_MISSING,CALIBRATION_MISSING,kx134_single_node_i2c.0.1.0,kx134.v3
kx134.v3,NODE_PROTOTYPE,1,KX134_SENSOR_1,sensor_node_1,D4:E9:F4:E9:8E:1C,57550,575979924,0,0,NA,0,-343,-4015,291,-0.083740,-0.980225,0.071045,100,100,8,UNCALIBRATED_SENSOR_1,false,CALIBRATION_MISSING,CALIBRATION_MISSING,kx134_single_node_i2c.0.1.0,kx134.v3
kx134.v3,NODE_PROTOTYPE,1,KX134_SENSOR_1,sensor_node_1,D4:E9:F4:E9:8E:1C,57551,575989925,0,0,NA,0,-359,-4009,259,-0.087646,-0.978760,0.063232,100,100,8,UNCALIBRATED_SENSOR_1,false,CALIBRATION_MISSING,CALIBRATION_MISSING,kx134_single_node_i2c.0.1.0,kx134.v3
kx134.v3,NODE_PROTOTYPE,1,KX134_SENSOR_1,sensor_node_1,D4:E9:F4:E9:8E:1C,57552,575999925,0,0,NA,0,-338,-4020,254,-0.082520,-0.981445,0.062012,100,100,8,UNCALIBRATED_SENSOR_1,false,CALIBRATION_MISSING,CALIBRATION_MISSING,kx134_single_node_i2c.0.1.0,kx134.v3
kx134.v3,NODE_PROTOTYPE,1,KX134_SENSOR_1,sensor_node_1,D4:E9:F4:E9:8E:1C,57553,576009924,0,0,NA,0,-340,-4021,283,-0.083008,-0.981689,0.069092,100,100,8,UNCALIBRATED_SENSOR_1,false,CALIBRATION_MISSING,CALIBRATION_MISSING,kx134_single_node_i2c.0.1.0,kx134.v3
kx134.v3,NODE_PROTOTYPE,1,KX134_SENSOR_1,sensor_node_1,D4:E9:F4:E9:8E:1C,57554,576019925,0,0,NA,0,-347,-3993,290,-0.084717,-0.974854,0.070801,100,100,8,UNCALIBRATED_SENSOR_1,false,CALIBRATION_MISSING,CALIBRATION_MISSING,kx134_single_node_i2c.0.1.0,kx134.v3
kx134.v3,NODE_PROTOTYPE,1,KX134_SENSOR_1,sensor_node_1,D4:E9:F4:E9:8E:1C,57555,576029925,0,0,NA,0,-335,-3975,286,-0.081787,-0.970459,0.069824,100,100,8,UNCALIBRATED_SENSOR_1,false,CALIBRATION_MISSING,CALIBRATION_MISSING,kx134_single_node_i2c.0.1.0,kx134.v3
kx134.v3,NODE_PROTOTYPE,1,KX134_SENSOR_1,sensor_node_1,D4:E9:F4:E9:8E:1C,57556,576039925,0,0,NA,0,-333,-3976,284,-0.081299,-0.970703,0.069336,100,100,8,UNCALIBRATED_SENSOR_1,false,CALIBRATION_MISSING,CALIBRATION_MISSING,kx134_single_node_i2c.0.1.0,kx134.v3
kx134.v3,NODE_PROTOTYPE,1,KX134_SENSOR_1,sensor_node_1,D4:E9:F4:E9:8E:1C,57557,576049925,0,0,NA,0,-320,-3978,260,-0.078125,-0.971191,0.063477,100,100,8,UNCALIBRATED_SENSOR_1,false,CALIBRATION_MISSING,CALIBRATION_MISSING,kx134_single_node_i2c.0.1.0,kx134.v3
kx134.v3,NODE_PROTOTYPE,1,KX134_SENSOR_1,sensor_node_1,D4:E9:F4:E9:8E:1C,57558,576059924,0,0,NA,0,-324,-3962,254,-0.079102,-0.967285,0.062012,100,100,8,UNCALIBRATED_SENSOR_1,false,CALIBRATION_MISSING,CALIBRATION_MISSING,kx134_single_node_i2c.0.1.0,kx134.v3
kx134.v3,NODE_PROTOTYPE,1,KX134_SENSOR_1,sensor_node_1,D4:E9:F4:E9:8E:1C,57559,576069925,0,0,NA,0,-328,-3958,301,-0.080078,-0.966309,0.073486,100,100,8,UNCALIBRATED_SENSOR_1,false,CALIBRATION_MISSING,CALIBRATION_MISSING,kx134_single_node_i2c.0.1.0,kx134.v3
kx134.v3,NODE_PROTOTYPE,1,KX134_SENSOR_1,sensor_node_1,D4:E9:F4:E9:8E:1C,57560,576079924,0,0,NA,0,-322,-3988,312,-0.078613,-0.973633,0.076172,100,100,8,UNCALIBRATED_SENSOR_1,false,CALIBRATION_MISSING,CALIBRATION_MISSING,kx134_single_node_i2c.0.1.0,kx134.v3
kx134.v3,NODE_PROTOTYPE,1,KX134_SENSOR_1,sensor_node_1,D4:E9:F4:E9:8E:1C,57561,576089925,0,0,NA,0,-331,-3986,261,-0.080811,-0.973145,0.063721,100,100,8,UNCALIBRATED_SENSOR_1,false,CALIBRATION_MISSING,CALIBRATION_MISSING,kx134_single_node_i2c.0.1.0,kx134.v3
kx134.v3,NODE_PROTOTYPE,1,KX134_SENSOR_1,sensor_node_1,D4:E9:F4:E9:8E:1C,57562,576099925,0,0,NA,0,-325,-3954,259,-0.079346,-0.965332,0.063232,100,100,8,UNCALIBRATED_SENSOR_1,false,CALIBRATION_MISSING,CALIBRATION_MISSING,kx134_single_node_i2c.0.1.0,kx134.v3
kx134.v3,NODE_PROTOTYPE,1,KX134_SENSOR_1,sensor_node_1,D4:E9:F4:E9:8E:1C,57563,576109924,0,0,NA,0,-322,-3927,284,-0.078613,-0.958740,0.069336,100,100,8,UNCALIBRATED_SENSOR_1,false,CALIBRATION_MISSING,CALIBRATION_MISSING,kx134_single_node_i2c.0.1.0,kx134.v3
kx134.v3,NODE_PROTOTYPE,1,KX134_SENSOR_1,sensor_node_1,D4:E9:F4:E9:8E:1C,57564,576119924,0,0,NA,0,-327,-3927,301,-0.079834,-0.958740,0.073486,100,100,8,UNCALIBRATED_SENSOR_1,false,CALIBRATION_MISSING,CALIBRATION_MISSING,kx134_single_node_i2c.0.1.0,kx134.v3
kx134.v3,NODE_PROTOTYPE,1,KX134_SENSOR_1,sensor_node_1,D4:E9:F4:E9:8E:1C,57565,576129924,0,0,NA,0,-316,-3981,282,-0.077148,-0.971924,0.068848,100,100,8,UNCALIBRATED_SENSOR_1,false,CALIBRATION_MISSING,CALIBRATION_MISSING,kx134_single_node_i2c.0.1.0,kx134.v3
kx134.v3,NODE_PROTOTYPE,1,KX134_SENSOR_1,sensor_node_1,D4:E9:F4:E9:8E:1C,57566,576139925,0,0,NA,0,-299,-4026,263,-0.072998,-0.982910,0.064209,100,100,8,UNCALIBRATED_SENSOR_1,false,CALIBRATION_MISSING,CALIBRATION_MISSING,kx134_single_node_i2c.0.1.0,kx134.v3
kx134.v3,NODE_PROTOTYPE,1,KX134_SENSOR_1,sensor_node_1,D4:E9:F4:E9:8E:1C,57567,576149925,0,0,NA,0,-325,-4008,293,-0.079346,-0.978516,0.071533,100,100,8,UNCALIBRATED_SENSOR_1,false,CALIBRATION_MISSING,CALIBRATION_MISSING,kx134_single_node_i2c.0.1.0,kx134.v3
kx134.v3,NODE_PROTOTYPE,1,KX134_SENSOR_1,sensor_node_1,D4:E9:F4:E9:8E:1C,57568,576159925,0,0,NA,0,-370,-3984,292,-0.090332,-0.972656,0.071289,100,100,8,UNCALIBRATED_SENSOR_1,false,CALIBRATION_MISSING,CALIBRATION_MISSING,kx134_single_node_i2c.0.1.0,kx134.v3
kx134.v3,NODE_PROTOTYPE,1,KX134_SENSOR_1,sensor_node_1,D4:E9:F4:E9:8E:1C,57569,576169925,0,0,NA,0,-352,-3965,279,-0.085937,-0.968018,0.068115,100,100,8,UNCALIBRATED_SENSOR_1,false,CALIBRATION_MISSING,CALIBRATION_MISSING,kx134_single_node_i2c.0.1.0,kx134.v3
kx134.v3,NODE_PROTOTYPE,1,KX134_SENSOR_1,sensor_node_1,D4:E9:F4:E9:8E:1C,57570,576179925,0,0,NA,0,-336,-3962,285,-0.082031,-0.967285,0.069580,100,100,8,UNCALIBRATED_SENSOR_1,false,CALIBRATION_MISSING,CALIBRATION_MISSING,kx134_single_node_i2c.0.1.0,kx134.v3
kx134.v3,NODE_PROTOTYPE,1,KX134_SENSOR_1,sensor_node_1,D4:E9:F4:E9:8E:1C,57571,576189924,0,0,NA,0,-306,-3975,294,-0.074707,-0.970459,0.071777,100,100,8,UNCALIBRATED_SENSOR_1,false,CALIBRATION_MISSING,CALIBRATION_MISSING,kx134_single_node_i2c.0.1.0,kx134.v3
kx134.v3,NODE_PROTOTYPE,1,KX134_SENSOR_1,sensor_node_1,D4:E9:F4:E9:8E:1C,57572,576199924,0,0,NA,0,-283,-4015,324,-0.069092,-0.980225,0.079102,100,100,8,UNCALIBRATED_SENSOR_1,false,CALIBRATION_MISSING,CALIBRATION_MISSING,kx134_single_node_i2c.0.1.0,kx134.v3
kx134.v3,NODE_PROTOTYPE,1,KX134_SENSOR_1,sensor_node_1,D4:E9:F4:E9:8E:1C,57573,576209925,0,0,NA,0,-292,-4062,341,-0.071289,-0.991699,0.083252,100,100,8,UNCALIBRATED_SENSOR_1,false,CALIBRATION_MISSING,CALIBRATION_MISSING,kx134_single_node_i2c.0.1.0,kx134.v3
kx134.v3,NODE_PROTOTYPE,1,KX134_SENSOR_1,sensor_node_1,D4:E9:F4:E9:8E:1C,57574,576219924,0,0,NA,0,-283,-4051,333,-0.069092,-0.989014,0.081299,100,100,8,UNCALIBRATED_SENSOR_1,false,CALIBRATION_MISSING,CALIBRATION_MISSING,kx134_single_node_i2c.0.1.0,kx134.v3
kx134.v3,NODE_PROTOTYPE,1,KX134_SENSOR_1,sensor_node_1,D4:E9:F4:E9:8E:1C,57575,576229924,0,0,NA,0,-311,-4029,321,-0.075928,-0.983643,0.078369,100,100,8,UNCALIBRATED_SENSOR_1,false,CALIBRATION_MISSING,CALIBRATION_MISSING,kx134_single_node_i2c.0.1.0,kx134.v3
kx134.v3,NODE_PROTOTYPE,1,KX134_SENSOR_1,sensor_node_1,D4:E9:F4:E9:8E:1C,57576,576239925,0,0,NA,0,-342,-4006,296,-0.083496,-0.978027,0.072266,100,100,8,UNCALIBRATED_SENSOR_1,false,CALIBRATION_MISSING,CALIBRATION_MISSING,kx134_single_node_i2c.0.1.0,kx134.v3
kx134.v3,NODE_PROTOTYPE,1,KX134_SENSOR_1,sensor_node_1,D4:E9:F4:E9:8E:1C,57577,576249925,0,0,NA,0,-382,-3942,227,-0.093262,-0.962402,0.055420,100,100,8,UNCALIBRATED_SENSOR_1,false,CALIBRATION_MISSING,CALIBRATION_MISSING,kx134_single_node_i2c.0.1.0,kx134.v3
kx134.v3,NODE_PROTOTYPE,1,KX134_SENSOR_1,sensor_node_1,D4:E9:F4:E9:8E:1C,57578,576259924,0,0,NA,0,-394,-3917,222,-0.096191,-0.956299,0.054199,100,100,8,UNCALIBRATED_SENSOR_1,false,CALIBRATION_MISSING,CALIBRATION_MISSING,kx134_single_node_i2c.0.1.0,kx134.v3
kx134.v3,NODE_PROTOTYPE,1,KX134_SENSOR_1,sensor_node_1,D4:E9:F4:E9:8E:1C,57579,576269924,0,0,NA,0,-360,-3955,287,-0.087891,-0.965576,0.070068,100,100,8,UNCALIBRATED_SENSOR_1,false,CALIBRATION_MISSING,CALIBRATION_MISSING,kx134_single_node_i2c.0.1.0,kx134.v3
kx134.v3,NODE_PROTOTYPE,1,KX134_SENSOR_1,sensor_node_1,D4:E9:F4:E9:8E:1C,57580,576279924,0,0,NA,0,-336,-3962,310,-0.082031,-0.967285,0.075684,100,100,8,UNCALIBRATED_SENSOR_1,false,CALIBRATION_MISSING,CALIBRATION_MISSING,kx134_single_node_i2c.0.1.0,kx134.v3
kx134.v3,NODE_PROTOTYPE,1,KX134_SENSOR_1,sensor_node_1,D4:E9:F4:E9:8E:1C,57581,576289924,0,0,NA,0,-347,-3958,289,-0.084717,-0.966309,0.070557,100,100,8,UNCALIBRATED_SENSOR_1,false,CALIBRATION_MISSING,CALIBRATION_MISSING,kx134_single_node_i2c.0.1.0,kx134.v3
kx134.v3,NODE_PROTOTYPE,1,KX134_SENSOR_1,sensor_node_1,D4:E9:F4:E9:8E:1C,57582,576299925,0,0,NA,0,-364,-3964,264,-0.088867,-0.967773,0.064453,100,100,8,UNCALIBRATED_SENSOR_1,false,CALIBRATION_MISSING,CALIBRATION_MISSING,kx134_single_node_i2c.0.1.0,kx134.v3
kx134.v3,NODE_PROTOTYPE,1,KX134_SENSOR_1,sensor_node_1,D4:E9:F4:E9:8E:1C,57583,576309925,0,0,NA,0,-357,-3989,289,-0.087158,-0.973877,0.070557,100,100,8,UNCALIBRATED_SENSOR_1,false,CALIBRATION_MISSING,CALIBRATION_MISSING,kx134_single_node_i2c.0.1.0,kx134.v3
kx134.v3,NODE_PROTOTYPE,1,KX134_SENSOR_1,sensor_node_1,D4:E9:F4:E9:8E:1C,57584,576319924,0,0,NA,0,-343,-3999,322,-0.083740,-0.976318,0.078613,100,100,8,UNCALIBRATED_SENSOR_1,false,CALIBRATION_MISSING,CALIBRATION_MISSING,kx134_single_node_i2c.0.1.0,kx134.v3
kx134.v3,NODE_PROTOTYPE,1,KX134_SENSOR_1,sensor_node_1,D4:E9:F4:E9:8E:1C,57585,576329924,0,0,NA,0,-327,-3987,315,-0.079834,-0.973389,0.076904,100,100,8,UNCALIBRATED_SENSOR_1,false,CALIBRATION_MISSING,CALIBRATION_MISSING,kx134_single_node_i2c.0.1.0,kx134.v3
kx134.v3,NODE_PROTOTYPE,1,KX134_SENSOR_1,sensor_node_1,D4:E9:F4:E9:8E:1C,57586,576339924,0,0,NA,0,-311,-3965,301,-0.075928,-0.968018,0.073486,100,100,8,UNCALIBRATED_SENSOR_1,false,CALIBRATION_MISSING,CALIBRATION_MISSING,kx134_single_node_i2c.0.1.0,kx134.v3
kx134.v3,NODE_PROTOTYPE,1,KX134_SENSOR_1,sensor_node_1,D4:E9:F4:E9:8E:1C,57587,576349924,0,0,NA,0,-283,-3943,300,-0.069092,-0.962646,0.073242,100,100,8,UNCALIBRATED_SENSOR_1,false,CALIBRATION_MISSING,CALIBRATION_MISSING,kx134_single_node_i2c.0.1.0,kx134.v3
kx134.v3,NODE_PROTOTYPE,1,KX134_SENSOR_1,sensor_node_1,D4:E9:F4:E9:8E:1C,57588,576359924,0,0,NA,0,-292,-3964,291,-0.071289,-0.967773,0.071045,100,100,8,UNCALIBRATED_SENSOR_1,false,CALIBRATION_MISSING,CALIBRATION_MISSING,kx134_single_node_i2c.0.1.0,kx134.v3
kx134.v3,NODE_PROTOTYPE,1,KX134_SENSOR_1,sensor_node_1,D4:E9:F4:E9:8E:1C,57589,576369924,0,0,NA,0,-338,-4006,277,-0.082520,-0.978027,0.067627,100,100,8,UNCALIBRATED_SENSOR_1,false,CALIBRATION_MISSING,CALIBRATION_MISSING,kx134_single_node_i2c.0.1.0,kx134.v3
kx134.v3,NODE_PROTOTYPE,1,KX134_SENSOR_1,sensor_node_1,D4:E9:F4:E9:8E:1C,57590,576379924,0,0,NA,0,-334,-4010,320,-0.081543,-0.979004,0.078125,100,100,8,UNCALIBRATED_SENSOR_1,false,CALIBRATION_MISSING,CALIBRATION_MISSING,kx134_single_node_i2c.0.1.0,kx134.v3
kx134.v3,NODE_PROTOTYPE,1,KX134_SENSOR_1,sensor_node_1,D4:E9:F4:E9:8E:1C,57591,576389924,0,0,NA,0,-323,-3988,327,-0.078857,-0.973633,0.079834,100,100,8,UNCALIBRATED_SENSOR_1,false,CALIBRATION_MISSING,CALIBRATION_MISSING,kx134_single_node_i2c.0.1.0,kx134.v3
kx134.v3,NODE_PROTOTYPE,1,KX134_SENSOR_1,sensor_node_1,D4:E9:F4:E9:8E:1C,57592,576399925,0,0,NA,0,-342,-3996,309,-0.083496,-0.975586,0.075439,100,100,8,UNCALIBRATED_SENSOR_1,false,CALIBRATION_MISSING,CALIBRATION_MISSING,kx134_single_node_i2c.0.1.0,kx134.v3
kx134.v3,NODE_PROTOTYPE,1,KX134_SENSOR_1,sensor_node_1,D4:E9:F4:E9:8E:1C,57593,576409924,0,0,NA,0,-335,-4016,307,-0.081787,-0.980469,0.074951,100,100,8,UNCALIBRATED_SENSOR_1,false,CALIBRATION_MISSING,CALIBRATION_MISSING,kx134_single_node_i2c.0.1.0,kx134.v3
kx134.v3,NODE_PROTOTYPE,1,KX134_SENSOR_1,sensor_node_1,D4:E9:F4:E9:8E:1C,57594,576419924,0,0,NA,0,-312,-4015,318,-0.076172,-0.980225,0.077637,100,100,8,UNCALIBRATED_SENSOR_1,false,CALIBRATION_MISSING,CALIBRATION_MISSING,kx134_single_node_i2c.0.1.0,kx134.v3
kx134.v3,NODE_PROTOTYPE,1,KX134_SENSOR_1,sensor_node_1,D4:E9:F4:E9:8E:1C,57595,576429925,0,0,NA,0,-334,-4025,343,-0.081543,-0.982666,0.083740,100,100,8,UNCALIBRATED_SENSOR_1,false,CALIBRATION_MISSING,CALIBRATION_MISSING,kx134_single_node_i2c.0.1.0,kx134.v3
kx134.v3,NODE_PROTOTYPE,1,KX134_SENSOR_1,sensor_node_1,D4:E9:F4:E9:8E:1C,57596,576439925,0,0,NA,0,-376,-3996,299,-0.091797,-0.975586,0.072998,100,100,8,UNCALIBRATED_SENSOR_1,false,CALIBRATION_MISSING,CALIBRATION_MISSING,kx134_single_node_i2c.0.1.0,kx134.v3
kx134.v3,NODE_PROTOTYPE,1,KX134_SENSOR_1,sensor_node_1,D4:E9:F4:E9:8E:1C,57597,576449925,0,0,NA,0,-374,-3959,252,-0.091309,-0.966553,0.061523,100,100,8,UNCALIBRATED_SENSOR_1,false,CALIBRATION_MISSING,CALIBRATION_MISSING,kx134_single_node_i2c.0.1.0,kx134.v3
kx134.v3,NODE_PROTOTYPE,1,KX134_SENSOR_1,sensor_node_1,D4:E9:F4:E9:8E:1C,57598,576459925,0,0,NA,0,-366,-3958,245,-0.089355,-0.966309,0.059814,100,100,8,UNCALIBRATED_SENSOR_1,false,CALIBRATION_MISSING,CALIBRATION_MISSING,kx134_single_node_i2c.0.1.0,kx134.v3
kx134.v3,NODE_PROTOTYPE,1,KX134_SENSOR_1,sensor_node_1,D4:E9:F4:E9:8E:1C,57599,576469925,0,0,NA,0,-377,-3961,256,-0.092041,-0.967041,0.062500,100,100,8,UNCALIBRATED_SENSOR_1,false,CALIBRATION_MISSING,CALIBRATION_MISSING,kx134_single_node_i2c.0.1.0,kx134.v3
kx134.v3,NODE_PROTOTYPE,1,KX134_SENSOR_1,sensor_node_1,D4:E9:F4:E9:8E:1C,57600,576479924,0,0,NA,0,-375,-3982,271,-0.091553,-0.972168,0.066162,100,100,8,UNCALIBRATED_SENSOR_1,false,CALIBRATION_MISSING,CALIBRATION_MISSING,kx134_single_node_i2c.0.1.0,kx134.v3
kx134.v3,NODE_PROTOTYPE,1,KX134_SENSOR_1,sensor_node_1,D4:E9:F4:E9:8E:1C,57601,576489924,0,0,NA,0,-357,-3984,269,-0.087158,-0.972656,0.065674,100,100,8,UNCALIBRATED_SENSOR_1,false,CALIBRATION_MISSING,CALIBRATION_MISSING,kx134_single_node_i2c.0.1.0,kx134.v3
kx134.v3,NODE_PROTOTYPE,1,KX134_SENSOR_1,sensor_node_1,D4:E9:F4:E9:8E:1C,57602,576499925,0,0,NA,0,-333,-3985,238,-0.081299,-0.972900,0.058105,100,100,8,UNCALIBRATED_SENSOR_1,false,CALIBRATION_MISSING,CALIBRATION_MISSING,kx134_single_node_i2c.0.1.0,kx134.v3
kx134.v3,NODE_PROTOTYPE,1,KX134_SENSOR_1,sensor_node_1,D4:E9:F4:E9:8E:1C,57603,576509925,0,0,NA,0,-335,-3997,235,-0.081787,-0.975830,0.057373,100,100,8,UNCALIBRATED_SENSOR_1,false,CALIBRATION_MISSING,CALIBRATION_MISSING,kx134_single_node_i2c.0.1.0,kx134.v3
kx134.v3,NODE_PROTOTYPE,1,KX134_SENSOR_1,sensor_node_1,D4:E9:F4:E9:8E:1C,57604,576519925,0,0,NA,0,-336,-3997,268,-0.082031,-0.975830,0.065430,100,100,8,UNCALIBRATED_SENSOR_1,false,CALIBRATION_MISSING,CALIBRATION_MISSING,kx134_single_node_i2c.0.1.0,kx134.v3
kx134.v3,NODE_PROTOTYPE,1,KX134_SENSOR_1,sensor_node_1,D4:E9:F4:E9:8E:1C,57605,576529925,0,0,NA,0,-321,-3977,280,-0.078369,-0.970947,0.068359,100,100,8,UNCALIBRATED_SENSOR_1,false,CALIBRATION_MISSING,CALIBRATION_MISSING,kx134_single_node_i2c.0.1.0,kx134.v3
kx134.v3,NODE_PROTOTYPE,1,KX134_SENSOR_1,sensor_node_1,D4:E9:F4:E9:8E:1C,57606,576539925,0,0,NA,0,-315,-3951,292,-0.076904,-0.964600,0.071289,100,100,8,UNCALIBRATED_SENSOR_1,false,CALIBRATION_MISSING,CALIBRATION_MISSING,kx134_single_node_i2c.0.1.0,kx134.v3
kx134.v3,NODE_PROTOTYPE,1,KX134_SENSOR_1,sensor_node_1,D4:E9:F4:E9:8E:1C,57607,576549924,0,0,NA,0,-307,-3929,301,-0.074951,-0.959229,0.073486,100,100,8,UNCALIBRATED_SENSOR_1,false,CALIBRATION_MISSING,CALIBRATION_MISSING,kx134_single_node_i2c.0.1.0,kx134.v3
kx134.v3,NODE_PROTOTYPE,1,KX134_SENSOR_1,sensor_node_1,D4:E9:F4:E9:8E:1C,57608,576559924,0,0,NA,0,-302,-3935,276,-0.073730,-0.960693,0.067383,100,100,8,UNCALIBRATED_SENSOR_1,false,CALIBRATION_MISSING,CALIBRATION_MISSING,kx134_single_node_i2c.0.1.0,kx134.v3
kx134.v3,NODE_PROTOTYPE,1,KX134_SENSOR_1,sensor_node_1,D4:E9:F4:E9:8E:1C,57609,576569925,0,0,NA,0,-313,-3950,266,-0.076416,-0.964355,0.064941,100,100,8,UNCALIBRATED_SENSOR_1,false,CALIBRATION_MISSING,CALIBRATION_MISSING,kx134_single_node_i2c.0.1.0,kx134.v3
kx134.v3,NODE_PROTOTYPE,1,KX134_SENSOR_1,sensor_node_1,D4:E9:F4:E9:8E:1C,57610,576579924,0,0,NA,0,-315,-3954,276,-0.076904,-0.965332,0.067383,100,100,8,UNCALIBRATED_SENSOR_1,false,CALIBRATION_MISSING,CALIBRATION_MISSING,kx134_single_node_i2c.0.1.0,kx134.v3
kx134.v3,NODE_PROTOTYPE,1,KX134_SENSOR_1,sensor_node_1,D4:E9:F4:E9:8E:1C,57611,576589924,0,0,NA,0,-277,-3927,271,-0.067627,-0.958740,0.066162,100,100,8,UNCALIBRATED_SENSOR_1,false,CALIBRATION_MISSING,CALIBRATION_MISSING,kx134_single_node_i2c.0.1.0,kx134.v3
kx134.v3,NODE_PROTOTYPE,1,KX134_SENSOR_1,sensor_node_1,D4:E9:F4:E9:8E:1C,57612,576599925,0,0,NA,0,-309,-3911,229,-0.075439,-0.954834,0.055908,100,100,8,UNCALIBRATED_SENSOR_1,false,CALIBRATION_MISSING,CALIBRATION_MISSING,kx134_single_node_i2c.0.1.0,kx134.v3
kx134.v3,NODE_PROTOTYPE,1,KX134_SENSOR_1,sensor_node_1,D4:E9:F4:E9:8E:1C,57613,576609924,0,0,NA,0,-309,-3911,229,-0.075439,-0.954834,0.055908,100,100,8,UNCALIBRATED_SENSOR_1,false,CALIBRATION_MISSING,CALIBRATION_MISSING,kx134_single_node_i2c.0.1.0,kx134.v3
kx134.v3,NODE_PROTOTYPE,1,KX134_SENSOR_1,sensor_node_1,D4:E9:F4:E9:8E:1C,57614,576619925,0,0,NA,0,-309,-3956,333,-0.075439,-0.965820,0.081299,100,100,8,UNCALIBRATED_SENSOR_1,false,CALIBRATION_MISSING,CALIBRATION_MISSING,kx134_single_node_i2c.0.1.0,kx134.v3
kx134.v3,NODE_PROTOTYPE,1,KX134_SENSOR_1,sensor_node_1,D4:E9:F4:E9:8E:1C,57615,576629925,0,0,NA,0,-339,-3940,408,-0.082764,-0.961914,0.099609,100,100,8,UNCALIBRATED_SENSOR_1,false,CALIBRATION_MISSING,CALIBRATION_MISSING,kx134_single_node_i2c.0.1.0,kx134.v3
kx134.v3,NODE_PROTOTYPE,1,KX134_SENSOR_1,sensor_node_1,D4:E9:F4:E9:8E:1C,57616,576639925,0,0,NA,0,-493,-3893,317,-0.120361,-0.950439,0.077393,100,100,8,UNCALIBRATED_SENSOR_1,false,CALIBRATION_MISSING,CALIBRATION_MISSING,kx134_single_node_i2c.0.1.0,kx134.v3
kx134.v3,NODE_PROTOTYPE,1,KX134_SENSOR_1,sensor_node_1,D4:E9:F4:E9:8E:1C,57617,576649925,0,0,NA,0,-421,-3916,336,-0.102783,-0.956055,0.082031,100,100,8,UNCALIBRATED_SENSOR_1,false,CALIBRATION_MISSING,CALIBRATION_MISSING,kx134_single_node_i2c.0.1.0,kx134.v3
kx134.v3,NODE_PROTOTYPE,1,KX134_SENSOR_1,sensor_node_1,D4:E9:F4:E9:8E:1C,57618,576659925,0,0,NA,0,-206,-3920,340,-0.050293,-0.957031,0.083008,100,100,8,UNCALIBRATED_SENSOR_1,false,CALIBRATION_MISSING,CALIBRATION_MISSING,kx134_single_node_i2c.0.1.0,kx134.v3
kx134.v3,NODE_PROTOTYPE,1,KX134_SENSOR_1,sensor_node_1,D4:E9:F4:E9:8E:1C,57619,576669924,0,0,NA,0,-206,-3956,286,-0.050293,-0.965820,0.069824,100,100,8,UNCALIBRATED_SENSOR_1,false,CALIBRATION_MISSING,CALIBRATION_MISSING,kx134_single_node_i2c.0.1.0,kx134.v3
kx134.v3,NODE_PROTOTYPE,1,KX134_SENSOR_1,sensor_node_1,D4:E9:F4:E9:8E:1C,57620,576679924,0,0,NA,0,-280,-3992,316,-0.068359,-0.974609,0.077148,100,100,8,UNCALIBRATED_SENSOR_1,false,CALIBRATION_MISSING,CALIBRATION_MISSING,kx134_single_node_i2c.0.1.0,kx134.v3
kx134.v3,NODE_PROTOTYPE,1,KX134_SENSOR_1,sensor_node_1,D4:E9:F4:E9:8E:1C,57621,576689924,0,0,NA,0,-320,-3978,330,-0.078125,-0.971191,0.080566,100,100,8,UNCALIBRATED_SENSOR_1,false,CALIBRATION_MISSING,CALIBRATION_MISSING,kx134_single_node_i2c.0.1.0,kx134.v3
kx134.v3,NODE_PROTOTYPE,1,KX134_SENSOR_1,sensor_node_1,D4:E9:F4:E9:8E:1C,57622,576699925,0,0,NA,0,-339,-3977,299,-0.082764,-0.970947,0.072998,100,100,8,UNCALIBRATED_SENSOR_1,false,CALIBRATION_MISSING,CALIBRATION_MISSING,kx134_single_node_i2c.0.1.0,kx134.v3
kx134.v3,NODE_PROTOTYPE,1,KX134_SENSOR_1,sensor_node_1,D4:E9:F4:E9:8E:1C,57623,576709925,0,0,NA,0,-332,-3983,296,-0.081055,-0.972412,0.072266,100,100,8,UNCALIBRATED_SENSOR_1,false,CALIBRATION_MISSING,CALIBRATION_MISSING,kx134_single_node_i2c.0.1.0,kx134.v3
kx134.v3,NODE_PROTOTYPE,1,KX134_SENSOR_1,sensor_node_1,D4:E9:F4:E9:8E:1C,57624,576719925,0,0,NA,0,-335,-3998,295,-0.081787,-0.976074,0.072021,100,100,8,UNCALIBRATED_SENSOR_1,false,CALIBRATION_MISSING,CALIBRATION_MISSING,kx134_single_node_i2c.0.1.0,kx134.v3
kx134.v3,NODE_PROTOTYPE,1,KX134_SENSOR_1,sensor_node_1,D4:E9:F4:E9:8E:1C,57625,576729924,0,0,NA,0,-328,-3964,287,-0.080078,-0.967773,0.070068,100,100,8,UNCALIBRATED_SENSOR_1,false,CALIBRATION_MISSING,CALIBRATION_MISSING,kx134_single_node_i2c.0.1.0,kx134.v3
kx134.v3,NODE_PROTOTYPE,1,KX134_SENSOR_1,sensor_node_1,D4:E9:F4:E9:8E:1C,57626,576739924,0,0,NA,0,-342,-3954,277,-0.083496,-0.965332,0.067627,100,100,8,UNCALIBRATED_SENSOR_1,false,CALIBRATION_MISSING,CALIBRATION_MISSING,kx134_single_node_i2c.0.1.0,kx134.v3
kx134.v3,NODE_PROTOTYPE,1,KX134_SENSOR_1,sensor_node_1,D4:E9:F4:E9:8E:1C,57627,576749925,0,0,NA,0,-357,-3983,265,-0.087158,-0.972412,0.064697,100,100,8,UNCALIBRATED_SENSOR_1,false,CALIBRATION_MISSING,CALIBRATION_MISSING,kx134_single_node_i2c.0.1.0,kx134.v3
kx134.v3,NODE_PROTOTYPE,1,KX134_SENSOR_1,sensor_node_1,D4:E9:F4:E9:8E:1C,57628,576759925,0,0,NA,0,-359,-3975,289,-0.087646,-0.970459,0.070557,100,100,8,UNCALIBRATED_SENSOR_1,false,CALIBRATION_MISSING,CALIBRATION_MISSING,kx134_single_node_i2c.0.1.0,kx134.v3
kx134.v3,NODE_PROTOTYPE,1,KX134_SENSOR_1,sensor_node_1,D4:E9:F4:E9:8E:1C,57629,576769924,0,0,NA,0,-372,-3969,323,-0.090820,-0.968994,0.078857,100,100,8,UNCALIBRATED_SENSOR_1,false,CALIBRATION_MISSING,CALIBRATION_MISSING,kx134_single_node_i2c.0.1.0,kx134.v3
kx134.v3,NODE_PROTOTYPE,1,KX134_SENSOR_1,sensor_node_1,D4:E9:F4:E9:8E:1C,57630,576779924,0,0,NA,0,-361,-3978,317,-0.088135,-0.971191,0.077393,100,100,8,UNCALIBRATED_SENSOR_1,false,CALIBRATION_MISSING,CALIBRATION_MISSING,kx134_single_node_i2c.0.1.0,kx134.v3
kx134.v3,NODE_PROTOTYPE,1,KX134_SENSOR_1,sensor_node_1,D4:E9:F4:E9:8E:1C,57631,576789925,0,0,NA,0,-330,-4009,299,-0.080566,-0.978760,0.072998,100,100,8,UNCALIBRATED_SENSOR_1,false,CALIBRATION_MISSING,CALIBRATION_MISSING,kx134_single_node_i2c.0.1.0,kx134.v3
kx134.v3,NODE_PROTOTYPE,1,KX134_SENSOR_1,sensor_node_1,D4:E9:F4:E9:8E:1C,57632,576799924,0,0,NA,0,-308,-4015,293,-0.075195,-0.980225,0.071533,100,100,8,UNCALIBRATED_SENSOR_1,false,CALIBRATION_MISSING,CALIBRATION_MISSING,kx134_single_node_i2c.0.1.0,kx134.v3
kx134.v3,NODE_PROTOTYPE,1,KX134_SENSOR_1,sensor_node_1,D4:E9:F4:E9:8E:1C,57633,576809924,0,0,NA,0,-304,-4016,301,-0.074219,-0.980469,0.073486,100,100,8,UNCALIBRATED_SENSOR_1,false,CALIBRATION_MISSING,CALIBRATION_MISSING,kx134_single_node_i2c.0.1.0,kx134.v3
kx134.v3,NODE_PROTOTYPE,1,KX134_SENSOR_1,sensor_node_1,D4:E9:F4:E9:8E:1C,57634,576819924,0,0,NA,0,-341,-4025,288,-0.083252,-0.982666,0.070312,100,100,8,UNCALIBRATED_SENSOR_1,false,CALIBRATION_MISSING,CALIBRATION_MISSING,kx134_single_node_i2c.0.1.0,kx134.v3
kx134.v3,NODE_PROTOTYPE,1,KX134_SENSOR_1,sensor_node_1,D4:E9:F4:E9:8E:1C,57635,576829925,0,0,NA,0,-344,-3998,273,-0.083984,-0.976074,0.066650,100,100,8,UNCALIBRATED_SENSOR_1,false,CALIBRATION_MISSING,CALIBRATION_MISSING,kx134_single_node_i2c.0.1.0,kx134.v3
kx134.v3,NODE_PROTOTYPE,1,KX134_SENSOR_1,sensor_node_1,D4:E9:F4:E9:8E:1C,57636,576839924,0,0,NA,0,-318,-3982,283,-0.077637,-0.972168,0.069092,100,100,8,UNCALIBRATED_SENSOR_1,false,CALIBRATION_MISSING,CALIBRATION_MISSING,kx134_single_node_i2c.0.1.0,kx134.v3
kx134.v3,NODE_PROTOTYPE,1,KX134_SENSOR_1,sensor_node_1,D4:E9:F4:E9:8E:1C,57637,576849924,0,0,NA,0,-335,-4005,296,-0.081787,-0.977783,0.072266,100,100,8,UNCALIBRATED_SENSOR_1,false,CALIBRATION_MISSING,CALIBRATION_MISSING,kx134_single_node_i2c.0.1.0,kx134.v3
kx134.v3,NODE_PROTOTYPE,1,KX134_SENSOR_1,sensor_node_1,D4:E9:F4:E9:8E:1C,57638,576859924,0,0,NA,0,-351,-4005,293,-0.085693,-0.977783,0.071533,100,100,8,UNCALIBRATED_SENSOR_1,false,CALIBRATION_MISSING,CALIBRATION_MISSING,kx134_single_node_i2c.0.1.0,kx134.v3
kx134.v3,NODE_PROTOTYPE,1,KX134_SENSOR_1,sensor_node_1,D4:E9:F4:E9:8E:1C,57639,576869925,0,0,NA,0,-375,-3977,294,-0.091553,-0.970947,0.071777,100,100,8,UNCALIBRATED_SENSOR_1,false,CALIBRATION_MISSING,CALIBRATION_MISSING,kx134_single_node_i2c.0.1.0,kx134.v3
kx134.v3,NODE_PROTOTYPE,1,KX134_SENSOR_1,sensor_node_1,D4:E9:F4:E9:8E:1C,57640,576879925,0,0,NA,0,-386,-3963,306,-0.094238,-0.967529,0.074707,100,100,8,UNCALIBRATED_SENSOR_1,false,CALIBRATION_MISSING,CALIBRATION_MISSING,kx134_single_node_i2c.0.1.0,kx134.v3
kx134.v3,NODE_PROTOTYPE,1,KX134_SENSOR_1,sensor_node_1,D4:E9:F4:E9:8E:1C,57641,576889925,0,0,NA,0,-354,-3959,316,-0.086426,-0.966553,0.077148,100,100,8,UNCALIBRATED_SENSOR_1,false,CALIBRATION_MISSING,CALIBRATION_MISSING,kx134_single_node_i2c.0.1.0,kx134.v3
kx134.v3,NODE_PROTOTYPE,1,KX134_SENSOR_1,sensor_node_1,D4:E9:F4:E9:8E:1C,57642,576899925,0,0,NA,0,-349,-3949,318,-0.085205,-0.964111,0.077637,100,100,8,UNCALIBRATED_SENSOR_1,false,CALIBRATION_MISSING,CALIBRATION_MISSING,kx134_single_node_i2c.0.1.0,kx134.v3
kx134.v3,NODE_PROTOTYPE,1,KX134_SENSOR_1,sensor_node_1,D4:E9:F4:E9:8E:1C,57643,576909925,0,0,NA,0,-350,-3960,314,-0.085449,-0.966797,0.076660,100,100,8,UNCALIBRATED_SENSOR_1,false,CALIBRATION_MISSING,CALIBRATION_MISSING,kx134_single_node_i2c.0.1.0,kx134.v3
kx134.v3,NODE_PROTOTYPE,1,KX134_SENSOR_1,sensor_node_1,D4:E9:F4:E9:8E:1C,57644,576919925,0,0,NA,0,-338,-3972,306,-0.082520,-0.969727,0.074707,100,100,8,UNCALIBRATED_SENSOR_1,false,CALIBRATION_MISSING,CALIBRATION_MISSING,kx134_single_node_i2c.0.1.0,kx134.v3
kx134.v3,NODE_PROTOTYPE,1,KX134_SENSOR_1,sensor_node_1,D4:E9:F4:E9:8E:1C,57645,576929924,0,0,NA,0,-336,-3984,290,-0.082031,-0.972656,0.070801,100,100,8,UNCALIBRATED_SENSOR_1,false,CALIBRATION_MISSING,CALIBRATION_MISSING,kx134_single_node_i2c.0.1.0,kx134.v3
kx134.v3,NODE_PROTOTYPE,1,KX134_SENSOR_1,sensor_node_1,D4:E9:F4:E9:8E:1C,57646,576939924,0,0,NA,0,-313,-4006,291,-0.076416,-0.978027,0.071045,100,100,8,UNCALIBRATED_SENSOR_1,false,CALIBRATION_MISSING,CALIBRATION_MISSING,kx134_single_node_i2c.0.1.0,kx134.v3
kx134.v3,NODE_PROTOTYPE,1,KX134_SENSOR_1,sensor_node_1,D4:E9:F4:E9:8E:1C,57647,576949924,0,0,NA,0,-285,-3996,288,-0.069580,-0.975586,0.070312,100,100,8,UNCALIBRATED_SENSOR_1,false,CALIBRATION_MISSING,CALIBRATION_MISSING,kx134_single_node_i2c.0.1.0,kx134.v3
kx134.v3,NODE_PROTOTYPE,1,KX134_SENSOR_1,sensor_node_1,D4:E9:F4:E9:8E:1C,57648,576959925,0,0,NA,0,-303,-3986,261,-0.073975,-0.973145,0.063721,100,100,8,UNCALIBRATED_SENSOR_1,false,CALIBRATION_MISSING,CALIBRATION_MISSING,kx134_single_node_i2c.0.1.0,kx134.v3
kx134.v3,NODE_PROTOTYPE,1,KX134_SENSOR_1,sensor_node_1,D4:E9:F4:E9:8E:1C,57649,576969925,0,0,NA,0,-355,-3986,255,-0.086670,-0.973145,0.062256,100,100,8,UNCALIBRATED_SENSOR_1,false,CALIBRATION_MISSING,CALIBRATION_MISSING,kx134_single_node_i2c.0.1.0,kx134.v3
kx134.v3,NODE_PROTOTYPE,1,KX134_SENSOR_1,sensor_node_1,D4:E9:F4:E9:8E:1C,57650,576979925,0,0,NA,0,-356,-3991,259,-0.086914,-0.974365,0.063232,100,100,8,UNCALIBRATED_SENSOR_1,false,CALIBRATION_MISSING,CALIBRATION_MISSING,kx134_single_node_i2c.0.1.0,kx134.v3
kx134.v3,NODE_PROTOTYPE,1,KX134_SENSOR_1,sensor_node_1,D4:E9:F4:E9:8E:1C,57651,576989924,0,0,NA,0,-325,-3998,267,-0.079346,-0.976074,0.065186,100,100,8,UNCALIBRATED_SENSOR_1,false,CALIBRATION_MISSING,CALIBRATION_MISSING,kx134_single_node_i2c.0.1.0,kx134.v3
kx134.v3,NODE_PROTOTYPE,1,KX134_SENSOR_1,sensor_node_1,D4:E9:F4:E9:8E:1C,57652,576999924,0,0,NA,0,-325,-3957,275,-0.079346,-0.966064,0.067139,100,100,8,UNCALIBRATED_SENSOR_1,false,CALIBRATION_MISSING,CALIBRATION_MISSING,kx134_single_node_i2c.0.1.0,kx134.v3
kx134.v3,NODE_PROTOTYPE,1,KX134_SENSOR_1,sensor_node_1,D4:E9:F4:E9:8E:1C,57653,577009925,0,0,NA,0,-333,-3929,287,-0.081299,-0.959229,0.070068,100,100,8,UNCALIBRATED_SENSOR_1,false,CALIBRATION_MISSING,CALIBRATION_MISSING,kx134_single_node_i2c.0.1.0,kx134.v3
kx134.v3,NODE_PROTOTYPE,1,KX134_SENSOR_1,sensor_node_1,D4:E9:F4:E9:8E:1C,57654,577019925,0,0,NA,0,-324,-3973,303,-0.079102,-0.969971,0.073975,100,100,8,UNCALIBRATED_SENSOR_1,false,CALIBRATION_MISSING,CALIBRATION_MISSING,kx134_single_node_i2c.0.1.0,kx134.v3
kx134.v3,NODE_PROTOTYPE,1,KX134_SENSOR_1,sensor_node_1,D4:E9:F4:E9:8E:1C,57655,577029925,0,0,NA,0,-326,-4007,291,-0.079590,-0.978271,0.071045,100,100,8,UNCALIBRATED_SENSOR_1,false,CALIBRATION_MISSING,CALIBRATION_MISSING,kx134_single_node_i2c.0.1.0,kx134.v3
kx134.v3,NODE_PROTOTYPE,1,KX134_SENSOR_1,sensor_node_1,D4:E9:F4:E9:8E:1C,57656,577039924,0,0,NA,0,-341,-3995,279,-0.083252,-0.975342,0.068115,100,100,8,UNCALIBRATED_SENSOR_1,false,CALIBRATION_MISSING,CALIBRATION_MISSING,kx134_single_node_i2c.0.1.0,kx134.v3
kx134.v3,NODE_PROTOTYPE,1,KX134_SENSOR_1,sensor_node_1,D4:E9:F4:E9:8E:1C,57657,577049925,0,0,NA,0,-352,-3993,298,-0.085937,-0.974854,0.072754,100,100,8,UNCALIBRATED_SENSOR_1,false,CALIBRATION_MISSING,CALIBRATION_MISSING,kx134_single_node_i2c.0.1.0,kx134.v3
kx134.v3,NODE_PROTOTYPE,1,KX134_SENSOR_1,sensor_node_1,D4:E9:F4:E9:8E:1C,57658,577059924,0,0,NA,0,-345,-3997,314,-0.084229,-0.975830,0.076660,100,100,8,UNCALIBRATED_SENSOR_1,false,CALIBRATION_MISSING,CALIBRATION_MISSING,kx134_single_node_i2c.0.1.0,kx134.v3
kx134.v3,NODE_PROTOTYPE,1,KX134_SENSOR_1,sensor_node_1,D4:E9:F4:E9:8E:1C,57659,577069925,0,0,NA,0,-339,-4017,294,-0.082764,-0.980713,0.071777,100,100,8,UNCALIBRATED_SENSOR_1,false,CALIBRATION_MISSING,CALIBRATION_MISSING,kx134_single_node_i2c.0.1.0,kx134.v3
kx134.v3,NODE_PROTOTYPE,1,KX134_SENSOR_1,sensor_node_1,D4:E9:F4:E9:8E:1C,57660,577079925,0,0,NA,0,-328,-4052,275,-0.080078,-0.989258,0.067139,100,100,8,UNCALIBRATED_SENSOR_1,false,CALIBRATION_MISSING,CALIBRATION_MISSING,kx134_single_node_i2c.0.1.0,kx134.v3
kx134.v3,NODE_PROTOTYPE,1,KX134_SENSOR_1,sensor_node_1,D4:E9:F4:E9:8E:1C,57661,577089925,0,0,NA,0,-310,-4045,259,-0.075684,-0.987549,0.063232,100,100,8,UNCALIBRATED_SENSOR_1,false,CALIBRATION_MISSING,CALIBRATION_MISSING,kx134_single_node_i2c.0.1.0,kx134.v3
kx134.v3,NODE_PROTOTYPE,1,KX134_SENSOR_1,sensor_node_1,D4:E9:F4:E9:8E:1C,57662,577099924,0,0,NA,0,-321,-3995,255,-0.078369,-0.975342,0.062256,100,100,8,UNCALIBRATED_SENSOR_1,false,CALIBRATION_MISSING,CALIBRATION_MISSING,kx134_single_node_i2c.0.1.0,kx134.v3
kx134.v3,NODE_PROTOTYPE,1,KX134_SENSOR_1,sensor_node_1,D4:E9:F4:E9:8E:1C,57663,577109925,0,0,NA,0,-334,-3934,250,-0.081543,-0.960449,0.061035,100,100,8,UNCALIBRATED_SENSOR_1,false,CALIBRATION_MISSING,CALIBRATION_MISSING,kx134_single_node_i2c.0.1.0,kx134.v3
kx134.v3,NODE_PROTOTYPE,1,KX134_SENSOR_1,sensor_node_1,D4:E9:F4:E9:8E:1C,57664,577119924,0,0,NA,0,-368,-3944,227,-0.089844,-0.962891,0.055420,100,100,8,UNCALIBRATED_SENSOR_1,false,CALIBRATION_MISSING,CALIBRATION_MISSING,kx134_single_node_i2c.0.1.0,kx134.v3
kx134.v3,NODE_PROTOTYPE,1,KX134_SENSOR_1,sensor_node_1,D4:E9:F4:E9:8E:1C,57665,577129924,0,0,NA,0,-369,-3993,252,-0.090088,-0.974854,0.061523,100,100,8,UNCALIBRATED_SENSOR_1,false,CALIBRATION_MISSING,CALIBRATION_MISSING,kx134_single_node_i2c.0.1.0,kx134.v3
kx134.v3,NODE_PROTOTYPE,1,KX134_SENSOR_1,sensor_node_1,D4:E9:F4:E9:8E:1C,57666,577139924,0,0,NA,0,-314,-4027,312,-0.076660,-0.983154,0.076172,100,100,8,UNCALIBRATED_SENSOR_1,false,CALIBRATION_MISSING,CALIBRATION_MISSING,kx134_single_node_i2c.0.1.0,kx134.v3
kx134.v3,NODE_PROTOTYPE,1,KX134_SENSOR_1,sensor_node_1,D4:E9:F4:E9:8E:1C,57667,577149924,0,0,NA,0,-266,-4061,365,-0.064941,-0.991455,0.089111,100,100,8,UNCALIBRATED_SENSOR_1,false,CALIBRATION_MISSING,CALIBRATION_MISSING,kx134_single_node_i2c.0.1.0,kx134.v3
kx134.v3,NODE_PROTOTYPE,1,KX134_SENSOR_1,sensor_node_1,D4:E9:F4:E9:8E:1C,57668,577159925,0,0,NA,0,-261,-4050,374,-0.063721,-0.988770,0.091309,100,100,8,UNCALIBRATED_SENSOR_1,false,CALIBRATION_MISSING,CALIBRATION_MISSING,kx134_single_node_i2c.0.1.0,kx134.v3
kx134.v3,NODE_PROTOTYPE,1,KX134_SENSOR_1,sensor_node_1,D4:E9:F4:E9:8E:1C,57669,577169924,0,0,NA,0,-283,-4004,354,-0.069092,-0.977539,0.086426,100,100,8,UNCALIBRATED_SENSOR_1,false,CALIBRATION_MISSING,CALIBRATION_MISSING,kx134_single_node_i2c.0.1.0,kx134.v3
kx134.v3,NODE_PROTOTYPE,1,KX134_SENSOR_1,sensor_node_1,D4:E9:F4:E9:8E:1C,57670,577179924,0,0,NA,0,-317,-3997,353,-0.077393,-0.975830,0.086182,100,100,8,UNCALIBRATED_SENSOR_1,false,CALIBRATION_MISSING,CALIBRATION_MISSING,kx134_single_node_i2c.0.1.0,kx134.v3
kx134.v3,NODE_PROTOTYPE,1,KX134_SENSOR_1,sensor_node_1,D4:E9:F4:E9:8E:1C,57671,577189924,0,0,NA,0,-347,-4000,329,-0.084717,-0.976562,0.080322,100,100,8,UNCALIBRATED_SENSOR_1,false,CALIBRATION_MISSING,CALIBRATION_MISSING,kx134_single_node_i2c.0.1.0,kx134.v3
kx134.v3,NODE_PROTOTYPE,1,KX134_SENSOR_1,sensor_node_1,D4:E9:F4:E9:8E:1C,57672,577199924,0,0,NA,0,-340,-3997,309,-0.083008,-0.975830,0.075439,100,100,8,UNCALIBRATED_SENSOR_1,false,CALIBRATION_MISSING,CALIBRATION_MISSING,kx134_single_node_i2c.0.1.0,kx134.v3
kx134.v3,NODE_PROTOTYPE,1,KX134_SENSOR_1,sensor_node_1,D4:E9:F4:E9:8E:1C,57673,577209925,0,0,NA,0,-338,-3982,304,-0.082520,-0.972168,0.074219,100,100,8,UNCALIBRATED_SENSOR_1,false,CALIBRATION_MISSING,CALIBRATION_MISSING,kx134_single_node_i2c.0.1.0,kx134.v3
kx134.v3,NODE_PROTOTYPE,1,KX134_SENSOR_1,sensor_node_1,D4:E9:F4:E9:8E:1C,57674,577219925,0,0,NA,0,-360,-3969,277,-0.087891,-0.968994,0.067627,100,100,8,UNCALIBRATED_SENSOR_1,false,CALIBRATION_MISSING,CALIBRATION_MISSING,kx134_single_node_i2c.0.1.0,kx134.v3
kx134.v3,NODE_PROTOTYPE,1,KX134_SENSOR_1,sensor_node_1,D4:E9:F4:E9:8E:1C,57675,577229925,0,0,NA,0,-359,-3972,275,-0.087646,-0.969727,0.067139,100,100,8,UNCALIBRATED_SENSOR_1,false,CALIBRATION_MISSING,CALIBRATION_MISSING,kx134_single_node_i2c.0.1.0,kx134.v3
kx134.v3,NODE_PROTOTYPE,1,KX134_SENSOR_1,sensor_node_1,D4:E9:F4:E9:8E:1C,57676,577239925,0,0,NA,0,-334,-4000,290,-0.081543,-0.976562,0.070801,100,100,8,UNCALIBRATED_SENSOR_1,false,CALIBRATION_MISSING,CALIBRATION_MISSING,kx134_single_node_i2c.0.1.0,kx134.v3
kx134.v3,NODE_PROTOTYPE,1,KX134_SENSOR_1,sensor_node_1,D4:E9:F4:E9:8E:1C,57677,577249925,0,0,NA,0,-362,-3987,283,-0.088379,-0.973389,0.069092,100,100,8,UNCALIBRATED_SENSOR_1,false,CALIBRATION_MISSING,CALIBRATION_MISSING,kx134_single_node_i2c.0.1.0,kx134.v3
kx134.v3,NODE_PROTOTYPE,1,KX134_SENSOR_1,sensor_node_1,D4:E9:F4:E9:8E:1C,57678,577259925,0,0,NA,0,-380,-3933,297,-0.092773,-0.960205,0.072510,100,100,8,UNCALIBRATED_SENSOR_1,false,CALIBRATION_MISSING,CALIBRATION_MISSING,kx134_single_node_i2c.0.1.0,kx134.v3
kx134.v3,NODE_PROTOTYPE,1,KX134_SENSOR_1,sensor_node_1,D4:E9:F4:E9:8E:1C,57679,577269925,0,0,NA,0,-331,-3931,303,-0.080811,-0.959717,0.073975,100,100,8,UNCALIBRATED_SENSOR_1,false,CALIBRATION_MISSING,CALIBRATION_MISSING,kx134_single_node_i2c.0.1.0,kx134.v3
kx134.v3,NODE_PROTOTYPE,1,KX134_SENSOR_1,sensor_node_1,D4:E9:F4:E9:8E:1C,57680,577279925,0,0,NA,0,-307,-3938,286,-0.074951,-0.961426,0.069824,100,100,8,UNCALIBRATED_SENSOR_1,false,CALIBRATION_MISSING,CALIBRATION_MISSING,kx134_single_node_i2c.0.1.0,kx134.v3
kx134.v3,NODE_PROTOTYPE,1,KX134_SENSOR_1,sensor_node_1,D4:E9:F4:E9:8E:1C,57681,577289924,0,0,NA,0,-360,-3923,274,-0.087891,-0.957764,0.066895,100,100,8,UNCALIBRATED_SENSOR_1,false,CALIBRATION_MISSING,CALIBRATION_MISSING,kx134_single_node_i2c.0.1.0,kx134.v3
kx134.v3,NODE_PROTOTYPE,1,KX134_SENSOR_1,sensor_node_1,D4:E9:F4:E9:8E:1C,57682,577299925,0,0,NA,0,-404,-3941,274,-0.098633,-0.962158,0.066895,100,100,8,UNCALIBRATED_SENSOR_1,false,CALIBRATION_MISSING,CALIBRATION_MISSING,kx134_single_node_i2c.0.1.0,kx134.v3
kx134.v3,NODE_PROTOTYPE,1,KX134_SENSOR_1,sensor_node_1,D4:E9:F4:E9:8E:1C,57683,577309924,0,0,NA,0,-383,-3974,293,-0.093506,-0.970215,0.071533,100,100,8,UNCALIBRATED_SENSOR_1,false,CALIBRATION_MISSING,CALIBRATION_MISSING,kx134_single_node_i2c.0.1.0,kx134.v3
kx134.v3,NODE_PROTOTYPE,1,KX134_SENSOR_1,sensor_node_1,D4:E9:F4:E9:8E:1C,57684,577319924,0,0,NA,0,-350,-3959,321,-0.085449,-0.966553,0.078369,100,100,8,UNCALIBRATED_SENSOR_1,false,CALIBRATION_MISSING,CALIBRATION_MISSING,kx134_single_node_i2c.0.1.0,kx134.v3
kx134.v3,NODE_PROTOTYPE,1,KX134_SENSOR_1,sensor_node_1,D4:E9:F4:E9:8E:1C,57685,577329925,0,0,NA,0,-328,-3961,314,-0.080078,-0.967041,0.076660,100,100,8,UNCALIBRATED_SENSOR_1,false,CALIBRATION_MISSING,CALIBRATION_MISSING,kx134_single_node_i2c.0.1.0,kx134.v3
kx134.v3,NODE_PROTOTYPE,1,KX134_SENSOR_1,sensor_node_1,D4:E9:F4:E9:8E:1C,57686,577339924,0,0,NA,0,-299,-4016,317,-0.072998,-0.980469,0.077393,100,100,8,UNCALIBRATED_SENSOR_1,false,CALIBRATION_MISSING,CALIBRATION_MISSING,kx134_single_node_i2c.0.1.0,kx134.v3
kx134.v3,NODE_PROTOTYPE,1,KX134_SENSOR_1,sensor_node_1,D4:E9:F4:E9:8E:1C,57687,577349924,0,0,NA,0,-289,-4027,330,-0.070557,-0.983154,0.080566,100,100,8,UNCALIBRATED_SENSOR_1,false,CALIBRATION_MISSING,CALIBRATION_MISSING,kx134_single_node_i2c.0.1.0,kx134.v3
kx134.v3,NODE_PROTOTYPE,1,KX134_SENSOR_1,sensor_node_1,D4:E9:F4:E9:8E:1C,57688,577359925,0,0,NA,0,-310,-3992,316,-0.075684,-0.974609,0.077148,100,100,8,UNCALIBRATED_SENSOR_1,false,CALIBRATION_MISSING,CALIBRATION_MISSING,kx134_single_node_i2c.0.1.0,kx134.v3
kx134.v3,NODE_PROTOTYPE,1,KX134_SENSOR_1,sensor_node_1,D4:E9:F4:E9:8E:1C,57689,577369925,0,0,NA,0,-314,-3993,324,-0.076660,-0.974854,0.079102,100,100,8,UNCALIBRATED_SENSOR_1,false,CALIBRATION_MISSING,CALIBRATION_MISSING,kx134_single_node_i2c.0.1.0,kx134.v3
kx134.v3,NODE_PROTOTYPE,1,KX134_SENSOR_1,sensor_node_1,D4:E9:F4:E9:8E:1C,57690,577379924,0,0,NA,0,-306,-4012,337,-0.074707,-0.979492,0.082275,100,100,8,UNCALIBRATED_SENSOR_1,false,CALIBRATION_MISSING,CALIBRATION_MISSING,kx134_single_node_i2c.0.1.0,kx134.v3
kx134.v3,NODE_PROTOTYPE,1,KX134_SENSOR_1,sensor_node_1,D4:E9:F4:E9:8E:1C,57691,577389924,0,0,NA,0,-328,-4000,306,-0.080078,-0.976562,0.074707,100,100,8,UNCALIBRATED_SENSOR_1,false,CALIBRATION_MISSING,CALIBRATION_MISSING,kx134_single_node_i2c.0.1.0,kx134.v3
kx134.v3,NODE_PROTOTYPE,1,KX134_SENSOR_1,sensor_node_1,D4:E9:F4:E9:8E:1C,57692,577399924,0,0,NA,0,-330,-3991,291,-0.080566,-0.974365,0.071045,100,100,8,UNCALIBRATED_SENSOR_1,false,CALIBRATION_MISSING,CALIBRATION_MISSING,kx134_single_node_i2c.0.1.0,kx134.v3
kx134.v3,NODE_PROTOTYPE,1,KX134_SENSOR_1,sensor_node_1,D4:E9:F4:E9:8E:1C,57693,577409925,0,0,NA,0,-295,-4020,307,-0.072021,-0.981445,0.074951,100,100,8,UNCALIBRATED_SENSOR_1,false,CALIBRATION_MISSING,CALIBRATION_MISSING,kx134_single_node_i2c.0.1.0,kx134.v3
kx134.v3,NODE_PROTOTYPE,1,KX134_SENSOR_1,sensor_node_1,D4:E9:F4:E9:8E:1C,57694,577419925,0,0,NA,0,-323,-4009,329,-0.078857,-0.978760,0.080322,100,100,8,UNCALIBRATED_SENSOR_1,false,CALIBRATION_MISSING,CALIBRATION_MISSING,kx134_single_node_i2c.0.1.0,kx134.v3
kx134.v3,NODE_PROTOTYPE,1,KX134_SENSOR_1,sensor_node_1,D4:E9:F4:E9:8E:1C,57695,577429924,0,0,NA,0,-298,-4040,389,-0.072754,-0.986328,0.094971,100,100,8,UNCALIBRATED_SENSOR_1,false,CALIBRATION_MISSING,CALIBRATION_MISSING,kx134_single_node_i2c.0.1.0,kx134.v3
kx134.v3,NODE_PROTOTYPE,1,KX134_SENSOR_1,sensor_node_1,D4:E9:F4:E9:8E:1C,57696,577439925,0,0,NA,0,-256,-4078,390,-0.062500,-0.995605,0.095215,100,100,8,UNCALIBRATED_SENSOR_1,false,CALIBRATION_MISSING,CALIBRATION_MISSING,kx134_single_node_i2c.0.1.0,kx134.v3
kx134.v3,NODE_PROTOTYPE,1,KX134_SENSOR_1,sensor_node_1,D4:E9:F4:E9:8E:1C,57697,577449925,0,0,NA,0,-308,-4032,325,-0.075195,-0.984375,0.079346,100,100,8,UNCALIBRATED_SENSOR_1,false,CALIBRATION_MISSING,CALIBRATION_MISSING,kx134_single_node_i2c.0.1.0,kx134.v3
kx134.v3,NODE_PROTOTYPE,1,KX134_SENSOR_1,sensor_node_1,D4:E9:F4:E9:8E:1C,57698,577459925,0,0,NA,0,-331,-3994,283,-0.080811,-0.975098,0.069092,100,100,8,UNCALIBRATED_SENSOR_1,false,CALIBRATION_MISSING,CALIBRATION_MISSING,kx134_single_node_i2c.0.1.0,kx134.v3
kx134.v3,NODE_PROTOTYPE,1,KX134_SENSOR_1,sensor_node_1,D4:E9:F4:E9:8E:1C,57699,577469925,0,0,NA,0,-295,-3985,263,-0.072021,-0.972900,0.064209,100,100,8,UNCALIBRATED_SENSOR_1,false,CALIBRATION_MISSING,CALIBRATION_MISSING,kx134_single_node_i2c.0.1.0,kx134.v3
kx134.v3,NODE_PROTOTYPE,1,KX134_SENSOR_1,sensor_node_1,D4:E9:F4:E9:8E:1C,57700,577479925,0,0,NA,0,-256,-4005,325,-0.062500,-0.977783,0.079346,100,100,8,UNCALIBRATED_SENSOR_1,false,CALIBRATION_MISSING,CALIBRATION_MISSING,kx134_single_node_i2c.0.1.0,kx134.v3
kx134.v3,NODE_PROTOTYPE,1,KX134_SENSOR_1,sensor_node_1,D4:E9:F4:E9:8E:1C,57701,577489925,0,0,NA,0,-372,-3895,359,-0.090820,-0.950928,0.087646,100,100,8,UNCALIBRATED_SENSOR_1,false,CALIBRATION_MISSING,CALIBRATION_MISSING,kx134_single_node_i2c.0.1.0,kx134.v3
kx134.v3,NODE_PROTOTYPE,1,KX134_SENSOR_1,sensor_node_1,D4:E9:F4:E9:8E:1C,57702,577499924,0,0,NA,0,-408,-3889,359,-0.099609,-0.949463,0.087646,100,100,8,UNCALIBRATED_SENSOR_1,false,CALIBRATION_MISSING,CALIBRATION_MISSING,kx134_single_node_i2c.0.1.0,kx134.v3
kx134.v3,NODE_PROTOTYPE,1,KX134_SENSOR_1,sensor_node_1,D4:E9:F4:E9:8E:1C,57703,577509925,0,0,NA,0,-408,-3889,344,-0.099609,-0.949463,0.083984,100,100,8,UNCALIBRATED_SENSOR_1,false,CALIBRATION_MISSING,CALIBRATION_MISSING,kx134_single_node_i2c.0.1.0,kx134.v3
kx134.v3,NODE_PROTOTYPE,1,KX134_SENSOR_1,sensor_node_1,D4:E9:F4:E9:8E:1C,57704,577519925,0,0,NA,0,-381,-3807,225,-0.093018,-0.929443,0.054932,100,100,8,UNCALIBRATED_SENSOR_1,false,CALIBRATION_MISSING,CALIBRATION_MISSING,kx134_single_node_i2c.0.1.0,kx134.v3
kx134.v3,NODE_PROTOTYPE,1,KX134_SENSOR_1,sensor_node_1,D4:E9:F4:E9:8E:1C,57705,577529925,0,0,NA,0,-433,-3714,172,-0.105713,-0.906738,0.041992,100,100,8,UNCALIBRATED_SENSOR_1,false,CALIBRATION_MISSING,CALIBRATION_MISSING,kx134_single_node_i2c.0.1.0,kx134.v3
kx134.v3,NODE_PROTOTYPE,1,KX134_SENSOR_1,sensor_node_1,D4:E9:F4:E9:8E:1C,57706,577539925,0,0,NA,0,-449,-3750,130,-0.109619,-0.915527,0.031738,100,100,8,UNCALIBRATED_SENSOR_1,false,CALIBRATION_MISSING,CALIBRATION_MISSING,kx134_single_node_i2c.0.1.0,kx134.v3
kx134.v3,NODE_PROTOTYPE,1,KX134_SENSOR_1,sensor_node_1,D4:E9:F4:E9:8E:1C,57707,577549925,0,0,NA,0,-391,-3691,171,-0.095459,-0.901123,0.041748,100,100,8,UNCALIBRATED_SENSOR_1,false,CALIBRATION_MISSING,CALIBRATION_MISSING,kx134_single_node_i2c.0.1.0,kx134.v3
kx134.v3,NODE_PROTOTYPE,1,KX134_SENSOR_1,sensor_node_1,D4:E9:F4:E9:8E:1C,57708,577559925,0,0,NA,0,-257,-3726,281,-0.062744,-0.909668,0.068604,100,100,8,UNCALIBRATED_SENSOR_1,false,CALIBRATION_MISSING,CALIBRATION_MISSING,kx134_single_node_i2c.0.1.0,kx134.v3
kx134.v3,NODE_PROTOTYPE,1,KX134_SENSOR_1,sensor_node_1,D4:E9:F4:E9:8E:1C,57709,577569924,0,0,NA,0,-218,-3831,247,-0.053223,-0.935303,0.060303,100,100,8,UNCALIBRATED_SENSOR_1,false,CALIBRATION_MISSING,CALIBRATION_MISSING,kx134_single_node_i2c.0.1.0,kx134.v3
kx134.v3,NODE_PROTOTYPE,1,KX134_SENSOR_1,sensor_node_1,D4:E9:F4:E9:8E:1C,57710,577579924,0,0,NA,0,-254,-3930,275,-0.062012,-0.959473,0.067139,100,100,8,UNCALIBRATED_SENSOR_1,false,CALIBRATION_MISSING,CALIBRATION_MISSING,kx134_single_node_i2c.0.1.0,kx134.v3
kx134.v3,NODE_PROTOTYPE,1,KX134_SENSOR_1,sensor_node_1,D4:E9:F4:E9:8E:1C,57711,577589924,0,0,NA,0,-256,-3981,305,-0.062500,-0.971924,0.074463,100,100,8,UNCALIBRATED_SENSOR_1,false,CALIBRATION_MISSING,CALIBRATION_MISSING,kx134_single_node_i2c.0.1.0,kx134.v3
kx134.v3,NODE_PROTOTYPE,1,KX134_SENSOR_1,sensor_node_1,D4:E9:F4:E9:8E:1C,57712,577599924,0,0,NA,0,-281,-4009,328,-0.068604,-0.978760,0.080078,100,100,8,UNCALIBRATED_SENSOR_1,false,CALIBRATION_MISSING,CALIBRATION_MISSING,kx134_single_node_i2c.0.1.0,kx134.v3
kx134.v3,NODE_PROTOTYPE,1,KX134_SENSOR_1,sensor_node_1,D4:E9:F4:E9:8E:1C,57713,577609925,0,0,NA,0,-342,-4003,304,-0.083496,-0.977295,0.074219,100,100,8,UNCALIBRATED_SENSOR_1,false,CALIBRATION_MISSING,CALIBRATION_MISSING,kx134_single_node_i2c.0.1.0,kx134.v3
kx134.v3,NODE_PROTOTYPE,1,KX134_SENSOR_1,sensor_node_1,D4:E9:F4:E9:8E:1C,57714,577619924,0,0,NA,0,-338,-3977,262,-0.082520,-0.970947,0.063965,100,100,8,UNCALIBRATED_SENSOR_1,false,CALIBRATION_MISSING,CALIBRATION_MISSING,kx134_single_node_i2c.0.1.0,kx134.v3
kx134.v3,NODE_PROTOTYPE,1,KX134_SENSOR_1,sensor_node_1,D4:E9:F4:E9:8E:1C,57715,577629924,0,0,NA,0,-319,-3956,234,-0.077881,-0.965820,0.057129,100,100,8,UNCALIBRATED_SENSOR_1,false,CALIBRATION_MISSING,CALIBRATION_MISSING,kx134_single_node_i2c.0.1.0,kx134.v3
kx134.v3,NODE_PROTOTYPE,1,KX134_SENSOR_1,sensor_node_1,D4:E9:F4:E9:8E:1C,57716,577639924,0,0,NA,0,-328,-3958,230,-0.080078,-0.966309,0.056152,100,100,8,UNCALIBRATED_SENSOR_1,false,CALIBRATION_MISSING,CALIBRATION_MISSING,kx134_single_node_i2c.0.1.0,kx134.v3
kx134.v3,NODE_PROTOTYPE,1,KX134_SENSOR_1,sensor_node_1,D4:E9:F4:E9:8E:1C,57717,577649925,0,0,NA,0,-340,-3970,262,-0.083008,-0.969238,0.063965,100,100,8,UNCALIBRATED_SENSOR_1,false,CALIBRATION_MISSING,CALIBRATION_MISSING,kx134_single_node_i2c.0.1.0,kx134.v3
kx134.v3,NODE_PROTOTYPE,1,KX134_SENSOR_1,sensor_node_1,D4:E9:F4:E9:8E:1C,57718,577659925,0,0,NA,0,-335,-3987,293,-0.081787,-0.973389,0.071533,100,100,8,UNCALIBRATED_SENSOR_1,false,CALIBRATION_MISSING,CALIBRATION_MISSING,kx134_single_node_i2c.0.1.0,kx134.v3
kx134.v3,NODE_PROTOTYPE,1,KX134_SENSOR_1,sensor_node_1,D4:E9:F4:E9:8E:1C,57719,577669925,0,0,NA,0,-334,-3986,290,-0.081543,-0.973145,0.070801,100,100,8,UNCALIBRATED_SENSOR_1,false,CALIBRATION_MISSING,CALIBRATION_MISSING,kx134_single_node_i2c.0.1.0,kx134.v3
kx134.v3,NODE_PROTOTYPE,1,KX134_SENSOR_1,sensor_node_1,D4:E9:F4:E9:8E:1C,57720,577679925,0,0,NA,0,-353,-3986,307,-0.086182,-0.973145,0.074951,100,100,8,UNCALIBRATED_SENSOR_1,false,CALIBRATION_MISSING,CALIBRATION_MISSING,kx134_single_node_i2c.0.1.0,kx134.v3
kx134.v3,NODE_PROTOTYPE,1,KX134_SENSOR_1,sensor_node_1,D4:E9:F4:E9:8E:1C,57721,577689925,0,0,NA,0,-362,-3963,329,-0.088379,-0.967529,0.080322,100,100,8,UNCALIBRATED_SENSOR_1,false,CALIBRATION_MISSING,CALIBRATION_MISSING,kx134_single_node_i2c.0.1.0,kx134.v3
kx134.v3,NODE_PROTOTYPE,1,KX134_SENSOR_1,sensor_node_1,D4:E9:F4:E9:8E:1C,57722,577699925,0,0,NA,0,-347,-3948,339,-0.084717,-0.963867,0.082764,100,100,8,UNCALIBRATED_SENSOR_1,false,CALIBRATION_MISSING,CALIBRATION_MISSING,kx134_single_node_i2c.0.1.0,kx134.v3
kx134.v3,NODE_PROTOTYPE,1,KX134_SENSOR_1,sensor_node_1,D4:E9:F4:E9:8E:1C,57723,577709925,0,0,NA,0,-321,-3959,327,-0.078369,-0.966553,0.079834,100,100,8,UNCALIBRATED_SENSOR_1,false,CALIBRATION_MISSING,CALIBRATION_MISSING,kx134_single_node_i2c.0.1.0,kx134.v3
kx134.v3,NODE_PROTOTYPE,1,KX134_SENSOR_1,sensor_node_1,D4:E9:F4:E9:8E:1C,57724,577719924,0,0,NA,0,-295,-3969,308,-0.072021,-0.968994,0.075195,100,100,8,UNCALIBRATED_SENSOR_1,false,CALIBRATION_MISSING,CALIBRATION_MISSING,kx134_single_node_i2c.0.1.0,kx134.v3
kx134.v3,NODE_PROTOTYPE,1,KX134_SENSOR_1,sensor_node_1,D4:E9:F4:E9:8E:1C,57725,577729924,0,0,NA,0,-305,-3941,329,-0.074463,-0.962158,0.080322,100,100,8,UNCALIBRATED_SENSOR_1,false,CALIBRATION_MISSING,CALIBRATION_MISSING,kx134_single_node_i2c.0.1.0,kx134.v3
kx134.v3,NODE_PROTOTYPE,1,KX134_SENSOR_1,sensor_node_1,D4:E9:F4:E9:8E:1C,57726,577739925,0,0,NA,0,-315,-3936,330,-0.076904,-0.960937,0.080566,100,100,8,UNCALIBRATED_SENSOR_1,false,CALIBRATION_MISSING,CALIBRATION_MISSING,kx134_single_node_i2c.0.1.0,kx134.v3
kx134.v3,NODE_PROTOTYPE,1,KX134_SENSOR_1,sensor_node_1,D4:E9:F4:E9:8E:1C,57727,577749925,0,0,NA,0,-324,-3984,291,-0.079102,-0.972656,0.071045,100,100,8,UNCALIBRATED_SENSOR_1,false,CALIBRATION_MISSING,CALIBRATION_MISSING,kx134_single_node_i2c.0.1.0,kx134.v3
kx134.v3,NODE_PROTOTYPE,1,KX134_SENSOR_1,sensor_node_1,D4:E9:F4:E9:8E:1C,57728,577759924,0,0,NA,0,-322,-3995,282,-0.078613,-0.975342,0.068848,100,100,8,UNCALIBRATED_SENSOR_1,false,CALIBRATION_MISSING,CALIBRATION_MISSING,kx134_single_node_i2c.0.1.0,kx134.v3
kx134.v3,NODE_PROTOTYPE,1,KX134_SENSOR_1,sensor_node_1,D4:E9:F4:E9:8E:1C,57729,577769925,0,0,NA,0,-291,-3972,276,-0.071045,-0.969727,0.067383,100,100,8,UNCALIBRATED_SENSOR_1,false,CALIBRATION_MISSING,CALIBRATION_MISSING,kx134_single_node_i2c.0.1.0,kx134.v3
kx134.v3,NODE_PROTOTYPE,1,KX134_SENSOR_1,sensor_node_1,D4:E9:F4:E9:8E:1C,57730,577779925,0,0,NA,0,-295,-3972,270,-0.072021,-0.969727,0.065918,100,100,8,UNCALIBRATED_SENSOR_1,false,CALIBRATION_MISSING,CALIBRATION_MISSING,kx134_single_node_i2c.0.1.0,kx134.v3
kx134.v3,NODE_PROTOTYPE,1,KX134_SENSOR_1,sensor_node_1,D4:E9:F4:E9:8E:1C,57731,577789925,0,0,NA,0,-311,-3985,283,-0.075928,-0.972900,0.069092,100,100,8,UNCALIBRATED_SENSOR_1,false,CALIBRATION_MISSING,CALIBRATION_MISSING,kx134_single_node_i2c.0.1.0,kx134.v3
kx134.v3,NODE_PROTOTYPE,1,KX134_SENSOR_1,sensor_node_1,D4:E9:F4:E9:8E:1C,57732,577799925,0,0,NA,0,-307,-3994,292,-0.074951,-0.975098,0.071289,100,100,8,UNCALIBRATED_SENSOR_1,false,CALIBRATION_MISSING,CALIBRATION_MISSING,kx134_single_node_i2c.0.1.0,kx134.v3
kx134.v3,NODE_PROTOTYPE,1,KX134_SENSOR_1,sensor_node_1,D4:E9:F4:E9:8E:1C,57733,577809925,0,0,NA,0,-330,-3999,295,-0.080566,-0.976318,0.072021,100,100,8,UNCALIBRATED_SENSOR_1,false,CALIBRATION_MISSING,CALIBRATION_MISSING,kx134_single_node_i2c.0.1.0,kx134.v3
kx134.v3,NODE_PROTOTYPE,1,KX134_SENSOR_1,sensor_node_1,D4:E9:F4:E9:8E:1C,57734,577819924,0,0,NA,0,-353,-3989,288,-0.086182,-0.973877,0.070312,100,100,8,UNCALIBRATED_SENSOR_1,false,CALIBRATION_MISSING,CALIBRATION_MISSING,kx134_single_node_i2c.0.1.0,kx134.v3
kx134.v3,NODE_PROTOTYPE,1,KX134_SENSOR_1,sensor_node_1,D4:E9:F4:E9:8E:1C,57735,577829924,0,0,NA,0,-362,-3975,274,-0.088379,-0.970459,0.066895,100,100,8,UNCALIBRATED_SENSOR_1,false,CALIBRATION_MISSING,CALIBRATION_MISSING,kx134_single_node_i2c.0.1.0,kx134.v3
kx134.v3,NODE_PROTOTYPE,1,KX134_SENSOR_1,sensor_node_1,D4:E9:F4:E9:8E:1C,57736,577839924,0,0,NA,0,-375,-3970,261,-0.091553,-0.969238,0.063721,100,100,8,UNCALIBRATED_SENSOR_1,false,CALIBRATION_MISSING,CALIBRATION_MISSING,kx134_single_node_i2c.0.1.0,kx134.v3
kx134.v3,NODE_PROTOTYPE,1,KX134_SENSOR_1,sensor_node_1,D4:E9:F4:E9:8E:1C,57737,577849924,0,0,NA,0,-364,-3962,277,-0.088867,-0.967285,0.067627,100,100,8,UNCALIBRATED_SENSOR_1,false,CALIBRATION_MISSING,CALIBRATION_MISSING,kx134_single_node_i2c.0.1.0,kx134.v3
kx134.v3,NODE_PROTOTYPE,1,KX134_SENSOR_1,sensor_node_1,D4:E9:F4:E9:8E:1C,57738,577859925,0,0,NA,0,-355,-3949,284,-0.086670,-0.964111,0.069336,100,100,8,UNCALIBRATED_SENSOR_1,false,CALIBRATION_MISSING,CALIBRATION_MISSING,kx134_single_node_i2c.0.1.0,kx134.v3
kx134.v3,NODE_PROTOTYPE,1,KX134_SENSOR_1,sensor_node_1,D4:E9:F4:E9:8E:1C,57739,577869925,0,0,NA,0,-345,-3981,255,-0.084229,-0.971924,0.062256,100,100,8,UNCALIBRATED_SENSOR_1,false,CALIBRATION_MISSING,CALIBRATION_MISSING,kx134_single_node_i2c.0.1.0,kx134.v3
kx134.v3,NODE_PROTOTYPE,1,KX134_SENSOR_1,sensor_node_1,D4:E9:F4:E9:8E:1C,57740,577879925,0,0,NA,0,-327,-4018,255,-0.079834,-0.980957,0.062256,100,100,8,UNCALIBRATED_SENSOR_1,false,CALIBRATION_MISSING,CALIBRATION_MISSING,kx134_single_node_i2c.0.1.0,kx134.v3
kx134.v3,NODE_PROTOTYPE,1,KX134_SENSOR_1,sensor_node_1,D4:E9:F4:E9:8E:1C,57741,577889925,0,0,NA,0,-316,-4032,291,-0.077148,-0.984375,0.071045,100,100,8,UNCALIBRATED_SENSOR_1,false,CALIBRATION_MISSING,CALIBRATION_MISSING,kx134_single_node_i2c.0.1.0,kx134.v3
kx134.v3,NODE_PROTOTYPE,1,KX134_SENSOR_1,sensor_node_1,D4:E9:F4:E9:8E:1C,57742,577899925,0,0,NA,0,-330,-4033,268,-0.080566,-0.984619,0.065430,100,100,8,UNCALIBRATED_SENSOR_1,false,CALIBRATION_MISSING,CALIBRATION_MISSING,kx134_single_node_i2c.0.1.0,kx134.v3
kx134.v3,NODE_PROTOTYPE,1,KX134_SENSOR_1,sensor_node_1,D4:E9:F4:E9:8E:1C,57743,577909924,0,0,NA,0,-338,-4033,262,-0.082520,-0.984619,0.063965,100,100,8,UNCALIBRATED_SENSOR_1,false,CALIBRATION_MISSING,CALIBRATION_MISSING,kx134_single_node_i2c.0.1.0,kx134.v3
kx134.v3,NODE_PROTOTYPE,1,KX134_SENSOR_1,sensor_node_1,D4:E9:F4:E9:8E:1C,57744,577919925,0,0,NA,0,-313,-4020,308,-0.076416,-0.981445,0.075195,100,100,8,UNCALIBRATED_SENSOR_1,false,CALIBRATION_MISSING,CALIBRATION_MISSING,kx134_single_node_i2c.0.1.0,kx134.v3
kx134.v3,NODE_PROTOTYPE,1,KX134_SENSOR_1,sensor_node_1,D4:E9:F4:E9:8E:1C,57745,577929925,0,0,NA,0,-318,-3970,314,-0.077637,-0.969238,0.076660,100,100,8,UNCALIBRATED_SENSOR_1,false,CALIBRATION_MISSING,CALIBRATION_MISSING,kx134_single_node_i2c.0.1.0,kx134.v3
kx134.v3,NODE_PROTOTYPE,1,KX134_SENSOR_1,sensor_node_1,D4:E9:F4:E9:8E:1C,57746,577939925,0,0,NA,0,-364,-3948,294,-0.088867,-0.963867,0.071777,100,100,8,UNCALIBRATED_SENSOR_1,false,CALIBRATION_MISSING,CALIBRATION_MISSING,kx134_single_node_i2c.0.1.0,kx134.v3
kx134.v3,NODE_PROTOTYPE,1,KX134_SENSOR_1,sensor_node_1,D4:E9:F4:E9:8E:1C,57747,577949925,0,0,NA,0,-378,-3968,299,-0.092285,-0.968750,0.072998,100,100,8,UNCALIBRATED_SENSOR_1,false,CALIBRATION_MISSING,CALIBRATION_MISSING,kx134_single_node_i2c.0.1.0,kx134.v3
kx134.v3,NODE_PROTOTYPE,1,KX134_SENSOR_1,sensor_node_1,D4:E9:F4:E9:8E:1C,57748,577959925,0,0,NA,0,-339,-3991,322,-0.082764,-0.974365,0.078613,100,100,8,UNCALIBRATED_SENSOR_1,false,CALIBRATION_MISSING,CALIBRATION_MISSING,kx134_single_node_i2c.0.1.0,kx134.v3
kx134.v3,NODE_PROTOTYPE,1,KX134_SENSOR_1,sensor_node_1,D4:E9:F4:E9:8E:1C,57749,577969925,0,0,NA,0,-307,-4000,310,-0.074951,-0.976562,0.075684,100,100,8,UNCALIBRATED_SENSOR_1,false,CALIBRATION_MISSING,CALIBRATION_MISSING,kx134_single_node_i2c.0.1.0,kx134.v3
kx134.v3,NODE_PROTOTYPE,1,KX134_SENSOR_1,sensor_node_1,D4:E9:F4:E9:8E:1C,57750,577979924,0,0,NA,0,-308,-3989,288,-0.075195,-0.973877,0.070312,100,100,8,UNCALIBRATED_SENSOR_1,false,CALIBRATION_MISSING,CALIBRATION_MISSING,kx134_single_node_i2c.0.1.0,kx134.v3
kx134.v3,NODE_PROTOTYPE,1,KX134_SENSOR_1,sensor_node_1,D4:E9:F4:E9:8E:1C,57751,577989924,0,0,NA,0,-311,-3987,314,-0.075928,-0.973389,0.076660,100,100,8,UNCALIBRATED_SENSOR_1,false,CALIBRATION_MISSING,CALIBRATION_MISSING,kx134_single_node_i2c.0.1.0,kx134.v3
kx134.v3,NODE_PROTOTYPE,1,KX134_SENSOR_1,sensor_node_1,D4:E9:F4:E9:8E:1C,57752,577999925,0,0,NA,0,-311,-3991,329,-0.075928,-0.974365,0.080322,100,100,8,UNCALIBRATED_SENSOR_1,false,CALIBRATION_MISSING,CALIBRATION_MISSING,kx134_single_node_i2c.0.1.0,kx134.v3
kx134.v3,NODE_PROTOTYPE,1,KX134_SENSOR_1,sensor_node_1,D4:E9:F4:E9:8E:1C,57753,578009925,0,0,NA,0,-313,-3984,338,-0.076416,-0.972656,0.082520,100,100,8,UNCALIBRATED_SENSOR_1,false,CALIBRATION_MISSING,CALIBRATION_MISSING,kx134_single_node_i2c.0.1.0,kx134.v3
kx134.v3,NODE_PROTOTYPE,1,KX134_SENSOR_1,sensor_node_1,D4:E9:F4:E9:8E:1C,57754,578019925,0,0,NA,0,-306,-3976,326,-0.074707,-0.970703,0.079590,100,100,8,UNCALIBRATED_SENSOR_1,false,CALIBRATION_MISSING,CALIBRATION_MISSING,kx134_single_node_i2c.0.1.0,kx134.v3
kx134.v3,NODE_PROTOTYPE,1,KX134_SENSOR_1,sensor_node_1,D4:E9:F4:E9:8E:1C,57755,578029925,0,0,NA,0,-312,-3978,289,-0.076172,-0.971191,0.070557,100,100,8,UNCALIBRATED_SENSOR_1,false,CALIBRATION_MISSING,CALIBRATION_MISSING,kx134_single_node_i2c.0.1.0,kx134.v3
kx134.v3,NODE_PROTOTYPE,1,KX134_SENSOR_1,sensor_node_1,D4:E9:F4:E9:8E:1C,57756,578039925,0,0,NA,0,-312,-3973,296,-0.076172,-0.969971,0.072266,100,100,8,UNCALIBRATED_SENSOR_1,false,CALIBRATION_MISSING,CALIBRATION_MISSING,kx134_single_node_i2c.0.1.0,kx134.v3
kx134.v3,NODE_PROTOTYPE,1,KX134_SENSOR_1,sensor_node_1,D4:E9:F4:E9:8E:1C,57757,578049925,0,0,NA,0,-319,-3986,284,-0.077881,-0.973145,0.069336,100,100,8,UNCALIBRATED_SENSOR_1,false,CALIBRATION_MISSING,CALIBRATION_MISSING,kx134_single_node_i2c.0.1.0,kx134.v3
kx134.v3,NODE_PROTOTYPE,1,KX134_SENSOR_1,sensor_node_1,D4:E9:F4:E9:8E:1C,57758,578059925,0,0,NA,0,-346,-4007,262,-0.084473,-0.978271,0.063965,100,100,8,UNCALIBRATED_SENSOR_1,false,CALIBRATION_MISSING,CALIBRATION_MISSING,kx134_single_node_i2c.0.1.0,kx134.v3
kx134.v3,NODE_PROTOTYPE,1,KX134_SENSOR_1,sensor_node_1,D4:E9:F4:E9:8E:1C,57759,578069924,0,0,NA,0,-338,-3985,255,-0.082520,-0.972900,0.062256,100,100,8,UNCALIBRATED_SENSOR_1,false,CALIBRATION_MISSING,CALIBRATION_MISSING,kx134_single_node_i2c.0.1.0,kx134.v3
kx134.v3,NODE_PROTOTYPE,1,KX134_SENSOR_1,sensor_node_1,D4:E9:F4:E9:8E:1C,57760,578079925,0,0,NA,0,-328,-3987,265,-0.080078,-0.973389,0.064697,100,100,8,UNCALIBRATED_SENSOR_1,false,CALIBRATION_MISSING,CALIBRATION_MISSING,kx134_single_node_i2c.0.1.0,kx134.v3
kx134.v3,NODE_PROTOTYPE,1,KX134_SENSOR_1,sensor_node_1,D4:E9:F4:E9:8E:1C,57761,578089924,0,0,NA,0,-324,-3992,288,-0.079102,-0.974609,0.070312,100,100,8,UNCALIBRATED_SENSOR_1,false,CALIBRATION_MISSING,CALIBRATION_MISSING,kx134_single_node_i2c.0.1.0,kx134.v3
kx134.v3,NODE_PROTOTYPE,1,KX134_SENSOR_1,sensor_node_1,D4:E9:F4:E9:8E:1C,57762,578099925,0,0,NA,0,-340,-3969,255,-0.083008,-0.968994,0.062256,100,100,8,UNCALIBRATED_SENSOR_1,false,CALIBRATION_MISSING,CALIBRATION_MISSING,kx134_single_node_i2c.0.1.0,kx134.v3
kx134.v3,NODE_PROTOTYPE,1,KX134_SENSOR_1,sensor_node_1,D4:E9:F4:E9:8E:1C,57763,578109925,0,0,NA,0,-353,-3967,223,-0.086182,-0.968506,0.054443,100,100,8,UNCALIBRATED_SENSOR_1,false,CALIBRATION_MISSING,CALIBRATION_MISSING,kx134_single_node_i2c.0.1.0,kx134.v3
kx134.v3,NODE_PROTOTYPE,1,KX134_SENSOR_1,sensor_node_1,D4:E9:F4:E9:8E:1C,57764,578119925,0,0,NA,0,-338,-3997,252,-0.082520,-0.975830,0.061523,100,100,8,UNCALIBRATED_SENSOR_1,false,CALIBRATION_MISSING,CALIBRATION_MISSING,kx134_single_node_i2c.0.1.0,kx134.v3
kx134.v3,NODE_PROTOTYPE,1,KX134_SENSOR_1,sensor_node_1,D4:E9:F4:E9:8E:1C,57765,578129925,0,0,NA,0,-309,-4021,279,-0.075439,-0.981689,0.068115,100,100,8,UNCALIBRATED_SENSOR_1,false,CALIBRATION_MISSING,CALIBRATION_MISSING,kx134_single_node_i2c.0.1.0,kx134.v3
kx134.v3,NODE_PROTOTYPE,1,KX134_SENSOR_1,sensor_node_1,D4:E9:F4:E9:8E:1C,57766,578139924,0,0,NA,0,-279,-4017,297,-0.068115,-0.980713,0.072510,100,100,8,UNCALIBRATED_SENSOR_1,false,CALIBRATION_MISSING,CALIBRATION_MISSING,kx134_single_node_i2c.0.1.0,kx134.v3
kx134.v3,NODE_PROTOTYPE,1,KX134_SENSOR_1,sensor_node_1,D4:E9:F4:E9:8E:1C,57767,578149925,0,0,NA,0,-290,-4003,315,-0.070801,-0.977295,0.076904,100,100,8,UNCALIBRATED_SENSOR_1,false,CALIBRATION_MISSING,CALIBRATION_MISSING,kx134_single_node_i2c.0.1.0,kx134.v3
kx134.v3,NODE_PROTOTYPE,1,KX134_SENSOR_1,sensor_node_1,D4:E9:F4:E9:8E:1C,57768,578159925,0,0,NA,0,-307,-4018,319,-0.074951,-0.980957,0.077881,100,100,8,UNCALIBRATED_SENSOR_1,false,CALIBRATION_MISSING,CALIBRATION_MISSING,kx134_single_node_i2c.0.1.0,kx134.v3
kx134.v3,NODE_PROTOTYPE,1,KX134_SENSOR_1,sensor_node_1,D4:E9:F4:E9:8E:1C,57769,578169925,0,0,NA,0,-299,-4001,322,-0.072998,-0.976807,0.078613,100,100,8,UNCALIBRATED_SENSOR_1,false,CALIBRATION_MISSING,CALIBRATION_MISSING,kx134_single_node_i2c.0.1.0,kx134.v3
kx134.v3,NODE_PROTOTYPE,1,KX134_SENSOR_1,sensor_node_1,D4:E9:F4:E9:8E:1C,57770,578179925,0,0,NA,0,-262,-3970,331,-0.063965,-0.969238,0.080811,100,100,8,UNCALIBRATED_SENSOR_1,false,CALIBRATION_MISSING,CALIBRATION_MISSING,kx134_single_node_i2c.0.1.0,kx134.v3
kx134.v3,NODE_PROTOTYPE,1,KX134_SENSOR_1,sensor_node_1,D4:E9:F4:E9:8E:1C,57771,578189925,0,0,NA,0,-263,-3980,325,-0.064209,-0.971680,0.079346,100,100,8,UNCALIBRATED_SENSOR_1,false,CALIBRATION_MISSING,CALIBRATION_MISSING,kx134_single_node_i2c.0.1.0,kx134.v3
kx134.v3,NODE_PROTOTYPE,1,KX134_SENSOR_1,sensor_node_1,D4:E9:F4:E9:8E:1C,57772,578199925,0,0,NA,0,-304,-3990,296,-0.074219,-0.974121,0.072266,100,100,8,UNCALIBRATED_SENSOR_1,false,CALIBRATION_MISSING,CALIBRATION_MISSING,kx134_single_node_i2c.0.1.0,kx134.v3
kx134.v3,NODE_PROTOTYPE,1,KX134_SENSOR_1,sensor_node_1,D4:E9:F4:E9:8E:1C,57773,578209925,0,0,NA,0,-314,-4012,286,-0.076660,-0.979492,0.069824,100,100,8,UNCALIBRATED_SENSOR_1,false,CALIBRATION_MISSING,CALIBRATION_MISSING,kx134_single_node_i2c.0.1.0,kx134.v3
kx134.v3,NODE_PROTOTYPE,1,KX134_SENSOR_1,sensor_node_1,D4:E9:F4:E9:8E:1C,57774,578219925,0,0,NA,0,-293,-4036,302,-0.071533,-0.985352,0.073730,100,100,8,UNCALIBRATED_SENSOR_1,false,CALIBRATION_MISSING,CALIBRATION_MISSING,kx134_single_node_i2c.0.1.0,kx134.v3
kx134.v3,NODE_PROTOTYPE,1,KX134_SENSOR_1,sensor_node_1,D4:E9:F4:E9:8E:1C,57775,578229925,0,0,NA,0,-288,-4039,289,-0.070312,-0.986084,0.070557,100,100,8,UNCALIBRATED_SENSOR_1,false,CALIBRATION_MISSING,CALIBRATION_MISSING,kx134_single_node_i2c.0.1.0,kx134.v3
kx134.v3,NODE_PROTOTYPE,1,KX134_SENSOR_1,sensor_node_1,D4:E9:F4:E9:8E:1C,57776,578239925,0,0,NA,0,-282,-4026,285,-0.068848,-0.982910,0.069580,100,100,8,UNCALIBRATED_SENSOR_1,false,CALIBRATION_MISSING,CALIBRATION_MISSING,kx134_single_node_i2c.0.1.0,kx134.v3
kx134.v3,NODE_PROTOTYPE,1,KX134_SENSOR_1,sensor_node_1,D4:E9:F4:E9:8E:1C,57777,578249925,0,0,NA,0,-292,-4017,306,-0.071289,-0.980713,0.074707,100,100,8,UNCALIBRATED_SENSOR_1,false,CALIBRATION_MISSING,CALIBRATION_MISSING,kx134_single_node_i2c.0.1.0,kx134.v3
kx134.v3,NODE_PROTOTYPE,1,KX134_SENSOR_1,sensor_node_1,D4:E9:F4:E9:8E:1C,57778,578259924,0,0,NA,0,-337,-3991,300,-0.082275,-0.974365,0.073242,100,100,8,UNCALIBRATED_SENSOR_1,false,CALIBRATION_MISSING,CALIBRATION_MISSING,kx134_single_node_i2c.0.1.0,kx134.v3
kx134.v3,NODE_PROTOTYPE,1,KX134_SENSOR_1,sensor_node_1,D4:E9:F4:E9:8E:1C,57779,578269924,0,0,NA,0,-332,-3970,263,-0.081055,-0.969238,0.064209,100,100,8,UNCALIBRATED_SENSOR_1,false,CALIBRATION_MISSING,CALIBRATION_MISSING,kx134_single_node_i2c.0.1.0,kx134.v3
kx134.v3,NODE_PROTOTYPE,1,KX134_SENSOR_1,sensor_node_1,D4:E9:F4:E9:8E:1C,57780,578279925,0,0,NA,0,-336,-3939,225,-0.082031,-0.961670,0.054932,100,100,8,UNCALIBRATED_SENSOR_1,false,CALIBRATION_MISSING,CALIBRATION_MISSING,kx134_single_node_i2c.0.1.0,kx134.v3
kx134.v3,NODE_PROTOTYPE,1,KX134_SENSOR_1,sensor_node_1,D4:E9:F4:E9:8E:1C,57781,578289924,0,0,NA,0,-345,-3922,259,-0.084229,-0.957520,0.063232,100,100,8,UNCALIBRATED_SENSOR_1,false,CALIBRATION_MISSING,CALIBRATION_MISSING,kx134_single_node_i2c.0.1.0,kx134.v3
kx134.v3,NODE_PROTOTYPE,1,KX134_SENSOR_1,sensor_node_1,D4:E9:F4:E9:8E:1C,57782,578299924,0,0,NA,0,-324,-3938,291,-0.079102,-0.961426,0.071045,100,100,8,UNCALIBRATED_SENSOR_1,false,CALIBRATION_MISSING,CALIBRATION_MISSING,kx134_single_node_i2c.0.1.0,kx134.v3
kx134.v3,NODE_PROTOTYPE,1,KX134_SENSOR_1,sensor_node_1,D4:E9:F4:E9:8E:1C,57783,578309925,0,0,NA,0,-335,-3965,267,-0.081787,-0.968018,0.065186,100,100,8,UNCALIBRATED_SENSOR_1,false,CALIBRATION_MISSING,CALIBRATION_MISSING,kx134_single_node_i2c.0.1.0,kx134.v3
kx134.v3,NODE_PROTOTYPE,1,KX134_SENSOR_1,sensor_node_1,D4:E9:F4:E9:8E:1C,57784,578319925,0,0,NA,0,-348,-3982,271,-0.084961,-0.972168,0.066162,100,100,8,UNCALIBRATED_SENSOR_1,false,CALIBRATION_MISSING,CALIBRATION_MISSING,kx134_single_node_i2c.0.1.0,kx134.v3
kx134.v3,NODE_PROTOTYPE,1,KX134_SENSOR_1,sensor_node_1,D4:E9:F4:E9:8E:1C,57785,578329924,0,0,NA,0,-367,-3985,286,-0.089600,-0.972900,0.069824,100,100,8,UNCALIBRATED_SENSOR_1,false,CALIBRATION_MISSING,CALIBRATION_MISSING,kx134_single_node_i2c.0.1.0,kx134.v3
kx134.v3,NODE_PROTOTYPE,1,KX134_SENSOR_1,sensor_node_1,D4:E9:F4:E9:8E:1C,57786,578339925,0,0,NA,0,-383,-3981,316,-0.093506,-0.971924,0.077148,100,100,8,UNCALIBRATED_SENSOR_1,false,CALIBRATION_MISSING,CALIBRATION_MISSING,kx134_single_node_i2c.0.1.0,kx134.v3
kx134.v3,NODE_PROTOTYPE,1,KX134_SENSOR_1,sensor_node_1,D4:E9:F4:E9:8E:1C,57787,578349925,0,0,NA,0,-366,-3971,324,-0.089355,-0.969482,0.079102,100,100,8,UNCALIBRATED_SENSOR_1,false,CALIBRATION_MISSING,CALIBRATION_MISSING,kx134_single_node_i2c.0.1.0,kx134.v3
kx134.v3,NODE_PROTOTYPE,1,KX134_SENSOR_1,sensor_node_1,D4:E9:F4:E9:8E:1C,57788,578359925,0,0,NA,0,-323,-3971,320,-0.078857,-0.969482,0.078125,100,100,8,UNCALIBRATED_SENSOR_1,false,CALIBRATION_MISSING,CALIBRATION_MISSING,kx134_single_node_i2c.0.1.0,kx134.v3
kx134.v3,NODE_PROTOTYPE,1,KX134_SENSOR_1,sensor_node_1,D4:E9:F4:E9:8E:1C,57789,578369925,0,0,NA,0,-320,-3988,253,-0.078125,-0.973633,0.061768,100,100,8,UNCALIBRATED_SENSOR_1,false,CALIBRATION_MISSING,CALIBRATION_MISSING,kx134_single_node_i2c.0.1.0,kx134.v3
kx134.v3,NODE_PROTOTYPE,1,KX134_SENSOR_1,sensor_node_1,D4:E9:F4:E9:8E:1C,57790,578379924,0,0,NA,0,-323,-4003,178,-0.078857,-0.977295,0.043457,100,100,8,UNCALIBRATED_SENSOR_1,false,CALIBRATION_MISSING,CALIBRATION_MISSING,kx134_single_node_i2c.0.1.0,kx134.v3
kx134.v3,NODE_PROTOTYPE,1,KX134_SENSOR_1,sensor_node_1,D4:E9:F4:E9:8E:1C,57791,578389925,0,0,NA,0,-384,-3930,226,-0.093750,-0.959473,0.055176,100,100,8,UNCALIBRATED_SENSOR_1,false,CALIBRATION_MISSING,CALIBRATION_MISSING,kx134_single_node_i2c.0.1.0,kx134.v3
kx134.v3,NODE_PROTOTYPE,1,KX134_SENSOR_1,sensor_node_1,D4:E9:F4:E9:8E:1C,57792,578399925,0,0,NA,0,-384,-3930,226,-0.093750,-0.959473,0.055176,100,100,8,UNCALIBRATED_SENSOR_1,false,CALIBRATION_MISSING,CALIBRATION_MISSING,kx134_single_node_i2c.0.1.0,kx134.v3
kx134.v3,NODE_PROTOTYPE,1,KX134_SENSOR_1,sensor_node_1,D4:E9:F4:E9:8E:1C,57793,578409925,0,0,NA,0,-395,-3987,364,-0.096436,-0.973389,0.088867,100,100,8,UNCALIBRATED_SENSOR_1,false,CALIBRATION_MISSING,CALIBRATION_MISSING,kx134_single_node_i2c.0.1.0,kx134.v3
kx134.v3,NODE_PROTOTYPE,1,KX134_SENSOR_1,sensor_node_1,D4:E9:F4:E9:8E:1C,57794,578419925,0,0,NA,0,-331,-4074,398,-0.080811,-0.994629,0.097168,100,100,8,UNCALIBRATED_SENSOR_1,false,CALIBRATION_MISSING,CALIBRATION_MISSING,kx134_single_node_i2c.0.1.0,kx134.v3
kx134.v3,NODE_PROTOTYPE,1,KX134_SENSOR_1,sensor_node_1,D4:E9:F4:E9:8E:1C,57795,578429925,0,0,NA,0,-386,-3965,296,-0.094238,-0.968018,0.072266,100,100,8,UNCALIBRATED_SENSOR_1,false,CALIBRATION_MISSING,CALIBRATION_MISSING,kx134_single_node_i2c.0.1.0,kx134.v3
kx134.v3,NODE_PROTOTYPE,1,KX134_SENSOR_1,sensor_node_1,D4:E9:F4:E9:8E:1C,57796,578439925,0,0,NA,0,-469,-3893,282,-0.114502,-0.950439,0.068848,100,100,8,UNCALIBRATED_SENSOR_1,false,CALIBRATION_MISSING,CALIBRATION_MISSING,kx134_single_node_i2c.0.1.0,kx134.v3
kx134.v3,NODE_PROTOTYPE,1,KX134_SENSOR_1,sensor_node_1,D4:E9:F4:E9:8E:1C,57797,578449925,0,0,NA,0,-514,-3830,273,-0.125488,-0.935059,0.066650,100,100,8,UNCALIBRATED_SENSOR_1,false,CALIBRATION_MISSING,CALIBRATION_MISSING,kx134_single_node_i2c.0.1.0,kx134.v3
kx134.v3,NODE_PROTOTYPE,1,KX134_SENSOR_1,sensor_node_1,D4:E9:F4:E9:8E:1C,57798,578459925,0,0,NA,0,-486,-3773,239,-0.118652,-0.921143,0.058350,100,100,8,UNCALIBRATED_SENSOR_1,false,CALIBRATION_MISSING,CALIBRATION_MISSING,kx134_single_node_i2c.0.1.0,kx134.v3
kx134.v3,NODE_PROTOTYPE,1,KX134_SENSOR_1,sensor_node_1,D4:E9:F4:E9:8E:1C,57799,578469925,0,0,NA,0,-433,-3836,258,-0.105713,-0.936523,0.062988,100,100,8,UNCALIBRATED_SENSOR_1,false,CALIBRATION_MISSING,CALIBRATION_MISSING,kx134_single_node_i2c.0.1.0,kx134.v3
kx134.v3,NODE_PROTOTYPE,1,KX134_SENSOR_1,sensor_node_1,D4:E9:F4:E9:8E:1C,57800,578479925,0,0,NA,0,-422,-3926,296,-0.103027,-0.958496,0.072266,100,100,8,UNCALIBRATED_SENSOR_1,false,CALIBRATION_MISSING,CALIBRATION_MISSING,kx134_single_node_i2c.0.1.0,kx134.v3
kx134.v3,NODE_PROTOTYPE,1,KX134_SENSOR_1,sensor_node_1,D4:E9:F4:E9:8E:1C,57801,578489925,0,0,NA,0,-382,-3982,324,-0.093262,-0.972168,0.079102,100,100,8,UNCALIBRATED_SENSOR_1,false,CALIBRATION_MISSING,CALIBRATION_MISSING,kx134_single_node_i2c.0.1.0,kx134.v3
kx134.v3,NODE_PROTOTYPE,1,KX134_SENSOR_1,sensor_node_1,D4:E9:F4:E9:8E:1C,57802,578499925,0,0,NA,0,-322,-4020,334,-0.078613,-0.981445,0.081543,100,100,8,UNCALIBRATED_SENSOR_1,false,CALIBRATION_MISSING,CALIBRATION_MISSING,kx134_single_node_i2c.0.1.0,kx134.v3
kx134.v3,NODE_PROTOTYPE,1,KX134_SENSOR_1,sensor_node_1,D4:E9:F4:E9:8E:1C,57803,578509924,0,0,NA,0,-300,-4000,305,-0.073242,-0.976562,0.074463,100,100,8,UNCALIBRATED_SENSOR_1,false,CALIBRATION_MISSING,CALIBRATION_MISSING,kx134_single_node_i2c.0.1.0,kx134.v3
kx134.v3,NODE_PROTOTYPE,1,KX134_SENSOR_1,sensor_node_1,D4:E9:F4:E9:8E:1C,57804,578519925,0,0,NA,0,-282,-3962,294,-0.068848,-0.967285,0.071777,100,100,8,UNCALIBRATED_SENSOR_1,false,CALIBRATION_MISSING,CALIBRATION_MISSING,kx134_single_node_i2c.0.1.0,kx134.v3
kx134.v3,NODE_PROTOTYPE,1,KX134_SENSOR_1,sensor_node_1,D4:E9:F4:E9:8E:1C,57805,578529925,0,0,NA,0,-259,-3966,318,-0.063232,-0.968262,0.077637,100,100,8,UNCALIBRATED_SENSOR_1,false,CALIBRATION_MISSING,CALIBRATION_MISSING,kx134_single_node_i2c.0.1.0,kx134.v3
kx134.v3,NODE_PROTOTYPE,1,KX134_SENSOR_1,sensor_node_1,D4:E9:F4:E9:8E:1C,57806,578539924,0,0,NA,0,-269,-3964,323,-0.065674,-0.967773,0.078857,100,100,8,UNCALIBRATED_SENSOR_1,false,CALIBRATION_MISSING,CALIBRATION_MISSING,kx134_single_node_i2c.0.1.0,kx134.v3
kx134.v3,NODE_PROTOTYPE,1,KX134_SENSOR_1,sensor_node_1,D4:E9:F4:E9:8E:1C,57807,578549924,0,0,NA,0,-309,-3974,318,-0.075439,-0.970215,0.077637,100,100,8,UNCALIBRATED_SENSOR_1,false,CALIBRATION_MISSING,CALIBRATION_MISSING,kx134_single_node_i2c.0.1.0,kx134.v3
kx134.v3,NODE_PROTOTYPE,1,KX134_SENSOR_1,sensor_node_1,D4:E9:F4:E9:8E:1C,57808,578559924,0,0,NA,0,-337,-3979,323,-0.082275,-0.971436,0.078857,100,100,8,UNCALIBRATED_SENSOR_1,false,CALIBRATION_MISSING,CALIBRATION_MISSING,kx134_single_node_i2c.0.1.0,kx134.v3
kx134.v3,NODE_PROTOTYPE,1,KX134_SENSOR_1,sensor_node_1,D4:E9:F4:E9:8E:1C,57809,578569925,0,0,NA,0,-329,-3966,345,-0.080322,-0.968262,0.084229,100,100,8,UNCALIBRATED_SENSOR_1,false,CALIBRATION_MISSING,CALIBRATION_MISSING,kx134_single_node_i2c.0.1.0,kx134.v3
kx134.v3,NODE_PROTOTYPE,1,KX134_SENSOR_1,sensor_node_1,D4:E9:F4:E9:8E:1C,57810,578579925,0,0,NA,0,-308,-3987,347,-0.075195,-0.973389,0.084717,100,100,8,UNCALIBRATED_SENSOR_1,false,CALIBRATION_MISSING,CALIBRATION_MISSING,kx134_single_node_i2c.0.1.0,kx134.v3
kx134.v3,NODE_PROTOTYPE,1,KX134_SENSOR_1,sensor_node_1,D4:E9:F4:E9:8E:1C,57811,578589925,0,0,NA,0,-298,-4007,319,-0.072754,-0.978271,0.077881,100,100,8,UNCALIBRATED_SENSOR_1,false,CALIBRATION_MISSING,CALIBRATION_MISSING,kx134_single_node_i2c.0.1.0,kx134.v3
kx134.v3,NODE_PROTOTYPE,1,KX134_SENSOR_1,sensor_node_1,D4:E9:F4:E9:8E:1C,57812,578599924,0,0,NA,0,-296,-4016,298,-0.072266,-0.980469,0.072754,100,100,8,UNCALIBRATED_SENSOR_1,false,CALIBRATION_MISSING,CALIBRATION_MISSING,kx134_single_node_i2c.0.1.0,kx134.v3
kx134.v3,NODE_PROTOTYPE,1,KX134_SENSOR_1,sensor_node_1,D4:E9:F4:E9:8E:1C,57813,578609925,0,0,NA,0,-306,-4004,288,-0.074707,-0.977539,0.070312,100,100,8,UNCALIBRATED_SENSOR_1,false,CALIBRATION_MISSING,CALIBRATION_MISSING,kx134_single_node_i2c.0.1.0,kx134.v3
kx134.v3,NODE_PROTOTYPE,1,KX134_SENSOR_1,sensor_node_1,D4:E9:F4:E9:8E:1C,57814,578619924,0,0,NA,0,-292,-3972,278,-0.071289,-0.969727,0.067871,100,100,8,UNCALIBRATED_SENSOR_1,false,CALIBRATION_MISSING,CALIBRATION_MISSING,kx134_single_node_i2c.0.1.0,kx134.v3
kx134.v3,NODE_PROTOTYPE,1,KX134_SENSOR_1,sensor_node_1,D4:E9:F4:E9:8E:1C,57815,578629925,0,0,NA,0,-266,-3963,295,-0.064941,-0.967529,0.072021,100,100,8,UNCALIBRATED_SENSOR_1,false,CALIBRATION_MISSING,CALIBRATION_MISSING,kx134_single_node_i2c.0.1.0,kx134.v3
kx134.v3,NODE_PROTOTYPE,1,KX134_SENSOR_1,sensor_node_1,D4:E9:F4:E9:8E:1C,57816,578639925,0,0,NA,0,-262,-3987,288,-0.063965,-0.973389,0.070312,100,100,8,UNCALIBRATED_SENSOR_1,false,CALIBRATION_MISSING,CALIBRATION_MISSING,kx134_single_node_i2c.0.1.0,kx134.v3
kx134.v3,NODE_PROTOTYPE,1,KX134_SENSOR_1,sensor_node_1,D4:E9:F4:E9:8E:1C,57817,578649925,0,0,NA,0,-269,-4004,267,-0.065674,-0.977539,0.065186,100,100,8,UNCALIBRATED_SENSOR_1,false,CALIBRATION_MISSING,CALIBRATION_MISSING,kx134_single_node_i2c.0.1.0,kx134.v3
kx134.v3,NODE_PROTOTYPE,1,KX134_SENSOR_1,sensor_node_1,D4:E9:F4:E9:8E:1C,57818,578659924,0,0,NA,0,-299,-4008,286,-0.072998,-0.978516,0.069824,100,100,8,UNCALIBRATED_SENSOR_1,false,CALIBRATION_MISSING,CALIBRATION_MISSING,kx134_single_node_i2c.0.1.0,kx134.v3
kx134.v3,NODE_PROTOTYPE,1,KX134_SENSOR_1,sensor_node_1,D4:E9:F4:E9:8E:1C,57819,578669925,0,0,NA,0,-299,-4023,302,-0.072998,-0.982178,0.073730,100,100,8,UNCALIBRATED_SENSOR_1,false,CALIBRATION_MISSING,CALIBRATION_MISSING,kx134_single_node_i2c.0.1.0,kx134.v3
kx134.v3,NODE_PROTOTYPE,1,KX134_SENSOR_1,sensor_node_1,D4:E9:F4:E9:8E:1C,57820,578679925,0,0,NA,0,-279,-4010,299,-0.068115,-0.979004,0.072998,100,100,8,UNCALIBRATED_SENSOR_1,false,CALIBRATION_MISSING,CALIBRATION_MISSING,kx134_single_node_i2c.0.1.0,kx134.v3
kx134.v3,NODE_PROTOTYPE,1,KX134_SENSOR_1,sensor_node_1,D4:E9:F4:E9:8E:1C,57821,578689925,0,0,NA,0,-280,-3987,288,-0.068359,-0.973389,0.070312,100,100,8,UNCALIBRATED_SENSOR_1,false,CALIBRATION_MISSING,CALIBRATION_MISSING,kx134_single_node_i2c.0.1.0,kx134.v3
kx134.v3,NODE_PROTOTYPE,1,KX134_SENSOR_1,sensor_node_1,D4:E9:F4:E9:8E:1C,57822,578699925,0,0,NA,0,-279,-3971,299,-0.068115,-0.969482,0.072998,100,100,8,UNCALIBRATED_SENSOR_1,false,CALIBRATION_MISSING,CALIBRATION_MISSING,kx134_single_node_i2c.0.1.0,kx134.v3
kx134.v3,NODE_PROTOTYPE,1,KX134_SENSOR_1,sensor_node_1,D4:E9:F4:E9:8E:1C,57823,578709924,0,0,NA,0,-283,-3991,281,-0.069092,-0.974365,0.068604,100,100,8,UNCALIBRATED_SENSOR_1,false,CALIBRATION_MISSING,CALIBRATION_MISSING,kx134_single_node_i2c.0.1.0,kx134.v3
kx134.v3,NODE_PROTOTYPE,1,KX134_SENSOR_1,sensor_node_1,D4:E9:F4:E9:8E:1C,57824,578719925,0,0,NA,0,-298,-4021,235,-0.072754,-0.981689,0.057373,100,100,8,UNCALIBRATED_SENSOR_1,false,CALIBRATION_MISSING,CALIBRATION_MISSING,kx134_single_node_i2c.0.1.0,kx134.v3
kx134.v3,NODE_PROTOTYPE,1,KX134_SENSOR_1,sensor_node_1,D4:E9:F4:E9:8E:1C,57825,578729925,0,0,NA,0,-308,-4022,242,-0.075195,-0.981934,0.059082,100,100,8,UNCALIBRATED_SENSOR_1,false,CALIBRATION_MISSING,CALIBRATION_MISSING,kx134_single_node_i2c.0.1.0,kx134.v3
kx134.v3,NODE_PROTOTYPE,1,KX134_SENSOR_1,sensor_node_1,D4:E9:F4:E9:8E:1C,57826,578739925,0,0,NA,0,-289,-4027,273,-0.070557,-0.983154,0.066650,100,100,8,UNCALIBRATED_SENSOR_1,false,CALIBRATION_MISSING,CALIBRATION_MISSING,kx134_single_node_i2c.0.1.0,kx134.v3
kx134.v3,NODE_PROTOTYPE,1,KX134_SENSOR_1,sensor_node_1,D4:E9:F4:E9:8E:1C,57827,578749924,0,0,NA,0,-286,-4029,292,-0.069824,-0.983643,0.071289,100,100,8,UNCALIBRATED_SENSOR_1,false,CALIBRATION_MISSING,CALIBRATION_MISSING,kx134_single_node_i2c.0.1.0,kx134.v3
kx134.v3,NODE_PROTOTYPE,1,KX134_SENSOR_1,sensor_node_1,D4:E9:F4:E9:8E:1C,57828,578759925,0,0,NA,0,-320,-3985,291,-0.078125,-0.972900,0.071045,100,100,8,UNCALIBRATED_SENSOR_1,false,CALIBRATION_MISSING,CALIBRATION_MISSING,kx134_single_node_i2c.0.1.0,kx134.v3
kx134.v3,NODE_PROTOTYPE,1,KX134_SENSOR_1,sensor_node_1,D4:E9:F4:E9:8E:1C,57829,578769925,0,0,NA,0,-348,-3972,286,-0.084961,-0.969727,0.069824,100,100,8,UNCALIBRATED_SENSOR_1,false,CALIBRATION_MISSING,CALIBRATION_MISSING,kx134_single_node_i2c.0.1.0,kx134.v3
kx134.v3,NODE_PROTOTYPE,1,KX134_SENSOR_1,sensor_node_1,D4:E9:F4:E9:8E:1C,57830,578779924,0,0,NA,0,-346,-3973,290,-0.084473,-0.969971,0.070801,100,100,8,UNCALIBRATED_SENSOR_1,false,CALIBRATION_MISSING,CALIBRATION_MISSING,kx134_single_node_i2c.0.1.0,kx134.v3
kx134.v3,NODE_PROTOTYPE,1,KX134_SENSOR_1,sensor_node_1,D4:E9:F4:E9:8E:1C,57831,578789925,0,0,NA,0,-350,-3959,283,-0.085449,-0.966553,0.069092,100,100,8,UNCALIBRATED_SENSOR_1,false,CALIBRATION_MISSING,CALIBRATION_MISSING,kx134_single_node_i2c.0.1.0,kx134.v3
kx134.v3,NODE_PROTOTYPE,1,KX134_SENSOR_1,sensor_node_1,D4:E9:F4:E9:8E:1C,57832,578799925,0,0,NA,0,-356,-3947,278,-0.086914,-0.963623,0.067871,100,100,8,UNCALIBRATED_SENSOR_1,false,CALIBRATION_MISSING,CALIBRATION_MISSING,kx134_single_node_i2c.0.1.0,kx134.v3
kx134.v3,NODE_PROTOTYPE,1,KX134_SENSOR_1,sensor_node_1,D4:E9:F4:E9:8E:1C,57833,578809925,0,0,NA,0,-347,-3953,284,-0.084717,-0.965088,0.069336,100,100,8,UNCALIBRATED_SENSOR_1,false,CALIBRATION_MISSING,CALIBRATION_MISSING,kx134_single_node_i2c.0.1.0,kx134.v3
kx134.v3,NODE_PROTOTYPE,1,KX134_SENSOR_1,sensor_node_1,D4:E9:F4:E9:8E:1C,57834,578819925,0,0,NA,0,-368,-3982,274,-0.089844,-0.972168,0.066895,100,100,8,UNCALIBRATED_SENSOR_1,false,CALIBRATION_MISSING,CALIBRATION_MISSING,kx134_single_node_i2c.0.1.0,kx134.v3
kx134.v3,NODE_PROTOTYPE,1,KX134_SENSOR_1,sensor_node_1,D4:E9:F4:E9:8E:1C,57835,578829924,0,0,NA,0,-369,-3978,275,-0.090088,-0.971191,0.067139,100,100,8,UNCALIBRATED_SENSOR_1,false,CALIBRATION_MISSING,CALIBRATION_MISSING,kx134_single_node_i2c.0.1.0,kx134.v3
kx134.v3,NODE_PROTOTYPE,1,KX134_SENSOR_1,sensor_node_1,D4:E9:F4:E9:8E:1C,57836,578839925,0,0,NA,0,-331,-3976,302,-0.080811,-0.970703,0.073730,100,100,8,UNCALIBRATED_SENSOR_1,false,CALIBRATION_MISSING,CALIBRATION_MISSING,kx134_single_node_i2c.0.1.0,kx134.v3
kx134.v3,NODE_PROTOTYPE,1,KX134_SENSOR_1,sensor_node_1,D4:E9:F4:E9:8E:1C,57837,578849925,0,0,NA,0,-307,-4012,310,-0.074951,-0.979492,0.075684,100,100,8,UNCALIBRATED_SENSOR_1,false,CALIBRATION_MISSING,CALIBRATION_MISSING,kx134_single_node_i2c.0.1.0,kx134.v3
kx134.v3,NODE_PROTOTYPE,1,KX134_SENSOR_1,sensor_node_1,D4:E9:F4:E9:8E:1C,57838,578859924,0,0,NA,0,-311,-3986,280,-0.075928,-0.973145,0.068359,100,100,8,UNCALIBRATED_SENSOR_1,false,CALIBRATION_MISSING,CALIBRATION_MISSING,kx134_single_node_i2c.0.1.0,kx134.v3
kx134.v3,NODE_PROTOTYPE,1,KX134_SENSOR_1,sensor_node_1,D4:E9:F4:E9:8E:1C,57839,578869925,0,0,NA,0,-314,-3939,257,-0.076660,-0.961670,0.062744,100,100,8,UNCALIBRATED_SENSOR_1,false,CALIBRATION_MISSING,CALIBRATION_MISSING,kx134_single_node_i2c.0.1.0,kx134.v3
kx134.v3,NODE_PROTOTYPE,1,KX134_SENSOR_1,sensor_node_1,D4:E9:F4:E9:8E:1C,57840,578879924,0,0,NA,0,-302,-3967,293,-0.073730,-0.968506,0.071533,100,100,8,UNCALIBRATED_SENSOR_1,false,CALIBRATION_MISSING,CALIBRATION_MISSING,kx134_single_node_i2c.0.1.0,kx134.v3
kx134.v3,NODE_PROTOTYPE,1,KX134_SENSOR_1,sensor_node_1,D4:E9:F4:E9:8E:1C,57841,578889925,0,0,NA,0,-298,-4001,305,-0.072754,-0.976807,0.074463,100,100,8,UNCALIBRATED_SENSOR_1,false,CALIBRATION_MISSING,CALIBRATION_MISSING,kx134_single_node_i2c.0.1.0,kx134.v3
kx134.v3,NODE_PROTOTYPE,1,KX134_SENSOR_1,sensor_node_1,D4:E9:F4:E9:8E:1C,57842,578899925,0,0,NA,0,-369,-3978,255,-0.090088,-0.971191,0.062256,100,100,8,UNCALIBRATED_SENSOR_1,false,CALIBRATION_MISSING,CALIBRATION_MISSING,kx134_single_node_i2c.0.1.0,kx134.v3
kx134.v3,NODE_PROTOTYPE,1,KX134_SENSOR_1,sensor_node_1,D4:E9:F4:E9:8E:1C,57843,578909924,0,0,NA,0,-402,-3977,235,-0.098145,-0.970947,0.057373,100,100,8,UNCALIBRATED_SENSOR_1,false,CALIBRATION_MISSING,CALIBRATION_MISSING,kx134_single_node_i2c.0.1.0,kx134.v3
kx134.v3,NODE_PROTOTYPE,1,KX134_SENSOR_1,sensor_node_1,D4:E9:F4:E9:8E:1C,57844,578919924,0,0,NA,0,-339,-4028,244,-0.082764,-0.983398,0.059570,100,100,8,UNCALIBRATED_SENSOR_1,false,CALIBRATION_MISSING,CALIBRATION_MISSING,kx134_single_node_i2c.0.1.0,kx134.v3
kx134.v3,NODE_PROTOTYPE,1,KX134_SENSOR_1,sensor_node_1,D4:E9:F4:E9:8E:1C,57845,578929924,0,0,NA,0,-327,-4027,242,-0.079834,-0.983154,0.059082,100,100,8,UNCALIBRATED_SENSOR_1,false,CALIBRATION_MISSING,CALIBRATION_MISSING,kx134_single_node_i2c.0.1.0,kx134.v3
kx134.v3,NODE_PROTOTYPE,1,KX134_SENSOR_1,sensor_node_1,D4:E9:F4:E9:8E:1C,57846,578939924,0,0,NA,0,-336,-4008,248,-0.082031,-0.978516,0.060547,100,100,8,UNCALIBRATED_SENSOR_1,false,CALIBRATION_MISSING,CALIBRATION_MISSING,kx134_single_node_i2c.0.1.0,kx134.v3
kx134.v3,NODE_PROTOTYPE,1,KX134_SENSOR_1,sensor_node_1,D4:E9:F4:E9:8E:1C,57847,578949925,0,0,NA,0,-320,-3995,261,-0.078125,-0.975342,0.063721,100,100,8,UNCALIBRATED_SENSOR_1,false,CALIBRATION_MISSING,CALIBRATION_MISSING,kx134_single_node_i2c.0.1.0,kx134.v3
kx134.v3,NODE_PROTOTYPE,1,KX134_SENSOR_1,sensor_node_1,D4:E9:F4:E9:8E:1C,57848,578959924,0,0,NA,0,-329,-3987,280,-0.080322,-0.973389,0.068359,100,100,8,UNCALIBRATED_SENSOR_1,false,CALIBRATION_MISSING,CALIBRATION_MISSING,kx134_single_node_i2c.0.1.0,kx134.v3
kx134.v3,NODE_PROTOTYPE,1,KX134_SENSOR_1,sensor_node_1,D4:E9:F4:E9:8E:1C,57849,578969924,0,0,NA,0,-349,-3994,298,-0.085205,-0.975098,0.072754,100,100,8,UNCALIBRATED_SENSOR_1,false,CALIBRATION_MISSING,CALIBRATION_MISSING,kx134_single_node_i2c.0.1.0,kx134.v3
kx134.v3,NODE_PROTOTYPE,1,KX134_SENSOR_1,sensor_node_1,D4:E9:F4:E9:8E:1C,57850,578979925,0,0,NA,0,-341,-4006,315,-0.083252,-0.978027,0.076904,100,100,8,UNCALIBRATED_SENSOR_1,false,CALIBRATION_MISSING,CALIBRATION_MISSING,kx134_single_node_i2c.0.1.0,kx134.v3
kx134.v3,NODE_PROTOTYPE,1,KX134_SENSOR_1,sensor_node_1,D4:E9:F4:E9:8E:1C,57851,578989924,0,0,NA,0,-325,-4016,317,-0.079346,-0.980469,0.077393,100,100,8,UNCALIBRATED_SENSOR_1,false,CALIBRATION_MISSING,CALIBRATION_MISSING,kx134_single_node_i2c.0.1.0,kx134.v3
kx134.v3,NODE_PROTOTYPE,1,KX134_SENSOR_1,sensor_node_1,D4:E9:F4:E9:8E:1C,57852,578999924,0,0,NA,0,-312,-3997,303,-0.076172,-0.975830,0.073975,100,100,8,UNCALIBRATED_SENSOR_1,false,CALIBRATION_MISSING,CALIBRATION_MISSING,kx134_single_node_i2c.0.1.0,kx134.v3
kx134.v3,NODE_PROTOTYPE,1,KX134_SENSOR_1,sensor_node_1,D4:E9:F4:E9:8E:1C,57853,579009924,0,0,NA,0,-310,-3962,309,-0.075684,-0.967285,0.075439,100,100,8,UNCALIBRATED_SENSOR_1,false,CALIBRATION_MISSING,CALIBRATION_MISSING,kx134_single_node_i2c.0.1.0,kx134.v3
kx134.v3,NODE_PROTOTYPE,1,KX134_SENSOR_1,sensor_node_1,D4:E9:F4:E9:8E:1C,57854,579019925,0,0,NA,0,-304,-3984,298,-0.074219,-0.972656,0.072754,100,100,8,UNCALIBRATED_SENSOR_1,false,CALIBRATION_MISSING,CALIBRATION_MISSING,kx134_single_node_i2c.0.1.0,kx134.v3
kx134.v3,NODE_PROTOTYPE,1,KX134_SENSOR_1,sensor_node_1,D4:E9:F4:E9:8E:1C,57855,579029924,0,0,NA,0,-311,-3992,276,-0.075928,-0.974609,0.067383,100,100,8,UNCALIBRATED_SENSOR_1,false,CALIBRATION_MISSING,CALIBRATION_MISSING,kx134_single_node_i2c.0.1.0,kx134.v3
kx134.v3,NODE_PROTOTYPE,1,KX134_SENSOR_1,sensor_node_1,D4:E9:F4:E9:8E:1C,57856,579039924,0,0,NA,0,-314,-3960,273,-0.076660,-0.966797,0.066650,100,100,8,UNCALIBRATED_SENSOR_1,false,CALIBRATION_MISSING,CALIBRATION_MISSING,kx134_single_node_i2c.0.1.0,kx134.v3
kx134.v3,NODE_PROTOTYPE,1,KX134_SENSOR_1,sensor_node_1,D4:E9:F4:E9:8E:1C,57857,579049924,0,0,NA,0,-314,-3957,272,-0.076660,-0.966064,0.066406,100,100,8,UNCALIBRATED_SENSOR_1,false,CALIBRATION_MISSING,CALIBRATION_MISSING,kx134_single_node_i2c.0.1.0,kx134.v3
kx134.v3,NODE_PROTOTYPE,1,KX134_SENSOR_1,sensor_node_1,D4:E9:F4:E9:8E:1C,57858,579059925,0,0,NA,0,-324,-3982,282,-0.079102,-0.972168,0.068848,100,100,8,UNCALIBRATED_SENSOR_1,false,CALIBRATION_MISSING,CALIBRATION_MISSING,kx134_single_node_i2c.0.1.0,kx134.v3
kx134.v3,NODE_PROTOTYPE,1,KX134_SENSOR_1,sensor_node_1,D4:E9:F4:E9:8E:1C,57859,579069925,0,0,NA,0,-344,-4003,255,-0.083984,-0.977295,0.062256,100,100,8,UNCALIBRATED_SENSOR_1,false,CALIBRATION_MISSING,CALIBRATION_MISSING,kx134_single_node_i2c.0.1.0,kx134.v3
kx134.v3,NODE_PROTOTYPE,1,KX134_SENSOR_1,sensor_node_1,D4:E9:F4:E9:8E:1C,57860,579079924,0,0,NA,0,-376,-4006,234,-0.091797,-0.978027,0.057129,100,100,8,UNCALIBRATED_SENSOR_1,false,CALIBRATION_MISSING,CALIBRATION_MISSING,kx134_single_node_i2c.0.1.0,kx134.v3
kx134.v3,NODE_PROTOTYPE,1,KX134_SENSOR_1,sensor_node_1,D4:E9:F4:E9:8E:1C,57861,579089924,0,0,NA,0,-383,-4012,257,-0.093506,-0.979492,0.062744,100,100,8,UNCALIBRATED_SENSOR_1,false,CALIBRATION_MISSING,CALIBRATION_MISSING,kx134_single_node_i2c.0.1.0,kx134.v3
kx134.v3,NODE_PROTOTYPE,1,KX134_SENSOR_1,sensor_node_1,D4:E9:F4:E9:8E:1C,57862,579099924,0,0,NA,0,-358,-4004,263,-0.087402,-0.977539,0.064209,100,100,8,UNCALIBRATED_SENSOR_1,false,CALIBRATION_MISSING,CALIBRATION_MISSING,kx134_single_node_i2c.0.1.0,kx134.v3
kx134.v3,NODE_PROTOTYPE,1,KX134_SENSOR_1,sensor_node_1,D4:E9:F4:E9:8E:1C,57863,579109925,0,0,NA,0,-359,-4005,272,-0.087646,-0.977783,0.066406,100,100,8,UNCALIBRATED_SENSOR_1,false,CALIBRATION_MISSING,CALIBRATION_MISSING,kx134_single_node_i2c.0.1.0,kx134.v3
kx134.v3,NODE_PROTOTYPE,1,KX134_SENSOR_1,sensor_node_1,D4:E9:F4:E9:8E:1C,57864,579119925,0,0,NA,0,-362,-4007,285,-0.088379,-0.978271,0.069580,100,100,8,UNCALIBRATED_SENSOR_1,false,CALIBRATION_MISSING,CALIBRATION_MISSING,kx134_single_node_i2c.0.1.0,kx134.v3
kx134.v3,NODE_PROTOTYPE,1,KX134_SENSOR_1,sensor_node_1,D4:E9:F4:E9:8E:1C,57865,579129925,0,0,NA,0,-326,-4001,304,-0.079590,-0.976807,0.074219,100,100,8,UNCALIBRATED_SENSOR_1,false,CALIBRATION_MISSING,CALIBRATION_MISSING,kx134_single_node_i2c.0.1.0,kx134.v3
kx134.v3,NODE_PROTOTYPE,1,KX134_SENSOR_1,sensor_node_1,D4:E9:F4:E9:8E:1C,57866,579139925,0,0,NA,0,-311,-3994,308,-0.075928,-0.975098,0.075195,100,100,8,UNCALIBRATED_SENSOR_1,false,CALIBRATION_MISSING,CALIBRATION_MISSING,kx134_single_node_i2c.0.1.0,kx134.v3
kx134.v3,NODE_PROTOTYPE,1,KX134_SENSOR_1,sensor_node_1,D4:E9:F4:E9:8E:1C,57867,579149925,0,0,NA,0,-314,-3989,293,-0.076660,-0.973877,0.071533,100,100,8,UNCALIBRATED_SENSOR_1,false,CALIBRATION_MISSING,CALIBRATION_MISSING,kx134_single_node_i2c.0.1.0,kx134.v3
kx134.v3,NODE_PROTOTYPE,1,KX134_SENSOR_1,sensor_node_1,D4:E9:F4:E9:8E:1C,57868,579159925,0,0,NA,0,-311,-4025,300,-0.075928,-0.982666,0.073242,100,100,8,UNCALIBRATED_SENSOR_1,false,CALIBRATION_MISSING,CALIBRATION_MISSING,kx134_single_node_i2c.0.1.0,kx134.v3
kx134.v3,NODE_PROTOTYPE,1,KX134_SENSOR_1,sensor_node_1,D4:E9:F4:E9:8E:1C,57869,579169924,0,0,NA,0,-308,-4062,319,-0.075195,-0.991699,0.077881,100,100,8,UNCALIBRATED_SENSOR_1,false,CALIBRATION_MISSING,CALIBRATION_MISSING,kx134_single_node_i2c.0.1.0,kx134.v3
kx134.v3,NODE_PROTOTYPE,1,KX134_SENSOR_1,sensor_node_1,D4:E9:F4:E9:8E:1C,57870,579179925,0,0,NA,0,-297,-4042,318,-0.072510,-0.986816,0.077637,100,100,8,UNCALIBRATED_SENSOR_1,false,CALIBRATION_MISSING,CALIBRATION_MISSING,kx134_single_node_i2c.0.1.0,kx134.v3
kx134.v3,NODE_PROTOTYPE,1,KX134_SENSOR_1,sensor_node_1,D4:E9:F4:E9:8E:1C,57871,579189925,0,0,NA,0,-284,-4026,322,-0.069336,-0.982910,0.078613,100,100,8,UNCALIBRATED_SENSOR_1,false,CALIBRATION_MISSING,CALIBRATION_MISSING,kx134_single_node_i2c.0.1.0,kx134.v3
kx134.v3,NODE_PROTOTYPE,1,KX134_SENSOR_1,sensor_node_1,D4:E9:F4:E9:8E:1C,57872,579199925,0,0,NA,0,-310,-4021,341,-0.075684,-0.981689,0.083252,100,100,8,UNCALIBRATED_SENSOR_1,false,CALIBRATION_MISSING,CALIBRATION_MISSING,kx134_single_node_i2c.0.1.0,kx134.v3
kx134.v3,NODE_PROTOTYPE,1,KX134_SENSOR_1,sensor_node_1,D4:E9:F4:E9:8E:1C,57873,579209924,0,0,NA,0,-321,-4010,342,-0.078369,-0.979004,0.083496,100,100,8,UNCALIBRATED_SENSOR_1,false,CALIBRATION_MISSING,CALIBRATION_MISSING,kx134_single_node_i2c.0.1.0,kx134.v3
kx134.v3,NODE_PROTOTYPE,1,KX134_SENSOR_1,sensor_node_1,D4:E9:F4:E9:8E:1C,57874,579219925,0,0,NA,0,-319,-4011,321,-0.077881,-0.979248,0.078369,100,100,8,UNCALIBRATED_SENSOR_1,false,CALIBRATION_MISSING,CALIBRATION_MISSING,kx134_single_node_i2c.0.1.0,kx134.v3
kx134.v3,NODE_PROTOTYPE,1,KX134_SENSOR_1,sensor_node_1,D4:E9:F4:E9:8E:1C,57875,579229924,0,0,NA,0,-334,-4002,304,-0.081543,-0.977051,0.074219,100,100,8,UNCALIBRATED_SENSOR_1,false,CALIBRATION_MISSING,CALIBRATION_MISSING,kx134_single_node_i2c.0.1.0,kx134.v3
kx134.v3,NODE_PROTOTYPE,1,KX134_SENSOR_1,sensor_node_1,D4:E9:F4:E9:8E:1C,57876,579239925,0,0,NA,0,-340,-3989,302,-0.083008,-0.973877,0.073730,100,100,8,UNCALIBRATED_SENSOR_1,false,CALIBRATION_MISSING,CALIBRATION_MISSING,kx134_single_node_i2c.0.1.0,kx134.v3
kx134.v3,NODE_PROTOTYPE,1,KX134_SENSOR_1,sensor_node_1,D4:E9:F4:E9:8E:1C,57877,579249925,0,0,NA,0,-323,-3966,282,-0.078857,-0.968262,0.068848,100,100,8,UNCALIBRATED_SENSOR_1,false,CALIBRATION_MISSING,CALIBRATION_MISSING,kx134_single_node_i2c.0.1.0,kx134.v3
kx134.v3,NODE_PROTOTYPE,1,KX134_SENSOR_1,sensor_node_1,D4:E9:F4:E9:8E:1C,57878,579259924,0,0,NA,0,-318,-3955,281,-0.077637,-0.965576,0.068604,100,100,8,UNCALIBRATED_SENSOR_1,false,CALIBRATION_MISSING,CALIBRATION_MISSING,kx134_single_node_i2c.0.1.0,kx134.v3
kx134.v3,NODE_PROTOTYPE,1,KX134_SENSOR_1,sensor_node_1,D4:E9:F4:E9:8E:1C,57879,579269925,0,0,NA,0,-349,-4004,288,-0.085205,-0.977539,0.070312,100,100,8,UNCALIBRATED_SENSOR_1,false,CALIBRATION_MISSING,CALIBRATION_MISSING,kx134_single_node_i2c.0.1.0,kx134.v3
kx134.v3,NODE_PROTOTYPE,1,KX134_SENSOR_1,sensor_node_1,D4:E9:F4:E9:8E:1C,57880,579279924,0,0,NA,0,-254,-4124,359,-0.062012,-1.006836,0.087646,100,100,8,UNCALIBRATED_SENSOR_1,false,CALIBRATION_MISSING,CALIBRATION_MISSING,kx134_single_node_i2c.0.1.0,kx134.v3
kx134.v3,NODE_PROTOTYPE,1,KX134_SENSOR_1,sensor_node_1,D4:E9:F4:E9:8E:1C,57881,579289924,0,0,NA,0,-222,-4075,368,-0.054199,-0.994873,0.089844,100,100,8,UNCALIBRATED_SENSOR_1,false,CALIBRATION_MISSING,CALIBRATION_MISSING,kx134_single_node_i2c.0.1.0,kx134.v3
kx134.v3,NODE_PROTOTYPE,1,KX134_SENSOR_1,sensor_node_1,D4:E9:F4:E9:8E:1C,57882,579299925,0,0,NA,0,-222,-4075,368,-0.054199,-0.994873,0.089844,100,100,8,UNCALIBRATED_SENSOR_1,false,CALIBRATION_MISSING,CALIBRATION_MISSING,kx134_single_node_i2c.0.1.0,kx134.v3
kx134.v3,NODE_PROTOTYPE,1,KX134_SENSOR_1,sensor_node_1,D4:E9:F4:E9:8E:1C,57883,579309924,0,0,NA,0,-185,-4034,333,-0.045166,-0.984863,0.081299,100,100,8,UNCALIBRATED_SENSOR_1,false,CALIBRATION_MISSING,CALIBRATION_MISSING,kx134_single_node_i2c.0.1.0,kx134.v3
kx134.v3,NODE_PROTOTYPE,1,KX134_SENSOR_1,sensor_node_1,D4:E9:F4:E9:8E:1C,57884,579319924,0,0,NA,0,-93,-4119,404,-0.022705,-1.005615,0.098633,100,100,8,UNCALIBRATED_SENSOR_1,false,CALIBRATION_MISSING,CALIBRATION_MISSING,kx134_single_node_i2c.0.1.0,kx134.v3
kx134.v3,NODE_PROTOTYPE,1,KX134_SENSOR_1,sensor_node_1,D4:E9:F4:E9:8E:1C,57885,579329924,0,0,NA,0,-114,-4051,312,-0.027832,-0.989014,0.076172,100,100,8,UNCALIBRATED_SENSOR_1,false,CALIBRATION_MISSING,CALIBRATION_MISSING,kx134_single_node_i2c.0.1.0,kx134.v3
kx134.v3,NODE_PROTOTYPE,1,KX134_SENSOR_1,sensor_node_1,D4:E9:F4:E9:8E:1C,57886,579339924,0,0,NA,0,-187,-4052,292,-0.045654,-0.989258,0.071289,100,100,8,UNCALIBRATED_SENSOR_1,false,CALIBRATION_MISSING,CALIBRATION_MISSING,kx134_single_node_i2c.0.1.0,kx134.v3
kx134.v3,NODE_PROTOTYPE,1,KX134_SENSOR_1,sensor_node_1,D4:E9:F4:E9:8E:1C,57887,579349925,0,0,NA,0,-313,-4142,368,-0.076416,-1.011230,0.089844,100,100,8,UNCALIBRATED_SENSOR_1,false,CALIBRATION_MISSING,CALIBRATION_MISSING,kx134_single_node_i2c.0.1.0,kx134.v3
kx134.v3,NODE_PROTOTYPE,1,KX134_SENSOR_1,sensor_node_1,D4:E9:F4:E9:8E:1C,57888,579359924,0,0,NA,0,-408,-4102,357,-0.099609,-1.001465,0.087158,100,100,8,UNCALIBRATED_SENSOR_1,false,CALIBRATION_MISSING,CALIBRATION_MISSING,kx134_single_node_i2c.0.1.0,kx134.v3
kx134.v3,NODE_PROTOTYPE,1,KX134_SENSOR_1,sensor_node_1,D4:E9:F4:E9:8E:1C,57889,579369925,0,0,NA,0,-395,-4037,364,-0.096436,-0.985596,0.088867,100,100,8,UNCALIBRATED_SENSOR_1,false,CALIBRATION_MISSING,CALIBRATION_MISSING,kx134_single_node_i2c.0.1.0,kx134.v3
kx134.v3,NODE_PROTOTYPE,1,KX134_SENSOR_1,sensor_node_1,D4:E9:F4:E9:8E:1C,57890,579379925,0,0,NA,0,-303,-4021,365,-0.073975,-0.981689,0.089111,100,100,8,UNCALIBRATED_SENSOR_1,false,CALIBRATION_MISSING,CALIBRATION_MISSING,kx134_single_node_i2c.0.1.0,kx134.v3
kx134.v3,NODE_PROTOTYPE,1,KX134_SENSOR_1,sensor_node_1,D4:E9:F4:E9:8E:1C,57891,579389924,0,0,NA,0,-289,-4004,341,-0.070557,-0.977539,0.083252,100,100,8,UNCALIBRATED_SENSOR_1,false,CALIBRATION_MISSING,CALIBRATION_MISSING,kx134_single_node_i2c.0.1.0,kx134.v3
kx134.v3,NODE_PROTOTYPE,1,KX134_SENSOR_1,sensor_node_1,D4:E9:F4:E9:8E:1C,57892,579399924,0,0,NA,0,-326,-3973,314,-0.079590,-0.969971,0.076660,100,100,8,UNCALIBRATED_SENSOR_1,false,CALIBRATION_MISSING,CALIBRATION_MISSING,kx134_single_node_i2c.0.1.0,kx134.v3
kx134.v3,NODE_PROTOTYPE,1,KX134_SENSOR_1,sensor_node_1,D4:E9:F4:E9:8E:1C,57893,579409925,0,0,NA,0,-311,-4003,302,-0.075928,-0.977295,0.073730,100,100,8,UNCALIBRATED_SENSOR_1,false,CALIBRATION_MISSING,CALIBRATION_MISSING,kx134_single_node_i2c.0.1.0,kx134.v3
kx134.v3,NODE_PROTOTYPE,1,KX134_SENSOR_1,sensor_node_1,D4:E9:F4:E9:8E:1C,57894,579419925,0,0,NA,0,-291,-4032,301,-0.071045,-0.984375,0.073486,100,100,8,UNCALIBRATED_SENSOR_1,false,CALIBRATION_MISSING,CALIBRATION_MISSING,kx134_single_node_i2c.0.1.0,kx134.v3
kx134.v3,NODE_PROTOTYPE,1,KX134_SENSOR_1,sensor_node_1,D4:E9:F4:E9:8E:1C,57895,579429925,0,0,NA,0,-256,-4048,324,-0.062500,-0.988281,0.079102,100,100,8,UNCALIBRATED_SENSOR_1,false,CALIBRATION_MISSING,CALIBRATION_MISSING,kx134_single_node_i2c.0.1.0,kx134.v3
kx134.v3,NODE_PROTOTYPE,1,KX134_SENSOR_1,sensor_node_1,D4:E9:F4:E9:8E:1C,57896,579439925,0,0,NA,0,-244,-4050,314,-0.059570,-0.988770,0.076660,100,100,8,UNCALIBRATED_SENSOR_1,false,CALIBRATION_MISSING,CALIBRATION_MISSING,kx134_single_node_i2c.0.1.0,kx134.v3
kx134.v3,NODE_PROTOTYPE,1,KX134_SENSOR_1,sensor_node_1,D4:E9:F4:E9:8E:1C,57897,579449925,0,0,NA,0,-280,-3999,305,-0.068359,-0.976318,0.074463,100,100,8,UNCALIBRATED_SENSOR_1,false,CALIBRATION_MISSING,CALIBRATION_MISSING,kx134_single_node_i2c.0.1.0,kx134.v3
kx134.v3,NODE_PROTOTYPE,1,KX134_SENSOR_1,sensor_node_1,D4:E9:F4:E9:8E:1C,57898,579459924,0,0,NA,0,-306,-4001,318,-0.074707,-0.976807,0.077637,100,100,8,UNCALIBRATED_SENSOR_1,false,CALIBRATION_MISSING,CALIBRATION_MISSING,kx134_single_node_i2c.0.1.0,kx134.v3
kx134.v3,NODE_PROTOTYPE,1,KX134_SENSOR_1,sensor_node_1,D4:E9:F4:E9:8E:1C,57899,579469924,0,0,NA,0,-315,-4011,325,-0.076904,-0.979248,0.079346,100,100,8,UNCALIBRATED_SENSOR_1,false,CALIBRATION_MISSING,CALIBRATION_MISSING,kx134_single_node_i2c.0.1.0,kx134.v3
kx134.v3,NODE_PROTOTYPE,1,KX134_SENSOR_1,sensor_node_1,D4:E9:F4:E9:8E:1C,57900,579479924,0,0,NA,0,-312,-3991,312,-0.076172,-0.974365,0.076172,100,100,8,UNCALIBRATED_SENSOR_1,false,CALIBRATION_MISSING,CALIBRATION_MISSING,kx134_single_node_i2c.0.1.0,kx134.v3
kx134.v3,NODE_PROTOTYPE,1,KX134_SENSOR_1,sensor_node_1,D4:E9:F4:E9:8E:1C,57901,579489925,0,0,NA,0,-329,-4010,299,-0.080322,-0.979004,0.072998,100,100,8,UNCALIBRATED_SENSOR_1,false,CALIBRATION_MISSING,CALIBRATION_MISSING,kx134_single_node_i2c.0.1.0,kx134.v3
kx134.v3,NODE_PROTOTYPE,1,KX134_SENSOR_1,sensor_node_1,D4:E9:F4:E9:8E:1C,57902,579499924,0,0,NA,0,-316,-4038,293,-0.077148,-0.985840,0.071533,100,100,8,UNCALIBRATED_SENSOR_1,false,CALIBRATION_MISSING,CALIBRATION_MISSING,kx134_single_node_i2c.0.1.0,kx134.v3
kx134.v3,NODE_PROTOTYPE,1,KX134_SENSOR_1,sensor_node_1,D4:E9:F4:E9:8E:1C,57903,579509924,0,0,NA,0,-310,-4012,299,-0.075684,-0.979492,0.072998,100,100,8,UNCALIBRATED_SENSOR_1,false,CALIBRATION_MISSING,CALIBRATION_MISSING,kx134_single_node_i2c.0.1.0,kx134.v3
kx134.v3,NODE_PROTOTYPE,1,KX134_SENSOR_1,sensor_node_1,D4:E9:F4:E9:8E:1C,57904,579519925,0,0,NA,0,-311,-3989,336,-0.075928,-0.973877,0.082031,100,100,8,UNCALIBRATED_SENSOR_1,false,CALIBRATION_MISSING,CALIBRATION_MISSING,kx134_single_node_i2c.0.1.0,kx134.v3
kx134.v3,NODE_PROTOTYPE,1,KX134_SENSOR_1,sensor_node_1,D4:E9:F4:E9:8E:1C,57905,579529925,0,0,NA,0,-329,-3987,335,-0.080322,-0.973389,0.081787,100,100,8,UNCALIBRATED_SENSOR_1,false,CALIBRATION_MISSING,CALIBRATION_MISSING,kx134_single_node_i2c.0.1.0,kx134.v3
kx134.v3,NODE_PROTOTYPE,1,KX134_SENSOR_1,sensor_node_1,D4:E9:F4:E9:8E:1C,57906,579539925,0,0,NA,0,-330,-4004,317,-0.080566,-0.977539,0.077393,100,100,8,UNCALIBRATED_SENSOR_1,false,CALIBRATION_MISSING,CALIBRATION_MISSING,kx134_single_node_i2c.0.1.0,kx134.v3
kx134.v3,NODE_PROTOTYPE,1,KX134_SENSOR_1,sensor_node_1,D4:E9:F4:E9:8E:1C,57907,579549925,0,0,NA,0,-299,-4039,317,-0.072998,-0.986084,0.077393,100,100,8,UNCALIBRATED_SENSOR_1,false,CALIBRATION_MISSING,CALIBRATION_MISSING,kx134_single_node_i2c.0.1.0,kx134.v3
kx134.v3,NODE_PROTOTYPE,1,KX134_SENSOR_1,sensor_node_1,D4:E9:F4:E9:8E:1C,57908,579559925,0,0,NA,0,-313,-4032,317,-0.076416,-0.984375,0.077393,100,100,8,UNCALIBRATED_SENSOR_1,false,CALIBRATION_MISSING,CALIBRATION_MISSING,kx134_single_node_i2c.0.1.0,kx134.v3
kx134.v3,NODE_PROTOTYPE,1,KX134_SENSOR_1,sensor_node_1,D4:E9:F4:E9:8E:1C,57909,579569924,0,0,NA,0,-347,-3988,315,-0.084717,-0.973633,0.076904,100,100,8,UNCALIBRATED_SENSOR_1,false,CALIBRATION_MISSING,CALIBRATION_MISSING,kx134_single_node_i2c.0.1.0,kx134.v3
kx134.v3,NODE_PROTOTYPE,1,KX134_SENSOR_1,sensor_node_1,D4:E9:F4:E9:8E:1C,57910,579579924,0,0,NA,0,-334,-3978,310,-0.081543,-0.971191,0.075684,100,100,8,UNCALIBRATED_SENSOR_1,false,CALIBRATION_MISSING,CALIBRATION_MISSING,kx134_single_node_i2c.0.1.0,kx134.v3
kx134.v3,NODE_PROTOTYPE,1,KX134_SENSOR_1,sensor_node_1,D4:E9:F4:E9:8E:1C,57911,579589925,0,0,NA,0,-303,-3991,326,-0.073975,-0.974365,0.079590,100,100,8,UNCALIBRATED_SENSOR_1,false,CALIBRATION_MISSING,CALIBRATION_MISSING,kx134_single_node_i2c.0.1.0,kx134.v3
kx134.v3,NODE_PROTOTYPE,1,KX134_SENSOR_1,sensor_node_1,D4:E9:F4:E9:8E:1C,57912,579599925,0,0,NA,0,-313,-4018,312,-0.076416,-0.980957,0.076172,100,100,8,UNCALIBRATED_SENSOR_1,false,CALIBRATION_MISSING,CALIBRATION_MISSING,kx134_single_node_i2c.0.1.0,kx134.v3
kx134.v3,NODE_PROTOTYPE,1,KX134_SENSOR_1,sensor_node_1,D4:E9:F4:E9:8E:1C,57913,579609925,0,0,NA,0,-348,-4034,311,-0.084961,-0.984863,0.075928,100,100,8,UNCALIBRATED_SENSOR_1,false,CALIBRATION_MISSING,CALIBRATION_MISSING,kx134_single_node_i2c.0.1.0,kx134.v3
kx134.v3,NODE_PROTOTYPE,1,KX134_SENSOR_1,sensor_node_1,D4:E9:F4:E9:8E:1C,57914,579619924,0,0,NA,0,-370,-4019,325,-0.090332,-0.981201,0.079346,100,100,8,UNCALIBRATED_SENSOR_1,false,CALIBRATION_MISSING,CALIBRATION_MISSING,kx134_single_node_i2c.0.1.0,kx134.v3
kx134.v3,NODE_PROTOTYPE,1,KX134_SENSOR_1,sensor_node_1,D4:E9:F4:E9:8E:1C,57915,579629925,0,0,NA,0,-346,-3999,320,-0.084473,-0.976318,0.078125,100,100,8,UNCALIBRATED_SENSOR_1,false,CALIBRATION_MISSING,CALIBRATION_MISSING,kx134_single_node_i2c.0.1.0,kx134.v3
kx134.v3,NODE_PROTOTYPE,1,KX134_SENSOR_1,sensor_node_1,D4:E9:F4:E9:8E:1C,57916,579639925,0,0,NA,0,-326,-3995,327,-0.079590,-0.975342,0.079834,100,100,8,UNCALIBRATED_SENSOR_1,false,CALIBRATION_MISSING,CALIBRATION_MISSING,kx134_single_node_i2c.0.1.0,kx134.v3
kx134.v3,NODE_PROTOTYPE,1,KX134_SENSOR_1,sensor_node_1,D4:E9:F4:E9:8E:1C,57917,579649925,0,0,NA,0,-313,-3991,327,-0.076416,-0.974365,0.079834,100,100,8,UNCALIBRATED_SENSOR_1,false,CALIBRATION_MISSING,CALIBRATION_MISSING,kx134_single_node_i2c.0.1.0,kx134.v3
kx134.v3,NODE_PROTOTYPE,1,KX134_SENSOR_1,sensor_node_1,D4:E9:F4:E9:8E:1C,57918,579659924,0,0,NA,0,-312,-3982,324,-0.076172,-0.972168,0.079102,100,100,8,UNCALIBRATED_SENSOR_1,false,CALIBRATION_MISSING,CALIBRATION_MISSING,kx134_single_node_i2c.0.1.0,kx134.v3
kx134.v3,NODE_PROTOTYPE,1,KX134_SENSOR_1,sensor_node_1,D4:E9:F4:E9:8E:1C,57919,579669924,0,0,NA,0,-362,-3981,318,-0.088379,-0.971924,0.077637,100,100,8,UNCALIBRATED_SENSOR_1,false,CALIBRATION_MISSING,CALIBRATION_MISSING,kx134_single_node_i2c.0.1.0,kx134.v3
kx134.v3,NODE_PROTOTYPE,1,KX134_SENSOR_1,sensor_node_1,D4:E9:F4:E9:8E:1C,57920,579679925,0,0,NA,0,-383,-3974,305,-0.093506,-0.970215,0.074463,100,100,8,UNCALIBRATED_SENSOR_1,false,CALIBRATION_MISSING,CALIBRATION_MISSING,kx134_single_node_i2c.0.1.0,kx134.v3
kx134.v3,NODE_PROTOTYPE,1,KX134_SENSOR_1,sensor_node_1,D4:E9:F4:E9:8E:1C,57921,579689925,0,0,NA,0,-337,-3968,299,-0.082275,-0.968750,0.072998,100,100,8,UNCALIBRATED_SENSOR_1,false,CALIBRATION_MISSING,CALIBRATION_MISSING,kx134_single_node_i2c.0.1.0,kx134.v3
kx134.v3,NODE_PROTOTYPE,1,KX134_SENSOR_1,sensor_node_1,D4:E9:F4:E9:8E:1C,57922,579699925,0,0,NA,0,-332,-3967,299,-0.081055,-0.968506,0.072998,100,100,8,UNCALIBRATED_SENSOR_1,false,CALIBRATION_MISSING,CALIBRATION_MISSING,kx134_single_node_i2c.0.1.0,kx134.v3
kx134.v3,NODE_PROTOTYPE,1,KX134_SENSOR_1,sensor_node_1,D4:E9:F4:E9:8E:1C,57923,579709924,0,0,NA,0,-385,-3959,257,-0.093994,-0.966553,0.062744,100,100,8,UNCALIBRATED_SENSOR_1,false,CALIBRATION_MISSING,CALIBRATION_MISSING,kx134_single_node_i2c.0.1.0,kx134.v3
kx134.v3,NODE_PROTOTYPE,1,KX134_SENSOR_1,sensor_node_1,D4:E9:F4:E9:8E:1C,57924,579719925,0,0,NA,0,-401,-3970,259,-0.097900,-0.969238,0.063232,100,100,8,UNCALIBRATED_SENSOR_1,false,CALIBRATION_MISSING,CALIBRATION_MISSING,kx134_single_node_i2c.0.1.0,kx134.v3
kx134.v3,NODE_PROTOTYPE,1,KX134_SENSOR_1,sensor_node_1,D4:E9:F4:E9:8E:1C,57925,579729925,0,0,NA,0,-380,-4000,317,-0.092773,-0.976562,0.077393,100,100,8,UNCALIBRATED_SENSOR_1,false,CALIBRATION_MISSING,CALIBRATION_MISSING,kx134_single_node_i2c.0.1.0,kx134.v3
kx134.v3,NODE_PROTOTYPE,1,KX134_SENSOR_1,sensor_node_1,D4:E9:F4:E9:8E:1C,57926,579739925,0,0,NA,0,-351,-4000,342,-0.085693,-0.976562,0.083496,100,100,8,UNCALIBRATED_SENSOR_1,false,CALIBRATION_MISSING,CALIBRATION_MISSING,kx134_single_node_i2c.0.1.0,kx134.v3
kx134.v3,NODE_PROTOTYPE,1,KX134_SENSOR_1,sensor_node_1,D4:E9:F4:E9:8E:1C,57927,579749925,0,0,NA,0,-334,-3961,318,-0.081543,-0.967041,0.077637,100,100,8,UNCALIBRATED_SENSOR_1,false,CALIBRATION_MISSING,CALIBRATION_MISSING,kx134_single_node_i2c.0.1.0,kx134.v3
kx134.v3,NODE_PROTOTYPE,1,KX134_SENSOR_1,sensor_node_1,D4:E9:F4:E9:8E:1C,57928,579759925,0,0,NA,0,-355,-3922,264,-0.086670,-0.957520,0.064453,100,100,8,UNCALIBRATED_SENSOR_1,false,CALIBRATION_MISSING,CALIBRATION_MISSING,kx134_single_node_i2c.0.1.0,kx134.v3
kx134.v3,NODE_PROTOTYPE,1,KX134_SENSOR_1,sensor_node_1,D4:E9:F4:E9:8E:1C,57929,579769925,0,0,NA,0,-381,-3908,271,-0.093018,-0.954102,0.066162,100,100,8,UNCALIBRATED_SENSOR_1,false,CALIBRATION_MISSING,CALIBRATION_MISSING,kx134_single_node_i2c.0.1.0,kx134.v3
kx134.v3,NODE_PROTOTYPE,1,KX134_SENSOR_1,sensor_node_1,D4:E9:F4:E9:8E:1C,57930,579779925,0,0,NA,0,-369,-3939,303,-0.090088,-0.961670,0.073975,100,100,8,UNCALIBRATED_SENSOR_1,false,CALIBRATION_MISSING,CALIBRATION_MISSING,kx134_single_node_i2c.0.1.0,kx134.v3
kx134.v3,NODE_PROTOTYPE,1,KX134_SENSOR_1,sensor_node_1,D4:E9:F4:E9:8E:1C,57931,579789925,0,0,NA,0,-337,-3971,298,-0.082275,-0.969482,0.072754,100,100,8,UNCALIBRATED_SENSOR_1,false,CALIBRATION_MISSING,CALIBRATION_MISSING,kx134_single_node_i2c.0.1.0,kx134.v3
kx134.v3,NODE_PROTOTYPE,1,KX134_SENSOR_1,sensor_node_1,D4:E9:F4:E9:8E:1C,57932,579799924,0,0,NA,0,-288,-4030,315,-0.070312,-0.983887,0.076904,100,100,8,UNCALIBRATED_SENSOR_1,false,CALIBRATION_MISSING,CALIBRATION_MISSING,kx134_single_node_i2c.0.1.0,kx134.v3
kx134.v3,NODE_PROTOTYPE,1,KX134_SENSOR_1,sensor_node_1,D4:E9:F4:E9:8E:1C,57933,579809925,0,0,NA,0,-300,-4060,283,-0.073242,-0.991211,0.069092,100,100,8,UNCALIBRATED_SENSOR_1,false,CALIBRATION_MISSING,CALIBRATION_MISSING,kx134_single_node_i2c.0.1.0,kx134.v3
kx134.v3,NODE_PROTOTYPE,1,KX134_SENSOR_1,sensor_node_1,D4:E9:F4:E9:8E:1C,57934,579819925,0,0,NA,0,-347,-4022,236,-0.084717,-0.981934,0.057617,100,100,8,UNCALIBRATED_SENSOR_1,false,CALIBRATION_MISSING,CALIBRATION_MISSING,kx134_single_node_i2c.0.1.0,kx134.v3
kx134.v3,NODE_PROTOTYPE,1,KX134_SENSOR_1,sensor_node_1,D4:E9:F4:E9:8E:1C,57935,579829924,0,0,NA,0,-329,-4007,273,-0.080322,-0.978271,0.066650,100,100,8,UNCALIBRATED_SENSOR_1,false,CALIBRATION_MISSING,CALIBRATION_MISSING,kx134_single_node_i2c.0.1.0,kx134.v3
kx134.v3,NODE_PROTOTYPE,1,KX134_SENSOR_1,sensor_node_1,D4:E9:F4:E9:8E:1C,57936,579839925,0,0,NA,0,-321,-3996,295,-0.078369,-0.975586,0.072021,100,100,8,UNCALIBRATED_SENSOR_1,false,CALIBRATION_MISSING,CALIBRATION_MISSING,kx134_single_node_i2c.0.1.0,kx134.v3
kx134.v3,NODE_PROTOTYPE,1,KX134_SENSOR_1,sensor_node_1,D4:E9:F4:E9:8E:1C,57937,579849925,0,0,NA,0,-316,-3998,314,-0.077148,-0.976074,0.076660,100,100,8,UNCALIBRATED_SENSOR_1,false,CALIBRATION_MISSING,CALIBRATION_MISSING,kx134_single_node_i2c.0.1.0,kx134.v3
kx134.v3,NODE_PROTOTYPE,1,KX134_SENSOR_1,sensor_node_1,D4:E9:F4:E9:8E:1C,57938,579859925,0,0,NA,0,-306,-3979,341,-0.074707,-0.971436,0.083252,100,100,8,UNCALIBRATED_SENSOR_1,false,CALIBRATION_MISSING,CALIBRATION_MISSING,kx134_single_node_i2c.0.1.0,kx134.v3
kx134.v3,NODE_PROTOTYPE,1,KX134_SENSOR_1,sensor_node_1,D4:E9:F4:E9:8E:1C,57939,579869925,0,0,NA,0,-301,-3954,323,-0.073486,-0.965332,0.078857,100,100,8,UNCALIBRATED_SENSOR_1,false,CALIBRATION_MISSING,CALIBRATION_MISSING,kx134_single_node_i2c.0.1.0,kx134.v3
kx134.v3,NODE_PROTOTYPE,1,KX134_SENSOR_1,sensor_node_1,D4:E9:F4:E9:8E:1C,57940,579879924,0,0,NA,0,-289,-3960,305,-0.070557,-0.966797,0.074463,100,100,8,UNCALIBRATED_SENSOR_1,false,CALIBRATION_MISSING,CALIBRATION_MISSING,kx134_single_node_i2c.0.1.0,kx134.v3
kx134.v3,NODE_PROTOTYPE,1,KX134_SENSOR_1,sensor_node_1,D4:E9:F4:E9:8E:1C,57941,579889924,0,0,NA,0,-293,-3989,311,-0.071533,-0.973877,0.075928,100,100,8,UNCALIBRATED_SENSOR_1,false,CALIBRATION_MISSING,CALIBRATION_MISSING,kx134_single_node_i2c.0.1.0,kx134.v3
kx134.v3,NODE_PROTOTYPE,1,KX134_SENSOR_1,sensor_node_1,D4:E9:F4:E9:8E:1C,57942,579899925,0,0,NA,0,-308,-4004,311,-0.075195,-0.977539,0.075928,100,100,8,UNCALIBRATED_SENSOR_1,false,CALIBRATION_MISSING,CALIBRATION_MISSING,kx134_single_node_i2c.0.1.0,kx134.v3
kx134.v3,NODE_PROTOTYPE,1,KX134_SENSOR_1,sensor_node_1,D4:E9:F4:E9:8E:1C,57943,579909924,0,0,NA,0,-326,-4018,296,-0.079590,-0.980957,0.072266,100,100,8,UNCALIBRATED_SENSOR_1,false,CALIBRATION_MISSING,CALIBRATION_MISSING,kx134_single_node_i2c.0.1.0,kx134.v3
kx134.v3,NODE_PROTOTYPE,1,KX134_SENSOR_1,sensor_node_1,D4:E9:F4:E9:8E:1C,57944,579919924,0,0,NA,0,-332,-4014,279,-0.081055,-0.979980,0.068115,100,100,8,UNCALIBRATED_SENSOR_1,false,CALIBRATION_MISSING,CALIBRATION_MISSING,kx134_single_node_i2c.0.1.0,kx134.v3
kx134.v3,NODE_PROTOTYPE,1,KX134_SENSOR_1,sensor_node_1,D4:E9:F4:E9:8E:1C,57945,579929924,0,0,NA,0,-325,-3994,284,-0.079346,-0.975098,0.069336,100,100,8,UNCALIBRATED_SENSOR_1,false,CALIBRATION_MISSING,CALIBRATION_MISSING,kx134_single_node_i2c.0.1.0,kx134.v3
kx134.v3,NODE_PROTOTYPE,1,KX134_SENSOR_1,sensor_node_1,D4:E9:F4:E9:8E:1C,57946,579939924,0,0,NA,0,-340,-3985,269,-0.083008,-0.972900,0.065674,100,100,8,UNCALIBRATED_SENSOR_1,false,CALIBRATION_MISSING,CALIBRATION_MISSING,kx134_single_node_i2c.0.1.0,kx134.v3
kx134.v3,NODE_PROTOTYPE,1,KX134_SENSOR_1,sensor_node_1,D4:E9:F4:E9:8E:1C,57947,579949925,0,0,NA,0,-298,-4011,289,-0.072754,-0.979248,0.070557,100,100,8,UNCALIBRATED_SENSOR_1,false,CALIBRATION_MISSING,CALIBRATION_MISSING,kx134_single_node_i2c.0.1.0,kx134.v3
kx134.v3,NODE_PROTOTYPE,1,KX134_SENSOR_1,sensor_node_1,D4:E9:F4:E9:8E:1C,57948,579959925,0,0,NA,0,-280,-4030,331,-0.068359,-0.983887,0.080811,100,100,8,UNCALIBRATED_SENSOR_1,false,CALIBRATION_MISSING,CALIBRATION_MISSING,kx134_single_node_i2c.0.1.0,kx134.v3
kx134.v3,NODE_PROTOTYPE,1,KX134_SENSOR_1,sensor_node_1,D4:E9:F4:E9:8E:1C,57949,579969925,0,0,NA,0,-319,-4003,329,-0.077881,-0.977295,0.080322,100,100,8,UNCALIBRATED_SENSOR_1,false,CALIBRATION_MISSING,CALIBRATION_MISSING,kx134_single_node_i2c.0.1.0,kx134.v3
kx134.v3,NODE_PROTOTYPE,1,KX134_SENSOR_1,sensor_node_1,D4:E9:F4:E9:8E:1C,57950,579979925,0,0,NA,0,-322,-3988,331,-0.078613,-0.973633,0.080811,100,100,8,UNCALIBRATED_SENSOR_1,false,CALIBRATION_MISSING,CALIBRATION_MISSING,kx134_single_node_i2c.0.1.0,kx134.v3
kx134.v3,NODE_PROTOTYPE,1,KX134_SENSOR_1,sensor_node_1,D4:E9:F4:E9:8E:1C,57951,579989925,0,0,NA,0,-288,-3989,348,-0.070312,-0.973877,0.084961,100,100,8,UNCALIBRATED_SENSOR_1,false,CALIBRATION_MISSING,CALIBRATION_MISSING,kx134_single_node_i2c.0.1.0,kx134.v3
kx134.v3,NODE_PROTOTYPE,1,KX134_SENSOR_1,sensor_node_1,D4:E9:F4:E9:8E:1C,57952,579999925,0,0,NA,0,-292,-4004,348,-0.071289,-0.977539,0.084961,100,100,8,UNCALIBRATED_SENSOR_1,false,CALIBRATION_MISSING,CALIBRATION_MISSING,kx134_single_node_i2c.0.1.0,kx134.v3
kx134.v3,NODE_PROTOTYPE,1,KX134_SENSOR_1,sensor_node_1,D4:E9:F4:E9:8E:1C,57953,580009924,0,0,NA,0,-335,-3996,323,-0.081787,-0.975586,0.078857,100,100,8,UNCALIBRATED_SENSOR_1,false,CALIBRATION_MISSING,CALIBRATION_MISSING,kx134_single_node_i2c.0.1.0,kx134.v3
kx134.v3,NODE_PROTOTYPE,1,KX134_SENSOR_1,sensor_node_1,D4:E9:F4:E9:8E:1C,57954,580019925,0,0,NA,0,-340,-4014,300,-0.083008,-0.979980,0.073242,100,100,8,UNCALIBRATED_SENSOR_1,false,CALIBRATION_MISSING,CALIBRATION_MISSING,kx134_single_node_i2c.0.1.0,kx134.v3
kx134.v3,NODE_PROTOTYPE,1,KX134_SENSOR_1,sensor_node_1,D4:E9:F4:E9:8E:1C,57955,580029925,0,0,NA,0,-326,-4031,288,-0.079590,-0.984131,0.070312,100,100,8,UNCALIBRATED_SENSOR_1,false,CALIBRATION_MISSING,CALIBRATION_MISSING,kx134_single_node_i2c.0.1.0,kx134.v3
kx134.v3,NODE_PROTOTYPE,1,KX134_SENSOR_1,sensor_node_1,D4:E9:F4:E9:8E:1C,57956,580039924,0,0,NA,0,-353,-3953,225,-0.086182,-0.965088,0.054932,100,100,8,UNCALIBRATED_SENSOR_1,false,CALIBRATION_MISSING,CALIBRATION_MISSING,kx134_single_node_i2c.0.1.0,kx134.v3
kx134.v3,NODE_PROTOTYPE,1,KX134_SENSOR_1,sensor_node_1,D4:E9:F4:E9:8E:1C,57957,580049924,0,0,NA,0,-370,-3913,195,-0.090332,-0.955322,0.047607,100,100,8,UNCALIBRATED_SENSOR_1,false,CALIBRATION_MISSING,CALIBRATION_MISSING,kx134_single_node_i2c.0.1.0,kx134.v3
kx134.v3,NODE_PROTOTYPE,1,KX134_SENSOR_1,sensor_node_1,D4:E9:F4:E9:8E:1C,57958,580059924,0,0,NA,0,-340,-3964,239,-0.083008,-0.967773,0.058350,100,100,8,UNCALIBRATED_SENSOR_1,false,CALIBRATION_MISSING,CALIBRATION_MISSING,kx134_single_node_i2c.0.1.0,kx134.v3
kx134.v3,NODE_PROTOTYPE,1,KX134_SENSOR_1,sensor_node_1,D4:E9:F4:E9:8E:1C,57959,580069924,0,0,NA,0,-334,-3993,263,-0.081543,-0.974854,0.064209,100,100,8,UNCALIBRATED_SENSOR_1,false,CALIBRATION_MISSING,CALIBRATION_MISSING,kx134_single_node_i2c.0.1.0,kx134.v3
kx134.v3,NODE_PROTOTYPE,1,KX134_SENSOR_1,sensor_node_1,D4:E9:F4:E9:8E:1C,57960,580079925,0,0,NA,0,-306,-4024,295,-0.074707,-0.982422,0.072021,100,100,8,UNCALIBRATED_SENSOR_1,false,CALIBRATION_MISSING,CALIBRATION_MISSING,kx134_single_node_i2c.0.1.0,kx134.v3
kx134.v3,NODE_PROTOTYPE,1,KX134_SENSOR_1,sensor_node_1,D4:E9:F4:E9:8E:1C,57961,580089925,0,0,NA,0,-312,-4001,282,-0.076172,-0.976807,0.068848,100,100,8,UNCALIBRATED_SENSOR_1,false,CALIBRATION_MISSING,CALIBRATION_MISSING,kx134_single_node_i2c.0.1.0,kx134.v3
kx134.v3,NODE_PROTOTYPE,1,KX134_SENSOR_1,sensor_node_1,D4:E9:F4:E9:8E:1C,57962,580099925,0,0,NA,0,-347,-3975,267,-0.084717,-0.970459,0.065186,100,100,8,UNCALIBRATED_SENSOR_1,false,CALIBRATION_MISSING,CALIBRATION_MISSING,kx134_single_node_i2c.0.1.0,kx134.v3
kx134.v3,NODE_PROTOTYPE,1,KX134_SENSOR_1,sensor_node_1,D4:E9:F4:E9:8E:1C,57963,580109925,0,0,NA,0,-356,-3987,299,-0.086914,-0.973389,0.072998,100,100,8,UNCALIBRATED_SENSOR_1,false,CALIBRATION_MISSING,CALIBRATION_MISSING,kx134_single_node_i2c.0.1.0,kx134.v3
kx134.v3,NODE_PROTOTYPE,1,KX134_SENSOR_1,sensor_node_1,D4:E9:F4:E9:8E:1C,57964,580119924,0,0,NA,0,-387,-3956,310,-0.094482,-0.965820,0.075684,100,100,8,UNCALIBRATED_SENSOR_1,false,CALIBRATION_MISSING,CALIBRATION_MISSING,kx134_single_node_i2c.0.1.0,kx134.v3
kx134.v3,NODE_PROTOTYPE,1,KX134_SENSOR_1,sensor_node_1,D4:E9:F4:E9:8E:1C,57965,580129924,0,0,NA,0,-392,-3960,313,-0.095703,-0.966797,0.076416,100,100,8,UNCALIBRATED_SENSOR_1,false,CALIBRATION_MISSING,CALIBRATION_MISSING,kx134_single_node_i2c.0.1.0,kx134.v3
kx134.v3,NODE_PROTOTYPE,1,KX134_SENSOR_1,sensor_node_1,D4:E9:F4:E9:8E:1C,57966,580139924,0,0,NA,0,-374,-3987,302,-0.091309,-0.973389,0.073730,100,100,8,UNCALIBRATED_SENSOR_1,false,CALIBRATION_MISSING,CALIBRATION_MISSING,kx134_single_node_i2c.0.1.0,kx134.v3
kx134.v3,NODE_PROTOTYPE,1,KX134_SENSOR_1,sensor_node_1,D4:E9:F4:E9:8E:1C,57967,580149925,0,0,NA,0,-360,-3997,287,-0.087891,-0.975830,0.070068,100,100,8,UNCALIBRATED_SENSOR_1,false,CALIBRATION_MISSING,CALIBRATION_MISSING,kx134_single_node_i2c.0.1.0,kx134.v3
kx134.v3,NODE_PROTOTYPE,1,KX134_SENSOR_1,sensor_node_1,D4:E9:F4:E9:8E:1C,57968,580159925,0,0,NA,0,-362,-4003,262,-0.088379,-0.977295,0.063965,100,100,8,UNCALIBRATED_SENSOR_1,false,CALIBRATION_MISSING,CALIBRATION_MISSING,kx134_single_node_i2c.0.1.0,kx134.v3
kx134.v3,NODE_PROTOTYPE,1,KX134_SENSOR_1,sensor_node_1,D4:E9:F4:E9:8E:1C,57969,580169925,0,0,NA,0,-414,-3932,138,-0.101074,-0.959961,0.033691,100,100,8,UNCALIBRATED_SENSOR_1,false,CALIBRATION_MISSING,CALIBRATION_MISSING,kx134_single_node_i2c.0.1.0,kx134.v3
kx134.v3,NODE_PROTOTYPE,1,KX134_SENSOR_1,sensor_node_1,D4:E9:F4:E9:8E:1C,57970,580179925,0,0,NA,0,-358,-3928,191,-0.087402,-0.958984,0.046631,100,100,8,UNCALIBRATED_SENSOR_1,false,CALIBRATION_MISSING,CALIBRATION_MISSING,kx134_single_node_i2c.0.1.0,kx134.v3
kx134.v3,NODE_PROTOTYPE,1,KX134_SENSOR_1,sensor_node_1,D4:E9:F4:E9:8E:1C,57971,580189925,0,0,NA,0,-358,-3928,191,-0.087402,-0.958984,0.046631,100,100,8,UNCALIBRATED_SENSOR_1,false,CALIBRATION_MISSING,CALIBRATION_MISSING,kx134_single_node_i2c.0.1.0,kx134.v3
kx134.v3,NODE_PROTOTYPE,1,KX134_SENSOR_1,sensor_node_1,D4:E9:F4:E9:8E:1C,57972,580199925,0,0,NA,0,-411,-3960,309,-0.100342,-0.966797,0.075439,100,100,8,UNCALIBRATED_SENSOR_1,false,CALIBRATION_MISSING,CALIBRATION_MISSING,kx134_single_node_i2c.0.1.0,kx134.v3
kx134.v3,NODE_PROTOTYPE,1,KX134_SENSOR_1,sensor_node_1,D4:E9:F4:E9:8E:1C,57973,580209925,0,0,NA,0,-559,-4030,319,-0.136475,-0.983887,0.077881,100,100,8,UNCALIBRATED_SENSOR_1,false,CALIBRATION_MISSING,CALIBRATION_MISSING,kx134_single_node_i2c.0.1.0,kx134.v3
kx134.v3,NODE_PROTOTYPE,1,KX134_SENSOR_1,sensor_node_1,D4:E9:F4:E9:8E:1C,57974,580219924,0,0,NA,0,-475,-4152,360,-0.115967,-1.013672,0.087891,100,100,8,UNCALIBRATED_SENSOR_1,false,CALIBRATION_MISSING,CALIBRATION_MISSING,kx134_single_node_i2c.0.1.0,kx134.v3
kx134.v3,NODE_PROTOTYPE,1,KX134_SENSOR_1,sensor_node_1,D4:E9:F4:E9:8E:1C,57975,580229925,0,0,NA,0,-434,-4096,332,-0.105957,-1.000000,0.081055,100,100,8,UNCALIBRATED_SENSOR_1,false,CALIBRATION_MISSING,CALIBRATION_MISSING,kx134_single_node_i2c.0.1.0,kx134.v3
kx134.v3,NODE_PROTOTYPE,1,KX134_SENSOR_1,sensor_node_1,D4:E9:F4:E9:8E:1C,57976,580239925,0,0,NA,0,-445,-4056,265,-0.108643,-0.990234,0.064697,100,100,8,UNCALIBRATED_SENSOR_1,false,CALIBRATION_MISSING,CALIBRATION_MISSING,kx134_single_node_i2c.0.1.0,kx134.v3
kx134.v3,NODE_PROTOTYPE,1,KX134_SENSOR_1,sensor_node_1,D4:E9:F4:E9:8E:1C,57977,580249925,0,0,NA,0,-381,-4133,226,-0.093018,-1.009033,0.055176,100,100,8,UNCALIBRATED_SENSOR_1,false,CALIBRATION_MISSING,CALIBRATION_MISSING,kx134_single_node_i2c.0.1.0,kx134.v3
kx134.v3,NODE_PROTOTYPE,1,KX134_SENSOR_1,sensor_node_1,D4:E9:F4:E9:8E:1C,57978,580259925,0,0,NA,0,-367,-4135,270,-0.089600,-1.009521,0.065918,100,100,8,UNCALIBRATED_SENSOR_1,false,CALIBRATION_MISSING,CALIBRATION_MISSING,kx134_single_node_i2c.0.1.0,kx134.v3
kx134.v3,NODE_PROTOTYPE,1,KX134_SENSOR_1,sensor_node_1,D4:E9:F4:E9:8E:1C,57979,580269925,0,0,NA,0,-354,-4030,301,-0.086426,-0.983887,0.073486,100,100,8,UNCALIBRATED_SENSOR_1,false,CALIBRATION_MISSING,CALIBRATION_MISSING,kx134_single_node_i2c.0.1.0,kx134.v3
kx134.v3,NODE_PROTOTYPE,1,KX134_SENSOR_1,sensor_node_1,D4:E9:F4:E9:8E:1C,57980,580279924,0,0,NA,0,-321,-3967,275,-0.078369,-0.968506,0.067139,100,100,8,UNCALIBRATED_SENSOR_1,false,CALIBRATION_MISSING,CALIBRATION_MISSING,kx134_single_node_i2c.0.1.0,kx134.v3
kx134.v3,NODE_PROTOTYPE,1,KX134_SENSOR_1,sensor_node_1,D4:E9:F4:E9:8E:1C,57981,580289924,0,0,NA,0,-327,-3969,259,-0.079834,-0.968994,0.063232,100,100,8,UNCALIBRATED_SENSOR_1,false,CALIBRATION_MISSING,CALIBRATION_MISSING,kx134_single_node_i2c.0.1.0,kx134.v3
kx134.v3,NODE_PROTOTYPE,1,KX134_SENSOR_1,sensor_node_1,D4:E9:F4:E9:8E:1C,57982,580299925,0,0,NA,0,-326,-3991,262,-0.079590,-0.974365,0.063965,100,100,8,UNCALIBRATED_SENSOR_1,false,CALIBRATION_MISSING,CALIBRATION_MISSING,kx134_single_node_i2c.0.1.0,kx134.v3
kx134.v3,NODE_PROTOTYPE,1,KX134_SENSOR_1,sensor_node_1,D4:E9:F4:E9:8E:1C,57983,580309925,0,0,NA,0,-295,-4006,293,-0.072021,-0.978027,0.071533,100,100,8,UNCALIBRATED_SENSOR_1,false,CALIBRATION_MISSING,CALIBRATION_MISSING,kx134_single_node_i2c.0.1.0,kx134.v3
kx134.v3,NODE_PROTOTYPE,1,KX134_SENSOR_1,sensor_node_1,D4:E9:F4:E9:8E:1C,57984,580319924,0,0,NA,0,-323,-3977,299,-0.078857,-0.970947,0.072998,100,100,8,UNCALIBRATED_SENSOR_1,false,CALIBRATION_MISSING,CALIBRATION_MISSING,kx134_single_node_i2c.0.1.0,kx134.v3
kx134.v3,NODE_PROTOTYPE,1,KX134_SENSOR_1,sensor_node_1,D4:E9:F4:E9:8E:1C,57985,580329925,0,0,NA,0,-366,-3959,278,-0.089355,-0.966553,0.067871,100,100,8,UNCALIBRATED_SENSOR_1,false,CALIBRATION_MISSING,CALIBRATION_MISSING,kx134_single_node_i2c.0.1.0,kx134.v3
kx134.v3,NODE_PROTOTYPE,1,KX134_SENSOR_1,sensor_node_1,D4:E9:F4:E9:8E:1C,57986,580339924,0,0,NA,0,-380,-3967,276,-0.092773,-0.968506,0.067383,100,100,8,UNCALIBRATED_SENSOR_1,false,CALIBRATION_MISSING,CALIBRATION_MISSING,kx134_single_node_i2c.0.1.0,kx134.v3
kx134.v3,NODE_PROTOTYPE,1,KX134_SENSOR_1,sensor_node_1,D4:E9:F4:E9:8E:1C,57987,580349924,0,0,NA,0,-378,-3961,296,-0.092285,-0.967041,0.072266,100,100,8,UNCALIBRATED_SENSOR_1,false,CALIBRATION_MISSING,CALIBRATION_MISSING,kx134_single_node_i2c.0.1.0,kx134.v3
kx134.v3,NODE_PROTOTYPE,1,KX134_SENSOR_1,sensor_node_1,D4:E9:F4:E9:8E:1C,57988,580359924,0,0,NA,0,-367,-3970,313,-0.089600,-0.969238,0.076416,100,100,8,UNCALIBRATED_SENSOR_1,false,CALIBRATION_MISSING,CALIBRATION_MISSING,kx134_single_node_i2c.0.1.0,kx134.v3
kx134.v3,NODE_PROTOTYPE,1,KX134_SENSOR_1,sensor_node_1,D4:E9:F4:E9:8E:1C,57989,580369924,0,0,NA,0,-353,-3987,312,-0.086182,-0.973389,0.076172,100,100,8,UNCALIBRATED_SENSOR_1,false,CALIBRATION_MISSING,CALIBRATION_MISSING,kx134_single_node_i2c.0.1.0,kx134.v3
kx134.v3,NODE_PROTOTYPE,1,KX134_SENSOR_1,sensor_node_1,D4:E9:F4:E9:8E:1C,57990,580379924,0,0,NA,0,-341,-3997,283,-0.083252,-0.975830,0.069092,100,100,8,UNCALIBRATED_SENSOR_1,false,CALIBRATION_MISSING,CALIBRATION_MISSING,kx134_single_node_i2c.0.1.0,kx134.v3
kx134.v3,NODE_PROTOTYPE,1,KX134_SENSOR_1,sensor_node_1,D4:E9:F4:E9:8E:1C,57991,580389925,0,0,NA,0,-340,-4004,256,-0.083008,-0.977539,0.062500,100,100,8,UNCALIBRATED_SENSOR_1,false,CALIBRATION_MISSING,CALIBRATION_MISSING,kx134_single_node_i2c.0.1.0,kx134.v3
kx134.v3,NODE_PROTOTYPE,1,KX134_SENSOR_1,sensor_node_1,D4:E9:F4:E9:8E:1C,57992,580399924,0,0,NA,0,-337,-4012,258,-0.082275,-0.979492,0.062988,100,100,8,UNCALIBRATED_SENSOR_1,false,CALIBRATION_MISSING,CALIBRATION_MISSING,kx134_single_node_i2c.0.1.0,kx134.v3
kx134.v3,NODE_PROTOTYPE,1,KX134_SENSOR_1,sensor_node_1,D4:E9:F4:E9:8E:1C,57993,580409925,0,0,NA,0,-331,-4036,259,-0.080811,-0.985352,0.063232,100,100,8,UNCALIBRATED_SENSOR_1,false,CALIBRATION_MISSING,CALIBRATION_MISSING,kx134_single_node_i2c.0.1.0,kx134.v3
kx134.v3,NODE_PROTOTYPE,1,KX134_SENSOR_1,sensor_node_1,D4:E9:F4:E9:8E:1C,57994,580419925,0,0,NA,0,-328,-4044,284,-0.080078,-0.987305,0.069336,100,100,8,UNCALIBRATED_SENSOR_1,false,CALIBRATION_MISSING,CALIBRATION_MISSING,kx134_single_node_i2c.0.1.0,kx134.v3
kx134.v3,NODE_PROTOTYPE,1,KX134_SENSOR_1,sensor_node_1,D4:E9:F4:E9:8E:1C,57995,580429925,0,0,NA,0,-345,-4019,304,-0.084229,-0.981201,0.074219,100,100,8,UNCALIBRATED_SENSOR_1,false,CALIBRATION_MISSING,CALIBRATION_MISSING,kx134_single_node_i2c.0.1.0,kx134.v3
kx134.v3,NODE_PROTOTYPE,1,KX134_SENSOR_1,sensor_node_1,D4:E9:F4:E9:8E:1C,57996,580439925,0,0,NA,0,-343,-3991,321,-0.083740,-0.974365,0.078369,100,100,8,UNCALIBRATED_SENSOR_1,false,CALIBRATION_MISSING,CALIBRATION_MISSING,kx134_single_node_i2c.0.1.0,kx134.v3
kx134.v3,NODE_PROTOTYPE,1,KX134_SENSOR_1,sensor_node_1,D4:E9:F4:E9:8E:1C,57997,580449925,0,0,NA,0,-377,-3970,307,-0.092041,-0.969238,0.074951,100,100,8,UNCALIBRATED_SENSOR_1,false,CALIBRATION_MISSING,CALIBRATION_MISSING,kx134_single_node_i2c.0.1.0,kx134.v3
kx134.v3,NODE_PROTOTYPE,1,KX134_SENSOR_1,sensor_node_1,D4:E9:F4:E9:8E:1C,57998,580459925,0,0,NA,0,-384,-3975,313,-0.093750,-0.970459,0.076416,100,100,8,UNCALIBRATED_SENSOR_1,false,CALIBRATION_MISSING,CALIBRATION_MISSING,kx134_single_node_i2c.0.1.0,kx134.v3
kx134.v3,NODE_PROTOTYPE,1,KX134_SENSOR_1,sensor_node_1,D4:E9:F4:E9:8E:1C,57999,580469925,0,0,NA,0,-345,-3982,342,-0.084229,-0.972168,0.083496,100,100,8,UNCALIBRATED_SENSOR_1,false,CALIBRATION_MISSING,CALIBRATION_MISSING,kx134_single_node_i2c.0.1.0,kx134.v3
kx134.v3,NODE_PROTOTYPE,1,KX134_SENSOR_1,sensor_node_1,D4:E9:F4:E9:8E:1C,58000,580479924,0,0,NA,0,-327,-3972,310,-0.079834,-0.969727,0.075684,100,100,8,UNCALIBRATED_SENSOR_1,false,CALIBRATION_MISSING,CALIBRATION_MISSING,kx134_single_node_i2c.0.1.0,kx134.v3
kx134.v3,NODE_PROTOTYPE,1,KX134_SENSOR_1,sensor_node_1,D4:E9:F4:E9:8E:1C,58001,580489925,0,0,NA,0,-314,-3981,270,-0.076660,-0.971924,0.065918,100,100,8,UNCALIBRATED_SENSOR_1,false,CALIBRATION_MISSING,CALIBRATION_MISSING,kx134_single_node_i2c.0.1.0,kx134.v3
kx134.v3,NODE_PROTOTYPE,1,KX134_SENSOR_1,sensor_node_1,D4:E9:F4:E9:8E:1C,58002,580499925,0,0,NA,0,-351,-3982,251,-0.085693,-0.972168,0.061279,100,100,8,UNCALIBRATED_SENSOR_1,false,CALIBRATION_MISSING,CALIBRATION_MISSING,kx134_single_node_i2c.0.1.0,kx134.v3
kx134.v3,NODE_PROTOTYPE,1,KX134_SENSOR_1,sensor_node_1,D4:E9:F4:E9:8E:1C,58003,580509924,0,0,NA,0,-376,-3946,245,-0.091797,-0.963379,0.059814,100,100,8,UNCALIBRATED_SENSOR_1,false,CALIBRATION_MISSING,CALIBRATION_MISSING,kx134_single_node_i2c.0.1.0,kx134.v3
kx134.v3,NODE_PROTOTYPE,1,KX134_SENSOR_1,sensor_node_1,D4:E9:F4:E9:8E:1C,58004,580519925,0,0,NA,0,-322,-3977,279,-0.078613,-0.970947,0.068115,100,100,8,UNCALIBRATED_SENSOR_1,false,CALIBRATION_MISSING,CALIBRATION_MISSING,kx134_single_node_i2c.0.1.0,kx134.v3
kx134.v3,NODE_PROTOTYPE,1,KX134_SENSOR_1,sensor_node_1,D4:E9:F4:E9:8E:1C,58005,580529925,0,0,NA,0,-301,-4009,310,-0.073486,-0.978760,0.075684,100,100,8,UNCALIBRATED_SENSOR_1,false,CALIBRATION_MISSING,CALIBRATION_MISSING,kx134_single_node_i2c.0.1.0,kx134.v3
kx134.v3,NODE_PROTOTYPE,1,KX134_SENSOR_1,sensor_node_1,D4:E9:F4:E9:8E:1C,58006,580539925,0,0,NA,0,-319,-3987,289,-0.077881,-0.973389,0.070557,100,100,8,UNCALIBRATED_SENSOR_1,false,CALIBRATION_MISSING,CALIBRATION_MISSING,kx134_single_node_i2c.0.1.0,kx134.v3
kx134.v3,NODE_PROTOTYPE,1,KX134_SENSOR_1,sensor_node_1,D4:E9:F4:E9:8E:1C,58007,580549925,0,0,NA,0,-327,-4000,283,-0.079834,-0.976562,0.069092,100,100,8,UNCALIBRATED_SENSOR_1,false,CALIBRATION_MISSING,CALIBRATION_MISSING,kx134_single_node_i2c.0.1.0,kx134.v3
kx134.v3,NODE_PROTOTYPE,1,KX134_SENSOR_1,sensor_node_1,D4:E9:F4:E9:8E:1C,58008,580559925,0,0,NA,0,-330,-4031,314,-0.080566,-0.984131,0.076660,100,100,8,UNCALIBRATED_SENSOR_1,false,CALIBRATION_MISSING,CALIBRATION_MISSING,kx134_single_node_i2c.0.1.0,kx134.v3
kx134.v3,NODE_PROTOTYPE,1,KX134_SENSOR_1,sensor_node_1,D4:E9:F4:E9:8E:1C,58009,580569924,0,0,NA,0,-305,-4037,346,-0.074463,-0.985596,0.084473,100,100,8,UNCALIBRATED_SENSOR_1,false,CALIBRATION_MISSING,CALIBRATION_MISSING,kx134_single_node_i2c.0.1.0,kx134.v3
kx134.v3,NODE_PROTOTYPE,1,KX134_SENSOR_1,sensor_node_1,D4:E9:F4:E9:8E:1C,58010,580579924,0,0,NA,0,-293,-4022,353,-0.071533,-0.981934,0.086182,100,100,8,UNCALIBRATED_SENSOR_1,false,CALIBRATION_MISSING,CALIBRATION_MISSING,kx134_single_node_i2c.0.1.0,kx134.v3
kx134.v3,NODE_PROTOTYPE,1,KX134_SENSOR_1,sensor_node_1,D4:E9:F4:E9:8E:1C,58011,580589924,0,0,NA,0,-293,-4025,324,-0.071533,-0.982666,0.079102,100,100,8,UNCALIBRATED_SENSOR_1,false,CALIBRATION_MISSING,CALIBRATION_MISSING,kx134_single_node_i2c.0.1.0,kx134.v3
kx134.v3,NODE_PROTOTYPE,1,KX134_SENSOR_1,sensor_node_1,D4:E9:F4:E9:8E:1C,58012,580599924,0,0,NA,0,-277,-4025,291,-0.067627,-0.982666,0.071045,100,100,8,UNCALIBRATED_SENSOR_1,false,CALIBRATION_MISSING,CALIBRATION_MISSING,kx134_single_node_i2c.0.1.0,kx134.v3
kx134.v3,NODE_PROTOTYPE,1,KX134_SENSOR_1,sensor_node_1,D4:E9:F4:E9:8E:1C,58013,580609924,0,0,NA,0,-267,-4018,311,-0.065186,-0.980957,0.075928,100,100,8,UNCALIBRATED_SENSOR_1,false,CALIBRATION_MISSING,CALIBRATION_MISSING,kx134_single_node_i2c.0.1.0,kx134.v3
kx134.v3,NODE_PROTOTYPE,1,KX134_SENSOR_1,sensor_node_1,D4:E9:F4:E9:8E:1C,58014,580619925,0,0,NA,0,-290,-4020,314,-0.070801,-0.981445,0.076660,100,100,8,UNCALIBRATED_SENSOR_1,false,CALIBRATION_MISSING,CALIBRATION_MISSING,kx134_single_node_i2c.0.1.0,kx134.v3
kx134.v3,NODE_PROTOTYPE,1,KX134_SENSOR_1,sensor_node_1,D4:E9:F4:E9:8E:1C,58015,580629924,0,0,NA,0,-316,-4039,296,-0.077148,-0.986084,0.072266,100,100,8,UNCALIBRATED_SENSOR_1,false,CALIBRATION_MISSING,CALIBRATION_MISSING,kx134_single_node_i2c.0.1.0,kx134.v3
kx134.v3,NODE_PROTOTYPE,1,KX134_SENSOR_1,sensor_node_1,D4:E9:F4:E9:8E:1C,58016,580639925,0,0,NA,0,-315,-4056,299,-0.076904,-0.990234,0.072998,100,100,8,UNCALIBRATED_SENSOR_1,false,CALIBRATION_MISSING,CALIBRATION_MISSING,kx134_single_node_i2c.0.1.0,kx134.v3
kx134.v3,NODE_PROTOTYPE,1,KX134_SENSOR_1,sensor_node_1,D4:E9:F4:E9:8E:1C,58017,580649925,0,0,NA,0,-285,-4041,315,-0.069580,-0.986572,0.076904,100,100,8,UNCALIBRATED_SENSOR_1,false,CALIBRATION_MISSING,CALIBRATION_MISSING,kx134_single_node_i2c.0.1.0,kx134.v3
kx134.v3,NODE_PROTOTYPE,1,KX134_SENSOR_1,sensor_node_1,D4:E9:F4:E9:8E:1C,58018,580659925,0,0,NA,0,-280,-4015,334,-0.068359,-0.980225,0.081543,100,100,8,UNCALIBRATED_SENSOR_1,false,CALIBRATION_MISSING,CALIBRATION_MISSING,kx134_single_node_i2c.0.1.0,kx134.v3
kx134.v3,NODE_PROTOTYPE,1,KX134_SENSOR_1,sensor_node_1,D4:E9:F4:E9:8E:1C,58019,580669925,0,0,NA,0,-307,-4000,358,-0.074951,-0.976562,0.087402,100,100,8,UNCALIBRATED_SENSOR_1,false,CALIBRATION_MISSING,CALIBRATION_MISSING,kx134_single_node_i2c.0.1.0,kx134.v3
kx134.v3,NODE_PROTOTYPE,1,KX134_SENSOR_1,sensor_node_1,D4:E9:F4:E9:8E:1C,58020,580679925,0,0,NA,0,-331,-4004,348,-0.080811,-0.977539,0.084961,100,100,8,UNCALIBRATED_SENSOR_1,false,CALIBRATION_MISSING,CALIBRATION_MISSING,kx134_single_node_i2c.0.1.0,kx134.v3
kx134.v3,NODE_PROTOTYPE,1,KX134_SENSOR_1,sensor_node_1,D4:E9:F4:E9:8E:1C,58021,580689925,0,0,NA,0,-341,-4014,322,-0.083252,-0.979980,0.078613,100,100,8,UNCALIBRATED_SENSOR_1,false,CALIBRATION_MISSING,CALIBRATION_MISSING,kx134_single_node_i2c.0.1.0,kx134.v3
kx134.v3,NODE_PROTOTYPE,1,KX134_SENSOR_1,sensor_node_1,D4:E9:F4:E9:8E:1C,58022,580699925,0,0,NA,0,-325,-4008,325,-0.079346,-0.978516,0.079346,100,100,8,UNCALIBRATED_SENSOR_1,false,CALIBRATION_MISSING,CALIBRATION_MISSING,kx134_single_node_i2c.0.1.0,kx134.v3
kx134.v3,NODE_PROTOTYPE,1,KX134_SENSOR_1,sensor_node_1,D4:E9:F4:E9:8E:1C,58023,580709925,0,0,NA,0,-309,-4002,308,-0.075439,-0.977051,0.075195,100,100,8,UNCALIBRATED_SENSOR_1,false,CALIBRATION_MISSING,CALIBRATION_MISSING,kx134_single_node_i2c.0.1.0,kx134.v3
kx134.v3,NODE_PROTOTYPE,1,KX134_SENSOR_1,sensor_node_1,D4:E9:F4:E9:8E:1C,58024,580719925,0,0,NA,0,-316,-3992,289,-0.077148,-0.974609,0.070557,100,100,8,UNCALIBRATED_SENSOR_1,false,CALIBRATION_MISSING,CALIBRATION_MISSING,kx134_single_node_i2c.0.1.0,kx134.v3
kx134.v3,NODE_PROTOTYPE,1,KX134_SENSOR_1,sensor_node_1,D4:E9:F4:E9:8E:1C,58025,580729924,0,0,NA,0,-336,-3987,279,-0.082031,-0.973389,0.068115,100,100,8,UNCALIBRATED_SENSOR_1,false,CALIBRATION_MISSING,CALIBRATION_MISSING,kx134_single_node_i2c.0.1.0,kx134.v3
kx134.v3,NODE_PROTOTYPE,1,KX134_SENSOR_1,sensor_node_1,D4:E9:F4:E9:8E:1C,58026,580739924,0,0,NA,0,-351,-3979,288,-0.085693,-0.971436,0.070312,100,100,8,UNCALIBRATED_SENSOR_1,false,CALIBRATION_MISSING,CALIBRATION_MISSING,kx134_single_node_i2c.0.1.0,kx134.v3
kx134.v3,NODE_PROTOTYPE,1,KX134_SENSOR_1,sensor_node_1,D4:E9:F4:E9:8E:1C,58027,580749924,0,0,NA,0,-372,-3955,299,-0.090820,-0.965576,0.072998,100,100,8,UNCALIBRATED_SENSOR_1,false,CALIBRATION_MISSING,CALIBRATION_MISSING,kx134_single_node_i2c.0.1.0,kx134.v3
kx134.v3,NODE_PROTOTYPE,1,KX134_SENSOR_1,sensor_node_1,D4:E9:F4:E9:8E:1C,58028,580759924,0,0,NA,0,-367,-3958,286,-0.089600,-0.966309,0.069824,100,100,8,UNCALIBRATED_SENSOR_1,false,CALIBRATION_MISSING,CALIBRATION_MISSING,kx134_single_node_i2c.0.1.0,kx134.v3
kx134.v3,NODE_PROTOTYPE,1,KX134_SENSOR_1,sensor_node_1,D4:E9:F4:E9:8E:1C,58029,580769925,0,0,NA,0,-348,-3968,284,-0.084961,-0.968750,0.069336,100,100,8,UNCALIBRATED_SENSOR_1,false,CALIBRATION_MISSING,CALIBRATION_MISSING,kx134_single_node_i2c.0.1.0,kx134.v3
kx134.v3,NODE_PROTOTYPE,1,KX134_SENSOR_1,sensor_node_1,D4:E9:F4:E9:8E:1C,58030,580779925,0,0,NA,0,-322,-3962,301,-0.078613,-0.967285,0.073486,100,100,8,UNCALIBRATED_SENSOR_1,false,CALIBRATION_MISSING,CALIBRATION_MISSING,kx134_single_node_i2c.0.1.0,kx134.v3
kx134.v3,NODE_PROTOTYPE,1,KX134_SENSOR_1,sensor_node_1,D4:E9:F4:E9:8E:1C,58031,580789924,0,0,NA,0,-307,-3970,311,-0.074951,-0.969238,0.075928,100,100,8,UNCALIBRATED_SENSOR_1,false,CALIBRATION_MISSING,CALIBRATION_MISSING,kx134_single_node_i2c.0.1.0,kx134.v3
kx134.v3,NODE_PROTOTYPE,1,KX134_SENSOR_1,sensor_node_1,D4:E9:F4:E9:8E:1C,58032,580799924,0,0,NA,0,-289,-3995,341,-0.070557,-0.975342,0.083252,100,100,8,UNCALIBRATED_SENSOR_1,false,CALIBRATION_MISSING,CALIBRATION_MISSING,kx134_single_node_i2c.0.1.0,kx134.v3
kx134.v3,NODE_PROTOTYPE,1,KX134_SENSOR_1,sensor_node_1,D4:E9:F4:E9:8E:1C,58033,580809925,0,0,NA,0,-267,-3990,354,-0.065186,-0.974121,0.086426,100,100,8,UNCALIBRATED_SENSOR_1,false,CALIBRATION_MISSING,CALIBRATION_MISSING,kx134_single_node_i2c.0.1.0,kx134.v3
kx134.v3,NODE_PROTOTYPE,1,KX134_SENSOR_1,sensor_node_1,D4:E9:F4:E9:8E:1C,58034,580819924,0,0,NA,0,-280,-3968,355,-0.068359,-0.968750,0.086670,100,100,8,UNCALIBRATED_SENSOR_1,false,CALIBRATION_MISSING,CALIBRATION_MISSING,kx134_single_node_i2c.0.1.0,kx134.v3
kx134.v3,NODE_PROTOTYPE,1,KX134_SENSOR_1,sensor_node_1,D4:E9:F4:E9:8E:1C,58035,580829925,0,0,NA,0,-294,-3971,373,-0.071777,-0.969482,0.091064,100,100,8,UNCALIBRATED_SENSOR_1,false,CALIBRATION_MISSING,CALIBRATION_MISSING,kx134_single_node_i2c.0.1.0,kx134.v3
kx134.v3,NODE_PROTOTYPE,1,KX134_SENSOR_1,sensor_node_1,D4:E9:F4:E9:8E:1C,58036,580839925,0,0,NA,0,-313,-3973,342,-0.076416,-0.969971,0.083496,100,100,8,UNCALIBRATED_SENSOR_1,false,CALIBRATION_MISSING,CALIBRATION_MISSING,kx134_single_node_i2c.0.1.0,kx134.v3
kx134.v3,NODE_PROTOTYPE,1,KX134_SENSOR_1,sensor_node_1,D4:E9:F4:E9:8E:1C,58037,580849924,0,0,NA,0,-334,-3972,318,-0.081543,-0.969727,0.077637,100,100,8,UNCALIBRATED_SENSOR_1,false,CALIBRATION_MISSING,CALIBRATION_MISSING,kx134_single_node_i2c.0.1.0,kx134.v3
kx134.v3,NODE_PROTOTYPE,1,KX134_SENSOR_1,sensor_node_1,D4:E9:F4:E9:8E:1C,58038,580859925,0,0,NA,0,-337,-3952,303,-0.082275,-0.964844,0.073975,100,100,8,UNCALIBRATED_SENSOR_1,false,CALIBRATION_MISSING,CALIBRATION_MISSING,kx134_single_node_i2c.0.1.0,kx134.v3
kx134.v3,NODE_PROTOTYPE,1,KX134_SENSOR_1,sensor_node_1,D4:E9:F4:E9:8E:1C,58039,580869924,0,0,NA,0,-325,-3944,287,-0.079346,-0.962891,0.070068,100,100,8,UNCALIBRATED_SENSOR_1,false,CALIBRATION_MISSING,CALIBRATION_MISSING,kx134_single_node_i2c.0.1.0,kx134.v3
kx134.v3,NODE_PROTOTYPE,1,KX134_SENSOR_1,sensor_node_1,D4:E9:F4:E9:8E:1C,58040,580879924,0,0,NA,0,-324,-3966,288,-0.079102,-0.968262,0.070312,100,100,8,UNCALIBRATED_SENSOR_1,false,CALIBRATION_MISSING,CALIBRATION_MISSING,kx134_single_node_i2c.0.1.0,kx134.v3
kx134.v3,NODE_PROTOTYPE,1,KX134_SENSOR_1,sensor_node_1,D4:E9:F4:E9:8E:1C,58041,580889924,0,0,NA,0,-306,-3990,296,-0.074707,-0.974121,0.072266,100,100,8,UNCALIBRATED_SENSOR_1,false,CALIBRATION_MISSING,CALIBRATION_MISSING,kx134_single_node_i2c.0.1.0,kx134.v3
kx134.v3,NODE_PROTOTYPE,1,KX134_SENSOR_1,sensor_node_1,D4:E9:F4:E9:8E:1C,58042,580899925,0,0,NA,0,-276,-4009,288,-0.067383,-0.978760,0.070312,100,100,8,UNCALIBRATED_SENSOR_1,false,CALIBRATION_MISSING,CALIBRATION_MISSING,kx134_single_node_i2c.0.1.0,kx134.v3
kx134.v3,NODE_PROTOTYPE,1,KX134_SENSOR_1,sensor_node_1,D4:E9:F4:E9:8E:1C,58043,580909924,0,0,NA,0,-284,-3996,272,-0.069336,-0.975586,0.066406,100,100,8,UNCALIBRATED_SENSOR_1,false,CALIBRATION_MISSING,CALIBRATION_MISSING,kx134_single_node_i2c.0.1.0,kx134.v3
kx134.v3,NODE_PROTOTYPE,1,KX134_SENSOR_1,sensor_node_1,D4:E9:F4:E9:8E:1C,58044,580919924,0,0,NA,0,-304,-3994,303,-0.074219,-0.975098,0.073975,100,100,8,UNCALIBRATED_SENSOR_1,false,CALIBRATION_MISSING,CALIBRATION_MISSING,kx134_single_node_i2c.0.1.0,kx134.v3
kx134.v3,NODE_PROTOTYPE,1,KX134_SENSOR_1,sensor_node_1,D4:E9:F4:E9:8E:1C,58045,580929924,0,0,NA,0,-285,-4026,351,-0.069580,-0.982910,0.085693,100,100,8,UNCALIBRATED_SENSOR_1,false,CALIBRATION_MISSING,CALIBRATION_MISSING,kx134_single_node_i2c.0.1.0,kx134.v3
kx134.v3,NODE_PROTOTYPE,1,KX134_SENSOR_1,sensor_node_1,D4:E9:F4:E9:8E:1C,58046,580939924,0,0,NA,0,-299,-4009,327,-0.072998,-0.978760,0.079834,100,100,8,UNCALIBRATED_SENSOR_1,false,CALIBRATION_MISSING,CALIBRATION_MISSING,kx134_single_node_i2c.0.1.0,kx134.v3
kx134.v3,NODE_PROTOTYPE,1,KX134_SENSOR_1,sensor_node_1,D4:E9:F4:E9:8E:1C,58047,580949924,0,0,NA,0,-338,-3968,297,-0.082520,-0.968750,0.072510,100,100,8,UNCALIBRATED_SENSOR_1,false,CALIBRATION_MISSING,CALIBRATION_MISSING,kx134_single_node_i2c.0.1.0,kx134.v3
kx134.v3,NODE_PROTOTYPE,1,KX134_SENSOR_1,sensor_node_1,D4:E9:F4:E9:8E:1C,58048,580959925,0,0,NA,0,-331,-3947,315,-0.080811,-0.963623,0.076904,100,100,8,UNCALIBRATED_SENSOR_1,false,CALIBRATION_MISSING,CALIBRATION_MISSING,kx134_single_node_i2c.0.1.0,kx134.v3
kx134.v3,NODE_PROTOTYPE,1,KX134_SENSOR_1,sensor_node_1,D4:E9:F4:E9:8E:1C,58049,580969925,0,0,NA,0,-337,-3934,316,-0.082275,-0.960449,0.077148,100,100,8,UNCALIBRATED_SENSOR_1,false,CALIBRATION_MISSING,CALIBRATION_MISSING,kx134_single_node_i2c.0.1.0,kx134.v3
kx134.v3,NODE_PROTOTYPE,1,KX134_SENSOR_1,sensor_node_1,D4:E9:F4:E9:8E:1C,58050,580979924,0,0,NA,0,-341,-3942,262,-0.083252,-0.962402,0.063965,100,100,8,UNCALIBRATED_SENSOR_1,false,CALIBRATION_MISSING,CALIBRATION_MISSING,kx134_single_node_i2c.0.1.0,kx134.v3
kx134.v3,NODE_PROTOTYPE,1,KX134_SENSOR_1,sensor_node_1,D4:E9:F4:E9:8E:1C,58051,580989925,0,0,NA,0,-341,-3952,228,-0.083252,-0.964844,0.055664,100,100,8,UNCALIBRATED_SENSOR_1,false,CALIBRATION_MISSING,CALIBRATION_MISSING,kx134_single_node_i2c.0.1.0,kx134.v3
kx134.v3,NODE_PROTOTYPE,1,KX134_SENSOR_1,sensor_node_1,D4:E9:F4:E9:8E:1C,58052,580999924,0,0,NA,0,-351,-3977,262,-0.085693,-0.970947,0.063965,100,100,8,UNCALIBRATED_SENSOR_1,false,CALIBRATION_MISSING,CALIBRATION_MISSING,kx134_single_node_i2c.0.1.0,kx134.v3
kx134.v3,NODE_PROTOTYPE,1,KX134_SENSOR_1,sensor_node_1,D4:E9:F4:E9:8E:1C,58053,581009924,0,0,NA,0,-373,-3980,279,-0.091064,-0.971680,0.068115,100,100,8,UNCALIBRATED_SENSOR_1,false,CALIBRATION_MISSING,CALIBRATION_MISSING,kx134_single_node_i2c.0.1.0,kx134.v3
kx134.v3,NODE_PROTOTYPE,1,KX134_SENSOR_1,sensor_node_1,D4:E9:F4:E9:8E:1C,58054,581019925,0,0,NA,0,-347,-3974,289,-0.084717,-0.970215,0.070557,100,100,8,UNCALIBRATED_SENSOR_1,false,CALIBRATION_MISSING,CALIBRATION_MISSING,kx134_single_node_i2c.0.1.0,kx134.v3
kx134.v3,NODE_PROTOTYPE,1,KX134_SENSOR_1,sensor_node_1,D4:E9:F4:E9:8E:1C,58055,581029924,0,0,NA,0,-307,-3983,287,-0.074951,-0.972412,0.070068,100,100,8,UNCALIBRATED_SENSOR_1,false,CALIBRATION_MISSING,CALIBRATION_MISSING,kx134_single_node_i2c.0.1.0,kx134.v3
kx134.v3,NODE_PROTOTYPE,1,KX134_SENSOR_1,sensor_node_1,D4:E9:F4:E9:8E:1C,58056,581039924,0,0,NA,0,-375,-3957,254,-0.091553,-0.966064,0.062012,100,100,8,UNCALIBRATED_SENSOR_1,false,CALIBRATION_MISSING,CALIBRATION_MISSING,kx134_single_node_i2c.0.1.0,kx134.v3
kx134.v3,NODE_PROTOTYPE,1,KX134_SENSOR_1,sensor_node_1,D4:E9:F4:E9:8E:1C,58057,581049925,0,0,NA,0,-361,-4012,250,-0.088135,-0.979492,0.061035,100,100,8,UNCALIBRATED_SENSOR_1,false,CALIBRATION_MISSING,CALIBRATION_MISSING,kx134_single_node_i2c.0.1.0,kx134.v3
kx134.v3,NODE_PROTOTYPE,1,KX134_SENSOR_1,sensor_node_1,D4:E9:F4:E9:8E:1C,58058,581059925,0,0,NA,0,-352,-3994,250,-0.085937,-0.975098,0.061035,100,100,8,UNCALIBRATED_SENSOR_1,false,CALIBRATION_MISSING,CALIBRATION_MISSING,kx134_single_node_i2c.0.1.0,kx134.v3
kx134.v3,NODE_PROTOTYPE,1,KX134_SENSOR_1,sensor_node_1,D4:E9:F4:E9:8E:1C,58059,581069924,0,0,NA,0,-352,-3994,282,-0.085937,-0.975098,0.068848,100,100,8,UNCALIBRATED_SENSOR_1,false,CALIBRATION_MISSING,CALIBRATION_MISSING,kx134_single_node_i2c.0.1.0,kx134.v3
kx134.v3,NODE_PROTOTYPE,1,KX134_SENSOR_1,sensor_node_1,D4:E9:F4:E9:8E:1C,58060,581079924,0,0,NA,0,-353,-4026,366,-0.086182,-0.982910,0.089355,100,100,8,UNCALIBRATED_SENSOR_1,false,CALIBRATION_MISSING,CALIBRATION_MISSING,kx134_single_node_i2c.0.1.0,kx134.v3
kx134.v3,NODE_PROTOTYPE,1,KX134_SENSOR_1,sensor_node_1,D4:E9:F4:E9:8E:1C,58061,581089924,0,0,NA,0,-377,-4060,236,-0.092041,-0.991211,0.057617,100,100,8,UNCALIBRATED_SENSOR_1,false,CALIBRATION_MISSING,CALIBRATION_MISSING,kx134_single_node_i2c.0.1.0,kx134.v3
kx134.v3,NODE_PROTOTYPE,1,KX134_SENSOR_1,sensor_node_1,D4:E9:F4:E9:8E:1C,58062,581099924,0,0,NA,0,-460,-4064,161,-0.112305,-0.992187,0.039307,100,100,8,UNCALIBRATED_SENSOR_1,false,CALIBRATION_MISSING,CALIBRATION_MISSING,kx134_single_node_i2c.0.1.0,kx134.v3
kx134.v3,NODE_PROTOTYPE,1,KX134_SENSOR_1,sensor_node_1,D4:E9:F4:E9:8E:1C,58063,581109924,0,0,NA,0,-409,-4173,247,-0.099854,-1.018799,0.060303,100,100,8,UNCALIBRATED_SENSOR_1,false,CALIBRATION_MISSING,CALIBRATION_MISSING,kx134_single_node_i2c.0.1.0,kx134.v3
kx134.v3,NODE_PROTOTYPE,1,KX134_SENSOR_1,sensor_node_1,D4:E9:F4:E9:8E:1C,58064,581119924,0,0,NA,0,-448,-4195,239,-0.109375,-1.024170,0.058350,100,100,8,UNCALIBRATED_SENSOR_1,false,CALIBRATION_MISSING,CALIBRATION_MISSING,kx134_single_node_i2c.0.1.0,kx134.v3
kx134.v3,NODE_PROTOTYPE,1,KX134_SENSOR_1,sensor_node_1,D4:E9:F4:E9:8E:1C,58065,581129925,0,0,NA,0,-456,-4204,191,-0.111328,-1.026367,0.046631,100,100,8,UNCALIBRATED_SENSOR_1,false,CALIBRATION_MISSING,CALIBRATION_MISSING,kx134_single_node_i2c.0.1.0,kx134.v3
kx134.v3,NODE_PROTOTYPE,1,KX134_SENSOR_1,sensor_node_1,D4:E9:F4:E9:8E:1C,58066,581139925,0,0,NA,0,-367,-4140,151,-0.089600,-1.010742,0.036865,100,100,8,UNCALIBRATED_SENSOR_1,false,CALIBRATION_MISSING,CALIBRATION_MISSING,kx134_single_node_i2c.0.1.0,kx134.v3
