seq,t_us,raw_x,raw_y,raw_z,mv_x,mv_y,mv_z
0,340063,1934,1719,1488,1745,1558,1328
1,349300,1953,1717,1445,1740,1550,1335
2,359300,1951,1715,1431,1745,1559,1334
3,369300,1943,1723,1441,1749,1552,1337
4,379300,1948,1712,1453,1747,1542,1330
5,389300,1947,1718,1447,1743,1560,1337
6,399299,1954,1717,1450,1758,1553,1335
7,409300,1952,1718,1453,1745,1553,1337
8,419300,1950,1726,1449,1744,1556,1332
9,429300,1953,1721,1429,1742,1549,1334
10,439300,1955,1725,1467,1744,1561,1338
11,449300,1954,1724,1446,1745,1551,1330
12,459300,1951,1719,1452,1750,1558,1335
13,469300,1955,1718,1451,1743,1557,1332
14,479300,1965,1718,1449,1739,1555,1325
15,489300,1954,1719,1445,1745,1553,1332
16,499300,1949,1721,1453,1747,1557,1332
17,509300,1953,1715,1427,1744,1565,1336
18,519300,1956,1721,1477,1741,1558,1337
19,529300,1955,1717,1452,1745,1556,1337
20,539300,1951,1726,1453,1744,1550,1328
21,549300,1952,1726,1449,1745,1546,1333
22,559300,1951,1723,1446,1745,1534,1332
23,569300,1951,1720,1447,1753,1561,1334
24,579300,1950,1721,1455,1742,1558,1329
25,589300,1956,1742,1447,1744,1548,1337
26,599300,1950,1719,1455,1743,1554,1337
27,609300,1949,1723,1458,1746,1547,1337
28,619300,1958,1712,1459,1754,1556,1337
29,629300,1950,1714,1490,1741,1552,1329
30,639300,1957,1717,1449,1748,1562,1334
31,649300,1955,1728,1447,1748,1553,1331
32,659300,1954,1723,1446,1744,1558,1328
33,669300,1951,1719,1456,1750,1553,1329
34,679300,1954,1698,1451,1742,1550,1332
35,689300,1950,1719,1453,1747,1548,1328
36,699300,1951,1716,1450,1741,1558,1337
37,709300,1954,1721,1455,1740,1553,1333
38,719300,1954,1722,1430,1745,1562,1342
39,729299,1951,1723,1454,1739,1552,1335
40,739300,1956,1725,1454,1746,1548,1346
41,749300,1947,1717,1453,1744,1555,1334
42,759300,1955,1727,1451,1745,1548,1336
43,769300,1953,1727,1458,1742,1550,1322
44,779300,1947,1714,1448,1740,1562,1351
45,789300,1953,1713,1455,1749,1556,1335
46,799300,1953,1722,1461,1745,1548,1337
47,809300,1952,1718,1453,1747,1562,1332
48,819300,1949,1711,1455,1746,1552,1335
49,829300,1949,1718,1453,1740,1550,1329
50,839300,1953,1723,1447,1743,1555,1332
51,849300,1947,1712,1449,1743,1561,1326
52,859300,1950,1714,1453,1745,1558,1335
53,869300,1953,1721,1453,1744,1548,1337
54,879300,1953,1714,1447,1745,1552,1329
55,889300,1951,1722,1456,1743,1548,1337
56,899300,1955,1739,1453,1743,1556,1332
57,909300,1949,1718,1447,1747,1553,1332
58,919300,1947,1723,1444,1760,1553,1332
59,929300,1950,1716,1418,1745,1557,1332
60,939300,1951,1716,1457,1741,1553,1313
61,949300,1950,1715,1450,1743,1561,1333
62,959300,1951,1731,1441,1747,1553,1328
63,969300,1953,1722,1424,1742,1543,1336
64,979300,1950,1724,1451,1747,1553,1314
65,989300,1949,1717,1456,1745,1552,1332
66,999300,1954,1721,1449,1745,1562,1342
67,1009300,1951,1726,1446,1742,1552,1332
68,1019300,1949,1713,1450,1750,1554,1337
69,1029299,1952,1713,1436,1745,1560,1332
70,1039300,1952,1722,1452,1740,1553,1342
71,1049300,1946,1723,1450,1745,1556,1329
72,1059300,1953,1718,1449,1743,1552,1337
73,1069300,1957,1719,1447,1745,1549,1337
74,1079300,1954,1717,1447,1745,1550,1335
75,1089300,1950,1716,1451,1745,1557,1336
76,1099300,1954,1717,1449,1745,1557,1332
77,1109300,1957,1713,1451,1744,1556,1330
78,1119300,1951,1723,1443,1744,1558,1334
79,1129300,1950,1722,1443,1745,1553,1336
80,1139300,1955,1723,1452,1748,1552,1332
81,1149300,1945,1723,1450,1740,1553,1329
82,1159299,1951,1719,1447,1744,1553,1337
83,1169300,1954,1714,1457,1746,1555,1337
84,1179300,1953,1715,1453,1718,1549,1330
85,1189300,1953,1723,1457,1741,1557,1337
86,1199300,1951,1717,1446,1750,1556,1333
87,1209300,1946,1723,1455,1745,1553,1323
88,1219300,1956,1717,1453,1741,1553,1332
89,1229300,1951,1731,1451,1743,1553,1328
90,1239300,1950,1717,1457,1743,1555,1334
91,1249300,1953,1716,1450,1746,1550,1333
92,1259300,1959,1719,1456,1745,1553,1337
93,1269300,1949,1723,1463,1743,1553,1336
94,1279300,1951,1723,1454,1742,1560,1328
95,1289300,1949,1717,1457,1744,1550,1327
96,1299301,1952,1719,1447,1743,1553,1337
97,1309300,1949,1718,1456,1743,1558,1333
98,1319300,1946,1706,1446,1744,1553,1337
99,1329300,1949,1718,1454,1745,1553,1338
100,1339300,1954,1722,1451,1743,1547,1323
101,1349300,1951,1712,1452,1747,1548,1332
102,1359300,1951,1719,1453,1741,1550,1337
103,1369300,1947,1728,1446,1739,1557,1335
104,1379300,1952,1722,1450,1742,1548,1305
105,1389300,1951,1725,1451,1742,1548,1334
106,1399300,1946,1717,1453,1748,1558,1337
107,1409300,1951,1731,1446,1745,1548,1335
108,1419300,1954,1734,1451,1743,1550,1325
109,1429300,1950,1725,1452,1747,1555,1330
110,1439300,1953,1707,1444,1744,1560,1333
111,1449300,1946,1718,1443,1746,1552,1330
112,1459300,1949,1718,1451,1746,1552,1327
113,1469300,1954,1719,1456,1741,1558,1332
114,1479300,1951,1707,1446,1741,1550,1332
115,1489300,1953,1722,1455,1729,1557,1332
116,1499300,1951,1715,1457,1741,1549,1335
117,1509300,1943,1713,1443,1745,1551,1336
118,1519299,1956,1717,1453,1744,1550,1325
119,1529300,1952,1719,1455,1753,1556,1328
120,1539300,1954,1717,1451,1744,1558,1325
121,1549300,1947,1722,1455,1744,1558,1337
122,1559300,1951,1719,1451,1747,1548,1336
123,1569300,1957,1729,1441,1744,1549,1334
124,1579300,1953,1701,1450,1744,1555,1337
125,1589300,1952,1725,1454,1745,1560,1336
126,1599300,1953,1718,1446,1747,1553,1332
127,1609300,1952,1718,1454,1744,1551,1338
128,1619300,1968,1721,1454,1746,1553,1335
129,1629300,1953,1685,1456,1748,1559,1345
130,1639300,1951,1723,1456,1745,1552,1337
131,1649300,1953,1725,1479,1742,1557,1337
132,1659300,1951,1725,1454,1736,1555,1335
133,1669300,1958,1725,1450,1741,1555,1328
134,1679300,1952,1721,1455,1748,1552,1336
135,1689300,1955,1718,1446,1736,1550,1333
136,1699300,1953,1723,1451,1744,1555,1331
137,1709299,1951,1721,1450,1745,1557,1329
138,1719300,1950,1717,1449,1743,1549,1337
139,1729300,1953,1723,1456,1742,1552,1332
140,1739300,1949,1722,1450,1745,1556,1337
141,1749300,1961,1716,1470,1745,1553,1337
142,1759300,1952,1727,1451,1744,1559,1333
143,1769300,1949,1727,1455,1747,1556,1315
144,1779300,1953,1719,1455,1742,1552,1337
145,1789300,1954,1722,1457,1745,1555,1336
146,1799300,1953,1731,1456,1742,1557,1337
147,1809299,1950,1715,1453,1741,1556,1335
148,1819300,1951,1723,1444,1749,1552,1335
149,1829300,1955,1725,1456,1742,1553,1335
150,1839300,1963,1724,1455,1739,1558,1337
151,1849300,1951,1727,1456,1744,1552,1337
152,1859300,1953,1719,1456,1744,1553,1328
153,1869300,1951,1716,1450,1749,1558,1337
154,1879300,1957,1712,1447,1750,1557,1335
155,1889300,1955,1723,1461,1745,1560,1337
156,1899300,1953,1715,1445,1746,1551,1340
157,1909300,1955,1733,1455,1744,1559,1326
158,1919300,1950,1716,1455,1744,1556,1337
159,1929300,1952,1726,1454,1747,1553,1333
160,1939300,1959,1729,1456,1743,1561,1338
161,1949301,1948,1714,1443,1743,1558,1328
162,1959300,1953,1722,1456,1755,1543,1335
163,1969300,1952,1725,1445,1747,1557,1333
164,1979300,1954,1722,1455,1750,1553,1332
165,1989300,1956,1695,1455,1746,1558,1342
166,1999300,1952,1715,1442,1745,1559,1317
167,2009300,1950,1718,1454,1742,1555,1333
168,2019299,1951,1701,1456,1740,1553,1337
169,2029300,1954,1718,1454,1736,1560,1307
170,2039300,1953,1726,1442,1740,1551,1336
171,2049299,1955,1737,1451,1745,1556,1336
172,2059300,1949,1723,1451,1738,1558,1332
173,2069300,1947,1717,1452,1746,1558,1327
174,2079300,1955,1716,1445,1745,1561,1329
175,2089300,1951,1729,1456,1750,1552,1340
176,2099300,1951,1713,1421,1742,1559,1333
177,2109300,1951,1715,1453,1747,1564,1337
178,2119300,1948,1712,1449,1743,1555,1325
179,2129300,1959,1722,1454,1745,1548,1336
180,2139300,1956,1714,1446,1744,1557,1329
181,2149300,1954,1725,1455,1741,1553,1327
182,2159300,1954,1721,1452,1740,1552,1332
183,2169300,1951,1722,1455,1746,1553,1335
184,2179300,1949,1722,1452,1747,1548,1337
185,2189300,1955,1720,1445,1754,1553,1335
186,2199300,1958,1721,1451,1737,1553,1339
187,2209300,1955,1718,1450,1746,1555,1334
188,2219300,1954,1721,1451,1747,1554,1332
189,2229300,1959,1717,1454,1741,1549,1327
190,2239300,1955,1695,1447,1745,1557,1336
191,2249300,1954,1714,1452,1746,1557,1335
192,2259300,1953,1718,1453,1748,1548,1328
193,2269300,1951,1724,1434,1742,1554,1333
194,2279300,1950,1725,1453,1745,1550,1338
195,2289300,1953,1725,1456,1745,1552,1338
196,2299300,1955,1723,1454,1743,1551,1333
197,2309300,1954,1723,1447,1743,1536,1334
198,2319300,1951,1727,1447,1750,1557,1336
199,2329300,1957,1724,1456,1743,1550,1337
200,2339300,1953,1719,1453,1754,1548,1332
201,2349300,1953,1718,1449,1744,1553,1336
202,2359300,1966,1723,1454,1744,1550,1333
203,2369300,1955,1721,1453,1746,1556,1337
204,2379299,1954,1714,1461,1741,1555,1346
205,2389300,1959,1713,1417,1743,1558,1332
206,2399300,1954,1722,1456,1746,1555,1328
207,2409300,1947,1712,1450,1743,1559,1330
208,2419300,1956,1719,1453,1744,1553,1330
209,2429300,1945,1724,1449,1749,1552,1330
210,2439300,1952,1719,1423,1742,1555,1330
211,2449300,1952,1718,1453,1747,1554,1335
212,2459300,1945,1714,1443,1744,1555,1332
213,2469300,1948,1719,1450,1737,1566,1333
214,2479300,1947,1727,1449,1741,1559,1343
215,2489300,1951,1725,1450,1749,1552,1328
216,2499300,1947,1719,1456,1736,1552,1333
217,2509300,1951,1728,1457,1741,1553,1338
218,2519300,1950,1717,1447,1744,1552,1335
219,2529300,1948,1719,1447,1747,1557,1329
220,2539300,1954,1719,1445,1747,1553,1329
221,2549300,1952,1730,1452,1740,1548,1335
222,2559300,1954,1721,1456,1741,1558,1334
223,2569300,1954,1726,1451,1739,1553,1315
224,2579300,1957,1715,1449,1737,1556,1337
225,2589300,1949,1719,1450,1745,1556,1334
226,2599300,1951,1714,1454,1730,1552,1323
227,2609300,1956,1712,1444,1744,1553,1337
228,2619300,1952,1705,1449,1719,1561,1336
229,2629300,1947,1712,1455,1745,1560,1326
230,2639300,1949,1717,1458,1732,1553,1332
231,2649300,1953,1696,1457,1740,1548,1333
232,2659300,1953,1718,1453,1742,1557,1336
233,2669300,1954,1712,1455,1759,1557,1333
234,2679300,1949,1715,1455,1744,1555,1334
235,2689300,1955,1718,1451,1743,1560,1339
236,2699300,1955,1727,1456,1744,1563,1334
237,2709300,1951,1725,1450,1745,1553,1343
238,2719301,1951,1728,1445,1745,1549,1336
239,2729300,1951,1721,1450,1750,1552,1337
240,2739300,1949,1733,1451,1749,1550,1335
241,2749300,1951,1717,1453,1741,1552,1328
242,2759300,1951,1721,1446,1739,1557,1337
243,2769300,1950,1717,1444,1749,1557,1335
244,2779300,1947,1716,1448,1743,1557,1330
245,2789300,1950,1719,1449,1737,1550,1337
246,2799299,1950,1723,1456,1744,1558,1336
247,2809299,1951,1723,1454,1743,1553,1327
248,2819300,1949,1722,1450,1742,1558,1324
249,2829300,1951,1715,1451,1737,1561,1337
250,2839300,1952,1718,1446,1746,1559,1337
251,2849300,1954,1743,1442,1745,1557,1320
252,2859300,1953,1721,1454,1745,1553,1329
253,2869300,1953,1727,1450,1736,1553,1337
254,2879300,1958,1721,1455,1750,1553,1335
255,2889300,1950,1723,1453,1747,1551,1332
256,2899300,1950,1713,1444,1742,1556,1329
257,2909300,1951,1715,1440,1750,1548,1336
258,2919300,1947,1718,1447,1745,1553,1336
259,2929300,1950,1714,1453,1745,1552,1335
260,2939300,1950,1718,1446,1741,1557,1337
261,2949300,1954,1718,1451,1745,1544,1333
262,2959300,1952,1723,1446,1733,1553,1328
263,2969300,1950,1683,1431,1743,1554,1338
264,2979300,1953,1722,1467,1740,1555,1336
265,2989300,1948,1719,1451,1744,1557,1324
266,2999300,1952,1722,1442,1745,1552,1337
267,3009300,1952,1712,1451,1745,1555,1332
268,3019300,1947,1711,1454,1739,1552,1337
269,3029300,1947,1738,1465,1747,1538,1335
270,3039300,1950,1691,1453,1745,1548,1337
271,3049300,1954,1723,1449,1745,1561,1332
272,3059300,1959,1690,1451,1746,1548,1325
273,3069300,1952,1721,1456,1745,1555,1335
274,3079300,1951,1743,1454,1746,1548,1333
275,3089300,1954,1713,1452,1741,1553,1329
276,3099300,1948,1713,1470,1734,1552,1327
277,3109300,1951,1723,1440,1741,1553,1316
278,3119300,1951,1725,1447,1744,1553,1337
279,3129300,1955,1719,1438,1747,1550,1342
280,3139300,1949,1715,1450,1743,1551,1335
281,3149300,1947,1715,1425,1744,1553,1329
282,3159300,1948,1718,1454,1743,1552,1330
283,3169300,1954,1720,1453,1746,1558,1333
284,3179300,1951,1715,1443,1742,1553,1332
285,3189300,1957,1716,1453,1745,1556,1337
286,3199300,1954,1723,1453,1742,1552,1335
287,3209300,1950,1726,1443,1743,1548,1337
288,3219300,1952,1719,1447,1747,1556,1337
289,3229300,1955,1721,1454,1759,1553,1332
290,3239300,1948,1725,1443,1745,1550,1330
291,3249300,1951,1718,1455,1747,1550,1337
292,3259300,1952,1725,1450,1744,1553,1337
293,3269300,1953,1721,1455,1745,1548,1323
294,3279300,1953,1719,1447,1740,1557,1332
295,3289300,1950,1716,1458,1737,1557,1333
296,3299300,1951,1721,1453,1732,1548,1328
297,3309300,1950,1712,1437,1736,1549,1338
298,3319300,1946,1715,1453,1744,1548,1337
299,3329300,1954,1718,1453,1737,1550,1330
300,3339300,1951,1728,1456,1745,1553,1328
301,3349300,1952,1724,1450,1747,1566,1328
302,3359300,1955,1719,1456,1741,1566,1329
303,3369300,1957,1730,1456,1746,1527,1332
304,3379300,1950,1712,1443,1740,1562,1335
305,3389300,1954,1714,1453,1744,1555,1337
306,3399300,1948,1715,1452,1743,1553,1332
307,3409300,1951,1719,1458,1744,1548,1332
308,3419300,1952,1714,1454,1736,1553,1335
309,3429300,1947,1725,1450,1745,1550,1335
310,3439300,1951,1718,1453,1745,1552,1337
311,3449300,1949,1713,1456,1741,1557,1333
312,3459300,1945,1719,1447,1740,1566,1325
313,3469300,1947,1717,1453,1744,1548,1332
314,3479300,1943,1719,1446,1747,1553,1328
315,3489300,1954,1706,1447,1745,1553,1329
316,3499300,1950,1711,1455,1736,1563,1337
317,3509300,1952,1723,1446,1743,1553,1337
318,3519300,1947,1721,1457,1741,1561,1330
319,3529300,1950,1718,1453,1750,1557,1337
320,3539300,1945,1721,1455,1739,1551,1330
321,3549300,1948,1713,1451,1741,1560,1327
322,3559300,1948,1714,1444,1739,1550,1333
323,3569300,1952,1712,1450,1746,1557,1328
324,3579300,1947,1716,1451,1745,1552,1337
325,3589300,1950,1712,1442,1744,1553,1332
326,3599300,1951,1721,1455,1745,1547,1333
327,3609300,1949,1717,1455,1742,1556,1360
328,3619300,1953,1714,1446,1745,1557,1337
329,3629300,1952,1718,1454,1740,1547,1330
330,3639300,1949,1715,1452,1749,1553,1335
331,3649300,1947,1714,1453,1739,1553,1336
332,3659300,1951,1725,1451,1746,1550,1328
333,3669300,1956,1720,1450,1745,1549,1337
334,3679300,1946,1721,1442,1747,1569,1338
335,3689300,1951,1723,1453,1745,1552,1331
336,3699300,1951,1716,1454,1763,1556,1337
337,3709300,1949,1713,1443,1747,1552,1335
338,3719300,1949,1727,1449,1743,1548,1333
339,3729300,1946,1727,1453,1747,1552,1334
340,3739300,1978,1722,1451,1743,1552,1328
341,3749300,1949,1722,1442,1743,1555,1333
342,3759300,1950,1723,1428,1741,1551,1333
343,3769300,1948,1714,1450,1740,1539,1333
344,3779300,1947,1722,1456,1743,1552,1333
345,3789300,1951,1727,1451,1740,1548,1333
346,3799300,1951,1712,1484,1746,1548,1336
347,3809300,1953,1716,1449,1742,1552,1326
348,3819300,1950,1715,1452,1744,1555,1326
349,3829300,1951,1713,1455,1741,1550,1337
350,3839300,1950,1722,1454,1758,1553,1336
351,3849300,1952,1715,1451,1734,1553,1328
352,3859300,1953,1712,1467,1741,1559,1334
353,3869299,1941,1722,1459,1741,1557,1337
354,3879300,1951,1719,1457,1741,1552,1332
355,3889300,1952,1718,1453,1731,1555,1330
356,3899300,1953,1725,1447,1741,1561,1335
357,3909300,1951,1726,1446,1741,1548,1324
358,3919300,1953,1713,1442,1746,1550,1332
359,3929300,1954,1712,1446,1745,1549,1328
360,3939299,1958,1718,1450,1743,1555,1335
361,3949299,1955,1723,1446,1745,1551,1337
362,3959300,1950,1717,1450,1746,1555,1328
363,3969300,1949,1723,1439,1745,1552,1337
364,3979299,1951,1715,1447,1735,1553,1333
365,3989300,1951,1722,1456,1746,1552,1337
366,3999300,1950,1716,1453,1746,1548,1351
367,4009300,1946,1727,1451,1761,1555,1333
368,4019300,1951,1712,1456,1745,1546,1346
369,4029300,1947,1713,1447,1746,1550,1327
370,4039300,1949,1713,1445,1745,1553,1337
371,4049300,1952,1712,1456,1743,1553,1328
372,4059300,1949,1712,1438,1739,1553,1332
373,4069300,1952,1729,1458,1731,1549,1332
374,4079300,1948,1696,1447,1740,1549,1332
375,4089300,1955,1718,1458,1760,1550,1335
376,4099300,1953,1729,1456,1745,1558,1334
377,4109300,1950,1732,1455,1746,1559,1339
378,4119300,1955,1728,1454,1744,1549,1330
379,4129300,1950,1715,1440,1740,1552,1329
380,4139300,1950,1718,1446,1744,1552,1335
381,4149300,1950,1713,1447,1741,1552,1332
382,4159300,1945,1718,1456,1745,1556,1328
383,4169300,1946,1713,1451,1715,1554,1332
384,4179300,1951,1714,1454,1744,1557,1329
385,4189300,1951,1714,1455,1745,1556,1330
386,4199300,1947,1724,1453,1745,1550,1337
387,4209300,1957,1694,1451,1761,1552,1335
388,4219300,1947,1727,1454,1741,1557,1329
389,4229300,1952,1712,1455,1747,1550,1332
390,4239300,1945,1723,1451,1737,1552,1335
391,4249300,1952,1725,1450,1740,1553,1332
392,4259300,1951,1723,1451,1744,1553,1330
393,4269300,1953,1717,1447,1752,1553,1332
394,4279300,1950,1718,1451,1745,1552,1336
395,4289300,1950,1721,1450,1739,1550,1337
396,4299299,1945,1725,1418,1747,1553,1333
397,4309300,1942,1728,1446,1743,1550,1326
398,4319300,1953,1721,1452,1737,1553,1332
399,4329300,1945,1714,1455,1740,1557,1332
400,4339300,1953,1714,1449,1737,1552,1332
401,4349300,1951,1719,1456,1745,1552,1328
402,4359300,1953,1721,1447,1743,1553,1323
403,4369300,1955,1713,1447,1744,1558,1327
404,4379300,1947,1723,1451,1748,1557,1330
405,4389300,1953,1719,1443,1741,1556,1337
406,4399300,1952,1713,1447,1742,1552,1328
407,4409300,1952,1727,1456,1740,1561,1337
408,4419300,1951,1719,1451,1742,1553,1329
409,4429300,1946,1718,1446,1745,1551,1337
410,4439301,1952,1721,1449,1760,1545,1328
411,4449300,1947,1713,1456,1746,1558,1337
412,4459300,1953,1717,1450,1742,1548,1336
413,4469300,1956,1717,1447,1742,1553,1332
414,4479300,1951,1719,1456,1749,1552,1333
415,4489300,1949,1726,1446,1742,1558,1354
416,4499300,1956,1719,1447,1741,1553,1337
417,4509300,1949,1724,1455,1745,1553,1337
418,4519300,1952,1715,1455,1745,1558,1334
419,4529300,1943,1721,1451,1749,1550,1336
420,4539300,1950,1724,1447,1745,1556,1336
421,4549300,1950,1716,1454,1749,1532,1337
422,4559300,1942,1712,1454,1744,1550,1334
423,4569300,1958,1719,1443,1750,1550,1340
424,4579301,1948,1719,1453,1749,1553,1336
425,4589300,1945,1721,1454,1749,1553,1328
426,4599300,1951,1719,1453,1741,1560,1337
427,4609300,1952,1719,1456,1747,1550,1333
428,4619299,1951,1722,1446,1749,1557,1337
429,4629300,1949,1712,1453,1742,1557,1335
430,4639300,1949,1718,1447,1750,1557,1333
431,4649300,1949,1725,1450,1745,1553,1333
432,4659300,1951,1709,1451,1745,1552,1336
433,4669300,1952,1718,1449,1745,1558,1329
434,4679300,1951,1723,1463,1737,1553,1329
435,4689300,1946,1717,1449,1740,1553,1332
436,4699300,1953,1726,1447,1731,1553,1337
437,4709300,1951,1714,1465,1741,1557,1338
438,4719299,1949,1718,1471,1753,1556,1336
439,4729300,1952,1722,1446,1745,1548,1337
440,4739300,1951,1719,1446,1748,1553,1328
441,4749300,1936,1719,1446,1744,1550,1332
442,4759300,1951,1723,1453,1744,1558,1337
443,4769299,1947,1712,1449,1745,1552,1329
444,4779300,1950,1727,1446,1743,1565,1332
445,4789300,1951,1721,1453,1747,1550,1332
446,4799300,1947,1714,1445,1727,1553,1327
447,4809300,1949,1719,1443,1737,1548,1332
448,4819300,1952,1713,1457,1747,1556,1371
449,4829300,1950,1714,1455,1741,1556,1337
450,4839299,1952,1718,1459,1747,1549,1337
451,4849300,1952,1721,1453,1745,1553,1337
452,4859300,1953,1716,1454,1742,1557,1334
453,4869300,1957,1725,1447,1746,1557,1332
454,4879300,1955,1722,1454,1745,1553,1332
455,4889300,1952,1717,1455,1748,1552,1328
456,4899300,1954,1718,1446,1744,1553,1339
457,4909300,1954,1715,1450,1743,1553,1337
458,4919300,1951,1719,1458,1737,1555,1336
459,4929300,1946,1723,1450,1741,1553,1329
460,4939299,1954,1714,1451,1733,1552,1327
461,4949300,1950,1721,1455,1745,1553,1333
462,4959300,1955,1715,1455,1736,1555,1337
463,4969300,1953,1729,1450,1745,1557,1339
464,4979300,1947,1721,1455,1741,1557,1335
465,4989300,1949,1712,1452,1741,1552,1334
466,4999300,1946,1715,1454,1745,1553,1330
467,5009300,1954,1723,1441,1745,1548,1337
468,5019300,1949,1714,1450,1739,1548,1337
469,5029300,1951,1715,1456,1743,1559,1332
470,5039300,1949,1719,1456,1740,1551,1337
471,5049300,1954,1723,1456,1745,1547,1332
472,5059300,1951,1714,1456,1736,1558,1336
473,5069300,1953,1713,1428,1736,1548,1328
474,5079300,1949,1717,1451,1746,1553,1326
475,5089300,1953,1716,1451,1742,1556,1335
476,5099300,1949,1719,1443,1740,1553,1337
477,5109300,1949,1715,1462,1743,1555,1330
478,5119300,1954,1719,1453,1745,1552,1332
479,5129300,1953,1727,1447,1743,1557,1337
480,5139300,1952,1722,1454,1747,1552,1337
481,5149300,1951,1725,1454,1743,1530,1332
482,5159300,1946,1725,1445,1744,1522,1330
483,5169299,1953,1723,1454,1745,1553,1337
484,5179300,1953,1717,1451,1739,1548,1330
485,5189300,1955,1715,1452,1743,1552,1335
486,5199300,1951,1717,1452,1747,1555,1330
487,5209300,1954,1716,1447,1747,1552,1333
488,5219300,1957,1719,1447,1741,1550,1332
489,5229300,1947,1716,1449,1736,1552,1329
490,5239300,1951,1721,1455,1740,1552,1327
491,5249300,1950,1718,1454,1750,1552,1336
492,5259300,1953,1712,1453,1744,1558,1332
493,5269300,1951,1715,1449,1746,1558,1333
494,5279300,1941,1715,1462,1743,1556,1336
495,5289300,1954,1723,1451,1740,1560,1336
496,5299300,1955,1712,1455,1745,1553,1328
497,5309300,1955,1728,1451,1744,1553,1321
498,5319300,1954,1717,1446,1741,1559,1337
499,5329300,1947,1725,1440,1746,1557,1335
500,5339300,1954,1725,1456,1742,1553,1332
501,5349300,1954,1722,1447,1736,1548,1333
502,5359300,1947,1727,1447,1745,1550,1329
503,5369300,1952,1726,1456,1745,1557,1335
504,5379300,1951,1716,1449,1750,1553,1327
505,5389300,1953,1725,1453,1756,1562,1343
506,5399300,1950,1733,1453,1747,1552,1339
507,5409299,1952,1713,1454,1752,1555,1334
508,5419300,1953,1712,1450,1744,1553,1333
509,5429300,1950,1722,1451,1713,1549,1334
510,5439300,1955,1726,1456,1742,1559,1332
511,5449300,1958,1719,1454,1745,1552,1335
512,5459300,1949,1726,1453,1747,1555,1336
513,5469300,1968,1719,1446,1741,1548,1315
514,5479299,1955,1718,1451,1741,1553,1350
515,5489300,1951,1714,1456,1752,1552,1338
516,5499300,1950,1722,1447,1747,1553,1335
517,5509300,1953,1712,1456,1742,1558,1332
518,5519300,1954,1695,1447,1744,1550,1328
519,5529300,1953,1719,1449,1741,1553,1309
520,5539300,1947,1715,1454,1758,1548,1333
521,5549300,1953,1715,1449,1745,1548,1337
522,5559300,1945,1741,1449,1747,1548,1336
523,5569300,1953,1719,1445,1745,1549,1335
524,5579300,1952,1715,1447,1745,1553,1336
525,5589300,1952,1721,1451,1742,1553,1332
526,5599300,1954,1713,1455,1762,1556,1337
527,5609300,1955,1718,1450,1748,1555,1333
528,5619300,1957,1721,1451,1746,1549,1333
529,5629300,1948,1730,1455,1731,1557,1333
530,5639300,1953,1716,1450,1745,1557,1333
531,5649300,1948,1723,1451,1747,1555,1335
532,5659300,1951,1715,1456,1744,1556,1330
533,5669300,1953,1722,1459,1741,1560,1327
534,5679300,1949,1723,1456,1745,1555,1334
535,5689300,1949,1722,1451,1741,1557,1329
536,5699300,1948,1717,1456,1741,1553,1336
537,5709300,1947,1717,1450,1739,1560,1330
538,5719300,1957,1717,1442,1744,1555,1337
539,5729300,1950,1715,1446,1741,1550,1333
540,5739300,1953,1723,1444,1745,1557,1333
541,5749300,1950,1714,1450,1741,1553,1337
542,5759300,1950,1721,1450,1744,1557,1332
543,5769300,1950,1718,1449,1749,1550,1333
544,5779300,1947,1721,1456,1736,1555,1336
545,5789300,1955,1717,1455,1741,1560,1337
546,5799300,1941,1719,1456,1741,1553,1330
547,5809300,1949,1713,1437,1742,1537,1333
548,5819299,1951,1712,1456,1745,1552,1332
549,5829300,1951,1721,1456,1733,1553,1337
550,5839300,1951,1714,1446,1747,1562,1330
551,5849299,1953,1719,1455,1731,1556,1336
552,5859300,1949,1722,1463,1745,1553,1352
553,5869300,1952,1718,1452,1745,1548,1333
554,5879300,1953,1719,1445,1741,1548,1330
555,5889299,1951,1718,1455,1743,1548,1330
556,5899300,1955,1719,1456,1741,1549,1332
557,5909300,1955,1717,1469,1758,1553,1334
558,5919300,1952,1712,1444,1739,1560,1334
559,5929300,1945,1714,1449,1742,1551,1337
560,5939300,1954,1722,1456,1750,1557,1332
561,5949300,1955,1723,1453,1741,1552,1328
562,5959300,1947,1717,1465,1746,1559,1337
563,5969299,1953,1723,1447,1743,1559,1339
564,5979300,1953,1716,1452,1743,1553,1336
565,5989300,1951,1719,1457,1741,1548,1325
566,5999300,1952,1725,1450,1743,1569,1333
567,6009299,1952,1715,1451,1740,1557,1335
568,6019300,1951,1742,1451,1743,1556,1340
569,6029300,1950,1714,1452,1749,1552,1337
570,6039300,1954,1714,1447,1740,1553,1332
571,6049300,1953,1721,1453,1744,1553,1323
572,6059300,1949,1721,1454,1736,1553,1332
573,6069300,1951,1719,1443,1744,1553,1333
574,6079300,1947,1721,1451,1743,1555,1333
575,6089300,1950,1713,1456,1737,1547,1337
576,6099299,1947,1715,1471,1744,1553,1335
577,6109300,1947,1717,1442,1745,1555,1309
578,6119300,1952,1726,1442,1745,1551,1332
579,6129300,1949,1721,1451,1741,1560,1336
580,6139300,1951,1722,1452,1744,1549,1335
581,6149299,1949,1719,1457,1757,1552,1338
582,6159300,1952,1715,1450,1742,1548,1333
583,6169300,1949,1718,1451,1745,1553,1337
584,6179300,1949,1721,1455,1744,1556,1335
585,6189300,1959,1719,1456,1747,1552,1336
586,6199300,1951,1722,1451,1742,1558,1333
587,6209300,1949,1721,1456,1745,1557,1327
588,6219300,1951,1721,1450,1737,1560,1337
589,6229300,1950,1738,1451,1729,1550,1336
590,6239300,1948,1719,1450,1741,1548,1339
591,6249300,1945,1719,1452,1746,1556,1337
592,6259300,1951,1721,1447,1740,1550,1327
593,6269300,1946,1729,1454,1744,1553,1350
594,6279300,1954,1733,1457,1747,1553,1325
595,6289300,1954,1741,1455,1750,1555,1332
596,6299300,1949,1722,1452,1740,1552,1329
597,6309300,1947,1717,1443,1733,1546,1327
598,6319300,1951,1719,1450,1744,1553,1337
599,6329300,1955,1717,1454,1749,1558,1333
600,6339300,1950,1717,1453,1745,1553,1337
601,6349300,1947,1726,1451,1739,1555,1330
602,6359300,1952,1726,1451,1736,1548,1334
603,6369300,1951,1718,1451,1742,1553,1335
604,6379299,1953,1714,1451,1745,1548,1311
605,6389300,1953,1718,1423,1741,1552,1337
606,6399299,1953,1712,1453,1745,1555,1337
607,6409300,1953,1722,1445,1744,1553,1337
608,6419300,1951,1713,1446,1745,1556,1337
609,6429300,1952,1718,1463,1742,1572,1351
610,6439300,1954,1718,1456,1736,1548,1332
611,6449300,1957,1715,1451,1742,1548,1337
612,6459300,1951,1721,1469,1744,1548,1332
613,6469300,1951,1712,1456,1742,1559,1330
614,6479300,1951,1718,1453,1743,1572,1332
615,6489300,1952,1725,1451,1746,1555,1334
616,6499301,1954,1718,1450,1742,1552,1331
617,6509300,1947,1715,1453,1747,1550,1336
618,6519300,1954,1719,1452,1745,1550,1346
619,6529300,1953,1717,1455,1744,1552,1335
620,6539300,1952,1714,1485,1746,1553,1323
621,6549300,1951,1715,1447,1741,1554,1329
622,6559300,1950,1717,1454,1741,1559,1330
623,6569300,1953,1712,1451,1747,1557,1326
624,6579300,1948,1723,1456,1741,1553,1337
625,6589300,1953,1724,1456,1746,1557,1337
626,6599300,1957,1726,1451,1750,1553,1330
627,6609300,1948,1716,1451,1746,1559,1328
628,6619300,1953,1718,1457,1741,1553,1326
629,6629300,1949,1715,1455,1745,1557,1330
630,6639300,1953,1718,1455,1742,1569,1327
631,6649300,1947,1723,1447,1742,1553,1342
632,6659300,1951,1723,1458,1744,1551,1322
633,6669300,1954,1712,1453,1764,1553,1337
634,6679300,1947,1712,1455,1752,1558,1332
635,6689300,1955,1712,1454,1744,1557,1336
636,6699300,1954,1721,1456,1750,1548,1328
637,6709300,1953,1719,1449,1745,1553,1330
638,6719300,1951,1719,1447,1736,1549,1337
639,6729300,1948,1731,1447,1745,1557,1330
640,6739300,1955,1728,1447,1742,1556,1329
641,6749300,1954,1719,1455,1737,1546,1332
642,6759300,1957,1718,1445,1745,1548,1337
643,6769300,1952,1743,1450,1741,1553,1333
644,6779300,1954,1714,1451,1749,1552,1335
645,6789300,1951,1726,1455,1741,1552,1335
646,6799300,1951,1717,1449,1741,1553,1333
647,6809300,1945,1717,1452,1744,1548,1352
648,6819300,1951,1719,1449,1743,1538,1337
649,6829299,1951,1719,1446,1731,1552,1337
650,6839300,1949,1723,1451,1744,1552,1329
651,6849300,1951,1714,1450,1745,1572,1315
652,6859300,1946,1719,1454,1744,1551,1337
653,6869300,1943,1717,1455,1742,1553,1311
654,6879300,1962,1719,1449,1739,1555,1330
655,6889300,1954,1721,1443,1740,1553,1332
656,6899300,1951,1721,1459,1740,1548,1337
657,6909300,1954,1712,1447,1744,1556,1337
658,6919300,1951,1723,1451,1745,1550,1334
659,6929300,1949,1723,1447,1744,1553,1339
660,6939300,1957,1728,1443,1744,1554,1335
661,6949300,1947,1719,1454,1755,1555,1337
662,6959299,1951,1719,1446,1744,1548,1337
663,6969299,1950,1732,1447,1750,1558,1330
664,6979300,1953,1717,1451,1746,1555,1355
665,6989299,1953,1718,1451,1741,1559,1323
666,6999300,1945,1715,1445,1745,1576,1330
667,7009300,1949,1715,1454,1745,1558,1335
668,7019300,1948,1723,1442,1727,1549,1332
669,7029300,1954,1718,1451,1743,1549,1335
670,7039300,1950,1722,1426,1742,1550,1337
671,7049300,1954,1723,1442,1755,1548,1325
672,7059300,1949,1716,1447,1745,1553,1335
673,7069300,1949,1714,1453,1744,1550,1330
674,7079300,1949,1718,1453,1745,1557,1333
675,7089300,1951,1718,1454,1744,1553,1338
676,7099300,1951,1727,1451,1754,1548,1329
677,7109300,1953,1718,1447,1740,1554,1326
678,7119300,1954,1718,1443,1741,1557,1337
679,7129300,1951,1718,1445,1743,1548,1335
680,7139300,1950,1720,1447,1741,1555,1326
681,7149300,1947,1712,1450,1744,1556,1337
682,7159299,1955,1728,1451,1744,1553,1333
683,7169300,1951,1717,1455,1743,1550,1314
684,7179300,1951,1715,1456,1744,1552,1329
685,7189300,1952,1726,1425,1745,1552,1333
686,7199300,1955,1717,1451,1745,1550,1330
687,7209300,1949,1726,1453,1746,1553,1333
688,7219300,1958,1718,1450,1745,1553,1337
689,7229300,1943,1726,1450,1745,1551,1332
690,7239300,1956,1727,1452,1745,1555,1336
691,7249300,1949,1723,1456,1745,1556,1337
692,7259300,1956,1725,1452,1745,1555,1336
693,7269300,1949,1719,1453,1744,1546,1330
694,7279300,1951,1723,1435,1743,1557,1330
695,7289300,1950,1717,1451,1745,1550,1332
696,7299300,1949,1714,1455,1745,1554,1339
697,7309300,1946,1727,1455,1742,1547,1333
698,7319300,1955,1720,1445,1745,1550,1333
699,7329300,1946,1715,1440,1745,1557,1332
700,7339300,1950,1723,1458,1749,1557,1337
701,7349300,1952,1713,1455,1745,1557,1335
702,7359300,1949,1723,1453,1742,1553,1327
703,7369300,1943,1713,1451,1745,1550,1328
704,7379301,1945,1721,1450,1741,1552,1336
705,7389300,1951,1719,1447,1743,1552,1337
706,7399300,1950,1719,1456,1750,1549,1336
707,7409300,1951,1714,1425,1745,1558,1327
708,7419300,1957,1715,1450,1741,1551,1362
709,7429299,1954,1717,1451,1747,1558,1302
710,7439300,1952,1715,1453,1745,1566,1316
711,7449300,1948,1723,1453,1745,1553,1330
712,7459300,1948,1695,1447,1722,1549,1328
713,7469300,1946,1721,1487,1744,1557,1332
714,7479300,1951,1720,1456,1750,1556,1324
715,7489300,1956,1731,1410,1743,1559,1337
716,7499300,1950,1718,1452,1741,1552,1333
717,7509300,1946,1717,1451,1738,1557,1336
718,7519300,1947,1718,1442,1740,1557,1337
719,7529300,1953,1725,1443,1741,1549,1329
720,7539300,1947,1725,1450,1745,1548,1337
721,7549300,1952,1723,1450,1753,1555,1334
722,7559300,1951,1715,1461,1747,1551,1335
723,7569300,1955,1717,1456,1719,1553,1332
724,7579300,1953,1723,1443,1747,1554,1330
725,7589300,1950,1723,1451,1744,1549,1337
726,7599300,1951,1715,1453,1741,1548,1332
727,7609301,1951,1724,1446,1744,1553,1317
728,7619300,1947,1724,1456,1740,1555,1332
729,7629300,1943,1715,1453,1741,1557,1337
730,7639300,1951,1714,1449,1741,1555,1337
731,7649300,1954,1722,1445,1744,1548,1330
732,7659300,1951,1718,1456,1745,1552,1337
733,7669300,1955,1717,1453,1744,1552,1330
734,7679300,1956,1715,1439,1742,1550,1337
735,7689300,1947,1722,1452,1743,1556,1336
736,7699300,1952,1723,1456,1748,1552,1337
737,7709299,1951,1717,1445,1749,1558,1364
738,7719300,1951,1725,1445,1731,1555,1337
739,7729300,1952,1726,1455,1741,1552,1333
740,7739300,1954,1719,1456,1745,1562,1336
741,7749300,1953,1721,1455,1739,1540,1335
742,7759300,1950,1713,1452,1745,1550,1327
743,7769300,1952,1724,1447,1747,1557,1332
744,7779300,1952,1723,1451,1745,1560,1341
745,7789300,1955,1718,1450,1745,1571,1334
746,7799300,1952,1726,1453,1745,1557,1337
747,7809300,1950,1721,1454,1745,1552,1340
748,7819300,1953,1719,1456,1746,1560,1332
749,7829300,1954,1719,1447,1745,1552,1330
750,7839300,1950,1723,1454,1754,1544,1335
751,7849300,1951,1715,1451,1743,1548,1329
752,7859300,1953,1718,1450,1739,1553,1338
753,7869300,1956,1704,1451,1741,1560,1332
754,7879300,1949,1723,1453,1745,1558,1332
755,7889300,1951,1719,1450,1747,1553,1330
756,7899300,1953,1725,1446,1744,1553,1337
757,7909300,1942,1721,1431,1746,1559,1338
758,7919300,1951,1722,1449,1744,1551,1337
759,7929300,1955,1721,1447,1744,1549,1337
760,7939300,1952,1721,1444,1745,1552,1329
761,7949300,1953,1722,1447,1741,1548,1322
762,7959299,1955,1694,1456,1745,1553,1336
763,7969300,1953,1722,1453,1741,1549,1328
764,7979300,1954,1713,1467,1736,1556,1332
765,7989300,1949,1712,1455,1747,1556,1332
766,7999299,1947,1721,1446,1745,1549,1338
767,8009300,1949,1718,1457,1745,1553,1333
768,8019300,1948,1718,1450,1742,1553,1332
769,8029300,1949,1717,1456,1745,1548,1337
770,8039300,1950,1716,1456,1742,1554,1333
771,8049300,1955,1724,1470,1747,1562,1336
772,8059300,1951,1723,1454,1745,1552,1337
773,8069300,1954,1703,1453,1745,1552,1328
774,8079300,1950,1722,1454,1745,1557,1338
775,8089300,1956,1726,1456,1736,1557,1337
776,8099300,1953,1722,1453,1745,1548,1340
777,8109300,1951,1717,1447,1741,1556,1335
778,8119300,1951,1723,1427,1743,1557,1330
779,8129300,1947,1719,1450,1747,1550,1340
780,8139299,1952,1719,1444,1759,1555,1337
781,8149300,1954,1726,1456,1745,1562,1337
782,8159300,1956,1715,1447,1743,1552,1337
783,8169300,1949,1724,1453,1745,1560,1337
784,8179300,1952,1729,1454,1744,1555,1337
785,8189300,1953,1718,1455,1745,1552,1335
786,8199300,1955,1721,1451,1739,1553,1337
787,8209300,1953,1719,1443,1734,1558,1333
788,8219300,1942,1717,1453,1744,1559,1333
789,8229299,1951,1718,1440,1753,1561,1337
790,8239300,1958,1727,1455,1744,1553,1337
791,8249300,1955,1744,1466,1745,1549,1337
792,8259300,1951,1727,1454,1754,1555,1335
793,8269300,1947,1715,1453,1747,1552,1337
794,8279300,1948,1730,1443,1745,1553,1330
795,8289300,1954,1719,1450,1744,1550,1328
796,8299300,1951,1723,1452,1743,1534,1335
797,8309300,1952,1721,1454,1750,1552,1332
798,8319300,1950,1721,1454,1731,1553,1335
799,8329300,1952,1727,1443,1744,1557,1333
800,8339300,1950,1712,1446,1742,1553,1336
801,8349300,1955,1711,1453,1741,1553,1335
802,8359300,1953,1726,1443,1727,1556,1332
803,8369300,1951,1719,1456,1742,1548,1337
804,8379300,1947,1719,1447,1750,1558,1325
805,8389300,1947,1725,1450,1744,1555,1336
806,8399300,1953,1725,1454,1742,1550,1334
807,8409300,1949,1719,1454,1746,1555,1330
808,8419300,1953,1723,1453,1747,1556,1322
809,8429300,1951,1719,1441,1744,1557,1337
810,8439300,1955,1723,1455,1747,1561,1330
811,8449300,1957,1718,1446,1767,1557,1333
812,8459300,1931,1717,1449,1755,1550,1335
813,8469300,1952,1719,1461,1744,1557,1336
814,8479300,1953,1726,1453,1736,1553,1333
815,8489300,1953,1719,1451,1745,1556,1332
816,8499300,1954,1727,1445,1745,1553,1335
817,8509300,1951,1726,1459,1745,1553,1332
818,8519300,1957,1719,1446,1745,1556,1328
819,8529300,1951,1724,1456,1744,1560,1330
820,8539300,1958,1719,1454,1740,1553,1337
821,8549300,1949,1713,1455,1743,1553,1336
822,8559300,1947,1717,1441,1743,1549,1330
823,8569300,1956,1719,1453,1744,1548,1337
824,8579300,1952,1720,1445,1745,1553,1329
825,8589300,1949,1722,1456,1742,1549,1335
826,8599300,1951,1719,1452,1745,1555,1335
827,8609300,1951,1723,1458,1743,1555,1335
828,8619300,1955,1719,1444,1734,1553,1329
829,8629300,1954,1713,1456,1750,1556,1333
830,8639300,1949,1706,1451,1742,1552,1337
831,8649300,1953,1717,1446,1742,1558,1333
832,8659300,1943,1717,1446,1741,1552,1329
833,8669300,1952,1719,1459,1745,1553,1338
834,8679300,1954,1717,1451,1747,1553,1333
835,8689300,1955,1719,1451,1736,1556,1337
836,8699300,1951,1719,1453,1745,1559,1334
837,8709300,1950,1722,1447,1743,1557,1336
838,8719300,1952,1721,1447,1736,1552,1333
839,8729300,1952,1722,1455,1746,1555,1332
840,8739300,1951,1722,1445,1741,1555,1337
841,8749300,1954,1717,1456,1754,1553,1327
842,8759300,1951,1717,1462,1741,1553,1328
843,8769300,1947,1721,1456,1743,1543,1337
844,8779300,1953,1729,1451,1742,1553,1323
845,8789300,1947,1726,1451,1741,1559,1337
846,8799300,1952,1707,1455,1749,1555,1337
847,8809300,1953,1716,1446,1745,1534,1309
848,8819300,1953,1718,1420,1747,1557,1332
849,8829300,1951,1712,1449,1771,1557,1337
850,8839300,1955,1721,1467,1745,1559,1330
851,8849300,1947,1719,1447,1747,1545,1328
852,8859300,1948,1721,1453,1760,1551,1332
853,8869300,1946,1719,1450,1745,1553,1337
854,8879300,1951,1713,1448,1745,1548,1343
855,8889300,1948,1717,1451,1749,1556,1328
856,8899300,1951,1712,1456,1745,1550,1327
857,8909300,1953,1719,1451,1745,1555,1333
858,8919300,1952,1712,1456,1746,1553,1364
859,8929300,1950,1717,1443,1743,1550,1333
860,8939300,1951,1716,1455,1743,1553,1337
861,8949300,1952,1721,1445,1741,1556,1337
862,8959300,1953,1726,1451,1749,1552,1330
863,8969300,1955,1718,1450,1744,1556,1334
864,8979300,1953,1714,1466,1741,1556,1337
865,8989300,1951,1715,1447,1742,1556,1335
866,8999300,1951,1718,1451,1734,1548,1337
867,9009301,1947,1724,1449,1744,1548,1337
868,9019300,1952,1723,1449,1745,1540,1336
869,9029300,1950,1719,1449,1747,1548,1330
870,9039300,1951,1719,1447,1744,1550,1337
871,9049300,1950,1711,1445,1755,1548,1337
872,9059300,1950,1719,1447,1739,1553,1337
873,9069300,1945,1721,1447,1744,1557,1330
874,9079300,1949,1717,1456,1744,1560,1336
875,9089300,1951,1718,1445,1748,1554,1335
876,9099300,1955,1714,1451,1742,1557,1337
877,9109300,1953,1727,1443,1745,1548,1337
878,9119300,1947,1718,1453,1743,1550,1329
879,9129299,1947,1715,1451,1736,1550,1335
880,9139300,1955,1722,1453,1743,1555,1333
881,9149300,1950,1719,1455,1748,1548,1337
882,9159300,1945,1719,1456,1736,1553,1333
883,9169300,1952,1726,1453,1747,1556,1337
884,9179300,1951,1721,1449,1742,1553,1336
885,9189300,1946,1716,1459,1741,1548,1333
886,9199300,1955,1714,1447,1750,1548,1330
887,9209300,1950,1728,1446,1742,1557,1330
888,9219300,1952,1719,1442,1739,1558,1337
889,9229300,1951,1716,1449,1745,1551,1337
890,9239300,1950,1712,1446,1737,1553,1337
891,9249300,1955,1723,1444,1748,1570,1332
892,9259300,1949,1717,1453,1744,1558,1333
893,9269300,1950,1718,1455,1746,1552,1335
894,9279300,1952,1722,1455,1742,1553,1332
895,9289301,1951,1723,1455,1749,1548,1337
896,9299300,1950,1715,1473,1743,1556,1331
897,9309300,1947,1722,1450,1745,1553,1337
898,9319300,1950,1738,1447,1743,1558,1326
899,9329300,1953,1715,1467,1743,1553,1335
900,9339300,1947,1707,1456,1736,1550,1332
901,9349300,1953,1713,1455,1743,1550,1332
902,9359300,1943,1719,1451,1736,1550,1333
903,9369300,1951,1723,1456,1745,1553,1337
904,9379300,1951,1716,1455,1740,1553,1334
905,9389300,1950,1717,1455,1745,1557,1328
906,9399300,1947,1723,1444,1744,1555,1328
907,9409300,1950,1719,1456,1744,1548,1330
908,9419300,1952,1723,1447,1741,1552,1323
909,9429300,1951,1717,1454,1744,1557,1335
910,9439300,1953,1715,1447,1743,1558,1330
911,9449300,1951,1712,1453,1745,1560,1330
912,9459300,1949,1718,1450,1742,1562,1342
913,9469300,1953,1727,1475,1742,1553,1333
914,9479300,1950,1716,1452,1736,1556,1335
915,9489299,1951,1718,1451,1749,1556,1332
916,9499300,1946,1712,1454,1746,1559,1335
917,9509300,1948,1712,1445,1745,1553,1337
918,9519300,1950,1712,1450,1742,1554,1328
919,9529300,1949,1714,1456,1744,1565,1325
920,9539300,1952,1715,1442,1741,1550,1328
921,9549300,1946,1717,1453,1743,1557,1333
922,9559300,1949,1719,1442,1741,1558,1337
923,9569300,1953,1733,1456,1745,1557,1338
924,9579300,1941,1718,1453,1741,1563,1335
925,9589300,1951,1712,1452,1742,1553,1330
926,9599300,1953,1719,1447,1742,1570,1338
927,9609300,1942,1717,1453,1737,1547,1350
928,9619300,1950,1721,1451,1744,1548,1322
929,9629300,1955,1729,1449,1742,1555,1329
930,9639300,1953,1730,1449,1745,1557,1333
931,9649300,1951,1722,1445,1745,1553,1326
932,9659300,1949,1712,1456,1737,1555,1336
933,9669300,1949,1722,1453,1736,1553,1334
934,9679300,1951,1717,1455,1740,1559,1339
935,9689300,1950,1722,1453,1745,1557,1333
936,9699300,1952,1724,1442,1743,1560,1334
937,9709300,1944,1723,1453,1736,1545,1342
938,9719300,1955,1725,1448,1743,1550,1333
939,9729300,1918,1728,1449,1736,1555,1336
940,9739300,1950,1722,1424,1750,1552,1324
941,9749300,1953,1713,1455,1743,1556,1332
942,9759300,1945,1717,1442,1744,1548,1327
943,9769300,1949,1723,1453,1744,1552,1335
944,9779300,1952,1707,1450,1747,1553,1325
945,9789300,1952,1718,1449,1743,1549,1337
946,9799300,1954,1722,1453,1745,1553,1334
947,9809300,1958,1719,1453,1746,1550,1328
948,9819300,1950,1718,1482,1747,1561,1327
949,9829300,1953,1714,1447,1745,1551,1332
950,9839300,1949,1723,1456,1746,1557,1337
951,9849300,1952,1714,1454,1758,1555,1336
952,9859300,1950,1712,1446,1743,1548,1334
953,9869300,1943,1725,1455,1750,1557,1328
954,9879300,1949,1715,1454,1747,1553,1333
955,9889300,1952,1719,1424,1736,1553,1337
956,9899300,1954,1719,1440,1739,1556,1333
957,9909300,1937,1719,1457,1744,1553,1335
958,9919300,1954,1721,1454,1740,1555,1333
959,9929300,1957,1726,1455,1741,1552,1330
960,9939300,1950,1722,1454,1744,1558,1332
961,9949300,1947,1723,1442,1740,1549,1330
962,9959300,1947,1719,1445,1740,1553,1328
963,9969300,1948,1719,1446,1744,1545,1326
964,9979300,1951,1716,1445,1745,1557,1335
965,9989299,1950,1722,1466,1742,1556,1335
966,9999300,1951,1722,1445,1737,1557,1332
967,10009300,1946,1723,1459,1743,1556,1346
968,10019300,1953,1712,1451,1745,1557,1328
969,10029300,1941,1719,1466,1744,1552,1329
970,10039300,1948,1712,1458,1745,1532,1326
971,10049300,1953,1719,1456,1745,1557,1337
972,10059300,1955,1723,1453,1749,1557,1330
973,10069300,1951,1725,1455,1748,1560,1333
974,10079300,1950,1723,1456,1746,1550,1337
975,10089300,1957,1719,1418,1746,1559,1336
976,10099300,1949,1718,1454,1745,1552,1335
977,10109300,1954,1712,1453,1749,1553,1333
978,10119300,1953,1725,1454,1745,1549,1333
979,10129300,1953,1717,1462,1739,1534,1332
980,10139300,1954,1715,1449,1744,1556,1311
981,10149300,1952,1722,1450,1740,1553,1337
982,10159300,1953,1718,1455,1747,1550,1330
983,10169300,1953,1723,1456,1748,1551,1327
984,10179301,1947,1712,1455,1745,1553,1336
985,10189300,1950,1721,1456,1747,1553,1329
986,10199300,1952,1715,1449,1743,1561,1330
987,10209300,1949,1718,1454,1744,1553,1333
988,10219300,1954,1726,1451,1742,1549,1337
989,10229300,1950,1722,1446,1750,1550,1322
990,10239300,1950,1714,1456,1744,1553,1332
991,10249300,1949,1721,1447,1740,1549,1323
992,10259300,1950,1715,1456,1746,1550,1324
993,10269300,1954,1722,1446,1745,1558,1332
994,10279300,1947,1722,1441,1741,1548,1333
995,10289300,1948,1717,1453,1743,1553,1334
996,10299300,1951,1708,1449,1752,1550,1319
997,10309300,1947,1718,1446,1742,1548,1337
998,10319300,1947,1717,1453,1745,1550,1337
999,10329299,1949,1719,1456,1750,1548,1333
1000,10339300,1946,1715,1447,1747,1548,1333
1001,10349300,1949,1723,1456,1742,1557,1335
1002,10359300,1950,1711,1455,1746,1548,1335
1003,10369300,1947,1719,1456,1746,1550,1330
1004,10379300,1955,1715,1456,1746,1561,1335
1005,10389300,1954,1715,1449,1746,1548,1337
1006,10399300,1950,1722,1446,1754,1553,1331
1007,10409300,1954,1716,1456,1741,1553,1332
1008,10419300,1950,1722,1451,1747,1561,1330
1009,10429300,1947,1721,1430,1741,1553,1337
1010,10439300,1955,1719,1451,1754,1553,1336
1011,10449300,1954,1724,1452,1743,1559,1330
1012,10459300,1952,1721,1454,1747,1549,1332
1013,10469300,1955,1718,1451,1749,1549,1337
1014,10479300,1950,1721,1456,1742,1553,1330
1015,10489301,1947,1714,1440,1744,1558,1335
1016,10499300,1954,1726,1463,1743,1553,1335
1017,10509300,1950,1729,1453,1747,1550,1330
1018,10519300,1953,1715,1463,1740,1558,1337
1019,10529300,1947,1719,1455,1743,1569,1333
1020,10539300,1959,1715,1454,1742,1553,1336
1021,10549300,1955,1719,1445,1746,1548,1333
1022,10559300,1952,1717,1456,1745,1550,1336
1023,10569300,1950,1717,1447,1747,1557,1339
1024,10579300,1952,1723,1477,1745,1548,1348
1025,10589301,1958,1721,1434,1749,1547,1339
1026,10599300,1949,1714,1447,1744,1558,1333
1027,10609300,1956,1718,1451,1739,1534,1333
1028,10619301,1950,1723,1447,1747,1552,1337
1029,10629300,1949,1715,1456,1746,1552,1333
1030,10639300,1946,1717,1451,1747,1553,1335
1031,10649300,1953,1724,1435,1746,1553,1329
1032,10659300,1953,1721,1453,1743,1555,1325
1033,10669300,1952,1722,1452,1731,1555,1337
1034,10679300,1948,1717,1443,1740,1555,1332
1035,10689300,1953,1719,1454,1746,1548,1327
1036,10699300,1955,1723,1456,1747,1555,1334
1037,10709300,1947,1718,1443,1741,1552,1335
1038,10719300,1947,1723,1454,1752,1549,1332
1039,10729300,1953,1715,1452,1745,1551,1337
1040,10739300,1953,1734,1453,1744,1552,1333
1041,10749300,1954,1722,1451,1742,1552,1328
1042,10759299,1950,1724,1453,1739,1552,1330
1043,10769300,1954,1729,1452,1745,1557,1329
1044,10779299,1955,1721,1454,1753,1536,1339
1045,10789300,1949,1719,1456,1741,1549,1337
1046,10799300,1930,1717,1469,1747,1560,1332
1047,10809300,1952,1719,1452,1745,1554,1337
1048,10819300,1948,1725,1459,1744,1553,1337
1049,10829300,1948,1722,1451,1744,1549,1332
1050,10839300,1948,1727,1442,1748,1558,1336
1051,10849299,1950,1724,1452,1741,1553,1330
1052,10859300,1947,1717,1446,1741,1557,1328
1053,10869300,1949,1718,1455,1739,1548,1328
1054,10879300,1952,1719,1457,1737,1559,1334
1055,10889300,1955,1719,1450,1744,1553,1334
1056,10899300,1954,1718,1453,1744,1556,1327
1057,10909300,1962,1734,1450,1742,1556,1336
1058,10919300,1953,1712,1451,1734,1553,1336
1059,10929300,1955,1731,1450,1757,1556,1337
1060,10939300,1949,1722,1455,1749,1548,1332
1061,10949300,1955,1723,1450,1747,1553,1332
1062,10959300,1949,1716,1455,1745,1553,1318
1063,10969300,1950,1722,1446,1743,1553,1335
1064,10979300,1955,1716,1453,1731,1559,1326
1065,10989300,1954,1729,1456,1744,1550,1333
1066,10999300,1957,1715,1456,1745,1554,1329
1067,11009300,1952,1707,1456,1747,1549,1330
1068,11019300,1954,1717,1430,1747,1550,1333
1069,11029300,1951,1717,1463,1745,1553,1333
1070,11039300,1961,1723,1446,1745,1552,1332
1071,11049300,1956,1724,1446,1744,1565,1334
1072,11059300,1949,1716,1451,1755,1556,1328
1073,11069300,1952,1725,1455,1747,1550,1332
1074,11079299,1951,1717,1462,1743,1553,1332
1075,11089300,1961,1717,1457,1755,1572,1337
1076,11099300,1949,1718,1455,1741,1552,1328
1077,11109300,1951,1722,1446,1745,1552,1337
1078,11119300,1953,1712,1449,1748,1548,1328
1079,11129300,1953,1723,1453,1743,1548,1332
1080,11139300,1951,1717,1453,1731,1555,1335
1081,11149300,1954,1721,1445,1744,1553,1338
1082,11159300,1951,1721,1456,1743,1564,1332
1083,11169300,1947,1723,1452,1741,1548,1333
1084,11179300,1954,1715,1456,1742,1553,1336
1085,11189300,1950,1719,1459,1741,1553,1337
1086,11199300,1952,1725,1451,1740,1557,1328
1087,11209301,1956,1717,1451,1743,1557,1337
1088,11219300,1951,1723,1424,1747,1550,1328
1089,11229300,1949,1712,1447,1745,1553,1332
1090,11239300,1952,1719,1448,1746,1549,1332
1091,11249300,1953,1719,1439,1749,1552,1336
1092,11259300,1951,1722,1453,1741,1557,1332
1093,11269300,1949,1715,1456,1741,1556,1330
1094,11279300,1953,1728,1456,1758,1553,1332
1095,11289300,1954,1725,1450,1745,1548,1333
1096,11299300,1949,1717,1450,1745,1553,1336
1097,11309300,1950,1725,1449,1745,1556,1337
1098,11319300,1955,1726,1453,1745,1552,1334
1099,11329300,1954,1718,1456,1748,1555,1332
1100,11339300,1951,1724,1450,1746,1558,1337
1101,11349300,1952,1722,1456,1739,1565,1331
1102,11359300,1953,1725,1451,1746,1560,1346
1103,11369300,1952,1719,1453,1745,1535,1337
1104,11379300,1947,1717,1466,1747,1561,1329
1105,11389300,1955,1725,1453,1741,1560,1333
1106,11399300,1951,1718,1453,1744,1556,1325
1107,11409300,1952,1735,1445,1750,1556,1330
1108,11419300,1952,1722,1454,1745,1556,1337
1109,11429300,1952,1716,1445,1746,1556,1350
1110,11439300,1947,1717,1452,1745,1559,1337
1111,11449300,1956,1727,1456,1742,1552,1335
1112,11459300,1958,1721,1449,1741,1553,1335
1113,11469300,1955,1721,1456,1741,1556,1329
1114,11479300,1949,1724,1449,1758,1564,1330
1115,11489300,1947,1721,1456,1747,1562,1330
1116,11499300,1949,1713,1448,1744,1556,1337
1117,11509300,1950,1718,1450,1745,1550,1333
1118,11519300,1954,1713,1449,1745,1553,1335
1119,11529300,1951,1732,1440,1749,1543,1334
1120,11539300,1947,1719,1456,1742,1529,1337
1121,11549300,1951,1712,1450,1741,1553,1335
1122,11559300,1949,1729,1453,1740,1553,1337
1123,11569300,1954,1714,1459,1750,1557,1332
1124,11579300,1953,1718,1453,1742,1550,1332
1125,11589300,1947,1712,1453,1741,1553,1346
1126,11599300,1951,1718,1456,1745,1556,1337
1127,11609300,1956,1712,1447,1739,1549,1332
1128,11619300,1948,1718,1451,1741,1551,1337
1129,11629300,1949,1713,1447,1741,1557,1346
1130,11639300,1951,1723,1455,1721,1562,1330
1131,11649300,1951,1715,1451,1740,1561,1332
1132,11659300,1953,1719,1456,1743,1566,1328
1133,11669300,1952,1719,1453,1744,1552,1332
1134,11679300,1949,1724,1453,1736,1553,1337
1135,11689300,1953,1719,1443,1745,1555,1325
1136,11699300,1956,1715,1456,1744,1544,1340
1137,11709300,1951,1721,1450,1740,1553,1332
1138,11719300,1945,1718,1451,1750,1553,1337
1139,11729300,1955,1717,1455,1743,1548,1337
1140,11739300,1949,1721,1453,1747,1549,1330
1141,11749300,1951,1724,1447,1746,1553,1337
1142,11759300,1951,1723,1453,1743,1555,1337
1143,11769300,1943,1723,1455,1746,1550,1337
1144,11779300,1946,1722,1446,1746,1563,1329
1145,11789300,1951,1716,1456,1747,1555,1333
1146,11799300,1953,1715,1450,1744,1548,1337
1147,11809300,1953,1725,1451,1741,1555,1323
1148,11819300,1949,1723,1454,1744,1559,1335
1149,11829300,1951,1714,1455,1743,1560,1327
1150,11839300,1950,1712,1447,1740,1543,1337
1151,11849300,1943,1717,1446,1745,1548,1337
1152,11859300,1950,1714,1446,1737,1557,1328
1153,11869300,1951,1718,1456,1743,1556,1336
1154,11879300,1949,1713,1453,1743,1556,1324
1155,11889300,1955,1718,1441,1744,1557,1334
1156,11899300,1951,1723,1446,1748,1559,1326
1157,11909300,1947,1718,1437,1742,1551,1337
1158,11919300,1951,1719,1451,1734,1558,1328
1159,11929300,1955,1722,1451,1744,1555,1335
1160,11939300,1951,1725,1456,1747,1550,1332
1161,11949300,1951,1722,1447,1742,1553,1334
1162,11959300,1948,1719,1454,1744,1550,1330
1163,11969300,1946,1721,1453,1745,1553,1330
1164,11979300,1950,1713,1447,1744,1557,1333
1165,11989300,1955,1720,1449,1743,1548,1327
1166,11999300,1951,1726,1445,1747,1553,1335
1167,12009300,1949,1713,1451,1743,1548,1369
1168,12019300,1947,1719,1454,1744,1552,1328
1169,12029300,1947,1717,1456,1736,1550,1333
1170,12039300,1958,1714,1451,1744,1557,1329
1171,12049300,1953,1722,1452,1741,1560,1329
1172,12059300,1948,1727,1450,1749,1549,1330
1173,12069300,1952,1713,1443,1740,1548,1337
1174,12079300,1951,1731,1451,1750,1566,1332
1175,12089300,1954,1719,1445,1750,1574,1341
1176,12099300,1950,1715,1453,1741,1556,1337
1177,12109300,1979,1719,1447,1741,1553,1337
1178,12119300,1954,1717,1447,1744,1559,1332
1179,12129300,1952,1739,1446,1739,1551,1332
1180,12139300,1949,1719,1451,1739,1557,1337
1181,12149300,1951,1712,1447,1745,1552,1329
1182,12159300,1952,1722,1447,1744,1560,1337
1183,12169300,1953,1717,1447,1748,1560,1335
1184,12179300,1953,1723,1456,1741,1571,1328
1185,12189300,1953,1719,1450,1741,1557,1330
1186,12199300,1951,1719,1456,1747,1548,1330
1187,12209300,1951,1717,1450,1744,1548,1336
1188,12219300,1952,1718,1455,1747,1566,1341
1189,12229300,1954,1732,1446,1737,1560,1330
1190,12239300,1948,1728,1450,1736,1548,1332
1191,12249300,1953,1712,1449,1727,1550,1330
1192,12259300,1952,1717,1447,1746,1553,1337
1193,12269300,1951,1715,1458,1744,1548,1327
1194,12279300,1955,1687,1456,1745,1553,1337
1195,12289300,1950,1726,1455,1745,1548,1335
1196,12299300,1950,1717,1445,1746,1550,1335
1197,12309300,1950,1718,1448,1734,1557,1337
1198,12319300,1947,1719,1450,1742,1556,1337
1199,12329300,1946,1718,1451,1744,1548,1323
1200,12339300,1946,1711,1450,1755,1553,1332
1201,12349300,1954,1730,1453,1741,1561,1335
1202,12359300,1936,1715,1431,1745,1550,1328
1203,12369300,1954,1722,1450,1744,1559,1330
1204,12379300,1949,1730,1453,1745,1556,1335
1205,12389300,1951,1721,1443,1747,1553,1335
1206,12399300,1943,1742,1455,1742,1556,1329
1207,12409300,1947,1723,1429,1745,1552,1335
1208,12419300,1953,1727,1456,1746,1553,1337
1209,12429300,1954,1725,1449,1742,1560,1332
1210,12439300,1954,1722,1456,1745,1553,1332
1211,12449300,1952,1714,1456,1743,1561,1330
1212,12459300,1954,1723,1449,1742,1530,1340
1213,12469300,1949,1724,1441,1745,1553,1336
1214,12479299,1953,1718,1454,1754,1553,1332
1215,12489300,1954,1731,1446,1741,1553,1329
1216,12499300,1952,1719,1456,1743,1552,1333
1217,12509300,1955,1723,1454,1745,1549,1337
1218,12519300,1957,1724,1453,1745,1557,1328
1219,12529300,1946,1721,1456,1749,1557,1335
1220,12539300,1952,1719,1455,1750,1557,1337
1221,12549300,1955,1723,1456,1745,1566,1337
1222,12559300,1951,1724,1454,1730,1549,1337
1223,12569300,1960,1737,1455,1743,1555,1326
1224,12579300,1951,1719,1456,1754,1562,1332
1225,12589300,1950,1718,1449,1749,1557,1326
1226,12599300,1956,1726,1449,1747,1560,1340
1227,12609300,1950,1716,1456,1741,1555,1333
1228,12619300,1951,1718,1483,1745,1554,1337
1229,12629300,1952,1715,1456,1745,1560,1337
1230,12639300,1950,1718,1434,1737,1556,1330
1231,12649300,1949,1723,1445,1747,1553,1336
1232,12659300,1952,1728,1445,1744,1550,1333
1233,12669300,1955,1725,1450,1741,1550,1335
1234,12679300,1961,1718,1461,1741,1553,1336
1235,12689300,1951,1721,1455,1758,1560,1333
1236,12699300,1949,1722,1454,1746,1557,1337
1237,12709300,1952,1726,1447,1736,1557,1337
1238,12719300,1945,1713,1456,1745,1557,1335
1239,12729300,1945,1723,1452,1744,1550,1332
1240,12739300,1950,1730,1454,1745,1562,1335
1241,12749300,1955,1721,1451,1745,1549,1316
1242,12759300,1955,1722,1450,1744,1559,1325
1243,12769300,1952,1719,1447,1750,1570,1325
1244,12779300,1947,1711,1456,1745,1553,1337
1245,12789300,1953,1719,1449,1743,1557,1333
1246,12799300,1946,1721,1456,1744,1561,1330
1247,12809300,1947,1725,1451,1744,1557,1333
1248,12819300,1965,1722,1452,1745,1556,1337
1249,12829300,1950,1723,1451,1749,1553,1323
1250,12839300,1939,1717,1452,1745,1550,1369
1251,12849300,1958,1721,1447,1742,1553,1337
1252,12859300,1955,1712,1450,1742,1548,1337
1253,12869300,1922,1719,1462,1747,1555,1337
1254,12879300,1949,1723,1452,1746,1562,1328
1255,12889300,1957,1722,1453,1737,1559,1337
1256,12899300,1950,1723,1464,1741,1553,1343
1257,12909300,1954,1721,1455,1742,1560,1324
1258,12919300,1950,1716,1456,1749,1558,1337
1259,12929300,1949,1712,1458,1742,1550,1323
1260,12939300,1953,1721,1451,1742,1566,1333
1261,12949299,1952,1712,1453,1754,1553,1338
1262,12959300,1954,1713,1456,1745,1549,1325
1263,12969300,1951,1722,1451,1745,1556,1332
1264,12979300,1953,1715,1446,1744,1550,1329
1265,12989301,1954,1711,1454,1743,1553,1325
1266,12999300,1940,1723,1456,1745,1556,1333
1267,13009300,1947,1721,1450,1736,1552,1333
1268,13019300,1952,1728,1447,1744,1556,1332
1269,13029300,1947,1718,1446,1748,1550,1337
1270,13039300,1955,1722,1446,1746,1555,1336
1271,13049300,1947,1717,1446,1745,1559,1320
1272,13059300,1952,1715,1453,1747,1557,1336
1273,13069300,1958,1724,1456,1742,1561,1348
1274,13079300,1959,1719,1457,1741,1553,1337
1275,13089300,1953,1723,1453,1741,1552,1329
1276,13099300,1966,1719,1456,1742,1550,1337
1277,13109300,1950,1715,1453,1741,1551,1329
1278,13119300,1951,1722,1455,1743,1558,1333
1279,13129300,1954,1719,1454,1746,1560,1331
1280,13139300,1954,1711,1453,1745,1549,1330
1281,13149300,1957,1723,1455,1744,1548,1332
1282,13159300,1950,1717,1456,1745,1556,1328
1283,13169300,1957,1744,1456,1744,1553,1329
1284,13179301,1945,1724,1455,1741,1557,1333
1285,13189300,1956,1717,1447,1742,1553,1330
1286,13199300,1952,1716,1454,1752,1557,1336
1287,13209300,1954,1721,1452,1744,1560,1336
1288,13219300,1956,1726,1455,1745,1563,1339
1289,13229300,1949,1718,1439,1743,1555,1332
1290,13239299,1942,1716,1453,1743,1562,1342
1291,13249300,1947,1720,1451,1750,1556,1335
1292,13259300,1953,1719,1456,1744,1552,1332
1293,13269300,1968,1718,1455,1745,1559,1336
1294,13279300,1952,1729,1450,1744,1557,1335
1295,13289300,1958,1719,1454,1740,1556,1333
1296,13299300,1963,1714,1458,1743,1553,1337
1297,13309300,1954,1723,1471,1742,1553,1333
1298,13319300,1952,1730,1453,1744,1553,1333
1299,13329300,1953,1723,1439,1742,1557,1337
1300,13339300,1952,1722,1451,1743,1556,1338
1301,13349300,1953,1715,1456,1750,1553,1334
1302,13359300,1951,1716,1456,1744,1574,1336
1303,13369300,1957,1715,1454,1750,1552,1333
1304,13379300,1950,1725,1456,1739,1553,1328
1305,13389299,1952,1715,1443,1743,1566,1343
1306,13399300,1950,1722,1463,1744,1553,1333
1307,13409300,1948,1716,1456,1745,1553,1336
1308,13419300,1947,1718,1445,1741,1555,1335
1309,13429300,1943,1714,1454,1752,1550,1336
1310,13439300,1947,1724,1447,1745,1552,1335
1311,13449300,1950,1723,1455,1748,1553,1335
1312,13459299,1947,1722,1448,1747,1560,1337
1313,13469300,1955,1724,1443,1747,1562,1362
1314,13479300,1951,1712,1449,1749,1560,1335
1315,13489300,1953,1725,1456,1749,1552,1329
1316,13499300,1951,1702,1454,1744,1553,1326
1317,13509300,1957,1713,1453,1745,1552,1325
1318,13519300,1952,1718,1456,1746,1548,1335
1319,13529300,1953,1726,1447,1746,1559,1337
1320,13539300,1940,1721,1439,1723,1552,1337
1321,13549300,1951,1718,1450,1745,1559,1335
1322,13559300,1955,1713,1455,1750,1557,1333
1323,13569300,1950,1716,1450,1741,1557,1329
1324,13579300,1953,1723,1454,1746,1553,1333
1325,13589300,1955,1713,1457,1745,1558,1327
1326,13599300,1953,1727,1454,1737,1549,1334
1327,13609300,1951,1714,1447,1749,1553,1337
1328,13619300,1951,1721,1446,1745,1557,1332
1329,13629300,1954,1715,1452,1747,1548,1337
1330,13639300,1947,1729,1447,1747,1552,1333
1331,13649300,1949,1744,1452,1750,1558,1334
1332,13659300,1947,1742,1456,1744,1548,1332
1333,13669300,1952,1717,1450,1743,1553,1334
1334,13679300,1947,1727,1451,1757,1552,1337
1335,13689300,1948,1715,1457,1744,1550,1332
1336,13699300,1947,1725,1446,1742,1553,1324
1337,13709300,1949,1715,1444,1740,1549,1334
1338,13719300,1953,1723,1444,1741,1554,1334
1339,13729300,1951,1717,1451,1750,1550,1335
1340,13739299,1951,1715,1455,1742,1552,1333
1341,13749300,1948,1715,1459,1741,1548,1328
1342,13759300,1954,1719,1455,1742,1558,1333
1343,13769300,1949,1721,1445,1746,1557,1332
1344,13779300,1951,1723,1450,1750,1549,1329
1345,13789300,1951,1721,1450,1744,1553,1329
1346,13799300,1965,1718,1450,1739,1558,1338
1347,13809300,1947,1718,1454,1745,1556,1333
1348,13819300,1947,1716,1450,1745,1557,1328
1349,13829300,1949,1722,1447,1745,1550,1337
1350,13839300,1953,1717,1447,1741,1557,1334
1351,13849300,1950,1722,1443,1742,1553,1337
1352,13859300,1949,1722,1456,1749,1548,1332
1353,13869300,1947,1712,1456,1745,1552,1335
1354,13879299,1951,1722,1455,1746,1554,1333
1355,13889300,1951,1716,1455,1744,1555,1332
1356,13899300,1947,1728,1452,1749,1552,1335
1357,13909300,1955,1719,1446,1741,1559,1330
1358,13919300,1951,1718,1453,1744,1556,1336
1359,13929300,1953,1725,1431,1742,1559,1332
1360,13939300,1946,1718,1452,1745,1553,1333
1361,13949300,1951,1723,1447,1747,1551,1336
1362,13959300,1946,1713,1454,1744,1553,1330
1363,13969300,1953,1719,1447,1750,1564,1342
1364,13979300,1952,1712,1455,1740,1558,1334
1365,13989300,1955,1720,1452,1742,1551,1332
1366,13999300,1952,1718,1454,1742,1553,1336
1367,14009300,1952,1724,1449,1745,1548,1328
1368,14019300,1962,1726,1456,1748,1553,1327
1369,14029300,1946,1715,1451,1747,1556,1336
1370,14039300,1955,1714,1439,1745,1558,1336
1371,14049300,1953,1719,1447,1741,1552,1338
1372,14059300,1946,1719,1445,1735,1548,1337
1373,14069300,1936,1717,1454,1745,1553,1327
1374,14079300,1953,1716,1453,1743,1552,1330
1375,14089300,1953,1717,1454,1744,1549,1335
1376,14099300,1951,1718,1455,1745,1553,1330
1377,14109299,1951,1723,1451,1749,1561,1335
1378,14119300,1951,1714,1446,1747,1551,1332
1379,14129300,1946,1717,1447,1743,1557,1334
1380,14139300,1943,1728,1447,1741,1548,1336
1381,14149300,1954,1717,1456,1741,1550,1337
1382,14159300,1949,1723,1451,1745,1561,1343
1383,14169300,1951,1723,1454,1741,1556,1317
1384,14179300,1951,1717,1451,1744,1556,1335
1385,14189300,1952,1723,1456,1745,1553,1337
1386,14199300,1936,1727,1454,1744,1553,1337
1387,14209300,1949,1728,1445,1745,1556,1324
1388,14219300,1946,1717,1462,1745,1557,1328
1389,14229300,1955,1739,1444,1743,1558,1330
1390,14239300,1954,1717,1465,1741,1555,1332
1391,14249300,1954,1715,1450,1745,1553,1332
1392,14259300,1949,1712,1447,1736,1550,1330
1393,14269300,1950,1723,1440,1745,1555,1334
1394,14279300,1949,1727,1452,1744,1555,1327
1395,14289300,1952,1716,1455,1742,1537,1332
1396,14299300,1951,1727,1456,1753,1557,1335
1397,14309300,1947,1727,1446,1750,1557,1334
1398,14319300,1951,1727,1452,1737,1553,1328
1399,14329300,1955,1718,1451,1745,1556,1332
1400,14339300,1952,1726,1450,1745,1548,1336
1401,14349300,1953,1718,1450,1746,1550,1333
1402,14359300,1951,1722,1477,1737,1549,1339
1403,14369300,1955,1719,1456,1742,1560,1334
1404,14379300,1948,1723,1445,1741,1568,1333
1405,14389300,1953,1723,1453,1746,1551,1330
1406,14399300,1950,1722,1453,1741,1553,1337
1407,14409300,1949,1721,1456,1741,1548,1346
1408,14419300,1949,1727,1456,1745,1560,1336
1409,14429300,1952,1726,1453,1744,1553,1322
1410,14439300,1946,1715,1451,1744,1569,1320
1411,14449300,1954,1717,1459,1743,1562,1332
1412,14459300,1946,1719,1455,1745,1555,1332
1413,14469300,1940,1718,1447,1742,1548,1337
1414,14479300,1956,1713,1450,1741,1553,1335
1415,14489300,1950,1719,1450,1743,1555,1333
1416,14499300,1947,1725,1456,1731,1557,1331
1417,14509300,1961,1718,1455,1739,1530,1332
1418,14519300,1946,1725,1451,1741,1557,1330
1419,14529300,1955,1718,1447,1746,1557,1336
1420,14539300,1954,1712,1455,1743,1546,1333
1421,14549300,1948,1718,1455,1744,1555,1338
1422,14559300,1951,1714,1450,1745,1562,1335
1423,14569300,1952,1723,1456,1741,1556,1334
1424,14579300,1951,1716,1427,1749,1550,1333
1425,14589300,1951,1722,1455,1741,1554,1333
1426,14599300,1947,1713,1456,1744,1556,1329
1427,14609300,1953,1719,1450,1741,1548,1334
1428,14619300,1955,1719,1444,1741,1566,1330
1429,14629300,1958,1723,1454,1747,1553,1338
1430,14639300,1953,1725,1443,1750,1563,1324
1431,14649300,1943,1725,1456,1747,1553,1335
1432,14659300,1951,1719,1445,1744,1552,1337
1433,14669300,1943,1725,1456,1745,1548,1337
1434,14679300,1948,1717,1451,1747,1552,1335
1435,14689300,1950,1725,1453,1745,1557,1332
1436,14699300,1943,1723,1452,1750,1556,1335
1437,14709300,1955,1722,1451,1746,1554,1337
1438,14719300,1952,1728,1455,1742,1562,1353
1439,14729299,1948,1717,1454,1744,1548,1330
1440,14739300,1952,1725,1456,1742,1559,1330
1441,14749300,1959,1713,1454,1745,1560,1327
1442,14759300,1953,1717,1456,1744,1557,1332
1443,14769300,1959,1716,1455,1745,1553,1338
1444,14779300,1955,1718,1442,1745,1555,1329
1445,14789300,1949,1721,1449,1749,1555,1332
1446,14799300,1952,1724,1456,1743,1553,1346
1447,14809300,1950,1717,1455,1740,1555,1333
1448,14819300,1962,1727,1447,1745,1560,1337
1449,14829300,1967,1713,1450,1740,1555,1337
1450,14839300,1948,1715,1446,1745,1553,1337
1451,14849300,1951,1719,1446,1745,1537,1341
1452,14859300,1966,1714,1454,1731,1557,1330
1453,14869300,1954,1712,1453,1750,1556,1333
1454,14879300,1941,1718,1462,1747,1549,1331
1455,14889300,1949,1723,1450,1743,1552,1323
1456,14899300,1945,1719,1446,1744,1553,1337
1457,14909300,1959,1718,1445,1745,1553,1330
1458,14919300,1965,1697,1450,1744,1550,1337
1459,14929300,1949,1706,1449,1747,1556,1332
1460,14939300,1961,1722,1453,1743,1553,1324
1461,14949300,1953,1725,1447,1747,1551,1332
1462,14959300,1952,1722,1456,1743,1548,1330
1463,14969300,1951,1725,1454,1745,1556,1337
1464,14979300,1958,1731,1454,1747,1550,1337
1465,14989300,1952,1721,1446,1742,1553,1333
1466,14999300,1951,1717,1456,1745,1543,1337
1467,15009300,1957,1726,1451,1745,1560,1332
1468,15019300,1950,1725,1451,1745,1552,1332
1469,15029300,1953,1726,1449,1750,1553,1332
1470,15039300,1947,1709,1452,1744,1560,1324
1471,15049300,1966,1722,1473,1742,1559,1338
1472,15059300,1954,1723,1446,1745,1559,1335
1473,15069300,1947,1719,1451,1741,1550,1337
1474,15079300,1957,1719,1454,1736,1557,1337
1475,15089300,1962,1728,1440,1743,1549,1330
1476,15099300,1945,1717,1456,1748,1553,1338
1477,15109300,1955,1721,1436,1745,1557,1335
1478,15119300,1950,1721,1449,1745,1549,1334
1479,15129300,1949,1713,1447,1744,1561,1343
1480,15139300,1952,1721,1456,1744,1557,1328
1481,15149300,1950,1718,1453,1746,1549,1341
1482,15159300,1951,1720,1463,1741,1557,1335
1483,15169300,1953,1721,1451,1741,1553,1330
1484,15179300,1949,1719,1455,1743,1569,1330
1485,15189300,1952,1719,1441,1744,1548,1336
1486,15199300,1950,1725,1446,1747,1560,1338
1487,15209300,1950,1720,1444,1745,1550,1336
1488,15219300,1950,1718,1456,1742,1548,1337
1489,15229300,1950,1718,1456,1743,1548,1323
1490,15239300,1949,1715,1455,1744,1555,1337
1491,15249300,1950,1722,1438,1746,1562,1335
1492,15259300,1946,1717,1441,1741,1553,1337
1493,15269300,1952,1720,1443,1741,1557,1337
1494,15279300,1953,1741,1456,1732,1560,1342
1495,15289300,1959,1714,1441,1740,1555,1335
1496,15299300,1953,1719,1449,1745,1557,1333
1497,15309300,1951,1717,1454,1744,1553,1328
1498,15319300,1950,1721,1430,1749,1553,1328
1499,15329300,1949,1724,1446,1731,1557,1333
1500,15339300,1946,1717,1453,1742,1553,1332
1501,15349300,1955,1718,1450,1745,1557,1340
1502,15359300,1950,1713,1443,1750,1559,1332
1503,15369300,1953,1719,1454,1743,1557,1337
1504,15379300,1950,1721,1443,1744,1553,1336
1505,15389299,1957,1718,1454,1746,1558,1332
1506,15399300,1947,1719,1447,1745,1557,1330
1507,15409300,1954,1723,1454,1742,1553,1337
1508,15419300,1949,1727,1455,1743,1550,1337
1509,15429300,1954,1722,1450,1741,1558,1333
1510,15439300,1956,1715,1450,1749,1548,1335
1511,15449300,1953,1717,1475,1741,1546,1335
1512,15459300,1943,1718,1453,1741,1560,1334
1513,15469300,1955,1722,1444,1745,1553,1322
1514,15479300,1949,1722,1456,1743,1548,1329
1515,15489300,1955,1718,1451,1744,1557,1337
1516,15499300,1954,1721,1448,1747,1553,1337
1517,15509300,1949,1721,1455,1744,1550,1333
1518,15519300,1950,1731,1456,1747,1559,1337
1519,15529300,1956,1719,1450,1743,1556,1333
1520,15539300,1949,1728,1446,1741,1558,1342
1521,15549300,1947,1722,1455,1744,1552,1337
1522,15559300,1955,1715,1455,1743,1549,1332
1523,15569300,1954,1725,1456,1742,1552,1339
1524,15579300,1954,1725,1451,1741,1539,1337
1525,15589300,1948,1722,1445,1742,1545,1337
1526,15599300,1947,1730,1453,1731,1548,1337
1527,15609300,1948,1723,1488,1737,1552,1335
1528,15619300,1938,1721,1453,1741,1559,1335
1529,15629300,1959,1717,1451,1742,1556,1337
1530,15639300,1957,1722,1454,1745,1553,1337
1531,15649300,1956,1716,1451,1747,1560,1330
1532,15659300,1952,1717,1455,1744,1553,1336
1533,15669300,1950,1721,1456,1741,1561,1338
1534,15679300,1949,1722,1447,1740,1556,1314
1535,15689300,1955,1714,1447,1743,1549,1337
1536,15699300,1948,1723,1449,1750,1536,1333
1537,15709300,1943,1725,1450,1749,1553,1340
1538,15719300,1949,1722,1454,1750,1557,1338
1539,15729300,1952,1719,1454,1744,1550,1332
1540,15739300,1952,1725,1443,1747,1553,1326
1541,15749300,1959,1717,1450,1743,1552,1334
1542,15759300,1955,1715,1447,1736,1560,1329
1543,15769300,1954,1725,1452,1734,1559,1337
1544,15779300,1950,1726,1444,1745,1553,1337
1545,15789300,1951,1725,1451,1750,1552,1337
1546,15799300,1963,1722,1455,1744,1553,1374
1547,15809299,1947,1723,1455,1747,1553,1337
1548,15819300,1953,1717,1455,1753,1561,1332
1549,15829300,1951,1718,1451,1747,1556,1337
1550,15839300,1951,1715,1455,1753,1557,1317
1551,15849300,1952,1719,1456,1741,1556,1337
1552,15859300,1948,1714,1455,1744,1532,1336
1553,15869300,1946,1725,1450,1744,1556,1336
1554,15879300,1952,1722,1450,1746,1557,1335
1555,15889300,1959,1719,1451,1744,1560,1323
1556,15899300,1953,1720,1445,1747,1557,1340
1557,15909300,1951,1716,1456,1736,1556,1337
1558,15919300,1949,1722,1462,1750,1553,1337
1559,15929300,1957,1719,1456,1745,1555,1335
1560,15939300,1953,1715,1451,1767,1556,1337
1561,15949300,1945,1721,1451,1750,1553,1337
1562,15959300,1937,1721,1451,1745,1548,1337
1563,15969300,1957,1713,1450,1744,1559,1337
1564,15979300,1951,1717,1447,1744,1555,1337
1565,15989300,1955,1714,1450,1751,1539,1336
1566,15999300,1951,1727,1456,1758,1549,1333
1567,16009300,1946,1723,1450,1742,1548,1335
1568,16019299,1953,1719,1446,1739,1560,1336
1569,16029299,1954,1716,1439,1741,1552,1332
1570,16039300,1951,1718,1456,1744,1549,1337
1571,16049300,1961,1721,1455,1741,1559,1337
1572,16059300,1954,1715,1454,1745,1555,1334
1573,16069300,1955,1725,1453,1745,1556,1336
1574,16079301,1949,1727,1451,1740,1556,1327
1575,16089300,1949,1719,1453,1744,1556,1328
1576,16099300,1955,1714,1454,1739,1553,1337
1577,16109300,1946,1713,1458,1745,1552,1335
1578,16119300,1950,1717,1456,1756,1555,1337
1579,16129300,1947,1722,1450,1742,1560,1335
1580,16139300,1952,1725,1449,1741,1553,1334
1581,16149299,1955,1722,1447,1741,1556,1343
1582,16159300,1970,1722,1456,1740,1553,1335
1583,16169300,1958,1715,1456,1744,1556,1337
1584,16179300,1961,1721,1446,1746,1553,1333
1585,16189300,1957,1723,1478,1741,1563,1323
1586,16199300,1946,1724,1455,1745,1557,1323
1587,16209300,1952,1722,1450,1737,1553,1333
1588,16219300,1947,1722,1454,1744,1551,1333
1589,16229300,1954,1717,1447,1745,1550,1330
1590,16239300,1958,1722,1456,1731,1550,1337
1591,16249300,1950,1719,1453,1742,1552,1332
1592,16259300,1946,1725,1452,1744,1555,1336
1593,16269300,1950,1722,1447,1739,1559,1337
1594,16279300,1946,1718,1450,1744,1550,1340
1595,16289300,1940,1717,1451,1742,1552,1332
1596,16299300,1953,1699,1449,1744,1553,1331
1597,16309300,1953,1712,1463,1745,1553,1332
1598,16319300,1946,1710,1450,1737,1555,1332
1599,16329300,1943,1719,1454,1746,1548,1333
1600,16339300,1943,1723,1453,1753,1557,1333
1601,16349300,1951,1713,1453,1718,1553,1330
1602,16359300,1958,1723,1456,1742,1549,1346
1603,16369300,1953,1717,1441,1742,1557,1334
1604,16379300,1949,1721,1454,1751,1553,1333
1605,16389300,1942,1719,1451,1741,1555,1335
1606,16399300,1947,1715,1450,1741,1553,1329
1607,16409300,1955,1718,1455,1736,1561,1334
1608,16419300,1955,1723,1455,1737,1558,1334
1609,16429300,1955,1723,1449,1742,1559,1332
1610,16439300,1959,1731,1450,1750,1558,1333
1611,16449300,1958,1715,1449,1745,1558,1337
1612,16459300,1949,1717,1454,1743,1551,1337
1613,16469300,1957,1731,1440,1750,1553,1335
1614,16479300,1949,1725,1450,1745,1555,1332
1615,16489300,1948,1741,1459,1743,1551,1332
1616,16499300,1955,1723,1456,1743,1561,1335
1617,16509300,1952,1726,1450,1741,1553,1337
1618,16519300,1942,1727,1466,1744,1554,1329
1619,16529300,1953,1718,1455,1741,1555,1337
1620,16539300,1949,1717,1451,1743,1553,1332
1621,16549300,1946,1715,1451,1744,1552,1328
1622,16559300,1953,1719,1450,1753,1549,1332
1623,16569300,1948,1709,1456,1742,1553,1337
1624,16579301,1953,1723,1456,1740,1552,1329
1625,16589299,1952,1725,1453,1745,1551,1327
1626,16599300,1945,1702,1447,1756,1548,1337
1627,16609300,1953,1723,1450,1744,1558,1332
1628,16619300,1951,1712,1446,1749,1549,1330
1629,16629300,1962,1717,1456,1750,1548,1337
1630,16639300,1947,1713,1446,1740,1556,1328
1631,16649300,1945,1713,1450,1743,1551,1334
1632,16659300,1951,1722,1472,1747,1553,1337
1633,16669300,1954,1715,1452,1742,1558,1332
1634,16679300,1955,1719,1443,1744,1550,1332
1635,16689300,1962,1719,1458,1744,1548,1330
1636,16699300,1950,1728,1447,1741,1553,1329
1637,16709300,1951,1729,1446,1742,1551,1337
1638,16719300,1951,1715,1447,1745,1553,1337
1639,16729300,1947,1719,1449,1737,1557,1339
1640,16739300,1949,1722,1443,1745,1548,1347
1641,16749300,1954,1719,1444,1744,1553,1335
1642,16759300,1953,1719,1472,1743,1548,1326
1643,16769300,1950,1717,1441,1743,1555,1332
1644,16779299,1950,1715,1457,1745,1561,1337
1645,16789300,1956,1718,1452,1741,1542,1329
1646,16799300,1963,1723,1450,1742,1549,1334
1647,16809300,1946,1720,1445,1749,1557,1342
1648,16819300,1949,1722,1447,1743,1557,1335
1649,16829300,1949,1721,1447,1744,1560,1324
1650,16839300,1952,1712,1446,1742,1555,1336
1651,16849300,1946,1724,1446,1748,1558,1337
1652,16859300,1949,1722,1424,1741,1550,1356
1653,16869300,1952,1719,1453,1745,1561,1337
1654,16879300,1941,1727,1456,1741,1553,1329
1655,16889300,1952,1723,1454,1739,1557,1323
1656,16899300,1929,1712,1451,1744,1555,1336
1657,16909300,1952,1721,1449,1747,1552,1333
1658,16919300,1958,1718,1449,1749,1552,1319
1659,16929300,1951,1718,1453,1741,1537,1349
1660,16939300,1952,1724,1443,1749,1548,1321
1661,16949300,1957,1727,1431,1745,1555,1337
1662,16959300,1947,1716,1453,1744,1549,1325
1663,16969300,1955,1717,1446,1747,1552,1330
1664,16979299,1954,1741,1453,1744,1553,1334
1665,16989300,1949,1723,1447,1745,1558,1334
1666,16999300,1953,1724,1454,1764,1550,1337
1667,17009300,1943,1717,1442,1746,1553,1327
1668,17019300,1949,1713,1451,1740,1557,1329
1669,17029300,1952,1724,1451,1743,1553,1346
1670,17039300,1951,1725,1454,1740,1548,1337
1671,17049300,1949,1725,1450,1745,1560,1333
1672,17059300,1953,1721,1453,1736,1553,1331
1673,17069300,1951,1714,1449,1758,1553,1325
1674,17079300,1946,1722,1455,1742,1543,1337
1675,17089300,1957,1714,1455,1742,1556,1333
1676,17099300,1953,1724,1451,1746,1548,1332
1677,17109300,1953,1717,1445,1745,1563,1328
1678,17119300,1957,1721,1456,1742,1543,1337
1679,17129300,1954,1718,1449,1745,1550,1337
1680,17139300,1947,1722,1449,1742,1555,1332
1681,17149300,1956,1714,1455,1745,1548,1335
1682,17159300,1949,1722,1456,1745,1558,1335
1683,17169300,1957,1726,1456,1744,1562,1325
1684,17179300,1952,1725,1451,1747,1556,1329
1685,17189300,1953,1715,1451,1741,1556,1333
1686,17199300,1952,1728,1453,1744,1548,1335
1687,17209300,1949,1714,1456,1742,1552,1332
1688,17219300,1954,1718,1453,1740,1563,1336
1689,17229300,1948,1714,1451,1745,1553,1329
1690,17239300,1954,1722,1463,1737,1557,1337
1691,17249300,1948,1719,1443,1744,1553,1333
1692,17259300,1956,1721,1454,1739,1557,1337
1693,17269300,1945,1723,1456,1742,1555,1328
1694,17279300,1951,1723,1453,1742,1558,1335
1695,17289300,1949,1724,1452,1747,1555,1336
1696,17299300,1949,1721,1443,1737,1552,1333
1697,17309300,1956,1714,1443,1743,1553,1330
1698,17319300,1950,1719,1447,1744,1557,1336
1699,17329300,1950,1722,1454,1744,1539,1335
1700,17339300,1962,1720,1425,1745,1557,1337
1701,17349300,1952,1714,1454,1744,1553,1335
1702,17359300,1936,1712,1447,1749,1551,1336
1703,17369299,1943,1714,1447,1742,1549,1337
1704,17379300,1951,1715,1446,1745,1552,1333
1705,17389300,1954,1714,1454,1744,1552,1337
1706,17399300,1947,1715,1453,1740,1543,1360
1707,17409299,1943,1719,1456,1743,1557,1337
1708,17419300,1951,1716,1441,1746,1555,1333
1709,17429300,1936,1714,1459,1749,1555,1337
1710,17439300,1942,1713,1455,1742,1548,1330
1711,17449300,1950,1725,1451,1744,1549,1332
1712,17459300,1942,1717,1446,1750,1557,1337
1713,17469300,1950,1724,1452,1742,1548,1340
1714,17479300,1954,1719,1450,1749,1557,1330
1715,17489300,1949,1724,1450,1753,1551,1333
1716,17499300,1947,1717,1455,1744,1557,1337
1717,17509300,1947,1719,1453,1738,1557,1333
1718,17519300,1941,1711,1452,1756,1553,1337
1719,17529300,1953,1723,1452,1743,1555,1332
1720,17539300,1950,1723,1455,1744,1553,1337
1721,17549300,1953,1723,1453,1747,1559,1332
1722,17559300,1950,1711,1451,1745,1553,1332
1723,17569300,1951,1697,1448,1747,1556,1328
1724,17579300,1954,1727,1459,1741,1548,1337
1725,17589300,1933,1725,1454,1744,1557,1337
1726,17599300,1934,1714,1454,1743,1557,1337
1727,17609300,1947,1713,1446,1744,1558,1338
1728,17619300,1949,1740,1452,1740,1553,1337
1729,17629300,1968,1714,1451,1744,1546,1337
1730,17639300,1951,1718,1454,1734,1560,1337
1731,17649300,1949,1719,1453,1749,1556,1333
1732,17659300,1950,1719,1450,1745,1557,1336
1733,17669300,1958,1722,1454,1745,1533,1332
1734,17679300,1949,1718,1447,1745,1550,1337
1735,17689299,1945,1722,1456,1746,1551,1336
1736,17699300,1942,1729,1455,1744,1548,1329
1737,17709299,1954,1717,1456,1737,1557,1336
1738,17719300,1945,1729,1452,1744,1555,1333
1739,17729300,1949,1699,1450,1747,1556,1334
1740,17739300,1952,1721,1456,1743,1558,1333
1741,17749300,1954,1719,1449,1740,1551,1332
1742,17759299,1951,1714,1455,1739,1558,1332
1743,17769300,1950,1714,1443,1745,1555,1337
1744,17779300,1963,1719,1453,1744,1548,1337
1745,17789299,1950,1728,1455,1743,1553,1335
1746,17799299,1952,1717,1453,1744,1553,1330
1747,17809300,1955,1719,1451,1741,1555,1334
1748,17819300,1949,1725,1449,1745,1555,1337
1749,17829300,1947,1719,1452,1741,1556,1327
1750,17839300,1953,1722,1453,1748,1552,1326
1751,17849300,1953,1728,1454,1747,1555,1332
1752,17859300,1947,1717,1446,1745,1551,1330
1753,17869300,1955,1715,1447,1718,1547,1332
1754,17879300,1947,1721,1451,1749,1549,1337
1755,17889300,1945,1717,1451,1742,1549,1333
1756,17899300,1953,1719,1450,1742,1553,1335
1757,17909300,1947,1715,1456,1743,1556,1333
1758,17919300,1953,1719,1440,1750,1559,1336
1759,17929300,1950,1722,1450,1743,1549,1337
1760,17939300,1951,1717,1443,1718,1555,1330
1761,17949299,1949,1717,1447,1736,1552,1337
1762,17959300,1947,1718,1453,1744,1550,1329
1763,17969300,1954,1717,1445,1750,1550,1336
1764,17979300,1953,1719,1447,1746,1552,1332
1765,17989300,1945,1719,1449,1742,1552,1332
1766,17999300,1940,1727,1447,1750,1557,1333
1767,18009300,1949,1720,1454,1748,1553,1344
1768,18019300,1954,1717,1446,1745,1560,1330
1769,18029300,1955,1717,1446,1743,1559,1324
1770,18039300,1956,1718,1439,1731,1550,1336
1771,18049300,1954,1725,1455,1715,1555,1328
1772,18059299,1946,1709,1455,1762,1549,1337
1773,18069300,1951,1714,1457,1748,1560,1342
1774,18079300,1947,1718,1450,1742,1559,1337
1775,18089300,1946,1718,1455,1741,1562,1340
1776,18099300,1954,1722,1495,1747,1548,1340
1777,18109300,1951,1723,1456,1745,1559,1332
1778,18119300,1946,1722,1444,1744,1556,1337
1779,18129299,1953,1718,1454,1744,1552,1323
1780,18139300,1948,1719,1446,1749,1556,1330
1781,18149300,1946,1723,1447,1747,1555,1330
1782,18159300,1948,1722,1446,1741,1548,1336
1783,18169300,1953,1719,1455,1759,1553,1333
1784,18179300,1942,1723,1455,1740,1548,1342
1785,18189300,1950,1714,1449,1743,1556,1337
1786,18199300,1953,1718,1421,1743,1555,1337
1787,18209300,1951,1714,1450,1744,1558,1338
1788,18219300,1953,1743,1454,1747,1557,1337
1789,18229300,1953,1719,1453,1749,1553,1336
1790,18239300,1951,1715,1456,1740,1559,1339
1791,18249300,1956,1717,1454,1740,1554,1337
1792,18259300,1949,1727,1449,1750,1560,1333
1793,18269300,1947,1726,1456,1745,1553,1332
1794,18279300,1947,1715,1453,1745,1550,1344
1795,18289300,1953,1715,1451,1745,1548,1325
1796,18299300,1943,1718,1455,1745,1551,1332
1797,18309300,1954,1720,1451,1744,1566,1327
1798,18319300,1949,1713,1442,1745,1559,1337
1799,18329300,1950,1723,1445,1744,1555,1335
1800,18339300,1952,1715,1463,1740,1562,1337
1801,18349300,1957,1718,1454,1741,1548,1336
1802,18359300,1947,1723,1450,1745,1561,1330
1803,18369300,1955,1723,1454,1744,1552,1337
1804,18379300,1949,1721,1444,1744,1547,1342
1805,18389300,1949,1719,1450,1740,1557,1337
1806,18399300,1959,1723,1453,1747,1549,1353
1807,18409300,1953,1713,1450,1745,1552,1333
1808,18419300,1954,1725,1455,1750,1558,1332
1809,18429300,1950,1713,1455,1745,1555,1340
1810,18439300,1947,1721,1453,1734,1555,1333
1811,18449300,1953,1719,1451,1737,1561,1337
1812,18459300,1947,1725,1446,1747,1559,1332
1813,18469300,1953,1719,1445,1744,1547,1338
1814,18479300,1945,1725,1456,1744,1543,1335
1815,18489300,1971,1725,1435,1745,1558,1324
1816,18499300,1945,1724,1453,1743,1553,1335
1817,18509300,1952,1717,1453,1741,1557,1332
1818,18519300,1947,1725,1454,1749,1549,1331
1819,18529300,1950,1726,1437,1736,1555,1330
1820,18539300,1946,1714,1452,1745,1551,1337
1821,18549300,1951,1715,1451,1744,1553,1337
1822,18559300,1954,1714,1456,1743,1558,1333
1823,18569300,1948,1722,1456,1744,1557,1315
1824,18579300,1951,1715,1451,1750,1556,1337
1825,18589300,1951,1728,1444,1746,1555,1337
1826,18599300,1951,1707,1450,1748,1561,1333
1827,18609300,1947,1718,1463,1742,1559,1333
1828,18619300,1951,1721,1449,1743,1557,1337
1829,18629300,1951,1717,1450,1747,1553,1337
1830,18639300,1950,1715,1455,1736,1557,1336
1831,18649300,1949,1722,1453,1745,1548,1337
1832,18659300,1955,1717,1449,1736,1555,1330
1833,18669300,1951,1722,1450,1740,1550,1335
1834,18679300,1951,1718,1449,1739,1552,1330
1835,18689300,1946,1721,1460,1744,1560,1335
1836,18699300,1957,1724,1442,1745,1553,1328
1837,18709300,1947,1722,1456,1747,1553,1332
1838,18719300,1948,1719,1454,1745,1556,1330
1839,18729300,1953,1721,1450,1745,1555,1333
1840,18739300,1942,1718,1424,1745,1550,1335
1841,18749300,1951,1723,1454,1752,1555,1337
1842,18759300,1959,1718,1446,1745,1548,1333
1843,18769300,1949,1717,1460,1749,1555,1336
1844,18779300,1954,1723,1472,1745,1545,1337
1845,18789300,1953,1719,1453,1741,1559,1337
1846,18799300,1954,1722,1451,1744,1552,1328
1847,18809300,1955,1716,1456,1745,1553,1340
1848,18819300,1943,1727,1453,1746,1558,1332
1849,18829300,1947,1723,1451,1741,1553,1336
1850,18839300,1951,1723,1455,1744,1553,1337
1851,18849300,1943,1718,1455,1748,1558,1332
1852,18859300,1947,1721,1471,1745,1555,1337
1853,18869300,1951,1721,1450,1743,1554,1332
1854,18879300,1954,1718,1456,1767,1553,1337
1855,18889300,1955,1721,1461,1745,1553,1337
1856,18899300,1968,1717,1456,1745,1552,1335
1857,18909300,1951,1715,1456,1742,1557,1333
1858,18919300,1959,1730,1456,1740,1560,1329
1859,18929300,1946,1722,1450,1756,1556,1337
1860,18939300,1945,1715,1456,1739,1549,1339
1861,18949300,1932,1721,1455,1742,1558,1327
1862,18959300,1982,1717,1440,1741,1548,1338
1863,18969301,1954,1723,1451,1745,1553,1330
1864,18979300,1946,1712,1456,1739,1553,1330
1865,18989300,1951,1718,1452,1745,1557,1337
1866,18999300,1951,1722,1455,1739,1553,1332
1867,19009300,1953,1719,1456,1741,1560,1336
1868,19019300,1954,1723,1473,1762,1553,1335
1869,19029300,1950,1724,1452,1741,1549,1334
1870,19039300,1938,1712,1454,1750,1557,1337
1871,19049300,1963,1729,1453,1741,1548,1338
1872,19059300,1953,1722,1446,1754,1553,1332
1873,19069300,1950,1738,1453,1743,1552,1332
1874,19079300,1943,1719,1455,1742,1547,1332
1875,19089300,1968,1718,1456,1731,1550,1330
1876,19099300,1945,1721,1451,1745,1548,1337
1877,19109300,1968,1723,1456,1736,1553,1328
1878,19119300,1948,1712,1454,1750,1548,1337
1879,19129300,1947,1712,1453,1740,1560,1330
1880,19139300,1953,1717,1424,1746,1551,1332
1881,19149300,1951,1723,1443,1747,1549,1333
1882,19159300,1967,1725,1453,1742,1557,1337
1883,19169300,1953,1724,1463,1745,1555,1333
1884,19179300,1952,1722,1449,1741,1550,1337
1885,19189300,1953,1723,1451,1742,1552,1332
1886,19199300,1948,1723,1445,1741,1557,1337
1887,19209300,1949,1726,1447,1743,1559,1337
1888,19219300,1950,1719,1456,1741,1553,1332
1889,19229300,1949,1718,1449,1762,1553,1332
1890,19239300,1943,1722,1452,1739,1560,1328
1891,19249300,1936,1722,1456,1743,1550,1332
1892,19259300,1951,1728,1451,1733,1559,1337
1893,19269300,1942,1718,1426,1737,1556,1329
1894,19279300,1952,1719,1453,1740,1551,1337
1895,19289299,1951,1721,1456,1745,1550,1332
1896,19299300,1935,1722,1456,1744,1555,1336
1897,19309300,1951,1729,1451,1743,1556,1336
1898,19319300,1947,1725,1456,1741,1550,1337
1899,19329300,1952,1719,1455,1741,1557,1330
1900,19339300,1947,1718,1444,1734,1549,1333
1901,19349300,1950,1715,1451,1750,1552,1322
1902,19359300,1955,1725,1445,1750,1553,1330
1903,19369300,1954,1729,1457,1749,1560,1338
1904,19379300,1951,1716,1453,1744,1558,1337
1905,19389300,1943,1725,1443,1741,1554,1337
1906,19399300,1949,1719,1435,1742,1560,1332
1907,19409300,1947,1714,1452,1743,1557,1332
1908,19419300,1951,1715,1443,1737,1557,1337
1909,19429300,1949,1725,1470,1747,1561,1336
1910,19439300,1941,1717,1456,1737,1548,1335
1911,19449300,1949,1723,1456,1743,1549,1337
1912,19459300,1953,1725,1467,1746,1557,1333
1913,19469299,1962,1714,1445,1745,1533,1335
1914,19479300,1952,1744,1454,1739,1552,1340
1915,19489300,1951,1721,1453,1721,1552,1333
1916,19499299,1955,1717,1438,1744,1555,1338
1917,19509300,1945,1723,1471,1749,1548,1337
1918,19519300,1950,1719,1445,1741,1557,1343
1919,19529300,1954,1723,1445,1742,1553,1332
1920,19539300,1951,1719,1440,1743,1555,1326
1921,19549300,1953,1719,1456,1743,1548,1333
1922,19559300,1943,1717,1456,1746,1548,1332
1923,19569300,1950,1719,1429,1745,1562,1333
1924,19579300,1942,1725,1456,1757,1557,1330
1925,19589300,1963,1726,1453,1744,1553,1333
1926,19599300,1951,1723,1457,1744,1557,1337
1927,19609300,1947,1723,1444,1741,1559,1332
1928,19619300,1950,1712,1454,1745,1550,1334
1929,19629300,1949,1722,1443,1741,1548,1343
1930,19639300,1959,1718,1445,1743,1562,1328
1931,19649300,1951,1717,1456,1737,1557,1324
1932,19659300,1949,1737,1451,1744,1548,1333
1933,19669300,1953,1723,1462,1760,1555,1337
1934,19679300,1923,1719,1454,1747,1552,1337
1935,19689300,1952,1722,1456,1747,1562,1332
1936,19699300,1947,1725,1453,1744,1550,1337
1937,19709300,1948,1725,1438,1741,1548,1337
1938,19719300,1947,1717,1453,1744,1557,1327
1939,19729300,1952,1726,1451,1736,1548,1333
1940,19739300,1949,1717,1450,1755,1551,1345
1941,19749300,1942,1723,1456,1744,1554,1335
1942,19759300,1948,1717,1450,1747,1550,1335
1943,19769300,1947,1717,1450,1739,1549,1329
1944,19779300,1949,1721,1449,1739,1556,1333
1945,19789300,1939,1722,1451,1741,1550,1332
1946,19799300,1943,1722,1452,1741,1553,1336
1947,19809300,1953,1719,1446,1743,1553,1336
1948,19819300,1945,1716,1454,1746,1553,1336
1949,19829300,1951,1714,1453,1745,1553,1337
1950,19839301,1953,1727,1453,1749,1552,1337
1951,19849300,1951,1727,1447,1747,1560,1332
1952,19859300,1951,1727,1457,1742,1553,1337
1953,19869300,1951,1723,1454,1740,1536,1337
1954,19879300,1953,1723,1455,1741,1560,1332
1955,19889300,1953,1716,1452,1740,1557,1337
1956,19899300,1947,1723,1453,1745,1556,1337
1957,19909300,1948,1715,1447,1742,1553,1333
1958,19919300,1953,1724,1460,1746,1550,1345
1959,19929300,1956,1721,1453,1743,1549,1332
1960,19939300,1950,1723,1456,1734,1548,1332
1961,19949300,1951,1722,1445,1742,1547,1329
1962,19959300,1950,1719,1462,1737,1552,1332
1963,19969300,1955,1719,1458,1736,1555,1333
1964,19979300,1951,1725,1455,1741,1558,1316
1965,19989300,1955,1716,1450,1744,1557,1332
1966,19999300,1951,1717,1473,1746,1550,1337
1967,20009300,1958,1721,1459,1747,1548,1331
1968,20019300,1949,1724,1451,1744,1552,1325
1969,20029300,1949,1729,1447,1739,1548,1333
1970,20039300,1951,1721,1462,1745,1566,1314
1971,20049300,1947,1719,1456,1745,1561,1333
1972,20059300,1947,1726,1472,1742,1557,1336
1973,20069300,1955,1718,1458,1744,1524,1355
1974,20079299,1946,1722,1456,1745,1558,1339
1975,20089300,1946,1727,1455,1743,1555,1335
1976,20099300,1946,1721,1456,1741,1548,1337
1977,20109300,1946,1712,1456,1750,1549,1338
1978,20119300,1963,1723,1452,1745,1549,1334
1979,20129300,1957,1725,1445,1744,1559,1336
1980,20139300,1951,1721,1481,1740,1556,1322
1981,20149300,1952,1722,1456,1744,1551,1349
1982,20159300,1953,1717,1449,1747,1553,1336
1983,20169300,1954,1719,1453,1745,1558,1330
1984,20179300,1955,1719,1455,1745,1549,1333
1985,20189300,1950,1717,1449,1750,1553,1330
1986,20199300,1953,1719,1449,1747,1556,1332
1987,20209300,1953,1714,1455,1747,1551,1333
1988,20219300,1954,1719,1482,1749,1556,1342
1989,20229300,1947,1717,1450,1744,1557,1330
1990,20239300,1949,1723,1456,1747,1552,1339
1991,20249300,1955,1725,1456,1736,1557,1333
1992,20259300,1949,1733,1456,1746,1553,1335
1993,20269300,1947,1720,1449,1741,1558,1336
1994,20279300,1951,1729,1453,1743,1555,1337
1995,20289300,1951,1729,1455,1750,1557,1333
1996,20299300,1947,1707,1448,1754,1550,1335
1997,20309300,1954,1717,1455,1745,1556,1333
1998,20319300,1954,1731,1449,1736,1557,1337
1999,20329300,1948,1722,1451,1745,1555,1332
2000,20339300,1947,1718,1454,1731,1558,1336
2001,20349299,1949,1717,1447,1741,1548,1335
2002,20359300,1952,1721,1447,1741,1571,1330
2003,20369300,1951,1743,1446,1745,1553,1332
2004,20379301,1961,1719,1425,1744,1557,1333
2005,20389300,1962,1728,1445,1745,1557,1337
2006,20399300,1951,1714,1454,1739,1556,1335
2007,20409300,1937,1729,1454,1745,1555,1336
2008,20419300,1968,1717,1456,1757,1553,1337
2009,20429300,1952,1730,1455,1742,1552,1332
2010,20439300,1979,1723,1456,1765,1560,1335
2011,20449300,1955,1715,1450,1740,1556,1332
2012,20459300,1951,1718,1455,1745,1560,1332
2013,20469300,1937,1727,1446,1745,1547,1340
2014,20479300,1949,1713,1455,1747,1555,1328
2015,20489300,1961,1723,1455,1741,1557,1330
2016,20499300,1962,1715,1442,1746,1555,1332
2017,20509300,1950,1718,1447,1759,1556,1339
2018,20519300,1941,1717,1457,1747,1556,1337
2019,20529300,1949,1717,1451,1745,1555,1309
2020,20539300,1968,1698,1456,1755,1557,1335
2021,20549300,1954,1723,1451,1748,1548,1337
2022,20559300,1942,1717,1455,1747,1550,1332
2023,20569300,1951,1718,1468,1747,1561,1335
2024,20579300,1953,1716,1447,1749,1555,1335
2025,20589300,1948,1716,1454,1741,1553,1337
2026,20599300,1952,1717,1453,1746,1560,1337
2027,20609300,1941,1718,1455,1744,1553,1330
2028,20619300,1951,1719,1451,1745,1543,1326
2029,20629300,1951,1715,1450,1744,1558,1342
2030,20639300,1946,1729,1455,1747,1557,1337
2031,20649300,1950,1729,1454,1746,1549,1337
2032,20659300,1943,1724,1453,1745,1550,1329
2033,20669300,1951,1717,1455,1744,1551,1337
2034,20679300,1942,1720,1445,1744,1551,1333
2035,20689300,1958,1712,1447,1742,1557,1334
2036,20699300,1951,1714,1456,1745,1553,1337
2037,20709300,1955,1722,1456,1741,1557,1332
2038,20719300,1951,1713,1453,1744,1557,1337
2039,20729300,1947,1713,1447,1742,1555,1337
2040,20739300,1950,1715,1439,1742,1553,1337
2041,20749300,1957,1721,1443,1742,1556,1337
2042,20759300,1953,1727,1451,1743,1548,1335
2043,20769300,1947,1719,1463,1741,1556,1337
2044,20779300,1943,1723,1454,1745,1559,1330
2045,20789300,1951,1726,1446,1745,1553,1336
2046,20799300,1953,1723,1455,1744,1550,1341
2047,20809300,1951,1715,1424,1750,1557,1337
2048,20819300,1953,1722,1455,1745,1557,1334
2049,20829300,1954,1712,1455,1740,1558,1331
2050,20839300,1953,1715,1455,1745,1562,1337
2051,20849301,1951,1728,1450,1741,1560,1337
2052,20859300,1968,1713,1451,1745,1550,1333
2053,20869300,1951,1717,1424,1745,1549,1333
2054,20879300,1962,1723,1449,1741,1549,1335
2055,20889300,1957,1717,1446,1743,1559,1335
2056,20899300,1953,1722,1448,1743,1557,1335
2057,20909300,1941,1726,1446,1745,1557,1336
2058,20919300,1946,1717,1451,1742,1555,1333
2059,20929300,1943,1723,1450,1743,1555,1333
2060,20939300,1956,1723,1451,1750,1565,1326
2061,20949300,1953,1725,1456,1745,1553,1346
2062,20959300,1958,1713,1454,1742,1557,1332
2063,20969300,1943,1726,1457,1737,1557,1330
2064,20979300,1948,1715,1443,1741,1556,1323
2065,20989300,1951,1723,1446,1746,1552,1340
2066,20999300,1957,1723,1461,1749,1558,1314
2067,21009300,1946,1728,1449,1742,1575,1340
2068,21019300,1955,1718,1450,1750,1558,1332
2069,21029300,1949,1716,1456,1742,1555,1332
2070,21039300,1957,1734,1447,1754,1557,1332
2071,21049300,1951,1728,1456,1758,1557,1329
2072,21059300,1949,1718,1454,1744,1553,1347
2073,21069300,1957,1715,1453,1745,1558,1332
2074,21079300,1952,1719,1451,1743,1547,1337
2075,21089300,1953,1718,1455,1749,1553,1337
2076,21099300,1949,1725,1450,1744,1552,1312
2077,21109300,1943,1719,1447,1746,1551,1333
2078,21119300,1954,1719,1453,1736,1557,1336
2079,21129300,1947,1712,1453,1747,1551,1333
2080,21139300,1950,1712,1456,1744,1553,1332
2081,21149300,1951,1718,1456,1742,1559,1330
2082,21159300,1952,1729,1451,1755,1553,1328
2083,21169300,1957,1719,1447,1745,1556,1334
2084,21179300,1952,1716,1461,1742,1548,1332
2085,21189300,1948,1726,1456,1745,1553,1330
2086,21199300,1955,1719,1451,1742,1549,1337
2087,21209300,1954,1725,1452,1742,1558,1338
2088,21219300,1951,1712,1451,1747,1557,1336
2089,21229300,1954,1715,1449,1739,1549,1339
2090,21239300,1952,1727,1476,1745,1556,1333
2091,21249300,1952,1715,1447,1744,1553,1348
2092,21259300,1954,1719,1439,1747,1554,1342
2093,21269300,1949,1723,1450,1744,1548,1335
2094,21279300,1963,1725,1456,1740,1548,1333
2095,21289300,1949,1713,1456,1742,1556,1332
2096,21299300,1950,1723,1441,1743,1556,1331
2097,21309300,1950,1719,1447,1741,1556,1336
2098,21319300,1953,1729,1454,1744,1553,1333
2099,21329300,1953,1713,1446,1724,1559,1328
2100,21339300,1955,1719,1449,1744,1554,1337
2101,21349300,1947,1719,1454,1745,1557,1334
2102,21359300,1952,1713,1453,1743,1556,1330
2103,21369299,1951,1718,1455,1744,1553,1332
2104,21379300,1946,1716,1450,1741,1553,1330
2105,21389300,1950,1728,1438,1743,1555,1330
2106,21399300,1945,1718,1449,1744,1550,1337
2107,21409300,1947,1722,1444,1744,1553,1329
2108,21419300,1952,1717,1454,1736,1553,1332
2109,21429300,1943,1717,1449,1742,1557,1337
2110,21439300,1946,1719,1450,1745,1554,1337
2111,21449300,1952,1714,1453,1750,1553,1335
2112,21459300,1945,1715,1463,1743,1557,1337
2113,21469300,1946,1716,1450,1742,1562,1329
2114,21479300,1957,1718,1450,1745,1553,1336
2115,21489300,1940,1722,1459,1742,1557,1337
2116,21499300,1952,1725,1456,1745,1559,1337
2117,21509300,1950,1717,1453,1749,1555,1337
2118,21519300,1955,1744,1456,1739,1548,1336
2119,21529300,1956,1723,1456,1746,1558,1332
2120,21539300,1953,1739,1454,1746,1554,1333
2121,21549300,1954,1725,1453,1741,1560,1340
2122,21559300,1941,1727,1450,1743,1553,1336
2123,21569299,1951,1715,1454,1747,1552,1337
2124,21579300,1947,1725,1453,1743,1556,1337
2125,21589300,1957,1713,1453,1746,1557,1336
2126,21599300,1947,1718,1464,1746,1553,1333
2127,21609300,1949,1714,1441,1743,1555,1335
2128,21619300,1954,1717,1449,1740,1555,1329
2129,21629300,1951,1728,1450,1745,1548,1332
2130,21639300,1950,1726,1456,1737,1553,1333
2131,21649300,1949,1719,1456,1749,1548,1334
2132,21659300,1943,1714,1454,1738,1553,1330
2133,21669300,1969,1720,1456,1745,1554,1330
2134,21679300,1951,1729,1456,1740,1553,1336
2135,21689300,1936,1737,1447,1743,1555,1337
2136,21699300,1968,1720,1451,1743,1557,1330
2137,21709300,1952,1718,1458,1745,1552,1333
2138,21719300,1943,1695,1455,1746,1557,1332
2139,21729300,1954,1715,1447,1746,1555,1333
2140,21739300,1951,1717,1456,1741,1574,1336
2141,21749300,1958,1719,1451,1746,1553,1337
2142,21759300,1952,1714,1455,1718,1550,1337
2143,21769300,1954,1725,1455,1744,1550,1336
2144,21779299,1954,1718,1454,1745,1556,1332
2145,21789300,1949,1715,1453,1742,1553,1333
2146,21799299,1950,1717,1448,1745,1553,1337
2147,21809300,1942,1723,1451,1740,1552,1339
2148,21819300,1952,1718,1437,1741,1557,1333
2149,21829300,1952,1701,1443,1743,1555,1337
2150,21839300,1947,1716,1447,1747,1553,1334
2151,21849300,1955,1716,1456,1745,1556,1337
2152,21859300,1949,1713,1442,1737,1558,1332
2153,21869300,1957,1723,1457,1745,1562,1333
2154,21879300,1952,1714,1450,1745,1559,1324
2155,21889300,1957,1717,1447,1743,1556,1337
2156,21899300,1951,1724,1444,1744,1553,1337
2157,21909300,1945,1718,1445,1745,1557,1332
2158,21919300,1955,1723,1456,1746,1557,1330
2159,21929300,1955,1719,1451,1745,1548,1340
2160,21939300,1953,1718,1445,1755,1556,1332
2161,21949300,1952,1721,1446,1745,1559,1337
2162,21959300,1962,1722,1445,1745,1573,1329
2163,21969300,1958,1730,1453,1749,1558,1337
2164,21979300,1956,1721,1456,1742,1553,1337
2165,21989300,1963,1722,1453,1745,1557,1332
2166,21999300,1956,1719,1455,1747,1564,1330
2167,22009300,1951,1730,1451,1730,1548,1337
2168,22019300,1953,1725,1446,1754,1549,1324
2169,22029300,1949,1722,1453,1741,1558,1328
2170,22039300,1959,1723,1449,1745,1557,1320
2171,22049300,1947,1718,1456,1745,1558,1341
2172,22059300,1949,1723,1453,1746,1556,1336
2173,22069300,1953,1713,1454,1743,1550,1335
2174,22079300,1947,1728,1452,1739,1556,1333
2175,22089300,1949,1722,1456,1747,1556,1333
2176,22099300,1939,1718,1453,1741,1553,1338
2177,22109300,1943,1725,1431,1744,1560,1330
2178,22119300,1953,1717,1455,1750,1553,1334
2179,22129300,1952,1715,1453,1750,1559,1332
2180,22139300,1951,1717,1456,1745,1548,1332
2181,22149300,1941,1721,1456,1741,1552,1336
2182,22159300,1952,1725,1442,1746,1553,1333
2183,22169300,1925,1701,1456,1745,1553,1332
2184,22179300,1949,1714,1449,1749,1549,1332
2185,22189300,1952,1714,1439,1747,1551,1337
2186,22199300,1954,1717,1469,1749,1562,1326
2187,22209300,1944,1723,1451,1743,1548,1336
2188,22219300,1950,1718,1456,1746,1559,1338
2189,22229299,1949,1726,1431,1758,1558,1336
2190,22239300,1943,1723,1456,1746,1548,1324
2191,22249300,1952,1719,1443,1746,1558,1332
2192,22259300,1947,1695,1455,1739,1559,1337
2193,22269300,1953,1715,1456,1746,1550,1333
2194,22279300,1950,1719,1452,1748,1553,1334
2195,22289300,1946,1718,1453,1746,1550,1338
2196,22299300,1947,1725,1450,1742,1552,1332
2197,22309300,1942,1717,1443,1747,1548,1335
2198,22319300,1943,1722,1450,1742,1560,1332
2199,22329300,1950,1716,1467,1740,1558,1334
2200,22339300,1958,1715,1450,1741,1549,1332
2201,22349300,1946,1715,1455,1744,1555,1331
2202,22359300,1946,1719,1454,1748,1526,1337
2203,22369300,1953,1717,1446,1741,1553,1339
2204,22379300,1952,1723,1445,1747,1532,1342
2205,22389300,1942,1712,1461,1742,1552,1336
2206,22399300,1951,1718,1450,1745,1550,1323
2207,22409300,1950,1719,1447,1748,1552,1327
2208,22419300,1965,1727,1445,1740,1557,1337
2209,22429300,1953,1738,1447,1727,1558,1330
2210,22439300,1945,1719,1450,1744,1553,1322
2211,22449300,1951,1712,1447,1742,1553,1340
2212,22459300,1940,1717,1451,1742,1556,1334
2213,22469300,1951,1728,1454,1741,1561,1336
2214,22479300,1953,1716,1453,1746,1552,1337
2215,22489300,1951,1722,1455,1741,1556,1332
2216,22499300,1949,1715,1453,1739,1550,1337
2217,22509300,1945,1718,1461,1743,1553,1334
2218,22519300,1955,1723,1451,1737,1553,1351
2219,22529300,1937,1715,1455,1742,1555,1330
2220,22539300,1952,1723,1450,1745,1552,1329
2221,22549300,1955,1722,1456,1746,1553,1351
2222,22559300,1965,1722,1450,1743,1554,1335
2223,22569300,1953,1723,1455,1754,1556,1337
2224,22579300,1959,1717,1456,1746,1557,1342
2225,22589300,1954,1715,1446,1741,1548,1332
2226,22599300,1956,1726,1463,1749,1553,1338
2227,22609300,1949,1725,1451,1742,1553,1335
2228,22619299,1952,1716,1450,1740,1553,1335
2229,22629300,1952,1716,1455,1747,1557,1337
2230,22639300,1951,1727,1454,1745,1553,1337
2231,22649300,1955,1701,1450,1752,1549,1335
2232,22659300,1949,1716,1453,1750,1558,1337
2233,22669300,1951,1725,1453,1745,1539,1328
2234,22679300,1952,1723,1449,1744,1555,1337
2235,22689300,1951,1714,1455,1741,1559,1329
2236,22699300,1949,1719,1453,1739,1556,1337
2237,22709300,1943,1723,1452,1745,1548,1333
2238,22719300,1955,1715,1450,1744,1557,1330
2239,22729300,1951,1720,1450,1742,1556,1332
2240,22739300,1955,1717,1450,1742,1533,1332
2241,22749300,1943,1719,1446,1744,1557,1334
2242,22759300,1951,1717,1431,1745,1556,1337
2243,22769300,1962,1718,1456,1744,1552,1335
2244,22779300,1949,1719,1447,1744,1553,1332
2245,22789300,1954,1724,1443,1742,1558,1337
2246,22799300,1950,1727,1451,1741,1557,1335
2247,22809300,1946,1694,1442,1757,1553,1337
2248,22819300,1946,1718,1456,1744,1557,1333
2249,22829299,1949,1723,1451,1744,1557,1337
2250,22839300,1977,1721,1456,1736,1557,1337
2251,22849300,1950,1727,1455,1741,1548,1328
2252,22859300,1947,1717,1445,1753,1548,1335
2253,22869300,1968,1719,1455,1739,1553,1335
2254,22879300,1946,1719,1446,1742,1560,1337
2255,22889300,1951,1722,1452,1747,1557,1338
2256,22899300,1951,1725,1452,1745,1552,1337
2257,22909300,1955,1724,1451,1746,1556,1333
2258,22919300,1947,1723,1450,1740,1557,1330
2259,22929300,1954,1728,1451,1739,1555,1363
2260,22939300,1967,1712,1456,1742,1557,1334
2261,22949300,1979,1716,1454,1741,1553,1336
2262,22959300,1954,1727,1455,1741,1551,1335
2263,22969300,1955,1721,1445,1731,1556,1336
2264,22979300,1947,1719,1449,1742,1563,1332
2265,22989300,1947,1715,1455,1737,1553,1337
2266,22999300,1940,1715,1443,1741,1563,1314
2267,23009300,1950,1721,1445,1750,1555,1332
2268,23019300,1951,1714,1436,1741,1566,1329
2269,23029300,1931,1712,1456,1745,1549,1337
2270,23039299,1946,1723,1449,1748,1533,1322
2271,23049300,1958,1719,1454,1741,1550,1337
2272,23059300,1950,1718,1446,1741,1558,1337
2273,23069300,1949,1719,1455,1752,1552,1336
2274,23079300,1949,1740,1453,1745,1552,1335
2275,23089300,1949,1719,1447,1741,1553,1332
2276,23099300,1953,1715,1455,1745,1553,1335
2277,23109299,1963,1732,1453,1741,1559,1328
2278,23119300,1947,1712,1453,1740,1557,1337
2279,23129300,1959,1722,1451,1749,1551,1328
2280,23139300,1951,1719,1454,1744,1557,1328
2281,23149300,1951,1724,1443,1744,1552,1336
2282,23159300,1963,1700,1455,1741,1555,1336
2283,23169300,1953,1718,1447,1742,1554,1333
2284,23179300,1954,1725,1446,1742,1548,1330
2285,23189300,1959,1727,1453,1718,1555,1328
2286,23199300,1949,1723,1453,1736,1553,1338
2287,23209300,1950,1712,1456,1750,1560,1334
2288,23219300,1952,1712,1450,1747,1550,1337
2289,23229300,1952,1712,1454,1752,1557,1329
2290,23239300,1953,1719,1450,1745,1555,1337
2291,23249300,1957,1717,1451,1742,1550,1331
2292,23259300,1943,1721,1450,1737,1556,1309
2293,23269300,1950,1739,1449,1742,1557,1328
2294,23279300,1947,1712,1451,1747,1555,1332
2295,23289300,1958,1723,1457,1745,1550,1334
2296,23299300,1951,1719,1449,1745,1556,1335
2297,23309300,1953,1719,1453,1746,1557,1334
2298,23319300,1963,1717,1447,1743,1553,1330
2299,23329300,1954,1722,1443,1742,1548,1337
2300,23339300,1956,1714,1454,1740,1564,1346
2301,23349300,1949,1715,1454,1744,1553,1336
2302,23359300,1955,1718,1441,1750,1555,1325
2303,23369300,1946,1725,1455,1750,1553,1335
2304,23379300,1949,1719,1456,1741,1549,1337
2305,23389300,1961,1722,1456,1756,1557,1336
2306,23399300,1948,1717,1456,1741,1556,1335
2307,23409300,1951,1717,1451,1745,1553,1332
2308,23419300,1947,1728,1439,1732,1552,1333
2309,23429300,1955,1715,1447,1737,1550,1332
2310,23439300,1947,1715,1462,1741,1551,1337
2311,23449300,1941,1713,1424,1741,1552,1329
2312,23459300,1969,1716,1452,1743,1555,1361
2313,23469300,1953,1719,1421,1742,1558,1329
2314,23479300,1959,1707,1453,1745,1548,1337
2315,23489300,1948,1725,1446,1741,1552,1323
2316,23499300,1947,1723,1455,1741,1556,1337
2317,23509300,1951,1714,1448,1743,1549,1333
2318,23519300,1951,1719,1448,1745,1560,1337
2319,23529300,1953,1722,1433,1745,1551,1330
2320,23539300,1925,1716,1449,1740,1552,1336
2321,23549299,1955,1723,1445,1741,1575,1323
2322,23559300,1953,1714,1473,1746,1548,1332
2323,23569300,1955,1703,1447,1750,1560,1333
2324,23579300,1951,1719,1456,1741,1548,1328
2325,23589300,1955,1721,1456,1742,1565,1332
2326,23599300,1947,1723,1451,1742,1549,1333
2327,23609300,1951,1717,1455,1745,1562,1337
2328,23619300,1950,1725,1446,1749,1553,1337
2329,23629300,1946,1719,1446,1741,1554,1335
2330,23639300,1954,1715,1449,1742,1553,1336
2331,23649300,1943,1724,1447,1745,1558,1330
2332,23659300,1947,1717,1451,1741,1553,1333
2333,23669300,1945,1717,1455,1749,1556,1338
2334,23679300,1945,1715,1443,1735,1553,1332
2335,23689300,1951,1721,1454,1747,1556,1334
2336,23699300,1946,1718,1456,1762,1560,1337
2337,23709300,1950,1717,1455,1740,1553,1332
2338,23719300,1949,1721,1451,1744,1553,1352
2339,23729300,1949,1723,1453,1743,1557,1337
2340,23739300,1949,1721,1452,1744,1563,1333
2341,23749300,1953,1711,1453,1736,1562,1337
2342,23759300,1951,1712,1454,1736,1558,1333
2343,23769300,1949,1726,1458,1745,1550,1323
2344,23779300,1949,1717,1445,1742,1551,1329
2345,23789300,1949,1714,1446,1766,1556,1335
2346,23799300,1956,1725,1455,1747,1555,1327
2347,23809300,1951,1716,1450,1742,1560,1328
2348,23819300,1923,1707,1456,1749,1550,1328
2349,23829300,1952,1717,1455,1744,1550,1337
2350,23839300,1946,1718,1455,1744,1557,1335
2351,23849300,1953,1724,1456,1745,1553,1334
2352,23859300,1946,1719,1451,1739,1560,1330
2353,23869300,1949,1735,1455,1743,1561,1335
2354,23879300,1950,1712,1456,1749,1548,1329
2355,23889300,1954,1722,1454,1745,1560,1351
2356,23899300,1951,1722,1453,1744,1552,1332
2357,23909299,1947,1719,1455,1743,1554,1329
2358,23919300,1943,1723,1453,1744,1549,1346
2359,23929300,1947,1719,1450,1742,1552,1327
2360,23939300,1950,1728,1455,1743,1553,1328
2361,23949300,1950,1712,1453,1741,1549,1339
2362,23959300,1958,1717,1455,1745,1552,1337
2363,23969300,1952,1720,1431,1741,1556,1336
2364,23979300,1953,1721,1453,1742,1552,1332
2365,23989300,1951,1721,1455,1750,1553,1337
2366,23999300,1957,1722,1453,1740,1557,1337
2367,24009300,1947,1718,1454,1738,1548,1332
2368,24019301,1951,1716,1457,1745,1559,1340
2369,24029300,1947,1714,1451,1743,1553,1331
2370,24039300,1955,1725,1453,1745,1555,1337
2371,24049300,1950,1726,1449,1737,1556,1337
2372,24059300,1955,1717,1453,1745,1561,1336
2373,24069300,1949,1719,1452,1749,1555,1327
2374,24079300,1957,1723,1456,1742,1552,1337
2375,24089300,1954,1712,1454,1749,1553,1337
2376,24099300,1952,1719,1456,1739,1560,1334
2377,24109300,1948,1717,1451,1744,1556,1335
2378,24119300,1954,1723,1453,1747,1561,1330
2379,24129300,1951,1719,1447,1745,1559,1336
2380,24139300,1954,1721,1443,1745,1548,1332
2381,24149300,1953,1725,1456,1741,1559,1335
2382,24159300,1954,1719,1450,1743,1556,1333
2383,24169300,1945,1726,1446,1745,1549,1337
2384,24179300,1949,1722,1445,1736,1553,1333
2385,24189300,1953,1723,1445,1741,1553,1328
2386,24199300,1953,1717,1456,1742,1557,1333
2387,24209300,1957,1722,1450,1750,1558,1333
2388,24219299,1978,1723,1457,1746,1553,1333
2389,24229300,1947,1718,1454,1731,1555,1337
2390,24239300,1954,1722,1467,1742,1559,1325
2391,24249300,1950,1723,1447,1737,1553,1329
2392,24259300,1948,1715,1450,1746,1553,1333
2393,24269300,1952,1725,1457,1746,1557,1334
2394,24279300,1961,1719,1453,1737,1553,1330
2395,24289300,1950,1722,1454,1742,1560,1333
2396,24299300,1955,1721,1456,1752,1556,1330
2397,24309300,1950,1716,1451,1750,1557,1337
2398,24319300,1955,1728,1456,1742,1560,1338
2399,24329300,1941,1728,1450,1741,1560,1337
2400,24339300,1941,1712,1456,1740,1557,1337
2401,24349300,1958,1719,1453,1744,1549,1356
2402,24359300,1952,1718,1456,1744,1552,1337
2403,24369300,1949,1719,1451,1742,1553,1336
2404,24379300,1951,1713,1447,1743,1551,1337
2405,24389300,1948,1722,1456,1755,1560,1332
2406,24399300,1946,1722,1452,1742,1562,1337
2407,24409300,1956,1712,1456,1737,1556,1337
2408,24419300,1943,1735,1456,1731,1551,1338
2409,24429300,1954,1722,1455,1741,1549,1307
2410,24439299,1949,1714,1449,1736,1550,1332
2411,24449300,1965,1713,1453,1727,1553,1334
2412,24459300,1948,1715,1453,1762,1556,1333
2413,24469300,1953,1719,1446,1746,1557,1335
2414,24479301,1951,1725,1450,1744,1549,1337
2415,24489300,1950,1719,1446,1736,1549,1330
2416,24499300,1951,1723,1453,1745,1549,1330
2417,24509300,1949,1712,1451,1743,1553,1330
2418,24519300,1951,1715,1458,1743,1552,1336
2419,24529300,1968,1712,1454,1750,1553,1337
2420,24539300,1939,1721,1449,1736,1558,1333
2421,24549300,1951,1716,1442,1741,1569,1303
2422,24559300,1957,1723,1455,1731,1554,1335
2423,24569300,1951,1715,1456,1736,1560,1332
2424,24579300,1951,1728,1449,1748,1557,1337
2425,24589300,1954,1721,1455,1744,1552,1330
2426,24599300,1953,1721,1455,1739,1553,1328
2427,24609300,1955,1725,1455,1745,1555,1333
2428,24619300,1953,1719,1452,1745,1549,1336
2429,24629299,1949,1719,1453,1745,1555,1337
2430,24639300,1952,1721,1453,1745,1553,1337
2431,24649300,1953,1721,1445,1742,1555,1332
2432,24659300,1945,1717,1455,1736,1555,1333
2433,24669299,1956,1721,1449,1741,1557,1334
2434,24679300,1947,1697,1456,1754,1548,1323
2435,24689300,1952,1717,1452,1741,1555,1336
2436,24699300,1953,1725,1454,1745,1550,1337
2437,24709300,1948,1710,1455,1745,1558,1339
2438,24719300,1950,1724,1455,1740,1557,1337
2439,24729300,1952,1723,1456,1749,1557,1328
2440,24739300,1948,1718,1453,1741,1558,1328
2441,24749300,1947,1721,1453,1743,1557,1337
2442,24759300,1952,1712,1465,1745,1553,1343
2443,24769300,1956,1727,1474,1750,1549,1335
2444,24779300,1953,1727,1451,1743,1553,1333
2445,24789300,1951,1722,1456,1744,1553,1335
2446,24799301,1936,1715,1456,1749,1553,1337
2447,24809300,1953,1723,1456,1745,1553,1337
2448,24819300,1951,1718,1451,1739,1563,1329
2449,24829300,1937,1727,1454,1742,1556,1337
2450,24839300,1952,1715,1450,1745,1549,1337
2451,24849300,1950,1726,1461,1747,1556,1333
2452,24859300,1951,1723,1456,1736,1550,1340
2453,24869300,1946,1719,1456,1742,1552,1337
2454,24879300,1963,1728,1451,1746,1556,1337
2455,24889300,1963,1715,1455,1742,1557,1333
2456,24899300,1954,1723,1456,1741,1549,1336
2457,24909300,1949,1714,1456,1743,1558,1338
2458,24919300,1953,1721,1457,1744,1557,1337
2459,24929300,1950,1717,1424,1740,1550,1327
2460,24939300,1943,1721,1451,1741,1555,1353
2461,24949300,1951,1722,1457,1746,1555,1333
2462,24959300,1969,1718,1447,1739,1548,1332
2463,24969300,1961,1712,1456,1757,1553,1338
2464,24979300,1955,1726,1450,1740,1555,1336
2465,24989300,1950,1718,1458,1742,1552,1333
2466,24999300,1950,1720,1456,1741,1556,1336
2467,25009300,1946,1718,1461,1742,1557,1335
2468,25019300,1943,1719,1455,1739,1562,1337
2469,25029300,1953,1717,1454,1734,1556,1337
2470,25039300,1954,1721,1451,1742,1558,1337
2471,25049300,1950,1719,1447,1750,1552,1364
2472,25059300,1950,1726,1469,1747,1548,1336
2473,25069300,1953,1719,1453,1744,1552,1332
2474,25079300,1951,1725,1451,1746,1553,1335
2475,25089300,1955,1721,1454,1733,1553,1335
2476,25099300,1951,1725,1453,1744,1557,1332
2477,25109300,1949,1722,1437,1741,1550,1335
2478,25119300,1947,1714,1451,1744,1552,1331
2479,25129300,1949,1725,1461,1747,1569,1333
2480,25139300,1947,1714,1444,1745,1552,1329
2481,25149300,1950,1723,1446,1736,1548,1313
2482,25159300,1949,1721,1456,1719,1554,1332
2483,25169300,1947,1718,1456,1740,1561,1337
2484,25179300,1950,1723,1453,1737,1548,1346
2485,25189300,1953,1717,1456,1745,1552,1337
2486,25199300,1957,1725,1455,1745,1557,1334
2487,25209300,1952,1728,1446,1746,1557,1332
2488,25219300,1954,1727,1451,1745,1552,1337
2489,25229300,1959,1717,1450,1740,1557,1334
2490,25239300,1953,1723,1450,1744,1558,1330
2491,25249300,1951,1721,1456,1745,1559,1333
2492,25259300,1931,1719,1453,1745,1559,1337
2493,25269300,1950,1719,1450,1747,1555,1337
2494,25279300,1950,1715,1455,1740,1561,1332
2495,25289300,1949,1718,1456,1745,1556,1334
2496,25299300,1958,1712,1454,1740,1553,1333
2497,25309300,1951,1723,1443,1744,1553,1328
2498,25319300,1947,1728,1455,1743,1548,1333
2499,25329299,1946,1722,1450,1743,1557,1339
2500,25339300,1955,1723,1451,1744,1558,1337
2501,25349300,1945,1716,1442,1745,1550,1337
2502,25359300,1953,1723,1450,1741,1555,1332
2503,25369300,1950,1728,1450,1742,1547,1337
2504,25379300,1953,1722,1454,1750,1557,1337
2505,25389301,1947,1721,1453,1740,1557,1335
2506,25399300,1953,1721,1452,1741,1552,1337
2507,25409300,1941,1718,1445,1745,1556,1332
2508,25419300,1946,1715,1447,1740,1548,1337
2509,25429300,1964,1716,1447,1741,1559,1336
2510,25439300,1951,1715,1453,1744,1559,1320
2511,25449300,1955,1717,1456,1745,1559,1340
2512,25459300,1968,1721,1445,1740,1548,1333
2513,25469300,1946,1722,1455,1739,1548,1329
2514,25479300,1940,1721,1450,1743,1552,1330
2515,25489300,1952,1723,1454,1743,1553,1337
2516,25499300,1940,1722,1449,1745,1558,1334
2517,25509300,1953,1740,1446,1758,1557,1338
2518,25519300,1955,1723,1445,1745,1559,1332
2519,25529300,1955,1711,1450,1744,1557,1337
2520,25539300,1955,1711,1451,1745,1563,1333
2521,25549300,1983,1722,1447,1750,1555,1336
2522,25559300,1940,1723,1456,1741,1553,1337
2523,25569300,1945,1715,1456,1741,1556,1332
2524,25579300,1953,1714,1462,1744,1559,1335
2525,25589300,1956,1719,1444,1736,1557,1333
2526,25599300,1947,1722,1456,1745,1553,1335
2527,25609300,1943,1721,1445,1741,1556,1337
2528,25619300,1922,1721,1446,1742,1548,1330
2529,25629300,1947,1725,1456,1745,1553,1333
2530,25639300,1936,1721,1456,1744,1555,1335
2531,25649299,1938,1725,1453,1744,1556,1336
2532,25659300,1954,1719,1456,1737,1553,1341
2533,25669300,1929,1717,1453,1745,1553,1337
2534,25679300,1953,1719,1453,1744,1548,1320
2535,25689300,1953,1721,1451,1740,1553,1337
2536,25699300,1963,1722,1453,1746,1551,1334
2537,25709300,1972,1714,1453,1743,1553,1332
2538,25719300,1950,1723,1431,1747,1549,1337
2539,25729300,1949,1725,1455,1745,1553,1333
2540,25739300,1967,1710,1450,1750,1552,1333
2541,25749300,1952,1714,1453,1742,1548,1335
2542,25759300,1952,1725,1444,1736,1558,1340
2543,25769300,1951,1720,1443,1745,1553,1333
2544,25779300,1966,1712,1452,1754,1556,1337
2545,25789300,1947,1725,1450,1747,1553,1329
2546,25799300,1949,1719,1454,1742,1552,1337
2547,25809300,1954,1727,1454,1749,1550,1333
2548,25819300,1951,1717,1449,1745,1553,1328
2549,25829300,1947,1706,1455,1745,1557,1337
2550,25839300,1949,1711,1442,1740,1548,1332
2551,25849300,1953,1727,1456,1721,1562,1333
2552,25859300,1947,1725,1443,1742,1553,1334
2553,25869300,1949,1721,1454,1746,1555,1337
2554,25879300,1954,1715,1449,1747,1556,1337
2555,25889300,1953,1721,1456,1744,1550,1336
2556,25899300,1953,1721,1454,1745,1551,1330
2557,25909300,1950,1718,1456,1744,1548,1328
2558,25919300,1965,1713,1452,1742,1548,1335
2559,25929300,1950,1714,1454,1727,1553,1335
2560,25939300,1951,1714,1447,1749,1555,1331
2561,25949300,1949,1724,1456,1744,1553,1332
2562,25959300,1951,1720,1445,1744,1550,1335
2563,25969300,1951,1713,1457,1741,1557,1337
2564,25979300,1941,1717,1447,1731,1551,1332
2565,25989300,1950,1721,1453,1737,1557,1335
2566,25999300,1943,1727,1442,1744,1548,1330
2567,26009300,1951,1719,1450,1744,1548,1329
2568,26019300,1950,1722,1455,1743,1555,1326
2569,26029300,1947,1725,1453,1735,1549,1337
2570,26039300,1952,1722,1453,1744,1548,1333
2571,26049300,1946,1715,1448,1744,1557,1335
2572,26059300,1943,1702,1456,1746,1558,1324
2573,26069300,1950,1718,1455,1742,1557,1336
2574,26079300,1947,1724,1453,1740,1559,1335
2575,26089300,1951,1715,1453,1745,1552,1338
2576,26099300,1953,1719,1447,1743,1553,1340
2577,26109300,1943,1721,1442,1742,1553,1332
2578,26119300,1946,1727,1453,1748,1565,1337
2579,26129300,1952,1718,1456,1744,1556,1337
2580,26139300,1943,1715,1455,1745,1560,1332
2581,26149300,1947,1721,1461,1744,1557,1337
2582,26159300,1951,1715,1456,1743,1545,1337
2583,26169300,1949,1725,1443,1745,1530,1336
2584,26179300,1947,1719,1455,1740,1552,1342
2585,26189300,1959,1719,1456,1744,1553,1337
2586,26199300,1947,1722,1447,1746,1556,1342
2587,26209300,1948,1716,1423,1755,1548,1332
2588,26219300,1949,1718,1450,1749,1548,1335
2589,26229300,1956,1723,1455,1744,1558,1330
2590,26239300,1951,1715,1455,1743,1553,1337
2591,26249300,1925,1721,1456,1745,1553,1337
2592,26259300,1949,1719,1425,1745,1553,1330
2593,26269300,1955,1715,1450,1742,1552,1333
2594,26279300,1943,1717,1455,1742,1555,1338
2595,26289300,1951,1723,1453,1741,1558,1319
2596,26299300,1949,1728,1453,1748,1553,1329
2597,26309299,1934,1728,1454,1741,1552,1337
2598,26319300,1943,1721,1455,1742,1565,1330
2599,26329300,1951,1723,1443,1743,1560,1337
2600,26339300,1951,1723,1461,1746,1557,1337
2601,26349300,1951,1722,1467,1743,1559,1345
2602,26359300,1950,1712,1445,1748,1553,1335
2603,26369300,1949,1719,1455,1744,1563,1338
2604,26379300,1951,1719,1447,1743,1553,1337
2605,26389300,1954,1719,1447,1743,1556,1337
2606,26399300,1954,1719,1456,1742,1543,1337
2607,26409300,1953,1719,1456,1744,1553,1338
2608,26419300,1951,1722,1454,1745,1553,1328
2609,26429300,1951,1725,1455,1744,1556,1337
2610,26439300,1949,1712,1451,1739,1548,1348
2611,26449300,1956,1732,1454,1736,1556,1336
2612,26459300,1949,1722,1456,1745,1557,1310
2613,26469300,1950,1723,1456,1760,1556,1337
2614,26479300,1951,1718,1454,1744,1557,1328
2615,26489300,1951,1721,1449,1746,1571,1346
2616,26499300,1929,1703,1462,1745,1553,1330
2617,26509300,1950,1718,1449,1745,1551,1333
2618,26519300,1953,1720,1456,1741,1553,1337
2619,26529300,1951,1723,1455,1746,1544,1337
2620,26539300,1953,1717,1455,1745,1556,1337
2621,26549300,1953,1717,1452,1750,1562,1331
2622,26559300,1954,1718,1458,1741,1559,1336
2623,26569300,1959,1722,1459,1742,1555,1337
2624,26579300,1954,1712,1456,1747,1548,1340
2625,26589300,1957,1719,1455,1745,1555,1333
2626,26599300,1955,1712,1455,1745,1560,1337
2627,26609300,1943,1715,1456,1740,1557,1338
2628,26619299,1950,1723,1449,1753,1549,1336
2629,26629300,1945,1734,1451,1747,1548,1328
2630,26639300,1946,1721,1455,1742,1557,1340
2631,26649299,1954,1713,1455,1746,1552,1332
2632,26659300,1952,1719,1457,1746,1556,1335
2633,26669300,1951,1712,1449,1750,1562,1343
2634,26679300,1951,1725,1453,1749,1552,1335
2635,26689300,1980,1715,1456,1745,1548,1333
2636,26699300,1949,1713,1454,1748,1559,1337
2637,26709300,1949,1722,1450,1736,1552,1333
2638,26719300,1954,1728,1456,1755,1553,1350
2639,26729300,1968,1716,1445,1745,1555,1333
2640,26739300,1941,1722,1456,1744,1553,1336
2641,26749300,1943,1723,1450,1745,1557,1332
2642,26759300,1953,1715,1456,1743,1560,1337
2643,26769300,1951,1721,1451,1747,1552,1364
2644,26779300,1949,1726,1454,1745,1557,1333
2645,26789300,1943,1718,1449,1743,1560,1337
2646,26799300,1956,1723,1456,1742,1557,1332
2647,26809300,1954,1703,1450,1736,1556,1337
2648,26819300,1966,1718,1442,1741,1550,1332
2649,26829300,1953,1717,1446,1745,1555,1337
2650,26839300,1949,1726,1447,1742,1556,1335
2651,26849300,1956,1725,1456,1745,1553,1335
2652,26859300,1954,1725,1445,1744,1553,1336
2653,26869300,1950,1725,1455,1744,1549,1332
2654,26879300,1954,1715,1455,1745,1553,1335
2655,26889300,1942,1719,1451,1737,1560,1337
2656,26899300,1950,1723,1449,1723,1555,1335
2657,26909300,1950,1718,1456,1749,1549,1332
2658,26919300,1959,1717,1451,1750,1573,1343
2659,26929300,1943,1715,1456,1744,1562,1338
2660,26939300,1947,1716,1456,1742,1556,1337
2661,26949300,1942,1725,1451,1754,1555,1335
2662,26959300,1949,1715,1447,1745,1557,1335
2663,26969300,1953,1712,1456,1745,1557,1342
2664,26979300,1942,1717,1463,1750,1561,1342
2665,26989300,1950,1717,1452,1749,1556,1337
2666,26999300,1954,1714,1453,1758,1558,1336
2667,27009299,1955,1710,1442,1744,1552,1336
2668,27019300,1957,1722,1461,1731,1561,1337
2669,27029300,1952,1719,1453,1749,1555,1337
2670,27039300,1952,1721,1454,1744,1569,1328
2671,27049299,1961,1717,1456,1742,1561,1337
2672,27059300,1953,1715,1454,1745,1564,1337
2673,27069300,1957,1725,1453,1748,1553,1339
2674,27079300,1952,1719,1456,1742,1560,1337
2675,27089300,1946,1723,1486,1745,1561,1337
2676,27099300,1936,1723,1446,1744,1549,1337
2677,27109300,1959,1724,1447,1745,1562,1332
2678,27119300,1949,1712,1445,1743,1557,1332
2679,27129300,1947,1716,1449,1749,1553,1330
2680,27139300,1950,1715,1451,1747,1552,1327
2681,27149300,1952,1723,1459,1723,1553,1345
2682,27159300,1952,1712,1450,1745,1557,1337
2683,27169300,1951,1712,1453,1744,1559,1334
2684,27179300,1957,1713,1454,1740,1549,1335
2685,27189300,1952,1714,1455,1742,1552,1336
2686,27199300,1955,1725,1456,1744,1553,1329
2687,27209300,1947,1710,1454,1756,1555,1331
2688,27219300,1941,1717,1454,1745,1553,1328
2689,27229300,1954,1717,1454,1745,1559,1336
2690,27239300,1938,1715,1456,1744,1553,1336
2691,27249300,1938,1721,1451,1754,1557,1332
2692,27259300,1953,1719,1459,1744,1554,1335
2693,27269300,1955,1734,1454,1744,1548,1335
2694,27279300,1946,1719,1451,1743,1562,1337
2695,27289300,1945,1717,1444,1742,1556,1334
2696,27299300,1947,1721,1454,1745,1549,1336
2697,27309300,1954,1717,1446,1748,1553,1328
2698,27319299,1968,1727,1455,1745,1548,1337
2699,27329300,1953,1723,1450,1745,1560,1333
2700,27339300,1951,1719,1453,1741,1555,1329
2701,27349300,1953,1719,1454,1749,1561,1336
2702,27359300,1949,1720,1456,1745,1558,1333
2703,27369300,1950,1726,1456,1739,1551,1332
2704,27379300,1950,1719,1442,1740,1553,1337
2705,27389300,1955,1712,1455,1745,1553,1355
2706,27399299,1943,1721,1454,1742,1557,1333
2707,27409300,1966,1717,1451,1733,1551,1332
2708,27419300,1951,1721,1456,1747,1548,1340
2709,27429300,1951,1725,1449,1750,1556,1333
2710,27439300,1951,1730,1457,1740,1555,1337
2711,27449300,1951,1719,1450,1750,1553,1337
2712,27459300,1953,1725,1456,1736,1557,1326
2713,27469299,1951,1727,1453,1731,1569,1330
2714,27479300,1949,1715,1446,1744,1565,1330
2715,27489300,1949,1723,1467,1745,1566,1337
2716,27499300,1953,1707,1455,1745,1557,1330
2717,27509300,1951,1723,1457,1747,1553,1342
2718,27519300,1946,1719,1456,1744,1560,1337
2719,27529300,1954,1726,1452,1741,1553,1337
2720,27539300,1962,1725,1452,1746,1558,1337
2721,27549300,1950,1721,1451,1745,1550,1319
2722,27559300,1957,1725,1455,1749,1557,1329
2723,27569300,1945,1723,1449,1743,1548,1332
2724,27579300,1941,1716,1445,1745,1556,1337
2725,27589300,1954,1722,1456,1742,1550,1337
2726,27599300,1954,1725,1445,1747,1557,1333
2727,27609300,1947,1723,1443,1745,1553,1337
2728,27619300,1954,1721,1453,1743,1558,1336
2729,27629300,1941,1718,1459,1741,1557,1337
2730,27639300,1949,1729,1456,1736,1553,1330
2731,27649300,1945,1724,1452,1740,1553,1352
2732,27659300,1945,1717,1465,1742,1556,1337
2733,27669300,1950,1726,1458,1742,1557,1328
2734,27679300,1953,1724,1455,1743,1557,1337
2735,27689300,1962,1728,1446,1758,1553,1337
2736,27699300,1955,1723,1454,1747,1563,1337
2737,27709300,1951,1717,1455,1749,1552,1334
2738,27719300,1945,1719,1467,1747,1553,1332
2739,27729300,1945,1718,1455,1741,1562,1328
2740,27739300,1951,1716,1447,1749,1556,1332
2741,27749300,1952,1718,1450,1746,1553,1311
2742,27759300,1952,1714,1450,1744,1562,1333
2743,27769300,1944,1715,1443,1743,1552,1330
2744,27779300,1949,1715,1456,1743,1553,1337
2745,27789300,1968,1724,1452,1747,1553,1340
2746,27799299,1942,1715,1453,1741,1552,1333
2747,27809300,1950,1724,1452,1745,1553,1310
2748,27819300,1949,1747,1455,1743,1556,1337
2749,27829300,1946,1712,1451,1746,1551,1348
2750,27839300,1954,1725,1453,1745,1544,1340
2751,27849300,1949,1722,1451,1753,1563,1330
2752,27859300,1956,1719,1454,1745,1562,1340
2753,27869300,1950,1722,1447,1744,1557,1337
2754,27879300,1952,1722,1455,1744,1552,1338
2755,27889300,1949,1719,1453,1746,1553,1335
2756,27899300,1951,1718,1450,1743,1552,1333
2757,27909300,1951,1726,1450,1745,1527,1335
2758,27919300,1951,1715,1447,1745,1557,1332
2759,27929300,1952,1713,1449,1745,1554,1333
2760,27939300,1953,1726,1455,1745,1550,1337
2761,27949300,1947,1719,1450,1745,1553,1337
2762,27959300,1953,1706,1451,1749,1548,1333
2763,27969300,1947,1717,1456,1737,1554,1336
2764,27979300,1957,1715,1456,1745,1557,1335
2765,27989300,1951,1721,1456,1744,1555,1335
2766,27999300,1950,1722,1457,1745,1544,1322
2767,28009300,1961,1721,1456,1742,1558,1337
2768,28019300,1950,1719,1455,1743,1565,1337
2769,28029300,1936,1712,1451,1747,1553,1332
2770,28039300,1953,1720,1443,1743,1557,1335
2771,28049300,1952,1719,1456,1739,1553,1350
2772,28059300,1953,1722,1442,1739,1553,1337
2773,28069300,1955,1720,1456,1749,1552,1342
2774,28079300,1956,1727,1456,1745,1551,1337
2775,28089300,1947,1715,1451,1740,1556,1336
2776,28099300,1957,1721,1454,1746,1553,1337
2777,28109300,1947,1723,1455,1744,1552,1337
2778,28119300,1954,1719,1437,1746,1550,1333
2779,28129300,1954,1715,1456,1745,1552,1331
2780,28139301,1951,1721,1456,1737,1557,1337
2781,28149300,1951,1723,1450,1741,1562,1341
2782,28159300,1954,1722,1456,1743,1548,1320
2783,28169300,1947,1725,1463,1742,1556,1337
2784,28179300,1946,1724,1456,1750,1555,1336
2785,28189300,1954,1721,1457,1741,1562,1334
2786,28199300,1947,1721,1453,1745,1554,1336
2787,28209300,1947,1724,1454,1743,1557,1337
2788,28219300,1945,1722,1456,1744,1553,1337
2789,28229300,1951,1722,1455,1740,1558,1337
2790,28239300,1950,1727,1455,1741,1553,1333
2791,28249300,1953,1718,1445,1742,1556,1332
2792,28259300,1952,1722,1451,1743,1558,1329
2793,28269300,1949,1726,1456,1749,1558,1336
2794,28279300,1943,1720,1455,1742,1561,1336
2795,28289300,1944,1723,1456,1762,1555,1329
2796,28299300,1974,1718,1447,1741,1560,1342
2797,28309300,1964,1715,1441,1742,1548,1333
2798,28319300,1957,1735,1447,1740,1559,1328
2799,28329300,1947,1713,1456,1739,1553,1330
2800,28339300,1950,1722,1449,1737,1540,1337
2801,28349300,1956,1728,1449,1741,1557,1334
2802,28359300,1956,1719,1462,1747,1551,1333
2803,28369300,1950,1713,1450,1745,1559,1328
2804,28379300,1942,1718,1453,1747,1557,1337
2805,28389300,1951,1717,1456,1756,1560,1332
2806,28399300,1947,1712,1449,1741,1569,1328
2807,28409300,1957,1715,1445,1744,1556,1324
2808,28419300,1946,1718,1455,1745,1552,1337
2809,28429300,1952,1728,1454,1741,1557,1337
2810,28439300,1946,1722,1470,1744,1552,1332
2811,28449300,1961,1729,1452,1744,1546,1328
2812,28459300,1950,1718,1451,1747,1548,1335
2813,28469300,1953,1717,1454,1743,1553,1337
2814,28479300,1947,1723,1450,1749,1561,1335
2815,28489300,1950,1717,1455,1743,1559,1337
2816,28499300,1953,1726,1444,1749,1553,1333
2817,28509300,1953,1725,1424,1734,1550,1334
2818,28519300,1954,1726,1451,1759,1560,1337
2819,28529300,1943,1712,1461,1727,1548,1330
2820,28539300,1950,1725,1451,1741,1559,1335
2821,28549300,1951,1717,1449,1744,1548,1337
2822,28559300,1949,1717,1456,1737,1548,1327
2823,28569300,1958,1724,1455,1752,1557,1329
2824,28579300,1945,1701,1456,1732,1557,1326
2825,28589300,1949,1719,1451,1737,1559,1335
2826,28599300,1951,1727,1454,1744,1551,1333
2827,28609300,1954,1717,1456,1746,1553,1333
2828,28619300,1953,1715,1453,1744,1553,1330
2829,28629300,1953,1721,1449,1739,1552,1334
2830,28639300,1951,1696,1453,1744,1553,1324
2831,28649300,1946,1719,1453,1737,1548,1336
2832,28659300,1942,1730,1459,1742,1553,1327
2833,28669300,1949,1723,1446,1742,1559,1337
2834,28679300,1947,1729,1445,1744,1553,1338
2835,28689300,1951,1712,1456,1743,1553,1328
2836,28699300,1951,1717,1455,1745,1554,1337
2837,28709300,1952,1718,1451,1747,1550,1338
2838,28719300,1953,1718,1443,1749,1557,1341
2839,28729300,1970,1717,1456,1740,1553,1337
2840,28739300,1952,1717,1451,1760,1553,1336
2841,28749300,1949,1723,1456,1752,1559,1336
2842,28759300,1943,1719,1444,1745,1553,1330
2843,28769300,1946,1723,1454,1739,1552,1336
2844,28779300,1952,1718,1439,1748,1551,1362
2845,28789300,1949,1717,1452,1746,1557,1333
2846,28799300,1951,1718,1445,1743,1548,1337
2847,28809301,1953,1722,1456,1739,1557,1342
2848,28819300,1950,1718,1445,1744,1553,1340
2849,28829300,1952,1697,1454,1743,1553,1333
2850,28839300,1951,1725,1468,1742,1557,1332
2851,28849300,1951,1710,1447,1738,1554,1328
2852,28859300,1954,1724,1430,1745,1560,1323
2853,28869300,1951,1719,1445,1746,1553,1334
2854,28879300,1952,1712,1422,1745,1559,1336
2855,28889300,1946,1725,1465,1744,1556,1337
2856,28899300,1957,1722,1450,1744,1562,1348
2857,28909300,1961,1722,1454,1740,1559,1324
2858,28919300,1953,1722,1451,1737,1543,1330
2859,28929300,1947,1718,1451,1737,1555,1333
2860,28939300,1949,1710,1449,1743,1551,1335
2861,28949300,1949,1718,1446,1741,1551,1334
2862,28959300,1951,1719,1450,1747,1566,1328
2863,28969300,1949,1723,1451,1745,1555,1336
2864,28979300,1949,1724,1456,1742,1549,1333
2865,28989300,1953,1718,1437,1746,1552,1337
2866,28999300,1949,1712,1455,1737,1550,1332
2867,29009300,1951,1716,1456,1744,1548,1332
2868,29019300,1949,1719,1438,1745,1550,1317
2869,29029300,1955,1721,1454,1749,1562,1333
2870,29039300,1950,1725,1451,1744,1553,1333
2871,29049300,1957,1723,1455,1739,1548,1333
2872,29059300,1948,1697,1452,1741,1558,1337
2873,29069300,1949,1715,1454,1759,1559,1325
2874,29079300,1936,1716,1451,1739,1553,1337
2875,29089300,1950,1718,1451,1745,1558,1325
2876,29099300,1949,1719,1454,1736,1550,1350
2877,29109300,1947,1725,1452,1747,1557,1332
2878,29119300,1951,1715,1447,1742,1561,1335
2879,29129299,1953,1715,1455,1749,1529,1340
2880,29139300,1955,1719,1433,1739,1563,1348
2881,29149300,1969,1734,1455,1741,1556,1336
2882,29159300,1943,1725,1456,1743,1553,1328
2883,29169300,1952,1718,1456,1745,1550,1329
2884,29179300,1951,1714,1450,1744,1556,1330
2885,29189300,1953,1729,1466,1745,1560,1337
2886,29199300,1949,1723,1453,1744,1539,1337
2887,29209300,1955,1713,1455,1748,1553,1336
2888,29219300,1951,1723,1453,1744,1561,1365
2889,29229300,1949,1727,1460,1745,1555,1335
2890,29239300,1950,1719,1456,1740,1557,1338
2891,29249300,1947,1722,1441,1741,1557,1336
2892,29259300,1954,1723,1451,1742,1559,1320
2893,29269300,1949,1723,1455,1745,1548,1337
2894,29279300,1953,1722,1456,1739,1570,1337
2895,29289300,1947,1714,1453,1741,1550,1335
2896,29299300,1950,1721,1456,1745,1550,1338
2897,29309300,1951,1725,1453,1743,1552,1337
2898,29319300,1953,1715,1452,1745,1550,1337
2899,29329300,1963,1727,1454,1740,1557,1337
2900,29339300,1950,1713,1443,1745,1550,1335
2901,29349300,1945,1717,1456,1745,1549,1335
2902,29359300,1955,1721,1453,1741,1557,1332
2903,29369300,1956,1714,1449,1744,1548,1336
2904,29379300,1949,1714,1453,1742,1558,1330
2905,29389300,1943,1715,1452,1744,1553,1337
2906,29399300,1969,1719,1456,1745,1553,1333
2907,29409300,1949,1728,1453,1737,1553,1337
2908,29419300,1947,1726,1450,1754,1560,1337
2909,29429300,1951,1717,1461,1744,1553,1334
2910,29439300,1955,1719,1455,1753,1557,1337
2911,29449300,1965,1716,1447,1741,1546,1332
2912,29459300,1936,1719,1452,1746,1551,1330
2913,29469299,1958,1712,1453,1745,1553,1337
2914,29479300,1943,1712,1453,1743,1553,1333
2915,29489300,1951,1718,1469,1747,1555,1337
2916,29499300,1954,1718,1446,1742,1555,1330
2917,29509300,1947,1724,1463,1746,1560,1337
2918,29519300,1951,1723,1451,1746,1556,1337
2919,29529300,1944,1718,1452,1744,1555,1332
2920,29539300,1950,1712,1451,1762,1559,1329
2921,29549300,1965,1719,1453,1745,1549,1330
2922,29559300,1948,1719,1447,1749,1555,1329
2923,29569299,1951,1719,1445,1744,1553,1337
2924,29579300,1954,1717,1451,1747,1552,1336
2925,29589300,1957,1725,1455,1742,1548,1334
2926,29599300,1946,1719,1452,1741,1551,1327
2927,29609300,1949,1718,1451,1742,1560,1337
2928,29619300,1951,1717,1457,1745,1549,1337
2929,29629300,1949,1712,1449,1726,1566,1317
2930,29639300,1946,1716,1455,1742,1553,1333
2931,29649300,1945,1721,1451,1746,1553,1335
2932,29659300,1939,1728,1456,1737,1553,1332
2933,29669300,1953,1713,1454,1745,1550,1330
2934,29679300,1965,1713,1454,1744,1556,1327
2935,29689300,1959,1726,1455,1746,1556,1333
2936,29699300,1919,1726,1456,1737,1549,1337
2937,29709300,1946,1712,1455,1736,1555,1333
2938,29719300,1943,1724,1445,1745,1555,1337
2939,29729300,1952,1728,1456,1736,1547,1342
2940,29739300,1951,1719,1456,1739,1552,1333
2941,29749300,1949,1719,1456,1747,1555,1327
2942,29759300,1954,1729,1449,1740,1556,1336
2943,29769300,1952,1718,1447,1744,1553,1332
2944,29779300,1968,1728,1453,1736,1556,1333
2945,29789300,1954,1728,1466,1746,1557,1330
2946,29799300,1963,1717,1453,1746,1548,1331
2947,29809300,1952,1719,1461,1746,1548,1328
2948,29819300,1951,1725,1452,1748,1556,1335
2949,29829299,1969,1718,1451,1745,1557,1333
2950,29839300,1946,1714,1453,1745,1552,1332
2951,29849300,1948,1712,1436,1743,1548,1348
2952,29859300,1951,1715,1453,1742,1556,1332
2953,29869300,1947,1719,1455,1747,1557,1337
2954,29879300,1952,1719,1451,1741,1530,1336
2955,29889300,1951,1729,1450,1767,1558,1332
2956,29899300,1947,1717,1454,1735,1553,1346
2957,29909300,1963,1717,1451,1741,1558,1337
2958,29919300,1958,1710,1447,1749,1557,1335
2959,29929300,1948,1717,1447,1745,1553,1337
2960,29939300,1983,1726,1449,1745,1557,1337
2961,29949300,1950,1712,1451,1750,1558,1337
2962,29959300,1958,1721,1469,1743,1557,1335
2963,29969300,1954,1726,1457,1747,1548,1337
2964,29979300,1949,1716,1456,1736,1557,1336
2965,29989300,1950,1725,1450,1743,1547,1337
2966,29999300,1968,1716,1450,1745,1553,1333
2967,30009300,1968,1728,1455,1742,1552,1332
2968,30019300,1951,1716,1456,1747,1553,1333
2969,30029300,1953,1728,1451,1741,1553,1336
2970,30039300,1943,1725,1456,1743,1557,1334
2971,30049300,1951,1717,1446,1740,1558,1333
2972,30059300,1952,1719,1452,1743,1553,1336
2973,30069300,1959,1719,1457,1745,1558,1329
2974,30079300,1951,1722,1450,1739,1549,1337
2975,30089300,1953,1722,1453,1743,1570,1337
2976,30099300,1955,1717,1456,1743,1557,1330
2977,30109300,1952,1712,1454,1737,1556,1333
2978,30119300,1963,1719,1444,1743,1553,1334
2979,30129300,1947,1719,1467,1736,1570,1328
2980,30139300,1949,1693,1456,1740,1558,1346
2981,30149300,1952,1712,1449,1745,1558,1338
2982,30159300,1965,1712,1456,1744,1558,1339
2983,30169300,1953,1719,1451,1741,1553,1332
2984,30179300,1950,1729,1453,1750,1560,1333
2985,30189300,1948,1728,1445,1747,1557,1337
2986,30199300,1951,1723,1451,1756,1556,1336
2987,30209300,1959,1727,1456,1743,1557,1332
2988,30219300,1956,1725,1449,1741,1559,1336
2989,30229300,1951,1723,1435,1749,1557,1337
2990,30239300,1946,1721,1456,1744,1558,1342
2991,30249300,1951,1721,1438,1744,1557,1326
2992,30259300,1942,1723,1455,1748,1552,1321
2993,30269300,1953,1725,1451,1740,1553,1329
2994,30279301,1950,1727,1451,1748,1556,1337
2995,30289300,1963,1723,1429,1742,1548,1337
2996,30299300,1982,1713,1456,1747,1553,1332
2997,30309300,1955,1723,1450,1742,1548,1342
2998,30319300,1943,1714,1450,1744,1550,1337
2999,30329300,1958,1718,1456,1741,1550,1335
3000,30339300,1959,1719,1454,1747,1555,1335
3001,30349300,1949,1712,1452,1743,1552,1327
3002,30359300,1943,1725,1490,1743,1550,1336
3003,30369300,1965,1715,1455,1745,1554,1337
3004,30379300,1949,1722,1456,1742,1550,1333
3005,30389300,1941,1720,1451,1747,1552,1337
3006,30399300,1948,1717,1463,1741,1551,1337
3007,30409300,1946,1719,1456,1745,1551,1337
3008,30419300,1953,1723,1455,1743,1551,1336
3009,30429300,1943,1713,1451,1745,1553,1334
3010,30439300,1948,1715,1445,1757,1555,1332
3011,30449300,1954,1719,1455,1744,1556,1337
3012,30459300,1951,1721,1456,1744,1555,1337
3013,30469300,1949,1725,1451,1767,1556,1333
3014,30479300,1939,1712,1457,1737,1549,1340
3015,30489300,1953,1719,1455,1736,1553,1328
3016,30499300,1951,1725,1451,1744,1548,1313
3017,30509300,1954,1716,1453,1746,1560,1335
3018,30519300,1952,1714,1456,1741,1566,1337
3019,30529300,1952,1720,1456,1745,1553,1337
3020,30539300,1936,1712,1449,1745,1555,1332
3021,30549300,1950,1715,1451,1745,1555,1333
3022,30559300,1941,1721,1453,1749,1556,1337
3023,30569300,1958,1713,1445,1743,1562,1342
3024,30579300,1954,1715,1452,1739,1553,1331
3025,30589301,1955,1722,1453,1760,1558,1335
3026,30599300,1948,1728,1455,1744,1557,1332
3027,30609300,1951,1700,1453,1740,1549,1330
3028,30619300,1952,1719,1451,1744,1556,1337
3029,30629300,1957,1723,1447,1741,1552,1342
3030,30639300,1959,1724,1449,1736,1557,1332
3031,30649300,1949,1719,1457,1744,1550,1303
3032,30659300,1949,1725,1453,1754,1556,1337
3033,30669300,1942,1712,1452,1754,1548,1335
3034,30679300,1952,1718,1454,1741,1557,1337
3035,30689300,1951,1717,1455,1747,1553,1336
3036,30699300,1950,1725,1454,1750,1550,1333
3037,30709300,1949,1728,1456,1745,1556,1335
3038,30719300,1958,1713,1456,1744,1553,1335
3039,30729300,1955,1718,1452,1741,1550,1335
3040,30739300,1949,1721,1453,1741,1553,1337
3041,30749300,1947,1725,1452,1740,1553,1337
3042,30759300,1953,1721,1451,1745,1549,1336
3043,30769300,1968,1727,1451,1747,1553,1337
3044,30779300,1949,1725,1455,1744,1555,1337
3045,30789300,1958,1723,1446,1744,1557,1326
3046,30799300,1953,1719,1459,1744,1560,1328
3047,30809300,1947,1728,1451,1737,1553,1335
3048,30819300,1949,1712,1450,1749,1552,1337
3049,30829300,1953,1726,1451,1731,1557,1337
3050,30839300,1947,1725,1451,1742,1558,1336
3051,30849300,1942,1721,1447,1745,1556,1337
3052,30859300,1950,1701,1446,1736,1551,1337
3053,30869300,1951,1719,1450,1744,1553,1336
3054,30879300,1951,1722,1453,1744,1553,1330
3055,30889300,1953,1717,1453,1742,1561,1336
3056,30899300,1942,1717,1453,1747,1552,1328
3057,30909300,1946,1719,1456,1744,1548,1329
3058,30919300,1954,1723,1451,1745,1555,1337
3059,30929300,1943,1723,1436,1741,1553,1326
3060,30939300,1948,1728,1455,1742,1553,1333
3061,30949300,1943,1723,1447,1742,1549,1328
3062,30959300,1946,1725,1447,1746,1559,1339
3063,30969300,1947,1719,1449,1745,1557,1333
3064,30979300,1950,1724,1449,1742,1550,1333
3065,30989300,1953,1715,1456,1755,1557,1332
3066,30999300,1946,1723,1456,1741,1559,1328
3067,31009300,1951,1723,1451,1748,1557,1340
3068,31019300,1941,1702,1448,1743,1557,1332
3069,31029300,1947,1719,1440,1742,1560,1346
3070,31039300,1949,1728,1447,1744,1550,1337
3071,31049300,1951,1714,1447,1745,1559,1328
3072,31059300,1950,1719,1453,1745,1561,1332
3073,31069300,1941,1724,1443,1746,1550,1336
3074,31079300,1951,1714,1452,1744,1562,1337
3075,31089300,1957,1710,1453,1736,1557,1337
3076,31099300,1952,1720,1454,1745,1558,1334
3077,31109300,1951,1723,1454,1750,1561,1329
3078,31119300,1950,1689,1447,1744,1552,1332
3079,31129300,1943,1721,1450,1755,1548,1327
3080,31139300,1953,1721,1452,1749,1548,1337
3081,31149300,1949,1722,1456,1757,1558,1336
3082,31159300,1975,1744,1456,1748,1555,1337
3083,31169300,1942,1717,1455,1745,1557,1328
3084,31179300,1938,1715,1448,1741,1556,1326
3085,31189300,1954,1723,1449,1742,1562,1333
3086,31199300,1948,1703,1453,1744,1555,1337
3087,31209300,1947,1719,1447,1746,1553,1336
3088,31219300,1952,1723,1424,1743,1552,1337
3089,31229300,1947,1726,1456,1743,1553,1337
3090,31239300,1953,1723,1455,1743,1550,1337
3091,31249300,1951,1722,1456,1741,1548,1337
3092,31259300,1964,1745,1451,1737,1552,1335
3093,31269300,1943,1712,1451,1745,1550,1337
3094,31279300,1947,1717,1487,1750,1557,1323
3095,31289300,1950,1715,1453,1742,1557,1335
3096,31299300,1958,1719,1455,1734,1551,1337
3097,31309300,1951,1712,1455,1744,1557,1337
3098,31319300,1951,1712,1455,1743,1549,1337
3099,31329300,1949,1717,1453,1742,1553,1337
3100,31339300,1939,1721,1456,1749,1557,1335
3101,31349300,1947,1723,1456,1748,1550,1335
3102,31359300,1953,1718,1498,1750,1556,1336
3103,31369300,1951,1722,1460,1745,1553,1337
3104,31379300,1949,1719,1441,1747,1557,1330
3105,31389300,1951,1719,1455,1748,1559,1328
3106,31399300,1946,1721,1449,1745,1560,1327
3107,31409300,1953,1715,1446,1740,1553,1328
3108,31419300,1958,1713,1447,1745,1555,1329
3109,31429300,1947,1730,1451,1747,1560,1334
3110,31439300,1941,1725,1447,1740,1560,1336
3111,31449300,1952,1722,1447,1742,1558,1330
3112,31459300,1949,1727,1451,1744,1550,1337
3113,31469300,1951,1723,1451,1742,1559,1302
3114,31479300,1954,1715,1447,1750,1559,1335
3115,31489300,1953,1717,1441,1742,1548,1327
3116,31499300,1951,1719,1453,1739,1547,1328
3117,31509300,1950,1722,1454,1741,1553,1337
3118,31519300,1951,1726,1454,1745,1548,1330
3119,31529300,1950,1722,1431,1746,1552,1336
3120,31539300,1955,1717,1454,1741,1548,1337
3121,31549300,1951,1717,1456,1745,1557,1338
3122,31559300,1941,1722,1456,1744,1548,1335
3123,31569300,1939,1715,1452,1745,1563,1336
3124,31579300,1952,1714,1456,1742,1552,1337
3125,31589300,1947,1719,1440,1741,1549,1328
3126,31599300,1953,1717,1439,1742,1549,1346
3127,31609299,1953,1721,1415,1743,1548,1337
3128,31619300,1950,1714,1451,1741,1553,1325
3129,31629300,1947,1719,1457,1742,1559,1329
3130,31639300,1942,1715,1453,1744,1553,1332
3131,31649300,1952,1721,1449,1744,1552,1335
3132,31659300,1946,1723,1446,1741,1548,1336
3133,31669300,1955,1718,1449,1739,1550,1339
3134,31679299,1952,1721,1454,1745,1556,1335
3135,31689300,1953,1718,1450,1744,1548,1336
3136,31699300,1965,1717,1458,1743,1553,1337
3137,31709300,1954,1719,1481,1746,1553,1334
3138,31719300,1951,1716,1458,1744,1553,1338
3139,31729300,1953,1717,1424,1742,1553,1337
3140,31739300,1953,1713,1450,1750,1553,1336
3141,31749300,1930,1717,1456,1744,1553,1332
3142,31759300,1955,1719,1453,1747,1549,1333
3143,31769300,1952,1720,1455,1745,1549,1332
3144,31779299,1955,1727,1453,1741,1552,1337
3145,31789300,1952,1719,1465,1739,1558,1337
3146,31799300,1958,1694,1456,1749,1553,1338
3147,31809300,1954,1712,1454,1743,1561,1338
3148,31819299,1952,1715,1456,1745,1564,1335
3149,31829300,1951,1723,1447,1745,1575,1348
3150,31839300,1951,1728,1455,1745,1552,1332
3151,31849300,1950,1717,1467,1745,1553,1337
3152,31859300,1945,1723,1456,1744,1566,1337
3153,31869300,1952,1728,1438,1747,1562,1329
3154,31879300,1955,1722,1449,1742,1553,1337
3155,31889300,1955,1719,1450,1724,1558,1337
3156,31899300,1949,1719,1451,1742,1548,1328
3157,31909301,1951,1721,1458,1743,1556,1330
3158,31919300,1952,1719,1447,1742,1557,1333
3159,31929300,1946,1724,1455,1742,1553,1328
3160,31939300,1946,1728,1458,1747,1548,1337
3161,31949300,1953,1730,1454,1745,1550,1335
3162,31959299,1947,1725,1454,1741,1553,1336
3163,31969300,1961,1722,1454,1742,1553,1337
3164,31979300,1959,1717,1455,1744,1552,1330
3165,31989300,1951,1714,1451,1743,1559,1337
3166,31999300,1950,1716,1449,1741,1552,1337
3167,32009300,1949,1717,1451,1736,1553,1330
3168,32019300,1943,1735,1456,1740,1565,1350
3169,32029300,1939,1722,1456,1741,1558,1330
3170,32039300,1952,1721,1451,1742,1555,1336
3171,32049300,1945,1715,1451,1750,1555,1337
3172,32059300,1950,1735,1455,1745,1557,1336
3173,32069300,1953,1712,1456,1741,1553,1332
3174,32079300,1954,1722,1453,1742,1530,1337
3175,32089300,1947,1723,1451,1741,1552,1337
3176,32099300,1949,1715,1456,1741,1549,1337
3177,32109300,1947,1715,1455,1736,1551,1335
3178,32119300,1949,1722,1444,1744,1549,1330
3179,32129300,1952,1715,1452,1745,1562,1336
3180,32139300,1952,1718,1450,1742,1553,1332
3181,32149300,1946,1714,1451,1743,1553,1337
3182,32159300,1954,1731,1455,1742,1553,1330
3183,32169300,1954,1689,1455,1750,1548,1330
3184,32179300,1952,1719,1463,1744,1557,1337
3185,32189300,1942,1729,1459,1747,1550,1328
3186,32199300,1948,1718,1417,1742,1553,1330
3187,32209300,1949,1723,1453,1745,1559,1337
3188,32219300,1952,1734,1456,1740,1556,1333
3189,32229300,1955,1719,1456,1744,1557,1336
3190,32239300,1936,1719,1455,1745,1557,1337
3191,32249300,1962,1718,1446,1744,1558,1336
3192,32259300,1953,1720,1453,1750,1562,1337
3193,32269301,1954,1726,1447,1740,1553,1333
3194,32279300,1953,1722,1454,1743,1555,1337
3195,32289300,1949,1717,1456,1739,1558,1340
3196,32299300,1952,1713,1449,1741,1556,1333
3197,32309300,1953,1715,1446,1745,1559,1330
3198,32319300,1948,1721,1454,1743,1558,1328
3199,32329300,1949,1717,1452,1743,1550,1337
3200,32339300,1953,1714,1467,1745,1548,1331
3201,32349300,1958,1718,1444,1722,1552,1330
3202,32359300,1949,1721,1454,1746,1556,1330
3203,32369300,1955,1723,1456,1740,1560,1355
3204,32379300,1978,1727,1454,1750,1555,1337
3205,32389300,1946,1719,1452,1746,1553,1338
3206,32399300,1946,1714,1456,1745,1558,1337
3207,32409300,1951,1723,1458,1757,1557,1337
3208,32419300,1945,1712,1441,1744,1562,1355
3209,32429299,1952,1717,1458,1744,1557,1332
3210,32439300,1947,1721,1451,1746,1557,1332
3211,32449300,1950,1729,1451,1763,1550,1337
3212,32459300,1947,1722,1448,1743,1561,1335
3213,32469300,1963,1723,1451,1741,1558,1337
3214,32479300,1951,1723,1455,1742,1557,1338
3215,32489300,1952,1713,1445,1746,1559,1339
3216,32499300,1965,1714,1458,1748,1551,1337
3217,32509300,1947,1723,1457,1741,1548,1335
3218,32519300,1955,1715,1454,1750,1556,1331
3219,32529300,1938,1732,1454,1737,1555,1332
3220,32539300,1947,1724,1443,1741,1562,1333
3221,32549300,1957,1717,1454,1750,1556,1338
3222,32559300,1952,1717,1447,1750,1563,1343
3223,32569300,1950,1725,1449,1754,1556,1337
3224,32579300,1961,1728,1456,1742,1553,1327
3225,32589300,1957,1726,1456,1743,1562,1340
3226,32599300,1954,1720,1459,1745,1557,1337
3227,32609300,1953,1722,1445,1745,1553,1328
3228,32619300,1935,1726,1447,1737,1551,1337
3229,32629300,1955,1719,1461,1745,1557,1328
3230,32639300,1950,1731,1478,1745,1559,1337
3231,32649300,1958,1733,1445,1743,1553,1336
3232,32659300,1943,1728,1454,1754,1559,1337
3233,32669300,1950,1731,1456,1741,1553,1332
3234,32679300,1947,1721,1451,1745,1553,1323
3235,32689300,1947,1721,1456,1758,1559,1332
3236,32699300,1957,1721,1424,1742,1560,1340
3237,32709300,1955,1727,1453,1743,1561,1337
3238,32719300,1954,1710,1459,1743,1555,1329
3239,32729300,1951,1727,1455,1740,1558,1332
3240,32739300,1954,1714,1449,1741,1548,1336
3241,32749300,1953,1713,1456,1744,1553,1335
3242,32759300,1955,1721,1455,1745,1553,1336
3243,32769300,1957,1718,1454,1743,1560,1338
3244,32779300,1951,1728,1466,1747,1544,1337
3245,32789300,1947,1723,1455,1741,1561,1339
3246,32799300,1952,1729,1456,1745,1556,1332
3247,32809300,1951,1721,1451,1742,1548,1309
3248,32819300,1950,1716,1456,1741,1560,1337
3249,32829300,1953,1718,1456,1741,1557,1337
3250,32839300,1952,1728,1453,1745,1553,1337
3251,32849300,1946,1712,1450,1745,1534,1364
3252,32859300,1952,1721,1461,1743,1549,1338
3253,32869300,1957,1719,1453,1742,1557,1334
3254,32879300,1950,1722,1463,1744,1554,1333
3255,32889300,1947,1714,1434,1768,1556,1337
3256,32899300,1951,1719,1456,1741,1553,1335
3257,32909300,1946,1717,1456,1745,1556,1337
3258,32919300,1953,1726,1459,1744,1555,1336
3259,32929299,1948,1712,1456,1746,1552,1332
3260,32939300,1951,1719,1439,1747,1550,1329
3261,32949300,1951,1717,1465,1742,1556,1334
3262,32959300,1957,1716,1453,1747,1555,1337
3263,32969300,1949,1723,1455,1744,1571,1337
3264,32979300,1963,1719,1451,1737,1551,1337
3265,32989300,1953,1723,1456,1731,1555,1342
3266,32999300,1949,1717,1456,1745,1556,1325
3267,33009300,1949,1715,1456,1741,1550,1333
3268,33019300,1934,1712,1451,1744,1557,1342
3269,33029300,1943,1721,1451,1740,1553,1337
3270,33039300,1949,1723,1447,1745,1548,1332
3271,33049300,1945,1718,1450,1742,1559,1320
3272,33059300,1949,1722,1451,1746,1553,1337
3273,33069300,1957,1718,1453,1743,1559,1337
3274,33079300,1952,1719,1472,1744,1547,1321
3275,33089300,1951,1723,1455,1736,1556,1337
3276,33099300,1953,1721,1451,1752,1552,1332
3277,33109300,1951,1731,1446,1746,1557,1332
3278,33119300,1952,1717,1449,1737,1548,1328
3279,33129300,1953,1719,1453,1759,1557,1328
3280,33139300,1946,1721,1456,1745,1552,1337
3281,33149300,1940,1728,1451,1744,1563,1335
3282,33159299,1956,1717,1449,1743,1553,1332
3283,33169300,1953,1715,1449,1734,1557,1332
3284,33179300,1952,1719,1454,1737,1551,1337
3285,33189300,1947,1717,1456,1749,1555,1337
3286,33199300,1941,1718,1456,1741,1551,1336
3287,33209300,1955,1723,1451,1743,1552,1337
3288,33219300,1951,1723,1456,1741,1570,1319
3289,33229300,1949,1719,1445,1744,1559,1332
3290,33239300,1949,1710,1454,1745,1550,1337
3291,33249300,1951,1719,1450,1750,1557,1332
3292,33259300,1925,1719,1451,1743,1557,1337
3293,33269299,1946,1718,1453,1742,1548,1323
3294,33279300,1946,1728,1451,1744,1548,1337
3295,33289300,1949,1711,1447,1742,1557,1333
3296,33299300,1949,1724,1452,1741,1557,1339
3297,33309300,1957,1719,1456,1749,1557,1330
3298,33319300,1954,1727,1453,1747,1557,1332
3299,33329300,1957,1727,1451,1741,1555,1337
3300,33339300,1945,1712,1452,1746,1552,1337
3301,33349300,1946,1727,1453,1741,1553,1336
3302,33359300,1941,1727,1451,1742,1566,1329
3303,33369300,1951,1719,1453,1745,1549,1337
3304,33379300,1955,1719,1449,1745,1560,1332
3305,33389300,1947,1717,1453,1736,1553,1332
3306,33399300,1946,1723,1461,1745,1559,1323
3307,33409300,1952,1718,1457,1743,1558,1339
3308,33419300,1953,1715,1451,1744,1552,1337
3309,33429300,1950,1733,1454,1746,1560,1336
3310,33439300,1947,1717,1456,1740,1558,1330
3311,33449300,1951,1722,1456,1739,1552,1338
3312,33459300,1947,1719,1461,1744,1554,1334
3313,33469300,1953,1725,1455,1741,1558,1336
3314,33479300,1950,1718,1456,1746,1559,1334
3315,33489300,1952,1723,1446,1743,1561,1333
3316,33499300,1951,1715,1457,1744,1557,1333
3317,33509300,1951,1724,1456,1733,1561,1319
3318,33519300,1946,1723,1446,1741,1553,1337
3319,33529300,1951,1726,1455,1746,1548,1333
3320,33539300,1954,1721,1454,1740,1550,1336
3321,33549300,1970,1726,1456,1741,1559,1337
3322,33559300,1959,1719,1455,1740,1554,1332
3323,33569300,1950,1727,1453,1757,1556,1329
3324,33579300,1953,1716,1456,1746,1557,1330
3325,33589300,1951,1717,1451,1741,1553,1332
3326,33599300,1954,1728,1454,1734,1550,1332
3327,33609300,1957,1725,1455,1745,1550,1337
3328,33619300,1951,1715,1446,1739,1553,1337
3329,33629300,1951,1721,1453,1745,1552,1337
3330,33639300,1957,1718,1445,1741,1557,1333
3331,33649300,1951,1725,1447,1747,1552,1328
3332,33659300,1942,1715,1461,1747,1557,1332
3333,33669300,1955,1715,1447,1741,1557,1335
3334,33679300,1943,1716,1453,1747,1551,1333
3335,33689299,1951,1715,1447,1744,1559,1332
3336,33699300,1954,1719,1450,1731,1551,1331
3337,33709300,1951,1712,1452,1742,1557,1335
3338,33719300,1927,1713,1450,1745,1557,1330
3339,33729300,1952,1718,1457,1744,1548,1336
3340,33739300,1957,1711,1447,1744,1557,1337
3341,33749300,1950,1743,1451,1747,1553,1340
3342,33759300,1951,1717,1463,1745,1553,1337
3343,33769300,1929,1726,1447,1744,1549,1333
3344,33779300,1952,1718,1454,1741,1550,1337
3345,33789300,1947,1715,1451,1737,1551,1342
3346,33799300,1950,1715,1450,1747,1550,1332
3347,33809300,1951,1718,1452,1741,1561,1336
3348,33819300,1951,1718,1447,1758,1556,1334
3349,33829300,1950,1721,1453,1744,1548,1337
3350,33839300,1948,1717,1446,1741,1552,1336
3351,33849300,1953,1721,1458,1754,1553,1337
3352,33859300,1951,1718,1453,1741,1553,1336
3353,33869300,1952,1717,1456,1745,1553,1335
3354,33879300,1952,1716,1454,1736,1557,1333
3355,33889300,1953,1712,1455,1759,1551,1337
3356,33899300,1951,1723,1453,1742,1553,1337
3357,33909300,1930,1727,1451,1742,1553,1337
3358,33919300,1949,1719,1456,1726,1558,1325
3359,33929300,1947,1721,1451,1742,1560,1333
3360,33939300,1978,1712,1447,1743,1557,1333
3361,33949300,1952,1719,1447,1748,1556,1333
3362,33959300,1958,1719,1454,1750,1553,1335
3363,33969300,1953,1725,1456,1742,1553,1333
3364,33979300,1947,1721,1455,1737,1553,1335
3365,33989300,1949,1722,1463,1741,1548,1332
3366,33999300,1952,1719,1440,1736,1553,1334
3367,34009300,1955,1727,1453,1745,1553,1332
3368,34019300,1974,1715,1455,1744,1562,1332
3369,34029300,1965,1727,1454,1742,1553,1338
3370,34039300,1953,1725,1448,1747,1552,1311
3371,34049300,1954,1721,1461,1744,1551,1335
3372,34059300,1941,1719,1443,1751,1563,1338
3373,34069300,1955,1727,1453,1744,1557,1340
3374,34079300,1951,1712,1456,1744,1552,1337
3375,34089300,1952,1715,1453,1747,1553,1337
3376,34099300,1954,1719,1451,1744,1557,1338
3377,34109300,1949,1725,1447,1741,1560,1333
3378,34119300,1947,1727,1415,1741,1551,1330
3379,34129300,1957,1718,1451,1736,1539,1325
3380,34139300,1953,1718,1451,1747,1551,1337
3381,34149300,1953,1726,1455,1747,1553,1337
3382,34159300,1967,1717,1453,1747,1552,1342
3383,34169300,1952,1725,1456,1745,1556,1324
3384,34179300,1953,1717,1451,1746,1553,1337
3385,34189299,1954,1729,1455,1739,1557,1335
3386,34199300,1949,1718,1456,1742,1553,1333
3387,34209300,1952,1725,1463,1741,1553,1339
3388,34219300,1951,1713,1454,1743,1552,1334
3389,34229300,1947,1718,1441,1744,1553,1326
3390,34239300,1950,1723,1456,1747,1552,1327
3391,34249300,1952,1721,1466,1752,1550,1332
3392,34259300,1953,1723,1444,1744,1557,1335
3393,34269300,1945,1725,1454,1746,1549,1337
3394,34279300,1958,1718,1455,1739,1557,1343
3395,34289300,1955,1719,1446,1740,1550,1337
3396,34299299,1949,1717,1446,1749,1557,1342
3397,34309300,1956,1728,1456,1741,1548,1338
3398,34319300,1947,1718,1456,1746,1557,1335
3399,34329300,1949,1722,1454,1745,1548,1332
3400,34339300,1951,1723,1446,1742,1560,1331
3401,34349300,1946,1722,1467,1745,1548,1325
3402,34359300,1950,1719,1455,1745,1555,1335
3403,34369300,1951,1725,1446,1745,1548,1343
3404,34379300,1936,1723,1451,1745,1557,1333
3405,34389300,1953,1714,1461,1745,1548,1341
3406,34399300,1947,1719,1445,1737,1553,1337
3407,34409300,1951,1726,1456,1745,1553,1341
3408,34419300,1950,1726,1426,1745,1560,1333
3409,34429300,1953,1725,1450,1739,1553,1335
3410,34439300,1954,1722,1453,1747,1557,1337
3411,34449300,1953,1716,1453,1745,1548,1337
3412,34459300,1955,1715,1453,1743,1553,1337
3413,34469300,1951,1724,1456,1743,1548,1337
3414,34479300,1951,1717,1442,1742,1553,1337
3415,34489300,1951,1718,1456,1713,1562,1337
3416,34499299,1947,1717,1445,1742,1553,1336
3417,34509300,1953,1723,1450,1745,1548,1330
3418,34519300,1946,1714,1451,1749,1552,1335
3419,34529300,1945,1718,1450,1741,1557,1337
3420,34539300,1952,1719,1447,1741,1548,1335
3421,34549300,1951,1712,1454,1741,1552,1337
3422,34559300,1949,1723,1451,1745,1548,1340
3423,34569300,1947,1725,1451,1745,1559,1327
3424,34579300,1943,1720,1453,1739,1553,1332
3425,34589300,1954,1722,1455,1742,1553,1328
3426,34599300,1953,1723,1451,1736,1550,1333
3427,34609300,1953,1715,1457,1745,1557,1336
3428,34619300,1950,1723,1449,1750,1555,1337
3429,34629300,1946,1722,1455,1739,1548,1333
3430,34639300,1942,1715,1445,1741,1552,1327
3431,34649300,1951,1713,1451,1738,1562,1336
3432,34659299,1949,1722,1447,1754,1559,1331
3433,34669300,1955,1721,1449,1740,1558,1330
3434,34679300,1953,1718,1452,1746,1558,1336
3435,34689300,1951,1727,1456,1740,1557,1337
3436,34699300,1951,1721,1456,1746,1548,1333
3437,34709300,1946,1721,1451,1742,1560,1363
3438,34719300,1951,1717,1456,1746,1553,1332
3439,34729300,1950,1727,1454,1744,1551,1335
3440,34739300,1946,1720,1456,1745,1559,1330
3441,34749299,1948,1715,1449,1742,1548,1336
3442,34759300,1951,1716,1456,1743,1563,1333
3443,34769300,1953,1709,1451,1740,1555,1337
3444,34779300,1963,1723,1451,1743,1557,1327
3445,34789300,1942,1711,1451,1741,1550,1332
3446,34799300,1950,1713,1455,1747,1552,1333
3447,34809300,1963,1715,1454,1745,1574,1337
3448,34819300,1951,1712,1448,1749,1552,1337
3449,34829300,1952,1719,1456,1744,1553,1337
3450,34839300,1949,1724,1456,1737,1553,1332
3451,34849300,1948,1723,1447,1754,1556,1335
3452,34859300,1955,1723,1446,1742,1547,1333
3453,34869300,1950,1726,1454,1744,1568,1333
3454,34879300,1953,1718,1443,1738,1557,1332
3455,34889300,1951,1718,1443,1743,1557,1337
3456,34899300,1935,1713,1454,1742,1553,1332
3457,34909300,1951,1715,1451,1741,1557,1332
3458,34919300,1963,1712,1447,1744,1557,1343
3459,34929300,1955,1715,1453,1742,1553,1337
3460,34939300,1954,1725,1450,1742,1555,1333
3461,34949300,1949,1729,1458,1740,1553,1333
3462,34959300,1926,1721,1453,1747,1552,1334
3463,34969300,1948,1719,1449,1744,1534,1346
3464,34979300,1951,1723,1457,1747,1557,1334
3465,34989300,1952,1718,1454,1743,1548,1335
3466,34999300,1950,1719,1463,1741,1556,1335
3467,35009299,1946,1723,1439,1740,1555,1337
3468,35019300,1953,1732,1440,1737,1548,1335
3469,35029300,1942,1726,1455,1727,1548,1337
3470,35039300,1946,1713,1455,1746,1553,1335
3471,35049300,1954,1722,1451,1740,1553,1335
3472,35059300,1947,1714,1449,1743,1553,1337
3473,35069300,1942,1719,1451,1741,1555,1336
3474,35079300,1952,1717,1454,1755,1556,1330
3475,35089300,1943,1723,1450,1750,1550,1338
3476,35099300,1943,1720,1456,1745,1548,1337
3477,35109300,1951,1726,1456,1747,1553,1337
3478,35119301,1955,1721,1456,1741,1551,1337
3479,35129300,1947,1695,1454,1741,1559,1332
3480,35139300,1947,1718,1456,1742,1556,1337
3481,35149300,1948,1723,1453,1736,1551,1337
3482,35159300,1954,1716,1451,1731,1566,1319
3483,35169299,1951,1715,1456,1744,1556,1337
3484,35179300,1953,1717,1450,1744,1553,1337
3485,35189300,1951,1727,1455,1742,1557,1333
3486,35199300,1954,1717,1457,1742,1553,1333
3487,35209300,1954,1722,1458,1743,1561,1337
3488,35219300,1948,1715,1454,1737,1553,1340
3489,35229300,1950,1719,1451,1727,1557,1343
3490,35239300,1950,1714,1457,1745,1555,1314
3491,35249300,1943,1719,1456,1749,1553,1339
3492,35259301,1950,1717,1456,1745,1557,1332
3493,35269300,1942,1719,1454,1745,1556,1337
3494,35279300,1952,1725,1445,1743,1555,1329
3495,35289300,1975,1714,1447,1743,1553,1330
3496,35299300,1950,1722,1450,1754,1557,1337
3497,35309300,1951,1718,1453,1739,1554,1328
3498,35319300,1941,1727,1456,1740,1558,1334
3499,35329300,1954,1727,1445,1745,1557,1337
3500,35339300,1951,1726,1451,1743,1552,1339
3501,35349300,1947,1719,1453,1750,1561,1337
3502,35359300,1949,1719,1451,1740,1553,1333
3503,35369300,1943,1722,1445,1742,1557,1337
3504,35379300,1946,1727,1454,1754,1548,1337
3505,35389300,1949,1715,1453,1739,1569,1333
3506,35399300,1946,1714,1447,1746,1548,1329
3507,35409300,1944,1723,1461,1742,1548,1340
3508,35419300,1947,1726,1415,1741,1553,1334
3509,35429300,1946,1725,1453,1743,1553,1337
3510,35439300,1953,1726,1454,1745,1557,1332
3511,35449300,1952,1719,1454,1737,1552,1332
3512,35459300,1948,1718,1449,1737,1552,1337
3513,35469300,1950,1717,1451,1747,1550,1336
3514,35479300,1950,1723,1445,1747,1556,1336
3515,35489300,1946,1717,1456,1737,1549,1338
3516,35499300,1953,1725,1452,1743,1557,1329
3517,35509300,1950,1730,1453,1741,1548,1336
3518,35519300,1954,1719,1450,1733,1553,1329
3519,35529300,1953,1714,1455,1745,1553,1337
3520,35539300,1958,1725,1447,1737,1553,1332
3521,35549299,1951,1719,1449,1745,1553,1333
3522,35559300,1951,1722,1453,1745,1569,1339
3523,35569300,1953,1725,1470,1745,1553,1332
3524,35579300,1953,1722,1451,1745,1553,1337
3525,35589300,1956,1717,1454,1741,1557,1334
3526,35599300,1951,1727,1446,1736,1557,1335
3527,35609300,1950,1721,1447,1743,1553,1334
3528,35619299,1951,1714,1445,1741,1549,1335
3529,35629300,1951,1722,1458,1744,1550,1328
3530,35639300,1949,1721,1451,1742,1553,1338
3531,35649300,1951,1713,1442,1736,1553,1337
3532,35659300,1961,1726,1456,1746,1557,1338
3533,35669300,1950,1728,1455,1742,1550,1337
3534,35679300,1953,1713,1450,1741,1553,1332
3535,35689300,1950,1718,1451,1744,1556,1332
3536,35699299,1923,1709,1452,1741,1557,1337
3537,35709300,1958,1722,1465,1741,1564,1334
3538,35719300,1951,1725,1452,1744,1562,1336
3539,35729300,1952,1719,1438,1750,1557,1342
3540,35739299,1952,1715,1490,1745,1557,1337
3541,35749300,1951,1718,1452,1744,1553,1337
3542,35759300,1953,1719,1453,1747,1555,1336
3543,35769300,1968,1727,1456,1744,1560,1326
3544,35779300,1953,1717,1462,1737,1548,1336
3545,35789300,1949,1723,1453,1741,1557,1337
3546,35799300,1956,1728,1446,1747,1557,1333
3547,35809300,1951,1730,1447,1750,1556,1328
3548,35819300,1953,1713,1450,1761,1553,1337
3549,35829300,1953,1722,1466,1745,1557,1323
3550,35839301,1949,1687,1454,1746,1557,1339
3551,35849300,1951,1711,1456,1747,1552,1337
3552,35859300,1951,1716,1451,1727,1557,1336
3553,35869300,1952,1719,1445,1750,1552,1337
3554,35879300,1952,1727,1419,1741,1551,1327
3555,35889300,1929,1727,1449,1740,1553,1337
3556,35899300,1953,1712,1447,1740,1555,1336
3557,35909300,1948,1724,1409,1737,1553,1328
3558,35919300,1944,1716,1444,1745,1554,1335
3559,35929300,1943,1719,1451,1739,1560,1340
3560,35939300,1953,1718,1454,1746,1556,1332
3561,35949300,1956,1722,1454,1742,1553,1333
3562,35959300,1951,1725,1453,1737,1553,1325
3563,35969300,1946,1715,1454,1741,1557,1333
3564,35979300,1940,1703,1459,1740,1557,1337
3565,35989300,1950,1727,1453,1745,1549,1329
3566,35999300,1958,1719,1452,1732,1553,1337
3567,36009300,1953,1721,1449,1739,1551,1333
3568,36019300,1954,1722,1455,1749,1551,1337
3569,36029300,1955,1725,1450,1746,1553,1337
3570,36039300,1950,1725,1455,1741,1559,1338
3571,36049300,1954,1723,1453,1744,1556,1337
3572,36059300,1953,1741,1455,1739,1552,1333
3573,36069301,1939,1725,1455,1743,1558,1330
3574,36079300,1950,1718,1456,1737,1553,1332
3575,36089300,1947,1712,1451,1744,1561,1328
3576,36099301,1951,1722,1447,1741,1553,1337
3577,36109300,1953,1680,1456,1744,1562,1327
3578,36119300,1948,1722,1453,1740,1549,1351
3579,36129300,1955,1716,1449,1745,1556,1333
3580,36139300,1949,1713,1443,1742,1558,1333
3581,36149300,1951,1715,1450,1743,1550,1329
3582,36159301,1957,1728,1449,1742,1557,1337
3583,36169300,1965,1718,1447,1740,1553,1337
3584,36179300,1946,1715,1447,1736,1562,1333
3585,36189300,1949,1713,1449,1742,1550,1333
3586,36199300,1946,1719,1443,1741,1550,1337
3587,36209300,1954,1725,1443,1741,1550,1333
3588,36219300,1956,1725,1454,1741,1555,1335
3589,36229300,1957,1701,1455,1744,1552,1328
3590,36239301,1945,1715,1451,1745,1558,1346
3591,36249300,1947,1719,1451,1739,1551,1335
3592,36259300,1949,1722,1447,1749,1553,1336
3593,36269300,1958,1721,1455,1746,1556,1332
3594,36279300,1952,1728,1456,1744,1555,1339
3595,36289300,1954,1713,1451,1737,1556,1340
3596,36299300,1981,1717,1452,1746,1553,1335
3597,36309300,1955,1723,1453,1747,1555,1335
3598,36319300,1953,1713,1442,1744,1553,1333
3599,36329300,1952,1725,1447,1741,1550,1337
3600,36339300,1947,1722,1457,1742,1553,1333
3601,36349300,1947,1722,1442,1745,1555,1332
3602,36359300,1927,1728,1457,1744,1555,1337
3603,36369300,1947,1718,1456,1742,1556,1337
3604,36379300,1952,1699,1455,1743,1559,1337
3605,36389301,1950,1686,1431,1743,1555,1336
3606,36399300,1949,1726,1452,1750,1543,1329
3607,36409300,1963,1725,1453,1746,1554,1337
3608,36419300,1947,1713,1453,1746,1548,1351
3609,36429300,1955,1719,1451,1740,1557,1337
3610,36439300,1953,1718,1456,1740,1548,1333
3611,36449300,1971,1724,1456,1755,1558,1330
3612,36459300,1951,1725,1453,1744,1548,1326
3613,36469300,1949,1733,1457,1741,1560,1337
3614,36479300,1983,1725,1459,1755,1556,1335
3615,36489300,1918,1719,1453,1741,1555,1342
3616,36499301,1949,1723,1452,1745,1553,1334
3617,36509300,1968,1723,1445,1745,1552,1336
3618,36519300,1955,1721,1449,1745,1557,1343
3619,36529300,1938,1723,1453,1750,1548,1332
3620,36539299,1946,1723,1456,1743,1555,1336
3621,36549301,1947,1725,1441,1741,1557,1332
3622,36559300,1953,1718,1456,1743,1553,1336
3623,36569300,1952,1723,1450,1739,1560,1310
3624,36579300,1943,1733,1458,1742,1553,1337
3625,36589300,1951,1715,1453,1740,1548,1334
3626,36599299,1950,1717,1458,1741,1559,1337
3627,36609300,1953,1725,1456,1743,1558,1335
3628,36619300,1945,1725,1437,1750,1555,1326
3629,36629300,1967,1723,1452,1745,1555,1337
3630,36639300,1967,1715,1448,1745,1548,1337
3631,36649300,1951,1712,1447,1750,1552,1332
3632,36659300,1943,1727,1450,1742,1560,1337
3633,36669300,1950,1730,1456,1744,1556,1336
3634,36679300,1962,1722,1455,1744,1557,1334
3635,36689300,1952,1717,1450,1750,1558,1326
3636,36699300,1952,1722,1447,1744,1556,1338
3637,36709300,1946,1724,1453,1754,1557,1328
3638,36719300,1949,1722,1455,1743,1553,1329
3639,36729300,1950,1721,1446,1745,1553,1322
3640,36739299,1946,1708,1455,1762,1557,1338
3641,36749300,1949,1724,1447,1743,1556,1337
3642,36759300,1958,1721,1458,1745,1555,1326
3643,36769300,1950,1728,1450,1741,1547,1337
3644,36779300,1953,1718,1447,1731,1556,1339
3645,36789300,1952,1722,1440,1740,1546,1332
3646,36799300,1953,1726,1451,1739,1554,1335
3647,36809300,1947,1724,1458,1746,1565,1336
3648,36819300,1953,1718,1441,1745,1552,1332
3649,36829300,1950,1718,1447,1746,1564,1340
3650,36839300,1947,1712,1454,1742,1557,1340
3651,36849300,1952,1719,1450,1753,1548,1328
3652,36859300,1946,1718,1455,1742,1556,1325
3653,36869300,1951,1714,1442,1745,1539,1331
3654,36879300,1950,1738,1457,1749,1557,1335
3655,36889300,1951,1725,1456,1743,1558,1336
3656,36899300,1941,1724,1451,1749,1549,1333
3657,36909300,1947,1725,1451,1745,1552,1327
3658,36919300,1953,1717,1455,1747,1553,1333
3659,36929300,1951,1719,1427,1743,1557,1337
3660,36939300,1949,1717,1458,1742,1547,1335
3661,36949300,1954,1715,1458,1743,1558,1328
3662,36959300,1946,1712,1462,1743,1548,1337
3663,36969300,1948,1722,1454,1746,1542,1323
3664,36979300,1965,1713,1453,1741,1553,1336
3665,36989300,1952,1713,1445,1742,1550,1334
3666,36999300,1950,1727,1456,1742,1556,1333
3667,37009300,1950,1723,1454,1746,1550,1341
3668,37019300,1951,1715,1458,1742,1557,1337
3669,37029300,1950,1726,1478,1744,1549,1332
3670,37039300,1957,1721,1446,1745,1551,1329
3671,37049300,1955,1719,1451,1743,1556,1337
3672,37059300,1947,1722,1450,1745,1553,1337
3673,37069300,1947,1722,1449,1744,1558,1337
3674,37079300,1951,1717,1450,1740,1559,1337
3675,37089300,1955,1718,1455,1741,1553,1333
3676,37099300,1957,1718,1453,1744,1550,1325
3677,37109300,1948,1724,1456,1745,1558,1328
3678,37119300,1953,1712,1457,1743,1548,1337
3679,37129300,1951,1735,1456,1741,1562,1338
3680,37139300,1952,1723,1446,1737,1558,1325
3681,37149300,1955,1726,1453,1745,1550,1335
3682,37159300,1941,1719,1456,1742,1560,1335
3683,37169300,1950,1722,1456,1742,1557,1343
3684,37179300,1954,1723,1456,1741,1548,1337
3685,37189300,1947,1724,1453,1750,1553,1352
3686,37199300,1953,1715,1454,1752,1553,1330
3687,37209300,1945,1720,1440,1744,1557,1331
3688,37219300,1953,1714,1447,1756,1557,1333
3689,37229300,1959,1718,1453,1722,1557,1336
3690,37239299,1955,1726,1451,1727,1552,1337
3691,37249300,1953,1718,1456,1744,1556,1333
3692,37259300,1935,1719,1447,1743,1552,1335
3693,37269300,1954,1726,1451,1743,1557,1337
3694,37279300,1948,1725,1433,1743,1559,1335
3695,37289300,1953,1717,1451,1744,1556,1334
3696,37299300,1954,1723,1454,1745,1543,1340
3697,37309300,1947,1720,1452,1741,1552,1337
3698,37319300,1951,1716,1451,1742,1557,1339
3699,37329300,1946,1727,1449,1742,1553,1342
3700,37339300,1945,1721,1453,1745,1555,1350
3701,37349300,1942,1726,1452,1752,1555,1337
3702,37359300,1959,1728,1455,1746,1562,1338
3703,37369300,1959,1722,1451,1749,1553,1337
3704,37379300,1954,1729,1457,1741,1574,1342
3705,37389300,1948,1733,1451,1746,1558,1336
3706,37399300,1947,1719,1449,1746,1556,1333
3707,37409300,1952,1718,1454,1746,1558,1335
3708,37419300,1949,1723,1456,1740,1560,1337
3709,37429300,1949,1727,1455,1745,1557,1337
3710,37439300,1949,1722,1456,1737,1553,1333
3711,37449301,1946,1721,1455,1743,1558,1338
3712,37459300,1952,1726,1455,1744,1555,1337
3713,37469300,1949,1721,1456,1748,1557,1335
3714,37479300,1942,1723,1455,1746,1556,1333
3715,37489300,1949,1717,1481,1748,1554,1336
3716,37499300,1959,1714,1447,1745,1553,1328
3717,37509300,1955,1722,1453,1744,1559,1338
3718,37519300,1952,1718,1442,1745,1559,1336
3719,37529300,1954,1718,1456,1745,1550,1330
3720,37539300,1945,1721,1456,1745,1553,1332
3721,37549300,1953,1714,1456,1746,1557,1336
3722,37559300,1952,1722,1464,1745,1561,1337
3723,37569300,1927,1728,1454,1734,1556,1337
3724,37579300,1952,1718,1454,1742,1553,1339
3725,37589300,1953,1718,1446,1739,1562,1332
3726,37599300,1947,1716,1454,1744,1550,1335
3727,37609300,1949,1721,1453,1741,1548,1323
3728,37619300,1952,1719,1447,1742,1556,1337
3729,37629300,1953,1722,1457,1746,1553,1337
3730,37639300,1943,1719,1458,1746,1553,1337
3731,37649300,1956,1722,1453,1733,1557,1338
3732,37659300,1952,1717,1449,1747,1557,1330
3733,37669300,1962,1725,1447,1750,1558,1332
3734,37679300,1944,1717,1454,1743,1556,1335
3735,37689300,1945,1721,1457,1749,1553,1338
3736,37699300,1951,1722,1453,1745,1561,1336
3737,37709300,1951,1718,1449,1745,1572,1337
3738,37719300,1952,1715,1451,1745,1553,1336
3739,37729300,1973,1717,1455,1749,1560,1335
3740,37739300,1961,1719,1456,1729,1557,1337
3741,37749300,1947,1701,1458,1739,1559,1336
3742,37759300,1955,1723,1455,1744,1555,1339
3743,37769301,1955,1722,1449,1742,1558,1332
3744,37779300,1953,1712,1440,1744,1557,1341
3745,37789300,1952,1729,1455,1745,1557,1335
3746,37799300,1922,1726,1455,1748,1553,1332
3747,37809300,1955,1717,1459,1744,1552,1337
3748,37819300,1949,1720,1434,1746,1559,1329
3749,37829300,1939,1725,1454,1731,1553,1342
3750,37839300,1949,1722,1457,1745,1558,1337
3751,37849300,1946,1721,1456,1758,1563,1336
3752,37859300,1957,1727,1452,1740,1561,1335
3753,37869300,1955,1726,1455,1741,1543,1339
3754,37879300,1949,1723,1456,1744,1553,1334
3755,37889300,1955,1718,1455,1750,1559,1333
3756,37899300,1951,1709,1449,1741,1553,1337
3757,37909300,1950,1725,1451,1745,1562,1335
3758,37919300,1949,1744,1459,1746,1553,1335
3759,37929300,1952,1722,1457,1744,1549,1364
3760,37939300,1945,1719,1449,1745,1559,1337
3761,37949300,1950,1717,1448,1741,1566,1311
3762,37959300,1955,1719,1453,1745,1560,1337
3763,37969300,1945,1725,1456,1749,1558,1335
3764,37979300,1946,1717,1450,1745,1557,1336
3765,37989301,1954,1718,1441,1741,1555,1333
3766,37999300,1951,1712,1456,1731,1553,1330
3767,38009300,1958,1712,1456,1743,1553,1337
3768,38019300,1951,1714,1450,1753,1555,1337
3769,38029300,1947,1697,1454,1753,1553,1333
3770,38039300,1948,1715,1442,1738,1555,1328
3771,38049300,1955,1721,1447,1740,1552,1338
3772,38059300,1943,1724,1453,1742,1560,1337
3773,38069300,1950,1723,1455,1741,1557,1337
3774,38079299,1958,1722,1461,1742,1548,1328
3775,38089300,1951,1727,1457,1757,1557,1337
3776,38099300,1953,1723,1455,1744,1548,1330
3777,38109300,1938,1723,1451,1745,1553,1345
3778,38119300,1958,1725,1456,1741,1548,1335
3779,38129300,1952,1715,1453,1741,1553,1337
3780,38139300,1950,1717,1447,1741,1557,1332
3781,38149300,1950,1716,1453,1744,1553,1337
3782,38159300,1959,1717,1451,1744,1553,1337
3783,38169300,1942,1726,1449,1750,1548,1337
3784,38179300,1946,1722,1454,1745,1552,1311
3785,38189300,1949,1726,1445,1746,1551,1337
3786,38199300,1955,1722,1452,1745,1552,1333
3787,38209300,1946,1723,1458,1752,1552,1335
3788,38219300,1952,1715,1453,1741,1548,1329
3789,38229300,1953,1723,1456,1744,1557,1332
3790,38239300,1947,1716,1470,1745,1553,1330
3791,38249300,1951,1721,1453,1742,1553,1337
3792,38259300,1949,1718,1443,1741,1561,1329
3793,38269300,1955,1717,1454,1747,1553,1333
3794,38279300,1961,1717,1450,1743,1553,1339
3795,38289300,1958,1717,1454,1745,1557,1336
3796,38299300,1947,1721,1492,1750,1557,1338
3797,38309300,1951,1718,1450,1737,1552,1319
3798,38319300,1941,1719,1454,1744,1556,1333
3799,38329300,1949,1719,1443,1747,1556,1337
3800,38339300,1951,1718,1456,1745,1560,1335
3801,38349300,1952,1722,1458,1753,1561,1343
3802,38359300,1948,1727,1446,1741,1563,1337
3803,38369300,1947,1721,1441,1736,1556,1333
3804,38379300,1951,1719,1449,1742,1552,1337
3805,38389300,1953,1715,1457,1734,1555,1333
3806,38399300,1935,1712,1446,1734,1556,1332
3807,38409300,1950,1718,1445,1745,1552,1304
3808,38419300,1941,1722,1456,1749,1552,1337
3809,38429300,1968,1723,1447,1746,1551,1337
3810,38439300,1967,1722,1448,1745,1560,1332
3811,38449300,1949,1721,1473,1741,1556,1346
3812,38459300,1950,1721,1451,1741,1553,1336
3813,38469300,1951,1718,1456,1745,1553,1335
3814,38479300,1955,1714,1455,1745,1550,1335
3815,38489300,1954,1723,1455,1737,1561,1332
3816,38499300,1951,1718,1455,1742,1557,1337
3817,38509300,1951,1726,1453,1741,1549,1337
3818,38519300,1952,1719,1424,1744,1540,1337
3819,38529300,1950,1714,1451,1742,1553,1329
3820,38539300,1951,1725,1453,1722,1554,1340
3821,38549300,1949,1717,1452,1741,1560,1335
3822,38559300,1952,1719,1447,1734,1559,1336
3823,38569300,1953,1717,1451,1741,1553,1334
3824,38579300,1945,1723,1453,1747,1551,1343
3825,38589300,1954,1717,1467,1749,1550,1364
3826,38599300,1943,1725,1453,1741,1564,1330
3827,38609300,1953,1719,1453,1733,1561,1335
3828,38619300,1955,1728,1455,1745,1561,1337
3829,38629300,1945,1725,1451,1744,1561,1337
3830,38639300,1954,1723,1456,1741,1550,1325
3831,38649300,1951,1723,1454,1736,1553,1333
3832,38659300,1954,1717,1456,1745,1569,1335
3833,38669300,1953,1722,1451,1746,1557,1337
3834,38679300,1955,1724,1453,1743,1557,1346
3835,38689300,1955,1727,1457,1741,1558,1364
3836,38699300,1954,1722,1453,1746,1550,1337
3837,38709300,1952,1727,1455,1745,1557,1337
3838,38719300,1950,1719,1447,1745,1553,1329
3839,38729300,1946,1719,1453,1741,1553,1337
3840,38739300,1957,1718,1454,1742,1556,1332
3841,38749300,1953,1718,1454,1742,1558,1335
3842,38759300,1951,1719,1460,1746,1555,1337
3843,38769300,1954,1722,1455,1746,1556,1332
3844,38779300,1952,1730,1458,1723,1558,1337
3845,38789300,1949,1721,1447,1742,1557,1333
3846,38799300,1947,1718,1447,1741,1555,1322
3847,38809300,1949,1722,1451,1743,1550,1335
3848,38819300,1953,1715,1448,1741,1553,1334
3849,38829300,1951,1723,1455,1745,1548,1335
3850,38839300,1952,1722,1456,1741,1556,1337
3851,38849300,1957,1727,1465,1749,1555,1332
3852,38859300,1959,1718,1458,1746,1558,1337
3853,38869300,1950,1722,1454,1741,1560,1337
3854,38879300,1947,1714,1456,1744,1555,1333
3855,38889300,1953,1722,1469,1743,1552,1334
3856,38899300,1936,1717,1456,1744,1548,1327
3857,38909301,1950,1725,1446,1737,1558,1338
3858,38919300,1947,1722,1453,1740,1557,1337
3859,38929301,1949,1724,1424,1741,1560,1333
3860,38939300,1950,1725,1455,1744,1555,1337
3861,38949300,1939,1715,1443,1741,1556,1338
3862,38959300,1950,1723,1456,1748,1530,1336
3863,38969300,1952,1717,1457,1744,1555,1337
3864,38979300,1968,1722,1451,1745,1551,1332
3865,38989300,1952,1717,1455,1750,1549,1337
3866,38999300,1950,1718,1456,1747,1553,1337
3867,39009300,1955,1718,1455,1746,1562,1335
3868,39019300,1951,1721,1456,1741,1555,1336
3869,39029300,1953,1719,1446,1748,1555,1340
3870,39039299,1951,1719,1456,1744,1552,1332
3871,39049300,1953,1725,1456,1742,1558,1332
3872,39059300,1947,1734,1441,1745,1553,1341
3873,39069300,1947,1723,1455,1739,1552,1330
3874,39079300,1951,1723,1438,1744,1551,1327
3875,39089300,1952,1723,1450,1742,1557,1330
3876,39099300,1962,1712,1455,1755,1557,1332
3877,39109300,1958,1724,1456,1765,1559,1337
3878,39119300,1950,1728,1453,1741,1557,1332
3879,39129300,1950,1718,1455,1745,1555,1336
3880,39139300,1951,1719,1454,1750,1549,1337
3881,39149300,1951,1726,1430,1727,1552,1323
3882,39159300,1952,1725,1456,1743,1553,1336
3883,39169300,1944,1713,1454,1740,1552,1337
3884,39179301,1951,1725,1447,1739,1556,1360
3885,39189300,1953,1722,1446,1758,1553,1329
3886,39199300,1923,1726,1456,1745,1555,1337
3887,39209300,1952,1718,1454,1743,1557,1337
3888,39219300,1952,1719,1447,1744,1556,1335
3889,39229300,1953,1715,1452,1746,1558,1335
3890,39239300,1953,1721,1452,1749,1548,1334
3891,39249300,1947,1721,1450,1741,1553,1336
3892,39259299,1952,1725,1456,1742,1560,1330
3893,39269300,1951,1709,1452,1752,1550,1337
3894,39279300,1943,1724,1455,1741,1557,1322
3895,39289300,1953,1718,1456,1741,1553,1337
3896,39299300,1946,1710,1455,1731,1559,1335
3897,39309300,1951,1719,1457,1727,1558,1330
3898,39319300,1948,1712,1457,1754,1553,1337
3899,39329300,1954,1694,1449,1735,1552,1337
3900,39339300,1949,1726,1454,1740,1553,1337
3901,39349300,1957,1729,1454,1741,1553,1334
3902,39359300,1953,1718,1461,1741,1558,1332
3903,39369300,1952,1722,1430,1744,1553,1329
3904,39379300,1946,1720,1424,1732,1553,1337
3905,39389300,1939,1718,1459,1717,1549,1334
3906,39399300,1951,1717,1456,1743,1553,1332
3907,39409300,1950,1719,1445,1744,1555,1336
3908,39419300,1950,1723,1458,1743,1557,1335
3909,39429300,1952,1722,1453,1745,1556,1337
3910,39439300,1949,1714,1454,1739,1549,1336
3911,39449300,1954,1719,1444,1747,1552,1337
3912,39459300,1949,1717,1451,1739,1556,1337
3913,39469300,1950,1718,1451,1742,1550,1335
3914,39479300,1955,1728,1454,1745,1555,1364
3915,39489301,1949,1724,1476,1740,1557,1337
3916,39499300,1952,1719,1451,1750,1552,1337
3917,39509300,1943,1721,1456,1745,1556,1332
3918,39519300,1952,1722,1442,1750,1555,1337
3919,39529300,1953,1725,1443,1746,1553,1348
3920,39539300,1951,1715,1458,1745,1548,1337
3921,39549300,1957,1725,1444,1734,1556,1333
3922,39559300,1947,1723,1474,1741,1545,1364
3923,39569300,1947,1719,1453,1743,1547,1319
3924,39579300,1949,1723,1451,1722,1556,1342
3925,39589300,1936,1722,1450,1739,1556,1337
3926,39599300,1954,1715,1450,1754,1552,1337
3927,39609300,1955,1714,1456,1754,1556,1330
3928,39619300,1948,1713,1453,1745,1555,1335
3929,39629300,1951,1724,1462,1745,1560,1332
3930,39639300,1947,1715,1456,1737,1551,1337
3931,39649300,1942,1722,1452,1745,1548,1336
3932,39659300,1949,1726,1453,1744,1553,1329
3933,39669300,1951,1719,1450,1736,1548,1334
3934,39679300,1953,1717,1443,1745,1555,1337
3935,39689300,1943,1723,1442,1743,1555,1342
3936,39699300,1941,1713,1456,1755,1549,1330
3937,39709300,1949,1718,1454,1745,1556,1335
3938,39719300,1948,1719,1456,1749,1550,1337
3939,39729300,1947,1720,1443,1745,1550,1326
3940,39739300,1954,1719,1454,1747,1527,1325
3941,39749300,1936,1725,1455,1737,1547,1337
3942,39759300,1951,1722,1456,1745,1556,1328
3943,39769300,1952,1727,1468,1740,1560,1337
3944,39779300,1951,1712,1453,1740,1559,1332
3945,39789300,1946,1722,1455,1739,1557,1337
3946,39799300,1947,1722,1456,1740,1558,1335
3947,39809300,1950,1726,1446,1745,1547,1330
3948,39819300,1942,1718,1451,1739,1556,1332
3949,39829300,1942,1725,1455,1744,1557,1337
3950,39839300,1951,1718,1456,1743,1548,1334
3951,39849300,1951,1721,1454,1741,1559,1333
3952,39859300,1955,1722,1453,1732,1550,1332
3953,39869300,1950,1718,1437,1744,1553,1328
3954,39879300,1952,1717,1456,1740,1553,1334
3955,39889300,1952,1715,1446,1740,1550,1330
3956,39899300,1946,1728,1487,1745,1552,1327
3957,39909300,1945,1719,1446,1745,1556,1326
3958,39919300,1962,1713,1454,1741,1552,1337
3959,39929300,1954,1723,1454,1744,1543,1342
3960,39939300,1950,1717,1456,1744,1560,1333
3961,39949300,1951,1715,1456,1744,1556,1332
3962,39959300,1949,1717,1458,1742,1584,1338
3963,39969300,1949,1724,1459,1720,1553,1335
3964,39979300,1951,1725,1453,1736,1556,1319
3965,39989299,1951,1715,1446,1748,1558,1323
3966,39999300,1958,1715,1456,1744,1552,1332
3967,40009300,1952,1719,1454,1745,1554,1337
3968,40019300,1952,1722,1447,1740,1557,1330
3969,40029300,1955,1727,1453,1745,1553,1337
3970,40039300,1953,1714,1450,1732,1548,1337
3971,40049300,1951,1718,1451,1741,1563,1337
3972,40059300,1951,1728,1425,1750,1556,1337
3973,40069299,1949,1711,1451,1745,1562,1323
3974,40079300,1941,1719,1456,1750,1552,1335
3975,40089300,1948,1712,1456,1740,1556,1337
3976,40099299,1957,1712,1459,1746,1560,1337
3977,40109300,1945,1712,1455,1761,1548,1331
3978,40119300,1952,1721,1446,1744,1550,1322
3979,40129300,1955,1719,1456,1746,1553,1337
3980,40139300,1941,1721,1451,1736,1550,1332
3981,40149300,1952,1717,1456,1732,1553,1351
3982,40159300,1959,1723,1455,1745,1562,1336
3983,40169300,1949,1715,1448,1741,1557,1335
3984,40179300,1946,1719,1456,1745,1559,1333
3985,40189300,1949,1719,1450,1740,1549,1333
3986,40199299,1949,1723,1456,1741,1565,1340
3987,40209300,1947,1718,1456,1740,1555,1328
3988,40219300,1947,1725,1454,1747,1558,1336
3989,40229300,1947,1721,1457,1744,1556,1337
3990,40239300,1945,1719,1454,1747,1557,1329
3991,40249300,1947,1725,1473,1745,1553,1337
3992,40259300,1955,1712,1455,1743,1559,1337
3993,40269300,1945,1715,1454,1744,1565,1328
3994,40279300,1953,1722,1456,1743,1557,1335
3995,40289300,1956,1723,1456,1744,1561,1337
3996,40299300,1943,1713,1454,1739,1548,1328
3997,40309300,1958,1720,1451,1743,1548,1330
3998,40319300,1956,1718,1445,1746,1553,1330
3999,40329300,1946,1725,1450,1746,1553,1333
4000,40339300,1945,1722,1451,1741,1553,1335
4001,40349300,1953,1715,1456,1746,1553,1332
4002,40359300,1951,1719,1449,1736,1550,1336
4003,40369300,1956,1713,1450,1740,1550,1336
4004,40379300,1942,1723,1454,1746,1553,1337
4005,40389300,1950,1691,1447,1752,1556,1332
4006,40399300,1947,1719,1452,1737,1548,1335
4007,40409300,1945,1719,1454,1741,1553,1330
4008,40419300,1953,1722,1445,1741,1553,1327
4009,40429300,1951,1725,1450,1731,1557,1332
4010,40439300,1948,1715,1453,1742,1550,1333
4011,40449300,1954,1722,1455,1746,1553,1337
4012,40459300,1939,1712,1454,1745,1553,1335
4013,40469300,1945,1725,1457,1745,1557,1335
4014,40479300,1958,1712,1431,1744,1558,1322
4015,40489300,1957,1719,1447,1744,1560,1337
4016,40499300,1953,1712,1467,1736,1530,1333
4017,40509300,1959,1718,1455,1745,1552,1338
4018,40519300,1957,1717,1453,1741,1553,1337
4019,40529300,1954,1714,1450,1743,1553,1343
4020,40539300,1945,1721,1453,1740,1556,1337
4021,40549300,1946,1715,1454,1737,1559,1333
4022,40559300,1950,1719,1453,1746,1556,1338
4023,40569300,1945,1725,1447,1746,1557,1336
4024,40579300,1950,1718,1456,1743,1556,1337
4025,40589300,1951,1702,1453,1744,1553,1330
4026,40599300,1955,1729,1452,1742,1556,1330
4027,40609299,1948,1724,1455,1746,1553,1337
4028,40619300,1955,1712,1450,1744,1558,1336
4029,40629300,1952,1715,1456,1740,1553,1333
4030,40639300,1929,1717,1448,1746,1552,1337
4031,40649300,1952,1724,1456,1748,1560,1332
4032,40659300,1952,1720,1454,1741,1552,1332
4033,40669300,1946,1719,1454,1742,1548,1337
4034,40679300,1954,1728,1447,1746,1555,1335
4035,40689299,1948,1729,1449,1745,1585,1334
4036,40699300,1949,1718,1453,1744,1553,1337
4037,40709300,1962,1723,1450,1742,1559,1337
4038,40719300,1950,1719,1466,1743,1548,1345
4039,40729299,1954,1722,1456,1742,1554,1337
4040,40739300,1958,1713,1449,1743,1555,1336
4041,40749300,1951,1717,1485,1744,1552,1333
4042,40759300,1949,1715,1481,1744,1548,1333
4043,40769300,1947,1719,1445,1736,1555,1323
4044,40779300,1948,1722,1471,1744,1558,1337
4045,40789300,1949,1717,1468,1745,1553,1337
4046,40799300,1947,1721,1452,1742,1553,1337
4047,40809300,1950,1722,1458,1741,1551,1333
4048,40819300,1953,1726,1466,1744,1553,1336
4049,40829300,1955,1724,1456,1745,1552,1338
4050,40839300,1941,1721,1455,1745,1553,1336
4051,40849300,1951,1723,1454,1741,1552,1330
4052,40859300,1951,1715,1447,1743,1553,1337
4053,40869300,1947,1715,1442,1737,1566,1328
4054,40879300,1952,1726,1455,1736,1553,1337
4055,40889300,1941,1719,1449,1743,1548,1349
4056,40899300,1956,1713,1456,1745,1553,1333
4057,40909300,1949,1724,1455,1744,1553,1332
4058,40919300,1949,1718,1462,1742,1553,1340
4059,40929300,1945,1716,1454,1740,1556,1333
4060,40939300,1949,1719,1438,1744,1557,1342
4061,40949300,1951,1718,1456,1741,1539,1332
4062,40959300,1947,1716,1454,1739,1552,1337
4063,40969300,1954,1717,1460,1746,1556,1333
4064,40979300,1967,1743,1449,1745,1549,1337
4065,40989300,1945,1715,1453,1742,1552,1337
4066,40999300,1947,1719,1454,1745,1550,1332
4067,41009300,1921,1722,1451,1745,1553,1334
4068,41019300,1957,1719,1487,1740,1553,1337
4069,41029300,1952,1719,1451,1745,1549,1337
4070,41039300,1943,1726,1455,1745,1546,1327
4071,41049300,1949,1725,1457,1749,1558,1342
4072,41059300,1954,1723,1434,1752,1557,1337
4073,41069300,1952,1723,1454,1742,1555,1306
4074,41079300,1954,1725,1456,1750,1566,1342
4075,41089300,1967,1720,1454,1744,1551,1336
4076,41099300,1950,1718,1450,1754,1554,1333
4077,41109300,1947,1723,1457,1744,1549,1336
4078,41119300,1949,1723,1451,1745,1548,1337
4079,41129300,1951,1726,1458,1750,1552,1332
4080,41139300,1939,1718,1452,1740,1563,1330
4081,41149300,1951,1714,1456,1752,1556,1337
4082,41159300,1953,1727,1446,1736,1557,1337
4083,41169300,1947,1718,1455,1744,1559,1336
4084,41179300,1950,1719,1454,1737,1553,1343
4085,41189300,1967,1721,1456,1743,1553,1337
4086,41199300,1954,1717,1446,1745,1548,1337
4087,41209300,1947,1728,1456,1740,1545,1337
4088,41219300,1949,1712,1455,1744,1552,1332
4089,41229300,1959,1716,1449,1743,1547,1322
4090,41239300,1949,1713,1451,1745,1569,1328
4091,41249300,1946,1719,1456,1743,1550,1335
4092,41259300,1950,1719,1466,1740,1555,1314
4093,41269300,1951,1720,1424,1743,1555,1329
4094,41279300,1948,1717,1451,1736,1562,1338
4095,41289300,1951,1727,1451,1741,1550,1328
4096,41299300,1947,1723,1454,1740,1556,1337
4097,41309300,1954,1715,1454,1745,1562,1336
4098,41319300,1953,1721,1457,1750,1555,1337
4099,41329300,1952,1723,1452,1734,1556,1340
4100,41339300,1949,1723,1456,1742,1556,1330
4101,41349300,1956,1712,1456,1740,1553,1329
4102,41359300,1953,1715,1455,1742,1555,1337
4103,41369300,1942,1719,1453,1744,1557,1337
4104,41379300,1945,1731,1453,1747,1560,1337
4105,41389300,1955,1715,1455,1739,1558,1337
4106,41399300,1949,1717,1455,1744,1548,1337
4107,41409300,1945,1727,1458,1745,1553,1336
4108,41419300,1948,1717,1449,1736,1560,1332
4109,41429300,1954,1721,1451,1749,1557,1332
4110,41439300,1951,1722,1456,1741,1553,1332
4111,41449300,1940,1731,1451,1740,1552,1335
4112,41459300,1952,1721,1455,1745,1556,1333
4113,41469300,1947,1723,1449,1744,1557,1337
4114,41479300,1949,1735,1456,1755,1557,1329
4115,41489300,1958,1723,1449,1735,1549,1337
4116,41499300,1951,1722,1456,1750,1555,1333
4117,41509300,1959,1722,1456,1745,1553,1335
4118,41519300,1925,1723,1455,1731,1550,1339
4119,41529300,1952,1730,1447,1745,1557,1339
4120,41539300,1950,1719,1455,1753,1561,1332
4121,41549300,1954,1723,1456,1749,1560,1337
4122,41559300,1951,1723,1456,1745,1553,1337
4123,41569300,1954,1726,1454,1747,1555,1337
4124,41579300,1953,1731,1454,1747,1556,1337
4125,41589300,1968,1715,1454,1745,1555,1337
4126,41599300,1955,1724,1454,1741,1559,1335
4127,41609300,1925,1723,1456,1753,1553,1333
4128,41619300,1933,1718,1454,1741,1549,1339
4129,41629300,1947,1717,1456,1743,1558,1335
4130,41639300,1953,1722,1452,1741,1553,1332
4131,41649300,1950,1717,1458,1741,1558,1337
4132,41659300,1949,1722,1453,1740,1555,1336
4133,41669300,1958,1714,1455,1735,1548,1329
4134,41679300,1955,1729,1453,1745,1555,1330
4135,41689301,1947,1727,1450,1737,1560,1337
4136,41699300,1950,1695,1456,1747,1553,1333
4137,41709300,1953,1721,1456,1736,1550,1332
4138,41719301,1943,1715,1449,1744,1558,1343
4139,41729300,1945,1716,1451,1741,1557,1335
4140,41739300,1950,1719,1456,1734,1552,1337
4141,41749300,1950,1719,1456,1741,1553,1328
4142,41759300,1952,1713,1455,1739,1560,1339
4143,41769300,1964,1725,1459,1739,1552,1336
4144,41779300,1935,1729,1456,1737,1553,1330
4145,41789300,1952,1716,1456,1746,1548,1326
4146,41799300,1952,1722,1456,1750,1551,1335
4147,41809300,1953,1727,1447,1743,1559,1314
4148,41819301,1950,1715,1457,1745,1553,1337
4149,41829300,1936,1719,1455,1737,1553,1333
4150,41839300,1936,1731,1456,1740,1558,1342
4151,41849300,1971,1723,1455,1742,1555,1332
4152,41859300,1953,1716,1447,1744,1556,1337
4153,41869300,1955,1717,1466,1744,1551,1328
4154,41879300,1946,1721,1451,1746,1557,1337
4155,41889300,1950,1721,1456,1742,1574,1337
4156,41899300,1948,1723,1447,1731,1548,1332
4157,41909300,1969,1722,1454,1729,1558,1333
4158,41919300,1951,1722,1454,1742,1555,1327
4159,41929300,1957,1722,1455,1749,1561,1335
4160,41939300,1949,1690,1431,1740,1557,1335
4161,41949300,1945,1723,1454,1747,1548,1338
4162,41959300,1949,1713,1455,1750,1553,1333
4163,41969300,1951,1719,1450,1744,1558,1335
4164,41979300,1953,1717,1455,1744,1550,1337
4165,41989300,1943,1722,1458,1744,1559,1342
4166,41999300,1922,1728,1456,1745,1556,1337
4167,42009300,1945,1718,1456,1745,1553,1337
4168,42019300,1963,1723,1455,1746,1550,1332
4169,42029300,1955,1718,1455,1739,1560,1333
4170,42039300,1953,1723,1456,1734,1553,1337
4171,42049300,1909,1713,1453,1746,1557,1337
4172,42059300,1949,1723,1455,1745,1555,1337
4173,42069299,1947,1730,1457,1741,1549,1335
4174,42079300,1951,1724,1456,1742,1553,1364
4175,42089300,1952,1723,1453,1743,1553,1336
4176,42099300,1951,1725,1451,1743,1559,1333
4177,42109300,1950,1719,1441,1743,1557,1344
4178,42119300,1947,1721,1453,1745,1552,1334
4179,42129300,1949,1723,1454,1742,1552,1332
4180,42139299,1955,1725,1454,1746,1550,1342
4181,42149300,1951,1722,1456,1744,1548,1336
4182,42159300,1952,1737,1455,1750,1553,1334
4183,42169300,1949,1717,1454,1740,1548,1337
4184,42179300,1950,1717,1456,1734,1548,1337
4185,42189300,1950,1723,1444,1731,1553,1333
4186,42199300,1951,1718,1449,1741,1548,1334
4187,42209300,1947,1718,1445,1743,1562,1333
4188,42219300,1954,1725,1457,1742,1558,1332
4189,42229300,1959,1722,1456,1744,1556,1337
4190,42239300,1947,1723,1453,1744,1548,1337
4191,42249300,1947,1717,1451,1745,1557,1335
4192,42259300,1951,1722,1470,1745,1562,1333
4193,42269300,1951,1711,1456,1747,1551,1335
4194,42279300,1954,1718,1451,1745,1550,1336
4195,42289300,1946,1719,1443,1744,1549,1336
4196,42299300,1949,1716,1442,1744,1552,1333
4197,42309300,1949,1717,1463,1742,1572,1323
4198,42319300,1949,1723,1456,1744,1555,1340
4199,42329300,1950,1719,1451,1745,1565,1335
4200,42339300,1938,1718,1445,1743,1555,1337
4201,42349300,1950,1723,1451,1745,1555,1335
4202,42359300,1951,1718,1441,1736,1548,1337
4203,42369300,1975,1718,1454,1750,1554,1334
4204,42379300,1946,1721,1465,1744,1557,1332
4205,42389300,1968,1722,1456,1758,1549,1332
4206,42399300,1950,1714,1454,1745,1560,1336
4207,42409300,1954,1715,1456,1742,1556,1336
4208,42419300,1953,1714,1450,1749,1553,1321
4209,42429300,1951,1719,1456,1743,1550,1328
4210,42439300,1950,1715,1452,1736,1555,1333
4211,42449300,1950,1723,1447,1741,1557,1327
4212,42459300,1947,1721,1453,1734,1559,1337
4213,42469300,1957,1719,1425,1743,1553,1337
4214,42479300,1947,1723,1446,1742,1548,1335
4215,42489300,1968,1717,1456,1745,1553,1339
4216,42499300,1950,1715,1456,1738,1552,1332
4217,42509300,1947,1716,1451,1744,1559,1336
4218,42519300,1955,1723,1457,1741,1557,1332
4219,42529300,1947,1721,1454,1748,1559,1327
4220,42539300,1951,1720,1453,1746,1553,1337
4221,42549300,1950,1729,1449,1741,1555,1343
4222,42559300,1958,1719,1451,1740,1558,1325
4223,42569300,1954,1718,1452,1744,1536,1335
4224,42579300,1946,1723,1453,1737,1535,1349
4225,42589300,1946,1719,1458,1743,1558,1337
4226,42599300,1945,1730,1451,1734,1555,1337
4227,42609300,1953,1715,1453,1746,1557,1324
4228,42619300,1957,1722,1438,1741,1555,1333
4229,42629300,1951,1711,1454,1743,1548,1330
4230,42639300,1951,1717,1452,1736,1553,1329
4231,42649299,1951,1723,1451,1741,1553,1337
4232,42659300,1947,1724,1454,1741,1561,1325
4233,42669300,1953,1720,1453,1741,1534,1328
4234,42679300,1949,1718,1455,1737,1553,1328
4235,42689300,1935,1712,1446,1730,1550,1337
4236,42699300,1953,1715,1455,1743,1562,1337
4237,42709300,1941,1722,1446,1743,1552,1333
4238,42719300,1947,1719,1450,1737,1543,1346
4239,42729300,1947,1715,1447,1744,1548,1343
4240,42739300,1951,1727,1443,1731,1553,1341
4241,42749300,1956,1712,1447,1747,1549,1320
4242,42759300,1953,1713,1455,1745,1557,1338
4243,42769300,1949,1718,1455,1739,1557,1334
4244,42779300,1956,1715,1454,1736,1553,1320
4245,42789300,1950,1726,1455,1744,1535,1315
4246,42799299,1957,1713,1456,1743,1553,1337
4247,42809300,1947,1725,1451,1742,1553,1337
4248,42819300,1947,1718,1459,1720,1555,1330
4249,42829300,1978,1719,1455,1736,1555,1337
4250,42839300,1953,1728,1450,1743,1560,1337
4251,42849300,1949,1723,1456,1744,1559,1337
4252,42859300,1954,1721,1451,1741,1558,1332
4253,42869300,1949,1718,1453,1743,1555,1337
4254,42879300,1951,1725,1450,1736,1552,1335
4255,42889300,1952,1712,1459,1743,1548,1337
4256,42899300,1936,1705,1447,1746,1556,1336
4257,42909299,1969,1723,1455,1745,1555,1332
4258,42919300,1942,1718,1452,1744,1552,1337
4259,42929300,1953,1723,1447,1741,1562,1323
4260,42939299,1948,1712,1476,1743,1553,1333
4261,42949300,1952,1714,1456,1746,1548,1337
4262,42959300,1951,1723,1449,1744,1555,1333
4263,42969300,1946,1715,1450,1747,1558,1329
4264,42979300,1945,1719,1446,1742,1555,1340
4265,42989300,1942,1711,1445,1754,1555,1335
4266,42999299,1955,1718,1456,1744,1556,1337
4267,43009300,1968,1711,1461,1729,1562,1334
4268,43019300,1951,1717,1462,1741,1548,1337
4269,43029300,1951,1713,1451,1740,1559,1339
4270,43039300,1951,1731,1450,1737,1557,1331
4271,43049300,1954,1719,1451,1730,1555,1329
4272,43059300,1951,1722,1457,1742,1557,1337
4273,43069300,1971,1719,1455,1742,1557,1337
4274,43079299,1959,1722,1459,1745,1552,1337
4275,43089300,1943,1715,1445,1743,1551,1328
4276,43099300,1947,1729,1461,1743,1552,1337
4277,43109300,1949,1723,1456,1722,1558,1337
4278,43119299,1945,1723,1456,1741,1556,1337
4279,43129300,1952,1719,1446,1745,1545,1363
4280,43139300,1950,1725,1456,1742,1553,1337
4281,43149300,1947,1717,1453,1743,1559,1337
4282,43159300,1950,1723,1456,1736,1552,1334
4283,43169300,1931,1718,1454,1737,1552,1337
4284,43179299,1948,1721,1456,1741,1553,1336
4285,43189300,1949,1718,1459,1745,1569,1335
4286,43199299,1953,1719,1453,1741,1553,1333
4287,43209300,1947,1721,1449,1745,1548,1335
4288,43219300,1949,1723,1454,1745,1555,1339
4289,43229300,1941,1719,1446,1740,1553,1337
4290,43239300,1951,1717,1458,1737,1559,1327
4291,43249300,1945,1722,1456,1745,1557,1336
4292,43259300,1952,1718,1448,1742,1557,1332
4293,43269300,1951,1722,1449,1731,1548,1329
4294,43279300,1937,1712,1451,1743,1559,1333
4295,43289300,1949,1718,1461,1745,1553,1342
4296,43299300,1951,1724,1450,1742,1553,1336
4297,43309299,1951,1721,1448,1741,1548,1334
4298,43319299,1949,1717,1456,1744,1556,1337
4299,43329300,1956,1718,1456,1741,1529,1337
4300,43339300,1922,1731,1443,1739,1548,1335
4301,43349300,1943,1721,1446,1762,1556,1337
4302,43359301,1947,1725,1454,1746,1556,1337
4303,43369300,1946,1722,1445,1739,1550,1328
4304,43379300,1952,1718,1447,1741,1560,1337
4305,43389300,1943,1722,1439,1742,1552,1337
4306,43399300,1962,1723,1447,1741,1553,1337
4307,43409300,1950,1716,1456,1743,1557,1338
4308,43419300,1953,1712,1444,1737,1557,1335
4309,43429300,1947,1722,1455,1748,1553,1332
4310,43439300,1952,1719,1456,1743,1557,1333
4311,43449300,1963,1717,1451,1744,1552,1337
4312,43459300,1953,1712,1455,1744,1550,1336
4313,43469300,1952,1717,1451,1742,1554,1337
4314,43479300,1950,1723,1450,1755,1555,1337
4315,43489300,1947,1713,1456,1739,1552,1337
4316,43499300,1949,1721,1443,1745,1573,1340
4317,43509300,1943,1721,1447,1744,1561,1335
4318,43519300,1950,1714,1450,1742,1552,1332
4319,43529300,1949,1744,1456,1737,1553,1337
4320,43539299,1954,1717,1451,1734,1558,1335
4321,43549300,1951,1728,1450,1745,1553,1339
4322,43559300,1951,1719,1443,1737,1553,1342
4323,43569300,1951,1719,1443,1743,1558,1334
4324,43579300,1945,1712,1457,1742,1562,1333
4325,43589300,1943,1730,1452,1740,1558,1337
4326,43599300,1953,1718,1456,1759,1550,1337
4327,43609299,1939,1718,1454,1742,1556,1337
4328,43619300,1951,1715,1451,1745,1556,1337
4329,43629300,1946,1722,1457,1743,1553,1335
4330,43639300,1953,1719,1456,1739,1555,1337
4331,43649300,1953,1725,1470,1744,1548,1341
4332,43659300,1965,1718,1451,1745,1555,1337
4333,43669300,1955,1721,1455,1747,1556,1336
4334,43679300,1951,1718,1461,1743,1550,1337
4335,43689300,1949,1719,1452,1743,1561,1323
4336,43699300,1959,1717,1454,1744,1550,1330
4337,43709300,1950,1719,1456,1745,1559,1335
4338,43719300,1955,1723,1450,1741,1577,1337
4339,43729300,1953,1712,1456,1745,1557,1337
4340,43739300,1946,1727,1441,1746,1549,1345
4341,43749300,1942,1735,1455,1745,1552,1335
4342,43759300,1953,1715,1416,1739,1556,1338
4343,43769300,1961,1723,1456,1736,1548,1337
4344,43779299,1954,1721,1461,1745,1552,1337
4345,43789300,1950,1725,1454,1744,1553,1348
4346,43799300,1953,1717,1458,1748,1553,1332
4347,43809300,1956,1722,1450,1739,1553,1330
4348,43819300,1952,1727,1456,1740,1559,1337
4349,43829300,1951,1722,1451,1745,1525,1331
4350,43839300,1957,1712,1463,1743,1548,1339
4351,43849300,1968,1721,1456,1737,1553,1333
4352,43859300,1953,1715,1449,1730,1558,1334
4353,43869300,1952,1728,1461,1745,1556,1337
4354,43879300,1949,1718,1449,1745,1549,1335
4355,43889300,1953,1715,1452,1737,1547,1335
4356,43899300,1950,1708,1456,1743,1553,1332
4357,43909300,1949,1722,1454,1736,1557,1337
4358,43919300,1951,1722,1454,1736,1553,1321
4359,43929300,1951,1716,1460,1731,1552,1323
4360,43939300,1951,1714,1456,1744,1560,1335
4361,43949300,1949,1714,1446,1739,1574,1337
4362,43959300,1951,1725,1452,1741,1558,1341
4363,43969300,1950,1718,1454,1740,1552,1333
4364,43979300,1952,1727,1456,1743,1558,1345
4365,43989300,1953,1717,1455,1745,1557,1334
4366,43999300,1949,1719,1420,1747,1557,1329
4367,44009300,1943,1717,1454,1748,1556,1329
4368,44019300,1945,1727,1456,1745,1548,1337
4369,44029300,1950,1721,1455,1743,1562,1337
4370,44039300,1943,1717,1456,1743,1553,1329
4371,44049300,1946,1721,1449,1736,1553,1333
4372,44059300,1955,1716,1456,1745,1551,1337
4373,44069300,1963,1724,1455,1742,1558,1339
4374,44079300,1954,1723,1455,1743,1555,1337
4375,44089300,1953,1719,1455,1745,1548,1337
4376,44099300,1951,1735,1447,1743,1555,1338
4377,44109300,1951,1713,1454,1741,1557,1337
4378,44119300,1947,1722,1454,1750,1553,1337
4379,44129300,1950,1722,1452,1743,1555,1330
4380,44139300,1954,1715,1451,1739,1552,1328
4381,44149300,1948,1726,1457,1741,1560,1334
4382,44159300,1951,1725,1456,1736,1559,1328
4383,44169300,1955,1712,1455,1737,1566,1327
4384,44179300,1916,1722,1455,1750,1560,1347
4385,44189300,1959,1730,1456,1745,1555,1330
4386,44199300,1954,1726,1455,1747,1549,1323
4387,44209300,1955,1722,1456,1736,1553,1337
4388,44219300,1939,1723,1451,1747,1560,1336
4389,44229300,1954,1722,1454,1741,1562,1337
4390,44239300,1943,1723,1456,1744,1554,1330
4391,44249300,1954,1727,1459,1740,1560,1355
4392,44259300,1943,1723,1457,1742,1553,1335
4393,44269300,1945,1712,1456,1750,1553,1335
4394,44279300,1949,1715,1455,1741,1552,1337
4395,44289300,1951,1729,1473,1744,1553,1337
4396,44299300,1946,1714,1457,1747,1557,1337
4397,44309300,1951,1722,1453,1746,1553,1337
4398,44319300,1953,1720,1466,1745,1553,1336
4399,44329300,1946,1723,1456,1744,1552,1335
4400,44339300,1958,1718,1456,1737,1558,1337
4401,44349300,1950,1717,1456,1747,1559,1332
4402,44359300,1953,1723,1455,1750,1556,1337
4403,44369300,1955,1721,1461,1746,1557,1333
4404,44379300,1953,1725,1454,1739,1559,1338
4405,44389300,1950,1721,1454,1744,1552,1335
4406,44399301,1953,1721,1452,1749,1556,1337
4407,44409300,1954,1717,1447,1744,1562,1337
4408,44419300,1947,1715,1453,1745,1553,1333
4409,44429301,1957,1718,1451,1745,1557,1337
4410,44439300,1953,1727,1451,1747,1559,1332
4411,44449300,1963,1721,1452,1737,1553,1333
4412,44459300,1951,1723,1456,1747,1557,1337
4413,44469300,1947,1714,1443,1744,1553,1333
4414,44479301,1953,1718,1445,1746,1553,1332
4415,44489300,1958,1722,1452,1741,1550,1337
4416,44499300,1952,1722,1454,1740,1553,1332
4417,44509300,1934,1719,1455,1741,1557,1337
4418,44519300,1952,1717,1455,1745,1549,1337
4419,44529300,1937,1711,1456,1744,1556,1332
4420,44539300,1945,1727,1456,1744,1547,1330
4421,44549300,1953,1725,1459,1749,1543,1342
4422,44559300,1954,1717,1456,1743,1553,1332
4423,44569300,1947,1724,1455,1746,1559,1338
4424,44579300,1954,1718,1455,1745,1548,1337
4425,44589300,1952,1712,1453,1726,1553,1337
4426,44599300,1950,1717,1456,1744,1553,1334
4427,44609300,1950,1714,1455,1740,1557,1337
4428,44619300,1953,1722,1455,1742,1553,1340
4429,44629300,1945,1718,1447,1741,1553,1334
4430,44639300,1947,1716,1456,1727,1557,1333
4431,44649300,1942,1722,1454,1745,1556,1337
4432,44659300,1953,1717,1456,1744,1555,1336
4433,44669300,1951,1695,1456,1735,1548,1337
4434,44679300,1950,1738,1453,1750,1563,1334
4435,44689300,1946,1719,1455,1747,1557,1336
4436,44699300,1945,1731,1456,1745,1559,1339
4437,44709300,1954,1725,1450,1743,1557,1337
4438,44719300,1947,1719,1441,1746,1557,1337
4439,44729300,1951,1715,1457,1747,1553,1336
4440,44739300,1947,1725,1456,1748,1556,1335
4441,44749300,1949,1737,1454,1747,1553,1337
4442,44759300,1969,1721,1446,1743,1552,1337
4443,44769300,1946,1719,1453,1739,1556,1337
4444,44779300,1953,1728,1447,1749,1557,1337
4445,44789300,1952,1726,1443,1744,1556,1335
4446,44799299,1950,1721,1455,1743,1559,1338
4447,44809300,1951,1726,1458,1740,1560,1336
4448,44819300,1942,1722,1454,1741,1559,1336
4449,44829300,1949,1718,1467,1744,1555,1329
4450,44839300,1950,1719,1450,1746,1556,1338
4451,44849300,1954,1716,1457,1746,1556,1337
4452,44859300,1943,1718,1453,1745,1557,1328
4453,44869300,1951,1719,1456,1741,1558,1336
4454,44879300,1953,1718,1450,1745,1559,1337
4455,44889300,1943,1725,1452,1741,1553,1332
4456,44899300,1951,1725,1453,1745,1561,1337
4457,44909300,1955,1723,1454,1741,1559,1337
4458,44919299,1954,1717,1459,1741,1547,1325
4459,44929299,1948,1723,1455,1751,1553,1335
4460,44939300,1939,1721,1455,1740,1548,1333
4461,44949300,1951,1719,1459,1741,1559,1337
4462,44959300,1952,1725,1456,1740,1557,1337
4463,44969300,1952,1721,1456,1737,1560,1337
4464,44979300,1952,1724,1456,1748,1559,1337
4465,44989300,1949,1718,1454,1744,1558,1337
4466,44999300,1959,1722,1454,1745,1553,1337
4467,45009300,1946,1725,1450,1744,1552,1339
4468,45019300,1945,1715,1449,1737,1555,1337
4469,45029300,1955,1728,1445,1740,1557,1342
4470,45039299,1953,1728,1454,1746,1558,1337
4471,45049300,1950,1715,1454,1745,1553,1336
4472,45059300,1950,1719,1455,1753,1553,1336
4473,45069300,1933,1722,1455,1740,1548,1337
4474,45079300,1951,1717,1456,1746,1553,1339
4475,45089300,1945,1717,1417,1741,1553,1337
4476,45099300,1951,1726,1456,1749,1557,1337
4477,45109300,1955,1723,1456,1745,1553,1340
4478,45119300,1949,1721,1455,1745,1553,1335
4479,45129300,1953,1722,1465,1746,1555,1335
4480,45139300,1947,1723,1466,1744,1548,1337
4481,45149301,1953,1723,1454,1750,1553,1339
4482,45159300,1961,1739,1457,1750,1553,1337
4483,45169300,1951,1717,1456,1718,1553,1337
4484,45179300,1947,1718,1455,1740,1551,1337
4485,45189300,1954,1719,1454,1743,1566,1304
4486,45199300,1947,1718,1456,1744,1553,1335
4487,45209300,1951,1737,1453,1750,1558,1336
4488,45219300,1946,1719,1456,1745,1552,1346
4489,45229300,1953,1715,1456,1748,1557,1337
4490,45239300,1951,1725,1456,1742,1555,1333
4491,45249300,1951,1712,1454,1743,1552,1334
4492,45259300,1951,1721,1456,1742,1556,1332
4493,45269300,1951,1733,1426,1744,1560,1314
4494,45279300,1946,1722,1453,1749,1560,1332
4495,45289300,1948,1719,1446,1748,1560,1337
4496,45299300,1945,1713,1456,1744,1556,1340
4497,45309300,1953,1721,1433,1745,1565,1337
4498,45319300,1951,1722,1460,1741,1556,1339
4499,45329300,1961,1718,1456,1734,1553,1335
4500,45339300,1953,1725,1453,1743,1556,1339
4501,45349300,1953,1719,1450,1741,1556,1335
4502,45359300,1954,1723,1456,1744,1549,1337
4503,45369300,1963,1719,1453,1749,1548,1335
4504,45379300,1943,1722,1456,1743,1553,1337
4505,45389300,1947,1718,1441,1737,1557,1336
4506,45399299,1947,1716,1447,1746,1553,1332
4507,45409300,1949,1718,1443,1743,1549,1337
4508,45419300,1950,1719,1451,1745,1555,1332
4509,45429300,1955,1718,1457,1752,1537,1337
4510,45439300,1955,1727,1456,1745,1553,1335
4511,45449300,1954,1714,1440,1744,1559,1337
4512,45459300,1958,1714,1451,1740,1555,1337
4513,45469300,1950,1729,1452,1745,1553,1333
4514,45479300,1951,1724,1455,1746,1556,1332
4515,45489300,1942,1726,1461,1741,1559,1333
4516,45499300,1959,1715,1454,1736,1549,1328
4517,45509300,1951,1719,1455,1740,1555,1335
4518,45519300,1943,1723,1454,1741,1556,1326
4519,45529300,1951,1723,1455,1741,1549,1337
4520,45539300,1951,1713,1456,1745,1556,1336
4521,45549300,1946,1718,1456,1748,1553,1312
4522,45559300,1951,1713,1452,1746,1548,1337
4523,45569300,1957,1718,1451,1740,1573,1309
4524,45579300,1956,1721,1458,1746,1558,1337
4525,45589300,1941,1719,1453,1750,1555,1346
4526,45599300,1955,1725,1452,1741,1551,1330
4527,45609300,1951,1721,1456,1749,1550,1337
4528,45619300,1951,1719,1456,1739,1553,1335
4529,45629300,1950,1726,1462,1739,1557,1340
4530,45639300,1946,1715,1438,1745,1555,1330
4531,45649300,1948,1718,1453,1741,1556,1337
4532,45659300,1954,1730,1456,1736,1554,1337
4533,45669300,1951,1721,1443,1742,1550,1337
4534,45679300,1955,1722,1446,1741,1555,1337
4535,45689300,1951,1719,1441,1744,1557,1337
4536,45699300,1957,1738,1456,1745,1555,1338
4537,45709300,1942,1727,1451,1741,1549,1337
4538,45719300,1956,1715,1453,1743,1553,1335
4539,45729300,1951,1721,1453,1745,1558,1338
4540,45739300,1951,1727,1455,1740,1556,1337
4541,45749300,1968,1719,1457,1742,1558,1335
4542,45759300,1968,1719,1458,1747,1553,1329
4543,45769300,1966,1714,1458,1731,1548,1334
4544,45779300,1955,1732,1455,1740,1559,1339
4545,45789300,1950,1745,1456,1744,1557,1335
4546,45799300,1950,1723,1451,1746,1552,1339
4547,45809300,1952,1730,1474,1747,1553,1328
4548,45819300,1949,1719,1456,1741,1550,1337
4549,45829299,1946,1722,1452,1745,1560,1337
4550,45839300,1951,1707,1467,1736,1550,1338
4551,45849300,1959,1724,1438,1737,1559,1337
4552,45859300,1950,1719,1456,1744,1545,1333
4553,45869300,1947,1723,1449,1744,1553,1340
4554,45879300,1950,1715,1445,1742,1550,1337
4555,45889300,1949,1719,1453,1741,1547,1329
4556,45899300,1950,1719,1451,1743,1552,1335
4557,45909300,1949,1723,1451,1730,1552,1334
4558,45919300,1955,1725,1456,1736,1552,1337
4559,45929300,1955,1714,1450,1744,1562,1335
4560,45939300,1951,1730,1469,1742,1556,1371
4561,45949300,1957,1719,1459,1747,1558,1333
4562,45959300,1946,1722,1454,1766,1558,1329
4563,45969300,1955,1710,1456,1740,1555,1337
4564,45979300,1951,1751,1450,1737,1563,1335
4565,45989300,1946,1719,1456,1744,1561,1332
4566,45999300,1954,1727,1455,1743,1558,1337
4567,46009300,1950,1719,1454,1743,1545,1336
4568,46019300,1951,1727,1456,1713,1558,1337
4569,46029301,1953,1718,1454,1745,1552,1328
4570,46039300,1964,1713,1451,1736,1550,1335
4571,46049300,1946,1730,1456,1745,1549,1335
4572,46059300,1952,1726,1436,1744,1553,1342
4573,46069300,1952,1717,1455,1745,1553,1337
4574,46079300,1957,1715,1447,1750,1565,1337
4575,46089300,1954,1711,1459,1745,1552,1335
4576,46099300,1951,1723,1456,1737,1562,1333
4577,46109300,1939,1723,1444,1741,1555,1327
4578,46119300,1946,1719,1453,1744,1555,1337
4579,46129300,1949,1724,1455,1744,1560,1337
4580,46139300,1950,1718,1451,1741,1561,1337
4581,46149299,1955,1727,1457,1739,1552,1336
4582,46159300,1947,1711,1453,1759,1553,1339
4583,46169300,1947,1718,1486,1744,1558,1337
4584,46179300,1947,1729,1455,1747,1557,1329
4585,46189300,1951,1726,1450,1744,1549,1338
4586,46199300,1949,1719,1455,1739,1559,1332
4587,46209300,1952,1724,1449,1737,1556,1337
4588,46219300,1961,1727,1456,1741,1559,1341
4589,46229300,1948,1727,1455,1744,1551,1330
4590,46239300,1949,1719,1450,1764,1548,1337
4591,46249300,1938,1725,1457,1740,1565,1323
4592,46259300,1951,1715,1456,1744,1553,1337
4593,46269300,1950,1718,1456,1744,1560,1332
4594,46279300,1942,1727,1455,1730,1556,1337
4595,46289300,1953,1717,1442,1744,1556,1329
4596,46299300,1950,1723,1457,1741,1552,1337
4597,46309300,1953,1725,1456,1731,1552,1337
4598,46319300,1948,1717,1437,1740,1555,1337
4599,46329299,1947,1728,1450,1744,1555,1328
4600,46339300,1951,1716,1455,1739,1556,1332
4601,46349300,1949,1718,1451,1748,1552,1337
4602,46359300,1946,1724,1462,1744,1553,1336
4603,46369300,1954,1717,1440,1737,1558,1332
4604,46379300,1954,1726,1455,1736,1555,1333
4605,46389300,1954,1725,1454,1743,1536,1336
4606,46399300,1941,1719,1434,1744,1557,1329
4607,46409300,1955,1722,1454,1742,1551,1352
4608,46419300,1949,1713,1455,1742,1551,1333
4609,46429300,1957,1722,1456,1743,1546,1337
4610,46439300,1948,1726,1456,1739,1552,1335
4611,46449300,1955,1722,1454,1742,1558,1337
4612,46459300,1947,1709,1445,1748,1559,1337
4613,46469300,1943,1717,1456,1741,1553,1342
4614,46479300,1951,1721,1456,1743,1560,1334
4615,46489300,1955,1722,1456,1747,1552,1333
4616,46499300,1957,1718,1456,1742,1556,1337
4617,46509300,1958,1722,1457,1741,1561,1337
4618,46519300,1954,1722,1456,1742,1559,1342
4619,46529300,1953,1712,1447,1753,1560,1328
4620,46539300,1943,1722,1473,1744,1557,1337
4621,46549300,1950,1726,1452,1744,1560,1334
4622,46559300,1951,1719,1456,1744,1548,1351
4623,46569300,1952,1725,1442,1744,1565,1336
4624,46579300,1955,1719,1452,1745,1550,1341
4625,46589300,1953,1715,1456,1736,1553,1337
4626,46599300,1948,1728,1457,1743,1553,1336
4627,46609300,1946,1726,1456,1741,1557,1335
4628,46619300,1947,1713,1455,1741,1561,1351
4629,46629300,1943,1722,1453,1739,1555,1311
4630,46639300,1967,1744,1445,1737,1556,1330
4631,46649299,1955,1719,1451,1749,1556,1339
4632,46659300,1950,1723,1463,1742,1553,1332
4633,46669300,1957,1723,1446,1742,1560,1337
4634,46679300,1953,1718,1458,1741,1553,1346
4635,46689300,1942,1726,1449,1745,1557,1333
4636,46699300,1946,1735,1443,1741,1562,1335
4637,46709300,1946,1726,1469,1743,1553,1337
4638,46719300,1951,1719,1451,1737,1562,1337
4639,46729300,1950,1718,1463,1749,1560,1335
4640,46739300,1941,1727,1451,1745,1553,1337
4641,46749300,1954,1714,1446,1747,1553,1339
4642,46759300,1954,1724,1454,1742,1556,1337
4643,46769300,1947,1719,1456,1738,1548,1337
4644,46779300,1950,1723,1446,1745,1553,1337
4645,46789300,1947,1716,1453,1747,1550,1327
4646,46799299,1943,1725,1451,1737,1551,1331
4647,46809300,1948,1728,1456,1740,1557,1332
4648,46819300,1947,1717,1451,1743,1549,1337
4649,46829300,1954,1716,1453,1742,1548,1333
4650,46839300,1947,1729,1449,1745,1555,1329
4651,46849300,1947,1721,1450,1741,1548,1330
4652,46859300,1951,1718,1451,1745,1550,1337
4653,46869300,1949,1726,1453,1746,1562,1335
4654,46879300,1947,1719,1456,1745,1553,1342
4655,46889300,1952,1731,1465,1741,1552,1335
4656,46899300,1947,1726,1456,1741,1555,1332
4657,46909300,1953,1712,1457,1736,1562,1337
4658,46919300,1949,1716,1445,1741,1548,1337
4659,46929300,1951,1719,1452,1743,1560,1337
4660,46939300,1945,1729,1454,1739,1548,1333
4661,46949300,1952,1722,1456,1752,1558,1338
4662,46959299,1951,1725,1453,1744,1548,1340
4663,46969300,1951,1718,1446,1743,1551,1340
4664,46979300,1951,1718,1453,1736,1560,1329
4665,46989300,1951,1717,1460,1742,1553,1335
4666,46999300,1954,1715,1463,1742,1556,1337
4667,47009300,1951,1719,1447,1745,1548,1332
4668,47019300,1950,1731,1457,1736,1560,1335
4669,47029300,1950,1725,1454,1741,1556,1330
4670,47039300,1945,1723,1445,1737,1550,1334
4671,47049300,1939,1715,1455,1739,1559,1333
4672,47059300,1960,1718,1456,1743,1549,1332
4673,47069300,1950,1717,1461,1741,1557,1333
4674,47079300,1954,1735,1456,1747,1555,1337
4675,47089300,1936,1712,1456,1745,1555,1335
4676,47099300,1946,1711,1450,1746,1561,1337
4677,47109299,1957,1710,1459,1747,1552,1337
4678,47119300,1946,1718,1451,1739,1553,1339
4679,47129300,1952,1721,1454,1744,1557,1335
4680,47139300,1949,1726,1442,1741,1550,1336
4681,47149300,1954,1725,1455,1737,1553,1335
4682,47159300,1952,1726,1451,1749,1553,1335
4683,47169300,1953,1733,1455,1742,1561,1338
4684,47179300,1931,1723,1454,1753,1557,1338
4685,47189300,1950,1725,1456,1747,1552,1340
4686,47199300,1950,1717,1446,1744,1546,1339
4687,47209300,1947,1723,1454,1744,1557,1333
4688,47219300,1954,1725,1456,1744,1556,1333
4689,47229300,1949,1715,1455,1744,1563,1340
4690,47239300,1953,1723,1449,1755,1548,1332
4691,47249300,1950,1727,1458,1742,1562,1337
4692,47259300,1955,1728,1456,1745,1558,1328
4693,47269300,1954,1719,1451,1741,1562,1330
4694,47279300,1946,1714,1446,1742,1549,1334
4695,47289300,1936,1712,1452,1756,1553,1337
4696,47299300,1946,1701,1454,1739,1557,1328
4697,47309300,1949,1715,1457,1740,1548,1329
4698,47319300,1949,1721,1445,1741,1556,1335
4699,47329300,1951,1719,1455,1741,1552,1335
4700,47339300,1953,1714,1456,1741,1570,1328
4701,47349300,1943,1721,1456,1745,1553,1332
4702,47359300,1947,1725,1451,1743,1551,1336
4703,47369300,1947,1719,1451,1745,1550,1315
4704,47379299,1951,1722,1452,1750,1558,1336
4705,47389300,1947,1718,1462,1739,1553,1329
4706,47399300,1951,1724,1453,1754,1555,1337
4707,47409300,1968,1717,1463,1741,1556,1333
4708,47419300,1952,1713,1460,1741,1553,1325
4709,47429299,1947,1712,1456,1739,1554,1339
4710,47439300,1953,1717,1456,1744,1557,1343
4711,47449300,1951,1726,1451,1739,1560,1333
4712,47459300,1945,1722,1463,1736,1556,1337
4713,47469300,1945,1723,1445,1742,1556,1329
4714,47479300,1951,1725,1426,1747,1558,1311
4715,47489300,1949,1719,1475,1741,1553,1333
4716,47499300,1952,1717,1453,1742,1551,1333
4717,47509300,1953,1728,1455,1742,1556,1337
4718,47519300,1949,1718,1449,1749,1558,1336
4719,47529300,1947,1719,1451,1743,1557,1328
4720,47539299,1951,1730,1456,1745,1553,1340
4721,47549300,1953,1714,1451,1740,1557,1332
4722,47559300,1950,1715,1461,1741,1553,1335
4723,47569300,1948,1729,1446,1742,1557,1337
4724,47579300,1943,1727,1456,1741,1558,1337
4725,47589300,1942,1717,1449,1750,1546,1337
4726,47599300,1950,1718,1457,1745,1557,1335
4727,47609300,1954,1722,1446,1739,1554,1364
4728,47619300,1953,1722,1453,1739,1534,1364
4729,47629300,1953,1716,1455,1744,1560,1337
4730,47639300,1951,1718,1456,1758,1553,1337
4731,47649300,1943,1715,1455,1740,1553,1333
4732,47659300,1952,1728,1457,1742,1548,1337
4733,47669300,1945,1717,1454,1744,1557,1333
4734,47679300,1949,1725,1451,1743,1560,1330
4735,47689300,1947,1725,1455,1745,1555,1332
4736,47699300,1952,1719,1453,1741,1555,1332
4737,47709300,1949,1718,1456,1747,1560,1342
4738,47719300,1957,1725,1457,1741,1552,1337
4739,47729300,1956,1730,1456,1754,1561,1336
4740,47739300,1947,1718,1456,1744,1550,1337
4741,47749300,1954,1716,1455,1736,1560,1330
4742,47759300,1949,1727,1456,1742,1562,1337
4743,47769300,1953,1727,1452,1745,1552,1337
4744,47779300,1952,1721,1457,1731,1552,1330
4745,47789299,1947,1718,1455,1737,1552,1337
4746,47799300,1947,1719,1451,1745,1553,1332
4747,47809300,1948,1721,1455,1747,1553,1310
4748,47819300,1955,1722,1449,1745,1557,1337
4749,47829300,1939,1721,1455,1754,1553,1337
4750,47839300,1947,1718,1456,1742,1549,1329
4751,47849300,1947,1723,1435,1746,1562,1337
4752,47859300,1936,1722,1453,1743,1556,1337
4753,47869300,1957,1712,1461,1741,1560,1336
4754,47879300,1949,1722,1488,1740,1558,1346
4755,47889300,1955,1721,1457,1742,1557,1346
4756,47899300,1955,1725,1457,1748,1557,1333
4757,47909300,1943,1726,1451,1744,1551,1335
4758,47919300,1942,1719,1454,1749,1549,1337
4759,47929300,1952,1719,1456,1744,1558,1337
4760,47939300,1953,1718,1450,1741,1550,1337
4761,47949300,1959,1724,1456,1741,1560,1336
4762,47959300,1946,1703,1453,1761,1550,1332
4763,47969300,1952,1715,1453,1741,1553,1339
4764,47979300,1950,1724,1449,1745,1553,1339
4765,47989300,1953,1726,1454,1733,1573,1333
4766,47999300,1951,1728,1453,1745,1556,1337
4767,48009300,1957,1716,1449,1745,1552,1337
4768,48019300,1953,1724,1451,1747,1558,1339
4769,48029300,1967,1729,1457,1742,1556,1337
4770,48039300,1945,1718,1447,1740,1557,1337
4771,48049300,1951,1723,1456,1745,1562,1345
4772,48059300,1953,1722,1454,1741,1553,1337
4773,48069300,1951,1717,1452,1743,1557,1333
4774,48079300,1947,1715,1453,1744,1561,1337
4775,48089300,1940,1721,1455,1744,1551,1317
4776,48099300,1943,1719,1456,1741,1558,1327
4777,48109300,1952,1719,1457,1742,1561,1337
4778,48119300,1951,1713,1438,1745,1557,1333
4779,48129300,1946,1721,1454,1736,1562,1335
4780,48139300,1947,1719,1447,1740,1550,1338
4781,48149300,1950,1723,1456,1744,1552,1337
4782,48159300,1949,1716,1450,1739,1557,1337
4783,48169300,1951,1714,1459,1743,1548,1336
4784,48179300,1951,1711,1453,1745,1554,1338
4785,48189300,1947,1726,1456,1739,1553,1335
4786,48199300,1954,1727,1455,1745,1553,1334
4787,48209300,1954,1716,1456,1739,1555,1337
4788,48219300,1946,1719,1450,1739,1566,1329
4789,48229300,1947,1725,1453,1745,1550,1337
4790,48239300,1943,1724,1451,1739,1557,1330
4791,48249300,1949,1726,1455,1741,1558,1337
4792,48259300,1947,1717,1456,1739,1557,1330
4793,48269300,1951,1719,1455,1746,1552,1340
4794,48279300,1950,1719,1450,1741,1557,1335
4795,48289300,1957,1721,1456,1737,1557,1337
4796,48299300,1950,1727,1453,1743,1557,1337
4797,48309300,1946,1719,1452,1741,1555,1337
4798,48319300,1959,1724,1450,1736,1553,1337
4799,48329300,1947,1717,1449,1741,1555,1337
4800,48339300,1949,1722,1462,1747,1557,1338
4801,48349300,1949,1715,1456,1745,1553,1335
4802,48359300,1953,1719,1459,1737,1548,1335
4803,48369300,1962,1709,1448,1745,1548,1334
4804,48379300,1954,1712,1458,1745,1543,1337
4805,48389300,1949,1723,1456,1744,1554,1342
4806,48399300,1921,1721,1427,1745,1558,1337
4807,48409300,1957,1722,1450,1744,1557,1337
4808,48419300,1947,1725,1452,1741,1553,1335
4809,48429300,1946,1718,1453,1743,1556,1337
4810,48439300,1941,1702,1456,1740,1555,1335
4811,48449300,1952,1725,1453,1744,1557,1339
4812,48459300,1951,1723,1456,1736,1555,1333
4813,48469300,1951,1712,1446,1742,1554,1334
4814,48479300,1959,1693,1456,1742,1559,1335
4815,48489300,1949,1727,1453,1736,1553,1336
4816,48499300,1945,1723,1453,1740,1555,1332
4817,48509300,1961,1719,1456,1742,1553,1330
4818,48519300,1945,1717,1453,1745,1559,1330
4819,48529300,1951,1728,1453,1737,1557,1326
4820,48539300,1950,1717,1455,1740,1548,1334
4821,48549300,1947,1729,1455,1745,1553,1337
4822,48559300,1949,1714,1449,1741,1553,1332
4823,48569300,1949,1719,1455,1745,1556,1333
4824,48579300,1952,1723,1447,1745,1560,1337
4825,48589300,1941,1712,1454,1742,1553,1337
4826,48599300,1949,1719,1456,1749,1551,1337
4827,48609300,1947,1716,1449,1737,1552,1337
4828,48619300,1951,1713,1454,1742,1561,1337
4829,48629300,1951,1722,1450,1741,1559,1337
4830,48639300,1965,1717,1453,1741,1548,1332
4831,48649300,1953,1722,1450,1742,1560,1340
4832,48659300,1950,1717,1455,1742,1557,1333
4833,48669299,1951,1721,1455,1747,1551,1337
4834,48679300,1947,1713,1456,1747,1557,1333
4835,48689300,1950,1712,1453,1741,1557,1337
4836,48699300,1950,1723,1451,1741,1556,1350
4837,48709300,1951,1722,1456,1750,1560,1337
4838,48719300,1955,1723,1455,1752,1553,1334
4839,48729300,1949,1715,1474,1746,1558,1342
4840,48739300,1953,1693,1457,1744,1557,1337
4841,48749300,1957,1728,1454,1745,1562,1337
4842,48759300,1955,1729,1456,1741,1555,1334
4843,48769300,1952,1729,1451,1748,1555,1327
4844,48779300,1950,1725,1450,1741,1553,1333
4845,48789300,1958,1721,1451,1731,1549,1335
4846,48799300,1949,1723,1446,1742,1556,1340
4847,48809300,1939,1718,1455,1743,1553,1332
4848,48819300,1957,1722,1443,1745,1559,1337
4849,48829300,1950,1718,1456,1741,1560,1333
4850,48839300,1947,1718,1451,1744,1547,1328
4851,48849300,1951,1722,1447,1745,1553,1337
4852,48859300,1951,1719,1453,1745,1557,1337
4853,48869300,1951,1721,1455,1744,1562,1328
4854,48879300,1954,1718,1446,1755,1553,1342
4855,48889300,1941,1718,1454,1741,1557,1339
4856,48899300,1956,1718,1456,1745,1550,1334
4857,48909300,1952,1725,1450,1741,1550,1337
4858,48919300,1953,1715,1456,1746,1560,1342
4859,48929300,1950,1739,1449,1743,1557,1337
4860,48939300,1945,1714,1451,1740,1547,1305
4861,48949300,1952,1722,1456,1744,1562,1325
4862,48959300,1952,1724,1455,1743,1557,1337
4863,48969300,1954,1717,1451,1740,1557,1331
4864,48979300,1952,1719,1458,1746,1557,1337
4865,48989300,1949,1727,1445,1733,1553,1337
4866,48999301,1963,1722,1454,1743,1554,1335
4867,49009300,1950,1718,1455,1744,1560,1342
4868,49019300,1953,1722,1456,1741,1559,1337
4869,49029300,1950,1718,1462,1744,1553,1336
4870,49039300,1950,1728,1456,1739,1562,1330
4871,49049300,1947,1715,1442,1741,1540,1350
4872,49059300,1949,1722,1456,1745,1556,1332
4873,49069300,1948,1725,1456,1748,1552,1337
4874,49079300,1955,1724,1469,1744,1550,1337
4875,49089300,1950,1730,1455,1736,1553,1337
4876,49099300,1949,1722,1462,1749,1553,1333
4877,49109300,1947,1729,1456,1747,1557,1337
4878,49119300,1962,1719,1492,1744,1559,1339
4879,49129300,1950,1724,1454,1739,1559,1333
4880,49139299,1946,1725,1453,1742,1556,1338
4881,49149300,1955,1720,1472,1745,1555,1337
4882,49159300,1950,1722,1451,1741,1553,1336
4883,49169300,1949,1720,1451,1741,1559,1336
4884,49179300,1941,1717,1454,1744,1548,1335
4885,49189300,1948,1718,1454,1740,1548,1342
4886,49199300,1948,1721,1451,1745,1556,1337
4887,49209300,1951,1723,1453,1742,1553,1333
4888,49219300,1955,1714,1456,1731,1562,1326
4889,49229300,1963,1716,1455,1742,1553,1334
4890,49239300,1952,1715,1424,1739,1558,1351
4891,49249300,1947,1727,1456,1742,1572,1345
4892,49259300,1953,1715,1447,1745,1558,1346
4893,49269300,1954,1713,1456,1749,1560,1325
4894,49279300,1955,1719,1453,1741,1552,1337
4895,49289300,1950,1718,1456,1744,1556,1324
4896,49299300,1941,1719,1456,1743,1557,1337
4897,49309300,1952,1728,1451,1744,1556,1335
4898,49319300,1943,1721,1456,1736,1548,1333
4899,49329300,1949,1723,1450,1741,1548,1336
4900,49339300,1945,1728,1451,1745,1552,1337
4901,49349300,1926,1711,1455,1740,1557,1339
4902,49359300,1947,1721,1453,1737,1552,1348
4903,49369300,1948,1723,1446,1736,1559,1332
4904,49379300,1947,1716,1455,1747,1557,1337
4905,49389300,1947,1723,1456,1740,1553,1336
4906,49399300,1951,1712,1456,1739,1553,1336
4907,49409300,1942,1719,1451,1742,1553,1337
4908,49419300,1945,1728,1453,1741,1551,1336
4909,49429300,1953,1716,1456,1746,1553,1337
4910,49439299,1946,1723,1456,1745,1575,1327
4911,49449300,1951,1716,1453,1744,1559,1337
4912,49459300,1948,1718,1454,1743,1553,1342
4913,49469300,1966,1722,1450,1745,1557,1337
4914,49479300,1951,1722,1445,1733,1556,1337
4915,49489300,1952,1717,1455,1744,1560,1330
4916,49499300,1947,1718,1456,1744,1553,1333
4917,49509300,1951,1728,1456,1744,1557,1336
4918,49519300,1951,1724,1455,1743,1548,1339
4919,49529300,1949,1723,1447,1742,1550,1336
4920,49539300,1951,1723,1458,1741,1552,1327
4921,49549300,1951,1727,1455,1752,1534,1328
4922,49559300,1950,1723,1453,1749,1557,1335
4923,49569300,1949,1721,1455,1745,1565,1333
4924,49579300,1947,1718,1439,1741,1548,1337
4925,49589300,1952,1725,1450,1734,1557,1330
4926,49599300,1946,1727,1454,1743,1553,1337
4927,49609300,1956,1712,1462,1736,1553,1329
4928,49619300,1962,1731,1455,1745,1553,1332
4929,49629300,1936,1723,1454,1746,1553,1337
4930,49639300,1953,1717,1452,1743,1557,1336
4931,49649300,1945,1722,1445,1737,1553,1327
4932,49659300,1953,1719,1459,1745,1550,1337
4933,49669300,1947,1712,1455,1743,1557,1335
4934,49679300,1952,1715,1457,1742,1549,1332
4935,49689300,1951,1715,1456,1746,1556,1335
4936,49699300,1952,1721,1424,1745,1566,1337
4937,49709300,1955,1722,1452,1745,1556,1337
4938,49719300,1949,1722,1456,1747,1560,1322
4939,49729300,1951,1718,1451,1755,1557,1337
4940,49739300,1952,1728,1449,1742,1556,1333
4941,49749300,1952,1715,1447,1743,1557,1339
4942,49759300,1943,1725,1447,1750,1553,1339
4943,49769300,1955,1719,1456,1745,1553,1337
4944,49779300,1942,1741,1451,1739,1553,1337
4945,49789300,1946,1718,1450,1745,1562,1352
4946,49799300,1945,1735,1444,1746,1559,1333
4947,49809300,1945,1723,1456,1739,1559,1333
4948,49819300,1943,1721,1448,1754,1562,1337
4949,49829300,1950,1723,1457,1741,1558,1337
4950,49839301,1933,1719,1447,1758,1556,1337
4951,49849300,1957,1723,1456,1746,1558,1337
4952,49859300,1952,1716,1456,1741,1548,1340
4953,49869300,1951,1716,1450,1741,1557,1328
4954,49879300,1942,1713,1455,1731,1552,1337
4955,49889300,1938,1723,1456,1741,1557,1338
4956,49899300,1954,1717,1457,1740,1552,1337
4957,49909300,1940,1722,1454,1739,1557,1337
4958,49919300,1949,1722,1461,1742,1549,1337
4959,49929300,1951,1734,1456,1744,1553,1335
4960,49939300,1949,1716,1457,1745,1557,1336
4961,49949300,1954,1726,1454,1741,1558,1325
4962,49959300,1953,1719,1456,1728,1555,1337
4963,49969300,1971,1719,1455,1739,1553,1337
4964,49979300,1950,1722,1459,1745,1555,1337
4965,49989300,1958,1719,1450,1742,1549,1322
4966,49999300,1951,1721,1456,1745,1549,1335
4967,50009300,1947,1726,1451,1737,1565,1336
4968,50019300,1941,1715,1455,1740,1553,1332
4969,50029300,1949,1722,1451,1747,1549,1335
4970,50039300,1951,1719,1455,1741,1565,1356
4971,50049300,1950,1724,1454,1745,1557,1332
4972,50059300,1951,1715,1454,1744,1548,1347
4973,50069300,1946,1721,1451,1749,1551,1333
4974,50079300,1950,1722,1463,1742,1553,1333
4975,50089300,1949,1714,1455,1743,1559,1333
4976,50099300,1953,1725,1456,1743,1550,1333
4977,50109300,1951,1715,1455,1744,1556,1338
4978,50119300,1949,1717,1456,1744,1557,1337
4979,50129300,1949,1698,1455,1745,1555,1346
4980,50139300,1946,1720,1456,1760,1556,1329
4981,50149300,1943,1727,1454,1745,1557,1337
4982,50159300,1958,1729,1457,1745,1553,1332
4983,50169300,1946,1722,1446,1741,1570,1311
4984,50179301,1953,1725,1456,1748,1556,1338
4985,50189300,1946,1718,1452,1743,1552,1337
4986,50199300,1950,1724,1467,1740,1551,1337
4987,50209299,1952,1723,1458,1742,1556,1338
4988,50219300,1941,1723,1456,1744,1556,1336
4989,50229300,1947,1719,1451,1744,1553,1337
4990,50239300,1942,1717,1456,1743,1548,1337
4991,50249299,1949,1715,1456,1743,1557,1340
4992,50259300,1947,1714,1453,1741,1556,1337
4993,50269300,1947,1714,1456,1745,1558,1337
4994,50279300,1947,1722,1456,1742,1552,1337
4995,50289300,1943,1722,1453,1737,1557,1332
4996,50299300,1948,1711,1454,1744,1552,1338
4997,50309300,1946,1722,1454,1744,1557,1336
4998,50319300,1950,1734,1456,1737,1553,1336
4999,50329300,1953,1723,1454,1745,1553,1337
5000,50339300,1946,1725,1454,1742,1561,1337
5001,50349300,1951,1713,1456,1746,1550,1342
5002,50359300,1959,1724,1451,1744,1551,1332
5003,50369300,1950,1715,1453,1739,1548,1337
5004,50379300,1950,1712,1453,1745,1553,1332
5005,50389300,1954,1722,1456,1741,1556,1330
5006,50399300,1953,1726,1466,1740,1556,1359
5007,50409300,1945,1722,1441,1741,1558,1332
5008,50419300,1952,1717,1449,1743,1556,1337
5009,50429300,1949,1727,1445,1743,1550,1341
5010,50439300,1950,1718,1443,1737,1548,1326
5011,50449300,1945,1722,1460,1739,1553,1337
5012,50459300,1943,1721,1449,1736,1549,1333
5013,50469300,1949,1725,1453,1744,1560,1337
5014,50479300,1936,1724,1456,1749,1560,1339
5015,50489300,1946,1716,1463,1736,1548,1332
5016,50499300,1946,1721,1454,1736,1553,1333
5017,50509300,1951,1724,1455,1745,1560,1337
5018,50519300,1952,1721,1455,1745,1557,1338
5019,50529300,1951,1728,1454,1749,1549,1337
5020,50539300,1951,1725,1447,1746,1558,1329
5021,50549300,1945,1714,1454,1742,1559,1337
5022,50559299,1947,1715,1459,1734,1549,1332
5023,50569300,1954,1719,1463,1745,1553,1333
5024,50579300,1954,1719,1447,1744,1556,1335
5025,50589300,1946,1713,1453,1745,1557,1337
5026,50599300,1950,1721,1450,1746,1551,1335
5027,50609300,1945,1718,1449,1731,1552,1337
5028,50619300,1950,1711,1452,1736,1560,1331
5029,50629300,1955,1721,1424,1746,1553,1345
5030,50639300,1953,1715,1453,1740,1553,1315
5031,50649300,1950,1722,1457,1740,1557,1337
5032,50659300,1949,1719,1451,1743,1553,1335
5033,50669300,1946,1724,1457,1745,1552,1337
5034,50679300,1949,1712,1456,1734,1556,1329
5035,50689300,1953,1726,1445,1742,1548,1333
5036,50699300,1954,1717,1455,1744,1559,1334
5037,50709300,1951,1714,1454,1744,1551,1338
5038,50719300,1952,1716,1455,1736,1553,1337
5039,50729300,1958,1722,1453,1745,1557,1345
5040,50739300,1946,1715,1457,1747,1552,1336
5041,50749299,1952,1721,1454,1749,1554,1332
5042,50759300,1952,1713,1431,1755,1550,1337
5043,50769300,1955,1722,1449,1743,1553,1330
5044,50779300,1957,1718,1456,1739,1559,1337
5045,50789300,1947,1722,1456,1742,1558,1332
5046,50799300,1950,1725,1455,1741,1549,1337
5047,50809300,1949,1722,1449,1745,1548,1332
5048,50819300,1949,1726,1451,1734,1557,1337
5049,50829300,1941,1719,1450,1743,1572,1336
5050,50839300,1954,1725,1446,1745,1553,1333
5051,50849300,1947,1718,1450,1745,1553,1337
5052,50859300,1942,1715,1455,1745,1553,1330
5053,50869300,1949,1721,1454,1744,1562,1307
5054,50879300,1952,1721,1445,1741,1553,1337
5055,50889300,1955,1725,1455,1736,1557,1335
5056,50899300,1943,1729,1452,1741,1553,1337
5057,50909300,1950,1721,1454,1744,1554,1330
5058,50919300,1943,1713,1456,1748,1562,1343
5059,50929300,1952,1715,1455,1745,1557,1336
5060,50939300,1953,1718,1456,1743,1545,1335
5061,50949300,1946,1715,1456,1741,1548,1333
5062,50959299,1950,1712,1456,1744,1553,1343
5063,50969300,1949,1729,1451,1742,1539,1349
5064,50979300,1943,1719,1441,1741,1553,1336
5065,50989300,1953,1715,1447,1745,1558,1334
5066,50999299,1951,1724,1451,1733,1558,1342
5067,51009300,1953,1724,1456,1736,1553,1337
5068,51019300,1949,1723,1451,1737,1550,1337
5069,51029300,1941,1719,1455,1749,1553,1337
5070,51039300,1952,1722,1441,1741,1556,1338
5071,51049300,1947,1714,1449,1732,1556,1337
5072,51059300,1949,1719,1459,1749,1557,1337
5073,51069300,1950,1723,1456,1740,1558,1317
5074,51079299,1949,1710,1458,1739,1555,1333
5075,51089300,1943,1719,1451,1744,1553,1337
5076,51099300,1953,1722,1453,1745,1555,1332
5077,51109300,1946,1719,1450,1736,1553,1333
5078,51119300,1942,1711,1453,1754,1548,1336
5079,51129300,1943,1731,1462,1742,1552,1337
5080,51139300,1951,1723,1449,1741,1551,1336
5081,51149300,1955,1720,1456,1743,1560,1332
5082,51159300,1947,1720,1456,1753,1548,1336
5083,51169300,1939,1717,1439,1742,1560,1337
5084,51179300,1947,1723,1456,1740,1550,1337
5085,51189300,1951,1718,1451,1745,1553,1336
5086,51199300,1946,1703,1456,1746,1557,1338
5087,51209300,1951,1724,1455,1741,1558,1333
5088,51219300,1949,1723,1453,1736,1551,1337
5089,51229300,1946,1715,1456,1736,1553,1332
5090,51239300,1950,1715,1453,1741,1553,1330
5091,51249300,1955,1717,1451,1741,1559,1313
5092,51259300,1945,1727,1459,1746,1547,1330
5093,51269300,1952,1735,1456,1739,1552,1330
5094,51279300,1952,1712,1456,1740,1556,1337
5095,51289300,1951,1717,1456,1737,1553,1337
5096,51299300,1938,1723,1450,1742,1552,1332
5097,51309300,1945,1715,1453,1736,1553,1337
5098,51319300,1969,1712,1458,1759,1553,1341
5099,51329300,1957,1726,1456,1745,1555,1336
5100,51339300,1939,1715,1456,1745,1558,1337
5101,51349300,1945,1718,1458,1745,1553,1337
5102,51359300,1942,1713,1447,1741,1559,1337
5103,51369300,1962,1715,1456,1734,1558,1337
5104,51379300,1949,1727,1451,1745,1556,1337
5105,51389300,1953,1717,1450,1737,1527,1320
5106,51399300,1952,1725,1456,1744,1550,1335
5107,51409300,1951,1726,1449,1744,1561,1343
5108,51419300,1949,1714,1456,1739,1559,1340
5109,51429300,1952,1720,1457,1740,1553,1337
5110,51439300,1943,1720,1456,1731,1557,1335
5111,51449300,1951,1711,1457,1761,1553,1337
5112,51459300,1953,1721,1456,1745,1549,1336
5113,51469300,1948,1712,1455,1745,1553,1337
5114,51479300,1951,1721,1451,1742,1543,1337
5115,51489300,1946,1722,1456,1745,1558,1337
5116,51499300,1950,1723,1457,1737,1553,1337
5117,51509300,1943,1727,1445,1744,1558,1337
5118,51519300,1943,1723,1456,1745,1558,1332
5119,51529300,1952,1724,1426,1744,1550,1331
5120,51539300,1963,1722,1455,1741,1553,1337
5121,51549300,1946,1717,1453,1741,1550,1335
5122,51559300,1946,1722,1488,1740,1548,1323
5123,51569300,1947,1717,1457,1744,1557,1333
5124,51579300,1953,1719,1458,1744,1560,1337
5125,51589300,1942,1721,1457,1750,1558,1332
5126,51599300,1946,1719,1453,1743,1558,1336
5127,51609300,1938,1739,1450,1739,1550,1330
5128,51619300,1951,1724,1455,1741,1549,1337
5129,51629300,1952,1723,1456,1745,1556,1337
5130,51639300,1950,1717,1447,1736,1555,1337
5131,51649300,1953,1717,1456,1744,1552,1332
5132,51659300,1950,1719,1453,1737,1548,1335
5133,51669300,1954,1722,1456,1737,1559,1337
5134,51679300,1955,1725,1457,1745,1559,1337
5135,51689300,1955,1719,1456,1741,1555,1335
5136,51699299,1952,1739,1458,1753,1560,1337
5137,51709300,1951,1722,1457,1745,1548,1331
5138,51719300,1949,1727,1441,1744,1557,1337
5139,51729300,1952,1723,1453,1745,1553,1331
5140,51739300,1942,1725,1454,1741,1558,1339
5141,51749299,1949,1728,1450,1744,1557,1330
5142,51759300,1947,1719,1428,1745,1562,1335
5143,51769300,1951,1721,1454,1749,1548,1335
5144,51779300,1954,1723,1443,1745,1557,1336
5145,51789300,1955,1718,1453,1741,1555,1336
5146,51799300,1949,1719,1453,1741,1560,1330
5147,51809300,1939,1728,1456,1741,1551,1337
5148,51819300,1943,1726,1453,1744,1553,1337
5149,51829299,1951,1719,1473,1741,1555,1335
5150,51839300,1949,1713,1456,1744,1558,1336
5151,51849300,1951,1717,1453,1758,1558,1332
5152,51859300,1936,1725,1469,1743,1561,1337
5153,51869300,1959,1715,1455,1744,1552,1337
5154,51879300,1949,1712,1445,1736,1558,1332
5155,51889300,1955,1726,1458,1740,1553,1337
5156,51899300,1949,1721,1456,1747,1554,1349
5157,51909300,1943,1718,1456,1743,1557,1337
5158,51919300,1949,1717,1456,1744,1553,1317
5159,51929300,1958,1715,1457,1739,1556,1333
5160,51939300,1949,1724,1457,1741,1557,1336
5161,51949299,1949,1720,1456,1744,1552,1329
5162,51959300,1947,1715,1456,1753,1555,1333
5163,51969300,1949,1718,1462,1744,1548,1346
5164,51979300,1948,1722,1456,1745,1561,1329
5165,51989300,1948,1722,1451,1732,1560,1339
5166,51999300,1946,1722,1455,1748,1560,1339
5167,52009300,1952,1722,1450,1741,1553,1333
5168,52019300,1938,1724,1455,1743,1558,1335
5169,52029300,1947,1713,1454,1745,1552,1349
5170,52039300,1947,1715,1454,1736,1555,1328
5171,52049300,1956,1723,1455,1744,1560,1335
5172,52059300,1950,1717,1456,1740,1556,1337
5173,52069300,1949,1715,1454,1741,1562,1330
5174,52079300,1941,1722,1456,1745,1530,1341
5175,52089300,1950,1726,1452,1745,1553,1336
5176,52099300,1945,1728,1456,1745,1556,1330
5177,52109300,1945,1719,1453,1744,1551,1328
5178,52119300,1949,1727,1447,1743,1548,1349
5179,52129300,1953,1718,1455,1744,1552,1341
5180,52139300,1954,1719,1456,1737,1555,1337
5181,52149300,1948,1725,1453,1740,1553,1311
5182,52159300,1947,1718,1450,1749,1555,1332
5183,52169300,1952,1718,1456,1737,1552,1350
5184,52179300,1921,1729,1449,1749,1555,1338
5185,52189300,1952,1719,1456,1747,1560,1332
5186,52199300,1952,1717,1454,1737,1552,1340
5187,52209300,1953,1723,1456,1745,1563,1333
5188,52219300,1950,1723,1456,1745,1553,1337
5189,52229300,1955,1729,1457,1741,1558,1337
5190,52239300,1964,1715,1456,1741,1554,1337
5191,52249300,1955,1727,1453,1750,1556,1337
5192,52259300,1958,1719,1457,1741,1557,1337
5193,52269300,1953,1723,1474,1741,1550,1335
5194,52279300,1958,1722,1456,1749,1557,1335
5195,52289300,1953,1724,1431,1741,1553,1342
5196,52299300,1979,1726,1456,1745,1552,1337
5197,52309300,1947,1729,1454,1741,1554,1329
5198,52319300,1945,1713,1459,1744,1553,1337
5199,52329300,1954,1719,1456,1755,1560,1342
5200,52339299,1954,1717,1455,1741,1553,1333
5201,52349300,1951,1723,1456,1739,1555,1333
5202,52359300,1941,1716,1453,1741,1555,1336
5203,52369300,1968,1721,1442,1744,1553,1333
5204,52379300,1954,1718,1457,1745,1550,1337
5205,52389300,1952,1721,1455,1740,1554,1337
5206,52399300,1945,1713,1456,1734,1557,1337
5207,52409300,1945,1713,1454,1745,1560,1327
5208,52419300,1957,1722,1456,1745,1561,1333
5209,52429300,1937,1713,1455,1740,1553,1333
5210,52439300,1946,1721,1459,1742,1553,1336
5211,52449300,1950,1719,1447,1746,1540,1337
5212,52459300,1964,1703,1447,1747,1550,1337
5213,52469300,1953,1718,1456,1764,1556,1337
5214,52479300,1947,1721,1447,1740,1550,1337
5215,52489300,1958,1723,1455,1744,1554,1330
5216,52499300,1958,1723,1462,1744,1553,1337
5217,52509300,1946,1717,1446,1739,1553,1337
5218,52519300,1950,1719,1454,1736,1549,1333
5219,52529300,1952,1712,1457,1744,1555,1336
5220,52539299,1947,1718,1456,1745,1553,1338
5221,52549300,1952,1730,1456,1724,1563,1337
5222,52559300,1967,1722,1450,1744,1553,1337
5223,52569300,1949,1722,1449,1745,1553,1333
5224,52579300,1958,1726,1459,1750,1562,1337
5225,52589300,1955,1726,1453,1742,1551,1337
5226,52599300,1945,1714,1456,1745,1560,1332
5227,52609300,1931,1717,1459,1744,1557,1333
5228,52619300,1945,1719,1455,1750,1555,1327
5229,52629300,1947,1723,1470,1749,1548,1350
5230,52639300,1951,1719,1456,1745,1556,1336
5231,52649300,1959,1719,1459,1740,1551,1339
5232,52659300,1951,1721,1456,1744,1557,1328
5233,52669300,1949,1723,1456,1743,1558,1337
5234,52679300,1953,1728,1456,1742,1556,1322
5235,52689300,1959,1714,1456,1743,1556,1335
5236,52699300,1968,1722,1452,1737,1560,1333
5237,52709300,1948,1718,1444,1745,1557,1352
5238,52719300,1931,1727,1456,1759,1558,1337
5239,52729300,1956,1719,1447,1740,1556,1337
5240,52739300,1950,1727,1456,1743,1556,1337
5241,52749300,1946,1692,1456,1742,1555,1340
5242,52759300,1951,1735,1463,1732,1556,1337
5243,52769300,1951,1724,1455,1749,1548,1335
5244,52779300,1953,1689,1456,1750,1552,1337
5245,52789300,1949,1717,1456,1741,1553,1335
5246,52799300,1955,1722,1456,1743,1555,1328
5247,52809300,1948,1726,1456,1743,1556,1329
5248,52819300,1949,1717,1441,1745,1548,1337
5249,52829300,1949,1727,1457,1736,1558,1340
5250,52839301,1945,1714,1449,1742,1563,1341
5251,52849300,1950,1717,1451,1744,1558,1337
5252,52859300,1942,1717,1450,1735,1557,1338
5253,52869300,1951,1719,1447,1736,1553,1333
5254,52879300,1954,1719,1469,1743,1542,1328
5255,52889299,1943,1716,1453,1749,1557,1337
5256,52899300,1953,1721,1460,1743,1559,1342
5257,52909300,1951,1722,1437,1745,1548,1338
5258,52919300,1952,1723,1454,1719,1557,1337
5259,52929300,1953,1719,1456,1745,1548,1365
5260,52939300,1949,1725,1456,1741,1552,1338
5261,52949300,1950,1725,1461,1741,1556,1337
5262,52959300,1966,1714,1453,1743,1553,1337
5263,52969300,1954,1722,1456,1741,1556,1337
5264,52979300,1948,1715,1456,1748,1553,1335
5265,52989300,1943,1722,1455,1750,1561,1337
5266,52999300,1953,1714,1447,1748,1552,1337
5267,53009300,1947,1726,1425,1740,1552,1337
5268,53019300,1945,1725,1437,1744,1557,1309
5269,53029300,1953,1723,1441,1750,1557,1329
5270,53039300,1955,1718,1455,1744,1548,1334
5271,53049300,1947,1726,1443,1745,1559,1335
5272,53059300,1951,1726,1463,1727,1557,1337
5273,53069300,1950,1726,1447,1741,1557,1334
5274,53079300,1947,1722,1422,1743,1539,1337
5275,53089300,1947,1723,1451,1737,1555,1337
5276,53099300,1951,1722,1458,1746,1553,1333
5277,53109300,1943,1722,1449,1736,1556,1329
5278,53119300,1949,1721,1458,1747,1549,1328
5279,53129300,1952,1727,1454,1741,1553,1337
5280,53139300,1953,1716,1423,1739,1555,1338
5281,53149300,1953,1719,1449,1746,1555,1332
5282,53159300,1955,1713,1449,1740,1557,1333
5283,53169300,1954,1721,1456,1745,1550,1332
5284,53179300,1953,1721,1455,1744,1555,1337
5285,53189300,1953,1721,1456,1749,1553,1337
5286,53199300,1950,1727,1455,1744,1557,1337
5287,53209300,1948,1712,1450,1740,1560,1335
5288,53219300,1939,1725,1454,1745,1550,1337
5289,53229300,1946,1722,1456,1746,1560,1351
5290,53239300,1950,1725,1455,1749,1561,1335
5291,53249300,1953,1725,1454,1744,1557,1328
5292,53259300,1956,1715,1456,1741,1554,1337
5293,53269299,1948,1728,1460,1750,1554,1337
5294,53279300,1958,1721,1455,1746,1553,1337
5295,53289300,1955,1726,1454,1735,1557,1315
5296,53299300,1946,1715,1455,1743,1553,1337
5297,53309300,1951,1724,1456,1741,1548,1343
5298,53319301,1949,1718,1457,1745,1562,1335
5299,53329300,1955,1724,1451,1747,1556,1333
5300,53339300,1952,1723,1456,1737,1548,1334
5301,53349300,1941,1717,1455,1745,1556,1368
5302,53359300,1952,1728,1456,1745,1555,1333
5303,53369300,1949,1727,1454,1742,1562,1337
5304,53379300,1952,1738,1455,1741,1558,1340
5305,53389300,1945,1715,1456,1744,1557,1337
5306,53399300,1958,1718,1456,1747,1557,1337
5307,53409300,1950,1715,1456,1745,1556,1338
5308,53419301,1957,1727,1458,1746,1548,1337
5309,53429300,1951,1734,1460,1748,1562,1333
5310,53439300,1954,1723,1457,1750,1552,1338
5311,53449300,1950,1717,1454,1736,1557,1332
5312,53459300,1945,1726,1456,1737,1557,1337
5313,53469300,1950,1718,1461,1742,1560,1336
5314,53479300,1949,1723,1455,1739,1557,1343
5315,53489300,1946,1721,1450,1743,1557,1337
5316,53499300,1946,1727,1453,1742,1552,1337
5317,53509300,1951,1719,1456,1746,1555,1337
5318,53519300,1945,1723,1454,1744,1555,1337
5319,53529300,1947,1715,1456,1744,1557,1337
5320,53539300,1953,1729,1449,1741,1560,1335
5321,53549300,1952,1722,1452,1739,1552,1342
5322,53559300,1946,1712,1456,1743,1558,1337
5323,53569300,1954,1723,1456,1740,1562,1337
5324,53579300,1951,1721,1456,1745,1559,1336
5325,53589300,1949,1729,1452,1742,1561,1337
5326,53599300,1953,1719,1455,1744,1561,1337
5327,53609300,1939,1719,1456,1745,1553,1336
5328,53619300,1945,1722,1455,1744,1550,1332
5329,53629300,1939,1725,1454,1719,1557,1337
5330,53639300,1952,1719,1451,1745,1548,1336
5331,53649300,1947,1717,1458,1741,1552,1338
5332,53659300,1952,1725,1451,1745,1553,1338
5333,53669299,1947,1726,1456,1749,1562,1337
5334,53679300,1952,1731,1460,1737,1556,1360
5335,53689300,1935,1723,1458,1736,1553,1334
5336,53699300,1938,1723,1458,1741,1557,1336
5337,53709300,1952,1719,1463,1742,1556,1330
5338,53719300,1961,1727,1454,1736,1560,1335
5339,53729300,1949,1719,1469,1739,1557,1337
5340,53739300,1949,1717,1456,1744,1555,1332
5341,53749299,1953,1723,1456,1744,1553,1339
5342,53759300,1946,1714,1442,1741,1553,1319
5343,53769300,1938,1719,1456,1739,1558,1335
5344,53779300,1958,1723,1451,1733,1551,1332
5345,53789300,1943,1717,1455,1742,1553,1337
5346,53799300,1945,1712,1454,1741,1557,1333
5347,53809300,1948,1713,1453,1739,1555,1336
5348,53819300,1955,1726,1456,1747,1556,1337
5349,53829300,1951,1721,1443,1745,1553,1333
5350,53839300,1956,1721,1459,1737,1549,1333
5351,53849300,1949,1714,1454,1741,1551,1337
5352,53859300,1926,1716,1451,1741,1556,1332
5353,53869300,1955,1726,1451,1742,1549,1337
5354,53879300,1942,1725,1444,1743,1570,1336
5355,53889301,1969,1695,1450,1739,1555,1327
5356,53899300,1951,1721,1456,1741,1557,1337
5357,53909300,1951,1713,1450,1722,1555,1337
5358,53919300,1957,1724,1463,1744,1557,1337
5359,53929300,1947,1683,1454,1744,1551,1337
5360,53939300,1968,1729,1457,1737,1555,1337
5361,53949300,1947,1724,1430,1745,1557,1333
5362,53959300,1954,1715,1441,1749,1561,1330
5363,53969300,1943,1722,1456,1748,1557,1337
5364,53979300,1951,1715,1451,1756,1560,1336
5365,53989300,1946,1721,1455,1742,1561,1337
5366,53999300,1941,1717,1451,1748,1560,1337
5367,54009300,1948,1725,1456,1739,1555,1321
5368,54019300,1950,1725,1455,1736,1553,1336
5369,54029300,1949,1726,1456,1741,1552,1329
5370,54039300,1949,1713,1454,1745,1559,1336
5371,54049300,1950,1721,1456,1747,1546,1329
5372,54059300,1947,1728,1451,1743,1553,1328
5373,54069300,1949,1727,1454,1743,1557,1337
5374,54079300,1946,1719,1456,1754,1563,1333
5375,54089300,1946,1726,1453,1745,1557,1337
5376,54099300,1950,1723,1461,1743,1558,1337
5377,54109300,1951,1712,1456,1760,1549,1337
5378,54119300,1964,1703,1446,1744,1558,1340
5379,54129300,1951,1723,1456,1740,1559,1325
5380,54139299,1957,1727,1459,1749,1550,1337
5381,54149300,1947,1718,1456,1742,1557,1327
5382,54159300,1956,1719,1460,1745,1560,1332
5383,54169300,1949,1734,1456,1760,1553,1337
5384,54179301,1943,1719,1456,1744,1559,1337
5385,54189300,1951,1714,1456,1736,1548,1335
5386,54199300,1963,1729,1453,1743,1553,1337
5387,54209300,1953,1717,1459,1756,1557,1337
5388,54219300,1957,1725,1462,1745,1574,1333
5389,54229300,1949,1712,1455,1742,1557,1335
5390,54239300,1951,1723,1453,1742,1539,1314
5391,54249300,1959,1711,1456,1742,1553,1335
5392,54259300,1951,1726,1461,1743,1559,1337
5393,54269300,1952,1722,1451,1744,1557,1337
5394,54279300,1948,1717,1456,1745,1558,1337
5395,54289300,1948,1728,1452,1742,1556,1337
5396,54299300,1943,1727,1453,1747,1556,1335
5397,54309300,1952,1722,1447,1743,1553,1336
5398,54319300,1953,1728,1456,1713,1548,1338
5399,54329300,1947,1722,1453,1754,1551,1338
5400,54339300,1943,1721,1451,1746,1559,1333
5401,54349300,1951,1724,1456,1742,1566,1338
5402,54359300,1946,1713,1457,1752,1553,1337
5403,54369300,1949,1712,1456,1744,1559,1325
5404,54379300,1946,1721,1454,1741,1553,1345
5405,54389300,1953,1730,1457,1741,1561,1327
5406,54399300,1945,1717,1451,1743,1558,1332
5407,54409300,1947,1717,1456,1744,1556,1337
5408,54419300,1945,1719,1455,1740,1556,1337
5409,54429300,1946,1723,1456,1744,1563,1337
5410,54439300,1952,1721,1441,1742,1553,1336
5411,54449300,1953,1722,1452,1743,1557,1338
5412,54459300,1949,1723,1456,1741,1559,1328
5413,54469300,1938,1722,1443,1745,1557,1339
5414,54479300,1945,1713,1446,1743,1557,1340
5415,54489300,1951,1723,1441,1743,1556,1338
5416,54499300,1954,1717,1455,1743,1555,1338
5417,54509300,1955,1722,1458,1745,1549,1337
5418,54519300,1949,1718,1456,1742,1553,1337
5419,54529300,1951,1715,1440,1744,1548,1311
5420,54539300,1945,1725,1455,1741,1553,1336
5421,54549300,1951,1714,1454,1754,1554,1337
5422,54559300,1955,1715,1456,1745,1558,1337
5423,54569300,1956,1716,1449,1735,1556,1328
5424,54579300,1954,1718,1456,1741,1552,1337
5425,54589300,1943,1722,1450,1733,1564,1337
5426,54599300,1943,1725,1459,1744,1553,1328
5427,54609300,1947,1722,1451,1745,1559,1309
5428,54619299,1949,1719,1457,1742,1557,1333
5429,54629300,1953,1721,1454,1744,1552,1337
5430,54639300,1947,1717,1457,1735,1545,1338
5431,54649300,1952,1720,1455,1745,1552,1335
5432,54659300,1951,1723,1459,1741,1556,1336
5433,54669300,1949,1724,1457,1741,1557,1337
5434,54679300,1956,1732,1447,1744,1558,1332
5435,54689300,1946,1715,1456,1743,1556,1333
5436,54699300,1950,1717,1450,1744,1555,1337
5437,54709300,1946,1718,1449,1740,1553,1334
5438,54719300,1954,1726,1458,1724,1555,1335
5439,54729300,1950,1718,1449,1743,1558,1337
5440,54739300,1950,1718,1453,1741,1560,1337
5441,54749300,1951,1718,1456,1739,1556,1337
5442,54759300,1942,1718,1443,1739,1558,1337
5443,54769300,1948,1721,1452,1740,1550,1337
5444,54779300,1937,1719,1454,1745,1556,1368
5445,54789300,1943,1727,1455,1742,1557,1329
5446,54799300,1949,1723,1458,1743,1553,1337
5447,54809299,1953,1717,1451,1745,1560,1339
5448,54819300,1949,1708,1453,1746,1553,1337
5449,54829300,1967,1722,1452,1742,1553,1338
5450,54839300,1950,1717,1455,1739,1560,1336
5451,54849300,1947,1726,1456,1747,1562,1337
5452,54859300,1953,1735,1456,1747,1553,1337
5453,54869300,1943,1726,1456,1747,1555,1334
5454,54879299,1955,1718,1445,1743,1557,1337
5455,54889300,1951,1723,1454,1744,1553,1337
5456,54899300,1949,1728,1451,1743,1558,1336
5457,54909300,1949,1722,1456,1744,1553,1346
5458,54919300,1965,1719,1450,1724,1556,1337
5459,54929300,1949,1715,1456,1740,1553,1337
5460,54939300,1940,1722,1460,1745,1553,1337
5461,54949300,1951,1719,1455,1745,1551,1337
5462,54959300,1953,1717,1456,1744,1553,1329
5463,54969299,1957,1725,1456,1741,1561,1337
5464,54979300,1941,1719,1455,1737,1560,1332
5465,54989300,1949,1717,1455,1739,1558,1333
5466,54999300,1955,1717,1441,1750,1552,1337
5467,55009300,1937,1725,1451,1743,1553,1336
5468,55019300,1947,1717,1457,1739,1550,1337
5469,55029300,1946,1716,1454,1721,1558,1335
5470,55039300,1951,1712,1459,1747,1557,1332
5471,55049300,1942,1703,1455,1735,1558,1332
5472,55059300,1949,1723,1456,1736,1550,1328
5473,55069300,1951,1716,1456,1744,1558,1336
5474,55079299,1920,1736,1453,1734,1558,1333
5475,55089300,1936,1720,1450,1739,1553,1337
5476,55099300,1952,1704,1454,1734,1561,1337
5477,55109300,1952,1722,1456,1743,1553,1317
5478,55119300,1961,1727,1461,1742,1552,1336
5479,55129300,1953,1716,1454,1741,1560,1337
5480,55139300,1957,1723,1451,1744,1560,1324
5481,55149300,1948,1719,1454,1741,1553,1333
5482,55159300,1943,1716,1456,1746,1555,1338
5483,55169300,1949,1723,1455,1740,1553,1337
5484,55179301,1948,1719,1453,1750,1546,1333
5485,55189300,1947,1728,1459,1745,1559,1337
5486,55199300,1921,1722,1452,1739,1550,1334
5487,55209300,1930,1719,1453,1740,1550,1336
5488,55219300,1957,1717,1451,1741,1558,1350
5489,55229300,1949,1726,1455,1745,1559,1337
5490,55239300,1938,1726,1456,1743,1553,1338
5491,55249300,1954,1720,1449,1744,1553,1337
5492,55259300,1956,1722,1456,1750,1552,1337
5493,55269300,1943,1715,1451,1737,1548,1337
5494,55279300,1953,1719,1450,1741,1560,1334
5495,55289300,1950,1722,1453,1744,1563,1332
5496,55299300,1949,1721,1456,1741,1556,1342
5497,55309300,1945,1707,1451,1733,1557,1333
5498,55319300,1949,1714,1449,1739,1558,1337
5499,55329300,1944,1714,1451,1745,1553,1337
5500,55339300,1945,1704,1457,1758,1557,1329
5501,55349300,1937,1719,1451,1741,1558,1328
5502,55359300,1951,1727,1456,1741,1533,1335
5503,55369299,1953,1719,1454,1744,1557,1338
5504,55379300,1958,1715,1456,1745,1550,1337
5505,55389300,1943,1725,1456,1745,1556,1335
5506,55399300,1951,1735,1456,1743,1558,1337
5507,55409300,1951,1715,1456,1746,1552,1333
5508,55419300,1950,1713,1454,1739,1553,1336
5509,55429300,1949,1725,1451,1741,1550,1337
5510,55439300,1947,1721,1455,1745,1558,1337
5511,55449300,1941,1721,1457,1741,1557,1337
5512,55459300,1950,1718,1461,1734,1558,1337
5513,55469300,1951,1715,1454,1745,1536,1337
5514,55479300,1949,1725,1453,1763,1558,1332
5515,55489300,1947,1723,1451,1744,1566,1335
5516,55499300,1951,1718,1453,1740,1558,1340
5517,55509300,1947,1723,1450,1741,1553,1332
5518,55519300,1952,1717,1456,1745,1556,1333
5519,55529301,1954,1712,1459,1754,1550,1332
5520,55539299,1950,1725,1447,1741,1548,1333
5521,55549300,1943,1721,1447,1742,1561,1337
5522,55559300,1954,1722,1451,1750,1558,1333
5523,55569300,1952,1727,1451,1739,1557,1337
5524,55579300,1951,1726,1457,1744,1553,1335
5525,55589300,1951,1702,1457,1742,1555,1340
5526,55599300,1946,1712,1456,1746,1553,1335
5527,55609300,1949,1733,1459,1737,1553,1332
5528,55619300,1953,1729,1448,1742,1550,1337
5529,55629299,1947,1725,1447,1736,1550,1324
5530,55639300,1950,1715,1451,1742,1558,1337
5531,55649300,1949,1719,1454,1736,1561,1338
5532,55659300,1950,1722,1467,1739,1548,1336
5533,55669300,1952,1713,1456,1739,1550,1337
5534,55679300,1951,1723,1467,1741,1549,1336
5535,55689299,1942,1712,1455,1745,1557,1337
5536,55699300,1941,1720,1446,1745,1552,1337
5537,55709300,1948,1721,1453,1737,1553,1314
5538,55719300,1951,1717,1449,1749,1552,1337
5539,55729300,1949,1719,1455,1738,1548,1326
5540,55739300,1949,1718,1449,1743,1552,1340
5541,55749300,1946,1718,1456,1749,1553,1330
5542,55759300,1946,1717,1452,1737,1559,1332
5543,55769300,1956,1719,1456,1731,1558,1320
5544,55779300,1952,1725,1436,1746,1555,1342
5545,55789300,1952,1714,1450,1744,1553,1326
5546,55799300,1958,1725,1453,1742,1568,1337
5547,55809300,1945,1718,1446,1741,1555,1337
5548,55819300,1950,1722,1455,1744,1559,1335
5549,55829300,1947,1713,1454,1748,1548,1319
5550,55839300,1952,1725,1451,1746,1552,1337
5551,55849300,1954,1712,1456,1737,1552,1337
5552,55859300,1952,1718,1452,1738,1543,1333
5553,55869300,1951,1717,1476,1745,1553,1338
5554,55879300,1946,1722,1456,1744,1556,1337
5555,55889300,1950,1725,1454,1741,1551,1334
5556,55899300,1939,1730,1445,1740,1549,1334
5557,55909300,1958,1714,1456,1740,1553,1335
5558,55919300,1943,1726,1456,1743,1555,1337
5559,55929300,1952,1714,1454,1741,1558,1337
5560,55939300,1951,1722,1456,1743,1550,1337
5561,55949300,1953,1722,1447,1739,1558,1350
5562,55959300,1941,1719,1445,1741,1553,1340
5563,55969300,1945,1709,1453,1750,1552,1337
5564,55979300,1952,1721,1451,1742,1550,1337
5565,55989300,1938,1715,1453,1743,1556,1333
5566,55999300,1947,1714,1454,1744,1555,1335
5567,56009300,1949,1718,1451,1745,1562,1309
5568,56019300,1943,1728,1462,1749,1552,1338
5569,56029300,1947,1713,1455,1741,1549,1337
5570,56039301,1949,1717,1451,1744,1557,1337
5571,56049300,1958,1719,1453,1744,1557,1337
5572,56059300,1947,1723,1453,1741,1557,1337
5573,56069300,1949,1718,1463,1742,1552,1337
5574,56079299,1946,1722,1455,1744,1561,1337
5575,56089300,1950,1720,1454,1736,1562,1311
5576,56099300,1942,1721,1456,1741,1552,1337
5577,56109300,1941,1725,1454,1745,1552,1336
5578,56119300,1954,1722,1456,1744,1549,1355
5579,56129300,1948,1712,1454,1741,1551,1331
5580,56139300,1952,1725,1446,1734,1557,1336
5581,56149300,1950,1717,1456,1746,1557,1339
5582,56159300,1948,1712,1449,1741,1552,1333
5583,56169300,1947,1725,1456,1744,1552,1338
5584,56179300,1951,1726,1455,1745,1558,1310
5585,56189300,1951,1718,1458,1741,1550,1336
5586,56199300,1954,1723,1454,1744,1555,1337
5587,56209300,1949,1724,1456,1739,1557,1337
5588,56219300,1943,1738,1453,1749,1559,1338
5589,56229300,1943,1715,1455,1742,1559,1332
5590,56239300,1949,1717,1456,1732,1575,1358
5591,56249300,1952,1714,1445,1741,1553,1337
5592,56259300,1952,1725,1447,1744,1548,1333
5593,56269300,1947,1716,1456,1745,1552,1337
5594,56279300,1949,1739,1456,1739,1553,1335
5595,56289300,1942,1719,1455,1741,1550,1343
5596,56299300,1951,1727,1453,1744,1557,1336
5597,56309300,1938,1718,1453,1741,1553,1333
5598,56319300,1953,1723,1455,1741,1543,1330
5599,56329300,1950,1716,1457,1743,1556,1337
5600,56339300,1946,1719,1456,1741,1557,1325
5601,56349300,1947,1719,1457,1741,1553,1336
5602,56359300,1955,1713,1450,1727,1556,1336
5603,56369300,1952,1731,1456,1740,1557,1337
5604,56379300,1960,1721,1457,1750,1552,1336
5605,56389300,1953,1715,1456,1742,1558,1337
5606,56399300,1959,1714,1450,1742,1552,1333
5607,56409300,1951,1717,1455,1746,1553,1335
5608,56419300,1950,1717,1454,1745,1559,1336
5609,56429300,1953,1719,1456,1753,1556,1337
5610,56439300,1951,1723,1435,1742,1558,1353
5611,56449300,1941,1723,1455,1744,1551,1330
5612,56459300,1953,1713,1449,1745,1553,1337
5613,56469300,1951,1728,1466,1745,1562,1337
5614,56479300,1947,1718,1450,1744,1559,1337
5615,56489300,1936,1722,1445,1742,1553,1336
5616,56499300,1949,1723,1449,1732,1553,1337
5617,56509300,1954,1719,1455,1752,1556,1335
5618,56519300,1948,1730,1449,1745,1556,1336
5619,56529300,1962,1723,1458,1745,1558,1339
5620,56539300,1953,1723,1454,1742,1553,1332
5621,56549299,1949,1723,1456,1749,1560,1336
5622,56559300,1939,1723,1457,1741,1560,1334
5623,56569300,1949,1727,1456,1746,1556,1336
5624,56579300,1955,1725,1458,1742,1557,1337
5625,56589300,1959,1717,1456,1745,1560,1335
5626,56599300,1945,1717,1456,1743,1548,1329
5627,56609300,1950,1726,1450,1741,1559,1343
5628,56619300,1949,1717,1445,1745,1557,1333
5629,56629300,1950,1717,1450,1744,1560,1337
5630,56639300,1947,1727,1455,1747,1560,1333
5631,56649300,1953,1719,1463,1740,1561,1337
5632,56659300,1957,1721,1456,1759,1555,1334
5633,56669300,1947,1722,1447,1737,1557,1337
5634,56679299,1950,1715,1453,1737,1555,1337
5635,56689300,1950,1715,1455,1745,1576,1333
5636,56699300,1969,1723,1455,1740,1559,1343
5637,56709300,1947,1728,1452,1737,1551,1329
5638,56719300,1945,1729,1463,1741,1558,1339
5639,56729300,1945,1726,1456,1741,1558,1330
5640,56739300,1937,1718,1457,1746,1557,1336
5641,56749300,1950,1719,1456,1743,1548,1328
5642,56759300,1947,1712,1455,1740,1548,1333
5643,56769300,1945,1725,1455,1754,1560,1337
5644,56779300,1962,1727,1455,1754,1556,1337
5645,56789300,1951,1717,1453,1745,1557,1337
5646,56799300,1945,1718,1456,1737,1561,1342
5647,56809300,1955,1718,1457,1743,1556,1337
5648,56819300,1951,1725,1456,1742,1550,1335
5649,56829300,1951,1721,1451,1743,1552,1343
5650,56839300,1968,1717,1458,1746,1555,1345
5651,56849300,1953,1725,1449,1740,1557,1338
5652,56859300,1947,1712,1450,1735,1550,1345
5653,56869300,1940,1718,1456,1744,1555,1338
5654,56879300,1951,1715,1461,1744,1553,1335
5655,56889300,1948,1721,1452,1743,1557,1334
5656,56899299,1968,1718,1457,1737,1560,1337
5657,56909300,1946,1718,1472,1740,1552,1323
5658,56919300,1952,1725,1449,1737,1552,1337
5659,56929300,1947,1718,1457,1742,1548,1342
5660,56939300,1950,1712,1452,1747,1557,1337
5661,56949299,1953,1726,1453,1742,1543,1342
5662,56959300,1953,1701,1455,1744,1557,1337
5663,56969300,1952,1733,1450,1744,1561,1337
5664,56979300,1951,1726,1454,1723,1555,1337
5665,56989300,1947,1701,1456,1741,1561,1333
5666,56999300,1951,1727,1454,1736,1555,1335
5667,57009300,1945,1722,1441,1737,1559,1334
5668,57019300,1953,1722,1472,1748,1553,1340
5669,57029300,1953,1723,1459,1747,1566,1342
5670,57039300,1953,1721,1457,1744,1561,1335
5671,57049300,1946,1719,1456,1743,1561,1332
5672,57059300,1952,1724,1429,1744,1556,1329
5673,57069300,1950,1718,1456,1745,1551,1332
5674,57079300,1947,1719,1450,1744,1557,1337
5675,57089300,1951,1721,1454,1750,1556,1335
5676,57099300,1951,1723,1460,1744,1558,1337
5677,57109300,1950,1723,1462,1741,1562,1335
5678,57119300,1950,1726,1454,1744,1552,1337
5679,57129300,1956,1727,1457,1743,1558,1334
5680,57139300,1951,1723,1454,1734,1557,1335
5681,57149300,1950,1724,1459,1741,1548,1335
5682,57159300,1953,1717,1494,1740,1548,1346
5683,57169300,1951,1709,1455,1745,1555,1333
5684,57179300,1951,1725,1477,1741,1558,1333
5685,57189300,1957,1717,1457,1756,1556,1335
5686,57199300,1952,1725,1451,1743,1548,1332
5687,57209300,1953,1718,1456,1742,1565,1330
5688,57219300,1951,1723,1456,1742,1556,1337
5689,57229300,1951,1715,1456,1739,1558,1337
5690,57239300,1951,1728,1456,1741,1552,1326
5691,57249300,1952,1722,1455,1743,1556,1330
5692,57259300,1953,1723,1461,1743,1559,1336
5693,57269300,1951,1727,1467,1740,1549,1337
5694,57279300,1941,1728,1455,1739,1556,1332
5695,57289300,1949,1721,1456,1746,1558,1339
5696,57299300,1946,1724,1454,1743,1553,1335
5697,57309300,1955,1719,1456,1746,1550,1337
5698,57319300,1954,1719,1456,1745,1555,1335
5699,57329300,1949,1722,1462,1742,1557,1332
5700,57339300,1951,1725,1456,1741,1549,1326
5701,57349300,1951,1725,1459,1742,1559,1333
5702,57359300,1949,1734,1456,1733,1556,1337
5703,57369300,1946,1723,1456,1746,1552,1337
5704,57379300,1953,1723,1455,1742,1558,1329
5705,57389300,1958,1712,1444,1744,1557,1337
5706,57399300,1953,1725,1453,1742,1548,1331
5707,57409300,1954,1716,1446,1736,1553,1339
5708,57419300,1951,1723,1455,1740,1553,1335
5709,57429300,1943,1721,1449,1741,1566,1337
5710,57439300,1953,1725,1456,1741,1557,1334
5711,57449300,1951,1718,1443,1744,1548,1337
5712,57459300,1950,1726,1456,1739,1552,1337
5713,57469301,1950,1714,1454,1746,1553,1337
5714,57479300,1946,1712,1456,1740,1564,1332
5715,57489300,1949,1719,1456,1745,1557,1332
5716,57499300,1949,1723,1455,1740,1550,1337
5717,57509300,1944,1726,1453,1742,1560,1337
5718,57519300,1946,1722,1456,1754,1553,1334
5719,57529300,1945,1722,1454,1731,1559,1336
5720,57539300,1947,1726,1453,1736,1560,1333
5721,57549300,1947,1727,1456,1745,1562,1337
5722,57559300,1943,1724,1454,1744,1557,1337
5723,57569299,1943,1721,1449,1740,1552,1337
5724,57579300,1949,1723,1455,1741,1562,1339
5725,57589300,1947,1723,1455,1743,1557,1337
5726,57599300,1951,1724,1455,1740,1553,1337
5727,57609300,1948,1718,1453,1744,1562,1332
5728,57619300,1951,1718,1468,1737,1563,1339
5729,57629300,1955,1718,1456,1741,1559,1337
5730,57639300,1951,1723,1450,1738,1557,1333
5731,57649300,1954,1725,1456,1740,1553,1336
5732,57659300,1953,1718,1455,1739,1553,1337
5733,57669300,1948,1726,1451,1745,1560,1325
5734,57679300,1946,1719,1455,1744,1556,1337
5735,57689300,1949,1717,1456,1746,1552,1335
5736,57699300,1936,1723,1457,1742,1553,1337
5737,57709300,1942,1723,1453,1747,1552,1333
5738,57719300,1949,1719,1450,1745,1556,1338
5739,57729300,1950,1724,1445,1745,1548,1335
5740,57739300,1942,1728,1455,1740,1559,1337
5741,57749300,1931,1730,1445,1736,1557,1337
5742,57759300,1954,1722,1460,1750,1565,1351
5743,57769300,1955,1718,1445,1742,1550,1336
5744,57779300,1981,1727,1451,1750,1557,1337
5745,57789300,1959,1722,1455,1759,1556,1333
5746,57799300,1954,1718,1447,1736,1561,1337
5747,57809300,1949,1729,1453,1741,1560,1335
5748,57819300,1959,1712,1456,1746,1559,1336
5749,57829300,1950,1714,1457,1743,1556,1337
5750,57839300,1947,1718,1453,1745,1557,1335
5751,57849300,1950,1725,1455,1743,1550,1337
5752,57859300,1951,1714,1451,1745,1553,1337
5753,57869300,1953,1718,1455,1740,1559,1337
5754,57879300,1948,1724,1457,1742,1543,1311
5755,57889300,1954,1723,1456,1744,1552,1337
5756,57899300,1953,1721,1442,1741,1562,1335
5757,57909300,1947,1714,1451,1732,1560,1333
5758,57919300,1942,1725,1456,1744,1555,1337
5759,57929300,1938,1722,1456,1744,1553,1350
5760,57939300,1945,1724,1456,1745,1554,1330
5761,57949300,1949,1723,1456,1748,1552,1311
5762,57959300,1949,1718,1462,1741,1557,1332
5763,57969300,1952,1723,1446,1743,1547,1306
5764,57979300,1942,1726,1445,1742,1553,1332
5765,57989300,1954,1727,1456,1742,1561,1333
5766,57999300,1949,1721,1481,1737,1568,1332
5767,58009300,1951,1727,1441,1723,1553,1337
5768,58019300,1943,1715,1454,1743,1556,1335
5769,58029300,1955,1725,1453,1740,1536,1337
5770,58039300,1939,1722,1451,1742,1553,1336
5771,58049300,1939,1724,1456,1750,1555,1332
5772,58059300,1950,1712,1456,1733,1560,1332
5773,58069300,1949,1723,1456,1752,1562,1336
5774,58079300,1950,1716,1457,1732,1557,1333
5775,58089300,1951,1721,1455,1741,1553,1338
5776,58099300,1955,1729,1452,1754,1557,1337
5777,58109300,1954,1719,1450,1744,1553,1335
5778,58119300,1950,1718,1450,1744,1555,1335
5779,58129300,1943,1719,1448,1741,1557,1337
5780,58139300,1954,1721,1436,1744,1549,1337
5781,58149300,1953,1721,1457,1746,1561,1337
5782,58159300,1945,1711,1456,1749,1555,1337
5783,58169300,1955,1725,1452,1745,1555,1349
5784,58179300,1946,1698,1456,1745,1560,1335
5785,58189300,1951,1723,1456,1740,1553,1337
5786,58199300,1931,1719,1484,1745,1558,1333
5787,58209300,1949,1744,1456,1741,1555,1332
5788,58219300,1952,1719,1455,1750,1553,1337
5789,58229300,1954,1712,1456,1737,1553,1337
5790,58239300,1949,1727,1461,1736,1558,1335
5791,58249300,1945,1715,1444,1744,1560,1337
5792,58259300,1950,1718,1455,1736,1558,1337
5793,58269300,1952,1722,1441,1751,1566,1335
5794,58279300,1949,1725,1453,1744,1549,1337
5795,58289300,1948,1725,1453,1744,1551,1337
5796,58299300,1951,1695,1457,1749,1553,1338
5797,58309300,1944,1715,1457,1743,1557,1337
5798,58319300,1949,1726,1456,1768,1549,1337
5799,58329300,1957,1723,1454,1750,1552,1337
5800,58339299,1951,1741,1455,1731,1553,1337
5801,58349300,1949,1721,1455,1733,1553,1342
5802,58359300,1950,1728,1456,1745,1559,1320
5803,58369300,1958,1718,1456,1743,1551,1330
5804,58379300,1943,1726,1445,1750,1548,1330
5805,58389300,1947,1719,1449,1740,1553,1337
5806,58399300,1950,1723,1456,1736,1559,1330
5807,58409300,1951,1721,1446,1743,1550,1346
5808,58419300,1946,1728,1456,1713,1557,1339
5809,58429300,1945,1728,1454,1742,1553,1337
5810,58439300,1947,1719,1452,1744,1566,1337
5811,58449300,1952,1726,1451,1747,1553,1324
5812,58459300,1947,1729,1456,1745,1552,1337
5813,58469300,1942,1721,1457,1746,1557,1334
5814,58479300,1947,1721,1455,1745,1553,1337
5815,58489300,1951,1714,1455,1743,1553,1339
5816,58499300,1950,1717,1456,1744,1548,1337
5817,58509300,1954,1725,1456,1745,1555,1337
5818,58519300,1936,1727,1455,1744,1560,1337
5819,58529299,1948,1726,1452,1734,1553,1335
5820,58539300,1952,1722,1424,1744,1548,1338
5821,58549300,1947,1712,1459,1745,1557,1335
5822,58559300,1943,1729,1454,1742,1560,1340
5823,58569300,1953,1728,1457,1743,1560,1335
5824,58579299,1945,1727,1456,1741,1558,1336
5825,58589300,1945,1726,1446,1744,1565,1331
5826,58599300,1947,1741,1459,1719,1557,1329
5827,58609300,1953,1725,1455,1736,1557,1337
5828,58619300,1946,1725,1456,1742,1555,1317
5829,58629300,1951,1715,1456,1744,1554,1333
5830,58639300,1946,1726,1453,1752,1562,1335
5831,58649300,1949,1725,1435,1739,1553,1346
5832,58659300,1943,1713,1456,1745,1557,1338
5833,58669300,1951,1718,1442,1746,1559,1336
5834,58679300,1949,1726,1440,1744,1553,1337
5835,58689300,1968,1717,1452,1742,1557,1332
5836,58699300,1949,1725,1467,1745,1552,1329
5837,58709300,1940,1718,1423,1745,1548,1337
5838,58719300,1948,1719,1446,1744,1560,1336
5839,58729300,1948,1712,1453,1741,1539,1364
5840,58739300,1957,1718,1426,1741,1555,1337
5841,58749300,1947,1712,1449,1746,1553,1337
5842,58759300,1947,1718,1458,1743,1558,1343
5843,58769300,1954,1723,1456,1745,1555,1337
5844,58779300,1947,1729,1453,1741,1558,1341
5845,58789300,1953,1719,1453,1737,1559,1342
5846,58799300,1949,1717,1456,1734,1553,1336
5847,58809300,1953,1718,1454,1743,1553,1337
5848,58819300,1945,1718,1456,1744,1557,1337
5849,58829300,1954,1726,1459,1745,1561,1335
5850,58839300,1934,1719,1458,1736,1551,1337
5851,58849300,1947,1718,1456,1744,1562,1332
5852,58859300,1950,1725,1447,1747,1555,1337
5853,58869300,1952,1719,1454,1746,1557,1333
5854,58879300,1952,1718,1454,1736,1553,1337
5855,58889300,1958,1723,1457,1745,1552,1334
5856,58899300,1950,1722,1456,1744,1564,1343
5857,58909300,1951,1723,1445,1728,1557,1335
5858,58919300,1947,1718,1453,1734,1559,1333
5859,58929300,1951,1719,1456,1739,1552,1335
5860,58939300,1943,1731,1454,1741,1553,1333
5861,58949301,1957,1719,1446,1742,1558,1337
5862,58959300,1949,1723,1456,1742,1553,1337
5863,58969300,1955,1725,1456,1746,1553,1337
5864,58979300,1947,1722,1461,1746,1558,1337
5865,58989300,1952,1723,1456,1744,1553,1336
5866,58999300,1953,1725,1453,1749,1562,1337
5867,59009300,1968,1721,1461,1745,1555,1337
5868,59019300,1949,1722,1436,1745,1561,1333
5869,59029300,1949,1725,1456,1740,1557,1337
5870,59039300,1954,1721,1460,1745,1562,1337
5871,59049300,1949,1717,1453,1753,1557,1342
5872,59059300,1953,1715,1455,1744,1550,1337
5873,59069300,1963,1724,1457,1740,1557,1336
5874,59079300,1955,1712,1453,1732,1561,1333
5875,59089300,1952,1719,1460,1739,1556,1337
5876,59099300,1954,1728,1449,1739,1556,1336
5877,59109300,1947,1719,1455,1745,1552,1337
5878,59119300,1950,1716,1458,1741,1555,1338
5879,59129300,1951,1724,1445,1742,1553,1337
5880,59139300,1951,1719,1454,1745,1556,1337
5881,59149300,1946,1719,1454,1746,1558,1337
5882,59159300,1952,1721,1453,1745,1558,1337
5883,59169300,1949,1721,1455,1718,1555,1337
5884,59179300,1951,1726,1456,1745,1555,1337
5885,59189300,1949,1727,1458,1745,1558,1338
5886,59199300,1949,1721,1462,1744,1551,1337
5887,59209300,1952,1712,1457,1745,1550,1346
5888,59219300,1962,1719,1457,1754,1553,1337
5889,59229301,1957,1735,1456,1745,1548,1335
5890,59239300,1950,1723,1456,1742,1576,1343
5891,59249300,1951,1725,1457,1742,1559,1342
5892,59259300,1952,1718,1453,1744,1552,1340
5893,59269300,1955,1721,1454,1745,1562,1337
5894,59279300,1935,1725,1459,1747,1558,1337
5895,59289300,1951,1719,1455,1741,1555,1338
5896,59299300,1949,1723,1456,1745,1561,1340
5897,59309300,1954,1715,1451,1743,1556,1337
5898,59319300,1950,1716,1466,1740,1552,1340
5899,59329300,1946,1722,1464,1745,1561,1339
5900,59339300,1952,1719,1458,1744,1557,1334
5901,59349300,1949,1725,1456,1759,1558,1334
5902,59359300,1946,1717,1451,1743,1553,1336
5903,59369300,1922,1719,1458,1736,1557,1337
5904,59379300,1946,1701,1455,1741,1550,1333
5905,59389300,1922,1718,1446,1744,1548,1337
5906,59399300,1939,1721,1451,1740,1546,1342
5907,59409300,1952,1725,1453,1741,1543,1333
5908,59419300,1951,1725,1463,1744,1561,1336
5909,59429300,1947,1724,1459,1742,1560,1336
5910,59439300,1950,1714,1456,1745,1557,1342
5911,59449300,1953,1713,1447,1742,1552,1337
5912,59459300,1950,1722,1455,1739,1548,1339
5913,59469300,1939,1719,1445,1745,1553,1338
5914,59479300,1953,1718,1453,1741,1555,1337
5915,59489300,1947,1727,1455,1742,1555,1324
5916,59499300,1948,1726,1453,1747,1553,1338
5917,59509300,1947,1725,1446,1742,1553,1337
5918,59519300,1947,1719,1456,1742,1553,1337
5919,59529300,1952,1728,1454,1745,1556,1337
5920,59539300,1941,1721,1458,1741,1559,1336
5921,59549300,1946,1719,1446,1744,1551,1337
5922,59559300,1952,1719,1456,1742,1557,1334
5923,59569299,1956,1718,1447,1742,1554,1337
5924,59579301,1939,1718,1454,1741,1557,1337
5925,59589300,1952,1719,1457,1731,1555,1342
5926,59599300,1955,1722,1461,1745,1557,1337
5927,59609301,1951,1713,1456,1743,1559,1337
5928,59619300,1954,1713,1453,1753,1557,1349
5929,59629300,1949,1718,1456,1743,1560,1338
5930,59639300,1953,1717,1458,1713,1557,1330
5931,59649300,1950,1714,1447,1744,1530,1351
5932,59659300,1947,1726,1456,1740,1556,1337
5933,59669300,1951,1739,1457,1721,1563,1333
5934,59679301,1947,1725,1456,1755,1548,1337
5935,59689300,1953,1723,1454,1742,1555,1337
5936,59699300,1941,1723,1456,1745,1556,1337
5937,59709300,1953,1727,1456,1740,1553,1337
5938,59719300,1952,1715,1446,1741,1560,1338
5939,59729300,1946,1715,1451,1755,1555,1337
5940,59739300,1949,1725,1456,1745,1557,1337
5941,59749300,1950,1725,1463,1744,1558,1332
5942,59759300,1945,1726,1449,1746,1557,1335
5943,59769300,1957,1724,1449,1744,1557,1337
5944,59779300,1947,1731,1454,1746,1557,1340
5945,59789300,1955,1723,1463,1741,1562,1343
5946,59799300,1943,1707,1456,1741,1562,1348
5947,59809300,1947,1718,1456,1750,1550,1344
5948,59819300,1937,1699,1459,1750,1553,1337
5949,59829300,1956,1712,1456,1755,1557,1337
5950,59839300,1955,1718,1425,1743,1552,1340
5951,59849300,1941,1725,1452,1743,1553,1335
5952,59859300,1959,1728,1450,1745,1552,1330
5953,59869300,1957,1723,1479,1745,1555,1337
5954,59879300,1951,1732,1456,1737,1556,1335
5955,59889300,1953,1722,1449,1741,1549,1349
5956,59899300,1946,1719,1455,1743,1553,1335
5957,59909300,1947,1713,1451,1740,1549,1329
5958,59919300,1950,1721,1454,1750,1557,1332
5959,59929301,1954,1719,1456,1748,1550,1337
5960,59939300,1951,1719,1457,1741,1557,1337
5961,59949300,1950,1724,1458,1741,1560,1337
5962,59959300,1939,1725,1456,1746,1559,1333
5963,59969300,1949,1725,1449,1745,1556,1334
5964,59979300,1954,1725,1464,1743,1553,1340
5965,59989300,1950,1719,1446,1742,1553,1337
5966,59999300,1938,1724,1455,1742,1557,1337
5967,60009300,1953,1723,1455,1742,1544,1328
5968,60019300,1943,1724,1456,1745,1549,1335
5969,60029300,1949,1711,1470,1741,1559,1346
5970,60039300,1950,1715,1456,1742,1555,1336
5971,60049300,1949,1717,1456,1744,1557,1337
5972,60059300,1953,1725,1456,1748,1558,1335
5973,60069299,1954,1718,1463,1745,1552,1333
5974,60079300,1950,1719,1454,1742,1560,1337
5975,60089300,1949,1715,1456,1746,1549,1340
5976,60099300,1954,1725,1463,1742,1553,1331
5977,60109300,1950,1727,1456,1741,1566,1337
5978,60119300,1950,1719,1460,1739,1550,1337
5979,60129300,1952,1727,1453,1736,1550,1337
5980,60139300,1947,1721,1455,1741,1565,1329
5981,60149300,1945,1725,1452,1745,1560,1337
5982,60159300,1941,1716,1456,1744,1560,1337
5983,60169300,1952,1725,1455,1744,1558,1340
5984,60179300,1954,1697,1456,1744,1553,1333
5985,60189299,1955,1723,1454,1743,1559,1332
5986,60199300,1951,1723,1455,1743,1527,1316
5987,60209300,1958,1722,1456,1744,1555,1335
5988,60219300,1946,1726,1456,1737,1558,1336
5989,60229301,1951,1722,1447,1741,1553,1337
5990,60239300,1949,1725,1456,1744,1553,1332
5991,60249300,1929,1719,1453,1735,1553,1332
5992,60259300,1938,1718,1455,1747,1550,1363
5993,60269300,1943,1725,1469,1743,1553,1337
5994,60279300,1942,1727,1457,1743,1561,1335
5995,60289300,1941,1719,1458,1744,1548,1351
5996,60299300,1942,1721,1434,1742,1556,1337
5997,60309300,1953,1713,1457,1741,1553,1316
5998,60319300,1953,1725,1456,1748,1557,1336
5999,60329300,1950,1729,1456,1741,1549,1337
6000,60339300,1951,1722,1455,1742,1556,1342
6001,60349300,1956,1724,1453,1742,1551,1337
6002,60359300,1953,1718,1453,1742,1556,1337
6003,60369300,1951,1725,1451,1741,1559,1336
6004,60379300,1951,1724,1418,1743,1555,1339
6005,60389300,1947,1713,1456,1745,1560,1338
6006,60399300,1947,1723,1453,1750,1548,1314
6007,60409300,1952,1718,1456,1736,1551,1337
6008,60419300,1942,1723,1452,1741,1555,1337
6009,60429300,1982,1725,1456,1737,1556,1332
6010,60439300,1949,1718,1459,1744,1550,1337
6011,60449300,1951,1713,1450,1744,1553,1335
6012,60459300,1947,1719,1457,1744,1553,1336
6013,60469300,1949,1721,1457,1739,1555,1337
6014,60479300,1951,1721,1453,1737,1557,1336
6015,60489300,1951,1718,1454,1745,1556,1337
6016,60499300,1949,1725,1454,1740,1552,1337
6017,60509300,1951,1726,1455,1733,1553,1338
6018,60519299,1954,1719,1455,1739,1553,1333
6019,60529300,1949,1713,1453,1737,1548,1337
6020,60539300,1947,1725,1453,1741,1558,1335
6021,60549300,1952,1723,1447,1742,1553,1333
6022,60559300,1947,1732,1450,1746,1558,1337
6023,60569300,1951,1722,1456,1745,1555,1337
6024,60579300,1946,1725,1456,1745,1559,1334
6025,60589300,1950,1728,1451,1747,1553,1337
6026,60599300,1947,1729,1457,1734,1553,1336
6027,60609300,1954,1725,1449,1743,1559,1337
6028,60619301,1953,1712,1457,1745,1558,1337
6029,60629300,1953,1724,1454,1745,1565,1338
6030,60639300,1934,1727,1454,1745,1548,1337
6031,60649300,1953,1721,1454,1740,1553,1332
6032,60659300,1945,1714,1456,1745,1549,1337
6033,60669300,1946,1726,1456,1745,1556,1337
6034,60679300,1941,1719,1452,1743,1552,1335
6035,60689300,1952,1718,1452,1757,1549,1337
6036,60699300,1956,1724,1451,1736,1553,1337
6037,60709300,1953,1715,1456,1735,1553,1336
6038,60719300,1961,1724,1457,1745,1571,1337
6039,60729300,1946,1707,1453,1736,1560,1338
6040,60739300,1950,1718,1450,1740,1551,1329
6041,60749300,1954,1719,1450,1740,1552,1338
6042,60759300,1949,1717,1453,1744,1553,1337
6043,60769300,1945,1715,1457,1743,1558,1336
6044,60779300,1950,1732,1456,1741,1553,1334
6045,60789300,1941,1725,1460,1740,1557,1337
6046,60799300,1954,1726,1439,1745,1556,1355
6047,60809300,1952,1719,1461,1745,1549,1332
6048,60819300,1962,1721,1454,1743,1559,1337
6049,60829300,1945,1719,1455,1744,1558,1337
6050,60839300,1922,1724,1456,1758,1558,1337
6051,60849300,1952,1725,1453,1754,1553,1336
6052,60859300,1950,1723,1439,1741,1556,1337
6053,60869300,1952,1723,1447,1743,1553,1329
6054,60879300,1948,1714,1451,1742,1553,1337
6055,60889299,1943,1725,1456,1737,1548,1338
6056,60899300,1954,1718,1455,1741,1559,1337
6057,60909300,1953,1722,1454,1741,1574,1337
6058,60919300,1949,1719,1453,1743,1548,1337
6059,60929300,1948,1723,1447,1741,1551,1337
6060,60939300,1947,1727,1456,1739,1553,1336
6061,60949300,1951,1727,1455,1745,1555,1339
6062,60959300,1953,1723,1455,1729,1552,1329
6063,60969300,1947,1722,1454,1742,1557,1337
6064,60979300,1944,1713,1456,1741,1556,1336
6065,60989300,1947,1722,1460,1746,1556,1342
6066,60999300,1952,1723,1456,1741,1560,1337
6067,61009300,1950,1721,1447,1745,1552,1332
6068,61019300,1980,1726,1456,1744,1557,1337
6069,61029300,1959,1717,1454,1742,1561,1337
6070,61039300,1955,1721,1453,1745,1555,1337
6071,61049300,1947,1721,1456,1736,1559,1337
6072,61059300,1947,1719,1437,1743,1550,1337
6073,61069300,1951,1721,1456,1740,1533,1327
6074,61079300,1927,1719,1454,1745,1558,1339
6075,61089300,1949,1725,1455,1745,1552,1337
6076,61099300,1943,1722,1449,1734,1553,1329
6077,61109300,1936,1727,1456,1744,1576,1327
6078,61119300,1962,1726,1453,1737,1550,1338
6079,61129300,1951,1725,1441,1744,1551,1337
6080,61139300,1945,1715,1454,1743,1548,1337
6081,61149300,1954,1717,1456,1743,1556,1337
6082,61159300,1946,1724,1454,1742,1548,1337
6083,61169300,1943,1713,1459,1742,1548,1338
6084,61179300,1936,1726,1459,1743,1557,1336
6085,61189300,1949,1715,1449,1744,1561,1337
6086,61199300,1949,1724,1455,1745,1555,1336
6087,61209300,1940,1721,1455,1745,1543,1337
6088,61219300,1949,1719,1453,1743,1557,1353
6089,61229300,1947,1720,1456,1743,1557,1337
6090,61239300,1949,1717,1459,1737,1556,1338
6091,61249300,1950,1721,1451,1747,1552,1337
6092,61259300,1950,1721,1450,1743,1555,1342
6093,61269301,1951,1713,1459,1746,1557,1337
6094,61279300,1951,1728,1451,1743,1560,1337
6095,61289301,1950,1725,1453,1737,1557,1335
6096,61299300,1948,1716,1457,1742,1556,1338
6097,61309300,1950,1719,1455,1742,1557,1333
6098,61319300,1947,1721,1455,1745,1557,1337
6099,61329300,1936,1726,1456,1760,1558,1338
6100,61339300,1949,1728,1442,1742,1556,1333
6101,61349300,1949,1714,1459,1742,1560,1330
6102,61359300,1954,1744,1454,1745,1555,1334
6103,61369300,1949,1722,1446,1744,1557,1310
6104,61379300,1943,1714,1451,1745,1566,1343
6105,61389300,1958,1725,1455,1743,1562,1339
6106,61399300,1949,1727,1456,1745,1552,1340
6107,61409300,1947,1732,1446,1745,1557,1332
6108,61419300,1950,1719,1456,1736,1553,1334
6109,61429300,1946,1723,1451,1744,1558,1330
6110,61439300,1951,1727,1456,1737,1552,1337
6111,61449300,1949,1723,1456,1750,1548,1332
6112,61459300,1950,1733,1451,1744,1556,1342
6113,61469300,1925,1729,1456,1741,1558,1337
6114,61479300,1949,1716,1465,1741,1549,1332
6115,61489300,1950,1723,1456,1745,1555,1337
6116,61499300,1953,1722,1456,1741,1553,1337
6117,61509300,1947,1718,1450,1743,1560,1333
6118,61519300,1950,1726,1455,1743,1557,1343
6119,61529300,1954,1719,1462,1737,1545,1338
6120,61539300,1950,1725,1454,1746,1555,1337
6121,61549300,1947,1726,1457,1745,1550,1338
6122,61559300,1953,1724,1453,1740,1553,1333
6123,61569300,1951,1719,1445,1733,1572,1342
6124,61579300,1947,1721,1455,1737,1555,1337
6125,61589300,1946,1727,1456,1744,1548,1342
6126,61599300,1949,1728,1462,1737,1556,1311
6127,61609300,1958,1726,1455,1742,1551,1337
6128,61619300,1948,1721,1450,1744,1540,1337
6129,61629300,1953,1719,1462,1745,1557,1346
6130,61639300,1950,1717,1451,1743,1556,1330
6131,61649300,1945,1718,1465,1748,1555,1356
6132,61659300,1955,1719,1440,1737,1556,1329
6133,61669300,1943,1718,1451,1745,1553,1336
6134,61679300,1950,1725,1456,1750,1557,1340
6135,61689300,1953,1723,1454,1737,1560,1339
6136,61699300,1941,1725,1456,1747,1552,1338
6137,61709300,1954,1715,1457,1736,1552,1332
6138,61719300,1950,1719,1455,1745,1559,1339
6139,61729300,1947,1718,1456,1742,1543,1332
6140,61739300,1950,1727,1505,1744,1558,1340
6141,61749299,1953,1717,1456,1743,1550,1332
6142,61759300,1948,1717,1452,1753,1556,1330
6143,61769300,1951,1719,1461,1742,1557,1335
6144,61779300,1948,1734,1454,1757,1562,1346
6145,61789299,1951,1725,1456,1745,1548,1332
6146,61799300,1959,1722,1454,1741,1557,1337
6147,61809300,1953,1725,1424,1739,1560,1337
6148,61819300,1945,1717,1458,1741,1553,1337
6149,61829300,1942,1722,1456,1741,1557,1334
6150,61839300,1947,1726,1453,1741,1560,1337
6151,61849300,1950,1733,1446,1729,1556,1336
6152,61859300,1950,1718,1451,1742,1548,1335
6153,61869300,1951,1719,1454,1744,1557,1339
6154,61879300,1956,1722,1455,1747,1556,1332
6155,61889300,1949,1715,1455,1742,1562,1337
6156,61899300,1953,1728,1447,1741,1552,1337
6157,61909300,1946,1723,1447,1743,1549,1312
6158,61919300,1952,1716,1450,1745,1558,1337
6159,61929300,1947,1723,1453,1744,1557,1339
6160,61939299,1941,1721,1447,1741,1558,1332
6161,61949299,1962,1721,1445,1736,1559,1333
6162,61959300,1946,1723,1455,1745,1558,1332
6163,61969300,1950,1718,1457,1744,1553,1336
6164,61979300,1946,1712,1450,1741,1558,1366
6165,61989300,1952,1727,1452,1747,1557,1336
6166,61999300,1943,1722,1450,1743,1553,1346
6167,62009300,1952,1727,1451,1744,1557,1337
6168,62019300,1943,1722,1455,1736,1559,1330
6169,62029300,1943,1717,1454,1736,1553,1336
6170,62039300,1952,1728,1457,1739,1550,1336
6171,62049300,1952,1719,1458,1747,1561,1337
6172,62059300,1947,1724,1455,1744,1550,1347
6173,62069300,1950,1714,1454,1739,1557,1337
6174,62079300,1949,1723,1456,1744,1534,1332
6175,62089299,1945,1719,1456,1736,1553,1337
6176,62099300,1955,1733,1452,1754,1560,1337
6177,62109300,1946,1718,1456,1743,1560,1337
6178,62119300,1943,1731,1444,1745,1556,1337
6179,62129300,1951,1725,1453,1741,1557,1342
6180,62139300,1947,1721,1456,1745,1558,1332
6181,62149300,1952,1719,1457,1745,1553,1338
6182,62159300,1941,1738,1458,1745,1555,1332
6183,62169300,1947,1729,1469,1738,1557,1333
6184,62179300,1959,1717,1450,1744,1553,1337
6185,62189300,1953,1717,1456,1743,1557,1337
6186,62199300,1953,1710,1456,1741,1548,1337
6187,62209300,1950,1721,1443,1742,1558,1339
6188,62219300,1950,1728,1454,1747,1562,1342
6189,62229300,1953,1713,1459,1745,1548,1337
6190,62239300,1947,1725,1461,1736,1553,1338
6191,62249300,1957,1718,1454,1739,1555,1338
6192,62259299,1949,1732,1454,1750,1557,1339
6193,62269300,1950,1714,1456,1745,1557,1337
6194,62279300,1954,1723,1455,1744,1556,1337
6195,62289300,1947,1730,1452,1739,1553,1337
6196,62299300,1953,1717,1457,1743,1550,1337
6197,62309300,1941,1723,1459,1741,1557,1337
6198,62319300,1951,1722,1456,1733,1553,1337
6199,62329300,1941,1718,1456,1742,1557,1325
6200,62339300,1951,1717,1451,1737,1553,1332
6201,62349300,1947,1717,1456,1745,1555,1338
6202,62359300,1949,1719,1471,1740,1548,1337
6203,62369300,1957,1723,1454,1742,1553,1333
6204,62379300,1952,1726,1451,1741,1565,1337
6205,62389300,1954,1722,1456,1745,1562,1337
6206,62399300,1952,1723,1451,1742,1556,1337
6207,62409300,1950,1725,1450,1742,1549,1337
6208,62419300,1957,1714,1439,1739,1553,1337
6209,62429300,1949,1722,1456,1742,1562,1337
6210,62439300,1951,1714,1454,1741,1557,1337
6211,62449300,1943,1720,1455,1744,1557,1337
6212,62459300,1951,1717,1449,1755,1561,1337
6213,62469300,1953,1719,1455,1744,1530,1337
6214,62479300,1954,1717,1458,1734,1560,1337
6215,62489300,1947,1715,1456,1742,1562,1337
6216,62499300,1957,1721,1456,1736,1551,1337
6217,62509299,1943,1713,1466,1743,1557,1337
6218,62519300,1954,1723,1451,1745,1555,1339
6219,62529300,1946,1719,1451,1744,1553,1334
6220,62539300,1952,1716,1456,1744,1550,1336
6221,62549300,1952,1724,1460,1737,1550,1342
6222,62559300,1938,1712,1458,1737,1556,1337
6223,62569300,1954,1723,1456,1742,1558,1330
6224,62579300,1946,1723,1453,1741,1556,1333
6225,62589300,1947,1728,1456,1743,1550,1332
6226,62599300,1939,1718,1456,1727,1548,1337
6227,62609300,1945,1722,1458,1740,1553,1339
6228,62619300,1955,1726,1454,1741,1559,1337
6229,62629300,1957,1726,1454,1745,1565,1343
6230,62639300,1951,1718,1451,1745,1561,1337
6231,62649300,1947,1719,1445,1741,1552,1333
6232,62659300,1939,1722,1455,1727,1552,1341
6233,62669300,1952,1715,1458,1742,1570,1332
6234,62679300,1954,1715,1452,1745,1556,1338
6235,62689300,1949,1719,1451,1741,1555,1333
6236,62699300,1947,1717,1452,1746,1558,1337
6237,62709299,1950,1729,1457,1743,1557,1338
6238,62719300,1948,1719,1456,1741,1548,1347
6239,62729300,1951,1712,1456,1741,1552,1332
6240,62739300,1951,1723,1459,1741,1555,1337
6241,62749300,1959,1730,1451,1744,1560,1340
6242,62759300,1947,1719,1456,1741,1562,1339
6243,62769300,1946,1719,1451,1744,1555,1337
6244,62779300,1952,1721,1446,1745,1561,1337
6245,62789300,1951,1726,1453,1744,1555,1343
6246,62799300,1942,1728,1453,1737,1553,1332
6247,62809300,1950,1721,1456,1745,1553,1335
6248,62819300,1950,1718,1459,1741,1558,1333
6249,62829300,1945,1724,1453,1744,1553,1336
6250,62839300,1961,1721,1456,1741,1553,1339
6251,62849300,1946,1715,1454,1737,1557,1335
6252,62859300,1945,1718,1450,1737,1543,1337
6253,62869300,1946,1727,1500,1742,1557,1338
6254,62879300,1950,1712,1455,1749,1550,1337
6255,62889300,1945,1712,1456,1741,1552,1334
6256,62899300,1951,1726,1456,1744,1560,1338
6257,62909300,1946,1715,1450,1740,1553,1329
6258,62919300,1957,1728,1456,1740,1552,1339
6259,62929300,1947,1686,1456,1737,1553,1336
6260,62939300,1948,1719,1459,1738,1556,1354
6261,62949300,1955,1722,1456,1741,1556,1337
6262,62959300,1947,1715,1456,1744,1561,1335
6263,62969300,1951,1730,1459,1744,1556,1332
6264,62979300,1954,1724,1456,1745,1555,1332
6265,62989300,1951,1727,1461,1742,1553,1332
6266,62999300,1950,1723,1451,1742,1562,1334
6267,63009300,1954,1724,1456,1739,1553,1338
6268,63019300,1950,1729,1458,1745,1540,1337
6269,63029300,1953,1722,1454,1745,1554,1339
6270,63039300,1952,1719,1446,1744,1552,1337
6271,63049300,1954,1726,1462,1742,1556,1337
6272,63059300,1955,1725,1454,1742,1559,1339
6273,63069300,1950,1717,1453,1744,1559,1335
6274,63079300,1949,1715,1445,1747,1549,1337
6275,63089300,1937,1725,1442,1730,1551,1337
6276,63099300,1950,1726,1444,1739,1551,1332
6277,63109300,1957,1718,1456,1744,1549,1337
6278,63119300,1949,1723,1456,1745,1555,1337
6279,63129300,1956,1715,1452,1742,1557,1337
6280,63139300,1952,1723,1455,1745,1559,1337
6281,63149300,1950,1707,1443,1750,1559,1337
6282,63159300,1958,1718,1473,1744,1557,1332
6283,63169299,1951,1728,1451,1741,1552,1342
6284,63179300,1951,1723,1454,1745,1555,1335
6285,63189300,1948,1719,1446,1740,1554,1337
6286,63199300,1950,1719,1455,1736,1553,1337
6287,63209300,1958,1721,1458,1741,1558,1335
6288,63219300,1954,1726,1451,1739,1550,1337
6289,63229300,1935,1711,1456,1737,1557,1337
6290,63239300,1955,1726,1456,1741,1558,1337
6291,63249300,1950,1720,1445,1741,1557,1337
6292,63259300,1947,1726,1447,1760,1560,1342
6293,63269301,1958,1721,1456,1742,1561,1332
6294,63279300,1946,1725,1456,1742,1557,1337
6295,63289300,1978,1721,1455,1743,1549,1336
6296,63299300,1949,1725,1458,1741,1555,1337
6297,63309300,1950,1721,1455,1742,1560,1337
6298,63319300,1950,1718,1451,1740,1558,1337
6299,63329300,1952,1712,1456,1744,1557,1337
6300,63339300,1950,1708,1435,1729,1556,1337
6301,63349300,1953,1717,1453,1744,1553,1337
6302,63359300,1951,1703,1455,1741,1553,1337
6303,63369300,1949,1723,1451,1741,1558,1329
6304,63379301,1951,1727,1459,1734,1557,1336
6305,63389300,1950,1723,1455,1736,1552,1337
6306,63399300,1953,1714,1453,1742,1556,1337
6307,63409300,1954,1722,1456,1737,1550,1337
6308,63419300,1947,1714,1453,1741,1553,1336
6309,63429300,1955,1718,1455,1744,1553,1335
6310,63439300,1946,1727,1456,1745,1548,1337
6311,63449300,1951,1726,1453,1741,1552,1337
6312,63459300,1933,1722,1455,1739,1553,1337
6313,63469300,1956,1734,1455,1733,1552,1340
6314,63479300,1946,1715,1453,1741,1560,1332
6315,63489300,1950,1717,1456,1745,1557,1329
6316,63499300,1953,1727,1456,1745,1533,1337
6317,63509300,1949,1723,1454,1732,1551,1337
6318,63519300,1953,1723,1457,1743,1552,1337
6319,63529300,1958,1716,1459,1747,1556,1330
6320,63539300,1947,1717,1456,1737,1553,1337
6321,63549300,1955,1715,1456,1744,1561,1337
6322,63559300,1952,1726,1458,1742,1555,1336
6323,63569300,1953,1723,1454,1744,1555,1336
6324,63579300,1953,1710,1455,1741,1561,1333
6325,63589300,1951,1715,1441,1740,1553,1337
6326,63599300,1938,1727,1456,1733,1555,1337
6327,63609300,1951,1729,1453,1743,1552,1337
6328,63619300,1950,1732,1456,1758,1560,1337
6329,63629300,1947,1712,1455,1756,1562,1329
6330,63639300,1947,1732,1451,1746,1552,1337
6331,63649300,1950,1719,1442,1742,1549,1336
6332,63659300,1940,1726,1453,1744,1560,1340
6333,63669300,1957,1723,1454,1745,1566,1316
6334,63679300,1949,1721,1453,1749,1552,1330
6335,63689300,1949,1719,1456,1744,1553,1337
6336,63699300,1949,1725,1456,1743,1556,1337
6337,63709300,1946,1715,1452,1741,1555,1342
6338,63719300,1951,1723,1451,1744,1549,1337
6339,63729300,1951,1722,1456,1743,1551,1335
6340,63739300,1950,1730,1454,1744,1555,1332
6341,63749300,1952,1723,1454,1744,1565,1337
6342,63759300,1958,1727,1456,1743,1557,1330
6343,63769300,1948,1718,1454,1747,1558,1340
6344,63779300,1945,1725,1456,1742,1552,1334
6345,63789300,1944,1714,1456,1740,1549,1337
6346,63799300,1953,1729,1451,1744,1578,1310
6347,63809300,1941,1723,1454,1741,1556,1336
6348,63819300,1951,1717,1456,1747,1560,1345
6349,63829300,1945,1724,1456,1744,1560,1337
6350,63839300,1952,1727,1449,1743,1563,1360
6351,63849300,1942,1723,1456,1745,1557,1332
6352,63859300,1950,1714,1451,1746,1560,1328
6353,63869300,1953,1722,1446,1745,1553,1333
6354,63879300,1965,1718,1451,1735,1556,1337
6355,63889300,1961,1723,1453,1741,1556,1337
6356,63899300,1938,1725,1458,1745,1555,1337
6357,63909300,1943,1726,1453,1746,1557,1336
6358,63919300,1950,1721,1456,1743,1562,1333
6359,63929300,1951,1722,1454,1737,1553,1337
6360,63939300,1951,1722,1456,1744,1552,1342
6361,63949300,1953,1730,1456,1745,1557,1323
6362,63959300,1946,1726,1456,1741,1556,1337
6363,63969300,1947,1728,1451,1745,1557,1332
6364,63979300,1954,1718,1455,1739,1552,1333
6365,63989300,1943,1725,1458,1745,1557,1333
6366,63999300,1950,1715,1456,1742,1555,1337
6367,64009300,1941,1728,1449,1737,1559,1337
6368,64019300,1955,1728,1456,1736,1571,1368
6369,64029300,1949,1717,1451,1744,1550,1337
6370,64039300,1952,1724,1452,1744,1553,1335
6371,64049300,1943,1721,1456,1744,1562,1336
6372,64059300,1949,1718,1453,1747,1557,1334
6373,64069300,1957,1717,1459,1747,1553,1337
6374,64079300,1949,1725,1455,1743,1566,1336
6375,64089300,1968,1712,1455,1745,1557,1337
6376,64099300,1948,1717,1458,1742,1553,1314
6377,64109300,1951,1746,1465,1750,1555,1343
6378,64119300,1951,1723,1460,1734,1556,1338
6379,64129300,1945,1725,1456,1741,1555,1333
6380,64139300,1941,1713,1450,1739,1555,1337
6381,64149300,1950,1727,1441,1741,1551,1333
6382,64159300,1945,1727,1467,1741,1553,1337
6383,64169300,1922,1723,1456,1750,1555,1336
6384,64179300,1949,1717,1456,1744,1556,1311
6385,64189300,1945,1719,1456,1741,1557,1336
6386,64199300,1949,1725,1454,1731,1553,1332
6387,64209300,1948,1723,1454,1747,1551,1340
6388,64219299,1949,1721,1435,1745,1566,1340
6389,64229300,1955,1723,1455,1745,1563,1337
6390,64239300,1950,1728,1456,1741,1548,1337
6391,64249300,1953,1725,1454,1744,1552,1329
6392,64259300,1949,1723,1449,1744,1557,1336
6393,64269300,1958,1722,1454,1729,1556,1332
6394,64279300,1951,1723,1456,1745,1554,1336
6395,64289300,1927,1719,1447,1741,1555,1330
6396,64299300,1954,1721,1456,1744,1557,1337
6397,64309300,1950,1723,1456,1744,1555,1337
6398,64319300,1952,1715,1451,1741,1555,1343
6399,64329300,1953,1724,1453,1744,1545,1327
6400,64339300,1955,1721,1460,1747,1557,1338
6401,64349300,1949,1719,1453,1741,1555,1332
6402,64359300,1949,1715,1454,1743,1561,1328
6403,64369300,1949,1722,1456,1741,1557,1339
6404,64379300,1950,1719,1459,1741,1557,1337
6405,64389300,1943,1726,1450,1745,1554,1337
6406,64399300,1946,1724,1454,1742,1557,1336
6407,64409300,1954,1728,1460,1736,1555,1332
6408,64419300,1954,1727,1452,1745,1553,1337
6409,64429300,1952,1726,1455,1750,1549,1320
6410,64439300,1950,1725,1451,1745,1565,1333
6411,64449300,1945,1726,1453,1747,1558,1333
6412,64459300,1949,1715,1458,1743,1548,1341
6413,64469300,1950,1728,1456,1742,1553,1335
6414,64479300,1951,1722,1450,1743,1558,1337
6415,64489300,1952,1727,1446,1743,1562,1329
6416,64499300,1951,1714,1471,1744,1553,1337
6417,64509300,1953,1722,1456,1743,1555,1337
6418,64519300,1947,1718,1455,1741,1553,1337
6419,64529300,1953,1723,1459,1736,1555,1337
6420,64539301,1951,1722,1456,1741,1550,1335
6421,64549300,1962,1725,1454,1749,1555,1336
6422,64559300,1949,1722,1450,1734,1558,1339
6423,64569300,1948,1713,1457,1743,1557,1340
6424,64579300,1950,1723,1456,1746,1555,1337
6425,64589300,1938,1722,1471,1742,1556,1342
6426,64599300,1950,1737,1455,1746,1560,1337
6427,64609300,1951,1722,1451,1749,1556,1328
6428,64619300,1957,1725,1456,1747,1555,1333
6429,64629300,1958,1718,1456,1749,1561,1337
6430,64639300,1951,1714,1463,1742,1551,1337
6431,64649300,1954,1723,1456,1743,1560,1337
6432,64659300,1951,1727,1454,1742,1557,1339
6433,64669300,1950,1725,1454,1752,1562,1337
6434,64679300,1951,1719,1453,1743,1558,1337
6435,64689300,1942,1734,1456,1745,1561,1337
6436,64699299,1955,1723,1456,1740,1553,1336
6437,64709300,1945,1717,1455,1758,1553,1334
6438,64719300,1950,1715,1456,1744,1558,1332
6439,64729300,1955,1725,1458,1736,1560,1337
6440,64739300,1949,1728,1451,1745,1556,1338
6441,64749300,1951,1715,1449,1745,1557,1340
6442,64759300,1953,1728,1456,1743,1568,1332
6443,64769300,1958,1729,1445,1744,1558,1338
6444,64779300,1947,1723,1412,1744,1559,1360
6445,64789300,1956,1716,1461,1740,1553,1332
6446,64799300,1949,1715,1451,1741,1553,1338
6447,64809300,1947,1722,1451,1740,1553,1335
6448,64819300,1953,1728,1456,1745,1555,1338
6449,64829300,1951,1732,1455,1741,1559,1338
6450,64839300,1945,1725,1454,1747,1560,1337
6451,64849300,1956,1727,1447,1749,1557,1337
6452,64859300,1963,1719,1456,1744,1553,1338
6453,64869300,1952,1721,1456,1743,1561,1337
6454,64879300,1943,1722,1456,1752,1560,1337
6455,64889300,1939,1717,1459,1739,1550,1337
6456,64899300,1948,1723,1456,1741,1557,1338
6457,64909300,1950,1728,1459,1743,1560,1336
6458,64919300,1945,1717,1461,1743,1558,1349
6459,64929300,1939,1726,1456,1746,1548,1336
6460,64939300,1952,1721,1481,1745,1557,1337
6461,64949300,1940,1756,1456,1742,1562,1337
6462,64959300,1943,1722,1447,1737,1564,1327
6463,64969300,1952,1724,1456,1749,1560,1339
6464,64979300,1952,1718,1451,1744,1557,1335
6465,64989300,1953,1715,1451,1744,1553,1338
6466,64999300,1952,1719,1469,1743,1557,1347
6467,65009300,1947,1726,1462,1743,1557,1337
6468,65019300,1949,1719,1463,1741,1556,1333
6469,65029300,1949,1722,1456,1750,1556,1328
6470,65039300,1917,1712,1456,1746,1557,1337
6471,65049300,1946,1724,1456,1736,1561,1335
6472,65059300,1946,1717,1459,1736,1553,1336
6473,65069300,1951,1718,1457,1745,1558,1337
6474,65079300,1954,1722,1455,1748,1557,1337
6475,65089300,1952,1723,1460,1745,1573,1337
6476,65099300,1947,1733,1450,1736,1558,1338
6477,65109300,1945,1719,1450,1736,1556,1342
6478,65119300,1956,1719,1455,1741,1553,1339
6479,65129300,1945,1722,1453,1758,1553,1337
6480,65139300,1950,1719,1449,1745,1561,1337
6481,65149300,1953,1722,1447,1744,1539,1333
6482,65159300,1954,1719,1449,1750,1550,1337
6483,65169300,1951,1713,1456,1742,1559,1335
6484,65179300,1946,1713,1464,1737,1558,1337
6485,65189300,1956,1722,1458,1741,1553,1352
6486,65199300,1947,1723,1453,1741,1566,1334
6487,65209300,1941,1720,1456,1741,1548,1335
6488,65219300,1953,1723,1453,1741,1552,1336
6489,65229300,1949,1726,1458,1745,1562,1337
6490,65239300,1951,1722,1453,1745,1559,1337
6491,65249300,1954,1721,1455,1742,1543,1342
6492,65259300,1957,1722,1468,1747,1561,1337
6493,65269300,1963,1717,1460,1741,1562,1337
6494,65279300,1945,1717,1453,1736,1548,1337
6495,65289300,1936,1717,1455,1741,1548,1342
6496,65299300,1950,1726,1435,1744,1540,1325
6497,65309300,1964,1723,1456,1747,1552,1332
6498,65319300,1949,1735,1458,1741,1553,1332
6499,65329300,1949,1718,1460,1742,1576,1319
6500,65339300,1954,1717,1456,1742,1553,1339
6501,65349300,1947,1722,1461,1749,1560,1337
6502,65359300,1947,1730,1456,1737,1560,1330
6503,65369300,1953,1723,1424,1741,1552,1335
6504,65379300,1948,1727,1456,1753,1558,1337
6505,65389300,1946,1717,1471,1743,1548,1331
6506,65399300,1959,1728,1449,1744,1553,1337
6507,65409300,1950,1727,1456,1745,1557,1337
6508,65419300,1952,1728,1452,1744,1548,1314
6509,65429300,1951,1716,1457,1754,1552,1337
6510,65439300,1947,1726,1458,1747,1557,1332
6511,65449300,1949,1718,1450,1745,1551,1333
6512,65459300,1951,1721,1456,1743,1553,1337
6513,65469300,1949,1714,1453,1746,1547,1338
6514,65479300,1941,1717,1460,1750,1557,1337
6515,65489300,1941,1719,1457,1744,1550,1337
6516,65499300,1947,1719,1471,1737,1555,1336
6517,65509300,1943,1716,1456,1742,1534,1352
6518,65519300,1943,1693,1457,1741,1557,1337
6519,65529300,1943,1719,1455,1744,1557,1336
6520,65539300,1948,1723,1453,1748,1553,1333
6521,65549300,1957,1720,1453,1740,1557,1334
6522,65559300,1951,1724,1450,1740,1558,1337
6523,65569300,1955,1715,1457,1741,1550,1337
6524,65579300,1946,1719,1456,1745,1557,1337
6525,65589300,1954,1713,1454,1746,1559,1340
6526,65599300,1949,1723,1457,1745,1557,1333
6527,65609300,1951,1719,1457,1736,1552,1366
6528,65619300,1949,1711,1456,1743,1561,1333
6529,65629300,1951,1727,1457,1745,1552,1346
6530,65639300,1952,1728,1457,1743,1564,1337
6531,65649300,1945,1725,1455,1745,1557,1337
6532,65659300,1954,1717,1465,1742,1574,1337
6533,65669300,1943,1725,1445,1757,1552,1337
6534,65679300,1952,1721,1456,1737,1549,1337
6535,65689300,1946,1726,1458,1745,1559,1337
6536,65699300,1957,1717,1456,1740,1553,1337
6537,65709300,1949,1725,1454,1758,1561,1337
6538,65719300,1957,1726,1456,1734,1564,1341
6539,65729300,1974,1725,1456,1742,1555,1336
6540,65739300,1949,1723,1466,1742,1557,1330
6541,65749300,1961,1722,1459,1745,1552,1337
6542,65759300,1958,1727,1457,1736,1560,1337
6543,65769300,1949,1722,1456,1744,1552,1337
6544,65779301,1954,1724,1474,1751,1557,1335
6545,65789300,1950,1727,1462,1739,1558,1337
6546,65799301,1950,1726,1456,1745,1556,1337
6547,65809300,1947,1725,1452,1745,1552,1335
6548,65819300,1936,1723,1455,1739,1558,1337
6549,65829300,1947,1725,1454,1745,1556,1337
6550,65839300,1952,1715,1455,1741,1558,1337
6551,65849300,1926,1741,1453,1747,1557,1337
6552,65859300,1951,1725,1450,1739,1551,1337
6553,65869300,1954,1725,1450,1747,1550,1337
6554,65879300,1950,1729,1440,1741,1562,1334
6555,65889300,1951,1712,1456,1740,1550,1337
6556,65899300,1947,1723,1457,1742,1551,1340
6557,65909300,1955,1734,1450,1731,1556,1337
6558,65919300,1950,1721,1457,1762,1552,1332
6559,65929300,1943,1722,1453,1745,1558,1338
6560,65939300,1950,1723,1446,1747,1575,1334
6561,65949300,1955,1724,1457,1747,1549,1339
6562,65959300,1947,1716,1459,1744,1556,1341
6563,65969300,1941,1721,1455,1754,1558,1341
6564,65979300,1952,1711,1465,1742,1562,1337
6565,65989300,1955,1721,1457,1742,1548,1337
6566,65999300,1977,1721,1453,1742,1556,1335
6567,66009300,1943,1725,1450,1744,1556,1337
6568,66019300,1946,1715,1455,1736,1558,1337
6569,66029300,1952,1713,1452,1742,1548,1330
6570,66039300,1951,1723,1451,1733,1550,1342
6571,66049299,1949,1729,1456,1750,1553,1338
6572,66059300,1951,1716,1476,1741,1553,1335
6573,66069300,1952,1728,1447,1743,1555,1330
6574,66079299,1954,1739,1457,1749,1553,1337
6575,66089300,1949,1739,1453,1739,1562,1337
6576,66099300,1945,1728,1456,1750,1556,1338
6577,66109300,1942,1723,1461,1742,1563,1337
6578,66119300,1947,1721,1455,1736,1562,1335
6579,66129300,1951,1725,1456,1744,1559,1323
6580,66139300,1950,1712,1454,1752,1559,1335
6581,66149300,1952,1724,1461,1741,1557,1315
6582,66159300,1948,1722,1454,1744,1546,1327
6583,66169300,1951,1721,1453,1736,1556,1337
6584,66179300,1952,1723,1460,1741,1565,1337
6585,66189300,1945,1718,1456,1739,1552,1339
6586,66199300,1949,1721,1456,1743,1553,1332
6587,66209300,1951,1724,1455,1741,1558,1335
6588,66219300,1950,1725,1446,1746,1561,1342
6589,66229300,1957,1723,1451,1750,1548,1333
6590,66239300,1950,1715,1434,1741,1553,1335
6591,66249300,1951,1712,1454,1737,1549,1334
6592,66259300,1937,1746,1453,1744,1555,1337
6593,66269300,1947,1719,1455,1741,1553,1337
6594,66279300,1950,1719,1442,1744,1558,1330
6595,66289300,1945,1717,1456,1744,1559,1337
6596,66299300,1952,1717,1454,1742,1550,1337
6597,66309300,1950,1699,1453,1742,1562,1337
6598,66319300,1952,1715,1456,1723,1557,1332
6599,66329300,1950,1722,1454,1742,1556,1326
6600,66339300,1950,1724,1454,1749,1552,1337
6601,66349301,1951,1725,1459,1742,1553,1333
6602,66359300,1947,1723,1467,1746,1558,1335
6603,66369300,1953,1722,1455,1744,1553,1334
6604,66379300,1946,1715,1450,1742,1549,1369
6605,66389300,1945,1727,1466,1742,1557,1340
6606,66399300,1947,1715,1453,1745,1556,1346
6607,66409300,1941,1725,1456,1734,1557,1337
6608,66419300,1947,1724,1470,1746,1554,1337
6609,66429300,1951,1729,1461,1739,1574,1337
6610,66439300,1968,1726,1446,1741,1555,1337
6611,66449300,1947,1731,1454,1746,1550,1337
6612,66459300,1949,1718,1454,1737,1556,1333
6613,66469300,1956,1723,1461,1741,1553,1334
6614,66479300,1949,1719,1460,1745,1557,1329
6615,66489300,1941,1722,1455,1742,1559,1342
6616,66499300,1949,1725,1443,1741,1552,1350
6617,66509300,1950,1719,1456,1736,1557,1337
6618,66519300,1955,1718,1445,1742,1551,1340
6619,66529300,1950,1715,1451,1745,1548,1337
6620,66539300,1947,1719,1459,1739,1553,1337
6621,66549300,1943,1725,1445,1737,1550,1337
6622,66559300,1945,1713,1456,1741,1562,1325
6623,66569300,1947,1707,1456,1735,1557,1333
6624,66579300,1949,1719,1449,1742,1548,1337
6625,66589300,1937,1719,1456,1740,1552,1337
6626,66599300,1947,1727,1454,1744,1562,1332
6627,66609300,1948,1719,1459,1741,1572,1338
6628,66619300,1948,1726,1455,1740,1557,1335
6629,66629300,1946,1724,1462,1741,1553,1337
6630,66639300,1952,1717,1456,1740,1534,1342
6631,66649300,1941,1725,1455,1740,1553,1336
6632,66659300,1951,1723,1456,1743,1549,1342
6633,66669300,1941,1717,1459,1744,1553,1335
6634,66679300,1941,1719,1455,1734,1570,1340
6635,66689300,1953,1715,1454,1744,1554,1346
6636,66699300,1951,1731,1459,1750,1553,1336
6637,66709300,1956,1722,1456,1743,1552,1332
6638,66719300,1952,1721,1455,1742,1558,1338
6639,66729300,1949,1723,1451,1749,1560,1337
6640,66739300,1947,1722,1461,1741,1558,1337
6641,66749300,1954,1717,1456,1745,1553,1342
6642,66759300,1953,1723,1456,1739,1553,1317
6643,66769300,1948,1718,1460,1744,1557,1337
6644,66779300,1941,1724,1460,1741,1553,1337
6645,66789300,1953,1723,1453,1747,1558,1337
6646,66799300,1950,1721,1424,1758,1561,1337
6647,66809300,1950,1718,1456,1741,1560,1335
6648,66819300,1950,1727,1457,1719,1555,1332
6649,66829300,1953,1720,1456,1744,1555,1346
6650,66839300,1957,1718,1456,1731,1557,1337
6651,66849300,1950,1721,1459,1743,1555,1337
6652,66859300,1943,1718,1457,1742,1552,1329
6653,66869300,1954,1724,1455,1745,1565,1334
6654,66879300,1962,1728,1458,1746,1558,1342
6655,66889300,1940,1722,1456,1741,1572,1337
6656,66899300,1955,1724,1447,1744,1558,1337
6657,66909300,1939,1725,1453,1736,1559,1336
6658,66919300,1945,1722,1466,1742,1553,1337
6659,66929300,1955,1718,1456,1745,1534,1337
6660,66939300,1945,1728,1451,1754,1548,1336
6661,66949300,1950,1729,1457,1745,1551,1338
6662,66959300,1920,1725,1456,1739,1556,1337
6663,66969300,1950,1724,1456,1744,1555,1331
6664,66979300,1949,1728,1453,1727,1562,1339
6665,66989300,1959,1721,1456,1743,1563,1333
6666,66999300,1953,1723,1440,1739,1561,1338
6667,67009300,1951,1719,1456,1746,1552,1337
6668,67019300,1952,1729,1456,1749,1553,1334
6669,67029300,1943,1723,1457,1749,1553,1337
6670,67039300,1955,1726,1462,1744,1557,1337
6671,67049300,1948,1728,1459,1745,1559,1338
6672,67059300,1949,1728,1454,1740,1566,1323
6673,67069300,1941,1693,1461,1746,1558,1337
6674,67079300,1957,1727,1459,1750,1552,1337
6675,67089300,1952,1714,1463,1742,1558,1338
6676,67099300,1951,1726,1447,1747,1558,1337
6677,67109299,1949,1721,1461,1744,1557,1337
6678,67119300,1958,1719,1457,1750,1561,1337
6679,67129300,1950,1723,1453,1745,1564,1336
6680,67139300,1948,1722,1456,1739,1559,1342
6681,67149300,1941,1715,1450,1750,1554,1339
6682,67159300,1955,1714,1455,1744,1559,1337
6683,67169300,1943,1719,1456,1744,1555,1338
6684,67179300,1951,1724,1459,1750,1552,1339
6685,67189300,1941,1725,1454,1741,1556,1337
6686,67199300,1953,1716,1460,1740,1557,1332
6687,67209300,1945,1723,1450,1736,1562,1360
6688,67219300,1962,1731,1456,1741,1556,1337
6689,67229300,1950,1710,1456,1742,1556,1337
6690,67239300,1952,1721,1451,1742,1549,1332
6691,67249300,1950,1723,1455,1741,1558,1337
6692,67259300,1947,1725,1454,1747,1561,1337
6693,67269300,1951,1722,1453,1743,1562,1332
6694,67279300,1939,1730,1458,1743,1552,1337
6695,67289300,1953,1723,1456,1741,1553,1335
6696,67299300,1951,1725,1453,1733,1553,1335
6697,67309300,1949,1722,1456,1743,1557,1337
6698,67319300,1938,1729,1456,1736,1559,1337
6699,67329300,1949,1726,1453,1744,1557,1337
6700,67339300,1954,1722,1455,1731,1553,1337
6701,67349300,1965,1722,1454,1758,1551,1337
6702,67359300,1951,1722,1450,1741,1551,1336
6703,67369300,1957,1728,1439,1742,1553,1340
6704,67379300,1954,1724,1425,1743,1553,1339
6705,67389300,1943,1722,1454,1759,1553,1337
6706,67399300,1947,1718,1454,1746,1565,1337
6707,67409300,1942,1723,1456,1750,1556,1337
6708,67419300,1952,1723,1454,1741,1553,1341
6709,67429300,1953,1718,1456,1745,1557,1337
6710,67439300,1951,1719,1466,1736,1559,1335
6711,67449300,1953,1724,1450,1739,1563,1337
6712,67459300,1953,1719,1462,1744,1566,1326
6713,67469300,1953,1722,1421,1736,1560,1337
6714,67479300,1947,1738,1483,1742,1560,1337
6715,67489299,1942,1715,1460,1743,1553,1333
6716,67499300,1947,1710,1450,1754,1563,1334
6717,67509300,1948,1719,1440,1737,1562,1337
6718,67519300,1948,1727,1456,1744,1556,1337
6719,67529300,1959,1726,1450,1744,1559,1335
6720,67539300,1947,1707,1456,1742,1553,1340
6721,67549300,1949,1713,1451,1742,1555,1341
6722,67559300,1947,1727,1456,1744,1557,1339
6723,67569300,1951,1726,1453,1748,1553,1333
6724,67579300,1947,1722,1455,1745,1553,1337
6725,67589300,1947,1725,1456,1742,1553,1333
6726,67599300,1949,1723,1475,1733,1558,1334
6727,67609300,1951,1729,1443,1742,1552,1337
6728,67619300,1952,1722,1455,1739,1556,1340
6729,67629300,1953,1723,1456,1741,1552,1333
6730,67639300,1953,1718,1456,1741,1553,1337
6731,67649300,1946,1719,1454,1742,1559,1334
6732,67659300,1951,1714,1456,1748,1558,1340
6733,67669300,1943,1727,1453,1744,1548,1337
6734,67679300,1951,1719,1450,1740,1558,1341
6735,67689300,1947,1725,1455,1745,1548,1333
6736,67699300,1953,1721,1447,1744,1556,1346
6737,67709300,1955,1714,1488,1745,1553,1339
6738,67719300,1925,1719,1456,1743,1557,1336
6739,67729300,1945,1725,1454,1735,1557,1337
6740,67739300,1956,1724,1456,1741,1557,1337
6741,67749300,1950,1719,1456,1743,1559,1337
6742,67759300,1951,1713,1455,1732,1560,1338
6743,67769300,1953,1714,1449,1741,1572,1336
6744,67779300,1949,1710,1451,1740,1552,1338
6745,67789300,1946,1722,1456,1743,1551,1342
6746,67799300,1948,1723,1451,1748,1559,1334
6747,67809301,1958,1712,1461,1737,1555,1333
6748,67819300,1949,1727,1463,1736,1557,1337
6749,67829300,1951,1726,1458,1743,1558,1338
6750,67839300,1952,1727,1447,1737,1560,1338
6751,67849300,1949,1718,1456,1758,1557,1337
6752,67859300,1949,1723,1456,1738,1559,1335
6753,67869300,1951,1725,1473,1745,1553,1337
6754,67879300,1954,1719,1456,1747,1553,1340
6755,67889300,1946,1725,1450,1733,1562,1332
6756,67899300,1950,1726,1466,1744,1557,1340
6757,67909300,1954,1726,1451,1750,1570,1351
6758,67919300,1959,1717,1456,1741,1553,1337
6759,67929300,1951,1722,1456,1745,1556,1337
6760,67939301,1951,1722,1454,1740,1556,1337
6761,67949300,1954,1725,1451,1743,1581,1337
6762,67959300,1951,1718,1459,1749,1557,1337
6763,67969300,1952,1731,1456,1723,1557,1335
6764,67979300,1951,1717,1465,1745,1555,1319
6765,67989300,1950,1725,1456,1744,1556,1322
6766,67999300,1938,1721,1457,1743,1556,1335
6767,68009300,1939,1727,1457,1741,1556,1351
6768,68019300,1945,1723,1454,1744,1555,1337
6769,68029300,1955,1725,1444,1740,1557,1337
6770,68039300,1950,1728,1455,1746,1556,1336
6771,68049300,1926,1727,1456,1745,1553,1337
6772,68059300,1951,1727,1455,1740,1556,1335
6773,68069300,1952,1727,1468,1741,1540,1338
6774,68079300,1946,1723,1456,1740,1566,1328
6775,68089300,1951,1726,1456,1746,1557,1337
6776,68099300,1947,1721,1455,1745,1560,1337
6777,68109300,1952,1726,1456,1740,1557,1337
6778,68119300,1964,1718,1420,1745,1559,1337
6779,68129300,1949,1723,1456,1741,1553,1333
6780,68139300,1951,1719,1451,1745,1553,1335
6781,68149300,1943,1723,1455,1742,1553,1329
6782,68159300,1939,1734,1452,1745,1553,1335
6783,68169300,1947,1717,1459,1741,1548,1337
6784,68179300,1951,1723,1453,1746,1555,1336
6785,68189300,1951,1723,1456,1737,1553,1336
6786,68199300,1966,1727,1456,1736,1566,1336
6787,68209300,1947,1721,1453,1742,1553,1335
6788,68219300,1947,1725,1455,1748,1543,1336
6789,68229300,1955,1721,1457,1743,1559,1337
6790,68239300,1951,1719,1456,1749,1553,1346
6791,68249300,1949,1718,1458,1752,1558,1330
6792,68259300,1952,1719,1456,1740,1557,1339
6793,68269300,1947,1718,1453,1736,1555,1342
6794,68279300,1952,1712,1472,1762,1558,1340
6795,68289299,1952,1726,1474,1748,1559,1333
6796,68299300,1943,1715,1447,1744,1561,1336
6797,68309300,1950,1730,1456,1743,1550,1337
6798,68319300,1954,1724,1456,1743,1562,1339
6799,68329300,1953,1725,1461,1743,1561,1335
6800,68339300,1949,1726,1453,1745,1563,1339
6801,68349300,1949,1724,1457,1743,1556,1337
6802,68359300,1957,1724,1453,1744,1557,1336
6803,68369300,1949,1722,1443,1741,1553,1339
6804,68379300,1947,1717,1452,1741,1556,1337
6805,68389300,1946,1719,1451,1741,1557,1337
6806,68399300,1953,1724,1456,1744,1559,1337
6807,68409300,1943,1725,1455,1737,1548,1339
6808,68419300,1947,1734,1455,1742,1553,1337
6809,68429300,1962,1719,1465,1744,1550,1336
6810,68439300,1959,1720,1456,1745,1553,1338
6811,68449300,1951,1701,1453,1744,1561,1335
6812,68459300,1949,1703,1456,1739,1571,1340
6813,68469299,1949,1718,1454,1739,1559,1337
6814,68479300,1943,1725,1456,1738,1550,1332
6815,68489300,1954,1721,1461,1737,1558,1334
6816,68499300,1945,1717,1453,1742,1557,1337
6817,68509300,1936,1717,1458,1741,1560,1336
6818,68519300,1936,1726,1459,1750,1558,1337
6819,68529300,1947,1739,1454,1744,1558,1337
6820,68539300,1952,1718,1455,1745,1550,1333
6821,68549300,1949,1719,1438,1739,1558,1337
6822,68559300,1954,1722,1458,1744,1557,1337
6823,68569300,1956,1717,1453,1743,1565,1337
6824,68579299,1955,1718,1453,1745,1558,1335
6825,68589300,1936,1722,1469,1742,1553,1337
6826,68599300,1954,1721,1457,1747,1553,1339
6827,68609300,1942,1731,1455,1747,1557,1340
6828,68619300,1964,1719,1453,1741,1558,1337
6829,68629299,1973,1722,1456,1736,1557,1337
6830,68639300,1937,1714,1456,1743,1557,1338
6831,68649300,1943,1718,1451,1744,1560,1337
6832,68659300,1951,1745,1454,1741,1558,1342
6833,68669300,1952,1725,1453,1740,1557,1330
6834,68679300,1950,1722,1455,1741,1558,1337
6835,68689299,1955,1719,1453,1745,1557,1337
6836,68699300,1947,1723,1452,1732,1560,1332
6837,68709300,1941,1725,1453,1758,1555,1332
6838,68719300,1941,1715,1450,1744,1549,1332
6839,68729300,1943,1718,1467,1746,1553,1337
6840,68739300,1952,1726,1453,1737,1555,1333
6841,68749300,1945,1715,1456,1736,1558,1337
6842,68759300,1955,1722,1457,1744,1553,1338
6843,68769300,1959,1725,1454,1742,1548,1335
6844,68779300,1951,1724,1455,1747,1548,1311
6845,68789300,1949,1719,1452,1734,1557,1337
6846,68799300,1953,1719,1455,1741,1553,1338
6847,68809300,1953,1719,1458,1741,1556,1340
6848,68819300,1957,1691,1455,1736,1560,1337
6849,68829299,1950,1725,1472,1744,1556,1335
6850,68839300,1953,1718,1458,1745,1557,1338
6851,68849300,1951,1733,1456,1745,1558,1328
6852,68859300,1939,1719,1445,1737,1557,1337
6853,68869300,1951,1729,1455,1744,1556,1335
6854,68879300,1949,1745,1456,1731,1553,1338
6855,68889300,1942,1719,1435,1745,1556,1337
6856,68899300,1946,1722,1454,1742,1553,1337
6857,68909300,1951,1726,1454,1742,1540,1325
6858,68919300,1950,1719,1456,1747,1558,1329
6859,68929300,1955,1722,1459,1741,1552,1337
6860,68939300,1954,1727,1454,1747,1557,1337
6861,68949299,1949,1727,1445,1744,1552,1337
6862,68959300,1949,1726,1454,1743,1559,1340
6863,68969300,1952,1718,1467,1739,1560,1340
6864,68979299,1954,1718,1447,1748,1550,1335
6865,68989300,1943,1717,1451,1750,1557,1337
6866,68999300,1935,1725,1450,1740,1553,1337
6867,69009300,1943,1719,1456,1741,1557,1337
6868,69019300,1954,1723,1453,1746,1565,1369
6869,69029300,1949,1723,1456,1744,1558,1343
6870,69039300,1950,1722,1426,1745,1550,1338
6871,69049300,1951,1714,1453,1741,1571,1337
6872,69059300,1953,1722,1455,1745,1560,1333
6873,69069300,1946,1723,1447,1729,1561,1337
6874,69079300,1954,1726,1477,1741,1560,1337
6875,69089300,1949,1721,1447,1743,1548,1340
6876,69099300,1948,1718,1462,1739,1557,1337
6877,69109301,1950,1722,1464,1737,1557,1340
6878,69119300,1945,1727,1456,1744,1557,1338
6879,69129300,1951,1722,1456,1742,1550,1337
6880,69139300,1957,1723,1458,1744,1551,1337
6881,69149300,1954,1726,1457,1744,1558,1337
6882,69159300,1952,1713,1456,1743,1553,1337
6883,69169300,1973,1723,1457,1743,1560,1338
6884,69179300,1952,1714,1462,1740,1557,1337
6885,69189299,1945,1719,1448,1742,1553,1337
6886,69199300,1948,1723,1455,1731,1559,1342
6887,69209300,1958,1713,1463,1745,1557,1342
6888,69219300,1947,1728,1456,1741,1553,1337
6889,69229300,1936,1733,1457,1736,1557,1337
6890,69239300,1947,1715,1453,1737,1559,1337
6891,69249300,1945,1712,1459,1740,1552,1335
6892,69259300,1953,1719,1457,1742,1556,1349
6893,69269300,1955,1720,1445,1740,1561,1339
6894,69279300,1942,1721,1456,1750,1563,1337
6895,69289300,1941,1716,1456,1742,1557,1337
6896,69299300,1945,1728,1458,1743,1556,1337
6897,69309300,1945,1727,1456,1745,1553,1333
6898,69319300,1943,1715,1455,1741,1553,1337
6899,69329300,1955,1721,1446,1744,1539,1337
6900,69339300,1951,1718,1455,1741,1556,1340
6901,69349300,1962,1714,1462,1742,1553,1335
6902,69359300,1954,1722,1456,1744,1553,1342
6903,69369300,1952,1714,1450,1745,1551,1342
6904,69379300,1941,1722,1456,1742,1563,1337
6905,69389300,1949,1723,1456,1741,1549,1319
6906,69399300,1942,1721,1459,1746,1555,1337
6907,69409299,1942,1715,1451,1745,1555,1337
6908,69419300,1951,1727,1454,1741,1558,1336
6909,69429300,1946,1722,1471,1741,1539,1337
6910,69439299,1942,1722,1463,1740,1556,1337
6911,69449299,1956,1722,1456,1744,1556,1337
6912,69459300,1945,1717,1456,1743,1573,1326
6913,69469300,1950,1723,1451,1747,1535,1337
6914,69479300,1942,1721,1441,1743,1556,1337
6915,69489300,1954,1726,1456,1745,1565,1336
6916,69499300,1943,1728,1456,1744,1558,1342
6917,69509300,1951,1727,1456,1741,1561,1336
6918,69519300,1948,1722,1456,1745,1548,1342
6919,69529300,1949,1716,1457,1744,1556,1336
6920,69539300,1945,1725,1456,1741,1557,1337
6921,69549300,1948,1719,1453,1743,1557,1337
6922,69559300,1945,1723,1456,1731,1556,1335
6923,69569300,1938,1723,1453,1743,1553,1338
6924,69579300,1949,1712,1458,1736,1558,1362
6925,69589300,1948,1717,1456,1743,1559,1334
6926,69599299,1952,1725,1453,1747,1561,1335
6927,69609300,1955,1719,1455,1743,1553,1337
6928,69619300,1949,1726,1456,1742,1557,1337
6929,69629300,1946,1724,1452,1739,1559,1337
6930,69639300,1950,1725,1456,1745,1566,1337
6931,69649300,1947,1718,1454,1742,1553,1335
6932,69659300,1935,1717,1456,1745,1571,1337
6933,69669300,1958,1717,1456,1726,1560,1337
6934,69679300,1942,1727,1456,1743,1552,1337
6935,69689300,1953,1721,1466,1741,1557,1333
6936,69699300,1942,1735,1449,1766,1553,1337
6937,69709300,1943,1723,1451,1745,1562,1330
6938,69719300,1943,1722,1447,1743,1555,1335
6939,69729300,1951,1731,1466,1737,1562,1333
6940,69739300,1951,1721,1458,1742,1557,1335
6941,69749300,1943,1714,1456,1746,1553,1337
6942,69759300,1953,1717,1450,1741,1559,1327
6943,69769300,1935,1722,1453,1740,1557,1314
6944,69779300,1950,1722,1456,1744,1548,1334
6945,69789300,1950,1722,1450,1745,1556,1337
6946,69799300,1943,1721,1425,1745,1559,1337
6947,69809300,1948,1718,1483,1742,1559,1338
6948,69819300,1952,1725,1456,1742,1557,1340
6949,69829300,1946,1723,1458,1743,1552,1337
6950,69839300,1943,1723,1454,1744,1548,1332
6951,69849300,1967,1727,1457,1740,1557,1337
6952,69859300,1937,1701,1456,1741,1551,1345
6953,69869300,1957,1730,1443,1731,1555,1340
6954,69879300,1982,1724,1453,1741,1553,1337
6955,69889300,1952,1712,1459,1742,1548,1338
6956,69899301,1951,1715,1456,1741,1555,1333
6957,69909300,1954,1744,1453,1746,1555,1334
6958,69919300,1951,1721,1439,1745,1556,1337
6959,69929300,1951,1718,1456,1741,1553,1328
6960,69939300,1949,1727,1471,1745,1565,1356
6961,69949300,1951,1723,1453,1744,1560,1349
6962,69959301,1947,1718,1456,1745,1553,1332
6963,69969300,1947,1728,1457,1741,1553,1337
6964,69979300,1950,1728,1451,1743,1557,1337
6965,69989299,1943,1719,1446,1754,1556,1337
6966,69999300,1959,1725,1457,1742,1558,1339
6967,70009300,1951,1722,1457,1739,1560,1334
6968,70019300,1948,1746,1456,1717,1557,1335
6969,70029300,1951,1730,1456,1758,1557,1337
6970,70039300,1920,1720,1457,1747,1557,1334
6971,70049300,1942,1718,1459,1736,1561,1337
6972,70059300,1955,1724,1443,1746,1558,1340
6973,70069300,1945,1727,1444,1723,1551,1332
6974,70079300,1947,1729,1455,1744,1550,1337
6975,70089300,1955,1719,1453,1735,1559,1335
6976,70099300,1943,1726,1453,1759,1553,1342
6977,70109300,1940,1723,1457,1758,1549,1339
6978,70119300,1957,1723,1454,1739,1553,1342
6979,70129300,1942,1719,1463,1745,1556,1337
6980,70139300,1953,1719,1454,1737,1559,1333
6981,70149300,1950,1718,1456,1745,1558,1333
6982,70159300,1950,1727,1451,1744,1560,1337
6983,70169300,1943,1726,1455,1737,1552,1337
6984,70179300,1950,1728,1457,1737,1556,1337
6985,70189300,1962,1719,1456,1739,1558,1337
6986,70199300,1947,1718,1470,1745,1557,1337
6987,70209300,1938,1718,1445,1746,1560,1335
6988,70219300,1945,1728,1450,1750,1552,1338
6989,70229300,1942,1723,1457,1743,1561,1323
6990,70239300,1950,1721,1456,1745,1557,1328
6991,70249300,1958,1722,1459,1741,1558,1337
6992,70259300,1952,1713,1441,1736,1552,1337
6993,70269300,1954,1721,1452,1755,1557,1334
6994,70279301,1953,1723,1463,1747,1552,1335
6995,70289301,1950,1712,1417,1741,1562,1337
6996,70299300,1951,1725,1467,1746,1559,1342
6997,70309300,1953,1721,1452,1742,1556,1337
6998,70319300,1953,1714,1456,1736,1557,1336
6999,70329300,1954,1727,1454,1745,1555,1337
7000,70339301,1949,1727,1456,1744,1556,1337
7001,70349300,1950,1729,1456,1746,1550,1349
7002,70359300,1950,1719,1456,1742,1561,1336
7003,70369300,1950,1718,1455,1745,1553,1342
7004,70379300,1953,1702,1456,1742,1561,1332
7005,70389300,1951,1726,1454,1740,1560,1335
7006,70399300,1952,1719,1474,1744,1558,1342
7007,70409300,1943,1728,1453,1743,1540,1337
7008,70419300,1951,1731,1455,1746,1553,1337
7009,70429299,1954,1725,1452,1737,1555,1335
7010,70439300,1951,1722,1451,1739,1558,1337
7011,70449300,1954,1715,1449,1757,1556,1337
7012,70459300,1953,1725,1454,1744,1559,1337
7013,70469300,1951,1726,1456,1736,1553,1332
7014,70479300,1951,1730,1456,1739,1558,1335
7015,70489300,1947,1718,1459,1740,1551,1337
7016,70499300,1946,1726,1466,1744,1555,1337
7017,70509300,1939,1719,1456,1741,1560,1335
7018,70519300,1955,1720,1458,1739,1558,1337
7019,70529300,1947,1725,1448,1742,1557,1337
7020,70539300,1939,1724,1475,1745,1560,1333
7021,70549300,1946,1723,1456,1746,1557,1340
7022,70559300,1949,1692,1456,1745,1552,1337
7023,70569301,1952,1722,1455,1747,1553,1346
7024,70579300,1951,1722,1447,1742,1556,1332
7025,70589300,1953,1722,1454,1738,1562,1337
7026,70599300,1955,1724,1425,1743,1558,1339
7027,70609300,1952,1727,1455,1745,1558,1334
7028,70619300,1955,1723,1456,1750,1557,1335
7029,70629300,1948,1724,1450,1745,1557,1338
7030,70639301,1970,1726,1451,1747,1560,1329
7031,70649300,1951,1719,1456,1745,1556,1336
7032,70659300,1951,1722,1475,1743,1557,1340
7033,70669300,1949,1723,1455,1742,1557,1365
7034,70679300,1943,1719,1453,1745,1554,1327
7035,70689300,1950,1725,1435,1746,1553,1337
7036,70699300,1951,1718,1457,1740,1558,1337
7037,70709300,1947,1717,1467,1744,1553,1345
7038,70719300,1957,1713,1456,1744,1557,1337
7039,70729300,1955,1725,1449,1741,1556,1334
7040,70739300,1943,1722,1455,1753,1558,1337
7041,70749300,1947,1712,1453,1745,1558,1339
7042,70759300,1949,1717,1456,1745,1553,1319
7043,70769300,1952,1723,1456,1739,1553,1337
7044,70779300,1943,1718,1455,1745,1549,1333
7045,70789300,1955,1722,1456,1745,1554,1337
7046,70799300,1957,1719,1456,1744,1559,1343
7047,70809300,1947,1717,1456,1734,1553,1339
7048,70819300,1946,1716,1458,1742,1555,1343
7049,70829300,1947,1724,1463,1739,1553,1337
7050,70839300,1939,1723,1453,1743,1556,1336
7051,70849300,1952,1719,1456,1742,1552,1337
7052,70859300,1920,1722,1456,1740,1553,1337
7053,70869300,1949,1722,1456,1736,1556,1337
7054,70879300,1954,1726,1456,1741,1553,1330
7055,70889300,1954,1722,1455,1741,1566,1362
7056,70899300,1939,1719,1455,1737,1558,1336
7057,70909300,1946,1719,1456,1736,1550,1323
7058,70919300,1946,1723,1455,1742,1557,1337
7059,70929300,1945,1715,1456,1744,1553,1332
7060,70939300,1952,1716,1456,1742,1552,1361
7061,70949300,1955,1719,1451,1740,1556,1341
7062,70959300,1954,1714,1456,1737,1549,1337
7063,70969300,1949,1714,1454,1745,1560,1330
7064,70979300,1952,1718,1462,1750,1561,1337
7065,70989300,1949,1726,1456,1741,1558,1336
7066,70999300,1943,1723,1456,1739,1553,1337
7067,71009300,1950,1702,1456,1742,1550,1335
7068,71019300,1949,1714,1456,1741,1553,1333
7069,71029300,1954,1722,1456,1744,1564,1316
7070,71039300,1950,1728,1459,1744,1548,1321
7071,71049300,1950,1721,1456,1744,1556,1337
7072,71059300,1949,1726,1453,1742,1553,1333
7073,71069300,1946,1719,1460,1745,1552,1334
7074,71079300,1952,1727,1456,1749,1548,1346
7075,71089300,1951,1723,1462,1734,1561,1341
7076,71099300,1951,1721,1456,1739,1553,1337
7077,71109300,1938,1721,1457,1740,1557,1335
7078,71119300,1947,1723,1457,1745,1553,1337
7079,71129300,1951,1725,1454,1742,1556,1339
7080,71139300,1949,1715,1459,1732,1553,1337
7081,71149300,1951,1717,1456,1740,1548,1336
7082,71159300,1942,1728,1456,1743,1556,1337
7083,71169299,1967,1717,1450,1736,1553,1337
7084,71179300,1946,1726,1447,1740,1553,1334
7085,71189300,1946,1719,1453,1744,1557,1337
7086,71199300,1947,1717,1458,1742,1550,1337
7087,71209300,1950,1723,1456,1743,1556,1337
7088,71219300,1951,1718,1456,1745,1557,1337
7089,71229301,1950,1720,1457,1743,1557,1338
7090,71239300,1949,1732,1453,1745,1550,1329
7091,71249300,1951,1718,1456,1743,1555,1327
7092,71259300,1947,1725,1456,1736,1560,1338
7093,71269300,1942,1724,1454,1736,1557,1340
7094,71279300,1945,1725,1481,1739,1558,1342
7095,71289299,1946,1719,1442,1736,1561,1332
7096,71299300,1953,1727,1460,1745,1558,1338
7097,71309300,1949,1725,1449,1736,1553,1337
7098,71319300,1946,1712,1458,1745,1558,1337
7099,71329300,1951,1715,1456,1741,1560,1337
7100,71339300,1949,1721,1459,1739,1557,1336
7101,71349300,1954,1723,1454,1744,1574,1350
7102,71359300,1951,1733,1451,1739,1561,1337
7103,71369300,1950,1726,1456,1741,1556,1337
7104,71379300,1945,1726,1471,1737,1549,1324
7105,71389300,1952,1728,1449,1744,1555,1335
7106,71399300,1949,1717,1456,1744,1561,1337
7107,71409300,1941,1716,1458,1741,1553,1337
7108,71419300,1951,1727,1455,1742,1556,1338
7109,71429300,1953,1718,1459,1741,1553,1333
7110,71439300,1943,1715,1451,1745,1558,1337
7111,71449300,1945,1717,1458,1740,1569,1342
7112,71459300,1947,1723,1456,1750,1552,1332
7113,71469300,1954,1723,1458,1742,1553,1338
7114,71479300,1953,1727,1456,1745,1556,1337
7115,71489300,1952,1721,1434,1743,1557,1329
7116,71499300,1946,1732,1457,1739,1555,1337
7117,71509300,1942,1719,1456,1737,1550,1337
7118,71519300,1945,1718,1457,1736,1556,1333
7119,71529300,1951,1712,1456,1743,1557,1345
7120,71539300,1950,1716,1456,1737,1558,1342
7121,71549300,1947,1720,1456,1743,1561,1339
7122,71559300,1951,1725,1455,1741,1557,1337
7123,71569300,1943,1719,1424,1743,1560,1340
7124,71579300,1949,1711,1449,1754,1563,1337
7125,71589300,1956,1737,1456,1730,1557,1337
7126,71599300,1948,1725,1458,1743,1553,1339
7127,71609300,1952,1715,1454,1741,1557,1337
7128,71619300,1951,1722,1454,1733,1558,1341
7129,71629300,1946,1715,1452,1741,1566,1338
7130,71639300,1946,1725,1456,1745,1548,1337
7131,71649301,1949,1727,1456,1736,1553,1337
7132,71659300,1936,1719,1461,1746,1557,1338
7133,71669300,1949,1719,1456,1724,1555,1338
7134,71679300,1949,1720,1452,1741,1557,1335
7135,71689300,1954,1731,1455,1741,1553,1333
7136,71699300,1950,1686,1451,1741,1555,1337
7137,71709300,1946,1727,1456,1744,1550,1338
7138,71719300,1947,1726,1446,1741,1553,1335
7139,71729299,1937,1725,1429,1743,1558,1336
7140,71739300,1953,1718,1451,1744,1556,1335
7141,71749300,1955,1722,1456,1741,1557,1337
7142,71759300,1950,1715,1456,1744,1553,1338
7143,71769300,1951,1729,1451,1746,1555,1337
7144,71779300,1951,1728,1456,1745,1552,1332
7145,71789300,1949,1725,1458,1739,1553,1340
7146,71799300,1952,1717,1454,1740,1559,1346
7147,71809300,1948,1735,1453,1746,1561,1336
7148,71819300,1943,1727,1458,1736,1559,1332
7149,71829300,1945,1726,1456,1742,1553,1339
7150,71839299,1946,1721,1459,1737,1556,1338
7151,71849300,1950,1723,1458,1736,1548,1337
7152,71859301,1951,1722,1475,1743,1547,1337
7153,71869300,1942,1712,1449,1744,1553,1340
7154,71879300,1937,1722,1453,1737,1548,1337
7155,71889300,1948,1718,1456,1743,1557,1337
7156,71899300,1949,1723,1456,1743,1558,1337
7157,71909300,1945,1726,1456,1731,1562,1330
7158,71919300,1946,1720,1437,1747,1560,1332
7159,71929300,1943,1723,1454,1742,1559,1335
7160,71939300,1927,1723,1455,1739,1557,1336
7161,71949300,1951,1715,1439,1745,1550,1337
7162,71959300,1941,1717,1454,1742,1550,1333
7163,71969300,1951,1718,1456,1745,1560,1338
7164,71979300,1967,1730,1456,1741,1558,1339
7165,71989300,1947,1723,1455,1745,1550,1335
7166,71999300,1957,1726,1458,1744,1560,1346
7167,72009300,1940,1719,1455,1745,1556,1337
7168,72019300,1947,1719,1456,1737,1557,1337
7169,72029300,1946,1722,1479,1742,1555,1338
7170,72039300,1946,1725,1456,1745,1557,1333
7171,72049300,1950,1722,1466,1741,1556,1338
7172,72059300,1943,1725,1482,1744,1553,1333
7173,72069300,1948,1719,1450,1744,1576,1346
7174,72079300,1949,1725,1461,1739,1552,1339
7175,72089300,1940,1722,1455,1734,1557,1327
7176,72099300,1948,1715,1455,1745,1559,1337
7177,72109300,1955,1728,1456,1744,1552,1337
7178,72119300,1951,1728,1456,1741,1530,1342
7179,72129300,1954,1721,1458,1743,1558,1337
7180,72139300,1951,1724,1456,1737,1558,1338
7181,72149300,1951,1725,1462,1742,1558,1333
7182,72159300,1946,1721,1463,1737,1555,1340
7183,72169300,1953,1718,1452,1748,1548,1328
7184,72179300,1943,1703,1454,1760,1553,1337
7185,72189300,1949,1725,1455,1746,1555,1337
7186,72199300,1950,1724,1456,1736,1554,1337
7187,72209300,1951,1727,1453,1747,1556,1339
7188,72219300,1949,1723,1455,1745,1559,1339
7189,72229300,1955,1715,1456,1741,1559,1309
7190,72239300,1947,1723,1455,1744,1560,1339
7191,72249300,1955,1723,1456,1739,1556,1337
7192,72259300,1962,1723,1453,1745,1556,1336
7193,72269300,1953,1718,1462,1758,1552,1337
7194,72279300,1953,1723,1456,1741,1560,1337
7195,72289300,1955,1719,1456,1739,1556,1337
7196,72299301,1953,1739,1456,1742,1556,1338
7197,72309300,1953,1728,1456,1747,1553,1332
7198,72319300,1943,1715,1446,1739,1555,1332
7199,72329300,1943,1727,1456,1760,1559,1340
7200,72339300,1947,1722,1451,1737,1550,1335
7201,72349300,1952,1726,1451,1740,1552,1342
7202,72359300,1949,1715,1456,1741,1551,1337
7203,72369300,1951,1722,1449,1737,1556,1333
7204,72379300,1953,1729,1463,1745,1550,1338
7205,72389301,1950,1724,1456,1744,1569,1328
7206,72399300,1951,1719,1454,1744,1557,1335
7207,72409300,1938,1721,1466,1741,1557,1337
7208,72419300,1948,1719,1455,1741,1557,1337
7209,72429300,1947,1721,1463,1739,1553,1337
7210,72439300,1945,1715,1452,1741,1555,1335
7211,72449300,1967,1717,1456,1742,1557,1333
7212,72459300,1952,1728,1457,1746,1557,1334
7213,72469300,1963,1722,1453,1744,1558,1338
7214,72479300,1946,1712,1440,1736,1562,1350
7215,72489300,1949,1733,1456,1743,1561,1338
7216,72499300,1950,1730,1455,1741,1559,1337
7217,72509300,1946,1722,1455,1741,1553,1326
7218,72519300,1956,1739,1456,1745,1552,1342
7219,72529300,1955,1727,1453,1753,1554,1337
7220,72539300,1936,1726,1456,1749,1558,1337
7221,72549300,1938,1731,1450,1749,1561,1337
7222,72559300,1954,1721,1447,1741,1559,1333
7223,72569300,1953,1717,1457,1749,1553,1336
7224,72579300,1948,1718,1458,1742,1555,1337
7225,72589299,1949,1721,1456,1749,1556,1338
7226,72599300,1947,1727,1463,1730,1557,1337
7227,72609300,1953,1719,1456,1746,1557,1339
7228,72619300,1949,1718,1456,1741,1561,1340
7229,72629300,1943,1719,1443,1745,1557,1337
7230,72639300,1941,1718,1456,1738,1557,1337
7231,72649300,1955,1725,1453,1744,1561,1337
7232,72659300,1947,1725,1456,1740,1560,1338
7233,72669300,1953,1725,1456,1741,1552,1337
7234,72679300,1959,1717,1458,1745,1553,1335
7235,72689300,1946,1725,1455,1741,1553,1339
7236,72699300,1948,1716,1476,1743,1556,1339
7237,72709300,1942,1719,1454,1742,1559,1336
7238,72719300,1951,1717,1449,1741,1547,1339
7239,72729300,1946,1723,1423,1746,1551,1337
7240,72739300,1945,1717,1456,1731,1557,1337
7241,72749300,1951,1719,1456,1739,1558,1330
7242,72759300,1947,1719,1461,1743,1553,1337
7243,72769300,1951,1721,1447,1745,1553,1335
7244,72779300,1951,1719,1456,1743,1555,1351
7245,72789300,1950,1727,1457,1744,1565,1350
7246,72799300,1950,1717,1459,1736,1559,1332
7247,72809300,1953,1723,1455,1743,1562,1338
7248,72819300,1954,1727,1463,1745,1557,1342
7249,72829300,1947,1725,1455,1733,1556,1337
7250,72839300,1948,1721,1456,1745,1551,1338
7251,72849300,1947,1717,1440,1743,1557,1337
7252,72859300,1942,1744,1453,1716,1557,1333
7253,72869300,1951,1726,1449,1745,1555,1337
7254,72879300,1953,1725,1457,1744,1553,1343
7255,72889300,1942,1717,1456,1737,1556,1337
7256,72899300,1949,1716,1456,1750,1560,1337
7257,72909300,1950,1719,1456,1741,1557,1337
7258,72919300,1950,1718,1465,1736,1548,1337
7259,72929300,1952,1721,1458,1743,1560,1337
7260,72939300,1926,1722,1455,1739,1557,1342
7261,72949300,1949,1719,1456,1738,1562,1319
7262,72959300,1949,1721,1453,1739,1553,1343
7263,72969300,1952,1719,1451,1734,1562,1330
7264,72979300,1949,1721,1451,1744,1560,1335
7265,72989300,1953,1712,1454,1747,1556,1337
7266,72999300,1953,1727,1424,1744,1558,1336
7267,73009300,1939,1719,1456,1741,1557,1337
7268,73019300,1948,1723,1450,1741,1556,1337
7269,73029300,1952,1725,1456,1743,1550,1338
7270,73039299,1920,1725,1457,1744,1553,1337
7271,73049300,1950,1723,1451,1744,1557,1335
7272,73059300,1949,1719,1456,1744,1560,1336
7273,73069300,1953,1730,1441,1742,1561,1337
7274,73079300,1947,1723,1446,1743,1556,1336
7275,73089301,1943,1725,1455,1736,1552,1334
7276,73099300,1943,1727,1458,1736,1548,1332
7277,73109300,1947,1721,1457,1741,1560,1329
7278,73119300,1953,1719,1454,1736,1558,1329
7279,73129300,1951,1719,1446,1747,1553,1336
7280,73139300,1947,1717,1455,1740,1559,1311
7281,73149300,1953,1725,1456,1744,1558,1337
7282,73159300,1941,1717,1454,1742,1550,1333
7283,73169300,1953,1716,1456,1740,1556,1337
7284,73179300,1946,1723,1484,1744,1548,1342
7285,73189300,1947,1730,1451,1742,1553,1343
7286,73199300,1951,1713,1453,1737,1548,1335
7287,73209300,1947,1723,1463,1740,1553,1342
7288,73219300,1954,1718,1456,1739,1551,1340
7289,73229300,1947,1725,1465,1745,1560,1337
7290,73239300,1946,1726,1456,1743,1562,1335
7291,73249300,1955,1728,1453,1741,1561,1338
7292,73259300,1946,1721,1456,1753,1555,1339
7293,73269300,1949,1723,1458,1741,1557,1337
7294,73279300,1957,1722,1450,1742,1557,1343
7295,73289300,1946,1728,1455,1743,1555,1336
7296,73299300,1951,1723,1491,1744,1553,1335
7297,73309300,1950,1715,1456,1735,1560,1336
7298,73319300,1943,1721,1457,1743,1555,1337
7299,73329300,1924,1730,1457,1744,1556,1338
7300,73339300,1950,1719,1456,1746,1553,1337
7301,73349300,1941,1730,1425,1744,1559,1351
7302,73359300,1954,1715,1443,1736,1550,1336
7303,73369300,1952,1716,1457,1753,1561,1337
7304,73379300,1956,1718,1459,1747,1548,1338
7305,73389300,1949,1723,1462,1741,1539,1342
7306,73399301,1940,1725,1451,1732,1559,1332
7307,73409300,1936,1718,1454,1739,1566,1333
7308,73419300,1951,1727,1456,1737,1554,1320
7309,73429300,1943,1691,1447,1744,1550,1337
7310,73439300,1957,1717,1451,1744,1574,1335
7311,73449300,1949,1723,1457,1746,1558,1337
7312,73459300,1945,1719,1452,1745,1555,1341
7313,73469300,1950,1714,1455,1741,1557,1337
7314,73479300,1951,1718,1456,1743,1552,1341
7315,73489300,1949,1720,1452,1736,1560,1329
7316,73499300,1950,1718,1456,1741,1547,1356
7317,73509300,1950,1714,1455,1735,1548,1324
7318,73519300,1950,1717,1456,1736,1547,1346
7319,73529300,1962,1727,1456,1757,1557,1337
7320,73539300,1951,1725,1450,1745,1548,1337
7321,73549300,1945,1722,1462,1744,1555,1340
7322,73559300,1949,1723,1456,1736,1553,1342
7323,73569300,1939,1717,1456,1745,1550,1337
7324,73579300,1952,1725,1450,1747,1557,1328
7325,73589300,1946,1724,1453,1742,1553,1334
7326,73599300,1951,1722,1456,1743,1563,1329
7327,73609300,1963,1715,1453,1741,1560,1337
7328,73619300,1950,1719,1449,1744,1553,1327
7329,73629300,1947,1703,1456,1741,1558,1345
7330,73639300,1949,1719,1438,1742,1553,1337
7331,73649300,1947,1718,1450,1741,1548,1338
7332,73659300,1948,1723,1456,1744,1560,1328
7333,73669300,1938,1724,1456,1745,1562,1336
7334,73679300,1951,1727,1456,1741,1553,1333
7335,73689300,1942,1718,1455,1743,1555,1336
7336,73699300,1947,1726,1455,1741,1548,1337
7337,73709300,1947,1722,1456,1738,1577,1369
7338,73719300,1948,1725,1450,1739,1552,1339
7339,73729300,1951,1722,1459,1741,1553,1337
7340,73739300,1955,1722,1463,1741,1552,1339
7341,73749300,1932,1719,1456,1739,1550,1335
7342,73759300,1949,1715,1456,1744,1553,1337
7343,73769300,1951,1729,1456,1722,1550,1337
7344,73779300,1948,1723,1455,1745,1555,1337
7345,73789300,1951,1722,1461,1745,1553,1334
7346,73799300,1953,1726,1455,1741,1553,1337
7347,73809300,1954,1716,1473,1744,1569,1332
7348,73819300,1962,1701,1456,1745,1557,1337
7349,73829300,1950,1723,1456,1740,1557,1337
7350,73839300,1950,1719,1455,1740,1568,1312
7351,73849300,1953,1728,1454,1743,1560,1337
7352,73859300,1963,1723,1451,1740,1562,1337
7353,73869300,1951,1719,1461,1749,1561,1333
7354,73879300,1951,1727,1455,1737,1553,1337
7355,73889300,1943,1723,1456,1743,1553,1337
7356,73899300,1954,1725,1455,1741,1553,1337
7357,73909300,1930,1727,1455,1741,1556,1337
7358,73919300,1954,1726,1461,1749,1558,1337
7359,73929300,1936,1729,1468,1745,1550,1335
7360,73939300,1949,1722,1458,1733,1557,1336
7361,73949300,1947,1727,1456,1737,1559,1340
7362,73959300,1958,1728,1456,1740,1549,1329
7363,73969300,1953,1734,1456,1742,1558,1335
7364,73979300,1955,1726,1460,1744,1553,1339
7365,73989300,1939,1712,1452,1745,1553,1337
7366,73999300,1954,1721,1456,1745,1557,1327
7367,74009300,1951,1717,1418,1743,1559,1337
7368,74019300,1956,1727,1458,1746,1553,1337
7369,74029300,1943,1715,1456,1745,1561,1336
7370,74039300,1951,1713,1461,1721,1555,1338
7371,74049300,1947,1713,1457,1743,1561,1336
7372,74059300,1942,1712,1455,1749,1556,1337
7373,74069300,1946,1712,1451,1758,1559,1333
7374,74079300,1939,1723,1454,1741,1555,1333
7375,74089300,1947,1716,1472,1736,1556,1338
7376,74099300,1946,1727,1456,1741,1557,1336
7377,74109300,1951,1719,1452,1746,1556,1337
7378,74119300,1947,1717,1458,1736,1561,1336
7379,74129300,1951,1717,1455,1744,1557,1337
7380,74139300,1949,1719,1457,1742,1574,1334
7381,74149300,1937,1713,1456,1731,1553,1336
7382,74159300,1944,1723,1456,1737,1553,1343
7383,74169300,1948,1723,1473,1744,1553,1350
7384,74179300,1944,1715,1456,1744,1562,1332
7385,74189300,1945,1718,1491,1742,1558,1340
7386,74199300,1949,1722,1457,1734,1553,1322
7387,74209300,1941,1721,1456,1727,1553,1346
7388,74219300,1950,1717,1451,1742,1556,1332
7389,74229300,1950,1719,1456,1745,1557,1334
7390,74239300,1945,1749,1460,1730,1560,1329
7391,74249300,1953,1724,1456,1744,1557,1337
7392,74259300,1948,1726,1463,1737,1559,1335
7393,74269300,1951,1722,1445,1741,1550,1337
7394,74279300,1954,1730,1459,1743,1556,1340
7395,74289300,1943,1730,1458,1744,1553,1335
7396,74299300,1945,1718,1474,1739,1551,1342
7397,74309300,1950,1695,1456,1737,1557,1337
7398,74319300,1947,1722,1447,1741,1558,1333
7399,74329300,1947,1724,1460,1742,1558,1337
7400,74339300,1954,1717,1459,1724,1556,1341
7401,74349300,1951,1726,1456,1743,1541,1342
7402,74359300,1951,1727,1471,1741,1553,1337
7403,74369300,1945,1727,1463,1745,1557,1327
7404,74379300,1950,1726,1457,1744,1558,1338
7405,74389300,1947,1719,1456,1744,1557,1328
7406,74399300,1947,1725,1456,1744,1555,1337
7407,74409300,1946,1726,1461,1741,1559,1337
7408,74419300,1949,1722,1457,1737,1557,1337
7409,74429300,1957,1725,1467,1742,1559,1337
7410,74439300,1950,1721,1456,1740,1550,1345
7411,74449300,1945,1723,1456,1758,1552,1342
7412,74459300,1954,1722,1453,1739,1548,1349
7413,74469300,1952,1718,1451,1741,1553,1325
7414,74479300,1942,1721,1456,1742,1557,1335
7415,74489300,1947,1729,1449,1746,1569,1335
7416,74499300,1949,1718,1461,1745,1562,1337
7417,74509300,1947,1722,1462,1745,1553,1335
7418,74519300,1947,1715,1455,1745,1552,1338
7419,74529300,1951,1715,1463,1742,1574,1332
7420,74539300,1943,1717,1454,1740,1555,1339
7421,74549300,1938,1738,1458,1741,1560,1340
7422,74559300,1955,1722,1453,1737,1566,1338
7423,74569300,1950,1726,1456,1741,1556,1339
7424,74579300,1953,1719,1456,1741,1563,1337
7425,74589300,1954,1721,1452,1736,1560,1340
7426,74599300,1951,1717,1456,1744,1561,1342
7427,74609300,1952,1721,1459,1741,1559,1337
7428,74619300,1940,1741,1461,1721,1553,1339
7429,74629300,1946,1716,1459,1743,1552,1336
7430,74639300,1951,1724,1452,1741,1540,1339
7431,74649300,1949,1722,1457,1745,1557,1337
7432,74659300,1947,1712,1455,1742,1552,1330
7433,74669300,1955,1721,1451,1744,1557,1337
7434,74679300,1952,1718,1473,1741,1553,1332
7435,74689300,1957,1722,1455,1743,1550,1330
7436,74699300,1948,1715,1455,1741,1558,1337
7437,74709300,1952,1714,1455,1744,1553,1337
7438,74719300,1950,1712,1452,1745,1557,1346
7439,74729300,1952,1715,1460,1740,1545,1332
7440,74739300,1949,1724,1456,1740,1548,1333
7441,74749300,1947,1723,1456,1745,1555,1316
7442,74759300,1947,1723,1446,1744,1553,1337
7443,74769300,1945,1714,1452,1748,1555,1338
7444,74779299,1953,1721,1461,1742,1549,1355
7445,74789300,1943,1719,1460,1744,1561,1337
7446,74799300,1952,1728,1456,1745,1560,1311
7447,74809300,1949,1721,1455,1742,1553,1340
7448,74819300,1948,1714,1453,1746,1553,1335
7449,74829300,1942,1726,1453,1740,1557,1349
7450,74839299,1954,1723,1451,1744,1555,1328
7451,74849300,1955,1729,1456,1745,1553,1337
7452,74859300,1951,1719,1457,1754,1558,1330
7453,74869300,1945,1721,1456,1744,1559,1343
7454,74879300,1951,1735,1451,1747,1558,1337
7455,74889300,1948,1722,1454,1745,1561,1339
7456,74899300,1948,1727,1456,1749,1551,1337
7457,74909300,1943,1711,1456,1745,1556,1333
7458,74919300,1946,1718,1459,1745,1549,1337
7459,74929300,1945,1722,1456,1739,1553,1336
7460,74939300,1946,1721,1455,1743,1557,1337
7461,74949300,1948,1729,1455,1736,1553,1339
7462,74959300,1947,1721,1445,1739,1557,1335
7463,74969300,1951,1714,1456,1734,1552,1335
7464,74979300,1957,1717,1449,1742,1548,1340
7465,74989300,1949,1717,1455,1748,1558,1336
7466,74999300,1947,1721,1453,1740,1556,1338
7467,75009300,1933,1718,1456,1734,1558,1333
7468,75019300,1951,1715,1456,1741,1557,1337
7469,75029300,1966,1725,1462,1740,1558,1335
7470,75039300,1949,1693,1458,1745,1555,1346
7471,75049300,1945,1690,1455,1739,1556,1337
7472,75059300,1950,1723,1454,1736,1548,1335
7473,75069299,1955,1722,1457,1745,1549,1337
7474,75079300,1947,1718,1451,1742,1558,1334
7475,75089300,1943,1723,1459,1741,1553,1337
7476,75099300,1942,1718,1453,1744,1561,1337
7477,75109300,1939,1724,1451,1736,1552,1333
7478,75119300,1949,1712,1451,1739,1553,1336
7479,75129300,1941,1715,1451,1735,1553,1337
7480,75139300,1953,1719,1425,1736,1557,1338
7481,75149300,1947,1728,1456,1734,1558,1335
7482,75159300,1958,1723,1456,1740,1552,1342
7483,75169300,1946,1713,1461,1741,1553,1335
7484,75179300,1953,1718,1455,1741,1549,1338
7485,75189300,1973,1723,1454,1745,1549,1337
7486,75199300,1974,1723,1454,1739,1552,1333
7487,75209300,1947,1717,1456,1742,1550,1337
7488,75219300,1953,1730,1456,1741,1559,1330
7489,75229300,1949,1722,1456,1746,1554,1339
7490,75239300,1939,1717,1455,1745,1553,1337
7491,75249300,1936,1723,1459,1741,1560,1337
7492,75259300,1946,1721,1459,1733,1562,1341
7493,75269300,1950,1725,1454,1745,1553,1330
7494,75279300,1946,1721,1456,1740,1558,1336
7495,75289300,1949,1720,1455,1740,1556,1337
7496,75299300,1955,1721,1456,1747,1556,1337
7497,75309300,1945,1718,1457,1744,1558,1335
7498,75319300,1939,1724,1456,1745,1552,1327
7499,75329300,1948,1721,1459,1746,1553,1332
7500,75339300,1947,1714,1458,1741,1561,1338
7501,75349300,1940,1706,1457,1743,1557,1337
7502,75359300,1949,1725,1454,1745,1559,1345
7503,75369300,1947,1705,1456,1739,1553,1335
7504,75379300,1949,1719,1456,1737,1548,1332
7505,75389300,1951,1722,1449,1737,1553,1336
7506,75399300,1954,1722,1455,1740,1555,1346
7507,75409300,1947,1725,1447,1741,1552,1338
7508,75419300,1945,1721,1452,1737,1557,1338
7509,75429300,1942,1726,1462,1743,1556,1339
7510,75439300,1951,1719,1456,1737,1559,1336
7511,75449300,1942,1728,1453,1731,1561,1338
7512,75459300,1946,1728,1429,1737,1533,1333
7513,75469300,1957,1722,1455,1740,1572,1337
7514,75479300,1950,1714,1456,1743,1557,1328
7515,75489300,1948,1722,1456,1743,1553,1341
7516,75499300,1946,1723,1455,1740,1559,1342
7517,75509300,1951,1721,1463,1742,1553,1346
7518,75519300,1943,1725,1465,1748,1556,1332
7519,75529300,1947,1731,1455,1744,1557,1335
7520,75539300,1941,1721,1456,1744,1553,1337
7521,75549300,1951,1723,1459,1730,1553,1337
7522,75559300,1947,1723,1456,1741,1555,1337
7523,75569300,1938,1725,1456,1736,1553,1337
7524,75579300,1945,1719,1463,1745,1557,1335
7525,75589300,1949,1727,1456,1740,1552,1338
7526,75599300,1943,1725,1464,1743,1557,1337
7527,75609300,1940,1727,1450,1741,1558,1337
7528,75619300,1947,1714,1456,1737,1557,1340
7529,75629300,1949,1712,1456,1745,1560,1337
7530,75639300,1950,1723,1459,1746,1556,1337
7531,75649300,1942,1724,1453,1742,1560,1335
7532,75659300,1957,1725,1455,1736,1557,1333
7533,75669300,1945,1719,1451,1740,1554,1332
7534,75679300,1951,1722,1458,1743,1560,1346
7535,75689300,1945,1716,1453,1746,1553,1340
7536,75699301,1949,1718,1490,1740,1562,1337
7537,75709300,1947,1723,1452,1744,1560,1335
7538,75719300,1952,1724,1456,1745,1554,1335
7539,75729300,1947,1722,1450,1740,1552,1337
7540,75739300,1942,1727,1454,1743,1556,1337
7541,75749300,1949,1723,1456,1744,1561,1335
7542,75759300,1949,1723,1460,1737,1552,1333
7543,75769300,1951,1729,1456,1743,1551,1337
7544,75779300,1955,1726,1454,1745,1555,1337
7545,75789300,1948,1723,1453,1745,1557,1337
7546,75799300,1943,1724,1458,1740,1559,1329
7547,75809300,1947,1723,1450,1742,1550,1346
7548,75819300,1948,1725,1428,1743,1557,1337
7549,75829300,1947,1725,1441,1739,1576,1337
7550,75839300,1951,1722,1455,1741,1552,1337
7551,75849300,1953,1725,1454,1741,1557,1338
7552,75859300,1947,1718,1455,1744,1553,1337
7553,75869300,1955,1713,1462,1745,1569,1350
7554,75879299,1947,1722,1456,1745,1553,1335
7555,75889300,1943,1725,1456,1742,1557,1333
7556,75899300,1956,1717,1469,1743,1550,1345
7557,75909300,1955,1724,1454,1744,1560,1337
7558,75919300,1949,1715,1456,1747,1557,1335
7559,75929300,1952,1728,1456,1741,1553,1337
7560,75939300,1946,1725,1455,1736,1553,1328
7561,75949300,1949,1721,1453,1759,1553,1337
7562,75959300,1945,1727,1457,1751,1548,1334
7563,75969299,1951,1723,1458,1741,1557,1342
7564,75979300,1943,1726,1458,1745,1556,1342
7565,75989300,1975,1725,1454,1723,1553,1340
7566,75999300,1916,1722,1456,1740,1553,1338
7567,76009300,1949,1720,1457,1749,1558,1336
7568,76019300,1952,1717,1455,1748,1548,1336
7569,76029300,1945,1730,1454,1745,1553,1337
7570,76039300,1943,1723,1456,1747,1562,1328
7571,76049300,1950,1702,1456,1745,1559,1337
7572,76059300,1957,1713,1444,1750,1556,1337
7573,76069300,1946,1723,1456,1743,1553,1309
7574,76079300,1955,1742,1467,1739,1553,1337
7575,76089300,1950,1713,1453,1741,1556,1337
7576,76099299,1962,1716,1455,1731,1557,1332
7577,76109300,1944,1724,1424,1740,1556,1339
7578,76119300,1947,1726,1461,1739,1544,1337
7579,76129300,1955,1712,1456,1734,1556,1339
7580,76139300,1949,1726,1452,1714,1552,1333
7581,76149300,1961,1725,1455,1740,1557,1337
7582,76159300,1957,1725,1446,1744,1556,1337
7583,76169300,1938,1722,1454,1741,1556,1332
7584,76179300,1946,1726,1457,1745,1557,1334
7585,76189300,1936,1713,1455,1742,1556,1337
7586,76199300,1942,1719,1456,1743,1555,1335
7587,76209300,1938,1727,1457,1740,1557,1337
7588,76219300,1947,1725,1450,1740,1553,1332
7589,76229300,1948,1726,1456,1744,1557,1337
7590,76239301,1946,1723,1458,1736,1560,1335
7591,76249300,1953,1721,1443,1742,1556,1337
7592,76259300,1950,1715,1455,1741,1562,1343
7593,76269300,1953,1728,1456,1745,1557,1346
7594,76279300,1947,1713,1456,1741,1560,1335
7595,76289300,1942,1726,1466,1748,1560,1337
7596,76299300,1941,1719,1454,1739,1558,1338
7597,76309300,1946,1718,1450,1740,1553,1342
7598,76319300,1953,1721,1454,1758,1557,1337
7599,76329299,1943,1713,1456,1746,1559,1350
7600,76339300,1949,1725,1454,1731,1553,1332
7601,76349299,1951,1723,1451,1737,1558,1337
7602,76359300,1946,1719,1488,1741,1557,1342
7603,76369300,1943,1726,1453,1733,1555,1342
7604,76379300,1946,1719,1457,1742,1557,1348
7605,76389300,1945,1718,1468,1743,1553,1340
7606,76399300,1949,1727,1456,1732,1553,1336
7607,76409300,1940,1718,1455,1736,1548,1348
7608,76419300,1942,1719,1471,1736,1556,1337
7609,76429300,1945,1723,1455,1739,1557,1334
7610,76439300,1942,1731,1459,1742,1558,1337
7611,76449300,1955,1721,1458,1737,1559,1330
7612,76459300,1951,1721,1461,1737,1560,1337
7613,76469300,1951,1726,1455,1737,1562,1336
7614,76479300,1945,1727,1460,1742,1556,1337
7615,76489300,1945,1723,1455,1741,1558,1328
7616,76499299,1958,1709,1456,1746,1558,1341
7617,76509300,1941,1722,1459,1743,1557,1337
7618,76519300,1954,1723,1456,1739,1548,1337
7619,76529300,1937,1719,1452,1750,1557,1337
7620,76539301,1949,1743,1456,1745,1556,1342
7621,76549299,1947,1717,1456,1737,1560,1339
7622,76559300,1950,1728,1454,1740,1550,1322
7623,76569300,1942,1719,1456,1743,1552,1340
7624,76579300,1952,1719,1459,1746,1552,1342
7625,76589300,1936,1725,1457,1766,1557,1337
7626,76599300,1939,1722,1461,1732,1560,1353
7627,76609300,1943,1717,1456,1739,1527,1337
7628,76619300,1955,1718,1452,1746,1553,1335
7629,76629300,1948,1725,1456,1742,1559,1343
7630,76639300,1943,1722,1467,1745,1549,1337
7631,76649299,1930,1728,1470,1742,1555,1337
7632,76659300,1947,1726,1456,1762,1557,1335
7633,76669300,1947,1726,1456,1745,1556,1325
7634,76679300,1953,1722,1450,1741,1553,1333
7635,76689300,1951,1726,1456,1742,1553,1337
7636,76699300,1946,1714,1456,1740,1556,1336
7637,76709300,1946,1723,1459,1742,1557,1351
7638,76719300,1950,1723,1452,1740,1552,1337
7639,76729300,1961,1745,1456,1752,1561,1337
7640,76739300,1936,1713,1466,1741,1549,1337
7641,76749300,1947,1726,1465,1741,1553,1339
7642,76759300,1960,1712,1458,1741,1553,1343
7643,76769300,1947,1726,1451,1740,1549,1327
7644,76779300,1953,1725,1455,1749,1555,1355
7645,76789300,1951,1718,1455,1758,1557,1332
7646,76799300,1945,1723,1451,1736,1558,1337
7647,76809300,1951,1722,1455,1743,1549,1338
7648,76819300,1950,1723,1454,1746,1559,1337
7649,76829300,1947,1728,1472,1741,1548,1337
7650,76839300,1969,1725,1458,1741,1553,1337
7651,76849300,1954,1723,1456,1741,1537,1332
7652,76859300,1950,1715,1456,1733,1566,1335
7653,76869300,1953,1717,1456,1738,1555,1332
7654,76879300,1949,1724,1479,1739,1553,1333
7655,76889300,1947,1727,1454,1741,1564,1341
7656,76899300,1966,1731,1457,1740,1560,1337
7657,76909300,1939,1717,1456,1743,1558,1330
7658,76919300,1950,1728,1457,1742,1553,1337
7659,76929300,1945,1719,1455,1739,1562,1342
7660,76939300,1950,1725,1457,1747,1553,1331
7661,76949300,1951,1705,1456,1745,1561,1340
7662,76959300,1950,1738,1458,1741,1553,1338
7663,76969300,1946,1730,1463,1743,1557,1328
7664,76979300,1953,1721,1467,1745,1550,1337
7665,76989300,1947,1722,1455,1747,1552,1339
7666,76999300,1946,1719,1453,1744,1565,1337
7667,77009300,1949,1728,1468,1739,1556,1337
7668,77019300,1954,1728,1456,1745,1562,1341
7669,77029300,1951,1717,1456,1736,1557,1336
7670,77039300,1946,1719,1456,1747,1559,1337
7671,77049300,1951,1715,1456,1737,1557,1337
7672,77059300,1959,1723,1470,1743,1534,1336
7673,77069300,1950,1717,1471,1743,1553,1336
7674,77079300,1954,1721,1454,1736,1537,1332
7675,77089301,1953,1720,1457,1742,1558,1337
7676,77099300,1948,1723,1458,1744,1556,1337
7677,77109300,1950,1725,1451,1744,1552,1337
7678,77119300,1955,1720,1456,1736,1554,1338
7679,77129300,1951,1729,1453,1742,1548,1335
7680,77139300,1956,1727,1457,1742,1557,1337
7681,77149300,1953,1725,1466,1744,1552,1342
7682,77159301,1948,1725,1456,1741,1559,1337
7683,77169300,1946,1723,1461,1743,1553,1311
7684,77179300,1951,1722,1461,1742,1560,1337
7685,77189300,1954,1725,1446,1741,1558,1337
7686,77199300,1949,1724,1459,1742,1555,1343
7687,77209300,1951,1727,1455,1737,1552,1335
7688,77219300,1947,1728,1459,1745,1556,1337
7689,77229300,1933,1728,1456,1747,1559,1337
7690,77239300,1951,1725,1455,1741,1560,1337
7691,77249300,1948,1726,1492,1737,1562,1336
7692,77259300,1947,1715,1455,1741,1562,1359
7693,77269300,1943,1723,1451,1736,1548,1328
7694,77279300,1941,1726,1446,1741,1560,1338
7695,77289299,1953,1710,1456,1746,1553,1333
7696,77299300,1949,1721,1446,1741,1556,1330
7697,77309300,1946,1718,1456,1744,1550,1347
7698,77319300,1949,1726,1453,1742,1558,1330
7699,77329300,1943,1724,1457,1747,1562,1330
7700,77339300,1949,1714,1435,1743,1565,1356
7701,77349300,1949,1727,1456,1741,1558,1325
7702,77359300,1956,1725,1454,1745,1552,1330
7703,77369300,1952,1715,1455,1741,1559,1338
7704,77379300,1951,1721,1439,1741,1552,1337
7705,77389300,1921,1722,1457,1742,1557,1338
7706,77399300,1925,1699,1453,1747,1553,1338
7707,77409300,1943,1719,1458,1741,1553,1337
7708,77419300,1947,1714,1452,1740,1553,1337
7709,77429300,1946,1714,1452,1736,1556,1338
7710,77439299,1950,1725,1455,1743,1553,1330
7711,77449299,1946,1723,1457,1744,1552,1329
7712,77459300,1940,1721,1461,1741,1555,1337
7713,77469300,1943,1722,1453,1741,1548,1312
7714,77479300,1946,1719,1456,1737,1557,1337
7715,77489300,1952,1718,1454,1742,1558,1337
7716,77499301,1938,1717,1456,1741,1553,1337
7717,77509300,1949,1725,1453,1752,1550,1337
7718,77519300,1952,1725,1456,1737,1559,1333
7719,77529300,1925,1724,1447,1745,1558,1340
7720,77539300,1967,1735,1458,1758,1555,1342
7721,77549300,1952,1719,1450,1740,1557,1338
7722,77559300,1955,1718,1456,1723,1555,1337
7723,77569300,1943,1722,1456,1747,1553,1332
7724,77579300,1946,1727,1447,1745,1553,1337
7725,77589300,1946,1728,1456,1742,1561,1337
7726,77599300,1946,1717,1456,1740,1558,1340
7727,77609300,1949,1728,1457,1745,1557,1341
7728,77619300,1943,1714,1459,1767,1557,1333
7729,77629300,1954,1725,1459,1740,1527,1352
7730,77639300,1942,1723,1456,1741,1558,1339
7731,77649300,1955,1725,1451,1754,1558,1337
7732,77659300,1949,1728,1456,1744,1561,1342
7733,77669300,1951,1721,1456,1744,1556,1331
7734,77679300,1953,1725,1462,1746,1553,1330
7735,77689300,1953,1715,1457,1737,1553,1337
7736,77699300,1959,1732,1463,1743,1557,1341
7737,77709300,1939,1724,1456,1746,1557,1338
7738,77719300,1959,1723,1456,1744,1553,1337
7739,77729300,1950,1727,1456,1742,1575,1338
7740,77739300,1944,1723,1459,1745,1556,1337
7741,77749300,1951,1721,1462,1734,1559,1340
7742,77759300,1963,1723,1454,1747,1556,1337
7743,77769300,1943,1718,1451,1745,1557,1336
7744,77779300,1955,1722,1453,1744,1562,1337
7745,77789300,1950,1715,1498,1742,1559,1350
7746,77799300,1962,1725,1452,1743,1559,1337
7747,77809300,1947,1723,1455,1743,1559,1337
7748,77819300,1947,1715,1458,1736,1559,1332
7749,77829300,1946,1725,1465,1745,1548,1332
7750,77839300,1956,1718,1454,1745,1553,1330
7751,77849300,1953,1719,1443,1740,1560,1346
7752,77859300,1944,1729,1456,1741,1558,1337
7753,77869300,1953,1718,1456,1744,1537,1351
7754,77879300,1950,1738,1456,1743,1557,1332
7755,77889300,1954,1722,1451,1740,1552,1335
7756,77899300,1949,1715,1456,1744,1553,1337
7757,77909300,1951,1719,1456,1742,1558,1337
7758,77919300,1950,1723,1453,1744,1549,1338
7759,77929300,1950,1728,1456,1745,1561,1337
7760,77939300,1950,1728,1453,1758,1560,1337
7761,77949300,1957,1719,1453,1746,1550,1340
7762,77959300,1942,1717,1454,1744,1560,1342
7763,77969300,1943,1719,1462,1736,1552,1337
7764,77979300,1950,1724,1454,1741,1555,1351
7765,77989300,1938,1710,1456,1745,1550,1333
7766,77999300,1949,1717,1450,1741,1558,1336
7767,78009300,1942,1721,1455,1741,1560,1340
7768,78019300,1937,1711,1455,1743,1555,1335
7769,78029300,1937,1725,1457,1741,1559,1338
7770,78039300,1948,1715,1442,1750,1552,1337
7771,78049300,1958,1732,1456,1731,1553,1333
7772,78059300,1956,1727,1456,1742,1550,1337
7773,78069300,1950,1722,1449,1740,1559,1334
7774,78079300,1947,1732,1455,1755,1563,1340
7775,78089300,1951,1719,1460,1744,1553,1346
7776,78099300,1953,1717,1453,1718,1559,1328
7777,78109300,1953,1713,1446,1741,1558,1319
7778,78119300,1949,1718,1462,1741,1552,1339
7779,78129300,1951,1723,1455,1747,1557,1337
7780,78139300,1950,1712,1458,1732,1553,1337
7781,78149300,1949,1706,1456,1743,1556,1337
7782,78159300,1947,1693,1455,1731,1558,1335
7783,78169300,1958,1725,1457,1754,1553,1337
7784,78179300,1945,1723,1454,1754,1552,1335
7785,78189300,1951,1734,1457,1732,1555,1337
7786,78199300,1943,1718,1462,1744,1570,1319
7787,78209300,1949,1729,1458,1764,1553,1340
7788,78219300,1957,1726,1456,1736,1556,1334
7789,78229300,1955,1716,1456,1743,1549,1338
7790,78239300,1941,1721,1449,1747,1550,1342
7791,78249300,1949,1745,1454,1744,1555,1337
7792,78259300,1943,1726,1456,1728,1555,1342
7793,78269300,1953,1712,1457,1741,1555,1345
7794,78279300,1953,1728,1488,1750,1560,1341
7795,78289300,1949,1725,1458,1737,1560,1340
7796,78299300,1949,1727,1455,1737,1555,1338
7797,78309300,1945,1719,1453,1737,1556,1336
7798,78319300,1947,1723,1454,1739,1553,1339
7799,78329300,1957,1729,1454,1755,1561,1337
7800,78339300,1948,1727,1459,1743,1556,1337
7801,78349300,1948,1697,1466,1737,1548,1337
7802,78359300,1947,1723,1460,1743,1552,1337
7803,78369300,1955,1716,1456,1741,1557,1338
7804,78379300,1951,1715,1450,1746,1557,1336
7805,78389300,1950,1725,1456,1744,1548,1337
7806,78399300,1956,1734,1452,1741,1558,1337
7807,78409300,1946,1723,1457,1743,1557,1338
7808,78419300,1947,1728,1453,1742,1555,1336
7809,78429300,1954,1719,1455,1743,1553,1337
7810,78439300,1946,1723,1456,1743,1565,1336
7811,78449299,1956,1724,1465,1745,1556,1338
7812,78459300,1950,1722,1456,1741,1550,1333
7813,78469300,1943,1719,1439,1736,1562,1337
7814,78479300,1951,1722,1455,1742,1559,1336
7815,78489300,1951,1723,1460,1731,1573,1311
7816,78499300,1949,1719,1455,1744,1553,1329
7817,78509300,1952,1734,1456,1744,1557,1339
7818,78519300,1951,1727,1447,1740,1553,1346
7819,78529300,1927,1727,1442,1745,1556,1338
7820,78539300,1951,1725,1456,1744,1547,1336
7821,78549300,1952,1723,1472,1741,1549,1336
7822,78559300,1950,1715,1454,1748,1551,1337
7823,78569300,1951,1717,1457,1742,1555,1332
7824,78579300,1949,1727,1458,1745,1561,1324
7825,78589300,1951,1701,1453,1741,1550,1337
7826,78599300,1949,1721,1457,1745,1557,1333
7827,78609300,1951,1718,1459,1741,1562,1347
7828,78619300,1943,1721,1455,1744,1551,1329
7829,78629300,1953,1723,1420,1741,1558,1337
7830,78639299,1951,1728,1456,1743,1555,1341
7831,78649300,1954,1718,1437,1743,1553,1341
7832,78659300,1943,1713,1490,1740,1558,1334
7833,78669300,1953,1728,1456,1742,1552,1337
7834,78679300,1957,1729,1453,1744,1555,1337
7835,78689300,1952,1718,1458,1750,1552,1337
7836,78699300,1951,1725,1452,1743,1561,1342
7837,78709300,1950,1713,1459,1743,1558,1333
7838,78719300,1948,1717,1458,1737,1548,1337
7839,78729299,1951,1721,1456,1750,1557,1338
7840,78739300,1940,1726,1456,1747,1552,1337
7841,78749300,1957,1721,1456,1744,1561,1315
7842,78759300,1950,1725,1456,1745,1561,1335
7843,78769300,1949,1717,1455,1745,1551,1340
7844,78779300,1948,1715,1459,1739,1559,1337
7845,78789300,1950,1721,1457,1744,1555,1337
7846,78799300,1949,1715,1451,1750,1560,1336
7847,78809300,1947,1719,1454,1745,1559,1330
7848,78819300,1951,1718,1465,1741,1559,1337
7849,78829300,1952,1726,1453,1749,1561,1335
7850,78839300,1947,1717,1456,1742,1553,1338
7851,78849300,1950,1728,1447,1741,1558,1332
7852,78859300,1948,1715,1456,1745,1552,1335
7853,78869300,1952,1719,1456,1742,1548,1337
7854,78879300,1955,1725,1457,1741,1560,1339
7855,78889300,1947,1718,1453,1740,1549,1339
7856,78899300,1947,1721,1456,1745,1549,1337
7857,78909300,1958,1725,1461,1741,1557,1351
7858,78919300,1942,1721,1456,1745,1555,1333
7859,78929300,1950,1722,1455,1743,1553,1337
7860,78939300,1943,1724,1456,1749,1562,1333
7861,78949300,1945,1715,1457,1745,1560,1337
7862,78959300,1947,1725,1457,1730,1559,1342
7863,78969300,1958,1722,1456,1747,1559,1333
7864,78979300,1949,1728,1457,1747,1556,1340
7865,78989300,1955,1721,1456,1745,1553,1337
7866,78999300,1954,1717,1457,1737,1558,1339
7867,79009299,1946,1725,1463,1741,1561,1339
7868,79019300,1947,1722,1457,1750,1552,1338
7869,79029300,1952,1721,1438,1745,1558,1328
7870,79039300,1943,1725,1456,1745,1560,1350
7871,79049300,1954,1725,1447,1743,1556,1338
7872,79059300,1949,1728,1455,1756,1556,1331
7873,79069300,1940,1729,1449,1742,1553,1342
7874,79079300,1946,1721,1456,1742,1555,1339
7875,79089300,1947,1714,1456,1731,1553,1339
7876,79099300,1949,1725,1455,1737,1552,1337
7877,79109300,1950,1721,1454,1741,1557,1336
7878,79119300,1949,1712,1456,1743,1534,1336
7879,79129300,1938,1725,1440,1741,1548,1337
7880,79139300,1950,1722,1455,1739,1558,1337
7881,79149300,1947,1715,1464,1743,1555,1337
7882,79159300,1949,1719,1429,1743,1562,1345
7883,79169300,1951,1722,1453,1735,1559,1351
7884,79179300,1950,1727,1447,1744,1558,1315
7885,79189299,1945,1725,1459,1737,1553,1337
7886,79199300,1953,1723,1456,1746,1560,1337
7887,79209300,1951,1727,1456,1740,1534,1336
7888,79219300,1966,1717,1456,1738,1553,1335
7889,79229300,1949,1716,1453,1746,1552,1335
7890,79239300,1950,1728,1456,1743,1553,1338
7891,79249300,1950,1731,1458,1737,1552,1333
7892,79259300,1951,1725,1456,1750,1549,1337
7893,79269300,1946,1717,1456,1741,1551,1343
7894,79279300,1951,1727,1455,1762,1555,1337
7895,79289300,1953,1723,1455,1740,1557,1332
7896,79299300,1942,1724,1455,1741,1548,1337
7897,79309300,1954,1714,1454,1734,1562,1336
7898,79319300,1954,1719,1456,1736,1543,1334
7899,79329300,1946,1727,1456,1739,1558,1338
7900,79339300,1932,1718,1459,1741,1558,1339
7901,79349299,1947,1723,1458,1739,1555,1344
7902,79359300,1943,1722,1458,1745,1553,1338
7903,79369300,1951,1723,1457,1745,1543,1337
7904,79379299,1950,1725,1427,1737,1556,1333
7905,79389300,1948,1713,1449,1741,1553,1337
7906,79399300,1950,1723,1442,1739,1548,1338
7907,79409299,1938,1717,1455,1740,1554,1340
7908,79419300,1950,1745,1441,1750,1557,1337
7909,79429300,1947,1722,1455,1742,1555,1336
7910,79439300,1949,1715,1454,1743,1561,1337
7911,79449300,1943,1731,1442,1745,1557,1337
7912,79459300,1946,1722,1456,1739,1565,1334
7913,79469299,1922,1721,1454,1744,1550,1337
7914,79479300,1951,1728,1454,1742,1557,1373
7915,79489300,1954,1727,1454,1744,1557,1337
7916,79499300,1949,1718,1459,1749,1556,1337
7917,79509300,1950,1726,1456,1736,1561,1337
7918,79519300,1948,1723,1456,1743,1560,1333
7919,79529299,1943,1719,1453,1741,1553,1346
7920,79539300,1955,1716,1455,1743,1558,1339
7921,79549300,1949,1715,1444,1745,1552,1311
7922,79559300,1947,1715,1457,1745,1556,1337
7923,79569300,1947,1715,1453,1736,1553,1337
7924,79579300,1952,1728,1451,1741,1553,1337
7925,79589300,1947,1718,1455,1749,1559,1337
7926,79599300,1945,1717,1457,1745,1553,1337
7927,79609300,1949,1721,1455,1741,1560,1336
7928,79619299,1947,1706,1456,1745,1558,1338
7929,79629300,1947,1714,1456,1747,1560,1336
7930,79639300,1947,1725,1457,1744,1557,1337
7931,79649299,1948,1719,1455,1744,1552,1336
7932,79659300,1947,1715,1433,1744,1556,1340
7933,79669300,1954,1718,1456,1743,1553,1337
7934,79679300,1953,1726,1458,1745,1562,1339
7935,79689300,1950,1723,1461,1746,1562,1337
7936,79699300,1945,1721,1454,1744,1552,1343
7937,79709300,1939,1726,1454,1745,1557,1337
7938,79719300,1946,1722,1457,1734,1557,1335
7939,79729299,1949,1726,1456,1747,1551,1337
7940,79739300,1951,1727,1455,1745,1543,1335
7941,79749299,1947,1725,1469,1748,1552,1337
7942,79759300,1956,1723,1458,1736,1562,1329
7943,79769300,1951,1721,1455,1734,1553,1337
7944,79779300,1952,1725,1461,1739,1550,1339
7945,79789300,1950,1723,1459,1744,1556,1337
7946,79799300,1945,1731,1450,1742,1559,1338
7947,79809300,1951,1721,1457,1745,1553,1336
7948,79819300,1953,1727,1456,1740,1552,1337
7949,79829299,1945,1718,1456,1737,1561,1328
7950,79839300,1944,1730,1456,1750,1561,1338
7951,79849300,1959,1686,1460,1742,1557,1333
7952,79859300,1955,1721,1445,1737,1562,1340
7953,79869300,1953,1723,1458,1743,1553,1336
7954,79879300,1951,1723,1456,1737,1556,1332
7955,79889300,1954,1725,1456,1743,1557,1333
7956,79899300,1947,1725,1455,1745,1558,1337
7957,79909300,1947,1723,1458,1744,1557,1340
7958,79919300,1951,1725,1443,1740,1556,1341
7959,79929300,1950,1719,1453,1743,1565,1335
7960,79939300,1946,1726,1456,1739,1565,1342
7961,79949300,1950,1715,1456,1742,1560,1338
7962,79959300,1949,1725,1457,1743,1553,1337
7963,79969300,1947,1726,1463,1744,1556,1335
7964,79979300,1946,1725,1456,1747,1560,1337
7965,79989300,1947,1714,1466,1747,1558,1337
7966,79999300,1950,1722,1455,1740,1559,1355
7967,80009300,1947,1719,1456,1737,1553,1351
7968,80019300,1937,1712,1447,1742,1548,1337
7969,80029300,1968,1727,1456,1741,1559,1333
7970,80039300,1948,1719,1455,1753,1557,1337
7971,80049300,1946,1728,1457,1741,1553,1335
7972,80059300,1951,1721,1451,1741,1556,1333
7973,80069300,1943,1715,1453,1740,1548,1337
7974,80079300,1948,1724,1458,1747,1561,1340
7975,80089300,1947,1719,1456,1739,1559,1337
7976,80099299,1953,1728,1466,1736,1552,1337
7977,80109300,1951,1726,1457,1742,1543,1335
7978,80119300,1953,1712,1455,1741,1560,1337
7979,80129300,1954,1727,1457,1742,1553,1339
7980,80139300,1951,1725,1456,1745,1562,1339
7981,80149300,1953,1728,1458,1740,1560,1339
7982,80159300,1953,1724,1451,1741,1556,1340
7983,80169300,1946,1726,1456,1740,1559,1347
7984,80179300,1954,1735,1451,1749,1557,1337
7985,80189300,1947,1727,1458,1745,1558,1340
7986,80199300,1947,1713,1461,1741,1561,1339
7987,80209300,1956,1725,1456,1747,1560,1337
7988,80219300,1946,1721,1457,1749,1553,1337
7989,80229300,1951,1718,1456,1741,1556,1336
7990,80239300,1948,1726,1448,1744,1561,1332
7991,80249300,1953,1727,1456,1740,1556,1342
7992,80259300,1949,1728,1467,1744,1557,1340
7993,80269300,1964,1728,1458,1734,1557,1343
7994,80279300,1953,1727,1456,1745,1548,1335
7995,80289301,1949,1723,1456,1763,1555,1340
7996,80299300,1950,1719,1465,1742,1557,1333
7997,80309300,1945,1727,1467,1749,1560,1330
7998,80319300,1947,1717,1455,1740,1553,1339
7999,80329300,1949,1721,1450,1744,1562,1333
8000,80339300,1952,1727,1456,1737,1560,1337
8001,80349300,1945,1744,1459,1738,1556,1342
8002,80359300,1948,1726,1455,1745,1565,1332
8003,80369300,1947,1721,1452,1744,1553,1332
8004,80379299,1951,1725,1449,1741,1557,1342
8005,80389300,1951,1728,1455,1740,1558,1337
8006,80399300,1948,1725,1456,1745,1558,1342
8007,80409300,1953,1723,1456,1744,1549,1337
8008,80419300,1951,1724,1456,1739,1557,1336
8009,80429300,1923,1719,1455,1740,1556,1337
8010,80439300,1951,1726,1475,1747,1562,1337
8011,80449300,1947,1729,1453,1744,1553,1338
8012,80459300,1939,1725,1465,1740,1561,1338
8013,80469300,1945,1729,1456,1742,1560,1337
8014,80479300,1954,1721,1459,1743,1561,1337
8015,80489300,1951,1722,1453,1746,1560,1335
8016,80499300,1951,1719,1463,1744,1553,1339
8017,80509299,1952,1717,1453,1741,1551,1337
8018,80519299,1943,1718,1456,1746,1561,1337
8019,80529300,1955,1725,1455,1741,1550,1337
8020,80539300,1946,1723,1458,1744,1560,1337
8021,80549300,1949,1715,1457,1745,1552,1337
8022,80559299,1953,1724,1455,1741,1560,1337
8023,80569300,1920,1722,1455,1746,1561,1338
8024,80579300,1952,1721,1455,1742,1566,1335
8025,80589300,1940,1731,1462,1743,1565,1338
8026,80599300,1941,1743,1452,1736,1552,1340
8027,80609300,1949,1731,1456,1741,1560,1338
8028,80619300,1957,1723,1454,1745,1559,1335
8029,80629300,1946,1731,1454,1736,1564,1330
8030,80639300,1946,1718,1456,1739,1555,1343
8031,80649300,1948,1729,1457,1736,1550,1337
8032,80659300,1955,1716,1452,1744,1555,1332
8033,80669300,1947,1725,1456,1741,1556,1338
8034,80679300,1943,1725,1456,1736,1559,1337
8035,80689300,1950,1719,1455,1742,1558,1337
8036,80699300,1949,1723,1456,1742,1549,1338
8037,80709300,1947,1727,1457,1737,1552,1333
8038,80719300,1956,1713,1452,1743,1557,1341
8039,80729300,1943,1721,1456,1749,1559,1333
8040,80739300,1949,1723,1444,1741,1562,1337
8041,80749300,1951,1725,1462,1747,1550,1340
8042,80759300,1961,1726,1458,1740,1553,1337
8043,80769300,1942,1727,1455,1741,1555,1330
8044,80779300,1949,1717,1457,1745,1559,1337
8045,80789300,1947,1717,1456,1733,1559,1338
8046,80799300,1948,1729,1451,1731,1550,1336
8047,80809301,1950,1728,1453,1745,1554,1337
8048,80819300,1925,1713,1465,1741,1553,1337
8049,80829300,1953,1721,1455,1745,1555,1338
8050,80839300,1941,1727,1456,1743,1557,1335
8051,80849300,1949,1728,1456,1745,1556,1337
8052,80859300,1949,1723,1491,1744,1557,1328
8053,80869300,1947,1723,1455,1741,1561,1336
8054,80879300,1949,1725,1451,1740,1553,1337
8055,80889300,1950,1718,1487,1739,1548,1341
8056,80899300,1951,1725,1456,1755,1553,1337
8057,80909300,1934,1726,1452,1753,1555,1343
8058,80919300,1953,1724,1457,1744,1559,1337
8059,80929300,1953,1730,1460,1743,1557,1338
8060,80939300,1952,1719,1456,1745,1553,1333
8061,80949300,1949,1721,1457,1745,1557,1337
8062,80959300,1950,1730,1457,1721,1561,1330
8063,80969300,1949,1710,1466,1744,1550,1325
8064,80979299,1952,1728,1454,1744,1556,1337
8065,80989300,1950,1715,1453,1744,1553,1337
8066,80999300,1951,1728,1451,1742,1552,1337
8067,81009300,1949,1718,1457,1743,1559,1336
8068,81019300,1955,1718,1427,1741,1555,1333
8069,81029300,1952,1719,1456,1747,1557,1337
8070,81039300,1950,1723,1454,1740,1560,1337
8071,81049300,1947,1722,1457,1742,1558,1337
8072,81059300,1952,1728,1451,1745,1536,1320
8073,81069300,1949,1724,1456,1727,1561,1337
8074,81079300,1953,1722,1454,1744,1560,1337
8075,81089300,1945,1722,1452,1737,1548,1337
8076,81099300,1948,1728,1461,1747,1555,1337
8077,81109300,1946,1719,1445,1741,1557,1337
8078,81119300,1946,1728,1485,1741,1557,1333
8079,81129300,1950,1722,1458,1743,1553,1338
8080,81139300,1948,1722,1451,1737,1555,1340
8081,81149300,1955,1718,1458,1722,1558,1333
8082,81159300,1949,1727,1459,1744,1551,1333
8083,81169300,1949,1723,1454,1742,1550,1338
8084,81179300,1947,1742,1456,1741,1555,1337
8085,81189300,1946,1719,1449,1742,1561,1335
8086,81199300,1947,1712,1449,1736,1557,1337
8087,81209300,1957,1728,1456,1745,1560,1348
8088,81219300,1945,1726,1459,1736,1548,1338
8089,81229300,1943,1723,1458,1746,1556,1342
8090,81239300,1949,1725,1452,1741,1558,1332
8091,81249300,1953,1722,1452,1734,1561,1337
8092,81259300,1950,1744,1455,1744,1551,1337
8093,81269300,1952,1719,1451,1742,1553,1337
8094,81279300,1945,1725,1455,1739,1562,1342
8095,81289300,1946,1719,1460,1744,1555,1337
8096,81299299,1950,1728,1456,1747,1558,1337
8097,81309300,1952,1718,1455,1744,1569,1335
8098,81319300,1947,1725,1460,1741,1555,1333
8099,81329300,1937,1726,1452,1742,1560,1346
8100,81339300,1947,1705,1454,1740,1555,1337
8101,81349300,1952,1724,1457,1744,1566,1343
8102,81359300,1954,1719,1455,1731,1558,1337
8103,81369300,1954,1719,1456,1739,1559,1339
8104,81379300,1954,1719,1456,1744,1550,1340
8105,81389300,1953,1717,1460,1740,1559,1337
8106,81399300,1943,1721,1463,1744,1557,1337
8107,81409300,1955,1725,1454,1745,1561,1335
8108,81419300,1949,1725,1456,1748,1568,1337
8109,81429300,1954,1727,1458,1737,1557,1337
8110,81439300,1959,1723,1458,1745,1563,1338
8111,81449299,1954,1721,1446,1744,1555,1336
8112,81459300,1949,1727,1456,1743,1560,1337
8113,81469300,1950,1725,1455,1744,1553,1337
8114,81479300,1942,1725,1457,1720,1562,1335
8115,81489300,1953,1727,1456,1749,1561,1337
8116,81499300,1942,1721,1456,1741,1556,1342
8117,81509300,1947,1722,1456,1740,1551,1346
8118,81519300,1951,1718,1457,1744,1548,1342
8119,81529300,1942,1722,1454,1749,1553,1338
8120,81539300,1942,1718,1455,1740,1557,1334
8121,81549300,1951,1719,1456,1743,1552,1337
8122,81559300,1951,1726,1447,1735,1553,1337
8123,81569300,1946,1730,1456,1737,1560,1339
8124,81579300,1949,1722,1449,1727,1562,1336
8125,81589300,1949,1722,1456,1741,1553,1339
8126,81599300,1950,1728,1458,1741,1536,1336
8127,81609300,1951,1717,1456,1741,1557,1339
8128,81619300,1953,1722,1455,1744,1553,1337
8129,81629300,1961,1723,1458,1740,1560,1337
8130,81639300,1949,1728,1462,1741,1553,1337
8131,81649300,1941,1726,1463,1741,1553,1333
8132,81659300,1943,1722,1457,1737,1553,1332
8133,81669300,1953,1723,1456,1743,1548,1337
8134,81679300,1943,1726,1447,1745,1558,1337
8135,81689300,1947,1723,1455,1743,1561,1338
8136,81699300,1942,1696,1456,1736,1557,1332
8137,81709300,1943,1723,1449,1740,1553,1336
8138,81719300,1946,1717,1456,1745,1548,1337
8139,81729300,1947,1719,1458,1741,1556,1338
8140,81739300,1947,1717,1454,1736,1555,1340
8141,81749300,1953,1723,1451,1745,1539,1341
8142,81759300,1947,1730,1459,1744,1534,1337
8143,81769300,1949,1718,1447,1752,1552,1334
8144,81779300,1951,1717,1440,1741,1556,1340
8145,81789300,1956,1719,1457,1745,1559,1342
8146,81799299,1946,1723,1457,1746,1559,1337
8147,81809300,1949,1723,1455,1747,1552,1345
8148,81819300,1943,1709,1456,1742,1558,1337
8149,81829300,1961,1724,1458,1739,1558,1342
8150,81839300,1949,1728,1456,1734,1552,1337
8151,81849300,1948,1718,1454,1745,1558,1337
8152,81859300,1957,1717,1460,1740,1555,1337
8153,81869300,1953,1719,1456,1745,1561,1339
8154,81879300,1942,1727,1456,1737,1557,1337
8155,81889300,1937,1725,1426,1745,1552,1333
8156,81899300,1950,1728,1457,1742,1559,1335
8157,81909300,1951,1722,1456,1742,1550,1336
8158,81919300,1939,1709,1456,1747,1553,1341
8159,81929300,1936,1718,1457,1745,1561,1335
8160,81939300,1951,1719,1472,1739,1559,1333
8161,81949300,1941,1721,1453,1741,1559,1336
8162,81959300,1968,1722,1458,1742,1556,1337
8163,81969300,1943,1721,1461,1745,1556,1332
8164,81979299,1952,1733,1469,1744,1556,1337
8165,81989300,1931,1718,1457,1742,1548,1337
8166,81999300,1943,1737,1456,1732,1558,1337
8167,82009300,1957,1727,1458,1744,1560,1332
8168,82019300,1957,1726,1453,1739,1555,1337
8169,82029300,1953,1727,1456,1747,1556,1344
8170,82039300,1947,1723,1456,1741,1558,1338
8171,82049300,1952,1733,1456,1740,1555,1337
8172,82059300,1950,1726,1456,1743,1560,1348
8173,82069300,1946,1718,1456,1741,1554,1337
8174,82079300,1952,1727,1457,1740,1559,1337
8175,82089300,1951,1728,1451,1741,1560,1337
8176,82099300,1957,1727,1449,1739,1555,1337
8177,82109300,1950,1717,1455,1734,1557,1338
8178,82119300,1946,1726,1461,1740,1555,1339
8179,82129300,1949,1719,1457,1746,1560,1335
8180,82139300,1949,1719,1456,1740,1566,1329
8181,82149300,1949,1716,1447,1744,1560,1337
8182,82159299,1949,1726,1454,1741,1561,1337
8183,82169300,1948,1725,1456,1745,1566,1337
8184,82179300,1943,1719,1456,1757,1558,1337
8185,82189300,1947,1729,1430,1742,1553,1328
8186,82199299,1950,1719,1456,1745,1560,1337
8187,82209300,1949,1722,1456,1754,1553,1337
8188,82219300,1945,1725,1456,1744,1552,1338
8189,82229300,1947,1727,1456,1741,1559,1337
8190,82239300,1947,1723,1453,1740,1555,1335
8191,82249300,1946,1728,1455,1731,1551,1337
8192,82259300,1946,1722,1453,1767,1561,1337
8193,82269300,1943,1722,1457,1739,1559,1337
8194,82279300,1951,1721,1459,1742,1559,1337
8195,82289300,1947,1725,1457,1734,1552,1343
8196,82299300,1953,1721,1456,1741,1556,1337
8197,82309300,1950,1719,1455,1741,1553,1337
8198,82319300,1947,1713,1453,1734,1553,1315
8199,82329300,1943,1734,1459,1747,1558,1338
8200,82339300,1945,1722,1454,1742,1552,1338
8201,82349300,1948,1723,1456,1745,1553,1337
8202,82359300,1959,1725,1457,1746,1558,1338
8203,82369300,1950,1721,1443,1741,1556,1340
8204,82379299,1949,1725,1460,1739,1555,1337
8205,82389300,1947,1724,1458,1739,1553,1337
8206,82399300,1947,1723,1452,1743,1559,1326
8207,82409300,1954,1721,1456,1742,1551,1336
8208,82419300,1947,1716,1454,1745,1558,1337
8209,82429300,1951,1724,1451,1744,1553,1337
8210,82439300,1945,1712,1465,1741,1560,1337
8211,82449300,1954,1727,1456,1745,1553,1337
8212,82459300,1948,1719,1466,1737,1556,1337
8213,82469300,1953,1718,1456,1745,1553,1332
8214,82479300,1950,1727,1459,1740,1561,1330
8215,82489300,1945,1726,1460,1736,1548,1336
8216,82499299,1950,1721,1459,1742,1566,1339
8217,82509300,1949,1723,1443,1740,1553,1326
8218,82519299,1952,1738,1473,1742,1553,1342
8219,82529300,1950,1722,1456,1737,1560,1337
8220,82539300,1954,1725,1457,1743,1553,1333
8221,82549300,1939,1717,1447,1745,1556,1339
8222,82559300,1953,1728,1456,1745,1557,1337
8223,82569300,1941,1721,1438,1746,1551,1337
8224,82579300,1945,1715,1456,1743,1558,1341
8225,82589300,1946,1722,1455,1737,1548,1351
8226,82599300,1943,1727,1458,1739,1556,1337
8227,82609300,1953,1716,1455,1745,1552,1337
8228,82619300,1952,1715,1459,1736,1557,1326
8229,82629300,1955,1721,1457,1739,1557,1337
8230,82639300,1962,1730,1455,1741,1558,1337
8231,82649300,1945,1718,1452,1745,1561,1347
8232,82659300,1943,1723,1455,1744,1547,1337
8233,82669300,1954,1717,1463,1743,1561,1333
8234,82679300,1942,1717,1451,1741,1556,1336
8235,82689300,1941,1723,1455,1742,1559,1337
8236,82699300,1946,1718,1453,1743,1550,1338
8237,82709300,1951,1723,1453,1744,1550,1335
8238,82719300,1946,1718,1453,1740,1555,1337
8239,82729300,1950,1715,1455,1740,1552,1335
8240,82739300,1949,1722,1455,1740,1559,1338
8241,82749300,1950,1712,1454,1756,1550,1328
8242,82759300,1945,1726,1456,1736,1552,1337
8243,82769300,1942,1721,1455,1737,1557,1332
8244,82779299,1949,1726,1456,1750,1550,1337
8245,82789300,1943,1728,1425,1744,1557,1319
8246,82799300,1946,1718,1454,1736,1547,1339
8247,82809300,1977,1729,1447,1731,1556,1337
8248,82819300,1942,1723,1456,1743,1558,1320
8249,82829300,1943,1725,1456,1741,1557,1337
8250,82839300,1956,1724,1461,1746,1557,1338
8251,82849300,1946,1722,1455,1741,1539,1363
8252,82859300,1954,1725,1456,1740,1555,1336
8253,82869300,1943,1717,1454,1740,1548,1337
8254,82879300,1948,1722,1452,1737,1561,1340
8255,82889300,1941,1722,1456,1745,1556,1340
8256,82899300,1949,1721,1456,1741,1553,1332
8257,82909300,1946,1728,1453,1743,1557,1335
8258,82919300,1940,1723,1463,1742,1557,1337
8259,82929300,1947,1719,1453,1737,1552,1337
8260,82939300,1921,1716,1451,1744,1557,1337
8261,82949300,1948,1719,1455,1740,1557,1330
8262,82959300,1947,1734,1455,1729,1551,1333
8263,82969300,1953,1722,1453,1745,1564,1330
8264,82979300,1953,1721,1455,1737,1553,1334
8265,82989299,1950,1725,1451,1745,1561,1338
8266,82999300,1942,1725,1462,1741,1549,1323
8267,83009300,1950,1726,1456,1739,1557,1342
8268,83019300,1943,1719,1457,1737,1557,1337
8269,83029300,1943,1727,1455,1737,1557,1337
8270,83039300,1948,1725,1456,1736,1551,1329
8271,83049300,1955,1719,1454,1736,1556,1338
8272,83059300,1947,1721,1459,1741,1553,1337
8273,83069300,1947,1722,1457,1743,1559,1337
8274,83079300,1951,1723,1456,1742,1552,1337
8275,83089300,1954,1717,1456,1745,1557,1337
8276,83099300,1949,1722,1459,1739,1551,1336
8277,83109300,1924,1728,1456,1739,1557,1337
8278,83119300,1949,1719,1455,1745,1560,1337
8279,83129300,1951,1721,1450,1737,1556,1342
8280,83139300,1952,1717,1453,1745,1549,1333
8281,83149300,1943,1725,1455,1739,1555,1340
8282,83159300,1957,1723,1456,1744,1558,1346
8283,83169300,1951,1715,1456,1740,1553,1338
8284,83179300,1945,1719,1459,1747,1555,1335
8285,83189300,1950,1729,1457,1718,1560,1328
8286,83199300,1950,1725,1456,1742,1559,1337
8287,83209300,1942,1723,1461,1745,1566,1338
8288,83219300,1942,1723,1462,1741,1556,1327
8289,83229300,1951,1726,1459,1740,1549,1337
8290,83239300,1943,1716,1455,1741,1560,1332
8291,83249300,1952,1718,1451,1745,1557,1342
8292,83259299,1946,1715,1456,1742,1560,1337
8293,83269300,1943,1716,1456,1742,1553,1332
8294,83279299,1947,1725,1461,1719,1551,1337
8295,83289300,1947,1723,1451,1741,1558,1336
8296,83299300,1949,1721,1456,1745,1552,1332
8297,83309300,1954,1719,1456,1746,1559,1337
8298,83319300,1952,1735,1456,1736,1556,1337
8299,83329299,1953,1726,1456,1746,1553,1337
8300,83339300,1947,1727,1456,1745,1558,1339
8301,83349300,1948,1727,1456,1740,1562,1332
8302,83359300,1953,1728,1456,1743,1543,1338
8303,83369300,1954,1718,1450,1750,1560,1337
8304,83379300,1951,1723,1459,1741,1553,1337
8305,83389300,1949,1713,1463,1736,1549,1338
8306,83399300,1951,1741,1451,1737,1557,1337
8307,83409300,1957,1721,1454,1745,1557,1337
8308,83419300,1955,1725,1449,1742,1555,1335
8309,83429300,1945,1731,1460,1745,1553,1337
8310,83439300,1945,1727,1457,1737,1553,1337
8311,83449300,1946,1723,1456,1742,1562,1342
8312,83459300,1953,1722,1456,1743,1555,1337
8313,83469300,1926,1728,1456,1739,1559,1327
8314,83479300,1967,1723,1439,1742,1560,1336
8315,83489300,1946,1722,1456,1743,1562,1343
8316,83499300,1957,1727,1458,1742,1550,1337
8317,83509300,1946,1724,1453,1741,1557,1336
8318,83519300,1950,1727,1459,1741,1530,1340
8319,83529300,1950,1719,1456,1745,1570,1337
8320,83539300,1943,1723,1457,1737,1559,1340
8321,83549300,1949,1721,1466,1741,1556,1340
8322,83559300,1949,1722,1465,1745,1564,1337
8323,83569300,1948,1725,1458,1737,1552,1341
8324,83579300,1954,1723,1451,1744,1557,1337
8325,83589300,1947,1722,1453,1741,1560,1337
8326,83599300,1949,1728,1457,1739,1552,1346
8327,83609300,1946,1718,1453,1742,1556,1335
8328,83619299,1951,1716,1463,1747,1561,1339
8329,83629300,1946,1721,1479,1744,1556,1335
8330,83639300,1945,1725,1435,1742,1550,1337
8331,83649300,1941,1711,1461,1752,1558,1337
8332,83659300,1945,1717,1456,1737,1539,1330
8333,83669300,1945,1729,1455,1747,1547,1332
8334,83679300,1947,1722,1459,1742,1558,1337
8335,83689300,1954,1718,1456,1741,1548,1342
8336,83699300,1945,1735,1458,1743,1550,1337
8337,83709300,1948,1721,1449,1742,1558,1339
8338,83719300,1954,1720,1455,1737,1557,1330
8339,83729300,1958,1719,1484,1739,1553,1335
8340,83739300,1947,1725,1449,1743,1556,1337
8341,83749300,1953,1714,1454,1741,1556,1337
8342,83759300,1951,1726,1472,1742,1561,1335
8343,83769300,1950,1715,1456,1738,1555,1335
8344,83779300,1941,1716,1454,1742,1556,1337
8345,83789300,1955,1717,1456,1742,1563,1338
8346,83799300,1949,1727,1450,1734,1556,1336
8347,83809300,1937,1744,1456,1744,1555,1337
8348,83819300,1938,1719,1454,1739,1555,1335
8349,83829300,1950,1723,1456,1744,1552,1337
8350,83839300,1945,1718,1457,1737,1559,1345
8351,83849300,1972,1713,1454,1745,1553,1328
8352,83859299,1943,1719,1457,1744,1557,1340
8353,83869299,1952,1726,1469,1741,1558,1337
8354,83879300,1951,1725,1454,1742,1553,1337
8355,83889300,1945,1737,1459,1745,1561,1337
8356,83899300,1941,1721,1456,1741,1561,1338
8357,83909300,1945,1728,1433,1745,1553,1337
8358,83919300,1947,1727,1455,1736,1553,1340
8359,83929299,1945,1715,1455,1742,1563,1337
8360,83939300,1949,1725,1456,1745,1555,1342
8361,83949300,1949,1727,1452,1740,1550,1335
8362,83959300,1954,1727,1456,1744,1561,1336
8363,83969300,1955,1723,1456,1747,1551,1337
8364,83979300,1953,1728,1463,1745,1563,1342
8365,83989300,1950,1726,1456,1748,1555,1346
8366,83999300,1948,1728,1454,1752,1557,1337
8367,84009300,1954,1727,1457,1741,1562,1338
8368,84019300,1943,1722,1456,1743,1558,1337
8369,84029300,1936,1723,1456,1741,1560,1337
8370,84039300,1942,1727,1456,1744,1556,1337
8371,84049300,1952,1729,1453,1745,1555,1337
8372,84059300,1958,1721,1453,1742,1557,1332
8373,84069300,1941,1717,1456,1741,1552,1322
8374,84079300,1947,1722,1455,1749,1557,1334
8375,84089300,1946,1724,1455,1741,1558,1336
8376,84099300,1947,1725,1456,1743,1562,1337
8377,84109300,1949,1714,1453,1740,1556,1337
8378,84119299,1950,1723,1456,1745,1555,1337
8379,84129300,1952,1722,1456,1758,1562,1336
8380,84139300,1947,1715,1456,1738,1556,1339
8381,84149300,1947,1727,1457,1740,1552,1337
8382,84159300,1949,1728,1456,1736,1555,1335
8383,84169300,1948,1719,1456,1745,1556,1337
8384,84179300,1947,1712,1453,1740,1555,1337
8385,84189300,1946,1722,1457,1743,1552,1346
8386,84199300,1950,1722,1448,1742,1553,1337
8387,84209300,1953,1723,1458,1736,1557,1342
8388,84219300,1942,1726,1453,1734,1560,1332
8389,84229300,1949,1723,1456,1741,1568,1342
8390,84239300,1951,1719,1451,1745,1555,1333
8391,84249300,1939,1727,1454,1759,1555,1335
8392,84259300,1949,1731,1456,1741,1561,1340
8393,84269300,1953,1723,1456,1736,1559,1338
8394,84279300,1949,1721,1487,1742,1556,1341
8395,84289300,1943,1724,1456,1742,1559,1337
8396,84299300,1951,1722,1456,1742,1558,1332
8397,84309300,1950,1727,1459,1745,1555,1338
8398,84319300,1951,1725,1459,1742,1557,1340
8399,84329300,1943,1727,1457,1742,1561,1337
8400,84339299,1931,1717,1455,1745,1560,1340
8401,84349300,1949,1727,1456,1739,1557,1337
8402,84359300,1954,1723,1465,1739,1550,1337
8403,84369300,1953,1722,1424,1739,1556,1332
8404,84379300,1949,1718,1456,1742,1549,1337
8405,84389300,1946,1725,1434,1745,1556,1337
8406,84399300,1950,1723,1456,1745,1560,1338
8407,84409300,1939,1713,1456,1742,1559,1337
8408,84419300,1940,1725,1455,1744,1562,1326
8409,84429300,1952,1727,1455,1745,1559,1340
8410,84439300,1942,1715,1453,1733,1548,1341
8411,84449300,1950,1718,1456,1742,1558,1333
8412,84459300,1951,1727,1450,1741,1560,1338
8413,84469300,1951,1723,1456,1732,1557,1334
8414,84479299,1968,1727,1453,1740,1558,1341
8415,84489300,1953,1721,1456,1741,1558,1333
8416,84499300,1963,1727,1451,1739,1554,1337
8417,84509300,1949,1719,1456,1740,1553,1339
8418,84519300,1949,1718,1456,1738,1561,1342
8419,84529300,1946,1714,1459,1744,1560,1343
8420,84539300,1957,1725,1447,1737,1556,1337
8421,84549300,1939,1719,1458,1741,1557,1343
8422,84559300,1948,1717,1456,1744,1542,1335
8423,84569300,1951,1721,1456,1739,1548,1339
8424,84579300,1951,1718,1455,1741,1561,1342
8425,84589300,1943,1712,1453,1739,1548,1333
8426,84599300,1946,1719,1453,1741,1557,1337
8427,84609300,1953,1722,1456,1742,1556,1335
8428,84619300,1953,1725,1462,1741,1561,1345
8429,84629300,1945,1715,1454,1746,1551,1337
8430,84639300,1952,1724,1456,1740,1561,1336
8431,84649300,1963,1723,1450,1732,1557,1342
8432,84659300,1945,1709,1455,1741,1550,1337
8433,84669300,1949,1718,1463,1740,1558,1342
8434,84679300,1951,1730,1458,1749,1561,1332
8435,84689300,1951,1721,1462,1744,1555,1337
8436,84699300,1936,1716,1462,1734,1547,1376
8437,84709300,1950,1724,1457,1740,1555,1337
8438,84719300,1951,1726,1456,1740,1556,1338
8439,84729300,1949,1715,1456,1754,1555,1351
8440,84739300,1935,1727,1458,1741,1559,1337
8441,84749300,1951,1719,1455,1745,1561,1333
8442,84759300,1945,1719,1455,1744,1555,1337
8443,84769300,1950,1717,1459,1739,1553,1333
8444,84779300,1943,1725,1455,1745,1557,1313
8445,84789300,1947,1725,1446,1744,1558,1337
8446,84799300,1961,1723,1456,1745,1562,1337
8447,84809299,1948,1726,1473,1745,1561,1327
8448,84819300,1957,1717,1456,1743,1558,1342
8449,84829300,1936,1723,1441,1743,1557,1346
8450,84839300,1952,1713,1454,1737,1560,1336
8451,84849300,1948,1719,1456,1744,1558,1337
8452,84859300,1936,1729,1457,1740,1553,1337
8453,84869300,1942,1735,1456,1740,1549,1337
8454,84879299,1945,1717,1454,1744,1557,1337
8455,84889300,1942,1718,1457,1737,1552,1337
8456,84899300,1943,1723,1458,1747,1556,1337
8457,84909300,1961,1728,1456,1741,1551,1337
8458,84919300,1948,1723,1456,1741,1555,1337
8459,84929300,1954,1726,1456,1740,1561,1337
8460,84939300,1943,1728,1451,1737,1553,1337
8461,84949300,1951,1725,1453,1743,1558,1326
8462,84959300,1947,1725,1458,1742,1555,1333
8463,84969300,1945,1719,1455,1741,1558,1333
8464,84979300,1942,1717,1459,1744,1560,1346
8465,84989300,1953,1724,1454,1736,1550,1337
8466,84999300,1948,1727,1455,1737,1548,1333
8467,85009300,1950,1719,1449,1741,1553,1342
8468,85019300,1949,1713,1447,1746,1562,1337
8469,85029300,1943,1727,1456,1744,1553,1342
8470,85039300,1949,1717,1463,1741,1553,1337
8471,85049300,1948,1720,1452,1747,1561,1338
8472,85059300,1946,1728,1456,1745,1557,1337
8473,85069300,1950,1718,1445,1737,1558,1340
8474,85079300,1943,1720,1444,1737,1560,1338
8475,85089300,1949,1725,1454,1739,1562,1335
8476,85099300,1951,1725,1457,1741,1570,1337
8477,85109300,1945,1717,1456,1724,1553,1337
8478,85119300,1949,1725,1453,1746,1557,1332
8479,85129300,1947,1717,1454,1739,1557,1333
8480,85139300,1954,1717,1457,1743,1553,1337
8481,85149300,1951,1719,1457,1741,1557,1337
8482,85159300,1958,1715,1456,1743,1557,1337
8483,85169300,1940,1719,1453,1742,1556,1332
8484,85179300,1952,1719,1456,1740,1552,1342
8485,85189300,1946,1725,1459,1739,1553,1343
8486,85199300,1947,1724,1455,1733,1555,1337
8487,85209300,1946,1722,1457,1744,1557,1337
8488,85219300,1947,1723,1459,1745,1558,1336
8489,85229300,1936,1722,1472,1743,1552,1340
8490,85239300,1954,1726,1459,1736,1556,1337
8491,85249299,1949,1721,1451,1737,1555,1337
8492,85259300,1945,1727,1456,1742,1558,1337
8493,85269300,1947,1721,1456,1737,1551,1333
8494,85279300,1965,1717,1456,1740,1556,1340
8495,85289299,1951,1719,1442,1743,1556,1323
8496,85299300,1949,1719,1456,1740,1555,1338
8497,85309300,1949,1719,1472,1744,1551,1338
8498,85319300,1949,1718,1456,1742,1559,1337
8499,85329300,1951,1723,1456,1741,1558,1337
8500,85339300,1945,1725,1450,1741,1561,1309
8501,85349300,1946,1719,1457,1741,1553,1342
8502,85359300,1943,1723,1460,1742,1557,1341
8503,85369300,1947,1714,1457,1736,1552,1337
8504,85379300,1952,1722,1456,1732,1565,1337
8505,85389300,1941,1717,1455,1744,1555,1336
8506,85399300,1948,1717,1459,1737,1553,1331
8507,85409300,1945,1729,1456,1731,1552,1337
8508,85419300,1946,1722,1455,1739,1550,1335
8509,85429300,1949,1722,1459,1744,1554,1339
8510,85439300,1941,1722,1456,1745,1550,1337
8511,85449300,1951,1728,1456,1737,1548,1329
8512,85459300,1948,1723,1459,1744,1558,1339
8513,85469300,1949,1715,1457,1736,1553,1333
8514,85479300,1954,1723,1457,1742,1560,1337
8515,85489300,1946,1726,1448,1743,1557,1340
8516,85499300,1947,1715,1456,1745,1550,1337
8517,85509300,1950,1718,1456,1749,1558,1346
8518,85519300,1949,1719,1453,1744,1552,1337
8519,85529300,1945,1718,1456,1737,1557,1337
8520,85539300,1949,1711,1458,1747,1553,1342
8521,85549300,1952,1741,1459,1747,1558,1340
8522,85559300,1947,1725,1454,1744,1553,1326
8523,85569300,1962,1728,1450,1737,1555,1338
8524,85579300,1947,1722,1439,1738,1559,1336
8525,85589300,1941,1725,1474,1740,1553,1335
8526,85599300,1945,1722,1455,1736,1562,1337
8527,85609299,1953,1717,1459,1744,1557,1337
8528,85619300,1941,1719,1456,1736,1566,1337
8529,85629300,1946,1726,1461,1744,1553,1338
8530,85639300,1947,1717,1459,1741,1552,1336
8531,85649300,1957,1717,1456,1740,1562,1338
8532,85659300,1955,1722,1439,1739,1559,1338
8533,85669300,1952,1722,1456,1741,1552,1337
8534,85679300,1950,1729,1454,1743,1558,1336
8535,85689300,1952,1723,1456,1736,1560,1340
8536,85699300,1927,1727,1459,1737,1560,1337
8537,85709300,1950,1729,1456,1731,1559,1337
8538,85719300,1947,1725,1466,1740,1553,1337
8539,85729300,1948,1717,1458,1741,1557,1352
8540,85739300,1946,1722,1456,1741,1560,1343
8541,85749300,1947,1726,1455,1749,1555,1339
8542,85759300,1939,1727,1456,1737,1555,1337
8543,85769300,1942,1734,1453,1752,1552,1337
8544,85779299,1950,1728,1454,1741,1550,1337
8545,85789300,1941,1725,1458,1745,1553,1332
8546,85799300,1949,1718,1455,1744,1560,1328
8547,85809300,1939,1724,1450,1745,1557,1343
8548,85819300,1917,1718,1459,1747,1553,1335
8549,85829300,1949,1728,1456,1735,1568,1349
8550,85839300,1947,1712,1456,1717,1555,1337
8551,85849300,1943,1719,1456,1744,1553,1332
8552,85859300,1946,1717,1456,1737,1556,1337
8553,85869300,1946,1717,1454,1742,1552,1338
8554,85879300,1952,1726,1456,1741,1558,1333
8555,85889300,1940,1724,1455,1746,1553,1337
8556,85899300,1951,1717,1453,1743,1556,1346
8557,85909300,1947,1721,1461,1736,1558,1337
8558,85919300,1953,1727,1455,1735,1556,1342
8559,85929300,1943,1722,1455,1733,1568,1337
8560,85939300,1942,1717,1462,1742,1559,1337
8561,85949300,1955,1719,1454,1737,1550,1337
8562,85959300,1951,1729,1457,1741,1534,1337
8563,85969300,1946,1723,1454,1742,1555,1337
8564,85979299,1953,1726,1451,1741,1556,1337
8565,85989300,1942,1713,1457,1737,1552,1337
8566,85999300,1942,1718,1451,1737,1553,1336
8567,86009300,1949,1734,1457,1747,1548,1329
8568,86019300,1955,1716,1457,1745,1553,1337
8569,86029300,1947,1722,1456,1742,1553,1337
8570,86039300,1947,1716,1454,1744,1557,1337
8571,86049300,1947,1723,1456,1736,1560,1336
8572,86059300,1951,1717,1455,1747,1555,1340
8573,86069300,1955,1723,1456,1736,1553,1340
8574,86079300,1942,1722,1455,1743,1558,1337
8575,86089300,1948,1729,1461,1750,1553,1340
8576,86099300,1951,1723,1453,1740,1570,1337
8577,86109300,1939,1722,1451,1741,1552,1336
8578,86119299,1947,1734,1453,1750,1555,1337
8579,86129300,1950,1722,1456,1745,1559,1337
8580,86139300,1935,1727,1458,1739,1556,1340
8581,86149300,1942,1721,1456,1737,1561,1337
8582,86159300,1955,1718,1456,1745,1548,1319
8583,86169300,1941,1718,1456,1736,1558,1335
8584,86179300,1936,1723,1460,1741,1560,1338
8585,86189300,1953,1725,1461,1736,1556,1338
8586,86199300,1947,1723,1456,1745,1560,1337
8587,86209300,1945,1727,1449,1747,1558,1342
8588,86219300,1937,1727,1454,1738,1554,1343
8589,86229300,1959,1725,1459,1741,1559,1338
8590,86239299,1966,1717,1458,1737,1560,1333
8591,86249300,1943,1723,1454,1740,1559,1337
8592,86259300,1951,1718,1452,1741,1559,1337
8593,86269300,1949,1729,1428,1739,1548,1337
8594,86279300,1953,1723,1453,1750,1556,1337
8595,86289300,1941,1723,1456,1737,1564,1340
8596,86299300,1953,1723,1456,1741,1555,1337
8597,86309300,1951,1722,1474,1743,1560,1337
8598,86319300,1952,1725,1456,1740,1560,1334
8599,86329300,1950,1723,1457,1742,1548,1351
8600,86339300,1953,1723,1453,1745,1553,1337
8601,86349300,1945,1723,1456,1737,1553,1339
8602,86359300,1946,1719,1456,1740,1556,1333
8603,86369300,1951,1723,1457,1740,1553,1338
8604,86379300,1951,1725,1451,1742,1553,1334
8605,86389300,1947,1723,1456,1741,1548,1337
8606,86399300,1952,1721,1461,1740,1555,1350
8607,86409300,1952,1720,1437,1737,1561,1337
8608,86419300,1947,1739,1456,1739,1557,1337
8609,86429300,1951,1723,1433,1744,1557,1338
8610,86439300,1936,1723,1461,1737,1552,1335
8611,86449300,1941,1722,1436,1743,1555,1337
8612,86459300,1957,1732,1463,1736,1557,1337
8613,86469300,1950,1719,1459,1745,1550,1337
8614,86479300,1947,1719,1457,1741,1557,1350
8615,86489300,1950,1719,1456,1741,1550,1329
8616,86499300,1947,1715,1461,1737,1559,1337
8617,86509300,1954,1719,1465,1744,1559,1350
8618,86519300,1947,1714,1460,1742,1556,1337
8619,86529300,1946,1719,1460,1741,1550,1345
8620,86539299,1949,1716,1431,1742,1552,1351
8621,86549300,1953,1722,1458,1742,1555,1339
8622,86559300,1940,1719,1488,1743,1551,1337
8623,86569300,1943,1722,1450,1745,1552,1349
8624,86579300,1947,1721,1456,1733,1557,1337
8625,86589300,1946,1718,1454,1748,1556,1337
8626,86599300,1947,1723,1456,1742,1557,1337
8627,86609300,1949,1728,1456,1744,1553,1337
8628,86619300,1947,1718,1459,1736,1556,1333
8629,86629300,1948,1725,1451,1739,1558,1325
8630,86639300,1950,1715,1449,1739,1556,1337
8631,86649300,1947,1721,1459,1744,1557,1327
8632,86659300,1947,1722,1453,1758,1559,1342
8633,86669300,1950,1717,1457,1757,1560,1338
8634,86679300,1941,1723,1457,1741,1553,1329
8635,86689300,1946,1735,1458,1745,1556,1336
8636,86699300,1930,1721,1454,1747,1561,1337
8637,86709300,1958,1728,1453,1740,1553,1337
8638,86719300,1937,1728,1456,1736,1550,1337
8639,86729300,1949,1719,1443,1745,1560,1337
8640,86739300,1955,1722,1455,1739,1558,1337
8641,86749299,1950,1721,1458,1744,1559,1339
8642,86759300,1943,1691,1459,1744,1557,1336
8643,86769300,1937,1726,1453,1741,1557,1337
8644,86779300,1945,1731,1454,1736,1560,1337
8645,86789300,1950,1699,1455,1739,1555,1339
8646,86799300,1968,1724,1459,1745,1553,1337
8647,86809299,1942,1719,1456,1736,1553,1338
8648,86819300,1947,1718,1456,1739,1554,1342
8649,86829300,1946,1723,1456,1744,1555,1335
8650,86839300,1947,1717,1455,1744,1549,1337
8651,86849300,1954,1722,1457,1741,1555,1320
8652,86859300,1943,1724,1456,1742,1555,1333
8653,86869300,1942,1723,1457,1740,1552,1333
8654,86879300,1949,1724,1456,1741,1553,1346
8655,86889300,1946,1725,1445,1741,1558,1340
8656,86899300,1943,1718,1461,1745,1559,1340
8657,86909300,1939,1719,1451,1734,1555,1336
8658,86919300,1958,1715,1456,1734,1550,1337
8659,86929300,1947,1745,1462,1745,1560,1340
8660,86939300,1945,1715,1463,1745,1560,1337
8661,86949300,1954,1719,1444,1741,1548,1337
8662,86959300,1950,1721,1442,1743,1555,1337
8663,86969300,1949,1720,1456,1736,1553,1311
8664,86979300,1953,1731,1457,1739,1556,1339
8665,86989300,1942,1725,1456,1749,1556,1338
8666,86999300,1946,1729,1457,1743,1558,1335
8667,87009300,1953,1717,1457,1740,1577,1324
8668,87019300,1954,1725,1456,1742,1552,1340
8669,87029300,1953,1726,1455,1741,1557,1337
8670,87039300,1957,1730,1461,1734,1555,1338
8671,87049300,1959,1726,1463,1740,1553,1337
8672,87059300,1952,1722,1453,1743,1548,1339
8673,87069300,1946,1723,1463,1741,1558,1334
8674,87079300,1950,1714,1466,1736,1550,1333
8675,87089300,1950,1726,1452,1736,1556,1337
8676,87099299,1949,1725,1456,1741,1562,1332
8677,87109300,1951,1721,1458,1742,1557,1351
8678,87119300,1943,1723,1453,1740,1550,1340
8679,87129300,1942,1722,1453,1745,1547,1332
8680,87139300,1951,1722,1462,1734,1557,1337
8681,87149300,1940,1717,1456,1745,1556,1340
8682,87159300,1954,1723,1456,1744,1563,1338
8683,87169300,1948,1711,1456,1741,1553,1335
8684,87179300,1946,1731,1456,1745,1558,1335
8685,87189300,1943,1719,1456,1744,1560,1350
8686,87199300,1945,1722,1456,1742,1569,1333
8687,87209300,1943,1710,1458,1734,1558,1337
8688,87219300,1947,1726,1465,1737,1557,1337
8689,87229300,1948,1715,1456,1747,1530,1339
8690,87239300,1949,1719,1458,1750,1553,1341
8691,87249300,1948,1723,1458,1742,1555,1344
8692,87259300,1943,1723,1456,1742,1553,1337
8693,87269300,1942,1726,1462,1736,1560,1342
8694,87279300,1947,1710,1455,1736,1555,1337
8695,87289300,1947,1727,1453,1743,1555,1329
8696,87299300,1941,1705,1453,1744,1553,1337
8697,87309300,1947,1727,1455,1741,1553,1333
8698,87319300,1952,1715,1453,1743,1552,1327
8699,87329300,1952,1718,1455,1743,1536,1337
8700,87339300,1949,1719,1456,1746,1560,1350
8701,87349299,1945,1735,1456,1737,1557,1341
8702,87359300,1949,1726,1437,1745,1558,1337
8703,87369299,1961,1719,1457,1740,1561,1342
8704,87379300,1942,1719,1461,1744,1548,1337
8705,87389300,1951,1699,1469,1722,1558,1337
8706,87399300,1950,1722,1490,1745,1550,1339
8707,87409300,1939,1735,1456,1743,1552,1349
8708,87419300,1941,1725,1459,1742,1562,1337
8709,87429300,1921,1721,1455,1754,1560,1337
8710,87439300,1954,1719,1457,1747,1560,1343
8711,87449300,1950,1717,1457,1748,1558,1337
8712,87459300,1943,1724,1461,1737,1558,1328
8713,87469300,1954,1713,1456,1745,1557,1340
8714,87479300,1954,1723,1463,1748,1552,1346
8715,87489300,1951,1727,1458,1736,1557,1337
8716,87499300,1955,1719,1456,1739,1556,1338
8717,87509300,1947,1712,1456,1742,1558,1333
8718,87519300,1940,1721,1457,1742,1560,1333
8719,87529300,1946,1723,1456,1741,1561,1340
8720,87539300,1950,1729,1458,1741,1560,1336
8721,87549300,1943,1715,1463,1742,1558,1336
8722,87559300,1953,1712,1458,1744,1553,1342
8723,87569300,1947,1718,1461,1741,1557,1336
8724,87579300,1947,1727,1456,1737,1553,1338
8725,87589300,1948,1724,1453,1743,1559,1337
8726,87599300,1949,1719,1462,1745,1562,1338
8727,87609300,1946,1731,1462,1746,1549,1340
8728,87619300,1949,1728,1456,1743,1557,1336
8729,87629300,1950,1722,1454,1745,1556,1337
8730,87639300,1947,1719,1457,1747,1556,1337
8731,87649300,1961,1745,1459,1744,1559,1339
8732,87659300,1949,1727,1469,1745,1550,1340
8733,87669300,1943,1727,1440,1741,1553,1337
8734,87679300,1952,1723,1447,1740,1556,1355
8735,87689300,1953,1717,1457,1736,1555,1338
8736,87699300,1951,1715,1451,1745,1559,1335
8737,87709300,1952,1730,1461,1744,1561,1337
8738,87719300,1922,1719,1458,1741,1556,1347
8739,87729300,1952,1717,1456,1733,1557,1337
8740,87739300,1950,1727,1463,1736,1550,1337
8741,87749300,1949,1715,1458,1745,1533,1334
8742,87759300,1946,1723,1456,1747,1559,1347
8743,87769300,1949,1724,1467,1742,1558,1333
8744,87779300,1946,1717,1455,1745,1557,1337
8745,87789300,1943,1712,1455,1744,1565,1343
8746,87799300,1943,1719,1456,1744,1557,1351
8747,87809300,1953,1719,1456,1736,1556,1338
8748,87819300,1952,1717,1456,1737,1558,1338
8749,87829300,1950,1729,1477,1741,1559,1337
8750,87839300,1947,1724,1459,1736,1575,1337
8751,87849300,1947,1726,1457,1745,1544,1339
8752,87859300,1955,1730,1456,1739,1559,1338
8753,87869300,1954,1728,1455,1743,1553,1337
8754,87879300,1951,1718,1456,1737,1556,1337
8755,87889300,1949,1725,1460,1740,1554,1342
8756,87899300,1947,1731,1454,1741,1551,1342
8757,87909300,1951,1726,1458,1742,1558,1337
8758,87919300,1949,1723,1456,1743,1551,1346
8759,87929300,1951,1719,1456,1737,1559,1363
8760,87939299,1943,1728,1450,1741,1560,1336
8761,87949300,1949,1724,1453,1758,1556,1345
8762,87959300,1947,1730,1456,1744,1556,1341
8763,87969300,1950,1722,1456,1737,1553,1342
8764,87979300,1957,1723,1463,1743,1556,1340
8765,87989300,1946,1724,1468,1737,1562,1337
8766,87999300,1953,1714,1456,1749,1556,1337
8767,88009299,1953,1719,1455,1745,1550,1337
8768,88019300,1947,1718,1458,1739,1568,1337
8769,88029300,1952,1716,1456,1744,1558,1337
8770,88039300,1951,1726,1456,1742,1558,1337
8771,88049300,1950,1727,1456,1744,1568,1342
8772,88059300,1952,1730,1456,1737,1562,1338
8773,88069300,1945,1717,1456,1737,1553,1340
8774,88079300,1948,1719,1458,1740,1560,1338
8775,88089300,1949,1718,1456,1743,1558,1337
8776,88099300,1948,1724,1464,1745,1556,1337
8777,88109300,1945,1725,1459,1745,1557,1337
8778,88119300,1951,1724,1451,1741,1556,1337
8779,88129300,1946,1727,1457,1744,1558,1337
8780,88139300,1952,1723,1461,1746,1552,1353
8781,88149300,1947,1727,1456,1736,1564,1343
8782,88159300,1953,1725,1456,1743,1560,1334
8783,88169300,1950,1719,1451,1733,1557,1337
8784,88179300,1950,1723,1457,1744,1562,1337
8785,88189300,1950,1719,1454,1741,1560,1337
8786,88199300,1945,1725,1459,1742,1553,1337
8787,88209300,1947,1728,1456,1737,1556,1337
8788,88219300,1949,1726,1455,1745,1552,1348
8789,88229300,1950,1717,1456,1734,1560,1335
8790,88239300,1952,1723,1456,1742,1559,1337
8791,88249300,1951,1724,1449,1743,1552,1338
8792,88259300,1951,1712,1456,1741,1552,1333
8793,88269300,1951,1723,1488,1741,1557,1337
8794,88279300,1949,1728,1457,1745,1562,1337
8795,88289300,1946,1723,1461,1744,1561,1345
8796,88299300,1951,1727,1454,1745,1561,1337
8797,88309300,1949,1739,1455,1745,1556,1341
8798,88319300,1955,1712,1456,1745,1557,1339
8799,88329300,1950,1722,1467,1737,1560,1339
8800,88339300,1949,1719,1429,1744,1557,1337
8801,88349300,1943,1723,1457,1741,1559,1337
8802,88359300,1955,1719,1456,1741,1550,1337
8803,88369300,1949,1712,1456,1737,1557,1340
8804,88379300,1941,1729,1457,1740,1558,1342
8805,88389300,1946,1726,1456,1750,1557,1337
8806,88399300,1949,1728,1456,1743,1557,1343
8807,88409300,1953,1728,1471,1745,1563,1337
8808,88419300,1950,1719,1453,1736,1555,1337
8809,88429300,1920,1721,1453,1741,1558,1337
8810,88439300,1951,1722,1456,1739,1558,1339
8811,88449300,1951,1727,1456,1736,1559,1327
8812,88459300,1946,1721,1455,1737,1559,1339
8813,88469300,1942,1725,1450,1741,1565,1334
8814,88479300,1950,1725,1461,1739,1562,1338
8815,88489300,1957,1702,1457,1744,1553,1338
8816,88499300,1949,1727,1456,1742,1556,1339
8817,88509300,1950,1722,1457,1747,1555,1337
8818,88519300,1951,1718,1447,1734,1557,1330
8819,88529300,1945,1716,1456,1745,1553,1337
8820,88539300,1950,1710,1463,1743,1557,1337
8821,88549300,1954,1724,1462,1739,1557,1337
8822,88559300,1954,1725,1455,1741,1559,1327
8823,88569300,1949,1723,1456,1736,1556,1338
8824,88579300,1947,1723,1455,1741,1555,1332
8825,88589300,1947,1722,1461,1736,1556,1341
8826,88599300,1945,1719,1448,1747,1556,1336
8827,88609300,1950,1715,1456,1740,1561,1337
8828,88619300,1951,1721,1452,1748,1560,1338
8829,88629300,1953,1725,1457,1742,1558,1337
8830,88639300,1955,1729,1456,1745,1545,1337
8831,88649299,1951,1727,1461,1745,1552,1337
8832,88659300,1948,1727,1456,1741,1553,1338
8833,88669300,1941,1722,1455,1744,1548,1337
8834,88679300,1943,1727,1459,1748,1557,1337
8835,88689300,1949,1722,1453,1744,1557,1340
8836,88699300,1954,1716,1454,1745,1559,1328
8837,88709300,1953,1727,1460,1741,1565,1337
8838,88719300,1950,1726,1431,1744,1555,1337
8839,88729300,1943,1723,1453,1748,1557,1340
8840,88739300,1946,1715,1459,1739,1560,1340
8841,88749300,1951,1716,1507,1741,1557,1332
8842,88759300,1952,1730,1455,1744,1558,1334
8843,88769300,1952,1727,1456,1737,1550,1337
8844,88779300,1949,1727,1456,1745,1548,1346
8845,88789299,1951,1723,1458,1744,1553,1336
8846,88799300,1937,1719,1458,1745,1553,1340
8847,88809300,1953,1701,1467,1741,1559,1337
8848,88819300,1939,1723,1466,1742,1553,1337
8849,88829300,1954,1723,1456,1745,1560,1338
8850,88839300,1950,1733,1457,1740,1556,1340
8851,88849300,1942,1725,1459,1750,1553,1337
8852,88859300,1941,1722,1458,1745,1558,1335
8853,88869300,1943,1715,1451,1741,1552,1337
8854,88879300,1952,1718,1456,1743,1553,1346
8855,88889300,1954,1722,1439,1740,1557,1336
8856,88899300,1950,1721,1456,1737,1556,1353
8857,88909300,1951,1725,1458,1745,1559,1337
8858,88919300,1957,1723,1456,1744,1550,1360
8859,88929300,1953,1719,1459,1741,1558,1339
8860,88939300,1955,1723,1453,1747,1558,1337
8861,88949300,1946,1727,1456,1745,1559,1338
8862,88959300,1949,1725,1482,1747,1555,1337
8863,88969300,1949,1721,1456,1718,1558,1342
8864,88979300,1953,1728,1472,1744,1557,1335
8865,88989300,1968,1722,1458,1745,1559,1337
8866,88999300,1948,1714,1462,1743,1555,1337
8867,89009300,1950,1726,1456,1742,1557,1338
8868,89019300,1961,1718,1463,1745,1559,1337
8869,89029300,1951,1723,1472,1741,1553,1337
8870,89039300,1966,1722,1455,1747,1554,1337
8871,89049300,1941,1718,1457,1743,1558,1340
8872,89059300,1952,1726,1456,1742,1557,1339
8873,89069300,1947,1723,1459,1740,1553,1347
8874,89079300,1952,1726,1456,1743,1558,1337
8875,89089300,1941,1727,1456,1744,1558,1338
8876,89099300,1948,1723,1462,1744,1562,1346
8877,89109301,1955,1728,1457,1744,1530,1376
8878,89119300,1955,1719,1456,1755,1557,1337
8879,89129300,1953,1712,1462,1745,1557,1338
8880,89139300,1951,1717,1454,1736,1548,1338
8881,89149300,1939,1718,1458,1745,1569,1339
8882,89159300,1950,1724,1455,1753,1559,1337
8883,89169300,1950,1727,1459,1743,1557,1343
8884,89179300,1952,1722,1456,1745,1562,1337
8885,89189300,1943,1718,1456,1740,1555,1337
8886,89199300,1948,1727,1463,1742,1565,1335
8887,89209300,1949,1722,1456,1738,1560,1349
8888,89219300,1945,1724,1452,1740,1555,1337
8889,89229300,1950,1716,1440,1740,1553,1335
8890,89239300,1951,1727,1456,1736,1557,1338
8891,89249300,1952,1718,1469,1742,1552,1364
8892,89259300,1952,1695,1450,1742,1555,1342
8893,89269300,1952,1715,1454,1745,1557,1337
8894,89279300,1943,1718,1457,1732,1559,1319
8895,89289300,1953,1727,1458,1744,1557,1337
8896,89299299,1949,1712,1454,1737,1553,1337
8897,89309300,1950,1724,1457,1743,1543,1337
8898,89319300,1950,1718,1456,1745,1560,1338
8899,89329300,1954,1718,1465,1747,1553,1336
8900,89339300,1946,1730,1461,1737,1562,1337
8901,89349300,1952,1723,1456,1746,1560,1342
8902,89359300,1949,1726,1453,1745,1562,1343
8903,89369300,1944,1723,1458,1743,1553,1338
8904,89379300,1950,1725,1456,1744,1553,1337
8905,89389300,1950,1725,1461,1758,1566,1337
8906,89399301,1943,1727,1456,1741,1552,1337
8907,89409299,1942,1725,1461,1744,1558,1340
8908,89419300,1954,1723,1456,1743,1552,1337
8909,89429300,1945,1727,1456,1745,1557,1337
8910,89439300,1953,1727,1463,1742,1556,1346
8911,89449300,1946,1727,1456,1741,1558,1332
8912,89459300,1954,1727,1456,1742,1557,1338
8913,89469300,1951,1725,1458,1745,1561,1338
8914,89479300,1950,1725,1457,1745,1553,1319
8915,89489300,1952,1728,1458,1744,1560,1339
8916,89499300,1954,1722,1457,1740,1554,1337
8917,89509300,1949,1717,1456,1746,1560,1337
8918,89519300,1947,1726,1459,1745,1556,1343
8919,89529299,1949,1727,1456,1742,1550,1337
8920,89539300,1953,1723,1458,1741,1573,1337
8921,89549300,1945,1721,1456,1739,1561,1339
8922,89559300,1958,1727,1457,1750,1557,1337
8923,89569300,1958,1717,1455,1743,1560,1337
8924,89579300,1953,1729,1467,1739,1556,1337
8925,89589300,1950,1726,1456,1738,1559,1362
8926,89599300,1951,1729,1458,1736,1552,1314
8927,89609300,1947,1728,1462,1744,1579,1324
8928,89619300,1945,1722,1454,1742,1557,1335
8929,89629300,1954,1717,1457,1743,1560,1335
8930,89639300,1947,1723,1456,1741,1553,1337
8931,89649300,1955,1727,1441,1746,1562,1342
8932,89659300,1946,1728,1470,1741,1552,1337
8933,89669300,1967,1731,1457,1738,1566,1338
8934,89679300,1951,1723,1459,1741,1558,1346
8935,89689300,1948,1728,1459,1746,1556,1333
8936,89699300,1945,1726,1450,1741,1562,1339
8937,89709300,1963,1722,1460,1745,1556,1339
8938,89719300,1949,1725,1459,1733,1549,1337
8939,89729300,1953,1726,1455,1747,1565,1337
8940,89739300,1947,1725,1457,1741,1560,1337
8941,89749300,1945,1726,1456,1742,1547,1342
8942,89759300,1920,1737,1456,1740,1558,1338
8943,89769300,1951,1713,1456,1745,1562,1337
8944,89779300,1955,1694,1461,1743,1561,1342
8945,89789300,1966,1717,1456,1744,1557,1343
8946,89799300,1951,1723,1476,1741,1558,1336
8947,89809300,1967,1730,1456,1739,1560,1337
8948,89819299,1949,1722,1479,1740,1557,1340
8949,89829300,1953,1721,1458,1740,1557,1340
8950,89839300,1954,1724,1456,1742,1562,1338
8951,89849300,1948,1724,1456,1741,1561,1348
8952,89859300,1947,1727,1478,1756,1560,1337
8953,89869300,1923,1725,1456,1741,1557,1337
8954,89879300,1949,1723,1459,1743,1561,1337
8955,89889301,1957,1721,1453,1744,1560,1337
8956,89899300,1950,1712,1456,1745,1555,1337
8957,89909300,1954,1725,1456,1724,1545,1340
8958,89919300,1953,1711,1453,1738,1557,1337
8959,89929300,1949,1726,1456,1742,1556,1337
8960,89939300,1958,1722,1457,1737,1558,1329
8961,89949299,1941,1728,1463,1745,1560,1339
8962,89959300,1948,1729,1456,1723,1557,1341
8963,89969300,1949,1722,1470,1741,1556,1345
8964,89979300,1951,1715,1435,1745,1557,1339
8965,89989300,1950,1726,1456,1741,1553,1335
8966,89999300,1953,1695,1451,1742,1555,1335
8967,90009300,1954,1727,1459,1737,1553,1337
8968,90019300,1939,1725,1456,1742,1556,1343
8969,90029300,1938,1729,1455,1744,1556,1342
8970,90039300,1949,1719,1459,1745,1557,1337
8971,90049300,1949,1727,1457,1745,1558,1343
8972,90059300,1943,1721,1454,1742,1553,1339
8973,90069300,1954,1714,1456,1741,1537,1337
8974,90079300,1953,1725,1451,1743,1557,1337
8975,90089300,1952,1718,1456,1739,1558,1330
8976,90099300,1949,1725,1456,1743,1557,1341
8977,90109300,1945,1723,1458,1732,1557,1337
8978,90119300,1943,1726,1456,1744,1558,1339
8979,90129300,1950,1727,1471,1744,1553,1333
8980,90139300,1953,1719,1456,1736,1559,1332
8981,90149300,1943,1719,1435,1742,1557,1337
8982,90159300,1955,1726,1456,1747,1572,1337
8983,90169300,1946,1726,1456,1741,1553,1337
8984,90179300,1946,1722,1456,1745,1562,1342
8985,90189300,1941,1722,1452,1745,1566,1339
8986,90199300,1941,1716,1455,1741,1557,1337
8987,90209300,1947,1721,1457,1743,1557,1337
8988,90219300,1946,1729,1477,1742,1548,1325
8989,90229300,1947,1727,1454,1739,1555,1340
8990,90239300,1949,1725,1451,1746,1560,1340
