protocol_version,session_id,sensor_id,physical_label,node_id,node_mac,seq,sensor_t_us,receiver_t_us,pc_wall_s,sync_group_id,pair_seq,x_raw,y_raw,z_raw,x_g,y_g,z_g,sample_rate_hz,odr_hz,range_g,calibration_id,calibration_applied,packet_status,packet_error_code,firmware_version,contract_version
kx134.v3,NODE_PROTOTYPE,2,KX134_SENSOR_2,sensor_node_2,D4:E9:F4:C3:37:14,184437,1844850913,0,0,NA,0,4084,-23,148,0.997070,-0.005615,0.036133,100,100,8,UNCALIBRATED_SENSOR_2,false,CALIBRATION_MISSING,CALIBRATION_MISSING,kx134_single_node_i2c.0.1.0,kx134.v3
kx134.v3,NODE_PROTOTYPE,2,KX134_SENSOR_2,sensor_node_2,D4:E9:F4:C3:37:14,184438,1844860914,0,0,NA,0,4088,-19,138,0.998047,-0.004639,0.033691,100,100,8,UNCALIBRATED_SENSOR_2,false,CALIBRATION_MISSING,CALIBRATION_MISSING,kx134_single_node_i2c.0.1.0,kx134.v3
kx134.v3,NODE_PROTOTYPE,2,KX134_SENSOR_2,sensor_node_2,D4:E9:F4:C3:37:14,184439,1844870913,0,0,NA,0,4099,-26,135,1.000732,-0.006348,0.032959,100,100,8,UNCALIBRATED_SENSOR_2,false,CALIBRATION_MISSING,CALIBRATION_MISSING,kx134_single_node_i2c.0.1.0,kx134.v3
kx134.v3,NODE_PROTOTYPE,2,KX134_SENSOR_2,sensor_node_2,D4:E9:F4:C3:37:14,184440,1844880913,0,0,NA,0,4075,-28,138,0.994873,-0.006836,0.033691,100,100,8,UNCALIBRATED_SENSOR_2,false,CALIBRATION_MISSING,CALIBRATION_MISSING,kx134_single_node_i2c.0.1.0,kx134.v3
kx134.v3,NODE_PROTOTYPE,2,KX134_SENSOR_2,sensor_node_2,D4:E9:F4:C3:37:14,184441,1844890914,0,0,NA,0,4073,-39,112,0.994385,-0.009521,0.027344,100,100,8,UNCALIBRATED_SENSOR_2,false,CALIBRATION_MISSING,CALIBRATION_MISSING,kx134_single_node_i2c.0.1.0,kx134.v3
kx134.v3,NODE_PROTOTYPE,2,KX134_SENSOR_2,sensor_node_2,D4:E9:F4:C3:37:14,184442,1844900913,0,0,NA,0,4099,-79,92,1.000732,-0.019287,0.022461,100,100,8,UNCALIBRATED_SENSOR_2,false,CALIBRATION_MISSING,CALIBRATION_MISSING,kx134_single_node_i2c.0.1.0,kx134.v3
kx134.v3,NODE_PROTOTYPE,2,KX134_SENSOR_2,sensor_node_2,D4:E9:F4:C3:37:14,184443,1844910914,0,0,NA,0,4118,-83,124,1.005371,-0.020264,0.030273,100,100,8,UNCALIBRATED_SENSOR_2,false,CALIBRATION_MISSING,CALIBRATION_MISSING,kx134_single_node_i2c.0.1.0,kx134.v3
kx134.v3,NODE_PROTOTYPE,2,KX134_SENSOR_2,sensor_node_2,D4:E9:F4:C3:37:14,184444,1844920913,0,0,NA,0,4126,-56,172,1.007324,-0.013672,0.041992,100,100,8,UNCALIBRATED_SENSOR_2,false,CALIBRATION_MISSING,CALIBRATION_MISSING,kx134_single_node_i2c.0.1.0,kx134.v3
kx134.v3,NODE_PROTOTYPE,2,KX134_SENSOR_2,sensor_node_2,D4:E9:F4:C3:37:14,184445,1844930914,0,0,NA,0,4138,-57,212,1.010254,-0.013916,0.051758,100,100,8,UNCALIBRATED_SENSOR_2,false,CALIBRATION_MISSING,CALIBRATION_MISSING,kx134_single_node_i2c.0.1.0,kx134.v3
kx134.v3,NODE_PROTOTYPE,2,KX134_SENSOR_2,sensor_node_2,D4:E9:F4:C3:37:14,184446,1844940913,0,0,NA,0,4133,-39,200,1.009033,-0.009521,0.048828,100,100,8,UNCALIBRATED_SENSOR_2,false,CALIBRATION_MISSING,CALIBRATION_MISSING,kx134_single_node_i2c.0.1.0,kx134.v3
kx134.v3,NODE_PROTOTYPE,2,KX134_SENSOR_2,sensor_node_2,D4:E9:F4:C3:37:14,184447,1844950913,0,0,NA,0,4127,-20,156,1.007568,-0.004883,0.038086,100,100,8,UNCALIBRATED_SENSOR_2,false,CALIBRATION_MISSING,CALIBRATION_MISSING,kx134_single_node_i2c.0.1.0,kx134.v3
kx134.v3,NODE_PROTOTYPE,2,KX134_SENSOR_2,sensor_node_2,D4:E9:F4:C3:37:14,184448,1844960913,0,0,NA,0,4126,-44,166,1.007324,-0.010742,0.040527,100,100,8,UNCALIBRATED_SENSOR_2,false,CALIBRATION_MISSING,CALIBRATION_MISSING,kx134_single_node_i2c.0.1.0,kx134.v3
kx134.v3,NODE_PROTOTYPE,2,KX134_SENSOR_2,sensor_node_2,D4:E9:F4:C3:37:14,184449,1844970913,0,0,NA,0,4105,-48,193,1.002197,-0.011719,0.047119,100,100,8,UNCALIBRATED_SENSOR_2,false,CALIBRATION_MISSING,CALIBRATION_MISSING,kx134_single_node_i2c.0.1.0,kx134.v3
kx134.v3,NODE_PROTOTYPE,2,KX134_SENSOR_2,sensor_node_2,D4:E9:F4:C3:37:14,184450,1844980913,0,0,NA,0,4108,-16,171,1.002930,-0.003906,0.041748,100,100,8,UNCALIBRATED_SENSOR_2,false,CALIBRATION_MISSING,CALIBRATION_MISSING,kx134_single_node_i2c.0.1.0,kx134.v3
kx134.v3,NODE_PROTOTYPE,2,KX134_SENSOR_2,sensor_node_2,D4:E9:F4:C3:37:14,184451,1844990914,0,0,NA,0,4125,-13,147,1.007080,-0.003174,0.035889,100,100,8,UNCALIBRATED_SENSOR_2,false,CALIBRATION_MISSING,CALIBRATION_MISSING,kx134_single_node_i2c.0.1.0,kx134.v3
kx134.v3,NODE_PROTOTYPE,2,KX134_SENSOR_2,sensor_node_2,D4:E9:F4:C3:37:14,184452,1845000913,0,0,NA,0,4128,-33,115,1.007813,-0.008057,0.028076,100,100,8,UNCALIBRATED_SENSOR_2,false,CALIBRATION_MISSING,CALIBRATION_MISSING,kx134_single_node_i2c.0.1.0,kx134.v3
kx134.v3,NODE_PROTOTYPE,2,KX134_SENSOR_2,sensor_node_2,D4:E9:F4:C3:37:14,184453,1845010914,0,0,NA,0,4111,-42,107,1.003662,-0.010254,0.026123,100,100,8,UNCALIBRATED_SENSOR_2,false,CALIBRATION_MISSING,CALIBRATION_MISSING,kx134_single_node_i2c.0.1.0,kx134.v3
kx134.v3,NODE_PROTOTYPE,2,KX134_SENSOR_2,sensor_node_2,D4:E9:F4:C3:37:14,184454,1845020914,0,0,NA,0,4075,-91,135,0.994873,-0.022217,0.032959,100,100,8,UNCALIBRATED_SENSOR_2,false,CALIBRATION_MISSING,CALIBRATION_MISSING,kx134_single_node_i2c.0.1.0,kx134.v3
kx134.v3,NODE_PROTOTYPE,2,KX134_SENSOR_2,sensor_node_2,D4:E9:F4:C3:37:14,184455,1845030913,0,0,NA,0,4080,-157,147,0.996094,-0.038330,0.035889,100,100,8,UNCALIBRATED_SENSOR_2,false,CALIBRATION_MISSING,CALIBRATION_MISSING,kx134_single_node_i2c.0.1.0,kx134.v3
kx134.v3,NODE_PROTOTYPE,2,KX134_SENSOR_2,sensor_node_2,D4:E9:F4:C3:37:14,184456,1845040913,0,0,NA,0,4125,-162,168,1.007080,-0.039551,0.041016,100,100,8,UNCALIBRATED_SENSOR_2,false,CALIBRATION_MISSING,CALIBRATION_MISSING,kx134_single_node_i2c.0.1.0,kx134.v3
kx134.v3,NODE_PROTOTYPE,2,KX134_SENSOR_2,sensor_node_2,D4:E9:F4:C3:37:14,184457,1845050913,0,0,NA,0,4229,-173,256,1.032471,-0.042236,0.062500,100,100,8,UNCALIBRATED_SENSOR_2,false,CALIBRATION_MISSING,CALIBRATION_MISSING,kx134_single_node_i2c.0.1.0,kx134.v3
kx134.v3,NODE_PROTOTYPE,2,KX134_SENSOR_2,sensor_node_2,D4:E9:F4:C3:37:14,184458,1845060913,0,0,NA,0,4229,-173,256,1.032471,-0.042236,0.062500,100,100,8,UNCALIBRATED_SENSOR_2,false,CALIBRATION_MISSING,CALIBRATION_MISSING,kx134_single_node_i2c.0.1.0,kx134.v3
kx134.v3,NODE_PROTOTYPE,2,KX134_SENSOR_2,sensor_node_2,D4:E9:F4:C3:37:14,184459,1845070913,0,0,NA,0,4365,-207,362,1.065674,-0.050537,0.088379,100,100,8,UNCALIBRATED_SENSOR_2,false,CALIBRATION_MISSING,CALIBRATION_MISSING,kx134_single_node_i2c.0.1.0,kx134.v3
kx134.v3,NODE_PROTOTYPE,2,KX134_SENSOR_2,sensor_node_2,D4:E9:F4:C3:37:14,184460,1845080913,0,0,NA,0,4446,-247,367,1.085449,-0.060303,0.089600,100,100,8,UNCALIBRATED_SENSOR_2,false,CALIBRATION_MISSING,CALIBRATION_MISSING,kx134_single_node_i2c.0.1.0,kx134.v3
kx134.v3,NODE_PROTOTYPE,2,KX134_SENSOR_2,sensor_node_2,D4:E9:F4:C3:37:14,184461,1845090913,0,0,NA,0,4426,-355,287,1.080566,-0.086670,0.070068,100,100,8,UNCALIBRATED_SENSOR_2,false,CALIBRATION_MISSING,CALIBRATION_MISSING,kx134_single_node_i2c.0.1.0,kx134.v3
kx134.v3,NODE_PROTOTYPE,2,KX134_SENSOR_2,sensor_node_2,D4:E9:F4:C3:37:14,184462,1845100913,0,0,NA,0,4373,-498,244,1.067627,-0.121582,0.059570,100,100,8,UNCALIBRATED_SENSOR_2,false,CALIBRATION_MISSING,CALIBRATION_MISSING,kx134_single_node_i2c.0.1.0,kx134.v3
kx134.v3,NODE_PROTOTYPE,2,KX134_SENSOR_2,sensor_node_2,D4:E9:F4:C3:37:14,184463,1845110914,0,0,NA,0,4311,-397,216,1.052490,-0.096924,0.052734,100,100,8,UNCALIBRATED_SENSOR_2,false,CALIBRATION_MISSING,CALIBRATION_MISSING,kx134_single_node_i2c.0.1.0,kx134.v3
kx134.v3,NODE_PROTOTYPE,2,KX134_SENSOR_2,sensor_node_2,D4:E9:F4:C3:37:14,184464,1845120914,0,0,NA,0,4105,-175,152,1.002197,-0.042725,0.037109,100,100,8,UNCALIBRATED_SENSOR_2,false,CALIBRATION_MISSING,CALIBRATION_MISSING,kx134_single_node_i2c.0.1.0,kx134.v3
kx134.v3,NODE_PROTOTYPE,2,KX134_SENSOR_2,sensor_node_2,D4:E9:F4:C3:37:14,184465,1845130913,0,0,NA,0,3936,-113,132,0.960937,-0.027588,0.032227,100,100,8,UNCALIBRATED_SENSOR_2,false,CALIBRATION_MISSING,CALIBRATION_MISSING,kx134_single_node_i2c.0.1.0,kx134.v3
kx134.v3,NODE_PROTOTYPE,2,KX134_SENSOR_2,sensor_node_2,D4:E9:F4:C3:37:14,184466,1845140913,0,0,NA,0,3889,-58,148,0.949463,-0.014160,0.036133,100,100,8,UNCALIBRATED_SENSOR_2,false,CALIBRATION_MISSING,CALIBRATION_MISSING,kx134_single_node_i2c.0.1.0,kx134.v3
kx134.v3,NODE_PROTOTYPE,2,KX134_SENSOR_2,sensor_node_2,D4:E9:F4:C3:37:14,184467,1845150914,0,0,NA,0,3886,-164,107,0.948730,-0.040039,0.026123,100,100,8,UNCALIBRATED_SENSOR_2,false,CALIBRATION_MISSING,CALIBRATION_MISSING,kx134_single_node_i2c.0.1.0,kx134.v3
kx134.v3,NODE_PROTOTYPE,2,KX134_SENSOR_2,sensor_node_2,D4:E9:F4:C3:37:14,184468,1845160913,0,0,NA,0,3897,-269,45,0.951416,-0.065674,0.010986,100,100,8,UNCALIBRATED_SENSOR_2,false,CALIBRATION_MISSING,CALIBRATION_MISSING,kx134_single_node_i2c.0.1.0,kx134.v3
kx134.v3,NODE_PROTOTYPE,2,KX134_SENSOR_2,sensor_node_2,D4:E9:F4:C3:37:14,184469,1845170913,0,0,NA,0,3954,-197,72,0.965332,-0.048096,0.017578,100,100,8,UNCALIBRATED_SENSOR_2,false,CALIBRATION_MISSING,CALIBRATION_MISSING,kx134_single_node_i2c.0.1.0,kx134.v3
kx134.v3,NODE_PROTOTYPE,2,KX134_SENSOR_2,sensor_node_2,D4:E9:F4:C3:37:14,184470,1845180913,0,0,NA,0,4036,-141,108,0.985352,-0.034424,0.026367,100,100,8,UNCALIBRATED_SENSOR_2,false,CALIBRATION_MISSING,CALIBRATION_MISSING,kx134_single_node_i2c.0.1.0,kx134.v3
kx134.v3,NODE_PROTOTYPE,2,KX134_SENSOR_2,sensor_node_2,D4:E9:F4:C3:37:14,184471,1845190913,0,0,NA,0,4078,-119,146,0.995605,-0.029053,0.035645,100,100,8,UNCALIBRATED_SENSOR_2,false,CALIBRATION_MISSING,CALIBRATION_MISSING,kx134_single_node_i2c.0.1.0,kx134.v3
kx134.v3,NODE_PROTOTYPE,2,KX134_SENSOR_2,sensor_node_2,D4:E9:F4:C3:37:14,184472,1845200913,0,0,NA,0,4121,-111,161,1.006104,-0.027100,0.039307,100,100,8,UNCALIBRATED_SENSOR_2,false,CALIBRATION_MISSING,CALIBRATION_MISSING,kx134_single_node_i2c.0.1.0,kx134.v3
kx134.v3,NODE_PROTOTYPE,2,KX134_SENSOR_2,sensor_node_2,D4:E9:F4:C3:37:14,184473,1845210914,0,0,NA,0,4116,-93,149,1.004883,-0.022705,0.036377,100,100,8,UNCALIBRATED_SENSOR_2,false,CALIBRATION_MISSING,CALIBRATION_MISSING,kx134_single_node_i2c.0.1.0,kx134.v3
kx134.v3,NODE_PROTOTYPE,2,KX134_SENSOR_2,sensor_node_2,D4:E9:F4:C3:37:14,184474,1845220913,0,0,NA,0,4097,-89,146,1.000244,-0.021729,0.035645,100,100,8,UNCALIBRATED_SENSOR_2,false,CALIBRATION_MISSING,CALIBRATION_MISSING,kx134_single_node_i2c.0.1.0,kx134.v3
kx134.v3,NODE_PROTOTYPE,2,KX134_SENSOR_2,sensor_node_2,D4:E9:F4:C3:37:14,184475,1845230914,0,0,NA,0,4077,-66,129,0.995361,-0.016113,0.031494,100,100,8,UNCALIBRATED_SENSOR_2,false,CALIBRATION_MISSING,CALIBRATION_MISSING,kx134_single_node_i2c.0.1.0,kx134.v3
kx134.v3,NODE_PROTOTYPE,2,KX134_SENSOR_2,sensor_node_2,D4:E9:F4:C3:37:14,184476,1845240913,0,0,NA,0,4047,-12,121,0.988037,-0.002930,0.029541,100,100,8,UNCALIBRATED_SENSOR_2,false,CALIBRATION_MISSING,CALIBRATION_MISSING,kx134_single_node_i2c.0.1.0,kx134.v3
kx134.v3,NODE_PROTOTYPE,2,KX134_SENSOR_2,sensor_node_2,D4:E9:F4:C3:37:14,184477,1845250914,0,0,NA,0,4066,-3,103,0.992676,-0.000732,0.025146,100,100,8,UNCALIBRATED_SENSOR_2,false,CALIBRATION_MISSING,CALIBRATION_MISSING,kx134_single_node_i2c.0.1.0,kx134.v3
kx134.v3,NODE_PROTOTYPE,2,KX134_SENSOR_2,sensor_node_2,D4:E9:F4:C3:37:14,184478,1845260913,0,0,NA,0,4092,-25,103,0.999023,-0.006104,0.025146,100,100,8,UNCALIBRATED_SENSOR_2,false,CALIBRATION_MISSING,CALIBRATION_MISSING,kx134_single_node_i2c.0.1.0,kx134.v3
kx134.v3,NODE_PROTOTYPE,2,KX134_SENSOR_2,sensor_node_2,D4:E9:F4:C3:37:14,184479,1845270913,0,0,NA,0,4119,-30,123,1.005615,-0.007324,0.030029,100,100,8,UNCALIBRATED_SENSOR_2,false,CALIBRATION_MISSING,CALIBRATION_MISSING,kx134_single_node_i2c.0.1.0,kx134.v3
kx134.v3,NODE_PROTOTYPE,2,KX134_SENSOR_2,sensor_node_2,D4:E9:F4:C3:37:14,184480,1845280914,0,0,NA,0,4136,-33,119,1.009766,-0.008057,0.029053,100,100,8,UNCALIBRATED_SENSOR_2,false,CALIBRATION_MISSING,CALIBRATION_MISSING,kx134_single_node_i2c.0.1.0,kx134.v3
kx134.v3,NODE_PROTOTYPE,2,KX134_SENSOR_2,sensor_node_2,D4:E9:F4:C3:37:14,184481,1845290914,0,0,NA,0,4123,-24,103,1.006592,-0.005859,0.025146,100,100,8,UNCALIBRATED_SENSOR_2,false,CALIBRATION_MISSING,CALIBRATION_MISSING,kx134_single_node_i2c.0.1.0,kx134.v3
kx134.v3,NODE_PROTOTYPE,2,KX134_SENSOR_2,sensor_node_2,D4:E9:F4:C3:37:14,184482,1845300913,0,0,NA,0,4136,-7,107,1.009766,-0.001709,0.026123,100,100,8,UNCALIBRATED_SENSOR_2,false,CALIBRATION_MISSING,CALIBRATION_MISSING,kx134_single_node_i2c.0.1.0,kx134.v3
kx134.v3,NODE_PROTOTYPE,2,KX134_SENSOR_2,sensor_node_2,D4:E9:F4:C3:37:14,184483,1845310914,0,0,NA,0,4109,13,102,1.003174,0.003174,0.024902,100,100,8,UNCALIBRATED_SENSOR_2,false,CALIBRATION_MISSING,CALIBRATION_MISSING,kx134_single_node_i2c.0.1.0,kx134.v3
kx134.v3,NODE_PROTOTYPE,2,KX134_SENSOR_2,sensor_node_2,D4:E9:F4:C3:37:14,184484,1845320913,0,0,NA,0,4080,10,119,0.996094,0.002441,0.029053,100,100,8,UNCALIBRATED_SENSOR_2,false,CALIBRATION_MISSING,CALIBRATION_MISSING,kx134_single_node_i2c.0.1.0,kx134.v3
kx134.v3,NODE_PROTOTYPE,2,KX134_SENSOR_2,sensor_node_2,D4:E9:F4:C3:37:14,184485,1845330913,0,0,NA,0,4088,6,164,0.998047,0.001465,0.040039,100,100,8,UNCALIBRATED_SENSOR_2,false,CALIBRATION_MISSING,CALIBRATION_MISSING,kx134_single_node_i2c.0.1.0,kx134.v3
kx134.v3,NODE_PROTOTYPE,2,KX134_SENSOR_2,sensor_node_2,D4:E9:F4:C3:37:14,184486,1845340914,0,0,NA,0,4101,28,160,1.001221,0.006836,0.039063,100,100,8,UNCALIBRATED_SENSOR_2,false,CALIBRATION_MISSING,CALIBRATION_MISSING,kx134_single_node_i2c.0.1.0,kx134.v3
kx134.v3,NODE_PROTOTYPE,2,KX134_SENSOR_2,sensor_node_2,D4:E9:F4:C3:37:14,184487,1845350913,0,0,NA,0,4114,20,147,1.004395,0.004883,0.035889,100,100,8,UNCALIBRATED_SENSOR_2,false,CALIBRATION_MISSING,CALIBRATION_MISSING,kx134_single_node_i2c.0.1.0,kx134.v3
kx134.v3,NODE_PROTOTYPE,2,KX134_SENSOR_2,sensor_node_2,D4:E9:F4:C3:37:14,184488,1845360913,0,0,NA,0,4111,3,152,1.003662,0.000732,0.037109,100,100,8,UNCALIBRATED_SENSOR_2,false,CALIBRATION_MISSING,CALIBRATION_MISSING,kx134_single_node_i2c.0.1.0,kx134.v3
kx134.v3,NODE_PROTOTYPE,2,KX134_SENSOR_2,sensor_node_2,D4:E9:F4:C3:37:14,184489,1845370913,0,0,NA,0,4104,5,155,1.001953,0.001221,0.037842,100,100,8,UNCALIBRATED_SENSOR_2,false,CALIBRATION_MISSING,CALIBRATION_MISSING,kx134_single_node_i2c.0.1.0,kx134.v3
kx134.v3,NODE_PROTOTYPE,2,KX134_SENSOR_2,sensor_node_2,D4:E9:F4:C3:37:14,184490,1845380913,0,0,NA,0,4074,-25,152,0.994629,-0.006104,0.037109,100,100,8,UNCALIBRATED_SENSOR_2,false,CALIBRATION_MISSING,CALIBRATION_MISSING,kx134_single_node_i2c.0.1.0,kx134.v3
kx134.v3,NODE_PROTOTYPE,2,KX134_SENSOR_2,sensor_node_2,D4:E9:F4:C3:37:14,184491,1845390914,0,0,NA,0,4069,-42,165,0.993408,-0.010254,0.040283,100,100,8,UNCALIBRATED_SENSOR_2,false,CALIBRATION_MISSING,CALIBRATION_MISSING,kx134_single_node_i2c.0.1.0,kx134.v3
kx134.v3,NODE_PROTOTYPE,2,KX134_SENSOR_2,sensor_node_2,D4:E9:F4:C3:37:14,184492,1845400913,0,0,NA,0,4099,-47,176,1.000732,-0.011475,0.042969,100,100,8,UNCALIBRATED_SENSOR_2,false,CALIBRATION_MISSING,CALIBRATION_MISSING,kx134_single_node_i2c.0.1.0,kx134.v3
kx134.v3,NODE_PROTOTYPE,2,KX134_SENSOR_2,sensor_node_2,D4:E9:F4:C3:37:14,184493,1845410913,0,0,NA,0,4113,-57,169,1.004150,-0.013916,0.041260,100,100,8,UNCALIBRATED_SENSOR_2,false,CALIBRATION_MISSING,CALIBRATION_MISSING,kx134_single_node_i2c.0.1.0,kx134.v3
kx134.v3,NODE_PROTOTYPE,2,KX134_SENSOR_2,sensor_node_2,D4:E9:F4:C3:37:14,184494,1845420913,0,0,NA,0,4118,-62,169,1.005371,-0.015137,0.041260,100,100,8,UNCALIBRATED_SENSOR_2,false,CALIBRATION_MISSING,CALIBRATION_MISSING,kx134_single_node_i2c.0.1.0,kx134.v3
kx134.v3,NODE_PROTOTYPE,2,KX134_SENSOR_2,sensor_node_2,D4:E9:F4:C3:37:14,184495,1845430914,0,0,NA,0,4126,-37,169,1.007324,-0.009033,0.041260,100,100,8,UNCALIBRATED_SENSOR_2,false,CALIBRATION_MISSING,CALIBRATION_MISSING,kx134_single_node_i2c.0.1.0,kx134.v3
kx134.v3,NODE_PROTOTYPE,2,KX134_SENSOR_2,sensor_node_2,D4:E9:F4:C3:37:14,184496,1845440914,0,0,NA,0,4130,-15,178,1.008301,-0.003662,0.043457,100,100,8,UNCALIBRATED_SENSOR_2,false,CALIBRATION_MISSING,CALIBRATION_MISSING,kx134_single_node_i2c.0.1.0,kx134.v3
kx134.v3,NODE_PROTOTYPE,2,KX134_SENSOR_2,sensor_node_2,D4:E9:F4:C3:37:14,184497,1845450913,0,0,NA,0,4096,-34,168,1.000000,-0.008301,0.041016,100,100,8,UNCALIBRATED_SENSOR_2,false,CALIBRATION_MISSING,CALIBRATION_MISSING,kx134_single_node_i2c.0.1.0,kx134.v3
kx134.v3,NODE_PROTOTYPE,2,KX134_SENSOR_2,sensor_node_2,D4:E9:F4:C3:37:14,184498,1845460914,0,0,NA,0,4051,-45,132,0.989014,-0.010986,0.032227,100,100,8,UNCALIBRATED_SENSOR_2,false,CALIBRATION_MISSING,CALIBRATION_MISSING,kx134_single_node_i2c.0.1.0,kx134.v3
kx134.v3,NODE_PROTOTYPE,2,KX134_SENSOR_2,sensor_node_2,D4:E9:F4:C3:37:14,184499,1845470913,0,0,NA,0,4041,-46,130,0.986572,-0.011230,0.031738,100,100,8,UNCALIBRATED_SENSOR_2,false,CALIBRATION_MISSING,CALIBRATION_MISSING,kx134_single_node_i2c.0.1.0,kx134.v3
kx134.v3,NODE_PROTOTYPE,2,KX134_SENSOR_2,sensor_node_2,D4:E9:F4:C3:37:14,184500,1845480914,0,0,NA,0,4059,-60,148,0.990967,-0.014648,0.036133,100,100,8,UNCALIBRATED_SENSOR_2,false,CALIBRATION_MISSING,CALIBRATION_MISSING,kx134_single_node_i2c.0.1.0,kx134.v3
kx134.v3,NODE_PROTOTYPE,2,KX134_SENSOR_2,sensor_node_2,D4:E9:F4:C3:37:14,184501,1845490914,0,0,NA,0,4108,-51,177,1.002930,-0.012451,0.043213,100,100,8,UNCALIBRATED_SENSOR_2,false,CALIBRATION_MISSING,CALIBRATION_MISSING,kx134_single_node_i2c.0.1.0,kx134.v3
kx134.v3,NODE_PROTOTYPE,2,KX134_SENSOR_2,sensor_node_2,D4:E9:F4:C3:37:14,184502,1845500913,0,0,NA,0,4124,-6,183,1.006836,-0.001465,0.044678,100,100,8,UNCALIBRATED_SENSOR_2,false,CALIBRATION_MISSING,CALIBRATION_MISSING,kx134_single_node_i2c.0.1.0,kx134.v3
kx134.v3,NODE_PROTOTYPE,2,KX134_SENSOR_2,sensor_node_2,D4:E9:F4:C3:37:14,184503,1845510913,0,0,NA,0,4085,0,160,0.997314,0.000000,0.039063,100,100,8,UNCALIBRATED_SENSOR_2,false,CALIBRATION_MISSING,CALIBRATION_MISSING,kx134_single_node_i2c.0.1.0,kx134.v3
kx134.v3,NODE_PROTOTYPE,2,KX134_SENSOR_2,sensor_node_2,D4:E9:F4:C3:37:14,184504,1845520913,0,0,NA,0,4067,-31,151,0.992920,-0.007568,0.036865,100,100,8,UNCALIBRATED_SENSOR_2,false,CALIBRATION_MISSING,CALIBRATION_MISSING,kx134_single_node_i2c.0.1.0,kx134.v3
kx134.v3,NODE_PROTOTYPE,2,KX134_SENSOR_2,sensor_node_2,D4:E9:F4:C3:37:14,184505,1845530913,0,0,NA,0,4069,-23,126,0.993408,-0.005615,0.030762,100,100,8,UNCALIBRATED_SENSOR_2,false,CALIBRATION_MISSING,CALIBRATION_MISSING,kx134_single_node_i2c.0.1.0,kx134.v3
kx134.v3,NODE_PROTOTYPE,2,KX134_SENSOR_2,sensor_node_2,D4:E9:F4:C3:37:14,184506,1845540914,0,0,NA,0,4098,-33,108,1.000488,-0.008057,0.026367,100,100,8,UNCALIBRATED_SENSOR_2,false,CALIBRATION_MISSING,CALIBRATION_MISSING,kx134_single_node_i2c.0.1.0,kx134.v3
kx134.v3,NODE_PROTOTYPE,2,KX134_SENSOR_2,sensor_node_2,D4:E9:F4:C3:37:14,184507,1845550913,0,0,NA,0,4105,-11,97,1.002197,-0.002686,0.023682,100,100,8,UNCALIBRATED_SENSOR_2,false,CALIBRATION_MISSING,CALIBRATION_MISSING,kx134_single_node_i2c.0.1.0,kx134.v3
kx134.v3,NODE_PROTOTYPE,2,KX134_SENSOR_2,sensor_node_2,D4:E9:F4:C3:37:14,184508,1845560914,0,0,NA,0,4107,26,117,1.002686,0.006348,0.028564,100,100,8,UNCALIBRATED_SENSOR_2,false,CALIBRATION_MISSING,CALIBRATION_MISSING,kx134_single_node_i2c.0.1.0,kx134.v3
kx134.v3,NODE_PROTOTYPE,2,KX134_SENSOR_2,sensor_node_2,D4:E9:F4:C3:37:14,184509,1845570914,0,0,NA,0,4123,31,155,1.006592,0.007568,0.037842,100,100,8,UNCALIBRATED_SENSOR_2,false,CALIBRATION_MISSING,CALIBRATION_MISSING,kx134_single_node_i2c.0.1.0,kx134.v3
kx134.v3,NODE_PROTOTYPE,2,KX134_SENSOR_2,sensor_node_2,D4:E9:F4:C3:37:14,184510,1845580913,0,0,NA,0,4114,37,158,1.004395,0.009033,0.038574,100,100,8,UNCALIBRATED_SENSOR_2,false,CALIBRATION_MISSING,CALIBRATION_MISSING,kx134_single_node_i2c.0.1.0,kx134.v3
kx134.v3,NODE_PROTOTYPE,2,KX134_SENSOR_2,sensor_node_2,D4:E9:F4:C3:37:14,184511,1845590913,0,0,NA,0,4120,9,167,1.005859,0.002197,0.040771,100,100,8,UNCALIBRATED_SENSOR_2,false,CALIBRATION_MISSING,CALIBRATION_MISSING,kx134_single_node_i2c.0.1.0,kx134.v3
kx134.v3,NODE_PROTOTYPE,2,KX134_SENSOR_2,sensor_node_2,D4:E9:F4:C3:37:14,184512,1845600913,0,0,NA,0,4118,-17,160,1.005371,-0.004150,0.039063,100,100,8,UNCALIBRATED_SENSOR_2,false,CALIBRATION_MISSING,CALIBRATION_MISSING,kx134_single_node_i2c.0.1.0,kx134.v3
kx134.v3,NODE_PROTOTYPE,2,KX134_SENSOR_2,sensor_node_2,D4:E9:F4:C3:37:14,184513,1845610913,0,0,NA,0,4099,-20,125,1.000732,-0.004883,0.030518,100,100,8,UNCALIBRATED_SENSOR_2,false,CALIBRATION_MISSING,CALIBRATION_MISSING,kx134_single_node_i2c.0.1.0,kx134.v3
kx134.v3,NODE_PROTOTYPE,2,KX134_SENSOR_2,sensor_node_2,D4:E9:F4:C3:37:14,184514,1845620913,0,0,NA,0,4074,-14,111,0.994629,-0.003418,0.027100,100,100,8,UNCALIBRATED_SENSOR_2,false,CALIBRATION_MISSING,CALIBRATION_MISSING,kx134_single_node_i2c.0.1.0,kx134.v3
kx134.v3,NODE_PROTOTYPE,2,KX134_SENSOR_2,sensor_node_2,D4:E9:F4:C3:37:14,184515,1845630913,0,0,NA,0,4068,-10,115,0.993164,-0.002441,0.028076,100,100,8,UNCALIBRATED_SENSOR_2,false,CALIBRATION_MISSING,CALIBRATION_MISSING,kx134_single_node_i2c.0.1.0,kx134.v3
kx134.v3,NODE_PROTOTYPE,2,KX134_SENSOR_2,sensor_node_2,D4:E9:F4:C3:37:14,184516,1845640914,0,0,NA,0,4097,-7,109,1.000244,-0.001709,0.026611,100,100,8,UNCALIBRATED_SENSOR_2,false,CALIBRATION_MISSING,CALIBRATION_MISSING,kx134_single_node_i2c.0.1.0,kx134.v3
kx134.v3,NODE_PROTOTYPE,2,KX134_SENSOR_2,sensor_node_2,D4:E9:F4:C3:37:14,184517,1845650913,0,0,NA,0,4085,-8,140,0.997314,-0.001953,0.034180,100,100,8,UNCALIBRATED_SENSOR_2,false,CALIBRATION_MISSING,CALIBRATION_MISSING,kx134_single_node_i2c.0.1.0,kx134.v3
kx134.v3,NODE_PROTOTYPE,2,KX134_SENSOR_2,sensor_node_2,D4:E9:F4:C3:37:14,184518,1845660913,0,0,NA,0,4064,-15,160,0.992187,-0.003662,0.039063,100,100,8,UNCALIBRATED_SENSOR_2,false,CALIBRATION_MISSING,CALIBRATION_MISSING,kx134_single_node_i2c.0.1.0,kx134.v3
kx134.v3,NODE_PROTOTYPE,2,KX134_SENSOR_2,sensor_node_2,D4:E9:F4:C3:37:14,184519,1845670913,0,0,NA,0,4089,-30,154,0.998291,-0.007324,0.037598,100,100,8,UNCALIBRATED_SENSOR_2,false,CALIBRATION_MISSING,CALIBRATION_MISSING,kx134_single_node_i2c.0.1.0,kx134.v3
kx134.v3,NODE_PROTOTYPE,2,KX134_SENSOR_2,sensor_node_2,D4:E9:F4:C3:37:14,184520,1845680913,0,0,NA,0,4107,-36,160,1.002686,-0.008789,0.039063,100,100,8,UNCALIBRATED_SENSOR_2,false,CALIBRATION_MISSING,CALIBRATION_MISSING,kx134_single_node_i2c.0.1.0,kx134.v3
kx134.v3,NODE_PROTOTYPE,2,KX134_SENSOR_2,sensor_node_2,D4:E9:F4:C3:37:14,184521,1845690913,0,0,NA,0,4123,-50,165,1.006592,-0.012207,0.040283,100,100,8,UNCALIBRATED_SENSOR_2,false,CALIBRATION_MISSING,CALIBRATION_MISSING,kx134_single_node_i2c.0.1.0,kx134.v3
kx134.v3,NODE_PROTOTYPE,2,KX134_SENSOR_2,sensor_node_2,D4:E9:F4:C3:37:14,184522,1845700913,0,0,NA,0,4116,-33,144,1.004883,-0.008057,0.035156,100,100,8,UNCALIBRATED_SENSOR_2,false,CALIBRATION_MISSING,CALIBRATION_MISSING,kx134_single_node_i2c.0.1.0,kx134.v3
kx134.v3,NODE_PROTOTYPE,2,KX134_SENSOR_2,sensor_node_2,D4:E9:F4:C3:37:14,184523,1845710913,0,0,NA,0,4098,14,120,1.000488,0.003418,0.029297,100,100,8,UNCALIBRATED_SENSOR_2,false,CALIBRATION_MISSING,CALIBRATION_MISSING,kx134_single_node_i2c.0.1.0,kx134.v3
kx134.v3,NODE_PROTOTYPE,2,KX134_SENSOR_2,sensor_node_2,D4:E9:F4:C3:37:14,184524,1845720914,0,0,NA,0,4085,8,111,0.997314,0.001953,0.027100,100,100,8,UNCALIBRATED_SENSOR_2,false,CALIBRATION_MISSING,CALIBRATION_MISSING,kx134_single_node_i2c.0.1.0,kx134.v3
kx134.v3,NODE_PROTOTYPE,2,KX134_SENSOR_2,sensor_node_2,D4:E9:F4:C3:37:14,184525,1845730913,0,0,NA,0,4078,-18,133,0.995605,-0.004395,0.032471,100,100,8,UNCALIBRATED_SENSOR_2,false,CALIBRATION_MISSING,CALIBRATION_MISSING,kx134_single_node_i2c.0.1.0,kx134.v3
kx134.v3,NODE_PROTOTYPE,2,KX134_SENSOR_2,sensor_node_2,D4:E9:F4:C3:37:14,184526,1845740913,0,0,NA,0,4080,-27,134,0.996094,-0.006592,0.032715,100,100,8,UNCALIBRATED_SENSOR_2,false,CALIBRATION_MISSING,CALIBRATION_MISSING,kx134_single_node_i2c.0.1.0,kx134.v3
kx134.v3,NODE_PROTOTYPE,2,KX134_SENSOR_2,sensor_node_2,D4:E9:F4:C3:37:14,184527,1845750914,0,0,NA,0,4083,-11,107,0.996826,-0.002686,0.026123,100,100,8,UNCALIBRATED_SENSOR_2,false,CALIBRATION_MISSING,CALIBRATION_MISSING,kx134_single_node_i2c.0.1.0,kx134.v3
kx134.v3,NODE_PROTOTYPE,2,KX134_SENSOR_2,sensor_node_2,D4:E9:F4:C3:37:14,184528,1845760913,0,0,NA,0,4115,-12,133,1.004639,-0.002930,0.032471,100,100,8,UNCALIBRATED_SENSOR_2,false,CALIBRATION_MISSING,CALIBRATION_MISSING,kx134_single_node_i2c.0.1.0,kx134.v3
kx134.v3,NODE_PROTOTYPE,2,KX134_SENSOR_2,sensor_node_2,D4:E9:F4:C3:37:14,184529,1845770913,0,0,NA,0,4139,-44,150,1.010498,-0.010742,0.036621,100,100,8,UNCALIBRATED_SENSOR_2,false,CALIBRATION_MISSING,CALIBRATION_MISSING,kx134_single_node_i2c.0.1.0,kx134.v3
kx134.v3,NODE_PROTOTYPE,2,KX134_SENSOR_2,sensor_node_2,D4:E9:F4:C3:37:14,184530,1845780913,0,0,NA,0,4118,-43,125,1.005371,-0.010498,0.030518,100,100,8,UNCALIBRATED_SENSOR_2,false,CALIBRATION_MISSING,CALIBRATION_MISSING,kx134_single_node_i2c.0.1.0,kx134.v3
kx134.v3,NODE_PROTOTYPE,2,KX134_SENSOR_2,sensor_node_2,D4:E9:F4:C3:37:14,184531,1845790913,0,0,NA,0,4112,-42,119,1.003906,-0.010254,0.029053,100,100,8,UNCALIBRATED_SENSOR_2,false,CALIBRATION_MISSING,CALIBRATION_MISSING,kx134_single_node_i2c.0.1.0,kx134.v3
kx134.v3,NODE_PROTOTYPE,2,KX134_SENSOR_2,sensor_node_2,D4:E9:F4:C3:37:14,184532,1845800913,0,0,NA,0,4111,-41,106,1.003662,-0.010010,0.025879,100,100,8,UNCALIBRATED_SENSOR_2,false,CALIBRATION_MISSING,CALIBRATION_MISSING,kx134_single_node_i2c.0.1.0,kx134.v3
kx134.v3,NODE_PROTOTYPE,2,KX134_SENSOR_2,sensor_node_2,D4:E9:F4:C3:37:14,184533,1845810913,0,0,NA,0,4088,-36,90,0.998047,-0.008789,0.021973,100,100,8,UNCALIBRATED_SENSOR_2,false,CALIBRATION_MISSING,CALIBRATION_MISSING,kx134_single_node_i2c.0.1.0,kx134.v3
kx134.v3,NODE_PROTOTYPE,2,KX134_SENSOR_2,sensor_node_2,D4:E9:F4:C3:37:14,184534,1845820914,0,0,NA,0,4061,-33,117,0.991455,-0.008057,0.028564,100,100,8,UNCALIBRATED_SENSOR_2,false,CALIBRATION_MISSING,CALIBRATION_MISSING,kx134_single_node_i2c.0.1.0,kx134.v3
kx134.v3,NODE_PROTOTYPE,2,KX134_SENSOR_2,sensor_node_2,D4:E9:F4:C3:37:14,184535,1845830913,0,0,NA,0,4070,-31,120,0.993652,-0.007568,0.029297,100,100,8,UNCALIBRATED_SENSOR_2,false,CALIBRATION_MISSING,CALIBRATION_MISSING,kx134_single_node_i2c.0.1.0,kx134.v3
kx134.v3,NODE_PROTOTYPE,2,KX134_SENSOR_2,sensor_node_2,D4:E9:F4:C3:37:14,184536,1845840914,0,0,NA,0,4069,-37,102,0.993408,-0.009033,0.024902,100,100,8,UNCALIBRATED_SENSOR_2,false,CALIBRATION_MISSING,CALIBRATION_MISSING,kx134_single_node_i2c.0.1.0,kx134.v3
kx134.v3,NODE_PROTOTYPE,2,KX134_SENSOR_2,sensor_node_2,D4:E9:F4:C3:37:14,184537,1845850913,0,0,NA,0,4078,-43,120,0.995605,-0.010498,0.029297,100,100,8,UNCALIBRATED_SENSOR_2,false,CALIBRATION_MISSING,CALIBRATION_MISSING,kx134_single_node_i2c.0.1.0,kx134.v3
kx134.v3,NODE_PROTOTYPE,2,KX134_SENSOR_2,sensor_node_2,D4:E9:F4:C3:37:14,184538,1845860914,0,0,NA,0,4113,-37,126,1.004150,-0.009033,0.030762,100,100,8,UNCALIBRATED_SENSOR_2,false,CALIBRATION_MISSING,CALIBRATION_MISSING,kx134_single_node_i2c.0.1.0,kx134.v3
kx134.v3,NODE_PROTOTYPE,2,KX134_SENSOR_2,sensor_node_2,D4:E9:F4:C3:37:14,184539,1845870913,0,0,NA,0,4121,0,113,1.006104,0.000000,0.027588,100,100,8,UNCALIBRATED_SENSOR_2,false,CALIBRATION_MISSING,CALIBRATION_MISSING,kx134_single_node_i2c.0.1.0,kx134.v3
kx134.v3,NODE_PROTOTYPE,2,KX134_SENSOR_2,sensor_node_2,D4:E9:F4:C3:37:14,184540,1845880913,0,0,NA,0,4149,1,155,1.012939,0.000244,0.037842,100,100,8,UNCALIBRATED_SENSOR_2,false,CALIBRATION_MISSING,CALIBRATION_MISSING,kx134_single_node_i2c.0.1.0,kx134.v3
kx134.v3,NODE_PROTOTYPE,2,KX134_SENSOR_2,sensor_node_2,D4:E9:F4:C3:37:14,184541,1845890913,0,0,NA,0,4103,-21,153,1.001709,-0.005127,0.037354,100,100,8,UNCALIBRATED_SENSOR_2,false,CALIBRATION_MISSING,CALIBRATION_MISSING,kx134_single_node_i2c.0.1.0,kx134.v3
kx134.v3,NODE_PROTOTYPE,2,KX134_SENSOR_2,sensor_node_2,D4:E9:F4:C3:37:14,184542,1845900914,0,0,NA,0,4038,-60,123,0.985840,-0.014648,0.030029,100,100,8,UNCALIBRATED_SENSOR_2,false,CALIBRATION_MISSING,CALIBRATION_MISSING,kx134_single_node_i2c.0.1.0,kx134.v3
kx134.v3,NODE_PROTOTYPE,2,KX134_SENSOR_2,sensor_node_2,D4:E9:F4:C3:37:14,184543,1845910914,0,0,NA,0,4072,-85,146,0.994141,-0.020752,0.035645,100,100,8,UNCALIBRATED_SENSOR_2,false,CALIBRATION_MISSING,CALIBRATION_MISSING,kx134_single_node_i2c.0.1.0,kx134.v3
kx134.v3,NODE_PROTOTYPE,2,KX134_SENSOR_2,sensor_node_2,D4:E9:F4:C3:37:14,184544,1845920914,0,0,NA,0,4113,-69,140,1.004150,-0.016846,0.034180,100,100,8,UNCALIBRATED_SENSOR_2,false,CALIBRATION_MISSING,CALIBRATION_MISSING,kx134_single_node_i2c.0.1.0,kx134.v3
kx134.v3,NODE_PROTOTYPE,2,KX134_SENSOR_2,sensor_node_2,D4:E9:F4:C3:37:14,184545,1845930913,0,0,NA,0,4109,-52,110,1.003174,-0.012695,0.026855,100,100,8,UNCALIBRATED_SENSOR_2,false,CALIBRATION_MISSING,CALIBRATION_MISSING,kx134_single_node_i2c.0.1.0,kx134.v3
kx134.v3,NODE_PROTOTYPE,2,KX134_SENSOR_2,sensor_node_2,D4:E9:F4:C3:37:14,184546,1845940914,0,0,NA,0,4122,-52,125,1.006348,-0.012695,0.030518,100,100,8,UNCALIBRATED_SENSOR_2,false,CALIBRATION_MISSING,CALIBRATION_MISSING,kx134_single_node_i2c.0.1.0,kx134.v3
kx134.v3,NODE_PROTOTYPE,2,KX134_SENSOR_2,sensor_node_2,D4:E9:F4:C3:37:14,184547,1845950913,0,0,NA,0,4148,-75,105,1.012695,-0.018311,0.025635,100,100,8,UNCALIBRATED_SENSOR_2,false,CALIBRATION_MISSING,CALIBRATION_MISSING,kx134_single_node_i2c.0.1.0,kx134.v3
kx134.v3,NODE_PROTOTYPE,2,KX134_SENSOR_2,sensor_node_2,D4:E9:F4:C3:37:14,184548,1845960913,0,0,NA,0,4133,-64,61,1.009033,-0.015625,0.014893,100,100,8,UNCALIBRATED_SENSOR_2,false,CALIBRATION_MISSING,CALIBRATION_MISSING,kx134_single_node_i2c.0.1.0,kx134.v3
kx134.v3,NODE_PROTOTYPE,2,KX134_SENSOR_2,sensor_node_2,D4:E9:F4:C3:37:14,184549,1845970913,0,0,NA,0,4107,-46,103,1.002686,-0.011230,0.025146,100,100,8,UNCALIBRATED_SENSOR_2,false,CALIBRATION_MISSING,CALIBRATION_MISSING,kx134_single_node_i2c.0.1.0,kx134.v3
kx134.v3,NODE_PROTOTYPE,2,KX134_SENSOR_2,sensor_node_2,D4:E9:F4:C3:37:14,184550,1845980913,0,0,NA,0,4079,-49,133,0.995850,-0.011963,0.032471,100,100,8,UNCALIBRATED_SENSOR_2,false,CALIBRATION_MISSING,CALIBRATION_MISSING,kx134_single_node_i2c.0.1.0,kx134.v3
kx134.v3,NODE_PROTOTYPE,2,KX134_SENSOR_2,sensor_node_2,D4:E9:F4:C3:37:14,184551,1845990913,0,0,NA,0,4058,-45,111,0.990723,-0.010986,0.027100,100,100,8,UNCALIBRATED_SENSOR_2,false,CALIBRATION_MISSING,CALIBRATION_MISSING,kx134_single_node_i2c.0.1.0,kx134.v3
kx134.v3,NODE_PROTOTYPE,2,KX134_SENSOR_2,sensor_node_2,D4:E9:F4:C3:37:14,184552,1846000913,0,0,NA,0,4053,-43,96,0.989502,-0.010498,0.023437,100,100,8,UNCALIBRATED_SENSOR_2,false,CALIBRATION_MISSING,CALIBRATION_MISSING,kx134_single_node_i2c.0.1.0,kx134.v3
kx134.v3,NODE_PROTOTYPE,2,KX134_SENSOR_2,sensor_node_2,D4:E9:F4:C3:37:14,184553,1846010914,0,0,NA,0,4058,-40,108,0.990723,-0.009766,0.026367,100,100,8,UNCALIBRATED_SENSOR_2,false,CALIBRATION_MISSING,CALIBRATION_MISSING,kx134_single_node_i2c.0.1.0,kx134.v3
kx134.v3,NODE_PROTOTYPE,2,KX134_SENSOR_2,sensor_node_2,D4:E9:F4:C3:37:14,184554,1846020913,0,0,NA,0,4085,-46,145,0.997314,-0.011230,0.035400,100,100,8,UNCALIBRATED_SENSOR_2,false,CALIBRATION_MISSING,CALIBRATION_MISSING,kx134_single_node_i2c.0.1.0,kx134.v3
kx134.v3,NODE_PROTOTYPE,2,KX134_SENSOR_2,sensor_node_2,D4:E9:F4:C3:37:14,184555,1846030913,0,0,NA,0,4096,-51,130,1.000000,-0.012451,0.031738,100,100,8,UNCALIBRATED_SENSOR_2,false,CALIBRATION_MISSING,CALIBRATION_MISSING,kx134_single_node_i2c.0.1.0,kx134.v3
kx134.v3,NODE_PROTOTYPE,2,KX134_SENSOR_2,sensor_node_2,D4:E9:F4:C3:37:14,184556,1846040913,0,0,NA,0,4086,-30,98,0.997559,-0.007324,0.023926,100,100,8,UNCALIBRATED_SENSOR_2,false,CALIBRATION_MISSING,CALIBRATION_MISSING,kx134_single_node_i2c.0.1.0,kx134.v3
kx134.v3,NODE_PROTOTYPE,2,KX134_SENSOR_2,sensor_node_2,D4:E9:F4:C3:37:14,184557,1846050914,0,0,NA,0,4095,23,154,0.999756,0.005615,0.037598,100,100,8,UNCALIBRATED_SENSOR_2,false,CALIBRATION_MISSING,CALIBRATION_MISSING,kx134_single_node_i2c.0.1.0,kx134.v3
kx134.v3,NODE_PROTOTYPE,2,KX134_SENSOR_2,sensor_node_2,D4:E9:F4:C3:37:14,184558,1846060913,0,0,NA,0,4102,30,162,1.001465,0.007324,0.039551,100,100,8,UNCALIBRATED_SENSOR_2,false,CALIBRATION_MISSING,CALIBRATION_MISSING,kx134_single_node_i2c.0.1.0,kx134.v3
kx134.v3,NODE_PROTOTYPE,2,KX134_SENSOR_2,sensor_node_2,D4:E9:F4:C3:37:14,184559,1846070914,0,0,NA,0,4090,-27,111,0.998535,-0.006592,0.027100,100,100,8,UNCALIBRATED_SENSOR_2,false,CALIBRATION_MISSING,CALIBRATION_MISSING,kx134_single_node_i2c.0.1.0,kx134.v3
kx134.v3,NODE_PROTOTYPE,2,KX134_SENSOR_2,sensor_node_2,D4:E9:F4:C3:37:14,184560,1846080913,0,0,NA,0,4086,-90,109,0.997559,-0.021973,0.026611,100,100,8,UNCALIBRATED_SENSOR_2,false,CALIBRATION_MISSING,CALIBRATION_MISSING,kx134_single_node_i2c.0.1.0,kx134.v3
kx134.v3,NODE_PROTOTYPE,2,KX134_SENSOR_2,sensor_node_2,D4:E9:F4:C3:37:14,184561,1846090913,0,0,NA,0,4084,-92,106,0.997070,-0.022461,0.025879,100,100,8,UNCALIBRATED_SENSOR_2,false,CALIBRATION_MISSING,CALIBRATION_MISSING,kx134_single_node_i2c.0.1.0,kx134.v3
kx134.v3,NODE_PROTOTYPE,2,KX134_SENSOR_2,sensor_node_2,D4:E9:F4:C3:37:14,184562,1846100913,0,0,NA,0,4093,-32,121,0.999268,-0.007813,0.029541,100,100,8,UNCALIBRATED_SENSOR_2,false,CALIBRATION_MISSING,CALIBRATION_MISSING,kx134_single_node_i2c.0.1.0,kx134.v3
kx134.v3,NODE_PROTOTYPE,2,KX134_SENSOR_2,sensor_node_2,D4:E9:F4:C3:37:14,184563,1846110913,0,0,NA,0,4101,-21,147,1.001221,-0.005127,0.035889,100,100,8,UNCALIBRATED_SENSOR_2,false,CALIBRATION_MISSING,CALIBRATION_MISSING,kx134_single_node_i2c.0.1.0,kx134.v3
kx134.v3,NODE_PROTOTYPE,2,KX134_SENSOR_2,sensor_node_2,D4:E9:F4:C3:37:14,184564,1846120913,0,0,NA,0,4090,-29,151,0.998535,-0.007080,0.036865,100,100,8,UNCALIBRATED_SENSOR_2,false,CALIBRATION_MISSING,CALIBRATION_MISSING,kx134_single_node_i2c.0.1.0,kx134.v3
kx134.v3,NODE_PROTOTYPE,2,KX134_SENSOR_2,sensor_node_2,D4:E9:F4:C3:37:14,184565,1846130914,0,0,NA,0,4077,-31,130,0.995361,-0.007568,0.031738,100,100,8,UNCALIBRATED_SENSOR_2,false,CALIBRATION_MISSING,CALIBRATION_MISSING,kx134_single_node_i2c.0.1.0,kx134.v3
kx134.v3,NODE_PROTOTYPE,2,KX134_SENSOR_2,sensor_node_2,D4:E9:F4:C3:37:14,184566,1846140913,0,0,NA,0,4085,-59,107,0.997314,-0.014404,0.026123,100,100,8,UNCALIBRATED_SENSOR_2,false,CALIBRATION_MISSING,CALIBRATION_MISSING,kx134_single_node_i2c.0.1.0,kx134.v3
kx134.v3,NODE_PROTOTYPE,2,KX134_SENSOR_2,sensor_node_2,D4:E9:F4:C3:37:14,184567,1846150914,0,0,NA,0,4089,-78,129,0.998291,-0.019043,0.031494,100,100,8,UNCALIBRATED_SENSOR_2,false,CALIBRATION_MISSING,CALIBRATION_MISSING,kx134_single_node_i2c.0.1.0,kx134.v3
kx134.v3,NODE_PROTOTYPE,2,KX134_SENSOR_2,sensor_node_2,D4:E9:F4:C3:37:14,184568,1846160913,0,0,NA,0,4092,-60,150,0.999023,-0.014648,0.036621,100,100,8,UNCALIBRATED_SENSOR_2,false,CALIBRATION_MISSING,CALIBRATION_MISSING,kx134_single_node_i2c.0.1.0,kx134.v3
kx134.v3,NODE_PROTOTYPE,2,KX134_SENSOR_2,sensor_node_2,D4:E9:F4:C3:37:14,184569,1846170914,0,0,NA,0,4137,-57,159,1.010010,-0.013916,0.038818,100,100,8,UNCALIBRATED_SENSOR_2,false,CALIBRATION_MISSING,CALIBRATION_MISSING,kx134_single_node_i2c.0.1.0,kx134.v3
kx134.v3,NODE_PROTOTYPE,2,KX134_SENSOR_2,sensor_node_2,D4:E9:F4:C3:37:14,184570,1846180913,0,0,NA,0,4159,-54,176,1.015381,-0.013184,0.042969,100,100,8,UNCALIBRATED_SENSOR_2,false,CALIBRATION_MISSING,CALIBRATION_MISSING,kx134_single_node_i2c.0.1.0,kx134.v3
kx134.v3,NODE_PROTOTYPE,2,KX134_SENSOR_2,sensor_node_2,D4:E9:F4:C3:37:14,184571,1846190913,0,0,NA,0,4112,-64,151,1.003906,-0.015625,0.036865,100,100,8,UNCALIBRATED_SENSOR_2,false,CALIBRATION_MISSING,CALIBRATION_MISSING,kx134_single_node_i2c.0.1.0,kx134.v3
kx134.v3,NODE_PROTOTYPE,2,KX134_SENSOR_2,sensor_node_2,D4:E9:F4:C3:37:14,184572,1846200914,0,0,NA,0,4062,-79,105,0.991699,-0.019287,0.025635,100,100,8,UNCALIBRATED_SENSOR_2,false,CALIBRATION_MISSING,CALIBRATION_MISSING,kx134_single_node_i2c.0.1.0,kx134.v3
kx134.v3,NODE_PROTOTYPE,2,KX134_SENSOR_2,sensor_node_2,D4:E9:F4:C3:37:14,184573,1846210913,0,0,NA,0,4056,-61,101,0.990234,-0.014893,0.024658,100,100,8,UNCALIBRATED_SENSOR_2,false,CALIBRATION_MISSING,CALIBRATION_MISSING,kx134_single_node_i2c.0.1.0,kx134.v3
kx134.v3,NODE_PROTOTYPE,2,KX134_SENSOR_2,sensor_node_2,D4:E9:F4:C3:37:14,184574,1846220914,0,0,NA,0,4055,-60,107,0.989990,-0.014648,0.026123,100,100,8,UNCALIBRATED_SENSOR_2,false,CALIBRATION_MISSING,CALIBRATION_MISSING,kx134_single_node_i2c.0.1.0,kx134.v3
kx134.v3,NODE_PROTOTYPE,2,KX134_SENSOR_2,sensor_node_2,D4:E9:F4:C3:37:14,184575,1846230913,0,0,NA,0,4070,-59,111,0.993652,-0.014404,0.027100,100,100,8,UNCALIBRATED_SENSOR_2,false,CALIBRATION_MISSING,CALIBRATION_MISSING,kx134_single_node_i2c.0.1.0,kx134.v3
kx134.v3,NODE_PROTOTYPE,2,KX134_SENSOR_2,sensor_node_2,D4:E9:F4:C3:37:14,184576,1846240913,0,0,NA,0,4081,-41,121,0.996338,-0.010010,0.029541,100,100,8,UNCALIBRATED_SENSOR_2,false,CALIBRATION_MISSING,CALIBRATION_MISSING,kx134_single_node_i2c.0.1.0,kx134.v3
kx134.v3,NODE_PROTOTYPE,2,KX134_SENSOR_2,sensor_node_2,D4:E9:F4:C3:37:14,184577,1846250914,0,0,NA,0,4067,-41,131,0.992920,-0.010010,0.031982,100,100,8,UNCALIBRATED_SENSOR_2,false,CALIBRATION_MISSING,CALIBRATION_MISSING,kx134_single_node_i2c.0.1.0,kx134.v3
kx134.v3,NODE_PROTOTYPE,2,KX134_SENSOR_2,sensor_node_2,D4:E9:F4:C3:37:14,184578,1846260913,0,0,NA,0,4088,-54,151,0.998047,-0.013184,0.036865,100,100,8,UNCALIBRATED_SENSOR_2,false,CALIBRATION_MISSING,CALIBRATION_MISSING,kx134_single_node_i2c.0.1.0,kx134.v3
kx134.v3,NODE_PROTOTYPE,2,KX134_SENSOR_2,sensor_node_2,D4:E9:F4:C3:37:14,184579,1846270914,0,0,NA,0,4106,-40,141,1.002441,-0.009766,0.034424,100,100,8,UNCALIBRATED_SENSOR_2,false,CALIBRATION_MISSING,CALIBRATION_MISSING,kx134_single_node_i2c.0.1.0,kx134.v3
kx134.v3,NODE_PROTOTYPE,2,KX134_SENSOR_2,sensor_node_2,D4:E9:F4:C3:37:14,184580,1846280913,0,0,NA,0,4081,-48,115,0.996338,-0.011719,0.028076,100,100,8,UNCALIBRATED_SENSOR_2,false,CALIBRATION_MISSING,CALIBRATION_MISSING,kx134_single_node_i2c.0.1.0,kx134.v3
kx134.v3,NODE_PROTOTYPE,2,KX134_SENSOR_2,sensor_node_2,D4:E9:F4:C3:37:14,184581,1846290914,0,0,NA,0,4052,-58,112,0.989258,-0.014160,0.027344,100,100,8,UNCALIBRATED_SENSOR_2,false,CALIBRATION_MISSING,CALIBRATION_MISSING,kx134_single_node_i2c.0.1.0,kx134.v3
kx134.v3,NODE_PROTOTYPE,2,KX134_SENSOR_2,sensor_node_2,D4:E9:F4:C3:37:14,184582,1846300914,0,0,NA,0,4046,-64,99,0.987793,-0.015625,0.024170,100,100,8,UNCALIBRATED_SENSOR_2,false,CALIBRATION_MISSING,CALIBRATION_MISSING,kx134_single_node_i2c.0.1.0,kx134.v3
kx134.v3,NODE_PROTOTYPE,2,KX134_SENSOR_2,sensor_node_2,D4:E9:F4:C3:37:14,184583,1846310914,0,0,NA,0,4041,-62,86,0.986572,-0.015137,0.020996,100,100,8,UNCALIBRATED_SENSOR_2,false,CALIBRATION_MISSING,CALIBRATION_MISSING,kx134_single_node_i2c.0.1.0,kx134.v3
kx134.v3,NODE_PROTOTYPE,2,KX134_SENSOR_2,sensor_node_2,D4:E9:F4:C3:37:14,184584,1846320913,0,0,NA,0,4053,-22,109,0.989502,-0.005371,0.026611,100,100,8,UNCALIBRATED_SENSOR_2,false,CALIBRATION_MISSING,CALIBRATION_MISSING,kx134_single_node_i2c.0.1.0,kx134.v3
kx134.v3,NODE_PROTOTYPE,2,KX134_SENSOR_2,sensor_node_2,D4:E9:F4:C3:37:14,184585,1846330914,0,0,NA,0,4061,-8,121,0.991455,-0.001953,0.029541,100,100,8,UNCALIBRATED_SENSOR_2,false,CALIBRATION_MISSING,CALIBRATION_MISSING,kx134_single_node_i2c.0.1.0,kx134.v3
kx134.v3,NODE_PROTOTYPE,2,KX134_SENSOR_2,sensor_node_2,D4:E9:F4:C3:37:14,184586,1846340913,0,0,NA,0,4071,-15,112,0.993896,-0.003662,0.027344,100,100,8,UNCALIBRATED_SENSOR_2,false,CALIBRATION_MISSING,CALIBRATION_MISSING,kx134_single_node_i2c.0.1.0,kx134.v3
kx134.v3,NODE_PROTOTYPE,2,KX134_SENSOR_2,sensor_node_2,D4:E9:F4:C3:37:14,184587,1846350913,0,0,NA,0,4096,-16,97,1.000000,-0.003906,0.023682,100,100,8,UNCALIBRATED_SENSOR_2,false,CALIBRATION_MISSING,CALIBRATION_MISSING,kx134_single_node_i2c.0.1.0,kx134.v3
kx134.v3,NODE_PROTOTYPE,2,KX134_SENSOR_2,sensor_node_2,D4:E9:F4:C3:37:14,184588,1846360913,0,0,NA,0,4115,-16,111,1.004639,-0.003906,0.027100,100,100,8,UNCALIBRATED_SENSOR_2,false,CALIBRATION_MISSING,CALIBRATION_MISSING,kx134_single_node_i2c.0.1.0,kx134.v3
kx134.v3,NODE_PROTOTYPE,2,KX134_SENSOR_2,sensor_node_2,D4:E9:F4:C3:37:14,184589,1846370913,0,0,NA,0,4119,-20,146,1.005615,-0.004883,0.035645,100,100,8,UNCALIBRATED_SENSOR_2,false,CALIBRATION_MISSING,CALIBRATION_MISSING,kx134_single_node_i2c.0.1.0,kx134.v3
kx134.v3,NODE_PROTOTYPE,2,KX134_SENSOR_2,sensor_node_2,D4:E9:F4:C3:37:14,184590,1846380913,0,0,NA,0,4095,-34,138,0.999756,-0.008301,0.033691,100,100,8,UNCALIBRATED_SENSOR_2,false,CALIBRATION_MISSING,CALIBRATION_MISSING,kx134_single_node_i2c.0.1.0,kx134.v3
kx134.v3,NODE_PROTOTYPE,2,KX134_SENSOR_2,sensor_node_2,D4:E9:F4:C3:37:14,184591,1846390913,0,0,NA,0,4115,-38,135,1.004639,-0.009277,0.032959,100,100,8,UNCALIBRATED_SENSOR_2,false,CALIBRATION_MISSING,CALIBRATION_MISSING,kx134_single_node_i2c.0.1.0,kx134.v3
kx134.v3,NODE_PROTOTYPE,2,KX134_SENSOR_2,sensor_node_2,D4:E9:F4:C3:37:14,184592,1846400913,0,0,NA,0,4134,-39,139,1.009277,-0.009521,0.033936,100,100,8,UNCALIBRATED_SENSOR_2,false,CALIBRATION_MISSING,CALIBRATION_MISSING,kx134_single_node_i2c.0.1.0,kx134.v3
kx134.v3,NODE_PROTOTYPE,2,KX134_SENSOR_2,sensor_node_2,D4:E9:F4:C3:37:14,184593,1846410914,0,0,NA,0,4099,-46,135,1.000732,-0.011230,0.032959,100,100,8,UNCALIBRATED_SENSOR_2,false,CALIBRATION_MISSING,CALIBRATION_MISSING,kx134_single_node_i2c.0.1.0,kx134.v3
kx134.v3,NODE_PROTOTYPE,2,KX134_SENSOR_2,sensor_node_2,D4:E9:F4:C3:37:14,184594,1846420913,0,0,NA,0,4087,-45,141,0.997803,-0.010986,0.034424,100,100,8,UNCALIBRATED_SENSOR_2,false,CALIBRATION_MISSING,CALIBRATION_MISSING,kx134_single_node_i2c.0.1.0,kx134.v3
kx134.v3,NODE_PROTOTYPE,2,KX134_SENSOR_2,sensor_node_2,D4:E9:F4:C3:37:14,184595,1846430913,0,0,NA,0,4097,-48,151,1.000244,-0.011719,0.036865,100,100,8,UNCALIBRATED_SENSOR_2,false,CALIBRATION_MISSING,CALIBRATION_MISSING,kx134_single_node_i2c.0.1.0,kx134.v3
kx134.v3,NODE_PROTOTYPE,2,KX134_SENSOR_2,sensor_node_2,D4:E9:F4:C3:37:14,184596,1846440913,0,0,NA,0,4132,-35,179,1.008789,-0.008545,0.043701,100,100,8,UNCALIBRATED_SENSOR_2,false,CALIBRATION_MISSING,CALIBRATION_MISSING,kx134_single_node_i2c.0.1.0,kx134.v3
kx134.v3,NODE_PROTOTYPE,2,KX134_SENSOR_2,sensor_node_2,D4:E9:F4:C3:37:14,184597,1846450913,0,0,NA,0,4103,60,195,1.001709,0.014648,0.047607,100,100,8,UNCALIBRATED_SENSOR_2,false,CALIBRATION_MISSING,CALIBRATION_MISSING,kx134_single_node_i2c.0.1.0,kx134.v3
kx134.v3,NODE_PROTOTYPE,2,KX134_SENSOR_2,sensor_node_2,D4:E9:F4:C3:37:14,184598,1846460913,0,0,NA,0,4063,170,169,0.991943,0.041504,0.041260,100,100,8,UNCALIBRATED_SENSOR_2,false,CALIBRATION_MISSING,CALIBRATION_MISSING,kx134_single_node_i2c.0.1.0,kx134.v3
kx134.v3,NODE_PROTOTYPE,2,KX134_SENSOR_2,sensor_node_2,D4:E9:F4:C3:37:14,184599,1846470914,0,0,NA,0,4063,170,169,0.991943,0.041504,0.041260,100,100,8,UNCALIBRATED_SENSOR_2,false,CALIBRATION_MISSING,CALIBRATION_MISSING,kx134_single_node_i2c.0.1.0,kx134.v3
kx134.v3,NODE_PROTOTYPE,2,KX134_SENSOR_2,sensor_node_2,D4:E9:F4:C3:37:14,184600,1846480913,0,0,NA,0,4019,194,69,0.981201,0.047363,0.016846,100,100,8,UNCALIBRATED_SENSOR_2,false,CALIBRATION_MISSING,CALIBRATION_MISSING,kx134_single_node_i2c.0.1.0,kx134.v3
kx134.v3,NODE_PROTOTYPE,2,KX134_SENSOR_2,sensor_node_2,D4:E9:F4:C3:37:14,184601,1846490913,0,0,NA,0,3966,1,32,0.968262,0.000244,0.007813,100,100,8,UNCALIBRATED_SENSOR_2,false,CALIBRATION_MISSING,CALIBRATION_MISSING,kx134_single_node_i2c.0.1.0,kx134.v3
kx134.v3,NODE_PROTOTYPE,2,KX134_SENSOR_2,sensor_node_2,D4:E9:F4:C3:37:14,184602,1846500914,0,0,NA,0,4033,-311,274,0.984619,-0.075928,0.066895,100,100,8,UNCALIBRATED_SENSOR_2,false,CALIBRATION_MISSING,CALIBRATION_MISSING,kx134_single_node_i2c.0.1.0,kx134.v3
kx134.v3,NODE_PROTOTYPE,2,KX134_SENSOR_2,sensor_node_2,D4:E9:F4:C3:37:14,184603,1846510914,0,0,NA,0,4129,-235,245,1.008057,-0.057373,0.059814,100,100,8,UNCALIBRATED_SENSOR_2,false,CALIBRATION_MISSING,CALIBRATION_MISSING,kx134_single_node_i2c.0.1.0,kx134.v3
kx134.v3,NODE_PROTOTYPE,2,KX134_SENSOR_2,sensor_node_2,D4:E9:F4:C3:37:14,184604,1846520913,0,0,NA,0,4047,-41,-20,0.988037,-0.010010,-0.004883,100,100,8,UNCALIBRATED_SENSOR_2,false,CALIBRATION_MISSING,CALIBRATION_MISSING,kx134_single_node_i2c.0.1.0,kx134.v3
kx134.v3,NODE_PROTOTYPE,2,KX134_SENSOR_2,sensor_node_2,D4:E9:F4:C3:37:14,184605,1846530913,0,0,NA,0,4006,38,-71,0.978027,0.009277,-0.017334,100,100,8,UNCALIBRATED_SENSOR_2,false,CALIBRATION_MISSING,CALIBRATION_MISSING,kx134_single_node_i2c.0.1.0,kx134.v3
kx134.v3,NODE_PROTOTYPE,2,KX134_SENSOR_2,sensor_node_2,D4:E9:F4:C3:37:14,184606,1846540913,0,0,NA,0,4044,55,-43,0.987305,0.013428,-0.010498,100,100,8,UNCALIBRATED_SENSOR_2,false,CALIBRATION_MISSING,CALIBRATION_MISSING,kx134_single_node_i2c.0.1.0,kx134.v3
kx134.v3,NODE_PROTOTYPE,2,KX134_SENSOR_2,sensor_node_2,D4:E9:F4:C3:37:14,184607,1846550913,0,0,NA,0,3957,27,142,0.966064,0.006592,0.034668,100,100,8,UNCALIBRATED_SENSOR_2,false,CALIBRATION_MISSING,CALIBRATION_MISSING,kx134_single_node_i2c.0.1.0,kx134.v3
kx134.v3,NODE_PROTOTYPE,2,KX134_SENSOR_2,sensor_node_2,D4:E9:F4:C3:37:14,184608,1846560914,0,0,NA,0,4032,67,266,0.984375,0.016357,0.064941,100,100,8,UNCALIBRATED_SENSOR_2,false,CALIBRATION_MISSING,CALIBRATION_MISSING,kx134_single_node_i2c.0.1.0,kx134.v3
kx134.v3,NODE_PROTOTYPE,2,KX134_SENSOR_2,sensor_node_2,D4:E9:F4:C3:37:14,184609,1846570913,0,0,NA,0,4123,3,222,1.006592,0.000732,0.054199,100,100,8,UNCALIBRATED_SENSOR_2,false,CALIBRATION_MISSING,CALIBRATION_MISSING,kx134_single_node_i2c.0.1.0,kx134.v3
kx134.v3,NODE_PROTOTYPE,2,KX134_SENSOR_2,sensor_node_2,D4:E9:F4:C3:37:14,184610,1846580913,0,0,NA,0,4127,-53,202,1.007568,-0.012939,0.049316,100,100,8,UNCALIBRATED_SENSOR_2,false,CALIBRATION_MISSING,CALIBRATION_MISSING,kx134_single_node_i2c.0.1.0,kx134.v3
kx134.v3,NODE_PROTOTYPE,2,KX134_SENSOR_2,sensor_node_2,D4:E9:F4:C3:37:14,184611,1846590914,0,0,NA,0,4137,-18,190,1.010010,-0.004395,0.046387,100,100,8,UNCALIBRATED_SENSOR_2,false,CALIBRATION_MISSING,CALIBRATION_MISSING,kx134_single_node_i2c.0.1.0,kx134.v3
kx134.v3,NODE_PROTOTYPE,2,KX134_SENSOR_2,sensor_node_2,D4:E9:F4:C3:37:14,184612,1846600913,0,0,NA,0,4094,22,138,0.999512,0.005371,0.033691,100,100,8,UNCALIBRATED_SENSOR_2,false,CALIBRATION_MISSING,CALIBRATION_MISSING,kx134_single_node_i2c.0.1.0,kx134.v3
kx134.v3,NODE_PROTOTYPE,2,KX134_SENSOR_2,sensor_node_2,D4:E9:F4:C3:37:14,184613,1846610914,0,0,NA,0,4070,14,105,0.993652,0.003418,0.025635,100,100,8,UNCALIBRATED_SENSOR_2,false,CALIBRATION_MISSING,CALIBRATION_MISSING,kx134_single_node_i2c.0.1.0,kx134.v3
kx134.v3,NODE_PROTOTYPE,2,KX134_SENSOR_2,sensor_node_2,D4:E9:F4:C3:37:14,184614,1846620913,0,0,NA,0,4061,-18,127,0.991455,-0.004395,0.031006,100,100,8,UNCALIBRATED_SENSOR_2,false,CALIBRATION_MISSING,CALIBRATION_MISSING,kx134_single_node_i2c.0.1.0,kx134.v3
kx134.v3,NODE_PROTOTYPE,2,KX134_SENSOR_2,sensor_node_2,D4:E9:F4:C3:37:14,184615,1846630913,0,0,NA,0,4071,-33,151,0.993896,-0.008057,0.036865,100,100,8,UNCALIBRATED_SENSOR_2,false,CALIBRATION_MISSING,CALIBRATION_MISSING,kx134_single_node_i2c.0.1.0,kx134.v3
kx134.v3,NODE_PROTOTYPE,2,KX134_SENSOR_2,sensor_node_2,D4:E9:F4:C3:37:14,184616,1846640913,0,0,NA,0,4061,-25,131,0.991455,-0.006104,0.031982,100,100,8,UNCALIBRATED_SENSOR_2,false,CALIBRATION_MISSING,CALIBRATION_MISSING,kx134_single_node_i2c.0.1.0,kx134.v3
kx134.v3,NODE_PROTOTYPE,2,KX134_SENSOR_2,sensor_node_2,D4:E9:F4:C3:37:14,184617,1846650913,0,0,NA,0,4050,-19,111,0.988770,-0.004639,0.027100,100,100,8,UNCALIBRATED_SENSOR_2,false,CALIBRATION_MISSING,CALIBRATION_MISSING,kx134_single_node_i2c.0.1.0,kx134.v3
kx134.v3,NODE_PROTOTYPE,2,KX134_SENSOR_2,sensor_node_2,D4:E9:F4:C3:37:14,184618,1846660913,0,0,NA,0,4070,-23,128,0.993652,-0.005615,0.031250,100,100,8,UNCALIBRATED_SENSOR_2,false,CALIBRATION_MISSING,CALIBRATION_MISSING,kx134_single_node_i2c.0.1.0,kx134.v3
kx134.v3,NODE_PROTOTYPE,2,KX134_SENSOR_2,sensor_node_2,D4:E9:F4:C3:37:14,184619,1846670913,0,0,NA,0,4076,-19,138,0.995117,-0.004639,0.033691,100,100,8,UNCALIBRATED_SENSOR_2,false,CALIBRATION_MISSING,CALIBRATION_MISSING,kx134_single_node_i2c.0.1.0,kx134.v3
kx134.v3,NODE_PROTOTYPE,2,KX134_SENSOR_2,sensor_node_2,D4:E9:F4:C3:37:14,184620,1846680914,0,0,NA,0,4096,-20,141,1.000000,-0.004883,0.034424,100,100,8,UNCALIBRATED_SENSOR_2,false,CALIBRATION_MISSING,CALIBRATION_MISSING,kx134_single_node_i2c.0.1.0,kx134.v3
kx134.v3,NODE_PROTOTYPE,2,KX134_SENSOR_2,sensor_node_2,D4:E9:F4:C3:37:14,184621,1846690913,0,0,NA,0,4112,-43,118,1.003906,-0.010498,0.028809,100,100,8,UNCALIBRATED_SENSOR_2,false,CALIBRATION_MISSING,CALIBRATION_MISSING,kx134_single_node_i2c.0.1.0,kx134.v3
kx134.v3,NODE_PROTOTYPE,2,KX134_SENSOR_2,sensor_node_2,D4:E9:F4:C3:37:14,184622,1846700913,0,0,NA,0,4097,-49,84,1.000244,-0.011963,0.020508,100,100,8,UNCALIBRATED_SENSOR_2,false,CALIBRATION_MISSING,CALIBRATION_MISSING,kx134_single_node_i2c.0.1.0,kx134.v3
kx134.v3,NODE_PROTOTYPE,2,KX134_SENSOR_2,sensor_node_2,D4:E9:F4:C3:37:14,184623,1846710914,0,0,NA,0,4106,-13,113,1.002441,-0.003174,0.027588,100,100,8,UNCALIBRATED_SENSOR_2,false,CALIBRATION_MISSING,CALIBRATION_MISSING,kx134_single_node_i2c.0.1.0,kx134.v3
kx134.v3,NODE_PROTOTYPE,2,KX134_SENSOR_2,sensor_node_2,D4:E9:F4:C3:37:14,184624,1846720913,0,0,NA,0,4106,-13,149,1.002441,-0.003174,0.036377,100,100,8,UNCALIBRATED_SENSOR_2,false,CALIBRATION_MISSING,CALIBRATION_MISSING,kx134_single_node_i2c.0.1.0,kx134.v3
kx134.v3,NODE_PROTOTYPE,2,KX134_SENSOR_2,sensor_node_2,D4:E9:F4:C3:37:14,184625,1846730914,0,0,NA,0,4069,-31,143,0.993408,-0.007568,0.034912,100,100,8,UNCALIBRATED_SENSOR_2,false,CALIBRATION_MISSING,CALIBRATION_MISSING,kx134_single_node_i2c.0.1.0,kx134.v3
kx134.v3,NODE_PROTOTYPE,2,KX134_SENSOR_2,sensor_node_2,D4:E9:F4:C3:37:14,184626,1846740913,0,0,NA,0,4068,-23,127,0.993164,-0.005615,0.031006,100,100,8,UNCALIBRATED_SENSOR_2,false,CALIBRATION_MISSING,CALIBRATION_MISSING,kx134_single_node_i2c.0.1.0,kx134.v3
kx134.v3,NODE_PROTOTYPE,2,KX134_SENSOR_2,sensor_node_2,D4:E9:F4:C3:37:14,184627,1846750914,0,0,NA,0,4102,-35,124,1.001465,-0.008545,0.030273,100,100,8,UNCALIBRATED_SENSOR_2,false,CALIBRATION_MISSING,CALIBRATION_MISSING,kx134_single_node_i2c.0.1.0,kx134.v3
kx134.v3,NODE_PROTOTYPE,2,KX134_SENSOR_2,sensor_node_2,D4:E9:F4:C3:37:14,184628,1846760913,0,0,NA,0,4134,-49,110,1.009277,-0.011963,0.026855,100,100,8,UNCALIBRATED_SENSOR_2,false,CALIBRATION_MISSING,CALIBRATION_MISSING,kx134_single_node_i2c.0.1.0,kx134.v3
kx134.v3,NODE_PROTOTYPE,2,KX134_SENSOR_2,sensor_node_2,D4:E9:F4:C3:37:14,184629,1846770914,0,0,NA,0,4126,-44,104,1.007324,-0.010742,0.025391,100,100,8,UNCALIBRATED_SENSOR_2,false,CALIBRATION_MISSING,CALIBRATION_MISSING,kx134_single_node_i2c.0.1.0,kx134.v3
kx134.v3,NODE_PROTOTYPE,2,KX134_SENSOR_2,sensor_node_2,D4:E9:F4:C3:37:14,184630,1846780913,0,0,NA,0,4113,-15,101,1.004150,-0.003662,0.024658,100,100,8,UNCALIBRATED_SENSOR_2,false,CALIBRATION_MISSING,CALIBRATION_MISSING,kx134_single_node_i2c.0.1.0,kx134.v3
kx134.v3,NODE_PROTOTYPE,2,KX134_SENSOR_2,sensor_node_2,D4:E9:F4:C3:37:14,184631,1846790913,0,0,NA,0,4115,-5,89,1.004639,-0.001221,0.021729,100,100,8,UNCALIBRATED_SENSOR_2,false,CALIBRATION_MISSING,CALIBRATION_MISSING,kx134_single_node_i2c.0.1.0,kx134.v3
kx134.v3,NODE_PROTOTYPE,2,KX134_SENSOR_2,sensor_node_2,D4:E9:F4:C3:37:14,184632,1846800913,0,0,NA,0,4091,-24,98,0.998779,-0.005859,0.023926,100,100,8,UNCALIBRATED_SENSOR_2,false,CALIBRATION_MISSING,CALIBRATION_MISSING,kx134_single_node_i2c.0.1.0,kx134.v3
kx134.v3,NODE_PROTOTYPE,2,KX134_SENSOR_2,sensor_node_2,D4:E9:F4:C3:37:14,184633,1846810913,0,0,NA,0,4062,-18,119,0.991699,-0.004395,0.029053,100,100,8,UNCALIBRATED_SENSOR_2,false,CALIBRATION_MISSING,CALIBRATION_MISSING,kx134_single_node_i2c.0.1.0,kx134.v3
kx134.v3,NODE_PROTOTYPE,2,KX134_SENSOR_2,sensor_node_2,D4:E9:F4:C3:37:14,184634,1846820914,0,0,NA,0,4072,-25,147,0.994141,-0.006104,0.035889,100,100,8,UNCALIBRATED_SENSOR_2,false,CALIBRATION_MISSING,CALIBRATION_MISSING,kx134_single_node_i2c.0.1.0,kx134.v3
kx134.v3,NODE_PROTOTYPE,2,KX134_SENSOR_2,sensor_node_2,D4:E9:F4:C3:37:14,184635,1846830914,0,0,NA,0,4110,-53,156,1.003418,-0.012939,0.038086,100,100,8,UNCALIBRATED_SENSOR_2,false,CALIBRATION_MISSING,CALIBRATION_MISSING,kx134_single_node_i2c.0.1.0,kx134.v3
kx134.v3,NODE_PROTOTYPE,2,KX134_SENSOR_2,sensor_node_2,D4:E9:F4:C3:37:14,184636,1846840913,0,0,NA,0,4136,-65,171,1.009766,-0.015869,0.041748,100,100,8,UNCALIBRATED_SENSOR_2,false,CALIBRATION_MISSING,CALIBRATION_MISSING,kx134_single_node_i2c.0.1.0,kx134.v3
kx134.v3,NODE_PROTOTYPE,2,KX134_SENSOR_2,sensor_node_2,D4:E9:F4:C3:37:14,184637,1846850913,0,0,NA,0,4089,-49,187,0.998291,-0.011963,0.045654,100,100,8,UNCALIBRATED_SENSOR_2,false,CALIBRATION_MISSING,CALIBRATION_MISSING,kx134_single_node_i2c.0.1.0,kx134.v3
kx134.v3,NODE_PROTOTYPE,2,KX134_SENSOR_2,sensor_node_2,D4:E9:F4:C3:37:14,184638,1846860913,0,0,NA,0,4048,-19,161,0.988281,-0.004639,0.039307,100,100,8,UNCALIBRATED_SENSOR_2,false,CALIBRATION_MISSING,CALIBRATION_MISSING,kx134_single_node_i2c.0.1.0,kx134.v3
kx134.v3,NODE_PROTOTYPE,2,KX134_SENSOR_2,sensor_node_2,D4:E9:F4:C3:37:14,184639,1846870914,0,0,NA,0,4065,-30,144,0.992432,-0.007324,0.035156,100,100,8,UNCALIBRATED_SENSOR_2,false,CALIBRATION_MISSING,CALIBRATION_MISSING,kx134_single_node_i2c.0.1.0,kx134.v3
kx134.v3,NODE_PROTOTYPE,2,KX134_SENSOR_2,sensor_node_2,D4:E9:F4:C3:37:14,184640,1846880914,0,0,NA,0,4075,-75,146,0.994873,-0.018311,0.035645,100,100,8,UNCALIBRATED_SENSOR_2,false,CALIBRATION_MISSING,CALIBRATION_MISSING,kx134_single_node_i2c.0.1.0,kx134.v3
kx134.v3,NODE_PROTOTYPE,2,KX134_SENSOR_2,sensor_node_2,D4:E9:F4:C3:37:14,184641,1846890913,0,0,NA,0,4087,-83,158,0.997803,-0.020264,0.038574,100,100,8,UNCALIBRATED_SENSOR_2,false,CALIBRATION_MISSING,CALIBRATION_MISSING,kx134_single_node_i2c.0.1.0,kx134.v3
kx134.v3,NODE_PROTOTYPE,2,KX134_SENSOR_2,sensor_node_2,D4:E9:F4:C3:37:14,184642,1846900913,0,0,NA,0,4076,-54,155,0.995117,-0.013184,0.037842,100,100,8,UNCALIBRATED_SENSOR_2,false,CALIBRATION_MISSING,CALIBRATION_MISSING,kx134_single_node_i2c.0.1.0,kx134.v3
kx134.v3,NODE_PROTOTYPE,2,KX134_SENSOR_2,sensor_node_2,D4:E9:F4:C3:37:14,184643,1846910914,0,0,NA,0,4046,-41,129,0.987793,-0.010010,0.031494,100,100,8,UNCALIBRATED_SENSOR_2,false,CALIBRATION_MISSING,CALIBRATION_MISSING,kx134_single_node_i2c.0.1.0,kx134.v3
kx134.v3,NODE_PROTOTYPE,2,KX134_SENSOR_2,sensor_node_2,D4:E9:F4:C3:37:14,184644,1846920913,0,0,NA,0,4025,-39,88,0.982666,-0.009521,0.021484,100,100,8,UNCALIBRATED_SENSOR_2,false,CALIBRATION_MISSING,CALIBRATION_MISSING,kx134_single_node_i2c.0.1.0,kx134.v3
kx134.v3,NODE_PROTOTYPE,2,KX134_SENSOR_2,sensor_node_2,D4:E9:F4:C3:37:14,184645,1846930913,0,0,NA,0,4041,-45,64,0.986572,-0.010986,0.015625,100,100,8,UNCALIBRATED_SENSOR_2,false,CALIBRATION_MISSING,CALIBRATION_MISSING,kx134_single_node_i2c.0.1.0,kx134.v3
kx134.v3,NODE_PROTOTYPE,2,KX134_SENSOR_2,sensor_node_2,D4:E9:F4:C3:37:14,184646,1846940913,0,0,NA,0,4066,-37,72,0.992676,-0.009033,0.017578,100,100,8,UNCALIBRATED_SENSOR_2,false,CALIBRATION_MISSING,CALIBRATION_MISSING,kx134_single_node_i2c.0.1.0,kx134.v3
kx134.v3,NODE_PROTOTYPE,2,KX134_SENSOR_2,sensor_node_2,D4:E9:F4:C3:37:14,184647,1846950913,0,0,NA,0,4074,-16,78,0.994629,-0.003906,0.019043,100,100,8,UNCALIBRATED_SENSOR_2,false,CALIBRATION_MISSING,CALIBRATION_MISSING,kx134_single_node_i2c.0.1.0,kx134.v3
kx134.v3,NODE_PROTOTYPE,2,KX134_SENSOR_2,sensor_node_2,D4:E9:F4:C3:37:14,184648,1846960913,0,0,NA,0,4069,1,83,0.993408,0.000244,0.020264,100,100,8,UNCALIBRATED_SENSOR_2,false,CALIBRATION_MISSING,CALIBRATION_MISSING,kx134_single_node_i2c.0.1.0,kx134.v3
kx134.v3,NODE_PROTOTYPE,2,KX134_SENSOR_2,sensor_node_2,D4:E9:F4:C3:37:14,184649,1846970914,0,0,NA,0,4081,6,117,0.996338,0.001465,0.028564,100,100,8,UNCALIBRATED_SENSOR_2,false,CALIBRATION_MISSING,CALIBRATION_MISSING,kx134_single_node_i2c.0.1.0,kx134.v3
kx134.v3,NODE_PROTOTYPE,2,KX134_SENSOR_2,sensor_node_2,D4:E9:F4:C3:37:14,184650,1846980913,0,0,NA,0,4110,2,150,1.003418,0.000488,0.036621,100,100,8,UNCALIBRATED_SENSOR_2,false,CALIBRATION_MISSING,CALIBRATION_MISSING,kx134_single_node_i2c.0.1.0,kx134.v3
kx134.v3,NODE_PROTOTYPE,2,KX134_SENSOR_2,sensor_node_2,D4:E9:F4:C3:37:14,184651,1846990914,0,0,NA,0,4115,16,124,1.004639,0.003906,0.030273,100,100,8,UNCALIBRATED_SENSOR_2,false,CALIBRATION_MISSING,CALIBRATION_MISSING,kx134_single_node_i2c.0.1.0,kx134.v3
kx134.v3,NODE_PROTOTYPE,2,KX134_SENSOR_2,sensor_node_2,D4:E9:F4:C3:37:14,184652,1847000914,0,0,NA,0,4126,17,125,1.007324,0.004150,0.030518,100,100,8,UNCALIBRATED_SENSOR_2,false,CALIBRATION_MISSING,CALIBRATION_MISSING,kx134_single_node_i2c.0.1.0,kx134.v3
kx134.v3,NODE_PROTOTYPE,2,KX134_SENSOR_2,sensor_node_2,D4:E9:F4:C3:37:14,184653,1847010913,0,0,NA,0,4141,15,160,1.010986,0.003662,0.039063,100,100,8,UNCALIBRATED_SENSOR_2,false,CALIBRATION_MISSING,CALIBRATION_MISSING,kx134_single_node_i2c.0.1.0,kx134.v3
kx134.v3,NODE_PROTOTYPE,2,KX134_SENSOR_2,sensor_node_2,D4:E9:F4:C3:37:14,184654,1847020913,0,0,NA,0,4122,8,150,1.006348,0.001953,0.036621,100,100,8,UNCALIBRATED_SENSOR_2,false,CALIBRATION_MISSING,CALIBRATION_MISSING,kx134_single_node_i2c.0.1.0,kx134.v3
kx134.v3,NODE_PROTOTYPE,2,KX134_SENSOR_2,sensor_node_2,D4:E9:F4:C3:37:14,184655,1847030913,0,0,NA,0,4069,2,149,0.993408,0.000488,0.036377,100,100,8,UNCALIBRATED_SENSOR_2,false,CALIBRATION_MISSING,CALIBRATION_MISSING,kx134_single_node_i2c.0.1.0,kx134.v3
kx134.v3,NODE_PROTOTYPE,2,KX134_SENSOR_2,sensor_node_2,D4:E9:F4:C3:37:14,184656,1847040913,0,0,NA,0,4058,7,141,0.990723,0.001709,0.034424,100,100,8,UNCALIBRATED_SENSOR_2,false,CALIBRATION_MISSING,CALIBRATION_MISSING,kx134_single_node_i2c.0.1.0,kx134.v3
kx134.v3,NODE_PROTOTYPE,2,KX134_SENSOR_2,sensor_node_2,D4:E9:F4:C3:37:14,184657,1847050913,0,0,NA,0,4077,14,116,0.995361,0.003418,0.028320,100,100,8,UNCALIBRATED_SENSOR_2,false,CALIBRATION_MISSING,CALIBRATION_MISSING,kx134_single_node_i2c.0.1.0,kx134.v3
kx134.v3,NODE_PROTOTYPE,2,KX134_SENSOR_2,sensor_node_2,D4:E9:F4:C3:37:14,184658,1847060913,0,0,NA,0,4086,12,122,0.997559,0.002930,0.029785,100,100,8,UNCALIBRATED_SENSOR_2,false,CALIBRATION_MISSING,CALIBRATION_MISSING,kx134_single_node_i2c.0.1.0,kx134.v3
kx134.v3,NODE_PROTOTYPE,2,KX134_SENSOR_2,sensor_node_2,D4:E9:F4:C3:37:14,184659,1847070913,0,0,NA,0,4090,-20,135,0.998535,-0.004883,0.032959,100,100,8,UNCALIBRATED_SENSOR_2,false,CALIBRATION_MISSING,CALIBRATION_MISSING,kx134_single_node_i2c.0.1.0,kx134.v3
kx134.v3,NODE_PROTOTYPE,2,KX134_SENSOR_2,sensor_node_2,D4:E9:F4:C3:37:14,184660,1847080914,0,0,NA,0,4085,-49,126,0.997314,-0.011963,0.030762,100,100,8,UNCALIBRATED_SENSOR_2,false,CALIBRATION_MISSING,CALIBRATION_MISSING,kx134_single_node_i2c.0.1.0,kx134.v3
kx134.v3,NODE_PROTOTYPE,2,KX134_SENSOR_2,sensor_node_2,D4:E9:F4:C3:37:14,184661,1847090913,0,0,NA,0,4072,-57,120,0.994141,-0.013916,0.029297,100,100,8,UNCALIBRATED_SENSOR_2,false,CALIBRATION_MISSING,CALIBRATION_MISSING,kx134_single_node_i2c.0.1.0,kx134.v3
kx134.v3,NODE_PROTOTYPE,2,KX134_SENSOR_2,sensor_node_2,D4:E9:F4:C3:37:14,184662,1847100913,0,0,NA,0,4050,-43,123,0.988770,-0.010498,0.030029,100,100,8,UNCALIBRATED_SENSOR_2,false,CALIBRATION_MISSING,CALIBRATION_MISSING,kx134_single_node_i2c.0.1.0,kx134.v3
kx134.v3,NODE_PROTOTYPE,2,KX134_SENSOR_2,sensor_node_2,D4:E9:F4:C3:37:14,184663,1847110913,0,0,NA,0,4075,-33,140,0.994873,-0.008057,0.034180,100,100,8,UNCALIBRATED_SENSOR_2,false,CALIBRATION_MISSING,CALIBRATION_MISSING,kx134_single_node_i2c.0.1.0,kx134.v3
kx134.v3,NODE_PROTOTYPE,2,KX134_SENSOR_2,sensor_node_2,D4:E9:F4:C3:37:14,184664,1847120913,0,0,NA,0,4098,-34,158,1.000488,-0.008301,0.038574,100,100,8,UNCALIBRATED_SENSOR_2,false,CALIBRATION_MISSING,CALIBRATION_MISSING,kx134_single_node_i2c.0.1.0,kx134.v3
kx134.v3,NODE_PROTOTYPE,2,KX134_SENSOR_2,sensor_node_2,D4:E9:F4:C3:37:14,184665,1847130913,0,0,NA,0,4099,-23,153,1.000732,-0.005615,0.037354,100,100,8,UNCALIBRATED_SENSOR_2,false,CALIBRATION_MISSING,CALIBRATION_MISSING,kx134_single_node_i2c.0.1.0,kx134.v3
kx134.v3,NODE_PROTOTYPE,2,KX134_SENSOR_2,sensor_node_2,D4:E9:F4:C3:37:14,184666,1847140914,0,0,NA,0,4082,-45,145,0.996582,-0.010986,0.035400,100,100,8,UNCALIBRATED_SENSOR_2,false,CALIBRATION_MISSING,CALIBRATION_MISSING,kx134_single_node_i2c.0.1.0,kx134.v3
kx134.v3,NODE_PROTOTYPE,2,KX134_SENSOR_2,sensor_node_2,D4:E9:F4:C3:37:14,184667,1847150913,0,0,NA,0,4056,-74,117,0.990234,-0.018066,0.028564,100,100,8,UNCALIBRATED_SENSOR_2,false,CALIBRATION_MISSING,CALIBRATION_MISSING,kx134_single_node_i2c.0.1.0,kx134.v3
kx134.v3,NODE_PROTOTYPE,2,KX134_SENSOR_2,sensor_node_2,D4:E9:F4:C3:37:14,184668,1847160913,0,0,NA,0,4052,-73,109,0.989258,-0.017822,0.026611,100,100,8,UNCALIBRATED_SENSOR_2,false,CALIBRATION_MISSING,CALIBRATION_MISSING,kx134_single_node_i2c.0.1.0,kx134.v3
kx134.v3,NODE_PROTOTYPE,2,KX134_SENSOR_2,sensor_node_2,D4:E9:F4:C3:37:14,184669,1847170913,0,0,NA,0,4058,-59,118,0.990723,-0.014404,0.028809,100,100,8,UNCALIBRATED_SENSOR_2,false,CALIBRATION_MISSING,CALIBRATION_MISSING,kx134_single_node_i2c.0.1.0,kx134.v3
kx134.v3,NODE_PROTOTYPE,2,KX134_SENSOR_2,sensor_node_2,D4:E9:F4:C3:37:14,184670,1847180913,0,0,NA,0,4073,-58,108,0.994385,-0.014160,0.026367,100,100,8,UNCALIBRATED_SENSOR_2,false,CALIBRATION_MISSING,CALIBRATION_MISSING,kx134_single_node_i2c.0.1.0,kx134.v3
kx134.v3,NODE_PROTOTYPE,2,KX134_SENSOR_2,sensor_node_2,D4:E9:F4:C3:37:14,184671,1847190913,0,0,NA,0,4084,-52,125,0.997070,-0.012695,0.030518,100,100,8,UNCALIBRATED_SENSOR_2,false,CALIBRATION_MISSING,CALIBRATION_MISSING,kx134_single_node_i2c.0.1.0,kx134.v3
kx134.v3,NODE_PROTOTYPE,2,KX134_SENSOR_2,sensor_node_2,D4:E9:F4:C3:37:14,184672,1847200914,0,0,NA,0,4108,-48,141,1.002930,-0.011719,0.034424,100,100,8,UNCALIBRATED_SENSOR_2,false,CALIBRATION_MISSING,CALIBRATION_MISSING,kx134_single_node_i2c.0.1.0,kx134.v3
kx134.v3,NODE_PROTOTYPE,2,KX134_SENSOR_2,sensor_node_2,D4:E9:F4:C3:37:14,184673,1847210913,0,0,NA,0,4119,-53,116,1.005615,-0.012939,0.028320,100,100,8,UNCALIBRATED_SENSOR_2,false,CALIBRATION_MISSING,CALIBRATION_MISSING,kx134_single_node_i2c.0.1.0,kx134.v3
kx134.v3,NODE_PROTOTYPE,2,KX134_SENSOR_2,sensor_node_2,D4:E9:F4:C3:37:14,184674,1847220913,0,0,NA,0,4075,-48,90,0.994873,-0.011719,0.021973,100,100,8,UNCALIBRATED_SENSOR_2,false,CALIBRATION_MISSING,CALIBRATION_MISSING,kx134_single_node_i2c.0.1.0,kx134.v3
kx134.v3,NODE_PROTOTYPE,2,KX134_SENSOR_2,sensor_node_2,D4:E9:F4:C3:37:14,184675,1847230914,0,0,NA,0,4058,-42,96,0.990723,-0.010254,0.023437,100,100,8,UNCALIBRATED_SENSOR_2,false,CALIBRATION_MISSING,CALIBRATION_MISSING,kx134_single_node_i2c.0.1.0,kx134.v3
kx134.v3,NODE_PROTOTYPE,2,KX134_SENSOR_2,sensor_node_2,D4:E9:F4:C3:37:14,184676,1847240913,0,0,NA,0,4114,-76,138,1.004395,-0.018555,0.033691,100,100,8,UNCALIBRATED_SENSOR_2,false,CALIBRATION_MISSING,CALIBRATION_MISSING,kx134_single_node_i2c.0.1.0,kx134.v3
kx134.v3,NODE_PROTOTYPE,2,KX134_SENSOR_2,sensor_node_2,D4:E9:F4:C3:37:14,184677,1847250913,0,0,NA,0,4156,-92,141,1.014648,-0.022461,0.034424,100,100,8,UNCALIBRATED_SENSOR_2,false,CALIBRATION_MISSING,CALIBRATION_MISSING,kx134_single_node_i2c.0.1.0,kx134.v3
kx134.v3,NODE_PROTOTYPE,2,KX134_SENSOR_2,sensor_node_2,D4:E9:F4:C3:37:14,184678,1847260913,0,0,NA,0,4144,-42,138,1.011719,-0.010254,0.033691,100,100,8,UNCALIBRATED_SENSOR_2,false,CALIBRATION_MISSING,CALIBRATION_MISSING,kx134_single_node_i2c.0.1.0,kx134.v3
kx134.v3,NODE_PROTOTYPE,2,KX134_SENSOR_2,sensor_node_2,D4:E9:F4:C3:37:14,184679,1847270914,0,0,NA,0,4134,-1,147,1.009277,-0.000244,0.035889,100,100,8,UNCALIBRATED_SENSOR_2,false,CALIBRATION_MISSING,CALIBRATION_MISSING,kx134_single_node_i2c.0.1.0,kx134.v3
kx134.v3,NODE_PROTOTYPE,2,KX134_SENSOR_2,sensor_node_2,D4:E9:F4:C3:37:14,184680,1847280913,0,0,NA,0,4120,4,140,1.005859,0.000977,0.034180,100,100,8,UNCALIBRATED_SENSOR_2,false,CALIBRATION_MISSING,CALIBRATION_MISSING,kx134_single_node_i2c.0.1.0,kx134.v3
kx134.v3,NODE_PROTOTYPE,2,KX134_SENSOR_2,sensor_node_2,D4:E9:F4:C3:37:14,184681,1847290913,0,0,NA,0,4087,-3,137,0.997803,-0.000732,0.033447,100,100,8,UNCALIBRATED_SENSOR_2,false,CALIBRATION_MISSING,CALIBRATION_MISSING,kx134_single_node_i2c.0.1.0,kx134.v3
kx134.v3,NODE_PROTOTYPE,2,KX134_SENSOR_2,sensor_node_2,D4:E9:F4:C3:37:14,184682,1847300913,0,0,NA,0,4064,5,116,0.992187,0.001221,0.028320,100,100,8,UNCALIBRATED_SENSOR_2,false,CALIBRATION_MISSING,CALIBRATION_MISSING,kx134_single_node_i2c.0.1.0,kx134.v3
kx134.v3,NODE_PROTOTYPE,2,KX134_SENSOR_2,sensor_node_2,D4:E9:F4:C3:37:14,184683,1847310913,0,0,NA,0,4085,9,124,0.997314,0.002197,0.030273,100,100,8,UNCALIBRATED_SENSOR_2,false,CALIBRATION_MISSING,CALIBRATION_MISSING,kx134_single_node_i2c.0.1.0,kx134.v3
kx134.v3,NODE_PROTOTYPE,2,KX134_SENSOR_2,sensor_node_2,D4:E9:F4:C3:37:14,184684,1847320913,0,0,NA,0,4109,-1,153,1.003174,-0.000244,0.037354,100,100,8,UNCALIBRATED_SENSOR_2,false,CALIBRATION_MISSING,CALIBRATION_MISSING,kx134_single_node_i2c.0.1.0,kx134.v3
kx134.v3,NODE_PROTOTYPE,2,KX134_SENSOR_2,sensor_node_2,D4:E9:F4:C3:37:14,184685,1847330914,0,0,NA,0,4089,-17,147,0.998291,-0.004150,0.035889,100,100,8,UNCALIBRATED_SENSOR_2,false,CALIBRATION_MISSING,CALIBRATION_MISSING,kx134_single_node_i2c.0.1.0,kx134.v3
kx134.v3,NODE_PROTOTYPE,2,KX134_SENSOR_2,sensor_node_2,D4:E9:F4:C3:37:14,184686,1847340914,0,0,NA,0,4075,-28,121,0.994873,-0.006836,0.029541,100,100,8,UNCALIBRATED_SENSOR_2,false,CALIBRATION_MISSING,CALIBRATION_MISSING,kx134_single_node_i2c.0.1.0,kx134.v3
kx134.v3,NODE_PROTOTYPE,2,KX134_SENSOR_2,sensor_node_2,D4:E9:F4:C3:37:14,184687,1847350914,0,0,NA,0,4076,-23,119,0.995117,-0.005615,0.029053,100,100,8,UNCALIBRATED_SENSOR_2,false,CALIBRATION_MISSING,CALIBRATION_MISSING,kx134_single_node_i2c.0.1.0,kx134.v3
kx134.v3,NODE_PROTOTYPE,2,KX134_SENSOR_2,sensor_node_2,D4:E9:F4:C3:37:14,184688,1847360914,0,0,NA,0,4061,-25,118,0.991455,-0.006104,0.028809,100,100,8,UNCALIBRATED_SENSOR_2,false,CALIBRATION_MISSING,CALIBRATION_MISSING,kx134_single_node_i2c.0.1.0,kx134.v3
kx134.v3,NODE_PROTOTYPE,2,KX134_SENSOR_2,sensor_node_2,D4:E9:F4:C3:37:14,184689,1847370914,0,0,NA,0,4062,-38,109,0.991699,-0.009277,0.026611,100,100,8,UNCALIBRATED_SENSOR_2,false,CALIBRATION_MISSING,CALIBRATION_MISSING,kx134_single_node_i2c.0.1.0,kx134.v3
kx134.v3,NODE_PROTOTYPE,2,KX134_SENSOR_2,sensor_node_2,D4:E9:F4:C3:37:14,184690,1847380914,0,0,NA,0,4107,-38,136,1.002686,-0.009277,0.033203,100,100,8,UNCALIBRATED_SENSOR_2,false,CALIBRATION_MISSING,CALIBRATION_MISSING,kx134_single_node_i2c.0.1.0,kx134.v3
kx134.v3,NODE_PROTOTYPE,2,KX134_SENSOR_2,sensor_node_2,D4:E9:F4:C3:37:14,184691,1847390914,0,0,NA,0,4125,-14,120,1.007080,-0.003418,0.029297,100,100,8,UNCALIBRATED_SENSOR_2,false,CALIBRATION_MISSING,CALIBRATION_MISSING,kx134_single_node_i2c.0.1.0,kx134.v3
kx134.v3,NODE_PROTOTYPE,2,KX134_SENSOR_2,sensor_node_2,D4:E9:F4:C3:37:14,184692,1847400914,0,0,NA,0,4122,-27,87,1.006348,-0.006592,0.021240,100,100,8,UNCALIBRATED_SENSOR_2,false,CALIBRATION_MISSING,CALIBRATION_MISSING,kx134_single_node_i2c.0.1.0,kx134.v3
kx134.v3,NODE_PROTOTYPE,2,KX134_SENSOR_2,sensor_node_2,D4:E9:F4:C3:37:14,184693,1847410914,0,0,NA,0,4117,-66,97,1.005127,-0.016113,0.023682,100,100,8,UNCALIBRATED_SENSOR_2,false,CALIBRATION_MISSING,CALIBRATION_MISSING,kx134_single_node_i2c.0.1.0,kx134.v3
kx134.v3,NODE_PROTOTYPE,2,KX134_SENSOR_2,sensor_node_2,D4:E9:F4:C3:37:14,184694,1847420913,0,0,NA,0,4109,-60,105,1.003174,-0.014648,0.025635,100,100,8,UNCALIBRATED_SENSOR_2,false,CALIBRATION_MISSING,CALIBRATION_MISSING,kx134_single_node_i2c.0.1.0,kx134.v3
kx134.v3,NODE_PROTOTYPE,2,KX134_SENSOR_2,sensor_node_2,D4:E9:F4:C3:37:14,184695,1847430913,0,0,NA,0,4117,-77,124,1.005127,-0.018799,0.030273,100,100,8,UNCALIBRATED_SENSOR_2,false,CALIBRATION_MISSING,CALIBRATION_MISSING,kx134_single_node_i2c.0.1.0,kx134.v3
kx134.v3,NODE_PROTOTYPE,2,KX134_SENSOR_2,sensor_node_2,D4:E9:F4:C3:37:14,184696,1847440913,0,0,NA,0,4097,-74,134,1.000244,-0.018066,0.032715,100,100,8,UNCALIBRATED_SENSOR_2,false,CALIBRATION_MISSING,CALIBRATION_MISSING,kx134_single_node_i2c.0.1.0,kx134.v3
kx134.v3,NODE_PROTOTYPE,2,KX134_SENSOR_2,sensor_node_2,D4:E9:F4:C3:37:14,184697,1847450914,0,0,NA,0,4084,-55,158,0.997070,-0.013428,0.038574,100,100,8,UNCALIBRATED_SENSOR_2,false,CALIBRATION_MISSING,CALIBRATION_MISSING,kx134_single_node_i2c.0.1.0,kx134.v3
kx134.v3,NODE_PROTOTYPE,2,KX134_SENSOR_2,sensor_node_2,D4:E9:F4:C3:37:14,184698,1847460913,0,0,NA,0,4091,-58,170,0.998779,-0.014160,0.041504,100,100,8,UNCALIBRATED_SENSOR_2,false,CALIBRATION_MISSING,CALIBRATION_MISSING,kx134_single_node_i2c.0.1.0,kx134.v3
kx134.v3,NODE_PROTOTYPE,2,KX134_SENSOR_2,sensor_node_2,D4:E9:F4:C3:37:14,184699,1847470913,0,0,NA,0,4102,-38,143,1.001465,-0.009277,0.034912,100,100,8,UNCALIBRATED_SENSOR_2,false,CALIBRATION_MISSING,CALIBRATION_MISSING,kx134_single_node_i2c.0.1.0,kx134.v3
kx134.v3,NODE_PROTOTYPE,2,KX134_SENSOR_2,sensor_node_2,D4:E9:F4:C3:37:14,184700,1847480914,0,0,NA,0,4095,-59,122,0.999756,-0.014404,0.029785,100,100,8,UNCALIBRATED_SENSOR_2,false,CALIBRATION_MISSING,CALIBRATION_MISSING,kx134_single_node_i2c.0.1.0,kx134.v3
kx134.v3,NODE_PROTOTYPE,2,KX134_SENSOR_2,sensor_node_2,D4:E9:F4:C3:37:14,184701,1847490913,0,0,NA,0,4084,-81,121,0.997070,-0.019775,0.029541,100,100,8,UNCALIBRATED_SENSOR_2,false,CALIBRATION_MISSING,CALIBRATION_MISSING,kx134_single_node_i2c.0.1.0,kx134.v3
kx134.v3,NODE_PROTOTYPE,2,KX134_SENSOR_2,sensor_node_2,D4:E9:F4:C3:37:14,184702,1847500913,0,0,NA,0,4106,-55,142,1.002441,-0.013428,0.034668,100,100,8,UNCALIBRATED_SENSOR_2,false,CALIBRATION_MISSING,CALIBRATION_MISSING,kx134_single_node_i2c.0.1.0,kx134.v3
kx134.v3,NODE_PROTOTYPE,2,KX134_SENSOR_2,sensor_node_2,D4:E9:F4:C3:37:14,184703,1847510913,0,0,NA,0,4116,-53,144,1.004883,-0.012939,0.035156,100,100,8,UNCALIBRATED_SENSOR_2,false,CALIBRATION_MISSING,CALIBRATION_MISSING,kx134_single_node_i2c.0.1.0,kx134.v3
kx134.v3,NODE_PROTOTYPE,2,KX134_SENSOR_2,sensor_node_2,D4:E9:F4:C3:37:14,184704,1847520913,0,0,NA,0,4104,-53,137,1.001953,-0.012939,0.033447,100,100,8,UNCALIBRATED_SENSOR_2,false,CALIBRATION_MISSING,CALIBRATION_MISSING,kx134_single_node_i2c.0.1.0,kx134.v3
kx134.v3,NODE_PROTOTYPE,2,KX134_SENSOR_2,sensor_node_2,D4:E9:F4:C3:37:14,184705,1847530913,0,0,NA,0,4096,-22,143,1.000000,-0.005371,0.034912,100,100,8,UNCALIBRATED_SENSOR_2,false,CALIBRATION_MISSING,CALIBRATION_MISSING,kx134_single_node_i2c.0.1.0,kx134.v3
kx134.v3,NODE_PROTOTYPE,2,KX134_SENSOR_2,sensor_node_2,D4:E9:F4:C3:37:14,184706,1847540913,0,0,NA,0,4089,-25,149,0.998291,-0.006104,0.036377,100,100,8,UNCALIBRATED_SENSOR_2,false,CALIBRATION_MISSING,CALIBRATION_MISSING,kx134_single_node_i2c.0.1.0,kx134.v3
kx134.v3,NODE_PROTOTYPE,2,KX134_SENSOR_2,sensor_node_2,D4:E9:F4:C3:37:14,184707,1847550913,0,0,NA,0,4070,-30,131,0.993652,-0.007324,0.031982,100,100,8,UNCALIBRATED_SENSOR_2,false,CALIBRATION_MISSING,CALIBRATION_MISSING,kx134_single_node_i2c.0.1.0,kx134.v3
kx134.v3,NODE_PROTOTYPE,2,KX134_SENSOR_2,sensor_node_2,D4:E9:F4:C3:37:14,184708,1847560914,0,0,NA,0,4080,-28,116,0.996094,-0.006836,0.028320,100,100,8,UNCALIBRATED_SENSOR_2,false,CALIBRATION_MISSING,CALIBRATION_MISSING,kx134_single_node_i2c.0.1.0,kx134.v3
kx134.v3,NODE_PROTOTYPE,2,KX134_SENSOR_2,sensor_node_2,D4:E9:F4:C3:37:14,184709,1847570914,0,0,NA,0,4094,-36,112,0.999512,-0.008789,0.027344,100,100,8,UNCALIBRATED_SENSOR_2,false,CALIBRATION_MISSING,CALIBRATION_MISSING,kx134_single_node_i2c.0.1.0,kx134.v3
kx134.v3,NODE_PROTOTYPE,2,KX134_SENSOR_2,sensor_node_2,D4:E9:F4:C3:37:14,184710,1847580914,0,0,NA,0,4086,-33,109,0.997559,-0.008057,0.026611,100,100,8,UNCALIBRATED_SENSOR_2,false,CALIBRATION_MISSING,CALIBRATION_MISSING,kx134_single_node_i2c.0.1.0,kx134.v3
kx134.v3,NODE_PROTOTYPE,2,KX134_SENSOR_2,sensor_node_2,D4:E9:F4:C3:37:14,184711,1847590913,0,0,NA,0,4075,-46,107,0.994873,-0.011230,0.026123,100,100,8,UNCALIBRATED_SENSOR_2,false,CALIBRATION_MISSING,CALIBRATION_MISSING,kx134_single_node_i2c.0.1.0,kx134.v3
kx134.v3,NODE_PROTOTYPE,2,KX134_SENSOR_2,sensor_node_2,D4:E9:F4:C3:37:14,184712,1847600914,0,0,NA,0,4076,-55,110,0.995117,-0.013428,0.026855,100,100,8,UNCALIBRATED_SENSOR_2,false,CALIBRATION_MISSING,CALIBRATION_MISSING,kx134_single_node_i2c.0.1.0,kx134.v3
kx134.v3,NODE_PROTOTYPE,2,KX134_SENSOR_2,sensor_node_2,D4:E9:F4:C3:37:14,184713,1847610913,0,0,NA,0,4072,-39,125,0.994141,-0.009521,0.030518,100,100,8,UNCALIBRATED_SENSOR_2,false,CALIBRATION_MISSING,CALIBRATION_MISSING,kx134_single_node_i2c.0.1.0,kx134.v3
kx134.v3,NODE_PROTOTYPE,2,KX134_SENSOR_2,sensor_node_2,D4:E9:F4:C3:37:14,184714,1847620913,0,0,NA,0,4067,-31,114,0.992920,-0.007568,0.027832,100,100,8,UNCALIBRATED_SENSOR_2,false,CALIBRATION_MISSING,CALIBRATION_MISSING,kx134_single_node_i2c.0.1.0,kx134.v3
kx134.v3,NODE_PROTOTYPE,2,KX134_SENSOR_2,sensor_node_2,D4:E9:F4:C3:37:14,184715,1847630913,0,0,NA,0,4080,-49,96,0.996094,-0.011963,0.023437,100,100,8,UNCALIBRATED_SENSOR_2,false,CALIBRATION_MISSING,CALIBRATION_MISSING,kx134_single_node_i2c.0.1.0,kx134.v3
kx134.v3,NODE_PROTOTYPE,2,KX134_SENSOR_2,sensor_node_2,D4:E9:F4:C3:37:14,184716,1847640913,0,0,NA,0,4074,-70,97,0.994629,-0.017090,0.023682,100,100,8,UNCALIBRATED_SENSOR_2,false,CALIBRATION_MISSING,CALIBRATION_MISSING,kx134_single_node_i2c.0.1.0,kx134.v3
kx134.v3,NODE_PROTOTYPE,2,KX134_SENSOR_2,sensor_node_2,D4:E9:F4:C3:37:14,184717,1847650914,0,0,NA,0,4081,-60,110,0.996338,-0.014648,0.026855,100,100,8,UNCALIBRATED_SENSOR_2,false,CALIBRATION_MISSING,CALIBRATION_MISSING,kx134_single_node_i2c.0.1.0,kx134.v3
kx134.v3,NODE_PROTOTYPE,2,KX134_SENSOR_2,sensor_node_2,D4:E9:F4:C3:37:14,184718,1847660913,0,0,NA,0,4100,-41,119,1.000977,-0.010010,0.029053,100,100,8,UNCALIBRATED_SENSOR_2,false,CALIBRATION_MISSING,CALIBRATION_MISSING,kx134_single_node_i2c.0.1.0,kx134.v3
kx134.v3,NODE_PROTOTYPE,2,KX134_SENSOR_2,sensor_node_2,D4:E9:F4:C3:37:14,184719,1847670914,0,0,NA,0,4079,-33,124,0.995850,-0.008057,0.030273,100,100,8,UNCALIBRATED_SENSOR_2,false,CALIBRATION_MISSING,CALIBRATION_MISSING,kx134_single_node_i2c.0.1.0,kx134.v3
kx134.v3,NODE_PROTOTYPE,2,KX134_SENSOR_2,sensor_node_2,D4:E9:F4:C3:37:14,184720,1847680913,0,0,NA,0,4052,-25,128,0.989258,-0.006104,0.031250,100,100,8,UNCALIBRATED_SENSOR_2,false,CALIBRATION_MISSING,CALIBRATION_MISSING,kx134_single_node_i2c.0.1.0,kx134.v3
kx134.v3,NODE_PROTOTYPE,2,KX134_SENSOR_2,sensor_node_2,D4:E9:F4:C3:37:14,184721,1847690913,0,0,NA,0,4053,-29,120,0.989502,-0.007080,0.029297,100,100,8,UNCALIBRATED_SENSOR_2,false,CALIBRATION_MISSING,CALIBRATION_MISSING,kx134_single_node_i2c.0.1.0,kx134.v3
kx134.v3,NODE_PROTOTYPE,2,KX134_SENSOR_2,sensor_node_2,D4:E9:F4:C3:37:14,184722,1847700914,0,0,NA,0,4045,-35,137,0.987549,-0.008545,0.033447,100,100,8,UNCALIBRATED_SENSOR_2,false,CALIBRATION_MISSING,CALIBRATION_MISSING,kx134_single_node_i2c.0.1.0,kx134.v3
kx134.v3,NODE_PROTOTYPE,2,KX134_SENSOR_2,sensor_node_2,D4:E9:F4:C3:37:14,184723,1847710913,0,0,NA,0,4044,-34,148,0.987305,-0.008301,0.036133,100,100,8,UNCALIBRATED_SENSOR_2,false,CALIBRATION_MISSING,CALIBRATION_MISSING,kx134_single_node_i2c.0.1.0,kx134.v3
kx134.v3,NODE_PROTOTYPE,2,KX134_SENSOR_2,sensor_node_2,D4:E9:F4:C3:37:14,184724,1847720914,0,0,NA,0,4056,-28,146,0.990234,-0.006836,0.035645,100,100,8,UNCALIBRATED_SENSOR_2,false,CALIBRATION_MISSING,CALIBRATION_MISSING,kx134_single_node_i2c.0.1.0,kx134.v3
kx134.v3,NODE_PROTOTYPE,2,KX134_SENSOR_2,sensor_node_2,D4:E9:F4:C3:37:14,184725,1847730914,0,0,NA,0,4070,-42,152,0.993652,-0.010254,0.037109,100,100,8,UNCALIBRATED_SENSOR_2,false,CALIBRATION_MISSING,CALIBRATION_MISSING,kx134_single_node_i2c.0.1.0,kx134.v3
kx134.v3,NODE_PROTOTYPE,2,KX134_SENSOR_2,sensor_node_2,D4:E9:F4:C3:37:14,184726,1847740914,0,0,NA,0,4097,-40,133,1.000244,-0.009766,0.032471,100,100,8,UNCALIBRATED_SENSOR_2,false,CALIBRATION_MISSING,CALIBRATION_MISSING,kx134_single_node_i2c.0.1.0,kx134.v3
kx134.v3,NODE_PROTOTYPE,2,KX134_SENSOR_2,sensor_node_2,D4:E9:F4:C3:37:14,184727,1847750913,0,0,NA,0,4108,-50,110,1.002930,-0.012207,0.026855,100,100,8,UNCALIBRATED_SENSOR_2,false,CALIBRATION_MISSING,CALIBRATION_MISSING,kx134_single_node_i2c.0.1.0,kx134.v3
kx134.v3,NODE_PROTOTYPE,2,KX134_SENSOR_2,sensor_node_2,D4:E9:F4:C3:37:14,184728,1847760913,0,0,NA,0,4117,-56,93,1.005127,-0.013672,0.022705,100,100,8,UNCALIBRATED_SENSOR_2,false,CALIBRATION_MISSING,CALIBRATION_MISSING,kx134_single_node_i2c.0.1.0,kx134.v3
kx134.v3,NODE_PROTOTYPE,2,KX134_SENSOR_2,sensor_node_2,D4:E9:F4:C3:37:14,184729,1847770913,0,0,NA,0,4134,-50,94,1.009277,-0.012207,0.022949,100,100,8,UNCALIBRATED_SENSOR_2,false,CALIBRATION_MISSING,CALIBRATION_MISSING,kx134_single_node_i2c.0.1.0,kx134.v3
kx134.v3,NODE_PROTOTYPE,2,KX134_SENSOR_2,sensor_node_2,D4:E9:F4:C3:37:14,184730,1847780913,0,0,NA,0,4126,-60,122,1.007324,-0.014648,0.029785,100,100,8,UNCALIBRATED_SENSOR_2,false,CALIBRATION_MISSING,CALIBRATION_MISSING,kx134_single_node_i2c.0.1.0,kx134.v3
kx134.v3,NODE_PROTOTYPE,2,KX134_SENSOR_2,sensor_node_2,D4:E9:F4:C3:37:14,184731,1847790913,0,0,NA,0,4110,-53,150,1.003418,-0.012939,0.036621,100,100,8,UNCALIBRATED_SENSOR_2,false,CALIBRATION_MISSING,CALIBRATION_MISSING,kx134_single_node_i2c.0.1.0,kx134.v3
kx134.v3,NODE_PROTOTYPE,2,KX134_SENSOR_2,sensor_node_2,D4:E9:F4:C3:37:14,184732,1847800913,0,0,NA,0,4080,-40,157,0.996094,-0.009766,0.038330,100,100,8,UNCALIBRATED_SENSOR_2,false,CALIBRATION_MISSING,CALIBRATION_MISSING,kx134_single_node_i2c.0.1.0,kx134.v3
kx134.v3,NODE_PROTOTYPE,2,KX134_SENSOR_2,sensor_node_2,D4:E9:F4:C3:37:14,184733,1847810913,0,0,NA,0,4068,-25,167,0.993164,-0.006104,0.040771,100,100,8,UNCALIBRATED_SENSOR_2,false,CALIBRATION_MISSING,CALIBRATION_MISSING,kx134_single_node_i2c.0.1.0,kx134.v3
kx134.v3,NODE_PROTOTYPE,2,KX134_SENSOR_2,sensor_node_2,D4:E9:F4:C3:37:14,184734,1847820913,0,0,NA,0,4087,-8,162,0.997803,-0.001953,0.039551,100,100,8,UNCALIBRATED_SENSOR_2,false,CALIBRATION_MISSING,CALIBRATION_MISSING,kx134_single_node_i2c.0.1.0,kx134.v3
kx134.v3,NODE_PROTOTYPE,2,KX134_SENSOR_2,sensor_node_2,D4:E9:F4:C3:37:14,184735,1847830914,0,0,NA,0,4130,-9,123,1.008301,-0.002197,0.030029,100,100,8,UNCALIBRATED_SENSOR_2,false,CALIBRATION_MISSING,CALIBRATION_MISSING,kx134_single_node_i2c.0.1.0,kx134.v3
kx134.v3,NODE_PROTOTYPE,2,KX134_SENSOR_2,sensor_node_2,D4:E9:F4:C3:37:14,184736,1847840914,0,0,NA,0,4185,-18,111,1.021729,-0.004395,0.027100,100,100,8,UNCALIBRATED_SENSOR_2,false,CALIBRATION_MISSING,CALIBRATION_MISSING,kx134_single_node_i2c.0.1.0,kx134.v3
kx134.v3,NODE_PROTOTYPE,2,KX134_SENSOR_2,sensor_node_2,D4:E9:F4:C3:37:14,184737,1847850913,0,0,NA,0,4224,-105,154,1.031250,-0.025635,0.037598,100,100,8,UNCALIBRATED_SENSOR_2,false,CALIBRATION_MISSING,CALIBRATION_MISSING,kx134_single_node_i2c.0.1.0,kx134.v3
kx134.v3,NODE_PROTOTYPE,2,KX134_SENSOR_2,sensor_node_2,D4:E9:F4:C3:37:14,184738,1847860913,0,0,NA,0,4259,-213,257,1.039795,-0.052002,0.062744,100,100,8,UNCALIBRATED_SENSOR_2,false,CALIBRATION_MISSING,CALIBRATION_MISSING,kx134_single_node_i2c.0.1.0,kx134.v3
kx134.v3,NODE_PROTOTYPE,2,KX134_SENSOR_2,sensor_node_2,D4:E9:F4:C3:37:14,184739,1847870913,0,0,NA,0,4301,-213,257,1.050049,-0.052002,0.062744,100,100,8,UNCALIBRATED_SENSOR_2,false,CALIBRATION_MISSING,CALIBRATION_MISSING,kx134_single_node_i2c.0.1.0,kx134.v3
kx134.v3,NODE_PROTOTYPE,2,KX134_SENSOR_2,sensor_node_2,D4:E9:F4:C3:37:14,184740,1847880914,0,0,NA,0,4301,-221,411,1.050049,-0.053955,0.100342,100,100,8,UNCALIBRATED_SENSOR_2,false,CALIBRATION_MISSING,CALIBRATION_MISSING,kx134_single_node_i2c.0.1.0,kx134.v3
kx134.v3,NODE_PROTOTYPE,2,KX134_SENSOR_2,sensor_node_2,D4:E9:F4:C3:37:14,184741,1847890913,0,0,NA,0,4139,-114,364,1.010498,-0.027832,0.088867,100,100,8,UNCALIBRATED_SENSOR_2,false,CALIBRATION_MISSING,CALIBRATION_MISSING,kx134_single_node_i2c.0.1.0,kx134.v3
kx134.v3,NODE_PROTOTYPE,2,KX134_SENSOR_2,sensor_node_2,D4:E9:F4:C3:37:14,184742,1847900914,0,0,NA,0,3948,-99,233,0.963867,-0.024170,0.056885,100,100,8,UNCALIBRATED_SENSOR_2,false,CALIBRATION_MISSING,CALIBRATION_MISSING,kx134_single_node_i2c.0.1.0,kx134.v3
kx134.v3,NODE_PROTOTYPE,2,KX134_SENSOR_2,sensor_node_2,D4:E9:F4:C3:37:14,184743,1847910914,0,0,NA,0,4133,-18,205,1.009033,-0.004395,0.050049,100,100,8,UNCALIBRATED_SENSOR_2,false,CALIBRATION_MISSING,CALIBRATION_MISSING,kx134_single_node_i2c.0.1.0,kx134.v3
kx134.v3,NODE_PROTOTYPE,2,KX134_SENSOR_2,sensor_node_2,D4:E9:F4:C3:37:14,184744,1847920914,0,0,NA,0,4326,156,134,1.056152,0.038086,0.032715,100,100,8,UNCALIBRATED_SENSOR_2,false,CALIBRATION_MISSING,CALIBRATION_MISSING,kx134_single_node_i2c.0.1.0,kx134.v3
kx134.v3,NODE_PROTOTYPE,2,KX134_SENSOR_2,sensor_node_2,D4:E9:F4:C3:37:14,184745,1847930913,0,0,NA,0,4105,99,73,1.002197,0.024170,0.017822,100,100,8,UNCALIBRATED_SENSOR_2,false,CALIBRATION_MISSING,CALIBRATION_MISSING,kx134_single_node_i2c.0.1.0,kx134.v3
kx134.v3,NODE_PROTOTYPE,2,KX134_SENSOR_2,sensor_node_2,D4:E9:F4:C3:37:14,184746,1847940913,0,0,NA,0,3998,2,5,0.976074,0.000488,0.001221,100,100,8,UNCALIBRATED_SENSOR_2,false,CALIBRATION_MISSING,CALIBRATION_MISSING,kx134_single_node_i2c.0.1.0,kx134.v3
kx134.v3,NODE_PROTOTYPE,2,KX134_SENSOR_2,sensor_node_2,D4:E9:F4:C3:37:14,184747,1847950913,0,0,NA,0,4123,-74,62,1.006592,-0.018066,0.015137,100,100,8,UNCALIBRATED_SENSOR_2,false,CALIBRATION_MISSING,CALIBRATION_MISSING,kx134_single_node_i2c.0.1.0,kx134.v3
kx134.v3,NODE_PROTOTYPE,2,KX134_SENSOR_2,sensor_node_2,D4:E9:F4:C3:37:14,184748,1847960914,0,0,NA,0,4189,-35,174,1.022705,-0.008545,0.042480,100,100,8,UNCALIBRATED_SENSOR_2,false,CALIBRATION_MISSING,CALIBRATION_MISSING,kx134_single_node_i2c.0.1.0,kx134.v3
kx134.v3,NODE_PROTOTYPE,2,KX134_SENSOR_2,sensor_node_2,D4:E9:F4:C3:37:14,184749,1847970914,0,0,NA,0,4197,0,155,1.024658,0.000000,0.037842,100,100,8,UNCALIBRATED_SENSOR_2,false,CALIBRATION_MISSING,CALIBRATION_MISSING,kx134_single_node_i2c.0.1.0,kx134.v3
kx134.v3,NODE_PROTOTYPE,2,KX134_SENSOR_2,sensor_node_2,D4:E9:F4:C3:37:14,184750,1847980913,0,0,NA,0,4133,-44,117,1.009033,-0.010742,0.028564,100,100,8,UNCALIBRATED_SENSOR_2,false,CALIBRATION_MISSING,CALIBRATION_MISSING,kx134_single_node_i2c.0.1.0,kx134.v3
kx134.v3,NODE_PROTOTYPE,2,KX134_SENSOR_2,sensor_node_2,D4:E9:F4:C3:37:14,184751,1847990914,0,0,NA,0,4119,-49,104,1.005615,-0.011963,0.025391,100,100,8,UNCALIBRATED_SENSOR_2,false,CALIBRATION_MISSING,CALIBRATION_MISSING,kx134_single_node_i2c.0.1.0,kx134.v3
kx134.v3,NODE_PROTOTYPE,2,KX134_SENSOR_2,sensor_node_2,D4:E9:F4:C3:37:14,184752,1848000913,0,0,NA,0,4133,-16,96,1.009033,-0.003906,0.023437,100,100,8,UNCALIBRATED_SENSOR_2,false,CALIBRATION_MISSING,CALIBRATION_MISSING,kx134_single_node_i2c.0.1.0,kx134.v3
kx134.v3,NODE_PROTOTYPE,2,KX134_SENSOR_2,sensor_node_2,D4:E9:F4:C3:37:14,184753,1848010913,0,0,NA,0,4136,12,111,1.009766,0.002930,0.027100,100,100,8,UNCALIBRATED_SENSOR_2,false,CALIBRATION_MISSING,CALIBRATION_MISSING,kx134_single_node_i2c.0.1.0,kx134.v3
kx134.v3,NODE_PROTOTYPE,2,KX134_SENSOR_2,sensor_node_2,D4:E9:F4:C3:37:14,184754,1848020913,0,0,NA,0,4098,-8,155,1.000488,-0.001953,0.037842,100,100,8,UNCALIBRATED_SENSOR_2,false,CALIBRATION_MISSING,CALIBRATION_MISSING,kx134_single_node_i2c.0.1.0,kx134.v3
kx134.v3,NODE_PROTOTYPE,2,KX134_SENSOR_2,sensor_node_2,D4:E9:F4:C3:37:14,184755,1848030913,0,0,NA,0,4096,-12,180,1.000000,-0.002930,0.043945,100,100,8,UNCALIBRATED_SENSOR_2,false,CALIBRATION_MISSING,CALIBRATION_MISSING,kx134_single_node_i2c.0.1.0,kx134.v3
kx134.v3,NODE_PROTOTYPE,2,KX134_SENSOR_2,sensor_node_2,D4:E9:F4:C3:37:14,184756,1848040913,0,0,NA,0,4111,-29,170,1.003662,-0.007080,0.041504,100,100,8,UNCALIBRATED_SENSOR_2,false,CALIBRATION_MISSING,CALIBRATION_MISSING,kx134_single_node_i2c.0.1.0,kx134.v3
kx134.v3,NODE_PROTOTYPE,2,KX134_SENSOR_2,sensor_node_2,D4:E9:F4:C3:37:14,184757,1848050913,0,0,NA,0,4107,-61,165,1.002686,-0.014893,0.040283,100,100,8,UNCALIBRATED_SENSOR_2,false,CALIBRATION_MISSING,CALIBRATION_MISSING,kx134_single_node_i2c.0.1.0,kx134.v3
kx134.v3,NODE_PROTOTYPE,2,KX134_SENSOR_2,sensor_node_2,D4:E9:F4:C3:37:14,184758,1848060913,0,0,NA,0,4070,-60,146,0.993652,-0.014648,0.035645,100,100,8,UNCALIBRATED_SENSOR_2,false,CALIBRATION_MISSING,CALIBRATION_MISSING,kx134_single_node_i2c.0.1.0,kx134.v3
kx134.v3,NODE_PROTOTYPE,2,KX134_SENSOR_2,sensor_node_2,D4:E9:F4:C3:37:14,184759,1848070913,0,0,NA,0,4066,-53,136,0.992676,-0.012939,0.033203,100,100,8,UNCALIBRATED_SENSOR_2,false,CALIBRATION_MISSING,CALIBRATION_MISSING,kx134_single_node_i2c.0.1.0,kx134.v3
kx134.v3,NODE_PROTOTYPE,2,KX134_SENSOR_2,sensor_node_2,D4:E9:F4:C3:37:14,184760,1848080913,0,0,NA,0,4123,-43,135,1.006592,-0.010498,0.032959,100,100,8,UNCALIBRATED_SENSOR_2,false,CALIBRATION_MISSING,CALIBRATION_MISSING,kx134_single_node_i2c.0.1.0,kx134.v3
kx134.v3,NODE_PROTOTYPE,2,KX134_SENSOR_2,sensor_node_2,D4:E9:F4:C3:37:14,184761,1848090913,0,0,NA,0,4112,-40,147,1.003906,-0.009766,0.035889,100,100,8,UNCALIBRATED_SENSOR_2,false,CALIBRATION_MISSING,CALIBRATION_MISSING,kx134_single_node_i2c.0.1.0,kx134.v3
kx134.v3,NODE_PROTOTYPE,2,KX134_SENSOR_2,sensor_node_2,D4:E9:F4:C3:37:14,184762,1848100914,0,0,NA,0,4089,-32,157,0.998291,-0.007813,0.038330,100,100,8,UNCALIBRATED_SENSOR_2,false,CALIBRATION_MISSING,CALIBRATION_MISSING,kx134_single_node_i2c.0.1.0,kx134.v3
kx134.v3,NODE_PROTOTYPE,2,KX134_SENSOR_2,sensor_node_2,D4:E9:F4:C3:37:14,184763,1848110914,0,0,NA,0,4072,-26,141,0.994141,-0.006348,0.034424,100,100,8,UNCALIBRATED_SENSOR_2,false,CALIBRATION_MISSING,CALIBRATION_MISSING,kx134_single_node_i2c.0.1.0,kx134.v3
kx134.v3,NODE_PROTOTYPE,2,KX134_SENSOR_2,sensor_node_2,D4:E9:F4:C3:37:14,184764,1848120913,0,0,NA,0,4052,-40,151,0.989258,-0.009766,0.036865,100,100,8,UNCALIBRATED_SENSOR_2,false,CALIBRATION_MISSING,CALIBRATION_MISSING,kx134_single_node_i2c.0.1.0,kx134.v3
kx134.v3,NODE_PROTOTYPE,2,KX134_SENSOR_2,sensor_node_2,D4:E9:F4:C3:37:14,184765,1848130914,0,0,NA,0,4059,-46,144,0.990967,-0.011230,0.035156,100,100,8,UNCALIBRATED_SENSOR_2,false,CALIBRATION_MISSING,CALIBRATION_MISSING,kx134_single_node_i2c.0.1.0,kx134.v3
kx134.v3,NODE_PROTOTYPE,2,KX134_SENSOR_2,sensor_node_2,D4:E9:F4:C3:37:14,184766,1848140913,0,0,NA,0,4067,-58,112,0.992920,-0.014160,0.027344,100,100,8,UNCALIBRATED_SENSOR_2,false,CALIBRATION_MISSING,CALIBRATION_MISSING,kx134_single_node_i2c.0.1.0,kx134.v3
kx134.v3,NODE_PROTOTYPE,2,KX134_SENSOR_2,sensor_node_2,D4:E9:F4:C3:37:14,184767,1848150913,0,0,NA,0,4110,-62,86,1.003418,-0.015137,0.020996,100,100,8,UNCALIBRATED_SENSOR_2,false,CALIBRATION_MISSING,CALIBRATION_MISSING,kx134_single_node_i2c.0.1.0,kx134.v3
kx134.v3,NODE_PROTOTYPE,2,KX134_SENSOR_2,sensor_node_2,D4:E9:F4:C3:37:14,184768,1848160914,0,0,NA,0,4106,-67,69,1.002441,-0.016357,0.016846,100,100,8,UNCALIBRATED_SENSOR_2,false,CALIBRATION_MISSING,CALIBRATION_MISSING,kx134_single_node_i2c.0.1.0,kx134.v3
kx134.v3,NODE_PROTOTYPE,2,KX134_SENSOR_2,sensor_node_2,D4:E9:F4:C3:37:14,184769,1848170913,0,0,NA,0,4053,-53,74,0.989502,-0.012939,0.018066,100,100,8,UNCALIBRATED_SENSOR_2,false,CALIBRATION_MISSING,CALIBRATION_MISSING,kx134_single_node_i2c.0.1.0,kx134.v3
kx134.v3,NODE_PROTOTYPE,2,KX134_SENSOR_2,sensor_node_2,D4:E9:F4:C3:37:14,184770,1848180913,0,0,NA,0,4046,-25,91,0.987793,-0.006104,0.022217,100,100,8,UNCALIBRATED_SENSOR_2,false,CALIBRATION_MISSING,CALIBRATION_MISSING,kx134_single_node_i2c.0.1.0,kx134.v3
kx134.v3,NODE_PROTOTYPE,2,KX134_SENSOR_2,sensor_node_2,D4:E9:F4:C3:37:14,184771,1848190913,0,0,NA,0,4045,-23,90,0.987549,-0.005615,0.021973,100,100,8,UNCALIBRATED_SENSOR_2,false,CALIBRATION_MISSING,CALIBRATION_MISSING,kx134_single_node_i2c.0.1.0,kx134.v3
kx134.v3,NODE_PROTOTYPE,2,KX134_SENSOR_2,sensor_node_2,D4:E9:F4:C3:37:14,184772,1848200914,0,0,NA,0,4065,-44,102,0.992432,-0.010742,0.024902,100,100,8,UNCALIBRATED_SENSOR_2,false,CALIBRATION_MISSING,CALIBRATION_MISSING,kx134_single_node_i2c.0.1.0,kx134.v3
kx134.v3,NODE_PROTOTYPE,2,KX134_SENSOR_2,sensor_node_2,D4:E9:F4:C3:37:14,184773,1848210914,0,0,NA,0,4085,-50,115,0.997314,-0.012207,0.028076,100,100,8,UNCALIBRATED_SENSOR_2,false,CALIBRATION_MISSING,CALIBRATION_MISSING,kx134_single_node_i2c.0.1.0,kx134.v3
kx134.v3,NODE_PROTOTYPE,2,KX134_SENSOR_2,sensor_node_2,D4:E9:F4:C3:37:14,184774,1848220914,0,0,NA,0,4071,-41,104,0.993896,-0.010010,0.025391,100,100,8,UNCALIBRATED_SENSOR_2,false,CALIBRATION_MISSING,CALIBRATION_MISSING,kx134_single_node_i2c.0.1.0,kx134.v3
kx134.v3,NODE_PROTOTYPE,2,KX134_SENSOR_2,sensor_node_2,D4:E9:F4:C3:37:14,184775,1848230913,0,0,NA,0,4082,-41,124,0.996582,-0.010010,0.030273,100,100,8,UNCALIBRATED_SENSOR_2,false,CALIBRATION_MISSING,CALIBRATION_MISSING,kx134_single_node_i2c.0.1.0,kx134.v3
kx134.v3,NODE_PROTOTYPE,2,KX134_SENSOR_2,sensor_node_2,D4:E9:F4:C3:37:14,184776,1848240913,0,0,NA,0,4101,-47,139,1.001221,-0.011475,0.033936,100,100,8,UNCALIBRATED_SENSOR_2,false,CALIBRATION_MISSING,CALIBRATION_MISSING,kx134_single_node_i2c.0.1.0,kx134.v3
kx134.v3,NODE_PROTOTYPE,2,KX134_SENSOR_2,sensor_node_2,D4:E9:F4:C3:37:14,184777,1848250913,0,0,NA,0,4088,-38,151,0.998047,-0.009277,0.036865,100,100,8,UNCALIBRATED_SENSOR_2,false,CALIBRATION_MISSING,CALIBRATION_MISSING,kx134_single_node_i2c.0.1.0,kx134.v3
kx134.v3,NODE_PROTOTYPE,2,KX134_SENSOR_2,sensor_node_2,D4:E9:F4:C3:37:14,184778,1848260913,0,0,NA,0,4065,-29,171,0.992432,-0.007080,0.041748,100,100,8,UNCALIBRATED_SENSOR_2,false,CALIBRATION_MISSING,CALIBRATION_MISSING,kx134_single_node_i2c.0.1.0,kx134.v3
kx134.v3,NODE_PROTOTYPE,2,KX134_SENSOR_2,sensor_node_2,D4:E9:F4:C3:37:14,184779,1848270914,0,0,NA,0,4072,-47,180,0.994141,-0.011475,0.043945,100,100,8,UNCALIBRATED_SENSOR_2,false,CALIBRATION_MISSING,CALIBRATION_MISSING,kx134_single_node_i2c.0.1.0,kx134.v3
kx134.v3,NODE_PROTOTYPE,2,KX134_SENSOR_2,sensor_node_2,D4:E9:F4:C3:37:14,184780,1848280914,0,0,NA,0,4093,-44,165,0.999268,-0.010742,0.040283,100,100,8,UNCALIBRATED_SENSOR_2,false,CALIBRATION_MISSING,CALIBRATION_MISSING,kx134_single_node_i2c.0.1.0,kx134.v3
kx134.v3,NODE_PROTOTYPE,2,KX134_SENSOR_2,sensor_node_2,D4:E9:F4:C3:37:14,184781,1848290913,0,0,NA,0,4112,-16,132,1.003906,-0.003906,0.032227,100,100,8,UNCALIBRATED_SENSOR_2,false,CALIBRATION_MISSING,CALIBRATION_MISSING,kx134_single_node_i2c.0.1.0,kx134.v3
kx134.v3,NODE_PROTOTYPE,2,KX134_SENSOR_2,sensor_node_2,D4:E9:F4:C3:37:14,184782,1848300913,0,0,NA,0,4105,-16,121,1.002197,-0.003906,0.029541,100,100,8,UNCALIBRATED_SENSOR_2,false,CALIBRATION_MISSING,CALIBRATION_MISSING,kx134_single_node_i2c.0.1.0,kx134.v3
kx134.v3,NODE_PROTOTYPE,2,KX134_SENSOR_2,sensor_node_2,D4:E9:F4:C3:37:14,184783,1848310913,0,0,NA,0,4060,-35,91,0.991211,-0.008545,0.022217,100,100,8,UNCALIBRATED_SENSOR_2,false,CALIBRATION_MISSING,CALIBRATION_MISSING,kx134_single_node_i2c.0.1.0,kx134.v3
kx134.v3,NODE_PROTOTYPE,2,KX134_SENSOR_2,sensor_node_2,D4:E9:F4:C3:37:14,184784,1848320913,0,0,NA,0,4059,-62,89,0.990967,-0.015137,0.021729,100,100,8,UNCALIBRATED_SENSOR_2,false,CALIBRATION_MISSING,CALIBRATION_MISSING,kx134_single_node_i2c.0.1.0,kx134.v3
kx134.v3,NODE_PROTOTYPE,2,KX134_SENSOR_2,sensor_node_2,D4:E9:F4:C3:37:14,184785,1848330914,0,0,NA,0,4090,-65,116,0.998535,-0.015869,0.028320,100,100,8,UNCALIBRATED_SENSOR_2,false,CALIBRATION_MISSING,CALIBRATION_MISSING,kx134_single_node_i2c.0.1.0,kx134.v3
kx134.v3,NODE_PROTOTYPE,2,KX134_SENSOR_2,sensor_node_2,D4:E9:F4:C3:37:14,184786,1848340913,0,0,NA,0,4086,-46,99,0.997559,-0.011230,0.024170,100,100,8,UNCALIBRATED_SENSOR_2,false,CALIBRATION_MISSING,CALIBRATION_MISSING,kx134_single_node_i2c.0.1.0,kx134.v3
kx134.v3,NODE_PROTOTYPE,2,KX134_SENSOR_2,sensor_node_2,D4:E9:F4:C3:37:14,184787,1848350913,0,0,NA,0,4090,-67,101,0.998535,-0.016357,0.024658,100,100,8,UNCALIBRATED_SENSOR_2,false,CALIBRATION_MISSING,CALIBRATION_MISSING,kx134_single_node_i2c.0.1.0,kx134.v3
kx134.v3,NODE_PROTOTYPE,2,KX134_SENSOR_2,sensor_node_2,D4:E9:F4:C3:37:14,184788,1848360914,0,0,NA,0,4092,-89,128,0.999023,-0.021729,0.031250,100,100,8,UNCALIBRATED_SENSOR_2,false,CALIBRATION_MISSING,CALIBRATION_MISSING,kx134_single_node_i2c.0.1.0,kx134.v3
kx134.v3,NODE_PROTOTYPE,2,KX134_SENSOR_2,sensor_node_2,D4:E9:F4:C3:37:14,184789,1848370914,0,0,NA,0,4075,-80,125,0.994873,-0.019531,0.030518,100,100,8,UNCALIBRATED_SENSOR_2,false,CALIBRATION_MISSING,CALIBRATION_MISSING,kx134_single_node_i2c.0.1.0,kx134.v3
kx134.v3,NODE_PROTOTYPE,2,KX134_SENSOR_2,sensor_node_2,D4:E9:F4:C3:37:14,184790,1848380913,0,0,NA,0,4084,-68,117,0.997070,-0.016602,0.028564,100,100,8,UNCALIBRATED_SENSOR_2,false,CALIBRATION_MISSING,CALIBRATION_MISSING,kx134_single_node_i2c.0.1.0,kx134.v3
kx134.v3,NODE_PROTOTYPE,2,KX134_SENSOR_2,sensor_node_2,D4:E9:F4:C3:37:14,184791,1848390913,0,0,NA,0,4115,-52,158,1.004639,-0.012695,0.038574,100,100,8,UNCALIBRATED_SENSOR_2,false,CALIBRATION_MISSING,CALIBRATION_MISSING,kx134_single_node_i2c.0.1.0,kx134.v3
kx134.v3,NODE_PROTOTYPE,2,KX134_SENSOR_2,sensor_node_2,D4:E9:F4:C3:37:14,184792,1848400913,0,0,NA,0,4108,-47,175,1.002930,-0.011475,0.042725,100,100,8,UNCALIBRATED_SENSOR_2,false,CALIBRATION_MISSING,CALIBRATION_MISSING,kx134_single_node_i2c.0.1.0,kx134.v3
kx134.v3,NODE_PROTOTYPE,2,KX134_SENSOR_2,sensor_node_2,D4:E9:F4:C3:37:14,184793,1848410914,0,0,NA,0,4100,-68,156,1.000977,-0.016602,0.038086,100,100,8,UNCALIBRATED_SENSOR_2,false,CALIBRATION_MISSING,CALIBRATION_MISSING,kx134_single_node_i2c.0.1.0,kx134.v3
kx134.v3,NODE_PROTOTYPE,2,KX134_SENSOR_2,sensor_node_2,D4:E9:F4:C3:37:14,184794,1848420914,0,0,NA,0,4127,-82,139,1.007568,-0.020020,0.033936,100,100,8,UNCALIBRATED_SENSOR_2,false,CALIBRATION_MISSING,CALIBRATION_MISSING,kx134_single_node_i2c.0.1.0,kx134.v3
kx134.v3,NODE_PROTOTYPE,2,KX134_SENSOR_2,sensor_node_2,D4:E9:F4:C3:37:14,184795,1848430913,0,0,NA,0,4115,-63,112,1.004639,-0.015381,0.027344,100,100,8,UNCALIBRATED_SENSOR_2,false,CALIBRATION_MISSING,CALIBRATION_MISSING,kx134_single_node_i2c.0.1.0,kx134.v3
kx134.v3,NODE_PROTOTYPE,2,KX134_SENSOR_2,sensor_node_2,D4:E9:F4:C3:37:14,184796,1848440913,0,0,NA,0,4104,-51,94,1.001953,-0.012451,0.022949,100,100,8,UNCALIBRATED_SENSOR_2,false,CALIBRATION_MISSING,CALIBRATION_MISSING,kx134_single_node_i2c.0.1.0,kx134.v3
kx134.v3,NODE_PROTOTYPE,2,KX134_SENSOR_2,sensor_node_2,D4:E9:F4:C3:37:14,184797,1848450913,0,0,NA,0,4097,-50,66,1.000244,-0.012207,0.016113,100,100,8,UNCALIBRATED_SENSOR_2,false,CALIBRATION_MISSING,CALIBRATION_MISSING,kx134_single_node_i2c.0.1.0,kx134.v3
kx134.v3,NODE_PROTOTYPE,2,KX134_SENSOR_2,sensor_node_2,D4:E9:F4:C3:37:14,184798,1848460913,0,0,NA,0,4100,-54,82,1.000977,-0.013184,0.020020,100,100,8,UNCALIBRATED_SENSOR_2,false,CALIBRATION_MISSING,CALIBRATION_MISSING,kx134_single_node_i2c.0.1.0,kx134.v3
kx134.v3,NODE_PROTOTYPE,2,KX134_SENSOR_2,sensor_node_2,D4:E9:F4:C3:37:14,184799,1848470913,0,0,NA,0,4133,-71,116,1.009033,-0.017334,0.028320,100,100,8,UNCALIBRATED_SENSOR_2,false,CALIBRATION_MISSING,CALIBRATION_MISSING,kx134_single_node_i2c.0.1.0,kx134.v3
kx134.v3,NODE_PROTOTYPE,2,KX134_SENSOR_2,sensor_node_2,D4:E9:F4:C3:37:14,184800,1848480913,0,0,NA,0,4137,-63,133,1.010010,-0.015381,0.032471,100,100,8,UNCALIBRATED_SENSOR_2,false,CALIBRATION_MISSING,CALIBRATION_MISSING,kx134_single_node_i2c.0.1.0,kx134.v3
kx134.v3,NODE_PROTOTYPE,2,KX134_SENSOR_2,sensor_node_2,D4:E9:F4:C3:37:14,184801,1848490914,0,0,NA,0,4129,-36,156,1.008057,-0.008789,0.038086,100,100,8,UNCALIBRATED_SENSOR_2,false,CALIBRATION_MISSING,CALIBRATION_MISSING,kx134_single_node_i2c.0.1.0,kx134.v3
kx134.v3,NODE_PROTOTYPE,2,KX134_SENSOR_2,sensor_node_2,D4:E9:F4:C3:37:14,184802,1848500914,0,0,NA,0,4120,-22,164,1.005859,-0.005371,0.040039,100,100,8,UNCALIBRATED_SENSOR_2,false,CALIBRATION_MISSING,CALIBRATION_MISSING,kx134_single_node_i2c.0.1.0,kx134.v3
kx134.v3,NODE_PROTOTYPE,2,KX134_SENSOR_2,sensor_node_2,D4:E9:F4:C3:37:14,184803,1848510914,0,0,NA,0,4095,1,162,0.999756,0.000244,0.039551,100,100,8,UNCALIBRATED_SENSOR_2,false,CALIBRATION_MISSING,CALIBRATION_MISSING,kx134_single_node_i2c.0.1.0,kx134.v3
kx134.v3,NODE_PROTOTYPE,2,KX134_SENSOR_2,sensor_node_2,D4:E9:F4:C3:37:14,184804,1848520913,0,0,NA,0,4067,29,149,0.992920,0.007080,0.036377,100,100,8,UNCALIBRATED_SENSOR_2,false,CALIBRATION_MISSING,CALIBRATION_MISSING,kx134_single_node_i2c.0.1.0,kx134.v3
kx134.v3,NODE_PROTOTYPE,2,KX134_SENSOR_2,sensor_node_2,D4:E9:F4:C3:37:14,184805,1848530913,0,0,NA,0,4083,9,128,0.996826,0.002197,0.031250,100,100,8,UNCALIBRATED_SENSOR_2,false,CALIBRATION_MISSING,CALIBRATION_MISSING,kx134_single_node_i2c.0.1.0,kx134.v3
kx134.v3,NODE_PROTOTYPE,2,KX134_SENSOR_2,sensor_node_2,D4:E9:F4:C3:37:14,184806,1848540913,0,0,NA,0,4104,-31,130,1.001953,-0.007568,0.031738,100,100,8,UNCALIBRATED_SENSOR_2,false,CALIBRATION_MISSING,CALIBRATION_MISSING,kx134_single_node_i2c.0.1.0,kx134.v3
kx134.v3,NODE_PROTOTYPE,2,KX134_SENSOR_2,sensor_node_2,D4:E9:F4:C3:37:14,184807,1848550913,0,0,NA,0,4086,-35,121,0.997559,-0.008545,0.029541,100,100,8,UNCALIBRATED_SENSOR_2,false,CALIBRATION_MISSING,CALIBRATION_MISSING,kx134_single_node_i2c.0.1.0,kx134.v3
kx134.v3,NODE_PROTOTYPE,2,KX134_SENSOR_2,sensor_node_2,D4:E9:F4:C3:37:14,184808,1848560914,0,0,NA,0,4076,-32,110,0.995117,-0.007813,0.026855,100,100,8,UNCALIBRATED_SENSOR_2,false,CALIBRATION_MISSING,CALIBRATION_MISSING,kx134_single_node_i2c.0.1.0,kx134.v3
kx134.v3,NODE_PROTOTYPE,2,KX134_SENSOR_2,sensor_node_2,D4:E9:F4:C3:37:14,184809,1848570913,0,0,NA,0,4072,-42,104,0.994141,-0.010254,0.025391,100,100,8,UNCALIBRATED_SENSOR_2,false,CALIBRATION_MISSING,CALIBRATION_MISSING,kx134_single_node_i2c.0.1.0,kx134.v3
kx134.v3,NODE_PROTOTYPE,2,KX134_SENSOR_2,sensor_node_2,D4:E9:F4:C3:37:14,184810,1848580914,0,0,NA,0,4090,-25,96,0.998535,-0.006104,0.023437,100,100,8,UNCALIBRATED_SENSOR_2,false,CALIBRATION_MISSING,CALIBRATION_MISSING,kx134_single_node_i2c.0.1.0,kx134.v3
kx134.v3,NODE_PROTOTYPE,2,KX134_SENSOR_2,sensor_node_2,D4:E9:F4:C3:37:14,184811,1848590913,0,0,NA,0,4119,-20,116,1.005615,-0.004883,0.028320,100,100,8,UNCALIBRATED_SENSOR_2,false,CALIBRATION_MISSING,CALIBRATION_MISSING,kx134_single_node_i2c.0.1.0,kx134.v3
kx134.v3,NODE_PROTOTYPE,2,KX134_SENSOR_2,sensor_node_2,D4:E9:F4:C3:37:14,184812,1848600913,0,0,NA,0,4127,-16,111,1.007568,-0.003906,0.027100,100,100,8,UNCALIBRATED_SENSOR_2,false,CALIBRATION_MISSING,CALIBRATION_MISSING,kx134_single_node_i2c.0.1.0,kx134.v3
kx134.v3,NODE_PROTOTYPE,2,KX134_SENSOR_2,sensor_node_2,D4:E9:F4:C3:37:14,184813,1848610914,0,0,NA,0,4127,-17,116,1.007568,-0.004150,0.028320,100,100,8,UNCALIBRATED_SENSOR_2,false,CALIBRATION_MISSING,CALIBRATION_MISSING,kx134_single_node_i2c.0.1.0,kx134.v3
kx134.v3,NODE_PROTOTYPE,2,KX134_SENSOR_2,sensor_node_2,D4:E9:F4:C3:37:14,184814,1848620913,0,0,NA,0,4113,-13,134,1.004150,-0.003174,0.032715,100,100,8,UNCALIBRATED_SENSOR_2,false,CALIBRATION_MISSING,CALIBRATION_MISSING,kx134_single_node_i2c.0.1.0,kx134.v3
kx134.v3,NODE_PROTOTYPE,2,KX134_SENSOR_2,sensor_node_2,D4:E9:F4:C3:37:14,184815,1848630914,0,0,NA,0,4090,4,126,0.998535,0.000977,0.030762,100,100,8,UNCALIBRATED_SENSOR_2,false,CALIBRATION_MISSING,CALIBRATION_MISSING,kx134_single_node_i2c.0.1.0,kx134.v3
kx134.v3,NODE_PROTOTYPE,2,KX134_SENSOR_2,sensor_node_2,D4:E9:F4:C3:37:14,184816,1848640913,0,0,NA,0,4094,-14,111,0.999512,-0.003418,0.027100,100,100,8,UNCALIBRATED_SENSOR_2,false,CALIBRATION_MISSING,CALIBRATION_MISSING,kx134_single_node_i2c.0.1.0,kx134.v3
kx134.v3,NODE_PROTOTYPE,2,KX134_SENSOR_2,sensor_node_2,D4:E9:F4:C3:37:14,184817,1848650913,0,0,NA,0,4108,-20,113,1.002930,-0.004883,0.027588,100,100,8,UNCALIBRATED_SENSOR_2,false,CALIBRATION_MISSING,CALIBRATION_MISSING,kx134_single_node_i2c.0.1.0,kx134.v3
kx134.v3,NODE_PROTOTYPE,2,KX134_SENSOR_2,sensor_node_2,D4:E9:F4:C3:37:14,184818,1848660913,0,0,NA,0,4149,-22,150,1.012939,-0.005371,0.036621,100,100,8,UNCALIBRATED_SENSOR_2,false,CALIBRATION_MISSING,CALIBRATION_MISSING,kx134_single_node_i2c.0.1.0,kx134.v3
kx134.v3,NODE_PROTOTYPE,2,KX134_SENSOR_2,sensor_node_2,D4:E9:F4:C3:37:14,184819,1848670914,0,0,NA,0,4157,-24,169,1.014893,-0.005859,0.041260,100,100,8,UNCALIBRATED_SENSOR_2,false,CALIBRATION_MISSING,CALIBRATION_MISSING,kx134_single_node_i2c.0.1.0,kx134.v3
kx134.v3,NODE_PROTOTYPE,2,KX134_SENSOR_2,sensor_node_2,D4:E9:F4:C3:37:14,184820,1848680913,0,0,NA,0,4130,-3,155,1.008301,-0.000732,0.037842,100,100,8,UNCALIBRATED_SENSOR_2,false,CALIBRATION_MISSING,CALIBRATION_MISSING,kx134_single_node_i2c.0.1.0,kx134.v3
kx134.v3,NODE_PROTOTYPE,2,KX134_SENSOR_2,sensor_node_2,D4:E9:F4:C3:37:14,184821,1848690913,0,0,NA,0,4090,-11,134,0.998535,-0.002686,0.032715,100,100,8,UNCALIBRATED_SENSOR_2,false,CALIBRATION_MISSING,CALIBRATION_MISSING,kx134_single_node_i2c.0.1.0,kx134.v3
kx134.v3,NODE_PROTOTYPE,2,KX134_SENSOR_2,sensor_node_2,D4:E9:F4:C3:37:14,184822,1848700914,0,0,NA,0,4048,-46,137,0.988281,-0.011230,0.033447,100,100,8,UNCALIBRATED_SENSOR_2,false,CALIBRATION_MISSING,CALIBRATION_MISSING,kx134_single_node_i2c.0.1.0,kx134.v3
kx134.v3,NODE_PROTOTYPE,2,KX134_SENSOR_2,sensor_node_2,D4:E9:F4:C3:37:14,184823,1848710913,0,0,NA,0,4060,-63,146,0.991211,-0.015381,0.035645,100,100,8,UNCALIBRATED_SENSOR_2,false,CALIBRATION_MISSING,CALIBRATION_MISSING,kx134_single_node_i2c.0.1.0,kx134.v3
kx134.v3,NODE_PROTOTYPE,2,KX134_SENSOR_2,sensor_node_2,D4:E9:F4:C3:37:14,184824,1848720914,0,0,NA,0,4072,-64,155,0.994141,-0.015625,0.037842,100,100,8,UNCALIBRATED_SENSOR_2,false,CALIBRATION_MISSING,CALIBRATION_MISSING,kx134_single_node_i2c.0.1.0,kx134.v3
kx134.v3,NODE_PROTOTYPE,2,KX134_SENSOR_2,sensor_node_2,D4:E9:F4:C3:37:14,184825,1848730914,0,0,NA,0,4080,-67,156,0.996094,-0.016357,0.038086,100,100,8,UNCALIBRATED_SENSOR_2,false,CALIBRATION_MISSING,CALIBRATION_MISSING,kx134_single_node_i2c.0.1.0,kx134.v3
kx134.v3,NODE_PROTOTYPE,2,KX134_SENSOR_2,sensor_node_2,D4:E9:F4:C3:37:14,184826,1848740913,0,0,NA,0,4087,-43,145,0.997803,-0.010498,0.035400,100,100,8,UNCALIBRATED_SENSOR_2,false,CALIBRATION_MISSING,CALIBRATION_MISSING,kx134_single_node_i2c.0.1.0,kx134.v3
kx134.v3,NODE_PROTOTYPE,2,KX134_SENSOR_2,sensor_node_2,D4:E9:F4:C3:37:14,184827,1848750913,0,0,NA,0,4085,-13,141,0.997314,-0.003174,0.034424,100,100,8,UNCALIBRATED_SENSOR_2,false,CALIBRATION_MISSING,CALIBRATION_MISSING,kx134_single_node_i2c.0.1.0,kx134.v3
kx134.v3,NODE_PROTOTYPE,2,KX134_SENSOR_2,sensor_node_2,D4:E9:F4:C3:37:14,184828,1848760914,0,0,NA,0,4058,-23,141,0.990723,-0.005615,0.034424,100,100,8,UNCALIBRATED_SENSOR_2,false,CALIBRATION_MISSING,CALIBRATION_MISSING,kx134_single_node_i2c.0.1.0,kx134.v3
kx134.v3,NODE_PROTOTYPE,2,KX134_SENSOR_2,sensor_node_2,D4:E9:F4:C3:37:14,184829,1848770914,0,0,NA,0,4055,-51,155,0.989990,-0.012451,0.037842,100,100,8,UNCALIBRATED_SENSOR_2,false,CALIBRATION_MISSING,CALIBRATION_MISSING,kx134_single_node_i2c.0.1.0,kx134.v3
kx134.v3,NODE_PROTOTYPE,2,KX134_SENSOR_2,sensor_node_2,D4:E9:F4:C3:37:14,184830,1848780913,0,0,NA,0,4099,-68,135,1.000732,-0.016602,0.032959,100,100,8,UNCALIBRATED_SENSOR_2,false,CALIBRATION_MISSING,CALIBRATION_MISSING,kx134_single_node_i2c.0.1.0,kx134.v3
kx134.v3,NODE_PROTOTYPE,2,KX134_SENSOR_2,sensor_node_2,D4:E9:F4:C3:37:14,184831,1848790914,0,0,NA,0,4118,-91,102,1.005371,-0.022217,0.024902,100,100,8,UNCALIBRATED_SENSOR_2,false,CALIBRATION_MISSING,CALIBRATION_MISSING,kx134_single_node_i2c.0.1.0,kx134.v3
kx134.v3,NODE_PROTOTYPE,2,KX134_SENSOR_2,sensor_node_2,D4:E9:F4:C3:37:14,184832,1848800914,0,0,NA,0,4105,-99,94,1.002197,-0.024170,0.022949,100,100,8,UNCALIBRATED_SENSOR_2,false,CALIBRATION_MISSING,CALIBRATION_MISSING,kx134_single_node_i2c.0.1.0,kx134.v3
kx134.v3,NODE_PROTOTYPE,2,KX134_SENSOR_2,sensor_node_2,D4:E9:F4:C3:37:14,184833,1848810913,0,0,NA,0,4091,-80,117,0.998779,-0.019531,0.028564,100,100,8,UNCALIBRATED_SENSOR_2,false,CALIBRATION_MISSING,CALIBRATION_MISSING,kx134_single_node_i2c.0.1.0,kx134.v3
kx134.v3,NODE_PROTOTYPE,2,KX134_SENSOR_2,sensor_node_2,D4:E9:F4:C3:37:14,184834,1848820913,0,0,NA,0,4081,-80,141,0.996338,-0.019531,0.034424,100,100,8,UNCALIBRATED_SENSOR_2,false,CALIBRATION_MISSING,CALIBRATION_MISSING,kx134_single_node_i2c.0.1.0,kx134.v3
kx134.v3,NODE_PROTOTYPE,2,KX134_SENSOR_2,sensor_node_2,D4:E9:F4:C3:37:14,184835,1848830913,0,0,NA,0,4067,-68,118,0.992920,-0.016602,0.028809,100,100,8,UNCALIBRATED_SENSOR_2,false,CALIBRATION_MISSING,CALIBRATION_MISSING,kx134_single_node_i2c.0.1.0,kx134.v3
kx134.v3,NODE_PROTOTYPE,2,KX134_SENSOR_2,sensor_node_2,D4:E9:F4:C3:37:14,184836,1848840913,0,0,NA,0,4062,-68,106,0.991699,-0.016602,0.025879,100,100,8,UNCALIBRATED_SENSOR_2,false,CALIBRATION_MISSING,CALIBRATION_MISSING,kx134_single_node_i2c.0.1.0,kx134.v3
kx134.v3,NODE_PROTOTYPE,2,KX134_SENSOR_2,sensor_node_2,D4:E9:F4:C3:37:14,184837,1848850913,0,0,NA,0,4067,-61,115,0.992920,-0.014893,0.028076,100,100,8,UNCALIBRATED_SENSOR_2,false,CALIBRATION_MISSING,CALIBRATION_MISSING,kx134_single_node_i2c.0.1.0,kx134.v3
kx134.v3,NODE_PROTOTYPE,2,KX134_SENSOR_2,sensor_node_2,D4:E9:F4:C3:37:14,184838,1848860914,0,0,NA,0,4081,-33,123,0.996338,-0.008057,0.030029,100,100,8,UNCALIBRATED_SENSOR_2,false,CALIBRATION_MISSING,CALIBRATION_MISSING,kx134_single_node_i2c.0.1.0,kx134.v3
kx134.v3,NODE_PROTOTYPE,2,KX134_SENSOR_2,sensor_node_2,D4:E9:F4:C3:37:14,184839,1848870914,0,0,NA,0,4091,-22,126,0.998779,-0.005371,0.030762,100,100,8,UNCALIBRATED_SENSOR_2,false,CALIBRATION_MISSING,CALIBRATION_MISSING,kx134_single_node_i2c.0.1.0,kx134.v3
kx134.v3,NODE_PROTOTYPE,2,KX134_SENSOR_2,sensor_node_2,D4:E9:F4:C3:37:14,184840,1848880914,0,0,NA,0,4077,-23,131,0.995361,-0.005615,0.031982,100,100,8,UNCALIBRATED_SENSOR_2,false,CALIBRATION_MISSING,CALIBRATION_MISSING,kx134_single_node_i2c.0.1.0,kx134.v3
kx134.v3,NODE_PROTOTYPE,2,KX134_SENSOR_2,sensor_node_2,D4:E9:F4:C3:37:14,184841,1848890913,0,0,NA,0,4082,-34,135,0.996582,-0.008301,0.032959,100,100,8,UNCALIBRATED_SENSOR_2,false,CALIBRATION_MISSING,CALIBRATION_MISSING,kx134_single_node_i2c.0.1.0,kx134.v3
kx134.v3,NODE_PROTOTYPE,2,KX134_SENSOR_2,sensor_node_2,D4:E9:F4:C3:37:14,184842,1848900913,0,0,NA,0,4092,-21,123,0.999023,-0.005127,0.030029,100,100,8,UNCALIBRATED_SENSOR_2,false,CALIBRATION_MISSING,CALIBRATION_MISSING,kx134_single_node_i2c.0.1.0,kx134.v3
kx134.v3,NODE_PROTOTYPE,2,KX134_SENSOR_2,sensor_node_2,D4:E9:F4:C3:37:14,184843,1848910913,0,0,NA,0,4090,8,129,0.998535,0.001953,0.031494,100,100,8,UNCALIBRATED_SENSOR_2,false,CALIBRATION_MISSING,CALIBRATION_MISSING,kx134_single_node_i2c.0.1.0,kx134.v3
kx134.v3,NODE_PROTOTYPE,2,KX134_SENSOR_2,sensor_node_2,D4:E9:F4:C3:37:14,184844,1848920914,0,0,NA,0,4118,-8,137,1.005371,-0.001953,0.033447,100,100,8,UNCALIBRATED_SENSOR_2,false,CALIBRATION_MISSING,CALIBRATION_MISSING,kx134_single_node_i2c.0.1.0,kx134.v3
kx134.v3,NODE_PROTOTYPE,2,KX134_SENSOR_2,sensor_node_2,D4:E9:F4:C3:37:14,184845,1848930913,0,0,NA,0,4152,-4,143,1.013672,-0.000977,0.034912,100,100,8,UNCALIBRATED_SENSOR_2,false,CALIBRATION_MISSING,CALIBRATION_MISSING,kx134_single_node_i2c.0.1.0,kx134.v3
kx134.v3,NODE_PROTOTYPE,2,KX134_SENSOR_2,sensor_node_2,D4:E9:F4:C3:37:14,184846,1848940913,0,0,NA,0,4136,22,177,1.009766,0.005371,0.043213,100,100,8,UNCALIBRATED_SENSOR_2,false,CALIBRATION_MISSING,CALIBRATION_MISSING,kx134_single_node_i2c.0.1.0,kx134.v3
kx134.v3,NODE_PROTOTYPE,2,KX134_SENSOR_2,sensor_node_2,D4:E9:F4:C3:37:14,184847,1848950913,0,0,NA,0,4095,2,182,0.999756,0.000488,0.044434,100,100,8,UNCALIBRATED_SENSOR_2,false,CALIBRATION_MISSING,CALIBRATION_MISSING,kx134_single_node_i2c.0.1.0,kx134.v3
kx134.v3,NODE_PROTOTYPE,2,KX134_SENSOR_2,sensor_node_2,D4:E9:F4:C3:37:14,184848,1848960914,0,0,NA,0,4094,8,157,0.999512,0.001953,0.038330,100,100,8,UNCALIBRATED_SENSOR_2,false,CALIBRATION_MISSING,CALIBRATION_MISSING,kx134_single_node_i2c.0.1.0,kx134.v3
kx134.v3,NODE_PROTOTYPE,2,KX134_SENSOR_2,sensor_node_2,D4:E9:F4:C3:37:14,184849,1848970913,0,0,NA,0,4105,-1,144,1.002197,-0.000244,0.035156,100,100,8,UNCALIBRATED_SENSOR_2,false,CALIBRATION_MISSING,CALIBRATION_MISSING,kx134_single_node_i2c.0.1.0,kx134.v3
kx134.v3,NODE_PROTOTYPE,2,KX134_SENSOR_2,sensor_node_2,D4:E9:F4:C3:37:14,184850,1848980914,0,0,NA,0,4088,-19,110,0.998047,-0.004639,0.026855,100,100,8,UNCALIBRATED_SENSOR_2,false,CALIBRATION_MISSING,CALIBRATION_MISSING,kx134_single_node_i2c.0.1.0,kx134.v3
kx134.v3,NODE_PROTOTYPE,2,KX134_SENSOR_2,sensor_node_2,D4:E9:F4:C3:37:14,184851,1848990913,0,0,NA,0,4054,-8,98,0.989746,-0.001953,0.023926,100,100,8,UNCALIBRATED_SENSOR_2,false,CALIBRATION_MISSING,CALIBRATION_MISSING,kx134_single_node_i2c.0.1.0,kx134.v3
kx134.v3,NODE_PROTOTYPE,2,KX134_SENSOR_2,sensor_node_2,D4:E9:F4:C3:37:14,184852,1849000914,0,0,NA,0,4062,-30,133,0.991699,-0.007324,0.032471,100,100,8,UNCALIBRATED_SENSOR_2,false,CALIBRATION_MISSING,CALIBRATION_MISSING,kx134_single_node_i2c.0.1.0,kx134.v3
kx134.v3,NODE_PROTOTYPE,2,KX134_SENSOR_2,sensor_node_2,D4:E9:F4:C3:37:14,184853,1849010913,0,0,NA,0,4079,-37,139,0.995850,-0.009033,0.033936,100,100,8,UNCALIBRATED_SENSOR_2,false,CALIBRATION_MISSING,CALIBRATION_MISSING,kx134_single_node_i2c.0.1.0,kx134.v3
kx134.v3,NODE_PROTOTYPE,2,KX134_SENSOR_2,sensor_node_2,D4:E9:F4:C3:37:14,184854,1849020914,0,0,NA,0,4077,2,112,0.995361,0.000488,0.027344,100,100,8,UNCALIBRATED_SENSOR_2,false,CALIBRATION_MISSING,CALIBRATION_MISSING,kx134_single_node_i2c.0.1.0,kx134.v3
kx134.v3,NODE_PROTOTYPE,2,KX134_SENSOR_2,sensor_node_2,D4:E9:F4:C3:37:14,184855,1849030913,0,0,NA,0,4108,18,121,1.002930,0.004395,0.029541,100,100,8,UNCALIBRATED_SENSOR_2,false,CALIBRATION_MISSING,CALIBRATION_MISSING,kx134_single_node_i2c.0.1.0,kx134.v3
kx134.v3,NODE_PROTOTYPE,2,KX134_SENSOR_2,sensor_node_2,D4:E9:F4:C3:37:14,184856,1849040913,0,0,NA,0,4128,-14,124,1.007813,-0.003418,0.030273,100,100,8,UNCALIBRATED_SENSOR_2,false,CALIBRATION_MISSING,CALIBRATION_MISSING,kx134_single_node_i2c.0.1.0,kx134.v3
kx134.v3,NODE_PROTOTYPE,2,KX134_SENSOR_2,sensor_node_2,D4:E9:F4:C3:37:14,184857,1849050913,0,0,NA,0,4132,-30,87,1.008789,-0.007324,0.021240,100,100,8,UNCALIBRATED_SENSOR_2,false,CALIBRATION_MISSING,CALIBRATION_MISSING,kx134_single_node_i2c.0.1.0,kx134.v3
kx134.v3,NODE_PROTOTYPE,2,KX134_SENSOR_2,sensor_node_2,D4:E9:F4:C3:37:14,184858,1849060914,0,0,NA,0,4136,-22,87,1.009766,-0.005371,0.021240,100,100,8,UNCALIBRATED_SENSOR_2,false,CALIBRATION_MISSING,CALIBRATION_MISSING,kx134_single_node_i2c.0.1.0,kx134.v3
kx134.v3,NODE_PROTOTYPE,2,KX134_SENSOR_2,sensor_node_2,D4:E9:F4:C3:37:14,184859,1849070914,0,0,NA,0,4150,-38,101,1.013184,-0.009277,0.024658,100,100,8,UNCALIBRATED_SENSOR_2,false,CALIBRATION_MISSING,CALIBRATION_MISSING,kx134_single_node_i2c.0.1.0,kx134.v3
kx134.v3,NODE_PROTOTYPE,2,KX134_SENSOR_2,sensor_node_2,D4:E9:F4:C3:37:14,184860,1849080914,0,0,NA,0,4150,-51,90,1.013184,-0.012451,0.021973,100,100,8,UNCALIBRATED_SENSOR_2,false,CALIBRATION_MISSING,CALIBRATION_MISSING,kx134_single_node_i2c.0.1.0,kx134.v3
kx134.v3,NODE_PROTOTYPE,2,KX134_SENSOR_2,sensor_node_2,D4:E9:F4:C3:37:14,184861,1849090913,0,0,NA,0,4147,-55,116,1.012451,-0.013428,0.028320,100,100,8,UNCALIBRATED_SENSOR_2,false,CALIBRATION_MISSING,CALIBRATION_MISSING,kx134_single_node_i2c.0.1.0,kx134.v3
kx134.v3,NODE_PROTOTYPE,2,KX134_SENSOR_2,sensor_node_2,D4:E9:F4:C3:37:14,184862,1849100913,0,0,NA,0,4138,-61,175,1.010254,-0.014893,0.042725,100,100,8,UNCALIBRATED_SENSOR_2,false,CALIBRATION_MISSING,CALIBRATION_MISSING,kx134_single_node_i2c.0.1.0,kx134.v3
kx134.v3,NODE_PROTOTYPE,2,KX134_SENSOR_2,sensor_node_2,D4:E9:F4:C3:37:14,184863,1849110913,0,0,NA,0,4118,-26,185,1.005371,-0.006348,0.045166,100,100,8,UNCALIBRATED_SENSOR_2,false,CALIBRATION_MISSING,CALIBRATION_MISSING,kx134_single_node_i2c.0.1.0,kx134.v3
kx134.v3,NODE_PROTOTYPE,2,KX134_SENSOR_2,sensor_node_2,D4:E9:F4:C3:37:14,184864,1849120914,0,0,NA,0,4105,-10,145,1.002197,-0.002441,0.035400,100,100,8,UNCALIBRATED_SENSOR_2,false,CALIBRATION_MISSING,CALIBRATION_MISSING,kx134_single_node_i2c.0.1.0,kx134.v3
kx134.v3,NODE_PROTOTYPE,2,KX134_SENSOR_2,sensor_node_2,D4:E9:F4:C3:37:14,184865,1849130913,0,0,NA,0,4107,-14,137,1.002686,-0.003418,0.033447,100,100,8,UNCALIBRATED_SENSOR_2,false,CALIBRATION_MISSING,CALIBRATION_MISSING,kx134_single_node_i2c.0.1.0,kx134.v3
kx134.v3,NODE_PROTOTYPE,2,KX134_SENSOR_2,sensor_node_2,D4:E9:F4:C3:37:14,184866,1849140914,0,0,NA,0,4111,-25,154,1.003662,-0.006104,0.037598,100,100,8,UNCALIBRATED_SENSOR_2,false,CALIBRATION_MISSING,CALIBRATION_MISSING,kx134_single_node_i2c.0.1.0,kx134.v3
kx134.v3,NODE_PROTOTYPE,2,KX134_SENSOR_2,sensor_node_2,D4:E9:F4:C3:37:14,184867,1849150913,0,0,NA,0,4085,-52,163,0.997314,-0.012695,0.039795,100,100,8,UNCALIBRATED_SENSOR_2,false,CALIBRATION_MISSING,CALIBRATION_MISSING,kx134_single_node_i2c.0.1.0,kx134.v3
kx134.v3,NODE_PROTOTYPE,2,KX134_SENSOR_2,sensor_node_2,D4:E9:F4:C3:37:14,184868,1849160913,0,0,NA,0,4090,-58,156,0.998535,-0.014160,0.038086,100,100,8,UNCALIBRATED_SENSOR_2,false,CALIBRATION_MISSING,CALIBRATION_MISSING,kx134_single_node_i2c.0.1.0,kx134.v3
kx134.v3,NODE_PROTOTYPE,2,KX134_SENSOR_2,sensor_node_2,D4:E9:F4:C3:37:14,184869,1849170913,0,0,NA,0,4104,-67,134,1.001953,-0.016357,0.032715,100,100,8,UNCALIBRATED_SENSOR_2,false,CALIBRATION_MISSING,CALIBRATION_MISSING,kx134_single_node_i2c.0.1.0,kx134.v3
kx134.v3,NODE_PROTOTYPE,2,KX134_SENSOR_2,sensor_node_2,D4:E9:F4:C3:37:14,184870,1849180914,0,0,NA,0,4077,-50,133,0.995361,-0.012207,0.032471,100,100,8,UNCALIBRATED_SENSOR_2,false,CALIBRATION_MISSING,CALIBRATION_MISSING,kx134_single_node_i2c.0.1.0,kx134.v3
kx134.v3,NODE_PROTOTYPE,2,KX134_SENSOR_2,sensor_node_2,D4:E9:F4:C3:37:14,184871,1849190913,0,0,NA,0,4073,-27,128,0.994385,-0.006592,0.031250,100,100,8,UNCALIBRATED_SENSOR_2,false,CALIBRATION_MISSING,CALIBRATION_MISSING,kx134_single_node_i2c.0.1.0,kx134.v3
kx134.v3,NODE_PROTOTYPE,2,KX134_SENSOR_2,sensor_node_2,D4:E9:F4:C3:37:14,184872,1849200913,0,0,NA,0,4081,-36,115,0.996338,-0.008789,0.028076,100,100,8,UNCALIBRATED_SENSOR_2,false,CALIBRATION_MISSING,CALIBRATION_MISSING,kx134_single_node_i2c.0.1.0,kx134.v3
kx134.v3,NODE_PROTOTYPE,2,KX134_SENSOR_2,sensor_node_2,D4:E9:F4:C3:37:14,184873,1849210913,0,0,NA,0,4072,-48,94,0.994141,-0.011719,0.022949,100,100,8,UNCALIBRATED_SENSOR_2,false,CALIBRATION_MISSING,CALIBRATION_MISSING,kx134_single_node_i2c.0.1.0,kx134.v3
kx134.v3,NODE_PROTOTYPE,2,KX134_SENSOR_2,sensor_node_2,D4:E9:F4:C3:37:14,184874,1849220914,0,0,NA,0,4066,-38,82,0.992676,-0.009277,0.020020,100,100,8,UNCALIBRATED_SENSOR_2,false,CALIBRATION_MISSING,CALIBRATION_MISSING,kx134_single_node_i2c.0.1.0,kx134.v3
kx134.v3,NODE_PROTOTYPE,2,KX134_SENSOR_2,sensor_node_2,D4:E9:F4:C3:37:14,184875,1849230913,0,0,NA,0,4055,-32,87,0.989990,-0.007813,0.021240,100,100,8,UNCALIBRATED_SENSOR_2,false,CALIBRATION_MISSING,CALIBRATION_MISSING,kx134_single_node_i2c.0.1.0,kx134.v3
kx134.v3,NODE_PROTOTYPE,2,KX134_SENSOR_2,sensor_node_2,D4:E9:F4:C3:37:14,184876,1849240913,0,0,NA,0,4046,-42,91,0.987793,-0.010254,0.022217,100,100,8,UNCALIBRATED_SENSOR_2,false,CALIBRATION_MISSING,CALIBRATION_MISSING,kx134_single_node_i2c.0.1.0,kx134.v3
kx134.v3,NODE_PROTOTYPE,2,KX134_SENSOR_2,sensor_node_2,D4:E9:F4:C3:37:14,184877,1849250914,0,0,NA,0,4057,-60,106,0.990479,-0.014648,0.025879,100,100,8,UNCALIBRATED_SENSOR_2,false,CALIBRATION_MISSING,CALIBRATION_MISSING,kx134_single_node_i2c.0.1.0,kx134.v3
kx134.v3,NODE_PROTOTYPE,2,KX134_SENSOR_2,sensor_node_2,D4:E9:F4:C3:37:14,184878,1849260913,0,0,NA,0,4071,-74,91,0.993896,-0.018066,0.022217,100,100,8,UNCALIBRATED_SENSOR_2,false,CALIBRATION_MISSING,CALIBRATION_MISSING,kx134_single_node_i2c.0.1.0,kx134.v3
kx134.v3,NODE_PROTOTYPE,2,KX134_SENSOR_2,sensor_node_2,D4:E9:F4:C3:37:14,184879,1849270914,0,0,NA,0,4062,-67,48,0.991699,-0.016357,0.011719,100,100,8,UNCALIBRATED_SENSOR_2,false,CALIBRATION_MISSING,CALIBRATION_MISSING,kx134_single_node_i2c.0.1.0,kx134.v3
kx134.v3,NODE_PROTOTYPE,2,KX134_SENSOR_2,sensor_node_2,D4:E9:F4:C3:37:14,184880,1849280913,0,0,NA,0,4066,-46,80,0.992676,-0.011230,0.019531,100,100,8,UNCALIBRATED_SENSOR_2,false,CALIBRATION_MISSING,CALIBRATION_MISSING,kx134_single_node_i2c.0.1.0,kx134.v3
kx134.v3,NODE_PROTOTYPE,2,KX134_SENSOR_2,sensor_node_2,D4:E9:F4:C3:37:14,184881,1849290913,0,0,NA,0,4090,-48,116,0.998535,-0.011719,0.028320,100,100,8,UNCALIBRATED_SENSOR_2,false,CALIBRATION_MISSING,CALIBRATION_MISSING,kx134_single_node_i2c.0.1.0,kx134.v3
kx134.v3,NODE_PROTOTYPE,2,KX134_SENSOR_2,sensor_node_2,D4:E9:F4:C3:37:14,184882,1849300913,0,0,NA,0,4139,-141,185,1.010498,-0.034424,0.045166,100,100,8,UNCALIBRATED_SENSOR_2,false,CALIBRATION_MISSING,CALIBRATION_MISSING,kx134_single_node_i2c.0.1.0,kx134.v3
kx134.v3,NODE_PROTOTYPE,2,KX134_SENSOR_2,sensor_node_2,D4:E9:F4:C3:37:14,184883,1849310913,0,0,NA,0,4167,-233,254,1.017334,-0.056885,0.062012,100,100,8,UNCALIBRATED_SENSOR_2,false,CALIBRATION_MISSING,CALIBRATION_MISSING,kx134_single_node_i2c.0.1.0,kx134.v3
kx134.v3,NODE_PROTOTYPE,2,KX134_SENSOR_2,sensor_node_2,D4:E9:F4:C3:37:14,184884,1849320913,0,0,NA,0,4060,-165,147,0.991211,-0.040283,0.035889,100,100,8,UNCALIBRATED_SENSOR_2,false,CALIBRATION_MISSING,CALIBRATION_MISSING,kx134_single_node_i2c.0.1.0,kx134.v3
kx134.v3,NODE_PROTOTYPE,2,KX134_SENSOR_2,sensor_node_2,D4:E9:F4:C3:37:14,184885,1849330913,0,0,NA,0,4072,-165,147,0.994141,-0.040283,0.035889,100,100,8,UNCALIBRATED_SENSOR_2,false,CALIBRATION_MISSING,CALIBRATION_MISSING,kx134_single_node_i2c.0.1.0,kx134.v3
kx134.v3,NODE_PROTOTYPE,2,KX134_SENSOR_2,sensor_node_2,D4:E9:F4:C3:37:14,184886,1849340914,0,0,NA,0,4072,-138,198,0.994141,-0.033691,0.048340,100,100,8,UNCALIBRATED_SENSOR_2,false,CALIBRATION_MISSING,CALIBRATION_MISSING,kx134_single_node_i2c.0.1.0,kx134.v3
kx134.v3,NODE_PROTOTYPE,2,KX134_SENSOR_2,sensor_node_2,D4:E9:F4:C3:37:14,184887,1849350913,0,0,NA,0,4149,-99,163,1.012939,-0.024170,0.039795,100,100,8,UNCALIBRATED_SENSOR_2,false,CALIBRATION_MISSING,CALIBRATION_MISSING,kx134_single_node_i2c.0.1.0,kx134.v3
kx134.v3,NODE_PROTOTYPE,2,KX134_SENSOR_2,sensor_node_2,D4:E9:F4:C3:37:14,184888,1849360914,0,0,NA,0,4128,-127,-37,1.007813,-0.031006,-0.009033,100,100,8,UNCALIBRATED_SENSOR_2,false,CALIBRATION_MISSING,CALIBRATION_MISSING,kx134_single_node_i2c.0.1.0,kx134.v3
kx134.v3,NODE_PROTOTYPE,2,KX134_SENSOR_2,sensor_node_2,D4:E9:F4:C3:37:14,184889,1849370913,0,0,NA,0,4041,-254,82,0.986572,-0.062012,0.020020,100,100,8,UNCALIBRATED_SENSOR_2,false,CALIBRATION_MISSING,CALIBRATION_MISSING,kx134_single_node_i2c.0.1.0,kx134.v3
kx134.v3,NODE_PROTOTYPE,2,KX134_SENSOR_2,sensor_node_2,D4:E9:F4:C3:37:14,184890,1849380913,0,0,NA,0,3906,-22,120,0.953613,-0.005371,0.029297,100,100,8,UNCALIBRATED_SENSOR_2,false,CALIBRATION_MISSING,CALIBRATION_MISSING,kx134_single_node_i2c.0.1.0,kx134.v3
kx134.v3,NODE_PROTOTYPE,2,KX134_SENSOR_2,sensor_node_2,D4:E9:F4:C3:37:14,184891,1849390914,0,0,NA,0,4073,231,45,0.994385,0.056396,0.010986,100,100,8,UNCALIBRATED_SENSOR_2,false,CALIBRATION_MISSING,CALIBRATION_MISSING,kx134_single_node_i2c.0.1.0,kx134.v3
kx134.v3,NODE_PROTOTYPE,2,KX134_SENSOR_2,sensor_node_2,D4:E9:F4:C3:37:14,184892,1849400913,0,0,NA,0,4184,67,155,1.021484,0.016357,0.037842,100,100,8,UNCALIBRATED_SENSOR_2,false,CALIBRATION_MISSING,CALIBRATION_MISSING,kx134_single_node_i2c.0.1.0,kx134.v3
kx134.v3,NODE_PROTOTYPE,2,KX134_SENSOR_2,sensor_node_2,D4:E9:F4:C3:37:14,184893,1849410914,0,0,NA,0,4076,-158,203,0.995117,-0.038574,0.049561,100,100,8,UNCALIBRATED_SENSOR_2,false,CALIBRATION_MISSING,CALIBRATION_MISSING,kx134_single_node_i2c.0.1.0,kx134.v3
kx134.v3,NODE_PROTOTYPE,2,KX134_SENSOR_2,sensor_node_2,D4:E9:F4:C3:37:14,184894,1849420913,0,0,NA,0,4075,-297,197,0.994873,-0.072510,0.048096,100,100,8,UNCALIBRATED_SENSOR_2,false,CALIBRATION_MISSING,CALIBRATION_MISSING,kx134_single_node_i2c.0.1.0,kx134.v3
kx134.v3,NODE_PROTOTYPE,2,KX134_SENSOR_2,sensor_node_2,D4:E9:F4:C3:37:14,184895,1849430914,0,0,NA,0,4090,-248,188,0.998535,-0.060547,0.045898,100,100,8,UNCALIBRATED_SENSOR_2,false,CALIBRATION_MISSING,CALIBRATION_MISSING,kx134_single_node_i2c.0.1.0,kx134.v3
kx134.v3,NODE_PROTOTYPE,2,KX134_SENSOR_2,sensor_node_2,D4:E9:F4:C3:37:14,184896,1849440914,0,0,NA,0,4091,-107,169,0.998779,-0.026123,0.041260,100,100,8,UNCALIBRATED_SENSOR_2,false,CALIBRATION_MISSING,CALIBRATION_MISSING,kx134_single_node_i2c.0.1.0,kx134.v3
kx134.v3,NODE_PROTOTYPE,2,KX134_SENSOR_2,sensor_node_2,D4:E9:F4:C3:37:14,184897,1849450913,0,0,NA,0,4091,-73,220,0.998779,-0.017822,0.053711,100,100,8,UNCALIBRATED_SENSOR_2,false,CALIBRATION_MISSING,CALIBRATION_MISSING,kx134_single_node_i2c.0.1.0,kx134.v3
kx134.v3,NODE_PROTOTYPE,2,KX134_SENSOR_2,sensor_node_2,D4:E9:F4:C3:37:14,184898,1849460914,0,0,NA,0,4056,-28,199,0.990234,-0.006836,0.048584,100,100,8,UNCALIBRATED_SENSOR_2,false,CALIBRATION_MISSING,CALIBRATION_MISSING,kx134_single_node_i2c.0.1.0,kx134.v3
kx134.v3,NODE_PROTOTYPE,2,KX134_SENSOR_2,sensor_node_2,D4:E9:F4:C3:37:14,184899,1849470913,0,0,NA,0,4049,3,156,0.988525,0.000732,0.038086,100,100,8,UNCALIBRATED_SENSOR_2,false,CALIBRATION_MISSING,CALIBRATION_MISSING,kx134_single_node_i2c.0.1.0,kx134.v3
kx134.v3,NODE_PROTOTYPE,2,KX134_SENSOR_2,sensor_node_2,D4:E9:F4:C3:37:14,184900,1849480914,0,0,NA,0,4093,1,169,0.999268,0.000244,0.041260,100,100,8,UNCALIBRATED_SENSOR_2,false,CALIBRATION_MISSING,CALIBRATION_MISSING,kx134_single_node_i2c.0.1.0,kx134.v3
kx134.v3,NODE_PROTOTYPE,2,KX134_SENSOR_2,sensor_node_2,D4:E9:F4:C3:37:14,184901,1849490914,0,0,NA,0,4116,-18,167,1.004883,-0.004395,0.040771,100,100,8,UNCALIBRATED_SENSOR_2,false,CALIBRATION_MISSING,CALIBRATION_MISSING,kx134_single_node_i2c.0.1.0,kx134.v3
kx134.v3,NODE_PROTOTYPE,2,KX134_SENSOR_2,sensor_node_2,D4:E9:F4:C3:37:14,184902,1849500914,0,0,NA,0,4129,-12,161,1.008057,-0.002930,0.039307,100,100,8,UNCALIBRATED_SENSOR_2,false,CALIBRATION_MISSING,CALIBRATION_MISSING,kx134_single_node_i2c.0.1.0,kx134.v3
kx134.v3,NODE_PROTOTYPE,2,KX134_SENSOR_2,sensor_node_2,D4:E9:F4:C3:37:14,184903,1849510914,0,0,NA,0,4122,-23,129,1.006348,-0.005615,0.031494,100,100,8,UNCALIBRATED_SENSOR_2,false,CALIBRATION_MISSING,CALIBRATION_MISSING,kx134_single_node_i2c.0.1.0,kx134.v3
kx134.v3,NODE_PROTOTYPE,2,KX134_SENSOR_2,sensor_node_2,D4:E9:F4:C3:37:14,184904,1849520914,0,0,NA,0,4098,-50,126,1.000488,-0.012207,0.030762,100,100,8,UNCALIBRATED_SENSOR_2,false,CALIBRATION_MISSING,CALIBRATION_MISSING,kx134_single_node_i2c.0.1.0,kx134.v3
kx134.v3,NODE_PROTOTYPE,2,KX134_SENSOR_2,sensor_node_2,D4:E9:F4:C3:37:14,184905,1849530913,0,0,NA,0,4080,-32,138,0.996094,-0.007813,0.033691,100,100,8,UNCALIBRATED_SENSOR_2,false,CALIBRATION_MISSING,CALIBRATION_MISSING,kx134_single_node_i2c.0.1.0,kx134.v3
kx134.v3,NODE_PROTOTYPE,2,KX134_SENSOR_2,sensor_node_2,D4:E9:F4:C3:37:14,184906,1849540913,0,0,NA,0,4079,-5,130,0.995850,-0.001221,0.031738,100,100,8,UNCALIBRATED_SENSOR_2,false,CALIBRATION_MISSING,CALIBRATION_MISSING,kx134_single_node_i2c.0.1.0,kx134.v3
kx134.v3,NODE_PROTOTYPE,2,KX134_SENSOR_2,sensor_node_2,D4:E9:F4:C3:37:14,184907,1849550913,0,0,NA,0,4064,-12,133,0.992187,-0.002930,0.032471,100,100,8,UNCALIBRATED_SENSOR_2,false,CALIBRATION_MISSING,CALIBRATION_MISSING,kx134_single_node_i2c.0.1.0,kx134.v3
kx134.v3,NODE_PROTOTYPE,2,KX134_SENSOR_2,sensor_node_2,D4:E9:F4:C3:37:14,184908,1849560913,0,0,NA,0,4050,-14,114,0.988770,-0.003418,0.027832,100,100,8,UNCALIBRATED_SENSOR_2,false,CALIBRATION_MISSING,CALIBRATION_MISSING,kx134_single_node_i2c.0.1.0,kx134.v3
kx134.v3,NODE_PROTOTYPE,2,KX134_SENSOR_2,sensor_node_2,D4:E9:F4:C3:37:14,184909,1849570913,0,0,NA,0,4075,-24,115,0.994873,-0.005859,0.028076,100,100,8,UNCALIBRATED_SENSOR_2,false,CALIBRATION_MISSING,CALIBRATION_MISSING,kx134_single_node_i2c.0.1.0,kx134.v3
kx134.v3,NODE_PROTOTYPE,2,KX134_SENSOR_2,sensor_node_2,D4:E9:F4:C3:37:14,184910,1849580914,0,0,NA,0,4126,-12,130,1.007324,-0.002930,0.031738,100,100,8,UNCALIBRATED_SENSOR_2,false,CALIBRATION_MISSING,CALIBRATION_MISSING,kx134_single_node_i2c.0.1.0,kx134.v3
kx134.v3,NODE_PROTOTYPE,2,KX134_SENSOR_2,sensor_node_2,D4:E9:F4:C3:37:14,184911,1849590913,0,0,NA,0,4144,-10,156,1.011719,-0.002441,0.038086,100,100,8,UNCALIBRATED_SENSOR_2,false,CALIBRATION_MISSING,CALIBRATION_MISSING,kx134_single_node_i2c.0.1.0,kx134.v3
kx134.v3,NODE_PROTOTYPE,2,KX134_SENSOR_2,sensor_node_2,D4:E9:F4:C3:37:14,184912,1849600914,0,0,NA,0,4133,-37,164,1.009033,-0.009033,0.040039,100,100,8,UNCALIBRATED_SENSOR_2,false,CALIBRATION_MISSING,CALIBRATION_MISSING,kx134_single_node_i2c.0.1.0,kx134.v3
kx134.v3,NODE_PROTOTYPE,2,KX134_SENSOR_2,sensor_node_2,D4:E9:F4:C3:37:14,184913,1849610913,0,0,NA,0,4091,-22,132,0.998779,-0.005371,0.032227,100,100,8,UNCALIBRATED_SENSOR_2,false,CALIBRATION_MISSING,CALIBRATION_MISSING,kx134_single_node_i2c.0.1.0,kx134.v3
kx134.v3,NODE_PROTOTYPE,2,KX134_SENSOR_2,sensor_node_2,D4:E9:F4:C3:37:14,184914,1849620914,0,0,NA,0,4064,16,117,0.992187,0.003906,0.028564,100,100,8,UNCALIBRATED_SENSOR_2,false,CALIBRATION_MISSING,CALIBRATION_MISSING,kx134_single_node_i2c.0.1.0,kx134.v3
kx134.v3,NODE_PROTOTYPE,2,KX134_SENSOR_2,sensor_node_2,D4:E9:F4:C3:37:14,184915,1849630914,0,0,NA,0,4089,10,120,0.998291,0.002441,0.029297,100,100,8,UNCALIBRATED_SENSOR_2,false,CALIBRATION_MISSING,CALIBRATION_MISSING,kx134_single_node_i2c.0.1.0,kx134.v3
kx134.v3,NODE_PROTOTYPE,2,KX134_SENSOR_2,sensor_node_2,D4:E9:F4:C3:37:14,184916,1849640914,0,0,NA,0,4119,-8,133,1.005615,-0.001953,0.032471,100,100,8,UNCALIBRATED_SENSOR_2,false,CALIBRATION_MISSING,CALIBRATION_MISSING,kx134_single_node_i2c.0.1.0,kx134.v3
kx134.v3,NODE_PROTOTYPE,2,KX134_SENSOR_2,sensor_node_2,D4:E9:F4:C3:37:14,184917,1849650914,0,0,NA,0,4130,-31,141,1.008301,-0.007568,0.034424,100,100,8,UNCALIBRATED_SENSOR_2,false,CALIBRATION_MISSING,CALIBRATION_MISSING,kx134_single_node_i2c.0.1.0,kx134.v3
kx134.v3,NODE_PROTOTYPE,2,KX134_SENSOR_2,sensor_node_2,D4:E9:F4:C3:37:14,184918,1849660913,0,0,NA,0,4123,-48,135,1.006592,-0.011719,0.032959,100,100,8,UNCALIBRATED_SENSOR_2,false,CALIBRATION_MISSING,CALIBRATION_MISSING,kx134_single_node_i2c.0.1.0,kx134.v3
kx134.v3,NODE_PROTOTYPE,2,KX134_SENSOR_2,sensor_node_2,D4:E9:F4:C3:37:14,184919,1849670913,0,0,NA,0,4147,-11,130,1.012451,-0.002686,0.031738,100,100,8,UNCALIBRATED_SENSOR_2,false,CALIBRATION_MISSING,CALIBRATION_MISSING,kx134_single_node_i2c.0.1.0,kx134.v3
kx134.v3,NODE_PROTOTYPE,2,KX134_SENSOR_2,sensor_node_2,D4:E9:F4:C3:37:14,184920,1849680913,0,0,NA,0,4164,-9,146,1.016602,-0.002197,0.035645,100,100,8,UNCALIBRATED_SENSOR_2,false,CALIBRATION_MISSING,CALIBRATION_MISSING,kx134_single_node_i2c.0.1.0,kx134.v3
kx134.v3,NODE_PROTOTYPE,2,KX134_SENSOR_2,sensor_node_2,D4:E9:F4:C3:37:14,184921,1849690913,0,0,NA,0,4143,-45,134,1.011475,-0.010986,0.032715,100,100,8,UNCALIBRATED_SENSOR_2,false,CALIBRATION_MISSING,CALIBRATION_MISSING,kx134_single_node_i2c.0.1.0,kx134.v3
kx134.v3,NODE_PROTOTYPE,2,KX134_SENSOR_2,sensor_node_2,D4:E9:F4:C3:37:14,184922,1849700913,0,0,NA,0,4112,-70,122,1.003906,-0.017090,0.029785,100,100,8,UNCALIBRATED_SENSOR_2,false,CALIBRATION_MISSING,CALIBRATION_MISSING,kx134_single_node_i2c.0.1.0,kx134.v3
kx134.v3,NODE_PROTOTYPE,2,KX134_SENSOR_2,sensor_node_2,D4:E9:F4:C3:37:14,184923,1849710914,0,0,NA,0,4116,-83,150,1.004883,-0.020264,0.036621,100,100,8,UNCALIBRATED_SENSOR_2,false,CALIBRATION_MISSING,CALIBRATION_MISSING,kx134_single_node_i2c.0.1.0,kx134.v3
kx134.v3,NODE_PROTOTYPE,2,KX134_SENSOR_2,sensor_node_2,D4:E9:F4:C3:37:14,184924,1849720913,0,0,NA,0,4125,-67,163,1.007080,-0.016357,0.039795,100,100,8,UNCALIBRATED_SENSOR_2,false,CALIBRATION_MISSING,CALIBRATION_MISSING,kx134_single_node_i2c.0.1.0,kx134.v3
kx134.v3,NODE_PROTOTYPE,2,KX134_SENSOR_2,sensor_node_2,D4:E9:F4:C3:37:14,184925,1849730913,0,0,NA,0,4119,-53,136,1.005615,-0.012939,0.033203,100,100,8,UNCALIBRATED_SENSOR_2,false,CALIBRATION_MISSING,CALIBRATION_MISSING,kx134_single_node_i2c.0.1.0,kx134.v3
kx134.v3,NODE_PROTOTYPE,2,KX134_SENSOR_2,sensor_node_2,D4:E9:F4:C3:37:14,184926,1849740913,0,0,NA,0,4124,-68,110,1.006836,-0.016602,0.026855,100,100,8,UNCALIBRATED_SENSOR_2,false,CALIBRATION_MISSING,CALIBRATION_MISSING,kx134_single_node_i2c.0.1.0,kx134.v3
kx134.v3,NODE_PROTOTYPE,2,KX134_SENSOR_2,sensor_node_2,D4:E9:F4:C3:37:14,184927,1849750913,0,0,NA,0,4120,-64,110,1.005859,-0.015625,0.026855,100,100,8,UNCALIBRATED_SENSOR_2,false,CALIBRATION_MISSING,CALIBRATION_MISSING,kx134_single_node_i2c.0.1.0,kx134.v3
kx134.v3,NODE_PROTOTYPE,2,KX134_SENSOR_2,sensor_node_2,D4:E9:F4:C3:37:14,184928,1849760914,0,0,NA,0,4108,-42,144,1.002930,-0.010254,0.035156,100,100,8,UNCALIBRATED_SENSOR_2,false,CALIBRATION_MISSING,CALIBRATION_MISSING,kx134_single_node_i2c.0.1.0,kx134.v3
kx134.v3,NODE_PROTOTYPE,2,KX134_SENSOR_2,sensor_node_2,D4:E9:F4:C3:37:14,184929,1849770913,0,0,NA,0,4106,-48,193,1.002441,-0.011719,0.047119,100,100,8,UNCALIBRATED_SENSOR_2,false,CALIBRATION_MISSING,CALIBRATION_MISSING,kx134_single_node_i2c.0.1.0,kx134.v3
kx134.v3,NODE_PROTOTYPE,2,KX134_SENSOR_2,sensor_node_2,D4:E9:F4:C3:37:14,184930,1849780913,0,0,NA,0,4092,-50,173,0.999023,-0.012207,0.042236,100,100,8,UNCALIBRATED_SENSOR_2,false,CALIBRATION_MISSING,CALIBRATION_MISSING,kx134_single_node_i2c.0.1.0,kx134.v3
kx134.v3,NODE_PROTOTYPE,2,KX134_SENSOR_2,sensor_node_2,D4:E9:F4:C3:37:14,184931,1849790913,0,0,NA,0,4101,-50,145,1.001221,-0.012207,0.035400,100,100,8,UNCALIBRATED_SENSOR_2,false,CALIBRATION_MISSING,CALIBRATION_MISSING,kx134_single_node_i2c.0.1.0,kx134.v3
kx134.v3,NODE_PROTOTYPE,2,KX134_SENSOR_2,sensor_node_2,D4:E9:F4:C3:37:14,184932,1849800913,0,0,NA,0,4102,-45,142,1.001465,-0.010986,0.034668,100,100,8,UNCALIBRATED_SENSOR_2,false,CALIBRATION_MISSING,CALIBRATION_MISSING,kx134_single_node_i2c.0.1.0,kx134.v3
kx134.v3,NODE_PROTOTYPE,2,KX134_SENSOR_2,sensor_node_2,D4:E9:F4:C3:37:14,184933,1849810914,0,0,NA,0,4058,-31,128,0.990723,-0.007568,0.031250,100,100,8,UNCALIBRATED_SENSOR_2,false,CALIBRATION_MISSING,CALIBRATION_MISSING,kx134_single_node_i2c.0.1.0,kx134.v3
kx134.v3,NODE_PROTOTYPE,2,KX134_SENSOR_2,sensor_node_2,D4:E9:F4:C3:37:14,184934,1849820914,0,0,NA,0,4058,-57,130,0.990723,-0.013916,0.031738,100,100,8,UNCALIBRATED_SENSOR_2,false,CALIBRATION_MISSING,CALIBRATION_MISSING,kx134_single_node_i2c.0.1.0,kx134.v3
kx134.v3,NODE_PROTOTYPE,2,KX134_SENSOR_2,sensor_node_2,D4:E9:F4:C3:37:14,184935,1849830913,0,0,NA,0,4089,-65,113,0.998291,-0.015869,0.027588,100,100,8,UNCALIBRATED_SENSOR_2,false,CALIBRATION_MISSING,CALIBRATION_MISSING,kx134_single_node_i2c.0.1.0,kx134.v3
kx134.v3,NODE_PROTOTYPE,2,KX134_SENSOR_2,sensor_node_2,D4:E9:F4:C3:37:14,184936,1849840913,0,0,NA,0,4098,-39,95,1.000488,-0.009521,0.023193,100,100,8,UNCALIBRATED_SENSOR_2,false,CALIBRATION_MISSING,CALIBRATION_MISSING,kx134_single_node_i2c.0.1.0,kx134.v3
kx134.v3,NODE_PROTOTYPE,2,KX134_SENSOR_2,sensor_node_2,D4:E9:F4:C3:37:14,184937,1849850913,0,0,NA,0,4087,-50,128,0.997803,-0.012207,0.031250,100,100,8,UNCALIBRATED_SENSOR_2,false,CALIBRATION_MISSING,CALIBRATION_MISSING,kx134_single_node_i2c.0.1.0,kx134.v3
kx134.v3,NODE_PROTOTYPE,2,KX134_SENSOR_2,sensor_node_2,D4:E9:F4:C3:37:14,184938,1849860914,0,0,NA,0,4115,-50,145,1.004639,-0.012207,0.035400,100,100,8,UNCALIBRATED_SENSOR_2,false,CALIBRATION_MISSING,CALIBRATION_MISSING,kx134_single_node_i2c.0.1.0,kx134.v3
kx134.v3,NODE_PROTOTYPE,2,KX134_SENSOR_2,sensor_node_2,D4:E9:F4:C3:37:14,184939,1849870913,0,0,NA,0,4139,-28,159,1.010498,-0.006836,0.038818,100,100,8,UNCALIBRATED_SENSOR_2,false,CALIBRATION_MISSING,CALIBRATION_MISSING,kx134_single_node_i2c.0.1.0,kx134.v3
kx134.v3,NODE_PROTOTYPE,2,KX134_SENSOR_2,sensor_node_2,D4:E9:F4:C3:37:14,184940,1849880914,0,0,NA,0,4112,-23,178,1.003906,-0.005615,0.043457,100,100,8,UNCALIBRATED_SENSOR_2,false,CALIBRATION_MISSING,CALIBRATION_MISSING,kx134_single_node_i2c.0.1.0,kx134.v3
kx134.v3,NODE_PROTOTYPE,2,KX134_SENSOR_2,sensor_node_2,D4:E9:F4:C3:37:14,184941,1849890914,0,0,NA,0,4093,-29,161,0.999268,-0.007080,0.039307,100,100,8,UNCALIBRATED_SENSOR_2,false,CALIBRATION_MISSING,CALIBRATION_MISSING,kx134_single_node_i2c.0.1.0,kx134.v3
kx134.v3,NODE_PROTOTYPE,2,KX134_SENSOR_2,sensor_node_2,D4:E9:F4:C3:37:14,184942,1849900914,0,0,NA,0,4100,-33,135,1.000977,-0.008057,0.032959,100,100,8,UNCALIBRATED_SENSOR_2,false,CALIBRATION_MISSING,CALIBRATION_MISSING,kx134_single_node_i2c.0.1.0,kx134.v3
kx134.v3,NODE_PROTOTYPE,2,KX134_SENSOR_2,sensor_node_2,D4:E9:F4:C3:37:14,184943,1849910914,0,0,NA,0,4123,-40,121,1.006592,-0.009766,0.029541,100,100,8,UNCALIBRATED_SENSOR_2,false,CALIBRATION_MISSING,CALIBRATION_MISSING,kx134_single_node_i2c.0.1.0,kx134.v3
kx134.v3,NODE_PROTOTYPE,2,KX134_SENSOR_2,sensor_node_2,D4:E9:F4:C3:37:14,184944,1849920913,0,0,NA,0,4146,-48,151,1.012207,-0.011719,0.036865,100,100,8,UNCALIBRATED_SENSOR_2,false,CALIBRATION_MISSING,CALIBRATION_MISSING,kx134_single_node_i2c.0.1.0,kx134.v3
kx134.v3,NODE_PROTOTYPE,2,KX134_SENSOR_2,sensor_node_2,D4:E9:F4:C3:37:14,184945,1849930914,0,0,NA,0,4147,-36,180,1.012451,-0.008789,0.043945,100,100,8,UNCALIBRATED_SENSOR_2,false,CALIBRATION_MISSING,CALIBRATION_MISSING,kx134_single_node_i2c.0.1.0,kx134.v3
kx134.v3,NODE_PROTOTYPE,2,KX134_SENSOR_2,sensor_node_2,D4:E9:F4:C3:37:14,184946,1849940913,0,0,NA,0,4140,-18,191,1.010742,-0.004395,0.046631,100,100,8,UNCALIBRATED_SENSOR_2,false,CALIBRATION_MISSING,CALIBRATION_MISSING,kx134_single_node_i2c.0.1.0,kx134.v3
kx134.v3,NODE_PROTOTYPE,2,KX134_SENSOR_2,sensor_node_2,D4:E9:F4:C3:37:14,184947,1849950913,0,0,NA,0,4128,20,182,1.007813,0.004883,0.044434,100,100,8,UNCALIBRATED_SENSOR_2,false,CALIBRATION_MISSING,CALIBRATION_MISSING,kx134_single_node_i2c.0.1.0,kx134.v3
kx134.v3,NODE_PROTOTYPE,2,KX134_SENSOR_2,sensor_node_2,D4:E9:F4:C3:37:14,184948,1849960913,0,0,NA,0,4128,45,184,1.007813,0.010986,0.044922,100,100,8,UNCALIBRATED_SENSOR_2,false,CALIBRATION_MISSING,CALIBRATION_MISSING,kx134_single_node_i2c.0.1.0,kx134.v3
kx134.v3,NODE_PROTOTYPE,2,KX134_SENSOR_2,sensor_node_2,D4:E9:F4:C3:37:14,184949,1849970913,0,0,NA,0,4123,18,156,1.006592,0.004395,0.038086,100,100,8,UNCALIBRATED_SENSOR_2,false,CALIBRATION_MISSING,CALIBRATION_MISSING,kx134_single_node_i2c.0.1.0,kx134.v3
kx134.v3,NODE_PROTOTYPE,2,KX134_SENSOR_2,sensor_node_2,D4:E9:F4:C3:37:14,184950,1849980913,0,0,NA,0,4111,-32,116,1.003662,-0.007813,0.028320,100,100,8,UNCALIBRATED_SENSOR_2,false,CALIBRATION_MISSING,CALIBRATION_MISSING,kx134_single_node_i2c.0.1.0,kx134.v3
kx134.v3,NODE_PROTOTYPE,2,KX134_SENSOR_2,sensor_node_2,D4:E9:F4:C3:37:14,184951,1849990913,0,0,NA,0,4115,-61,135,1.004639,-0.014893,0.032959,100,100,8,UNCALIBRATED_SENSOR_2,false,CALIBRATION_MISSING,CALIBRATION_MISSING,kx134_single_node_i2c.0.1.0,kx134.v3
kx134.v3,NODE_PROTOTYPE,2,KX134_SENSOR_2,sensor_node_2,D4:E9:F4:C3:37:14,184952,1850000913,0,0,NA,0,4104,-70,144,1.001953,-0.017090,0.035156,100,100,8,UNCALIBRATED_SENSOR_2,false,CALIBRATION_MISSING,CALIBRATION_MISSING,kx134_single_node_i2c.0.1.0,kx134.v3
kx134.v3,NODE_PROTOTYPE,2,KX134_SENSOR_2,sensor_node_2,D4:E9:F4:C3:37:14,184953,1850010914,0,0,NA,0,4083,-44,138,0.996826,-0.010742,0.033691,100,100,8,UNCALIBRATED_SENSOR_2,false,CALIBRATION_MISSING,CALIBRATION_MISSING,kx134_single_node_i2c.0.1.0,kx134.v3
kx134.v3,NODE_PROTOTYPE,2,KX134_SENSOR_2,sensor_node_2,D4:E9:F4:C3:37:14,184954,1850020913,0,0,NA,0,4077,-30,115,0.995361,-0.007324,0.028076,100,100,8,UNCALIBRATED_SENSOR_2,false,CALIBRATION_MISSING,CALIBRATION_MISSING,kx134_single_node_i2c.0.1.0,kx134.v3
kx134.v3,NODE_PROTOTYPE,2,KX134_SENSOR_2,sensor_node_2,D4:E9:F4:C3:37:14,184955,1850030913,0,0,NA,0,4083,-40,89,0.996826,-0.009766,0.021729,100,100,8,UNCALIBRATED_SENSOR_2,false,CALIBRATION_MISSING,CALIBRATION_MISSING,kx134_single_node_i2c.0.1.0,kx134.v3
kx134.v3,NODE_PROTOTYPE,2,KX134_SENSOR_2,sensor_node_2,D4:E9:F4:C3:37:14,184956,1850040914,0,0,NA,0,4085,-26,88,0.997314,-0.006348,0.021484,100,100,8,UNCALIBRATED_SENSOR_2,false,CALIBRATION_MISSING,CALIBRATION_MISSING,kx134_single_node_i2c.0.1.0,kx134.v3
kx134.v3,NODE_PROTOTYPE,2,KX134_SENSOR_2,sensor_node_2,D4:E9:F4:C3:37:14,184957,1850050913,0,0,NA,0,4060,-4,107,0.991211,-0.000977,0.026123,100,100,8,UNCALIBRATED_SENSOR_2,false,CALIBRATION_MISSING,CALIBRATION_MISSING,kx134_single_node_i2c.0.1.0,kx134.v3
kx134.v3,NODE_PROTOTYPE,2,KX134_SENSOR_2,sensor_node_2,D4:E9:F4:C3:37:14,184958,1850060914,0,0,NA,0,4057,-7,101,0.990479,-0.001709,0.024658,100,100,8,UNCALIBRATED_SENSOR_2,false,CALIBRATION_MISSING,CALIBRATION_MISSING,kx134_single_node_i2c.0.1.0,kx134.v3
kx134.v3,NODE_PROTOTYPE,2,KX134_SENSOR_2,sensor_node_2,D4:E9:F4:C3:37:14,184959,1850070913,0,0,NA,0,4099,-11,108,1.000732,-0.002686,0.026367,100,100,8,UNCALIBRATED_SENSOR_2,false,CALIBRATION_MISSING,CALIBRATION_MISSING,kx134_single_node_i2c.0.1.0,kx134.v3
kx134.v3,NODE_PROTOTYPE,2,KX134_SENSOR_2,sensor_node_2,D4:E9:F4:C3:37:14,184960,1850080913,0,0,NA,0,4099,-13,142,1.000732,-0.003174,0.034668,100,100,8,UNCALIBRATED_SENSOR_2,false,CALIBRATION_MISSING,CALIBRATION_MISSING,kx134_single_node_i2c.0.1.0,kx134.v3
kx134.v3,NODE_PROTOTYPE,2,KX134_SENSOR_2,sensor_node_2,D4:E9:F4:C3:37:14,184961,1850090913,0,0,NA,0,4084,-2,146,0.997070,-0.000488,0.035645,100,100,8,UNCALIBRATED_SENSOR_2,false,CALIBRATION_MISSING,CALIBRATION_MISSING,kx134_single_node_i2c.0.1.0,kx134.v3
kx134.v3,NODE_PROTOTYPE,2,KX134_SENSOR_2,sensor_node_2,D4:E9:F4:C3:37:14,184962,1850100913,0,0,NA,0,4097,-1,146,1.000244,-0.000244,0.035645,100,100,8,UNCALIBRATED_SENSOR_2,false,CALIBRATION_MISSING,CALIBRATION_MISSING,kx134_single_node_i2c.0.1.0,kx134.v3
kx134.v3,NODE_PROTOTYPE,2,KX134_SENSOR_2,sensor_node_2,D4:E9:F4:C3:37:14,184963,1850110913,0,0,NA,0,4114,-30,152,1.004395,-0.007324,0.037109,100,100,8,UNCALIBRATED_SENSOR_2,false,CALIBRATION_MISSING,CALIBRATION_MISSING,kx134_single_node_i2c.0.1.0,kx134.v3
kx134.v3,NODE_PROTOTYPE,2,KX134_SENSOR_2,sensor_node_2,D4:E9:F4:C3:37:14,184964,1850120914,0,0,NA,0,4118,-19,135,1.005371,-0.004639,0.032959,100,100,8,UNCALIBRATED_SENSOR_2,false,CALIBRATION_MISSING,CALIBRATION_MISSING,kx134_single_node_i2c.0.1.0,kx134.v3
kx134.v3,NODE_PROTOTYPE,2,KX134_SENSOR_2,sensor_node_2,D4:E9:F4:C3:37:14,184965,1850130913,0,0,NA,0,4098,-11,103,1.000488,-0.002686,0.025146,100,100,8,UNCALIBRATED_SENSOR_2,false,CALIBRATION_MISSING,CALIBRATION_MISSING,kx134_single_node_i2c.0.1.0,kx134.v3
kx134.v3,NODE_PROTOTYPE,2,KX134_SENSOR_2,sensor_node_2,D4:E9:F4:C3:37:14,184966,1850140913,0,0,NA,0,4088,-21,94,0.998047,-0.005127,0.022949,100,100,8,UNCALIBRATED_SENSOR_2,false,CALIBRATION_MISSING,CALIBRATION_MISSING,kx134_single_node_i2c.0.1.0,kx134.v3
kx134.v3,NODE_PROTOTYPE,2,KX134_SENSOR_2,sensor_node_2,D4:E9:F4:C3:37:14,184967,1850150913,0,0,NA,0,4089,-36,93,0.998291,-0.008789,0.022705,100,100,8,UNCALIBRATED_SENSOR_2,false,CALIBRATION_MISSING,CALIBRATION_MISSING,kx134_single_node_i2c.0.1.0,kx134.v3
kx134.v3,NODE_PROTOTYPE,2,KX134_SENSOR_2,sensor_node_2,D4:E9:F4:C3:37:14,184968,1850160913,0,0,NA,0,4074,-52,117,0.994629,-0.012695,0.028564,100,100,8,UNCALIBRATED_SENSOR_2,false,CALIBRATION_MISSING,CALIBRATION_MISSING,kx134_single_node_i2c.0.1.0,kx134.v3
kx134.v3,NODE_PROTOTYPE,2,KX134_SENSOR_2,sensor_node_2,D4:E9:F4:C3:37:14,184969,1850170913,0,0,NA,0,4082,-29,161,0.996582,-0.007080,0.039307,100,100,8,UNCALIBRATED_SENSOR_2,false,CALIBRATION_MISSING,CALIBRATION_MISSING,kx134_single_node_i2c.0.1.0,kx134.v3
kx134.v3,NODE_PROTOTYPE,2,KX134_SENSOR_2,sensor_node_2,D4:E9:F4:C3:37:14,184970,1850180913,0,0,NA,0,4093,-11,153,0.999268,-0.002686,0.037354,100,100,8,UNCALIBRATED_SENSOR_2,false,CALIBRATION_MISSING,CALIBRATION_MISSING,kx134_single_node_i2c.0.1.0,kx134.v3
kx134.v3,NODE_PROTOTYPE,2,KX134_SENSOR_2,sensor_node_2,D4:E9:F4:C3:37:14,184971,1850190913,0,0,NA,0,4078,-28,110,0.995605,-0.006836,0.026855,100,100,8,UNCALIBRATED_SENSOR_2,false,CALIBRATION_MISSING,CALIBRATION_MISSING,kx134_single_node_i2c.0.1.0,kx134.v3
kx134.v3,NODE_PROTOTYPE,2,KX134_SENSOR_2,sensor_node_2,D4:E9:F4:C3:37:14,184972,1850200914,0,0,NA,0,4064,-41,93,0.992187,-0.010010,0.022705,100,100,8,UNCALIBRATED_SENSOR_2,false,CALIBRATION_MISSING,CALIBRATION_MISSING,kx134_single_node_i2c.0.1.0,kx134.v3
kx134.v3,NODE_PROTOTYPE,2,KX134_SENSOR_2,sensor_node_2,D4:E9:F4:C3:37:14,184973,1850210914,0,0,NA,0,4060,-54,120,0.991211,-0.013184,0.029297,100,100,8,UNCALIBRATED_SENSOR_2,false,CALIBRATION_MISSING,CALIBRATION_MISSING,kx134_single_node_i2c.0.1.0,kx134.v3
kx134.v3,NODE_PROTOTYPE,2,KX134_SENSOR_2,sensor_node_2,D4:E9:F4:C3:37:14,184974,1850220914,0,0,NA,0,4072,-56,168,0.994141,-0.013672,0.041016,100,100,8,UNCALIBRATED_SENSOR_2,false,CALIBRATION_MISSING,CALIBRATION_MISSING,kx134_single_node_i2c.0.1.0,kx134.v3
kx134.v3,NODE_PROTOTYPE,2,KX134_SENSOR_2,sensor_node_2,D4:E9:F4:C3:37:14,184975,1850230913,0,0,NA,0,4080,-44,156,0.996094,-0.010742,0.038086,100,100,8,UNCALIBRATED_SENSOR_2,false,CALIBRATION_MISSING,CALIBRATION_MISSING,kx134_single_node_i2c.0.1.0,kx134.v3
kx134.v3,NODE_PROTOTYPE,2,KX134_SENSOR_2,sensor_node_2,D4:E9:F4:C3:37:14,184976,1850240914,0,0,NA,0,4080,-69,130,0.996094,-0.016846,0.031738,100,100,8,UNCALIBRATED_SENSOR_2,false,CALIBRATION_MISSING,CALIBRATION_MISSING,kx134_single_node_i2c.0.1.0,kx134.v3
kx134.v3,NODE_PROTOTYPE,2,KX134_SENSOR_2,sensor_node_2,D4:E9:F4:C3:37:14,184977,1850250914,0,0,NA,0,4071,-102,138,0.993896,-0.024902,0.033691,100,100,8,UNCALIBRATED_SENSOR_2,false,CALIBRATION_MISSING,CALIBRATION_MISSING,kx134_single_node_i2c.0.1.0,kx134.v3
kx134.v3,NODE_PROTOTYPE,2,KX134_SENSOR_2,sensor_node_2,D4:E9:F4:C3:37:14,184978,1850260914,0,0,NA,0,4071,-94,136,0.993896,-0.022949,0.033203,100,100,8,UNCALIBRATED_SENSOR_2,false,CALIBRATION_MISSING,CALIBRATION_MISSING,kx134_single_node_i2c.0.1.0,kx134.v3
kx134.v3,NODE_PROTOTYPE,2,KX134_SENSOR_2,sensor_node_2,D4:E9:F4:C3:37:14,184979,1850270914,0,0,NA,0,4081,-68,153,0.996338,-0.016602,0.037354,100,100,8,UNCALIBRATED_SENSOR_2,false,CALIBRATION_MISSING,CALIBRATION_MISSING,kx134_single_node_i2c.0.1.0,kx134.v3
kx134.v3,NODE_PROTOTYPE,2,KX134_SENSOR_2,sensor_node_2,D4:E9:F4:C3:37:14,184980,1850280913,0,0,NA,0,4079,-42,177,0.995850,-0.010254,0.043213,100,100,8,UNCALIBRATED_SENSOR_2,false,CALIBRATION_MISSING,CALIBRATION_MISSING,kx134_single_node_i2c.0.1.0,kx134.v3
kx134.v3,NODE_PROTOTYPE,2,KX134_SENSOR_2,sensor_node_2,D4:E9:F4:C3:37:14,184981,1850290913,0,0,NA,0,4069,-36,169,0.993408,-0.008789,0.041260,100,100,8,UNCALIBRATED_SENSOR_2,false,CALIBRATION_MISSING,CALIBRATION_MISSING,kx134_single_node_i2c.0.1.0,kx134.v3
kx134.v3,NODE_PROTOTYPE,2,KX134_SENSOR_2,sensor_node_2,D4:E9:F4:C3:37:14,184982,1850300913,0,0,NA,0,4088,-40,155,0.998047,-0.009766,0.037842,100,100,8,UNCALIBRATED_SENSOR_2,false,CALIBRATION_MISSING,CALIBRATION_MISSING,kx134_single_node_i2c.0.1.0,kx134.v3
kx134.v3,NODE_PROTOTYPE,2,KX134_SENSOR_2,sensor_node_2,D4:E9:F4:C3:37:14,184983,1850310914,0,0,NA,0,4146,-36,165,1.012207,-0.008789,0.040283,100,100,8,UNCALIBRATED_SENSOR_2,false,CALIBRATION_MISSING,CALIBRATION_MISSING,kx134_single_node_i2c.0.1.0,kx134.v3
kx134.v3,NODE_PROTOTYPE,2,KX134_SENSOR_2,sensor_node_2,D4:E9:F4:C3:37:14,184984,1850320914,0,0,NA,0,4127,-40,155,1.007568,-0.009766,0.037842,100,100,8,UNCALIBRATED_SENSOR_2,false,CALIBRATION_MISSING,CALIBRATION_MISSING,kx134_single_node_i2c.0.1.0,kx134.v3
kx134.v3,NODE_PROTOTYPE,2,KX134_SENSOR_2,sensor_node_2,D4:E9:F4:C3:37:14,184985,1850330913,0,0,NA,0,4091,-54,156,0.998779,-0.013184,0.038086,100,100,8,UNCALIBRATED_SENSOR_2,false,CALIBRATION_MISSING,CALIBRATION_MISSING,kx134_single_node_i2c.0.1.0,kx134.v3
kx134.v3,NODE_PROTOTYPE,2,KX134_SENSOR_2,sensor_node_2,D4:E9:F4:C3:37:14,184986,1850340913,0,0,NA,0,4088,-63,154,0.998047,-0.015381,0.037598,100,100,8,UNCALIBRATED_SENSOR_2,false,CALIBRATION_MISSING,CALIBRATION_MISSING,kx134_single_node_i2c.0.1.0,kx134.v3
kx134.v3,NODE_PROTOTYPE,2,KX134_SENSOR_2,sensor_node_2,D4:E9:F4:C3:37:14,184987,1850350913,0,0,NA,0,4097,-56,143,1.000244,-0.013672,0.034912,100,100,8,UNCALIBRATED_SENSOR_2,false,CALIBRATION_MISSING,CALIBRATION_MISSING,kx134_single_node_i2c.0.1.0,kx134.v3
kx134.v3,NODE_PROTOTYPE,2,KX134_SENSOR_2,sensor_node_2,D4:E9:F4:C3:37:14,184988,1850360913,0,0,NA,0,4112,-28,151,1.003906,-0.006836,0.036865,100,100,8,UNCALIBRATED_SENSOR_2,false,CALIBRATION_MISSING,CALIBRATION_MISSING,kx134_single_node_i2c.0.1.0,kx134.v3
kx134.v3,NODE_PROTOTYPE,2,KX134_SENSOR_2,sensor_node_2,D4:E9:F4:C3:37:14,184989,1850370913,0,0,NA,0,4134,12,136,1.009277,0.002930,0.033203,100,100,8,UNCALIBRATED_SENSOR_2,false,CALIBRATION_MISSING,CALIBRATION_MISSING,kx134_single_node_i2c.0.1.0,kx134.v3
kx134.v3,NODE_PROTOTYPE,2,KX134_SENSOR_2,sensor_node_2,D4:E9:F4:C3:37:14,184990,1850380913,0,0,NA,0,4166,26,143,1.017090,0.006348,0.034912,100,100,8,UNCALIBRATED_SENSOR_2,false,CALIBRATION_MISSING,CALIBRATION_MISSING,kx134_single_node_i2c.0.1.0,kx134.v3
kx134.v3,NODE_PROTOTYPE,2,KX134_SENSOR_2,sensor_node_2,D4:E9:F4:C3:37:14,184991,1850390913,0,0,NA,0,4163,15,120,1.016357,0.003662,0.029297,100,100,8,UNCALIBRATED_SENSOR_2,false,CALIBRATION_MISSING,CALIBRATION_MISSING,kx134_single_node_i2c.0.1.0,kx134.v3
kx134.v3,NODE_PROTOTYPE,2,KX134_SENSOR_2,sensor_node_2,D4:E9:F4:C3:37:14,184992,1850400914,0,0,NA,0,4138,2,102,1.010254,0.000488,0.024902,100,100,8,UNCALIBRATED_SENSOR_2,false,CALIBRATION_MISSING,CALIBRATION_MISSING,kx134_single_node_i2c.0.1.0,kx134.v3
kx134.v3,NODE_PROTOTYPE,2,KX134_SENSOR_2,sensor_node_2,D4:E9:F4:C3:37:14,184993,1850410913,0,0,NA,0,4130,-7,138,1.008301,-0.001709,0.033691,100,100,8,UNCALIBRATED_SENSOR_2,false,CALIBRATION_MISSING,CALIBRATION_MISSING,kx134_single_node_i2c.0.1.0,kx134.v3
kx134.v3,NODE_PROTOTYPE,2,KX134_SENSOR_2,sensor_node_2,D4:E9:F4:C3:37:14,184994,1850420913,0,0,NA,0,4165,-31,150,1.016846,-0.007568,0.036621,100,100,8,UNCALIBRATED_SENSOR_2,false,CALIBRATION_MISSING,CALIBRATION_MISSING,kx134_single_node_i2c.0.1.0,kx134.v3
kx134.v3,NODE_PROTOTYPE,2,KX134_SENSOR_2,sensor_node_2,D4:E9:F4:C3:37:14,184995,1850430914,0,0,NA,0,4161,-45,134,1.015869,-0.010986,0.032715,100,100,8,UNCALIBRATED_SENSOR_2,false,CALIBRATION_MISSING,CALIBRATION_MISSING,kx134_single_node_i2c.0.1.0,kx134.v3
kx134.v3,NODE_PROTOTYPE,2,KX134_SENSOR_2,sensor_node_2,D4:E9:F4:C3:37:14,184996,1850440914,0,0,NA,0,4116,-32,113,1.004883,-0.007813,0.027588,100,100,8,UNCALIBRATED_SENSOR_2,false,CALIBRATION_MISSING,CALIBRATION_MISSING,kx134_single_node_i2c.0.1.0,kx134.v3
kx134.v3,NODE_PROTOTYPE,2,KX134_SENSOR_2,sensor_node_2,D4:E9:F4:C3:37:14,184997,1850450914,0,0,NA,0,4093,-41,136,0.999268,-0.010010,0.033203,100,100,8,UNCALIBRATED_SENSOR_2,false,CALIBRATION_MISSING,CALIBRATION_MISSING,kx134_single_node_i2c.0.1.0,kx134.v3
kx134.v3,NODE_PROTOTYPE,2,KX134_SENSOR_2,sensor_node_2,D4:E9:F4:C3:37:14,184998,1850460914,0,0,NA,0,4085,-44,135,0.997314,-0.010742,0.032959,100,100,8,UNCALIBRATED_SENSOR_2,false,CALIBRATION_MISSING,CALIBRATION_MISSING,kx134_single_node_i2c.0.1.0,kx134.v3
kx134.v3,NODE_PROTOTYPE,2,KX134_SENSOR_2,sensor_node_2,D4:E9:F4:C3:37:14,184999,1850470913,0,0,NA,0,4069,-33,91,0.993408,-0.008057,0.022217,100,100,8,UNCALIBRATED_SENSOR_2,false,CALIBRATION_MISSING,CALIBRATION_MISSING,kx134_single_node_i2c.0.1.0,kx134.v3
kx134.v3,NODE_PROTOTYPE,2,KX134_SENSOR_2,sensor_node_2,D4:E9:F4:C3:37:14,185000,1850480914,0,0,NA,0,4067,-36,80,0.992920,-0.008789,0.019531,100,100,8,UNCALIBRATED_SENSOR_2,false,CALIBRATION_MISSING,CALIBRATION_MISSING,kx134_single_node_i2c.0.1.0,kx134.v3
kx134.v3,NODE_PROTOTYPE,2,KX134_SENSOR_2,sensor_node_2,D4:E9:F4:C3:37:14,185001,1850490913,0,0,NA,0,4097,-46,92,1.000244,-0.011230,0.022461,100,100,8,UNCALIBRATED_SENSOR_2,false,CALIBRATION_MISSING,CALIBRATION_MISSING,kx134_single_node_i2c.0.1.0,kx134.v3
kx134.v3,NODE_PROTOTYPE,2,KX134_SENSOR_2,sensor_node_2,D4:E9:F4:C3:37:14,185002,1850500914,0,0,NA,0,4111,-57,138,1.003662,-0.013916,0.033691,100,100,8,UNCALIBRATED_SENSOR_2,false,CALIBRATION_MISSING,CALIBRATION_MISSING,kx134_single_node_i2c.0.1.0,kx134.v3
kx134.v3,NODE_PROTOTYPE,2,KX134_SENSOR_2,sensor_node_2,D4:E9:F4:C3:37:14,185003,1850510914,0,0,NA,0,4113,-69,159,1.004150,-0.016846,0.038818,100,100,8,UNCALIBRATED_SENSOR_2,false,CALIBRATION_MISSING,CALIBRATION_MISSING,kx134_single_node_i2c.0.1.0,kx134.v3
kx134.v3,NODE_PROTOTYPE,2,KX134_SENSOR_2,sensor_node_2,D4:E9:F4:C3:37:14,185004,1850520913,0,0,NA,0,4097,-74,129,1.000244,-0.018066,0.031494,100,100,8,UNCALIBRATED_SENSOR_2,false,CALIBRATION_MISSING,CALIBRATION_MISSING,kx134_single_node_i2c.0.1.0,kx134.v3
kx134.v3,NODE_PROTOTYPE,2,KX134_SENSOR_2,sensor_node_2,D4:E9:F4:C3:37:14,185005,1850530914,0,0,NA,0,4072,-58,110,0.994141,-0.014160,0.026855,100,100,8,UNCALIBRATED_SENSOR_2,false,CALIBRATION_MISSING,CALIBRATION_MISSING,kx134_single_node_i2c.0.1.0,kx134.v3
kx134.v3,NODE_PROTOTYPE,2,KX134_SENSOR_2,sensor_node_2,D4:E9:F4:C3:37:14,185006,1850540913,0,0,NA,0,4084,-35,120,0.997070,-0.008545,0.029297,100,100,8,UNCALIBRATED_SENSOR_2,false,CALIBRATION_MISSING,CALIBRATION_MISSING,kx134_single_node_i2c.0.1.0,kx134.v3
kx134.v3,NODE_PROTOTYPE,2,KX134_SENSOR_2,sensor_node_2,D4:E9:F4:C3:37:14,185007,1850550914,0,0,NA,0,4086,-35,128,0.997559,-0.008545,0.031250,100,100,8,UNCALIBRATED_SENSOR_2,false,CALIBRATION_MISSING,CALIBRATION_MISSING,kx134_single_node_i2c.0.1.0,kx134.v3
kx134.v3,NODE_PROTOTYPE,2,KX134_SENSOR_2,sensor_node_2,D4:E9:F4:C3:37:14,185008,1850560913,0,0,NA,0,4076,-55,130,0.995117,-0.013428,0.031738,100,100,8,UNCALIBRATED_SENSOR_2,false,CALIBRATION_MISSING,CALIBRATION_MISSING,kx134_single_node_i2c.0.1.0,kx134.v3
kx134.v3,NODE_PROTOTYPE,2,KX134_SENSOR_2,sensor_node_2,D4:E9:F4:C3:37:14,185009,1850570914,0,0,NA,0,4071,-43,119,0.993896,-0.010498,0.029053,100,100,8,UNCALIBRATED_SENSOR_2,false,CALIBRATION_MISSING,CALIBRATION_MISSING,kx134_single_node_i2c.0.1.0,kx134.v3
kx134.v3,NODE_PROTOTYPE,2,KX134_SENSOR_2,sensor_node_2,D4:E9:F4:C3:37:14,185010,1850580914,0,0,NA,0,4070,-46,117,0.993652,-0.011230,0.028564,100,100,8,UNCALIBRATED_SENSOR_2,false,CALIBRATION_MISSING,CALIBRATION_MISSING,kx134_single_node_i2c.0.1.0,kx134.v3
kx134.v3,NODE_PROTOTYPE,2,KX134_SENSOR_2,sensor_node_2,D4:E9:F4:C3:37:14,185011,1850590913,0,0,NA,0,4092,-55,131,0.999023,-0.013428,0.031982,100,100,8,UNCALIBRATED_SENSOR_2,false,CALIBRATION_MISSING,CALIBRATION_MISSING,kx134_single_node_i2c.0.1.0,kx134.v3
kx134.v3,NODE_PROTOTYPE,2,KX134_SENSOR_2,sensor_node_2,D4:E9:F4:C3:37:14,185012,1850600914,0,0,NA,0,4090,-37,130,0.998535,-0.009033,0.031738,100,100,8,UNCALIBRATED_SENSOR_2,false,CALIBRATION_MISSING,CALIBRATION_MISSING,kx134_single_node_i2c.0.1.0,kx134.v3
kx134.v3,NODE_PROTOTYPE,2,KX134_SENSOR_2,sensor_node_2,D4:E9:F4:C3:37:14,185013,1850610913,0,0,NA,0,4063,-18,101,0.991943,-0.004395,0.024658,100,100,8,UNCALIBRATED_SENSOR_2,false,CALIBRATION_MISSING,CALIBRATION_MISSING,kx134_single_node_i2c.0.1.0,kx134.v3
kx134.v3,NODE_PROTOTYPE,2,KX134_SENSOR_2,sensor_node_2,D4:E9:F4:C3:37:14,185014,1850620914,0,0,NA,0,4072,-18,116,0.994141,-0.004395,0.028320,100,100,8,UNCALIBRATED_SENSOR_2,false,CALIBRATION_MISSING,CALIBRATION_MISSING,kx134_single_node_i2c.0.1.0,kx134.v3
kx134.v3,NODE_PROTOTYPE,2,KX134_SENSOR_2,sensor_node_2,D4:E9:F4:C3:37:14,185015,1850630914,0,0,NA,0,4099,-29,129,1.000732,-0.007080,0.031494,100,100,8,UNCALIBRATED_SENSOR_2,false,CALIBRATION_MISSING,CALIBRATION_MISSING,kx134_single_node_i2c.0.1.0,kx134.v3
kx134.v3,NODE_PROTOTYPE,2,KX134_SENSOR_2,sensor_node_2,D4:E9:F4:C3:37:14,185016,1850640913,0,0,NA,0,4110,-20,123,1.003418,-0.004883,0.030029,100,100,8,UNCALIBRATED_SENSOR_2,false,CALIBRATION_MISSING,CALIBRATION_MISSING,kx134_single_node_i2c.0.1.0,kx134.v3
kx134.v3,NODE_PROTOTYPE,2,KX134_SENSOR_2,sensor_node_2,D4:E9:F4:C3:37:14,185017,1850650913,0,0,NA,0,4114,-19,138,1.004395,-0.004639,0.033691,100,100,8,UNCALIBRATED_SENSOR_2,false,CALIBRATION_MISSING,CALIBRATION_MISSING,kx134_single_node_i2c.0.1.0,kx134.v3
kx134.v3,NODE_PROTOTYPE,2,KX134_SENSOR_2,sensor_node_2,D4:E9:F4:C3:37:14,185018,1850660913,0,0,NA,0,4104,-47,136,1.001953,-0.011475,0.033203,100,100,8,UNCALIBRATED_SENSOR_2,false,CALIBRATION_MISSING,CALIBRATION_MISSING,kx134_single_node_i2c.0.1.0,kx134.v3
kx134.v3,NODE_PROTOTYPE,2,KX134_SENSOR_2,sensor_node_2,D4:E9:F4:C3:37:14,185019,1850670913,0,0,NA,0,4090,-46,143,0.998535,-0.011230,0.034912,100,100,8,UNCALIBRATED_SENSOR_2,false,CALIBRATION_MISSING,CALIBRATION_MISSING,kx134_single_node_i2c.0.1.0,kx134.v3
kx134.v3,NODE_PROTOTYPE,2,KX134_SENSOR_2,sensor_node_2,D4:E9:F4:C3:37:14,185020,1850680914,0,0,NA,0,4076,-40,130,0.995117,-0.009766,0.031738,100,100,8,UNCALIBRATED_SENSOR_2,false,CALIBRATION_MISSING,CALIBRATION_MISSING,kx134_single_node_i2c.0.1.0,kx134.v3
kx134.v3,NODE_PROTOTYPE,2,KX134_SENSOR_2,sensor_node_2,D4:E9:F4:C3:37:14,185021,1850690913,0,0,NA,0,4058,-63,104,0.990723,-0.015381,0.025391,100,100,8,UNCALIBRATED_SENSOR_2,false,CALIBRATION_MISSING,CALIBRATION_MISSING,kx134_single_node_i2c.0.1.0,kx134.v3
kx134.v3,NODE_PROTOTYPE,2,KX134_SENSOR_2,sensor_node_2,D4:E9:F4:C3:37:14,185022,1850700914,0,0,NA,0,4061,-80,164,0.991455,-0.019531,0.040039,100,100,8,UNCALIBRATED_SENSOR_2,false,CALIBRATION_MISSING,CALIBRATION_MISSING,kx134_single_node_i2c.0.1.0,kx134.v3
kx134.v3,NODE_PROTOTYPE,2,KX134_SENSOR_2,sensor_node_2,D4:E9:F4:C3:37:14,185023,1850710914,0,0,NA,0,4089,-66,218,0.998291,-0.016113,0.053223,100,100,8,UNCALIBRATED_SENSOR_2,false,CALIBRATION_MISSING,CALIBRATION_MISSING,kx134_single_node_i2c.0.1.0,kx134.v3
kx134.v3,NODE_PROTOTYPE,2,KX134_SENSOR_2,sensor_node_2,D4:E9:F4:C3:37:14,185024,1850720914,0,0,NA,0,4124,-192,264,1.006836,-0.046875,0.064453,100,100,8,UNCALIBRATED_SENSOR_2,false,CALIBRATION_MISSING,CALIBRATION_MISSING,kx134_single_node_i2c.0.1.0,kx134.v3
kx134.v3,NODE_PROTOTYPE,2,KX134_SENSOR_2,sensor_node_2,D4:E9:F4:C3:37:14,185025,1850730913,0,0,NA,0,4127,-372,370,1.007568,-0.090820,0.090332,100,100,8,UNCALIBRATED_SENSOR_2,false,CALIBRATION_MISSING,CALIBRATION_MISSING,kx134_single_node_i2c.0.1.0,kx134.v3
kx134.v3,NODE_PROTOTYPE,2,KX134_SENSOR_2,sensor_node_2,D4:E9:F4:C3:37:14,185026,1850740913,0,0,NA,0,4123,-372,370,1.006592,-0.090820,0.090332,100,100,8,UNCALIBRATED_SENSOR_2,false,CALIBRATION_MISSING,CALIBRATION_MISSING,kx134_single_node_i2c.0.1.0,kx134.v3
kx134.v3,NODE_PROTOTYPE,2,KX134_SENSOR_2,sensor_node_2,D4:E9:F4:C3:37:14,185027,1850750913,0,0,NA,0,4123,-410,448,1.006592,-0.100098,0.109375,100,100,8,UNCALIBRATED_SENSOR_2,false,CALIBRATION_MISSING,CALIBRATION_MISSING,kx134_single_node_i2c.0.1.0,kx134.v3
kx134.v3,NODE_PROTOTYPE,2,KX134_SENSOR_2,sensor_node_2,D4:E9:F4:C3:37:14,185028,1850760913,0,0,NA,0,4174,-224,382,1.019043,-0.054687,0.093262,100,100,8,UNCALIBRATED_SENSOR_2,false,CALIBRATION_MISSING,CALIBRATION_MISSING,kx134_single_node_i2c.0.1.0,kx134.v3
kx134.v3,NODE_PROTOTYPE,2,KX134_SENSOR_2,sensor_node_2,D4:E9:F4:C3:37:14,185029,1850770913,0,0,NA,0,4212,52,63,1.028320,0.012695,0.015381,100,100,8,UNCALIBRATED_SENSOR_2,false,CALIBRATION_MISSING,CALIBRATION_MISSING,kx134_single_node_i2c.0.1.0,kx134.v3
kx134.v3,NODE_PROTOTYPE,2,KX134_SENSOR_2,sensor_node_2,D4:E9:F4:C3:37:14,185030,1850780913,0,0,NA,0,4268,192,-138,1.041992,0.046875,-0.033691,100,100,8,UNCALIBRATED_SENSOR_2,false,CALIBRATION_MISSING,CALIBRATION_MISSING,kx134_single_node_i2c.0.1.0,kx134.v3
kx134.v3,NODE_PROTOTYPE,2,KX134_SENSOR_2,sensor_node_2,D4:E9:F4:C3:37:14,185031,1850790913,0,0,NA,0,4360,100,1,1.064453,0.024414,0.000244,100,100,8,UNCALIBRATED_SENSOR_2,false,CALIBRATION_MISSING,CALIBRATION_MISSING,kx134_single_node_i2c.0.1.0,kx134.v3
kx134.v3,NODE_PROTOTYPE,2,KX134_SENSOR_2,sensor_node_2,D4:E9:F4:C3:37:14,185032,1850800913,0,0,NA,0,4369,-7,48,1.066650,-0.001709,0.011719,100,100,8,UNCALIBRATED_SENSOR_2,false,CALIBRATION_MISSING,CALIBRATION_MISSING,kx134_single_node_i2c.0.1.0,kx134.v3
kx134.v3,NODE_PROTOTYPE,2,KX134_SENSOR_2,sensor_node_2,D4:E9:F4:C3:37:14,185033,1850810913,0,0,NA,0,4230,-49,-4,1.032715,-0.011963,-0.000977,100,100,8,UNCALIBRATED_SENSOR_2,false,CALIBRATION_MISSING,CALIBRATION_MISSING,kx134_single_node_i2c.0.1.0,kx134.v3
kx134.v3,NODE_PROTOTYPE,2,KX134_SENSOR_2,sensor_node_2,D4:E9:F4:C3:37:14,185034,1850820914,0,0,NA,0,4120,-28,64,1.005859,-0.006836,0.015625,100,100,8,UNCALIBRATED_SENSOR_2,false,CALIBRATION_MISSING,CALIBRATION_MISSING,kx134_single_node_i2c.0.1.0,kx134.v3
kx134.v3,NODE_PROTOTYPE,2,KX134_SENSOR_2,sensor_node_2,D4:E9:F4:C3:37:14,185035,1850830913,0,0,NA,0,4108,101,78,1.002930,0.024658,0.019043,100,100,8,UNCALIBRATED_SENSOR_2,false,CALIBRATION_MISSING,CALIBRATION_MISSING,kx134_single_node_i2c.0.1.0,kx134.v3
kx134.v3,NODE_PROTOTYPE,2,KX134_SENSOR_2,sensor_node_2,D4:E9:F4:C3:37:14,185036,1850840914,0,0,NA,0,4118,30,30,1.005371,0.007324,0.007324,100,100,8,UNCALIBRATED_SENSOR_2,false,CALIBRATION_MISSING,CALIBRATION_MISSING,kx134_single_node_i2c.0.1.0,kx134.v3
kx134.v3,NODE_PROTOTYPE,2,KX134_SENSOR_2,sensor_node_2,D4:E9:F4:C3:37:14,185037,1850850913,0,0,NA,0,4171,-94,12,1.018311,-0.022949,0.002930,100,100,8,UNCALIBRATED_SENSOR_2,false,CALIBRATION_MISSING,CALIBRATION_MISSING,kx134_single_node_i2c.0.1.0,kx134.v3
kx134.v3,NODE_PROTOTYPE,2,KX134_SENSOR_2,sensor_node_2,D4:E9:F4:C3:37:14,185038,1850860913,0,0,NA,0,4173,-113,46,1.018799,-0.027588,0.011230,100,100,8,UNCALIBRATED_SENSOR_2,false,CALIBRATION_MISSING,CALIBRATION_MISSING,kx134_single_node_i2c.0.1.0,kx134.v3
kx134.v3,NODE_PROTOTYPE,2,KX134_SENSOR_2,sensor_node_2,D4:E9:F4:C3:37:14,185039,1850870913,0,0,NA,0,4132,-79,101,1.008789,-0.019287,0.024658,100,100,8,UNCALIBRATED_SENSOR_2,false,CALIBRATION_MISSING,CALIBRATION_MISSING,kx134_single_node_i2c.0.1.0,kx134.v3
kx134.v3,NODE_PROTOTYPE,2,KX134_SENSOR_2,sensor_node_2,D4:E9:F4:C3:37:14,185040,1850880913,0,0,NA,0,4100,-42,115,1.000977,-0.010254,0.028076,100,100,8,UNCALIBRATED_SENSOR_2,false,CALIBRATION_MISSING,CALIBRATION_MISSING,kx134_single_node_i2c.0.1.0,kx134.v3
kx134.v3,NODE_PROTOTYPE,2,KX134_SENSOR_2,sensor_node_2,D4:E9:F4:C3:37:14,185041,1850890914,0,0,NA,0,4104,-19,100,1.001953,-0.004639,0.024414,100,100,8,UNCALIBRATED_SENSOR_2,false,CALIBRATION_MISSING,CALIBRATION_MISSING,kx134_single_node_i2c.0.1.0,kx134.v3
kx134.v3,NODE_PROTOTYPE,2,KX134_SENSOR_2,sensor_node_2,D4:E9:F4:C3:37:14,185042,1850900913,0,0,NA,0,4116,0,106,1.004883,0.000000,0.025879,100,100,8,UNCALIBRATED_SENSOR_2,false,CALIBRATION_MISSING,CALIBRATION_MISSING,kx134_single_node_i2c.0.1.0,kx134.v3
kx134.v3,NODE_PROTOTYPE,2,KX134_SENSOR_2,sensor_node_2,D4:E9:F4:C3:37:14,185043,1850910913,0,0,NA,0,4122,-11,143,1.006348,-0.002686,0.034912,100,100,8,UNCALIBRATED_SENSOR_2,false,CALIBRATION_MISSING,CALIBRATION_MISSING,kx134_single_node_i2c.0.1.0,kx134.v3
kx134.v3,NODE_PROTOTYPE,2,KX134_SENSOR_2,sensor_node_2,D4:E9:F4:C3:37:14,185044,1850920913,0,0,NA,0,4116,-43,176,1.004883,-0.010498,0.042969,100,100,8,UNCALIBRATED_SENSOR_2,false,CALIBRATION_MISSING,CALIBRATION_MISSING,kx134_single_node_i2c.0.1.0,kx134.v3
kx134.v3,NODE_PROTOTYPE,2,KX134_SENSOR_2,sensor_node_2,D4:E9:F4:C3:37:14,185045,1850930914,0,0,NA,0,4095,-39,174,0.999756,-0.009521,0.042480,100,100,8,UNCALIBRATED_SENSOR_2,false,CALIBRATION_MISSING,CALIBRATION_MISSING,kx134_single_node_i2c.0.1.0,kx134.v3
kx134.v3,NODE_PROTOTYPE,2,KX134_SENSOR_2,sensor_node_2,D4:E9:F4:C3:37:14,185046,1850940914,0,0,NA,0,4090,-23,158,0.998535,-0.005615,0.038574,100,100,8,UNCALIBRATED_SENSOR_2,false,CALIBRATION_MISSING,CALIBRATION_MISSING,kx134_single_node_i2c.0.1.0,kx134.v3
kx134.v3,NODE_PROTOTYPE,2,KX134_SENSOR_2,sensor_node_2,D4:E9:F4:C3:37:14,185047,1850950913,0,0,NA,0,4089,-40,156,0.998291,-0.009766,0.038086,100,100,8,UNCALIBRATED_SENSOR_2,false,CALIBRATION_MISSING,CALIBRATION_MISSING,kx134_single_node_i2c.0.1.0,kx134.v3
kx134.v3,NODE_PROTOTYPE,2,KX134_SENSOR_2,sensor_node_2,D4:E9:F4:C3:37:14,185048,1850960914,0,0,NA,0,4113,-41,154,1.004150,-0.010010,0.037598,100,100,8,UNCALIBRATED_SENSOR_2,false,CALIBRATION_MISSING,CALIBRATION_MISSING,kx134_single_node_i2c.0.1.0,kx134.v3
kx134.v3,NODE_PROTOTYPE,2,KX134_SENSOR_2,sensor_node_2,D4:E9:F4:C3:37:14,185049,1850970913,0,0,NA,0,4126,-70,141,1.007324,-0.017090,0.034424,100,100,8,UNCALIBRATED_SENSOR_2,false,CALIBRATION_MISSING,CALIBRATION_MISSING,kx134_single_node_i2c.0.1.0,kx134.v3
kx134.v3,NODE_PROTOTYPE,2,KX134_SENSOR_2,sensor_node_2,D4:E9:F4:C3:37:14,185050,1850980914,0,0,NA,0,4104,-115,113,1.001953,-0.028076,0.027588,100,100,8,UNCALIBRATED_SENSOR_2,false,CALIBRATION_MISSING,CALIBRATION_MISSING,kx134_single_node_i2c.0.1.0,kx134.v3
kx134.v3,NODE_PROTOTYPE,2,KX134_SENSOR_2,sensor_node_2,D4:E9:F4:C3:37:14,185051,1850990913,0,0,NA,0,4089,-80,84,0.998291,-0.019531,0.020508,100,100,8,UNCALIBRATED_SENSOR_2,false,CALIBRATION_MISSING,CALIBRATION_MISSING,kx134_single_node_i2c.0.1.0,kx134.v3
kx134.v3,NODE_PROTOTYPE,2,KX134_SENSOR_2,sensor_node_2,D4:E9:F4:C3:37:14,185052,1851000913,0,0,NA,0,4091,-42,96,0.998779,-0.010254,0.023437,100,100,8,UNCALIBRATED_SENSOR_2,false,CALIBRATION_MISSING,CALIBRATION_MISSING,kx134_single_node_i2c.0.1.0,kx134.v3
kx134.v3,NODE_PROTOTYPE,2,KX134_SENSOR_2,sensor_node_2,D4:E9:F4:C3:37:14,185053,1851010914,0,0,NA,0,4084,-67,126,0.997070,-0.016357,0.030762,100,100,8,UNCALIBRATED_SENSOR_2,false,CALIBRATION_MISSING,CALIBRATION_MISSING,kx134_single_node_i2c.0.1.0,kx134.v3
kx134.v3,NODE_PROTOTYPE,2,KX134_SENSOR_2,sensor_node_2,D4:E9:F4:C3:37:14,185054,1851020913,0,0,NA,0,4083,-73,128,0.996826,-0.017822,0.031250,100,100,8,UNCALIBRATED_SENSOR_2,false,CALIBRATION_MISSING,CALIBRATION_MISSING,kx134_single_node_i2c.0.1.0,kx134.v3
kx134.v3,NODE_PROTOTYPE,2,KX134_SENSOR_2,sensor_node_2,D4:E9:F4:C3:37:14,185055,1851030913,0,0,NA,0,4098,-62,98,1.000488,-0.015137,0.023926,100,100,8,UNCALIBRATED_SENSOR_2,false,CALIBRATION_MISSING,CALIBRATION_MISSING,kx134_single_node_i2c.0.1.0,kx134.v3
kx134.v3,NODE_PROTOTYPE,2,KX134_SENSOR_2,sensor_node_2,D4:E9:F4:C3:37:14,185056,1851040914,0,0,NA,0,4102,-63,100,1.001465,-0.015381,0.024414,100,100,8,UNCALIBRATED_SENSOR_2,false,CALIBRATION_MISSING,CALIBRATION_MISSING,kx134_single_node_i2c.0.1.0,kx134.v3
kx134.v3,NODE_PROTOTYPE,2,KX134_SENSOR_2,sensor_node_2,D4:E9:F4:C3:37:14,185057,1851050913,0,0,NA,0,4106,-71,97,1.002441,-0.017334,0.023682,100,100,8,UNCALIBRATED_SENSOR_2,false,CALIBRATION_MISSING,CALIBRATION_MISSING,kx134_single_node_i2c.0.1.0,kx134.v3
kx134.v3,NODE_PROTOTYPE,2,KX134_SENSOR_2,sensor_node_2,D4:E9:F4:C3:37:14,185058,1851060914,0,0,NA,0,4107,-102,95,1.002686,-0.024902,0.023193,100,100,8,UNCALIBRATED_SENSOR_2,false,CALIBRATION_MISSING,CALIBRATION_MISSING,kx134_single_node_i2c.0.1.0,kx134.v3
kx134.v3,NODE_PROTOTYPE,2,KX134_SENSOR_2,sensor_node_2,D4:E9:F4:C3:37:14,185059,1851070913,0,0,NA,0,4102,-83,106,1.001465,-0.020264,0.025879,100,100,8,UNCALIBRATED_SENSOR_2,false,CALIBRATION_MISSING,CALIBRATION_MISSING,kx134_single_node_i2c.0.1.0,kx134.v3
kx134.v3,NODE_PROTOTYPE,2,KX134_SENSOR_2,sensor_node_2,D4:E9:F4:C3:37:14,185060,1851080914,0,0,NA,0,4119,-32,109,1.005615,-0.007813,0.026611,100,100,8,UNCALIBRATED_SENSOR_2,false,CALIBRATION_MISSING,CALIBRATION_MISSING,kx134_single_node_i2c.0.1.0,kx134.v3
kx134.v3,NODE_PROTOTYPE,2,KX134_SENSOR_2,sensor_node_2,D4:E9:F4:C3:37:14,185061,1851090913,0,0,NA,0,4136,-4,138,1.009766,-0.000977,0.033691,100,100,8,UNCALIBRATED_SENSOR_2,false,CALIBRATION_MISSING,CALIBRATION_MISSING,kx134_single_node_i2c.0.1.0,kx134.v3
kx134.v3,NODE_PROTOTYPE,2,KX134_SENSOR_2,sensor_node_2,D4:E9:F4:C3:37:14,185062,1851100914,0,0,NA,0,4103,19,165,1.001709,0.004639,0.040283,100,100,8,UNCALIBRATED_SENSOR_2,false,CALIBRATION_MISSING,CALIBRATION_MISSING,kx134_single_node_i2c.0.1.0,kx134.v3
kx134.v3,NODE_PROTOTYPE,2,KX134_SENSOR_2,sensor_node_2,D4:E9:F4:C3:37:14,185063,1851110913,0,0,NA,0,4077,7,178,0.995361,0.001709,0.043457,100,100,8,UNCALIBRATED_SENSOR_2,false,CALIBRATION_MISSING,CALIBRATION_MISSING,kx134_single_node_i2c.0.1.0,kx134.v3
kx134.v3,NODE_PROTOTYPE,2,KX134_SENSOR_2,sensor_node_2,D4:E9:F4:C3:37:14,185064,1851120914,0,0,NA,0,4079,-14,195,0.995850,-0.003418,0.047607,100,100,8,UNCALIBRATED_SENSOR_2,false,CALIBRATION_MISSING,CALIBRATION_MISSING,kx134_single_node_i2c.0.1.0,kx134.v3
kx134.v3,NODE_PROTOTYPE,2,KX134_SENSOR_2,sensor_node_2,D4:E9:F4:C3:37:14,185065,1851130914,0,0,NA,0,4089,5,193,0.998291,0.001221,0.047119,100,100,8,UNCALIBRATED_SENSOR_2,false,CALIBRATION_MISSING,CALIBRATION_MISSING,kx134_single_node_i2c.0.1.0,kx134.v3
kx134.v3,NODE_PROTOTYPE,2,KX134_SENSOR_2,sensor_node_2,D4:E9:F4:C3:37:14,185066,1851140914,0,0,NA,0,4092,0,153,0.999023,0.000000,0.037354,100,100,8,UNCALIBRATED_SENSOR_2,false,CALIBRATION_MISSING,CALIBRATION_MISSING,kx134_single_node_i2c.0.1.0,kx134.v3
kx134.v3,NODE_PROTOTYPE,2,KX134_SENSOR_2,sensor_node_2,D4:E9:F4:C3:37:14,185067,1851150913,0,0,NA,0,4088,-37,133,0.998047,-0.009033,0.032471,100,100,8,UNCALIBRATED_SENSOR_2,false,CALIBRATION_MISSING,CALIBRATION_MISSING,kx134_single_node_i2c.0.1.0,kx134.v3
kx134.v3,NODE_PROTOTYPE,2,KX134_SENSOR_2,sensor_node_2,D4:E9:F4:C3:37:14,185068,1851160913,0,0,NA,0,4086,-40,132,0.997559,-0.009766,0.032227,100,100,8,UNCALIBRATED_SENSOR_2,false,CALIBRATION_MISSING,CALIBRATION_MISSING,kx134_single_node_i2c.0.1.0,kx134.v3
kx134.v3,NODE_PROTOTYPE,2,KX134_SENSOR_2,sensor_node_2,D4:E9:F4:C3:37:14,185069,1851170914,0,0,NA,0,4086,-37,147,0.997559,-0.009033,0.035889,100,100,8,UNCALIBRATED_SENSOR_2,false,CALIBRATION_MISSING,CALIBRATION_MISSING,kx134_single_node_i2c.0.1.0,kx134.v3
kx134.v3,NODE_PROTOTYPE,2,KX134_SENSOR_2,sensor_node_2,D4:E9:F4:C3:37:14,185070,1851180914,0,0,NA,0,4106,-47,160,1.002441,-0.011475,0.039063,100,100,8,UNCALIBRATED_SENSOR_2,false,CALIBRATION_MISSING,CALIBRATION_MISSING,kx134_single_node_i2c.0.1.0,kx134.v3
kx134.v3,NODE_PROTOTYPE,2,KX134_SENSOR_2,sensor_node_2,D4:E9:F4:C3:37:14,185071,1851190914,0,0,NA,0,4112,-30,150,1.003906,-0.007324,0.036621,100,100,8,UNCALIBRATED_SENSOR_2,false,CALIBRATION_MISSING,CALIBRATION_MISSING,kx134_single_node_i2c.0.1.0,kx134.v3
kx134.v3,NODE_PROTOTYPE,2,KX134_SENSOR_2,sensor_node_2,D4:E9:F4:C3:37:14,185072,1851200913,0,0,NA,0,4087,-18,122,0.997803,-0.004395,0.029785,100,100,8,UNCALIBRATED_SENSOR_2,false,CALIBRATION_MISSING,CALIBRATION_MISSING,kx134_single_node_i2c.0.1.0,kx134.v3
kx134.v3,NODE_PROTOTYPE,2,KX134_SENSOR_2,sensor_node_2,D4:E9:F4:C3:37:14,185073,1851210913,0,0,NA,0,4056,-30,98,0.990234,-0.007324,0.023926,100,100,8,UNCALIBRATED_SENSOR_2,false,CALIBRATION_MISSING,CALIBRATION_MISSING,kx134_single_node_i2c.0.1.0,kx134.v3
kx134.v3,NODE_PROTOTYPE,2,KX134_SENSOR_2,sensor_node_2,D4:E9:F4:C3:37:14,185074,1851220914,0,0,NA,0,4040,-26,86,0.986328,-0.006348,0.020996,100,100,8,UNCALIBRATED_SENSOR_2,false,CALIBRATION_MISSING,CALIBRATION_MISSING,kx134_single_node_i2c.0.1.0,kx134.v3
kx134.v3,NODE_PROTOTYPE,2,KX134_SENSOR_2,sensor_node_2,D4:E9:F4:C3:37:14,185075,1851230913,0,0,NA,0,4039,-16,86,0.986084,-0.003906,0.020996,100,100,8,UNCALIBRATED_SENSOR_2,false,CALIBRATION_MISSING,CALIBRATION_MISSING,kx134_single_node_i2c.0.1.0,kx134.v3
kx134.v3,NODE_PROTOTYPE,2,KX134_SENSOR_2,sensor_node_2,D4:E9:F4:C3:37:14,185076,1851240913,0,0,NA,0,4041,-29,89,0.986572,-0.007080,0.021729,100,100,8,UNCALIBRATED_SENSOR_2,false,CALIBRATION_MISSING,CALIBRATION_MISSING,kx134_single_node_i2c.0.1.0,kx134.v3
kx134.v3,NODE_PROTOTYPE,2,KX134_SENSOR_2,sensor_node_2,D4:E9:F4:C3:37:14,185077,1851250913,0,0,NA,0,4071,-50,127,0.993896,-0.012207,0.031006,100,100,8,UNCALIBRATED_SENSOR_2,false,CALIBRATION_MISSING,CALIBRATION_MISSING,kx134_single_node_i2c.0.1.0,kx134.v3
kx134.v3,NODE_PROTOTYPE,2,KX134_SENSOR_2,sensor_node_2,D4:E9:F4:C3:37:14,185078,1851260913,0,0,NA,0,4123,-56,193,1.006592,-0.013672,0.047119,100,100,8,UNCALIBRATED_SENSOR_2,false,CALIBRATION_MISSING,CALIBRATION_MISSING,kx134_single_node_i2c.0.1.0,kx134.v3
kx134.v3,NODE_PROTOTYPE,2,KX134_SENSOR_2,sensor_node_2,D4:E9:F4:C3:37:14,185079,1851270913,0,0,NA,0,4148,-32,225,1.012695,-0.007813,0.054932,100,100,8,UNCALIBRATED_SENSOR_2,false,CALIBRATION_MISSING,CALIBRATION_MISSING,kx134_single_node_i2c.0.1.0,kx134.v3
kx134.v3,NODE_PROTOTYPE,2,KX134_SENSOR_2,sensor_node_2,D4:E9:F4:C3:37:14,185080,1851280913,0,0,NA,0,4139,-8,198,1.010498,-0.001953,0.048340,100,100,8,UNCALIBRATED_SENSOR_2,false,CALIBRATION_MISSING,CALIBRATION_MISSING,kx134_single_node_i2c.0.1.0,kx134.v3
kx134.v3,NODE_PROTOTYPE,2,KX134_SENSOR_2,sensor_node_2,D4:E9:F4:C3:37:14,185081,1851290913,0,0,NA,0,4124,-21,158,1.006836,-0.005127,0.038574,100,100,8,UNCALIBRATED_SENSOR_2,false,CALIBRATION_MISSING,CALIBRATION_MISSING,kx134_single_node_i2c.0.1.0,kx134.v3
kx134.v3,NODE_PROTOTYPE,2,KX134_SENSOR_2,sensor_node_2,D4:E9:F4:C3:37:14,185082,1851300913,0,0,NA,0,4101,-58,150,1.001221,-0.014160,0.036621,100,100,8,UNCALIBRATED_SENSOR_2,false,CALIBRATION_MISSING,CALIBRATION_MISSING,kx134_single_node_i2c.0.1.0,kx134.v3
kx134.v3,NODE_PROTOTYPE,2,KX134_SENSOR_2,sensor_node_2,D4:E9:F4:C3:37:14,185083,1851310914,0,0,NA,0,4061,-49,115,0.991455,-0.011963,0.028076,100,100,8,UNCALIBRATED_SENSOR_2,false,CALIBRATION_MISSING,CALIBRATION_MISSING,kx134_single_node_i2c.0.1.0,kx134.v3
kx134.v3,NODE_PROTOTYPE,2,KX134_SENSOR_2,sensor_node_2,D4:E9:F4:C3:37:14,185084,1851320914,0,0,NA,0,4043,-22,94,0.987061,-0.005371,0.022949,100,100,8,UNCALIBRATED_SENSOR_2,false,CALIBRATION_MISSING,CALIBRATION_MISSING,kx134_single_node_i2c.0.1.0,kx134.v3
kx134.v3,NODE_PROTOTYPE,2,KX134_SENSOR_2,sensor_node_2,D4:E9:F4:C3:37:14,185085,1851330914,0,0,NA,0,4061,-36,105,0.991455,-0.008789,0.025635,100,100,8,UNCALIBRATED_SENSOR_2,false,CALIBRATION_MISSING,CALIBRATION_MISSING,kx134_single_node_i2c.0.1.0,kx134.v3
kx134.v3,NODE_PROTOTYPE,2,KX134_SENSOR_2,sensor_node_2,D4:E9:F4:C3:37:14,185086,1851340914,0,0,NA,0,4076,-48,118,0.995117,-0.011719,0.028809,100,100,8,UNCALIBRATED_SENSOR_2,false,CALIBRATION_MISSING,CALIBRATION_MISSING,kx134_single_node_i2c.0.1.0,kx134.v3
kx134.v3,NODE_PROTOTYPE,2,KX134_SENSOR_2,sensor_node_2,D4:E9:F4:C3:37:14,185087,1851350914,0,0,NA,0,4069,-68,133,0.993408,-0.016602,0.032471,100,100,8,UNCALIBRATED_SENSOR_2,false,CALIBRATION_MISSING,CALIBRATION_MISSING,kx134_single_node_i2c.0.1.0,kx134.v3
kx134.v3,NODE_PROTOTYPE,2,KX134_SENSOR_2,sensor_node_2,D4:E9:F4:C3:37:14,185088,1851360913,0,0,NA,0,4073,-64,147,0.994385,-0.015625,0.035889,100,100,8,UNCALIBRATED_SENSOR_2,false,CALIBRATION_MISSING,CALIBRATION_MISSING,kx134_single_node_i2c.0.1.0,kx134.v3
kx134.v3,NODE_PROTOTYPE,2,KX134_SENSOR_2,sensor_node_2,D4:E9:F4:C3:37:14,185089,1851370914,0,0,NA,0,4089,-18,151,0.998291,-0.004395,0.036865,100,100,8,UNCALIBRATED_SENSOR_2,false,CALIBRATION_MISSING,CALIBRATION_MISSING,kx134_single_node_i2c.0.1.0,kx134.v3
kx134.v3,NODE_PROTOTYPE,2,KX134_SENSOR_2,sensor_node_2,D4:E9:F4:C3:37:14,185090,1851380913,0,0,NA,0,4093,-26,148,0.999268,-0.006348,0.036133,100,100,8,UNCALIBRATED_SENSOR_2,false,CALIBRATION_MISSING,CALIBRATION_MISSING,kx134_single_node_i2c.0.1.0,kx134.v3
kx134.v3,NODE_PROTOTYPE,2,KX134_SENSOR_2,sensor_node_2,D4:E9:F4:C3:37:14,185091,1851390914,0,0,NA,0,4090,-38,155,0.998535,-0.009277,0.037842,100,100,8,UNCALIBRATED_SENSOR_2,false,CALIBRATION_MISSING,CALIBRATION_MISSING,kx134_single_node_i2c.0.1.0,kx134.v3
kx134.v3,NODE_PROTOTYPE,2,KX134_SENSOR_2,sensor_node_2,D4:E9:F4:C3:37:14,185092,1851400913,0,0,NA,0,4062,-23,152,0.991699,-0.005615,0.037109,100,100,8,UNCALIBRATED_SENSOR_2,false,CALIBRATION_MISSING,CALIBRATION_MISSING,kx134_single_node_i2c.0.1.0,kx134.v3
kx134.v3,NODE_PROTOTYPE,2,KX134_SENSOR_2,sensor_node_2,D4:E9:F4:C3:37:14,185093,1851410913,0,0,NA,0,4046,-26,152,0.987793,-0.006348,0.037109,100,100,8,UNCALIBRATED_SENSOR_2,false,CALIBRATION_MISSING,CALIBRATION_MISSING,kx134_single_node_i2c.0.1.0,kx134.v3
kx134.v3,NODE_PROTOTYPE,2,KX134_SENSOR_2,sensor_node_2,D4:E9:F4:C3:37:14,185094,1851420913,0,0,NA,0,4056,-35,147,0.990234,-0.008545,0.035889,100,100,8,UNCALIBRATED_SENSOR_2,false,CALIBRATION_MISSING,CALIBRATION_MISSING,kx134_single_node_i2c.0.1.0,kx134.v3
kx134.v3,NODE_PROTOTYPE,2,KX134_SENSOR_2,sensor_node_2,D4:E9:F4:C3:37:14,185095,1851430913,0,0,NA,0,4078,-59,130,0.995605,-0.014404,0.031738,100,100,8,UNCALIBRATED_SENSOR_2,false,CALIBRATION_MISSING,CALIBRATION_MISSING,kx134_single_node_i2c.0.1.0,kx134.v3
kx134.v3,NODE_PROTOTYPE,2,KX134_SENSOR_2,sensor_node_2,D4:E9:F4:C3:37:14,185096,1851440913,0,0,NA,0,4122,-41,134,1.006348,-0.010010,0.032715,100,100,8,UNCALIBRATED_SENSOR_2,false,CALIBRATION_MISSING,CALIBRATION_MISSING,kx134_single_node_i2c.0.1.0,kx134.v3
kx134.v3,NODE_PROTOTYPE,2,KX134_SENSOR_2,sensor_node_2,D4:E9:F4:C3:37:14,185097,1851450913,0,0,NA,0,4130,3,145,1.008301,0.000732,0.035400,100,100,8,UNCALIBRATED_SENSOR_2,false,CALIBRATION_MISSING,CALIBRATION_MISSING,kx134_single_node_i2c.0.1.0,kx134.v3
kx134.v3,NODE_PROTOTYPE,2,KX134_SENSOR_2,sensor_node_2,D4:E9:F4:C3:37:14,185098,1851460913,0,0,NA,0,4118,4,157,1.005371,0.000977,0.038330,100,100,8,UNCALIBRATED_SENSOR_2,false,CALIBRATION_MISSING,CALIBRATION_MISSING,kx134_single_node_i2c.0.1.0,kx134.v3
kx134.v3,NODE_PROTOTYPE,2,KX134_SENSOR_2,sensor_node_2,D4:E9:F4:C3:37:14,185099,1851470914,0,0,NA,0,4108,0,148,1.002930,0.000000,0.036133,100,100,8,UNCALIBRATED_SENSOR_2,false,CALIBRATION_MISSING,CALIBRATION_MISSING,kx134_single_node_i2c.0.1.0,kx134.v3
kx134.v3,NODE_PROTOTYPE,2,KX134_SENSOR_2,sensor_node_2,D4:E9:F4:C3:37:14,185100,1851480913,0,0,NA,0,4094,-5,108,0.999512,-0.001221,0.026367,100,100,8,UNCALIBRATED_SENSOR_2,false,CALIBRATION_MISSING,CALIBRATION_MISSING,kx134_single_node_i2c.0.1.0,kx134.v3
kx134.v3,NODE_PROTOTYPE,2,KX134_SENSOR_2,sensor_node_2,D4:E9:F4:C3:37:14,185101,1851490914,0,0,NA,0,4080,-19,103,0.996094,-0.004639,0.025146,100,100,8,UNCALIBRATED_SENSOR_2,false,CALIBRATION_MISSING,CALIBRATION_MISSING,kx134_single_node_i2c.0.1.0,kx134.v3
kx134.v3,NODE_PROTOTYPE,2,KX134_SENSOR_2,sensor_node_2,D4:E9:F4:C3:37:14,185102,1851500913,0,0,NA,0,4088,-29,123,0.998047,-0.007080,0.030029,100,100,8,UNCALIBRATED_SENSOR_2,false,CALIBRATION_MISSING,CALIBRATION_MISSING,kx134_single_node_i2c.0.1.0,kx134.v3
kx134.v3,NODE_PROTOTYPE,2,KX134_SENSOR_2,sensor_node_2,D4:E9:F4:C3:37:14,185103,1851510914,0,0,NA,0,4097,-35,128,1.000244,-0.008545,0.031250,100,100,8,UNCALIBRATED_SENSOR_2,false,CALIBRATION_MISSING,CALIBRATION_MISSING,kx134_single_node_i2c.0.1.0,kx134.v3
kx134.v3,NODE_PROTOTYPE,2,KX134_SENSOR_2,sensor_node_2,D4:E9:F4:C3:37:14,185104,1851520914,0,0,NA,0,4085,-56,130,0.997314,-0.013672,0.031738,100,100,8,UNCALIBRATED_SENSOR_2,false,CALIBRATION_MISSING,CALIBRATION_MISSING,kx134_single_node_i2c.0.1.0,kx134.v3
kx134.v3,NODE_PROTOTYPE,2,KX134_SENSOR_2,sensor_node_2,D4:E9:F4:C3:37:14,185105,1851530914,0,0,NA,0,4073,-69,140,0.994385,-0.016846,0.034180,100,100,8,UNCALIBRATED_SENSOR_2,false,CALIBRATION_MISSING,CALIBRATION_MISSING,kx134_single_node_i2c.0.1.0,kx134.v3
kx134.v3,NODE_PROTOTYPE,2,KX134_SENSOR_2,sensor_node_2,D4:E9:F4:C3:37:14,185106,1851540913,0,0,NA,0,4079,-57,135,0.995850,-0.013916,0.032959,100,100,8,UNCALIBRATED_SENSOR_2,false,CALIBRATION_MISSING,CALIBRATION_MISSING,kx134_single_node_i2c.0.1.0,kx134.v3
kx134.v3,NODE_PROTOTYPE,2,KX134_SENSOR_2,sensor_node_2,D4:E9:F4:C3:37:14,185107,1851550913,0,0,NA,0,4098,-24,120,1.000488,-0.005859,0.029297,100,100,8,UNCALIBRATED_SENSOR_2,false,CALIBRATION_MISSING,CALIBRATION_MISSING,kx134_single_node_i2c.0.1.0,kx134.v3
kx134.v3,NODE_PROTOTYPE,2,KX134_SENSOR_2,sensor_node_2,D4:E9:F4:C3:37:14,185108,1851560914,0,0,NA,0,4102,-9,128,1.001465,-0.002197,0.031250,100,100,8,UNCALIBRATED_SENSOR_2,false,CALIBRATION_MISSING,CALIBRATION_MISSING,kx134_single_node_i2c.0.1.0,kx134.v3
kx134.v3,NODE_PROTOTYPE,2,KX134_SENSOR_2,sensor_node_2,D4:E9:F4:C3:37:14,185109,1851570914,0,0,NA,0,4109,-59,161,1.003174,-0.014404,0.039307,100,100,8,UNCALIBRATED_SENSOR_2,false,CALIBRATION_MISSING,CALIBRATION_MISSING,kx134_single_node_i2c.0.1.0,kx134.v3
kx134.v3,NODE_PROTOTYPE,2,KX134_SENSOR_2,sensor_node_2,D4:E9:F4:C3:37:14,185110,1851580914,0,0,NA,0,4121,-99,163,1.006104,-0.024170,0.039795,100,100,8,UNCALIBRATED_SENSOR_2,false,CALIBRATION_MISSING,CALIBRATION_MISSING,kx134_single_node_i2c.0.1.0,kx134.v3
kx134.v3,NODE_PROTOTYPE,2,KX134_SENSOR_2,sensor_node_2,D4:E9:F4:C3:37:14,185111,1851590913,0,0,NA,0,4129,-76,143,1.008057,-0.018555,0.034912,100,100,8,UNCALIBRATED_SENSOR_2,false,CALIBRATION_MISSING,CALIBRATION_MISSING,kx134_single_node_i2c.0.1.0,kx134.v3
kx134.v3,NODE_PROTOTYPE,2,KX134_SENSOR_2,sensor_node_2,D4:E9:F4:C3:37:14,185112,1851600913,0,0,NA,0,4107,-60,103,1.002686,-0.014648,0.025146,100,100,8,UNCALIBRATED_SENSOR_2,false,CALIBRATION_MISSING,CALIBRATION_MISSING,kx134_single_node_i2c.0.1.0,kx134.v3
kx134.v3,NODE_PROTOTYPE,2,KX134_SENSOR_2,sensor_node_2,D4:E9:F4:C3:37:14,185113,1851610913,0,0,NA,0,4082,-71,67,0.996582,-0.017334,0.016357,100,100,8,UNCALIBRATED_SENSOR_2,false,CALIBRATION_MISSING,CALIBRATION_MISSING,kx134_single_node_i2c.0.1.0,kx134.v3
kx134.v3,NODE_PROTOTYPE,2,KX134_SENSOR_2,sensor_node_2,D4:E9:F4:C3:37:14,185114,1851620914,0,0,NA,0,4114,-99,84,1.004395,-0.024170,0.020508,100,100,8,UNCALIBRATED_SENSOR_2,false,CALIBRATION_MISSING,CALIBRATION_MISSING,kx134_single_node_i2c.0.1.0,kx134.v3
kx134.v3,NODE_PROTOTYPE,2,KX134_SENSOR_2,sensor_node_2,D4:E9:F4:C3:37:14,185115,1851630914,0,0,NA,0,4144,-111,135,1.011719,-0.027100,0.032959,100,100,8,UNCALIBRATED_SENSOR_2,false,CALIBRATION_MISSING,CALIBRATION_MISSING,kx134_single_node_i2c.0.1.0,kx134.v3
kx134.v3,NODE_PROTOTYPE,2,KX134_SENSOR_2,sensor_node_2,D4:E9:F4:C3:37:14,185116,1851640913,0,0,NA,0,4161,-73,183,1.015869,-0.017822,0.044678,100,100,8,UNCALIBRATED_SENSOR_2,false,CALIBRATION_MISSING,CALIBRATION_MISSING,kx134_single_node_i2c.0.1.0,kx134.v3
kx134.v3,NODE_PROTOTYPE,2,KX134_SENSOR_2,sensor_node_2,D4:E9:F4:C3:37:14,185117,1851650913,0,0,NA,0,4148,-47,201,1.012695,-0.011475,0.049072,100,100,8,UNCALIBRATED_SENSOR_2,false,CALIBRATION_MISSING,CALIBRATION_MISSING,kx134_single_node_i2c.0.1.0,kx134.v3
kx134.v3,NODE_PROTOTYPE,2,KX134_SENSOR_2,sensor_node_2,D4:E9:F4:C3:37:14,185118,1851660914,0,0,NA,0,4119,-51,171,1.005615,-0.012451,0.041748,100,100,8,UNCALIBRATED_SENSOR_2,false,CALIBRATION_MISSING,CALIBRATION_MISSING,kx134_single_node_i2c.0.1.0,kx134.v3
kx134.v3,NODE_PROTOTYPE,2,KX134_SENSOR_2,sensor_node_2,D4:E9:F4:C3:37:14,185119,1851670913,0,0,NA,0,4117,-56,119,1.005127,-0.013672,0.029053,100,100,8,UNCALIBRATED_SENSOR_2,false,CALIBRATION_MISSING,CALIBRATION_MISSING,kx134_single_node_i2c.0.1.0,kx134.v3
kx134.v3,NODE_PROTOTYPE,2,KX134_SENSOR_2,sensor_node_2,D4:E9:F4:C3:37:14,185120,1851680913,0,0,NA,0,4106,-77,94,1.002441,-0.018799,0.022949,100,100,8,UNCALIBRATED_SENSOR_2,false,CALIBRATION_MISSING,CALIBRATION_MISSING,kx134_single_node_i2c.0.1.0,kx134.v3
kx134.v3,NODE_PROTOTYPE,2,KX134_SENSOR_2,sensor_node_2,D4:E9:F4:C3:37:14,185121,1851690913,0,0,NA,0,4086,-97,92,0.997559,-0.023682,0.022461,100,100,8,UNCALIBRATED_SENSOR_2,false,CALIBRATION_MISSING,CALIBRATION_MISSING,kx134_single_node_i2c.0.1.0,kx134.v3
kx134.v3,NODE_PROTOTYPE,2,KX134_SENSOR_2,sensor_node_2,D4:E9:F4:C3:37:14,185122,1851700914,0,0,NA,0,4090,-85,101,0.998535,-0.020752,0.024658,100,100,8,UNCALIBRATED_SENSOR_2,false,CALIBRATION_MISSING,CALIBRATION_MISSING,kx134_single_node_i2c.0.1.0,kx134.v3
kx134.v3,NODE_PROTOTYPE,2,KX134_SENSOR_2,sensor_node_2,D4:E9:F4:C3:37:14,185123,1851710913,0,0,NA,0,4112,-59,128,1.003906,-0.014404,0.031250,100,100,8,UNCALIBRATED_SENSOR_2,false,CALIBRATION_MISSING,CALIBRATION_MISSING,kx134_single_node_i2c.0.1.0,kx134.v3
kx134.v3,NODE_PROTOTYPE,2,KX134_SENSOR_2,sensor_node_2,D4:E9:F4:C3:37:14,185124,1851720913,0,0,NA,0,4127,-67,168,1.007568,-0.016357,0.041016,100,100,8,UNCALIBRATED_SENSOR_2,false,CALIBRATION_MISSING,CALIBRATION_MISSING,kx134_single_node_i2c.0.1.0,kx134.v3
kx134.v3,NODE_PROTOTYPE,2,KX134_SENSOR_2,sensor_node_2,D4:E9:F4:C3:37:14,185125,1851730914,0,0,NA,0,4129,-94,165,1.008057,-0.022949,0.040283,100,100,8,UNCALIBRATED_SENSOR_2,false,CALIBRATION_MISSING,CALIBRATION_MISSING,kx134_single_node_i2c.0.1.0,kx134.v3
kx134.v3,NODE_PROTOTYPE,2,KX134_SENSOR_2,sensor_node_2,D4:E9:F4:C3:37:14,185126,1851740913,0,0,NA,0,4108,-100,153,1.002930,-0.024414,0.037354,100,100,8,UNCALIBRATED_SENSOR_2,false,CALIBRATION_MISSING,CALIBRATION_MISSING,kx134_single_node_i2c.0.1.0,kx134.v3
kx134.v3,NODE_PROTOTYPE,2,KX134_SENSOR_2,sensor_node_2,D4:E9:F4:C3:37:14,185127,1851750914,0,0,NA,0,4093,-81,143,0.999268,-0.019775,0.034912,100,100,8,UNCALIBRATED_SENSOR_2,false,CALIBRATION_MISSING,CALIBRATION_MISSING,kx134_single_node_i2c.0.1.0,kx134.v3
kx134.v3,NODE_PROTOTYPE,2,KX134_SENSOR_2,sensor_node_2,D4:E9:F4:C3:37:14,185128,1851760913,0,0,NA,0,4099,-38,130,1.000732,-0.009277,0.031738,100,100,8,UNCALIBRATED_SENSOR_2,false,CALIBRATION_MISSING,CALIBRATION_MISSING,kx134_single_node_i2c.0.1.0,kx134.v3
kx134.v3,NODE_PROTOTYPE,2,KX134_SENSOR_2,sensor_node_2,D4:E9:F4:C3:37:14,185129,1851770913,0,0,NA,0,4116,-50,140,1.004883,-0.012207,0.034180,100,100,8,UNCALIBRATED_SENSOR_2,false,CALIBRATION_MISSING,CALIBRATION_MISSING,kx134_single_node_i2c.0.1.0,kx134.v3
kx134.v3,NODE_PROTOTYPE,2,KX134_SENSOR_2,sensor_node_2,D4:E9:F4:C3:37:14,185130,1851780913,0,0,NA,0,4114,-72,137,1.004395,-0.017578,0.033447,100,100,8,UNCALIBRATED_SENSOR_2,false,CALIBRATION_MISSING,CALIBRATION_MISSING,kx134_single_node_i2c.0.1.0,kx134.v3
kx134.v3,NODE_PROTOTYPE,2,KX134_SENSOR_2,sensor_node_2,D4:E9:F4:C3:37:14,185131,1851790914,0,0,NA,0,4076,-37,128,0.995117,-0.009033,0.031250,100,100,8,UNCALIBRATED_SENSOR_2,false,CALIBRATION_MISSING,CALIBRATION_MISSING,kx134_single_node_i2c.0.1.0,kx134.v3
kx134.v3,NODE_PROTOTYPE,2,KX134_SENSOR_2,sensor_node_2,D4:E9:F4:C3:37:14,185132,1851800914,0,0,NA,0,4068,6,121,0.993164,0.001465,0.029541,100,100,8,UNCALIBRATED_SENSOR_2,false,CALIBRATION_MISSING,CALIBRATION_MISSING,kx134_single_node_i2c.0.1.0,kx134.v3
kx134.v3,NODE_PROTOTYPE,2,KX134_SENSOR_2,sensor_node_2,D4:E9:F4:C3:37:14,185133,1851810913,0,0,NA,0,4088,23,125,0.998047,0.005615,0.030518,100,100,8,UNCALIBRATED_SENSOR_2,false,CALIBRATION_MISSING,CALIBRATION_MISSING,kx134_single_node_i2c.0.1.0,kx134.v3
kx134.v3,NODE_PROTOTYPE,2,KX134_SENSOR_2,sensor_node_2,D4:E9:F4:C3:37:14,185134,1851820914,0,0,NA,0,4105,31,141,1.002197,0.007568,0.034424,100,100,8,UNCALIBRATED_SENSOR_2,false,CALIBRATION_MISSING,CALIBRATION_MISSING,kx134_single_node_i2c.0.1.0,kx134.v3
kx134.v3,NODE_PROTOTYPE,2,KX134_SENSOR_2,sensor_node_2,D4:E9:F4:C3:37:14,185135,1851830913,0,0,NA,0,4116,-1,143,1.004883,-0.000244,0.034912,100,100,8,UNCALIBRATED_SENSOR_2,false,CALIBRATION_MISSING,CALIBRATION_MISSING,kx134_single_node_i2c.0.1.0,kx134.v3
kx134.v3,NODE_PROTOTYPE,2,KX134_SENSOR_2,sensor_node_2,D4:E9:F4:C3:37:14,185136,1851840914,0,0,NA,0,4094,-30,124,0.999512,-0.007324,0.030273,100,100,8,UNCALIBRATED_SENSOR_2,false,CALIBRATION_MISSING,CALIBRATION_MISSING,kx134_single_node_i2c.0.1.0,kx134.v3
kx134.v3,NODE_PROTOTYPE,2,KX134_SENSOR_2,sensor_node_2,D4:E9:F4:C3:37:14,185137,1851850913,0,0,NA,0,4074,-14,112,0.994629,-0.003418,0.027344,100,100,8,UNCALIBRATED_SENSOR_2,false,CALIBRATION_MISSING,CALIBRATION_MISSING,kx134_single_node_i2c.0.1.0,kx134.v3
kx134.v3,NODE_PROTOTYPE,2,KX134_SENSOR_2,sensor_node_2,D4:E9:F4:C3:37:14,185138,1851860913,0,0,NA,0,4073,-16,126,0.994385,-0.003906,0.030762,100,100,8,UNCALIBRATED_SENSOR_2,false,CALIBRATION_MISSING,CALIBRATION_MISSING,kx134_single_node_i2c.0.1.0,kx134.v3
kx134.v3,NODE_PROTOTYPE,2,KX134_SENSOR_2,sensor_node_2,D4:E9:F4:C3:37:14,185139,1851870913,0,0,NA,0,4098,-14,155,1.000488,-0.003418,0.037842,100,100,8,UNCALIBRATED_SENSOR_2,false,CALIBRATION_MISSING,CALIBRATION_MISSING,kx134_single_node_i2c.0.1.0,kx134.v3
kx134.v3,NODE_PROTOTYPE,2,KX134_SENSOR_2,sensor_node_2,D4:E9:F4:C3:37:14,185140,1851880914,0,0,NA,0,4122,-5,145,1.006348,-0.001221,0.035400,100,100,8,UNCALIBRATED_SENSOR_2,false,CALIBRATION_MISSING,CALIBRATION_MISSING,kx134_single_node_i2c.0.1.0,kx134.v3
kx134.v3,NODE_PROTOTYPE,2,KX134_SENSOR_2,sensor_node_2,D4:E9:F4:C3:37:14,185141,1851890913,0,0,NA,0,4115,-30,156,1.004639,-0.007324,0.038086,100,100,8,UNCALIBRATED_SENSOR_2,false,CALIBRATION_MISSING,CALIBRATION_MISSING,kx134_single_node_i2c.0.1.0,kx134.v3
kx134.v3,NODE_PROTOTYPE,2,KX134_SENSOR_2,sensor_node_2,D4:E9:F4:C3:37:14,185142,1851900913,0,0,NA,0,4099,-52,187,1.000732,-0.012695,0.045654,100,100,8,UNCALIBRATED_SENSOR_2,false,CALIBRATION_MISSING,CALIBRATION_MISSING,kx134_single_node_i2c.0.1.0,kx134.v3
kx134.v3,NODE_PROTOTYPE,2,KX134_SENSOR_2,sensor_node_2,D4:E9:F4:C3:37:14,185143,1851910914,0,0,NA,0,4080,-43,155,0.996094,-0.010498,0.037842,100,100,8,UNCALIBRATED_SENSOR_2,false,CALIBRATION_MISSING,CALIBRATION_MISSING,kx134_single_node_i2c.0.1.0,kx134.v3
kx134.v3,NODE_PROTOTYPE,2,KX134_SENSOR_2,sensor_node_2,D4:E9:F4:C3:37:14,185144,1851920913,0,0,NA,0,4103,-56,123,1.001709,-0.013672,0.030029,100,100,8,UNCALIBRATED_SENSOR_2,false,CALIBRATION_MISSING,CALIBRATION_MISSING,kx134_single_node_i2c.0.1.0,kx134.v3
kx134.v3,NODE_PROTOTYPE,2,KX134_SENSOR_2,sensor_node_2,D4:E9:F4:C3:37:14,185145,1851930913,0,0,NA,0,4115,-66,129,1.004639,-0.016113,0.031494,100,100,8,UNCALIBRATED_SENSOR_2,false,CALIBRATION_MISSING,CALIBRATION_MISSING,kx134_single_node_i2c.0.1.0,kx134.v3
kx134.v3,NODE_PROTOTYPE,2,KX134_SENSOR_2,sensor_node_2,D4:E9:F4:C3:37:14,185146,1851940913,0,0,NA,0,4084,-60,144,0.997070,-0.014648,0.035156,100,100,8,UNCALIBRATED_SENSOR_2,false,CALIBRATION_MISSING,CALIBRATION_MISSING,kx134_single_node_i2c.0.1.0,kx134.v3
kx134.v3,NODE_PROTOTYPE,2,KX134_SENSOR_2,sensor_node_2,D4:E9:F4:C3:37:14,185147,1851950913,0,0,NA,0,4060,-50,131,0.991211,-0.012207,0.031982,100,100,8,UNCALIBRATED_SENSOR_2,false,CALIBRATION_MISSING,CALIBRATION_MISSING,kx134_single_node_i2c.0.1.0,kx134.v3
kx134.v3,NODE_PROTOTYPE,2,KX134_SENSOR_2,sensor_node_2,D4:E9:F4:C3:37:14,185148,1851960913,0,0,NA,0,4041,-39,115,0.986572,-0.009521,0.028076,100,100,8,UNCALIBRATED_SENSOR_2,false,CALIBRATION_MISSING,CALIBRATION_MISSING,kx134_single_node_i2c.0.1.0,kx134.v3
kx134.v3,NODE_PROTOTYPE,2,KX134_SENSOR_2,sensor_node_2,D4:E9:F4:C3:37:14,185149,1851970914,0,0,NA,0,4059,-49,122,0.990967,-0.011963,0.029785,100,100,8,UNCALIBRATED_SENSOR_2,false,CALIBRATION_MISSING,CALIBRATION_MISSING,kx134_single_node_i2c.0.1.0,kx134.v3
kx134.v3,NODE_PROTOTYPE,2,KX134_SENSOR_2,sensor_node_2,D4:E9:F4:C3:37:14,185150,1851980913,0,0,NA,0,4073,-37,123,0.994385,-0.009033,0.030029,100,100,8,UNCALIBRATED_SENSOR_2,false,CALIBRATION_MISSING,CALIBRATION_MISSING,kx134_single_node_i2c.0.1.0,kx134.v3
kx134.v3,NODE_PROTOTYPE,2,KX134_SENSOR_2,sensor_node_2,D4:E9:F4:C3:37:14,185151,1851990914,0,0,NA,0,4084,-41,104,0.997070,-0.010010,0.025391,100,100,8,UNCALIBRATED_SENSOR_2,false,CALIBRATION_MISSING,CALIBRATION_MISSING,kx134_single_node_i2c.0.1.0,kx134.v3
kx134.v3,NODE_PROTOTYPE,2,KX134_SENSOR_2,sensor_node_2,D4:E9:F4:C3:37:14,185152,1852000913,0,0,NA,0,4074,-50,105,0.994629,-0.012207,0.025635,100,100,8,UNCALIBRATED_SENSOR_2,false,CALIBRATION_MISSING,CALIBRATION_MISSING,kx134_single_node_i2c.0.1.0,kx134.v3
kx134.v3,NODE_PROTOTYPE,2,KX134_SENSOR_2,sensor_node_2,D4:E9:F4:C3:37:14,185153,1852010914,0,0,NA,0,4054,-28,118,0.989746,-0.006836,0.028809,100,100,8,UNCALIBRATED_SENSOR_2,false,CALIBRATION_MISSING,CALIBRATION_MISSING,kx134_single_node_i2c.0.1.0,kx134.v3
kx134.v3,NODE_PROTOTYPE,2,KX134_SENSOR_2,sensor_node_2,D4:E9:F4:C3:37:14,185154,1852020913,0,0,NA,0,4071,-32,138,0.993896,-0.007813,0.033691,100,100,8,UNCALIBRATED_SENSOR_2,false,CALIBRATION_MISSING,CALIBRATION_MISSING,kx134_single_node_i2c.0.1.0,kx134.v3
kx134.v3,NODE_PROTOTYPE,2,KX134_SENSOR_2,sensor_node_2,D4:E9:F4:C3:37:14,185155,1852030913,0,0,NA,0,4080,-53,148,0.996094,-0.012939,0.036133,100,100,8,UNCALIBRATED_SENSOR_2,false,CALIBRATION_MISSING,CALIBRATION_MISSING,kx134_single_node_i2c.0.1.0,kx134.v3
kx134.v3,NODE_PROTOTYPE,2,KX134_SENSOR_2,sensor_node_2,D4:E9:F4:C3:37:14,185156,1852040914,0,0,NA,0,4062,-78,129,0.991699,-0.019043,0.031494,100,100,8,UNCALIBRATED_SENSOR_2,false,CALIBRATION_MISSING,CALIBRATION_MISSING,kx134_single_node_i2c.0.1.0,kx134.v3
kx134.v3,NODE_PROTOTYPE,2,KX134_SENSOR_2,sensor_node_2,D4:E9:F4:C3:37:14,185157,1852050913,0,0,NA,0,4078,-82,134,0.995605,-0.020020,0.032715,100,100,8,UNCALIBRATED_SENSOR_2,false,CALIBRATION_MISSING,CALIBRATION_MISSING,kx134_single_node_i2c.0.1.0,kx134.v3
kx134.v3,NODE_PROTOTYPE,2,KX134_SENSOR_2,sensor_node_2,D4:E9:F4:C3:37:14,185158,1852060913,0,0,NA,0,4111,-65,154,1.003662,-0.015869,0.037598,100,100,8,UNCALIBRATED_SENSOR_2,false,CALIBRATION_MISSING,CALIBRATION_MISSING,kx134_single_node_i2c.0.1.0,kx134.v3
kx134.v3,NODE_PROTOTYPE,2,KX134_SENSOR_2,sensor_node_2,D4:E9:F4:C3:37:14,185159,1852070913,0,0,NA,0,4106,-55,156,1.002441,-0.013428,0.038086,100,100,8,UNCALIBRATED_SENSOR_2,false,CALIBRATION_MISSING,CALIBRATION_MISSING,kx134_single_node_i2c.0.1.0,kx134.v3
kx134.v3,NODE_PROTOTYPE,2,KX134_SENSOR_2,sensor_node_2,D4:E9:F4:C3:37:14,185160,1852080913,0,0,NA,0,4103,-41,128,1.001709,-0.010010,0.031250,100,100,8,UNCALIBRATED_SENSOR_2,false,CALIBRATION_MISSING,CALIBRATION_MISSING,kx134_single_node_i2c.0.1.0,kx134.v3
kx134.v3,NODE_PROTOTYPE,2,KX134_SENSOR_2,sensor_node_2,D4:E9:F4:C3:37:14,185161,1852090913,0,0,NA,0,4095,-11,103,0.999756,-0.002686,0.025146,100,100,8,UNCALIBRATED_SENSOR_2,false,CALIBRATION_MISSING,CALIBRATION_MISSING,kx134_single_node_i2c.0.1.0,kx134.v3
kx134.v3,NODE_PROTOTYPE,2,KX134_SENSOR_2,sensor_node_2,D4:E9:F4:C3:37:14,185162,1852100914,0,0,NA,0,4087,-16,103,0.997803,-0.003906,0.025146,100,100,8,UNCALIBRATED_SENSOR_2,false,CALIBRATION_MISSING,CALIBRATION_MISSING,kx134_single_node_i2c.0.1.0,kx134.v3
kx134.v3,NODE_PROTOTYPE,2,KX134_SENSOR_2,sensor_node_2,D4:E9:F4:C3:37:14,185163,1852110913,0,0,NA,0,4102,-39,132,1.001465,-0.009521,0.032227,100,100,8,UNCALIBRATED_SENSOR_2,false,CALIBRATION_MISSING,CALIBRATION_MISSING,kx134_single_node_i2c.0.1.0,kx134.v3
kx134.v3,NODE_PROTOTYPE,2,KX134_SENSOR_2,sensor_node_2,D4:E9:F4:C3:37:14,185164,1852120914,0,0,NA,0,4122,-40,147,1.006348,-0.009766,0.035889,100,100,8,UNCALIBRATED_SENSOR_2,false,CALIBRATION_MISSING,CALIBRATION_MISSING,kx134_single_node_i2c.0.1.0,kx134.v3
kx134.v3,NODE_PROTOTYPE,2,KX134_SENSOR_2,sensor_node_2,D4:E9:F4:C3:37:14,185165,1852130913,0,0,NA,0,4133,-53,68,1.009033,-0.012939,0.016602,100,100,8,UNCALIBRATED_SENSOR_2,false,CALIBRATION_MISSING,CALIBRATION_MISSING,kx134_single_node_i2c.0.1.0,kx134.v3
kx134.v3,NODE_PROTOTYPE,2,KX134_SENSOR_2,sensor_node_2,D4:E9:F4:C3:37:14,185166,1852140914,0,0,NA,0,4162,-175,115,1.016113,-0.042725,0.028076,100,100,8,UNCALIBRATED_SENSOR_2,false,CALIBRATION_MISSING,CALIBRATION_MISSING,kx134_single_node_i2c.0.1.0,kx134.v3
kx134.v3,NODE_PROTOTYPE,2,KX134_SENSOR_2,sensor_node_2,D4:E9:F4:C3:37:14,185167,1852150914,0,0,NA,0,4092,-220,127,0.999023,-0.053711,0.031006,100,100,8,UNCALIBRATED_SENSOR_2,false,CALIBRATION_MISSING,CALIBRATION_MISSING,kx134_single_node_i2c.0.1.0,kx134.v3
kx134.v3,NODE_PROTOTYPE,2,KX134_SENSOR_2,sensor_node_2,D4:E9:F4:C3:37:14,185168,1852160914,0,0,NA,0,4080,-182,124,0.996094,-0.044434,0.030273,100,100,8,UNCALIBRATED_SENSOR_2,false,CALIBRATION_MISSING,CALIBRATION_MISSING,kx134_single_node_i2c.0.1.0,kx134.v3
kx134.v3,NODE_PROTOTYPE,2,KX134_SENSOR_2,sensor_node_2,D4:E9:F4:C3:37:14,185169,1852170913,0,0,NA,0,4234,-233,292,1.033691,-0.056885,0.071289,100,100,8,UNCALIBRATED_SENSOR_2,false,CALIBRATION_MISSING,CALIBRATION_MISSING,kx134_single_node_i2c.0.1.0,kx134.v3
kx134.v3,NODE_PROTOTYPE,2,KX134_SENSOR_2,sensor_node_2,D4:E9:F4:C3:37:14,185170,1852180913,0,0,NA,0,4234,-233,292,1.033691,-0.056885,0.071289,100,100,8,UNCALIBRATED_SENSOR_2,false,CALIBRATION_MISSING,CALIBRATION_MISSING,kx134_single_node_i2c.0.1.0,kx134.v3
kx134.v3,NODE_PROTOTYPE,2,KX134_SENSOR_2,sensor_node_2,D4:E9:F4:C3:37:14,185171,1852190913,0,0,NA,0,4221,-125,192,1.030518,-0.030518,0.046875,100,100,8,UNCALIBRATED_SENSOR_2,false,CALIBRATION_MISSING,CALIBRATION_MISSING,kx134_single_node_i2c.0.1.0,kx134.v3
kx134.v3,NODE_PROTOTYPE,2,KX134_SENSOR_2,sensor_node_2,D4:E9:F4:C3:37:14,185172,1852200913,0,0,NA,0,4051,-29,-10,0.989014,-0.007080,-0.002441,100,100,8,UNCALIBRATED_SENSOR_2,false,CALIBRATION_MISSING,CALIBRATION_MISSING,kx134_single_node_i2c.0.1.0,kx134.v3
kx134.v3,NODE_PROTOTYPE,2,KX134_SENSOR_2,sensor_node_2,D4:E9:F4:C3:37:14,185173,1852210913,0,0,NA,0,4015,-88,161,0.980225,-0.021484,0.039307,100,100,8,UNCALIBRATED_SENSOR_2,false,CALIBRATION_MISSING,CALIBRATION_MISSING,kx134_single_node_i2c.0.1.0,kx134.v3
kx134.v3,NODE_PROTOTYPE,2,KX134_SENSOR_2,sensor_node_2,D4:E9:F4:C3:37:14,185174,1852220914,0,0,NA,0,4120,-241,326,1.005859,-0.058838,0.079590,100,100,8,UNCALIBRATED_SENSOR_2,false,CALIBRATION_MISSING,CALIBRATION_MISSING,kx134_single_node_i2c.0.1.0,kx134.v3
kx134.v3,NODE_PROTOTYPE,2,KX134_SENSOR_2,sensor_node_2,D4:E9:F4:C3:37:14,185175,1852230914,0,0,NA,0,4041,-244,384,0.986572,-0.059570,0.093750,100,100,8,UNCALIBRATED_SENSOR_2,false,CALIBRATION_MISSING,CALIBRATION_MISSING,kx134_single_node_i2c.0.1.0,kx134.v3
kx134.v3,NODE_PROTOTYPE,2,KX134_SENSOR_2,sensor_node_2,D4:E9:F4:C3:37:14,185176,1852240914,0,0,NA,0,3974,-29,444,0.970215,-0.007080,0.108398,100,100,8,UNCALIBRATED_SENSOR_2,false,CALIBRATION_MISSING,CALIBRATION_MISSING,kx134_single_node_i2c.0.1.0,kx134.v3
kx134.v3,NODE_PROTOTYPE,2,KX134_SENSOR_2,sensor_node_2,D4:E9:F4:C3:37:14,185177,1852250913,0,0,NA,0,4011,36,475,0.979248,0.008789,0.115967,100,100,8,UNCALIBRATED_SENSOR_2,false,CALIBRATION_MISSING,CALIBRATION_MISSING,kx134_single_node_i2c.0.1.0,kx134.v3
kx134.v3,NODE_PROTOTYPE,2,KX134_SENSOR_2,sensor_node_2,D4:E9:F4:C3:37:14,185178,1852260913,0,0,NA,0,4112,4,378,1.003906,0.000977,0.092285,100,100,8,UNCALIBRATED_SENSOR_2,false,CALIBRATION_MISSING,CALIBRATION_MISSING,kx134_single_node_i2c.0.1.0,kx134.v3
kx134.v3,NODE_PROTOTYPE,2,KX134_SENSOR_2,sensor_node_2,D4:E9:F4:C3:37:14,185179,1852270913,0,0,NA,0,4222,50,258,1.030762,0.012207,0.062988,100,100,8,UNCALIBRATED_SENSOR_2,false,CALIBRATION_MISSING,CALIBRATION_MISSING,kx134_single_node_i2c.0.1.0,kx134.v3
kx134.v3,NODE_PROTOTYPE,2,KX134_SENSOR_2,sensor_node_2,D4:E9:F4:C3:37:14,185180,1852280913,0,0,NA,0,4167,24,266,1.017334,0.005859,0.064941,100,100,8,UNCALIBRATED_SENSOR_2,false,CALIBRATION_MISSING,CALIBRATION_MISSING,kx134_single_node_i2c.0.1.0,kx134.v3
kx134.v3,NODE_PROTOTYPE,2,KX134_SENSOR_2,sensor_node_2,D4:E9:F4:C3:37:14,185181,1852290913,0,0,NA,0,4117,-75,201,1.005127,-0.018311,0.049072,100,100,8,UNCALIBRATED_SENSOR_2,false,CALIBRATION_MISSING,CALIBRATION_MISSING,kx134_single_node_i2c.0.1.0,kx134.v3
kx134.v3,NODE_PROTOTYPE,2,KX134_SENSOR_2,sensor_node_2,D4:E9:F4:C3:37:14,185182,1852300913,0,0,NA,0,4094,-58,148,0.999512,-0.014160,0.036133,100,100,8,UNCALIBRATED_SENSOR_2,false,CALIBRATION_MISSING,CALIBRATION_MISSING,kx134_single_node_i2c.0.1.0,kx134.v3
kx134.v3,NODE_PROTOTYPE,2,KX134_SENSOR_2,sensor_node_2,D4:E9:F4:C3:37:14,185183,1852310914,0,0,NA,0,4105,-35,112,1.002197,-0.008545,0.027344,100,100,8,UNCALIBRATED_SENSOR_2,false,CALIBRATION_MISSING,CALIBRATION_MISSING,kx134_single_node_i2c.0.1.0,kx134.v3
kx134.v3,NODE_PROTOTYPE,2,KX134_SENSOR_2,sensor_node_2,D4:E9:F4:C3:37:14,185184,1852320913,0,0,NA,0,4105,-32,106,1.002197,-0.007813,0.025879,100,100,8,UNCALIBRATED_SENSOR_2,false,CALIBRATION_MISSING,CALIBRATION_MISSING,kx134_single_node_i2c.0.1.0,kx134.v3
kx134.v3,NODE_PROTOTYPE,2,KX134_SENSOR_2,sensor_node_2,D4:E9:F4:C3:37:14,185185,1852330914,0,0,NA,0,4092,-10,108,0.999023,-0.002441,0.026367,100,100,8,UNCALIBRATED_SENSOR_2,false,CALIBRATION_MISSING,CALIBRATION_MISSING,kx134_single_node_i2c.0.1.0,kx134.v3
kx134.v3,NODE_PROTOTYPE,2,KX134_SENSOR_2,sensor_node_2,D4:E9:F4:C3:37:14,185186,1852340913,0,0,NA,0,4105,-20,80,1.002197,-0.004883,0.019531,100,100,8,UNCALIBRATED_SENSOR_2,false,CALIBRATION_MISSING,CALIBRATION_MISSING,kx134_single_node_i2c.0.1.0,kx134.v3
kx134.v3,NODE_PROTOTYPE,2,KX134_SENSOR_2,sensor_node_2,D4:E9:F4:C3:37:14,185187,1852350913,0,0,NA,0,4116,-44,93,1.004883,-0.010742,0.022705,100,100,8,UNCALIBRATED_SENSOR_2,false,CALIBRATION_MISSING,CALIBRATION_MISSING,kx134_single_node_i2c.0.1.0,kx134.v3
kx134.v3,NODE_PROTOTYPE,2,KX134_SENSOR_2,sensor_node_2,D4:E9:F4:C3:37:14,185188,1852360914,0,0,NA,0,4116,-35,139,1.004883,-0.008545,0.033936,100,100,8,UNCALIBRATED_SENSOR_2,false,CALIBRATION_MISSING,CALIBRATION_MISSING,kx134_single_node_i2c.0.1.0,kx134.v3
kx134.v3,NODE_PROTOTYPE,2,KX134_SENSOR_2,sensor_node_2,D4:E9:F4:C3:37:14,185189,1852370913,0,0,NA,0,4102,-12,151,1.001465,-0.002930,0.036865,100,100,8,UNCALIBRATED_SENSOR_2,false,CALIBRATION_MISSING,CALIBRATION_MISSING,kx134_single_node_i2c.0.1.0,kx134.v3
kx134.v3,NODE_PROTOTYPE,2,KX134_SENSOR_2,sensor_node_2,D4:E9:F4:C3:37:14,185190,1852380913,0,0,NA,0,4095,-17,141,0.999756,-0.004150,0.034424,100,100,8,UNCALIBRATED_SENSOR_2,false,CALIBRATION_MISSING,CALIBRATION_MISSING,kx134_single_node_i2c.0.1.0,kx134.v3
kx134.v3,NODE_PROTOTYPE,2,KX134_SENSOR_2,sensor_node_2,D4:E9:F4:C3:37:14,185191,1852390913,0,0,NA,0,4104,-30,144,1.001953,-0.007324,0.035156,100,100,8,UNCALIBRATED_SENSOR_2,false,CALIBRATION_MISSING,CALIBRATION_MISSING,kx134_single_node_i2c.0.1.0,kx134.v3
kx134.v3,NODE_PROTOTYPE,2,KX134_SENSOR_2,sensor_node_2,D4:E9:F4:C3:37:14,185192,1852400913,0,0,NA,0,4103,-21,146,1.001709,-0.005127,0.035645,100,100,8,UNCALIBRATED_SENSOR_2,false,CALIBRATION_MISSING,CALIBRATION_MISSING,kx134_single_node_i2c.0.1.0,kx134.v3
kx134.v3,NODE_PROTOTYPE,2,KX134_SENSOR_2,sensor_node_2,D4:E9:F4:C3:37:14,185193,1852410913,0,0,NA,0,4106,-9,131,1.002441,-0.002197,0.031982,100,100,8,UNCALIBRATED_SENSOR_2,false,CALIBRATION_MISSING,CALIBRATION_MISSING,kx134_single_node_i2c.0.1.0,kx134.v3
kx134.v3,NODE_PROTOTYPE,2,KX134_SENSOR_2,sensor_node_2,D4:E9:F4:C3:37:14,185194,1852420914,0,0,NA,0,4121,-30,130,1.006104,-0.007324,0.031738,100,100,8,UNCALIBRATED_SENSOR_2,false,CALIBRATION_MISSING,CALIBRATION_MISSING,kx134_single_node_i2c.0.1.0,kx134.v3
kx134.v3,NODE_PROTOTYPE,2,KX134_SENSOR_2,sensor_node_2,D4:E9:F4:C3:37:14,185195,1852430913,0,0,NA,0,4132,-48,136,1.008789,-0.011719,0.033203,100,100,8,UNCALIBRATED_SENSOR_2,false,CALIBRATION_MISSING,CALIBRATION_MISSING,kx134_single_node_i2c.0.1.0,kx134.v3
kx134.v3,NODE_PROTOTYPE,2,KX134_SENSOR_2,sensor_node_2,D4:E9:F4:C3:37:14,185196,1852440914,0,0,NA,0,4112,-32,146,1.003906,-0.007813,0.035645,100,100,8,UNCALIBRATED_SENSOR_2,false,CALIBRATION_MISSING,CALIBRATION_MISSING,kx134_single_node_i2c.0.1.0,kx134.v3
kx134.v3,NODE_PROTOTYPE,2,KX134_SENSOR_2,sensor_node_2,D4:E9:F4:C3:37:14,185197,1852450914,0,0,NA,0,4087,-8,170,0.997803,-0.001953,0.041504,100,100,8,UNCALIBRATED_SENSOR_2,false,CALIBRATION_MISSING,CALIBRATION_MISSING,kx134_single_node_i2c.0.1.0,kx134.v3
kx134.v3,NODE_PROTOTYPE,2,KX134_SENSOR_2,sensor_node_2,D4:E9:F4:C3:37:14,185198,1852460914,0,0,NA,0,4077,0,162,0.995361,0.000000,0.039551,100,100,8,UNCALIBRATED_SENSOR_2,false,CALIBRATION_MISSING,CALIBRATION_MISSING,kx134_single_node_i2c.0.1.0,kx134.v3
kx134.v3,NODE_PROTOTYPE,2,KX134_SENSOR_2,sensor_node_2,D4:E9:F4:C3:37:14,185199,1852470913,0,0,NA,0,4077,-15,151,0.995361,-0.003662,0.036865,100,100,8,UNCALIBRATED_SENSOR_2,false,CALIBRATION_MISSING,CALIBRATION_MISSING,kx134_single_node_i2c.0.1.0,kx134.v3
kx134.v3,NODE_PROTOTYPE,2,KX134_SENSOR_2,sensor_node_2,D4:E9:F4:C3:37:14,185200,1852480914,0,0,NA,0,4085,-39,164,0.997314,-0.009521,0.040039,100,100,8,UNCALIBRATED_SENSOR_2,false,CALIBRATION_MISSING,CALIBRATION_MISSING,kx134_single_node_i2c.0.1.0,kx134.v3
kx134.v3,NODE_PROTOTYPE,2,KX134_SENSOR_2,sensor_node_2,D4:E9:F4:C3:37:14,185201,1852490914,0,0,NA,0,4098,-45,186,1.000488,-0.010986,0.045410,100,100,8,UNCALIBRATED_SENSOR_2,false,CALIBRATION_MISSING,CALIBRATION_MISSING,kx134_single_node_i2c.0.1.0,kx134.v3
kx134.v3,NODE_PROTOTYPE,2,KX134_SENSOR_2,sensor_node_2,D4:E9:F4:C3:37:14,185202,1852500914,0,0,NA,0,4102,-49,184,1.001465,-0.011963,0.044922,100,100,8,UNCALIBRATED_SENSOR_2,false,CALIBRATION_MISSING,CALIBRATION_MISSING,kx134_single_node_i2c.0.1.0,kx134.v3
kx134.v3,NODE_PROTOTYPE,2,KX134_SENSOR_2,sensor_node_2,D4:E9:F4:C3:37:14,185203,1852510913,0,0,NA,0,4079,-78,153,0.995850,-0.019043,0.037354,100,100,8,UNCALIBRATED_SENSOR_2,false,CALIBRATION_MISSING,CALIBRATION_MISSING,kx134_single_node_i2c.0.1.0,kx134.v3
kx134.v3,NODE_PROTOTYPE,2,KX134_SENSOR_2,sensor_node_2,D4:E9:F4:C3:37:14,185204,1852520913,0,0,NA,0,4093,-82,129,0.999268,-0.020020,0.031494,100,100,8,UNCALIBRATED_SENSOR_2,false,CALIBRATION_MISSING,CALIBRATION_MISSING,kx134_single_node_i2c.0.1.0,kx134.v3
kx134.v3,NODE_PROTOTYPE,2,KX134_SENSOR_2,sensor_node_2,D4:E9:F4:C3:37:14,185205,1852530913,0,0,NA,0,4123,-86,138,1.006592,-0.020996,0.033691,100,100,8,UNCALIBRATED_SENSOR_2,false,CALIBRATION_MISSING,CALIBRATION_MISSING,kx134_single_node_i2c.0.1.0,kx134.v3
kx134.v3,NODE_PROTOTYPE,2,KX134_SENSOR_2,sensor_node_2,D4:E9:F4:C3:37:14,185206,1852540914,0,0,NA,0,4133,-74,194,1.009033,-0.018066,0.047363,100,100,8,UNCALIBRATED_SENSOR_2,false,CALIBRATION_MISSING,CALIBRATION_MISSING,kx134_single_node_i2c.0.1.0,kx134.v3
kx134.v3,NODE_PROTOTYPE,2,KX134_SENSOR_2,sensor_node_2,D4:E9:F4:C3:37:14,185207,1852550914,0,0,NA,0,4124,-59,208,1.006836,-0.014404,0.050781,100,100,8,UNCALIBRATED_SENSOR_2,false,CALIBRATION_MISSING,CALIBRATION_MISSING,kx134_single_node_i2c.0.1.0,kx134.v3
kx134.v3,NODE_PROTOTYPE,2,KX134_SENSOR_2,sensor_node_2,D4:E9:F4:C3:37:14,185208,1852560914,0,0,NA,0,4090,-58,171,0.998535,-0.014160,0.041748,100,100,8,UNCALIBRATED_SENSOR_2,false,CALIBRATION_MISSING,CALIBRATION_MISSING,kx134_single_node_i2c.0.1.0,kx134.v3
kx134.v3,NODE_PROTOTYPE,2,KX134_SENSOR_2,sensor_node_2,D4:E9:F4:C3:37:14,185209,1852570913,0,0,NA,0,4075,-37,144,0.994873,-0.009033,0.035156,100,100,8,UNCALIBRATED_SENSOR_2,false,CALIBRATION_MISSING,CALIBRATION_MISSING,kx134_single_node_i2c.0.1.0,kx134.v3
kx134.v3,NODE_PROTOTYPE,2,KX134_SENSOR_2,sensor_node_2,D4:E9:F4:C3:37:14,185210,1852580913,0,0,NA,0,4094,-34,138,0.999512,-0.008301,0.033691,100,100,8,UNCALIBRATED_SENSOR_2,false,CALIBRATION_MISSING,CALIBRATION_MISSING,kx134_single_node_i2c.0.1.0,kx134.v3
kx134.v3,NODE_PROTOTYPE,2,KX134_SENSOR_2,sensor_node_2,D4:E9:F4:C3:37:14,185211,1852590913,0,0,NA,0,4117,-20,148,1.005127,-0.004883,0.036133,100,100,8,UNCALIBRATED_SENSOR_2,false,CALIBRATION_MISSING,CALIBRATION_MISSING,kx134_single_node_i2c.0.1.0,kx134.v3
kx134.v3,NODE_PROTOTYPE,2,KX134_SENSOR_2,sensor_node_2,D4:E9:F4:C3:37:14,185212,1852600913,0,0,NA,0,4135,-19,153,1.009521,-0.004639,0.037354,100,100,8,UNCALIBRATED_SENSOR_2,false,CALIBRATION_MISSING,CALIBRATION_MISSING,kx134_single_node_i2c.0.1.0,kx134.v3
kx134.v3,NODE_PROTOTYPE,2,KX134_SENSOR_2,sensor_node_2,D4:E9:F4:C3:37:14,185213,1852610913,0,0,NA,0,4137,-39,143,1.010010,-0.009521,0.034912,100,100,8,UNCALIBRATED_SENSOR_2,false,CALIBRATION_MISSING,CALIBRATION_MISSING,kx134_single_node_i2c.0.1.0,kx134.v3
kx134.v3,NODE_PROTOTYPE,2,KX134_SENSOR_2,sensor_node_2,D4:E9:F4:C3:37:14,185214,1852620914,0,0,NA,0,4114,-45,129,1.004395,-0.010986,0.031494,100,100,8,UNCALIBRATED_SENSOR_2,false,CALIBRATION_MISSING,CALIBRATION_MISSING,kx134_single_node_i2c.0.1.0,kx134.v3
kx134.v3,NODE_PROTOTYPE,2,KX134_SENSOR_2,sensor_node_2,D4:E9:F4:C3:37:14,185215,1852630913,0,0,NA,0,4100,-61,152,1.000977,-0.014893,0.037109,100,100,8,UNCALIBRATED_SENSOR_2,false,CALIBRATION_MISSING,CALIBRATION_MISSING,kx134_single_node_i2c.0.1.0,kx134.v3
kx134.v3,NODE_PROTOTYPE,2,KX134_SENSOR_2,sensor_node_2,D4:E9:F4:C3:37:14,185216,1852640913,0,0,NA,0,4095,-72,147,0.999756,-0.017578,0.035889,100,100,8,UNCALIBRATED_SENSOR_2,false,CALIBRATION_MISSING,CALIBRATION_MISSING,kx134_single_node_i2c.0.1.0,kx134.v3
kx134.v3,NODE_PROTOTYPE,2,KX134_SENSOR_2,sensor_node_2,D4:E9:F4:C3:37:14,185217,1852650913,0,0,NA,0,4111,-66,135,1.003662,-0.016113,0.032959,100,100,8,UNCALIBRATED_SENSOR_2,false,CALIBRATION_MISSING,CALIBRATION_MISSING,kx134_single_node_i2c.0.1.0,kx134.v3
kx134.v3,NODE_PROTOTYPE,2,KX134_SENSOR_2,sensor_node_2,D4:E9:F4:C3:37:14,185218,1852660913,0,0,NA,0,4096,-69,156,1.000000,-0.016846,0.038086,100,100,8,UNCALIBRATED_SENSOR_2,false,CALIBRATION_MISSING,CALIBRATION_MISSING,kx134_single_node_i2c.0.1.0,kx134.v3
kx134.v3,NODE_PROTOTYPE,2,KX134_SENSOR_2,sensor_node_2,D4:E9:F4:C3:37:14,185219,1852670914,0,0,NA,0,4060,-93,128,0.991211,-0.022705,0.031250,100,100,8,UNCALIBRATED_SENSOR_2,false,CALIBRATION_MISSING,CALIBRATION_MISSING,kx134_single_node_i2c.0.1.0,kx134.v3
kx134.v3,NODE_PROTOTYPE,2,KX134_SENSOR_2,sensor_node_2,D4:E9:F4:C3:37:14,185220,1852680913,0,0,NA,0,4089,-76,120,0.998291,-0.018555,0.029297,100,100,8,UNCALIBRATED_SENSOR_2,false,CALIBRATION_MISSING,CALIBRATION_MISSING,kx134_single_node_i2c.0.1.0,kx134.v3
kx134.v3,NODE_PROTOTYPE,2,KX134_SENSOR_2,sensor_node_2,D4:E9:F4:C3:37:14,185221,1852690913,0,0,NA,0,4122,-39,129,1.006348,-0.009521,0.031494,100,100,8,UNCALIBRATED_SENSOR_2,false,CALIBRATION_MISSING,CALIBRATION_MISSING,kx134_single_node_i2c.0.1.0,kx134.v3
kx134.v3,NODE_PROTOTYPE,2,KX134_SENSOR_2,sensor_node_2,D4:E9:F4:C3:37:14,185222,1852700914,0,0,NA,0,4123,-38,130,1.006592,-0.009277,0.031738,100,100,8,UNCALIBRATED_SENSOR_2,false,CALIBRATION_MISSING,CALIBRATION_MISSING,kx134_single_node_i2c.0.1.0,kx134.v3
kx134.v3,NODE_PROTOTYPE,2,KX134_SENSOR_2,sensor_node_2,D4:E9:F4:C3:37:14,185223,1852710913,0,0,NA,0,4120,-26,130,1.005859,-0.006348,0.031738,100,100,8,UNCALIBRATED_SENSOR_2,false,CALIBRATION_MISSING,CALIBRATION_MISSING,kx134_single_node_i2c.0.1.0,kx134.v3
kx134.v3,NODE_PROTOTYPE,2,KX134_SENSOR_2,sensor_node_2,D4:E9:F4:C3:37:14,185224,1852720913,0,0,NA,0,4092,2,133,0.999023,0.000488,0.032471,100,100,8,UNCALIBRATED_SENSOR_2,false,CALIBRATION_MISSING,CALIBRATION_MISSING,kx134_single_node_i2c.0.1.0,kx134.v3
kx134.v3,NODE_PROTOTYPE,2,KX134_SENSOR_2,sensor_node_2,D4:E9:F4:C3:37:14,185225,1852730913,0,0,NA,0,4081,-1,113,0.996338,-0.000244,0.027588,100,100,8,UNCALIBRATED_SENSOR_2,false,CALIBRATION_MISSING,CALIBRATION_MISSING,kx134_single_node_i2c.0.1.0,kx134.v3
kx134.v3,NODE_PROTOTYPE,2,KX134_SENSOR_2,sensor_node_2,D4:E9:F4:C3:37:14,185226,1852740914,0,0,NA,0,4103,-26,46,1.001709,-0.006348,0.011230,100,100,8,UNCALIBRATED_SENSOR_2,false,CALIBRATION_MISSING,CALIBRATION_MISSING,kx134_single_node_i2c.0.1.0,kx134.v3
kx134.v3,NODE_PROTOTYPE,2,KX134_SENSOR_2,sensor_node_2,D4:E9:F4:C3:37:14,185227,1852750913,0,0,NA,0,4111,-37,30,1.003662,-0.009033,0.007324,100,100,8,UNCALIBRATED_SENSOR_2,false,CALIBRATION_MISSING,CALIBRATION_MISSING,kx134_single_node_i2c.0.1.0,kx134.v3
kx134.v3,NODE_PROTOTYPE,2,KX134_SENSOR_2,sensor_node_2,D4:E9:F4:C3:37:14,185228,1852760913,0,0,NA,0,4111,-50,57,1.003662,-0.012207,0.013916,100,100,8,UNCALIBRATED_SENSOR_2,false,CALIBRATION_MISSING,CALIBRATION_MISSING,kx134_single_node_i2c.0.1.0,kx134.v3
kx134.v3,NODE_PROTOTYPE,2,KX134_SENSOR_2,sensor_node_2,D4:E9:F4:C3:37:14,185229,1852770913,0,0,NA,0,4120,-57,90,1.005859,-0.013916,0.021973,100,100,8,UNCALIBRATED_SENSOR_2,false,CALIBRATION_MISSING,CALIBRATION_MISSING,kx134_single_node_i2c.0.1.0,kx134.v3
kx134.v3,NODE_PROTOTYPE,2,KX134_SENSOR_2,sensor_node_2,D4:E9:F4:C3:37:14,185230,1852780913,0,0,NA,0,4115,-65,120,1.004639,-0.015869,0.029297,100,100,8,UNCALIBRATED_SENSOR_2,false,CALIBRATION_MISSING,CALIBRATION_MISSING,kx134_single_node_i2c.0.1.0,kx134.v3
kx134.v3,NODE_PROTOTYPE,2,KX134_SENSOR_2,sensor_node_2,D4:E9:F4:C3:37:14,185231,1852790914,0,0,NA,0,4117,-69,139,1.005127,-0.016846,0.033936,100,100,8,UNCALIBRATED_SENSOR_2,false,CALIBRATION_MISSING,CALIBRATION_MISSING,kx134_single_node_i2c.0.1.0,kx134.v3
kx134.v3,NODE_PROTOTYPE,2,KX134_SENSOR_2,sensor_node_2,D4:E9:F4:C3:37:14,185232,1852800913,0,0,NA,0,4102,-57,146,1.001465,-0.013916,0.035645,100,100,8,UNCALIBRATED_SENSOR_2,false,CALIBRATION_MISSING,CALIBRATION_MISSING,kx134_single_node_i2c.0.1.0,kx134.v3
kx134.v3,NODE_PROTOTYPE,2,KX134_SENSOR_2,sensor_node_2,D4:E9:F4:C3:37:14,185233,1852810914,0,0,NA,0,4107,-66,156,1.002686,-0.016113,0.038086,100,100,8,UNCALIBRATED_SENSOR_2,false,CALIBRATION_MISSING,CALIBRATION_MISSING,kx134_single_node_i2c.0.1.0,kx134.v3
kx134.v3,NODE_PROTOTYPE,2,KX134_SENSOR_2,sensor_node_2,D4:E9:F4:C3:37:14,185234,1852820914,0,0,NA,0,4117,-48,155,1.005127,-0.011719,0.037842,100,100,8,UNCALIBRATED_SENSOR_2,false,CALIBRATION_MISSING,CALIBRATION_MISSING,kx134_single_node_i2c.0.1.0,kx134.v3
kx134.v3,NODE_PROTOTYPE,2,KX134_SENSOR_2,sensor_node_2,D4:E9:F4:C3:37:14,185235,1852830913,0,0,NA,0,4110,-33,159,1.003418,-0.008057,0.038818,100,100,8,UNCALIBRATED_SENSOR_2,false,CALIBRATION_MISSING,CALIBRATION_MISSING,kx134_single_node_i2c.0.1.0,kx134.v3
kx134.v3,NODE_PROTOTYPE,2,KX134_SENSOR_2,sensor_node_2,D4:E9:F4:C3:37:14,185236,1852840913,0,0,NA,0,4130,-54,158,1.008301,-0.013184,0.038574,100,100,8,UNCALIBRATED_SENSOR_2,false,CALIBRATION_MISSING,CALIBRATION_MISSING,kx134_single_node_i2c.0.1.0,kx134.v3
kx134.v3,NODE_PROTOTYPE,2,KX134_SENSOR_2,sensor_node_2,D4:E9:F4:C3:37:14,185237,1852850914,0,0,NA,0,4126,-58,143,1.007324,-0.014160,0.034912,100,100,8,UNCALIBRATED_SENSOR_2,false,CALIBRATION_MISSING,CALIBRATION_MISSING,kx134_single_node_i2c.0.1.0,kx134.v3
kx134.v3,NODE_PROTOTYPE,2,KX134_SENSOR_2,sensor_node_2,D4:E9:F4:C3:37:14,185238,1852860913,0,0,NA,0,4101,-85,149,1.001221,-0.020752,0.036377,100,100,8,UNCALIBRATED_SENSOR_2,false,CALIBRATION_MISSING,CALIBRATION_MISSING,kx134_single_node_i2c.0.1.0,kx134.v3
kx134.v3,NODE_PROTOTYPE,2,KX134_SENSOR_2,sensor_node_2,D4:E9:F4:C3:37:14,185239,1852870913,0,0,NA,0,4081,-113,128,0.996338,-0.027588,0.031250,100,100,8,UNCALIBRATED_SENSOR_2,false,CALIBRATION_MISSING,CALIBRATION_MISSING,kx134_single_node_i2c.0.1.0,kx134.v3
kx134.v3,NODE_PROTOTYPE,2,KX134_SENSOR_2,sensor_node_2,D4:E9:F4:C3:37:14,185240,1852880913,0,0,NA,0,4086,-104,112,0.997559,-0.025391,0.027344,100,100,8,UNCALIBRATED_SENSOR_2,false,CALIBRATION_MISSING,CALIBRATION_MISSING,kx134_single_node_i2c.0.1.0,kx134.v3
kx134.v3,NODE_PROTOTYPE,2,KX134_SENSOR_2,sensor_node_2,D4:E9:F4:C3:37:14,185241,1852890913,0,0,NA,0,4107,-110,106,1.002686,-0.026855,0.025879,100,100,8,UNCALIBRATED_SENSOR_2,false,CALIBRATION_MISSING,CALIBRATION_MISSING,kx134_single_node_i2c.0.1.0,kx134.v3
kx134.v3,NODE_PROTOTYPE,2,KX134_SENSOR_2,sensor_node_2,D4:E9:F4:C3:37:14,185242,1852900913,0,0,NA,0,4115,-67,97,1.004639,-0.016357,0.023682,100,100,8,UNCALIBRATED_SENSOR_2,false,CALIBRATION_MISSING,CALIBRATION_MISSING,kx134_single_node_i2c.0.1.0,kx134.v3
kx134.v3,NODE_PROTOTYPE,2,KX134_SENSOR_2,sensor_node_2,D4:E9:F4:C3:37:14,185243,1852910913,0,0,NA,0,4113,-32,105,1.004150,-0.007813,0.025635,100,100,8,UNCALIBRATED_SENSOR_2,false,CALIBRATION_MISSING,CALIBRATION_MISSING,kx134_single_node_i2c.0.1.0,kx134.v3
kx134.v3,NODE_PROTOTYPE,2,KX134_SENSOR_2,sensor_node_2,D4:E9:F4:C3:37:14,185244,1852920913,0,0,NA,0,4112,-52,108,1.003906,-0.012695,0.026367,100,100,8,UNCALIBRATED_SENSOR_2,false,CALIBRATION_MISSING,CALIBRATION_MISSING,kx134_single_node_i2c.0.1.0,kx134.v3
kx134.v3,NODE_PROTOTYPE,2,KX134_SENSOR_2,sensor_node_2,D4:E9:F4:C3:37:14,185245,1852930913,0,0,NA,0,4124,-43,92,1.006836,-0.010498,0.022461,100,100,8,UNCALIBRATED_SENSOR_2,false,CALIBRATION_MISSING,CALIBRATION_MISSING,kx134_single_node_i2c.0.1.0,kx134.v3
kx134.v3,NODE_PROTOTYPE,2,KX134_SENSOR_2,sensor_node_2,D4:E9:F4:C3:37:14,185246,1852940913,0,0,NA,0,4135,-30,80,1.009521,-0.007324,0.019531,100,100,8,UNCALIBRATED_SENSOR_2,false,CALIBRATION_MISSING,CALIBRATION_MISSING,kx134_single_node_i2c.0.1.0,kx134.v3
kx134.v3,NODE_PROTOTYPE,2,KX134_SENSOR_2,sensor_node_2,D4:E9:F4:C3:37:14,185247,1852950913,0,0,NA,0,4119,-24,105,1.005615,-0.005859,0.025635,100,100,8,UNCALIBRATED_SENSOR_2,false,CALIBRATION_MISSING,CALIBRATION_MISSING,kx134_single_node_i2c.0.1.0,kx134.v3
kx134.v3,NODE_PROTOTYPE,2,KX134_SENSOR_2,sensor_node_2,D4:E9:F4:C3:37:14,185248,1852960913,0,0,NA,0,4113,-33,117,1.004150,-0.008057,0.028564,100,100,8,UNCALIBRATED_SENSOR_2,false,CALIBRATION_MISSING,CALIBRATION_MISSING,kx134_single_node_i2c.0.1.0,kx134.v3
kx134.v3,NODE_PROTOTYPE,2,KX134_SENSOR_2,sensor_node_2,D4:E9:F4:C3:37:14,185249,1852970914,0,0,NA,0,4118,-67,125,1.005371,-0.016357,0.030518,100,100,8,UNCALIBRATED_SENSOR_2,false,CALIBRATION_MISSING,CALIBRATION_MISSING,kx134_single_node_i2c.0.1.0,kx134.v3
kx134.v3,NODE_PROTOTYPE,2,KX134_SENSOR_2,sensor_node_2,D4:E9:F4:C3:37:14,185250,1852980913,0,0,NA,0,4119,-89,142,1.005615,-0.021729,0.034668,100,100,8,UNCALIBRATED_SENSOR_2,false,CALIBRATION_MISSING,CALIBRATION_MISSING,kx134_single_node_i2c.0.1.0,kx134.v3
kx134.v3,NODE_PROTOTYPE,2,KX134_SENSOR_2,sensor_node_2,D4:E9:F4:C3:37:14,185251,1852990913,0,0,NA,0,4122,-71,143,1.006348,-0.017334,0.034912,100,100,8,UNCALIBRATED_SENSOR_2,false,CALIBRATION_MISSING,CALIBRATION_MISSING,kx134_single_node_i2c.0.1.0,kx134.v3
kx134.v3,NODE_PROTOTYPE,2,KX134_SENSOR_2,sensor_node_2,D4:E9:F4:C3:37:14,185252,1853000913,0,0,NA,0,4105,-49,145,1.002197,-0.011963,0.035400,100,100,8,UNCALIBRATED_SENSOR_2,false,CALIBRATION_MISSING,CALIBRATION_MISSING,kx134_single_node_i2c.0.1.0,kx134.v3
kx134.v3,NODE_PROTOTYPE,2,KX134_SENSOR_2,sensor_node_2,D4:E9:F4:C3:37:14,185253,1853010913,0,0,NA,0,4111,-58,136,1.003662,-0.014160,0.033203,100,100,8,UNCALIBRATED_SENSOR_2,false,CALIBRATION_MISSING,CALIBRATION_MISSING,kx134_single_node_i2c.0.1.0,kx134.v3
kx134.v3,NODE_PROTOTYPE,2,KX134_SENSOR_2,sensor_node_2,D4:E9:F4:C3:37:14,185254,1853020914,0,0,NA,0,4127,-41,107,1.007568,-0.010010,0.026123,100,100,8,UNCALIBRATED_SENSOR_2,false,CALIBRATION_MISSING,CALIBRATION_MISSING,kx134_single_node_i2c.0.1.0,kx134.v3
kx134.v3,NODE_PROTOTYPE,2,KX134_SENSOR_2,sensor_node_2,D4:E9:F4:C3:37:14,185255,1853030913,0,0,NA,0,4105,-15,87,1.002197,-0.003662,0.021240,100,100,8,UNCALIBRATED_SENSOR_2,false,CALIBRATION_MISSING,CALIBRATION_MISSING,kx134_single_node_i2c.0.1.0,kx134.v3
kx134.v3,NODE_PROTOTYPE,2,KX134_SENSOR_2,sensor_node_2,D4:E9:F4:C3:37:14,185256,1853040913,0,0,NA,0,4088,-9,94,0.998047,-0.002197,0.022949,100,100,8,UNCALIBRATED_SENSOR_2,false,CALIBRATION_MISSING,CALIBRATION_MISSING,kx134_single_node_i2c.0.1.0,kx134.v3
kx134.v3,NODE_PROTOTYPE,2,KX134_SENSOR_2,sensor_node_2,D4:E9:F4:C3:37:14,185257,1853050913,0,0,NA,0,4111,-13,105,1.003662,-0.003174,0.025635,100,100,8,UNCALIBRATED_SENSOR_2,false,CALIBRATION_MISSING,CALIBRATION_MISSING,kx134_single_node_i2c.0.1.0,kx134.v3
kx134.v3,NODE_PROTOTYPE,2,KX134_SENSOR_2,sensor_node_2,D4:E9:F4:C3:37:14,185258,1853060913,0,0,NA,0,4146,-32,116,1.012207,-0.007813,0.028320,100,100,8,UNCALIBRATED_SENSOR_2,false,CALIBRATION_MISSING,CALIBRATION_MISSING,kx134_single_node_i2c.0.1.0,kx134.v3
kx134.v3,NODE_PROTOTYPE,2,KX134_SENSOR_2,sensor_node_2,D4:E9:F4:C3:37:14,185259,1853070914,0,0,NA,0,4144,-43,96,1.011719,-0.010498,0.023437,100,100,8,UNCALIBRATED_SENSOR_2,false,CALIBRATION_MISSING,CALIBRATION_MISSING,kx134_single_node_i2c.0.1.0,kx134.v3
kx134.v3,NODE_PROTOTYPE,2,KX134_SENSOR_2,sensor_node_2,D4:E9:F4:C3:37:14,185260,1853080913,0,0,NA,0,4134,-49,79,1.009277,-0.011963,0.019287,100,100,8,UNCALIBRATED_SENSOR_2,false,CALIBRATION_MISSING,CALIBRATION_MISSING,kx134_single_node_i2c.0.1.0,kx134.v3
kx134.v3,NODE_PROTOTYPE,2,KX134_SENSOR_2,sensor_node_2,D4:E9:F4:C3:37:14,185261,1853090913,0,0,NA,0,4134,-30,95,1.009277,-0.007324,0.023193,100,100,8,UNCALIBRATED_SENSOR_2,false,CALIBRATION_MISSING,CALIBRATION_MISSING,kx134_single_node_i2c.0.1.0,kx134.v3
kx134.v3,NODE_PROTOTYPE,2,KX134_SENSOR_2,sensor_node_2,D4:E9:F4:C3:37:14,185262,1853100914,0,0,NA,0,4107,-19,109,1.002686,-0.004639,0.026611,100,100,8,UNCALIBRATED_SENSOR_2,false,CALIBRATION_MISSING,CALIBRATION_MISSING,kx134_single_node_i2c.0.1.0,kx134.v3
kx134.v3,NODE_PROTOTYPE,2,KX134_SENSOR_2,sensor_node_2,D4:E9:F4:C3:37:14,185263,1853110913,0,0,NA,0,4101,-33,101,1.001221,-0.008057,0.024658,100,100,8,UNCALIBRATED_SENSOR_2,false,CALIBRATION_MISSING,CALIBRATION_MISSING,kx134_single_node_i2c.0.1.0,kx134.v3
kx134.v3,NODE_PROTOTYPE,2,KX134_SENSOR_2,sensor_node_2,D4:E9:F4:C3:37:14,185264,1853120913,0,0,NA,0,4141,-51,119,1.010986,-0.012451,0.029053,100,100,8,UNCALIBRATED_SENSOR_2,false,CALIBRATION_MISSING,CALIBRATION_MISSING,kx134_single_node_i2c.0.1.0,kx134.v3
kx134.v3,NODE_PROTOTYPE,2,KX134_SENSOR_2,sensor_node_2,D4:E9:F4:C3:37:14,185265,1853130914,0,0,NA,0,4181,-41,169,1.020752,-0.010010,0.041260,100,100,8,UNCALIBRATED_SENSOR_2,false,CALIBRATION_MISSING,CALIBRATION_MISSING,kx134_single_node_i2c.0.1.0,kx134.v3
kx134.v3,NODE_PROTOTYPE,2,KX134_SENSOR_2,sensor_node_2,D4:E9:F4:C3:37:14,185266,1853140914,0,0,NA,0,4171,-6,187,1.018311,-0.001465,0.045654,100,100,8,UNCALIBRATED_SENSOR_2,false,CALIBRATION_MISSING,CALIBRATION_MISSING,kx134_single_node_i2c.0.1.0,kx134.v3
kx134.v3,NODE_PROTOTYPE,2,KX134_SENSOR_2,sensor_node_2,D4:E9:F4:C3:37:14,185267,1853150913,0,0,NA,0,4132,-29,167,1.008789,-0.007080,0.040771,100,100,8,UNCALIBRATED_SENSOR_2,false,CALIBRATION_MISSING,CALIBRATION_MISSING,kx134_single_node_i2c.0.1.0,kx134.v3
kx134.v3,NODE_PROTOTYPE,2,KX134_SENSOR_2,sensor_node_2,D4:E9:F4:C3:37:14,185268,1853160913,0,0,NA,0,4118,-62,134,1.005371,-0.015137,0.032715,100,100,8,UNCALIBRATED_SENSOR_2,false,CALIBRATION_MISSING,CALIBRATION_MISSING,kx134_single_node_i2c.0.1.0,kx134.v3
kx134.v3,NODE_PROTOTYPE,2,KX134_SENSOR_2,sensor_node_2,D4:E9:F4:C3:37:14,185269,1853170914,0,0,NA,0,4101,-57,112,1.001221,-0.013916,0.027344,100,100,8,UNCALIBRATED_SENSOR_2,false,CALIBRATION_MISSING,CALIBRATION_MISSING,kx134_single_node_i2c.0.1.0,kx134.v3
kx134.v3,NODE_PROTOTYPE,2,KX134_SENSOR_2,sensor_node_2,D4:E9:F4:C3:37:14,185270,1853180913,0,0,NA,0,4099,-63,130,1.000732,-0.015381,0.031738,100,100,8,UNCALIBRATED_SENSOR_2,false,CALIBRATION_MISSING,CALIBRATION_MISSING,kx134_single_node_i2c.0.1.0,kx134.v3
kx134.v3,NODE_PROTOTYPE,2,KX134_SENSOR_2,sensor_node_2,D4:E9:F4:C3:37:14,185271,1853190914,0,0,NA,0,4116,-83,147,1.004883,-0.020264,0.035889,100,100,8,UNCALIBRATED_SENSOR_2,false,CALIBRATION_MISSING,CALIBRATION_MISSING,kx134_single_node_i2c.0.1.0,kx134.v3
kx134.v3,NODE_PROTOTYPE,2,KX134_SENSOR_2,sensor_node_2,D4:E9:F4:C3:37:14,185272,1853200913,0,0,NA,0,4098,-83,118,1.000488,-0.020264,0.028809,100,100,8,UNCALIBRATED_SENSOR_2,false,CALIBRATION_MISSING,CALIBRATION_MISSING,kx134_single_node_i2c.0.1.0,kx134.v3
kx134.v3,NODE_PROTOTYPE,2,KX134_SENSOR_2,sensor_node_2,D4:E9:F4:C3:37:14,185273,1853210913,0,0,NA,0,4093,-69,114,0.999268,-0.016846,0.027832,100,100,8,UNCALIBRATED_SENSOR_2,false,CALIBRATION_MISSING,CALIBRATION_MISSING,kx134_single_node_i2c.0.1.0,kx134.v3
kx134.v3,NODE_PROTOTYPE,2,KX134_SENSOR_2,sensor_node_2,D4:E9:F4:C3:37:14,185274,1853220913,0,0,NA,0,4091,-48,109,0.998779,-0.011719,0.026611,100,100,8,UNCALIBRATED_SENSOR_2,false,CALIBRATION_MISSING,CALIBRATION_MISSING,kx134_single_node_i2c.0.1.0,kx134.v3
kx134.v3,NODE_PROTOTYPE,2,KX134_SENSOR_2,sensor_node_2,D4:E9:F4:C3:37:14,185275,1853230914,0,0,NA,0,4070,-39,109,0.993652,-0.009521,0.026611,100,100,8,UNCALIBRATED_SENSOR_2,false,CALIBRATION_MISSING,CALIBRATION_MISSING,kx134_single_node_i2c.0.1.0,kx134.v3
kx134.v3,NODE_PROTOTYPE,2,KX134_SENSOR_2,sensor_node_2,D4:E9:F4:C3:37:14,185276,1853240914,0,0,NA,0,4062,-34,128,0.991699,-0.008301,0.031250,100,100,8,UNCALIBRATED_SENSOR_2,false,CALIBRATION_MISSING,CALIBRATION_MISSING,kx134_single_node_i2c.0.1.0,kx134.v3
kx134.v3,NODE_PROTOTYPE,2,KX134_SENSOR_2,sensor_node_2,D4:E9:F4:C3:37:14,185277,1853250914,0,0,NA,0,4064,-6,135,0.992187,-0.001465,0.032959,100,100,8,UNCALIBRATED_SENSOR_2,false,CALIBRATION_MISSING,CALIBRATION_MISSING,kx134_single_node_i2c.0.1.0,kx134.v3
kx134.v3,NODE_PROTOTYPE,2,KX134_SENSOR_2,sensor_node_2,D4:E9:F4:C3:37:14,185278,1853260913,0,0,NA,0,4082,-3,156,0.996582,-0.000732,0.038086,100,100,8,UNCALIBRATED_SENSOR_2,false,CALIBRATION_MISSING,CALIBRATION_MISSING,kx134_single_node_i2c.0.1.0,kx134.v3
kx134.v3,NODE_PROTOTYPE,2,KX134_SENSOR_2,sensor_node_2,D4:E9:F4:C3:37:14,185279,1853270913,0,0,NA,0,4098,-7,183,1.000488,-0.001709,0.044678,100,100,8,UNCALIBRATED_SENSOR_2,false,CALIBRATION_MISSING,CALIBRATION_MISSING,kx134_single_node_i2c.0.1.0,kx134.v3
kx134.v3,NODE_PROTOTYPE,2,KX134_SENSOR_2,sensor_node_2,D4:E9:F4:C3:37:14,185280,1853280914,0,0,NA,0,4088,-4,163,0.998047,-0.000977,0.039795,100,100,8,UNCALIBRATED_SENSOR_2,false,CALIBRATION_MISSING,CALIBRATION_MISSING,kx134_single_node_i2c.0.1.0,kx134.v3
kx134.v3,NODE_PROTOTYPE,2,KX134_SENSOR_2,sensor_node_2,D4:E9:F4:C3:37:14,185281,1853290913,0,0,NA,0,4100,-26,115,1.000977,-0.006348,0.028076,100,100,8,UNCALIBRATED_SENSOR_2,false,CALIBRATION_MISSING,CALIBRATION_MISSING,kx134_single_node_i2c.0.1.0,kx134.v3
kx134.v3,NODE_PROTOTYPE,2,KX134_SENSOR_2,sensor_node_2,D4:E9:F4:C3:37:14,185282,1853300914,0,0,NA,0,4112,-41,137,1.003906,-0.010010,0.033447,100,100,8,UNCALIBRATED_SENSOR_2,false,CALIBRATION_MISSING,CALIBRATION_MISSING,kx134_single_node_i2c.0.1.0,kx134.v3
kx134.v3,NODE_PROTOTYPE,2,KX134_SENSOR_2,sensor_node_2,D4:E9:F4:C3:37:14,185283,1853310913,0,0,NA,0,4125,-40,178,1.007080,-0.009766,0.043457,100,100,8,UNCALIBRATED_SENSOR_2,false,CALIBRATION_MISSING,CALIBRATION_MISSING,kx134_single_node_i2c.0.1.0,kx134.v3
kx134.v3,NODE_PROTOTYPE,2,KX134_SENSOR_2,sensor_node_2,D4:E9:F4:C3:37:14,185284,1853320913,0,0,NA,0,4133,-37,194,1.009033,-0.009033,0.047363,100,100,8,UNCALIBRATED_SENSOR_2,false,CALIBRATION_MISSING,CALIBRATION_MISSING,kx134_single_node_i2c.0.1.0,kx134.v3
kx134.v3,NODE_PROTOTYPE,2,KX134_SENSOR_2,sensor_node_2,D4:E9:F4:C3:37:14,185285,1853330913,0,0,NA,0,4109,-29,167,1.003174,-0.007080,0.040771,100,100,8,UNCALIBRATED_SENSOR_2,false,CALIBRATION_MISSING,CALIBRATION_MISSING,kx134_single_node_i2c.0.1.0,kx134.v3
kx134.v3,NODE_PROTOTYPE,2,KX134_SENSOR_2,sensor_node_2,D4:E9:F4:C3:37:14,185286,1853340913,0,0,NA,0,4116,-8,128,1.004883,-0.001953,0.031250,100,100,8,UNCALIBRATED_SENSOR_2,false,CALIBRATION_MISSING,CALIBRATION_MISSING,kx134_single_node_i2c.0.1.0,kx134.v3
kx134.v3,NODE_PROTOTYPE,2,KX134_SENSOR_2,sensor_node_2,D4:E9:F4:C3:37:14,185287,1853350913,0,0,NA,0,4118,6,114,1.005371,0.001465,0.027832,100,100,8,UNCALIBRATED_SENSOR_2,false,CALIBRATION_MISSING,CALIBRATION_MISSING,kx134_single_node_i2c.0.1.0,kx134.v3
kx134.v3,NODE_PROTOTYPE,2,KX134_SENSOR_2,sensor_node_2,D4:E9:F4:C3:37:14,185288,1853360913,0,0,NA,0,4114,1,105,1.004395,0.000244,0.025635,100,100,8,UNCALIBRATED_SENSOR_2,false,CALIBRATION_MISSING,CALIBRATION_MISSING,kx134_single_node_i2c.0.1.0,kx134.v3
kx134.v3,NODE_PROTOTYPE,2,KX134_SENSOR_2,sensor_node_2,D4:E9:F4:C3:37:14,185289,1853370913,0,0,NA,0,4100,-13,104,1.000977,-0.003174,0.025391,100,100,8,UNCALIBRATED_SENSOR_2,false,CALIBRATION_MISSING,CALIBRATION_MISSING,kx134_single_node_i2c.0.1.0,kx134.v3
kx134.v3,NODE_PROTOTYPE,2,KX134_SENSOR_2,sensor_node_2,D4:E9:F4:C3:37:14,185290,1853380914,0,0,NA,0,4101,-13,114,1.001221,-0.003174,0.027832,100,100,8,UNCALIBRATED_SENSOR_2,false,CALIBRATION_MISSING,CALIBRATION_MISSING,kx134_single_node_i2c.0.1.0,kx134.v3
kx134.v3,NODE_PROTOTYPE,2,KX134_SENSOR_2,sensor_node_2,D4:E9:F4:C3:37:14,185291,1853390913,0,0,NA,0,4116,-5,118,1.004883,-0.001221,0.028809,100,100,8,UNCALIBRATED_SENSOR_2,false,CALIBRATION_MISSING,CALIBRATION_MISSING,kx134_single_node_i2c.0.1.0,kx134.v3
kx134.v3,NODE_PROTOTYPE,2,KX134_SENSOR_2,sensor_node_2,D4:E9:F4:C3:37:14,185292,1853400913,0,0,NA,0,4122,-9,157,1.006348,-0.002197,0.038330,100,100,8,UNCALIBRATED_SENSOR_2,false,CALIBRATION_MISSING,CALIBRATION_MISSING,kx134_single_node_i2c.0.1.0,kx134.v3
kx134.v3,NODE_PROTOTYPE,2,KX134_SENSOR_2,sensor_node_2,D4:E9:F4:C3:37:14,185293,1853410914,0,0,NA,0,4133,-9,186,1.009033,-0.002197,0.045410,100,100,8,UNCALIBRATED_SENSOR_2,false,CALIBRATION_MISSING,CALIBRATION_MISSING,kx134_single_node_i2c.0.1.0,kx134.v3
kx134.v3,NODE_PROTOTYPE,2,KX134_SENSOR_2,sensor_node_2,D4:E9:F4:C3:37:14,185294,1853420914,0,0,NA,0,4122,-24,176,1.006348,-0.005859,0.042969,100,100,8,UNCALIBRATED_SENSOR_2,false,CALIBRATION_MISSING,CALIBRATION_MISSING,kx134_single_node_i2c.0.1.0,kx134.v3
kx134.v3,NODE_PROTOTYPE,2,KX134_SENSOR_2,sensor_node_2,D4:E9:F4:C3:37:14,185295,1853430913,0,0,NA,0,4099,-65,193,1.000732,-0.015869,0.047119,100,100,8,UNCALIBRATED_SENSOR_2,false,CALIBRATION_MISSING,CALIBRATION_MISSING,kx134_single_node_i2c.0.1.0,kx134.v3
kx134.v3,NODE_PROTOTYPE,2,KX134_SENSOR_2,sensor_node_2,D4:E9:F4:C3:37:14,185296,1853440914,0,0,NA,0,4110,-88,196,1.003418,-0.021484,0.047852,100,100,8,UNCALIBRATED_SENSOR_2,false,CALIBRATION_MISSING,CALIBRATION_MISSING,kx134_single_node_i2c.0.1.0,kx134.v3
kx134.v3,NODE_PROTOTYPE,2,KX134_SENSOR_2,sensor_node_2,D4:E9:F4:C3:37:14,185297,1853450914,0,0,NA,0,4106,-81,216,1.002441,-0.019775,0.052734,100,100,8,UNCALIBRATED_SENSOR_2,false,CALIBRATION_MISSING,CALIBRATION_MISSING,kx134_single_node_i2c.0.1.0,kx134.v3
kx134.v3,NODE_PROTOTYPE,2,KX134_SENSOR_2,sensor_node_2,D4:E9:F4:C3:37:14,185298,1853460913,0,0,NA,0,4089,-49,202,0.998291,-0.011963,0.049316,100,100,8,UNCALIBRATED_SENSOR_2,false,CALIBRATION_MISSING,CALIBRATION_MISSING,kx134_single_node_i2c.0.1.0,kx134.v3
kx134.v3,NODE_PROTOTYPE,2,KX134_SENSOR_2,sensor_node_2,D4:E9:F4:C3:37:14,185299,1853470913,0,0,NA,0,4083,-42,146,0.996826,-0.010254,0.035645,100,100,8,UNCALIBRATED_SENSOR_2,false,CALIBRATION_MISSING,CALIBRATION_MISSING,kx134_single_node_i2c.0.1.0,kx134.v3
kx134.v3,NODE_PROTOTYPE,2,KX134_SENSOR_2,sensor_node_2,D4:E9:F4:C3:37:14,185300,1853480914,0,0,NA,0,4078,-55,110,0.995605,-0.013428,0.026855,100,100,8,UNCALIBRATED_SENSOR_2,false,CALIBRATION_MISSING,CALIBRATION_MISSING,kx134_single_node_i2c.0.1.0,kx134.v3
kx134.v3,NODE_PROTOTYPE,2,KX134_SENSOR_2,sensor_node_2,D4:E9:F4:C3:37:14,185301,1853490913,0,0,NA,0,4088,-55,123,0.998047,-0.013428,0.030029,100,100,8,UNCALIBRATED_SENSOR_2,false,CALIBRATION_MISSING,CALIBRATION_MISSING,kx134_single_node_i2c.0.1.0,kx134.v3
kx134.v3,NODE_PROTOTYPE,2,KX134_SENSOR_2,sensor_node_2,D4:E9:F4:C3:37:14,185302,1853500914,0,0,NA,0,4087,-44,141,0.997803,-0.010742,0.034424,100,100,8,UNCALIBRATED_SENSOR_2,false,CALIBRATION_MISSING,CALIBRATION_MISSING,kx134_single_node_i2c.0.1.0,kx134.v3
kx134.v3,NODE_PROTOTYPE,2,KX134_SENSOR_2,sensor_node_2,D4:E9:F4:C3:37:14,185303,1853510914,0,0,NA,0,4099,-15,134,1.000732,-0.003662,0.032715,100,100,8,UNCALIBRATED_SENSOR_2,false,CALIBRATION_MISSING,CALIBRATION_MISSING,kx134_single_node_i2c.0.1.0,kx134.v3
kx134.v3,NODE_PROTOTYPE,2,KX134_SENSOR_2,sensor_node_2,D4:E9:F4:C3:37:14,185304,1853520913,0,0,NA,0,4115,-27,148,1.004639,-0.006592,0.036133,100,100,8,UNCALIBRATED_SENSOR_2,false,CALIBRATION_MISSING,CALIBRATION_MISSING,kx134_single_node_i2c.0.1.0,kx134.v3
kx134.v3,NODE_PROTOTYPE,2,KX134_SENSOR_2,sensor_node_2,D4:E9:F4:C3:37:14,185305,1853530913,0,0,NA,0,4128,-58,129,1.007813,-0.014160,0.031494,100,100,8,UNCALIBRATED_SENSOR_2,false,CALIBRATION_MISSING,CALIBRATION_MISSING,kx134_single_node_i2c.0.1.0,kx134.v3
kx134.v3,NODE_PROTOTYPE,2,KX134_SENSOR_2,sensor_node_2,D4:E9:F4:C3:37:14,185306,1853540914,0,0,NA,0,4132,-49,81,1.008789,-0.011963,0.019775,100,100,8,UNCALIBRATED_SENSOR_2,false,CALIBRATION_MISSING,CALIBRATION_MISSING,kx134_single_node_i2c.0.1.0,kx134.v3
kx134.v3,NODE_PROTOTYPE,2,KX134_SENSOR_2,sensor_node_2,D4:E9:F4:C3:37:14,185307,1853550913,0,0,NA,0,4156,14,58,1.014648,0.003418,0.014160,100,100,8,UNCALIBRATED_SENSOR_2,false,CALIBRATION_MISSING,CALIBRATION_MISSING,kx134_single_node_i2c.0.1.0,kx134.v3
kx134.v3,NODE_PROTOTYPE,2,KX134_SENSOR_2,sensor_node_2,D4:E9:F4:C3:37:14,185308,1853560913,0,0,NA,0,4128,83,24,1.007813,0.020264,0.005859,100,100,8,UNCALIBRATED_SENSOR_2,false,CALIBRATION_MISSING,CALIBRATION_MISSING,kx134_single_node_i2c.0.1.0,kx134.v3
kx134.v3,NODE_PROTOTYPE,2,KX134_SENSOR_2,sensor_node_2,D4:E9:F4:C3:37:14,185309,1853570913,0,0,NA,0,4061,32,56,0.991455,0.007813,0.013672,100,100,8,UNCALIBRATED_SENSOR_2,false,CALIBRATION_MISSING,CALIBRATION_MISSING,kx134_single_node_i2c.0.1.0,kx134.v3
kx134.v3,NODE_PROTOTYPE,2,KX134_SENSOR_2,sensor_node_2,D4:E9:F4:C3:37:14,185310,1853580913,0,0,NA,0,4189,-40,215,1.022705,-0.009766,0.052490,100,100,8,UNCALIBRATED_SENSOR_2,false,CALIBRATION_MISSING,CALIBRATION_MISSING,kx134_single_node_i2c.0.1.0,kx134.v3
kx134.v3,NODE_PROTOTYPE,2,KX134_SENSOR_2,sensor_node_2,D4:E9:F4:C3:37:14,185311,1853590914,0,0,NA,0,4189,-40,215,1.022705,-0.009766,0.052490,100,100,8,UNCALIBRATED_SENSOR_2,false,CALIBRATION_MISSING,CALIBRATION_MISSING,kx134_single_node_i2c.0.1.0,kx134.v3
kx134.v3,NODE_PROTOTYPE,2,KX134_SENSOR_2,sensor_node_2,D4:E9:F4:C3:37:14,185312,1853600914,0,0,NA,0,4182,-101,237,1.020996,-0.024658,0.057861,100,100,8,UNCALIBRATED_SENSOR_2,false,CALIBRATION_MISSING,CALIBRATION_MISSING,kx134_single_node_i2c.0.1.0,kx134.v3
kx134.v3,NODE_PROTOTYPE,2,KX134_SENSOR_2,sensor_node_2,D4:E9:F4:C3:37:14,185313,1853610914,0,0,NA,0,3993,-43,204,0.974854,-0.010498,0.049805,100,100,8,UNCALIBRATED_SENSOR_2,false,CALIBRATION_MISSING,CALIBRATION_MISSING,kx134_single_node_i2c.0.1.0,kx134.v3
kx134.v3,NODE_PROTOTYPE,2,KX134_SENSOR_2,sensor_node_2,D4:E9:F4:C3:37:14,185314,1853620914,0,0,NA,0,3961,60,285,0.967041,0.014648,0.069580,100,100,8,UNCALIBRATED_SENSOR_2,false,CALIBRATION_MISSING,CALIBRATION_MISSING,kx134_single_node_i2c.0.1.0,kx134.v3
kx134.v3,NODE_PROTOTYPE,2,KX134_SENSOR_2,sensor_node_2,D4:E9:F4:C3:37:14,185315,1853630914,0,0,NA,0,4029,-24,201,0.983643,-0.005859,0.049072,100,100,8,UNCALIBRATED_SENSOR_2,false,CALIBRATION_MISSING,CALIBRATION_MISSING,kx134_single_node_i2c.0.1.0,kx134.v3
kx134.v3,NODE_PROTOTYPE,2,KX134_SENSOR_2,sensor_node_2,D4:E9:F4:C3:37:14,185316,1853640914,0,0,NA,0,4106,-42,33,1.002441,-0.010254,0.008057,100,100,8,UNCALIBRATED_SENSOR_2,false,CALIBRATION_MISSING,CALIBRATION_MISSING,kx134_single_node_i2c.0.1.0,kx134.v3
kx134.v3,NODE_PROTOTYPE,2,KX134_SENSOR_2,sensor_node_2,D4:E9:F4:C3:37:14,185317,1853650914,0,0,NA,0,4000,63,75,0.976562,0.015381,0.018311,100,100,8,UNCALIBRATED_SENSOR_2,false,CALIBRATION_MISSING,CALIBRATION_MISSING,kx134_single_node_i2c.0.1.0,kx134.v3
kx134.v3,NODE_PROTOTYPE,2,KX134_SENSOR_2,sensor_node_2,D4:E9:F4:C3:37:14,185318,1853660914,0,0,NA,0,3990,145,128,0.974121,0.035400,0.031250,100,100,8,UNCALIBRATED_SENSOR_2,false,CALIBRATION_MISSING,CALIBRATION_MISSING,kx134_single_node_i2c.0.1.0,kx134.v3
kx134.v3,NODE_PROTOTYPE,2,KX134_SENSOR_2,sensor_node_2,D4:E9:F4:C3:37:14,185319,1853670913,0,0,NA,0,4138,111,28,1.010254,0.027100,0.006836,100,100,8,UNCALIBRATED_SENSOR_2,false,CALIBRATION_MISSING,CALIBRATION_MISSING,kx134_single_node_i2c.0.1.0,kx134.v3
kx134.v3,NODE_PROTOTYPE,2,KX134_SENSOR_2,sensor_node_2,D4:E9:F4:C3:37:14,185320,1853680914,0,0,NA,0,4186,91,26,1.021973,0.022217,0.006348,100,100,8,UNCALIBRATED_SENSOR_2,false,CALIBRATION_MISSING,CALIBRATION_MISSING,kx134_single_node_i2c.0.1.0,kx134.v3
kx134.v3,NODE_PROTOTYPE,2,KX134_SENSOR_2,sensor_node_2,D4:E9:F4:C3:37:14,185321,1853690913,0,0,NA,0,4178,56,91,1.020020,0.013672,0.022217,100,100,8,UNCALIBRATED_SENSOR_2,false,CALIBRATION_MISSING,CALIBRATION_MISSING,kx134_single_node_i2c.0.1.0,kx134.v3
kx134.v3,NODE_PROTOTYPE,2,KX134_SENSOR_2,sensor_node_2,D4:E9:F4:C3:37:14,185322,1853700914,0,0,NA,0,4133,6,137,1.009033,0.001465,0.033447,100,100,8,UNCALIBRATED_SENSOR_2,false,CALIBRATION_MISSING,CALIBRATION_MISSING,kx134_single_node_i2c.0.1.0,kx134.v3
kx134.v3,NODE_PROTOTYPE,2,KX134_SENSOR_2,sensor_node_2,D4:E9:F4:C3:37:14,185323,1853710913,0,0,NA,0,4114,9,157,1.004395,0.002197,0.038330,100,100,8,UNCALIBRATED_SENSOR_2,false,CALIBRATION_MISSING,CALIBRATION_MISSING,kx134_single_node_i2c.0.1.0,kx134.v3
kx134.v3,NODE_PROTOTYPE,2,KX134_SENSOR_2,sensor_node_2,D4:E9:F4:C3:37:14,185324,1853720914,0,0,NA,0,4129,-4,123,1.008057,-0.000977,0.030029,100,100,8,UNCALIBRATED_SENSOR_2,false,CALIBRATION_MISSING,CALIBRATION_MISSING,kx134_single_node_i2c.0.1.0,kx134.v3
kx134.v3,NODE_PROTOTYPE,2,KX134_SENSOR_2,sensor_node_2,D4:E9:F4:C3:37:14,185325,1853730913,0,0,NA,0,4140,-34,111,1.010742,-0.008301,0.027100,100,100,8,UNCALIBRATED_SENSOR_2,false,CALIBRATION_MISSING,CALIBRATION_MISSING,kx134_single_node_i2c.0.1.0,kx134.v3
kx134.v3,NODE_PROTOTYPE,2,KX134_SENSOR_2,sensor_node_2,D4:E9:F4:C3:37:14,185326,1853740913,0,0,NA,0,4114,-72,95,1.004395,-0.017578,0.023193,100,100,8,UNCALIBRATED_SENSOR_2,false,CALIBRATION_MISSING,CALIBRATION_MISSING,kx134_single_node_i2c.0.1.0,kx134.v3
kx134.v3,NODE_PROTOTYPE,2,KX134_SENSOR_2,sensor_node_2,D4:E9:F4:C3:37:14,185327,1853750913,0,0,NA,0,4076,-62,104,0.995117,-0.015137,0.025391,100,100,8,UNCALIBRATED_SENSOR_2,false,CALIBRATION_MISSING,CALIBRATION_MISSING,kx134_single_node_i2c.0.1.0,kx134.v3
kx134.v3,NODE_PROTOTYPE,2,KX134_SENSOR_2,sensor_node_2,D4:E9:F4:C3:37:14,185328,1853760913,0,0,NA,0,4087,-61,159,0.997803,-0.014893,0.038818,100,100,8,UNCALIBRATED_SENSOR_2,false,CALIBRATION_MISSING,CALIBRATION_MISSING,kx134_single_node_i2c.0.1.0,kx134.v3
kx134.v3,NODE_PROTOTYPE,2,KX134_SENSOR_2,sensor_node_2,D4:E9:F4:C3:37:14,185329,1853770913,0,0,NA,0,4097,-50,178,1.000244,-0.012207,0.043457,100,100,8,UNCALIBRATED_SENSOR_2,false,CALIBRATION_MISSING,CALIBRATION_MISSING,kx134_single_node_i2c.0.1.0,kx134.v3
kx134.v3,NODE_PROTOTYPE,2,KX134_SENSOR_2,sensor_node_2,D4:E9:F4:C3:37:14,185330,1853780914,0,0,NA,0,4067,-17,146,0.992920,-0.004150,0.035645,100,100,8,UNCALIBRATED_SENSOR_2,false,CALIBRATION_MISSING,CALIBRATION_MISSING,kx134_single_node_i2c.0.1.0,kx134.v3
kx134.v3,NODE_PROTOTYPE,2,KX134_SENSOR_2,sensor_node_2,D4:E9:F4:C3:37:14,185331,1853790913,0,0,NA,0,4074,-24,128,0.994629,-0.005859,0.031250,100,100,8,UNCALIBRATED_SENSOR_2,false,CALIBRATION_MISSING,CALIBRATION_MISSING,kx134_single_node_i2c.0.1.0,kx134.v3
kx134.v3,NODE_PROTOTYPE,2,KX134_SENSOR_2,sensor_node_2,D4:E9:F4:C3:37:14,185332,1853800914,0,0,NA,0,4112,-43,159,1.003906,-0.010498,0.038818,100,100,8,UNCALIBRATED_SENSOR_2,false,CALIBRATION_MISSING,CALIBRATION_MISSING,kx134_single_node_i2c.0.1.0,kx134.v3
kx134.v3,NODE_PROTOTYPE,2,KX134_SENSOR_2,sensor_node_2,D4:E9:F4:C3:37:14,185333,1853810913,0,0,NA,0,4141,-37,185,1.010986,-0.009033,0.045166,100,100,8,UNCALIBRATED_SENSOR_2,false,CALIBRATION_MISSING,CALIBRATION_MISSING,kx134_single_node_i2c.0.1.0,kx134.v3
kx134.v3,NODE_PROTOTYPE,2,KX134_SENSOR_2,sensor_node_2,D4:E9:F4:C3:37:14,185334,1853820913,0,0,NA,0,4144,-25,170,1.011719,-0.006104,0.041504,100,100,8,UNCALIBRATED_SENSOR_2,false,CALIBRATION_MISSING,CALIBRATION_MISSING,kx134_single_node_i2c.0.1.0,kx134.v3
kx134.v3,NODE_PROTOTYPE,2,KX134_SENSOR_2,sensor_node_2,D4:E9:F4:C3:37:14,185335,1853830913,0,0,NA,0,4134,-26,171,1.009277,-0.006348,0.041748,100,100,8,UNCALIBRATED_SENSOR_2,false,CALIBRATION_MISSING,CALIBRATION_MISSING,kx134_single_node_i2c.0.1.0,kx134.v3
kx134.v3,NODE_PROTOTYPE,2,KX134_SENSOR_2,sensor_node_2,D4:E9:F4:C3:37:14,185336,1853840913,0,0,NA,0,4128,-35,160,1.007813,-0.008545,0.039063,100,100,8,UNCALIBRATED_SENSOR_2,false,CALIBRATION_MISSING,CALIBRATION_MISSING,kx134_single_node_i2c.0.1.0,kx134.v3
kx134.v3,NODE_PROTOTYPE,2,KX134_SENSOR_2,sensor_node_2,D4:E9:F4:C3:37:14,185337,1853850913,0,0,NA,0,4131,-39,134,1.008545,-0.009521,0.032715,100,100,8,UNCALIBRATED_SENSOR_2,false,CALIBRATION_MISSING,CALIBRATION_MISSING,kx134_single_node_i2c.0.1.0,kx134.v3
kx134.v3,NODE_PROTOTYPE,2,KX134_SENSOR_2,sensor_node_2,D4:E9:F4:C3:37:14,185338,1853860913,0,0,NA,0,4152,-28,151,1.013672,-0.006836,0.036865,100,100,8,UNCALIBRATED_SENSOR_2,false,CALIBRATION_MISSING,CALIBRATION_MISSING,kx134_single_node_i2c.0.1.0,kx134.v3
kx134.v3,NODE_PROTOTYPE,2,KX134_SENSOR_2,sensor_node_2,D4:E9:F4:C3:37:14,185339,1853870913,0,0,NA,0,4153,-23,148,1.013916,-0.005615,0.036133,100,100,8,UNCALIBRATED_SENSOR_2,false,CALIBRATION_MISSING,CALIBRATION_MISSING,kx134_single_node_i2c.0.1.0,kx134.v3
kx134.v3,NODE_PROTOTYPE,2,KX134_SENSOR_2,sensor_node_2,D4:E9:F4:C3:37:14,185340,1853880914,0,0,NA,0,4125,-25,108,1.007080,-0.006104,0.026367,100,100,8,UNCALIBRATED_SENSOR_2,false,CALIBRATION_MISSING,CALIBRATION_MISSING,kx134_single_node_i2c.0.1.0,kx134.v3
kx134.v3,NODE_PROTOTYPE,2,KX134_SENSOR_2,sensor_node_2,D4:E9:F4:C3:37:14,185341,1853890913,0,0,NA,0,4094,-10,86,0.999512,-0.002441,0.020996,100,100,8,UNCALIBRATED_SENSOR_2,false,CALIBRATION_MISSING,CALIBRATION_MISSING,kx134_single_node_i2c.0.1.0,kx134.v3
kx134.v3,NODE_PROTOTYPE,2,KX134_SENSOR_2,sensor_node_2,D4:E9:F4:C3:37:14,185342,1853900913,0,0,NA,0,4082,-13,120,0.996582,-0.003174,0.029297,100,100,8,UNCALIBRATED_SENSOR_2,false,CALIBRATION_MISSING,CALIBRATION_MISSING,kx134_single_node_i2c.0.1.0,kx134.v3
kx134.v3,NODE_PROTOTYPE,2,KX134_SENSOR_2,sensor_node_2,D4:E9:F4:C3:37:14,185343,1853910913,0,0,NA,0,4061,-47,143,0.991455,-0.011475,0.034912,100,100,8,UNCALIBRATED_SENSOR_2,false,CALIBRATION_MISSING,CALIBRATION_MISSING,kx134_single_node_i2c.0.1.0,kx134.v3
kx134.v3,NODE_PROTOTYPE,2,KX134_SENSOR_2,sensor_node_2,D4:E9:F4:C3:37:14,185344,1853920913,0,0,NA,0,4043,-53,116,0.987061,-0.012939,0.028320,100,100,8,UNCALIBRATED_SENSOR_2,false,CALIBRATION_MISSING,CALIBRATION_MISSING,kx134_single_node_i2c.0.1.0,kx134.v3
kx134.v3,NODE_PROTOTYPE,2,KX134_SENSOR_2,sensor_node_2,D4:E9:F4:C3:37:14,185345,1853930914,0,0,NA,0,4063,-13,103,0.991943,-0.003174,0.025146,100,100,8,UNCALIBRATED_SENSOR_2,false,CALIBRATION_MISSING,CALIBRATION_MISSING,kx134_single_node_i2c.0.1.0,kx134.v3
kx134.v3,NODE_PROTOTYPE,2,KX134_SENSOR_2,sensor_node_2,D4:E9:F4:C3:37:14,185346,1853940913,0,0,NA,0,4051,-8,90,0.989014,-0.001953,0.021973,100,100,8,UNCALIBRATED_SENSOR_2,false,CALIBRATION_MISSING,CALIBRATION_MISSING,kx134_single_node_i2c.0.1.0,kx134.v3
kx134.v3,NODE_PROTOTYPE,2,KX134_SENSOR_2,sensor_node_2,D4:E9:F4:C3:37:14,185347,1853950914,0,0,NA,0,4041,-39,108,0.986572,-0.009521,0.026367,100,100,8,UNCALIBRATED_SENSOR_2,false,CALIBRATION_MISSING,CALIBRATION_MISSING,kx134_single_node_i2c.0.1.0,kx134.v3
kx134.v3,NODE_PROTOTYPE,2,KX134_SENSOR_2,sensor_node_2,D4:E9:F4:C3:37:14,185348,1853960913,0,0,NA,0,4062,-60,128,0.991699,-0.014648,0.031250,100,100,8,UNCALIBRATED_SENSOR_2,false,CALIBRATION_MISSING,CALIBRATION_MISSING,kx134_single_node_i2c.0.1.0,kx134.v3
kx134.v3,NODE_PROTOTYPE,2,KX134_SENSOR_2,sensor_node_2,D4:E9:F4:C3:37:14,185349,1853970914,0,0,NA,0,4057,-57,123,0.990479,-0.013916,0.030029,100,100,8,UNCALIBRATED_SENSOR_2,false,CALIBRATION_MISSING,CALIBRATION_MISSING,kx134_single_node_i2c.0.1.0,kx134.v3
kx134.v3,NODE_PROTOTYPE,2,KX134_SENSOR_2,sensor_node_2,D4:E9:F4:C3:37:14,185350,1853980913,0,0,NA,0,4062,-41,146,0.991699,-0.010010,0.035645,100,100,8,UNCALIBRATED_SENSOR_2,false,CALIBRATION_MISSING,CALIBRATION_MISSING,kx134_single_node_i2c.0.1.0,kx134.v3
kx134.v3,NODE_PROTOTYPE,2,KX134_SENSOR_2,sensor_node_2,D4:E9:F4:C3:37:14,185351,1853990914,0,0,NA,0,4094,-23,149,0.999512,-0.005615,0.036377,100,100,8,UNCALIBRATED_SENSOR_2,false,CALIBRATION_MISSING,CALIBRATION_MISSING,kx134_single_node_i2c.0.1.0,kx134.v3
kx134.v3,NODE_PROTOTYPE,2,KX134_SENSOR_2,sensor_node_2,D4:E9:F4:C3:37:14,185352,1854000913,0,0,NA,0,4114,-26,140,1.004395,-0.006348,0.034180,100,100,8,UNCALIBRATED_SENSOR_2,false,CALIBRATION_MISSING,CALIBRATION_MISSING,kx134_single_node_i2c.0.1.0,kx134.v3
kx134.v3,NODE_PROTOTYPE,2,KX134_SENSOR_2,sensor_node_2,D4:E9:F4:C3:37:14,185353,1854010914,0,0,NA,0,4125,-31,158,1.007080,-0.007568,0.038574,100,100,8,UNCALIBRATED_SENSOR_2,false,CALIBRATION_MISSING,CALIBRATION_MISSING,kx134_single_node_i2c.0.1.0,kx134.v3
kx134.v3,NODE_PROTOTYPE,2,KX134_SENSOR_2,sensor_node_2,D4:E9:F4:C3:37:14,185354,1854020913,0,0,NA,0,4143,-16,173,1.011475,-0.003906,0.042236,100,100,8,UNCALIBRATED_SENSOR_2,false,CALIBRATION_MISSING,CALIBRATION_MISSING,kx134_single_node_i2c.0.1.0,kx134.v3
kx134.v3,NODE_PROTOTYPE,2,KX134_SENSOR_2,sensor_node_2,D4:E9:F4:C3:37:14,185355,1854030914,0,0,NA,0,4129,-35,154,1.008057,-0.008545,0.037598,100,100,8,UNCALIBRATED_SENSOR_2,false,CALIBRATION_MISSING,CALIBRATION_MISSING,kx134_single_node_i2c.0.1.0,kx134.v3
kx134.v3,NODE_PROTOTYPE,2,KX134_SENSOR_2,sensor_node_2,D4:E9:F4:C3:37:14,185356,1854040913,0,0,NA,0,4113,-65,148,1.004150,-0.015869,0.036133,100,100,8,UNCALIBRATED_SENSOR_2,false,CALIBRATION_MISSING,CALIBRATION_MISSING,kx134_single_node_i2c.0.1.0,kx134.v3
kx134.v3,NODE_PROTOTYPE,2,KX134_SENSOR_2,sensor_node_2,D4:E9:F4:C3:37:14,185357,1854050914,0,0,NA,0,4089,-70,129,0.998291,-0.017090,0.031494,100,100,8,UNCALIBRATED_SENSOR_2,false,CALIBRATION_MISSING,CALIBRATION_MISSING,kx134_single_node_i2c.0.1.0,kx134.v3
kx134.v3,NODE_PROTOTYPE,2,KX134_SENSOR_2,sensor_node_2,D4:E9:F4:C3:37:14,185358,1854060913,0,0,NA,0,4070,-65,104,0.993652,-0.015869,0.025391,100,100,8,UNCALIBRATED_SENSOR_2,false,CALIBRATION_MISSING,CALIBRATION_MISSING,kx134_single_node_i2c.0.1.0,kx134.v3
kx134.v3,NODE_PROTOTYPE,2,KX134_SENSOR_2,sensor_node_2,D4:E9:F4:C3:37:14,185359,1854070913,0,0,NA,0,4094,-45,127,0.999512,-0.010986,0.031006,100,100,8,UNCALIBRATED_SENSOR_2,false,CALIBRATION_MISSING,CALIBRATION_MISSING,kx134_single_node_i2c.0.1.0,kx134.v3
kx134.v3,NODE_PROTOTYPE,2,KX134_SENSOR_2,sensor_node_2,D4:E9:F4:C3:37:14,185360,1854080913,0,0,NA,0,4097,-8,113,1.000244,-0.001953,0.027588,100,100,8,UNCALIBRATED_SENSOR_2,false,CALIBRATION_MISSING,CALIBRATION_MISSING,kx134_single_node_i2c.0.1.0,kx134.v3
kx134.v3,NODE_PROTOTYPE,2,KX134_SENSOR_2,sensor_node_2,D4:E9:F4:C3:37:14,185361,1854090913,0,0,NA,0,4111,2,114,1.003662,0.000488,0.027832,100,100,8,UNCALIBRATED_SENSOR_2,false,CALIBRATION_MISSING,CALIBRATION_MISSING,kx134_single_node_i2c.0.1.0,kx134.v3
kx134.v3,NODE_PROTOTYPE,2,KX134_SENSOR_2,sensor_node_2,D4:E9:F4:C3:37:14,185362,1854100913,0,0,NA,0,4131,-14,130,1.008545,-0.003418,0.031738,100,100,8,UNCALIBRATED_SENSOR_2,false,CALIBRATION_MISSING,CALIBRATION_MISSING,kx134_single_node_i2c.0.1.0,kx134.v3
kx134.v3,NODE_PROTOTYPE,2,KX134_SENSOR_2,sensor_node_2,D4:E9:F4:C3:37:14,185363,1854110913,0,0,NA,0,4094,-34,137,0.999512,-0.008301,0.033447,100,100,8,UNCALIBRATED_SENSOR_2,false,CALIBRATION_MISSING,CALIBRATION_MISSING,kx134_single_node_i2c.0.1.0,kx134.v3
kx134.v3,NODE_PROTOTYPE,2,KX134_SENSOR_2,sensor_node_2,D4:E9:F4:C3:37:14,185364,1854120913,0,0,NA,0,4070,-55,169,0.993652,-0.013428,0.041260,100,100,8,UNCALIBRATED_SENSOR_2,false,CALIBRATION_MISSING,CALIBRATION_MISSING,kx134_single_node_i2c.0.1.0,kx134.v3
kx134.v3,NODE_PROTOTYPE,2,KX134_SENSOR_2,sensor_node_2,D4:E9:F4:C3:37:14,185365,1854130913,0,0,NA,0,4059,-58,161,0.990967,-0.014160,0.039307,100,100,8,UNCALIBRATED_SENSOR_2,false,CALIBRATION_MISSING,CALIBRATION_MISSING,kx134_single_node_i2c.0.1.0,kx134.v3
kx134.v3,NODE_PROTOTYPE,2,KX134_SENSOR_2,sensor_node_2,D4:E9:F4:C3:37:14,185366,1854140913,0,0,NA,0,4054,-28,121,0.989746,-0.006836,0.029541,100,100,8,UNCALIBRATED_SENSOR_2,false,CALIBRATION_MISSING,CALIBRATION_MISSING,kx134_single_node_i2c.0.1.0,kx134.v3
kx134.v3,NODE_PROTOTYPE,2,KX134_SENSOR_2,sensor_node_2,D4:E9:F4:C3:37:14,185367,1854150913,0,0,NA,0,4069,-32,109,0.993408,-0.007813,0.026611,100,100,8,UNCALIBRATED_SENSOR_2,false,CALIBRATION_MISSING,CALIBRATION_MISSING,kx134_single_node_i2c.0.1.0,kx134.v3
kx134.v3,NODE_PROTOTYPE,2,KX134_SENSOR_2,sensor_node_2,D4:E9:F4:C3:37:14,185368,1854160913,0,0,NA,0,4072,-15,140,0.994141,-0.003662,0.034180,100,100,8,UNCALIBRATED_SENSOR_2,false,CALIBRATION_MISSING,CALIBRATION_MISSING,kx134_single_node_i2c.0.1.0,kx134.v3
kx134.v3,NODE_PROTOTYPE,2,KX134_SENSOR_2,sensor_node_2,D4:E9:F4:C3:37:14,185369,1854170914,0,0,NA,0,4088,23,154,0.998047,0.005615,0.037598,100,100,8,UNCALIBRATED_SENSOR_2,false,CALIBRATION_MISSING,CALIBRATION_MISSING,kx134_single_node_i2c.0.1.0,kx134.v3
kx134.v3,NODE_PROTOTYPE,2,KX134_SENSOR_2,sensor_node_2,D4:E9:F4:C3:37:14,185370,1854180913,0,0,NA,0,4091,6,142,0.998779,0.001465,0.034668,100,100,8,UNCALIBRATED_SENSOR_2,false,CALIBRATION_MISSING,CALIBRATION_MISSING,kx134_single_node_i2c.0.1.0,kx134.v3
kx134.v3,NODE_PROTOTYPE,2,KX134_SENSOR_2,sensor_node_2,D4:E9:F4:C3:37:14,185371,1854190914,0,0,NA,0,4073,-16,117,0.994385,-0.003906,0.028564,100,100,8,UNCALIBRATED_SENSOR_2,false,CALIBRATION_MISSING,CALIBRATION_MISSING,kx134_single_node_i2c.0.1.0,kx134.v3
kx134.v3,NODE_PROTOTYPE,2,KX134_SENSOR_2,sensor_node_2,D4:E9:F4:C3:37:14,185372,1854200913,0,0,NA,0,4074,-63,104,0.994629,-0.015381,0.025391,100,100,8,UNCALIBRATED_SENSOR_2,false,CALIBRATION_MISSING,CALIBRATION_MISSING,kx134_single_node_i2c.0.1.0,kx134.v3
kx134.v3,NODE_PROTOTYPE,2,KX134_SENSOR_2,sensor_node_2,D4:E9:F4:C3:37:14,185373,1854210913,0,0,NA,0,4085,-104,119,0.997314,-0.025391,0.029053,100,100,8,UNCALIBRATED_SENSOR_2,false,CALIBRATION_MISSING,CALIBRATION_MISSING,kx134_single_node_i2c.0.1.0,kx134.v3
kx134.v3,NODE_PROTOTYPE,2,KX134_SENSOR_2,sensor_node_2,D4:E9:F4:C3:37:14,185374,1854220914,0,0,NA,0,4078,-90,115,0.995605,-0.021973,0.028076,100,100,8,UNCALIBRATED_SENSOR_2,false,CALIBRATION_MISSING,CALIBRATION_MISSING,kx134_single_node_i2c.0.1.0,kx134.v3
kx134.v3,NODE_PROTOTYPE,2,KX134_SENSOR_2,sensor_node_2,D4:E9:F4:C3:37:14,185375,1854230914,0,0,NA,0,4076,-87,124,0.995117,-0.021240,0.030273,100,100,8,UNCALIBRATED_SENSOR_2,false,CALIBRATION_MISSING,CALIBRATION_MISSING,kx134_single_node_i2c.0.1.0,kx134.v3
kx134.v3,NODE_PROTOTYPE,2,KX134_SENSOR_2,sensor_node_2,D4:E9:F4:C3:37:14,185376,1854240913,0,0,NA,0,4097,-83,121,1.000244,-0.020264,0.029541,100,100,8,UNCALIBRATED_SENSOR_2,false,CALIBRATION_MISSING,CALIBRATION_MISSING,kx134_single_node_i2c.0.1.0,kx134.v3
kx134.v3,NODE_PROTOTYPE,2,KX134_SENSOR_2,sensor_node_2,D4:E9:F4:C3:37:14,185377,1854250914,0,0,NA,0,4106,-83,128,1.002441,-0.020264,0.031250,100,100,8,UNCALIBRATED_SENSOR_2,false,CALIBRATION_MISSING,CALIBRATION_MISSING,kx134_single_node_i2c.0.1.0,kx134.v3
kx134.v3,NODE_PROTOTYPE,2,KX134_SENSOR_2,sensor_node_2,D4:E9:F4:C3:37:14,185378,1854260914,0,0,NA,0,4103,-80,127,1.001709,-0.019531,0.031006,100,100,8,UNCALIBRATED_SENSOR_2,false,CALIBRATION_MISSING,CALIBRATION_MISSING,kx134_single_node_i2c.0.1.0,kx134.v3
kx134.v3,NODE_PROTOTYPE,2,KX134_SENSOR_2,sensor_node_2,D4:E9:F4:C3:37:14,185379,1854270913,0,0,NA,0,4101,-36,109,1.001221,-0.008789,0.026611,100,100,8,UNCALIBRATED_SENSOR_2,false,CALIBRATION_MISSING,CALIBRATION_MISSING,kx134_single_node_i2c.0.1.0,kx134.v3
kx134.v3,NODE_PROTOTYPE,2,KX134_SENSOR_2,sensor_node_2,D4:E9:F4:C3:37:14,185380,1854280914,0,0,NA,0,4100,-21,133,1.000977,-0.005127,0.032471,100,100,8,UNCALIBRATED_SENSOR_2,false,CALIBRATION_MISSING,CALIBRATION_MISSING,kx134_single_node_i2c.0.1.0,kx134.v3
kx134.v3,NODE_PROTOTYPE,2,KX134_SENSOR_2,sensor_node_2,D4:E9:F4:C3:37:14,185381,1854290913,0,0,NA,0,4107,-42,125,1.002686,-0.010254,0.030518,100,100,8,UNCALIBRATED_SENSOR_2,false,CALIBRATION_MISSING,CALIBRATION_MISSING,kx134_single_node_i2c.0.1.0,kx134.v3
kx134.v3,NODE_PROTOTYPE,2,KX134_SENSOR_2,sensor_node_2,D4:E9:F4:C3:37:14,185382,1854300913,0,0,NA,0,4110,-73,118,1.003418,-0.017822,0.028809,100,100,8,UNCALIBRATED_SENSOR_2,false,CALIBRATION_MISSING,CALIBRATION_MISSING,kx134_single_node_i2c.0.1.0,kx134.v3
kx134.v3,NODE_PROTOTYPE,2,KX134_SENSOR_2,sensor_node_2,D4:E9:F4:C3:37:14,185383,1854310913,0,0,NA,0,4106,-56,136,1.002441,-0.013672,0.033203,100,100,8,UNCALIBRATED_SENSOR_2,false,CALIBRATION_MISSING,CALIBRATION_MISSING,kx134_single_node_i2c.0.1.0,kx134.v3
kx134.v3,NODE_PROTOTYPE,2,KX134_SENSOR_2,sensor_node_2,D4:E9:F4:C3:37:14,185384,1854320913,0,0,NA,0,4118,-30,151,1.005371,-0.007324,0.036865,100,100,8,UNCALIBRATED_SENSOR_2,false,CALIBRATION_MISSING,CALIBRATION_MISSING,kx134_single_node_i2c.0.1.0,kx134.v3
kx134.v3,NODE_PROTOTYPE,2,KX134_SENSOR_2,sensor_node_2,D4:E9:F4:C3:37:14,185385,1854330914,0,0,NA,0,4101,-37,144,1.001221,-0.009033,0.035156,100,100,8,UNCALIBRATED_SENSOR_2,false,CALIBRATION_MISSING,CALIBRATION_MISSING,kx134_single_node_i2c.0.1.0,kx134.v3
kx134.v3,NODE_PROTOTYPE,2,KX134_SENSOR_2,sensor_node_2,D4:E9:F4:C3:37:14,185386,1854340913,0,0,NA,0,4090,-30,110,0.998535,-0.007324,0.026855,100,100,8,UNCALIBRATED_SENSOR_2,false,CALIBRATION_MISSING,CALIBRATION_MISSING,kx134_single_node_i2c.0.1.0,kx134.v3
kx134.v3,NODE_PROTOTYPE,2,KX134_SENSOR_2,sensor_node_2,D4:E9:F4:C3:37:14,185387,1854350913,0,0,NA,0,4106,-41,118,1.002441,-0.010010,0.028809,100,100,8,UNCALIBRATED_SENSOR_2,false,CALIBRATION_MISSING,CALIBRATION_MISSING,kx134_single_node_i2c.0.1.0,kx134.v3
kx134.v3,NODE_PROTOTYPE,2,KX134_SENSOR_2,sensor_node_2,D4:E9:F4:C3:37:14,185388,1854360914,0,0,NA,0,4134,-76,159,1.009277,-0.018555,0.038818,100,100,8,UNCALIBRATED_SENSOR_2,false,CALIBRATION_MISSING,CALIBRATION_MISSING,kx134_single_node_i2c.0.1.0,kx134.v3
kx134.v3,NODE_PROTOTYPE,2,KX134_SENSOR_2,sensor_node_2,D4:E9:F4:C3:37:14,185389,1854370913,0,0,NA,0,4125,-83,143,1.007080,-0.020264,0.034912,100,100,8,UNCALIBRATED_SENSOR_2,false,CALIBRATION_MISSING,CALIBRATION_MISSING,kx134_single_node_i2c.0.1.0,kx134.v3
kx134.v3,NODE_PROTOTYPE,2,KX134_SENSOR_2,sensor_node_2,D4:E9:F4:C3:37:14,185390,1854380913,0,0,NA,0,4080,-62,132,0.996094,-0.015137,0.032227,100,100,8,UNCALIBRATED_SENSOR_2,false,CALIBRATION_MISSING,CALIBRATION_MISSING,kx134_single_node_i2c.0.1.0,kx134.v3
kx134.v3,NODE_PROTOTYPE,2,KX134_SENSOR_2,sensor_node_2,D4:E9:F4:C3:37:14,185391,1854390914,0,0,NA,0,4075,-57,150,0.994873,-0.013916,0.036621,100,100,8,UNCALIBRATED_SENSOR_2,false,CALIBRATION_MISSING,CALIBRATION_MISSING,kx134_single_node_i2c.0.1.0,kx134.v3
kx134.v3,NODE_PROTOTYPE,2,KX134_SENSOR_2,sensor_node_2,D4:E9:F4:C3:37:14,185392,1854400913,0,0,NA,0,4081,-73,148,0.996338,-0.017822,0.036133,100,100,8,UNCALIBRATED_SENSOR_2,false,CALIBRATION_MISSING,CALIBRATION_MISSING,kx134_single_node_i2c.0.1.0,kx134.v3
kx134.v3,NODE_PROTOTYPE,2,KX134_SENSOR_2,sensor_node_2,D4:E9:F4:C3:37:14,185393,1854410913,0,0,NA,0,4093,-72,165,0.999268,-0.017578,0.040283,100,100,8,UNCALIBRATED_SENSOR_2,false,CALIBRATION_MISSING,CALIBRATION_MISSING,kx134_single_node_i2c.0.1.0,kx134.v3
kx134.v3,NODE_PROTOTYPE,2,KX134_SENSOR_2,sensor_node_2,D4:E9:F4:C3:37:14,185394,1854420913,0,0,NA,0,4093,-37,146,0.999268,-0.009033,0.035645,100,100,8,UNCALIBRATED_SENSOR_2,false,CALIBRATION_MISSING,CALIBRATION_MISSING,kx134_single_node_i2c.0.1.0,kx134.v3
kx134.v3,NODE_PROTOTYPE,2,KX134_SENSOR_2,sensor_node_2,D4:E9:F4:C3:37:14,185395,1854430913,0,0,NA,0,4102,-14,140,1.001465,-0.003418,0.034180,100,100,8,UNCALIBRATED_SENSOR_2,false,CALIBRATION_MISSING,CALIBRATION_MISSING,kx134_single_node_i2c.0.1.0,kx134.v3
kx134.v3,NODE_PROTOTYPE,2,KX134_SENSOR_2,sensor_node_2,D4:E9:F4:C3:37:14,185396,1854440913,0,0,NA,0,4101,-40,153,1.001221,-0.009766,0.037354,100,100,8,UNCALIBRATED_SENSOR_2,false,CALIBRATION_MISSING,CALIBRATION_MISSING,kx134_single_node_i2c.0.1.0,kx134.v3
kx134.v3,NODE_PROTOTYPE,2,KX134_SENSOR_2,sensor_node_2,D4:E9:F4:C3:37:14,185397,1854450914,0,0,NA,0,4082,-48,158,0.996582,-0.011719,0.038574,100,100,8,UNCALIBRATED_SENSOR_2,false,CALIBRATION_MISSING,CALIBRATION_MISSING,kx134_single_node_i2c.0.1.0,kx134.v3
kx134.v3,NODE_PROTOTYPE,2,KX134_SENSOR_2,sensor_node_2,D4:E9:F4:C3:37:14,185398,1854460913,0,0,NA,0,4102,-27,167,1.001465,-0.006592,0.040771,100,100,8,UNCALIBRATED_SENSOR_2,false,CALIBRATION_MISSING,CALIBRATION_MISSING,kx134_single_node_i2c.0.1.0,kx134.v3
kx134.v3,NODE_PROTOTYPE,2,KX134_SENSOR_2,sensor_node_2,D4:E9:F4:C3:37:14,185399,1854470913,0,0,NA,0,4110,-51,154,1.003418,-0.012451,0.037598,100,100,8,UNCALIBRATED_SENSOR_2,false,CALIBRATION_MISSING,CALIBRATION_MISSING,kx134_single_node_i2c.0.1.0,kx134.v3
kx134.v3,NODE_PROTOTYPE,2,KX134_SENSOR_2,sensor_node_2,D4:E9:F4:C3:37:14,185400,1854480914,0,0,NA,0,4110,-65,149,1.003418,-0.015869,0.036377,100,100,8,UNCALIBRATED_SENSOR_2,false,CALIBRATION_MISSING,CALIBRATION_MISSING,kx134_single_node_i2c.0.1.0,kx134.v3
kx134.v3,NODE_PROTOTYPE,2,KX134_SENSOR_2,sensor_node_2,D4:E9:F4:C3:37:14,185401,1854490914,0,0,NA,0,4127,-33,144,1.007568,-0.008057,0.035156,100,100,8,UNCALIBRATED_SENSOR_2,false,CALIBRATION_MISSING,CALIBRATION_MISSING,kx134_single_node_i2c.0.1.0,kx134.v3
kx134.v3,NODE_PROTOTYPE,2,KX134_SENSOR_2,sensor_node_2,D4:E9:F4:C3:37:14,185402,1854500914,0,0,NA,0,4088,-32,136,0.998047,-0.007813,0.033203,100,100,8,UNCALIBRATED_SENSOR_2,false,CALIBRATION_MISSING,CALIBRATION_MISSING,kx134_single_node_i2c.0.1.0,kx134.v3
kx134.v3,NODE_PROTOTYPE,2,KX134_SENSOR_2,sensor_node_2,D4:E9:F4:C3:37:14,185403,1854510914,0,0,NA,0,4060,-62,126,0.991211,-0.015137,0.030762,100,100,8,UNCALIBRATED_SENSOR_2,false,CALIBRATION_MISSING,CALIBRATION_MISSING,kx134_single_node_i2c.0.1.0,kx134.v3
kx134.v3,NODE_PROTOTYPE,2,KX134_SENSOR_2,sensor_node_2,D4:E9:F4:C3:37:14,185404,1854520914,0,0,NA,0,4095,-71,121,0.999756,-0.017334,0.029541,100,100,8,UNCALIBRATED_SENSOR_2,false,CALIBRATION_MISSING,CALIBRATION_MISSING,kx134_single_node_i2c.0.1.0,kx134.v3
kx134.v3,NODE_PROTOTYPE,2,KX134_SENSOR_2,sensor_node_2,D4:E9:F4:C3:37:14,185405,1854530913,0,0,NA,0,4126,-55,100,1.007324,-0.013428,0.024414,100,100,8,UNCALIBRATED_SENSOR_2,false,CALIBRATION_MISSING,CALIBRATION_MISSING,kx134_single_node_i2c.0.1.0,kx134.v3
kx134.v3,NODE_PROTOTYPE,2,KX134_SENSOR_2,sensor_node_2,D4:E9:F4:C3:37:14,185406,1854540914,0,0,NA,0,4119,-35,100,1.005615,-0.008545,0.024414,100,100,8,UNCALIBRATED_SENSOR_2,false,CALIBRATION_MISSING,CALIBRATION_MISSING,kx134_single_node_i2c.0.1.0,kx134.v3
kx134.v3,NODE_PROTOTYPE,2,KX134_SENSOR_2,sensor_node_2,D4:E9:F4:C3:37:14,185407,1854550913,0,0,NA,0,4077,7,117,0.995361,0.001709,0.028564,100,100,8,UNCALIBRATED_SENSOR_2,false,CALIBRATION_MISSING,CALIBRATION_MISSING,kx134_single_node_i2c.0.1.0,kx134.v3
kx134.v3,NODE_PROTOTYPE,2,KX134_SENSOR_2,sensor_node_2,D4:E9:F4:C3:37:14,185408,1854560913,0,0,NA,0,4069,15,114,0.993408,0.003662,0.027832,100,100,8,UNCALIBRATED_SENSOR_2,false,CALIBRATION_MISSING,CALIBRATION_MISSING,kx134_single_node_i2c.0.1.0,kx134.v3
kx134.v3,NODE_PROTOTYPE,2,KX134_SENSOR_2,sensor_node_2,D4:E9:F4:C3:37:14,185409,1854570913,0,0,NA,0,4077,-35,110,0.995361,-0.008545,0.026855,100,100,8,UNCALIBRATED_SENSOR_2,false,CALIBRATION_MISSING,CALIBRATION_MISSING,kx134_single_node_i2c.0.1.0,kx134.v3
kx134.v3,NODE_PROTOTYPE,2,KX134_SENSOR_2,sensor_node_2,D4:E9:F4:C3:37:14,185410,1854580913,0,0,NA,0,4066,-67,108,0.992676,-0.016357,0.026367,100,100,8,UNCALIBRATED_SENSOR_2,false,CALIBRATION_MISSING,CALIBRATION_MISSING,kx134_single_node_i2c.0.1.0,kx134.v3
kx134.v3,NODE_PROTOTYPE,2,KX134_SENSOR_2,sensor_node_2,D4:E9:F4:C3:37:14,185411,1854590913,0,0,NA,0,4095,-54,113,0.999756,-0.013184,0.027588,100,100,8,UNCALIBRATED_SENSOR_2,false,CALIBRATION_MISSING,CALIBRATION_MISSING,kx134_single_node_i2c.0.1.0,kx134.v3
kx134.v3,NODE_PROTOTYPE,2,KX134_SENSOR_2,sensor_node_2,D4:E9:F4:C3:37:14,185412,1854600914,0,0,NA,0,4120,-35,115,1.005859,-0.008545,0.028076,100,100,8,UNCALIBRATED_SENSOR_2,false,CALIBRATION_MISSING,CALIBRATION_MISSING,kx134_single_node_i2c.0.1.0,kx134.v3
kx134.v3,NODE_PROTOTYPE,2,KX134_SENSOR_2,sensor_node_2,D4:E9:F4:C3:37:14,185413,1854610914,0,0,NA,0,4092,-15,111,0.999023,-0.003662,0.027100,100,100,8,UNCALIBRATED_SENSOR_2,false,CALIBRATION_MISSING,CALIBRATION_MISSING,kx134_single_node_i2c.0.1.0,kx134.v3
kx134.v3,NODE_PROTOTYPE,2,KX134_SENSOR_2,sensor_node_2,D4:E9:F4:C3:37:14,185414,1854620913,0,0,NA,0,4077,3,115,0.995361,0.000732,0.028076,100,100,8,UNCALIBRATED_SENSOR_2,false,CALIBRATION_MISSING,CALIBRATION_MISSING,kx134_single_node_i2c.0.1.0,kx134.v3
kx134.v3,NODE_PROTOTYPE,2,KX134_SENSOR_2,sensor_node_2,D4:E9:F4:C3:37:14,185415,1854630913,0,0,NA,0,4073,1,136,0.994385,0.000244,0.033203,100,100,8,UNCALIBRATED_SENSOR_2,false,CALIBRATION_MISSING,CALIBRATION_MISSING,kx134_single_node_i2c.0.1.0,kx134.v3
kx134.v3,NODE_PROTOTYPE,2,KX134_SENSOR_2,sensor_node_2,D4:E9:F4:C3:37:14,185416,1854640913,0,0,NA,0,4066,-1,134,0.992676,-0.000244,0.032715,100,100,8,UNCALIBRATED_SENSOR_2,false,CALIBRATION_MISSING,CALIBRATION_MISSING,kx134_single_node_i2c.0.1.0,kx134.v3
kx134.v3,NODE_PROTOTYPE,2,KX134_SENSOR_2,sensor_node_2,D4:E9:F4:C3:37:14,185417,1854650913,0,0,NA,0,4099,-16,130,1.000732,-0.003906,0.031738,100,100,8,UNCALIBRATED_SENSOR_2,false,CALIBRATION_MISSING,CALIBRATION_MISSING,kx134_single_node_i2c.0.1.0,kx134.v3
kx134.v3,NODE_PROTOTYPE,2,KX134_SENSOR_2,sensor_node_2,D4:E9:F4:C3:37:14,185418,1854660914,0,0,NA,0,4156,-18,160,1.014648,-0.004395,0.039063,100,100,8,UNCALIBRATED_SENSOR_2,false,CALIBRATION_MISSING,CALIBRATION_MISSING,kx134_single_node_i2c.0.1.0,kx134.v3
kx134.v3,NODE_PROTOTYPE,2,KX134_SENSOR_2,sensor_node_2,D4:E9:F4:C3:37:14,185419,1854670914,0,0,NA,0,4167,-17,164,1.017334,-0.004150,0.040039,100,100,8,UNCALIBRATED_SENSOR_2,false,CALIBRATION_MISSING,CALIBRATION_MISSING,kx134_single_node_i2c.0.1.0,kx134.v3
kx134.v3,NODE_PROTOTYPE,2,KX134_SENSOR_2,sensor_node_2,D4:E9:F4:C3:37:14,185420,1854680914,0,0,NA,0,4122,-22,151,1.006348,-0.005371,0.036865,100,100,8,UNCALIBRATED_SENSOR_2,false,CALIBRATION_MISSING,CALIBRATION_MISSING,kx134_single_node_i2c.0.1.0,kx134.v3
kx134.v3,NODE_PROTOTYPE,2,KX134_SENSOR_2,sensor_node_2,D4:E9:F4:C3:37:14,185421,1854690913,0,0,NA,0,4117,-17,153,1.005127,-0.004150,0.037354,100,100,8,UNCALIBRATED_SENSOR_2,false,CALIBRATION_MISSING,CALIBRATION_MISSING,kx134_single_node_i2c.0.1.0,kx134.v3
kx134.v3,NODE_PROTOTYPE,2,KX134_SENSOR_2,sensor_node_2,D4:E9:F4:C3:37:14,185422,1854700913,0,0,NA,0,4115,-37,125,1.004639,-0.009033,0.030518,100,100,8,UNCALIBRATED_SENSOR_2,false,CALIBRATION_MISSING,CALIBRATION_MISSING,kx134_single_node_i2c.0.1.0,kx134.v3
kx134.v3,NODE_PROTOTYPE,2,KX134_SENSOR_2,sensor_node_2,D4:E9:F4:C3:37:14,185423,1854710914,0,0,NA,0,4121,-52,114,1.006104,-0.012695,0.027832,100,100,8,UNCALIBRATED_SENSOR_2,false,CALIBRATION_MISSING,CALIBRATION_MISSING,kx134_single_node_i2c.0.1.0,kx134.v3
kx134.v3,NODE_PROTOTYPE,2,KX134_SENSOR_2,sensor_node_2,D4:E9:F4:C3:37:14,185424,1854720913,0,0,NA,0,4131,-33,137,1.008545,-0.008057,0.033447,100,100,8,UNCALIBRATED_SENSOR_2,false,CALIBRATION_MISSING,CALIBRATION_MISSING,kx134_single_node_i2c.0.1.0,kx134.v3
kx134.v3,NODE_PROTOTYPE,2,KX134_SENSOR_2,sensor_node_2,D4:E9:F4:C3:37:14,185425,1854730913,0,0,NA,0,4095,-32,134,0.999756,-0.007813,0.032715,100,100,8,UNCALIBRATED_SENSOR_2,false,CALIBRATION_MISSING,CALIBRATION_MISSING,kx134_single_node_i2c.0.1.0,kx134.v3
kx134.v3,NODE_PROTOTYPE,2,KX134_SENSOR_2,sensor_node_2,D4:E9:F4:C3:37:14,185426,1854740914,0,0,NA,0,4096,-46,142,1.000000,-0.011230,0.034668,100,100,8,UNCALIBRATED_SENSOR_2,false,CALIBRATION_MISSING,CALIBRATION_MISSING,kx134_single_node_i2c.0.1.0,kx134.v3
kx134.v3,NODE_PROTOTYPE,2,KX134_SENSOR_2,sensor_node_2,D4:E9:F4:C3:37:14,185427,1854750914,0,0,NA,0,4098,-36,144,1.000488,-0.008789,0.035156,100,100,8,UNCALIBRATED_SENSOR_2,false,CALIBRATION_MISSING,CALIBRATION_MISSING,kx134_single_node_i2c.0.1.0,kx134.v3
kx134.v3,NODE_PROTOTYPE,2,KX134_SENSOR_2,sensor_node_2,D4:E9:F4:C3:37:14,185428,1854760913,0,0,NA,0,4055,-35,142,0.989990,-0.008545,0.034668,100,100,8,UNCALIBRATED_SENSOR_2,false,CALIBRATION_MISSING,CALIBRATION_MISSING,kx134_single_node_i2c.0.1.0,kx134.v3
kx134.v3,NODE_PROTOTYPE,2,KX134_SENSOR_2,sensor_node_2,D4:E9:F4:C3:37:14,185429,1854770913,0,0,NA,0,4044,-41,141,0.987305,-0.010010,0.034424,100,100,8,UNCALIBRATED_SENSOR_2,false,CALIBRATION_MISSING,CALIBRATION_MISSING,kx134_single_node_i2c.0.1.0,kx134.v3
kx134.v3,NODE_PROTOTYPE,2,KX134_SENSOR_2,sensor_node_2,D4:E9:F4:C3:37:14,185430,1854780913,0,0,NA,0,4065,-53,116,0.992432,-0.012939,0.028320,100,100,8,UNCALIBRATED_SENSOR_2,false,CALIBRATION_MISSING,CALIBRATION_MISSING,kx134_single_node_i2c.0.1.0,kx134.v3
kx134.v3,NODE_PROTOTYPE,2,KX134_SENSOR_2,sensor_node_2,D4:E9:F4:C3:37:14,185431,1854790914,0,0,NA,0,4081,-52,114,0.996338,-0.012695,0.027832,100,100,8,UNCALIBRATED_SENSOR_2,false,CALIBRATION_MISSING,CALIBRATION_MISSING,kx134_single_node_i2c.0.1.0,kx134.v3
kx134.v3,NODE_PROTOTYPE,2,KX134_SENSOR_2,sensor_node_2,D4:E9:F4:C3:37:14,185432,1854800913,0,0,NA,0,4079,-37,122,0.995850,-0.009033,0.029785,100,100,8,UNCALIBRATED_SENSOR_2,false,CALIBRATION_MISSING,CALIBRATION_MISSING,kx134_single_node_i2c.0.1.0,kx134.v3
kx134.v3,NODE_PROTOTYPE,2,KX134_SENSOR_2,sensor_node_2,D4:E9:F4:C3:37:14,185433,1854810914,0,0,NA,0,4048,-48,135,0.988281,-0.011719,0.032959,100,100,8,UNCALIBRATED_SENSOR_2,false,CALIBRATION_MISSING,CALIBRATION_MISSING,kx134_single_node_i2c.0.1.0,kx134.v3
kx134.v3,NODE_PROTOTYPE,2,KX134_SENSOR_2,sensor_node_2,D4:E9:F4:C3:37:14,185434,1854820913,0,0,NA,0,4038,-43,160,0.985840,-0.010498,0.039063,100,100,8,UNCALIBRATED_SENSOR_2,false,CALIBRATION_MISSING,CALIBRATION_MISSING,kx134_single_node_i2c.0.1.0,kx134.v3
kx134.v3,NODE_PROTOTYPE,2,KX134_SENSOR_2,sensor_node_2,D4:E9:F4:C3:37:14,185435,1854830913,0,0,NA,0,4068,-39,166,0.993164,-0.009521,0.040527,100,100,8,UNCALIBRATED_SENSOR_2,false,CALIBRATION_MISSING,CALIBRATION_MISSING,kx134_single_node_i2c.0.1.0,kx134.v3
kx134.v3,NODE_PROTOTYPE,2,KX134_SENSOR_2,sensor_node_2,D4:E9:F4:C3:37:14,185436,1854840914,0,0,NA,0,4088,-46,138,0.998047,-0.011230,0.033691,100,100,8,UNCALIBRATED_SENSOR_2,false,CALIBRATION_MISSING,CALIBRATION_MISSING,kx134_single_node_i2c.0.1.0,kx134.v3
kx134.v3,NODE_PROTOTYPE,2,KX134_SENSOR_2,sensor_node_2,D4:E9:F4:C3:37:14,185437,1854850913,0,0,NA,0,4073,-35,135,0.994385,-0.008545,0.032959,100,100,8,UNCALIBRATED_SENSOR_2,false,CALIBRATION_MISSING,CALIBRATION_MISSING,kx134_single_node_i2c.0.1.0,kx134.v3
kx134.v3,NODE_PROTOTYPE,2,KX134_SENSOR_2,sensor_node_2,D4:E9:F4:C3:37:14,185438,1854860913,0,0,NA,0,4083,-41,159,0.996826,-0.010010,0.038818,100,100,8,UNCALIBRATED_SENSOR_2,false,CALIBRATION_MISSING,CALIBRATION_MISSING,kx134_single_node_i2c.0.1.0,kx134.v3
kx134.v3,NODE_PROTOTYPE,2,KX134_SENSOR_2,sensor_node_2,D4:E9:F4:C3:37:14,185439,1854870914,0,0,NA,0,4097,-53,162,1.000244,-0.012939,0.039551,100,100,8,UNCALIBRATED_SENSOR_2,false,CALIBRATION_MISSING,CALIBRATION_MISSING,kx134_single_node_i2c.0.1.0,kx134.v3
kx134.v3,NODE_PROTOTYPE,2,KX134_SENSOR_2,sensor_node_2,D4:E9:F4:C3:37:14,185440,1854880913,0,0,NA,0,4089,-50,142,0.998291,-0.012207,0.034668,100,100,8,UNCALIBRATED_SENSOR_2,false,CALIBRATION_MISSING,CALIBRATION_MISSING,kx134_single_node_i2c.0.1.0,kx134.v3
kx134.v3,NODE_PROTOTYPE,2,KX134_SENSOR_2,sensor_node_2,D4:E9:F4:C3:37:14,185441,1854890914,0,0,NA,0,4069,-19,108,0.993408,-0.004639,0.026367,100,100,8,UNCALIBRATED_SENSOR_2,false,CALIBRATION_MISSING,CALIBRATION_MISSING,kx134_single_node_i2c.0.1.0,kx134.v3
kx134.v3,NODE_PROTOTYPE,2,KX134_SENSOR_2,sensor_node_2,D4:E9:F4:C3:37:14,185442,1854900913,0,0,NA,0,4077,-3,110,0.995361,-0.000732,0.026855,100,100,8,UNCALIBRATED_SENSOR_2,false,CALIBRATION_MISSING,CALIBRATION_MISSING,kx134_single_node_i2c.0.1.0,kx134.v3
kx134.v3,NODE_PROTOTYPE,2,KX134_SENSOR_2,sensor_node_2,D4:E9:F4:C3:37:14,185443,1854910914,0,0,NA,0,4102,-32,126,1.001465,-0.007813,0.030762,100,100,8,UNCALIBRATED_SENSOR_2,false,CALIBRATION_MISSING,CALIBRATION_MISSING,kx134_single_node_i2c.0.1.0,kx134.v3
kx134.v3,NODE_PROTOTYPE,2,KX134_SENSOR_2,sensor_node_2,D4:E9:F4:C3:37:14,185444,1854920913,0,0,NA,0,4117,-50,137,1.005127,-0.012207,0.033447,100,100,8,UNCALIBRATED_SENSOR_2,false,CALIBRATION_MISSING,CALIBRATION_MISSING,kx134_single_node_i2c.0.1.0,kx134.v3
kx134.v3,NODE_PROTOTYPE,2,KX134_SENSOR_2,sensor_node_2,D4:E9:F4:C3:37:14,185445,1854930913,0,0,NA,0,4112,-52,131,1.003906,-0.012695,0.031982,100,100,8,UNCALIBRATED_SENSOR_2,false,CALIBRATION_MISSING,CALIBRATION_MISSING,kx134_single_node_i2c.0.1.0,kx134.v3
kx134.v3,NODE_PROTOTYPE,2,KX134_SENSOR_2,sensor_node_2,D4:E9:F4:C3:37:14,185446,1854940913,0,0,NA,0,4086,-63,128,0.997559,-0.015381,0.031250,100,100,8,UNCALIBRATED_SENSOR_2,false,CALIBRATION_MISSING,CALIBRATION_MISSING,kx134_single_node_i2c.0.1.0,kx134.v3
kx134.v3,NODE_PROTOTYPE,2,KX134_SENSOR_2,sensor_node_2,D4:E9:F4:C3:37:14,185447,1854950913,0,0,NA,0,4102,-89,130,1.001465,-0.021729,0.031738,100,100,8,UNCALIBRATED_SENSOR_2,false,CALIBRATION_MISSING,CALIBRATION_MISSING,kx134_single_node_i2c.0.1.0,kx134.v3
kx134.v3,NODE_PROTOTYPE,2,KX134_SENSOR_2,sensor_node_2,D4:E9:F4:C3:37:14,185448,1854960913,0,0,NA,0,4093,-105,89,0.999268,-0.025635,0.021729,100,100,8,UNCALIBRATED_SENSOR_2,false,CALIBRATION_MISSING,CALIBRATION_MISSING,kx134_single_node_i2c.0.1.0,kx134.v3
kx134.v3,NODE_PROTOTYPE,2,KX134_SENSOR_2,sensor_node_2,D4:E9:F4:C3:37:14,185449,1854970913,0,0,NA,0,4072,-85,80,0.994141,-0.020752,0.019531,100,100,8,UNCALIBRATED_SENSOR_2,false,CALIBRATION_MISSING,CALIBRATION_MISSING,kx134_single_node_i2c.0.1.0,kx134.v3
kx134.v3,NODE_PROTOTYPE,2,KX134_SENSOR_2,sensor_node_2,D4:E9:F4:C3:37:14,185450,1854980914,0,0,NA,0,4073,-64,73,0.994385,-0.015625,0.017822,100,100,8,UNCALIBRATED_SENSOR_2,false,CALIBRATION_MISSING,CALIBRATION_MISSING,kx134_single_node_i2c.0.1.0,kx134.v3
kx134.v3,NODE_PROTOTYPE,2,KX134_SENSOR_2,sensor_node_2,D4:E9:F4:C3:37:14,185451,1854990913,0,0,NA,0,4090,-50,85,0.998535,-0.012207,0.020752,100,100,8,UNCALIBRATED_SENSOR_2,false,CALIBRATION_MISSING,CALIBRATION_MISSING,kx134_single_node_i2c.0.1.0,kx134.v3
kx134.v3,NODE_PROTOTYPE,2,KX134_SENSOR_2,sensor_node_2,D4:E9:F4:C3:37:14,185452,1855000913,0,0,NA,0,4127,-38,119,1.007568,-0.009277,0.029053,100,100,8,UNCALIBRATED_SENSOR_2,false,CALIBRATION_MISSING,CALIBRATION_MISSING,kx134_single_node_i2c.0.1.0,kx134.v3
kx134.v3,NODE_PROTOTYPE,2,KX134_SENSOR_2,sensor_node_2,D4:E9:F4:C3:37:14,185453,1855010914,0,0,NA,0,4123,-44,176,1.006592,-0.010742,0.042969,100,100,8,UNCALIBRATED_SENSOR_2,false,CALIBRATION_MISSING,CALIBRATION_MISSING,kx134_single_node_i2c.0.1.0,kx134.v3
kx134.v3,NODE_PROTOTYPE,2,KX134_SENSOR_2,sensor_node_2,D4:E9:F4:C3:37:14,185454,1855020913,0,0,NA,0,4193,-137,176,1.023682,-0.033447,0.042969,100,100,8,UNCALIBRATED_SENSOR_2,false,CALIBRATION_MISSING,CALIBRATION_MISSING,kx134_single_node_i2c.0.1.0,kx134.v3
kx134.v3,NODE_PROTOTYPE,2,KX134_SENSOR_2,sensor_node_2,D4:E9:F4:C3:37:14,185455,1855030913,0,0,NA,0,4193,-137,225,1.023682,-0.033447,0.054932,100,100,8,UNCALIBRATED_SENSOR_2,false,CALIBRATION_MISSING,CALIBRATION_MISSING,kx134_single_node_i2c.0.1.0,kx134.v3
kx134.v3,NODE_PROTOTYPE,2,KX134_SENSOR_2,sensor_node_2,D4:E9:F4:C3:37:14,185456,1855040913,0,0,NA,0,4232,-295,242,1.033203,-0.072021,0.059082,100,100,8,UNCALIBRATED_SENSOR_2,false,CALIBRATION_MISSING,CALIBRATION_MISSING,kx134_single_node_i2c.0.1.0,kx134.v3
kx134.v3,NODE_PROTOTYPE,2,KX134_SENSOR_2,sensor_node_2,D4:E9:F4:C3:37:14,185457,1855050913,0,0,NA,0,4116,-88,206,1.004883,-0.021484,0.050293,100,100,8,UNCALIBRATED_SENSOR_2,false,CALIBRATION_MISSING,CALIBRATION_MISSING,kx134_single_node_i2c.0.1.0,kx134.v3
kx134.v3,NODE_PROTOTYPE,2,KX134_SENSOR_2,sensor_node_2,D4:E9:F4:C3:37:14,185458,1855060913,0,0,NA,0,4165,110,230,1.016846,0.026855,0.056152,100,100,8,UNCALIBRATED_SENSOR_2,false,CALIBRATION_MISSING,CALIBRATION_MISSING,kx134_single_node_i2c.0.1.0,kx134.v3
kx134.v3,NODE_PROTOTYPE,2,KX134_SENSOR_2,sensor_node_2,D4:E9:F4:C3:37:14,185459,1855070914,0,0,NA,0,4093,104,274,0.999268,0.025391,0.066895,100,100,8,UNCALIBRATED_SENSOR_2,false,CALIBRATION_MISSING,CALIBRATION_MISSING,kx134_single_node_i2c.0.1.0,kx134.v3
kx134.v3,NODE_PROTOTYPE,2,KX134_SENSOR_2,sensor_node_2,D4:E9:F4:C3:37:14,185460,1855080913,0,0,NA,0,3932,190,170,0.959961,0.046387,0.041504,100,100,8,UNCALIBRATED_SENSOR_2,false,CALIBRATION_MISSING,CALIBRATION_MISSING,kx134_single_node_i2c.0.1.0,kx134.v3
kx134.v3,NODE_PROTOTYPE,2,KX134_SENSOR_2,sensor_node_2,D4:E9:F4:C3:37:14,185461,1855090913,0,0,NA,0,3953,203,81,0.965088,0.049561,0.019775,100,100,8,UNCALIBRATED_SENSOR_2,false,CALIBRATION_MISSING,CALIBRATION_MISSING,kx134_single_node_i2c.0.1.0,kx134.v3
kx134.v3,NODE_PROTOTYPE,2,KX134_SENSOR_2,sensor_node_2,D4:E9:F4:C3:37:14,185462,1855100913,0,0,NA,0,4030,46,-36,0.983887,0.011230,-0.008789,100,100,8,UNCALIBRATED_SENSOR_2,false,CALIBRATION_MISSING,CALIBRATION_MISSING,kx134_single_node_i2c.0.1.0,kx134.v3
kx134.v3,NODE_PROTOTYPE,2,KX134_SENSOR_2,sensor_node_2,D4:E9:F4:C3:37:14,185463,1855110913,0,0,NA,0,4220,-61,-34,1.030273,-0.014893,-0.008301,100,100,8,UNCALIBRATED_SENSOR_2,false,CALIBRATION_MISSING,CALIBRATION_MISSING,kx134_single_node_i2c.0.1.0,kx134.v3
kx134.v3,NODE_PROTOTYPE,2,KX134_SENSOR_2,sensor_node_2,D4:E9:F4:C3:37:14,185464,1855120914,0,0,NA,0,4313,7,75,1.052979,0.001709,0.018311,100,100,8,UNCALIBRATED_SENSOR_2,false,CALIBRATION_MISSING,CALIBRATION_MISSING,kx134_single_node_i2c.0.1.0,kx134.v3
kx134.v3,NODE_PROTOTYPE,2,KX134_SENSOR_2,sensor_node_2,D4:E9:F4:C3:37:14,185465,1855130913,0,0,NA,0,4185,31,128,1.021729,0.007568,0.031250,100,100,8,UNCALIBRATED_SENSOR_2,false,CALIBRATION_MISSING,CALIBRATION_MISSING,kx134_single_node_i2c.0.1.0,kx134.v3
kx134.v3,NODE_PROTOTYPE,2,KX134_SENSOR_2,sensor_node_2,D4:E9:F4:C3:37:14,185466,1855140913,0,0,NA,0,4109,14,165,1.003174,0.003418,0.040283,100,100,8,UNCALIBRATED_SENSOR_2,false,CALIBRATION_MISSING,CALIBRATION_MISSING,kx134_single_node_i2c.0.1.0,kx134.v3
kx134.v3,NODE_PROTOTYPE,2,KX134_SENSOR_2,sensor_node_2,D4:E9:F4:C3:37:14,185467,1855150914,0,0,NA,0,4119,-13,158,1.005615,-0.003174,0.038574,100,100,8,UNCALIBRATED_SENSOR_2,false,CALIBRATION_MISSING,CALIBRATION_MISSING,kx134_single_node_i2c.0.1.0,kx134.v3
kx134.v3,NODE_PROTOTYPE,2,KX134_SENSOR_2,sensor_node_2,D4:E9:F4:C3:37:14,185468,1855160913,0,0,NA,0,4115,-8,158,1.004639,-0.001953,0.038574,100,100,8,UNCALIBRATED_SENSOR_2,false,CALIBRATION_MISSING,CALIBRATION_MISSING,kx134_single_node_i2c.0.1.0,kx134.v3
kx134.v3,NODE_PROTOTYPE,2,KX134_SENSOR_2,sensor_node_2,D4:E9:F4:C3:37:14,185469,1855170913,0,0,NA,0,4120,-7,167,1.005859,-0.001709,0.040771,100,100,8,UNCALIBRATED_SENSOR_2,false,CALIBRATION_MISSING,CALIBRATION_MISSING,kx134_single_node_i2c.0.1.0,kx134.v3
kx134.v3,NODE_PROTOTYPE,2,KX134_SENSOR_2,sensor_node_2,D4:E9:F4:C3:37:14,185470,1855180913,0,0,NA,0,4112,-29,150,1.003906,-0.007080,0.036621,100,100,8,UNCALIBRATED_SENSOR_2,false,CALIBRATION_MISSING,CALIBRATION_MISSING,kx134_single_node_i2c.0.1.0,kx134.v3
kx134.v3,NODE_PROTOTYPE,2,KX134_SENSOR_2,sensor_node_2,D4:E9:F4:C3:37:14,185471,1855190913,0,0,NA,0,4076,-45,122,0.995117,-0.010986,0.029785,100,100,8,UNCALIBRATED_SENSOR_2,false,CALIBRATION_MISSING,CALIBRATION_MISSING,kx134_single_node_i2c.0.1.0,kx134.v3
kx134.v3,NODE_PROTOTYPE,2,KX134_SENSOR_2,sensor_node_2,D4:E9:F4:C3:37:14,185472,1855200913,0,0,NA,0,4037,-50,111,0.985596,-0.012207,0.027100,100,100,8,UNCALIBRATED_SENSOR_2,false,CALIBRATION_MISSING,CALIBRATION_MISSING,kx134_single_node_i2c.0.1.0,kx134.v3
kx134.v3,NODE_PROTOTYPE,2,KX134_SENSOR_2,sensor_node_2,D4:E9:F4:C3:37:14,185473,1855210913,0,0,NA,0,4051,-27,119,0.989014,-0.006592,0.029053,100,100,8,UNCALIBRATED_SENSOR_2,false,CALIBRATION_MISSING,CALIBRATION_MISSING,kx134_single_node_i2c.0.1.0,kx134.v3
kx134.v3,NODE_PROTOTYPE,2,KX134_SENSOR_2,sensor_node_2,D4:E9:F4:C3:37:14,185474,1855220913,0,0,NA,0,4069,4,108,0.993408,0.000977,0.026367,100,100,8,UNCALIBRATED_SENSOR_2,false,CALIBRATION_MISSING,CALIBRATION_MISSING,kx134_single_node_i2c.0.1.0,kx134.v3
kx134.v3,NODE_PROTOTYPE,2,KX134_SENSOR_2,sensor_node_2,D4:E9:F4:C3:37:14,185475,1855230913,0,0,NA,0,4078,3,103,0.995605,0.000732,0.025146,100,100,8,UNCALIBRATED_SENSOR_2,false,CALIBRATION_MISSING,CALIBRATION_MISSING,kx134_single_node_i2c.0.1.0,kx134.v3
kx134.v3,NODE_PROTOTYPE,2,KX134_SENSOR_2,sensor_node_2,D4:E9:F4:C3:37:14,185476,1855240913,0,0,NA,0,4105,-6,128,1.002197,-0.001465,0.031250,100,100,8,UNCALIBRATED_SENSOR_2,false,CALIBRATION_MISSING,CALIBRATION_MISSING,kx134_single_node_i2c.0.1.0,kx134.v3
kx134.v3,NODE_PROTOTYPE,2,KX134_SENSOR_2,sensor_node_2,D4:E9:F4:C3:37:14,185477,1855250914,0,0,NA,0,4152,-14,148,1.013672,-0.003418,0.036133,100,100,8,UNCALIBRATED_SENSOR_2,false,CALIBRATION_MISSING,CALIBRATION_MISSING,kx134_single_node_i2c.0.1.0,kx134.v3
kx134.v3,NODE_PROTOTYPE,2,KX134_SENSOR_2,sensor_node_2,D4:E9:F4:C3:37:14,185478,1855260914,0,0,NA,0,4145,-24,148,1.011963,-0.005859,0.036133,100,100,8,UNCALIBRATED_SENSOR_2,false,CALIBRATION_MISSING,CALIBRATION_MISSING,kx134_single_node_i2c.0.1.0,kx134.v3
kx134.v3,NODE_PROTOTYPE,2,KX134_SENSOR_2,sensor_node_2,D4:E9:F4:C3:37:14,185479,1855270913,0,0,NA,0,4110,-56,130,1.003418,-0.013672,0.031738,100,100,8,UNCALIBRATED_SENSOR_2,false,CALIBRATION_MISSING,CALIBRATION_MISSING,kx134_single_node_i2c.0.1.0,kx134.v3
kx134.v3,NODE_PROTOTYPE,2,KX134_SENSOR_2,sensor_node_2,D4:E9:F4:C3:37:14,185480,1855280914,0,0,NA,0,4071,-96,109,0.993896,-0.023437,0.026611,100,100,8,UNCALIBRATED_SENSOR_2,false,CALIBRATION_MISSING,CALIBRATION_MISSING,kx134_single_node_i2c.0.1.0,kx134.v3
kx134.v3,NODE_PROTOTYPE,2,KX134_SENSOR_2,sensor_node_2,D4:E9:F4:C3:37:14,185481,1855290913,0,0,NA,0,4079,-100,89,0.995850,-0.024414,0.021729,100,100,8,UNCALIBRATED_SENSOR_2,false,CALIBRATION_MISSING,CALIBRATION_MISSING,kx134_single_node_i2c.0.1.0,kx134.v3
kx134.v3,NODE_PROTOTYPE,2,KX134_SENSOR_2,sensor_node_2,D4:E9:F4:C3:37:14,185482,1855300914,0,0,NA,0,4097,-79,85,1.000244,-0.019287,0.020752,100,100,8,UNCALIBRATED_SENSOR_2,false,CALIBRATION_MISSING,CALIBRATION_MISSING,kx134_single_node_i2c.0.1.0,kx134.v3
kx134.v3,NODE_PROTOTYPE,2,KX134_SENSOR_2,sensor_node_2,D4:E9:F4:C3:37:14,185483,1855310913,0,0,NA,0,4084,-58,58,0.997070,-0.014160,0.014160,100,100,8,UNCALIBRATED_SENSOR_2,false,CALIBRATION_MISSING,CALIBRATION_MISSING,kx134_single_node_i2c.0.1.0,kx134.v3
kx134.v3,NODE_PROTOTYPE,2,KX134_SENSOR_2,sensor_node_2,D4:E9:F4:C3:37:14,185484,1855320913,0,0,NA,0,4085,-40,61,0.997314,-0.009766,0.014893,100,100,8,UNCALIBRATED_SENSOR_2,false,CALIBRATION_MISSING,CALIBRATION_MISSING,kx134_single_node_i2c.0.1.0,kx134.v3
kx134.v3,NODE_PROTOTYPE,2,KX134_SENSOR_2,sensor_node_2,D4:E9:F4:C3:37:14,185485,1855330914,0,0,NA,0,4082,-43,102,0.996582,-0.010498,0.024902,100,100,8,UNCALIBRATED_SENSOR_2,false,CALIBRATION_MISSING,CALIBRATION_MISSING,kx134_single_node_i2c.0.1.0,kx134.v3
kx134.v3,NODE_PROTOTYPE,2,KX134_SENSOR_2,sensor_node_2,D4:E9:F4:C3:37:14,185486,1855340914,0,0,NA,0,4042,-108,113,0.986816,-0.026367,0.027588,100,100,8,UNCALIBRATED_SENSOR_2,false,CALIBRATION_MISSING,CALIBRATION_MISSING,kx134_single_node_i2c.0.1.0,kx134.v3
kx134.v3,NODE_PROTOTYPE,2,KX134_SENSOR_2,sensor_node_2,D4:E9:F4:C3:37:14,185487,1855350914,0,0,NA,0,4037,-131,146,0.985596,-0.031982,0.035645,100,100,8,UNCALIBRATED_SENSOR_2,false,CALIBRATION_MISSING,CALIBRATION_MISSING,kx134_single_node_i2c.0.1.0,kx134.v3
kx134.v3,NODE_PROTOTYPE,2,KX134_SENSOR_2,sensor_node_2,D4:E9:F4:C3:37:14,185488,1855360914,0,0,NA,0,4095,-72,152,0.999756,-0.017578,0.037109,100,100,8,UNCALIBRATED_SENSOR_2,false,CALIBRATION_MISSING,CALIBRATION_MISSING,kx134_single_node_i2c.0.1.0,kx134.v3
kx134.v3,NODE_PROTOTYPE,2,KX134_SENSOR_2,sensor_node_2,D4:E9:F4:C3:37:14,185489,1855370914,0,0,NA,0,4088,-40,128,0.998047,-0.009766,0.031250,100,100,8,UNCALIBRATED_SENSOR_2,false,CALIBRATION_MISSING,CALIBRATION_MISSING,kx134_single_node_i2c.0.1.0,kx134.v3
kx134.v3,NODE_PROTOTYPE,2,KX134_SENSOR_2,sensor_node_2,D4:E9:F4:C3:37:14,185490,1855380914,0,0,NA,0,4081,-19,125,0.996338,-0.004639,0.030518,100,100,8,UNCALIBRATED_SENSOR_2,false,CALIBRATION_MISSING,CALIBRATION_MISSING,kx134_single_node_i2c.0.1.0,kx134.v3
kx134.v3,NODE_PROTOTYPE,2,KX134_SENSOR_2,sensor_node_2,D4:E9:F4:C3:37:14,185491,1855390913,0,0,NA,0,4129,-25,138,1.008057,-0.006104,0.033691,100,100,8,UNCALIBRATED_SENSOR_2,false,CALIBRATION_MISSING,CALIBRATION_MISSING,kx134_single_node_i2c.0.1.0,kx134.v3
kx134.v3,NODE_PROTOTYPE,2,KX134_SENSOR_2,sensor_node_2,D4:E9:F4:C3:37:14,185492,1855400913,0,0,NA,0,4160,-45,153,1.015625,-0.010986,0.037354,100,100,8,UNCALIBRATED_SENSOR_2,false,CALIBRATION_MISSING,CALIBRATION_MISSING,kx134_single_node_i2c.0.1.0,kx134.v3
kx134.v3,NODE_PROTOTYPE,2,KX134_SENSOR_2,sensor_node_2,D4:E9:F4:C3:37:14,185493,1855410913,0,0,NA,0,4159,-43,143,1.015381,-0.010498,0.034912,100,100,8,UNCALIBRATED_SENSOR_2,false,CALIBRATION_MISSING,CALIBRATION_MISSING,kx134_single_node_i2c.0.1.0,kx134.v3
kx134.v3,NODE_PROTOTYPE,2,KX134_SENSOR_2,sensor_node_2,D4:E9:F4:C3:37:14,185494,1855420913,0,0,NA,0,4164,-37,130,1.016602,-0.009033,0.031738,100,100,8,UNCALIBRATED_SENSOR_2,false,CALIBRATION_MISSING,CALIBRATION_MISSING,kx134_single_node_i2c.0.1.0,kx134.v3
kx134.v3,NODE_PROTOTYPE,2,KX134_SENSOR_2,sensor_node_2,D4:E9:F4:C3:37:14,185495,1855430913,0,0,NA,0,4152,-36,140,1.013672,-0.008789,0.034180,100,100,8,UNCALIBRATED_SENSOR_2,false,CALIBRATION_MISSING,CALIBRATION_MISSING,kx134_single_node_i2c.0.1.0,kx134.v3
kx134.v3,NODE_PROTOTYPE,2,KX134_SENSOR_2,sensor_node_2,D4:E9:F4:C3:37:14,185496,1855440913,0,0,NA,0,4123,-29,139,1.006592,-0.007080,0.033936,100,100,8,UNCALIBRATED_SENSOR_2,false,CALIBRATION_MISSING,CALIBRATION_MISSING,kx134_single_node_i2c.0.1.0,kx134.v3
kx134.v3,NODE_PROTOTYPE,2,KX134_SENSOR_2,sensor_node_2,D4:E9:F4:C3:37:14,185497,1855450913,0,0,NA,0,4122,-35,126,1.006348,-0.008545,0.030762,100,100,8,UNCALIBRATED_SENSOR_2,false,CALIBRATION_MISSING,CALIBRATION_MISSING,kx134_single_node_i2c.0.1.0,kx134.v3
kx134.v3,NODE_PROTOTYPE,2,KX134_SENSOR_2,sensor_node_2,D4:E9:F4:C3:37:14,185498,1855460913,0,0,NA,0,4099,-56,129,1.000732,-0.013672,0.031494,100,100,8,UNCALIBRATED_SENSOR_2,false,CALIBRATION_MISSING,CALIBRATION_MISSING,kx134_single_node_i2c.0.1.0,kx134.v3
kx134.v3,NODE_PROTOTYPE,2,KX134_SENSOR_2,sensor_node_2,D4:E9:F4:C3:37:14,185499,1855470913,0,0,NA,0,4079,-57,124,0.995850,-0.013916,0.030273,100,100,8,UNCALIBRATED_SENSOR_2,false,CALIBRATION_MISSING,CALIBRATION_MISSING,kx134_single_node_i2c.0.1.0,kx134.v3
kx134.v3,NODE_PROTOTYPE,2,KX134_SENSOR_2,sensor_node_2,D4:E9:F4:C3:37:14,185500,1855480913,0,0,NA,0,4080,-44,116,0.996094,-0.010742,0.028320,100,100,8,UNCALIBRATED_SENSOR_2,false,CALIBRATION_MISSING,CALIBRATION_MISSING,kx134_single_node_i2c.0.1.0,kx134.v3
kx134.v3,NODE_PROTOTYPE,2,KX134_SENSOR_2,sensor_node_2,D4:E9:F4:C3:37:14,185501,1855490913,0,0,NA,0,4065,-24,117,0.992432,-0.005859,0.028564,100,100,8,UNCALIBRATED_SENSOR_2,false,CALIBRATION_MISSING,CALIBRATION_MISSING,kx134_single_node_i2c.0.1.0,kx134.v3
kx134.v3,NODE_PROTOTYPE,2,KX134_SENSOR_2,sensor_node_2,D4:E9:F4:C3:37:14,185502,1855500913,0,0,NA,0,4073,11,125,0.994385,0.002686,0.030518,100,100,8,UNCALIBRATED_SENSOR_2,false,CALIBRATION_MISSING,CALIBRATION_MISSING,kx134_single_node_i2c.0.1.0,kx134.v3
kx134.v3,NODE_PROTOTYPE,2,KX134_SENSOR_2,sensor_node_2,D4:E9:F4:C3:37:14,185503,1855510913,0,0,NA,0,4088,5,138,0.998047,0.001221,0.033691,100,100,8,UNCALIBRATED_SENSOR_2,false,CALIBRATION_MISSING,CALIBRATION_MISSING,kx134_single_node_i2c.0.1.0,kx134.v3
kx134.v3,NODE_PROTOTYPE,2,KX134_SENSOR_2,sensor_node_2,D4:E9:F4:C3:37:14,185504,1855520913,0,0,NA,0,4112,-44,142,1.003906,-0.010742,0.034668,100,100,8,UNCALIBRATED_SENSOR_2,false,CALIBRATION_MISSING,CALIBRATION_MISSING,kx134_single_node_i2c.0.1.0,kx134.v3
kx134.v3,NODE_PROTOTYPE,2,KX134_SENSOR_2,sensor_node_2,D4:E9:F4:C3:37:14,185505,1855530914,0,0,NA,0,4127,-48,138,1.007568,-0.011719,0.033691,100,100,8,UNCALIBRATED_SENSOR_2,false,CALIBRATION_MISSING,CALIBRATION_MISSING,kx134_single_node_i2c.0.1.0,kx134.v3
kx134.v3,NODE_PROTOTYPE,2,KX134_SENSOR_2,sensor_node_2,D4:E9:F4:C3:37:14,185506,1855540914,0,0,NA,0,4122,-50,169,1.006348,-0.012207,0.041260,100,100,8,UNCALIBRATED_SENSOR_2,false,CALIBRATION_MISSING,CALIBRATION_MISSING,kx134_single_node_i2c.0.1.0,kx134.v3
kx134.v3,NODE_PROTOTYPE,2,KX134_SENSOR_2,sensor_node_2,D4:E9:F4:C3:37:14,185507,1855550914,0,0,NA,0,4125,-57,174,1.007080,-0.013916,0.042480,100,100,8,UNCALIBRATED_SENSOR_2,false,CALIBRATION_MISSING,CALIBRATION_MISSING,kx134_single_node_i2c.0.1.0,kx134.v3
kx134.v3,NODE_PROTOTYPE,2,KX134_SENSOR_2,sensor_node_2,D4:E9:F4:C3:37:14,185508,1855560914,0,0,NA,0,4130,-47,147,1.008301,-0.011475,0.035889,100,100,8,UNCALIBRATED_SENSOR_2,false,CALIBRATION_MISSING,CALIBRATION_MISSING,kx134_single_node_i2c.0.1.0,kx134.v3
kx134.v3,NODE_PROTOTYPE,2,KX134_SENSOR_2,sensor_node_2,D4:E9:F4:C3:37:14,185509,1855570913,0,0,NA,0,4138,-72,136,1.010254,-0.017578,0.033203,100,100,8,UNCALIBRATED_SENSOR_2,false,CALIBRATION_MISSING,CALIBRATION_MISSING,kx134_single_node_i2c.0.1.0,kx134.v3
kx134.v3,NODE_PROTOTYPE,2,KX134_SENSOR_2,sensor_node_2,D4:E9:F4:C3:37:14,185510,1855580913,0,0,NA,0,4107,-64,121,1.002686,-0.015625,0.029541,100,100,8,UNCALIBRATED_SENSOR_2,false,CALIBRATION_MISSING,CALIBRATION_MISSING,kx134_single_node_i2c.0.1.0,kx134.v3
kx134.v3,NODE_PROTOTYPE,2,KX134_SENSOR_2,sensor_node_2,D4:E9:F4:C3:37:14,185511,1855590914,0,0,NA,0,4106,-13,107,1.002441,-0.003174,0.026123,100,100,8,UNCALIBRATED_SENSOR_2,false,CALIBRATION_MISSING,CALIBRATION_MISSING,kx134_single_node_i2c.0.1.0,kx134.v3
kx134.v3,NODE_PROTOTYPE,2,KX134_SENSOR_2,sensor_node_2,D4:E9:F4:C3:37:14,185512,1855600913,0,0,NA,0,4095,-2,93,0.999756,-0.000488,0.022705,100,100,8,UNCALIBRATED_SENSOR_2,false,CALIBRATION_MISSING,CALIBRATION_MISSING,kx134_single_node_i2c.0.1.0,kx134.v3
kx134.v3,NODE_PROTOTYPE,2,KX134_SENSOR_2,sensor_node_2,D4:E9:F4:C3:37:14,185513,1855610914,0,0,NA,0,4057,-12,108,0.990479,-0.002930,0.026367,100,100,8,UNCALIBRATED_SENSOR_2,false,CALIBRATION_MISSING,CALIBRATION_MISSING,kx134_single_node_i2c.0.1.0,kx134.v3
kx134.v3,NODE_PROTOTYPE,2,KX134_SENSOR_2,sensor_node_2,D4:E9:F4:C3:37:14,185514,1855620913,0,0,NA,0,4056,-24,109,0.990234,-0.005859,0.026611,100,100,8,UNCALIBRATED_SENSOR_2,false,CALIBRATION_MISSING,CALIBRATION_MISSING,kx134_single_node_i2c.0.1.0,kx134.v3
kx134.v3,NODE_PROTOTYPE,2,KX134_SENSOR_2,sensor_node_2,D4:E9:F4:C3:37:14,185515,1855630913,0,0,NA,0,4093,-44,127,0.999268,-0.010742,0.031006,100,100,8,UNCALIBRATED_SENSOR_2,false,CALIBRATION_MISSING,CALIBRATION_MISSING,kx134_single_node_i2c.0.1.0,kx134.v3
kx134.v3,NODE_PROTOTYPE,2,KX134_SENSOR_2,sensor_node_2,D4:E9:F4:C3:37:14,185516,1855640913,0,0,NA,0,4116,-78,170,1.004883,-0.019043,0.041504,100,100,8,UNCALIBRATED_SENSOR_2,false,CALIBRATION_MISSING,CALIBRATION_MISSING,kx134_single_node_i2c.0.1.0,kx134.v3
kx134.v3,NODE_PROTOTYPE,2,KX134_SENSOR_2,sensor_node_2,D4:E9:F4:C3:37:14,185517,1855650914,0,0,NA,0,4106,-83,163,1.002441,-0.020264,0.039795,100,100,8,UNCALIBRATED_SENSOR_2,false,CALIBRATION_MISSING,CALIBRATION_MISSING,kx134_single_node_i2c.0.1.0,kx134.v3
kx134.v3,NODE_PROTOTYPE,2,KX134_SENSOR_2,sensor_node_2,D4:E9:F4:C3:37:14,185518,1855660914,0,0,NA,0,4104,-54,140,1.001953,-0.013184,0.034180,100,100,8,UNCALIBRATED_SENSOR_2,false,CALIBRATION_MISSING,CALIBRATION_MISSING,kx134_single_node_i2c.0.1.0,kx134.v3
kx134.v3,NODE_PROTOTYPE,2,KX134_SENSOR_2,sensor_node_2,D4:E9:F4:C3:37:14,185519,1855670914,0,0,NA,0,4080,-32,119,0.996094,-0.007813,0.029053,100,100,8,UNCALIBRATED_SENSOR_2,false,CALIBRATION_MISSING,CALIBRATION_MISSING,kx134_single_node_i2c.0.1.0,kx134.v3
kx134.v3,NODE_PROTOTYPE,2,KX134_SENSOR_2,sensor_node_2,D4:E9:F4:C3:37:14,185520,1855680914,0,0,NA,0,4079,-31,97,0.995850,-0.007568,0.023682,100,100,8,UNCALIBRATED_SENSOR_2,false,CALIBRATION_MISSING,CALIBRATION_MISSING,kx134_single_node_i2c.0.1.0,kx134.v3
kx134.v3,NODE_PROTOTYPE,2,KX134_SENSOR_2,sensor_node_2,D4:E9:F4:C3:37:14,185521,1855690914,0,0,NA,0,4090,-65,117,0.998535,-0.015869,0.028564,100,100,8,UNCALIBRATED_SENSOR_2,false,CALIBRATION_MISSING,CALIBRATION_MISSING,kx134_single_node_i2c.0.1.0,kx134.v3
kx134.v3,NODE_PROTOTYPE,2,KX134_SENSOR_2,sensor_node_2,D4:E9:F4:C3:37:14,185522,1855700914,0,0,NA,0,4115,-90,131,1.004639,-0.021973,0.031982,100,100,8,UNCALIBRATED_SENSOR_2,false,CALIBRATION_MISSING,CALIBRATION_MISSING,kx134_single_node_i2c.0.1.0,kx134.v3
kx134.v3,NODE_PROTOTYPE,2,KX134_SENSOR_2,sensor_node_2,D4:E9:F4:C3:37:14,185523,1855710913,0,0,NA,0,4119,-91,133,1.005615,-0.022217,0.032471,100,100,8,UNCALIBRATED_SENSOR_2,false,CALIBRATION_MISSING,CALIBRATION_MISSING,kx134_single_node_i2c.0.1.0,kx134.v3
kx134.v3,NODE_PROTOTYPE,2,KX134_SENSOR_2,sensor_node_2,D4:E9:F4:C3:37:14,185524,1855720913,0,0,NA,0,4087,-60,140,0.997803,-0.014648,0.034180,100,100,8,UNCALIBRATED_SENSOR_2,false,CALIBRATION_MISSING,CALIBRATION_MISSING,kx134_single_node_i2c.0.1.0,kx134.v3
kx134.v3,NODE_PROTOTYPE,2,KX134_SENSOR_2,sensor_node_2,D4:E9:F4:C3:37:14,185525,1855730914,0,0,NA,0,4041,-29,119,0.986572,-0.007080,0.029053,100,100,8,UNCALIBRATED_SENSOR_2,false,CALIBRATION_MISSING,CALIBRATION_MISSING,kx134_single_node_i2c.0.1.0,kx134.v3
kx134.v3,NODE_PROTOTYPE,2,KX134_SENSOR_2,sensor_node_2,D4:E9:F4:C3:37:14,185526,1855740914,0,0,NA,0,4010,-29,117,0.979004,-0.007080,0.028564,100,100,8,UNCALIBRATED_SENSOR_2,false,CALIBRATION_MISSING,CALIBRATION_MISSING,kx134_single_node_i2c.0.1.0,kx134.v3
kx134.v3,NODE_PROTOTYPE,2,KX134_SENSOR_2,sensor_node_2,D4:E9:F4:C3:37:14,185527,1855750913,0,0,NA,0,4026,-22,138,0.982910,-0.005371,0.033691,100,100,8,UNCALIBRATED_SENSOR_2,false,CALIBRATION_MISSING,CALIBRATION_MISSING,kx134_single_node_i2c.0.1.0,kx134.v3
kx134.v3,NODE_PROTOTYPE,2,KX134_SENSOR_2,sensor_node_2,D4:E9:F4:C3:37:14,185528,1855760914,0,0,NA,0,4058,-6,133,0.990723,-0.001465,0.032471,100,100,8,UNCALIBRATED_SENSOR_2,false,CALIBRATION_MISSING,CALIBRATION_MISSING,kx134_single_node_i2c.0.1.0,kx134.v3
kx134.v3,NODE_PROTOTYPE,2,KX134_SENSOR_2,sensor_node_2,D4:E9:F4:C3:37:14,185529,1855770913,0,0,NA,0,4058,-45,114,0.990723,-0.010986,0.027832,100,100,8,UNCALIBRATED_SENSOR_2,false,CALIBRATION_MISSING,CALIBRATION_MISSING,kx134_single_node_i2c.0.1.0,kx134.v3
kx134.v3,NODE_PROTOTYPE,2,KX134_SENSOR_2,sensor_node_2,D4:E9:F4:C3:37:14,185530,1855780913,0,0,NA,0,4042,-73,109,0.986816,-0.017822,0.026611,100,100,8,UNCALIBRATED_SENSOR_2,false,CALIBRATION_MISSING,CALIBRATION_MISSING,kx134_single_node_i2c.0.1.0,kx134.v3
kx134.v3,NODE_PROTOTYPE,2,KX134_SENSOR_2,sensor_node_2,D4:E9:F4:C3:37:14,185531,1855790913,0,0,NA,0,4090,-54,138,0.998535,-0.013184,0.033691,100,100,8,UNCALIBRATED_SENSOR_2,false,CALIBRATION_MISSING,CALIBRATION_MISSING,kx134_single_node_i2c.0.1.0,kx134.v3
kx134.v3,NODE_PROTOTYPE,2,KX134_SENSOR_2,sensor_node_2,D4:E9:F4:C3:37:14,185532,1855800914,0,0,NA,0,4112,-44,141,1.003906,-0.010742,0.034424,100,100,8,UNCALIBRATED_SENSOR_2,false,CALIBRATION_MISSING,CALIBRATION_MISSING,kx134_single_node_i2c.0.1.0,kx134.v3
kx134.v3,NODE_PROTOTYPE,2,KX134_SENSOR_2,sensor_node_2,D4:E9:F4:C3:37:14,185533,1855810913,0,0,NA,0,4073,-50,131,0.994385,-0.012207,0.031982,100,100,8,UNCALIBRATED_SENSOR_2,false,CALIBRATION_MISSING,CALIBRATION_MISSING,kx134_single_node_i2c.0.1.0,kx134.v3
kx134.v3,NODE_PROTOTYPE,2,KX134_SENSOR_2,sensor_node_2,D4:E9:F4:C3:37:14,185534,1855820913,0,0,NA,0,4063,-42,126,0.991943,-0.010254,0.030762,100,100,8,UNCALIBRATED_SENSOR_2,false,CALIBRATION_MISSING,CALIBRATION_MISSING,kx134_single_node_i2c.0.1.0,kx134.v3
kx134.v3,NODE_PROTOTYPE,2,KX134_SENSOR_2,sensor_node_2,D4:E9:F4:C3:37:14,185535,1855830913,0,0,NA,0,4096,-26,111,1.000000,-0.006348,0.027100,100,100,8,UNCALIBRATED_SENSOR_2,false,CALIBRATION_MISSING,CALIBRATION_MISSING,kx134_single_node_i2c.0.1.0,kx134.v3
kx134.v3,NODE_PROTOTYPE,2,KX134_SENSOR_2,sensor_node_2,D4:E9:F4:C3:37:14,185536,1855840913,0,0,NA,0,4106,-36,146,1.002441,-0.008789,0.035645,100,100,8,UNCALIBRATED_SENSOR_2,false,CALIBRATION_MISSING,CALIBRATION_MISSING,kx134_single_node_i2c.0.1.0,kx134.v3
kx134.v3,NODE_PROTOTYPE,2,KX134_SENSOR_2,sensor_node_2,D4:E9:F4:C3:37:14,185537,1855850914,0,0,NA,0,4074,-47,147,0.994629,-0.011475,0.035889,100,100,8,UNCALIBRATED_SENSOR_2,false,CALIBRATION_MISSING,CALIBRATION_MISSING,kx134_single_node_i2c.0.1.0,kx134.v3
kx134.v3,NODE_PROTOTYPE,2,KX134_SENSOR_2,sensor_node_2,D4:E9:F4:C3:37:14,185538,1855860914,0,0,NA,0,4062,-47,133,0.991699,-0.011475,0.032471,100,100,8,UNCALIBRATED_SENSOR_2,false,CALIBRATION_MISSING,CALIBRATION_MISSING,kx134_single_node_i2c.0.1.0,kx134.v3
kx134.v3,NODE_PROTOTYPE,2,KX134_SENSOR_2,sensor_node_2,D4:E9:F4:C3:37:14,185539,1855870913,0,0,NA,0,4079,-24,160,0.995850,-0.005859,0.039063,100,100,8,UNCALIBRATED_SENSOR_2,false,CALIBRATION_MISSING,CALIBRATION_MISSING,kx134_single_node_i2c.0.1.0,kx134.v3
kx134.v3,NODE_PROTOTYPE,2,KX134_SENSOR_2,sensor_node_2,D4:E9:F4:C3:37:14,185540,1855880913,0,0,NA,0,4112,-18,196,1.003906,-0.004395,0.047852,100,100,8,UNCALIBRATED_SENSOR_2,false,CALIBRATION_MISSING,CALIBRATION_MISSING,kx134_single_node_i2c.0.1.0,kx134.v3
kx134.v3,NODE_PROTOTYPE,2,KX134_SENSOR_2,sensor_node_2,D4:E9:F4:C3:37:14,185541,1855890913,0,0,NA,0,4128,-31,186,1.007813,-0.007568,0.045410,100,100,8,UNCALIBRATED_SENSOR_2,false,CALIBRATION_MISSING,CALIBRATION_MISSING,kx134_single_node_i2c.0.1.0,kx134.v3
kx134.v3,NODE_PROTOTYPE,2,KX134_SENSOR_2,sensor_node_2,D4:E9:F4:C3:37:14,185542,1855900914,0,0,NA,0,4134,-32,135,1.009277,-0.007813,0.032959,100,100,8,UNCALIBRATED_SENSOR_2,false,CALIBRATION_MISSING,CALIBRATION_MISSING,kx134_single_node_i2c.0.1.0,kx134.v3
kx134.v3,NODE_PROTOTYPE,2,KX134_SENSOR_2,sensor_node_2,D4:E9:F4:C3:37:14,185543,1855910913,0,0,NA,0,4143,-21,113,1.011475,-0.005127,0.027588,100,100,8,UNCALIBRATED_SENSOR_2,false,CALIBRATION_MISSING,CALIBRATION_MISSING,kx134_single_node_i2c.0.1.0,kx134.v3
kx134.v3,NODE_PROTOTYPE,2,KX134_SENSOR_2,sensor_node_2,D4:E9:F4:C3:37:14,185544,1855920913,0,0,NA,0,4113,-43,149,1.004150,-0.010498,0.036377,100,100,8,UNCALIBRATED_SENSOR_2,false,CALIBRATION_MISSING,CALIBRATION_MISSING,kx134_single_node_i2c.0.1.0,kx134.v3
kx134.v3,NODE_PROTOTYPE,2,KX134_SENSOR_2,sensor_node_2,D4:E9:F4:C3:37:14,185545,1855930914,0,0,NA,0,4068,-51,164,0.993164,-0.012451,0.040039,100,100,8,UNCALIBRATED_SENSOR_2,false,CALIBRATION_MISSING,CALIBRATION_MISSING,kx134_single_node_i2c.0.1.0,kx134.v3
kx134.v3,NODE_PROTOTYPE,2,KX134_SENSOR_2,sensor_node_2,D4:E9:F4:C3:37:14,185546,1855940914,0,0,NA,0,4078,-36,151,0.995605,-0.008789,0.036865,100,100,8,UNCALIBRATED_SENSOR_2,false,CALIBRATION_MISSING,CALIBRATION_MISSING,kx134_single_node_i2c.0.1.0,kx134.v3
kx134.v3,NODE_PROTOTYPE,2,KX134_SENSOR_2,sensor_node_2,D4:E9:F4:C3:37:14,185547,1855950913,0,0,NA,0,4106,-80,165,1.002441,-0.019531,0.040283,100,100,8,UNCALIBRATED_SENSOR_2,false,CALIBRATION_MISSING,CALIBRATION_MISSING,kx134_single_node_i2c.0.1.0,kx134.v3
kx134.v3,NODE_PROTOTYPE,2,KX134_SENSOR_2,sensor_node_2,D4:E9:F4:C3:37:14,185548,1855960913,0,0,NA,0,4107,-77,159,1.002686,-0.018799,0.038818,100,100,8,UNCALIBRATED_SENSOR_2,false,CALIBRATION_MISSING,CALIBRATION_MISSING,kx134_single_node_i2c.0.1.0,kx134.v3
kx134.v3,NODE_PROTOTYPE,2,KX134_SENSOR_2,sensor_node_2,D4:E9:F4:C3:37:14,185549,1855970913,0,0,NA,0,4088,-66,143,0.998047,-0.016113,0.034912,100,100,8,UNCALIBRATED_SENSOR_2,false,CALIBRATION_MISSING,CALIBRATION_MISSING,kx134_single_node_i2c.0.1.0,kx134.v3
kx134.v3,NODE_PROTOTYPE,2,KX134_SENSOR_2,sensor_node_2,D4:E9:F4:C3:37:14,185550,1855980913,0,0,NA,0,4084,-80,142,0.997070,-0.019531,0.034668,100,100,8,UNCALIBRATED_SENSOR_2,false,CALIBRATION_MISSING,CALIBRATION_MISSING,kx134_single_node_i2c.0.1.0,kx134.v3
kx134.v3,NODE_PROTOTYPE,2,KX134_SENSOR_2,sensor_node_2,D4:E9:F4:C3:37:14,185551,1855990913,0,0,NA,0,4094,-51,140,0.999512,-0.012451,0.034180,100,100,8,UNCALIBRATED_SENSOR_2,false,CALIBRATION_MISSING,CALIBRATION_MISSING,kx134_single_node_i2c.0.1.0,kx134.v3
kx134.v3,NODE_PROTOTYPE,2,KX134_SENSOR_2,sensor_node_2,D4:E9:F4:C3:37:14,185552,1856000913,0,0,NA,0,4113,-50,112,1.004150,-0.012207,0.027344,100,100,8,UNCALIBRATED_SENSOR_2,false,CALIBRATION_MISSING,CALIBRATION_MISSING,kx134_single_node_i2c.0.1.0,kx134.v3
kx134.v3,NODE_PROTOTYPE,2,KX134_SENSOR_2,sensor_node_2,D4:E9:F4:C3:37:14,185553,1856010914,0,0,NA,0,4094,-51,80,0.999512,-0.012451,0.019531,100,100,8,UNCALIBRATED_SENSOR_2,false,CALIBRATION_MISSING,CALIBRATION_MISSING,kx134_single_node_i2c.0.1.0,kx134.v3
kx134.v3,NODE_PROTOTYPE,2,KX134_SENSOR_2,sensor_node_2,D4:E9:F4:C3:37:14,185554,1856020913,0,0,NA,0,4049,-26,99,0.988525,-0.006348,0.024170,100,100,8,UNCALIBRATED_SENSOR_2,false,CALIBRATION_MISSING,CALIBRATION_MISSING,kx134_single_node_i2c.0.1.0,kx134.v3
kx134.v3,NODE_PROTOTYPE,2,KX134_SENSOR_2,sensor_node_2,D4:E9:F4:C3:37:14,185555,1856030913,0,0,NA,0,4038,-43,129,0.985840,-0.010498,0.031494,100,100,8,UNCALIBRATED_SENSOR_2,false,CALIBRATION_MISSING,CALIBRATION_MISSING,kx134_single_node_i2c.0.1.0,kx134.v3
kx134.v3,NODE_PROTOTYPE,2,KX134_SENSOR_2,sensor_node_2,D4:E9:F4:C3:37:14,185556,1856040914,0,0,NA,0,4056,-78,153,0.990234,-0.019043,0.037354,100,100,8,UNCALIBRATED_SENSOR_2,false,CALIBRATION_MISSING,CALIBRATION_MISSING,kx134_single_node_i2c.0.1.0,kx134.v3
kx134.v3,NODE_PROTOTYPE,2,KX134_SENSOR_2,sensor_node_2,D4:E9:F4:C3:37:14,185557,1856050913,0,0,NA,0,4078,-99,171,0.995605,-0.024170,0.041748,100,100,8,UNCALIBRATED_SENSOR_2,false,CALIBRATION_MISSING,CALIBRATION_MISSING,kx134_single_node_i2c.0.1.0,kx134.v3
kx134.v3,NODE_PROTOTYPE,2,KX134_SENSOR_2,sensor_node_2,D4:E9:F4:C3:37:14,185558,1856060913,0,0,NA,0,4057,-79,143,0.990479,-0.019287,0.034912,100,100,8,UNCALIBRATED_SENSOR_2,false,CALIBRATION_MISSING,CALIBRATION_MISSING,kx134_single_node_i2c.0.1.0,kx134.v3
kx134.v3,NODE_PROTOTYPE,2,KX134_SENSOR_2,sensor_node_2,D4:E9:F4:C3:37:14,185559,1856070914,0,0,NA,0,4065,-39,137,0.992432,-0.009521,0.033447,100,100,8,UNCALIBRATED_SENSOR_2,false,CALIBRATION_MISSING,CALIBRATION_MISSING,kx134_single_node_i2c.0.1.0,kx134.v3
kx134.v3,NODE_PROTOTYPE,2,KX134_SENSOR_2,sensor_node_2,D4:E9:F4:C3:37:14,185560,1856080913,0,0,NA,0,4109,-27,171,1.003174,-0.006592,0.041748,100,100,8,UNCALIBRATED_SENSOR_2,false,CALIBRATION_MISSING,CALIBRATION_MISSING,kx134_single_node_i2c.0.1.0,kx134.v3
kx134.v3,NODE_PROTOTYPE,2,KX134_SENSOR_2,sensor_node_2,D4:E9:F4:C3:37:14,185561,1856090913,0,0,NA,0,4119,-15,156,1.005615,-0.003662,0.038086,100,100,8,UNCALIBRATED_SENSOR_2,false,CALIBRATION_MISSING,CALIBRATION_MISSING,kx134_single_node_i2c.0.1.0,kx134.v3
kx134.v3,NODE_PROTOTYPE,2,KX134_SENSOR_2,sensor_node_2,D4:E9:F4:C3:37:14,185562,1856100914,0,0,NA,0,4100,-6,116,1.000977,-0.001465,0.028320,100,100,8,UNCALIBRATED_SENSOR_2,false,CALIBRATION_MISSING,CALIBRATION_MISSING,kx134_single_node_i2c.0.1.0,kx134.v3
kx134.v3,NODE_PROTOTYPE,2,KX134_SENSOR_2,sensor_node_2,D4:E9:F4:C3:37:14,185563,1856110913,0,0,NA,0,4089,0,103,0.998291,0.000000,0.025146,100,100,8,UNCALIBRATED_SENSOR_2,false,CALIBRATION_MISSING,CALIBRATION_MISSING,kx134_single_node_i2c.0.1.0,kx134.v3
kx134.v3,NODE_PROTOTYPE,2,KX134_SENSOR_2,sensor_node_2,D4:E9:F4:C3:37:14,185564,1856120913,0,0,NA,0,4097,5,114,1.000244,0.001221,0.027832,100,100,8,UNCALIBRATED_SENSOR_2,false,CALIBRATION_MISSING,CALIBRATION_MISSING,kx134_single_node_i2c.0.1.0,kx134.v3
kx134.v3,NODE_PROTOTYPE,2,KX134_SENSOR_2,sensor_node_2,D4:E9:F4:C3:37:14,185565,1856130913,0,0,NA,0,4103,-14,118,1.001709,-0.003418,0.028809,100,100,8,UNCALIBRATED_SENSOR_2,false,CALIBRATION_MISSING,CALIBRATION_MISSING,kx134_single_node_i2c.0.1.0,kx134.v3
kx134.v3,NODE_PROTOTYPE,2,KX134_SENSOR_2,sensor_node_2,D4:E9:F4:C3:37:14,185566,1856140914,0,0,NA,0,4114,-49,129,1.004395,-0.011963,0.031494,100,100,8,UNCALIBRATED_SENSOR_2,false,CALIBRATION_MISSING,CALIBRATION_MISSING,kx134_single_node_i2c.0.1.0,kx134.v3
kx134.v3,NODE_PROTOTYPE,2,KX134_SENSOR_2,sensor_node_2,D4:E9:F4:C3:37:14,185567,1856150913,0,0,NA,0,4114,-73,147,1.004395,-0.017822,0.035889,100,100,8,UNCALIBRATED_SENSOR_2,false,CALIBRATION_MISSING,CALIBRATION_MISSING,kx134_single_node_i2c.0.1.0,kx134.v3
kx134.v3,NODE_PROTOTYPE,2,KX134_SENSOR_2,sensor_node_2,D4:E9:F4:C3:37:14,185568,1856160913,0,0,NA,0,4100,-70,136,1.000977,-0.017090,0.033203,100,100,8,UNCALIBRATED_SENSOR_2,false,CALIBRATION_MISSING,CALIBRATION_MISSING,kx134_single_node_i2c.0.1.0,kx134.v3
kx134.v3,NODE_PROTOTYPE,2,KX134_SENSOR_2,sensor_node_2,D4:E9:F4:C3:37:14,185569,1856170913,0,0,NA,0,4100,-48,129,1.000977,-0.011719,0.031494,100,100,8,UNCALIBRATED_SENSOR_2,false,CALIBRATION_MISSING,CALIBRATION_MISSING,kx134_single_node_i2c.0.1.0,kx134.v3
kx134.v3,NODE_PROTOTYPE,2,KX134_SENSOR_2,sensor_node_2,D4:E9:F4:C3:37:14,185570,1856180913,0,0,NA,0,4106,-37,117,1.002441,-0.009033,0.028564,100,100,8,UNCALIBRATED_SENSOR_2,false,CALIBRATION_MISSING,CALIBRATION_MISSING,kx134_single_node_i2c.0.1.0,kx134.v3
kx134.v3,NODE_PROTOTYPE,2,KX134_SENSOR_2,sensor_node_2,D4:E9:F4:C3:37:14,185571,1856190913,0,0,NA,0,4109,-43,100,1.003174,-0.010498,0.024414,100,100,8,UNCALIBRATED_SENSOR_2,false,CALIBRATION_MISSING,CALIBRATION_MISSING,kx134_single_node_i2c.0.1.0,kx134.v3
kx134.v3,NODE_PROTOTYPE,2,KX134_SENSOR_2,sensor_node_2,D4:E9:F4:C3:37:14,185572,1856200913,0,0,NA,0,4108,-61,103,1.002930,-0.014893,0.025146,100,100,8,UNCALIBRATED_SENSOR_2,false,CALIBRATION_MISSING,CALIBRATION_MISSING,kx134_single_node_i2c.0.1.0,kx134.v3
kx134.v3,NODE_PROTOTYPE,2,KX134_SENSOR_2,sensor_node_2,D4:E9:F4:C3:37:14,185573,1856210914,0,0,NA,0,4117,-67,120,1.005127,-0.016357,0.029297,100,100,8,UNCALIBRATED_SENSOR_2,false,CALIBRATION_MISSING,CALIBRATION_MISSING,kx134_single_node_i2c.0.1.0,kx134.v3
kx134.v3,NODE_PROTOTYPE,2,KX134_SENSOR_2,sensor_node_2,D4:E9:F4:C3:37:14,185574,1856220913,0,0,NA,0,4116,-54,123,1.004883,-0.013184,0.030029,100,100,8,UNCALIBRATED_SENSOR_2,false,CALIBRATION_MISSING,CALIBRATION_MISSING,kx134_single_node_i2c.0.1.0,kx134.v3
kx134.v3,NODE_PROTOTYPE,2,KX134_SENSOR_2,sensor_node_2,D4:E9:F4:C3:37:14,185575,1856230914,0,0,NA,0,4118,-53,129,1.005371,-0.012939,0.031494,100,100,8,UNCALIBRATED_SENSOR_2,false,CALIBRATION_MISSING,CALIBRATION_MISSING,kx134_single_node_i2c.0.1.0,kx134.v3
kx134.v3,NODE_PROTOTYPE,2,KX134_SENSOR_2,sensor_node_2,D4:E9:F4:C3:37:14,185576,1856240913,0,0,NA,0,4109,-28,144,1.003174,-0.006836,0.035156,100,100,8,UNCALIBRATED_SENSOR_2,false,CALIBRATION_MISSING,CALIBRATION_MISSING,kx134_single_node_i2c.0.1.0,kx134.v3
kx134.v3,NODE_PROTOTYPE,2,KX134_SENSOR_2,sensor_node_2,D4:E9:F4:C3:37:14,185577,1856250913,0,0,NA,0,4078,7,165,0.995605,0.001709,0.040283,100,100,8,UNCALIBRATED_SENSOR_2,false,CALIBRATION_MISSING,CALIBRATION_MISSING,kx134_single_node_i2c.0.1.0,kx134.v3
kx134.v3,NODE_PROTOTYPE,2,KX134_SENSOR_2,sensor_node_2,D4:E9:F4:C3:37:14,185578,1856260913,0,0,NA,0,4069,12,162,0.993408,0.002930,0.039551,100,100,8,UNCALIBRATED_SENSOR_2,false,CALIBRATION_MISSING,CALIBRATION_MISSING,kx134_single_node_i2c.0.1.0,kx134.v3
kx134.v3,NODE_PROTOTYPE,2,KX134_SENSOR_2,sensor_node_2,D4:E9:F4:C3:37:14,185579,1856270913,0,0,NA,0,4085,5,149,0.997314,0.001221,0.036377,100,100,8,UNCALIBRATED_SENSOR_2,false,CALIBRATION_MISSING,CALIBRATION_MISSING,kx134_single_node_i2c.0.1.0,kx134.v3
kx134.v3,NODE_PROTOTYPE,2,KX134_SENSOR_2,sensor_node_2,D4:E9:F4:C3:37:14,185580,1856280914,0,0,NA,0,4096,-16,143,1.000000,-0.003906,0.034912,100,100,8,UNCALIBRATED_SENSOR_2,false,CALIBRATION_MISSING,CALIBRATION_MISSING,kx134_single_node_i2c.0.1.0,kx134.v3
kx134.v3,NODE_PROTOTYPE,2,KX134_SENSOR_2,sensor_node_2,D4:E9:F4:C3:37:14,185581,1856290913,0,0,NA,0,4084,-37,129,0.997070,-0.009033,0.031494,100,100,8,UNCALIBRATED_SENSOR_2,false,CALIBRATION_MISSING,CALIBRATION_MISSING,kx134_single_node_i2c.0.1.0,kx134.v3
kx134.v3,NODE_PROTOTYPE,2,KX134_SENSOR_2,sensor_node_2,D4:E9:F4:C3:37:14,185582,1856300914,0,0,NA,0,4080,-40,127,0.996094,-0.009766,0.031006,100,100,8,UNCALIBRATED_SENSOR_2,false,CALIBRATION_MISSING,CALIBRATION_MISSING,kx134_single_node_i2c.0.1.0,kx134.v3
kx134.v3,NODE_PROTOTYPE,2,KX134_SENSOR_2,sensor_node_2,D4:E9:F4:C3:37:14,185583,1856310913,0,0,NA,0,4094,-24,134,0.999512,-0.005859,0.032715,100,100,8,UNCALIBRATED_SENSOR_2,false,CALIBRATION_MISSING,CALIBRATION_MISSING,kx134_single_node_i2c.0.1.0,kx134.v3
kx134.v3,NODE_PROTOTYPE,2,KX134_SENSOR_2,sensor_node_2,D4:E9:F4:C3:37:14,185584,1856320913,0,0,NA,0,4111,-42,168,1.003662,-0.010254,0.041016,100,100,8,UNCALIBRATED_SENSOR_2,false,CALIBRATION_MISSING,CALIBRATION_MISSING,kx134_single_node_i2c.0.1.0,kx134.v3
kx134.v3,NODE_PROTOTYPE,2,KX134_SENSOR_2,sensor_node_2,D4:E9:F4:C3:37:14,185585,1856330913,0,0,NA,0,4124,-63,186,1.006836,-0.015381,0.045410,100,100,8,UNCALIBRATED_SENSOR_2,false,CALIBRATION_MISSING,CALIBRATION_MISSING,kx134_single_node_i2c.0.1.0,kx134.v3
kx134.v3,NODE_PROTOTYPE,2,KX134_SENSOR_2,sensor_node_2,D4:E9:F4:C3:37:14,185586,1856340913,0,0,NA,0,4128,-57,168,1.007813,-0.013916,0.041016,100,100,8,UNCALIBRATED_SENSOR_2,false,CALIBRATION_MISSING,CALIBRATION_MISSING,kx134_single_node_i2c.0.1.0,kx134.v3
kx134.v3,NODE_PROTOTYPE,2,KX134_SENSOR_2,sensor_node_2,D4:E9:F4:C3:37:14,185587,1856350913,0,0,NA,0,4118,-47,143,1.005371,-0.011475,0.034912,100,100,8,UNCALIBRATED_SENSOR_2,false,CALIBRATION_MISSING,CALIBRATION_MISSING,kx134_single_node_i2c.0.1.0,kx134.v3
kx134.v3,NODE_PROTOTYPE,2,KX134_SENSOR_2,sensor_node_2,D4:E9:F4:C3:37:14,185588,1856360914,0,0,NA,0,4108,-31,117,1.002930,-0.007568,0.028564,100,100,8,UNCALIBRATED_SENSOR_2,false,CALIBRATION_MISSING,CALIBRATION_MISSING,kx134_single_node_i2c.0.1.0,kx134.v3
kx134.v3,NODE_PROTOTYPE,2,KX134_SENSOR_2,sensor_node_2,D4:E9:F4:C3:37:14,185589,1856370913,0,0,NA,0,4110,-37,113,1.003418,-0.009033,0.027588,100,100,8,UNCALIBRATED_SENSOR_2,false,CALIBRATION_MISSING,CALIBRATION_MISSING,kx134_single_node_i2c.0.1.0,kx134.v3
kx134.v3,NODE_PROTOTYPE,2,KX134_SENSOR_2,sensor_node_2,D4:E9:F4:C3:37:14,185590,1856380914,0,0,NA,0,4115,-42,130,1.004639,-0.010254,0.031738,100,100,8,UNCALIBRATED_SENSOR_2,false,CALIBRATION_MISSING,CALIBRATION_MISSING,kx134_single_node_i2c.0.1.0,kx134.v3
kx134.v3,NODE_PROTOTYPE,2,KX134_SENSOR_2,sensor_node_2,D4:E9:F4:C3:37:14,185591,1856390913,0,0,NA,0,4116,-34,152,1.004883,-0.008301,0.037109,100,100,8,UNCALIBRATED_SENSOR_2,false,CALIBRATION_MISSING,CALIBRATION_MISSING,kx134_single_node_i2c.0.1.0,kx134.v3
kx134.v3,NODE_PROTOTYPE,2,KX134_SENSOR_2,sensor_node_2,D4:E9:F4:C3:37:14,185592,1856400914,0,0,NA,0,4097,-34,148,1.000244,-0.008301,0.036133,100,100,8,UNCALIBRATED_SENSOR_2,false,CALIBRATION_MISSING,CALIBRATION_MISSING,kx134_single_node_i2c.0.1.0,kx134.v3
kx134.v3,NODE_PROTOTYPE,2,KX134_SENSOR_2,sensor_node_2,D4:E9:F4:C3:37:14,185593,1856410913,0,0,NA,0,4071,-65,73,0.993896,-0.015869,0.017822,100,100,8,UNCALIBRATED_SENSOR_2,false,CALIBRATION_MISSING,CALIBRATION_MISSING,kx134_single_node_i2c.0.1.0,kx134.v3
kx134.v3,NODE_PROTOTYPE,2,KX134_SENSOR_2,sensor_node_2,D4:E9:F4:C3:37:14,185594,1856420913,0,0,NA,0,4064,8,50,0.992187,0.001953,0.012207,100,100,8,UNCALIBRATED_SENSOR_2,false,CALIBRATION_MISSING,CALIBRATION_MISSING,kx134_single_node_i2c.0.1.0,kx134.v3
kx134.v3,NODE_PROTOTYPE,2,KX134_SENSOR_2,sensor_node_2,D4:E9:F4:C3:37:14,185595,1856430913,0,0,NA,0,4077,82,80,0.995361,0.020020,0.019531,100,100,8,UNCALIBRATED_SENSOR_2,false,CALIBRATION_MISSING,CALIBRATION_MISSING,kx134_single_node_i2c.0.1.0,kx134.v3
kx134.v3,NODE_PROTOTYPE,2,KX134_SENSOR_2,sensor_node_2,D4:E9:F4:C3:37:14,185596,1856440913,0,0,NA,0,4055,114,63,0.989990,0.027832,0.015381,100,100,8,UNCALIBRATED_SENSOR_2,false,CALIBRATION_MISSING,CALIBRATION_MISSING,kx134_single_node_i2c.0.1.0,kx134.v3
kx134.v3,NODE_PROTOTYPE,2,KX134_SENSOR_2,sensor_node_2,D4:E9:F4:C3:37:14,185597,1856450913,0,0,NA,0,4055,114,63,0.989990,0.027832,0.015381,100,100,8,UNCALIBRATED_SENSOR_2,false,CALIBRATION_MISSING,CALIBRATION_MISSING,kx134_single_node_i2c.0.1.0,kx134.v3
kx134.v3,NODE_PROTOTYPE,2,KX134_SENSOR_2,sensor_node_2,D4:E9:F4:C3:37:14,185598,1856460913,0,0,NA,0,4056,51,5,0.990234,0.012451,0.001221,100,100,8,UNCALIBRATED_SENSOR_2,false,CALIBRATION_MISSING,CALIBRATION_MISSING,kx134_single_node_i2c.0.1.0,kx134.v3
kx134.v3,NODE_PROTOTYPE,2,KX134_SENSOR_2,sensor_node_2,D4:E9:F4:C3:37:14,185599,1856470913,0,0,NA,0,4150,-164,12,1.013184,-0.040039,0.002930,100,100,8,UNCALIBRATED_SENSOR_2,false,CALIBRATION_MISSING,CALIBRATION_MISSING,kx134_single_node_i2c.0.1.0,kx134.v3
kx134.v3,NODE_PROTOTYPE,2,KX134_SENSOR_2,sensor_node_2,D4:E9:F4:C3:37:14,185600,1856480913,0,0,NA,0,4320,-150,82,1.054688,-0.036621,0.020020,100,100,8,UNCALIBRATED_SENSOR_2,false,CALIBRATION_MISSING,CALIBRATION_MISSING,kx134_single_node_i2c.0.1.0,kx134.v3
kx134.v3,NODE_PROTOTYPE,2,KX134_SENSOR_2,sensor_node_2,D4:E9:F4:C3:37:14,185601,1856490913,0,0,NA,0,4384,-55,36,1.070313,-0.013428,0.008789,100,100,8,UNCALIBRATED_SENSOR_2,false,CALIBRATION_MISSING,CALIBRATION_MISSING,kx134_single_node_i2c.0.1.0,kx134.v3
kx134.v3,NODE_PROTOTYPE,2,KX134_SENSOR_2,sensor_node_2,D4:E9:F4:C3:37:14,185602,1856500913,0,0,NA,0,4325,-46,-153,1.055908,-0.011230,-0.037354,100,100,8,UNCALIBRATED_SENSOR_2,false,CALIBRATION_MISSING,CALIBRATION_MISSING,kx134_single_node_i2c.0.1.0,kx134.v3
kx134.v3,NODE_PROTOTYPE,2,KX134_SENSOR_2,sensor_node_2,D4:E9:F4:C3:37:14,185603,1856510914,0,0,NA,0,4304,-18,-236,1.050781,-0.004395,-0.057617,100,100,8,UNCALIBRATED_SENSOR_2,false,CALIBRATION_MISSING,CALIBRATION_MISSING,kx134_single_node_i2c.0.1.0,kx134.v3
kx134.v3,NODE_PROTOTYPE,2,KX134_SENSOR_2,sensor_node_2,D4:E9:F4:C3:37:14,185604,1856520914,0,0,NA,0,4177,-66,-168,1.019775,-0.016113,-0.041016,100,100,8,UNCALIBRATED_SENSOR_2,false,CALIBRATION_MISSING,CALIBRATION_MISSING,kx134_single_node_i2c.0.1.0,kx134.v3
kx134.v3,NODE_PROTOTYPE,2,KX134_SENSOR_2,sensor_node_2,D4:E9:F4:C3:37:14,185605,1856530913,0,0,NA,0,4018,-55,-22,0.980957,-0.013428,-0.005371,100,100,8,UNCALIBRATED_SENSOR_2,false,CALIBRATION_MISSING,CALIBRATION_MISSING,kx134_single_node_i2c.0.1.0,kx134.v3
kx134.v3,NODE_PROTOTYPE,2,KX134_SENSOR_2,sensor_node_2,D4:E9:F4:C3:37:14,185606,1856540913,0,0,NA,0,4051,49,42,0.989014,0.011963,0.010254,100,100,8,UNCALIBRATED_SENSOR_2,false,CALIBRATION_MISSING,CALIBRATION_MISSING,kx134_single_node_i2c.0.1.0,kx134.v3
kx134.v3,NODE_PROTOTYPE,2,KX134_SENSOR_2,sensor_node_2,D4:E9:F4:C3:37:14,185607,1856550913,0,0,NA,0,4150,100,45,1.013184,0.024414,0.010986,100,100,8,UNCALIBRATED_SENSOR_2,false,CALIBRATION_MISSING,CALIBRATION_MISSING,kx134_single_node_i2c.0.1.0,kx134.v3
kx134.v3,NODE_PROTOTYPE,2,KX134_SENSOR_2,sensor_node_2,D4:E9:F4:C3:37:14,185608,1856560914,0,0,NA,0,4132,82,121,1.008789,0.020020,0.029541,100,100,8,UNCALIBRATED_SENSOR_2,false,CALIBRATION_MISSING,CALIBRATION_MISSING,kx134_single_node_i2c.0.1.0,kx134.v3
kx134.v3,NODE_PROTOTYPE,2,KX134_SENSOR_2,sensor_node_2,D4:E9:F4:C3:37:14,185609,1856570914,0,0,NA,0,4115,38,134,1.004639,0.009277,0.032715,100,100,8,UNCALIBRATED_SENSOR_2,false,CALIBRATION_MISSING,CALIBRATION_MISSING,kx134_single_node_i2c.0.1.0,kx134.v3
kx134.v3,NODE_PROTOTYPE,2,KX134_SENSOR_2,sensor_node_2,D4:E9:F4:C3:37:14,185610,1856580913,0,0,NA,0,4117,-9,112,1.005127,-0.002197,0.027344,100,100,8,UNCALIBRATED_SENSOR_2,false,CALIBRATION_MISSING,CALIBRATION_MISSING,kx134_single_node_i2c.0.1.0,kx134.v3
kx134.v3,NODE_PROTOTYPE,2,KX134_SENSOR_2,sensor_node_2,D4:E9:F4:C3:37:14,185611,1856590914,0,0,NA,0,4074,-58,71,0.994629,-0.014160,0.017334,100,100,8,UNCALIBRATED_SENSOR_2,false,CALIBRATION_MISSING,CALIBRATION_MISSING,kx134_single_node_i2c.0.1.0,kx134.v3
kx134.v3,NODE_PROTOTYPE,2,KX134_SENSOR_2,sensor_node_2,D4:E9:F4:C3:37:14,185612,1856600913,0,0,NA,0,4072,-65,62,0.994141,-0.015869,0.015137,100,100,8,UNCALIBRATED_SENSOR_2,false,CALIBRATION_MISSING,CALIBRATION_MISSING,kx134_single_node_i2c.0.1.0,kx134.v3
kx134.v3,NODE_PROTOTYPE,2,KX134_SENSOR_2,sensor_node_2,D4:E9:F4:C3:37:14,185613,1856610913,0,0,NA,0,4069,-52,76,0.993408,-0.012695,0.018555,100,100,8,UNCALIBRATED_SENSOR_2,false,CALIBRATION_MISSING,CALIBRATION_MISSING,kx134_single_node_i2c.0.1.0,kx134.v3
kx134.v3,NODE_PROTOTYPE,2,KX134_SENSOR_2,sensor_node_2,D4:E9:F4:C3:37:14,185614,1856620913,0,0,NA,0,4043,-43,85,0.987061,-0.010498,0.020752,100,100,8,UNCALIBRATED_SENSOR_2,false,CALIBRATION_MISSING,CALIBRATION_MISSING,kx134_single_node_i2c.0.1.0,kx134.v3
kx134.v3,NODE_PROTOTYPE,2,KX134_SENSOR_2,sensor_node_2,D4:E9:F4:C3:37:14,185615,1856630914,0,0,NA,0,4046,-36,104,0.987793,-0.008789,0.025391,100,100,8,UNCALIBRATED_SENSOR_2,false,CALIBRATION_MISSING,CALIBRATION_MISSING,kx134_single_node_i2c.0.1.0,kx134.v3
kx134.v3,NODE_PROTOTYPE,2,KX134_SENSOR_2,sensor_node_2,D4:E9:F4:C3:37:14,185616,1856640914,0,0,NA,0,4060,-29,105,0.991211,-0.007080,0.025635,100,100,8,UNCALIBRATED_SENSOR_2,false,CALIBRATION_MISSING,CALIBRATION_MISSING,kx134_single_node_i2c.0.1.0,kx134.v3
kx134.v3,NODE_PROTOTYPE,2,KX134_SENSOR_2,sensor_node_2,D4:E9:F4:C3:37:14,185617,1856650913,0,0,NA,0,4096,-43,91,1.000000,-0.010498,0.022217,100,100,8,UNCALIBRATED_SENSOR_2,false,CALIBRATION_MISSING,CALIBRATION_MISSING,kx134_single_node_i2c.0.1.0,kx134.v3
kx134.v3,NODE_PROTOTYPE,2,KX134_SENSOR_2,sensor_node_2,D4:E9:F4:C3:37:14,185618,1856660914,0,0,NA,0,4125,-69,117,1.007080,-0.016846,0.028564,100,100,8,UNCALIBRATED_SENSOR_2,false,CALIBRATION_MISSING,CALIBRATION_MISSING,kx134_single_node_i2c.0.1.0,kx134.v3
kx134.v3,NODE_PROTOTYPE,2,KX134_SENSOR_2,sensor_node_2,D4:E9:F4:C3:37:14,185619,1856670913,0,0,NA,0,4113,-55,149,1.004150,-0.013428,0.036377,100,100,8,UNCALIBRATED_SENSOR_2,false,CALIBRATION_MISSING,CALIBRATION_MISSING,kx134_single_node_i2c.0.1.0,kx134.v3
kx134.v3,NODE_PROTOTYPE,2,KX134_SENSOR_2,sensor_node_2,D4:E9:F4:C3:37:14,185620,1856680913,0,0,NA,0,4129,-58,156,1.008057,-0.014160,0.038086,100,100,8,UNCALIBRATED_SENSOR_2,false,CALIBRATION_MISSING,CALIBRATION_MISSING,kx134_single_node_i2c.0.1.0,kx134.v3
kx134.v3,NODE_PROTOTYPE,2,KX134_SENSOR_2,sensor_node_2,D4:E9:F4:C3:37:14,185621,1856690913,0,0,NA,0,4144,-74,155,1.011719,-0.018066,0.037842,100,100,8,UNCALIBRATED_SENSOR_2,false,CALIBRATION_MISSING,CALIBRATION_MISSING,kx134_single_node_i2c.0.1.0,kx134.v3
kx134.v3,NODE_PROTOTYPE,2,KX134_SENSOR_2,sensor_node_2,D4:E9:F4:C3:37:14,185622,1856700913,0,0,NA,0,4111,-81,119,1.003662,-0.019775,0.029053,100,100,8,UNCALIBRATED_SENSOR_2,false,CALIBRATION_MISSING,CALIBRATION_MISSING,kx134_single_node_i2c.0.1.0,kx134.v3
kx134.v3,NODE_PROTOTYPE,2,KX134_SENSOR_2,sensor_node_2,D4:E9:F4:C3:37:14,185623,1856710913,0,0,NA,0,4103,-93,61,1.001709,-0.022705,0.014893,100,100,8,UNCALIBRATED_SENSOR_2,false,CALIBRATION_MISSING,CALIBRATION_MISSING,kx134_single_node_i2c.0.1.0,kx134.v3
kx134.v3,NODE_PROTOTYPE,2,KX134_SENSOR_2,sensor_node_2,D4:E9:F4:C3:37:14,185624,1856720913,0,0,NA,0,4115,-70,52,1.004639,-0.017090,0.012695,100,100,8,UNCALIBRATED_SENSOR_2,false,CALIBRATION_MISSING,CALIBRATION_MISSING,kx134_single_node_i2c.0.1.0,kx134.v3
kx134.v3,NODE_PROTOTYPE,2,KX134_SENSOR_2,sensor_node_2,D4:E9:F4:C3:37:14,185625,1856730913,0,0,NA,0,4140,-35,103,1.010742,-0.008545,0.025146,100,100,8,UNCALIBRATED_SENSOR_2,false,CALIBRATION_MISSING,CALIBRATION_MISSING,kx134_single_node_i2c.0.1.0,kx134.v3
kx134.v3,NODE_PROTOTYPE,2,KX134_SENSOR_2,sensor_node_2,D4:E9:F4:C3:37:14,185626,1856740914,0,0,NA,0,4153,-11,112,1.013916,-0.002686,0.027344,100,100,8,UNCALIBRATED_SENSOR_2,false,CALIBRATION_MISSING,CALIBRATION_MISSING,kx134_single_node_i2c.0.1.0,kx134.v3
kx134.v3,NODE_PROTOTYPE,2,KX134_SENSOR_2,sensor_node_2,D4:E9:F4:C3:37:14,185627,1856750913,0,0,NA,0,4111,5,94,1.003662,0.001221,0.022949,100,100,8,UNCALIBRATED_SENSOR_2,false,CALIBRATION_MISSING,CALIBRATION_MISSING,kx134_single_node_i2c.0.1.0,kx134.v3
kx134.v3,NODE_PROTOTYPE,2,KX134_SENSOR_2,sensor_node_2,D4:E9:F4:C3:37:14,185628,1856760913,0,0,NA,0,4073,20,113,0.994385,0.004883,0.027588,100,100,8,UNCALIBRATED_SENSOR_2,false,CALIBRATION_MISSING,CALIBRATION_MISSING,kx134_single_node_i2c.0.1.0,kx134.v3
kx134.v3,NODE_PROTOTYPE,2,KX134_SENSOR_2,sensor_node_2,D4:E9:F4:C3:37:14,185629,1856770913,0,0,NA,0,4060,25,117,0.991211,0.006104,0.028564,100,100,8,UNCALIBRATED_SENSOR_2,false,CALIBRATION_MISSING,CALIBRATION_MISSING,kx134_single_node_i2c.0.1.0,kx134.v3
kx134.v3,NODE_PROTOTYPE,2,KX134_SENSOR_2,sensor_node_2,D4:E9:F4:C3:37:14,185630,1856780913,0,0,NA,0,4062,-19,115,0.991699,-0.004639,0.028076,100,100,8,UNCALIBRATED_SENSOR_2,false,CALIBRATION_MISSING,CALIBRATION_MISSING,kx134_single_node_i2c.0.1.0,kx134.v3
kx134.v3,NODE_PROTOTYPE,2,KX134_SENSOR_2,sensor_node_2,D4:E9:F4:C3:37:14,185631,1856790913,0,0,NA,0,4068,-39,140,0.993164,-0.009521,0.034180,100,100,8,UNCALIBRATED_SENSOR_2,false,CALIBRATION_MISSING,CALIBRATION_MISSING,kx134_single_node_i2c.0.1.0,kx134.v3
kx134.v3,NODE_PROTOTYPE,2,KX134_SENSOR_2,sensor_node_2,D4:E9:F4:C3:37:14,185632,1856800913,0,0,NA,0,4052,-17,128,0.989258,-0.004150,0.031250,100,100,8,UNCALIBRATED_SENSOR_2,false,CALIBRATION_MISSING,CALIBRATION_MISSING,kx134_single_node_i2c.0.1.0,kx134.v3
kx134.v3,NODE_PROTOTYPE,2,KX134_SENSOR_2,sensor_node_2,D4:E9:F4:C3:37:14,185633,1856810914,0,0,NA,0,4041,-12,87,0.986572,-0.002930,0.021240,100,100,8,UNCALIBRATED_SENSOR_2,false,CALIBRATION_MISSING,CALIBRATION_MISSING,kx134_single_node_i2c.0.1.0,kx134.v3
kx134.v3,NODE_PROTOTYPE,2,KX134_SENSOR_2,sensor_node_2,D4:E9:F4:C3:37:14,185634,1856820914,0,0,NA,0,4050,-15,93,0.988770,-0.003662,0.022705,100,100,8,UNCALIBRATED_SENSOR_2,false,CALIBRATION_MISSING,CALIBRATION_MISSING,kx134_single_node_i2c.0.1.0,kx134.v3
kx134.v3,NODE_PROTOTYPE,2,KX134_SENSOR_2,sensor_node_2,D4:E9:F4:C3:37:14,185635,1856830914,0,0,NA,0,4069,-29,117,0.993408,-0.007080,0.028564,100,100,8,UNCALIBRATED_SENSOR_2,false,CALIBRATION_MISSING,CALIBRATION_MISSING,kx134_single_node_i2c.0.1.0,kx134.v3
kx134.v3,NODE_PROTOTYPE,2,KX134_SENSOR_2,sensor_node_2,D4:E9:F4:C3:37:14,185636,1856840913,0,0,NA,0,4101,-25,117,1.001221,-0.006104,0.028564,100,100,8,UNCALIBRATED_SENSOR_2,false,CALIBRATION_MISSING,CALIBRATION_MISSING,kx134_single_node_i2c.0.1.0,kx134.v3
kx134.v3,NODE_PROTOTYPE,2,KX134_SENSOR_2,sensor_node_2,D4:E9:F4:C3:37:14,185637,1856850914,0,0,NA,0,4092,-15,98,0.999023,-0.003662,0.023926,100,100,8,UNCALIBRATED_SENSOR_2,false,CALIBRATION_MISSING,CALIBRATION_MISSING,kx134_single_node_i2c.0.1.0,kx134.v3
kx134.v3,NODE_PROTOTYPE,2,KX134_SENSOR_2,sensor_node_2,D4:E9:F4:C3:37:14,185638,1856860913,0,0,NA,0,4069,-3,101,0.993408,-0.000732,0.024658,100,100,8,UNCALIBRATED_SENSOR_2,false,CALIBRATION_MISSING,CALIBRATION_MISSING,kx134_single_node_i2c.0.1.0,kx134.v3
kx134.v3,NODE_PROTOTYPE,2,KX134_SENSOR_2,sensor_node_2,D4:E9:F4:C3:37:14,185639,1856870913,0,0,NA,0,4078,-5,115,0.995605,-0.001221,0.028076,100,100,8,UNCALIBRATED_SENSOR_2,false,CALIBRATION_MISSING,CALIBRATION_MISSING,kx134_single_node_i2c.0.1.0,kx134.v3
kx134.v3,NODE_PROTOTYPE,2,KX134_SENSOR_2,sensor_node_2,D4:E9:F4:C3:37:14,185640,1856880914,0,0,NA,0,4111,-27,117,1.003662,-0.006592,0.028564,100,100,8,UNCALIBRATED_SENSOR_2,false,CALIBRATION_MISSING,CALIBRATION_MISSING,kx134_single_node_i2c.0.1.0,kx134.v3
kx134.v3,NODE_PROTOTYPE,2,KX134_SENSOR_2,sensor_node_2,D4:E9:F4:C3:37:14,185641,1856890913,0,0,NA,0,4147,-69,135,1.012451,-0.016846,0.032959,100,100,8,UNCALIBRATED_SENSOR_2,false,CALIBRATION_MISSING,CALIBRATION_MISSING,kx134_single_node_i2c.0.1.0,kx134.v3
kx134.v3,NODE_PROTOTYPE,2,KX134_SENSOR_2,sensor_node_2,D4:E9:F4:C3:37:14,185642,1856900914,0,0,NA,0,4149,-87,131,1.012939,-0.021240,0.031982,100,100,8,UNCALIBRATED_SENSOR_2,false,CALIBRATION_MISSING,CALIBRATION_MISSING,kx134_single_node_i2c.0.1.0,kx134.v3
kx134.v3,NODE_PROTOTYPE,2,KX134_SENSOR_2,sensor_node_2,D4:E9:F4:C3:37:14,185643,1856910913,0,0,NA,0,4115,-56,106,1.004639,-0.013672,0.025879,100,100,8,UNCALIBRATED_SENSOR_2,false,CALIBRATION_MISSING,CALIBRATION_MISSING,kx134_single_node_i2c.0.1.0,kx134.v3
kx134.v3,NODE_PROTOTYPE,2,KX134_SENSOR_2,sensor_node_2,D4:E9:F4:C3:37:14,185644,1856920913,0,0,NA,0,4084,-39,104,0.997070,-0.009521,0.025391,100,100,8,UNCALIBRATED_SENSOR_2,false,CALIBRATION_MISSING,CALIBRATION_MISSING,kx134_single_node_i2c.0.1.0,kx134.v3
kx134.v3,NODE_PROTOTYPE,2,KX134_SENSOR_2,sensor_node_2,D4:E9:F4:C3:37:14,185645,1856930913,0,0,NA,0,4080,-29,122,0.996094,-0.007080,0.029785,100,100,8,UNCALIBRATED_SENSOR_2,false,CALIBRATION_MISSING,CALIBRATION_MISSING,kx134_single_node_i2c.0.1.0,kx134.v3
kx134.v3,NODE_PROTOTYPE,2,KX134_SENSOR_2,sensor_node_2,D4:E9:F4:C3:37:14,185646,1856940913,0,0,NA,0,4103,-23,151,1.001709,-0.005615,0.036865,100,100,8,UNCALIBRATED_SENSOR_2,false,CALIBRATION_MISSING,CALIBRATION_MISSING,kx134_single_node_i2c.0.1.0,kx134.v3
kx134.v3,NODE_PROTOTYPE,2,KX134_SENSOR_2,sensor_node_2,D4:E9:F4:C3:37:14,185647,1856950913,0,0,NA,0,4126,-32,153,1.007324,-0.007813,0.037354,100,100,8,UNCALIBRATED_SENSOR_2,false,CALIBRATION_MISSING,CALIBRATION_MISSING,kx134_single_node_i2c.0.1.0,kx134.v3
kx134.v3,NODE_PROTOTYPE,2,KX134_SENSOR_2,sensor_node_2,D4:E9:F4:C3:37:14,185648,1856960914,0,0,NA,0,4113,-22,134,1.004150,-0.005371,0.032715,100,100,8,UNCALIBRATED_SENSOR_2,false,CALIBRATION_MISSING,CALIBRATION_MISSING,kx134_single_node_i2c.0.1.0,kx134.v3
kx134.v3,NODE_PROTOTYPE,2,KX134_SENSOR_2,sensor_node_2,D4:E9:F4:C3:37:14,185649,1856970913,0,0,NA,0,4115,-15,134,1.004639,-0.003662,0.032715,100,100,8,UNCALIBRATED_SENSOR_2,false,CALIBRATION_MISSING,CALIBRATION_MISSING,kx134_single_node_i2c.0.1.0,kx134.v3
kx134.v3,NODE_PROTOTYPE,2,KX134_SENSOR_2,sensor_node_2,D4:E9:F4:C3:37:14,185650,1856980913,0,0,NA,0,4114,-53,138,1.004395,-0.012939,0.033691,100,100,8,UNCALIBRATED_SENSOR_2,false,CALIBRATION_MISSING,CALIBRATION_MISSING,kx134_single_node_i2c.0.1.0,kx134.v3
kx134.v3,NODE_PROTOTYPE,2,KX134_SENSOR_2,sensor_node_2,D4:E9:F4:C3:37:14,185651,1856990914,0,0,NA,0,4102,-78,124,1.001465,-0.019043,0.030273,100,100,8,UNCALIBRATED_SENSOR_2,false,CALIBRATION_MISSING,CALIBRATION_MISSING,kx134_single_node_i2c.0.1.0,kx134.v3
kx134.v3,NODE_PROTOTYPE,2,KX134_SENSOR_2,sensor_node_2,D4:E9:F4:C3:37:14,185652,1857000914,0,0,NA,0,4090,-70,113,0.998535,-0.017090,0.027588,100,100,8,UNCALIBRATED_SENSOR_2,false,CALIBRATION_MISSING,CALIBRATION_MISSING,kx134_single_node_i2c.0.1.0,kx134.v3
kx134.v3,NODE_PROTOTYPE,2,KX134_SENSOR_2,sensor_node_2,D4:E9:F4:C3:37:14,185653,1857010913,0,0,NA,0,4089,-41,85,0.998291,-0.010010,0.020752,100,100,8,UNCALIBRATED_SENSOR_2,false,CALIBRATION_MISSING,CALIBRATION_MISSING,kx134_single_node_i2c.0.1.0,kx134.v3
kx134.v3,NODE_PROTOTYPE,2,KX134_SENSOR_2,sensor_node_2,D4:E9:F4:C3:37:14,185654,1857020913,0,0,NA,0,4124,-12,63,1.006836,-0.002930,0.015381,100,100,8,UNCALIBRATED_SENSOR_2,false,CALIBRATION_MISSING,CALIBRATION_MISSING,kx134_single_node_i2c.0.1.0,kx134.v3
kx134.v3,NODE_PROTOTYPE,2,KX134_SENSOR_2,sensor_node_2,D4:E9:F4:C3:37:14,185655,1857030914,0,0,NA,0,4109,-29,82,1.003174,-0.007080,0.020020,100,100,8,UNCALIBRATED_SENSOR_2,false,CALIBRATION_MISSING,CALIBRATION_MISSING,kx134_single_node_i2c.0.1.0,kx134.v3
kx134.v3,NODE_PROTOTYPE,2,KX134_SENSOR_2,sensor_node_2,D4:E9:F4:C3:37:14,185656,1857040913,0,0,NA,0,4064,-49,109,0.992187,-0.011963,0.026611,100,100,8,UNCALIBRATED_SENSOR_2,false,CALIBRATION_MISSING,CALIBRATION_MISSING,kx134_single_node_i2c.0.1.0,kx134.v3
kx134.v3,NODE_PROTOTYPE,2,KX134_SENSOR_2,sensor_node_2,D4:E9:F4:C3:37:14,185657,1857050914,0,0,NA,0,4061,-49,105,0.991455,-0.011963,0.025635,100,100,8,UNCALIBRATED_SENSOR_2,false,CALIBRATION_MISSING,CALIBRATION_MISSING,kx134_single_node_i2c.0.1.0,kx134.v3
kx134.v3,NODE_PROTOTYPE,2,KX134_SENSOR_2,sensor_node_2,D4:E9:F4:C3:37:14,185658,1857060913,0,0,NA,0,4097,-46,113,1.000244,-0.011230,0.027588,100,100,8,UNCALIBRATED_SENSOR_2,false,CALIBRATION_MISSING,CALIBRATION_MISSING,kx134_single_node_i2c.0.1.0,kx134.v3
kx134.v3,NODE_PROTOTYPE,2,KX134_SENSOR_2,sensor_node_2,D4:E9:F4:C3:37:14,185659,1857070914,0,0,NA,0,4123,-46,129,1.006592,-0.011230,0.031494,100,100,8,UNCALIBRATED_SENSOR_2,false,CALIBRATION_MISSING,CALIBRATION_MISSING,kx134_single_node_i2c.0.1.0,kx134.v3
kx134.v3,NODE_PROTOTYPE,2,KX134_SENSOR_2,sensor_node_2,D4:E9:F4:C3:37:14,185660,1857080913,0,0,NA,0,4131,-25,113,1.008545,-0.006104,0.027588,100,100,8,UNCALIBRATED_SENSOR_2,false,CALIBRATION_MISSING,CALIBRATION_MISSING,kx134_single_node_i2c.0.1.0,kx134.v3
kx134.v3,NODE_PROTOTYPE,2,KX134_SENSOR_2,sensor_node_2,D4:E9:F4:C3:37:14,185661,1857090913,0,0,NA,0,4134,-8,120,1.009277,-0.001953,0.029297,100,100,8,UNCALIBRATED_SENSOR_2,false,CALIBRATION_MISSING,CALIBRATION_MISSING,kx134_single_node_i2c.0.1.0,kx134.v3
kx134.v3,NODE_PROTOTYPE,2,KX134_SENSOR_2,sensor_node_2,D4:E9:F4:C3:37:14,185662,1857100913,0,0,NA,0,4117,11,136,1.005127,0.002686,0.033203,100,100,8,UNCALIBRATED_SENSOR_2,false,CALIBRATION_MISSING,CALIBRATION_MISSING,kx134_single_node_i2c.0.1.0,kx134.v3
kx134.v3,NODE_PROTOTYPE,2,KX134_SENSOR_2,sensor_node_2,D4:E9:F4:C3:37:14,185663,1857110913,0,0,NA,0,4099,23,129,1.000732,0.005615,0.031494,100,100,8,UNCALIBRATED_SENSOR_2,false,CALIBRATION_MISSING,CALIBRATION_MISSING,kx134_single_node_i2c.0.1.0,kx134.v3
kx134.v3,NODE_PROTOTYPE,2,KX134_SENSOR_2,sensor_node_2,D4:E9:F4:C3:37:14,185664,1857120913,0,0,NA,0,4104,12,106,1.001953,0.002930,0.025879,100,100,8,UNCALIBRATED_SENSOR_2,false,CALIBRATION_MISSING,CALIBRATION_MISSING,kx134_single_node_i2c.0.1.0,kx134.v3
kx134.v3,NODE_PROTOTYPE,2,KX134_SENSOR_2,sensor_node_2,D4:E9:F4:C3:37:14,185665,1857130913,0,0,NA,0,4132,13,117,1.008789,0.003174,0.028564,100,100,8,UNCALIBRATED_SENSOR_2,false,CALIBRATION_MISSING,CALIBRATION_MISSING,kx134_single_node_i2c.0.1.0,kx134.v3
kx134.v3,NODE_PROTOTYPE,2,KX134_SENSOR_2,sensor_node_2,D4:E9:F4:C3:37:14,185666,1857140914,0,0,NA,0,4137,-33,143,1.010010,-0.008057,0.034912,100,100,8,UNCALIBRATED_SENSOR_2,false,CALIBRATION_MISSING,CALIBRATION_MISSING,kx134_single_node_i2c.0.1.0,kx134.v3
kx134.v3,NODE_PROTOTYPE,2,KX134_SENSOR_2,sensor_node_2,D4:E9:F4:C3:37:14,185667,1857150914,0,0,NA,0,4100,-42,152,1.000977,-0.010254,0.037109,100,100,8,UNCALIBRATED_SENSOR_2,false,CALIBRATION_MISSING,CALIBRATION_MISSING,kx134_single_node_i2c.0.1.0,kx134.v3
kx134.v3,NODE_PROTOTYPE,2,KX134_SENSOR_2,sensor_node_2,D4:E9:F4:C3:37:14,185668,1857160914,0,0,NA,0,4074,-3,172,0.994629,-0.000732,0.041992,100,100,8,UNCALIBRATED_SENSOR_2,false,CALIBRATION_MISSING,CALIBRATION_MISSING,kx134_single_node_i2c.0.1.0,kx134.v3
kx134.v3,NODE_PROTOTYPE,2,KX134_SENSOR_2,sensor_node_2,D4:E9:F4:C3:37:14,185669,1857170913,0,0,NA,0,4112,-9,199,1.003906,-0.002197,0.048584,100,100,8,UNCALIBRATED_SENSOR_2,false,CALIBRATION_MISSING,CALIBRATION_MISSING,kx134_single_node_i2c.0.1.0,kx134.v3
kx134.v3,NODE_PROTOTYPE,2,KX134_SENSOR_2,sensor_node_2,D4:E9:F4:C3:37:14,185670,1857180913,0,0,NA,0,4124,-47,192,1.006836,-0.011475,0.046875,100,100,8,UNCALIBRATED_SENSOR_2,false,CALIBRATION_MISSING,CALIBRATION_MISSING,kx134_single_node_i2c.0.1.0,kx134.v3
kx134.v3,NODE_PROTOTYPE,2,KX134_SENSOR_2,sensor_node_2,D4:E9:F4:C3:37:14,185671,1857190913,0,0,NA,0,4099,-59,163,1.000732,-0.014404,0.039795,100,100,8,UNCALIBRATED_SENSOR_2,false,CALIBRATION_MISSING,CALIBRATION_MISSING,kx134_single_node_i2c.0.1.0,kx134.v3
kx134.v3,NODE_PROTOTYPE,2,KX134_SENSOR_2,sensor_node_2,D4:E9:F4:C3:37:14,185672,1857200914,0,0,NA,0,4081,-27,118,0.996338,-0.006592,0.028809,100,100,8,UNCALIBRATED_SENSOR_2,false,CALIBRATION_MISSING,CALIBRATION_MISSING,kx134_single_node_i2c.0.1.0,kx134.v3
kx134.v3,NODE_PROTOTYPE,2,KX134_SENSOR_2,sensor_node_2,D4:E9:F4:C3:37:14,185673,1857210913,0,0,NA,0,4057,-3,81,0.990479,-0.000732,0.019775,100,100,8,UNCALIBRATED_SENSOR_2,false,CALIBRATION_MISSING,CALIBRATION_MISSING,kx134_single_node_i2c.0.1.0,kx134.v3
kx134.v3,NODE_PROTOTYPE,2,KX134_SENSOR_2,sensor_node_2,D4:E9:F4:C3:37:14,185674,1857220913,0,0,NA,0,4079,-6,91,0.995850,-0.001465,0.022217,100,100,8,UNCALIBRATED_SENSOR_2,false,CALIBRATION_MISSING,CALIBRATION_MISSING,kx134_single_node_i2c.0.1.0,kx134.v3
kx134.v3,NODE_PROTOTYPE,2,KX134_SENSOR_2,sensor_node_2,D4:E9:F4:C3:37:14,185675,1857230914,0,0,NA,0,4093,-18,105,0.999268,-0.004395,0.025635,100,100,8,UNCALIBRATED_SENSOR_2,false,CALIBRATION_MISSING,CALIBRATION_MISSING,kx134_single_node_i2c.0.1.0,kx134.v3
kx134.v3,NODE_PROTOTYPE,2,KX134_SENSOR_2,sensor_node_2,D4:E9:F4:C3:37:14,185676,1857240914,0,0,NA,0,4091,-45,120,0.998779,-0.010986,0.029297,100,100,8,UNCALIBRATED_SENSOR_2,false,CALIBRATION_MISSING,CALIBRATION_MISSING,kx134_single_node_i2c.0.1.0,kx134.v3
kx134.v3,NODE_PROTOTYPE,2,KX134_SENSOR_2,sensor_node_2,D4:E9:F4:C3:37:14,185677,1857250913,0,0,NA,0,4090,-47,134,0.998535,-0.011475,0.032715,100,100,8,UNCALIBRATED_SENSOR_2,false,CALIBRATION_MISSING,CALIBRATION_MISSING,kx134_single_node_i2c.0.1.0,kx134.v3
kx134.v3,NODE_PROTOTYPE,2,KX134_SENSOR_2,sensor_node_2,D4:E9:F4:C3:37:14,185678,1857260913,0,0,NA,0,4065,-26,110,0.992432,-0.006348,0.026855,100,100,8,UNCALIBRATED_SENSOR_2,false,CALIBRATION_MISSING,CALIBRATION_MISSING,kx134_single_node_i2c.0.1.0,kx134.v3
kx134.v3,NODE_PROTOTYPE,2,KX134_SENSOR_2,sensor_node_2,D4:E9:F4:C3:37:14,185679,1857270913,0,0,NA,0,4067,-14,57,0.992920,-0.003418,0.013916,100,100,8,UNCALIBRATED_SENSOR_2,false,CALIBRATION_MISSING,CALIBRATION_MISSING,kx134_single_node_i2c.0.1.0,kx134.v3
kx134.v3,NODE_PROTOTYPE,2,KX134_SENSOR_2,sensor_node_2,D4:E9:F4:C3:37:14,185680,1857280914,0,0,NA,0,4077,-28,46,0.995361,-0.006836,0.011230,100,100,8,UNCALIBRATED_SENSOR_2,false,CALIBRATION_MISSING,CALIBRATION_MISSING,kx134_single_node_i2c.0.1.0,kx134.v3
kx134.v3,NODE_PROTOTYPE,2,KX134_SENSOR_2,sensor_node_2,D4:E9:F4:C3:37:14,185681,1857290914,0,0,NA,0,4056,-51,73,0.990234,-0.012451,0.017822,100,100,8,UNCALIBRATED_SENSOR_2,false,CALIBRATION_MISSING,CALIBRATION_MISSING,kx134_single_node_i2c.0.1.0,kx134.v3
kx134.v3,NODE_PROTOTYPE,2,KX134_SENSOR_2,sensor_node_2,D4:E9:F4:C3:37:14,185682,1857300913,0,0,NA,0,4059,-38,95,0.990967,-0.009277,0.023193,100,100,8,UNCALIBRATED_SENSOR_2,false,CALIBRATION_MISSING,CALIBRATION_MISSING,kx134_single_node_i2c.0.1.0,kx134.v3
kx134.v3,NODE_PROTOTYPE,2,KX134_SENSOR_2,sensor_node_2,D4:E9:F4:C3:37:14,185683,1857310914,0,0,NA,0,4086,-41,112,0.997559,-0.010010,0.027344,100,100,8,UNCALIBRATED_SENSOR_2,false,CALIBRATION_MISSING,CALIBRATION_MISSING,kx134_single_node_i2c.0.1.0,kx134.v3
kx134.v3,NODE_PROTOTYPE,2,KX134_SENSOR_2,sensor_node_2,D4:E9:F4:C3:37:14,185684,1857320913,0,0,NA,0,4097,-41,121,1.000244,-0.010010,0.029541,100,100,8,UNCALIBRATED_SENSOR_2,false,CALIBRATION_MISSING,CALIBRATION_MISSING,kx134_single_node_i2c.0.1.0,kx134.v3
kx134.v3,NODE_PROTOTYPE,2,KX134_SENSOR_2,sensor_node_2,D4:E9:F4:C3:37:14,185685,1857330913,0,0,NA,0,4117,-24,134,1.005127,-0.005859,0.032715,100,100,8,UNCALIBRATED_SENSOR_2,false,CALIBRATION_MISSING,CALIBRATION_MISSING,kx134_single_node_i2c.0.1.0,kx134.v3
kx134.v3,NODE_PROTOTYPE,2,KX134_SENSOR_2,sensor_node_2,D4:E9:F4:C3:37:14,185686,1857340913,0,0,NA,0,4124,-36,147,1.006836,-0.008789,0.035889,100,100,8,UNCALIBRATED_SENSOR_2,false,CALIBRATION_MISSING,CALIBRATION_MISSING,kx134_single_node_i2c.0.1.0,kx134.v3
kx134.v3,NODE_PROTOTYPE,2,KX134_SENSOR_2,sensor_node_2,D4:E9:F4:C3:37:14,185687,1857350913,0,0,NA,0,4138,-58,163,1.010254,-0.014160,0.039795,100,100,8,UNCALIBRATED_SENSOR_2,false,CALIBRATION_MISSING,CALIBRATION_MISSING,kx134_single_node_i2c.0.1.0,kx134.v3
kx134.v3,NODE_PROTOTYPE,2,KX134_SENSOR_2,sensor_node_2,D4:E9:F4:C3:37:14,185688,1857360913,0,0,NA,0,4161,-58,186,1.015869,-0.014160,0.045410,100,100,8,UNCALIBRATED_SENSOR_2,false,CALIBRATION_MISSING,CALIBRATION_MISSING,kx134_single_node_i2c.0.1.0,kx134.v3
kx134.v3,NODE_PROTOTYPE,2,KX134_SENSOR_2,sensor_node_2,D4:E9:F4:C3:37:14,185689,1857370914,0,0,NA,0,4140,-44,164,1.010742,-0.010742,0.040039,100,100,8,UNCALIBRATED_SENSOR_2,false,CALIBRATION_MISSING,CALIBRATION_MISSING,kx134_single_node_i2c.0.1.0,kx134.v3
kx134.v3,NODE_PROTOTYPE,2,KX134_SENSOR_2,sensor_node_2,D4:E9:F4:C3:37:14,185690,1857380914,0,0,NA,0,4122,-29,156,1.006348,-0.007080,0.038086,100,100,8,UNCALIBRATED_SENSOR_2,false,CALIBRATION_MISSING,CALIBRATION_MISSING,kx134_single_node_i2c.0.1.0,kx134.v3
kx134.v3,NODE_PROTOTYPE,2,KX134_SENSOR_2,sensor_node_2,D4:E9:F4:C3:37:14,185691,1857390914,0,0,NA,0,4125,-21,168,1.007080,-0.005127,0.041016,100,100,8,UNCALIBRATED_SENSOR_2,false,CALIBRATION_MISSING,CALIBRATION_MISSING,kx134_single_node_i2c.0.1.0,kx134.v3
kx134.v3,NODE_PROTOTYPE,2,KX134_SENSOR_2,sensor_node_2,D4:E9:F4:C3:37:14,185692,1857400914,0,0,NA,0,4094,-32,152,0.999512,-0.007813,0.037109,100,100,8,UNCALIBRATED_SENSOR_2,false,CALIBRATION_MISSING,CALIBRATION_MISSING,kx134_single_node_i2c.0.1.0,kx134.v3
kx134.v3,NODE_PROTOTYPE,2,KX134_SENSOR_2,sensor_node_2,D4:E9:F4:C3:37:14,185693,1857410914,0,0,NA,0,4085,-46,132,0.997314,-0.011230,0.032227,100,100,8,UNCALIBRATED_SENSOR_2,false,CALIBRATION_MISSING,CALIBRATION_MISSING,kx134_single_node_i2c.0.1.0,kx134.v3
kx134.v3,NODE_PROTOTYPE,2,KX134_SENSOR_2,sensor_node_2,D4:E9:F4:C3:37:14,185694,1857420913,0,0,NA,0,4121,-26,151,1.006104,-0.006348,0.036865,100,100,8,UNCALIBRATED_SENSOR_2,false,CALIBRATION_MISSING,CALIBRATION_MISSING,kx134_single_node_i2c.0.1.0,kx134.v3
kx134.v3,NODE_PROTOTYPE,2,KX134_SENSOR_2,sensor_node_2,D4:E9:F4:C3:37:14,185695,1857430914,0,0,NA,0,4129,-28,189,1.008057,-0.006836,0.046143,100,100,8,UNCALIBRATED_SENSOR_2,false,CALIBRATION_MISSING,CALIBRATION_MISSING,kx134_single_node_i2c.0.1.0,kx134.v3
kx134.v3,NODE_PROTOTYPE,2,KX134_SENSOR_2,sensor_node_2,D4:E9:F4:C3:37:14,185696,1857440914,0,0,NA,0,4124,-39,181,1.006836,-0.009521,0.044189,100,100,8,UNCALIBRATED_SENSOR_2,false,CALIBRATION_MISSING,CALIBRATION_MISSING,kx134_single_node_i2c.0.1.0,kx134.v3
kx134.v3,NODE_PROTOTYPE,2,KX134_SENSOR_2,sensor_node_2,D4:E9:F4:C3:37:14,185697,1857450913,0,0,NA,0,4135,-18,184,1.009521,-0.004395,0.044922,100,100,8,UNCALIBRATED_SENSOR_2,false,CALIBRATION_MISSING,CALIBRATION_MISSING,kx134_single_node_i2c.0.1.0,kx134.v3
kx134.v3,NODE_PROTOTYPE,2,KX134_SENSOR_2,sensor_node_2,D4:E9:F4:C3:37:14,185698,1857460913,0,0,NA,0,4130,-34,188,1.008301,-0.008301,0.045898,100,100,8,UNCALIBRATED_SENSOR_2,false,CALIBRATION_MISSING,CALIBRATION_MISSING,kx134_single_node_i2c.0.1.0,kx134.v3
kx134.v3,NODE_PROTOTYPE,2,KX134_SENSOR_2,sensor_node_2,D4:E9:F4:C3:37:14,185699,1857470914,0,0,NA,0,4085,-33,135,0.997314,-0.008057,0.032959,100,100,8,UNCALIBRATED_SENSOR_2,false,CALIBRATION_MISSING,CALIBRATION_MISSING,kx134_single_node_i2c.0.1.0,kx134.v3
kx134.v3,NODE_PROTOTYPE,2,KX134_SENSOR_2,sensor_node_2,D4:E9:F4:C3:37:14,185700,1857480913,0,0,NA,0,4049,-19,90,0.988525,-0.004639,0.021973,100,100,8,UNCALIBRATED_SENSOR_2,false,CALIBRATION_MISSING,CALIBRATION_MISSING,kx134_single_node_i2c.0.1.0,kx134.v3
kx134.v3,NODE_PROTOTYPE,2,KX134_SENSOR_2,sensor_node_2,D4:E9:F4:C3:37:14,185701,1857490913,0,0,NA,0,4041,-29,82,0.986572,-0.007080,0.020020,100,100,8,UNCALIBRATED_SENSOR_2,false,CALIBRATION_MISSING,CALIBRATION_MISSING,kx134_single_node_i2c.0.1.0,kx134.v3
kx134.v3,NODE_PROTOTYPE,2,KX134_SENSOR_2,sensor_node_2,D4:E9:F4:C3:37:14,185702,1857500913,0,0,NA,0,4056,-44,90,0.990234,-0.010742,0.021973,100,100,8,UNCALIBRATED_SENSOR_2,false,CALIBRATION_MISSING,CALIBRATION_MISSING,kx134_single_node_i2c.0.1.0,kx134.v3
kx134.v3,NODE_PROTOTYPE,2,KX134_SENSOR_2,sensor_node_2,D4:E9:F4:C3:37:14,185703,1857510914,0,0,NA,0,4084,-68,125,0.997070,-0.016602,0.030518,100,100,8,UNCALIBRATED_SENSOR_2,false,CALIBRATION_MISSING,CALIBRATION_MISSING,kx134_single_node_i2c.0.1.0,kx134.v3
kx134.v3,NODE_PROTOTYPE,2,KX134_SENSOR_2,sensor_node_2,D4:E9:F4:C3:37:14,185704,1857520913,0,0,NA,0,4108,-75,171,1.002930,-0.018311,0.041748,100,100,8,UNCALIBRATED_SENSOR_2,false,CALIBRATION_MISSING,CALIBRATION_MISSING,kx134_single_node_i2c.0.1.0,kx134.v3
kx134.v3,NODE_PROTOTYPE,2,KX134_SENSOR_2,sensor_node_2,D4:E9:F4:C3:37:14,185705,1857530913,0,0,NA,0,4114,-61,185,1.004395,-0.014893,0.045166,100,100,8,UNCALIBRATED_SENSOR_2,false,CALIBRATION_MISSING,CALIBRATION_MISSING,kx134_single_node_i2c.0.1.0,kx134.v3
kx134.v3,NODE_PROTOTYPE,2,KX134_SENSOR_2,sensor_node_2,D4:E9:F4:C3:37:14,185706,1857540914,0,0,NA,0,4111,-34,172,1.003662,-0.008301,0.041992,100,100,8,UNCALIBRATED_SENSOR_2,false,CALIBRATION_MISSING,CALIBRATION_MISSING,kx134_single_node_i2c.0.1.0,kx134.v3
kx134.v3,NODE_PROTOTYPE,2,KX134_SENSOR_2,sensor_node_2,D4:E9:F4:C3:37:14,185707,1857550913,0,0,NA,0,4093,-28,158,0.999268,-0.006836,0.038574,100,100,8,UNCALIBRATED_SENSOR_2,false,CALIBRATION_MISSING,CALIBRATION_MISSING,kx134_single_node_i2c.0.1.0,kx134.v3
kx134.v3,NODE_PROTOTYPE,2,KX134_SENSOR_2,sensor_node_2,D4:E9:F4:C3:37:14,185708,1857560913,0,0,NA,0,4091,-41,156,0.998779,-0.010010,0.038086,100,100,8,UNCALIBRATED_SENSOR_2,false,CALIBRATION_MISSING,CALIBRATION_MISSING,kx134_single_node_i2c.0.1.0,kx134.v3
kx134.v3,NODE_PROTOTYPE,2,KX134_SENSOR_2,sensor_node_2,D4:E9:F4:C3:37:14,185709,1857570914,0,0,NA,0,4101,-41,184,1.001221,-0.010010,0.044922,100,100,8,UNCALIBRATED_SENSOR_2,false,CALIBRATION_MISSING,CALIBRATION_MISSING,kx134_single_node_i2c.0.1.0,kx134.v3
kx134.v3,NODE_PROTOTYPE,2,KX134_SENSOR_2,sensor_node_2,D4:E9:F4:C3:37:14,185710,1857580913,0,0,NA,0,4095,-29,200,0.999756,-0.007080,0.048828,100,100,8,UNCALIBRATED_SENSOR_2,false,CALIBRATION_MISSING,CALIBRATION_MISSING,kx134_single_node_i2c.0.1.0,kx134.v3
kx134.v3,NODE_PROTOTYPE,2,KX134_SENSOR_2,sensor_node_2,D4:E9:F4:C3:37:14,185711,1857590914,0,0,NA,0,4054,-15,159,0.989746,-0.003662,0.038818,100,100,8,UNCALIBRATED_SENSOR_2,false,CALIBRATION_MISSING,CALIBRATION_MISSING,kx134_single_node_i2c.0.1.0,kx134.v3
kx134.v3,NODE_PROTOTYPE,2,KX134_SENSOR_2,sensor_node_2,D4:E9:F4:C3:37:14,185712,1857600913,0,0,NA,0,4041,-21,128,0.986572,-0.005127,0.031250,100,100,8,UNCALIBRATED_SENSOR_2,false,CALIBRATION_MISSING,CALIBRATION_MISSING,kx134_single_node_i2c.0.1.0,kx134.v3
kx134.v3,NODE_PROTOTYPE,2,KX134_SENSOR_2,sensor_node_2,D4:E9:F4:C3:37:14,185713,1857610914,0,0,NA,0,4089,-10,157,0.998291,-0.002441,0.038330,100,100,8,UNCALIBRATED_SENSOR_2,false,CALIBRATION_MISSING,CALIBRATION_MISSING,kx134_single_node_i2c.0.1.0,kx134.v3
kx134.v3,NODE_PROTOTYPE,2,KX134_SENSOR_2,sensor_node_2,D4:E9:F4:C3:37:14,185714,1857620913,0,0,NA,0,4124,-5,179,1.006836,-0.001221,0.043701,100,100,8,UNCALIBRATED_SENSOR_2,false,CALIBRATION_MISSING,CALIBRATION_MISSING,kx134_single_node_i2c.0.1.0,kx134.v3
kx134.v3,NODE_PROTOTYPE,2,KX134_SENSOR_2,sensor_node_2,D4:E9:F4:C3:37:14,185715,1857630913,0,0,NA,0,4149,-32,166,1.012939,-0.007813,0.040527,100,100,8,UNCALIBRATED_SENSOR_2,false,CALIBRATION_MISSING,CALIBRATION_MISSING,kx134_single_node_i2c.0.1.0,kx134.v3
kx134.v3,NODE_PROTOTYPE,2,KX134_SENSOR_2,sensor_node_2,D4:E9:F4:C3:37:14,185716,1857640914,0,0,NA,0,4164,-50,161,1.016602,-0.012207,0.039307,100,100,8,UNCALIBRATED_SENSOR_2,false,CALIBRATION_MISSING,CALIBRATION_MISSING,kx134_single_node_i2c.0.1.0,kx134.v3
kx134.v3,NODE_PROTOTYPE,2,KX134_SENSOR_2,sensor_node_2,D4:E9:F4:C3:37:14,185717,1857650914,0,0,NA,0,4131,-51,150,1.008545,-0.012451,0.036621,100,100,8,UNCALIBRATED_SENSOR_2,false,CALIBRATION_MISSING,CALIBRATION_MISSING,kx134_single_node_i2c.0.1.0,kx134.v3
kx134.v3,NODE_PROTOTYPE,2,KX134_SENSOR_2,sensor_node_2,D4:E9:F4:C3:37:14,185718,1857660914,0,0,NA,0,4072,-62,143,0.994141,-0.015137,0.034912,100,100,8,UNCALIBRATED_SENSOR_2,false,CALIBRATION_MISSING,CALIBRATION_MISSING,kx134_single_node_i2c.0.1.0,kx134.v3
kx134.v3,NODE_PROTOTYPE,2,KX134_SENSOR_2,sensor_node_2,D4:E9:F4:C3:37:14,185719,1857670914,0,0,NA,0,4063,-82,173,0.991943,-0.020020,0.042236,100,100,8,UNCALIBRATED_SENSOR_2,false,CALIBRATION_MISSING,CALIBRATION_MISSING,kx134_single_node_i2c.0.1.0,kx134.v3
kx134.v3,NODE_PROTOTYPE,2,KX134_SENSOR_2,sensor_node_2,D4:E9:F4:C3:37:14,185720,1857680913,0,0,NA,0,4085,-65,183,0.997314,-0.015869,0.044678,100,100,8,UNCALIBRATED_SENSOR_2,false,CALIBRATION_MISSING,CALIBRATION_MISSING,kx134_single_node_i2c.0.1.0,kx134.v3
kx134.v3,NODE_PROTOTYPE,2,KX134_SENSOR_2,sensor_node_2,D4:E9:F4:C3:37:14,185721,1857690913,0,0,NA,0,4111,-52,166,1.003662,-0.012695,0.040527,100,100,8,UNCALIBRATED_SENSOR_2,false,CALIBRATION_MISSING,CALIBRATION_MISSING,kx134_single_node_i2c.0.1.0,kx134.v3
kx134.v3,NODE_PROTOTYPE,2,KX134_SENSOR_2,sensor_node_2,D4:E9:F4:C3:37:14,185722,1857700913,0,0,NA,0,4125,-34,145,1.007080,-0.008301,0.035400,100,100,8,UNCALIBRATED_SENSOR_2,false,CALIBRATION_MISSING,CALIBRATION_MISSING,kx134_single_node_i2c.0.1.0,kx134.v3
kx134.v3,NODE_PROTOTYPE,2,KX134_SENSOR_2,sensor_node_2,D4:E9:F4:C3:37:14,185723,1857710913,0,0,NA,0,4124,-18,130,1.006836,-0.004395,0.031738,100,100,8,UNCALIBRATED_SENSOR_2,false,CALIBRATION_MISSING,CALIBRATION_MISSING,kx134_single_node_i2c.0.1.0,kx134.v3
kx134.v3,NODE_PROTOTYPE,2,KX134_SENSOR_2,sensor_node_2,D4:E9:F4:C3:37:14,185724,1857720913,0,0,NA,0,4121,-20,102,1.006104,-0.004883,0.024902,100,100,8,UNCALIBRATED_SENSOR_2,false,CALIBRATION_MISSING,CALIBRATION_MISSING,kx134_single_node_i2c.0.1.0,kx134.v3
kx134.v3,NODE_PROTOTYPE,2,KX134_SENSOR_2,sensor_node_2,D4:E9:F4:C3:37:14,185725,1857730913,0,0,NA,0,4110,-13,62,1.003418,-0.003174,0.015137,100,100,8,UNCALIBRATED_SENSOR_2,false,CALIBRATION_MISSING,CALIBRATION_MISSING,kx134_single_node_i2c.0.1.0,kx134.v3
kx134.v3,NODE_PROTOTYPE,2,KX134_SENSOR_2,sensor_node_2,D4:E9:F4:C3:37:14,185726,1857740913,0,0,NA,0,4110,-43,99,1.003418,-0.010498,0.024170,100,100,8,UNCALIBRATED_SENSOR_2,false,CALIBRATION_MISSING,CALIBRATION_MISSING,kx134_single_node_i2c.0.1.0,kx134.v3
kx134.v3,NODE_PROTOTYPE,2,KX134_SENSOR_2,sensor_node_2,D4:E9:F4:C3:37:14,185727,1857750914,0,0,NA,0,4106,-80,127,1.002441,-0.019531,0.031006,100,100,8,UNCALIBRATED_SENSOR_2,false,CALIBRATION_MISSING,CALIBRATION_MISSING,kx134_single_node_i2c.0.1.0,kx134.v3
kx134.v3,NODE_PROTOTYPE,2,KX134_SENSOR_2,sensor_node_2,D4:E9:F4:C3:37:14,185728,1857760914,0,0,NA,0,4094,-73,104,0.999512,-0.017822,0.025391,100,100,8,UNCALIBRATED_SENSOR_2,false,CALIBRATION_MISSING,CALIBRATION_MISSING,kx134_single_node_i2c.0.1.0,kx134.v3
kx134.v3,NODE_PROTOTYPE,2,KX134_SENSOR_2,sensor_node_2,D4:E9:F4:C3:37:14,185729,1857770913,0,0,NA,0,4097,-59,112,1.000244,-0.014404,0.027344,100,100,8,UNCALIBRATED_SENSOR_2,false,CALIBRATION_MISSING,CALIBRATION_MISSING,kx134_single_node_i2c.0.1.0,kx134.v3
kx134.v3,NODE_PROTOTYPE,2,KX134_SENSOR_2,sensor_node_2,D4:E9:F4:C3:37:14,185730,1857780913,0,0,NA,0,4114,-55,136,1.004395,-0.013428,0.033203,100,100,8,UNCALIBRATED_SENSOR_2,false,CALIBRATION_MISSING,CALIBRATION_MISSING,kx134_single_node_i2c.0.1.0,kx134.v3
kx134.v3,NODE_PROTOTYPE,2,KX134_SENSOR_2,sensor_node_2,D4:E9:F4:C3:37:14,185731,1857790913,0,0,NA,0,4097,-34,140,1.000244,-0.008301,0.034180,100,100,8,UNCALIBRATED_SENSOR_2,false,CALIBRATION_MISSING,CALIBRATION_MISSING,kx134_single_node_i2c.0.1.0,kx134.v3
kx134.v3,NODE_PROTOTYPE,2,KX134_SENSOR_2,sensor_node_2,D4:E9:F4:C3:37:14,185732,1857800914,0,0,NA,0,4081,-43,131,0.996338,-0.010498,0.031982,100,100,8,UNCALIBRATED_SENSOR_2,false,CALIBRATION_MISSING,CALIBRATION_MISSING,kx134_single_node_i2c.0.1.0,kx134.v3
kx134.v3,NODE_PROTOTYPE,2,KX134_SENSOR_2,sensor_node_2,D4:E9:F4:C3:37:14,185733,1857810913,0,0,NA,0,4129,-39,132,1.008057,-0.009521,0.032227,100,100,8,UNCALIBRATED_SENSOR_2,false,CALIBRATION_MISSING,CALIBRATION_MISSING,kx134_single_node_i2c.0.1.0,kx134.v3
kx134.v3,NODE_PROTOTYPE,2,KX134_SENSOR_2,sensor_node_2,D4:E9:F4:C3:37:14,185734,1857820914,0,0,NA,0,4156,-29,177,1.014648,-0.007080,0.043213,100,100,8,UNCALIBRATED_SENSOR_2,false,CALIBRATION_MISSING,CALIBRATION_MISSING,kx134_single_node_i2c.0.1.0,kx134.v3
kx134.v3,NODE_PROTOTYPE,2,KX134_SENSOR_2,sensor_node_2,D4:E9:F4:C3:37:14,185735,1857830913,0,0,NA,0,4138,-126,266,1.010254,-0.030762,0.064941,100,100,8,UNCALIBRATED_SENSOR_2,false,CALIBRATION_MISSING,CALIBRATION_MISSING,kx134_single_node_i2c.0.1.0,kx134.v3
kx134.v3,NODE_PROTOTYPE,2,KX134_SENSOR_2,sensor_node_2,D4:E9:F4:C3:37:14,185736,1857840914,0,0,NA,0,4142,-205,314,1.011230,-0.050049,0.076660,100,100,8,UNCALIBRATED_SENSOR_2,false,CALIBRATION_MISSING,CALIBRATION_MISSING,kx134_single_node_i2c.0.1.0,kx134.v3
kx134.v3,NODE_PROTOTYPE,2,KX134_SENSOR_2,sensor_node_2,D4:E9:F4:C3:37:14,185737,1857850914,0,0,NA,0,4214,-205,314,1.028809,-0.050049,0.076660,100,100,8,UNCALIBRATED_SENSOR_2,false,CALIBRATION_MISSING,CALIBRATION_MISSING,kx134_single_node_i2c.0.1.0,kx134.v3
kx134.v3,NODE_PROTOTYPE,2,KX134_SENSOR_2,sensor_node_2,D4:E9:F4:C3:37:14,185738,1857860914,0,0,NA,0,4214,-185,392,1.028809,-0.045166,0.095703,100,100,8,UNCALIBRATED_SENSOR_2,false,CALIBRATION_MISSING,CALIBRATION_MISSING,kx134_single_node_i2c.0.1.0,kx134.v3
kx134.v3,NODE_PROTOTYPE,2,KX134_SENSOR_2,sensor_node_2,D4:E9:F4:C3:37:14,185739,1857870913,0,0,NA,0,4346,-125,363,1.061035,-0.030518,0.088623,100,100,8,UNCALIBRATED_SENSOR_2,false,CALIBRATION_MISSING,CALIBRATION_MISSING,kx134_single_node_i2c.0.1.0,kx134.v3
kx134.v3,NODE_PROTOTYPE,2,KX134_SENSOR_2,sensor_node_2,D4:E9:F4:C3:37:14,185740,1857880914,0,0,NA,0,4245,29,180,1.036377,0.007080,0.043945,100,100,8,UNCALIBRATED_SENSOR_2,false,CALIBRATION_MISSING,CALIBRATION_MISSING,kx134_single_node_i2c.0.1.0,kx134.v3
kx134.v3,NODE_PROTOTYPE,2,KX134_SENSOR_2,sensor_node_2,D4:E9:F4:C3:37:14,185741,1857890913,0,0,NA,0,4115,143,144,1.004639,0.034912,0.035156,100,100,8,UNCALIBRATED_SENSOR_2,false,CALIBRATION_MISSING,CALIBRATION_MISSING,kx134_single_node_i2c.0.1.0,kx134.v3
kx134.v3,NODE_PROTOTYPE,2,KX134_SENSOR_2,sensor_node_2,D4:E9:F4:C3:37:14,185742,1857900914,0,0,NA,0,4177,24,331,1.019775,0.005859,0.080811,100,100,8,UNCALIBRATED_SENSOR_2,false,CALIBRATION_MISSING,CALIBRATION_MISSING,kx134_single_node_i2c.0.1.0,kx134.v3
kx134.v3,NODE_PROTOTYPE,2,KX134_SENSOR_2,sensor_node_2,D4:E9:F4:C3:37:14,185743,1857910913,0,0,NA,0,4225,-159,374,1.031494,-0.038818,0.091309,100,100,8,UNCALIBRATED_SENSOR_2,false,CALIBRATION_MISSING,CALIBRATION_MISSING,kx134_single_node_i2c.0.1.0,kx134.v3
kx134.v3,NODE_PROTOTYPE,2,KX134_SENSOR_2,sensor_node_2,D4:E9:F4:C3:37:14,185744,1857920914,0,0,NA,0,4191,-254,236,1.023193,-0.062012,0.057617,100,100,8,UNCALIBRATED_SENSOR_2,false,CALIBRATION_MISSING,CALIBRATION_MISSING,kx134_single_node_i2c.0.1.0,kx134.v3
kx134.v3,NODE_PROTOTYPE,2,KX134_SENSOR_2,sensor_node_2,D4:E9:F4:C3:37:14,185745,1857930914,0,0,NA,0,4133,-248,217,1.009033,-0.060547,0.052979,100,100,8,UNCALIBRATED_SENSOR_2,false,CALIBRATION_MISSING,CALIBRATION_MISSING,kx134_single_node_i2c.0.1.0,kx134.v3
kx134.v3,NODE_PROTOTYPE,2,KX134_SENSOR_2,sensor_node_2,D4:E9:F4:C3:37:14,185746,1857940913,0,0,NA,0,4102,-195,280,1.001465,-0.047607,0.068359,100,100,8,UNCALIBRATED_SENSOR_2,false,CALIBRATION_MISSING,CALIBRATION_MISSING,kx134_single_node_i2c.0.1.0,kx134.v3
kx134.v3,NODE_PROTOTYPE,2,KX134_SENSOR_2,sensor_node_2,D4:E9:F4:C3:37:14,185747,1857950914,0,0,NA,0,4122,-113,281,1.006348,-0.027588,0.068604,100,100,8,UNCALIBRATED_SENSOR_2,false,CALIBRATION_MISSING,CALIBRATION_MISSING,kx134_single_node_i2c.0.1.0,kx134.v3
kx134.v3,NODE_PROTOTYPE,2,KX134_SENSOR_2,sensor_node_2,D4:E9:F4:C3:37:14,185748,1857960913,0,0,NA,0,4146,-25,179,1.012207,-0.006104,0.043701,100,100,8,UNCALIBRATED_SENSOR_2,false,CALIBRATION_MISSING,CALIBRATION_MISSING,kx134_single_node_i2c.0.1.0,kx134.v3
kx134.v3,NODE_PROTOTYPE,2,KX134_SENSOR_2,sensor_node_2,D4:E9:F4:C3:37:14,185749,1857970913,0,0,NA,0,4112,-15,101,1.003906,-0.003662,0.024658,100,100,8,UNCALIBRATED_SENSOR_2,false,CALIBRATION_MISSING,CALIBRATION_MISSING,kx134_single_node_i2c.0.1.0,kx134.v3
kx134.v3,NODE_PROTOTYPE,2,KX134_SENSOR_2,sensor_node_2,D4:E9:F4:C3:37:14,185750,1857980913,0,0,NA,0,4098,-8,82,1.000488,-0.001953,0.020020,100,100,8,UNCALIBRATED_SENSOR_2,false,CALIBRATION_MISSING,CALIBRATION_MISSING,kx134_single_node_i2c.0.1.0,kx134.v3
kx134.v3,NODE_PROTOTYPE,2,KX134_SENSOR_2,sensor_node_2,D4:E9:F4:C3:37:14,185751,1857990913,0,0,NA,0,4087,8,80,0.997803,0.001953,0.019531,100,100,8,UNCALIBRATED_SENSOR_2,false,CALIBRATION_MISSING,CALIBRATION_MISSING,kx134_single_node_i2c.0.1.0,kx134.v3
kx134.v3,NODE_PROTOTYPE,2,KX134_SENSOR_2,sensor_node_2,D4:E9:F4:C3:37:14,185752,1858000913,0,0,NA,0,4086,-14,103,0.997559,-0.003418,0.025146,100,100,8,UNCALIBRATED_SENSOR_2,false,CALIBRATION_MISSING,CALIBRATION_MISSING,kx134_single_node_i2c.0.1.0,kx134.v3
kx134.v3,NODE_PROTOTYPE,2,KX134_SENSOR_2,sensor_node_2,D4:E9:F4:C3:37:14,185753,1858010914,0,0,NA,0,4080,-46,129,0.996094,-0.011230,0.031494,100,100,8,UNCALIBRATED_SENSOR_2,false,CALIBRATION_MISSING,CALIBRATION_MISSING,kx134_single_node_i2c.0.1.0,kx134.v3
kx134.v3,NODE_PROTOTYPE,2,KX134_SENSOR_2,sensor_node_2,D4:E9:F4:C3:37:14,185754,1858020913,0,0,NA,0,4097,-83,169,1.000244,-0.020264,0.041260,100,100,8,UNCALIBRATED_SENSOR_2,false,CALIBRATION_MISSING,CALIBRATION_MISSING,kx134_single_node_i2c.0.1.0,kx134.v3
kx134.v3,NODE_PROTOTYPE,2,KX134_SENSOR_2,sensor_node_2,D4:E9:F4:C3:37:14,185755,1858030913,0,0,NA,0,4103,-104,172,1.001709,-0.025391,0.041992,100,100,8,UNCALIBRATED_SENSOR_2,false,CALIBRATION_MISSING,CALIBRATION_MISSING,kx134_single_node_i2c.0.1.0,kx134.v3
kx134.v3,NODE_PROTOTYPE,2,KX134_SENSOR_2,sensor_node_2,D4:E9:F4:C3:37:14,185756,1858040913,0,0,NA,0,4077,-79,141,0.995361,-0.019287,0.034424,100,100,8,UNCALIBRATED_SENSOR_2,false,CALIBRATION_MISSING,CALIBRATION_MISSING,kx134_single_node_i2c.0.1.0,kx134.v3
kx134.v3,NODE_PROTOTYPE,2,KX134_SENSOR_2,sensor_node_2,D4:E9:F4:C3:37:14,185757,1858050913,0,0,NA,0,4076,-56,168,0.995117,-0.013672,0.041016,100,100,8,UNCALIBRATED_SENSOR_2,false,CALIBRATION_MISSING,CALIBRATION_MISSING,kx134_single_node_i2c.0.1.0,kx134.v3
kx134.v3,NODE_PROTOTYPE,2,KX134_SENSOR_2,sensor_node_2,D4:E9:F4:C3:37:14,185758,1858060914,0,0,NA,0,4095,-55,174,0.999756,-0.013428,0.042480,100,100,8,UNCALIBRATED_SENSOR_2,false,CALIBRATION_MISSING,CALIBRATION_MISSING,kx134_single_node_i2c.0.1.0,kx134.v3
kx134.v3,NODE_PROTOTYPE,2,KX134_SENSOR_2,sensor_node_2,D4:E9:F4:C3:37:14,185759,1858070914,0,0,NA,0,4102,-30,133,1.001465,-0.007324,0.032471,100,100,8,UNCALIBRATED_SENSOR_2,false,CALIBRATION_MISSING,CALIBRATION_MISSING,kx134_single_node_i2c.0.1.0,kx134.v3
kx134.v3,NODE_PROTOTYPE,2,KX134_SENSOR_2,sensor_node_2,D4:E9:F4:C3:37:14,185760,1858080913,0,0,NA,0,4096,-52,139,1.000000,-0.012695,0.033936,100,100,8,UNCALIBRATED_SENSOR_2,false,CALIBRATION_MISSING,CALIBRATION_MISSING,kx134_single_node_i2c.0.1.0,kx134.v3
kx134.v3,NODE_PROTOTYPE,2,KX134_SENSOR_2,sensor_node_2,D4:E9:F4:C3:37:14,185761,1858090913,0,0,NA,0,4084,-58,153,0.997070,-0.014160,0.037354,100,100,8,UNCALIBRATED_SENSOR_2,false,CALIBRATION_MISSING,CALIBRATION_MISSING,kx134_single_node_i2c.0.1.0,kx134.v3
kx134.v3,NODE_PROTOTYPE,2,KX134_SENSOR_2,sensor_node_2,D4:E9:F4:C3:37:14,185762,1858100913,0,0,NA,0,4097,-29,155,1.000244,-0.007080,0.037842,100,100,8,UNCALIBRATED_SENSOR_2,false,CALIBRATION_MISSING,CALIBRATION_MISSING,kx134_single_node_i2c.0.1.0,kx134.v3
kx134.v3,NODE_PROTOTYPE,2,KX134_SENSOR_2,sensor_node_2,D4:E9:F4:C3:37:14,185763,1858110913,0,0,NA,0,4099,-29,177,1.000732,-0.007080,0.043213,100,100,8,UNCALIBRATED_SENSOR_2,false,CALIBRATION_MISSING,CALIBRATION_MISSING,kx134_single_node_i2c.0.1.0,kx134.v3
kx134.v3,NODE_PROTOTYPE,2,KX134_SENSOR_2,sensor_node_2,D4:E9:F4:C3:37:14,185764,1858120913,0,0,NA,0,4080,-29,172,0.996094,-0.007080,0.041992,100,100,8,UNCALIBRATED_SENSOR_2,false,CALIBRATION_MISSING,CALIBRATION_MISSING,kx134_single_node_i2c.0.1.0,kx134.v3
kx134.v3,NODE_PROTOTYPE,2,KX134_SENSOR_2,sensor_node_2,D4:E9:F4:C3:37:14,185765,1858130913,0,0,NA,0,4099,-37,161,1.000732,-0.009033,0.039307,100,100,8,UNCALIBRATED_SENSOR_2,false,CALIBRATION_MISSING,CALIBRATION_MISSING,kx134_single_node_i2c.0.1.0,kx134.v3
kx134.v3,NODE_PROTOTYPE,2,KX134_SENSOR_2,sensor_node_2,D4:E9:F4:C3:37:14,185766,1858140913,0,0,NA,0,4087,-48,143,0.997803,-0.011719,0.034912,100,100,8,UNCALIBRATED_SENSOR_2,false,CALIBRATION_MISSING,CALIBRATION_MISSING,kx134_single_node_i2c.0.1.0,kx134.v3
kx134.v3,NODE_PROTOTYPE,2,KX134_SENSOR_2,sensor_node_2,D4:E9:F4:C3:37:14,185767,1858150913,0,0,NA,0,4043,-70,119,0.987061,-0.017090,0.029053,100,100,8,UNCALIBRATED_SENSOR_2,false,CALIBRATION_MISSING,CALIBRATION_MISSING,kx134_single_node_i2c.0.1.0,kx134.v3
kx134.v3,NODE_PROTOTYPE,2,KX134_SENSOR_2,sensor_node_2,D4:E9:F4:C3:37:14,185768,1858160913,0,0,NA,0,4060,-60,129,0.991211,-0.014648,0.031494,100,100,8,UNCALIBRATED_SENSOR_2,false,CALIBRATION_MISSING,CALIBRATION_MISSING,kx134_single_node_i2c.0.1.0,kx134.v3
kx134.v3,NODE_PROTOTYPE,2,KX134_SENSOR_2,sensor_node_2,D4:E9:F4:C3:37:14,185769,1858170913,0,0,NA,0,4094,-36,135,0.999512,-0.008789,0.032959,100,100,8,UNCALIBRATED_SENSOR_2,false,CALIBRATION_MISSING,CALIBRATION_MISSING,kx134_single_node_i2c.0.1.0,kx134.v3
kx134.v3,NODE_PROTOTYPE,2,KX134_SENSOR_2,sensor_node_2,D4:E9:F4:C3:37:14,185770,1858180913,0,0,NA,0,4092,-4,121,0.999023,-0.000977,0.029541,100,100,8,UNCALIBRATED_SENSOR_2,false,CALIBRATION_MISSING,CALIBRATION_MISSING,kx134_single_node_i2c.0.1.0,kx134.v3
kx134.v3,NODE_PROTOTYPE,2,KX134_SENSOR_2,sensor_node_2,D4:E9:F4:C3:37:14,185771,1858190913,0,0,NA,0,4075,8,130,0.994873,0.001953,0.031738,100,100,8,UNCALIBRATED_SENSOR_2,false,CALIBRATION_MISSING,CALIBRATION_MISSING,kx134_single_node_i2c.0.1.0,kx134.v3
kx134.v3,NODE_PROTOTYPE,2,KX134_SENSOR_2,sensor_node_2,D4:E9:F4:C3:37:14,185772,1858200913,0,0,NA,0,4065,-37,132,0.992432,-0.009033,0.032227,100,100,8,UNCALIBRATED_SENSOR_2,false,CALIBRATION_MISSING,CALIBRATION_MISSING,kx134_single_node_i2c.0.1.0,kx134.v3
kx134.v3,NODE_PROTOTYPE,2,KX134_SENSOR_2,sensor_node_2,D4:E9:F4:C3:37:14,185773,1858210913,0,0,NA,0,4093,-57,124,0.999268,-0.013916,0.030273,100,100,8,UNCALIBRATED_SENSOR_2,false,CALIBRATION_MISSING,CALIBRATION_MISSING,kx134_single_node_i2c.0.1.0,kx134.v3
kx134.v3,NODE_PROTOTYPE,2,KX134_SENSOR_2,sensor_node_2,D4:E9:F4:C3:37:14,185774,1858220914,0,0,NA,0,4125,-38,122,1.007080,-0.009277,0.029785,100,100,8,UNCALIBRATED_SENSOR_2,false,CALIBRATION_MISSING,CALIBRATION_MISSING,kx134_single_node_i2c.0.1.0,kx134.v3
kx134.v3,NODE_PROTOTYPE,2,KX134_SENSOR_2,sensor_node_2,D4:E9:F4:C3:37:14,185775,1858230913,0,0,NA,0,4114,-53,100,1.004395,-0.012939,0.024414,100,100,8,UNCALIBRATED_SENSOR_2,false,CALIBRATION_MISSING,CALIBRATION_MISSING,kx134_single_node_i2c.0.1.0,kx134.v3
kx134.v3,NODE_PROTOTYPE,2,KX134_SENSOR_2,sensor_node_2,D4:E9:F4:C3:37:14,185776,1858240913,0,0,NA,0,4096,-48,105,1.000000,-0.011719,0.025635,100,100,8,UNCALIBRATED_SENSOR_2,false,CALIBRATION_MISSING,CALIBRATION_MISSING,kx134_single_node_i2c.0.1.0,kx134.v3
kx134.v3,NODE_PROTOTYPE,2,KX134_SENSOR_2,sensor_node_2,D4:E9:F4:C3:37:14,185777,1858250913,0,0,NA,0,4091,-47,139,0.998779,-0.011475,0.033936,100,100,8,UNCALIBRATED_SENSOR_2,false,CALIBRATION_MISSING,CALIBRATION_MISSING,kx134_single_node_i2c.0.1.0,kx134.v3
kx134.v3,NODE_PROTOTYPE,2,KX134_SENSOR_2,sensor_node_2,D4:E9:F4:C3:37:14,185778,1858260913,0,0,NA,0,4096,-56,140,1.000000,-0.013672,0.034180,100,100,8,UNCALIBRATED_SENSOR_2,false,CALIBRATION_MISSING,CALIBRATION_MISSING,kx134_single_node_i2c.0.1.0,kx134.v3
kx134.v3,NODE_PROTOTYPE,2,KX134_SENSOR_2,sensor_node_2,D4:E9:F4:C3:37:14,185779,1858270914,0,0,NA,0,4109,-57,131,1.003174,-0.013916,0.031982,100,100,8,UNCALIBRATED_SENSOR_2,false,CALIBRATION_MISSING,CALIBRATION_MISSING,kx134_single_node_i2c.0.1.0,kx134.v3
kx134.v3,NODE_PROTOTYPE,2,KX134_SENSOR_2,sensor_node_2,D4:E9:F4:C3:37:14,185780,1858280913,0,0,NA,0,4095,-75,139,0.999756,-0.018311,0.033936,100,100,8,UNCALIBRATED_SENSOR_2,false,CALIBRATION_MISSING,CALIBRATION_MISSING,kx134_single_node_i2c.0.1.0,kx134.v3
kx134.v3,NODE_PROTOTYPE,2,KX134_SENSOR_2,sensor_node_2,D4:E9:F4:C3:37:14,185781,1858290914,0,0,NA,0,4093,-80,129,0.999268,-0.019531,0.031494,100,100,8,UNCALIBRATED_SENSOR_2,false,CALIBRATION_MISSING,CALIBRATION_MISSING,kx134_single_node_i2c.0.1.0,kx134.v3
kx134.v3,NODE_PROTOTYPE,2,KX134_SENSOR_2,sensor_node_2,D4:E9:F4:C3:37:14,185782,1858300913,0,0,NA,0,4122,-100,126,1.006348,-0.024414,0.030762,100,100,8,UNCALIBRATED_SENSOR_2,false,CALIBRATION_MISSING,CALIBRATION_MISSING,kx134_single_node_i2c.0.1.0,kx134.v3
kx134.v3,NODE_PROTOTYPE,2,KX134_SENSOR_2,sensor_node_2,D4:E9:F4:C3:37:14,185783,1858310913,0,0,NA,0,4142,-121,153,1.011230,-0.029541,0.037354,100,100,8,UNCALIBRATED_SENSOR_2,false,CALIBRATION_MISSING,CALIBRATION_MISSING,kx134_single_node_i2c.0.1.0,kx134.v3
kx134.v3,NODE_PROTOTYPE,2,KX134_SENSOR_2,sensor_node_2,D4:E9:F4:C3:37:14,185784,1858320913,0,0,NA,0,4149,-74,119,1.012939,-0.018066,0.029053,100,100,8,UNCALIBRATED_SENSOR_2,false,CALIBRATION_MISSING,CALIBRATION_MISSING,kx134_single_node_i2c.0.1.0,kx134.v3
kx134.v3,NODE_PROTOTYPE,2,KX134_SENSOR_2,sensor_node_2,D4:E9:F4:C3:37:14,185785,1858330913,0,0,NA,0,4141,-22,111,1.010986,-0.005371,0.027100,100,100,8,UNCALIBRATED_SENSOR_2,false,CALIBRATION_MISSING,CALIBRATION_MISSING,kx134_single_node_i2c.0.1.0,kx134.v3
kx134.v3,NODE_PROTOTYPE,2,KX134_SENSOR_2,sensor_node_2,D4:E9:F4:C3:37:14,185786,1858340913,0,0,NA,0,4122,-37,139,1.006348,-0.009033,0.033936,100,100,8,UNCALIBRATED_SENSOR_2,false,CALIBRATION_MISSING,CALIBRATION_MISSING,kx134_single_node_i2c.0.1.0,kx134.v3
kx134.v3,NODE_PROTOTYPE,2,KX134_SENSOR_2,sensor_node_2,D4:E9:F4:C3:37:14,185787,1858350914,0,0,NA,0,4093,-72,123,0.999268,-0.017578,0.030029,100,100,8,UNCALIBRATED_SENSOR_2,false,CALIBRATION_MISSING,CALIBRATION_MISSING,kx134_single_node_i2c.0.1.0,kx134.v3
kx134.v3,NODE_PROTOTYPE,2,KX134_SENSOR_2,sensor_node_2,D4:E9:F4:C3:37:14,185788,1858360914,0,0,NA,0,4073,-69,128,0.994385,-0.016846,0.031250,100,100,8,UNCALIBRATED_SENSOR_2,false,CALIBRATION_MISSING,CALIBRATION_MISSING,kx134_single_node_i2c.0.1.0,kx134.v3
kx134.v3,NODE_PROTOTYPE,2,KX134_SENSOR_2,sensor_node_2,D4:E9:F4:C3:37:14,185789,1858370913,0,0,NA,0,4080,-40,125,0.996094,-0.009766,0.030518,100,100,8,UNCALIBRATED_SENSOR_2,false,CALIBRATION_MISSING,CALIBRATION_MISSING,kx134_single_node_i2c.0.1.0,kx134.v3
kx134.v3,NODE_PROTOTYPE,2,KX134_SENSOR_2,sensor_node_2,D4:E9:F4:C3:37:14,185790,1858380913,0,0,NA,0,4102,-39,93,1.001465,-0.009521,0.022705,100,100,8,UNCALIBRATED_SENSOR_2,false,CALIBRATION_MISSING,CALIBRATION_MISSING,kx134_single_node_i2c.0.1.0,kx134.v3
kx134.v3,NODE_PROTOTYPE,2,KX134_SENSOR_2,sensor_node_2,D4:E9:F4:C3:37:14,185791,1858390913,0,0,NA,0,4131,-65,72,1.008545,-0.015869,0.017578,100,100,8,UNCALIBRATED_SENSOR_2,false,CALIBRATION_MISSING,CALIBRATION_MISSING,kx134_single_node_i2c.0.1.0,kx134.v3
kx134.v3,NODE_PROTOTYPE,2,KX134_SENSOR_2,sensor_node_2,D4:E9:F4:C3:37:14,185792,1858400913,0,0,NA,0,4125,-93,86,1.007080,-0.022705,0.020996,100,100,8,UNCALIBRATED_SENSOR_2,false,CALIBRATION_MISSING,CALIBRATION_MISSING,kx134_single_node_i2c.0.1.0,kx134.v3
kx134.v3,NODE_PROTOTYPE,2,KX134_SENSOR_2,sensor_node_2,D4:E9:F4:C3:37:14,185793,1858410913,0,0,NA,0,4096,-77,115,1.000000,-0.018799,0.028076,100,100,8,UNCALIBRATED_SENSOR_2,false,CALIBRATION_MISSING,CALIBRATION_MISSING,kx134_single_node_i2c.0.1.0,kx134.v3
kx134.v3,NODE_PROTOTYPE,2,KX134_SENSOR_2,sensor_node_2,D4:E9:F4:C3:37:14,185794,1858420914,0,0,NA,0,4087,-44,127,0.997803,-0.010742,0.031006,100,100,8,UNCALIBRATED_SENSOR_2,false,CALIBRATION_MISSING,CALIBRATION_MISSING,kx134_single_node_i2c.0.1.0,kx134.v3
kx134.v3,NODE_PROTOTYPE,2,KX134_SENSOR_2,sensor_node_2,D4:E9:F4:C3:37:14,185795,1858430913,0,0,NA,0,4100,-29,146,1.000977,-0.007080,0.035645,100,100,8,UNCALIBRATED_SENSOR_2,false,CALIBRATION_MISSING,CALIBRATION_MISSING,kx134_single_node_i2c.0.1.0,kx134.v3
kx134.v3,NODE_PROTOTYPE,2,KX134_SENSOR_2,sensor_node_2,D4:E9:F4:C3:37:14,185796,1858440914,0,0,NA,0,4105,-31,161,1.002197,-0.007568,0.039307,100,100,8,UNCALIBRATED_SENSOR_2,false,CALIBRATION_MISSING,CALIBRATION_MISSING,kx134_single_node_i2c.0.1.0,kx134.v3
kx134.v3,NODE_PROTOTYPE,2,KX134_SENSOR_2,sensor_node_2,D4:E9:F4:C3:37:14,185797,1858450914,0,0,NA,0,4109,-37,155,1.003174,-0.009033,0.037842,100,100,8,UNCALIBRATED_SENSOR_2,false,CALIBRATION_MISSING,CALIBRATION_MISSING,kx134_single_node_i2c.0.1.0,kx134.v3
kx134.v3,NODE_PROTOTYPE,2,KX134_SENSOR_2,sensor_node_2,D4:E9:F4:C3:37:14,185798,1858460913,0,0,NA,0,4118,-38,161,1.005371,-0.009277,0.039307,100,100,8,UNCALIBRATED_SENSOR_2,false,CALIBRATION_MISSING,CALIBRATION_MISSING,kx134_single_node_i2c.0.1.0,kx134.v3
kx134.v3,NODE_PROTOTYPE,2,KX134_SENSOR_2,sensor_node_2,D4:E9:F4:C3:37:14,185799,1858470914,0,0,NA,0,4116,-23,156,1.004883,-0.005615,0.038086,100,100,8,UNCALIBRATED_SENSOR_2,false,CALIBRATION_MISSING,CALIBRATION_MISSING,kx134_single_node_i2c.0.1.0,kx134.v3
kx134.v3,NODE_PROTOTYPE,2,KX134_SENSOR_2,sensor_node_2,D4:E9:F4:C3:37:14,185800,1858480913,0,0,NA,0,4101,-32,139,1.001221,-0.007813,0.033936,100,100,8,UNCALIBRATED_SENSOR_2,false,CALIBRATION_MISSING,CALIBRATION_MISSING,kx134_single_node_i2c.0.1.0,kx134.v3
kx134.v3,NODE_PROTOTYPE,2,KX134_SENSOR_2,sensor_node_2,D4:E9:F4:C3:37:14,185801,1858490914,0,0,NA,0,4085,-43,123,0.997314,-0.010498,0.030029,100,100,8,UNCALIBRATED_SENSOR_2,false,CALIBRATION_MISSING,CALIBRATION_MISSING,kx134_single_node_i2c.0.1.0,kx134.v3
kx134.v3,NODE_PROTOTYPE,2,KX134_SENSOR_2,sensor_node_2,D4:E9:F4:C3:37:14,185802,1858500914,0,0,NA,0,4105,-28,138,1.002197,-0.006836,0.033691,100,100,8,UNCALIBRATED_SENSOR_2,false,CALIBRATION_MISSING,CALIBRATION_MISSING,kx134_single_node_i2c.0.1.0,kx134.v3
kx134.v3,NODE_PROTOTYPE,2,KX134_SENSOR_2,sensor_node_2,D4:E9:F4:C3:37:14,185803,1858510913,0,0,NA,0,4095,-22,142,0.999756,-0.005371,0.034668,100,100,8,UNCALIBRATED_SENSOR_2,false,CALIBRATION_MISSING,CALIBRATION_MISSING,kx134_single_node_i2c.0.1.0,kx134.v3
kx134.v3,NODE_PROTOTYPE,2,KX134_SENSOR_2,sensor_node_2,D4:E9:F4:C3:37:14,185804,1858520914,0,0,NA,0,4077,-28,127,0.995361,-0.006836,0.031006,100,100,8,UNCALIBRATED_SENSOR_2,false,CALIBRATION_MISSING,CALIBRATION_MISSING,kx134_single_node_i2c.0.1.0,kx134.v3
kx134.v3,NODE_PROTOTYPE,2,KX134_SENSOR_2,sensor_node_2,D4:E9:F4:C3:37:14,185805,1858530913,0,0,NA,0,4088,-33,134,0.998047,-0.008057,0.032715,100,100,8,UNCALIBRATED_SENSOR_2,false,CALIBRATION_MISSING,CALIBRATION_MISSING,kx134_single_node_i2c.0.1.0,kx134.v3
kx134.v3,NODE_PROTOTYPE,2,KX134_SENSOR_2,sensor_node_2,D4:E9:F4:C3:37:14,185806,1858540914,0,0,NA,0,4096,-48,146,1.000000,-0.011719,0.035645,100,100,8,UNCALIBRATED_SENSOR_2,false,CALIBRATION_MISSING,CALIBRATION_MISSING,kx134_single_node_i2c.0.1.0,kx134.v3
kx134.v3,NODE_PROTOTYPE,2,KX134_SENSOR_2,sensor_node_2,D4:E9:F4:C3:37:14,185807,1858550913,0,0,NA,0,4104,-62,157,1.001953,-0.015137,0.038330,100,100,8,UNCALIBRATED_SENSOR_2,false,CALIBRATION_MISSING,CALIBRATION_MISSING,kx134_single_node_i2c.0.1.0,kx134.v3
kx134.v3,NODE_PROTOTYPE,2,KX134_SENSOR_2,sensor_node_2,D4:E9:F4:C3:37:14,185808,1858560914,0,0,NA,0,4105,-57,163,1.002197,-0.013916,0.039795,100,100,8,UNCALIBRATED_SENSOR_2,false,CALIBRATION_MISSING,CALIBRATION_MISSING,kx134_single_node_i2c.0.1.0,kx134.v3
kx134.v3,NODE_PROTOTYPE,2,KX134_SENSOR_2,sensor_node_2,D4:E9:F4:C3:37:14,185809,1858570914,0,0,NA,0,4091,-27,162,0.998779,-0.006592,0.039551,100,100,8,UNCALIBRATED_SENSOR_2,false,CALIBRATION_MISSING,CALIBRATION_MISSING,kx134_single_node_i2c.0.1.0,kx134.v3
kx134.v3,NODE_PROTOTYPE,2,KX134_SENSOR_2,sensor_node_2,D4:E9:F4:C3:37:14,185810,1858580913,0,0,NA,0,4084,-27,156,0.997070,-0.006592,0.038086,100,100,8,UNCALIBRATED_SENSOR_2,false,CALIBRATION_MISSING,CALIBRATION_MISSING,kx134_single_node_i2c.0.1.0,kx134.v3
kx134.v3,NODE_PROTOTYPE,2,KX134_SENSOR_2,sensor_node_2,D4:E9:F4:C3:37:14,185811,1858590913,0,0,NA,0,4075,-81,145,0.994873,-0.019775,0.035400,100,100,8,UNCALIBRATED_SENSOR_2,false,CALIBRATION_MISSING,CALIBRATION_MISSING,kx134_single_node_i2c.0.1.0,kx134.v3
kx134.v3,NODE_PROTOTYPE,2,KX134_SENSOR_2,sensor_node_2,D4:E9:F4:C3:37:14,185812,1858600913,0,0,NA,0,4075,-104,138,0.994873,-0.025391,0.033691,100,100,8,UNCALIBRATED_SENSOR_2,false,CALIBRATION_MISSING,CALIBRATION_MISSING,kx134_single_node_i2c.0.1.0,kx134.v3
kx134.v3,NODE_PROTOTYPE,2,KX134_SENSOR_2,sensor_node_2,D4:E9:F4:C3:37:14,185813,1858610913,0,0,NA,0,4111,-90,173,1.003662,-0.021973,0.042236,100,100,8,UNCALIBRATED_SENSOR_2,false,CALIBRATION_MISSING,CALIBRATION_MISSING,kx134_single_node_i2c.0.1.0,kx134.v3
kx134.v3,NODE_PROTOTYPE,2,KX134_SENSOR_2,sensor_node_2,D4:E9:F4:C3:37:14,185814,1858620913,0,0,NA,0,4133,-80,195,1.009033,-0.019531,0.047607,100,100,8,UNCALIBRATED_SENSOR_2,false,CALIBRATION_MISSING,CALIBRATION_MISSING,kx134_single_node_i2c.0.1.0,kx134.v3
kx134.v3,NODE_PROTOTYPE,2,KX134_SENSOR_2,sensor_node_2,D4:E9:F4:C3:37:14,185815,1858630913,0,0,NA,0,4144,-80,175,1.011719,-0.019531,0.042725,100,100,8,UNCALIBRATED_SENSOR_2,false,CALIBRATION_MISSING,CALIBRATION_MISSING,kx134_single_node_i2c.0.1.0,kx134.v3
kx134.v3,NODE_PROTOTYPE,2,KX134_SENSOR_2,sensor_node_2,D4:E9:F4:C3:37:14,185816,1858640914,0,0,NA,0,4137,-65,178,1.010010,-0.015869,0.043457,100,100,8,UNCALIBRATED_SENSOR_2,false,CALIBRATION_MISSING,CALIBRATION_MISSING,kx134_single_node_i2c.0.1.0,kx134.v3
kx134.v3,NODE_PROTOTYPE,2,KX134_SENSOR_2,sensor_node_2,D4:E9:F4:C3:37:14,185817,1858650913,0,0,NA,0,4096,-40,173,1.000000,-0.009766,0.042236,100,100,8,UNCALIBRATED_SENSOR_2,false,CALIBRATION_MISSING,CALIBRATION_MISSING,kx134_single_node_i2c.0.1.0,kx134.v3
kx134.v3,NODE_PROTOTYPE,2,KX134_SENSOR_2,sensor_node_2,D4:E9:F4:C3:37:14,185818,1858660913,0,0,NA,0,4077,-55,151,0.995361,-0.013428,0.036865,100,100,8,UNCALIBRATED_SENSOR_2,false,CALIBRATION_MISSING,CALIBRATION_MISSING,kx134_single_node_i2c.0.1.0,kx134.v3
kx134.v3,NODE_PROTOTYPE,2,KX134_SENSOR_2,sensor_node_2,D4:E9:F4:C3:37:14,185819,1858670913,0,0,NA,0,4086,-64,144,0.997559,-0.015625,0.035156,100,100,8,UNCALIBRATED_SENSOR_2,false,CALIBRATION_MISSING,CALIBRATION_MISSING,kx134_single_node_i2c.0.1.0,kx134.v3
kx134.v3,NODE_PROTOTYPE,2,KX134_SENSOR_2,sensor_node_2,D4:E9:F4:C3:37:14,185820,1858680913,0,0,NA,0,4086,-34,134,0.997559,-0.008301,0.032715,100,100,8,UNCALIBRATED_SENSOR_2,false,CALIBRATION_MISSING,CALIBRATION_MISSING,kx134_single_node_i2c.0.1.0,kx134.v3
kx134.v3,NODE_PROTOTYPE,2,KX134_SENSOR_2,sensor_node_2,D4:E9:F4:C3:37:14,185821,1858690913,0,0,NA,0,4087,-26,113,0.997803,-0.006348,0.027588,100,100,8,UNCALIBRATED_SENSOR_2,false,CALIBRATION_MISSING,CALIBRATION_MISSING,kx134_single_node_i2c.0.1.0,kx134.v3
kx134.v3,NODE_PROTOTYPE,2,KX134_SENSOR_2,sensor_node_2,D4:E9:F4:C3:37:14,185822,1858700914,0,0,NA,0,4093,-40,105,0.999268,-0.009766,0.025635,100,100,8,UNCALIBRATED_SENSOR_2,false,CALIBRATION_MISSING,CALIBRATION_MISSING,kx134_single_node_i2c.0.1.0,kx134.v3
kx134.v3,NODE_PROTOTYPE,2,KX134_SENSOR_2,sensor_node_2,D4:E9:F4:C3:37:14,185823,1858710914,0,0,NA,0,4118,-52,124,1.005371,-0.012695,0.030273,100,100,8,UNCALIBRATED_SENSOR_2,false,CALIBRATION_MISSING,CALIBRATION_MISSING,kx134_single_node_i2c.0.1.0,kx134.v3
kx134.v3,NODE_PROTOTYPE,2,KX134_SENSOR_2,sensor_node_2,D4:E9:F4:C3:37:14,185824,1858720913,0,0,NA,0,4119,-75,131,1.005615,-0.018311,0.031982,100,100,8,UNCALIBRATED_SENSOR_2,false,CALIBRATION_MISSING,CALIBRATION_MISSING,kx134_single_node_i2c.0.1.0,kx134.v3
kx134.v3,NODE_PROTOTYPE,2,KX134_SENSOR_2,sensor_node_2,D4:E9:F4:C3:37:14,185825,1858730913,0,0,NA,0,4124,-81,148,1.006836,-0.019775,0.036133,100,100,8,UNCALIBRATED_SENSOR_2,false,CALIBRATION_MISSING,CALIBRATION_MISSING,kx134_single_node_i2c.0.1.0,kx134.v3
kx134.v3,NODE_PROTOTYPE,2,KX134_SENSOR_2,sensor_node_2,D4:E9:F4:C3:37:14,185826,1858740913,0,0,NA,0,4152,-68,170,1.013672,-0.016602,0.041504,100,100,8,UNCALIBRATED_SENSOR_2,false,CALIBRATION_MISSING,CALIBRATION_MISSING,kx134_single_node_i2c.0.1.0,kx134.v3
kx134.v3,NODE_PROTOTYPE,2,KX134_SENSOR_2,sensor_node_2,D4:E9:F4:C3:37:14,185827,1858750914,0,0,NA,0,4106,-69,168,1.002441,-0.016846,0.041016,100,100,8,UNCALIBRATED_SENSOR_2,false,CALIBRATION_MISSING,CALIBRATION_MISSING,kx134_single_node_i2c.0.1.0,kx134.v3
kx134.v3,NODE_PROTOTYPE,2,KX134_SENSOR_2,sensor_node_2,D4:E9:F4:C3:37:14,185828,1858760914,0,0,NA,0,4090,-56,164,0.998535,-0.013672,0.040039,100,100,8,UNCALIBRATED_SENSOR_2,false,CALIBRATION_MISSING,CALIBRATION_MISSING,kx134_single_node_i2c.0.1.0,kx134.v3
kx134.v3,NODE_PROTOTYPE,2,KX134_SENSOR_2,sensor_node_2,D4:E9:F4:C3:37:14,185829,1858770914,0,0,NA,0,4136,-37,136,1.009766,-0.009033,0.033203,100,100,8,UNCALIBRATED_SENSOR_2,false,CALIBRATION_MISSING,CALIBRATION_MISSING,kx134_single_node_i2c.0.1.0,kx134.v3
kx134.v3,NODE_PROTOTYPE,2,KX134_SENSOR_2,sensor_node_2,D4:E9:F4:C3:37:14,185830,1858780913,0,0,NA,0,4118,-25,110,1.005371,-0.006104,0.026855,100,100,8,UNCALIBRATED_SENSOR_2,false,CALIBRATION_MISSING,CALIBRATION_MISSING,kx134_single_node_i2c.0.1.0,kx134.v3
kx134.v3,NODE_PROTOTYPE,2,KX134_SENSOR_2,sensor_node_2,D4:E9:F4:C3:37:14,185831,1858790913,0,0,NA,0,4097,-32,83,1.000244,-0.007813,0.020264,100,100,8,UNCALIBRATED_SENSOR_2,false,CALIBRATION_MISSING,CALIBRATION_MISSING,kx134_single_node_i2c.0.1.0,kx134.v3
kx134.v3,NODE_PROTOTYPE,2,KX134_SENSOR_2,sensor_node_2,D4:E9:F4:C3:37:14,185832,1858800913,0,0,NA,0,4058,-23,49,0.990723,-0.005615,0.011963,100,100,8,UNCALIBRATED_SENSOR_2,false,CALIBRATION_MISSING,CALIBRATION_MISSING,kx134_single_node_i2c.0.1.0,kx134.v3
kx134.v3,NODE_PROTOTYPE,2,KX134_SENSOR_2,sensor_node_2,D4:E9:F4:C3:37:14,185833,1858810914,0,0,NA,0,4048,0,46,0.988281,0.000000,0.011230,100,100,8,UNCALIBRATED_SENSOR_2,false,CALIBRATION_MISSING,CALIBRATION_MISSING,kx134_single_node_i2c.0.1.0,kx134.v3
kx134.v3,NODE_PROTOTYPE,2,KX134_SENSOR_2,sensor_node_2,D4:E9:F4:C3:37:14,185834,1858820914,0,0,NA,0,4088,-9,80,0.998047,-0.002197,0.019531,100,100,8,UNCALIBRATED_SENSOR_2,false,CALIBRATION_MISSING,CALIBRATION_MISSING,kx134_single_node_i2c.0.1.0,kx134.v3
kx134.v3,NODE_PROTOTYPE,2,KX134_SENSOR_2,sensor_node_2,D4:E9:F4:C3:37:14,185835,1858830914,0,0,NA,0,4085,-32,121,0.997314,-0.007813,0.029541,100,100,8,UNCALIBRATED_SENSOR_2,false,CALIBRATION_MISSING,CALIBRATION_MISSING,kx134_single_node_i2c.0.1.0,kx134.v3
kx134.v3,NODE_PROTOTYPE,2,KX134_SENSOR_2,sensor_node_2,D4:E9:F4:C3:37:14,185836,1858840914,0,0,NA,0,4089,-27,114,0.998291,-0.006592,0.027832,100,100,8,UNCALIBRATED_SENSOR_2,false,CALIBRATION_MISSING,CALIBRATION_MISSING,kx134_single_node_i2c.0.1.0,kx134.v3
kx134.v3,NODE_PROTOTYPE,2,KX134_SENSOR_2,sensor_node_2,D4:E9:F4:C3:37:14,185837,1858850913,0,0,NA,0,4080,-24,107,0.996094,-0.005859,0.026123,100,100,8,UNCALIBRATED_SENSOR_2,false,CALIBRATION_MISSING,CALIBRATION_MISSING,kx134_single_node_i2c.0.1.0,kx134.v3
kx134.v3,NODE_PROTOTYPE,2,KX134_SENSOR_2,sensor_node_2,D4:E9:F4:C3:37:14,185838,1858860913,0,0,NA,0,4053,-28,120,0.989502,-0.006836,0.029297,100,100,8,UNCALIBRATED_SENSOR_2,false,CALIBRATION_MISSING,CALIBRATION_MISSING,kx134_single_node_i2c.0.1.0,kx134.v3
kx134.v3,NODE_PROTOTYPE,2,KX134_SENSOR_2,sensor_node_2,D4:E9:F4:C3:37:14,185839,1858870913,0,0,NA,0,4049,-27,133,0.988525,-0.006592,0.032471,100,100,8,UNCALIBRATED_SENSOR_2,false,CALIBRATION_MISSING,CALIBRATION_MISSING,kx134_single_node_i2c.0.1.0,kx134.v3
kx134.v3,NODE_PROTOTYPE,2,KX134_SENSOR_2,sensor_node_2,D4:E9:F4:C3:37:14,185840,1858880914,0,0,NA,0,4058,-43,132,0.990723,-0.010498,0.032227,100,100,8,UNCALIBRATED_SENSOR_2,false,CALIBRATION_MISSING,CALIBRATION_MISSING,kx134_single_node_i2c.0.1.0,kx134.v3
kx134.v3,NODE_PROTOTYPE,2,KX134_SENSOR_2,sensor_node_2,D4:E9:F4:C3:37:14,185841,1858890913,0,0,NA,0,4077,-67,138,0.995361,-0.016357,0.033691,100,100,8,UNCALIBRATED_SENSOR_2,false,CALIBRATION_MISSING,CALIBRATION_MISSING,kx134_single_node_i2c.0.1.0,kx134.v3
kx134.v3,NODE_PROTOTYPE,2,KX134_SENSOR_2,sensor_node_2,D4:E9:F4:C3:37:14,185842,1858900913,0,0,NA,0,4093,-65,156,0.999268,-0.015869,0.038086,100,100,8,UNCALIBRATED_SENSOR_2,false,CALIBRATION_MISSING,CALIBRATION_MISSING,kx134_single_node_i2c.0.1.0,kx134.v3
kx134.v3,NODE_PROTOTYPE,2,KX134_SENSOR_2,sensor_node_2,D4:E9:F4:C3:37:14,185843,1858910913,0,0,NA,0,4077,-52,145,0.995361,-0.012695,0.035400,100,100,8,UNCALIBRATED_SENSOR_2,false,CALIBRATION_MISSING,CALIBRATION_MISSING,kx134_single_node_i2c.0.1.0,kx134.v3
kx134.v3,NODE_PROTOTYPE,2,KX134_SENSOR_2,sensor_node_2,D4:E9:F4:C3:37:14,185844,1858920913,0,0,NA,0,4053,-36,112,0.989502,-0.008789,0.027344,100,100,8,UNCALIBRATED_SENSOR_2,false,CALIBRATION_MISSING,CALIBRATION_MISSING,kx134_single_node_i2c.0.1.0,kx134.v3
kx134.v3,NODE_PROTOTYPE,2,KX134_SENSOR_2,sensor_node_2,D4:E9:F4:C3:37:14,185845,1858930913,0,0,NA,0,4057,-13,122,0.990479,-0.003174,0.029785,100,100,8,UNCALIBRATED_SENSOR_2,false,CALIBRATION_MISSING,CALIBRATION_MISSING,kx134_single_node_i2c.0.1.0,kx134.v3
kx134.v3,NODE_PROTOTYPE,2,KX134_SENSOR_2,sensor_node_2,D4:E9:F4:C3:37:14,185846,1858940913,0,0,NA,0,4095,-20,171,0.999756,-0.004883,0.041748,100,100,8,UNCALIBRATED_SENSOR_2,false,CALIBRATION_MISSING,CALIBRATION_MISSING,kx134_single_node_i2c.0.1.0,kx134.v3
kx134.v3,NODE_PROTOTYPE,2,KX134_SENSOR_2,sensor_node_2,D4:E9:F4:C3:37:14,185847,1858950913,0,0,NA,0,4134,-45,174,1.009277,-0.010986,0.042480,100,100,8,UNCALIBRATED_SENSOR_2,false,CALIBRATION_MISSING,CALIBRATION_MISSING,kx134_single_node_i2c.0.1.0,kx134.v3
kx134.v3,NODE_PROTOTYPE,2,KX134_SENSOR_2,sensor_node_2,D4:E9:F4:C3:37:14,185848,1858960913,0,0,NA,0,4126,-56,124,1.007324,-0.013672,0.030273,100,100,8,UNCALIBRATED_SENSOR_2,false,CALIBRATION_MISSING,CALIBRATION_MISSING,kx134_single_node_i2c.0.1.0,kx134.v3
kx134.v3,NODE_PROTOTYPE,2,KX134_SENSOR_2,sensor_node_2,D4:E9:F4:C3:37:14,185849,1858970913,0,0,NA,0,4115,-51,107,1.004639,-0.012451,0.026123,100,100,8,UNCALIBRATED_SENSOR_2,false,CALIBRATION_MISSING,CALIBRATION_MISSING,kx134_single_node_i2c.0.1.0,kx134.v3
kx134.v3,NODE_PROTOTYPE,2,KX134_SENSOR_2,sensor_node_2,D4:E9:F4:C3:37:14,185850,1858980914,0,0,NA,0,4119,-24,120,1.005615,-0.005859,0.029297,100,100,8,UNCALIBRATED_SENSOR_2,false,CALIBRATION_MISSING,CALIBRATION_MISSING,kx134_single_node_i2c.0.1.0,kx134.v3
kx134.v3,NODE_PROTOTYPE,2,KX134_SENSOR_2,sensor_node_2,D4:E9:F4:C3:37:14,185851,1858990913,0,0,NA,0,4105,-16,125,1.002197,-0.003906,0.030518,100,100,8,UNCALIBRATED_SENSOR_2,false,CALIBRATION_MISSING,CALIBRATION_MISSING,kx134_single_node_i2c.0.1.0,kx134.v3
kx134.v3,NODE_PROTOTYPE,2,KX134_SENSOR_2,sensor_node_2,D4:E9:F4:C3:37:14,185852,1859000914,0,0,NA,0,4084,-24,124,0.997070,-0.005859,0.030273,100,100,8,UNCALIBRATED_SENSOR_2,false,CALIBRATION_MISSING,CALIBRATION_MISSING,kx134_single_node_i2c.0.1.0,kx134.v3
kx134.v3,NODE_PROTOTYPE,2,KX134_SENSOR_2,sensor_node_2,D4:E9:F4:C3:37:14,185853,1859010913,0,0,NA,0,4076,-10,128,0.995117,-0.002441,0.031250,100,100,8,UNCALIBRATED_SENSOR_2,false,CALIBRATION_MISSING,CALIBRATION_MISSING,kx134_single_node_i2c.0.1.0,kx134.v3
kx134.v3,NODE_PROTOTYPE,2,KX134_SENSOR_2,sensor_node_2,D4:E9:F4:C3:37:14,185854,1859020913,0,0,NA,0,4098,-10,138,1.000488,-0.002441,0.033691,100,100,8,UNCALIBRATED_SENSOR_2,false,CALIBRATION_MISSING,CALIBRATION_MISSING,kx134_single_node_i2c.0.1.0,kx134.v3
kx134.v3,NODE_PROTOTYPE,2,KX134_SENSOR_2,sensor_node_2,D4:E9:F4:C3:37:14,185855,1859030913,0,0,NA,0,4110,7,130,1.003418,0.001709,0.031738,100,100,8,UNCALIBRATED_SENSOR_2,false,CALIBRATION_MISSING,CALIBRATION_MISSING,kx134_single_node_i2c.0.1.0,kx134.v3
kx134.v3,NODE_PROTOTYPE,2,KX134_SENSOR_2,sensor_node_2,D4:E9:F4:C3:37:14,185856,1859040913,0,0,NA,0,4091,-3,128,0.998779,-0.000732,0.031250,100,100,8,UNCALIBRATED_SENSOR_2,false,CALIBRATION_MISSING,CALIBRATION_MISSING,kx134_single_node_i2c.0.1.0,kx134.v3
kx134.v3,NODE_PROTOTYPE,2,KX134_SENSOR_2,sensor_node_2,D4:E9:F4:C3:37:14,185857,1859050914,0,0,NA,0,4065,-31,128,0.992432,-0.007568,0.031250,100,100,8,UNCALIBRATED_SENSOR_2,false,CALIBRATION_MISSING,CALIBRATION_MISSING,kx134_single_node_i2c.0.1.0,kx134.v3
kx134.v3,NODE_PROTOTYPE,2,KX134_SENSOR_2,sensor_node_2,D4:E9:F4:C3:37:14,185858,1859060914,0,0,NA,0,4078,-19,127,0.995605,-0.004639,0.031006,100,100,8,UNCALIBRATED_SENSOR_2,false,CALIBRATION_MISSING,CALIBRATION_MISSING,kx134_single_node_i2c.0.1.0,kx134.v3
kx134.v3,NODE_PROTOTYPE,2,KX134_SENSOR_2,sensor_node_2,D4:E9:F4:C3:37:14,185859,1859070913,0,0,NA,0,4111,-28,130,1.003662,-0.006836,0.031738,100,100,8,UNCALIBRATED_SENSOR_2,false,CALIBRATION_MISSING,CALIBRATION_MISSING,kx134_single_node_i2c.0.1.0,kx134.v3
kx134.v3,NODE_PROTOTYPE,2,KX134_SENSOR_2,sensor_node_2,D4:E9:F4:C3:37:14,185860,1859080913,0,0,NA,0,4117,-42,140,1.005127,-0.010254,0.034180,100,100,8,UNCALIBRATED_SENSOR_2,false,CALIBRATION_MISSING,CALIBRATION_MISSING,kx134_single_node_i2c.0.1.0,kx134.v3
kx134.v3,NODE_PROTOTYPE,2,KX134_SENSOR_2,sensor_node_2,D4:E9:F4:C3:37:14,185861,1859090913,0,0,NA,0,4100,-43,155,1.000977,-0.010498,0.037842,100,100,8,UNCALIBRATED_SENSOR_2,false,CALIBRATION_MISSING,CALIBRATION_MISSING,kx134_single_node_i2c.0.1.0,kx134.v3
kx134.v3,NODE_PROTOTYPE,2,KX134_SENSOR_2,sensor_node_2,D4:E9:F4:C3:37:14,185862,1859100914,0,0,NA,0,4094,-30,132,0.999512,-0.007324,0.032227,100,100,8,UNCALIBRATED_SENSOR_2,false,CALIBRATION_MISSING,CALIBRATION_MISSING,kx134_single_node_i2c.0.1.0,kx134.v3
kx134.v3,NODE_PROTOTYPE,2,KX134_SENSOR_2,sensor_node_2,D4:E9:F4:C3:37:14,185863,1859110913,0,0,NA,0,4096,-26,85,1.000000,-0.006348,0.020752,100,100,8,UNCALIBRATED_SENSOR_2,false,CALIBRATION_MISSING,CALIBRATION_MISSING,kx134_single_node_i2c.0.1.0,kx134.v3
kx134.v3,NODE_PROTOTYPE,2,KX134_SENSOR_2,sensor_node_2,D4:E9:F4:C3:37:14,185864,1859120913,0,0,NA,0,4101,-38,98,1.001221,-0.009277,0.023926,100,100,8,UNCALIBRATED_SENSOR_2,false,CALIBRATION_MISSING,CALIBRATION_MISSING,kx134_single_node_i2c.0.1.0,kx134.v3
kx134.v3,NODE_PROTOTYPE,2,KX134_SENSOR_2,sensor_node_2,D4:E9:F4:C3:37:14,185865,1859130913,0,0,NA,0,4119,-49,121,1.005615,-0.011963,0.029541,100,100,8,UNCALIBRATED_SENSOR_2,false,CALIBRATION_MISSING,CALIBRATION_MISSING,kx134_single_node_i2c.0.1.0,kx134.v3
kx134.v3,NODE_PROTOTYPE,2,KX134_SENSOR_2,sensor_node_2,D4:E9:F4:C3:37:14,185866,1859140913,0,0,NA,0,4136,-70,122,1.009766,-0.017090,0.029785,100,100,8,UNCALIBRATED_SENSOR_2,false,CALIBRATION_MISSING,CALIBRATION_MISSING,kx134_single_node_i2c.0.1.0,kx134.v3
kx134.v3,NODE_PROTOTYPE,2,KX134_SENSOR_2,sensor_node_2,D4:E9:F4:C3:37:14,185867,1859150914,0,0,NA,0,4162,-77,120,1.016113,-0.018799,0.029297,100,100,8,UNCALIBRATED_SENSOR_2,false,CALIBRATION_MISSING,CALIBRATION_MISSING,kx134_single_node_i2c.0.1.0,kx134.v3
kx134.v3,NODE_PROTOTYPE,2,KX134_SENSOR_2,sensor_node_2,D4:E9:F4:C3:37:14,185868,1859160914,0,0,NA,0,4142,-44,99,1.011230,-0.010742,0.024170,100,100,8,UNCALIBRATED_SENSOR_2,false,CALIBRATION_MISSING,CALIBRATION_MISSING,kx134_single_node_i2c.0.1.0,kx134.v3
kx134.v3,NODE_PROTOTYPE,2,KX134_SENSOR_2,sensor_node_2,D4:E9:F4:C3:37:14,185869,1859170914,0,0,NA,0,4098,-42,88,1.000488,-0.010254,0.021484,100,100,8,UNCALIBRATED_SENSOR_2,false,CALIBRATION_MISSING,CALIBRATION_MISSING,kx134_single_node_i2c.0.1.0,kx134.v3
kx134.v3,NODE_PROTOTYPE,2,KX134_SENSOR_2,sensor_node_2,D4:E9:F4:C3:37:14,185870,1859180914,0,0,NA,0,4081,-55,86,0.996338,-0.013428,0.020996,100,100,8,UNCALIBRATED_SENSOR_2,false,CALIBRATION_MISSING,CALIBRATION_MISSING,kx134_single_node_i2c.0.1.0,kx134.v3
kx134.v3,NODE_PROTOTYPE,2,KX134_SENSOR_2,sensor_node_2,D4:E9:F4:C3:37:14,185871,1859190914,0,0,NA,0,4071,-37,109,0.993896,-0.009033,0.026611,100,100,8,UNCALIBRATED_SENSOR_2,false,CALIBRATION_MISSING,CALIBRATION_MISSING,kx134_single_node_i2c.0.1.0,kx134.v3
kx134.v3,NODE_PROTOTYPE,2,KX134_SENSOR_2,sensor_node_2,D4:E9:F4:C3:37:14,185872,1859200913,0,0,NA,0,4075,-45,136,0.994873,-0.010986,0.033203,100,100,8,UNCALIBRATED_SENSOR_2,false,CALIBRATION_MISSING,CALIBRATION_MISSING,kx134_single_node_i2c.0.1.0,kx134.v3
kx134.v3,NODE_PROTOTYPE,2,KX134_SENSOR_2,sensor_node_2,D4:E9:F4:C3:37:14,185873,1859210914,0,0,NA,0,4085,-59,129,0.997314,-0.014404,0.031494,100,100,8,UNCALIBRATED_SENSOR_2,false,CALIBRATION_MISSING,CALIBRATION_MISSING,kx134_single_node_i2c.0.1.0,kx134.v3
kx134.v3,NODE_PROTOTYPE,2,KX134_SENSOR_2,sensor_node_2,D4:E9:F4:C3:37:14,185874,1859220913,0,0,NA,0,4094,-51,134,0.999512,-0.012451,0.032715,100,100,8,UNCALIBRATED_SENSOR_2,false,CALIBRATION_MISSING,CALIBRATION_MISSING,kx134_single_node_i2c.0.1.0,kx134.v3
kx134.v3,NODE_PROTOTYPE,2,KX134_SENSOR_2,sensor_node_2,D4:E9:F4:C3:37:14,185875,1859230913,0,0,NA,0,4103,-119,201,1.001709,-0.029053,0.049072,100,100,8,UNCALIBRATED_SENSOR_2,false,CALIBRATION_MISSING,CALIBRATION_MISSING,kx134_single_node_i2c.0.1.0,kx134.v3
kx134.v3,NODE_PROTOTYPE,2,KX134_SENSOR_2,sensor_node_2,D4:E9:F4:C3:37:14,185876,1859240913,0,0,NA,0,4147,-182,269,1.012451,-0.044434,0.065674,100,100,8,UNCALIBRATED_SENSOR_2,false,CALIBRATION_MISSING,CALIBRATION_MISSING,kx134_single_node_i2c.0.1.0,kx134.v3
kx134.v3,NODE_PROTOTYPE,2,KX134_SENSOR_2,sensor_node_2,D4:E9:F4:C3:37:14,185877,1859250914,0,0,NA,0,4068,-51,199,0.993164,-0.012451,0.048584,100,100,8,UNCALIBRATED_SENSOR_2,false,CALIBRATION_MISSING,CALIBRATION_MISSING,kx134_single_node_i2c.0.1.0,kx134.v3
kx134.v3,NODE_PROTOTYPE,2,KX134_SENSOR_2,sensor_node_2,D4:E9:F4:C3:37:14,185878,1859260914,0,0,NA,0,3988,103,36,0.973633,0.025146,0.008789,100,100,8,UNCALIBRATED_SENSOR_2,false,CALIBRATION_MISSING,CALIBRATION_MISSING,kx134_single_node_i2c.0.1.0,kx134.v3
kx134.v3,NODE_PROTOTYPE,2,KX134_SENSOR_2,sensor_node_2,D4:E9:F4:C3:37:14,185879,1859270914,0,0,NA,0,3988,103,36,0.973633,0.025146,0.008789,100,100,8,UNCALIBRATED_SENSOR_2,false,CALIBRATION_MISSING,CALIBRATION_MISSING,kx134_single_node_i2c.0.1.0,kx134.v3
kx134.v3,NODE_PROTOTYPE,2,KX134_SENSOR_2,sensor_node_2,D4:E9:F4:C3:37:14,185880,1859280913,0,0,NA,0,4077,13,22,0.995361,0.003174,0.005371,100,100,8,UNCALIBRATED_SENSOR_2,false,CALIBRATION_MISSING,CALIBRATION_MISSING,kx134_single_node_i2c.0.1.0,kx134.v3
kx134.v3,NODE_PROTOTYPE,2,KX134_SENSOR_2,sensor_node_2,D4:E9:F4:C3:37:14,185881,1859290913,0,0,NA,0,4187,-179,189,1.022217,-0.043701,0.046143,100,100,8,UNCALIBRATED_SENSOR_2,false,CALIBRATION_MISSING,CALIBRATION_MISSING,kx134_single_node_i2c.0.1.0,kx134.v3
kx134.v3,NODE_PROTOTYPE,2,KX134_SENSOR_2,sensor_node_2,D4:E9:F4:C3:37:14,185882,1859300913,0,0,NA,0,4116,-80,237,1.004883,-0.019531,0.057861,100,100,8,UNCALIBRATED_SENSOR_2,false,CALIBRATION_MISSING,CALIBRATION_MISSING,kx134_single_node_i2c.0.1.0,kx134.v3
kx134.v3,NODE_PROTOTYPE,2,KX134_SENSOR_2,sensor_node_2,D4:E9:F4:C3:37:14,185883,1859310913,0,0,NA,0,3970,92,115,0.969238,0.022461,0.028076,100,100,8,UNCALIBRATED_SENSOR_2,false,CALIBRATION_MISSING,CALIBRATION_MISSING,kx134_single_node_i2c.0.1.0,kx134.v3
kx134.v3,NODE_PROTOTYPE,2,KX134_SENSOR_2,sensor_node_2,D4:E9:F4:C3:37:14,185884,1859320913,0,0,NA,0,3823,84,42,0.933350,0.020508,0.010254,100,100,8,UNCALIBRATED_SENSOR_2,false,CALIBRATION_MISSING,CALIBRATION_MISSING,kx134_single_node_i2c.0.1.0,kx134.v3
kx134.v3,NODE_PROTOTYPE,2,KX134_SENSOR_2,sensor_node_2,D4:E9:F4:C3:37:14,185885,1859330913,0,0,NA,0,3731,155,-23,0.910889,0.037842,-0.005615,100,100,8,UNCALIBRATED_SENSOR_2,false,CALIBRATION_MISSING,CALIBRATION_MISSING,kx134_single_node_i2c.0.1.0,kx134.v3
kx134.v3,NODE_PROTOTYPE,2,KX134_SENSOR_2,sensor_node_2,D4:E9:F4:C3:37:14,185886,1859340913,0,0,NA,0,3945,215,-50,0.963135,0.052490,-0.012207,100,100,8,UNCALIBRATED_SENSOR_2,false,CALIBRATION_MISSING,CALIBRATION_MISSING,kx134_single_node_i2c.0.1.0,kx134.v3
kx134.v3,NODE_PROTOTYPE,2,KX134_SENSOR_2,sensor_node_2,D4:E9:F4:C3:37:14,185887,1859350914,0,0,NA,0,4098,135,-26,1.000488,0.032959,-0.006348,100,100,8,UNCALIBRATED_SENSOR_2,false,CALIBRATION_MISSING,CALIBRATION_MISSING,kx134_single_node_i2c.0.1.0,kx134.v3
kx134.v3,NODE_PROTOTYPE,2,KX134_SENSOR_2,sensor_node_2,D4:E9:F4:C3:37:14,185888,1859360914,0,0,NA,0,4093,57,38,0.999268,0.013916,0.009277,100,100,8,UNCALIBRATED_SENSOR_2,false,CALIBRATION_MISSING,CALIBRATION_MISSING,kx134_single_node_i2c.0.1.0,kx134.v3
kx134.v3,NODE_PROTOTYPE,2,KX134_SENSOR_2,sensor_node_2,D4:E9:F4:C3:37:14,185889,1859370913,0,0,NA,0,4041,-1,168,0.986572,-0.000244,0.041016,100,100,8,UNCALIBRATED_SENSOR_2,false,CALIBRATION_MISSING,CALIBRATION_MISSING,kx134_single_node_i2c.0.1.0,kx134.v3
kx134.v3,NODE_PROTOTYPE,2,KX134_SENSOR_2,sensor_node_2,D4:E9:F4:C3:37:14,185890,1859380914,0,0,NA,0,4040,7,188,0.986328,0.001709,0.045898,100,100,8,UNCALIBRATED_SENSOR_2,false,CALIBRATION_MISSING,CALIBRATION_MISSING,kx134_single_node_i2c.0.1.0,kx134.v3
kx134.v3,NODE_PROTOTYPE,2,KX134_SENSOR_2,sensor_node_2,D4:E9:F4:C3:37:14,185891,1859390913,0,0,NA,0,4096,13,164,1.000000,0.003174,0.040039,100,100,8,UNCALIBRATED_SENSOR_2,false,CALIBRATION_MISSING,CALIBRATION_MISSING,kx134_single_node_i2c.0.1.0,kx134.v3
kx134.v3,NODE_PROTOTYPE,2,KX134_SENSOR_2,sensor_node_2,D4:E9:F4:C3:37:14,185892,1859400913,0,0,NA,0,4086,-18,183,0.997559,-0.004395,0.044678,100,100,8,UNCALIBRATED_SENSOR_2,false,CALIBRATION_MISSING,CALIBRATION_MISSING,kx134_single_node_i2c.0.1.0,kx134.v3
kx134.v3,NODE_PROTOTYPE,2,KX134_SENSOR_2,sensor_node_2,D4:E9:F4:C3:37:14,185893,1859410913,0,0,NA,0,4092,-30,182,0.999023,-0.007324,0.044434,100,100,8,UNCALIBRATED_SENSOR_2,false,CALIBRATION_MISSING,CALIBRATION_MISSING,kx134_single_node_i2c.0.1.0,kx134.v3
kx134.v3,NODE_PROTOTYPE,2,KX134_SENSOR_2,sensor_node_2,D4:E9:F4:C3:37:14,185894,1859420913,0,0,NA,0,4087,-81,179,0.997803,-0.019775,0.043701,100,100,8,UNCALIBRATED_SENSOR_2,false,CALIBRATION_MISSING,CALIBRATION_MISSING,kx134_single_node_i2c.0.1.0,kx134.v3
kx134.v3,NODE_PROTOTYPE,2,KX134_SENSOR_2,sensor_node_2,D4:E9:F4:C3:37:14,185895,1859430914,0,0,NA,0,4097,-99,169,1.000244,-0.024170,0.041260,100,100,8,UNCALIBRATED_SENSOR_2,false,CALIBRATION_MISSING,CALIBRATION_MISSING,kx134_single_node_i2c.0.1.0,kx134.v3
kx134.v3,NODE_PROTOTYPE,2,KX134_SENSOR_2,sensor_node_2,D4:E9:F4:C3:37:14,185896,1859440914,0,0,NA,0,4095,-52,136,0.999756,-0.012695,0.033203,100,100,8,UNCALIBRATED_SENSOR_2,false,CALIBRATION_MISSING,CALIBRATION_MISSING,kx134_single_node_i2c.0.1.0,kx134.v3
kx134.v3,NODE_PROTOTYPE,2,KX134_SENSOR_2,sensor_node_2,D4:E9:F4:C3:37:14,185897,1859450914,0,0,NA,0,4104,-64,149,1.001953,-0.015625,0.036377,100,100,8,UNCALIBRATED_SENSOR_2,false,CALIBRATION_MISSING,CALIBRATION_MISSING,kx134_single_node_i2c.0.1.0,kx134.v3
kx134.v3,NODE_PROTOTYPE,2,KX134_SENSOR_2,sensor_node_2,D4:E9:F4:C3:37:14,185898,1859460913,0,0,NA,0,4121,-92,173,1.006104,-0.022461,0.042236,100,100,8,UNCALIBRATED_SENSOR_2,false,CALIBRATION_MISSING,CALIBRATION_MISSING,kx134_single_node_i2c.0.1.0,kx134.v3
kx134.v3,NODE_PROTOTYPE,2,KX134_SENSOR_2,sensor_node_2,D4:E9:F4:C3:37:14,185899,1859470914,0,0,NA,0,4132,-80,177,1.008789,-0.019531,0.043213,100,100,8,UNCALIBRATED_SENSOR_2,false,CALIBRATION_MISSING,CALIBRATION_MISSING,kx134_single_node_i2c.0.1.0,kx134.v3
kx134.v3,NODE_PROTOTYPE,2,KX134_SENSOR_2,sensor_node_2,D4:E9:F4:C3:37:14,185900,1859480913,0,0,NA,0,4119,-79,151,1.005615,-0.019287,0.036865,100,100,8,UNCALIBRATED_SENSOR_2,false,CALIBRATION_MISSING,CALIBRATION_MISSING,kx134_single_node_i2c.0.1.0,kx134.v3
kx134.v3,NODE_PROTOTYPE,2,KX134_SENSOR_2,sensor_node_2,D4:E9:F4:C3:37:14,185901,1859490914,0,0,NA,0,4072,-65,121,0.994141,-0.015869,0.029541,100,100,8,UNCALIBRATED_SENSOR_2,false,CALIBRATION_MISSING,CALIBRATION_MISSING,kx134_single_node_i2c.0.1.0,kx134.v3
kx134.v3,NODE_PROTOTYPE,2,KX134_SENSOR_2,sensor_node_2,D4:E9:F4:C3:37:14,185902,1859500914,0,0,NA,0,4034,-43,103,0.984863,-0.010498,0.025146,100,100,8,UNCALIBRATED_SENSOR_2,false,CALIBRATION_MISSING,CALIBRATION_MISSING,kx134_single_node_i2c.0.1.0,kx134.v3
kx134.v3,NODE_PROTOTYPE,2,KX134_SENSOR_2,sensor_node_2,D4:E9:F4:C3:37:14,185903,1859510913,0,0,NA,0,4036,-51,101,0.985352,-0.012451,0.024658,100,100,8,UNCALIBRATED_SENSOR_2,false,CALIBRATION_MISSING,CALIBRATION_MISSING,kx134_single_node_i2c.0.1.0,kx134.v3
kx134.v3,NODE_PROTOTYPE,2,KX134_SENSOR_2,sensor_node_2,D4:E9:F4:C3:37:14,185904,1859520914,0,0,NA,0,4052,-55,120,0.989258,-0.013428,0.029297,100,100,8,UNCALIBRATED_SENSOR_2,false,CALIBRATION_MISSING,CALIBRATION_MISSING,kx134_single_node_i2c.0.1.0,kx134.v3
kx134.v3,NODE_PROTOTYPE,2,KX134_SENSOR_2,sensor_node_2,D4:E9:F4:C3:37:14,185905,1859530913,0,0,NA,0,4066,-55,107,0.992676,-0.013428,0.026123,100,100,8,UNCALIBRATED_SENSOR_2,false,CALIBRATION_MISSING,CALIBRATION_MISSING,kx134_single_node_i2c.0.1.0,kx134.v3
kx134.v3,NODE_PROTOTYPE,2,KX134_SENSOR_2,sensor_node_2,D4:E9:F4:C3:37:14,185906,1859540913,0,0,NA,0,4095,-61,105,0.999756,-0.014893,0.025635,100,100,8,UNCALIBRATED_SENSOR_2,false,CALIBRATION_MISSING,CALIBRATION_MISSING,kx134_single_node_i2c.0.1.0,kx134.v3
kx134.v3,NODE_PROTOTYPE,2,KX134_SENSOR_2,sensor_node_2,D4:E9:F4:C3:37:14,185907,1859550913,0,0,NA,0,4112,-73,147,1.003906,-0.017822,0.035889,100,100,8,UNCALIBRATED_SENSOR_2,false,CALIBRATION_MISSING,CALIBRATION_MISSING,kx134_single_node_i2c.0.1.0,kx134.v3
kx134.v3,NODE_PROTOTYPE,2,KX134_SENSOR_2,sensor_node_2,D4:E9:F4:C3:37:14,185908,1859560914,0,0,NA,0,4090,-71,146,0.998535,-0.017334,0.035645,100,100,8,UNCALIBRATED_SENSOR_2,false,CALIBRATION_MISSING,CALIBRATION_MISSING,kx134_single_node_i2c.0.1.0,kx134.v3
kx134.v3,NODE_PROTOTYPE,2,KX134_SENSOR_2,sensor_node_2,D4:E9:F4:C3:37:14,185909,1859570913,0,0,NA,0,4063,-56,125,0.991943,-0.013672,0.030518,100,100,8,UNCALIBRATED_SENSOR_2,false,CALIBRATION_MISSING,CALIBRATION_MISSING,kx134_single_node_i2c.0.1.0,kx134.v3
kx134.v3,NODE_PROTOTYPE,2,KX134_SENSOR_2,sensor_node_2,D4:E9:F4:C3:37:14,185910,1859580913,0,0,NA,0,4076,-52,146,0.995117,-0.012695,0.035645,100,100,8,UNCALIBRATED_SENSOR_2,false,CALIBRATION_MISSING,CALIBRATION_MISSING,kx134_single_node_i2c.0.1.0,kx134.v3
kx134.v3,NODE_PROTOTYPE,2,KX134_SENSOR_2,sensor_node_2,D4:E9:F4:C3:37:14,185911,1859590913,0,0,NA,0,4109,-63,157,1.003174,-0.015381,0.038330,100,100,8,UNCALIBRATED_SENSOR_2,false,CALIBRATION_MISSING,CALIBRATION_MISSING,kx134_single_node_i2c.0.1.0,kx134.v3
kx134.v3,NODE_PROTOTYPE,2,KX134_SENSOR_2,sensor_node_2,D4:E9:F4:C3:37:14,185912,1859600914,0,0,NA,0,4100,-58,151,1.000977,-0.014160,0.036865,100,100,8,UNCALIBRATED_SENSOR_2,false,CALIBRATION_MISSING,CALIBRATION_MISSING,kx134_single_node_i2c.0.1.0,kx134.v3
kx134.v3,NODE_PROTOTYPE,2,KX134_SENSOR_2,sensor_node_2,D4:E9:F4:C3:37:14,185913,1859610914,0,0,NA,0,4065,-43,126,0.992432,-0.010498,0.030762,100,100,8,UNCALIBRATED_SENSOR_2,false,CALIBRATION_MISSING,CALIBRATION_MISSING,kx134_single_node_i2c.0.1.0,kx134.v3
kx134.v3,NODE_PROTOTYPE,2,KX134_SENSOR_2,sensor_node_2,D4:E9:F4:C3:37:14,185914,1859620913,0,0,NA,0,4058,-46,105,0.990723,-0.011230,0.025635,100,100,8,UNCALIBRATED_SENSOR_2,false,CALIBRATION_MISSING,CALIBRATION_MISSING,kx134_single_node_i2c.0.1.0,kx134.v3
kx134.v3,NODE_PROTOTYPE,2,KX134_SENSOR_2,sensor_node_2,D4:E9:F4:C3:37:14,185915,1859630913,0,0,NA,0,4076,-43,104,0.995117,-0.010498,0.025391,100,100,8,UNCALIBRATED_SENSOR_2,false,CALIBRATION_MISSING,CALIBRATION_MISSING,kx134_single_node_i2c.0.1.0,kx134.v3
kx134.v3,NODE_PROTOTYPE,2,KX134_SENSOR_2,sensor_node_2,D4:E9:F4:C3:37:14,185916,1859640913,0,0,NA,0,4077,-40,81,0.995361,-0.009766,0.019775,100,100,8,UNCALIBRATED_SENSOR_2,false,CALIBRATION_MISSING,CALIBRATION_MISSING,kx134_single_node_i2c.0.1.0,kx134.v3
kx134.v3,NODE_PROTOTYPE,2,KX134_SENSOR_2,sensor_node_2,D4:E9:F4:C3:37:14,185917,1859650914,0,0,NA,0,4082,-39,90,0.996582,-0.009521,0.021973,100,100,8,UNCALIBRATED_SENSOR_2,false,CALIBRATION_MISSING,CALIBRATION_MISSING,kx134_single_node_i2c.0.1.0,kx134.v3
kx134.v3,NODE_PROTOTYPE,2,KX134_SENSOR_2,sensor_node_2,D4:E9:F4:C3:37:14,185918,1859660913,0,0,NA,0,4134,-70,115,1.009277,-0.017090,0.028076,100,100,8,UNCALIBRATED_SENSOR_2,false,CALIBRATION_MISSING,CALIBRATION_MISSING,kx134_single_node_i2c.0.1.0,kx134.v3
kx134.v3,NODE_PROTOTYPE,2,KX134_SENSOR_2,sensor_node_2,D4:E9:F4:C3:37:14,185919,1859670913,0,0,NA,0,4135,-77,124,1.009521,-0.018799,0.030273,100,100,8,UNCALIBRATED_SENSOR_2,false,CALIBRATION_MISSING,CALIBRATION_MISSING,kx134_single_node_i2c.0.1.0,kx134.v3
kx134.v3,NODE_PROTOTYPE,2,KX134_SENSOR_2,sensor_node_2,D4:E9:F4:C3:37:14,185920,1859680913,0,0,NA,0,4113,-64,109,1.004150,-0.015625,0.026611,100,100,8,UNCALIBRATED_SENSOR_2,false,CALIBRATION_MISSING,CALIBRATION_MISSING,kx134_single_node_i2c.0.1.0,kx134.v3
kx134.v3,NODE_PROTOTYPE,2,KX134_SENSOR_2,sensor_node_2,D4:E9:F4:C3:37:14,185921,1859690913,0,0,NA,0,4112,-36,102,1.003906,-0.008789,0.024902,100,100,8,UNCALIBRATED_SENSOR_2,false,CALIBRATION_MISSING,CALIBRATION_MISSING,kx134_single_node_i2c.0.1.0,kx134.v3
kx134.v3,NODE_PROTOTYPE,2,KX134_SENSOR_2,sensor_node_2,D4:E9:F4:C3:37:14,185922,1859700913,0,0,NA,0,4108,-13,112,1.002930,-0.003174,0.027344,100,100,8,UNCALIBRATED_SENSOR_2,false,CALIBRATION_MISSING,CALIBRATION_MISSING,kx134_single_node_i2c.0.1.0,kx134.v3
kx134.v3,NODE_PROTOTYPE,2,KX134_SENSOR_2,sensor_node_2,D4:E9:F4:C3:37:14,185923,1859710913,0,0,NA,0,4102,-68,100,1.001465,-0.016602,0.024414,100,100,8,UNCALIBRATED_SENSOR_2,false,CALIBRATION_MISSING,CALIBRATION_MISSING,kx134_single_node_i2c.0.1.0,kx134.v3
kx134.v3,NODE_PROTOTYPE,2,KX134_SENSOR_2,sensor_node_2,D4:E9:F4:C3:37:14,185924,1859720914,0,0,NA,0,4099,-70,120,1.000732,-0.017090,0.029297,100,100,8,UNCALIBRATED_SENSOR_2,false,CALIBRATION_MISSING,CALIBRATION_MISSING,kx134_single_node_i2c.0.1.0,kx134.v3
kx134.v3,NODE_PROTOTYPE,2,KX134_SENSOR_2,sensor_node_2,D4:E9:F4:C3:37:14,185925,1859730913,0,0,NA,0,4106,-10,147,1.002441,-0.002441,0.035889,100,100,8,UNCALIBRATED_SENSOR_2,false,CALIBRATION_MISSING,CALIBRATION_MISSING,kx134_single_node_i2c.0.1.0,kx134.v3
kx134.v3,NODE_PROTOTYPE,2,KX134_SENSOR_2,sensor_node_2,D4:E9:F4:C3:37:14,185926,1859740913,0,0,NA,0,4113,15,175,1.004150,0.003662,0.042725,100,100,8,UNCALIBRATED_SENSOR_2,false,CALIBRATION_MISSING,CALIBRATION_MISSING,kx134_single_node_i2c.0.1.0,kx134.v3
kx134.v3,NODE_PROTOTYPE,2,KX134_SENSOR_2,sensor_node_2,D4:E9:F4:C3:37:14,185927,1859750913,0,0,NA,0,4084,12,176,0.997070,0.002930,0.042969,100,100,8,UNCALIBRATED_SENSOR_2,false,CALIBRATION_MISSING,CALIBRATION_MISSING,kx134_single_node_i2c.0.1.0,kx134.v3
kx134.v3,NODE_PROTOTYPE,2,KX134_SENSOR_2,sensor_node_2,D4:E9:F4:C3:37:14,185928,1859760913,0,0,NA,0,4091,-11,164,0.998779,-0.002686,0.040039,100,100,8,UNCALIBRATED_SENSOR_2,false,CALIBRATION_MISSING,CALIBRATION_MISSING,kx134_single_node_i2c.0.1.0,kx134.v3
kx134.v3,NODE_PROTOTYPE,2,KX134_SENSOR_2,sensor_node_2,D4:E9:F4:C3:37:14,185929,1859770914,0,0,NA,0,4128,-16,143,1.007813,-0.003906,0.034912,100,100,8,UNCALIBRATED_SENSOR_2,false,CALIBRATION_MISSING,CALIBRATION_MISSING,kx134_single_node_i2c.0.1.0,kx134.v3
kx134.v3,NODE_PROTOTYPE,2,KX134_SENSOR_2,sensor_node_2,D4:E9:F4:C3:37:14,185930,1859780913,0,0,NA,0,4139,-24,107,1.010498,-0.005859,0.026123,100,100,8,UNCALIBRATED_SENSOR_2,false,CALIBRATION_MISSING,CALIBRATION_MISSING,kx134_single_node_i2c.0.1.0,kx134.v3
kx134.v3,NODE_PROTOTYPE,2,KX134_SENSOR_2,sensor_node_2,D4:E9:F4:C3:37:14,185931,1859790913,0,0,NA,0,4130,-42,111,1.008301,-0.010254,0.027100,100,100,8,UNCALIBRATED_SENSOR_2,false,CALIBRATION_MISSING,CALIBRATION_MISSING,kx134_single_node_i2c.0.1.0,kx134.v3
kx134.v3,NODE_PROTOTYPE,2,KX134_SENSOR_2,sensor_node_2,D4:E9:F4:C3:37:14,185932,1859800914,0,0,NA,0,4092,-43,107,0.999023,-0.010498,0.026123,100,100,8,UNCALIBRATED_SENSOR_2,false,CALIBRATION_MISSING,CALIBRATION_MISSING,kx134_single_node_i2c.0.1.0,kx134.v3
kx134.v3,NODE_PROTOTYPE,2,KX134_SENSOR_2,sensor_node_2,D4:E9:F4:C3:37:14,185933,1859810913,0,0,NA,0,4087,-65,104,0.997803,-0.015869,0.025391,100,100,8,UNCALIBRATED_SENSOR_2,false,CALIBRATION_MISSING,CALIBRATION_MISSING,kx134_single_node_i2c.0.1.0,kx134.v3
kx134.v3,NODE_PROTOTYPE,2,KX134_SENSOR_2,sensor_node_2,D4:E9:F4:C3:37:14,185934,1859820913,0,0,NA,0,4081,-62,125,0.996338,-0.015137,0.030518,100,100,8,UNCALIBRATED_SENSOR_2,false,CALIBRATION_MISSING,CALIBRATION_MISSING,kx134_single_node_i2c.0.1.0,kx134.v3
kx134.v3,NODE_PROTOTYPE,2,KX134_SENSOR_2,sensor_node_2,D4:E9:F4:C3:37:14,185935,1859830913,0,0,NA,0,4093,-34,147,0.999268,-0.008301,0.035889,100,100,8,UNCALIBRATED_SENSOR_2,false,CALIBRATION_MISSING,CALIBRATION_MISSING,kx134_single_node_i2c.0.1.0,kx134.v3
kx134.v3,NODE_PROTOTYPE,2,KX134_SENSOR_2,sensor_node_2,D4:E9:F4:C3:37:14,185936,1859840913,0,0,NA,0,4107,-30,148,1.002686,-0.007324,0.036133,100,100,8,UNCALIBRATED_SENSOR_2,false,CALIBRATION_MISSING,CALIBRATION_MISSING,kx134_single_node_i2c.0.1.0,kx134.v3
kx134.v3,NODE_PROTOTYPE,2,KX134_SENSOR_2,sensor_node_2,D4:E9:F4:C3:37:14,185937,1859850913,0,0,NA,0,4086,-22,150,0.997559,-0.005371,0.036621,100,100,8,UNCALIBRATED_SENSOR_2,false,CALIBRATION_MISSING,CALIBRATION_MISSING,kx134_single_node_i2c.0.1.0,kx134.v3
kx134.v3,NODE_PROTOTYPE,2,KX134_SENSOR_2,sensor_node_2,D4:E9:F4:C3:37:14,185938,1859860914,0,0,NA,0,4095,-33,152,0.999756,-0.008057,0.037109,100,100,8,UNCALIBRATED_SENSOR_2,false,CALIBRATION_MISSING,CALIBRATION_MISSING,kx134_single_node_i2c.0.1.0,kx134.v3
kx134.v3,NODE_PROTOTYPE,2,KX134_SENSOR_2,sensor_node_2,D4:E9:F4:C3:37:14,185939,1859870913,0,0,NA,0,4102,-54,155,1.001465,-0.013184,0.037842,100,100,8,UNCALIBRATED_SENSOR_2,false,CALIBRATION_MISSING,CALIBRATION_MISSING,kx134_single_node_i2c.0.1.0,kx134.v3
kx134.v3,NODE_PROTOTYPE,2,KX134_SENSOR_2,sensor_node_2,D4:E9:F4:C3:37:14,185940,1859880914,0,0,NA,0,4093,-47,165,0.999268,-0.011475,0.040283,100,100,8,UNCALIBRATED_SENSOR_2,false,CALIBRATION_MISSING,CALIBRATION_MISSING,kx134_single_node_i2c.0.1.0,kx134.v3
kx134.v3,NODE_PROTOTYPE,2,KX134_SENSOR_2,sensor_node_2,D4:E9:F4:C3:37:14,185941,1859890913,0,0,NA,0,4087,-41,141,0.997803,-0.010010,0.034424,100,100,8,UNCALIBRATED_SENSOR_2,false,CALIBRATION_MISSING,CALIBRATION_MISSING,kx134_single_node_i2c.0.1.0,kx134.v3
kx134.v3,NODE_PROTOTYPE,2,KX134_SENSOR_2,sensor_node_2,D4:E9:F4:C3:37:14,185942,1859900913,0,0,NA,0,4073,-54,116,0.994385,-0.013184,0.028320,100,100,8,UNCALIBRATED_SENSOR_2,false,CALIBRATION_MISSING,CALIBRATION_MISSING,kx134_single_node_i2c.0.1.0,kx134.v3
kx134.v3,NODE_PROTOTYPE,2,KX134_SENSOR_2,sensor_node_2,D4:E9:F4:C3:37:14,185943,1859910913,0,0,NA,0,4060,-64,86,0.991211,-0.015625,0.020996,100,100,8,UNCALIBRATED_SENSOR_2,false,CALIBRATION_MISSING,CALIBRATION_MISSING,kx134_single_node_i2c.0.1.0,kx134.v3
kx134.v3,NODE_PROTOTYPE,2,KX134_SENSOR_2,sensor_node_2,D4:E9:F4:C3:37:14,185944,1859920913,0,0,NA,0,4071,-77,60,0.993896,-0.018799,0.014648,100,100,8,UNCALIBRATED_SENSOR_2,false,CALIBRATION_MISSING,CALIBRATION_MISSING,kx134_single_node_i2c.0.1.0,kx134.v3
kx134.v3,NODE_PROTOTYPE,2,KX134_SENSOR_2,sensor_node_2,D4:E9:F4:C3:37:14,185945,1859930914,0,0,NA,0,4076,-77,65,0.995117,-0.018799,0.015869,100,100,8,UNCALIBRATED_SENSOR_2,false,CALIBRATION_MISSING,CALIBRATION_MISSING,kx134_single_node_i2c.0.1.0,kx134.v3
kx134.v3,NODE_PROTOTYPE,2,KX134_SENSOR_2,sensor_node_2,D4:E9:F4:C3:37:14,185946,1859940913,0,0,NA,0,4063,-44,65,0.991943,-0.010742,0.015869,100,100,8,UNCALIBRATED_SENSOR_2,false,CALIBRATION_MISSING,CALIBRATION_MISSING,kx134_single_node_i2c.0.1.0,kx134.v3
kx134.v3,NODE_PROTOTYPE,2,KX134_SENSOR_2,sensor_node_2,D4:E9:F4:C3:37:14,185947,1859950913,0,0,NA,0,4074,-27,74,0.994629,-0.006592,0.018066,100,100,8,UNCALIBRATED_SENSOR_2,false,CALIBRATION_MISSING,CALIBRATION_MISSING,kx134_single_node_i2c.0.1.0,kx134.v3
kx134.v3,NODE_PROTOTYPE,2,KX134_SENSOR_2,sensor_node_2,D4:E9:F4:C3:37:14,185948,1859960914,0,0,NA,0,4071,-27,102,0.993896,-0.006592,0.024902,100,100,8,UNCALIBRATED_SENSOR_2,false,CALIBRATION_MISSING,CALIBRATION_MISSING,kx134_single_node_i2c.0.1.0,kx134.v3
kx134.v3,NODE_PROTOTYPE,2,KX134_SENSOR_2,sensor_node_2,D4:E9:F4:C3:37:14,185949,1859970914,0,0,NA,0,4061,0,129,0.991455,0.000000,0.031494,100,100,8,UNCALIBRATED_SENSOR_2,false,CALIBRATION_MISSING,CALIBRATION_MISSING,kx134_single_node_i2c.0.1.0,kx134.v3
kx134.v3,NODE_PROTOTYPE,2,KX134_SENSOR_2,sensor_node_2,D4:E9:F4:C3:37:14,185950,1859980913,0,0,NA,0,4095,0,138,0.999756,0.000000,0.033691,100,100,8,UNCALIBRATED_SENSOR_2,false,CALIBRATION_MISSING,CALIBRATION_MISSING,kx134_single_node_i2c.0.1.0,kx134.v3
kx134.v3,NODE_PROTOTYPE,2,KX134_SENSOR_2,sensor_node_2,D4:E9:F4:C3:37:14,185951,1859990913,0,0,NA,0,4099,-37,127,1.000732,-0.009033,0.031006,100,100,8,UNCALIBRATED_SENSOR_2,false,CALIBRATION_MISSING,CALIBRATION_MISSING,kx134_single_node_i2c.0.1.0,kx134.v3
kx134.v3,NODE_PROTOTYPE,2,KX134_SENSOR_2,sensor_node_2,D4:E9:F4:C3:37:14,185952,1860000913,0,0,NA,0,4071,-42,96,0.993896,-0.010254,0.023437,100,100,8,UNCALIBRATED_SENSOR_2,false,CALIBRATION_MISSING,CALIBRATION_MISSING,kx134_single_node_i2c.0.1.0,kx134.v3
kx134.v3,NODE_PROTOTYPE,2,KX134_SENSOR_2,sensor_node_2,D4:E9:F4:C3:37:14,185953,1860010913,0,0,NA,0,4076,-53,109,0.995117,-0.012939,0.026611,100,100,8,UNCALIBRATED_SENSOR_2,false,CALIBRATION_MISSING,CALIBRATION_MISSING,kx134_single_node_i2c.0.1.0,kx134.v3
kx134.v3,NODE_PROTOTYPE,2,KX134_SENSOR_2,sensor_node_2,D4:E9:F4:C3:37:14,185954,1860020914,0,0,NA,0,4064,-56,132,0.992187,-0.013672,0.032227,100,100,8,UNCALIBRATED_SENSOR_2,false,CALIBRATION_MISSING,CALIBRATION_MISSING,kx134_single_node_i2c.0.1.0,kx134.v3
kx134.v3,NODE_PROTOTYPE,2,KX134_SENSOR_2,sensor_node_2,D4:E9:F4:C3:37:14,185955,1860030913,0,0,NA,0,4064,-24,135,0.992187,-0.005859,0.032959,100,100,8,UNCALIBRATED_SENSOR_2,false,CALIBRATION_MISSING,CALIBRATION_MISSING,kx134_single_node_i2c.0.1.0,kx134.v3
kx134.v3,NODE_PROTOTYPE,2,KX134_SENSOR_2,sensor_node_2,D4:E9:F4:C3:37:14,185956,1860040914,0,0,NA,0,4082,-18,168,0.996582,-0.004395,0.041016,100,100,8,UNCALIBRATED_SENSOR_2,false,CALIBRATION_MISSING,CALIBRATION_MISSING,kx134_single_node_i2c.0.1.0,kx134.v3
kx134.v3,NODE_PROTOTYPE,2,KX134_SENSOR_2,sensor_node_2,D4:E9:F4:C3:37:14,185957,1860050914,0,0,NA,0,4084,-49,176,0.997070,-0.011963,0.042969,100,100,8,UNCALIBRATED_SENSOR_2,false,CALIBRATION_MISSING,CALIBRATION_MISSING,kx134_single_node_i2c.0.1.0,kx134.v3
kx134.v3,NODE_PROTOTYPE,2,KX134_SENSOR_2,sensor_node_2,D4:E9:F4:C3:37:14,185958,1860060913,0,0,NA,0,4082,-61,133,0.996582,-0.014893,0.032471,100,100,8,UNCALIBRATED_SENSOR_2,false,CALIBRATION_MISSING,CALIBRATION_MISSING,kx134_single_node_i2c.0.1.0,kx134.v3
kx134.v3,NODE_PROTOTYPE,2,KX134_SENSOR_2,sensor_node_2,D4:E9:F4:C3:37:14,185959,1860070913,0,0,NA,0,4069,-50,96,0.993408,-0.012207,0.023437,100,100,8,UNCALIBRATED_SENSOR_2,false,CALIBRATION_MISSING,CALIBRATION_MISSING,kx134_single_node_i2c.0.1.0,kx134.v3
kx134.v3,NODE_PROTOTYPE,2,KX134_SENSOR_2,sensor_node_2,D4:E9:F4:C3:37:14,185960,1860080914,0,0,NA,0,4074,-42,85,0.994629,-0.010254,0.020752,100,100,8,UNCALIBRATED_SENSOR_2,false,CALIBRATION_MISSING,CALIBRATION_MISSING,kx134_single_node_i2c.0.1.0,kx134.v3
kx134.v3,NODE_PROTOTYPE,2,KX134_SENSOR_2,sensor_node_2,D4:E9:F4:C3:37:14,185961,1860090913,0,0,NA,0,4082,-43,87,0.996582,-0.010498,0.021240,100,100,8,UNCALIBRATED_SENSOR_2,false,CALIBRATION_MISSING,CALIBRATION_MISSING,kx134_single_node_i2c.0.1.0,kx134.v3
kx134.v3,NODE_PROTOTYPE,2,KX134_SENSOR_2,sensor_node_2,D4:E9:F4:C3:37:14,185962,1860100914,0,0,NA,0,4079,-10,108,0.995850,-0.002441,0.026367,100,100,8,UNCALIBRATED_SENSOR_2,false,CALIBRATION_MISSING,CALIBRATION_MISSING,kx134_single_node_i2c.0.1.0,kx134.v3
kx134.v3,NODE_PROTOTYPE,2,KX134_SENSOR_2,sensor_node_2,D4:E9:F4:C3:37:14,185963,1860110913,0,0,NA,0,4087,18,121,0.997803,0.004395,0.029541,100,100,8,UNCALIBRATED_SENSOR_2,false,CALIBRATION_MISSING,CALIBRATION_MISSING,kx134_single_node_i2c.0.1.0,kx134.v3
kx134.v3,NODE_PROTOTYPE,2,KX134_SENSOR_2,sensor_node_2,D4:E9:F4:C3:37:14,185964,1860120914,0,0,NA,0,4102,7,100,1.001465,0.001709,0.024414,100,100,8,UNCALIBRATED_SENSOR_2,false,CALIBRATION_MISSING,CALIBRATION_MISSING,kx134_single_node_i2c.0.1.0,kx134.v3
kx134.v3,NODE_PROTOTYPE,2,KX134_SENSOR_2,sensor_node_2,D4:E9:F4:C3:37:14,185965,1860130914,0,0,NA,0,4098,12,87,1.000488,0.002930,0.021240,100,100,8,UNCALIBRATED_SENSOR_2,false,CALIBRATION_MISSING,CALIBRATION_MISSING,kx134_single_node_i2c.0.1.0,kx134.v3
kx134.v3,NODE_PROTOTYPE,2,KX134_SENSOR_2,sensor_node_2,D4:E9:F4:C3:37:14,185966,1860140913,0,0,NA,0,4066,-7,87,0.992676,-0.001709,0.021240,100,100,8,UNCALIBRATED_SENSOR_2,false,CALIBRATION_MISSING,CALIBRATION_MISSING,kx134_single_node_i2c.0.1.0,kx134.v3
kx134.v3,NODE_PROTOTYPE,2,KX134_SENSOR_2,sensor_node_2,D4:E9:F4:C3:37:14,185967,1860150914,0,0,NA,0,4061,-36,94,0.991455,-0.008789,0.022949,100,100,8,UNCALIBRATED_SENSOR_2,false,CALIBRATION_MISSING,CALIBRATION_MISSING,kx134_single_node_i2c.0.1.0,kx134.v3
kx134.v3,NODE_PROTOTYPE,2,KX134_SENSOR_2,sensor_node_2,D4:E9:F4:C3:37:14,185968,1860160913,0,0,NA,0,4056,-49,119,0.990234,-0.011963,0.029053,100,100,8,UNCALIBRATED_SENSOR_2,false,CALIBRATION_MISSING,CALIBRATION_MISSING,kx134_single_node_i2c.0.1.0,kx134.v3
kx134.v3,NODE_PROTOTYPE,2,KX134_SENSOR_2,sensor_node_2,D4:E9:F4:C3:37:14,185969,1860170914,0,0,NA,0,4031,-64,122,0.984131,-0.015625,0.029785,100,100,8,UNCALIBRATED_SENSOR_2,false,CALIBRATION_MISSING,CALIBRATION_MISSING,kx134_single_node_i2c.0.1.0,kx134.v3
kx134.v3,NODE_PROTOTYPE,2,KX134_SENSOR_2,sensor_node_2,D4:E9:F4:C3:37:14,185970,1860180913,0,0,NA,0,4054,-73,141,0.989746,-0.017822,0.034424,100,100,8,UNCALIBRATED_SENSOR_2,false,CALIBRATION_MISSING,CALIBRATION_MISSING,kx134_single_node_i2c.0.1.0,kx134.v3
kx134.v3,NODE_PROTOTYPE,2,KX134_SENSOR_2,sensor_node_2,D4:E9:F4:C3:37:14,185971,1860190913,0,0,NA,0,4089,-75,197,0.998291,-0.018311,0.048096,100,100,8,UNCALIBRATED_SENSOR_2,false,CALIBRATION_MISSING,CALIBRATION_MISSING,kx134_single_node_i2c.0.1.0,kx134.v3
kx134.v3,NODE_PROTOTYPE,2,KX134_SENSOR_2,sensor_node_2,D4:E9:F4:C3:37:14,185972,1860200914,0,0,NA,0,4101,-78,207,1.001221,-0.019043,0.050537,100,100,8,UNCALIBRATED_SENSOR_2,false,CALIBRATION_MISSING,CALIBRATION_MISSING,kx134_single_node_i2c.0.1.0,kx134.v3
kx134.v3,NODE_PROTOTYPE,2,KX134_SENSOR_2,sensor_node_2,D4:E9:F4:C3:37:14,185973,1860210914,0,0,NA,0,4102,-76,134,1.001465,-0.018555,0.032715,100,100,8,UNCALIBRATED_SENSOR_2,false,CALIBRATION_MISSING,CALIBRATION_MISSING,kx134_single_node_i2c.0.1.0,kx134.v3
kx134.v3,NODE_PROTOTYPE,2,KX134_SENSOR_2,sensor_node_2,D4:E9:F4:C3:37:14,185974,1860220913,0,0,NA,0,4097,-66,82,1.000244,-0.016113,0.020020,100,100,8,UNCALIBRATED_SENSOR_2,false,CALIBRATION_MISSING,CALIBRATION_MISSING,kx134_single_node_i2c.0.1.0,kx134.v3
kx134.v3,NODE_PROTOTYPE,2,KX134_SENSOR_2,sensor_node_2,D4:E9:F4:C3:37:14,185975,1860230913,0,0,NA,0,4100,-60,87,1.000977,-0.014648,0.021240,100,100,8,UNCALIBRATED_SENSOR_2,false,CALIBRATION_MISSING,CALIBRATION_MISSING,kx134_single_node_i2c.0.1.0,kx134.v3
kx134.v3,NODE_PROTOTYPE,2,KX134_SENSOR_2,sensor_node_2,D4:E9:F4:C3:37:14,185976,1860240914,0,0,NA,0,4083,-57,84,0.996826,-0.013916,0.020508,100,100,8,UNCALIBRATED_SENSOR_2,false,CALIBRATION_MISSING,CALIBRATION_MISSING,kx134_single_node_i2c.0.1.0,kx134.v3
kx134.v3,NODE_PROTOTYPE,2,KX134_SENSOR_2,sensor_node_2,D4:E9:F4:C3:37:14,185977,1860250914,0,0,NA,0,4075,-68,90,0.994873,-0.016602,0.021973,100,100,8,UNCALIBRATED_SENSOR_2,false,CALIBRATION_MISSING,CALIBRATION_MISSING,kx134_single_node_i2c.0.1.0,kx134.v3
kx134.v3,NODE_PROTOTYPE,2,KX134_SENSOR_2,sensor_node_2,D4:E9:F4:C3:37:14,185978,1860260913,0,0,NA,0,4092,-94,107,0.999023,-0.022949,0.026123,100,100,8,UNCALIBRATED_SENSOR_2,false,CALIBRATION_MISSING,CALIBRATION_MISSING,kx134_single_node_i2c.0.1.0,kx134.v3
kx134.v3,NODE_PROTOTYPE,2,KX134_SENSOR_2,sensor_node_2,D4:E9:F4:C3:37:14,185979,1860270914,0,0,NA,0,4102,-109,131,1.001465,-0.026611,0.031982,100,100,8,UNCALIBRATED_SENSOR_2,false,CALIBRATION_MISSING,CALIBRATION_MISSING,kx134_single_node_i2c.0.1.0,kx134.v3
kx134.v3,NODE_PROTOTYPE,2,KX134_SENSOR_2,sensor_node_2,D4:E9:F4:C3:37:14,185980,1860280914,0,0,NA,0,4082,-98,118,0.996582,-0.023926,0.028809,100,100,8,UNCALIBRATED_SENSOR_2,false,CALIBRATION_MISSING,CALIBRATION_MISSING,kx134_single_node_i2c.0.1.0,kx134.v3
kx134.v3,NODE_PROTOTYPE,2,KX134_SENSOR_2,sensor_node_2,D4:E9:F4:C3:37:14,185981,1860290913,0,0,NA,0,4070,-60,83,0.993652,-0.014648,0.020264,100,100,8,UNCALIBRATED_SENSOR_2,false,CALIBRATION_MISSING,CALIBRATION_MISSING,kx134_single_node_i2c.0.1.0,kx134.v3
kx134.v3,NODE_PROTOTYPE,2,KX134_SENSOR_2,sensor_node_2,D4:E9:F4:C3:37:14,185982,1860300913,0,0,NA,0,4103,-14,94,1.001709,-0.003418,0.022949,100,100,8,UNCALIBRATED_SENSOR_2,false,CALIBRATION_MISSING,CALIBRATION_MISSING,kx134_single_node_i2c.0.1.0,kx134.v3
kx134.v3,NODE_PROTOTYPE,2,KX134_SENSOR_2,sensor_node_2,D4:E9:F4:C3:37:14,185983,1860310913,0,0,NA,0,4132,-4,113,1.008789,-0.000977,0.027588,100,100,8,UNCALIBRATED_SENSOR_2,false,CALIBRATION_MISSING,CALIBRATION_MISSING,kx134_single_node_i2c.0.1.0,kx134.v3
kx134.v3,NODE_PROTOTYPE,2,KX134_SENSOR_2,sensor_node_2,D4:E9:F4:C3:37:14,185984,1860320913,0,0,NA,0,4111,-32,112,1.003662,-0.007813,0.027344,100,100,8,UNCALIBRATED_SENSOR_2,false,CALIBRATION_MISSING,CALIBRATION_MISSING,kx134_single_node_i2c.0.1.0,kx134.v3
kx134.v3,NODE_PROTOTYPE,2,KX134_SENSOR_2,sensor_node_2,D4:E9:F4:C3:37:14,185985,1860330914,0,0,NA,0,4096,-41,93,1.000000,-0.010010,0.022705,100,100,8,UNCALIBRATED_SENSOR_2,false,CALIBRATION_MISSING,CALIBRATION_MISSING,kx134_single_node_i2c.0.1.0,kx134.v3
kx134.v3,NODE_PROTOTYPE,2,KX134_SENSOR_2,sensor_node_2,D4:E9:F4:C3:37:14,185986,1860340913,0,0,NA,0,4124,-41,109,1.006836,-0.010010,0.026611,100,100,8,UNCALIBRATED_SENSOR_2,false,CALIBRATION_MISSING,CALIBRATION_MISSING,kx134_single_node_i2c.0.1.0,kx134.v3
kx134.v3,NODE_PROTOTYPE,2,KX134_SENSOR_2,sensor_node_2,D4:E9:F4:C3:37:14,185987,1860350913,0,0,NA,0,4135,-82,129,1.009521,-0.020020,0.031494,100,100,8,UNCALIBRATED_SENSOR_2,false,CALIBRATION_MISSING,CALIBRATION_MISSING,kx134_single_node_i2c.0.1.0,kx134.v3
kx134.v3,NODE_PROTOTYPE,2,KX134_SENSOR_2,sensor_node_2,D4:E9:F4:C3:37:14,185988,1860360913,0,0,NA,0,4145,-104,119,1.011963,-0.025391,0.029053,100,100,8,UNCALIBRATED_SENSOR_2,false,CALIBRATION_MISSING,CALIBRATION_MISSING,kx134_single_node_i2c.0.1.0,kx134.v3
kx134.v3,NODE_PROTOTYPE,2,KX134_SENSOR_2,sensor_node_2,D4:E9:F4:C3:37:14,185989,1860370913,0,0,NA,0,4128,-99,117,1.007813,-0.024170,0.028564,100,100,8,UNCALIBRATED_SENSOR_2,false,CALIBRATION_MISSING,CALIBRATION_MISSING,kx134_single_node_i2c.0.1.0,kx134.v3
kx134.v3,NODE_PROTOTYPE,2,KX134_SENSOR_2,sensor_node_2,D4:E9:F4:C3:37:14,185990,1860380914,0,0,NA,0,4081,-79,128,0.996338,-0.019287,0.031250,100,100,8,UNCALIBRATED_SENSOR_2,false,CALIBRATION_MISSING,CALIBRATION_MISSING,kx134_single_node_i2c.0.1.0,kx134.v3
kx134.v3,NODE_PROTOTYPE,2,KX134_SENSOR_2,sensor_node_2,D4:E9:F4:C3:37:14,185991,1860390914,0,0,NA,0,4097,-45,158,1.000244,-0.010986,0.038574,100,100,8,UNCALIBRATED_SENSOR_2,false,CALIBRATION_MISSING,CALIBRATION_MISSING,kx134_single_node_i2c.0.1.0,kx134.v3
kx134.v3,NODE_PROTOTYPE,2,KX134_SENSOR_2,sensor_node_2,D4:E9:F4:C3:37:14,185992,1860400913,0,0,NA,0,4120,-41,157,1.005859,-0.010010,0.038330,100,100,8,UNCALIBRATED_SENSOR_2,false,CALIBRATION_MISSING,CALIBRATION_MISSING,kx134_single_node_i2c.0.1.0,kx134.v3
kx134.v3,NODE_PROTOTYPE,2,KX134_SENSOR_2,sensor_node_2,D4:E9:F4:C3:37:14,185993,1860410913,0,0,NA,0,4114,-35,150,1.004395,-0.008545,0.036621,100,100,8,UNCALIBRATED_SENSOR_2,false,CALIBRATION_MISSING,CALIBRATION_MISSING,kx134_single_node_i2c.0.1.0,kx134.v3
kx134.v3,NODE_PROTOTYPE,2,KX134_SENSOR_2,sensor_node_2,D4:E9:F4:C3:37:14,185994,1860420914,0,0,NA,0,4131,-26,157,1.008545,-0.006348,0.038330,100,100,8,UNCALIBRATED_SENSOR_2,false,CALIBRATION_MISSING,CALIBRATION_MISSING,kx134_single_node_i2c.0.1.0,kx134.v3
kx134.v3,NODE_PROTOTYPE,2,KX134_SENSOR_2,sensor_node_2,D4:E9:F4:C3:37:14,185995,1860430914,0,0,NA,0,4107,-20,148,1.002686,-0.004883,0.036133,100,100,8,UNCALIBRATED_SENSOR_2,false,CALIBRATION_MISSING,CALIBRATION_MISSING,kx134_single_node_i2c.0.1.0,kx134.v3
kx134.v3,NODE_PROTOTYPE,2,KX134_SENSOR_2,sensor_node_2,D4:E9:F4:C3:37:14,185996,1860440913,0,0,NA,0,4067,-7,135,0.992920,-0.001709,0.032959,100,100,8,UNCALIBRATED_SENSOR_2,false,CALIBRATION_MISSING,CALIBRATION_MISSING,kx134_single_node_i2c.0.1.0,kx134.v3
kx134.v3,NODE_PROTOTYPE,2,KX134_SENSOR_2,sensor_node_2,D4:E9:F4:C3:37:14,185997,1860450913,0,0,NA,0,4092,-20,142,0.999023,-0.004883,0.034668,100,100,8,UNCALIBRATED_SENSOR_2,false,CALIBRATION_MISSING,CALIBRATION_MISSING,kx134_single_node_i2c.0.1.0,kx134.v3
kx134.v3,NODE_PROTOTYPE,2,KX134_SENSOR_2,sensor_node_2,D4:E9:F4:C3:37:14,185998,1860460913,0,0,NA,0,4107,-41,137,1.002686,-0.010010,0.033447,100,100,8,UNCALIBRATED_SENSOR_2,false,CALIBRATION_MISSING,CALIBRATION_MISSING,kx134_single_node_i2c.0.1.0,kx134.v3
kx134.v3,NODE_PROTOTYPE,2,KX134_SENSOR_2,sensor_node_2,D4:E9:F4:C3:37:14,185999,1860470913,0,0,NA,0,4086,-44,112,0.997559,-0.010742,0.027344,100,100,8,UNCALIBRATED_SENSOR_2,false,CALIBRATION_MISSING,CALIBRATION_MISSING,kx134_single_node_i2c.0.1.0,kx134.v3
kx134.v3,NODE_PROTOTYPE,2,KX134_SENSOR_2,sensor_node_2,D4:E9:F4:C3:37:14,186000,1860480914,0,0,NA,0,4103,-33,120,1.001709,-0.008057,0.029297,100,100,8,UNCALIBRATED_SENSOR_2,false,CALIBRATION_MISSING,CALIBRATION_MISSING,kx134_single_node_i2c.0.1.0,kx134.v3
kx134.v3,NODE_PROTOTYPE,2,KX134_SENSOR_2,sensor_node_2,D4:E9:F4:C3:37:14,186001,1860490913,0,0,NA,0,4126,-30,101,1.007324,-0.007324,0.024658,100,100,8,UNCALIBRATED_SENSOR_2,false,CALIBRATION_MISSING,CALIBRATION_MISSING,kx134_single_node_i2c.0.1.0,kx134.v3
kx134.v3,NODE_PROTOTYPE,2,KX134_SENSOR_2,sensor_node_2,D4:E9:F4:C3:37:14,186002,1860500914,0,0,NA,0,4115,-22,76,1.004639,-0.005371,0.018555,100,100,8,UNCALIBRATED_SENSOR_2,false,CALIBRATION_MISSING,CALIBRATION_MISSING,kx134_single_node_i2c.0.1.0,kx134.v3
kx134.v3,NODE_PROTOTYPE,2,KX134_SENSOR_2,sensor_node_2,D4:E9:F4:C3:37:14,186003,1860510913,0,0,NA,0,4085,-49,94,0.997314,-0.011963,0.022949,100,100,8,UNCALIBRATED_SENSOR_2,false,CALIBRATION_MISSING,CALIBRATION_MISSING,kx134_single_node_i2c.0.1.0,kx134.v3
kx134.v3,NODE_PROTOTYPE,2,KX134_SENSOR_2,sensor_node_2,D4:E9:F4:C3:37:14,186004,1860520913,0,0,NA,0,4064,-76,74,0.992187,-0.018555,0.018066,100,100,8,UNCALIBRATED_SENSOR_2,false,CALIBRATION_MISSING,CALIBRATION_MISSING,kx134_single_node_i2c.0.1.0,kx134.v3
kx134.v3,NODE_PROTOTYPE,2,KX134_SENSOR_2,sensor_node_2,D4:E9:F4:C3:37:14,186005,1860530913,0,0,NA,0,4074,-69,64,0.994629,-0.016846,0.015625,100,100,8,UNCALIBRATED_SENSOR_2,false,CALIBRATION_MISSING,CALIBRATION_MISSING,kx134_single_node_i2c.0.1.0,kx134.v3
kx134.v3,NODE_PROTOTYPE,2,KX134_SENSOR_2,sensor_node_2,D4:E9:F4:C3:37:14,186006,1860540913,0,0,NA,0,4100,-65,83,1.000977,-0.015869,0.020264,100,100,8,UNCALIBRATED_SENSOR_2,false,CALIBRATION_MISSING,CALIBRATION_MISSING,kx134_single_node_i2c.0.1.0,kx134.v3
kx134.v3,NODE_PROTOTYPE,2,KX134_SENSOR_2,sensor_node_2,D4:E9:F4:C3:37:14,186007,1860550913,0,0,NA,0,4094,-43,97,0.999512,-0.010498,0.023682,100,100,8,UNCALIBRATED_SENSOR_2,false,CALIBRATION_MISSING,CALIBRATION_MISSING,kx134_single_node_i2c.0.1.0,kx134.v3
kx134.v3,NODE_PROTOTYPE,2,KX134_SENSOR_2,sensor_node_2,D4:E9:F4:C3:37:14,186008,1860560914,0,0,NA,0,4076,-46,110,0.995117,-0.011230,0.026855,100,100,8,UNCALIBRATED_SENSOR_2,false,CALIBRATION_MISSING,CALIBRATION_MISSING,kx134_single_node_i2c.0.1.0,kx134.v3
kx134.v3,NODE_PROTOTYPE,2,KX134_SENSOR_2,sensor_node_2,D4:E9:F4:C3:37:14,186009,1860570913,0,0,NA,0,4084,-60,105,0.997070,-0.014648,0.025635,100,100,8,UNCALIBRATED_SENSOR_2,false,CALIBRATION_MISSING,CALIBRATION_MISSING,kx134_single_node_i2c.0.1.0,kx134.v3
kx134.v3,NODE_PROTOTYPE,2,KX134_SENSOR_2,sensor_node_2,D4:E9:F4:C3:37:14,186010,1860580913,0,0,NA,0,4107,-45,96,1.002686,-0.010986,0.023437,100,100,8,UNCALIBRATED_SENSOR_2,false,CALIBRATION_MISSING,CALIBRATION_MISSING,kx134_single_node_i2c.0.1.0,kx134.v3
kx134.v3,NODE_PROTOTYPE,2,KX134_SENSOR_2,sensor_node_2,D4:E9:F4:C3:37:14,186011,1860590913,0,0,NA,0,4083,-53,82,0.996826,-0.012939,0.020020,100,100,8,UNCALIBRATED_SENSOR_2,false,CALIBRATION_MISSING,CALIBRATION_MISSING,kx134_single_node_i2c.0.1.0,kx134.v3
kx134.v3,NODE_PROTOTYPE,2,KX134_SENSOR_2,sensor_node_2,D4:E9:F4:C3:37:14,186012,1860600913,0,0,NA,0,4045,-60,90,0.987549,-0.014648,0.021973,100,100,8,UNCALIBRATED_SENSOR_2,false,CALIBRATION_MISSING,CALIBRATION_MISSING,kx134_single_node_i2c.0.1.0,kx134.v3
kx134.v3,NODE_PROTOTYPE,2,KX134_SENSOR_2,sensor_node_2,D4:E9:F4:C3:37:14,186013,1860610914,0,0,NA,0,4070,-30,122,0.993652,-0.007324,0.029785,100,100,8,UNCALIBRATED_SENSOR_2,false,CALIBRATION_MISSING,CALIBRATION_MISSING,kx134_single_node_i2c.0.1.0,kx134.v3
kx134.v3,NODE_PROTOTYPE,2,KX134_SENSOR_2,sensor_node_2,D4:E9:F4:C3:37:14,186014,1860620914,0,0,NA,0,4100,-33,159,1.000977,-0.008057,0.038818,100,100,8,UNCALIBRATED_SENSOR_2,false,CALIBRATION_MISSING,CALIBRATION_MISSING,kx134_single_node_i2c.0.1.0,kx134.v3
kx134.v3,NODE_PROTOTYPE,2,KX134_SENSOR_2,sensor_node_2,D4:E9:F4:C3:37:14,186015,1860630913,0,0,NA,0,4113,-53,167,1.004150,-0.012939,0.040771,100,100,8,UNCALIBRATED_SENSOR_2,false,CALIBRATION_MISSING,CALIBRATION_MISSING,kx134_single_node_i2c.0.1.0,kx134.v3
kx134.v3,NODE_PROTOTYPE,2,KX134_SENSOR_2,sensor_node_2,D4:E9:F4:C3:37:14,186016,1860640913,0,0,NA,0,4117,-57,145,1.005127,-0.013916,0.035400,100,100,8,UNCALIBRATED_SENSOR_2,false,CALIBRATION_MISSING,CALIBRATION_MISSING,kx134_single_node_i2c.0.1.0,kx134.v3
kx134.v3,NODE_PROTOTYPE,2,KX134_SENSOR_2,sensor_node_2,D4:E9:F4:C3:37:14,186017,1860650913,0,0,NA,0,4116,-60,129,1.004883,-0.014648,0.031494,100,100,8,UNCALIBRATED_SENSOR_2,false,CALIBRATION_MISSING,CALIBRATION_MISSING,kx134_single_node_i2c.0.1.0,kx134.v3
kx134.v3,NODE_PROTOTYPE,2,KX134_SENSOR_2,sensor_node_2,D4:E9:F4:C3:37:14,186018,1860660914,0,0,NA,0,4145,-45,144,1.011963,-0.010986,0.035156,100,100,8,UNCALIBRATED_SENSOR_2,false,CALIBRATION_MISSING,CALIBRATION_MISSING,kx134_single_node_i2c.0.1.0,kx134.v3
kx134.v3,NODE_PROTOTYPE,2,KX134_SENSOR_2,sensor_node_2,D4:E9:F4:C3:37:14,186019,1860670913,0,0,NA,0,4133,-35,162,1.009033,-0.008545,0.039551,100,100,8,UNCALIBRATED_SENSOR_2,false,CALIBRATION_MISSING,CALIBRATION_MISSING,kx134_single_node_i2c.0.1.0,kx134.v3
kx134.v3,NODE_PROTOTYPE,2,KX134_SENSOR_2,sensor_node_2,D4:E9:F4:C3:37:14,186020,1860680913,0,0,NA,0,4106,-62,214,1.002441,-0.015137,0.052246,100,100,8,UNCALIBRATED_SENSOR_2,false,CALIBRATION_MISSING,CALIBRATION_MISSING,kx134_single_node_i2c.0.1.0,kx134.v3
kx134.v3,NODE_PROTOTYPE,2,KX134_SENSOR_2,sensor_node_2,D4:E9:F4:C3:37:14,186021,1860690913,0,0,NA,0,4104,43,253,1.001953,0.010498,0.061768,100,100,8,UNCALIBRATED_SENSOR_2,false,CALIBRATION_MISSING,CALIBRATION_MISSING,kx134_single_node_i2c.0.1.0,kx134.v3
kx134.v3,NODE_PROTOTYPE,2,KX134_SENSOR_2,sensor_node_2,D4:E9:F4:C3:37:14,186022,1860700913,0,0,NA,0,4070,143,173,0.993652,0.034912,0.042236,100,100,8,UNCALIBRATED_SENSOR_2,false,CALIBRATION_MISSING,CALIBRATION_MISSING,kx134_single_node_i2c.0.1.0,kx134.v3
kx134.v3,NODE_PROTOTYPE,2,KX134_SENSOR_2,sensor_node_2,D4:E9:F4:C3:37:14,186023,1860710914,0,0,NA,0,4059,34,61,0.990967,0.008301,0.014893,100,100,8,UNCALIBRATED_SENSOR_2,false,CALIBRATION_MISSING,CALIBRATION_MISSING,kx134_single_node_i2c.0.1.0,kx134.v3
kx134.v3,NODE_PROTOTYPE,2,KX134_SENSOR_2,sensor_node_2,D4:E9:F4:C3:37:14,186024,1860720913,0,0,NA,0,4061,34,61,0.991455,0.008301,0.014893,100,100,8,UNCALIBRATED_SENSOR_2,false,CALIBRATION_MISSING,CALIBRATION_MISSING,kx134_single_node_i2c.0.1.0,kx134.v3
kx134.v3,NODE_PROTOTYPE,2,KX134_SENSOR_2,sensor_node_2,D4:E9:F4:C3:37:14,186025,1860730913,0,0,NA,0,4061,-7,55,0.991455,-0.001709,0.013428,100,100,8,UNCALIBRATED_SENSOR_2,false,CALIBRATION_MISSING,CALIBRATION_MISSING,kx134_single_node_i2c.0.1.0,kx134.v3
kx134.v3,NODE_PROTOTYPE,2,KX134_SENSOR_2,sensor_node_2,D4:E9:F4:C3:37:14,186026,1860740913,0,0,NA,0,3943,38,-12,0.962646,0.009277,-0.002930,100,100,8,UNCALIBRATED_SENSOR_2,false,CALIBRATION_MISSING,CALIBRATION_MISSING,kx134_single_node_i2c.0.1.0,kx134.v3
kx134.v3,NODE_PROTOTYPE,2,KX134_SENSOR_2,sensor_node_2,D4:E9:F4:C3:37:14,186027,1860750914,0,0,NA,0,4002,93,-41,0.977051,0.022705,-0.010010,100,100,8,UNCALIBRATED_SENSOR_2,false,CALIBRATION_MISSING,CALIBRATION_MISSING,kx134_single_node_i2c.0.1.0,kx134.v3
kx134.v3,NODE_PROTOTYPE,2,KX134_SENSOR_2,sensor_node_2,D4:E9:F4:C3:37:14,186028,1860760913,0,0,NA,0,4121,-81,216,1.006104,-0.019775,0.052734,100,100,8,UNCALIBRATED_SENSOR_2,false,CALIBRATION_MISSING,CALIBRATION_MISSING,kx134_single_node_i2c.0.1.0,kx134.v3
kx134.v3,NODE_PROTOTYPE,2,KX134_SENSOR_2,sensor_node_2,D4:E9:F4:C3:37:14,186029,1860770913,0,0,NA,0,4052,-137,370,0.989258,-0.033447,0.090332,100,100,8,UNCALIBRATED_SENSOR_2,false,CALIBRATION_MISSING,CALIBRATION_MISSING,kx134_single_node_i2c.0.1.0,kx134.v3
kx134.v3,NODE_PROTOTYPE,2,KX134_SENSOR_2,sensor_node_2,D4:E9:F4:C3:37:14,186030,1860780913,0,0,NA,0,4106,75,215,1.002441,0.018311,0.052490,100,100,8,UNCALIBRATED_SENSOR_2,false,CALIBRATION_MISSING,CALIBRATION_MISSING,kx134_single_node_i2c.0.1.0,kx134.v3
kx134.v3,NODE_PROTOTYPE,2,KX134_SENSOR_2,sensor_node_2,D4:E9:F4:C3:37:14,186031,1860790913,0,0,NA,0,4190,76,147,1.022949,0.018555,0.035889,100,100,8,UNCALIBRATED_SENSOR_2,false,CALIBRATION_MISSING,CALIBRATION_MISSING,kx134_single_node_i2c.0.1.0,kx134.v3
kx134.v3,NODE_PROTOTYPE,2,KX134_SENSOR_2,sensor_node_2,D4:E9:F4:C3:37:14,186032,1860800913,0,0,NA,0,4137,61,187,1.010010,0.014893,0.045654,100,100,8,UNCALIBRATED_SENSOR_2,false,CALIBRATION_MISSING,CALIBRATION_MISSING,kx134_single_node_i2c.0.1.0,kx134.v3
kx134.v3,NODE_PROTOTYPE,2,KX134_SENSOR_2,sensor_node_2,D4:E9:F4:C3:37:14,186033,1860810914,0,0,NA,0,4170,101,48,1.018066,0.024658,0.011719,100,100,8,UNCALIBRATED_SENSOR_2,false,CALIBRATION_MISSING,CALIBRATION_MISSING,kx134_single_node_i2c.0.1.0,kx134.v3
kx134.v3,NODE_PROTOTYPE,2,KX134_SENSOR_2,sensor_node_2,D4:E9:F4:C3:37:14,186034,1860820913,0,0,NA,0,4259,106,-41,1.039795,0.025879,-0.010010,100,100,8,UNCALIBRATED_SENSOR_2,false,CALIBRATION_MISSING,CALIBRATION_MISSING,kx134_single_node_i2c.0.1.0,kx134.v3
kx134.v3,NODE_PROTOTYPE,2,KX134_SENSOR_2,sensor_node_2,D4:E9:F4:C3:37:14,186035,1860830913,0,0,NA,0,4185,46,-1,1.021729,0.011230,-0.000244,100,100,8,UNCALIBRATED_SENSOR_2,false,CALIBRATION_MISSING,CALIBRATION_MISSING,kx134_single_node_i2c.0.1.0,kx134.v3
kx134.v3,NODE_PROTOTYPE,2,KX134_SENSOR_2,sensor_node_2,D4:E9:F4:C3:37:14,186036,1860840913,0,0,NA,0,4109,-14,71,1.003174,-0.003418,0.017334,100,100,8,UNCALIBRATED_SENSOR_2,false,CALIBRATION_MISSING,CALIBRATION_MISSING,kx134_single_node_i2c.0.1.0,kx134.v3
kx134.v3,NODE_PROTOTYPE,2,KX134_SENSOR_2,sensor_node_2,D4:E9:F4:C3:37:14,186037,1860850913,0,0,NA,0,4091,-36,129,0.998779,-0.008789,0.031494,100,100,8,UNCALIBRATED_SENSOR_2,false,CALIBRATION_MISSING,CALIBRATION_MISSING,kx134_single_node_i2c.0.1.0,kx134.v3
kx134.v3,NODE_PROTOTYPE,2,KX134_SENSOR_2,sensor_node_2,D4:E9:F4:C3:37:14,186038,1860860914,0,0,NA,0,4082,-40,132,0.996582,-0.009766,0.032227,100,100,8,UNCALIBRATED_SENSOR_2,false,CALIBRATION_MISSING,CALIBRATION_MISSING,kx134_single_node_i2c.0.1.0,kx134.v3
kx134.v3,NODE_PROTOTYPE,2,KX134_SENSOR_2,sensor_node_2,D4:E9:F4:C3:37:14,186039,1860870914,0,0,NA,0,4099,-46,135,1.000732,-0.011230,0.032959,100,100,8,UNCALIBRATED_SENSOR_2,false,CALIBRATION_MISSING,CALIBRATION_MISSING,kx134_single_node_i2c.0.1.0,kx134.v3
kx134.v3,NODE_PROTOTYPE,2,KX134_SENSOR_2,sensor_node_2,D4:E9:F4:C3:37:14,186040,1860880913,0,0,NA,0,4116,-52,120,1.004883,-0.012695,0.029297,100,100,8,UNCALIBRATED_SENSOR_2,false,CALIBRATION_MISSING,CALIBRATION_MISSING,kx134_single_node_i2c.0.1.0,kx134.v3
kx134.v3,NODE_PROTOTYPE,2,KX134_SENSOR_2,sensor_node_2,D4:E9:F4:C3:37:14,186041,1860890913,0,0,NA,0,4127,-17,123,1.007568,-0.004150,0.030029,100,100,8,UNCALIBRATED_SENSOR_2,false,CALIBRATION_MISSING,CALIBRATION_MISSING,kx134_single_node_i2c.0.1.0,kx134.v3
kx134.v3,NODE_PROTOTYPE,2,KX134_SENSOR_2,sensor_node_2,D4:E9:F4:C3:37:14,186042,1860900913,0,0,NA,0,4146,-8,163,1.012207,-0.001953,0.039795,100,100,8,UNCALIBRATED_SENSOR_2,false,CALIBRATION_MISSING,CALIBRATION_MISSING,kx134_single_node_i2c.0.1.0,kx134.v3
kx134.v3,NODE_PROTOTYPE,2,KX134_SENSOR_2,sensor_node_2,D4:E9:F4:C3:37:14,186043,1860910914,0,0,NA,0,4132,-11,145,1.008789,-0.002686,0.035400,100,100,8,UNCALIBRATED_SENSOR_2,false,CALIBRATION_MISSING,CALIBRATION_MISSING,kx134_single_node_i2c.0.1.0,kx134.v3
kx134.v3,NODE_PROTOTYPE,2,KX134_SENSOR_2,sensor_node_2,D4:E9:F4:C3:37:14,186044,1860920913,0,0,NA,0,4096,5,114,1.000000,0.001221,0.027832,100,100,8,UNCALIBRATED_SENSOR_2,false,CALIBRATION_MISSING,CALIBRATION_MISSING,kx134_single_node_i2c.0.1.0,kx134.v3
kx134.v3,NODE_PROTOTYPE,2,KX134_SENSOR_2,sensor_node_2,D4:E9:F4:C3:37:14,186045,1860930914,0,0,NA,0,4073,5,150,0.994385,0.001221,0.036621,100,100,8,UNCALIBRATED_SENSOR_2,false,CALIBRATION_MISSING,CALIBRATION_MISSING,kx134_single_node_i2c.0.1.0,kx134.v3
kx134.v3,NODE_PROTOTYPE,2,KX134_SENSOR_2,sensor_node_2,D4:E9:F4:C3:37:14,186046,1860940913,0,0,NA,0,4051,-28,154,0.989014,-0.006836,0.037598,100,100,8,UNCALIBRATED_SENSOR_2,false,CALIBRATION_MISSING,CALIBRATION_MISSING,kx134_single_node_i2c.0.1.0,kx134.v3
kx134.v3,NODE_PROTOTYPE,2,KX134_SENSOR_2,sensor_node_2,D4:E9:F4:C3:37:14,186047,1860950913,0,0,NA,0,4059,-75,101,0.990967,-0.018311,0.024658,100,100,8,UNCALIBRATED_SENSOR_2,false,CALIBRATION_MISSING,CALIBRATION_MISSING,kx134_single_node_i2c.0.1.0,kx134.v3
kx134.v3,NODE_PROTOTYPE,2,KX134_SENSOR_2,sensor_node_2,D4:E9:F4:C3:37:14,186048,1860960914,0,0,NA,0,4074,-83,107,0.994629,-0.020264,0.026123,100,100,8,UNCALIBRATED_SENSOR_2,false,CALIBRATION_MISSING,CALIBRATION_MISSING,kx134_single_node_i2c.0.1.0,kx134.v3
kx134.v3,NODE_PROTOTYPE,2,KX134_SENSOR_2,sensor_node_2,D4:E9:F4:C3:37:14,186049,1860970913,0,0,NA,0,4056,-56,108,0.990234,-0.013672,0.026367,100,100,8,UNCALIBRATED_SENSOR_2,false,CALIBRATION_MISSING,CALIBRATION_MISSING,kx134_single_node_i2c.0.1.0,kx134.v3
kx134.v3,NODE_PROTOTYPE,2,KX134_SENSOR_2,sensor_node_2,D4:E9:F4:C3:37:14,186050,1860980914,0,0,NA,0,4086,-18,74,0.997559,-0.004395,0.018066,100,100,8,UNCALIBRATED_SENSOR_2,false,CALIBRATION_MISSING,CALIBRATION_MISSING,kx134_single_node_i2c.0.1.0,kx134.v3
kx134.v3,NODE_PROTOTYPE,2,KX134_SENSOR_2,sensor_node_2,D4:E9:F4:C3:37:14,186051,1860990914,0,0,NA,0,4123,-16,73,1.006592,-0.003906,0.017822,100,100,8,UNCALIBRATED_SENSOR_2,false,CALIBRATION_MISSING,CALIBRATION_MISSING,kx134_single_node_i2c.0.1.0,kx134.v3
kx134.v3,NODE_PROTOTYPE,2,KX134_SENSOR_2,sensor_node_2,D4:E9:F4:C3:37:14,186052,1861000913,0,0,NA,0,4125,-34,108,1.007080,-0.008301,0.026367,100,100,8,UNCALIBRATED_SENSOR_2,false,CALIBRATION_MISSING,CALIBRATION_MISSING,kx134_single_node_i2c.0.1.0,kx134.v3
kx134.v3,NODE_PROTOTYPE,2,KX134_SENSOR_2,sensor_node_2,D4:E9:F4:C3:37:14,186053,1861010913,0,0,NA,0,4126,-18,121,1.007324,-0.004395,0.029541,100,100,8,UNCALIBRATED_SENSOR_2,false,CALIBRATION_MISSING,CALIBRATION_MISSING,kx134_single_node_i2c.0.1.0,kx134.v3
kx134.v3,NODE_PROTOTYPE,2,KX134_SENSOR_2,sensor_node_2,D4:E9:F4:C3:37:14,186054,1861020913,0,0,NA,0,4101,-17,119,1.001221,-0.004150,0.029053,100,100,8,UNCALIBRATED_SENSOR_2,false,CALIBRATION_MISSING,CALIBRATION_MISSING,kx134_single_node_i2c.0.1.0,kx134.v3
kx134.v3,NODE_PROTOTYPE,2,KX134_SENSOR_2,sensor_node_2,D4:E9:F4:C3:37:14,186055,1861030913,0,0,NA,0,4082,-40,112,0.996582,-0.009766,0.027344,100,100,8,UNCALIBRATED_SENSOR_2,false,CALIBRATION_MISSING,CALIBRATION_MISSING,kx134_single_node_i2c.0.1.0,kx134.v3
kx134.v3,NODE_PROTOTYPE,2,KX134_SENSOR_2,sensor_node_2,D4:E9:F4:C3:37:14,186056,1861040914,0,0,NA,0,4099,-42,132,1.000732,-0.010254,0.032227,100,100,8,UNCALIBRATED_SENSOR_2,false,CALIBRATION_MISSING,CALIBRATION_MISSING,kx134_single_node_i2c.0.1.0,kx134.v3
kx134.v3,NODE_PROTOTYPE,2,KX134_SENSOR_2,sensor_node_2,D4:E9:F4:C3:37:14,186057,1861050913,0,0,NA,0,4098,-34,118,1.000488,-0.008301,0.028809,100,100,8,UNCALIBRATED_SENSOR_2,false,CALIBRATION_MISSING,CALIBRATION_MISSING,kx134_single_node_i2c.0.1.0,kx134.v3
kx134.v3,NODE_PROTOTYPE,2,KX134_SENSOR_2,sensor_node_2,D4:E9:F4:C3:37:14,186058,1861060913,0,0,NA,0,4073,-33,93,0.994385,-0.008057,0.022705,100,100,8,UNCALIBRATED_SENSOR_2,false,CALIBRATION_MISSING,CALIBRATION_MISSING,kx134_single_node_i2c.0.1.0,kx134.v3
kx134.v3,NODE_PROTOTYPE,2,KX134_SENSOR_2,sensor_node_2,D4:E9:F4:C3:37:14,186059,1861070913,0,0,NA,0,4063,-28,156,0.991943,-0.006836,0.038086,100,100,8,UNCALIBRATED_SENSOR_2,false,CALIBRATION_MISSING,CALIBRATION_MISSING,kx134_single_node_i2c.0.1.0,kx134.v3
kx134.v3,NODE_PROTOTYPE,2,KX134_SENSOR_2,sensor_node_2,D4:E9:F4:C3:37:14,186060,1861080913,0,0,NA,0,4078,-8,180,0.995605,-0.001953,0.043945,100,100,8,UNCALIBRATED_SENSOR_2,false,CALIBRATION_MISSING,CALIBRATION_MISSING,kx134_single_node_i2c.0.1.0,kx134.v3
kx134.v3,NODE_PROTOTYPE,2,KX134_SENSOR_2,sensor_node_2,D4:E9:F4:C3:37:14,186061,1861090914,0,0,NA,0,4095,-26,138,0.999756,-0.006348,0.033691,100,100,8,UNCALIBRATED_SENSOR_2,false,CALIBRATION_MISSING,CALIBRATION_MISSING,kx134_single_node_i2c.0.1.0,kx134.v3
kx134.v3,NODE_PROTOTYPE,2,KX134_SENSOR_2,sensor_node_2,D4:E9:F4:C3:37:14,186062,1861100913,0,0,NA,0,4096,-35,129,1.000000,-0.008545,0.031494,100,100,8,UNCALIBRATED_SENSOR_2,false,CALIBRATION_MISSING,CALIBRATION_MISSING,kx134_single_node_i2c.0.1.0,kx134.v3
kx134.v3,NODE_PROTOTYPE,2,KX134_SENSOR_2,sensor_node_2,D4:E9:F4:C3:37:14,186063,1861110913,0,0,NA,0,4109,-35,137,1.003174,-0.008545,0.033447,100,100,8,UNCALIBRATED_SENSOR_2,false,CALIBRATION_MISSING,CALIBRATION_MISSING,kx134_single_node_i2c.0.1.0,kx134.v3
kx134.v3,NODE_PROTOTYPE,2,KX134_SENSOR_2,sensor_node_2,D4:E9:F4:C3:37:14,186064,1861120913,0,0,NA,0,4104,-52,134,1.001953,-0.012695,0.032715,100,100,8,UNCALIBRATED_SENSOR_2,false,CALIBRATION_MISSING,CALIBRATION_MISSING,kx134_single_node_i2c.0.1.0,kx134.v3
kx134.v3,NODE_PROTOTYPE,2,KX134_SENSOR_2,sensor_node_2,D4:E9:F4:C3:37:14,186065,1861130913,0,0,NA,0,4089,-56,142,0.998291,-0.013672,0.034668,100,100,8,UNCALIBRATED_SENSOR_2,false,CALIBRATION_MISSING,CALIBRATION_MISSING,kx134_single_node_i2c.0.1.0,kx134.v3
kx134.v3,NODE_PROTOTYPE,2,KX134_SENSOR_2,sensor_node_2,D4:E9:F4:C3:37:14,186066,1861140913,0,0,NA,0,4095,-41,135,0.999756,-0.010010,0.032959,100,100,8,UNCALIBRATED_SENSOR_2,false,CALIBRATION_MISSING,CALIBRATION_MISSING,kx134_single_node_i2c.0.1.0,kx134.v3
kx134.v3,NODE_PROTOTYPE,2,KX134_SENSOR_2,sensor_node_2,D4:E9:F4:C3:37:14,186067,1861150913,0,0,NA,0,4110,0,127,1.003418,0.000000,0.031006,100,100,8,UNCALIBRATED_SENSOR_2,false,CALIBRATION_MISSING,CALIBRATION_MISSING,kx134_single_node_i2c.0.1.0,kx134.v3
kx134.v3,NODE_PROTOTYPE,2,KX134_SENSOR_2,sensor_node_2,D4:E9:F4:C3:37:14,186068,1861160914,0,0,NA,0,4117,1,127,1.005127,0.000244,0.031006,100,100,8,UNCALIBRATED_SENSOR_2,false,CALIBRATION_MISSING,CALIBRATION_MISSING,kx134_single_node_i2c.0.1.0,kx134.v3
kx134.v3,NODE_PROTOTYPE,2,KX134_SENSOR_2,sensor_node_2,D4:E9:F4:C3:37:14,186069,1861170914,0,0,NA,0,4151,-13,140,1.013428,-0.003174,0.034180,100,100,8,UNCALIBRATED_SENSOR_2,false,CALIBRATION_MISSING,CALIBRATION_MISSING,kx134_single_node_i2c.0.1.0,kx134.v3
kx134.v3,NODE_PROTOTYPE,2,KX134_SENSOR_2,sensor_node_2,D4:E9:F4:C3:37:14,186070,1861180914,0,0,NA,0,4180,-29,142,1.020508,-0.007080,0.034668,100,100,8,UNCALIBRATED_SENSOR_2,false,CALIBRATION_MISSING,CALIBRATION_MISSING,kx134_single_node_i2c.0.1.0,kx134.v3
kx134.v3,NODE_PROTOTYPE,2,KX134_SENSOR_2,sensor_node_2,D4:E9:F4:C3:37:14,186071,1861190913,0,0,NA,0,4161,-30,129,1.015869,-0.007324,0.031494,100,100,8,UNCALIBRATED_SENSOR_2,false,CALIBRATION_MISSING,CALIBRATION_MISSING,kx134_single_node_i2c.0.1.0,kx134.v3
kx134.v3,NODE_PROTOTYPE,2,KX134_SENSOR_2,sensor_node_2,D4:E9:F4:C3:37:14,186072,1861200913,0,0,NA,0,4150,-49,140,1.013184,-0.011963,0.034180,100,100,8,UNCALIBRATED_SENSOR_2,false,CALIBRATION_MISSING,CALIBRATION_MISSING,kx134_single_node_i2c.0.1.0,kx134.v3
kx134.v3,NODE_PROTOTYPE,2,KX134_SENSOR_2,sensor_node_2,D4:E9:F4:C3:37:14,186073,1861210913,0,0,NA,0,4140,-60,132,1.010742,-0.014648,0.032227,100,100,8,UNCALIBRATED_SENSOR_2,false,CALIBRATION_MISSING,CALIBRATION_MISSING,kx134_single_node_i2c.0.1.0,kx134.v3
kx134.v3,NODE_PROTOTYPE,2,KX134_SENSOR_2,sensor_node_2,D4:E9:F4:C3:37:14,186074,1861220913,0,0,NA,0,4144,-46,125,1.011719,-0.011230,0.030518,100,100,8,UNCALIBRATED_SENSOR_2,false,CALIBRATION_MISSING,CALIBRATION_MISSING,kx134_single_node_i2c.0.1.0,kx134.v3
kx134.v3,NODE_PROTOTYPE,2,KX134_SENSOR_2,sensor_node_2,D4:E9:F4:C3:37:14,186075,1861230913,0,0,NA,0,4143,-43,130,1.011475,-0.010498,0.031738,100,100,8,UNCALIBRATED_SENSOR_2,false,CALIBRATION_MISSING,CALIBRATION_MISSING,kx134_single_node_i2c.0.1.0,kx134.v3
kx134.v3,NODE_PROTOTYPE,2,KX134_SENSOR_2,sensor_node_2,D4:E9:F4:C3:37:14,186076,1861240913,0,0,NA,0,4113,-33,110,1.004150,-0.008057,0.026855,100,100,8,UNCALIBRATED_SENSOR_2,false,CALIBRATION_MISSING,CALIBRATION_MISSING,kx134_single_node_i2c.0.1.0,kx134.v3
kx134.v3,NODE_PROTOTYPE,2,KX134_SENSOR_2,sensor_node_2,D4:E9:F4:C3:37:14,186077,1861250914,0,0,NA,0,4115,-33,114,1.004639,-0.008057,0.027832,100,100,8,UNCALIBRATED_SENSOR_2,false,CALIBRATION_MISSING,CALIBRATION_MISSING,kx134_single_node_i2c.0.1.0,kx134.v3
kx134.v3,NODE_PROTOTYPE,2,KX134_SENSOR_2,sensor_node_2,D4:E9:F4:C3:37:14,186078,1861260913,0,0,NA,0,4151,-55,137,1.013428,-0.013428,0.033447,100,100,8,UNCALIBRATED_SENSOR_2,false,CALIBRATION_MISSING,CALIBRATION_MISSING,kx134_single_node_i2c.0.1.0,kx134.v3
kx134.v3,NODE_PROTOTYPE,2,KX134_SENSOR_2,sensor_node_2,D4:E9:F4:C3:37:14,186079,1861270913,0,0,NA,0,4161,-89,145,1.015869,-0.021729,0.035400,100,100,8,UNCALIBRATED_SENSOR_2,false,CALIBRATION_MISSING,CALIBRATION_MISSING,kx134_single_node_i2c.0.1.0,kx134.v3
kx134.v3,NODE_PROTOTYPE,2,KX134_SENSOR_2,sensor_node_2,D4:E9:F4:C3:37:14,186080,1861280913,0,0,NA,0,4155,-94,161,1.014404,-0.022949,0.039307,100,100,8,UNCALIBRATED_SENSOR_2,false,CALIBRATION_MISSING,CALIBRATION_MISSING,kx134_single_node_i2c.0.1.0,kx134.v3
kx134.v3,NODE_PROTOTYPE,2,KX134_SENSOR_2,sensor_node_2,D4:E9:F4:C3:37:14,186081,1861290913,0,0,NA,0,4130,-60,165,1.008301,-0.014648,0.040283,100,100,8,UNCALIBRATED_SENSOR_2,false,CALIBRATION_MISSING,CALIBRATION_MISSING,kx134_single_node_i2c.0.1.0,kx134.v3
kx134.v3,NODE_PROTOTYPE,2,KX134_SENSOR_2,sensor_node_2,D4:E9:F4:C3:37:14,186082,1861300913,0,0,NA,0,4124,-33,149,1.006836,-0.008057,0.036377,100,100,8,UNCALIBRATED_SENSOR_2,false,CALIBRATION_MISSING,CALIBRATION_MISSING,kx134_single_node_i2c.0.1.0,kx134.v3
kx134.v3,NODE_PROTOTYPE,2,KX134_SENSOR_2,sensor_node_2,D4:E9:F4:C3:37:14,186083,1861310914,0,0,NA,0,4147,-39,137,1.012451,-0.009521,0.033447,100,100,8,UNCALIBRATED_SENSOR_2,false,CALIBRATION_MISSING,CALIBRATION_MISSING,kx134_single_node_i2c.0.1.0,kx134.v3
kx134.v3,NODE_PROTOTYPE,2,KX134_SENSOR_2,sensor_node_2,D4:E9:F4:C3:37:14,186084,1861320914,0,0,NA,0,4119,-41,130,1.005615,-0.010010,0.031738,100,100,8,UNCALIBRATED_SENSOR_2,false,CALIBRATION_MISSING,CALIBRATION_MISSING,kx134_single_node_i2c.0.1.0,kx134.v3
kx134.v3,NODE_PROTOTYPE,2,KX134_SENSOR_2,sensor_node_2,D4:E9:F4:C3:37:14,186085,1861330913,0,0,NA,0,4084,-51,128,0.997070,-0.012451,0.031250,100,100,8,UNCALIBRATED_SENSOR_2,false,CALIBRATION_MISSING,CALIBRATION_MISSING,kx134_single_node_i2c.0.1.0,kx134.v3
kx134.v3,NODE_PROTOTYPE,2,KX134_SENSOR_2,sensor_node_2,D4:E9:F4:C3:37:14,186086,1861340914,0,0,NA,0,4073,-61,114,0.994385,-0.014893,0.027832,100,100,8,UNCALIBRATED_SENSOR_2,false,CALIBRATION_MISSING,CALIBRATION_MISSING,kx134_single_node_i2c.0.1.0,kx134.v3
kx134.v3,NODE_PROTOTYPE,2,KX134_SENSOR_2,sensor_node_2,D4:E9:F4:C3:37:14,186087,1861350914,0,0,NA,0,4080,-59,138,0.996094,-0.014404,0.033691,100,100,8,UNCALIBRATED_SENSOR_2,false,CALIBRATION_MISSING,CALIBRATION_MISSING,kx134_single_node_i2c.0.1.0,kx134.v3
kx134.v3,NODE_PROTOTYPE,2,KX134_SENSOR_2,sensor_node_2,D4:E9:F4:C3:37:14,186088,1861360913,0,0,NA,0,4094,-68,153,0.999512,-0.016602,0.037354,100,100,8,UNCALIBRATED_SENSOR_2,false,CALIBRATION_MISSING,CALIBRATION_MISSING,kx134_single_node_i2c.0.1.0,kx134.v3
kx134.v3,NODE_PROTOTYPE,2,KX134_SENSOR_2,sensor_node_2,D4:E9:F4:C3:37:14,186089,1861370913,0,0,NA,0,4098,-65,129,1.000488,-0.015869,0.031494,100,100,8,UNCALIBRATED_SENSOR_2,false,CALIBRATION_MISSING,CALIBRATION_MISSING,kx134_single_node_i2c.0.1.0,kx134.v3
kx134.v3,NODE_PROTOTYPE,2,KX134_SENSOR_2,sensor_node_2,D4:E9:F4:C3:37:14,186090,1861380914,0,0,NA,0,4098,-57,137,1.000488,-0.013916,0.033447,100,100,8,UNCALIBRATED_SENSOR_2,false,CALIBRATION_MISSING,CALIBRATION_MISSING,kx134_single_node_i2c.0.1.0,kx134.v3
kx134.v3,NODE_PROTOTYPE,2,KX134_SENSOR_2,sensor_node_2,D4:E9:F4:C3:37:14,186091,1861390913,0,0,NA,0,4082,-50,139,0.996582,-0.012207,0.033936,100,100,8,UNCALIBRATED_SENSOR_2,false,CALIBRATION_MISSING,CALIBRATION_MISSING,kx134_single_node_i2c.0.1.0,kx134.v3
kx134.v3,NODE_PROTOTYPE,2,KX134_SENSOR_2,sensor_node_2,D4:E9:F4:C3:37:14,186092,1861400914,0,0,NA,0,4076,-17,113,0.995117,-0.004150,0.027588,100,100,8,UNCALIBRATED_SENSOR_2,false,CALIBRATION_MISSING,CALIBRATION_MISSING,kx134_single_node_i2c.0.1.0,kx134.v3
kx134.v3,NODE_PROTOTYPE,2,KX134_SENSOR_2,sensor_node_2,D4:E9:F4:C3:37:14,186093,1861410914,0,0,NA,0,4060,17,114,0.991211,0.004150,0.027832,100,100,8,UNCALIBRATED_SENSOR_2,false,CALIBRATION_MISSING,CALIBRATION_MISSING,kx134_single_node_i2c.0.1.0,kx134.v3
kx134.v3,NODE_PROTOTYPE,2,KX134_SENSOR_2,sensor_node_2,D4:E9:F4:C3:37:14,186094,1861420913,0,0,NA,0,4065,11,149,0.992432,0.002686,0.036377,100,100,8,UNCALIBRATED_SENSOR_2,false,CALIBRATION_MISSING,CALIBRATION_MISSING,kx134_single_node_i2c.0.1.0,kx134.v3
kx134.v3,NODE_PROTOTYPE,2,KX134_SENSOR_2,sensor_node_2,D4:E9:F4:C3:37:14,186095,1861430913,0,0,NA,0,4105,-4,178,1.002197,-0.000977,0.043457,100,100,8,UNCALIBRATED_SENSOR_2,false,CALIBRATION_MISSING,CALIBRATION_MISSING,kx134_single_node_i2c.0.1.0,kx134.v3
kx134.v3,NODE_PROTOTYPE,2,KX134_SENSOR_2,sensor_node_2,D4:E9:F4:C3:37:14,186096,1861440913,0,0,NA,0,4119,-13,176,1.005615,-0.003174,0.042969,100,100,8,UNCALIBRATED_SENSOR_2,false,CALIBRATION_MISSING,CALIBRATION_MISSING,kx134_single_node_i2c.0.1.0,kx134.v3
kx134.v3,NODE_PROTOTYPE,2,KX134_SENSOR_2,sensor_node_2,D4:E9:F4:C3:37:14,186097,1861450914,0,0,NA,0,4125,-8,143,1.007080,-0.001953,0.034912,100,100,8,UNCALIBRATED_SENSOR_2,false,CALIBRATION_MISSING,CALIBRATION_MISSING,kx134_single_node_i2c.0.1.0,kx134.v3
kx134.v3,NODE_PROTOTYPE,2,KX134_SENSOR_2,sensor_node_2,D4:E9:F4:C3:37:14,186098,1861460913,0,0,NA,0,4112,12,114,1.003906,0.002930,0.027832,100,100,8,UNCALIBRATED_SENSOR_2,false,CALIBRATION_MISSING,CALIBRATION_MISSING,kx134_single_node_i2c.0.1.0,kx134.v3
kx134.v3,NODE_PROTOTYPE,2,KX134_SENSOR_2,sensor_node_2,D4:E9:F4:C3:37:14,186099,1861470914,0,0,NA,0,4092,-13,98,0.999023,-0.003174,0.023926,100,100,8,UNCALIBRATED_SENSOR_2,false,CALIBRATION_MISSING,CALIBRATION_MISSING,kx134_single_node_i2c.0.1.0,kx134.v3
kx134.v3,NODE_PROTOTYPE,2,KX134_SENSOR_2,sensor_node_2,D4:E9:F4:C3:37:14,186100,1861480913,0,0,NA,0,4107,-47,94,1.002686,-0.011475,0.022949,100,100,8,UNCALIBRATED_SENSOR_2,false,CALIBRATION_MISSING,CALIBRATION_MISSING,kx134_single_node_i2c.0.1.0,kx134.v3
kx134.v3,NODE_PROTOTYPE,2,KX134_SENSOR_2,sensor_node_2,D4:E9:F4:C3:37:14,186101,1861490913,0,0,NA,0,4113,-60,106,1.004150,-0.014648,0.025879,100,100,8,UNCALIBRATED_SENSOR_2,false,CALIBRATION_MISSING,CALIBRATION_MISSING,kx134_single_node_i2c.0.1.0,kx134.v3
kx134.v3,NODE_PROTOTYPE,2,KX134_SENSOR_2,sensor_node_2,D4:E9:F4:C3:37:14,186102,1861500914,0,0,NA,0,4098,-52,103,1.000488,-0.012695,0.025146,100,100,8,UNCALIBRATED_SENSOR_2,false,CALIBRATION_MISSING,CALIBRATION_MISSING,kx134_single_node_i2c.0.1.0,kx134.v3
kx134.v3,NODE_PROTOTYPE,2,KX134_SENSOR_2,sensor_node_2,D4:E9:F4:C3:37:14,186103,1861510913,0,0,NA,0,4081,-41,97,0.996338,-0.010010,0.023682,100,100,8,UNCALIBRATED_SENSOR_2,false,CALIBRATION_MISSING,CALIBRATION_MISSING,kx134_single_node_i2c.0.1.0,kx134.v3
kx134.v3,NODE_PROTOTYPE,2,KX134_SENSOR_2,sensor_node_2,D4:E9:F4:C3:37:14,186104,1861520913,0,0,NA,0,4093,-59,117,0.999268,-0.014404,0.028564,100,100,8,UNCALIBRATED_SENSOR_2,false,CALIBRATION_MISSING,CALIBRATION_MISSING,kx134_single_node_i2c.0.1.0,kx134.v3
kx134.v3,NODE_PROTOTYPE,2,KX134_SENSOR_2,sensor_node_2,D4:E9:F4:C3:37:14,186105,1861530913,0,0,NA,0,4116,-67,116,1.004883,-0.016357,0.028320,100,100,8,UNCALIBRATED_SENSOR_2,false,CALIBRATION_MISSING,CALIBRATION_MISSING,kx134_single_node_i2c.0.1.0,kx134.v3
kx134.v3,NODE_PROTOTYPE,2,KX134_SENSOR_2,sensor_node_2,D4:E9:F4:C3:37:14,186106,1861540913,0,0,NA,0,4116,-50,105,1.004883,-0.012207,0.025635,100,100,8,UNCALIBRATED_SENSOR_2,false,CALIBRATION_MISSING,CALIBRATION_MISSING,kx134_single_node_i2c.0.1.0,kx134.v3
kx134.v3,NODE_PROTOTYPE,2,KX134_SENSOR_2,sensor_node_2,D4:E9:F4:C3:37:14,186107,1861550913,0,0,NA,0,4115,-27,114,1.004639,-0.006592,0.027832,100,100,8,UNCALIBRATED_SENSOR_2,false,CALIBRATION_MISSING,CALIBRATION_MISSING,kx134_single_node_i2c.0.1.0,kx134.v3
kx134.v3,NODE_PROTOTYPE,2,KX134_SENSOR_2,sensor_node_2,D4:E9:F4:C3:37:14,186108,1861560913,0,0,NA,0,4119,-39,140,1.005615,-0.009521,0.034180,100,100,8,UNCALIBRATED_SENSOR_2,false,CALIBRATION_MISSING,CALIBRATION_MISSING,kx134_single_node_i2c.0.1.0,kx134.v3
kx134.v3,NODE_PROTOTYPE,2,KX134_SENSOR_2,sensor_node_2,D4:E9:F4:C3:37:14,186109,1861570913,0,0,NA,0,4092,-57,135,0.999023,-0.013916,0.032959,100,100,8,UNCALIBRATED_SENSOR_2,false,CALIBRATION_MISSING,CALIBRATION_MISSING,kx134_single_node_i2c.0.1.0,kx134.v3
kx134.v3,NODE_PROTOTYPE,2,KX134_SENSOR_2,sensor_node_2,D4:E9:F4:C3:37:14,186110,1861580914,0,0,NA,0,4083,-56,118,0.996826,-0.013672,0.028809,100,100,8,UNCALIBRATED_SENSOR_2,false,CALIBRATION_MISSING,CALIBRATION_MISSING,kx134_single_node_i2c.0.1.0,kx134.v3
kx134.v3,NODE_PROTOTYPE,2,KX134_SENSOR_2,sensor_node_2,D4:E9:F4:C3:37:14,186111,1861590914,0,0,NA,0,4107,-44,123,1.002686,-0.010742,0.030029,100,100,8,UNCALIBRATED_SENSOR_2,false,CALIBRATION_MISSING,CALIBRATION_MISSING,kx134_single_node_i2c.0.1.0,kx134.v3
kx134.v3,NODE_PROTOTYPE,2,KX134_SENSOR_2,sensor_node_2,D4:E9:F4:C3:37:14,186112,1861600913,0,0,NA,0,4096,-50,134,1.000000,-0.012207,0.032715,100,100,8,UNCALIBRATED_SENSOR_2,false,CALIBRATION_MISSING,CALIBRATION_MISSING,kx134_single_node_i2c.0.1.0,kx134.v3
kx134.v3,NODE_PROTOTYPE,2,KX134_SENSOR_2,sensor_node_2,D4:E9:F4:C3:37:14,186113,1861610913,0,0,NA,0,4096,-51,133,1.000000,-0.012451,0.032471,100,100,8,UNCALIBRATED_SENSOR_2,false,CALIBRATION_MISSING,CALIBRATION_MISSING,kx134_single_node_i2c.0.1.0,kx134.v3
kx134.v3,NODE_PROTOTYPE,2,KX134_SENSOR_2,sensor_node_2,D4:E9:F4:C3:37:14,186114,1861620913,0,0,NA,0,4112,-38,99,1.003906,-0.009277,0.024170,100,100,8,UNCALIBRATED_SENSOR_2,false,CALIBRATION_MISSING,CALIBRATION_MISSING,kx134_single_node_i2c.0.1.0,kx134.v3
kx134.v3,NODE_PROTOTYPE,2,KX134_SENSOR_2,sensor_node_2,D4:E9:F4:C3:37:14,186115,1861630913,0,0,NA,0,4123,-37,113,1.006592,-0.009033,0.027588,100,100,8,UNCALIBRATED_SENSOR_2,false,CALIBRATION_MISSING,CALIBRATION_MISSING,kx134_single_node_i2c.0.1.0,kx134.v3
kx134.v3,NODE_PROTOTYPE,2,KX134_SENSOR_2,sensor_node_2,D4:E9:F4:C3:37:14,186116,1861640914,0,0,NA,0,4124,-41,146,1.006836,-0.010010,0.035645,100,100,8,UNCALIBRATED_SENSOR_2,false,CALIBRATION_MISSING,CALIBRATION_MISSING,kx134_single_node_i2c.0.1.0,kx134.v3
kx134.v3,NODE_PROTOTYPE,2,KX134_SENSOR_2,sensor_node_2,D4:E9:F4:C3:37:14,186117,1861650913,0,0,NA,0,4089,-29,135,0.998291,-0.007080,0.032959,100,100,8,UNCALIBRATED_SENSOR_2,false,CALIBRATION_MISSING,CALIBRATION_MISSING,kx134_single_node_i2c.0.1.0,kx134.v3
kx134.v3,NODE_PROTOTYPE,2,KX134_SENSOR_2,sensor_node_2,D4:E9:F4:C3:37:14,186118,1861660914,0,0,NA,0,4107,-17,144,1.002686,-0.004150,0.035156,100,100,8,UNCALIBRATED_SENSOR_2,false,CALIBRATION_MISSING,CALIBRATION_MISSING,kx134_single_node_i2c.0.1.0,kx134.v3
kx134.v3,NODE_PROTOTYPE,2,KX134_SENSOR_2,sensor_node_2,D4:E9:F4:C3:37:14,186119,1861670913,0,0,NA,0,4155,-52,170,1.014404,-0.012695,0.041504,100,100,8,UNCALIBRATED_SENSOR_2,false,CALIBRATION_MISSING,CALIBRATION_MISSING,kx134_single_node_i2c.0.1.0,kx134.v3
kx134.v3,NODE_PROTOTYPE,2,KX134_SENSOR_2,sensor_node_2,D4:E9:F4:C3:37:14,186120,1861680914,0,0,NA,0,4149,-78,156,1.012939,-0.019043,0.038086,100,100,8,UNCALIBRATED_SENSOR_2,false,CALIBRATION_MISSING,CALIBRATION_MISSING,kx134_single_node_i2c.0.1.0,kx134.v3
kx134.v3,NODE_PROTOTYPE,2,KX134_SENSOR_2,sensor_node_2,D4:E9:F4:C3:37:14,186121,1861690913,0,0,NA,0,4091,-72,113,0.998779,-0.017578,0.027588,100,100,8,UNCALIBRATED_SENSOR_2,false,CALIBRATION_MISSING,CALIBRATION_MISSING,kx134_single_node_i2c.0.1.0,kx134.v3
kx134.v3,NODE_PROTOTYPE,2,KX134_SENSOR_2,sensor_node_2,D4:E9:F4:C3:37:14,186122,1861700913,0,0,NA,0,4060,-66,106,0.991211,-0.016113,0.025879,100,100,8,UNCALIBRATED_SENSOR_2,false,CALIBRATION_MISSING,CALIBRATION_MISSING,kx134_single_node_i2c.0.1.0,kx134.v3
kx134.v3,NODE_PROTOTYPE,2,KX134_SENSOR_2,sensor_node_2,D4:E9:F4:C3:37:14,186123,1861710913,0,0,NA,0,4081,-56,112,0.996338,-0.013672,0.027344,100,100,8,UNCALIBRATED_SENSOR_2,false,CALIBRATION_MISSING,CALIBRATION_MISSING,kx134_single_node_i2c.0.1.0,kx134.v3
kx134.v3,NODE_PROTOTYPE,2,KX134_SENSOR_2,sensor_node_2,D4:E9:F4:C3:37:14,186124,1861720914,0,0,NA,0,4075,-34,109,0.994873,-0.008301,0.026611,100,100,8,UNCALIBRATED_SENSOR_2,false,CALIBRATION_MISSING,CALIBRATION_MISSING,kx134_single_node_i2c.0.1.0,kx134.v3
kx134.v3,NODE_PROTOTYPE,2,KX134_SENSOR_2,sensor_node_2,D4:E9:F4:C3:37:14,186125,1861730913,0,0,NA,0,4051,-25,109,0.989014,-0.006104,0.026611,100,100,8,UNCALIBRATED_SENSOR_2,false,CALIBRATION_MISSING,CALIBRATION_MISSING,kx134_single_node_i2c.0.1.0,kx134.v3
kx134.v3,NODE_PROTOTYPE,2,KX134_SENSOR_2,sensor_node_2,D4:E9:F4:C3:37:14,186126,1861740913,0,0,NA,0,4054,-53,105,0.989746,-0.012939,0.025635,100,100,8,UNCALIBRATED_SENSOR_2,false,CALIBRATION_MISSING,CALIBRATION_MISSING,kx134_single_node_i2c.0.1.0,kx134.v3
kx134.v3,NODE_PROTOTYPE,2,KX134_SENSOR_2,sensor_node_2,D4:E9:F4:C3:37:14,186127,1861750914,0,0,NA,0,4074,-61,131,0.994629,-0.014893,0.031982,100,100,8,UNCALIBRATED_SENSOR_2,false,CALIBRATION_MISSING,CALIBRATION_MISSING,kx134_single_node_i2c.0.1.0,kx134.v3
kx134.v3,NODE_PROTOTYPE,2,KX134_SENSOR_2,sensor_node_2,D4:E9:F4:C3:37:14,186128,1861760914,0,0,NA,0,4088,-34,147,0.998047,-0.008301,0.035889,100,100,8,UNCALIBRATED_SENSOR_2,false,CALIBRATION_MISSING,CALIBRATION_MISSING,kx134_single_node_i2c.0.1.0,kx134.v3
kx134.v3,NODE_PROTOTYPE,2,KX134_SENSOR_2,sensor_node_2,D4:E9:F4:C3:37:14,186129,1861770913,0,0,NA,0,4081,-42,139,0.996338,-0.010254,0.033936,100,100,8,UNCALIBRATED_SENSOR_2,false,CALIBRATION_MISSING,CALIBRATION_MISSING,kx134_single_node_i2c.0.1.0,kx134.v3
kx134.v3,NODE_PROTOTYPE,2,KX134_SENSOR_2,sensor_node_2,D4:E9:F4:C3:37:14,186130,1861780914,0,0,NA,0,4068,-47,129,0.993164,-0.011475,0.031494,100,100,8,UNCALIBRATED_SENSOR_2,false,CALIBRATION_MISSING,CALIBRATION_MISSING,kx134_single_node_i2c.0.1.0,kx134.v3
kx134.v3,NODE_PROTOTYPE,2,KX134_SENSOR_2,sensor_node_2,D4:E9:F4:C3:37:14,186131,1861790913,0,0,NA,0,4068,-35,118,0.993164,-0.008545,0.028809,100,100,8,UNCALIBRATED_SENSOR_2,false,CALIBRATION_MISSING,CALIBRATION_MISSING,kx134_single_node_i2c.0.1.0,kx134.v3
kx134.v3,NODE_PROTOTYPE,2,KX134_SENSOR_2,sensor_node_2,D4:E9:F4:C3:37:14,186132,1861800913,0,0,NA,0,4064,-26,129,0.992187,-0.006348,0.031494,100,100,8,UNCALIBRATED_SENSOR_2,false,CALIBRATION_MISSING,CALIBRATION_MISSING,kx134_single_node_i2c.0.1.0,kx134.v3
kx134.v3,NODE_PROTOTYPE,2,KX134_SENSOR_2,sensor_node_2,D4:E9:F4:C3:37:14,186133,1861810914,0,0,NA,0,4088,-18,154,0.998047,-0.004395,0.037598,100,100,8,UNCALIBRATED_SENSOR_2,false,CALIBRATION_MISSING,CALIBRATION_MISSING,kx134_single_node_i2c.0.1.0,kx134.v3
kx134.v3,NODE_PROTOTYPE,2,KX134_SENSOR_2,sensor_node_2,D4:E9:F4:C3:37:14,186134,1861820913,0,0,NA,0,4112,-9,172,1.003906,-0.002197,0.041992,100,100,8,UNCALIBRATED_SENSOR_2,false,CALIBRATION_MISSING,CALIBRATION_MISSING,kx134_single_node_i2c.0.1.0,kx134.v3
kx134.v3,NODE_PROTOTYPE,2,KX134_SENSOR_2,sensor_node_2,D4:E9:F4:C3:37:14,186135,1861830913,0,0,NA,0,4136,-28,170,1.009766,-0.006836,0.041504,100,100,8,UNCALIBRATED_SENSOR_2,false,CALIBRATION_MISSING,CALIBRATION_MISSING,kx134_single_node_i2c.0.1.0,kx134.v3
kx134.v3,NODE_PROTOTYPE,2,KX134_SENSOR_2,sensor_node_2,D4:E9:F4:C3:37:14,186136,1861840913,0,0,NA,0,4156,-86,172,1.014648,-0.020996,0.041992,100,100,8,UNCALIBRATED_SENSOR_2,false,CALIBRATION_MISSING,CALIBRATION_MISSING,kx134_single_node_i2c.0.1.0,kx134.v3
kx134.v3,NODE_PROTOTYPE,2,KX134_SENSOR_2,sensor_node_2,D4:E9:F4:C3:37:14,186137,1861850914,0,0,NA,0,4132,-79,145,1.008789,-0.019287,0.035400,100,100,8,UNCALIBRATED_SENSOR_2,false,CALIBRATION_MISSING,CALIBRATION_MISSING,kx134_single_node_i2c.0.1.0,kx134.v3
kx134.v3,NODE_PROTOTYPE,2,KX134_SENSOR_2,sensor_node_2,D4:E9:F4:C3:37:14,186138,1861860913,0,0,NA,0,4113,-45,126,1.004150,-0.010986,0.030762,100,100,8,UNCALIBRATED_SENSOR_2,false,CALIBRATION_MISSING,CALIBRATION_MISSING,kx134_single_node_i2c.0.1.0,kx134.v3
kx134.v3,NODE_PROTOTYPE,2,KX134_SENSOR_2,sensor_node_2,D4:E9:F4:C3:37:14,186139,1861870913,0,0,NA,0,4109,-58,125,1.003174,-0.014160,0.030518,100,100,8,UNCALIBRATED_SENSOR_2,false,CALIBRATION_MISSING,CALIBRATION_MISSING,kx134_single_node_i2c.0.1.0,kx134.v3
kx134.v3,NODE_PROTOTYPE,2,KX134_SENSOR_2,sensor_node_2,D4:E9:F4:C3:37:14,186140,1861880913,0,0,NA,0,4090,-64,117,0.998535,-0.015625,0.028564,100,100,8,UNCALIBRATED_SENSOR_2,false,CALIBRATION_MISSING,CALIBRATION_MISSING,kx134_single_node_i2c.0.1.0,kx134.v3
kx134.v3,NODE_PROTOTYPE,2,KX134_SENSOR_2,sensor_node_2,D4:E9:F4:C3:37:14,186141,1861890913,0,0,NA,0,4086,-43,107,0.997559,-0.010498,0.026123,100,100,8,UNCALIBRATED_SENSOR_2,false,CALIBRATION_MISSING,CALIBRATION_MISSING,kx134_single_node_i2c.0.1.0,kx134.v3
kx134.v3,NODE_PROTOTYPE,2,KX134_SENSOR_2,sensor_node_2,D4:E9:F4:C3:37:14,186142,1861900914,0,0,NA,0,4110,-27,102,1.003418,-0.006592,0.024902,100,100,8,UNCALIBRATED_SENSOR_2,false,CALIBRATION_MISSING,CALIBRATION_MISSING,kx134_single_node_i2c.0.1.0,kx134.v3
kx134.v3,NODE_PROTOTYPE,2,KX134_SENSOR_2,sensor_node_2,D4:E9:F4:C3:37:14,186143,1861910914,0,0,NA,0,4103,-42,133,1.001709,-0.010254,0.032471,100,100,8,UNCALIBRATED_SENSOR_2,false,CALIBRATION_MISSING,CALIBRATION_MISSING,kx134_single_node_i2c.0.1.0,kx134.v3
kx134.v3,NODE_PROTOTYPE,2,KX134_SENSOR_2,sensor_node_2,D4:E9:F4:C3:37:14,186144,1861920913,0,0,NA,0,4101,-32,146,1.001221,-0.007813,0.035645,100,100,8,UNCALIBRATED_SENSOR_2,false,CALIBRATION_MISSING,CALIBRATION_MISSING,kx134_single_node_i2c.0.1.0,kx134.v3
kx134.v3,NODE_PROTOTYPE,2,KX134_SENSOR_2,sensor_node_2,D4:E9:F4:C3:37:14,186145,1861930913,0,0,NA,0,4096,-11,138,1.000000,-0.002686,0.033691,100,100,8,UNCALIBRATED_SENSOR_2,false,CALIBRATION_MISSING,CALIBRATION_MISSING,kx134_single_node_i2c.0.1.0,kx134.v3
kx134.v3,NODE_PROTOTYPE,2,KX134_SENSOR_2,sensor_node_2,D4:E9:F4:C3:37:14,186146,1861940913,0,0,NA,0,4094,-14,130,0.999512,-0.003418,0.031738,100,100,8,UNCALIBRATED_SENSOR_2,false,CALIBRATION_MISSING,CALIBRATION_MISSING,kx134_single_node_i2c.0.1.0,kx134.v3
kx134.v3,NODE_PROTOTYPE,2,KX134_SENSOR_2,sensor_node_2,D4:E9:F4:C3:37:14,186147,1861950913,0,0,NA,0,4097,-9,113,1.000244,-0.002197,0.027588,100,100,8,UNCALIBRATED_SENSOR_2,false,CALIBRATION_MISSING,CALIBRATION_MISSING,kx134_single_node_i2c.0.1.0,kx134.v3
kx134.v3,NODE_PROTOTYPE,2,KX134_SENSOR_2,sensor_node_2,D4:E9:F4:C3:37:14,186148,1861960913,0,0,NA,0,4101,-21,125,1.001221,-0.005127,0.030518,100,100,8,UNCALIBRATED_SENSOR_2,false,CALIBRATION_MISSING,CALIBRATION_MISSING,kx134_single_node_i2c.0.1.0,kx134.v3
kx134.v3,NODE_PROTOTYPE,2,KX134_SENSOR_2,sensor_node_2,D4:E9:F4:C3:37:14,186149,1861970913,0,0,NA,0,4116,-51,150,1.004883,-0.012451,0.036621,100,100,8,UNCALIBRATED_SENSOR_2,false,CALIBRATION_MISSING,CALIBRATION_MISSING,kx134_single_node_i2c.0.1.0,kx134.v3
kx134.v3,NODE_PROTOTYPE,2,KX134_SENSOR_2,sensor_node_2,D4:E9:F4:C3:37:14,186150,1861980913,0,0,NA,0,4112,-47,155,1.003906,-0.011475,0.037842,100,100,8,UNCALIBRATED_SENSOR_2,false,CALIBRATION_MISSING,CALIBRATION_MISSING,kx134_single_node_i2c.0.1.0,kx134.v3
kx134.v3,NODE_PROTOTYPE,2,KX134_SENSOR_2,sensor_node_2,D4:E9:F4:C3:37:14,186151,1861990913,0,0,NA,0,4116,-13,170,1.004883,-0.003174,0.041504,100,100,8,UNCALIBRATED_SENSOR_2,false,CALIBRATION_MISSING,CALIBRATION_MISSING,kx134_single_node_i2c.0.1.0,kx134.v3
kx134.v3,NODE_PROTOTYPE,2,KX134_SENSOR_2,sensor_node_2,D4:E9:F4:C3:37:14,186152,1862000913,0,0,NA,0,4121,-5,180,1.006104,-0.001221,0.043945,100,100,8,UNCALIBRATED_SENSOR_2,false,CALIBRATION_MISSING,CALIBRATION_MISSING,kx134_single_node_i2c.0.1.0,kx134.v3
kx134.v3,NODE_PROTOTYPE,2,KX134_SENSOR_2,sensor_node_2,D4:E9:F4:C3:37:14,186153,1862010914,0,0,NA,0,4102,-18,163,1.001465,-0.004395,0.039795,100,100,8,UNCALIBRATED_SENSOR_2,false,CALIBRATION_MISSING,CALIBRATION_MISSING,kx134_single_node_i2c.0.1.0,kx134.v3
kx134.v3,NODE_PROTOTYPE,2,KX134_SENSOR_2,sensor_node_2,D4:E9:F4:C3:37:14,186154,1862020914,0,0,NA,0,4099,-49,140,1.000732,-0.011963,0.034180,100,100,8,UNCALIBRATED_SENSOR_2,false,CALIBRATION_MISSING,CALIBRATION_MISSING,kx134_single_node_i2c.0.1.0,kx134.v3
kx134.v3,NODE_PROTOTYPE,2,KX134_SENSOR_2,sensor_node_2,D4:E9:F4:C3:37:14,186155,1862030914,0,0,NA,0,4101,-75,122,1.001221,-0.018311,0.029785,100,100,8,UNCALIBRATED_SENSOR_2,false,CALIBRATION_MISSING,CALIBRATION_MISSING,kx134_single_node_i2c.0.1.0,kx134.v3
kx134.v3,NODE_PROTOTYPE,2,KX134_SENSOR_2,sensor_node_2,D4:E9:F4:C3:37:14,186156,1862040913,0,0,NA,0,4105,-98,123,1.002197,-0.023926,0.030029,100,100,8,UNCALIBRATED_SENSOR_2,false,CALIBRATION_MISSING,CALIBRATION_MISSING,kx134_single_node_i2c.0.1.0,kx134.v3
kx134.v3,NODE_PROTOTYPE,2,KX134_SENSOR_2,sensor_node_2,D4:E9:F4:C3:37:14,186157,1862050914,0,0,NA,0,4096,-111,138,1.000000,-0.027100,0.033691,100,100,8,UNCALIBRATED_SENSOR_2,false,CALIBRATION_MISSING,CALIBRATION_MISSING,kx134_single_node_i2c.0.1.0,kx134.v3
kx134.v3,NODE_PROTOTYPE,2,KX134_SENSOR_2,sensor_node_2,D4:E9:F4:C3:37:14,186158,1862060913,0,0,NA,0,4074,-99,136,0.994629,-0.024170,0.033203,100,100,8,UNCALIBRATED_SENSOR_2,false,CALIBRATION_MISSING,CALIBRATION_MISSING,kx134_single_node_i2c.0.1.0,kx134.v3
kx134.v3,NODE_PROTOTYPE,2,KX134_SENSOR_2,sensor_node_2,D4:E9:F4:C3:37:14,186159,1862070914,0,0,NA,0,4086,-79,127,0.997559,-0.019287,0.031006,100,100,8,UNCALIBRATED_SENSOR_2,false,CALIBRATION_MISSING,CALIBRATION_MISSING,kx134_single_node_i2c.0.1.0,kx134.v3
kx134.v3,NODE_PROTOTYPE,2,KX134_SENSOR_2,sensor_node_2,D4:E9:F4:C3:37:14,186160,1862080913,0,0,NA,0,4091,-64,107,0.998779,-0.015625,0.026123,100,100,8,UNCALIBRATED_SENSOR_2,false,CALIBRATION_MISSING,CALIBRATION_MISSING,kx134_single_node_i2c.0.1.0,kx134.v3
kx134.v3,NODE_PROTOTYPE,2,KX134_SENSOR_2,sensor_node_2,D4:E9:F4:C3:37:14,186161,1862090913,0,0,NA,0,4102,-34,102,1.001465,-0.008301,0.024902,100,100,8,UNCALIBRATED_SENSOR_2,false,CALIBRATION_MISSING,CALIBRATION_MISSING,kx134_single_node_i2c.0.1.0,kx134.v3
kx134.v3,NODE_PROTOTYPE,2,KX134_SENSOR_2,sensor_node_2,D4:E9:F4:C3:37:14,186162,1862100913,0,0,NA,0,4110,-10,108,1.003418,-0.002441,0.026367,100,100,8,UNCALIBRATED_SENSOR_2,false,CALIBRATION_MISSING,CALIBRATION_MISSING,kx134_single_node_i2c.0.1.0,kx134.v3
kx134.v3,NODE_PROTOTYPE,2,KX134_SENSOR_2,sensor_node_2,D4:E9:F4:C3:37:14,186163,1862110914,0,0,NA,0,4131,-20,159,1.008545,-0.004883,0.038818,100,100,8,UNCALIBRATED_SENSOR_2,false,CALIBRATION_MISSING,CALIBRATION_MISSING,kx134_single_node_i2c.0.1.0,kx134.v3
kx134.v3,NODE_PROTOTYPE,2,KX134_SENSOR_2,sensor_node_2,D4:E9:F4:C3:37:14,186164,1862120914,0,0,NA,0,4123,-96,223,1.006592,-0.023437,0.054443,100,100,8,UNCALIBRATED_SENSOR_2,false,CALIBRATION_MISSING,CALIBRATION_MISSING,kx134_single_node_i2c.0.1.0,kx134.v3
kx134.v3,NODE_PROTOTYPE,2,KX134_SENSOR_2,sensor_node_2,D4:E9:F4:C3:37:14,186165,1862130913,0,0,NA,0,4091,-147,207,0.998779,-0.035889,0.050537,100,100,8,UNCALIBRATED_SENSOR_2,false,CALIBRATION_MISSING,CALIBRATION_MISSING,kx134_single_node_i2c.0.1.0,kx134.v3
kx134.v3,NODE_PROTOTYPE,2,KX134_SENSOR_2,sensor_node_2,D4:E9:F4:C3:37:14,186166,1862140913,0,0,NA,0,4111,-25,83,1.003662,-0.006104,0.020264,100,100,8,UNCALIBRATED_SENSOR_2,false,CALIBRATION_MISSING,CALIBRATION_MISSING,kx134_single_node_i2c.0.1.0,kx134.v3
kx134.v3,NODE_PROTOTYPE,2,KX134_SENSOR_2,sensor_node_2,D4:E9:F4:C3:37:14,186167,1862150913,0,0,NA,0,4101,152,-103,1.001221,0.037109,-0.025146,100,100,8,UNCALIBRATED_SENSOR_2,false,CALIBRATION_MISSING,CALIBRATION_MISSING,kx134_single_node_i2c.0.1.0,kx134.v3
kx134.v3,NODE_PROTOTYPE,2,KX134_SENSOR_2,sensor_node_2,D4:E9:F4:C3:37:14,186168,1862160913,0,0,NA,0,4101,152,-103,1.001221,0.037109,-0.025146,100,100,8,UNCALIBRATED_SENSOR_2,false,CALIBRATION_MISSING,CALIBRATION_MISSING,kx134_single_node_i2c.0.1.0,kx134.v3
kx134.v3,NODE_PROTOTYPE,2,KX134_SENSOR_2,sensor_node_2,D4:E9:F4:C3:37:14,186169,1862170913,0,0,NA,0,4002,94,-117,0.977051,0.022949,-0.028564,100,100,8,UNCALIBRATED_SENSOR_2,false,CALIBRATION_MISSING,CALIBRATION_MISSING,kx134_single_node_i2c.0.1.0,kx134.v3
kx134.v3,NODE_PROTOTYPE,2,KX134_SENSOR_2,sensor_node_2,D4:E9:F4:C3:37:14,186170,1862180913,0,0,NA,0,4090,-90,110,0.998535,-0.021973,0.026855,100,100,8,UNCALIBRATED_SENSOR_2,false,CALIBRATION_MISSING,CALIBRATION_MISSING,kx134_single_node_i2c.0.1.0,kx134.v3
kx134.v3,NODE_PROTOTYPE,2,KX134_SENSOR_2,sensor_node_2,D4:E9:F4:C3:37:14,186171,1862190913,0,0,NA,0,4062,-157,232,0.991699,-0.038330,0.056641,100,100,8,UNCALIBRATED_SENSOR_2,false,CALIBRATION_MISSING,CALIBRATION_MISSING,kx134_single_node_i2c.0.1.0,kx134.v3
kx134.v3,NODE_PROTOTYPE,2,KX134_SENSOR_2,sensor_node_2,D4:E9:F4:C3:37:14,186172,1862200913,0,0,NA,0,3766,-186,169,0.919434,-0.045410,0.041260,100,100,8,UNCALIBRATED_SENSOR_2,false,CALIBRATION_MISSING,CALIBRATION_MISSING,kx134_single_node_i2c.0.1.0,kx134.v3
kx134.v3,NODE_PROTOTYPE,2,KX134_SENSOR_2,sensor_node_2,D4:E9:F4:C3:37:14,186173,1862210913,0,0,NA,0,3696,-39,91,0.902344,-0.009521,0.022217,100,100,8,UNCALIBRATED_SENSOR_2,false,CALIBRATION_MISSING,CALIBRATION_MISSING,kx134_single_node_i2c.0.1.0,kx134.v3
kx134.v3,NODE_PROTOTYPE,2,KX134_SENSOR_2,sensor_node_2,D4:E9:F4:C3:37:14,186174,1862220913,0,0,NA,0,3907,18,70,0.953857,0.004395,0.017090,100,100,8,UNCALIBRATED_SENSOR_2,false,CALIBRATION_MISSING,CALIBRATION_MISSING,kx134_single_node_i2c.0.1.0,kx134.v3
kx134.v3,NODE_PROTOTYPE,2,KX134_SENSOR_2,sensor_node_2,D4:E9:F4:C3:37:14,186175,1862230913,0,0,NA,0,4089,-101,157,0.998291,-0.024658,0.038330,100,100,8,UNCALIBRATED_SENSOR_2,false,CALIBRATION_MISSING,CALIBRATION_MISSING,kx134_single_node_i2c.0.1.0,kx134.v3
kx134.v3,NODE_PROTOTYPE,2,KX134_SENSOR_2,sensor_node_2,D4:E9:F4:C3:37:14,186176,1862240913,0,0,NA,0,4185,-13,221,1.021729,-0.003174,0.053955,100,100,8,UNCALIBRATED_SENSOR_2,false,CALIBRATION_MISSING,CALIBRATION_MISSING,kx134_single_node_i2c.0.1.0,kx134.v3
kx134.v3,NODE_PROTOTYPE,2,KX134_SENSOR_2,sensor_node_2,D4:E9:F4:C3:37:14,186177,1862250913,0,0,NA,0,4279,103,240,1.044678,0.025146,0.058594,100,100,8,UNCALIBRATED_SENSOR_2,false,CALIBRATION_MISSING,CALIBRATION_MISSING,kx134_single_node_i2c.0.1.0,kx134.v3
kx134.v3,NODE_PROTOTYPE,2,KX134_SENSOR_2,sensor_node_2,D4:E9:F4:C3:37:14,186178,1862260913,0,0,NA,0,4229,96,279,1.032471,0.023437,0.068115,100,100,8,UNCALIBRATED_SENSOR_2,false,CALIBRATION_MISSING,CALIBRATION_MISSING,kx134_single_node_i2c.0.1.0,kx134.v3
kx134.v3,NODE_PROTOTYPE,2,KX134_SENSOR_2,sensor_node_2,D4:E9:F4:C3:37:14,186179,1862270913,0,0,NA,0,4155,43,270,1.014404,0.010498,0.065918,100,100,8,UNCALIBRATED_SENSOR_2,false,CALIBRATION_MISSING,CALIBRATION_MISSING,kx134_single_node_i2c.0.1.0,kx134.v3
kx134.v3,NODE_PROTOTYPE,2,KX134_SENSOR_2,sensor_node_2,D4:E9:F4:C3:37:14,186180,1862280913,0,0,NA,0,4141,14,195,1.010986,0.003418,0.047607,100,100,8,UNCALIBRATED_SENSOR_2,false,CALIBRATION_MISSING,CALIBRATION_MISSING,kx134_single_node_i2c.0.1.0,kx134.v3
kx134.v3,NODE_PROTOTYPE,2,KX134_SENSOR_2,sensor_node_2,D4:E9:F4:C3:37:14,186181,1862290914,0,0,NA,0,4142,-31,176,1.011230,-0.007568,0.042969,100,100,8,UNCALIBRATED_SENSOR_2,false,CALIBRATION_MISSING,CALIBRATION_MISSING,kx134_single_node_i2c.0.1.0,kx134.v3
kx134.v3,NODE_PROTOTYPE,2,KX134_SENSOR_2,sensor_node_2,D4:E9:F4:C3:37:14,186182,1862300913,0,0,NA,0,4135,-74,169,1.009521,-0.018066,0.041260,100,100,8,UNCALIBRATED_SENSOR_2,false,CALIBRATION_MISSING,CALIBRATION_MISSING,kx134_single_node_i2c.0.1.0,kx134.v3
kx134.v3,NODE_PROTOTYPE,2,KX134_SENSOR_2,sensor_node_2,D4:E9:F4:C3:37:14,186183,1862310913,0,0,NA,0,4111,-62,126,1.003662,-0.015137,0.030762,100,100,8,UNCALIBRATED_SENSOR_2,false,CALIBRATION_MISSING,CALIBRATION_MISSING,kx134_single_node_i2c.0.1.0,kx134.v3
kx134.v3,NODE_PROTOTYPE,2,KX134_SENSOR_2,sensor_node_2,D4:E9:F4:C3:37:14,186184,1862320913,0,0,NA,0,4104,-66,111,1.001953,-0.016113,0.027100,100,100,8,UNCALIBRATED_SENSOR_2,false,CALIBRATION_MISSING,CALIBRATION_MISSING,kx134_single_node_i2c.0.1.0,kx134.v3
kx134.v3,NODE_PROTOTYPE,2,KX134_SENSOR_2,sensor_node_2,D4:E9:F4:C3:37:14,186185,1862330913,0,0,NA,0,4123,-56,133,1.006592,-0.013672,0.032471,100,100,8,UNCALIBRATED_SENSOR_2,false,CALIBRATION_MISSING,CALIBRATION_MISSING,kx134_single_node_i2c.0.1.0,kx134.v3
kx134.v3,NODE_PROTOTYPE,2,KX134_SENSOR_2,sensor_node_2,D4:E9:F4:C3:37:14,186186,1862340913,0,0,NA,0,4118,-40,145,1.005371,-0.009766,0.035400,100,100,8,UNCALIBRATED_SENSOR_2,false,CALIBRATION_MISSING,CALIBRATION_MISSING,kx134_single_node_i2c.0.1.0,kx134.v3
kx134.v3,NODE_PROTOTYPE,2,KX134_SENSOR_2,sensor_node_2,D4:E9:F4:C3:37:14,186187,1862350913,0,0,NA,0,4084,-42,124,0.997070,-0.010254,0.030273,100,100,8,UNCALIBRATED_SENSOR_2,false,CALIBRATION_MISSING,CALIBRATION_MISSING,kx134_single_node_i2c.0.1.0,kx134.v3
kx134.v3,NODE_PROTOTYPE,2,KX134_SENSOR_2,sensor_node_2,D4:E9:F4:C3:37:14,186188,1862360914,0,0,NA,0,4088,-49,106,0.998047,-0.011963,0.025879,100,100,8,UNCALIBRATED_SENSOR_2,false,CALIBRATION_MISSING,CALIBRATION_MISSING,kx134_single_node_i2c.0.1.0,kx134.v3
kx134.v3,NODE_PROTOTYPE,2,KX134_SENSOR_2,sensor_node_2,D4:E9:F4:C3:37:14,186189,1862370914,0,0,NA,0,4103,-55,96,1.001709,-0.013428,0.023437,100,100,8,UNCALIBRATED_SENSOR_2,false,CALIBRATION_MISSING,CALIBRATION_MISSING,kx134_single_node_i2c.0.1.0,kx134.v3
kx134.v3,NODE_PROTOTYPE,2,KX134_SENSOR_2,sensor_node_2,D4:E9:F4:C3:37:14,186190,1862380913,0,0,NA,0,4106,-51,111,1.002441,-0.012451,0.027100,100,100,8,UNCALIBRATED_SENSOR_2,false,CALIBRATION_MISSING,CALIBRATION_MISSING,kx134_single_node_i2c.0.1.0,kx134.v3
kx134.v3,NODE_PROTOTYPE,2,KX134_SENSOR_2,sensor_node_2,D4:E9:F4:C3:37:14,186191,1862390913,0,0,NA,0,4086,-36,97,0.997559,-0.008789,0.023682,100,100,8,UNCALIBRATED_SENSOR_2,false,CALIBRATION_MISSING,CALIBRATION_MISSING,kx134_single_node_i2c.0.1.0,kx134.v3
kx134.v3,NODE_PROTOTYPE,2,KX134_SENSOR_2,sensor_node_2,D4:E9:F4:C3:37:14,186192,1862400914,0,0,NA,0,4072,-34,101,0.994141,-0.008301,0.024658,100,100,8,UNCALIBRATED_SENSOR_2,false,CALIBRATION_MISSING,CALIBRATION_MISSING,kx134_single_node_i2c.0.1.0,kx134.v3
kx134.v3,NODE_PROTOTYPE,2,KX134_SENSOR_2,sensor_node_2,D4:E9:F4:C3:37:14,186193,1862410913,0,0,NA,0,4087,-48,122,0.997803,-0.011719,0.029785,100,100,8,UNCALIBRATED_SENSOR_2,false,CALIBRATION_MISSING,CALIBRATION_MISSING,kx134_single_node_i2c.0.1.0,kx134.v3
kx134.v3,NODE_PROTOTYPE,2,KX134_SENSOR_2,sensor_node_2,D4:E9:F4:C3:37:14,186194,1862420913,0,0,NA,0,4084,-87,117,0.997070,-0.021240,0.028564,100,100,8,UNCALIBRATED_SENSOR_2,false,CALIBRATION_MISSING,CALIBRATION_MISSING,kx134_single_node_i2c.0.1.0,kx134.v3
kx134.v3,NODE_PROTOTYPE,2,KX134_SENSOR_2,sensor_node_2,D4:E9:F4:C3:37:14,186195,1862430913,0,0,NA,0,4093,-115,121,0.999268,-0.028076,0.029541,100,100,8,UNCALIBRATED_SENSOR_2,false,CALIBRATION_MISSING,CALIBRATION_MISSING,kx134_single_node_i2c.0.1.0,kx134.v3
kx134.v3,NODE_PROTOTYPE,2,KX134_SENSOR_2,sensor_node_2,D4:E9:F4:C3:37:14,186196,1862440913,0,0,NA,0,4098,-98,103,1.000488,-0.023926,0.025146,100,100,8,UNCALIBRATED_SENSOR_2,false,CALIBRATION_MISSING,CALIBRATION_MISSING,kx134_single_node_i2c.0.1.0,kx134.v3
kx134.v3,NODE_PROTOTYPE,2,KX134_SENSOR_2,sensor_node_2,D4:E9:F4:C3:37:14,186197,1862450914,0,0,NA,0,4120,-66,138,1.005859,-0.016113,0.033691,100,100,8,UNCALIBRATED_SENSOR_2,false,CALIBRATION_MISSING,CALIBRATION_MISSING,kx134_single_node_i2c.0.1.0,kx134.v3
kx134.v3,NODE_PROTOTYPE,2,KX134_SENSOR_2,sensor_node_2,D4:E9:F4:C3:37:14,186198,1862460913,0,0,NA,0,4146,-30,159,1.012207,-0.007324,0.038818,100,100,8,UNCALIBRATED_SENSOR_2,false,CALIBRATION_MISSING,CALIBRATION_MISSING,kx134_single_node_i2c.0.1.0,kx134.v3
kx134.v3,NODE_PROTOTYPE,2,KX134_SENSOR_2,sensor_node_2,D4:E9:F4:C3:37:14,186199,1862470913,0,0,NA,0,4109,-18,163,1.003174,-0.004395,0.039795,100,100,8,UNCALIBRATED_SENSOR_2,false,CALIBRATION_MISSING,CALIBRATION_MISSING,kx134_single_node_i2c.0.1.0,kx134.v3
kx134.v3,NODE_PROTOTYPE,2,KX134_SENSOR_2,sensor_node_2,D4:E9:F4:C3:37:14,186200,1862480914,0,0,NA,0,4080,-36,154,0.996094,-0.008789,0.037598,100,100,8,UNCALIBRATED_SENSOR_2,false,CALIBRATION_MISSING,CALIBRATION_MISSING,kx134_single_node_i2c.0.1.0,kx134.v3
kx134.v3,NODE_PROTOTYPE,2,KX134_SENSOR_2,sensor_node_2,D4:E9:F4:C3:37:14,186201,1862490913,0,0,NA,0,4099,-24,134,1.000732,-0.005859,0.032715,100,100,8,UNCALIBRATED_SENSOR_2,false,CALIBRATION_MISSING,CALIBRATION_MISSING,kx134_single_node_i2c.0.1.0,kx134.v3
kx134.v3,NODE_PROTOTYPE,2,KX134_SENSOR_2,sensor_node_2,D4:E9:F4:C3:37:14,186202,1862500913,0,0,NA,0,4104,6,175,1.001953,0.001465,0.042725,100,100,8,UNCALIBRATED_SENSOR_2,false,CALIBRATION_MISSING,CALIBRATION_MISSING,kx134_single_node_i2c.0.1.0,kx134.v3
kx134.v3,NODE_PROTOTYPE,2,KX134_SENSOR_2,sensor_node_2,D4:E9:F4:C3:37:14,186203,1862510914,0,0,NA,0,4109,-35,200,1.003174,-0.008545,0.048828,100,100,8,UNCALIBRATED_SENSOR_2,false,CALIBRATION_MISSING,CALIBRATION_MISSING,kx134_single_node_i2c.0.1.0,kx134.v3
kx134.v3,NODE_PROTOTYPE,2,KX134_SENSOR_2,sensor_node_2,D4:E9:F4:C3:37:14,186204,1862520913,0,0,NA,0,4115,-52,165,1.004639,-0.012695,0.040283,100,100,8,UNCALIBRATED_SENSOR_2,false,CALIBRATION_MISSING,CALIBRATION_MISSING,kx134_single_node_i2c.0.1.0,kx134.v3
kx134.v3,NODE_PROTOTYPE,2,KX134_SENSOR_2,sensor_node_2,D4:E9:F4:C3:37:14,186205,1862530914,0,0,NA,0,4117,-46,125,1.005127,-0.011230,0.030518,100,100,8,UNCALIBRATED_SENSOR_2,false,CALIBRATION_MISSING,CALIBRATION_MISSING,kx134_single_node_i2c.0.1.0,kx134.v3
kx134.v3,NODE_PROTOTYPE,2,KX134_SENSOR_2,sensor_node_2,D4:E9:F4:C3:37:14,186206,1862540913,0,0,NA,0,4126,-52,125,1.007324,-0.012695,0.030518,100,100,8,UNCALIBRATED_SENSOR_2,false,CALIBRATION_MISSING,CALIBRATION_MISSING,kx134_single_node_i2c.0.1.0,kx134.v3
kx134.v3,NODE_PROTOTYPE,2,KX134_SENSOR_2,sensor_node_2,D4:E9:F4:C3:37:14,186207,1862550913,0,0,NA,0,4118,-26,121,1.005371,-0.006348,0.029541,100,100,8,UNCALIBRATED_SENSOR_2,false,CALIBRATION_MISSING,CALIBRATION_MISSING,kx134_single_node_i2c.0.1.0,kx134.v3
kx134.v3,NODE_PROTOTYPE,2,KX134_SENSOR_2,sensor_node_2,D4:E9:F4:C3:37:14,186208,1862560914,0,0,NA,0,4107,-29,130,1.002686,-0.007080,0.031738,100,100,8,UNCALIBRATED_SENSOR_2,false,CALIBRATION_MISSING,CALIBRATION_MISSING,kx134_single_node_i2c.0.1.0,kx134.v3
kx134.v3,NODE_PROTOTYPE,2,KX134_SENSOR_2,sensor_node_2,D4:E9:F4:C3:37:14,186209,1862570913,0,0,NA,0,4074,-17,128,0.994629,-0.004150,0.031250,100,100,8,UNCALIBRATED_SENSOR_2,false,CALIBRATION_MISSING,CALIBRATION_MISSING,kx134_single_node_i2c.0.1.0,kx134.v3
kx134.v3,NODE_PROTOTYPE,2,KX134_SENSOR_2,sensor_node_2,D4:E9:F4:C3:37:14,186210,1862580914,0,0,NA,0,4074,-27,136,0.994629,-0.006592,0.033203,100,100,8,UNCALIBRATED_SENSOR_2,false,CALIBRATION_MISSING,CALIBRATION_MISSING,kx134_single_node_i2c.0.1.0,kx134.v3
kx134.v3,NODE_PROTOTYPE,2,KX134_SENSOR_2,sensor_node_2,D4:E9:F4:C3:37:14,186211,1862590914,0,0,NA,0,4106,-80,163,1.002441,-0.019531,0.039795,100,100,8,UNCALIBRATED_SENSOR_2,false,CALIBRATION_MISSING,CALIBRATION_MISSING,kx134_single_node_i2c.0.1.0,kx134.v3
kx134.v3,NODE_PROTOTYPE,2,KX134_SENSOR_2,sensor_node_2,D4:E9:F4:C3:37:14,186212,1862600914,0,0,NA,0,4092,-91,133,0.999023,-0.022217,0.032471,100,100,8,UNCALIBRATED_SENSOR_2,false,CALIBRATION_MISSING,CALIBRATION_MISSING,kx134_single_node_i2c.0.1.0,kx134.v3
kx134.v3,NODE_PROTOTYPE,2,KX134_SENSOR_2,sensor_node_2,D4:E9:F4:C3:37:14,186213,1862610913,0,0,NA,0,4064,-82,107,0.992187,-0.020020,0.026123,100,100,8,UNCALIBRATED_SENSOR_2,false,CALIBRATION_MISSING,CALIBRATION_MISSING,kx134_single_node_i2c.0.1.0,kx134.v3
kx134.v3,NODE_PROTOTYPE,2,KX134_SENSOR_2,sensor_node_2,D4:E9:F4:C3:37:14,186214,1862620914,0,0,NA,0,4079,-83,119,0.995850,-0.020264,0.029053,100,100,8,UNCALIBRATED_SENSOR_2,false,CALIBRATION_MISSING,CALIBRATION_MISSING,kx134_single_node_i2c.0.1.0,kx134.v3
kx134.v3,NODE_PROTOTYPE,2,KX134_SENSOR_2,sensor_node_2,D4:E9:F4:C3:37:14,186215,1862630914,0,0,NA,0,4108,-71,128,1.002930,-0.017334,0.031250,100,100,8,UNCALIBRATED_SENSOR_2,false,CALIBRATION_MISSING,CALIBRATION_MISSING,kx134_single_node_i2c.0.1.0,kx134.v3
kx134.v3,NODE_PROTOTYPE,2,KX134_SENSOR_2,sensor_node_2,D4:E9:F4:C3:37:14,186216,1862640913,0,0,NA,0,4096,-44,115,1.000000,-0.010742,0.028076,100,100,8,UNCALIBRATED_SENSOR_2,false,CALIBRATION_MISSING,CALIBRATION_MISSING,kx134_single_node_i2c.0.1.0,kx134.v3
kx134.v3,NODE_PROTOTYPE,2,KX134_SENSOR_2,sensor_node_2,D4:E9:F4:C3:37:14,186217,1862650914,0,0,NA,0,4072,-26,89,0.994141,-0.006348,0.021729,100,100,8,UNCALIBRATED_SENSOR_2,false,CALIBRATION_MISSING,CALIBRATION_MISSING,kx134_single_node_i2c.0.1.0,kx134.v3
kx134.v3,NODE_PROTOTYPE,2,KX134_SENSOR_2,sensor_node_2,D4:E9:F4:C3:37:14,186218,1862660913,0,0,NA,0,4072,-13,103,0.994141,-0.003174,0.025146,100,100,8,UNCALIBRATED_SENSOR_2,false,CALIBRATION_MISSING,CALIBRATION_MISSING,kx134_single_node_i2c.0.1.0,kx134.v3
kx134.v3,NODE_PROTOTYPE,2,KX134_SENSOR_2,sensor_node_2,D4:E9:F4:C3:37:14,186219,1862670914,0,0,NA,0,4091,-15,130,0.998779,-0.003662,0.031738,100,100,8,UNCALIBRATED_SENSOR_2,false,CALIBRATION_MISSING,CALIBRATION_MISSING,kx134_single_node_i2c.0.1.0,kx134.v3
kx134.v3,NODE_PROTOTYPE,2,KX134_SENSOR_2,sensor_node_2,D4:E9:F4:C3:37:14,186220,1862680914,0,0,NA,0,4088,-18,129,0.998047,-0.004395,0.031494,100,100,8,UNCALIBRATED_SENSOR_2,false,CALIBRATION_MISSING,CALIBRATION_MISSING,kx134_single_node_i2c.0.1.0,kx134.v3
kx134.v3,NODE_PROTOTYPE,2,KX134_SENSOR_2,sensor_node_2,D4:E9:F4:C3:37:14,186221,1862690913,0,0,NA,0,4081,-8,149,0.996338,-0.001953,0.036377,100,100,8,UNCALIBRATED_SENSOR_2,false,CALIBRATION_MISSING,CALIBRATION_MISSING,kx134_single_node_i2c.0.1.0,kx134.v3
kx134.v3,NODE_PROTOTYPE,2,KX134_SENSOR_2,sensor_node_2,D4:E9:F4:C3:37:14,186222,1862700913,0,0,NA,0,4089,14,155,0.998291,0.003418,0.037842,100,100,8,UNCALIBRATED_SENSOR_2,false,CALIBRATION_MISSING,CALIBRATION_MISSING,kx134_single_node_i2c.0.1.0,kx134.v3
kx134.v3,NODE_PROTOTYPE,2,KX134_SENSOR_2,sensor_node_2,D4:E9:F4:C3:37:14,186223,1862710913,0,0,NA,0,4095,38,132,0.999756,0.009277,0.032227,100,100,8,UNCALIBRATED_SENSOR_2,false,CALIBRATION_MISSING,CALIBRATION_MISSING,kx134_single_node_i2c.0.1.0,kx134.v3
kx134.v3,NODE_PROTOTYPE,2,KX134_SENSOR_2,sensor_node_2,D4:E9:F4:C3:37:14,186224,1862720913,0,0,NA,0,4108,35,114,1.002930,0.008545,0.027832,100,100,8,UNCALIBRATED_SENSOR_2,false,CALIBRATION_MISSING,CALIBRATION_MISSING,kx134_single_node_i2c.0.1.0,kx134.v3
kx134.v3,NODE_PROTOTYPE,2,KX134_SENSOR_2,sensor_node_2,D4:E9:F4:C3:37:14,186225,1862730913,0,0,NA,0,4113,17,92,1.004150,0.004150,0.022461,100,100,8,UNCALIBRATED_SENSOR_2,false,CALIBRATION_MISSING,CALIBRATION_MISSING,kx134_single_node_i2c.0.1.0,kx134.v3
kx134.v3,NODE_PROTOTYPE,2,KX134_SENSOR_2,sensor_node_2,D4:E9:F4:C3:37:14,186226,1862740913,0,0,NA,0,4086,-3,97,0.997559,-0.000732,0.023682,100,100,8,UNCALIBRATED_SENSOR_2,false,CALIBRATION_MISSING,CALIBRATION_MISSING,kx134_single_node_i2c.0.1.0,kx134.v3
kx134.v3,NODE_PROTOTYPE,2,KX134_SENSOR_2,sensor_node_2,D4:E9:F4:C3:37:14,186227,1862750913,0,0,NA,0,4075,-23,129,0.994873,-0.005615,0.031494,100,100,8,UNCALIBRATED_SENSOR_2,false,CALIBRATION_MISSING,CALIBRATION_MISSING,kx134_single_node_i2c.0.1.0,kx134.v3
kx134.v3,NODE_PROTOTYPE,2,KX134_SENSOR_2,sensor_node_2,D4:E9:F4:C3:37:14,186228,1862760914,0,0,NA,0,4090,-52,133,0.998535,-0.012695,0.032471,100,100,8,UNCALIBRATED_SENSOR_2,false,CALIBRATION_MISSING,CALIBRATION_MISSING,kx134_single_node_i2c.0.1.0,kx134.v3
kx134.v3,NODE_PROTOTYPE,2,KX134_SENSOR_2,sensor_node_2,D4:E9:F4:C3:37:14,186229,1862770913,0,0,NA,0,4102,-49,133,1.001465,-0.011963,0.032471,100,100,8,UNCALIBRATED_SENSOR_2,false,CALIBRATION_MISSING,CALIBRATION_MISSING,kx134_single_node_i2c.0.1.0,kx134.v3
kx134.v3,NODE_PROTOTYPE,2,KX134_SENSOR_2,sensor_node_2,D4:E9:F4:C3:37:14,186230,1862780913,0,0,NA,0,4102,-16,144,1.001465,-0.003906,0.035156,100,100,8,UNCALIBRATED_SENSOR_2,false,CALIBRATION_MISSING,CALIBRATION_MISSING,kx134_single_node_i2c.0.1.0,kx134.v3
kx134.v3,NODE_PROTOTYPE,2,KX134_SENSOR_2,sensor_node_2,D4:E9:F4:C3:37:14,186231,1862790914,0,0,NA,0,4066,-5,127,0.992676,-0.001221,0.031006,100,100,8,UNCALIBRATED_SENSOR_2,false,CALIBRATION_MISSING,CALIBRATION_MISSING,kx134_single_node_i2c.0.1.0,kx134.v3
kx134.v3,NODE_PROTOTYPE,2,KX134_SENSOR_2,sensor_node_2,D4:E9:F4:C3:37:14,186232,1862800913,0,0,NA,0,4049,-16,137,0.988525,-0.003906,0.033447,100,100,8,UNCALIBRATED_SENSOR_2,false,CALIBRATION_MISSING,CALIBRATION_MISSING,kx134_single_node_i2c.0.1.0,kx134.v3
kx134.v3,NODE_PROTOTYPE,2,KX134_SENSOR_2,sensor_node_2,D4:E9:F4:C3:37:14,186233,1862810913,0,0,NA,0,4081,-34,187,0.996338,-0.008301,0.045654,100,100,8,UNCALIBRATED_SENSOR_2,false,CALIBRATION_MISSING,CALIBRATION_MISSING,kx134_single_node_i2c.0.1.0,kx134.v3
kx134.v3,NODE_PROTOTYPE,2,KX134_SENSOR_2,sensor_node_2,D4:E9:F4:C3:37:14,186234,1862820914,0,0,NA,0,4097,-52,174,1.000244,-0.012695,0.042480,100,100,8,UNCALIBRATED_SENSOR_2,false,CALIBRATION_MISSING,CALIBRATION_MISSING,kx134_single_node_i2c.0.1.0,kx134.v3
kx134.v3,NODE_PROTOTYPE,2,KX134_SENSOR_2,sensor_node_2,D4:E9:F4:C3:37:14,186235,1862830914,0,0,NA,0,4092,-83,150,0.999023,-0.020264,0.036621,100,100,8,UNCALIBRATED_SENSOR_2,false,CALIBRATION_MISSING,CALIBRATION_MISSING,kx134_single_node_i2c.0.1.0,kx134.v3
kx134.v3,NODE_PROTOTYPE,2,KX134_SENSOR_2,sensor_node_2,D4:E9:F4:C3:37:14,186236,1862840913,0,0,NA,0,4080,-103,146,0.996094,-0.025146,0.035645,100,100,8,UNCALIBRATED_SENSOR_2,false,CALIBRATION_MISSING,CALIBRATION_MISSING,kx134_single_node_i2c.0.1.0,kx134.v3
kx134.v3,NODE_PROTOTYPE,2,KX134_SENSOR_2,sensor_node_2,D4:E9:F4:C3:37:14,186237,1862850913,0,0,NA,0,4082,-95,137,0.996582,-0.023193,0.033447,100,100,8,UNCALIBRATED_SENSOR_2,false,CALIBRATION_MISSING,CALIBRATION_MISSING,kx134_single_node_i2c.0.1.0,kx134.v3
kx134.v3,NODE_PROTOTYPE,2,KX134_SENSOR_2,sensor_node_2,D4:E9:F4:C3:37:14,186238,1862860913,0,0,NA,0,4101,-72,145,1.001221,-0.017578,0.035400,100,100,8,UNCALIBRATED_SENSOR_2,false,CALIBRATION_MISSING,CALIBRATION_MISSING,kx134_single_node_i2c.0.1.0,kx134.v3
kx134.v3,NODE_PROTOTYPE,2,KX134_SENSOR_2,sensor_node_2,D4:E9:F4:C3:37:14,186239,1862870913,0,0,NA,0,4122,-72,133,1.006348,-0.017578,0.032471,100,100,8,UNCALIBRATED_SENSOR_2,false,CALIBRATION_MISSING,CALIBRATION_MISSING,kx134_single_node_i2c.0.1.0,kx134.v3
kx134.v3,NODE_PROTOTYPE,2,KX134_SENSOR_2,sensor_node_2,D4:E9:F4:C3:37:14,186240,1862880913,0,0,NA,0,4125,-66,109,1.007080,-0.016113,0.026611,100,100,8,UNCALIBRATED_SENSOR_2,false,CALIBRATION_MISSING,CALIBRATION_MISSING,kx134_single_node_i2c.0.1.0,kx134.v3
kx134.v3,NODE_PROTOTYPE,2,KX134_SENSOR_2,sensor_node_2,D4:E9:F4:C3:37:14,186241,1862890914,0,0,NA,0,4105,-78,114,1.002197,-0.019043,0.027832,100,100,8,UNCALIBRATED_SENSOR_2,false,CALIBRATION_MISSING,CALIBRATION_MISSING,kx134_single_node_i2c.0.1.0,kx134.v3
kx134.v3,NODE_PROTOTYPE,2,KX134_SENSOR_2,sensor_node_2,D4:E9:F4:C3:37:14,186242,1862900913,0,0,NA,0,4080,-89,113,0.996094,-0.021729,0.027588,100,100,8,UNCALIBRATED_SENSOR_2,false,CALIBRATION_MISSING,CALIBRATION_MISSING,kx134_single_node_i2c.0.1.0,kx134.v3
kx134.v3,NODE_PROTOTYPE,2,KX134_SENSOR_2,sensor_node_2,D4:E9:F4:C3:37:14,186243,1862910914,0,0,NA,0,4065,-53,101,0.992432,-0.012939,0.024658,100,100,8,UNCALIBRATED_SENSOR_2,false,CALIBRATION_MISSING,CALIBRATION_MISSING,kx134_single_node_i2c.0.1.0,kx134.v3
kx134.v3,NODE_PROTOTYPE,2,KX134_SENSOR_2,sensor_node_2,D4:E9:F4:C3:37:14,186244,1862920913,0,0,NA,0,4083,-62,130,0.996826,-0.015137,0.031738,100,100,8,UNCALIBRATED_SENSOR_2,false,CALIBRATION_MISSING,CALIBRATION_MISSING,kx134_single_node_i2c.0.1.0,kx134.v3
kx134.v3,NODE_PROTOTYPE,2,KX134_SENSOR_2,sensor_node_2,D4:E9:F4:C3:37:14,186245,1862930913,0,0,NA,0,4110,-76,155,1.003418,-0.018555,0.037842,100,100,8,UNCALIBRATED_SENSOR_2,false,CALIBRATION_MISSING,CALIBRATION_MISSING,kx134_single_node_i2c.0.1.0,kx134.v3
kx134.v3,NODE_PROTOTYPE,2,KX134_SENSOR_2,sensor_node_2,D4:E9:F4:C3:37:14,186246,1862940913,0,0,NA,0,4115,-62,172,1.004639,-0.015137,0.041992,100,100,8,UNCALIBRATED_SENSOR_2,false,CALIBRATION_MISSING,CALIBRATION_MISSING,kx134_single_node_i2c.0.1.0,kx134.v3
kx134.v3,NODE_PROTOTYPE,2,KX134_SENSOR_2,sensor_node_2,D4:E9:F4:C3:37:14,186247,1862950913,0,0,NA,0,4101,-48,178,1.001221,-0.011719,0.043457,100,100,8,UNCALIBRATED_SENSOR_2,false,CALIBRATION_MISSING,CALIBRATION_MISSING,kx134_single_node_i2c.0.1.0,kx134.v3
kx134.v3,NODE_PROTOTYPE,2,KX134_SENSOR_2,sensor_node_2,D4:E9:F4:C3:37:14,186248,1862960913,0,0,NA,0,4102,-39,182,1.001465,-0.009521,0.044434,100,100,8,UNCALIBRATED_SENSOR_2,false,CALIBRATION_MISSING,CALIBRATION_MISSING,kx134_single_node_i2c.0.1.0,kx134.v3
kx134.v3,NODE_PROTOTYPE,2,KX134_SENSOR_2,sensor_node_2,D4:E9:F4:C3:37:14,186249,1862970914,0,0,NA,0,4113,-30,176,1.004150,-0.007324,0.042969,100,100,8,UNCALIBRATED_SENSOR_2,false,CALIBRATION_MISSING,CALIBRATION_MISSING,kx134_single_node_i2c.0.1.0,kx134.v3
kx134.v3,NODE_PROTOTYPE,2,KX134_SENSOR_2,sensor_node_2,D4:E9:F4:C3:37:14,186250,1862980914,0,0,NA,0,4106,-44,133,1.002441,-0.010742,0.032471,100,100,8,UNCALIBRATED_SENSOR_2,false,CALIBRATION_MISSING,CALIBRATION_MISSING,kx134_single_node_i2c.0.1.0,kx134.v3
kx134.v3,NODE_PROTOTYPE,2,KX134_SENSOR_2,sensor_node_2,D4:E9:F4:C3:37:14,186251,1862990913,0,0,NA,0,4085,-63,114,0.997314,-0.015381,0.027832,100,100,8,UNCALIBRATED_SENSOR_2,false,CALIBRATION_MISSING,CALIBRATION_MISSING,kx134_single_node_i2c.0.1.0,kx134.v3
kx134.v3,NODE_PROTOTYPE,2,KX134_SENSOR_2,sensor_node_2,D4:E9:F4:C3:37:14,186252,1863000914,0,0,NA,0,4078,-54,122,0.995605,-0.013184,0.029785,100,100,8,UNCALIBRATED_SENSOR_2,false,CALIBRATION_MISSING,CALIBRATION_MISSING,kx134_single_node_i2c.0.1.0,kx134.v3
kx134.v3,NODE_PROTOTYPE,2,KX134_SENSOR_2,sensor_node_2,D4:E9:F4:C3:37:14,186253,1863010914,0,0,NA,0,4102,-50,111,1.001465,-0.012207,0.027100,100,100,8,UNCALIBRATED_SENSOR_2,false,CALIBRATION_MISSING,CALIBRATION_MISSING,kx134_single_node_i2c.0.1.0,kx134.v3
kx134.v3,NODE_PROTOTYPE,2,KX134_SENSOR_2,sensor_node_2,D4:E9:F4:C3:37:14,186254,1863020913,0,0,NA,0,4113,-44,77,1.004150,-0.010742,0.018799,100,100,8,UNCALIBRATED_SENSOR_2,false,CALIBRATION_MISSING,CALIBRATION_MISSING,kx134_single_node_i2c.0.1.0,kx134.v3
kx134.v3,NODE_PROTOTYPE,2,KX134_SENSOR_2,sensor_node_2,D4:E9:F4:C3:37:14,186255,1863030913,0,0,NA,0,4080,-59,62,0.996094,-0.014404,0.015137,100,100,8,UNCALIBRATED_SENSOR_2,false,CALIBRATION_MISSING,CALIBRATION_MISSING,kx134_single_node_i2c.0.1.0,kx134.v3
kx134.v3,NODE_PROTOTYPE,2,KX134_SENSOR_2,sensor_node_2,D4:E9:F4:C3:37:14,186256,1863040914,0,0,NA,0,4079,-61,92,0.995850,-0.014893,0.022461,100,100,8,UNCALIBRATED_SENSOR_2,false,CALIBRATION_MISSING,CALIBRATION_MISSING,kx134_single_node_i2c.0.1.0,kx134.v3
kx134.v3,NODE_PROTOTYPE,2,KX134_SENSOR_2,sensor_node_2,D4:E9:F4:C3:37:14,186257,1863050913,0,0,NA,0,4116,-29,132,1.004883,-0.007080,0.032227,100,100,8,UNCALIBRATED_SENSOR_2,false,CALIBRATION_MISSING,CALIBRATION_MISSING,kx134_single_node_i2c.0.1.0,kx134.v3
kx134.v3,NODE_PROTOTYPE,2,KX134_SENSOR_2,sensor_node_2,D4:E9:F4:C3:37:14,186258,1863060914,0,0,NA,0,4107,-32,156,1.002686,-0.007813,0.038086,100,100,8,UNCALIBRATED_SENSOR_2,false,CALIBRATION_MISSING,CALIBRATION_MISSING,kx134_single_node_i2c.0.1.0,kx134.v3
kx134.v3,NODE_PROTOTYPE,2,KX134_SENSOR_2,sensor_node_2,D4:E9:F4:C3:37:14,186259,1863070914,0,0,NA,0,4089,-46,169,0.998291,-0.011230,0.041260,100,100,8,UNCALIBRATED_SENSOR_2,false,CALIBRATION_MISSING,CALIBRATION_MISSING,kx134_single_node_i2c.0.1.0,kx134.v3
kx134.v3,NODE_PROTOTYPE,2,KX134_SENSOR_2,sensor_node_2,D4:E9:F4:C3:37:14,186260,1863080914,0,0,NA,0,4088,-31,157,0.998047,-0.007568,0.038330,100,100,8,UNCALIBRATED_SENSOR_2,false,CALIBRATION_MISSING,CALIBRATION_MISSING,kx134_single_node_i2c.0.1.0,kx134.v3
kx134.v3,NODE_PROTOTYPE,2,KX134_SENSOR_2,sensor_node_2,D4:E9:F4:C3:37:14,186261,1863090914,0,0,NA,0,4087,-12,109,0.997803,-0.002930,0.026611,100,100,8,UNCALIBRATED_SENSOR_2,false,CALIBRATION_MISSING,CALIBRATION_MISSING,kx134_single_node_i2c.0.1.0,kx134.v3
kx134.v3,NODE_PROTOTYPE,2,KX134_SENSOR_2,sensor_node_2,D4:E9:F4:C3:37:14,186262,1863100913,0,0,NA,0,4097,-20,68,1.000244,-0.004883,0.016602,100,100,8,UNCALIBRATED_SENSOR_2,false,CALIBRATION_MISSING,CALIBRATION_MISSING,kx134_single_node_i2c.0.1.0,kx134.v3
kx134.v3,NODE_PROTOTYPE,2,KX134_SENSOR_2,sensor_node_2,D4:E9:F4:C3:37:14,186263,1863110913,0,0,NA,0,4078,-20,77,0.995605,-0.004883,0.018799,100,100,8,UNCALIBRATED_SENSOR_2,false,CALIBRATION_MISSING,CALIBRATION_MISSING,kx134_single_node_i2c.0.1.0,kx134.v3
kx134.v3,NODE_PROTOTYPE,2,KX134_SENSOR_2,sensor_node_2,D4:E9:F4:C3:37:14,186264,1863120914,0,0,NA,0,4074,-16,126,0.994629,-0.003906,0.030762,100,100,8,UNCALIBRATED_SENSOR_2,false,CALIBRATION_MISSING,CALIBRATION_MISSING,kx134_single_node_i2c.0.1.0,kx134.v3
kx134.v3,NODE_PROTOTYPE,2,KX134_SENSOR_2,sensor_node_2,D4:E9:F4:C3:37:14,186265,1863130914,0,0,NA,0,4089,-22,125,0.998291,-0.005371,0.030518,100,100,8,UNCALIBRATED_SENSOR_2,false,CALIBRATION_MISSING,CALIBRATION_MISSING,kx134_single_node_i2c.0.1.0,kx134.v3
kx134.v3,NODE_PROTOTYPE,2,KX134_SENSOR_2,sensor_node_2,D4:E9:F4:C3:37:14,186266,1863140913,0,0,NA,0,4071,-27,104,0.993896,-0.006592,0.025391,100,100,8,UNCALIBRATED_SENSOR_2,false,CALIBRATION_MISSING,CALIBRATION_MISSING,kx134_single_node_i2c.0.1.0,kx134.v3
kx134.v3,NODE_PROTOTYPE,2,KX134_SENSOR_2,sensor_node_2,D4:E9:F4:C3:37:14,186267,1863150914,0,0,NA,0,4055,-49,124,0.989990,-0.011963,0.030273,100,100,8,UNCALIBRATED_SENSOR_2,false,CALIBRATION_MISSING,CALIBRATION_MISSING,kx134_single_node_i2c.0.1.0,kx134.v3
kx134.v3,NODE_PROTOTYPE,2,KX134_SENSOR_2,sensor_node_2,D4:E9:F4:C3:37:14,186268,1863160913,0,0,NA,0,4074,-54,146,0.994629,-0.013184,0.035645,100,100,8,UNCALIBRATED_SENSOR_2,false,CALIBRATION_MISSING,CALIBRATION_MISSING,kx134_single_node_i2c.0.1.0,kx134.v3
kx134.v3,NODE_PROTOTYPE,2,KX134_SENSOR_2,sensor_node_2,D4:E9:F4:C3:37:14,186269,1863170914,0,0,NA,0,4091,-42,140,0.998779,-0.010254,0.034180,100,100,8,UNCALIBRATED_SENSOR_2,false,CALIBRATION_MISSING,CALIBRATION_MISSING,kx134_single_node_i2c.0.1.0,kx134.v3
kx134.v3,NODE_PROTOTYPE,2,KX134_SENSOR_2,sensor_node_2,D4:E9:F4:C3:37:14,186270,1863180914,0,0,NA,0,4068,-55,122,0.993164,-0.013428,0.029785,100,100,8,UNCALIBRATED_SENSOR_2,false,CALIBRATION_MISSING,CALIBRATION_MISSING,kx134_single_node_i2c.0.1.0,kx134.v3
kx134.v3,NODE_PROTOTYPE,2,KX134_SENSOR_2,sensor_node_2,D4:E9:F4:C3:37:14,186271,1863190913,0,0,NA,0,4076,-49,119,0.995117,-0.011963,0.029053,100,100,8,UNCALIBRATED_SENSOR_2,false,CALIBRATION_MISSING,CALIBRATION_MISSING,kx134_single_node_i2c.0.1.0,kx134.v3
kx134.v3,NODE_PROTOTYPE,2,KX134_SENSOR_2,sensor_node_2,D4:E9:F4:C3:37:14,186272,1863200914,0,0,NA,0,4078,-34,97,0.995605,-0.008301,0.023682,100,100,8,UNCALIBRATED_SENSOR_2,false,CALIBRATION_MISSING,CALIBRATION_MISSING,kx134_single_node_i2c.0.1.0,kx134.v3
kx134.v3,NODE_PROTOTYPE,2,KX134_SENSOR_2,sensor_node_2,D4:E9:F4:C3:37:14,186273,1863210914,0,0,NA,0,4061,-57,113,0.991455,-0.013916,0.027588,100,100,8,UNCALIBRATED_SENSOR_2,false,CALIBRATION_MISSING,CALIBRATION_MISSING,kx134_single_node_i2c.0.1.0,kx134.v3
kx134.v3,NODE_PROTOTYPE,2,KX134_SENSOR_2,sensor_node_2,D4:E9:F4:C3:37:14,186274,1863220913,0,0,NA,0,4071,-69,136,0.993896,-0.016846,0.033203,100,100,8,UNCALIBRATED_SENSOR_2,false,CALIBRATION_MISSING,CALIBRATION_MISSING,kx134_single_node_i2c.0.1.0,kx134.v3
kx134.v3,NODE_PROTOTYPE,2,KX134_SENSOR_2,sensor_node_2,D4:E9:F4:C3:37:14,186275,1863230913,0,0,NA,0,4088,-63,112,0.998047,-0.015381,0.027344,100,100,8,UNCALIBRATED_SENSOR_2,false,CALIBRATION_MISSING,CALIBRATION_MISSING,kx134_single_node_i2c.0.1.0,kx134.v3
kx134.v3,NODE_PROTOTYPE,2,KX134_SENSOR_2,sensor_node_2,D4:E9:F4:C3:37:14,186276,1863240914,0,0,NA,0,4108,-54,85,1.002930,-0.013184,0.020752,100,100,8,UNCALIBRATED_SENSOR_2,false,CALIBRATION_MISSING,CALIBRATION_MISSING,kx134_single_node_i2c.0.1.0,kx134.v3
kx134.v3,NODE_PROTOTYPE,2,KX134_SENSOR_2,sensor_node_2,D4:E9:F4:C3:37:14,186277,1863250913,0,0,NA,0,4128,-43,92,1.007813,-0.010498,0.022461,100,100,8,UNCALIBRATED_SENSOR_2,false,CALIBRATION_MISSING,CALIBRATION_MISSING,kx134_single_node_i2c.0.1.0,kx134.v3
kx134.v3,NODE_PROTOTYPE,2,KX134_SENSOR_2,sensor_node_2,D4:E9:F4:C3:37:14,186278,1863260914,0,0,NA,0,4134,-51,120,1.009277,-0.012451,0.029297,100,100,8,UNCALIBRATED_SENSOR_2,false,CALIBRATION_MISSING,CALIBRATION_MISSING,kx134_single_node_i2c.0.1.0,kx134.v3
kx134.v3,NODE_PROTOTYPE,2,KX134_SENSOR_2,sensor_node_2,D4:E9:F4:C3:37:14,186279,1863270913,0,0,NA,0,4112,-73,117,1.003906,-0.017822,0.028564,100,100,8,UNCALIBRATED_SENSOR_2,false,CALIBRATION_MISSING,CALIBRATION_MISSING,kx134_single_node_i2c.0.1.0,kx134.v3
kx134.v3,NODE_PROTOTYPE,2,KX134_SENSOR_2,sensor_node_2,D4:E9:F4:C3:37:14,186280,1863280914,0,0,NA,0,4101,-87,125,1.001221,-0.021240,0.030518,100,100,8,UNCALIBRATED_SENSOR_2,false,CALIBRATION_MISSING,CALIBRATION_MISSING,kx134_single_node_i2c.0.1.0,kx134.v3
kx134.v3,NODE_PROTOTYPE,2,KX134_SENSOR_2,sensor_node_2,D4:E9:F4:C3:37:14,186281,1863290914,0,0,NA,0,4097,-82,135,1.000244,-0.020020,0.032959,100,100,8,UNCALIBRATED_SENSOR_2,false,CALIBRATION_MISSING,CALIBRATION_MISSING,kx134_single_node_i2c.0.1.0,kx134.v3
kx134.v3,NODE_PROTOTYPE,2,KX134_SENSOR_2,sensor_node_2,D4:E9:F4:C3:37:14,186282,1863300913,0,0,NA,0,4100,-45,142,1.000977,-0.010986,0.034668,100,100,8,UNCALIBRATED_SENSOR_2,false,CALIBRATION_MISSING,CALIBRATION_MISSING,kx134_single_node_i2c.0.1.0,kx134.v3
kx134.v3,NODE_PROTOTYPE,2,KX134_SENSOR_2,sensor_node_2,D4:E9:F4:C3:37:14,186283,1863310914,0,0,NA,0,4092,-38,141,0.999023,-0.009277,0.034424,100,100,8,UNCALIBRATED_SENSOR_2,false,CALIBRATION_MISSING,CALIBRATION_MISSING,kx134_single_node_i2c.0.1.0,kx134.v3
kx134.v3,NODE_PROTOTYPE,2,KX134_SENSOR_2,sensor_node_2,D4:E9:F4:C3:37:14,186284,1863320913,0,0,NA,0,4102,-53,133,1.001465,-0.012939,0.032471,100,100,8,UNCALIBRATED_SENSOR_2,false,CALIBRATION_MISSING,CALIBRATION_MISSING,kx134_single_node_i2c.0.1.0,kx134.v3
kx134.v3,NODE_PROTOTYPE,2,KX134_SENSOR_2,sensor_node_2,D4:E9:F4:C3:37:14,186285,1863330913,0,0,NA,0,4134,-48,166,1.009277,-0.011719,0.040527,100,100,8,UNCALIBRATED_SENSOR_2,false,CALIBRATION_MISSING,CALIBRATION_MISSING,kx134_single_node_i2c.0.1.0,kx134.v3
kx134.v3,NODE_PROTOTYPE,2,KX134_SENSOR_2,sensor_node_2,D4:E9:F4:C3:37:14,186286,1863340913,0,0,NA,0,4135,-35,163,1.009521,-0.008545,0.039795,100,100,8,UNCALIBRATED_SENSOR_2,false,CALIBRATION_MISSING,CALIBRATION_MISSING,kx134_single_node_i2c.0.1.0,kx134.v3
kx134.v3,NODE_PROTOTYPE,2,KX134_SENSOR_2,sensor_node_2,D4:E9:F4:C3:37:14,186287,1863350914,0,0,NA,0,4125,-29,124,1.007080,-0.007080,0.030273,100,100,8,UNCALIBRATED_SENSOR_2,false,CALIBRATION_MISSING,CALIBRATION_MISSING,kx134_single_node_i2c.0.1.0,kx134.v3
kx134.v3,NODE_PROTOTYPE,2,KX134_SENSOR_2,sensor_node_2,D4:E9:F4:C3:37:14,186288,1863360913,0,0,NA,0,4125,-49,134,1.007080,-0.011963,0.032715,100,100,8,UNCALIBRATED_SENSOR_2,false,CALIBRATION_MISSING,CALIBRATION_MISSING,kx134_single_node_i2c.0.1.0,kx134.v3
kx134.v3,NODE_PROTOTYPE,2,KX134_SENSOR_2,sensor_node_2,D4:E9:F4:C3:37:14,186289,1863370914,0,0,NA,0,4123,-60,177,1.006592,-0.014648,0.043213,100,100,8,UNCALIBRATED_SENSOR_2,false,CALIBRATION_MISSING,CALIBRATION_MISSING,kx134_single_node_i2c.0.1.0,kx134.v3
kx134.v3,NODE_PROTOTYPE,2,KX134_SENSOR_2,sensor_node_2,D4:E9:F4:C3:37:14,186290,1863380914,0,0,NA,0,4098,-69,184,1.000488,-0.016846,0.044922,100,100,8,UNCALIBRATED_SENSOR_2,false,CALIBRATION_MISSING,CALIBRATION_MISSING,kx134_single_node_i2c.0.1.0,kx134.v3
kx134.v3,NODE_PROTOTYPE,2,KX134_SENSOR_2,sensor_node_2,D4:E9:F4:C3:37:14,186291,1863390914,0,0,NA,0,4069,-84,149,0.993408,-0.020508,0.036377,100,100,8,UNCALIBRATED_SENSOR_2,false,CALIBRATION_MISSING,CALIBRATION_MISSING,kx134_single_node_i2c.0.1.0,kx134.v3
kx134.v3,NODE_PROTOTYPE,2,KX134_SENSOR_2,sensor_node_2,D4:E9:F4:C3:37:14,186292,1863400913,0,0,NA,0,4084,-69,140,0.997070,-0.016846,0.034180,100,100,8,UNCALIBRATED_SENSOR_2,false,CALIBRATION_MISSING,CALIBRATION_MISSING,kx134_single_node_i2c.0.1.0,kx134.v3
kx134.v3,NODE_PROTOTYPE,2,KX134_SENSOR_2,sensor_node_2,D4:E9:F4:C3:37:14,186293,1863410913,0,0,NA,0,4121,-48,158,1.006104,-0.011719,0.038574,100,100,8,UNCALIBRATED_SENSOR_2,false,CALIBRATION_MISSING,CALIBRATION_MISSING,kx134_single_node_i2c.0.1.0,kx134.v3
kx134.v3,NODE_PROTOTYPE,2,KX134_SENSOR_2,sensor_node_2,D4:E9:F4:C3:37:14,186294,1863420914,0,0,NA,0,4108,-30,135,1.002930,-0.007324,0.032959,100,100,8,UNCALIBRATED_SENSOR_2,false,CALIBRATION_MISSING,CALIBRATION_MISSING,kx134_single_node_i2c.0.1.0,kx134.v3
kx134.v3,NODE_PROTOTYPE,2,KX134_SENSOR_2,sensor_node_2,D4:E9:F4:C3:37:14,186295,1863430913,0,0,NA,0,4099,-12,120,1.000732,-0.002930,0.029297,100,100,8,UNCALIBRATED_SENSOR_2,false,CALIBRATION_MISSING,CALIBRATION_MISSING,kx134_single_node_i2c.0.1.0,kx134.v3
kx134.v3,NODE_PROTOTYPE,2,KX134_SENSOR_2,sensor_node_2,D4:E9:F4:C3:37:14,186296,1863440914,0,0,NA,0,4106,-24,114,1.002441,-0.005859,0.027832,100,100,8,UNCALIBRATED_SENSOR_2,false,CALIBRATION_MISSING,CALIBRATION_MISSING,kx134_single_node_i2c.0.1.0,kx134.v3
kx134.v3,NODE_PROTOTYPE,2,KX134_SENSOR_2,sensor_node_2,D4:E9:F4:C3:37:14,186297,1863450913,0,0,NA,0,4113,-42,122,1.004150,-0.010254,0.029785,100,100,8,UNCALIBRATED_SENSOR_2,false,CALIBRATION_MISSING,CALIBRATION_MISSING,kx134_single_node_i2c.0.1.0,kx134.v3
kx134.v3,NODE_PROTOTYPE,2,KX134_SENSOR_2,sensor_node_2,D4:E9:F4:C3:37:14,186298,1863460913,0,0,NA,0,4126,-32,169,1.007324,-0.007813,0.041260,100,100,8,UNCALIBRATED_SENSOR_2,false,CALIBRATION_MISSING,CALIBRATION_MISSING,kx134_single_node_i2c.0.1.0,kx134.v3
kx134.v3,NODE_PROTOTYPE,2,KX134_SENSOR_2,sensor_node_2,D4:E9:F4:C3:37:14,186299,1863470914,0,0,NA,0,4115,-14,173,1.004639,-0.003418,0.042236,100,100,8,UNCALIBRATED_SENSOR_2,false,CALIBRATION_MISSING,CALIBRATION_MISSING,kx134_single_node_i2c.0.1.0,kx134.v3
kx134.v3,NODE_PROTOTYPE,2,KX134_SENSOR_2,sensor_node_2,D4:E9:F4:C3:37:14,186300,1863480913,0,0,NA,0,4093,14,124,0.999268,0.003418,0.030273,100,100,8,UNCALIBRATED_SENSOR_2,false,CALIBRATION_MISSING,CALIBRATION_MISSING,kx134_single_node_i2c.0.1.0,kx134.v3
kx134.v3,NODE_PROTOTYPE,2,KX134_SENSOR_2,sensor_node_2,D4:E9:F4:C3:37:14,186301,1863490913,0,0,NA,0,4072,-9,109,0.994141,-0.002197,0.026611,100,100,8,UNCALIBRATED_SENSOR_2,false,CALIBRATION_MISSING,CALIBRATION_MISSING,kx134_single_node_i2c.0.1.0,kx134.v3
kx134.v3,NODE_PROTOTYPE,2,KX134_SENSOR_2,sensor_node_2,D4:E9:F4:C3:37:14,186302,1863500913,0,0,NA,0,4066,-65,125,0.992676,-0.015869,0.030518,100,100,8,UNCALIBRATED_SENSOR_2,false,CALIBRATION_MISSING,CALIBRATION_MISSING,kx134_single_node_i2c.0.1.0,kx134.v3
kx134.v3,NODE_PROTOTYPE,2,KX134_SENSOR_2,sensor_node_2,D4:E9:F4:C3:37:14,186303,1863510913,0,0,NA,0,4090,-73,128,0.998535,-0.017822,0.031250,100,100,8,UNCALIBRATED_SENSOR_2,false,CALIBRATION_MISSING,CALIBRATION_MISSING,kx134_single_node_i2c.0.1.0,kx134.v3
kx134.v3,NODE_PROTOTYPE,2,KX134_SENSOR_2,sensor_node_2,D4:E9:F4:C3:37:14,186304,1863520914,0,0,NA,0,4091,-65,145,0.998779,-0.015869,0.035400,100,100,8,UNCALIBRATED_SENSOR_2,false,CALIBRATION_MISSING,CALIBRATION_MISSING,kx134_single_node_i2c.0.1.0,kx134.v3
kx134.v3,NODE_PROTOTYPE,2,KX134_SENSOR_2,sensor_node_2,D4:E9:F4:C3:37:14,186305,1863530914,0,0,NA,0,4034,-90,132,0.984863,-0.021973,0.032227,100,100,8,UNCALIBRATED_SENSOR_2,false,CALIBRATION_MISSING,CALIBRATION_MISSING,kx134_single_node_i2c.0.1.0,kx134.v3
kx134.v3,NODE_PROTOTYPE,2,KX134_SENSOR_2,sensor_node_2,D4:E9:F4:C3:37:14,186306,1863540913,0,0,NA,0,3977,-94,120,0.970947,-0.022949,0.029297,100,100,8,UNCALIBRATED_SENSOR_2,false,CALIBRATION_MISSING,CALIBRATION_MISSING,kx134_single_node_i2c.0.1.0,kx134.v3
kx134.v3,NODE_PROTOTYPE,2,KX134_SENSOR_2,sensor_node_2,D4:E9:F4:C3:37:14,186307,1863550913,0,0,NA,0,4014,-76,162,0.979980,-0.018555,0.039551,100,100,8,UNCALIBRATED_SENSOR_2,false,CALIBRATION_MISSING,CALIBRATION_MISSING,kx134_single_node_i2c.0.1.0,kx134.v3
kx134.v3,NODE_PROTOTYPE,2,KX134_SENSOR_2,sensor_node_2,D4:E9:F4:C3:37:14,186308,1863560913,0,0,NA,0,4190,-115,242,1.022949,-0.028076,0.059082,100,100,8,UNCALIBRATED_SENSOR_2,false,CALIBRATION_MISSING,CALIBRATION_MISSING,kx134_single_node_i2c.0.1.0,kx134.v3
kx134.v3,NODE_PROTOTYPE,2,KX134_SENSOR_2,sensor_node_2,D4:E9:F4:C3:37:14,186309,1863570914,0,0,NA,0,4190,-115,242,1.022949,-0.028076,0.059082,100,100,8,UNCALIBRATED_SENSOR_2,false,CALIBRATION_MISSING,CALIBRATION_MISSING,kx134_single_node_i2c.0.1.0,kx134.v3
kx134.v3,NODE_PROTOTYPE,2,KX134_SENSOR_2,sensor_node_2,D4:E9:F4:C3:37:14,186310,1863580913,0,0,NA,0,4258,-77,233,1.039551,-0.018799,0.056885,100,100,8,UNCALIBRATED_SENSOR_2,false,CALIBRATION_MISSING,CALIBRATION_MISSING,kx134_single_node_i2c.0.1.0,kx134.v3
kx134.v3,NODE_PROTOTYPE,2,KX134_SENSOR_2,sensor_node_2,D4:E9:F4:C3:37:14,186311,1863590913,0,0,NA,0,4139,80,50,1.010498,0.019531,0.012207,100,100,8,UNCALIBRATED_SENSOR_2,false,CALIBRATION_MISSING,CALIBRATION_MISSING,kx134_single_node_i2c.0.1.0,kx134.v3
kx134.v3,NODE_PROTOTYPE,2,KX134_SENSOR_2,sensor_node_2,D4:E9:F4:C3:37:14,186312,1863600913,0,0,NA,0,4103,31,-110,1.001709,0.007568,-0.026855,100,100,8,UNCALIBRATED_SENSOR_2,false,CALIBRATION_MISSING,CALIBRATION_MISSING,kx134_single_node_i2c.0.1.0,kx134.v3
kx134.v3,NODE_PROTOTYPE,2,KX134_SENSOR_2,sensor_node_2,D4:E9:F4:C3:37:14,186313,1863610913,0,0,NA,0,4174,-168,10,1.019043,-0.041016,0.002441,100,100,8,UNCALIBRATED_SENSOR_2,false,CALIBRATION_MISSING,CALIBRATION_MISSING,kx134_single_node_i2c.0.1.0,kx134.v3
kx134.v3,NODE_PROTOTYPE,2,KX134_SENSOR_2,sensor_node_2,D4:E9:F4:C3:37:14,186314,1863620913,0,0,NA,0,4192,-308,144,1.023438,-0.075195,0.035156,100,100,8,UNCALIBRATED_SENSOR_2,false,CALIBRATION_MISSING,CALIBRATION_MISSING,kx134_single_node_i2c.0.1.0,kx134.v3
kx134.v3,NODE_PROTOTYPE,2,KX134_SENSOR_2,sensor_node_2,D4:E9:F4:C3:37:14,186315,1863630914,0,0,NA,0,4076,-203,168,0.995117,-0.049561,0.041016,100,100,8,UNCALIBRATED_SENSOR_2,false,CALIBRATION_MISSING,CALIBRATION_MISSING,kx134_single_node_i2c.0.1.0,kx134.v3
kx134.v3,NODE_PROTOTYPE,2,KX134_SENSOR_2,sensor_node_2,D4:E9:F4:C3:37:14,186316,1863640914,0,0,NA,0,4040,69,149,0.986328,0.016846,0.036377,100,100,8,UNCALIBRATED_SENSOR_2,false,CALIBRATION_MISSING,CALIBRATION_MISSING,kx134_single_node_i2c.0.1.0,kx134.v3
kx134.v3,NODE_PROTOTYPE,2,KX134_SENSOR_2,sensor_node_2,D4:E9:F4:C3:37:14,186317,1863650913,0,0,NA,0,4129,200,181,1.008057,0.048828,0.044189,100,100,8,UNCALIBRATED_SENSOR_2,false,CALIBRATION_MISSING,CALIBRATION_MISSING,kx134_single_node_i2c.0.1.0,kx134.v3
kx134.v3,NODE_PROTOTYPE,2,KX134_SENSOR_2,sensor_node_2,D4:E9:F4:C3:37:14,186318,1863660913,0,0,NA,0,4115,142,180,1.004639,0.034668,0.043945,100,100,8,UNCALIBRATED_SENSOR_2,false,CALIBRATION_MISSING,CALIBRATION_MISSING,kx134_single_node_i2c.0.1.0,kx134.v3
kx134.v3,NODE_PROTOTYPE,2,KX134_SENSOR_2,sensor_node_2,D4:E9:F4:C3:37:14,186319,1863670914,0,0,NA,0,4063,52,51,0.991943,0.012695,0.012451,100,100,8,UNCALIBRATED_SENSOR_2,false,CALIBRATION_MISSING,CALIBRATION_MISSING,kx134_single_node_i2c.0.1.0,kx134.v3
kx134.v3,NODE_PROTOTYPE,2,KX134_SENSOR_2,sensor_node_2,D4:E9:F4:C3:37:14,186320,1863680914,0,0,NA,0,4062,26,34,0.991699,0.006348,0.008301,100,100,8,UNCALIBRATED_SENSOR_2,false,CALIBRATION_MISSING,CALIBRATION_MISSING,kx134_single_node_i2c.0.1.0,kx134.v3
kx134.v3,NODE_PROTOTYPE,2,KX134_SENSOR_2,sensor_node_2,D4:E9:F4:C3:37:14,186321,1863690913,0,0,NA,0,4073,-27,53,0.994385,-0.006592,0.012939,100,100,8,UNCALIBRATED_SENSOR_2,false,CALIBRATION_MISSING,CALIBRATION_MISSING,kx134_single_node_i2c.0.1.0,kx134.v3
kx134.v3,NODE_PROTOTYPE,2,KX134_SENSOR_2,sensor_node_2,D4:E9:F4:C3:37:14,186322,1863700914,0,0,NA,0,4066,-56,63,0.992676,-0.013672,0.015381,100,100,8,UNCALIBRATED_SENSOR_2,false,CALIBRATION_MISSING,CALIBRATION_MISSING,kx134_single_node_i2c.0.1.0,kx134.v3
kx134.v3,NODE_PROTOTYPE,2,KX134_SENSOR_2,sensor_node_2,D4:E9:F4:C3:37:14,186323,1863710913,0,0,NA,0,4086,-51,76,0.997559,-0.012451,0.018555,100,100,8,UNCALIBRATED_SENSOR_2,false,CALIBRATION_MISSING,CALIBRATION_MISSING,kx134_single_node_i2c.0.1.0,kx134.v3
kx134.v3,NODE_PROTOTYPE,2,KX134_SENSOR_2,sensor_node_2,D4:E9:F4:C3:37:14,186324,1863720914,0,0,NA,0,4119,-33,81,1.005615,-0.008057,0.019775,100,100,8,UNCALIBRATED_SENSOR_2,false,CALIBRATION_MISSING,CALIBRATION_MISSING,kx134_single_node_i2c.0.1.0,kx134.v3
kx134.v3,NODE_PROTOTYPE,2,KX134_SENSOR_2,sensor_node_2,D4:E9:F4:C3:37:14,186325,1863730913,0,0,NA,0,4118,-21,98,1.005371,-0.005127,0.023926,100,100,8,UNCALIBRATED_SENSOR_2,false,CALIBRATION_MISSING,CALIBRATION_MISSING,kx134_single_node_i2c.0.1.0,kx134.v3
kx134.v3,NODE_PROTOTYPE,2,KX134_SENSOR_2,sensor_node_2,D4:E9:F4:C3:37:14,186326,1863740913,0,0,NA,0,4115,-28,127,1.004639,-0.006836,0.031006,100,100,8,UNCALIBRATED_SENSOR_2,false,CALIBRATION_MISSING,CALIBRATION_MISSING,kx134_single_node_i2c.0.1.0,kx134.v3
kx134.v3,NODE_PROTOTYPE,2,KX134_SENSOR_2,sensor_node_2,D4:E9:F4:C3:37:14,186327,1863750913,0,0,NA,0,4098,-36,122,1.000488,-0.008789,0.029785,100,100,8,UNCALIBRATED_SENSOR_2,false,CALIBRATION_MISSING,CALIBRATION_MISSING,kx134_single_node_i2c.0.1.0,kx134.v3
kx134.v3,NODE_PROTOTYPE,2,KX134_SENSOR_2,sensor_node_2,D4:E9:F4:C3:37:14,186328,1863760913,0,0,NA,0,4091,-29,92,0.998779,-0.007080,0.022461,100,100,8,UNCALIBRATED_SENSOR_2,false,CALIBRATION_MISSING,CALIBRATION_MISSING,kx134_single_node_i2c.0.1.0,kx134.v3
kx134.v3,NODE_PROTOTYPE,2,KX134_SENSOR_2,sensor_node_2,D4:E9:F4:C3:37:14,186329,1863770913,0,0,NA,0,4111,-40,88,1.003662,-0.009766,0.021484,100,100,8,UNCALIBRATED_SENSOR_2,false,CALIBRATION_MISSING,CALIBRATION_MISSING,kx134_single_node_i2c.0.1.0,kx134.v3
kx134.v3,NODE_PROTOTYPE,2,KX134_SENSOR_2,sensor_node_2,D4:E9:F4:C3:37:14,186330,1863780913,0,0,NA,0,4091,-37,132,0.998779,-0.009033,0.032227,100,100,8,UNCALIBRATED_SENSOR_2,false,CALIBRATION_MISSING,CALIBRATION_MISSING,kx134_single_node_i2c.0.1.0,kx134.v3
kx134.v3,NODE_PROTOTYPE,2,KX134_SENSOR_2,sensor_node_2,D4:E9:F4:C3:37:14,186331,1863790913,0,0,NA,0,4099,-44,171,1.000732,-0.010742,0.041748,100,100,8,UNCALIBRATED_SENSOR_2,false,CALIBRATION_MISSING,CALIBRATION_MISSING,kx134_single_node_i2c.0.1.0,kx134.v3
kx134.v3,NODE_PROTOTYPE,2,KX134_SENSOR_2,sensor_node_2,D4:E9:F4:C3:37:14,186332,1863800914,0,0,NA,0,4093,-72,162,0.999268,-0.017578,0.039551,100,100,8,UNCALIBRATED_SENSOR_2,false,CALIBRATION_MISSING,CALIBRATION_MISSING,kx134_single_node_i2c.0.1.0,kx134.v3
kx134.v3,NODE_PROTOTYPE,2,KX134_SENSOR_2,sensor_node_2,D4:E9:F4:C3:37:14,186333,1863810914,0,0,NA,0,4076,-49,117,0.995117,-0.011963,0.028564,100,100,8,UNCALIBRATED_SENSOR_2,false,CALIBRATION_MISSING,CALIBRATION_MISSING,kx134_single_node_i2c.0.1.0,kx134.v3
kx134.v3,NODE_PROTOTYPE,2,KX134_SENSOR_2,sensor_node_2,D4:E9:F4:C3:37:14,186334,1863820914,0,0,NA,0,4101,-36,103,1.001221,-0.008789,0.025146,100,100,8,UNCALIBRATED_SENSOR_2,false,CALIBRATION_MISSING,CALIBRATION_MISSING,kx134_single_node_i2c.0.1.0,kx134.v3
kx134.v3,NODE_PROTOTYPE,2,KX134_SENSOR_2,sensor_node_2,D4:E9:F4:C3:37:14,186335,1863830913,0,0,NA,0,4115,-59,117,1.004639,-0.014404,0.028564,100,100,8,UNCALIBRATED_SENSOR_2,false,CALIBRATION_MISSING,CALIBRATION_MISSING,kx134_single_node_i2c.0.1.0,kx134.v3
kx134.v3,NODE_PROTOTYPE,2,KX134_SENSOR_2,sensor_node_2,D4:E9:F4:C3:37:14,186336,1863840914,0,0,NA,0,4133,-72,128,1.009033,-0.017578,0.031250,100,100,8,UNCALIBRATED_SENSOR_2,false,CALIBRATION_MISSING,CALIBRATION_MISSING,kx134_single_node_i2c.0.1.0,kx134.v3
kx134.v3,NODE_PROTOTYPE,2,KX134_SENSOR_2,sensor_node_2,D4:E9:F4:C3:37:14,186337,1863850914,0,0,NA,0,4111,-69,123,1.003662,-0.016846,0.030029,100,100,8,UNCALIBRATED_SENSOR_2,false,CALIBRATION_MISSING,CALIBRATION_MISSING,kx134_single_node_i2c.0.1.0,kx134.v3
kx134.v3,NODE_PROTOTYPE,2,KX134_SENSOR_2,sensor_node_2,D4:E9:F4:C3:37:14,186338,1863860914,0,0,NA,0,4092,-67,116,0.999023,-0.016357,0.028320,100,100,8,UNCALIBRATED_SENSOR_2,false,CALIBRATION_MISSING,CALIBRATION_MISSING,kx134_single_node_i2c.0.1.0,kx134.v3
kx134.v3,NODE_PROTOTYPE,2,KX134_SENSOR_2,sensor_node_2,D4:E9:F4:C3:37:14,186339,1863870913,0,0,NA,0,4123,-76,158,1.006592,-0.018555,0.038574,100,100,8,UNCALIBRATED_SENSOR_2,false,CALIBRATION_MISSING,CALIBRATION_MISSING,kx134_single_node_i2c.0.1.0,kx134.v3
kx134.v3,NODE_PROTOTYPE,2,KX134_SENSOR_2,sensor_node_2,D4:E9:F4:C3:37:14,186340,1863880913,0,0,NA,0,4127,-56,138,1.007568,-0.013672,0.033691,100,100,8,UNCALIBRATED_SENSOR_2,false,CALIBRATION_MISSING,CALIBRATION_MISSING,kx134_single_node_i2c.0.1.0,kx134.v3
kx134.v3,NODE_PROTOTYPE,2,KX134_SENSOR_2,sensor_node_2,D4:E9:F4:C3:37:14,186341,1863890914,0,0,NA,0,4112,-31,96,1.003906,-0.007568,0.023437,100,100,8,UNCALIBRATED_SENSOR_2,false,CALIBRATION_MISSING,CALIBRATION_MISSING,kx134_single_node_i2c.0.1.0,kx134.v3
kx134.v3,NODE_PROTOTYPE,2,KX134_SENSOR_2,sensor_node_2,D4:E9:F4:C3:37:14,186342,1863900913,0,0,NA,0,4111,-2,104,1.003662,-0.000488,0.025391,100,100,8,UNCALIBRATED_SENSOR_2,false,CALIBRATION_MISSING,CALIBRATION_MISSING,kx134_single_node_i2c.0.1.0,kx134.v3
kx134.v3,NODE_PROTOTYPE,2,KX134_SENSOR_2,sensor_node_2,D4:E9:F4:C3:37:14,186343,1863910913,0,0,NA,0,4111,6,103,1.003662,0.001465,0.025146,100,100,8,UNCALIBRATED_SENSOR_2,false,CALIBRATION_MISSING,CALIBRATION_MISSING,kx134_single_node_i2c.0.1.0,kx134.v3
kx134.v3,NODE_PROTOTYPE,2,KX134_SENSOR_2,sensor_node_2,D4:E9:F4:C3:37:14,186344,1863920913,0,0,NA,0,4155,-29,113,1.014404,-0.007080,0.027588,100,100,8,UNCALIBRATED_SENSOR_2,false,CALIBRATION_MISSING,CALIBRATION_MISSING,kx134_single_node_i2c.0.1.0,kx134.v3
kx134.v3,NODE_PROTOTYPE,2,KX134_SENSOR_2,sensor_node_2,D4:E9:F4:C3:37:14,186345,1863930913,0,0,NA,0,4154,-64,105,1.014160,-0.015625,0.025635,100,100,8,UNCALIBRATED_SENSOR_2,false,CALIBRATION_MISSING,CALIBRATION_MISSING,kx134_single_node_i2c.0.1.0,kx134.v3
